# Made by Pabilo8 with Blockbench
# Exported with IIToolkit Plugin
mtllib radar.mtl


o base
v -0.8749999999999998 1.875000625 5.75
v 4 1 5.0625
v 3.9999993750000007 0.500000625 5.0625
v 4 1 3.0624999999999996
v 3.999999375 0.500000625 3.0624999999999996
v 2.0000000000000004 1 5.0625
v 2.0000000000000004 0.500000625 5.0625
v 2 1 3.0625
v 2 0.500000625 3.0625
v 4.440892098500626e-16 1 5.0625
v 4.440892098500626e-16 0.500000625 5.0625
v 0 1 3.0625000000000004
v 0 0.500000625 3.0625000000000004
v 3.999999999999999 1 1.0624999999999996
v 3.999999375 0.500000625 1.0624999999999996
v 1.9999999999999996 1 1.0625
v 1.9999999999999996 0.500000625 1.0625
v -4.440892098500626e-16 0.500000625 1.0625000000000004
v -4.440892098500626e-16 1 1.0625000000000004
v 4.999999375 0.5 2.999999999999999
v 5 6.249999999763389e-7 2.999999999999999
v 4.999999374999999 0.5 -8.881784197001252e-16
v 4.999999999999999 6.249999999763389e-7 -8.881784197001252e-16
v 2 0.500000625 3
v 2 0 3
v 1.9999999999999993 0.500000625 0
v 1.9999999999999993 0 0
v 2.0000000000000004 0.500000625 6
v 2.0000000000000004 0 6
v 4.999999375000001 0.5 5.999999999999999
v 5 6.249999999763389e-7 5.999999999999999
v -1.0000000000000002 0.500000625 3.0000000000000004
v -1.0000000000000002 0 3.0000000000000004
v -0.9999999999999998 0.500000625 6
v -0.9999999999999998 0 6
v -1.000000000000001 0.500000625 4.440892098500626e-16
v -1.000000000000001 0 4.440892098500626e-16
v 2.220446049250313e-16 1.250000625 4
v -1.0000000000000002 1.25 4.000000000000001
v 2.220446049250313e-16 0.500000625 4
v -1.0000000000000002 0.500000625 4.000000000000001
v 0 1.250000625 3.0000000000000004
v -1.0000000000000002 1.25 3.0000000000000004
v 0 0.500000625 3.0000000000000004
v 4.440892098500626e-16 1.250000625 5
v -0.9999999999999998 1.25 5.000000000000001
v 4.440892098500626e-16 0.500000625 5
v -0.9999999999999998 0.500000625 5.000000000000001
v 6.661338147750939e-16 1.250000625 6
v -0.9999999999999998 1.25 6
v 6.661338147750939e-16 0.500000625 6
v -0.8749999999999998 1.875000625 4.250000000000001
v -0.3749999999999998 1.875000625 4.25
v -0.8749999999999998 1.375 4.250000000000001
v -0.3749999999999998 1.375 4.25
v -0.8749999999999998 1.875000625 4.750000000000001
v -0.3749999999999998 1.875000625 4.75
v -0.8749999999999998 1.375 4.750000000000001
v -0.3749999999999998 1.375 4.75
v -0.8750000000000002 1.875000625 3.2500000000000004
v -0.3750000000000002 1.875000625 3.2500000000000004
v -0.8750000000000002 1.375 3.2500000000000004
v -0.3750000000000002 1.375 3.2500000000000004
v -0.8750000000000002 1.875000625 3.750000000000001
v -0.3750000000000002 1.875000625 3.7500000000000004
v -0.8750000000000002 1.375 3.750000000000001
v -0.3750000000000002 1.375 3.7500000000000004
v -1.0000000000000002 2.000000625 3.1250000000000004
v -0.8750000000000002 2 3.1250000000000004
v -1.0000000000000002 1.25 3.1250000000000004
v -0.875000625 1.250000625 3.1250000000000004
v -1.0000000000000002 2.000000625 3.875000000000001
v -0.8750000000000002 2 3.875000000000001
v -1.0000000000000002 1.25 3.875000000000001
v -0.875000625 1.250000625 3.875000000000001
v -0.9999999999999998 2.000000625 4.125000000000001
v -0.8749999999999998 2 4.125000000000001
v -0.9999999999999998 1.25 4.125000000000001
v -0.8750006249999995 1.250000625 4.125000000000001
v -0.9999999999999998 2.000000625 4.875000000000001
v -0.8749999999999998 2 4.875000000000001
v -0.9999999999999998 1.25 4.875000000000001
v -0.8750006249999995 1.250000625 4.875000000000001
v -0.9999999999999998 2.000000625 5.125
v -0.8749999999999998 2 5.125
v -0.9999999999999998 1.25 5.125
v -0.8750006249999995 1.250000625 5.125
v -0.9999999999999998 2.000000625 5.875
v -0.8749999999999998 2 5.875
v -0.9999999999999998 1.25 5.875
v -0.8750006249999995 1.250000625 5.875
v -0.8749999999999998 1.875000625 5.25
v -0.3749999999999998 1.875000625 5.25
v -0.8749999999999998 1.375 5.25
v -0.3749999999999998 1.375 5.25
v -0.3749999999999998 1.875000625 5.75
v -0.8749999999999998 1.375 5.75
v -0.3749999999999998 1.375 5.75
v 0.9571218750000001 1.3133706250000001 4.403104375
v 0.6792750000000003 1.5007812500000002 4.68432375
v 0.7655468750000003 0.748634375 4.5901775
v 0.48769937500000027 0.936044375 4.8713975000000005
v 0.646923125 1.31640625 4.094602500000001
v 0.36907562500000024 1.5038162499999999 4.375821875000001
v 0.45534750000000024 0.7516693750000001 4.281675625
v 0.17750000000000044 0.939079375 4.562895
v 3.3536 1.311629375 4.099969375
v 3.633974375 1.496524375 4.380344375
v 3.5403725 0.745186875 4.286741875
v 3.8207475000000004 0.9300825 4.567116875
v 3.044240625 1.311629375 4.40932875
v 3.3246156250000003 1.496524375 4.689703124999999
v 3.2310137500000007 0.745186875 4.59610125
v 3.5113881250000003 0.9300825 4.87647625
v 3.0426824999999997 1.3133706250000001 1.7118681249999996
v 3.3205299999999998 1.5007812500000002 1.4306487499999998
v 3.2342587499999995 0.748634375 1.5247949999999997
v 3.5121062499999995 0.936045 1.2435749999999994
v 3.3528824999999998 1.316405625 2.0203699999999998
v 3.6307293749999996 1.5038162499999999 1.7391506249999995
v 3.5444574999999996 0.7516693750000001 1.8332968749999996
v 3.8223049999999996 0.93908 1.5520774999999996
v 0.6462056249999997 1.311629375 2.0150031250000002
v 0.36583062499999963 1.496525 1.7346281250000004
v 0.4594324999999997 0.745186875 1.8282306250000004
v 0.17905749999999943 0.9300825 1.5478556250000004
v 0.9555643749999998 1.311629375 1.7056437500000001
v 0.6751899999999995 1.496525 1.425269375
v 0.7687912499999994 0.745186875 1.5188712500000001
v 0.48841687499999953 0.9300825 1.2384962500000003
vt 0.6875 0.5
vt 0.75 0.5
vt 0.75 0.25
vt 0.6875 0.25
vt 0.6875 0.5625
vt 0.9375 0.5625
vt 0.9375 0.5
vt 0.6875 0.5
vt 0.75 0.5
vt 1 0.5
vt 1 0.25
vt 0.75 0.25
vt 1 0.5
vt 1 0.25
vt 0.75 0.25
vt 0.75 0.5
vt 0.6875 0.5
vt 0.75 0.5
vt 0.75 0.25
vt 0.6875 0.25
vt 0.6875 0.5625
vt 0.9375 0.5625
vt 0.9375 0.5
vt 0.6875 0.5
vt 0.6875 0.5625
vt 0.9375 0.5625
vt 0.9375 0.5
vt 0.6875 0.5
vt 0.75 0.5
vt 1 0.5
vt 1 0.25
vt 0.75 0.25
vt 1 0.5
vt 1 0.25
vt 0.75 0.25
vt 0.75 0.5
vt 0.6875 0.5
vt 0.75 0.5
vt 0.75 0.25
vt 0.6875 0.25
vt 0.6875 0.5
vt 0.75 0.5
vt 0.75 0.25
vt 0.6875 0.25
vt 0.6875 0.5625
vt 0.9375 0.5625
vt 0.9375 0.5
vt 0.6875 0.5
vt 0.75 0.5
vt 1 0.5
vt 1 0.25
vt 0.75 0.25
vt 1 0.5
vt 1 0.25
vt 0.75 0.25
vt 0.75 0.5
vt 0.6875 0.5
vt 0.75 0.5
vt 0.75 0.25
vt 0.6875 0.25
vt 0.6875 0.5
vt 0.75 0.5
vt 0.75 0.25
vt 0.6875 0.25
vt 0.6875 0.5625
vt 0.9375 0.5625
vt 0.9375 0.5
vt 0.6875 0.5
vt 0.6875 0.5625
vt 0.9375 0.5625
vt 0.9375 0.5
vt 0.6875 0.5
vt 0.75 0.5
vt 1 0.5
vt 1 0.25
vt 0.75 0.25
vt 1 0.5
vt 1 0.25
vt 0.75 0.25
vt 0.75 0.5
vt 0.5625 0.9375
vt 0.625 0.9375
vt 0.625 0.5625
vt 0.5625 0.5625
vt 0.625 1
vt 1 1
vt 1 0.9375
vt 0.625 0.9375
vt 1 0.5625
vt 1 0.9375
vt 0.625 0.9375
vt 0.625 0.5625
vt 1 0.9453125
vt 1 0.5703125
vt 0.625 0.5703125
vt 0.625 0.9453125
vt 0.5625 0.9375
vt 0.625 0.9375
vt 0.625 0.5625
vt 0.5625 0.5625
vt 0.625 1
vt 1 1
vt 1 0.9375
vt 0.625 0.9375
vt 1 0.5625
vt 0.625 0.5625
vt 0.625 0.9375
vt 1 0.9375
vt 1 0.9453125
vt 1 0.5703125
vt 0.625 0.5703125
vt 0.625 0.9453125
vt 0.5625 0.9375
vt 0.625 0.9375
vt 0.625 0.5625
vt 0.5625 0.5625
vt 0.625 1
vt 1 1
vt 1 0.9375
vt 0.625 0.9375
vt 1 0.5625
vt 1 0.9375
vt 0.625 0.9375
vt 0.625 0.5625
vt 1 0.9453125
vt 1 0.5703125
vt 0.625 0.5703125
vt 0.625 0.9453125
vt 0.5625 0.9375
vt 0.625 0.9375
vt 0.625 0.5625
vt 0.5625 0.5625
vt 0.625 1
vt 1 1
vt 1 0.9375
vt 0.625 0.9375
vt 1 0.5625
vt 0.625 0.5625
vt 0.625 0.9375
vt 1 0.9375
vt 1 0.9453125
vt 1 0.5703125
vt 0.625 0.5703125
vt 0.625 0.9453125
vt 0.1328125 0.09375
vt 0.25 0.09375
vt 0.25 0
vt 0.1328125 0
vt 0.3671875 0.1796875
vt 0.484375 0.1796875
vt 0.484375 0.0546875
vt 0.3671875 0.0546875
vt 0.125 0.09375
vt 0.2421875 0.09375
vt 0.2421875 0
vt 0.125 0
vt 0.015625 0.09375
vt 0.1328125 0.09375
vt 0.1328125 0
vt 0.015625 0
vt 0.3671875 0.1796875
vt 0.484375 0.1796875
vt 0.484375 0.0546875
vt 0.3671875 0.0546875
vt 0.125 0.09375
vt 0.2421875 0.09375
vt 0.2421875 0
vt 0.125 0
vt 0 0.09375
vt 0.1171875 0.09375
vt 0.1171875 0
vt 0 0
vt 0.1328125 0.09375
vt 0.25 0.09375
vt 0.25 0
vt 0.1328125 0
vt 0.3671875 0.1796875
vt 0.484375 0.1796875
vt 0.484375 0.0546875
vt 0.3671875 0.0546875
vt 0.125 0.09375
vt 0.2421875 0.09375
vt 0.2421875 0
vt 0.125 0
vt 0.359375 0.1796875
vt 0.4765625 0.1796875
vt 0.4765625 0.0859375
vt 0.359375 0.0859375
vt 0.5546875 0.0625
vt 0.5546875 0
vt 0.4921875 0
vt 0.4921875 0.0625
vt 0.4921875 0
vt 0.4921875 0.0625
vt 0.5546875 0.0625
vt 0.5546875 0
vt 0.5546875 0
vt 0.4921875 0
vt 0.4921875 0.0625
vt 0.5546875 0.0625
vt 0.4921875 0.0625
vt 0.5546875 0.0625
vt 0.5546875 0
vt 0.4921875 0
vt 0.4921875 0.125
vt 0.5546875 0.125
vt 0.5546875 0.0625
vt 0.4921875 0.0625
vt 0.5546875 0.0625
vt 0.5546875 0
vt 0.4921875 0
vt 0.4921875 0.0625
vt 0.4921875 0
vt 0.4921875 0.0625
vt 0.5546875 0.0625
vt 0.5546875 0
vt 0.5546875 0
vt 0.4921875 0
vt 0.4921875 0.0625
vt 0.5546875 0.0625
vt 0.4921875 0.0625
vt 0.5546875 0.0625
vt 0.5546875 0
vt 0.4921875 0
vt 0.4921875 0.125
vt 0.5546875 0.125
vt 0.5546875 0.0625
vt 0.4921875 0.0625
vt 0.2734375 0.5625
vt 0.2890625 0.5625
vt 0.2890625 0.46875
vt 0.2734375 0.46875
vt 0.265625 0.5625
vt 0.28125 0.5625
vt 0.28125 0.46875
vt 0.265625 0.46875
vt 0.171875 0.1640625
vt 0.265625 0.1640625
vt 0.265625 0.1484375
vt 0.171875 0.1484375
vt 0.1875 0.5703125
vt 0.28125 0.5703125
vt 0.28125 0.4765625
vt 0.1875 0.4765625
vt 0.28125 0.5703125
vt 0.375 0.5703125
vt 0.375 0.4765625
vt 0.28125 0.4765625
vt 0.2734375 0.5625
vt 0.2890625 0.5625
vt 0.2890625 0.46875
vt 0.2734375 0.46875
vt 0.265625 0.5625
vt 0.28125 0.5625
vt 0.28125 0.46875
vt 0.265625 0.46875
vt 0.171875 0.1640625
vt 0.265625 0.1640625
vt 0.265625 0.1484375
vt 0.171875 0.1484375
vt 0.09375 0.5703125
vt 0.1875 0.5703125
vt 0.1875 0.4765625
vt 0.09375 0.4765625
vt 0.28125 0.5703125
vt 0.375 0.5703125
vt 0.375 0.4765625
vt 0.28125 0.4765625
vt 0.2734375 0.5625
vt 0.2890625 0.5625
vt 0.2890625 0.46875
vt 0.2734375 0.46875
vt 0.265625 0.5625
vt 0.28125 0.5625
vt 0.28125 0.46875
vt 0.265625 0.46875
vt 0.171875 0.1640625
vt 0.265625 0.1640625
vt 0.265625 0.1484375
vt 0.171875 0.1484375
vt 0 0.5703125
vt 0.09375 0.5703125
vt 0.09375 0.4765625
vt 0 0.4765625
vt 0.28125 0.5703125
vt 0.375 0.5703125
vt 0.375 0.4765625
vt 0.28125 0.4765625
vt 0.5546875 0.0625
vt 0.5546875 0
vt 0.4921875 0
vt 0.4921875 0.0625
vt 0.4921875 0
vt 0.4921875 0.0625
vt 0.5546875 0.0625
vt 0.5546875 0
vt 0.5546875 0
vt 0.4921875 0
vt 0.4921875 0.0625
vt 0.5546875 0.0625
vt 0.4921875 0.0625
vt 0.5546875 0.0625
vt 0.5546875 0
vt 0.4921875 0
vt 0.4921875 0.125
vt 0.5546875 0.125
vt 0.5546875 0.0625
vt 0.4921875 0.0625
vt 0.25 0.078125
vt 0.3046875 0.078125
vt 0.3046875 0
vt 0.25 0
vt 0.25 0.078125
vt 0.3046875 0.078125
vt 0.3046875 0
vt 0.25 0
vt 0.3046875 0.1328125
vt 0.359375 0.1328125
vt 0.359375 0.078125
vt 0.3046875 0.078125
vt 0.25 0.078125
vt 0.3046875 0.078125
vt 0.3046875 0
vt 0.25 0
vt 0.25 0.078125
vt 0.3046875 0.078125
vt 0.3046875 0
vt 0.25 0
vt 0.25 0.078125
vt 0.3046875 0.078125
vt 0.3046875 0
vt 0.25 0
vt 0.25 0.078125
vt 0.3046875 0.078125
vt 0.3046875 0
vt 0.25 0
vt 0.3046875 0.1328125
vt 0.359375 0.1328125
vt 0.359375 0.078125
vt 0.3046875 0.078125
vt 0.25 0.078125
vt 0.3046875 0.078125
vt 0.3046875 0
vt 0.25 0
vt 0.25 0.078125
vt 0.3046875 0.078125
vt 0.3046875 0
vt 0.25 0
vt 0.25 0.078125
vt 0.3046875 0.078125
vt 0.3046875 0
vt 0.25 0
vt 0.25 0.078125
vt 0.3046875 0.078125
vt 0.3046875 0
vt 0.25 0
vt 0.3046875 0.1328125
vt 0.359375 0.1328125
vt 0.359375 0.078125
vt 0.3046875 0.078125
vt 0.25 0.078125
vt 0.3046875 0.078125
vt 0.3046875 0
vt 0.25 0
vt 0.25 0.078125
vt 0.3046875 0.078125
vt 0.3046875 0
vt 0.25 0
vt 0.25 0.078125
vt 0.3046875 0.078125
vt 0.3046875 0
vt 0.25 0
vt 0.25 0.078125
vt 0.3046875 0.078125
vt 0.3046875 0
vt 0.25 0
vt 0.3046875 0.1328125
vt 0.359375 0.1328125
vt 0.359375 0.078125
vt 0.3046875 0.078125
vt 0.25 0.078125
vt 0.3046875 0.078125
vt 0.3046875 0
vt 0.25 0
vt 0.25 0.078125
vt 0.3046875 0.078125
vt 0.3046875 0
vt 0.25 0
vn 0.9999999999992187 -0.0000012500015620095647 -2.2204460492485783e-16
vn 2.220446049250313e-16 0 1
vn 0 1 0
vn 0 -1 0
vn 2.220446049250313e-16 0 1
vn -1 0 2.220446049250313e-16
vn 1 0 -2.220446049250313e-16
vn 0 1 0
vn 0 -1 0
vn -2.220446049250313e-16 0 -1
vn 2.220446049250313e-16 0 1
vn 0.9999999999992187 -0.0000012500015620095647 -2.2204460492485783e-16
vn 0 1 0
vn 0 -1 0
vn -2.220446049250313e-16 0 -1
vn 2.220446049250313e-16 0 1
vn -1 0 2.220446049250313e-16
vn 1 0 -2.220446049250313e-16
vn 0 -1 0
vn 0 1 0
vn 0.9999999999992188 0.0000012500015620095647 -2.2204460492485786e-16
vn -2.220446049250313e-16 0 -1
vn 2.0833337674673234e-7 0.9999999999999785 -4.6259302332425887e-23
vn 2.0833333332544184e-7 -0.9999999999999785 -4.6259292690962593e-23
vn 2.220446049250313e-16 0 1
vn 0.9999999999992188 0.0000012500015620095647 -2.2204460492485786e-16
vn 2.0833337674673234e-7 0.9999999999999785 -4.6259302332425887e-23
vn 2.0833333332544184e-7 -0.9999999999999785 -4.6259292690962593e-23
vn -1 0 2.220446049250313e-16
vn 2.220446049250313e-16 0 1
vn 0 1 0
vn 0 -1 0
vn -2.220446049250313e-16 0 -1
vn -1 0 2.220446049250313e-16
vn 0 1 0
vn 0 -1 0
vn -2.220446049250313e-16 0 -1
vn -6.25000000031728e-7 0.9999999999998048 1.387778780851896e-22
vn 1 0 -2.220446049250313e-16
vn -1 0 2.220446049250313e-16
vn -6.25000000031728e-7 0.9999999999998048 1.387778780851896e-22
vn 1 0 -2.220446049250313e-16
vn -1 0 2.220446049250313e-16
vn 2.220446049250313e-16 0 1
vn -6.25000000031728e-7 0.9999999999998048 1.387778780851896e-22
vn 1 0 -2.220446049250313e-16
vn -1 0 2.220446049250313e-16
vn -2.220446049250313e-16 0 -1
vn 2.220446049250313e-16 0 1
vn 0 1 0
vn 0 -1 0
vn 1 0 -2.220446049250313e-16
vn -2.220446049250313e-16 0 -1
vn 2.220446049250313e-16 0 1
vn 0 1 0
vn 0 -1 0
vn 1 0 -2.220446049250313e-16
vn -2.220446049250313e-16 0 -1
vn 2.220446049250313e-16 0 1
vn 0.000004999999999748212 0.9999999999875001 -1.1102230245692484e-21
vn -1 0 2.220446049250313e-16
vn 0.9999999999996528 -8.333340274504592e-7 -2.2204460492495422e-16
vn -2.220446049250313e-16 0 -1
vn 2.220446049250313e-16 0 1
vn 0.000004999999999748212 0.9999999999875001 -1.1102230245692484e-21
vn -1 0 2.220446049250313e-16
vn 0.9999999999996528 -8.333340274504592e-7 -2.2204460492495422e-16
vn -2.220446049250313e-16 0 -1
vn 2.220446049250313e-16 0 1
vn 0.000004999999999748212 0.9999999999875001 -1.1102230245692484e-21
vn -1 0 2.220446049250313e-16
vn 0.9999999999996528 -8.333340274504592e-7 -2.2204460492495422e-16
vn -2.220446049250313e-16 0 -1
vn 2.220446049250313e-16 0 1
vn 0 1 0
vn 0 -1 0
vn 1 0 -2.220446049250313e-16
vn 0.7090269922010453 -0.006937310285754105 0.7051472172931963
vn -0.7090261390830307 0.006937517796456756 -0.7051480730625551
vn 0.3065211848722063 0.9035779957221989 -0.2993185073983783
vn 0.6350797306135076 -0.4283659060163255 -0.6427879792954184
vn -0.6350794578721239 0.4283660907496533 0.6427881256562764
vn 0.7071072172400045 0.0000010677667503652836 -0.7071063451320155
vn -0.707105922514526 -2.1394715663148973e-7 0.7071076398574939
vn -0.2988355710508979 0.9063082273428659 -0.29883557105089803
vn -0.6408565003905925 -0.422617902855813 -0.6408565003905923
vn 0.640856182585632 0.4226188666914219 0.6408561825856323
vn -0.7090261294737124 -0.006937523323741542 -0.7051480826703418
vn 0.7090269912638448 0.006937313048478243 0.7051472182083731
vn -0.30652090677912897 0.9035781832987982 0.29931822592976887
vn -0.6350784886359895 -0.4283670453610108 0.6427884470963251
vn 0.6350793265691305 0.428366477812261 -0.6427879974386713
vn -0.7071065698773925 6.408562102373553e-7 0.7071069924953491
vn 0.7071065698770055 -6.408559553518484e-7 -0.707106992495736
vn 0.29883582532694375 0.9063078605878983 0.29883642906739327
vn 0.6408569562420361 -0.4226184836692769 0.640855661516128
vn -0.6408554700053183 0.4226190644812238 -0.640856764730839
usemtl radar
f 2/1/1 3/2/1 5/3/1
f 2/1/1 5/3/1 4/4/1
f 7/5/2 3/6/2 2/7/2
f 7/5/2 2/7/2 6/8/2
f 6/9/3 2/10/3 4/11/3
f 6/9/3 4/11/3 8/12/3
f 3/13/4 7/14/4 9/15/4
f 3/13/4 9/15/4 5/16/4
f 10/17/5 11/18/5 7/19/5
f 10/17/5 7/19/5 6/20/5
f 13/21/6 11/22/6 10/23/6
f 13/21/6 10/23/6 12/24/6
f 8/25/7 6/26/7 7/27/7
f 8/25/7 7/27/7 9/28/7
f 12/29/8 10/30/8 6/31/8
f 12/29/8 6/31/8 8/32/8
f 11/33/9 13/34/9 9/35/9
f 11/33/9 9/35/9 7/36/9
f 14/37/10 15/38/10 17/39/10
f 14/37/10 17/39/10 16/40/10
f 5/41/11 4/42/11 8/43/11
f 5/41/11 8/43/11 9/44/11
f 5/45/12 15/46/12 14/47/12
f 5/45/12 14/47/12 4/48/12
f 4/49/13 14/50/13 16/51/13
f 4/49/13 16/51/13 8/52/13
f 15/53/14 5/54/14 9/55/14
f 15/53/14 9/55/14 17/56/14
f 18/57/15 19/58/15 16/59/15
f 18/57/15 16/59/15 17/60/15
f 12/61/16 13/62/16 9/63/16
f 12/61/16 9/63/16 8/64/16
f 12/65/17 19/66/17 18/67/17
f 12/65/17 18/67/17 13/68/17
f 9/69/18 17/70/18 16/71/18
f 9/69/18 16/71/18 8/72/18
f 13/73/19 18/74/19 17/75/19
f 13/73/19 17/75/19 9/76/19
f 19/77/20 12/78/20 8/79/20
f 19/77/20 8/79/20 16/80/20
f 20/81/21 21/82/21 23/83/21
f 20/81/21 23/83/21 22/84/21
f 26/85/22 22/86/22 23/87/22
f 26/85/22 23/87/22 27/88/22
f 24/89/23 20/90/23 22/91/23
f 24/89/23 22/91/23 26/92/23
f 21/93/24 25/94/24 27/95/24
f 21/93/24 27/95/24 23/96/24
f 28/97/25 29/98/25 31/99/25
f 28/97/25 31/99/25 30/100/25
f 20/101/26 30/102/26 31/103/26
f 20/101/26 31/103/26 21/104/26
f 24/105/27 28/106/27 30/107/27
f 24/105/27 30/107/27 20/108/27
f 29/109/28 25/110/28 21/111/28
f 29/109/28 21/111/28 31/112/28
f 32/113/29 33/114/29 35/115/29
f 32/113/29 35/115/29 34/116/29
f 28/117/30 34/118/30 35/119/30
f 28/117/30 35/119/30 29/120/30
f 24/121/31 32/122/31 34/123/31
f 24/121/31 34/123/31 28/124/31
f 33/125/32 25/126/32 29/127/32
f 33/125/32 29/127/32 35/128/32
f 26/129/33 27/130/33 37/131/33
f 26/129/33 37/131/33 36/132/33
f 32/133/34 36/134/34 37/135/34
f 32/133/34 37/135/34 33/136/34
f 24/137/35 26/138/35 36/139/35
f 24/137/35 36/139/35 32/140/35
f 27/141/36 25/142/36 33/143/36
f 27/141/36 33/143/36 37/144/36
f 43/145/37 42/146/37 44/147/37
f 43/145/37 44/147/37 32/148/37
f 43/149/38 39/150/38 38/151/38
f 43/149/38 38/151/38 42/152/38
f 42/153/39 38/154/39 40/155/39
f 42/153/39 40/155/39 44/156/39
f 39/157/40 43/158/40 32/159/40
f 39/157/40 32/159/40 41/160/40
f 39/161/41 46/162/41 45/163/41
f 39/161/41 45/163/41 38/164/41
f 38/165/42 45/166/42 47/167/42
f 38/165/42 47/167/42 40/168/42
f 46/169/43 39/170/43 41/171/43
f 46/169/43 41/171/43 48/172/43
f 49/173/44 50/174/44 34/175/44
f 49/173/44 34/175/44 51/176/44
f 46/177/45 50/178/45 49/179/45
f 46/177/45 49/179/45 45/180/45
f 45/181/46 49/182/46 51/183/46
f 45/181/46 51/183/46 47/184/46
f 50/185/47 46/186/47 48/187/47
f 50/185/47 48/187/47 34/188/47
f 52/189/48 53/190/48 55/191/48
f 52/189/48 55/191/48 54/192/48
f 57/193/49 56/194/49 58/195/49
f 57/193/49 58/195/49 59/196/49
f 57/197/50 53/198/50 52/199/50
f 57/197/50 52/199/50 56/200/50
f 58/201/51 54/202/51 55/203/51
f 58/201/51 55/203/51 59/204/51
f 53/205/52 57/206/52 59/207/52
f 53/205/52 59/207/52 55/208/52
f 60/209/53 61/210/53 63/211/53
f 60/209/53 63/211/53 62/212/53
f 65/213/54 64/214/54 66/215/54
f 65/213/54 66/215/54 67/216/54
f 65/217/55 61/218/55 60/219/55
f 65/217/55 60/219/55 64/220/55
f 66/221/56 62/222/56 63/223/56
f 66/221/56 63/223/56 67/224/56
f 61/225/57 65/226/57 67/227/57
f 61/225/57 67/227/57 63/228/57
f 68/229/58 69/230/58 71/231/58
f 68/229/58 71/231/58 70/232/58
f 73/233/59 72/234/59 74/235/59
f 73/233/59 74/235/59 75/236/59
f 73/237/60 69/238/60 68/239/60
f 73/237/60 68/239/60 72/240/60
f 72/241/61 68/242/61 70/243/61
f 72/241/61 70/243/61 74/244/61
f 69/245/62 73/246/62 75/247/62
f 69/245/62 75/247/62 71/248/62
f 76/249/63 77/250/63 79/251/63
f 76/249/63 79/251/63 78/252/63
f 81/253/64 80/254/64 82/255/64
f 81/253/64 82/255/64 83/256/64
f 81/257/65 77/258/65 76/259/65
f 81/257/65 76/259/65 80/260/65
f 80/261/66 76/262/66 78/263/66
f 80/261/66 78/263/66 82/264/66
f 77/265/67 81/266/67 83/267/67
f 77/265/67 83/267/67 79/268/67
f 84/269/68 85/270/68 87/271/68
f 84/269/68 87/271/68 86/272/68
f 89/273/69 88/274/69 90/275/69
f 89/273/69 90/275/69 91/276/69
f 89/277/70 85/278/70 84/279/70
f 89/277/70 84/279/70 88/280/70
f 88/281/71 84/282/71 86/283/71
f 88/281/71 86/283/71 90/284/71
f 85/285/72 89/286/72 91/287/72
f 85/285/72 91/287/72 87/288/72
f 92/289/73 93/290/73 95/291/73
f 92/289/73 95/291/73 94/292/73
f 96/293/74 1/294/74 97/295/74
f 96/293/74 97/295/74 98/296/74
f 96/297/75 93/298/75 92/299/75
f 96/297/75 92/299/75 1/300/75
f 97/301/76 94/302/76 95/303/76
f 97/301/76 95/303/76 98/304/76
f 93/305/77 96/306/77 98/307/77
f 93/305/77 98/307/77 95/308/77
f 99/309/78 100/310/78 102/311/78
f 99/309/78 102/311/78 101/312/78
f 104/313/79 103/314/79 105/315/79
f 104/313/79 105/315/79 106/316/79
f 104/317/80 100/318/80 99/319/80
f 104/317/80 99/319/80 103/320/80
f 103/321/81 99/322/81 101/323/81
f 103/321/81 101/323/81 105/324/81
f 100/325/82 104/326/82 106/327/82
f 100/325/82 106/327/82 102/328/82
f 107/329/83 108/330/83 110/331/83
f 107/329/83 110/331/83 109/332/83
f 112/333/84 111/334/84 113/335/84
f 112/333/84 113/335/84 114/336/84
f 112/337/85 108/338/85 107/339/85
f 112/337/85 107/339/85 111/340/85
f 111/341/86 107/342/86 109/343/86
f 111/341/86 109/343/86 113/344/86
f 108/345/87 112/346/87 114/347/87
f 108/345/87 114/347/87 110/348/87
f 115/349/88 116/350/88 118/351/88
f 115/349/88 118/351/88 117/352/88
f 120/353/89 119/354/89 121/355/89
f 120/353/89 121/355/89 122/356/89
f 120/357/90 116/358/90 115/359/90
f 120/357/90 115/359/90 119/360/90
f 119/361/91 115/362/91 117/363/91
f 119/361/91 117/363/91 121/364/91
f 116/365/92 120/366/92 122/367/92
f 116/365/92 122/367/92 118/368/92
f 123/369/93 124/370/93 126/371/93
f 123/369/93 126/371/93 125/372/93
f 128/373/94 127/374/94 129/375/94
f 128/373/94 129/375/94 130/376/94
f 128/377/95 124/378/95 123/379/95
f 128/377/95 123/379/95 127/380/95
f 127/381/96 123/382/96 125/383/96
f 127/381/96 125/383/96 129/384/96
f 124/385/97 128/386/97 130/387/97
f 124/385/97 130/387/97 126/388/97
o rotato
v 3.902240652758921 6.02471625 2.624999813371408
v 2.3769918759704023 11.062500625 6.772867657629529
v 1.9658763543765676 9.562500625 6.92250147033451
v 1.7357041072347732 11.062500625 5.0109439936559514
v 1.3245885856409385 9.562500625 5.160577806360932
v 1.645232470008753 9.562500625 6.041539638347721
v 2.0563479916025877 11.062500625 5.89190582564274
v 1.3304616645208505 9.562500625 5.158440180465146
v 1.651105548888665 9.562500625 6.039402012451935
v 2.0622210704825 11.062500625 5.889768199746955
v 1.7415771861146854 11.062500625 5.008806367760166
v 2.3828649548503145 11.062500625 6.770730031733744
v 1.9717494332564796 9.562500625 6.920363844438724
v 1.9717494332564796 9.562500625 6.920363844438724
v 1.9717494332564796 7.062500625 6.920363844438724
v 1.3304616645208505 9.562500625 5.158440180465146
v 1.3304616645208505 7.062500625 5.158440180465146
v 1.651105548888665 7.062500625 6.039402012451935
v 1.651105548888665 9.562500625 6.039402012451935
v 1.9658763543765676 9.562500625 6.92250147033451
v 1.9658763543765676 7.062500625 6.92250147033451
v 1.3245885856409385 9.562500625 5.160577806360932
v 1.3245885856409385 7.062500625 5.160577806360932
v 1.645232470008753 7.062500625 6.041539638347721
v 1.645232470008753 9.562500625 6.041539638347721
v 2.3769918759704023 5.562500625 6.772867657629529
v 1.9658763543765676 7.062500625 6.92250147033451
v 1.7357041072347732 5.562500625 5.0109439936559514
v 1.3245885856409385 7.062500625 5.160577806360932
v 1.645232470008753 7.062500625 6.041539638347721
v 2.0563479916025877 5.562500625 5.89190582564274
v 1.3304616645208505 7.062500625 5.158440180465146
v 1.651105548888665 7.062500625 6.039402012451935
v 2.0622210704825 5.562500625 5.889768199746955
v 1.7415771861146854 5.562500625 5.008806367760166
v 2.3828649548503145 5.562500625 6.770730031733744
v 1.9717494332564796 7.062500625 6.920363844438724
v 1.749999692374347 11.062500625 3.156249740953678
v 1.312499616650703 9.562500625 3.1562498352440764
v 1.7499999743260037 11.062500625 5.0312497298790735
v 1.31249989860236 9.562500625 5.031249824169471
v 1.3124997576265314 9.562500625 4.093749829706774
v 1.7499998333501754 11.062500625 4.093749735416376
v 1.3187498988821713 9.562500625 5.031249690092132
v 1.3187497579063434 9.562500625 4.093749695629434
v 1.7562498336299872 11.062500625 4.093749601339036
v 1.7562499746058156 11.062500625 5.031249595801734
v 1.7562496926541589 11.062500625 3.1562496068763384
v 1.3187496169305148 9.562500625 3.1562497011667365
v 1.3187496169305148 9.562500625 3.1562497011667365
v 1.3187496169305148 7.062500625 3.1562497011667365
v 1.3187498988821713 9.562500625 5.031249690092132
v 1.3187498988821713 7.062500625 5.031249690092132
v 1.3187497579063434 7.062500625 4.093749695629434
v 1.3187497579063434 9.562500625 4.093749695629434
v 1.312499616650703 9.562500625 3.1562498352440764
v 1.312499616650703 7.062500625 3.1562498352440764
v 1.31249989860236 9.562500625 5.031249824169471
v 1.31249989860236 7.062500625 5.031249824169471
v 1.3124997576265314 7.062500625 4.093749829706774
v 1.3124997576265314 9.562500625 4.093749829706774
v 1.749999692374347 5.562500625 3.156249740953678
v 1.312499616650703 7.062500625 3.1562498352440764
v 1.7499999743260037 5.562500625 5.0312497298790735
v 1.31249989860236 7.062500625 5.031249824169471
v 1.3124997576265314 7.062500625 4.093749829706774
v 1.7499998333501754 5.562500625 4.093749735416376
v 1.3187498988821713 7.062500625 5.031249690092132
v 1.3187497579063434 7.062500625 4.093749695629434
v 1.7562498336299872 5.562500625 4.093749601339036
v 1.7562499746058156 5.562500625 5.031249595801734
v 1.7562496926541589 5.562500625 3.1562496068763384
v 1.3187496169305148 7.062500625 3.1562497011667365
v 1.7500000929405155 5.562500625 1.1562498522348734
v 1.3125000172168715 7.062500625 1.156249946525272
v 1.7499995738216947 5.562500625 3.0312494676149706
v 1.3124994980980507 7.062500625 3.031249561905369
v 1.3124999444301104 7.062500625 2.0937493536800815
v 1.749999646608456 5.562500625 2.0937500604601604
v 1.3187497121404521 7.062500625 3.0312500151359174
v 1.3187501584725116 7.062500625 2.09374980691063
v 1.7562496468882678 5.562500625 2.093749926382821
v 1.7562497878640961 5.562500625 3.031249920845519
v 1.7562500932203273 5.562500625 1.1562497181575337
v 1.3187500174966833 7.062500625 1.1562498124479321
v 1.3187500174966833 9.562500625 1.1562498124479321
v 1.3187500174966833 7.062500625 1.1562498124479321
v 1.3187497121404521 9.562500625 3.0312500151359174
v 1.3187497121404521 7.062500625 3.0312500151359174
v 1.3187501584725116 7.062500625 2.09374980691063
v 1.3187501584725116 9.562500625 2.09374980691063
v 1.3125000172168715 9.562500625 1.156249946525272
v 1.3125000172168715 7.062500625 1.156249946525272
v 1.3124994980980507 9.562500625 3.031249561905369
v 1.3124994980980507 7.062500625 3.031249561905369
v 1.3124999444301104 7.062500625 2.0937493536800815
v 1.3124999444301104 9.562500625 2.0937493536800815
v 1.7500000929405155 11.062500625 1.1562498522348734
v 1.3125000172168715 9.562500625 1.156249946525272
v 1.7499995738216947 11.062500625 3.0312494676149706
v 1.3124994980980507 9.562500625 3.031249561905369
v 1.3124999444301104 9.562500625 2.0937493536800815
v 1.749999646608456 11.062500625 2.0937500604601604
v 1.3187497121404521 9.562500625 3.0312500151359174
v 1.3187501584725116 9.562500625 2.09374980691063
v 1.7562496468882678 11.062500625 2.093749926382821
v 1.7562497878640961 11.062500625 3.031249920845519
v 1.7562500932203273 11.062500625 1.1562497181575337
v 1.3187500174966833 9.562500625 1.1562498124479321
v 2.3769919648380995 11.062500625 -0.5853682989449118
v 1.9658765778092393 9.562500625 -0.7350019432821453
v 1.735704025303645 11.062500625 1.1765552081353992
v 1.324588638274785 9.562500625 1.0269215637981661
v 1.6452322075067731 9.562500625 0.14595962348536062
v 2.056347808298223 11.062500625 0.2955938551304822
v 1.3304614826226082 9.562500625 1.0290593574660019
v 1.6511056391624845 9.562500625 0.14809720339060695
v 2.0622212399539346 11.062500625 0.2977314350357285
v 1.7415768696514684 11.062500625 1.178693001803235
v 2.3828648091859232 11.062500625 -0.5832305052770765
v 1.9717494221570626 9.562500625 -0.73286414961431
v 1.9717494221570626 9.562500625 -0.73286414961431
v 1.9717494221570626 7.062500625 -0.73286414961431
v 1.3304614826226082 9.562500625 1.0290593574660019
v 1.3304614826226082 7.062500625 1.0290593574660019
v 1.6511056391624845 7.062500625 0.14809720339060695
v 1.6511056391624845 9.562500625 0.14809720339060695
v 1.9658765778092393 9.562500625 -0.7350019432821453
v 1.9658765778092393 7.062500625 -0.7350019432821453
v 1.324588638274785 9.562500625 1.0269215637981661
v 1.324588638274785 7.062500625 1.0269215637981661
v 1.6452322075067731 7.062500625 0.14595962348536062
v 1.6452322075067731 9.562500625 0.14595962348536062
v 2.3769919648380995 5.562500625 -0.5853682989449118
v 1.9658765778092393 7.062500625 -0.7350019432821453
v 1.735704025303645 5.562500625 1.1765552081353992
v 1.324588638274785 7.062500625 1.0269215637981661
v 1.6452322075067731 7.062500625 0.14595962348536062
v 2.056347808298223 5.562500625 0.2955938551304822
v 1.3304614826226082 7.062500625 1.0290593574660019
v 1.6511056391624845 7.062500625 0.14809720339060695
v 2.0622212399539346 5.562500625 0.2977314350357285
v 1.7415768696514684 5.562500625 1.178693001803235
v 2.3828648091859232 5.562500625 -0.5832305052770765
v 1.9717494221570626 7.062500625 -0.73286414961431
v 0.9999998263968932 10.937500625 2.9999999097893544
v 1.1874999427510105 10.937500625 2.9999998388416707
v 0.9999998263968932 10.062500625 2.9999999097893544
v 1.1874999427510105 10.062500625 2.9999998388416707
v 0.9999996835819873 10.937500625 3.1874994388355837
v 1.187500013698694 10.937500625 3.187499955195788
v 0.9999996835819873 10.062500625 3.1874994388355837
v 1.187500013698694 10.062500625 3.187499955195788
v 0.9374998172238627 10.062500625 2.937499431861088
v 1.2499996196087992 10.062500625 2.9374994561233416
v 0.9374998172238627 8.562500625 2.937499431861088
v 1.2499996196087992 8.562500625 2.9374994561233416
v 0.9375000067241983 10.062500625 3.2499998215539128
v 1.249999809109135 10.062500625 3.2499998458161663
v 0.9375000067241983 8.562500625 3.2499998215539128
v 1.249999809109135 8.562500625 3.2499998458161663
v 1.2499996550826409 9.562500625 3.0312495143004003
v 1.3749999284213485 9.562500625 3.031249395747748
v 1.687499730806285 11.062500625 3.0312494200100017
v 1.812500217907582 11.062500625 3.0312498887652377
v 1.2499997736352932 9.562500625 3.1562497876391076
v 1.3750000469740007 9.562500625 3.1562496690864554
v 1.6874998493589373 11.062500625 3.156249693348709
v 1.8124995353897566 11.062500625 3.1562497885586467
v 1.2499996550826409 9.562500625 3.0312495143004003
v 1.3749999284213485 9.562500625 3.031249395747748
v 1.2499996550826409 8.312500625 3.0312495143004003
v 1.3749999284213485 8.312500625 3.031249395747748
v 1.2499997736352932 9.562500625 3.1562497876391076
v 1.3750000469740007 9.562500625 3.1562496690864554
v 1.2499997736352932 8.312500625 3.1562497876391076
v 1.3750000469740007 8.312500625 3.1562496690864554
v 1.2499996550826409 8.312500625 3.0312495143004003
v 1.3749999284213485 8.312500625 3.031249395747748
v 1.2499996550826409 7.062500625 3.0312495143004003
v 1.3749999284213485 7.062500625 3.031249395747748
v 1.2499997736352932 8.312500625 3.1562497876391076
v 1.3750000469740007 8.312500625 3.1562496690864554
v 1.2499997736352932 7.062500625 3.1562497876391076
v 1.3750000469740007 7.062500625 3.1562496690864554
v 1.2499996550826409 7.062500625 3.0312495143004003
v 1.3749999284213485 7.062500625 3.031249395747748
v 1.687499730806285 5.562500625 3.0312494200100017
v 1.812500217907582 5.562500625 3.0312498887652377
v 1.2499997736352932 7.062500625 3.1562497876391076
v 1.3750000469740007 7.062500625 3.1562496690864554
v 1.6874998493589373 5.562500625 3.156249693348709
v 1.8124995353897566 5.562500625 3.1562497885586467
v 1.2500000556488096 9.562500625 1.0312496255815962
v 1.3749997416796287 9.562500625 1.031249720791533
v 1.6874995440645655 11.062500625 1.031249745053787
v 1.812499817403273 11.062500625 1.0312496265011344
v 1.2500001742014617 9.562500625 1.1562498989203036
v 1.3749998602322813 9.562500625 1.1562499941302407
v 1.6874996626172176 11.062500625 1.1562500183924944
v 1.812499935955925 11.062500625 1.156249899839842
v 1.2500000556488096 9.562500625 1.0312496255815962
v 1.3749997416796287 9.562500625 1.031249720791533
v 1.2500000556488096 8.312500625 1.0312496255815962
v 1.3749997416796287 8.312500625 1.031249720791533
v 1.2500001742014617 9.562500625 1.1562498989203036
v 1.3749998602322813 9.562500625 1.1562499941302407
v 1.2500001742014617 8.312500625 1.1562498989203036
v 1.3749998602322813 8.312500625 1.1562499941302407
v 1.2500000556488096 8.312500625 1.0312496255815962
v 1.3749997416796287 8.312500625 1.031249720791533
v 1.2500000556488096 7.062500625 1.0312496255815962
v 1.3749997416796287 7.062500625 1.031249720791533
v 1.2500001742014617 8.312500625 1.1562498989203036
v 1.3749998602322813 8.312500625 1.1562499941302407
v 1.2500001742014617 7.062500625 1.1562498989203036
v 1.3749998602322813 7.062500625 1.1562499941302407
v 1.2500000556488096 7.062500625 1.0312496255815962
v 1.3749997416796287 7.062500625 1.031249720791533
v 1.6874995440645655 5.562500625 1.031249745053787
v 1.812499817403273 5.562500625 1.0312496265011344
v 1.2500001742014617 7.062500625 1.1562498989203036
v 1.3749998602322813 7.062500625 1.1562499941302407
v 1.6874996626172176 5.562500625 1.1562500183924944
v 1.812499935955925 5.562500625 1.156249899839842
v 1.2500000555869502 9.562500625 5.031249776564503
v 1.3749997416177693 9.562500625 5.03124987177444
v 1.687500131310594 11.062500625 5.031249682274105
v 1.8124998173414135 11.062500625 5.031249777484042
v 1.2499999603770129 9.562500625 5.156249462595323
v 1.374999646407832 9.562500625 5.1562495578052605
v 1.6874994487927686 11.062500625 5.156249582067513
v 1.8124997221314763 11.062500625 5.156249463514861
v 1.2500000555869502 9.562500625 5.031249776564503
v 1.3749997416177693 9.562500625 5.03124987177444
v 1.2500000555869502 8.312500625 5.031249776564503
v 1.3749997416177693 8.312500625 5.03124987177444
v 1.2499999603770129 9.562500625 5.156249462595323
v 1.374999646407832 9.562500625 5.1562495578052605
v 1.2499999603770129 8.312500625 5.156249462595323
v 1.374999646407832 8.312500625 5.1562495578052605
v 1.2500000555869502 8.312500625 5.031249776564503
v 1.3749997416177693 8.312500625 5.03124987177444
v 1.2500000555869502 7.062500625 5.031249776564503
v 1.3749997416177693 7.062500625 5.03124987177444
v 1.2499999603770129 8.312500625 5.156249462595323
v 1.374999646407832 8.312500625 5.1562495578052605
v 1.2499999603770129 7.062500625 5.156249462595323
v 1.374999646407832 7.062500625 5.1562495578052605
v 1.2500000555869502 7.062500625 5.031249776564503
v 1.3749997416177693 7.062500625 5.03124987177444
v 1.687500131310594 5.562500625 5.031249682274105
v 1.8124998173414135 5.562500625 5.031249777484042
v 1.2499999603770129 7.062500625 5.156249462595323
v 1.374999646407832 7.062500625 5.1562495578052605
v 1.6874994487927686 5.562500625 5.156249582067513
v 1.8124997221314763 5.562500625 5.156249463514861
v 1.6562499162108046 11.125000625 1.0312496143700076
v 1.8437500325649219 11.125000625 1.0312495434223243
v 1.6562499162108046 11.000000625 1.0312496143700076
v 1.8437500325649219 11.000000625 1.0312495434223243
v 1.6562498209390077 11.125000625 5.156249451383735
v 1.8437499372931252 11.125000625 5.156249380436051
v 1.6562498209390077 11.000000625 5.156249451383735
v 1.8437499372931252 11.000000625 5.156249380436051
v 1.8437495967855013 11.125000625 3.061011836809424
v 1.6562500677392722 11.125000625 3.0610116939945184
v 1.6562500677392722 11.000000625 3.0610116939945184
v 1.8437495967855013 11.000000625 3.061011836809424
v 1.894649711645253 9.562500625 6.940918073990604
v 2.0121112892434914 9.562500625 6.898165556074895
v 2.305765233239088 11.062500625 6.7912842612856235
v 2.4232268108373267 11.062500625 6.748531743369915
v 1.9374022295609614 9.562500625 7.058379651588842
v 2.0548638071592 9.562500625 7.015627133673133
v 2.3485177511547963 11.062500625 6.908745838883862
v 2.465979328753035 11.062500625 6.865993320968154
v 1.894649711645253 9.562500625 6.940918073990604
v 2.0121112892434914 9.562500625 6.898165556074895
v 1.894649711645253 8.312500625 6.940918073990604
v 2.0121112892434914 8.312500625 6.898165556074895
v 1.9374022295609614 9.562500625 7.058379651588842
v 2.0548638071592 9.562500625 7.015627133673133
v 1.9374022295609614 8.312500625 7.058379651588842
v 2.0548638071592 8.312500625 7.015627133673133
v 1.894649711645253 8.312500625 6.940918073990604
v 2.0121112892434914 8.312500625 6.898165556074895
v 1.894649711645253 7.062500625 6.940918073990604
v 2.0121112892434914 7.062500625 6.898165556074895
v 1.9374022295609614 8.312500625 7.058379651588842
v 2.0548638071592 8.312500625 7.015627133673133
v 1.9374022295609614 7.062500625 7.058379651588842
v 2.0548638071592 7.062500625 7.015627133673133
v 1.894649711645253 7.062500625 6.940918073990604
v 2.0121112892434914 7.062500625 6.898165556074895
v 2.305765233239088 5.562500625 6.7912842612856235
v 2.4232268108373267 5.562500625 6.748531743369915
v 1.9374022295609614 7.062500625 7.058379651588842
v 2.0548638071592 7.062500625 7.015627133673133
v 2.3485177511547963 5.562500625 6.908745838883862
v 2.465979328753035 5.562500625 6.865993320968154
v 2.32022116970313 5.562500625 6.922370507802745
v 2.4964135361004876 5.562500625 6.8582417309291825
v 2.32022116970313 5.437500625 6.922370507802745
v 2.4964135361004876 5.437500625 6.8582417309291825
v 1.8437864906959431 5.562500625 5.1563498100848975
v 1.6562498209390077 5.562500625 5.156249451383735
v 1.6562498209390077 5.437500625 5.156249451383735
v 1.8437864906959431 5.437500625 5.1563498100848975
v 2.32022116970313 11.125000625 6.922370507802745
v 2.4964135361004876 11.125000625 6.8582417309291825
v 2.32022116970313 11.000000625 6.922370507802745
v 2.4964135361004876 11.000000625 6.8582417309291825
v 1.8437864906959431 11.125000625 5.1563498100848975
v 1.6562498209390077 11.125000625 5.156249451383735
v 1.6562498209390077 11.000000625 5.156249451383735
v 1.8437864906959431 11.000000625 5.1563498100848975
v 1.909640054583241 8.375000625 7.073472590227704
v 2.0858324209805987 8.375000625 7.009343813354141
v 1.909640054583241 8.250000625 7.073472590227704
v 2.0858324209805987 8.250000625 7.009343813354141
v 1.4062498260956393 8.375000625 5.062499416549391
v 1.2187497097415223 8.375000625 5.062499487497075
v 1.2187497097415223 8.250000625 5.062499487497075
v 1.4062498260956393 8.250000625 5.062499416549391
v 1.8946497544200047 9.562500625 -0.7534184619106608
v 2.0121112858596963 9.562500625 -0.710666274340916
v 2.305765141448865 11.062500625 -0.6037848175734273
v 2.423226886651146 11.062500625 -0.5610320426957944
v 1.9374025292976376 9.562500625 -0.870880207112942
v 2.0548642744999186 9.562500625 -0.8281274322353092
v 2.348517916326498 11.062500625 -0.7212465627757085
v 2.465979661528779 11.062500625 -0.6784937878980757
v 1.8946497544200047 9.562500625 -0.7534184619106608
v 2.0121112858596963 9.562500625 -0.710666274340916
v 1.8946497544200047 8.312500625 -0.7534184619106608
v 2.0121112858596963 8.312500625 -0.710666274340916
v 1.9374025292976376 9.562500625 -0.870880207112942
v 2.0548642744999186 9.562500625 -0.8281274322353092
v 1.9374025292976376 8.312500625 -0.870880207112942
v 2.0548642744999186 8.312500625 -0.8281274322353092
v 1.8946497544200047 8.312500625 -0.7534184619106608
v 2.0121112858596963 8.312500625 -0.710666274340916
v 1.8946497544200047 7.062500625 -0.7534184619106608
v 2.0121112858596963 7.062500625 -0.710666274340916
v 1.9374025292976376 8.312500625 -0.870880207112942
v 2.0548642744999186 8.312500625 -0.8281274322353092
v 1.9374025292976376 7.062500625 -0.870880207112942
v 2.0548642744999186 7.062500625 -0.8281274322353092
v 1.8946497544200047 7.062500625 -0.7534184619106608
v 2.0121112858596963 7.062500625 -0.710666274340916
v 2.305765141448865 5.562500625 -0.6037848175734273
v 2.423226886651146 5.562500625 -0.5610320426957944
v 1.9374025292976376 7.062500625 -0.870880207112942
v 2.0548642744999186 7.062500625 -0.8281274322353092
v 2.348517916326498 5.562500625 -0.7212465627757085
v 2.465979661528779 5.562500625 -0.6784937878980757
v 2.3202210432602244 5.562500625 -0.7348707246931419
v 2.496413740955 5.562500625 -0.6707422565658758
v 2.3202210432602244 5.437500625 -0.7348707246931419
v 2.496413740955 5.437500625 -0.6707422565658758
v 1.8437862599880677 5.562500625 1.031149893274621
v 1.6562499162108046 5.562500625 1.0312496143700076
v 1.6562499162108046 5.437500625 1.0312496143700076
v 1.8437862599880677 5.437500625 1.031149893274621
v 2.3202210432602244 11.125000625 -0.7348707246931419
v 2.496413740955 11.125000625 -0.6707422565658758
v 2.3202210432602244 11.000000625 -0.7348707246931419
v 2.496413740955 11.000000625 -0.6707422565658758
v 1.8437862599880677 11.125000625 1.031149893274621
v 1.6562499162108046 11.125000625 1.0312496143700076
v 1.6562499162108046 11.000000625 1.0312496143700076
v 1.8437862599880677 11.000000625 1.031149893274621
v 1.9096398908857333 8.375000625 -0.8859731674252194
v 2.085832802343099 8.375000625 -0.8218441119900648
v 1.9096398908857333 8.250000625 -0.8859731674252194
v 2.085832802343099 8.250000625 -0.8218441119900648
v 1.4062499923151195 8.375000625 1.1249996958897812
v 1.2187498759610023 8.375000625 1.1249997668374652
v 1.2187498759610023 8.250000625 1.1249997668374652
v 1.4062499923151195 8.250000625 1.1249996958897812
v 1.6562499162108046 5.562500625 1.0312496143700076
v 1.8437500325649219 5.562500625 1.0312495434223243
v 1.6562499162108046 5.437500625 1.0312496143700076
v 1.8437500325649219 5.437500625 1.0312495434223243
v 1.6562498209390077 5.562500625 5.156249451383735
v 1.8437499372931252 5.562500625 5.156249380436051
v 1.6562498209390077 5.437500625 5.156249451383735
v 1.8437499372931252 5.437500625 5.156249380436051
v 1.8437495967855013 5.562500625 3.061011836809424
v 1.6562500677392722 5.562500625 3.0610116939945184
v 1.6562500677392722 5.437500625 3.0610116939945184
v 1.8437495967855013 5.437500625 3.061011836809424
v 1.2187498759610023 8.375000625 1.1249997668374652
v 1.4062499923151195 8.375000625 1.1249996958897812
v 1.2187498759610023 8.250000625 1.1249997668374652
v 1.4062499923151195 8.250000625 1.1249996958897812
v 1.2187497097415223 8.375000625 5.062499487497075
v 1.4062498260956393 8.375000625 5.062499416549391
v 1.2187497097415223 8.250000625 5.062499487497075
v 1.4062498260956393 8.250000625 5.062499416549391
v 1.40624963935392 8.375000625 3.062499741593176
v 1.2187501103076905 8.375000625 3.06249959877827
v 1.2187501103076905 8.250000625 3.06249959877827
v 1.40624963935392 8.250000625 3.062499741593176
v 0.9374998172238627 8.562500625 2.937499431861088
v 1.2499996196087992 8.562500625 2.9374994561233416
v 0.9374998172238627 7.062500625 2.937499431861088
v 1.2499996196087992 7.062500625 2.9374994561233416
v 0.9375000067241983 8.562500625 3.2499998215539128
v 1.249999809109135 8.562500625 3.2499998458161663
v 0.9375000067241983 7.062500625 3.2499998215539128
v 1.249999809109135 7.062500625 3.2499998458161663
v 0.9374999911438273 7.062500625 2.940624725654938
v 1.2407174106888996 7.13810125 2.9406244965463544
v 1.3003826017092548 5.6070568750000005 2.9406246857738325
v 1.603600021254327 5.6826575 2.9406244566652493
v 0.9374998328042337 7.062500625 3.246874527760063
v 1.2407174661118958 7.13810125 3.2468748859593672
v 1.3003824433696614 5.6070568750000005 3.2468744878789573
v 1.6036000766773233 5.6826575 3.2468748460782617
v 6.088752058986737 6.777593125 2.624999473322715
v 6.210840574586619 6.4230237500000005 2.6249996259216677
v 5.615993068338986 6.61480875 2.6249994443130613
v 5.7380809966309805 6.260239375 2.6249998106746038
v 6.088752200882103 6.777593125 2.9999997060309496
v 6.210840129174098 6.4230237500000005 3.0000000723924916
v 5.615993210234352 6.61480875 2.9999996770212958
v 5.738080924763757 6.260239375 2.99999945607495
v 5.937499853289846 6.593750625 2.8749994955366778
v 6.4374997720289 6.593750625 2.874999448851248
v 5.9374998999752755 6.593750625 3.374999414275732
v 6.437500032476919 6.593750625 3.3749999548981897
v 5.937499853289846 6.968750625 2.8749994955366778
v 6.4374997720289 6.968750625 2.874999448851248
v 5.9374998999752755 6.968750625 3.374999414275732
v 6.437500032476919 6.968750625 3.3749999548981897
v 5.999999862462877 7.031250625 2.937499973464944
v 6.375000095171112 7.031250625 2.937499831569577
v 5.937499853289846 6.968750625 2.8749994955366778
v 6.4374997720289 6.968750625 2.874999448851248
v 5.999999790595654 7.031250625 3.3124996188652904
v 6.375000023303889 7.031250625 3.3124994769699234
v 5.9374998999752755 6.968750625 3.374999414275732
v 6.437500032476919 6.968750625 3.3749999548981897
v 5.999999790595654 6.531250625 3.3124996188652904
v 6.375000023303889 6.531250625 3.3124994769699234
v 5.9374998999752755 6.593750625 3.374999414275732
v 6.437500032476919 6.593750625 3.3749999548981897
v 5.999999862462877 6.531250625 2.937499973464944
v 6.375000095171112 6.531250625 2.937499831569577
v 5.937499853289846 6.593750625 2.8749994955366778
v 6.4374997720289 6.593750625 2.874999448851248
v 6.088752271829787 6.777593125 3.1874998223850666
v 6.210839986359192 6.4230237500000005 3.187499601438721
v 5.6159932811820354 6.61480875 3.1874997933754132
v 5.738080995711442 6.260239375 3.187499572429067
v 6.088752199962563 6.777593125 3.562499467785413
v 6.21084012825456 6.4230237500000005 3.5624998341469554
v 5.615992622006925 6.61480875 3.5624996525383485
v 5.738081137606809 6.260239375 3.5624998051373016
v 5.702760947610754 6.643179375000001 2.687499815387899
v 5.784152561527728 6.4068000000000005 2.6874997393445312
v 4.40267293575393 6.195523125 2.6874998559876158
v 4.484064549670904 5.95914375 2.687499779944248
v 5.702760970953468 6.643179375000001 2.937499774757425
v 5.7841525848704425 6.4068000000000005 2.937499698714058
v 4.402672959096645 6.195523125 2.9374998153571426
v 4.484064573013621 5.95914375 2.9374997393137754
v 5.702760946691215 6.643179375000001 3.249999577142362
v 5.784152560608189 6.4068000000000005 3.2499995010989946
v 4.402672934834392 6.195523125 3.249999617742079
v 4.484064548751366 5.95914375 3.2499995416987115
v 5.70276097003393 6.643179375000001 3.499999536511889
v 5.784152797713494 6.4068000000000005 3.5000000477764095
v 4.4026729581771065 6.195523125 3.4999995771116055
v 4.4840645720940815 5.95914375 3.4999995010682383
v 4.374999643406673 6.187500625 2.6249998423810617
v 4.497087945243965 5.832931250000001 2.624999407672126
v 4.0243283672883265 5.670146875 2.624999592425062
v 4.374999571539449 6.187500625 2.999999487781408
v 4.497088087139334 5.832931250000001 2.9999996403803606
v 3.9022405808916987 6.02471625 2.9999994587717542
v 4.024328509183694 5.670146875 2.999999825133296
v 2.687499604677773 5.937500625 2.562499623061737
v 3.562499756125061 5.937500625 2.56249943448094
v 2.687499604677773 5.437500625 2.562499623061737
v 3.562499756125061 5.437500625 2.56249943448094
v 2.6874998642062535 5.937500625 3.6249998908631422
v 3.5625000156535416 5.937500625 3.624999702282345
v 2.6874998642062535 5.437500625 3.6249998908631422
v 3.5625000156535416 5.437500625 3.624999702282345
v 3.407991276808562 5.9130287500000005 2.568749496587364
v 3.942960857051293 6.0868512500000005 2.5687497652821505
v 3.5624998902024005 5.437500625 2.5687494347607522
v 4.097468883137244 5.6113225 2.568749917218128
v 3.407991268182363 5.9130287500000005 3.6187497638291455
v 3.9429606346625046 6.0868512500000005 3.6187494452160442
v 3.562499881576202 5.437500625 3.6187497020025337
v 4.097469248056344 5.6113225 3.618749383389432
v 1.124999863549835 5.937500625 2.187499482804824
v 2.6874996765449954 5.937500625 2.187499977661391
v 1.124999863549835 5.437500625 2.187499482804824
v 2.6874996765449954 5.437500625 2.187499977661391
v 1.1249996057985723 5.937500625 3.999999842477399
v 2.687499792339031 5.937500625 3.9999995362634886
v 1.1249996057985723 5.437500625 3.999999842477399
v 2.687499792339031 5.437500625 3.9999995362634886
v 4.374999642487133 6.187500625 3.187499604135525
v 4.497088158087017 5.832931250000001 3.1874997567344776
v 3.9022406518393824 6.02471625 3.1874995751258712
v 4.024328580131378 5.670146875 3.1874999414874132
v 4.374999784382501 6.187500625 3.5624998368437595
v 4.497088086219794 5.832931250000001 3.562499402134824
v 3.90224079373475 6.02471625 3.5624998078341052
v 4.024328508264155 5.670146875 3.5624995868877596
v 1.2499997157382752 5.437500625 2.250000008338059
v 2.8124999022787343 5.437500625 2.2499997021241485
v 1.2499997157382752 5.250000625 2.250000008338059
v 2.8124999022787343 5.250000625 2.2499997021241485
v 1.2499998081895962 5.437500625 3.8124996075706297
v 2.8125002084926445 5.437500625 3.812499888664607
v 1.2499998081895962 5.250000625 3.8124996075706297
v 2.8125002084926445 5.250000625 3.812499888664607
vt 0.8203125 0
vt 0.8203125 0.1171875
vt 0.6328125 0.1171875
vt 0.6328125 0
vt 0.6328125 0.1953125
vt 0.6328125 0.078125
vt 0.8203125 0.078125
vt 0.8203125 0.1953125
vt 0.6328125 0.1171875
vt 0.8203125 0.1171875
vt 0.8203125 0
vt 0.6328125 0
vt 0.8203125 0.078125
vt 0.6328125 0.078125
vt 0.6328125 0.1953125
vt 0.8203125 0.1953125
vt 0.6875 0.1171875
vt 1 0.1171875
vt 1 0
vt 0.6875 0
vt 1 0.078125
vt 0.6875 0.078125
vt 0.6875 0.1953125
vt 1 0.1953125
vt 1 0
vt 1 0.1171875
vt 0.6875 0.1171875
vt 0.6875 0
vt 0.6875 0.1953125
vt 0.6875 0.078125
vt 1 0.078125
vt 1 0.1953125
vt 0.6328125 0.1171875
vt 0.8203125 0.1171875
vt 0.8203125 0
vt 0.6328125 0
vt 0.8203125 0.078125
vt 0.6328125 0.078125
vt 0.6328125 0.1953125
vt 0.8203125 0.1953125
vt 0.8203125 0
vt 0.8203125 0.1171875
vt 0.6328125 0.1171875
vt 0.6328125 0
vt 0.6328125 0.1953125
vt 0.6328125 0.078125
vt 0.8203125 0.078125
vt 0.8203125 0.1953125
vt 0.6328125 0.1171875
vt 0.8203125 0.1171875
vt 0.8203125 0
vt 0.6328125 0
vt 0.8203125 0.078125
vt 0.6328125 0.078125
vt 0.6328125 0.1953125
vt 0.8203125 0.1953125
vt 0.8203125 0
vt 0.8203125 0.1171875
vt 0.6328125 0.1171875
vt 0.6328125 0
vt 0.6328125 0.1953125
vt 0.6328125 0.078125
vt 0.8203125 0.078125
vt 0.8203125 0.1953125
vt 1 0
vt 1 0.1171875
vt 0.6875 0.1171875
vt 0.6875 0
vt 0.6875 0.1953125
vt 0.6875 0.078125
vt 1 0.078125
vt 1 0.1953125
vt 0.6875 0.1171875
vt 1 0.1171875
vt 1 0
vt 0.6875 0
vt 1 0.078125
vt 0.6875 0.078125
vt 0.6875 0.1953125
vt 1 0.1953125
vt 0.8203125 0
vt 0.8203125 0.1171875
vt 0.6328125 0.1171875
vt 0.6328125 0
vt 0.6328125 0.1953125
vt 0.6328125 0.078125
vt 0.8203125 0.078125
vt 0.8203125 0.1953125
vt 0.6328125 0.1171875
vt 0.8203125 0.1171875
vt 0.8203125 0
vt 0.6328125 0
vt 0.8203125 0.078125
vt 0.6328125 0.078125
vt 0.6328125 0.1953125
vt 0.8203125 0.1953125
vt 0.8203125 0
vt 0.8203125 0.1171875
vt 0.6328125 0.1171875
vt 0.6328125 0
vt 0.6328125 0.1953125
vt 0.6328125 0.078125
vt 0.8203125 0.078125
vt 0.8203125 0.1953125
vt 0.6328125 0.1171875
vt 0.8203125 0.1171875
vt 0.8203125 0
vt 0.6328125 0
vt 0.8203125 0.078125
vt 0.6328125 0.078125
vt 0.6328125 0.1953125
vt 0.8203125 0.1953125
vt 1 0
vt 1 0.1171875
vt 0.6875 0.1171875
vt 0.6875 0
vt 0.6875 0.1953125
vt 0.6875 0.078125
vt 1 0.078125
vt 1 0.1953125
vt 0.6875 0.1171875
vt 1 0.1171875
vt 1 0
vt 0.6875 0
vt 1 0.078125
vt 0.6875 0.078125
vt 0.6875 0.1953125
vt 1 0.1953125
vt 0.6328125 0.1171875
vt 0.8203125 0.1171875
vt 0.8203125 0
vt 0.6328125 0
vt 0.8203125 0.078125
vt 0.6328125 0.078125
vt 0.6328125 0.1953125
vt 0.8203125 0.1953125
vt 0.8203125 0
vt 0.8203125 0.1171875
vt 0.6328125 0.1171875
vt 0.6328125 0
vt 0.6328125 0.1953125
vt 0.6328125 0.078125
vt 0.8203125 0.078125
vt 0.8203125 0.1953125
vt 0.6328125 0.1171875
vt 0.8203125 0.1171875
vt 0.8203125 0
vt 0.6328125 0
vt 0.8203125 0.078125
vt 0.6328125 0.078125
vt 0.6328125 0.1953125
vt 0.8203125 0.1953125
vt 0.8203125 0
vt 0.8203125 0.1171875
vt 0.6328125 0.1171875
vt 0.6328125 0
vt 0.6328125 0.1953125
vt 0.6328125 0.078125
vt 0.8203125 0.078125
vt 0.8203125 0.1953125
vt 1 0
vt 1 0.1171875
vt 0.6875 0.1171875
vt 0.6875 0
vt 0.6875 0.1953125
vt 0.6875 0.078125
vt 1 0.078125
vt 1 0.1953125
vt 0.6875 0.1171875
vt 1 0.1171875
vt 1 0
vt 0.6875 0
vt 1 0.078125
vt 0.6875 0.078125
vt 0.6875 0.1953125
vt 1 0.1953125
vt 0.8203125 0
vt 0.8203125 0.1171875
vt 0.6328125 0.1171875
vt 0.6328125 0
vt 0.6328125 0.1953125
vt 0.6328125 0.078125
vt 0.8203125 0.078125
vt 0.8203125 0.1953125
vt 0.6328125 0.1171875
vt 0.8203125 0.1171875
vt 0.8203125 0
vt 0.6328125 0
vt 0.8203125 0.078125
vt 0.6328125 0.078125
vt 0.6328125 0.1953125
vt 0.8203125 0.1953125
vt 0.53125 0.765625
vt 0.5546875 0.765625
vt 0.5546875 0.65625
vt 0.53125 0.65625
vt 0.53125 0.765625
vt 0.5546875 0.765625
vt 0.5546875 0.65625
vt 0.53125 0.65625
vt 0.515625 0.7890625
vt 0.5390625 0.7890625
vt 0.5390625 0.765625
vt 0.515625 0.765625
vt 0.53125 0.765625
vt 0.5546875 0.765625
vt 0.5546875 0.65625
vt 0.53125 0.65625
vt 0.53125 0.765625
vt 0.5546875 0.765625
vt 0.5546875 0.65625
vt 0.53125 0.65625
vt 0.5234375 0.859375
vt 0.5625 0.859375
vt 0.5625 0.671875
vt 0.5234375 0.671875
vt 0.5234375 0.859375
vt 0.5625 0.859375
vt 0.5625 0.671875
vt 0.5234375 0.671875
vt 0.5234375 0.8984375
vt 0.5625 0.8984375
vt 0.5625 0.859375
vt 0.5234375 0.859375
vt 0.5234375 0.859375
vt 0.5625 0.859375
vt 0.5625 0.671875
vt 0.5234375 0.671875
vt 0.5234375 0.7890625
vt 0.5625 0.7890625
vt 0.5625 0.6015625
vt 0.5234375 0.6015625
vt 0 0.53125
vt 0 0.90625
vt 0.03125 0.90625
vt 0.03125 0.53125
vt 0 0.53125
vt 0 0.90625
vt 0.03125 0.90625
vt 0.03125 0.53125
vt 0.03125 0.53125
vt 0.03125 0.90625
vt 0 0.90625
vt 0 0.53125
vt 0.03125 0.53125
vt 0.03125 0.90625
vt 0 0.90625
vt 0 0.53125
vt 0.03125 0.90625
vt 0 0.90625
vt 0 0.59375
vt 0.03125 0.59375
vt 0.03125 0.90625
vt 0 0.90625
vt 0 0.59375
vt 0.03125 0.59375
vt 0 0.90625
vt 0.03125 0.90625
vt 0.03125 0.59375
vt 0 0.59375
vt 0 0.90625
vt 0.03125 0.90625
vt 0.03125 0.59375
vt 0 0.59375
vt 0.03125 0.90625
vt 0 0.90625
vt 0 0.59375
vt 0.03125 0.59375
vt 0.03125 0.90625
vt 0 0.90625
vt 0 0.59375
vt 0.03125 0.59375
vt 0 0.90625
vt 0.03125 0.90625
vt 0.03125 0.59375
vt 0 0.59375
vt 0 0.90625
vt 0.03125 0.90625
vt 0.03125 0.59375
vt 0 0.59375
vt 0.03125 0.90625
vt 0 0.90625
vt 0 0.53125
vt 0.03125 0.53125
vt 0.03125 0.90625
vt 0 0.90625
vt 0 0.53125
vt 0.03125 0.53125
vt 0 0.90625
vt 0.03125 0.90625
vt 0.03125 0.53125
vt 0 0.53125
vt 0 0.90625
vt 0.03125 0.90625
vt 0.03125 0.53125
vt 0 0.53125
vt 0 0.53125
vt 0 0.90625
vt 0.03125 0.90625
vt 0.03125 0.53125
vt 0 0.53125
vt 0 0.90625
vt 0.03125 0.90625
vt 0.03125 0.53125
vt 0.03125 0.53125
vt 0.03125 0.90625
vt 0 0.90625
vt 0 0.53125
vt 0.03125 0.53125
vt 0.03125 0.90625
vt 0 0.90625
vt 0 0.53125
vt 0.03125 0.90625
vt 0 0.90625
vt 0 0.59375
vt 0.03125 0.59375
vt 0.03125 0.90625
vt 0 0.90625
vt 0 0.59375
vt 0.03125 0.59375
vt 0 0.90625
vt 0.03125 0.90625
vt 0.03125 0.59375
vt 0 0.59375
vt 0 0.90625
vt 0.03125 0.90625
vt 0.03125 0.59375
vt 0 0.59375
vt 0.03125 0.90625
vt 0 0.90625
vt 0 0.59375
vt 0.03125 0.59375
vt 0.03125 0.90625
vt 0 0.90625
vt 0 0.59375
vt 0.03125 0.59375
vt 0 0.90625
vt 0.03125 0.90625
vt 0.03125 0.59375
vt 0 0.59375
vt 0 0.90625
vt 0.03125 0.90625
vt 0.03125 0.59375
vt 0 0.59375
vt 0.03125 0.90625
vt 0 0.90625
vt 0 0.53125
vt 0.03125 0.53125
vt 0.03125 0.90625
vt 0 0.90625
vt 0 0.53125
vt 0.03125 0.53125
vt 0 0.90625
vt 0.03125 0.90625
vt 0.03125 0.53125
vt 0 0.53125
vt 0 0.90625
vt 0.03125 0.90625
vt 0.03125 0.53125
vt 0 0.53125
vt 0 0.53125
vt 0 0.90625
vt 0.03125 0.90625
vt 0.03125 0.53125
vt 0 0.53125
vt 0 0.90625
vt 0.03125 0.90625
vt 0.03125 0.53125
vt 0.03125 0.53125
vt 0.03125 0.90625
vt 0 0.90625
vt 0 0.53125
vt 0.03125 0.53125
vt 0.03125 0.90625
vt 0 0.90625
vt 0 0.53125
vt 0.03125 0.90625
vt 0 0.90625
vt 0 0.59375
vt 0.03125 0.59375
vt 0.03125 0.90625
vt 0 0.90625
vt 0 0.59375
vt 0.03125 0.59375
vt 0 0.90625
vt 0.03125 0.90625
vt 0.03125 0.59375
vt 0 0.59375
vt 0 0.90625
vt 0.03125 0.90625
vt 0.03125 0.59375
vt 0 0.59375
vt 0.03125 0.90625
vt 0 0.90625
vt 0 0.59375
vt 0.03125 0.59375
vt 0.03125 0.90625
vt 0 0.90625
vt 0 0.59375
vt 0.03125 0.59375
vt 0 0.90625
vt 0.03125 0.90625
vt 0.03125 0.59375
vt 0 0.59375
vt 0 0.90625
vt 0.03125 0.90625
vt 0.03125 0.59375
vt 0 0.59375
vt 0.03125 0.90625
vt 0 0.90625
vt 0 0.53125
vt 0.03125 0.53125
vt 0.03125 0.90625
vt 0 0.90625
vt 0 0.53125
vt 0.03125 0.53125
vt 0 0.90625
vt 0.03125 0.90625
vt 0.03125 0.53125
vt 0 0.53125
vt 0 0.90625
vt 0.03125 0.90625
vt 0.03125 0.53125
vt 0 0.53125
vt 0.633184375 1
vt 0.633184375 0.953125
vt 0.109375 0.953125
vt 0.109375 1
vt 0.633184375 1
vt 0.633184375 0.953125
vt 0.109375 0.953125
vt 0.109375 1
vt 0.633184375 0.96875
vt 0.633184375 1
vt 0.109375 1
vt 0.109375 0.96875
vt 0.125 0.96875
vt 0.125 1
vt 0.648809375 1
vt 0.648809375 0.96875
vt 0.15625 0.953125
vt 0.15625 1
vt 0.663690625 1
vt 0.663690625 0.953125
vt 0.15625 1
vt 0.15625 0.96875
vt 0.663690625 0.96875
vt 0.663690625 1
vt 0.15625 0.953125
vt 0.15625 1
vt 0.663690625 1
vt 0.663690625 0.953125
vt 0.616815625 1
vt 0.616815625 0.96875
vt 0.109375 0.96875
vt 0.109375 1
vt 0 0.53125
vt 0 0.90625
vt 0.03125 0.90625
vt 0.03125 0.53125
vt 0 0.53125
vt 0 0.90625
vt 0.03125 0.90625
vt 0.03125 0.53125
vt 0.03125 0.53125
vt 0.03125 0.90625
vt 0 0.90625
vt 0 0.53125
vt 0.03125 0.53125
vt 0.03125 0.90625
vt 0 0.90625
vt 0 0.53125
vt 0.03125 0.90625
vt 0 0.90625
vt 0 0.59375
vt 0.03125 0.59375
vt 0.03125 0.90625
vt 0 0.90625
vt 0 0.59375
vt 0.03125 0.59375
vt 0 0.90625
vt 0.03125 0.90625
vt 0.03125 0.59375
vt 0 0.59375
vt 0 0.90625
vt 0.03125 0.90625
vt 0.03125 0.59375
vt 0 0.59375
vt 0.03125 0.90625
vt 0 0.90625
vt 0 0.59375
vt 0.03125 0.59375
vt 0.03125 0.90625
vt 0 0.90625
vt 0 0.59375
vt 0.03125 0.59375
vt 0 0.90625
vt 0.03125 0.90625
vt 0.03125 0.59375
vt 0 0.59375
vt 0 0.90625
vt 0.03125 0.90625
vt 0.03125 0.59375
vt 0 0.59375
vt 0.03125 0.90625
vt 0 0.90625
vt 0 0.53125
vt 0.03125 0.53125
vt 0.03125 0.90625
vt 0 0.90625
vt 0 0.53125
vt 0.03125 0.53125
vt 0 0.90625
vt 0.03125 0.90625
vt 0.03125 0.53125
vt 0 0.53125
vt 0 0.90625
vt 0.03125 0.90625
vt 0.03125 0.53125
vt 0 0.53125
vt 0.633184375 1
vt 0.633184375 0.953125
vt 0.109375 0.953125
vt 0.109375 1
vt 0.633184375 1
vt 0.633184375 0.953125
vt 0.109375 0.953125
vt 0.109375 1
vt 0.633184375 0.96875
vt 0.633184375 1
vt 0.109375 1
vt 0.109375 0.96875
vt 0.125 0.96875
vt 0.125 1
vt 0.648809375 1
vt 0.648809375 0.96875
vt 0.5546875 0.6328125
vt 0.53125 0.6328125
vt 0.53125 0.6484375
vt 0.5546875 0.6484375
vt 0.633184375 1
vt 0.633184375 0.953125
vt 0.109375 0.953125
vt 0.109375 1
vt 0.633184375 1
vt 0.633184375 0.953125
vt 0.109375 0.953125
vt 0.109375 1
vt 0.633184375 0.96875
vt 0.633184375 1
vt 0.109375 1
vt 0.109375 0.96875
vt 0.125 0.96875
vt 0.125 1
vt 0.648809375 1
vt 0.648809375 0.96875
vt 0.5546875 0.6328125
vt 0.53125 0.6328125
vt 0.53125 0.6484375
vt 0.5546875 0.6484375
vt 0.625 1
vt 0.625 0.953125
vt 0.125 0.953125
vt 0.125 1
vt 0.625 1
vt 0.625 0.953125
vt 0.125 0.953125
vt 0.125 1
vt 0.625 0.96875
vt 0.625 1
vt 0.125 1
vt 0.125 0.96875
vt 0.140625 0.96875
vt 0.140625 1
vt 0.640625 1
vt 0.640625 0.96875
vt 0.5546875 0.5234375
vt 0.5546875 0.5078125
vt 0.53125 0.5078125
vt 0.53125 0.5234375
vt 0.03125 0.90625
vt 0 0.90625
vt 0 0.53125
vt 0.03125 0.53125
vt 0.03125 0.90625
vt 0 0.90625
vt 0 0.53125
vt 0.03125 0.53125
vt 0 0.90625
vt 0.03125 0.90625
vt 0.03125 0.53125
vt 0 0.53125
vt 0 0.90625
vt 0.03125 0.90625
vt 0.03125 0.53125
vt 0 0.53125
vt 0 0.59375
vt 0 0.90625
vt 0.03125 0.90625
vt 0.03125 0.59375
vt 0 0.59375
vt 0 0.90625
vt 0.03125 0.90625
vt 0.03125 0.59375
vt 0.03125 0.59375
vt 0.03125 0.90625
vt 0 0.90625
vt 0 0.59375
vt 0.03125 0.59375
vt 0.03125 0.90625
vt 0 0.90625
vt 0 0.59375
vt 0 0.59375
vt 0 0.90625
vt 0.03125 0.90625
vt 0.03125 0.59375
vt 0 0.59375
vt 0 0.90625
vt 0.03125 0.90625
vt 0.03125 0.59375
vt 0.03125 0.59375
vt 0.03125 0.90625
vt 0 0.90625
vt 0 0.59375
vt 0.03125 0.59375
vt 0.03125 0.90625
vt 0 0.90625
vt 0 0.59375
vt 0 0.53125
vt 0 0.90625
vt 0.03125 0.90625
vt 0.03125 0.53125
vt 0 0.53125
vt 0 0.90625
vt 0.03125 0.90625
vt 0.03125 0.53125
vt 0.03125 0.53125
vt 0.03125 0.90625
vt 0 0.90625
vt 0 0.53125
vt 0.03125 0.53125
vt 0.03125 0.90625
vt 0 0.90625
vt 0 0.53125
vt 0.109375 0.953125
vt 0.633184375 0.953125
vt 0.633184375 1
vt 0.109375 1
vt 0.109375 0.953125
vt 0.633184375 0.953125
vt 0.633184375 1
vt 0.109375 1
vt 0.109375 1
vt 0.633184375 1
vt 0.633184375 0.96875
vt 0.109375 0.96875
vt 0.648809375 1
vt 0.125 1
vt 0.125 0.96875
vt 0.648809375 0.96875
vt 0.53125 0.6484375
vt 0.53125 0.6328125
vt 0.5546875 0.6328125
vt 0.5546875 0.6484375
vt 0.109375 0.953125
vt 0.633184375 0.953125
vt 0.633184375 1
vt 0.109375 1
vt 0.109375 0.953125
vt 0.633184375 0.953125
vt 0.633184375 1
vt 0.109375 1
vt 0.109375 1
vt 0.633184375 1
vt 0.633184375 0.96875
vt 0.109375 0.96875
vt 0.648809375 1
vt 0.125 1
vt 0.125 0.96875
vt 0.648809375 0.96875
vt 0.53125 0.6484375
vt 0.53125 0.6328125
vt 0.5546875 0.6328125
vt 0.5546875 0.6484375
vt 0.125 0.953125
vt 0.625 0.953125
vt 0.625 1
vt 0.125 1
vt 0.125 0.953125
vt 0.625 0.953125
vt 0.625 1
vt 0.125 1
vt 0.125 1
vt 0.625 1
vt 0.625 0.96875
vt 0.125 0.96875
vt 0.640625 1
vt 0.140625 1
vt 0.140625 0.96875
vt 0.640625 0.96875
vt 0.53125 0.5078125
vt 0.5546875 0.5078125
vt 0.5546875 0.5234375
vt 0.53125 0.5234375
vt 0.633184375 1
vt 0.633184375 0.953125
vt 0.109375 0.953125
vt 0.109375 1
vt 0.633184375 1
vt 0.633184375 0.953125
vt 0.109375 0.953125
vt 0.109375 1
vt 0.633184375 0.96875
vt 0.633184375 1
vt 0.109375 1
vt 0.109375 0.96875
vt 0.125 0.96875
vt 0.125 1
vt 0.648809375 1
vt 0.648809375 0.96875
vt 0.15625 0.953125
vt 0.15625 1
vt 0.663690625 1
vt 0.663690625 0.953125
vt 0.15625 1
vt 0.15625 0.96875
vt 0.663690625 0.96875
vt 0.663690625 1
vt 0.15625 0.953125
vt 0.15625 1
vt 0.663690625 1
vt 0.663690625 0.953125
vt 0.616815625 1
vt 0.616815625 0.96875
vt 0.109375 0.96875
vt 0.109375 1
vt 0.625 1
vt 0.625 0.953125
vt 0.125 0.953125
vt 0.125 1
vt 0.625 1
vt 0.625 0.953125
vt 0.125 0.953125
vt 0.125 1
vt 0.625 0.96875
vt 0.625 1
vt 0.125 1
vt 0.125 0.96875
vt 0.140625 0.96875
vt 0.140625 1
vt 0.640625 1
vt 0.640625 0.96875
vt 0.15625 0.953125
vt 0.15625 1
vt 0.640625 1
vt 0.640625 0.953125
vt 0.15625 1
vt 0.15625 0.96875
vt 0.640625 0.96875
vt 0.640625 1
vt 0.15625 0.953125
vt 0.15625 1
vt 0.640625 1
vt 0.640625 0.953125
vt 0.609375 1
vt 0.609375 0.96875
vt 0.125 0.96875
vt 0.125 1
vt 0.5234375 0.859375
vt 0.5625 0.859375
vt 0.5625 0.671875
vt 0.5234375 0.671875
vt 0.5234375 0.859375
vt 0.5625 0.859375
vt 0.5625 0.671875
vt 0.5234375 0.671875
vt 0.5234375 0.859375
vt 0.5625 0.859375
vt 0.5625 0.671875
vt 0.5234375 0.671875
vt 0.5234375 0.7890625
vt 0.5625 0.7890625
vt 0.5625 0.6015625
vt 0.5234375 0.6015625
vt 0.5234375 0.859375
vt 0.5625 0.859375
vt 0.5625 0.671875
vt 0.5234375 0.671875
vt 0.5234375 0.859375
vt 0.5625 0.859375
vt 0.5625 0.671875
vt 0.5234375 0.671875
vt 0.5234375 0.53125
vt 0.5625 0.53125
vt 0.5625 0.4921875
vt 0.5234375 0.4921875
vt 0.5234375 0.859375
vt 0.5625 0.859375
vt 0.5625 0.671875
vt 0.5234375 0.671875
vt 0.5234375 0.65625
vt 0.5625 0.65625
vt 0.5625 0.46875
vt 0.5234375 0.46875
vt 0.46875 0.4140625
vt 0.515625 0.4140625
vt 0.515625 0.3515625
vt 0.46875 0.3515625
vt 0.46875 0.4140625
vt 0.515625 0.4140625
vt 0.515625 0.3515625
vt 0.46875 0.3515625
vt 0.46875 0.46875
vt 0.515625 0.46875
vt 0.515625 0.421875
vt 0.46875 0.421875
vt 0.46875 0.4609375
vt 0.515625 0.4609375
vt 0.515625 0.4140625
vt 0.46875 0.4140625
vt 0.46875 0.4140625
vt 0.515625 0.4140625
vt 0.515625 0.3515625
vt 0.46875 0.3515625
vt 0.46875 0.4140625
vt 0.515625 0.4140625
vt 0.515625 0.3515625
vt 0.46875 0.3515625
vt 0.46875 0.4765625
vt 0.515625 0.4765625
vt 0.515625 0.4140625
vt 0.46875 0.4140625
vt 0.46875 0.4765625
vt 0.515625 0.4765625
vt 0.515625 0.4140625
vt 0.46875 0.4140625
vt 0.46875 0.4765625
vt 0.515625 0.4765625
vt 0.515625 0.4140625
vt 0.46875 0.4140625
vt 0.46875 0.4765625
vt 0.515625 0.4765625
vt 0.515625 0.4140625
vt 0.46875 0.4140625
vt 0.4765625 0.3359375
vt 0.5234375 0.3359375
vt 0.53125 0.32488906250000005
vt 0.46875 0.32488906250000005
vt 0.4765625 0.328125
vt 0.5234375 0.328125
vt 0.53125 0.31707656250000005
vt 0.46875 0.31707656250000005
vt 0.46875 0.46875
vt 0.515625 0.46875
vt 0.515625 0.421875
vt 0.46875 0.421875
vt 0.4765625 0.328125
vt 0.5234375 0.328125
vt 0.53125 0.31707656250000005
vt 0.46875 0.31707656250000005
vt 0.4765625 0.3359375
vt 0.5234375 0.3359375
vt 0.53125 0.32488906250000005
vt 0.46875 0.32488906250000005
vt 0.4765625 0.3359375
vt 0.5234375 0.3359375
vt 0.53125 0.32488906250000005
vt 0.46875 0.32488906250000005
vt 0.4765625 0.328125
vt 0.5234375 0.328125
vt 0.53125 0.31707656250000005
vt 0.46875 0.31707656250000005
vt 0.46875 0.46875
vt 0.515625 0.46875
vt 0.515625 0.421875
vt 0.46875 0.421875
vt 0.4765625 0.328125
vt 0.5234375 0.328125
vt 0.53125 0.31707656250000005
vt 0.46875 0.31707656250000005
vt 0.4765625 0.3359375
vt 0.5234375 0.3359375
vt 0.53125 0.32488906250000005
vt 0.46875 0.32488906250000005
vt 0.46875 0.4140625
vt 0.515625 0.4140625
vt 0.515625 0.3515625
vt 0.46875 0.3515625
vt 0.46875 0.4140625
vt 0.515625 0.4140625
vt 0.515625 0.3515625
vt 0.46875 0.3515625
vt 0.46875 0.4765625
vt 0.515625 0.4765625
vt 0.515625 0.4296875
vt 0.46875 0.4296875
vt 0.46875 0.4609375
vt 0.515625 0.4609375
vt 0.515625 0.4140625
vt 0.46875 0.4140625
vt 0.46875 0.4140625
vt 0.515625 0.4140625
vt 0.515625 0.3515625
vt 0.46875 0.3515625
vt 0.46875 0.4140625
vt 0.515625 0.4140625
vt 0.515625 0.3515625
vt 0.46875 0.3515625
vt 0.65625 0.4375
vt 0.6875 0.4375
vt 0.6875 0.265625
vt 0.65625 0.265625
vt 0.65625 0.421875
vt 0.6875 0.421875
vt 0.6875 0.25
vt 0.65625 0.25
vt 0.65625 0.421875
vt 0.6875 0.421875
vt 0.6875 0.25
vt 0.65625 0.25
vt 0.65625 0.4296875
vt 0.6875 0.4296875
vt 0.6875 0.2578125
vt 0.65625 0.2578125
vt 0.65625 0.4375
vt 0.6875 0.4375
vt 0.6875 0.265625
vt 0.65625 0.265625
vt 0.65625 0.421875
vt 0.6875 0.421875
vt 0.6875 0.25
vt 0.65625 0.25
vt 0.65625 0.421875
vt 0.6875 0.421875
vt 0.6875 0.25
vt 0.65625 0.25
vt 0.65625 0.4296875
vt 0.6875 0.4296875
vt 0.6875 0.2578125
vt 0.65625 0.2578125
vt 0.46875 0.4140625
vt 0.515625 0.4140625
vt 0.515625 0.3515625
vt 0.46875 0.3515625
vt 0.46875 0.4140625
vt 0.515625 0.4140625
vt 0.515625 0.3515625
vt 0.46875 0.3515625
vt 0.4765625 0.34375
vt 0.5234375 0.34375
vt 0.5234375 0.296875
vt 0.4765625 0.296875
vt 0.46875 0.4140625
vt 0.515625 0.4140625
vt 0.515625 0.3515625
vt 0.46875 0.3515625
vt 0.46875 0.4140625
vt 0.515625 0.4140625
vt 0.515625 0.3515625
vt 0.46875 0.3515625
vt 0.359375 0.0625
vt 0.46875 0.0625
vt 0.46875 0
vt 0.359375 0
vt 0.3828125 0.0625
vt 0.4921875 0.0625
vt 0.4921875 0
vt 0.3828125 0
vt 0.359375 0.1640625
vt 0.4921875 0.1640625
vt 0.4921875 0.0546875
vt 0.359375 0.0546875
vt 0.359375 0.1796875
vt 0.4921875 0.1796875
vt 0.4921875 0.0703125
vt 0.359375 0.0703125
vt 0.421875 0.0625
vt 0.4921875 0.0625
vt 0.4921875 0
vt 0.421875 0
vt 0.359375 0.0625
vt 0.4296875 0.0625
vt 0.4296875 0
vt 0.359375 0
vt 0.359375 0.1796875
vt 0.4921875 0.1796875
vt 0.4921875 0.109375
vt 0.359375 0.109375
vt 0.359375 0.125
vt 0.4921875 0.125
vt 0.4921875 0.0546875
vt 0.359375 0.0546875
vt 0.359375 0.0625
vt 0.4921875 0.0625
vt 0.4921875 0
vt 0.359375 0
vt 0.6875 0.5625
vt 0.8828125 0.5625
vt 0.8828125 0.5
vt 0.6875 0.5
vt 0.6875 0.5625
vt 0.8828125 0.5625
vt 0.8828125 0.5
vt 0.6875 0.5
vt 0.046875 0.4765625
vt 0.2734375 0.4765625
vt 0.2734375 0.28125
vt 0.046875 0.28125
vt 0.046875 0.4765625
vt 0.2734375 0.4765625
vt 0.2734375 0.28125
vt 0.046875 0.28125
vt 0.2734375 0.2578125
vt 0.5 0.2578125
vt 0.5 0.1953125
vt 0.2734375 0.1953125
vt 0.046875 0.28125
vt 0.2734375 0.28125
vt 0.2734375 0.21875
vt 0.046875 0.21875
vt 0.46875 0.4140625
vt 0.515625 0.4140625
vt 0.515625 0.3515625
vt 0.46875 0.3515625
vt 0.46875 0.4140625
vt 0.515625 0.4140625
vt 0.515625 0.3515625
vt 0.46875 0.3515625
vt 0.4765625 0.34375
vt 0.5234375 0.34375
vt 0.5234375 0.296875
vt 0.4765625 0.296875
vt 0.46875 0.4140625
vt 0.515625 0.4140625
vt 0.515625 0.3515625
vt 0.46875 0.3515625
vt 0.46875 0.4140625
vt 0.515625 0.4140625
vt 0.515625 0.3515625
vt 0.46875 0.3515625
vt 0.2734375 0.28125
vt 0.46875 0.28125
vt 0.46875 0.2578125
vt 0.2734375 0.2578125
vt 0.2734375 0.28125
vt 0.46875 0.28125
vt 0.46875 0.2578125
vt 0.2734375 0.2578125
vt 0.2734375 0.4765625
vt 0.46875 0.4765625
vt 0.46875 0.28125
vt 0.2734375 0.28125
vt 0.2734375 0.4765625
vt 0.46875 0.4765625
vt 0.46875 0.28125
vt 0.2734375 0.28125
vt 0.2734375 0.28125
vt 0.46875 0.28125
vt 0.46875 0.2578125
vt 0.2734375 0.2578125
vt 0.2734375 0.28125
vt 0.46875 0.28125
vt 0.46875 0.2578125
vt 0.2734375 0.2578125
vn -0.902104915954472 0.27999999999999997 0.3283393375926421
vn -0.902104915954472 0.27999999999999997 0.3283393375926421
vn 0.902104915954472 -0.27999999999999997 -0.3283393375926421
vn 0.902104915954472 -0.27999999999999997 -0.3283393375926421
vn 0.9396926207859083 0 -0.3420201433256689
vn 0.9396926207859083 0 -0.3420201433256689
vn -0.9396926207859083 0 0.3420201433256689
vn -0.9396926207859083 0 0.3420201433256689
vn -0.902104915954472 -0.27999999999999997 0.3283393375926421
vn -0.902104915954472 -0.27999999999999997 0.3283393375926421
vn 0.902104915954472 0.27999999999999997 -0.3283393375926421
vn 0.902104915954472 0.27999999999999997 -0.3283393375926421
vn -0.9599999869730969 0.28000004466362716 1.4435924722278057e-7
vn -0.9599999869730967 0.28000004466362716 1.4435924727829172e-7
vn 0.9599999869730969 -0.28000004466362716 -1.4435924722278057e-7
vn 0.9599999869730967 -0.2800000446636271 -1.4435924705624712e-7
vn 0.9999999999999888 0 -1.503742179109757e-7
vn 0.9999999999999887 0 -1.5037421774444218e-7
vn -0.9999999999999887 0 1.5037421774444218e-7
vn -0.9999999999999887 0 1.5037421785546454e-7
vn -0.9599999869730967 -0.2800000446636271 1.4435924716726942e-7
vn -0.9599999869730967 -0.2800000446636271 1.4435924727829172e-7
vn 0.9599999869730967 0.2800000446636271 -1.4435924727829172e-7
vn 0.9599999869730967 0.2800000446636271 -1.4435924711175827e-7
vn -0.9600000512346833 -0.2799998243377956 -4.570439519624435e-7
vn -0.9600000512346833 -0.2799998243377956 -4.5704395190693237e-7
vn 0.9600000880087113 0.2799996982552977 4.5704396933743386e-7
vn 0.9600000880087113 0.2799996982552977 4.57043969392945e-7
vn 0.9999999999999888 0 -1.5037421796648684e-7
vn 0.9999999999998868 0 4.760874245945955e-7
vn -0.9999999999999971 0 -7.763926096471252e-8
vn -0.9999999999998866 0 -4.760874244835732e-7
vn -0.9600000512346833 0.2799998243377956 -4.5704395190693237e-7
vn -0.9600000512346833 0.2799998243377956 -4.5704395179591007e-7
vn 0.9600000880087114 -0.2799996982552977 4.570439693929451e-7
vn 0.9600000880087114 -0.27999969825529764 4.5704396944845627e-7
vn -0.9021048297681656 0.28000012840906147 -0.32833946488330934
vn -0.9021049974498097 0.2800001284089379 -0.32833900418174106
vn 0.9021049974498097 -0.28000012840893795 0.3283390041817412
vn 0.9021048297681659 -0.28000012840906163 0.328339464883309
vn 0.9396925957730875 0 0.3420202120478217
vn 0.9396925676689007 0 0.3420202892634126
vn -0.9396924211045049 0 -0.3420206919453177
vn -0.9396927423372512 0 -0.3420198093659142
vn -0.9021048297681656 -0.28000012840906147 -0.32833946488330934
vn -0.9021049974498097 -0.28000012840893784 -0.32833900418174106
vn 0.9021049974498097 0.280000128408938 0.3283390041817412
vn 0.9021048297681659 0.28000012840906163 0.328339464883309
vn -3.783874109042351e-7 0 -0.9999999999999285
vn -0.000002753916241493569 0 0.9999999999962079
vn 0 1 0
vn -0.99999999999971 0 -7.616814115540826e-7
vn 0.9999999999999284 0 -3.7838741118179076e-7
vn 7.763926118675711e-8 0 -0.999999999999997
vn -7.763926107573482e-8 0 0.9999999999999971
vn 0 1 0
vn -0.9999999999998161 0 6.064003184036436e-7
vn 0.9999999999998161 0 -6.064003184036436e-7
vn -9.484191442199474e-7 6.053007597277923e-7 -0.9999999999993672
vn 9.484191442199472e-7 -2.137620325986398e-7 0.9999999999995274
vn -0.959999986972696 0.2800000446635584 9.104823662231529e-7
vn 0.9600000880084429 -0.27999969825511056 -9.104824624794892e-7
vn -9.48419144053414e-7 0 -0.9999999999995504
vn 9.484191442199474e-7 0 0.9999999999995504
vn -0.9999999999995504 0 9.484191443864809e-7
vn 0.9999999999995504 0 -9.484191443309697e-7
vn -9.48419144053414e-7 0 -0.9999999999995504
vn 9.484191442199474e-7 0 0.9999999999995504
vn -0.9999999999995504 0 9.484191443864809e-7
vn 0.9999999999995504 0 -9.484191443309697e-7
vn -9.48419144053414e-7 -6.053007597092886e-7 -0.9999999999993672
vn 9.484191442754584e-7 2.137620325986398e-7 0.9999999999995274
vn -0.959999986972696 -0.2800000446635584 9.104823662231529e-7
vn 0.9600000880084429 0.27999969825511045 -9.104824619798888e-7
vn 7.616814098887479e-7 -2.8501738201350125e-7 -0.9999999999996694
vn -7.616814098887479e-7 1.4250869085872487e-7 0.9999999999996998
vn -0.960000088008443 0.27999969825511045 9.10482461591311e-7
vn 0.959999986972696 -0.28000004466355827 -9.104823658345749e-7
vn 7.616814098887479e-7 0 -0.99999999999971
vn -7.616814098332367e-7 0 0.99999999999971
vn -0.9999999999995504 0 9.484191442199474e-7
vn 0.9999999999995504 0 -9.484191442199474e-7
vn 7.616814098887479e-7 0 -0.99999999999971
vn -7.616814098332367e-7 0 0.99999999999971
vn -0.9999999999995504 0 9.484191442199474e-7
vn 0.9999999999995504 0 -9.484191442199474e-7
vn 7.616814098887479e-7 2.8501738201350125e-7 -0.9999999999996694
vn -7.616814098887479e-7 -1.4250869085872487e-7 0.9999999999996998
vn -0.960000088008443 -0.27999969825511045 9.104824619243779e-7
vn 0.9599999869726961 0.2800000446635584 -9.10482366167642e-7
vn 7.616814119981716e-7 -2.8501738260562186e-7 -0.9999999999996694
vn -7.61681411332038e-7 1.4250869130281506e-7 0.9999999999996999
vn -0.9599999869728651 0.2800000446635044 -7.312141466209179e-7
vn 0.959999986972865 -0.28000004466350437 7.312141455106946e-7
vn 7.616814119426605e-7 0 -0.9999999999997099
vn -7.616814113875492e-7 0 0.99999999999971
vn -0.9999999999997099 0 -7.616814129973724e-7
vn 0.99999999999971 0 7.616814113875492e-7
vn 7.616814119426605e-7 0 -0.9999999999997099
vn -7.616814113875492e-7 0 0.99999999999971
vn -0.9999999999997099 0 -7.616814129973724e-7
vn 0.99999999999971 0 7.616814113875492e-7
vn 7.616814119981716e-7 2.850173826241256e-7 -0.9999999999996694
vn -7.61681411332038e-7 -1.4250869131206694e-7 0.9999999999996999
vn -0.9599999869728651 -0.2800000446635044 -7.312141466209179e-7
vn 0.9599999869728649 0.2800000446635044 7.312141449555829e-7
vn 0 1 0
vn 0 -1 0
vn -0.9999999999999931 0 -1.1779105429932099e-7
vn 0.9999999999999868 0 -1.6251504497688527e-7
vn 0 1 0
vn -0.9999999999999972 0 7.465331475220437e-8
vn 0 -1 0
vn 0.9999999999999769 0 2.1469480532276814e-7
vn -0.3420201433256689 0 -0.9396926207859083
vn 0.3420201433256689 0 0.9396926207859083
vn -0.902104915954472 0.27999999999999997 0.3283393375926421
vn 0.902104915954472 -0.27999999999999997 -0.3283393375926421
vn -0.3420201433256689 0 -0.9396926207859083
vn 0.3420201433256689 0 0.9396926207859083
vn -0.9396926207859083 0 0.3420201433256689
vn 0.9396926207859083 0 -0.3420201433256689
vn -0.3420201433256689 0 -0.9396926207859083
vn 0.3420201433256689 0 0.9396926207859083
vn -0.9396926207859083 0 0.3420201433256689
vn 0.9396926207859083 0 -0.3420201433256689
vn -0.3420201433256689 0 -0.9396926207859083
vn 0.3420201433256689 0 0.9396926207859083
vn -0.902104915954472 -0.27999999999999997 0.3283393375926421
vn 0.902104915954472 0.27999999999999997 -0.3283393375926421
vn 0 1 0
vn 0 -1 0
vn -0.9360368270192946 0 0.35190205805543556
vn 0.93370299418135 0 -0.3580484864606773
vn 0.3420201433256689 0 0.9396926207859083
vn 0 1 0
vn 0 -1 0
vn -0.9360368270192946 0 0.35190205805543556
vn 0.93370299418135 0 -0.3580484864606773
vn 0.3420201433256689 0 0.9396926207859083
vn 0 1 0
vn 0 -1 0
vn -0.945741765369596 0 0.32491924109784576
vn 0.944132168369711 0 -0.32956706244633677
vn 0.3420201433256689 0 0.9396926207859083
vn -0.3420179283797533 -9.31878249125255e-7 0.9396934269568739
vn 0.342021527612041 -5.044552592371209e-7 -0.9396921169455831
vn -0.9021044620185192 0.27999989145143134 -0.3283406773360025
vn 0.9021034067442002 -0.27999989144866416 0.32834357665293923
vn -0.34201792837990175 0 0.9396934269572819
vn 0.34202152761208454 0 -0.9396921169457028
vn -0.9396921169457019 0 -0.34202152761208693
vn 0.9396910177008657 0 0.34202454773350877
vn -0.34201792837990175 0 0.9396934269572819
vn 0.34202152761208454 0 -0.9396921169457028
vn -0.9396921169457019 0 -0.34202152761208693
vn 0.9396910177008657 0 0.34202454773350877
vn -0.3420179283797533 9.318782491622625e-7 0.9396934269568739
vn 0.342021527612041 5.044552592371209e-7 -0.9396921169455831
vn -0.9021044620185192 -0.27999989145143134 -0.3283406773360025
vn 0.9021034067442002 0.27999989144866416 0.32834357665293923
vn 0 1 0
vn 0 -1 0
vn -0.9360368186440471 0 -0.35190208033305415
vn 0.9337029304000883 0 0.358048652786584
vn 0.3420181214242768 0 -0.9396933566953682
vn 0 1 0
vn 0 -1 0
vn -0.9360368186440471 0 -0.35190208033305415
vn 0.9337029304000883 0 0.358048652786584
vn 0.3420181214242768 0 -0.9396933566953682
vn 0 1 0
vn 0 -1 0
vn -0.9457418046833056 0 -0.3249191266674899
vn 0.944132104884906 0 0.3295672443153252
vn 0.3420205209093013 0 -0.9396924833566194
vn 0 1 0
vn 0 -1 0
vn -0.9999999999999931 0 -1.1779105429932099e-7
vn 0.9999999999999868 0 -1.6251504497688527e-7
vn 0 1 0
vn -0.9999999999999972 0 7.465331475220437e-8
vn 0 -1 0
vn 0.9999999999999769 0 2.1469480532276814e-7
vn 0 1 0
vn 0 -1 0
vn -0.99999999999998 0 -2.002830953862222e-7
vn 0.9999999999999957 0 -9.337087492067295e-8
vn 0 1 0
vn -0.9999999999999927 0 1.2095313983717657e-7
vn 0 -1 0
vn 0.9999999999999836 0 1.821735182705453e-7
vn 7.763926118675711e-8 0 -0.999999999999997
vn -7.763926107573482e-8 0 0.9999999999999971
vn -0.9999999999998161 0 6.064003184036436e-7
vn 0.9999999999998161 0 -6.064003184036436e-7
vn -7.178019330589256e-7 -1.515666503514915e-7 -0.9999999999997309
vn -0.0000011057568062855514 -3.030972662741472e-7 0.9999999999993427
vn 0.24192199007119003 -0.9702957027215877 1.250803405988821e-7
vn -0.9702957689778449 -0.24192172433132453 -5.016696713600055e-7
vn 0.9702957689779476 0.24192172433136855 -1.7559716042336857e-7
vn -2.168905110511154e-7 -5.050599566222839e-7 -0.999999999999849
vn -3.7292756854823123e-7 9.048485586403949e-7 0.999999999999521
vn 0.945518174219043 0.32556932014584267 0.0000011230536863249263
vn -0.9455186563309456 -0.3255679199951918 3.577723561298818e-7
vn -0.3255688698208167 0.9455183292795444 1.2319116167447408e-7
vn 0.3255687382146929 -0.9455183745951969 3.866992529105717e-7
vn -9.337087486516182e-8 0 -0.9999999999999958
vn -0.0000010812446300523249 0 0.9999999999994156
vn -0.9999999999999957 0 9.337087431005028e-8
vn 0.9999999999998643 0 -5.208955102253831e-7
vn -2.6755953538848404e-7 0.7071088123801164 -0.7071047499870934
vn 2.675607925217704e-7 0.7071054900697529 0.7071080723009342
vn 0 1 0
vn -0.7071066615384043 0.7071069008346577 -1.3551423960755926e-7
vn 0.7071066615384067 0.7071069008346552 1.3551423957980369e-7
vn 2.675592303547081e-7 -0.7071096185201614 0.707103943841498
vn -2.675592303269525e-7 -0.7071096185201606 -0.7071039438414988
vn 0 -1 0
vn -0.7071074676883601 -0.7071060946840555 -1.3551439409509314e-7
vn 0.7071086769150179 -0.7071048854529819 1.3551462585414953e-7
vn -1.3696373835081485e-7 5.759796824860653e-7 -0.9999999999998248
vn 3.130557835184788e-8 0.0000010440370813185153 0.9999999999994545
vn 0.945518831804462 0.3255674103822401 -3.5777242368695283e-7
vn -0.9455188318036035 -0.325567410380687 -0.0000016620339048367678
vn -0.32556886982080835 0.9455183292795531 -6.239400675289718e-8
vn 0.32556886982081673 -0.9455183292795444 -1.2319116206305214e-7
vn -1.269477628018656e-7 2.779890763994053e-7 -0.9999999999999534
vn 1.2694776269084326e-7 -2.779890764397772e-7 0.9999999999999533
vn -0.3255681855430781 0.9455185648955747 3.039858634257264e-8
vn 0.3255681855430779 -0.9455185648955747 -3.039858634257264e-8
vn -1.269477625243098e-7 2.7798907585438604e-7 -0.9999999999999533
vn -6.378883146140878e-7 0.000001943255941456824 0.9999999999979086
vn -0.32556818554307804 0.9455185648955748 3.0398586439717163e-8
vn 0.3255681376866757 -0.945518581373806 -3.087750546082457e-7
vn -7.267811010236436e-7 9.75768042110917e-7 -0.9999999999992598
vn -1.8734222401173279e-7 3.658709059919378e-7 0.9999999999999155
vn 0.9455183496938675 0.32556881053328435 -3.577722410552653e-7
vn -0.32556886982080824 0.9455183292795534 -6.239400676677498e-8
vn 0.3255685082374706 -0.9455184537829038 -1.2319102515867544e-7
vn -2.1552087359211209e-7 0 -0.9999999999999769
vn 2.1552087359211214e-7 0 0.9999999999999769
vn 0 1 0
vn 0 -1 0
vn 5.482018674007881e-7 -1.4138869412123114e-7 -0.9999999999998398
vn 5.76911346639175e-7 5.7433322528549564e-8 0.9999999999998319
vn -0.3090175515415381 0.9510563352605717 -6.544958075505036e-8
vn 0.309016853386644 -0.9510565621050188 2.5387048852021366e-9
vn 0.9510565419261794 0.3090169154906849 2.0143273948836077e-7
vn 3.1670824085505695e-7 0 -0.9999999999999499
vn 1.9597687933581293e-7 0 0.9999999999999809
vn 0 1 0
vn 0 -1 0
vn -0.99999999999999 0 -1.4220756494598416e-7
vn 0.999999999999998 0 -6.388638018606228e-8
vn -2.168905108290708e-7 -5.050599564927583e-7 -0.999999999999849
vn 3.225488577895952e-7 -0.0000011149566795165124 0.9999999999993265
vn 0.9455181742197486 0.3255693201456804 1.8120487815798114e-7
vn -0.3255688698208167 0.9455183292795445 1.2319116199366323e-7
vn 0.32556850823753736 -0.9455184537828867 6.239393750273603e-8
vn -1.9597687928030175e-7 0 -0.9999999999999808
vn -1.7990009953949832e-7 0 0.9999999999999838
vn 0 1 0
vn 0 -1 0
vn -0.9999999999999982 0 5.916886058887626e-8
vn 0.9999999999999808 0 -1.959768793358129e-7
usemtl radar
f 132/389/98 137/390/98 136/391/98
f 132/389/98 136/391/98 133/392/98
f 135/393/99 136/394/99 137/395/99
f 135/393/99 137/395/99 134/396/99
f 139/397/100 140/398/100 142/399/100
f 139/397/100 142/399/100 143/400/100
f 140/401/101 139/402/101 138/403/101
f 140/401/101 138/403/101 141/404/101
f 148/405/102 149/406/102 144/407/102
f 148/405/102 144/407/102 145/408/102
f 149/409/103 148/410/103 147/411/103
f 149/409/103 147/411/103 146/412/103
f 150/413/104 155/414/104 154/415/104
f 150/413/104 154/415/104 151/416/104
f 153/417/105 154/418/105 155/419/105
f 153/417/105 155/419/105 152/420/105
f 160/421/106 161/422/106 156/423/106
f 160/421/106 156/423/106 157/424/106
f 161/425/107 160/426/107 159/427/107
f 161/425/107 159/427/107 158/428/107
f 166/429/108 164/430/108 163/431/108
f 166/429/108 163/431/108 167/432/108
f 162/433/109 163/434/109 164/435/109
f 162/433/109 164/435/109 165/436/109
f 172/437/110 173/438/110 168/439/110
f 172/437/110 168/439/110 169/440/110
f 173/441/111 172/442/111 171/443/111
f 173/441/111 171/443/111 170/444/111
f 178/445/112 176/446/112 175/447/112
f 178/445/112 175/447/112 179/448/112
f 174/449/113 175/450/113 176/451/113
f 174/449/113 176/451/113 177/452/113
f 180/453/114 185/454/114 184/455/114
f 180/453/114 184/455/114 181/456/114
f 183/457/115 184/458/115 185/459/115
f 183/457/115 185/459/115 182/460/115
f 190/461/116 191/462/116 186/463/116
f 190/461/116 186/463/116 187/464/116
f 191/465/117 190/466/117 189/467/117
f 191/465/117 189/467/117 188/468/117
f 192/469/118 197/470/118 196/471/118
f 192/469/118 196/471/118 193/472/118
f 195/473/119 196/474/119 197/475/119
f 195/473/119 197/475/119 194/476/119
f 199/477/120 200/478/120 202/479/120
f 199/477/120 202/479/120 203/480/120
f 200/481/121 199/482/121 198/483/121
f 200/481/121 198/483/121 201/484/121
f 204/485/122 209/486/122 208/487/122
f 204/485/122 208/487/122 205/488/122
f 207/489/123 208/490/123 209/491/123
f 207/489/123 209/491/123 206/492/123
f 211/493/124 212/494/124 214/495/124
f 211/493/124 214/495/124 215/496/124
f 212/497/125 211/498/125 210/499/125
f 212/497/125 210/499/125 213/500/125
f 216/501/126 221/502/126 220/503/126
f 216/501/126 220/503/126 217/504/126
f 219/505/127 220/506/127 221/507/127
f 219/505/127 221/507/127 218/508/127
f 226/509/128 227/510/128 222/511/128
f 226/509/128 222/511/128 223/512/128
f 227/513/129 226/514/129 225/515/129
f 227/513/129 225/515/129 224/516/129
f 232/517/130 233/518/130 228/519/130
f 232/517/130 228/519/130 229/520/130
f 233/521/131 232/522/131 231/523/131
f 233/521/131 231/523/131 230/524/131
f 238/525/132 236/526/132 235/527/132
f 238/525/132 235/527/132 239/528/132
f 234/529/133 235/530/133 236/531/133
f 234/529/133 236/531/133 237/532/133
f 244/533/134 245/534/134 240/535/134
f 244/533/134 240/535/134 241/536/134
f 245/537/135 244/538/135 243/539/135
f 245/537/135 243/539/135 242/540/135
f 250/541/136 248/542/136 247/543/136
f 250/541/136 247/543/136 251/544/136
f 246/545/137 247/546/137 248/547/137
f 246/545/137 248/547/137 249/548/137
f 252/549/138 257/550/138 256/551/138
f 252/549/138 256/551/138 253/552/138
f 255/553/139 256/554/139 257/555/139
f 255/553/139 257/555/139 254/556/139
f 262/557/140 263/558/140 258/559/140
f 262/557/140 258/559/140 259/560/140
f 263/561/141 262/562/141 261/563/141
f 263/561/141 261/563/141 260/564/141
f 264/565/142 269/566/142 268/567/142
f 264/565/142 268/567/142 265/568/142
f 267/569/143 268/570/143 269/571/143
f 267/569/143 269/571/143 266/572/143
f 271/573/144 272/574/144 274/575/144
f 271/573/144 274/575/144 275/576/144
f 272/577/145 271/578/145 270/579/145
f 272/577/145 270/579/145 273/580/145
f 276/581/146 277/582/146 279/583/146
f 276/581/146 279/583/146 278/584/146
f 281/585/147 280/586/147 282/587/147
f 281/585/147 282/587/147 283/588/147
f 281/589/148 277/590/148 276/591/148
f 281/589/148 276/591/148 280/592/148
f 280/593/149 276/594/149 278/595/149
f 280/593/149 278/595/149 282/596/149
f 277/597/150 281/598/150 283/599/150
f 277/597/150 283/599/150 279/600/150
f 284/601/151 285/602/151 287/603/151
f 284/601/151 287/603/151 286/604/151
f 289/605/152 288/606/152 290/607/152
f 289/605/152 290/607/152 291/608/152
f 289/609/153 285/610/153 284/611/153
f 289/609/153 284/611/153 288/612/153
f 288/613/154 284/614/154 286/615/154
f 288/613/154 286/615/154 290/616/154
f 285/617/155 289/618/155 291/619/155
f 285/617/155 291/619/155 287/620/155
usemtl common_steel
f 295/621/156 293/622/156 292/623/156
f 295/621/156 292/623/156 294/624/156
f 298/625/157 296/626/157 297/627/157
f 298/625/157 297/627/157 299/628/157
f 294/629/158 292/630/158 296/631/158
f 294/629/158 296/631/158 298/632/158
f 299/633/159 297/634/159 293/635/159
f 299/633/159 293/635/159 295/636/159
f 300/637/160 301/638/160 303/639/160
f 300/637/160 303/639/160 302/640/160
f 305/641/161 304/642/161 306/643/161
f 305/641/161 306/643/161 307/644/161
f 304/645/162 300/646/162 302/647/162
f 304/645/162 302/647/162 306/648/162
f 301/649/163 305/650/163 307/651/163
f 301/649/163 307/651/163 303/652/163
f 308/653/164 309/654/164 311/655/164
f 308/653/164 311/655/164 310/656/164
f 313/657/165 312/658/165 314/659/165
f 313/657/165 314/659/165 315/660/165
f 312/661/166 308/662/166 310/663/166
f 312/661/166 310/663/166 314/664/166
f 309/665/167 313/666/167 315/667/167
f 309/665/167 315/667/167 311/668/167
f 316/669/168 317/670/168 319/671/168
f 316/669/168 319/671/168 318/672/168
f 321/673/169 320/674/169 322/675/169
f 321/673/169 322/675/169 323/676/169
f 320/677/170 316/678/170 318/679/170
f 320/677/170 318/679/170 322/680/170
f 317/681/171 321/682/171 323/683/171
f 317/681/171 323/683/171 319/684/171
f 327/685/172 325/686/172 324/687/172
f 327/685/172 324/687/172 326/688/172
f 330/689/173 328/690/173 329/691/173
f 330/689/173 329/691/173 331/692/173
f 326/693/174 324/694/174 328/695/174
f 326/693/174 328/695/174 330/696/174
f 331/697/175 329/698/175 325/699/175
f 331/697/175 325/699/175 327/700/175
f 332/701/176 333/702/176 335/703/176
f 332/701/176 335/703/176 334/704/176
f 337/705/177 336/706/177 338/707/177
f 337/705/177 338/707/177 339/708/177
f 336/709/178 332/710/178 334/711/178
f 336/709/178 334/711/178 338/712/178
f 333/713/179 337/714/179 339/715/179
f 333/713/179 339/715/179 335/716/179
f 340/717/180 341/718/180 343/719/180
f 340/717/180 343/719/180 342/720/180
f 345/721/181 344/722/181 346/723/181
f 345/721/181 346/723/181 347/724/181
f 344/725/182 340/726/182 342/727/182
f 344/725/182 342/727/182 346/728/182
f 341/729/183 345/730/183 347/731/183
f 341/729/183 347/731/183 343/732/183
f 348/733/184 349/734/184 351/735/184
f 348/733/184 351/735/184 350/736/184
f 353/737/185 352/738/185 354/739/185
f 353/737/185 354/739/185 355/740/185
f 352/741/186 348/742/186 350/743/186
f 352/741/186 350/743/186 354/744/186
f 349/745/187 353/746/187 355/747/187
f 349/745/187 355/747/187 351/748/187
f 359/749/188 357/750/188 356/751/188
f 359/749/188 356/751/188 358/752/188
f 362/753/189 360/754/189 361/755/189
f 362/753/189 361/755/189 363/756/189
f 358/757/190 356/758/190 360/759/190
f 358/757/190 360/759/190 362/760/190
f 363/761/191 361/762/191 357/763/191
f 363/761/191 357/763/191 359/764/191
f 364/765/192 365/766/192 367/767/192
f 364/765/192 367/767/192 366/768/192
f 369/769/193 368/770/193 370/771/193
f 369/769/193 370/771/193 371/772/193
f 368/773/194 364/774/194 366/775/194
f 368/773/194 366/775/194 370/776/194
f 365/777/195 369/778/195 371/779/195
f 365/777/195 371/779/195 367/780/195
f 372/781/196 373/782/196 375/783/196
f 372/781/196 375/783/196 374/784/196
f 377/785/197 376/786/197 378/787/197
f 377/785/197 378/787/197 379/788/197
f 376/789/198 372/790/198 374/791/198
f 376/789/198 374/791/198 378/792/198
f 373/793/199 377/794/199 379/795/199
f 373/793/199 379/795/199 375/796/199
f 380/797/200 381/798/200 383/799/200
f 380/797/200 383/799/200 382/800/200
f 385/801/201 384/802/201 386/803/201
f 385/801/201 386/803/201 387/804/201
f 384/805/202 380/806/202 382/807/202
f 384/805/202 382/807/202 386/808/202
f 381/809/203 385/810/203 387/811/203
f 381/809/203 387/811/203 383/812/203
f 396/813/204 397/814/204 392/815/204
f 396/813/204 392/815/204 393/816/204
f 398/817/205 399/818/205 395/819/205
f 398/817/205 395/819/205 394/820/205
f 397/821/206 398/822/206 394/823/206
f 397/821/206 394/823/206 392/824/206
f 399/825/207 396/826/207 393/827/207
f 399/825/207 393/827/207 395/828/207
f 397/829/208 396/830/208 389/831/208
f 397/829/208 389/831/208 388/832/208
f 398/833/209 397/834/209 388/835/209
f 398/833/209 388/835/209 390/836/209
f 399/837/210 398/838/210 390/839/210
f 399/837/210 390/839/210 391/840/210
f 396/841/211 399/842/211 391/843/211
f 396/841/211 391/843/211 389/844/211
f 403/845/212 401/846/212 400/847/212
f 403/845/212 400/847/212 402/848/212
f 406/849/213 404/850/213 405/851/213
f 406/849/213 405/851/213 407/852/213
f 402/853/214 400/854/214 404/855/214
f 402/853/214 404/855/214 406/856/214
f 407/857/215 405/858/215 401/859/215
f 407/857/215 401/859/215 403/860/215
f 408/861/216 409/862/216 411/863/216
f 408/861/216 411/863/216 410/864/216
f 413/865/217 412/866/217 414/867/217
f 413/865/217 414/867/217 415/868/217
f 412/869/218 408/870/218 410/871/218
f 412/869/218 410/871/218 414/872/218
f 409/873/219 413/874/219 415/875/219
f 409/873/219 415/875/219 411/876/219
f 416/877/220 417/878/220 419/879/220
f 416/877/220 419/879/220 418/880/220
f 421/881/221 420/882/221 422/883/221
f 421/881/221 422/883/221 423/884/221
f 420/885/222 416/886/222 418/887/222
f 420/885/222 418/887/222 422/888/222
f 417/889/223 421/890/223 423/891/223
f 417/889/223 423/891/223 419/892/223
f 424/893/224 425/894/224 427/895/224
f 424/893/224 427/895/224 426/896/224
f 429/897/225 428/898/225 430/899/225
f 429/897/225 430/899/225 431/900/225
f 428/901/226 424/902/226 426/903/226
f 428/901/226 426/903/226 430/904/226
f 425/905/227 429/906/227 431/907/227
f 425/905/227 431/907/227 427/908/227
f 436/909/228 437/910/228 432/911/228
f 436/909/228 432/911/228 433/912/228
f 438/913/229 439/914/229 435/915/229
f 438/913/229 435/915/229 434/916/229
f 437/917/230 438/918/230 434/919/230
f 437/917/230 434/919/230 432/920/230
f 439/921/231 436/922/231 433/923/231
f 439/921/231 433/923/231 435/924/231
usemtl radar
f 434/925/232 435/926/232 433/927/232
f 434/925/232 433/927/232 432/928/232
usemtl common_steel
f 444/929/233 445/930/233 440/931/233
f 444/929/233 440/931/233 441/932/233
f 446/933/234 447/934/234 443/935/234
f 446/933/234 443/935/234 442/936/234
f 445/937/235 446/938/235 442/939/235
f 445/937/235 442/939/235 440/940/235
f 447/941/236 444/942/236 441/943/236
f 447/941/236 441/943/236 443/944/236
usemtl radar
f 442/945/237 443/946/237 441/947/237
f 442/945/237 441/947/237 440/948/237
usemtl common_steel
f 452/949/238 453/950/238 448/951/238
f 452/949/238 448/951/238 449/952/238
f 454/953/239 455/954/239 451/955/239
f 454/953/239 451/955/239 450/956/239
f 453/957/240 454/958/240 450/959/240
f 453/957/240 450/959/240 448/960/240
f 455/961/241 452/962/241 449/963/241
f 455/961/241 449/963/241 451/964/241
usemtl radar
f 448/965/242 450/966/242 451/967/242
f 448/965/242 451/967/242 449/968/242
usemtl common_steel
f 456/969/243 457/970/243 459/971/243
f 456/969/243 459/971/243 458/972/243
f 461/973/244 460/974/244 462/975/244
f 461/973/244 462/975/244 463/976/244
f 460/977/245 456/978/245 458/979/245
f 460/977/245 458/979/245 462/980/245
f 457/981/246 461/982/246 463/983/246
f 457/981/246 463/983/246 459/984/246
f 467/985/247 465/986/247 464/987/247
f 467/985/247 464/987/247 466/988/247
f 470/989/248 468/990/248 469/991/248
f 470/989/248 469/991/248 471/992/248
f 466/993/249 464/994/249 468/995/249
f 466/993/249 468/995/249 470/996/249
f 471/997/250 469/998/250 465/999/250
f 471/997/250 465/999/250 467/1000/250
f 475/1001/251 473/1002/251 472/1003/251
f 475/1001/251 472/1003/251 474/1004/251
f 478/1005/252 476/1006/252 477/1007/252
f 478/1005/252 477/1007/252 479/1008/252
f 474/1009/253 472/1010/253 476/1011/253
f 474/1009/253 476/1011/253 478/1012/253
f 479/1013/254 477/1014/254 473/1015/254
f 479/1013/254 473/1015/254 475/1016/254
f 483/1017/255 481/1018/255 480/1019/255
f 483/1017/255 480/1019/255 482/1020/255
f 486/1021/256 484/1022/256 485/1023/256
f 486/1021/256 485/1023/256 487/1024/256
f 482/1025/257 480/1026/257 484/1027/257
f 482/1025/257 484/1027/257 486/1028/257
f 487/1029/258 485/1030/258 481/1031/258
f 487/1029/258 481/1031/258 483/1032/258
f 488/1033/259 493/1034/259 492/1035/259
f 488/1033/259 492/1035/259 489/1036/259
f 491/1037/260 495/1038/260 494/1039/260
f 491/1037/260 494/1039/260 490/1040/260
f 490/1041/261 494/1042/261 493/1043/261
f 490/1041/261 493/1043/261 488/1044/261
f 489/1045/262 492/1046/262 495/1047/262
f 489/1045/262 495/1047/262 491/1048/262
usemtl radar
f 489/1049/263 491/1050/263 490/1051/263
f 489/1049/263 490/1051/263 488/1052/263
usemtl common_steel
f 496/1053/264 501/1054/264 500/1055/264
f 496/1053/264 500/1055/264 497/1056/264
f 499/1057/265 503/1058/265 502/1059/265
f 499/1057/265 502/1059/265 498/1060/265
f 498/1061/266 502/1062/266 501/1063/266
f 498/1061/266 501/1063/266 496/1064/266
f 497/1065/267 500/1066/267 503/1067/267
f 497/1065/267 503/1067/267 499/1068/267
usemtl radar
f 497/1069/268 499/1070/268 498/1071/268
f 497/1069/268 498/1071/268 496/1072/268
usemtl common_steel
f 504/1073/269 509/1074/269 508/1075/269
f 504/1073/269 508/1075/269 505/1076/269
f 507/1077/270 511/1078/270 510/1079/270
f 507/1077/270 510/1079/270 506/1080/270
f 506/1081/271 510/1082/271 509/1083/271
f 506/1081/271 509/1083/271 504/1084/271
f 505/1085/272 508/1086/272 511/1087/272
f 505/1085/272 511/1087/272 507/1088/272
usemtl radar
f 507/1089/273 506/1090/273 504/1091/273
f 507/1089/273 504/1091/273 505/1092/273
usemtl common_steel
f 520/1093/274 521/1094/274 516/1095/274
f 520/1093/274 516/1095/274 517/1096/274
f 522/1097/275 523/1098/275 519/1099/275
f 522/1097/275 519/1099/275 518/1100/275
f 521/1101/276 522/1102/276 518/1103/276
f 521/1101/276 518/1103/276 516/1104/276
f 523/1105/277 520/1106/277 517/1107/277
f 523/1105/277 517/1107/277 519/1108/277
f 521/1109/278 520/1110/278 513/1111/278
f 521/1109/278 513/1111/278 512/1112/278
f 522/1113/279 521/1114/279 512/1115/279
f 522/1113/279 512/1115/279 514/1116/279
f 523/1117/280 522/1118/280 514/1119/280
f 523/1117/280 514/1119/280 515/1120/280
f 520/1121/281 523/1122/281 515/1123/281
f 520/1121/281 515/1123/281 513/1124/281
f 532/1125/282 533/1126/282 528/1127/282
f 532/1125/282 528/1127/282 529/1128/282
f 534/1129/283 535/1130/283 531/1131/283
f 534/1129/283 531/1131/283 530/1132/283
f 533/1133/284 534/1134/284 530/1135/284
f 533/1133/284 530/1135/284 528/1136/284
f 535/1137/285 532/1138/285 529/1139/285
f 535/1137/285 529/1139/285 531/1140/285
f 533/1141/286 532/1142/286 525/1143/286
f 533/1141/286 525/1143/286 524/1144/286
f 534/1145/287 533/1146/287 524/1147/287
f 534/1145/287 524/1147/287 526/1148/287
f 535/1149/288 534/1150/288 526/1151/288
f 535/1149/288 526/1151/288 527/1152/288
f 532/1153/289 535/1154/289 527/1155/289
f 532/1153/289 527/1155/289 525/1156/289
usemtl radar
f 536/1157/290 537/1158/290 539/1159/290
f 536/1157/290 539/1159/290 538/1160/290
f 541/1161/291 540/1162/291 542/1163/291
f 541/1161/291 542/1163/291 543/1164/291
f 540/1165/292 536/1166/292 538/1167/292
f 540/1165/292 538/1167/292 542/1168/292
f 537/1169/293 541/1170/293 543/1171/293
f 537/1169/293 543/1171/293 539/1172/293
f 544/1173/294 545/1174/294 547/1175/294
f 544/1173/294 547/1175/294 546/1176/294
f 549/1177/295 548/1178/295 550/1179/295
f 549/1177/295 550/1179/295 551/1180/295
f 550/1181/296 546/1182/296 547/1183/296
f 550/1181/296 547/1183/296 551/1184/296
f 548/1185/297 544/1186/297 546/1187/297
f 548/1185/297 546/1187/297 550/1188/297
f 545/1189/298 549/1190/298 551/1191/298
f 545/1189/298 551/1191/298 547/1192/298
f 552/1193/299 553/1194/299 555/1195/299
f 552/1193/299 555/1195/299 554/1196/299
f 557/1197/300 556/1198/300 558/1199/300
f 557/1197/300 558/1199/300 559/1200/300
f 557/1201/301 553/1202/301 552/1203/301
f 557/1201/301 552/1203/301 556/1204/301
f 558/1205/302 554/1206/302 555/1207/302
f 558/1205/302 555/1207/302 559/1208/302
f 556/1209/303 552/1210/303 554/1211/303
f 556/1209/303 554/1211/303 558/1212/303
f 553/1213/304 557/1214/304 559/1215/304
f 553/1213/304 559/1215/304 555/1216/304
f 565/1217/305 561/1218/305 560/1219/305
f 565/1217/305 560/1219/305 564/1220/305
f 566/1221/306 562/1222/306 563/1223/306
f 566/1221/306 563/1223/306 567/1224/306
f 564/1225/307 560/1226/307 562/1227/307
f 564/1225/307 562/1227/307 566/1228/307
f 561/1229/308 565/1230/308 567/1231/308
f 561/1229/308 567/1231/308 563/1232/308
f 568/1233/309 569/1234/309 571/1235/309
f 568/1233/309 571/1235/309 570/1236/309
f 573/1237/310 572/1238/310 574/1239/310
f 573/1237/310 574/1239/310 575/1240/310
f 573/1241/311 569/1242/311 568/1243/311
f 573/1241/311 568/1243/311 572/1244/311
f 572/1245/312 568/1246/312 570/1247/312
f 572/1245/312 570/1247/312 574/1248/312
f 569/1249/313 573/1250/313 575/1251/313
f 569/1249/313 575/1251/313 571/1252/313
f 576/1253/314 577/1254/314 579/1255/314
f 576/1253/314 579/1255/314 578/1256/314
f 581/1257/315 580/1258/315 582/1259/315
f 581/1257/315 582/1259/315 583/1260/315
f 581/1261/316 577/1262/316 576/1263/316
f 581/1261/316 576/1263/316 580/1264/316
f 580/1265/317 576/1266/317 578/1267/317
f 580/1265/317 578/1267/317 582/1268/317
f 577/1269/318 581/1270/318 583/1271/318
f 577/1269/318 583/1271/318 579/1272/318
f 584/1273/319 585/1274/319 587/1275/319
f 584/1273/319 587/1275/319 586/1276/319
f 589/1277/320 588/1278/320 590/1279/320
f 589/1277/320 590/1279/320 591/1280/320
f 589/1281/321 585/1282/321 584/1283/321
f 589/1281/321 584/1283/321 588/1284/321
f 590/1285/322 586/1286/322 587/1287/322
f 590/1285/322 587/1287/322 591/1288/322
f 588/1289/323 584/1290/323 586/1291/323
f 588/1289/323 586/1291/323 590/1292/323
f 585/1293/324 589/1294/324 591/1295/324
f 585/1293/324 591/1295/324 587/1296/324
f 592/1297/325 593/1298/325 595/1299/325
f 592/1297/325 595/1299/325 594/1300/325
f 597/1301/326 596/1302/326 598/1303/326
f 597/1301/326 598/1303/326 599/1304/326
f 596/1305/327 592/1306/327 594/1307/327
f 596/1305/327 594/1307/327 598/1308/327
f 593/1309/328 597/1310/328 599/1311/328
f 593/1309/328 599/1311/328 595/1312/328
f 600/1313/329 601/1314/329 603/1315/329
f 600/1313/329 603/1315/329 602/1316/329
f 605/1317/330 604/1318/330 606/1319/330
f 605/1317/330 606/1319/330 607/1320/330
f 604/1321/331 600/1322/331 602/1323/331
f 604/1321/331 602/1323/331 606/1324/331
f 601/1325/332 605/1326/332 607/1327/332
f 601/1325/332 607/1327/332 603/1328/332
f 608/1329/333 609/1330/333 610/1331/333
f 608/1329/333 610/1331/333 131/1332/333
f 612/1333/334 611/1334/334 613/1335/334
f 612/1333/334 613/1335/334 614/1336/334
f 612/1337/335 609/1338/335 608/1339/335
f 612/1337/335 608/1339/335 611/1340/335
f 611/1341/336 608/1342/336 131/1343/336
f 611/1341/336 131/1343/336 613/1344/336
f 609/1345/337 612/1346/337 614/1347/337
f 609/1345/337 614/1347/337 610/1348/337
f 615/1349/338 616/1350/338 618/1351/338
f 615/1349/338 618/1351/338 617/1352/338
f 620/1353/339 619/1354/339 621/1355/339
f 620/1353/339 621/1355/339 622/1356/339
f 620/1357/340 616/1358/340 615/1359/340
f 620/1357/340 615/1359/340 619/1360/340
f 621/1361/341 617/1362/341 618/1363/341
f 621/1361/341 618/1363/341 622/1364/341
f 623/1365/342 624/1366/342 626/1367/342
f 623/1365/342 626/1367/342 625/1368/342
f 628/1369/343 627/1370/343 629/1371/343
f 628/1369/343 629/1371/343 630/1372/343
f 628/1373/344 624/1374/344 623/1375/344
f 628/1373/344 623/1375/344 627/1376/344
f 629/1377/345 625/1378/345 626/1379/345
f 629/1377/345 626/1379/345 630/1380/345
f 624/1381/346 628/1382/346 630/1383/346
f 624/1381/346 630/1383/346 626/1384/346
f 631/1385/347 632/1386/347 634/1387/347
f 631/1385/347 634/1387/347 633/1388/347
f 636/1389/348 635/1390/348 637/1391/348
f 636/1389/348 637/1391/348 638/1392/348
f 636/1393/349 632/1394/349 631/1395/349
f 636/1393/349 631/1395/349 635/1396/349
f 637/1397/350 633/1398/350 634/1399/350
f 637/1397/350 634/1399/350 638/1400/350
f 635/1401/351 631/1402/351 633/1403/351
f 635/1401/351 633/1403/351 637/1404/351
f 632/1405/352 636/1406/352 638/1407/352
f 632/1405/352 638/1407/352 634/1408/352
f 639/1409/353 640/1410/353 642/1411/353
f 639/1409/353 642/1411/353 641/1412/353
f 644/1413/354 643/1414/354 645/1415/354
f 644/1413/354 645/1415/354 646/1416/354
f 644/1417/355 640/1418/355 639/1419/355
f 644/1417/355 639/1419/355 643/1420/355
f 643/1421/356 639/1422/356 641/1423/356
f 643/1421/356 641/1423/356 645/1424/356
f 640/1425/357 644/1426/357 646/1427/357
f 640/1425/357 646/1427/357 642/1428/357
f 647/1429/358 648/1430/358 650/1431/358
f 647/1429/358 650/1431/358 649/1432/358
f 652/1433/359 651/1434/359 653/1435/359
f 652/1433/359 653/1435/359 654/1436/359
f 652/1437/360 648/1438/360 647/1439/360
f 652/1437/360 647/1439/360 651/1440/360
f 653/1441/361 649/1442/361 650/1443/361
f 653/1441/361 650/1443/361 654/1444/361
f 651/1445/362 647/1446/362 649/1447/362
f 651/1445/362 649/1447/362 653/1448/362
f 648/1449/363 652/1450/363 654/1451/363
f 648/1449/363 654/1451/363 650/1452/363
o main
v 0.8750000083073446 0.8750003592566722 -0.1437500000000007
v 1.622158502201291 2.981757692175953 2.156249999999999
v 1.808631357582842 2.9621586053132676 2.156249999999999
v 1.5241630678878662 2.0493934152681965 2.218749999999999
v 1.7106359232694173 2.0297943284055115 2.218749999999999
v 1.622158502201291 2.981757692175953 2.343749999999999
v 1.808631357582842 2.9621586053132676 2.343749999999999
v 1.5241630678878662 2.0493934152681965 2.406249999999999
v 1.7106359232694173 2.0297943284055115 2.406249999999999
v 1.5265810989713473 2.065571160576411 2.218749999999999
v 1.407325297235324 1.4520540000690096 2.218749999999999
v 1.591380121533394 1.4162771678981105 2.218749999999999
v 1.5265810989713473 2.065571160576411 2.406249999999999
v 1.407325297235324 1.4520540000690096 2.406249999999999
v 1.591380121533394 1.4162771678981105 2.406249999999999
v 1.7294884424680932 3.5339228519766372 2.156249999999999
v 1.9135439536726375 3.4981465760516333 2.156249999999999
v 1.806213326499361 2.9459808600050534 2.156249999999999
v 1.7294884424680932 3.5339228519766372 2.343749999999999
v 1.9135439536726375 3.4981465760516333 2.343749999999999
v 1.806213326499361 2.9459808600050534 2.343749999999999
v 1.943251114821865 4.121230903287649 2.156249999999999
v 2.1194436283982894 4.057101839884985 2.156249999999999
v 1.9056810213748072 3.4697944101501594 2.156249999999999
v 1.943251114821865 4.121230903287649 2.343749999999999
v 2.1194436283982894 4.057101839884985 2.343749999999999
v 1.9056810213748072 3.4697944101501594 2.343749999999999
v 1.874999601416068 4.3750003044314445 2.062499999999999
v 2.124999726573719 4.375000049133445 2.062499999999999
v 1.8750000755963714 4.062500221715565 2.062499999999999
v 2.124999579177838 4.062500031747855 2.062499999999999
v 1.874999601416068 4.3750003044314445 2.937499999999999
v 2.124999726573719 4.375000049133445 2.937499999999999
v 1.8750000755963714 4.062500221715565 2.937499999999999
v 2.124999579177838 4.062500031747855 2.937499999999999
v 1.9375001942077152 5.125000166230332 2.1874999999999982
v 2.0624999786635936 5.125000382034568 2.1874999999999982
v 1.9375001152201916 4.375000347003273 2.187499999999999
v 2.06249983434578 4.3749999412313265 2.187499999999999
v 1.9375001942077152 5.125000166230332 2.3124999999999982
v 2.0624999786635936 5.125000382034568 2.3124999999999982
v 1.9375001152201916 4.375000347003273 2.312499999999999
v 2.06249983434578 4.3749999412313265 2.312499999999999
v 1.622158502201291 2.981757692175953 2.468749999999999
v 1.808631357582842 2.9621586053132676 2.468749999999999
v 1.5241630678878662 2.049393415268197 2.531249999999999
v 1.7106359232694173 2.029794328405512 2.531249999999999
v 1.622158502201291 2.981757692175953 2.656249999999999
v 1.808631357582842 2.9621586053132685 2.656249999999999
v 1.5241630678878662 2.049393415268197 2.718749999999999
v 1.7106359232694173 2.029794328405512 2.718749999999999
v 1.5265810989713473 2.0655711605764115 2.531249999999999
v 1.407325297235324 1.45205400006901 2.531249999999999
v 1.591380121533394 1.416277167898111 2.531249999999999
v 1.5265810989713473 2.0655711605764115 2.718749999999999
v 1.407325297235324 1.45205400006901 2.718749999999999
v 1.591380121533394 1.416277167898111 2.718749999999999
v 1.7294884424680932 3.5339228519766372 2.468749999999999
v 1.9135439536726375 3.4981465760516333 2.468749999999999
v 1.806213326499361 2.9459808600050534 2.468749999999999
v 1.7294884424680932 3.5339228519766372 2.656249999999999
v 1.9135439536726375 3.4981465760516333 2.656249999999999
v 1.806213326499361 2.945980860005054 2.656249999999999
v 1.943251114821865 4.121230903287649 2.468749999999999
v 2.1194436283982894 4.057101839884985 2.468749999999999
v 1.9056810213748072 3.4697944101501594 2.468749999999999
v 1.943251114821865 4.121230903287649 2.656249999999999
v 2.1194436283982894 4.057101839884985 2.656249999999999
v 1.9056810213748072 3.4697944101501594 2.656249999999999
v 4.364840930801223 1.575091573503213 3.102599999999999
v 4.198437455410377 1.7368534968095162 2.5222831249999995
v 4.320253052470949 0.9713876224952327 2.9471043749999994
v 4.153849577080102 1.133149545801536 2.366787499999999
v 4.9656295991419475 1.575091431474891 2.9303268749999996
v 4.799226123751101 1.7368533547811942 2.350009374999999
v 4.921041720811672 0.9713874804669116 2.774831249999999
v 4.754638245420826 1.133149403773214 2.194514374999999
v 4.293474485537165 1.1250001253084836 1.728126249999999
v 5.025696309127117 1.1250002288849896 1.8904562499999988
v 4.293474190745403 0.5000000905373041 1.728126249999999
v 5.02569663591154 0.500000128783521 1.8904562499999988
v 4.131144597141943 1.125000093912857 2.4603481249999994
v 4.863366420731895 1.125000197489364 2.6226781249999993
v 4.131144302350181 0.5000000591416778 2.4603481249999994
v 4.863366747516318 0.5000000973878949 2.6226781249999993
v 4.863366894912199 0.8125001147734845 2.6226781249999993
v 5.025696161731236 0.8125002114994004 1.8904562499999988
v 4.293474338141284 0.812500107922894 1.728126249999999
v 4.131144449746062 0.8125000765272676 2.4603481249999994
v 4.944531495656573 0.81249985234835 2.256566874999999
v 4.944531348260692 0.49999983496276035 2.256566874999999
v 4.212309590001029 0.5000003529624384 2.0942374999999993
v 4.21230967206662 0.8124997487718435 2.0942374999999993
v 4.2123091978863165 1.124999831487723 2.0942374999999993
v 4.9445316430524535 1.1249998697339398 2.256566874999999
v 4.578420453134529 1.1250001613989236 2.175402499999999
v 4.659585053878904 1.124999898973789 1.8092912499999994
v 4.659585528059208 0.8124998162579098 1.8092912499999994
v 4.6595853806633265 0.49999979887232016 1.8092912499999994
v 4.578420779918953 0.5000000612974547 2.175402499999999
v 4.497255557598394 0.5000003890528786 2.541513124999999
v 4.497255639663986 0.8124997848622837 2.541513124999999
v 4.497255787059866 1.1249998022478738 2.541513124999999
v 4.007584182552828 1.00000028715018 2.914786249999999
v 4.700493761261063 1.0000002635752252 2.6277737499999994
v 4.0075842935330135 0.49999997150458886 2.914786249999999
v 4.700493872241249 0.49999994792963376 2.6277737499999994
v 4.294597053171251 0.9999998957020044 3.607695624999998
v 4.987506631879486 0.9999998721270495 3.3206831249999986
v 4.294596607905542 0.5000002669628874 3.607695624999998
v 4.9875061866137775 0.5000002433879323 3.3206831249999986
v 4.987506441911777 0.7500003685455832 3.3206831249999986
v 4.7004941275392484 0.7500000730872849 2.6277737499999994
v 4.007583927254828 0.7500001619925294 2.914786249999999
v 4.294596797873252 0.7499997705443535 3.607695624999998
v 4.844000284725513 0.7500002208164338 2.974228124999999
v 4.844000029427513 0.5000000956587833 2.974228124999999
v 4.151090450719278 0.5000001192337382 3.2612412499999976
v 4.1510907060172775 0.7500002443913891 3.2612412499999976
v 4.151090274408802 0.9999998133031447 3.2612412499999976
v 4.843999918447327 1.0000004113043741 2.974228124999999
v 4.49754506376292 0.9999998015156675 3.1177343749999995
v 4.354038971906945 1.0000002753627024 2.771279999999999
v 4.354039338185131 0.7500000848747621 2.771279999999999
v 4.354039082887131 0.4999999597171114 2.771279999999999
v 4.4975452400733955 0.5000001074462606 3.1177343749999995
v 4.64105139725966 0.5000002551754097 3.4641893749999983
v 4.641051652557659 0.7500003803330608 3.4641893749999983
v 4.641051842525369 0.9999998839145272 3.4641893749999983
v -3.537684891696813e-7 1.7499998914531845 3.4062499999999982
v -3.006213322720441e-8 1.5625002147693676 3.4062499999999982
v -0.37500026338201753 1.7499999309469465 3.4062499999999982
v -0.3749999396756616 1.5625002542631297 3.4062499999999982
v -3.537684891696813e-7 1.7499998914531845 3.5937499999999982
v -3.006213322720441e-8 1.5625002147693676 3.5937499999999982
v -0.37500026338201753 1.7499999309469465 3.5937499999999982
v -0.3749999396756616 1.5625002542631297 3.5937499999999982
v 0.18749958129139443 1.5624999168995384 3.4062499999999982
v 0.18749958129139443 1.5624999168995384 3.5937499999999982
v 0.18750005239363166 1.6875002576013118 3.4062499999999982
v 0.18750005239363166 1.6875002576013118 3.5937499999999982
v 0.18750005547169835 1.2499998341836593 3.5937499999999982
v 0.18750005547169835 1.2499998341836593 3.4062499999999982
v -1.7745801361712665e-7 1.2500001973837773 3.4062499999999982
v -1.7745801361712665e-7 1.2500001973837773 3.5937499999999982
v 0.18749975760187 1.0625002228301321 3.5312499999999982
v 0.18749975760187 1.0625002228301321 3.4062499999999982
v 8.09180535910059e-8 1.0624998991237762 3.4062499999999982
v 8.09180535910059e-8 1.0624998991237762 3.5312499999999982
v 8.09180535910059e-8 1.0624998991237762 2.281249999999999
v 0.18749975760187 1.0625002228301321 2.281249999999999
v 0.18750005547169835 1.2499998341836593 2.281249999999999
v -1.7745801361712665e-7 1.2500001973837773 2.281249999999999
v 8.09180535910059e-8 1.0624998991237762 2.156249999999999
v 0.18749975760187 1.0625002228301321 2.093749999999999
v 0.18750005547169835 1.2499998341836593 2.093749999999999
v -1.7745801361712665e-7 1.2500001973837773 2.156249999999999
v 1.187500065186696 1.2500001214743204 2.093749999999999
v 1.187499701986578 1.0624998885446084 2.093749999999999
v 1.187499701986578 1.0624998885446084 2.281249999999999
v 1.187500065186696 1.2500001214743204 2.281249999999999
v 0.18750005547169835 1.2499998341836593 2.843749999999999
v -1.7745801361712665e-7 1.2500001973837773 2.843749999999999
v 8.09180535910059e-8 1.0624998991237762 2.843749999999999
v 0.18749975760187 1.0625002228301321 2.843749999999999
v -0.31250037115407814 1.7500000388490649 4.406249999999998
v -0.3125000474477222 1.562500362165248 4.406249999999998
v -0.37500026338201753 1.7499999309469465 4.406249999999998
v -0.3749999396756616 1.5625002542631297 4.406249999999998
v -0.31250037115407814 1.7500000388490649 4.593749999999998
v -0.3125000474477222 1.562500362165248 4.593749999999998
v -0.37500026338201753 1.7499999309469465 4.593749999999998
v -0.3749999396756616 1.5625002542631297 4.593749999999998
v -0.12500043609419542 1.5625000642954197 4.406249999999998
v -0.12500043609419542 1.5625000642954197 4.593749999999998
v -0.12500003032224694 1.687499783421008 4.406249999999998
v -0.12500003032224694 1.687499783421008 4.593749999999998
v -0.1250003281920753 1.5000001720674803 4.593749999999998
v -0.1250003281920753 1.5000001720674803 4.406249999999998
v -0.31250000487589347 1.4999998483611248 4.406249999999998
v -0.31250000487589347 1.4999998483611248 4.593749999999998
v -0.12500006981600986 1.3124998738074791 4.531249999999998
v -0.12500006981600986 1.3124998738074791 4.406249999999998
v -0.3125003027457218 1.312500237007597 4.406249999999998
v -0.3125003027457218 1.312500237007597 4.531249999999998
v -0.3125003027457218 1.3125002370075967 3.2187499999999982
v -0.12500006981600986 1.3124998738074791 3.2187499999999982
v -0.1250003281920753 1.5000001720674803 3.2187499999999982
v -0.31250000487589347 1.4999998483611248 3.2187499999999982
v -0.3125003027457218 1.3125002370075967 3.093749999999999
v -0.12500006981600986 1.3124998738074791 3.031249999999999
v -0.1250003281920753 1.5000001720674803 3.031249999999999
v -0.31250000487589347 1.4999998483611248 3.093749999999999
v 0.24999958142145307 1.5000001325737182 3.031249999999999
v 0.24999983979751939 1.3124998343137166 3.031249999999999
v 0.24999983979751939 1.3124998343137166 3.2187499999999982
v 0.24999958142145307 1.5000001325737182 3.2187499999999982
v 0.4374999222532825 1.4374998771456613 3.031249999999999
v 0.4375001380575201 1.3125000926897834 3.031249999999999
v 0.4375001380575201 1.3125000926897834 3.2187499999999982
v 0.4374999222532825 1.4374998771456613 3.2187499999999982
v 0.43749962438345413 1.250000265792134 3.2187499999999982
v 0.43749962438345413 1.250000265792134 3.031249999999999
v 0.24999994769963774 1.2499999420857781 3.031249999999999
v 0.24999994769963774 1.2499999420857781 3.2187499999999982
v 0.43749988275952045 1.0624999675321325 3.2187499999999982
v 0.43749988275952045 1.0624999675321325 3.031249999999999
v 0.25000016350387533 1.1250001576299002 3.031249999999999
v 0.25000016350387533 1.1250001576299002 3.2187499999999982
v 0.49999977498745984 1.0625000754342513 3.031249999999999
v 0.49999977498745984 1.0625000754342513 3.2187499999999982
v 0.5000001381875778 1.2500003083639633 3.2187499999999982
v 0.5000001381875778 1.2500003083639633 3.031249999999999
v 0.6875000732474614 1.062500333810318 3.031249999999999
v 0.6875000732474614 1.062500333810318 3.1562499999999982
v 0.6874997495411046 1.250000010494135 3.1562499999999982
v 0.6874997495411046 1.250000010494135 3.031249999999999
v 0.6875000732474614 1.062500333810318 2.656249999999999
v 0.6874997495411046 1.250000010494135 2.656249999999999
v 0.5000001381875778 1.2500003083639633 2.656249999999999
v 0.49999977498745984 1.0625000754342513 2.656249999999999
v 0.6875000732474614 1.062500333810318 2.468749999999999
v 0.6874997495411046 1.250000010494135 2.468749999999999
v 0.5000001381875778 1.2500003083639633 2.531249999999999
v 0.49999977498745984 1.0625000754342513 2.531249999999999
v 1.187500065186696 1.2500001214743204 2.468749999999999
v 1.187499701986578 1.0624998885446084 2.468749999999999
v 1.187499701986578 1.0624998885446084 2.656249999999999
v 1.187500065186696 1.2500001214743204 2.656249999999999
v -0.31250000487589347 1.4999998483611248 3.8437499999999982
v -0.3125003027457218 1.312500237007597 3.8437499999999982
v -0.12500006981600986 1.3124998738074791 3.8437499999999982
v -0.1250003281920753 1.5000001720674803 3.8437499999999982
v -0.6135229291357609 0.8125003679544176 0.18390937499999893
v -0.12189540073331262 0.8125000461475433 0.2750268749999991
v -0.613522454955457 0.5000002852385381 0.18390937499999893
v -0.1218955481291939 0.5000000287619537 0.2750268749999991
v -0.784368270494979 0.8124998159190269 1.1057106249999995
v -0.2927412983384272 0.8125001810186268 1.1968281249999988
v -0.7843684178908603 0.49999979853343723 1.1057106249999995
v -0.2927408241581233 0.5000000983027473 1.1968281249999988
v -0.3677088541464446 0.8125001743858358 0.22946812499999947
v -0.5385547517515592 0.8125003092569192 1.1512693749999992
v -0.5385548991474387 0.5000002918713293 1.1512693749999992
v -0.367709001542325 0.5000001570002457 0.22946812499999947
v -0.4474368524633201 0.8125002700533819 0.6596418749999993
v -0.693250992782926 0.812499842045779 0.6140831249999987
v -0.6932505186026221 0.4999997593298997 0.6140831249999987
v -0.4474369998592005 0.500000252667792 0.6596418749999993
v -0.2016235464460694 0.5000001244294994 0.7052006249999989
v -0.2016233990501881 0.812500141815089 0.7052006249999989
v -0.2016231832459514 0.6875003573592116 0.7052006249999989
v -0.2927410825341896 0.6875003965627489 1.1968281249999988
v -0.5385546012776103 0.6874999032248565 1.1512693749999992
v -0.7843686762669275 0.6875000967934386 1.1057106249999995
v -0.6932507769786884 0.6875000575899008 0.6140831249999987
v -0.613522778661812 0.687499961922355 0.18390937499999893
v -0.36770932524868094 0.6874998336840628 0.22946812499999947
v -0.12189518492907592 0.6875002616916652 0.2750268749999991
v -1.0463582480196019 1.500000174560189 1.3779987499999988
v -0.061550846833161366 1.5000003965154525 1.5516468749999994
v -1.0463585823051265 0.5000002301754805 1.3779987499999988
v -0.06155055954249988 0.5000003868004552 1.5516468749999994
v -1.220006393737667 1.5000000979617614 2.3628068749999995
v -0.23519899255122656 1.5000003199170262 2.5364549999999992
v -1.2200067280231908 0.5000001535770531 2.3628068749999995
v -0.23519870526056597 0.5000003102020278 2.5364549999999992
v -1.0463581370394168 0.999999858914598 1.3779987499999988
v -1.2200062827574811 0.9999997823161699 2.3628068749999995
v -0.23519888157104063 1.0000000042714343 2.5364549999999992
v -0.061550735852975436 1.000000080869862 1.5516468749999994
v -1.1331825206865407 0.9999998532805288 1.870402499999999
v -1.133182344376066 0.5000001592111221 1.870402499999999
v -0.1483749431896264 0.500000381166386 2.044050624999999
v -0.14837449792391677 1.000000009905503 2.044050624999999
v -0.1483746089041018 1.500000325551094 2.044050624999999
v -1.1331826316667275 1.5000001689261198 1.870402499999999
v -0.6407783421624664 1.49999990378537 1.957226874999999
v -0.7276027258095912 1.4999998981513012 2.4496306249999993
v -0.7276025494991156 1.0000002040818945 2.4496306249999993
v -0.7276024385189306 0.4999998884363035 2.4496306249999993
v -0.6407786764479901 0.4999999594006619 1.957226874999999
v -0.5539542928008663 0.49999996503473065 1.4648231249999988
v -0.5539544037810513 1.0000002806803217 1.4648231249999988
v -0.5539545800915269 1.4999999747497283 1.4648231249999988
v 2.7005681924126144 1.2500001856677874 6.258018749999998
v 2.3749996862552214 1.250000110895153 5.312499999999998
v 2.7005681529188523 0.8750002760542592 6.258018749999998
v 2.3749996467614594 0.8750002012816245 5.312499999999998
v 3.409706660917912 1.2500000304607108 6.013842499999999
v 3.0841387763367027 1.249999890357787 5.068323749999998
v 3.4097072430003346 0.8750000555168929 6.013842499999999
v 3.0841387368429407 0.8749999807442586 5.068323749999998
v 2.5377839393339174 1.2500001482814702 5.785259374999999
v 3.2469230294153997 1.249999927744104 5.541083124999998
v 3.2469229899216376 0.8750000181305757 5.541083124999998
v 2.5377838998401554 0.8750002386679419 5.785259374999999
v 2.8923531735865664 1.2500000706779324 5.663171249999998
v 3.0551374266652633 1.2500001080642495 6.1359306249999985
v 3.0551373871715013 0.8750001984507207 6.1359306249999985
v 2.8923531340928044 0.8750001610644036 5.663171249999998
v 2.729569502590292 0.8750000583477968 5.190411874999999
v 2.7295695420840542 1.2499999679613256 5.190411874999999
v 3.0551376850413297 1.062499809804248 6.1359306249999985
v 3.409706984624268 1.0625003537768944 6.013842499999999
v 3.2469227315455713 1.0625003163905768 5.541083124999998
v 3.0841391000430587 1.0625002136739705 5.068323749999998
v 2.729569244214226 1.0625003566077984 5.190411874999999
v 2.3749999446312877 1.062499812635152 5.312499999999998
v 2.537784197709984 1.062499850021469 5.785259374999999
v 2.7005678292124964 1.0624999527380758 6.258018749999998
v 2.281307614066285 0.8749999340155625 5.794503749999999
v 2.937366577887193 0.874999973933066 5.039794374999998
v 2.281307574572523 0.5000000244020335 5.794503749999999
v 2.937367159969616 0.49999999898924785 5.039794374999998
v 2.8473403118746 0.8750002828654517 6.286548124999998
v 3.503399275695508 0.8750003227829553 5.531838749999999
v 2.8473402070505482 0.4999997516757384 6.286548124999998
v 3.5033991708714565 0.4999997915932419 5.531838749999999
v 2.6093371286418834 0.8750002647624067 5.4171493749999975
v 3.175369761119909 0.8749999920361111 5.909193124999998
v 3.1753697216261476 0.5000000824225821 5.909193124999998
v 2.609337089148122 0.5000003551488776 5.4171493749999975
v 2.5643236195172054 0.8749998303175595 6.040526249999997
v 2.5643242015996277 0.49999985537374103 6.040526249999997
v 2.892353716175227 0.5000001861205852 5.663171249999998
v 3.2203831654205364 0.4999998952912448 5.285816249999998
v 3.2203832049142984 0.8749998049047736 5.285816249999998
v 2.5643239432235614 0.6875001536337426 6.040526249999997
v 2.847339948674482 0.6875000499357398 6.286548124999998
v 3.175369463250081 0.6875003806825837 5.909193124999998
v 3.50339891249539 0.6875000898532431 5.531838749999999
v 3.22038290704447 0.6875001935512461 5.285816249999998
v 2.937366901593549 0.6875002972492492 5.039794374999998
v 2.6093373870179506 0.6874999665024051 5.4171493749999975
v 2.2813079377726413 0.6875002573317457 5.794503749999999
v 1.3286416156936323 1.5000000880715647 5.127998749999998
v 2.313449638456257 1.5000002446965395 5.301646874999998
v 1.3286419029842929 0.5000000783565668 5.127998749999998
v 2.3134493041707334 0.500000300311831 5.301646874999998
v 1.154993469975567 1.500000011473137 6.112806874999999
v 2.1398014927381923 1.5000001680981119 6.286454999999998
v 1.154993757266228 0.5000000017581396 6.112806874999999
v 2.139801158452669 0.5000002237134038 6.286454999999998
v 1.3286417266738173 0.9999997724259733 5.127998749999998
v 1.1549936462860426 1.0000003174037309 6.112806874999999
v 2.1398009821421935 0.9999999177828105 6.286454999999998
v 2.3134491278602582 0.9999999943812377 5.301646874999998
v 1.2418174083569826 1.0000003883680892 5.620402499999999
v 1.241817519337168 0.5000000727224982 5.620402499999999
v 2.226625542099794 0.5000002293474726 5.794050624999999
v 2.2266253657893187 0.9999999234168793 5.794050624999999
v 2.2266252548091323 1.5000002390624703 5.794050624999999
v 1.2418178536226918 1.5000000171072059 5.620402499999999
v 1.7342215215507677 1.4999998172967461 5.707226874999998
v 1.6473971379036425 1.499999811662677 6.1996306249999975
v 1.647397314214118 1.0000001175932702 6.1996306249999975
v 1.647397425194304 0.49999980194767923 6.1996306249999975
v 1.734221187265244 0.4999998729120376 5.707226874999998
v 1.8210455709123687 0.4999998785461066 5.214823124999999
v 1.8210454599321828 1.0000001941916978 5.214823124999999
v 1.8210452836217073 1.4999998882611045 5.214823124999999
v 2.137111416999654 5.065431287309389 3.1713224999999987
v 1.9003338798996503 5.086348365340799 3.4096087499999985
v 0.7386086536311107 0.9428544749092107 4.536958124999998
v 0.540145987340586 1.076719046562559 4.737829374999999
v 1.915540492821565 5.067599256882678 2.9509637499999988
v 1.6787629557215609 5.088516334914088 3.1892499999999977
v 0.5170377294530226 0.9450224444825011 4.3165999999999976
v 0.3185756847386836 1.0788869508055594 4.517470624999998
v 1.8992119743278435 5.081844714938019 3.174236249999998
v 1.6615901632242607 5.1006245857890455 2.9366137499999994
v 0.5357709535280257 0.9468159895856285 1.8107962499999992
v 0.3355037058216386 1.078883723093853 1.6105281249999992
v 2.120183139140774 5.081845065574483 2.9532649999999983
v 1.8825606411307172 5.100624380179615 2.715643124999998
v 0.756742053010667 0.9468157186459083 1.5898249999999994
v 0.5564742490583843 1.0788841390606065 1.3895574999999987
v 1.8701923330806576 5.065431304060013 2.949394374999999
v 2.10696960833123 5.086348425521328 2.7111087499999984
v 3.268694382078987 0.9428547533042095 1.5837587499999994
v 3.467156741502249 1.0767193621911915 1.382887499999999
v 2.0917627066162754 5.067599018374521 3.169753124999998
v 2.3285406034430323 5.088516074505547 2.9314674999999983
v 3.4902653771907897 0.9450224022884286 1.8041174999999994
v 3.6887277366140516 1.0788870111754103 1.6032462499999989
v 2.1080912285970417 5.08184463705411 2.946481249999998
v 2.3457128935240092 5.100624914907286 3.1841031249999983
v 3.4715321126977305 0.9468160122207525 4.309921249999999
v 3.6717996838043847 1.078883957794981 4.5101887499999975
v 1.8871201291144009 5.0818449079938315 3.1674518749999976
v 2.124742350287263 5.100624498940532 3.405073749999998
v 3.2505609478848 0.9468156615842884 4.530891874999998
v 3.4508285843217434 1.0788842287347018 4.731159374999999
v 1.2499996456324127 5.125000418450263 2.249999999999999
v 2.8124997978906507 5.125000303047044 2.2499999999999982
v 1.249999904008479 4.937500120190261 2.249999999999999
v 2.812500056266717 4.937500004787043 2.249999999999999
v 1.2499996456324127 5.125000418450263 3.8124999999999982
v 2.8124997978906507 5.125000303047044 3.8124999999999982
v 1.249999904008479 4.937500120190261 3.8124999999999982
v 2.812500056266717 4.937500004787043 3.8124999999999982
v 1.8124998960777718 5.062500123528444 2.874999999999999
v 2.1874998056913006 5.062500084034682 2.874999999999999
v 1.812499672772434 3.562499863498145 2.874999999999999
v 2.187499582385963 3.562499824004383 2.874999999999999
v 1.8124998960777718 5.062500123528444 3.2499999999999982
v 2.1874998056913006 5.062500084034682 3.2499999999999982
v 1.812499672772434 3.562499863498145 3.2499999999999982
v 2.187499582385963 3.562499824004383 3.2499999999999982
v 1.8749997808046102 3.437500186944386 2.937499999999999
v 2.124999905962261 3.4374999316463866 2.937499999999999
v 1.8749997808046102 3.437500186944386 3.1874999999999982
v 2.124999905962261 3.4374999316463866 3.1874999999999982
v -0.31250037115407814 1.7500000388490649 5.406249999999998
v -0.3125000474477222 1.562500362165248 5.406249999999998
v -0.37500026338201753 1.7499999309469465 5.406249999999998
v -0.3749999396756616 1.5625002542631297 5.406249999999998
v -0.31250037115407814 1.7500000388490649 5.593749999999998
v -0.3125000474477222 1.562500362165248 5.593749999999998
v -0.37500026338201753 1.7499999309469465 5.593749999999998
v -0.3749999396756616 1.5625002542631297 5.593749999999998
v -0.12500003032224694 1.687499783421008 5.406249999999998
v -0.12500043609419542 1.5625000642954197 5.406249999999998
v -0.12500003032224694 1.687499783421008 5.593749999999998
v -0.12500043609419542 1.5625000642954197 5.593749999999998
v -0.1250003281920753 1.5000001720674803 5.593749999999998
v -0.1250003281920753 1.5000001720674803 5.406249999999998
v -0.31250000487589347 1.4999998483611248 5.406249999999998
v -0.31250000487589347 1.4999998483611248 5.593749999999998
v -0.12500006981600986 1.3124998738074791 5.593749999999998
v -0.12500006981600986 1.3124998738074791 5.406249999999998
v -0.3125004106478402 1.375000129235536 5.406249999999998
v -0.3125004106478402 1.375000129235536 5.593749999999998
v 0.06249960686780742 1.312500197513835 5.406249999999998
v 0.06249960686780742 1.312500197513835 5.593749999999998
v 0.06249990473763578 1.4999998088673623 5.593749999999998
v 0.06249990473763578 1.4999998088673623 5.406249999999998
v 0.24999983979751939 1.312499834313717 5.406249999999998
v 0.24999983979751939 1.312499834313717 5.593749999999998
v 0.24999968932357053 1.4375002403457797 5.593749999999998
v 0.24999968932357053 1.4375002403457797 5.406249999999998
v 0.24999994769963774 1.2499999420857781 5.593749999999998
v 0.24999994769963774 1.2499999420857781 5.406249999999998
v 0.062499714769925774 1.2500003052858961 5.406249999999998
v 0.062499714769925774 1.2500003052858961 5.593749999999998
v 0.25000016350387533 1.1250001576299002 5.593749999999998
v 0.24999964982980938 1.062500330732251 5.406249999999998
v 0.062499973145991206 1.062500007025895 5.406249999999998
v 0.06249986524387374 1.124999899253834 5.593749999999998
v 0.062499973145991206 1.062500007025895 4.906249999999998
v 0.24999964982980938 1.062500330732251 4.906249999999998
v 0.24999994769963774 1.2499999420857781 4.906249999999998
v 0.062499714769925774 1.2500003052858961 4.906249999999998
v 0.062499973145991206 1.062500007025895 3.9687499999999982
v 0.24999964982980938 1.062500330732251 3.9687499999999982
v 0.24999994769963774 1.2499999420857781 3.9687499999999982
v 0.062499714769925774 1.2500003052858961 3.9687499999999982
v 0.062499973145991206 1.062500007025895 3.8437499999999982
v 0.24999964982980938 1.062500330732251 3.7812499999999982
v 0.24999994769963774 1.2499999420857781 3.7812499999999982
v 0.062499714769925774 1.2500003052858961 3.8437499999999982
v 0.8125001555731681 1.2500001609680829 3.7812499999999982
v 0.8124997923730497 1.0624999280383705 3.7812499999999982
v 0.8124997923730497 1.0624999280383705 3.9687499999999982
v 0.8125001555731681 1.2500001609680829 3.9687499999999982
v 0.9999997669266949 1.2499998630982545 3.7812499999999982
v 1.0000000906330508 1.0625001864144372 3.7812499999999982
v 1.0000000906330508 1.0625001864144372 3.9062499999999982
v 0.9999997669266949 1.2499998630982545 3.9062499999999982
v 1.0000000906330508 1.0625001864144372 3.031249999999999
v 0.9999997669266949 1.249999863098254 3.031249999999999
v 0.8125001555731681 1.2500001609680824 3.031249999999999
v 0.8124997923730497 1.0624999280383705 3.031249999999999
v 1.0000000906330508 1.0625001864144372 2.843749999999999
v 0.9999997669266949 1.249999863098254 2.843749999999999
v 0.8750000478011066 1.2500002688702012 2.843749999999999
v 0.8749996846009882 1.0625000359404893 2.843749999999999
v 1.187500065186696 1.2500001214743204 2.843749999999999
v 1.187499701986578 1.0624998885446084 2.843749999999999
v 1.187499701986578 1.0624998885446084 3.031249999999999
v 1.187500065186696 1.2500001214743204 3.031249999999999
v 4.136477419866893 0.8125001296468795 3.621409374999999
v 4.628104948269341 0.8124998078400052 3.7125268749999982
v 4.136477272471012 0.5000001122612898 3.621409374999999
v 4.6281048008734595 0.49999979045441556 3.7125268749999982
v 3.965631522261778 0.8125002645179633 4.543210624999999
v 4.457259050664225 0.8124999427110893 4.634328124999998
v 3.9656313748658976 0.5000002471323735 4.543210624999999
v 4.457258903268345 0.4999999253254992 4.634328124999998
v 4.3822908732800245 0.8125000014085875 3.6669681249999986
v 4.21144497567491 0.8125001362796709 4.588769374999998
v 4.211445449855214 0.5000000535637916 4.588769374999998
v 4.382290725884144 0.4999999840229974 3.6669681249999986
v 4.302562874963148 0.8125000970761336 4.097141874999998
v 4.056749421550016 0.8125002253144258 4.051583124999999
v 4.056749274154136 0.5000002079288361 4.051583124999999
v 4.302562727567268 0.5000000796905437 4.097141874999998
v 4.548376802556583 0.4999998861219619 4.142700624999998
v 4.548376949952464 0.8124999035075515 4.142700624999998
v 4.548376544180517 0.6875001843819633 4.142700624999998
v 4.457258644892279 0.6875002235855006 4.634328124999998
v 4.211445191479147 0.6875003518237932 4.588769374999998
v 3.965631672735726 0.6874998584859009 4.543210624999999
v 4.05674895044778 0.687499884612653 4.051583124999999
v 4.136477014094946 0.6875004105212914 3.621409374999999
v 4.382291089084262 0.6875002169527091 3.6669681249999986
v 4.628104542497393 0.6875000887144171 3.7125268749999982
v 3.1741257068721658 1.1250001833206573 0.13560562499999929
v 3.906347530462118 1.1250002868971638 0.29793562499999915
v 3.174126033656589 0.500000083219188 0.13560562499999929
v 3.9063478572465415 0.5000001867956945 0.29793562499999915
v 3.0117958184769433 1.1250001519250308 0.8678281249999991
v 3.7440182636430803 1.125000190171248 1.0301574999999987
v 3.011796145261367 0.5000000518235619 0.8678281249999991
v 3.7440179688513195 0.5000001554000681 1.0301574999999987
v 3.7440181162472 0.8125001727856578 1.0301574999999987
v 3.906348004642422 0.8125002041812843 0.29793562499999915
v 3.174125559476285 0.8125001659350675 0.13560562499999929
v 3.011796292657248 0.8125000692091515 0.8678281249999991
v 3.825182716991574 0.8124999103605235 0.6640468749999995
v 3.825183191171878 0.49999982764464423 0.6640468749999995
v 3.092960746005741 0.4999997893984274 0.5017168749999987
v 3.0929608934016217 0.812499806784017 0.5017168749999987
v 3.092961040797502 1.124999824169607 0.5017168749999987
v 3.825182864387455 1.1249999277461131 0.6640468749999995
v 3.459071674469531 1.1250002194110973 0.5828818749999991
v 3.5402368967900895 1.1249998916556736 0.21677062499999877
v 3.540236749394209 0.8124998742700835 0.21677062499999877
v 3.5402366019983282 0.4999998568844939 0.21677062499999877
v 3.459072001253954 0.500000119309628 0.5828818749999991
v 3.377907335179291 0.49999976015857794 0.9489924999999992
v 3.3779068609989866 0.8124998428744572 0.9489924999999992
v 3.3779070083948675 1.124999860260047 0.9489924999999992
v 2.7040675872110813 1.5845942154112223 0.9596093749999994
v 2.5528734283509418 1.5769979453296004 0.3532199999999994
v 2.8539938592332983 0.9785746892199465 0.929818749999999
v 2.7027997003731583 0.9709784191383246 0.323429374999999
v 3.291679106002125 1.7372621673683555 0.8111849999999992
v 3.1404856340484595 1.7296664535326283 0.20479562499999915
v 3.441605378024342 1.1312426411770793 0.7813943749999988
v 3.290411906070677 1.123646927341353 0.17500499999999874
v 2.070084055350771 0.9999998204709764 0.3522862499999988
v 2.762993634059007 0.9999997968960215 0.06527374999999935
v 2.070084231661246 0.5000001264015697 0.3522862499999988
v 2.7629938103694824 0.5000001028266148 0.06527374999999935
v 2.3570969912994846 1.0000000505989854 1.045195624999999
v 3.05000657000772 1.0000000270240301 0.7581831249999995
v 2.357096546033775 0.5000004218598679 1.045195624999999
v 3.0500067463181955 0.5000003329546234 0.7581831249999995
v 3.0500063147097203 0.7499999018663792 0.7581831249999995
v 2.762994065667482 0.7500002279842652 0.06527374999999935
v 2.070084486959246 0.7500002515592206 0.3522862499999988
v 2.357096736001485 0.7499999254413343 1.045195624999999
v 2.9065002228537455 0.7500003757134146 0.4117281249999989
v 2.906499967555747 0.5000002505557637 0.4117281249999989
v 2.213590388847511 0.500000274130719 0.6987412499999994
v 2.213590578815221 0.7499997777121852 0.6987412499999994
v 2.2135902125370355 0.9999999682001253 0.6987412499999994
v 2.9065004128214555 0.9999998792948808 0.4117281249999989
v 2.560045623467338 0.9999998910823584 0.5552343749999995
v 2.4165388447048888 0.9999998086834987 0.20877999999999908
v 2.416539276313364 0.7500002397717431 0.20877999999999908
v 2.416539021015364 0.500000114614092 0.20877999999999908
v 2.5600451782016287 0.5000002623432414 0.5552343749999995
v 2.7035519569640774 0.5000003447421013 0.9016893749999992
v 2.7035515253556026 0.7499999136538569 0.9016893749999992
v 2.7035517806536022 1.0000000388115078 0.9016893749999992
v 0.396124209015853 0.812499750779899 5.221290624999998
v 0.8851978211007205 0.8125001398150828 5.117334999999999
v 0.3961241269502622 0.5000003549704939 5.221290624999998
v 0.8851976737048401 0.500000122429493 5.117334999999999
v 0.591041424295887 0.8125003571238827 6.138304374999999
v 1.080114971050465 0.8125001245828818 6.0343481249999975
v 0.5910412769000057 0.5000003397382928 6.138304374999999
v 1.0801148236545846 0.5000001071972919 6.0343481249999975
v 0.6406607042701951 0.8124999779626356 5.169313124999999
v 0.835577854219939 0.8124999627304348 6.086326249999999
v 0.8355783284002425 0.4999998800145553 6.086326249999999
v 0.6406611784504994 0.49999989524675637 5.169313124999999
v 0.7316221325009389 0.8125000450203945 5.597252499999998
v 0.48708563724659726 0.8124998178376577 5.649230624999998
v 0.487085489850716 0.49999980045206827 5.649230624999998
v 0.731621985105058 0.5000000276348049 5.597252499999998
v 0.976159101935584 0.5000001894872519 5.545274374999998
v 0.9761592493314648 0.812500206872842 5.545274374999998
v 0.9761593998054123 0.6874998008407791 5.545274374999998
v 1.0801151868547025 0.6875003401270039 6.0343481249999975
v 0.8355780700241762 0.6875001782745567 6.086326249999999
v 0.5910409531936498 0.6875000164221097 6.138304374999999
v 0.48708523147465055 0.6875000987120694 5.649230624999998
v 0.39612380324390717 0.6875000316543107 5.221290624999998
v 0.6406609200744318 0.6875001935067577 5.169313124999999
v 0.8851980369049581 0.687500355359205 5.117334999999999
v -2.1695177476743766e-7 0.8750002877702485 -1.0000000000000004
v 1.9999997371479301 0.8750002407753861 -1.0000000000000004
v 4.14242924406949e-8 0.6874999895102469 -1.0000000000000004
v 1.9999999955239969 0.6874999425153847 -1.0000000000000004
v -2.1695177476743766e-7 0.8750002877702485 -8.881784197001252e-16
v 1.9999997371479301 0.8750002407753861 -8.881784197001252e-16
v 4.14242924406949e-8 0.6874999895102469 -8.881784197001252e-16
v 1.9999999955239969 0.6874999425153847 -8.881784197001252e-16
v 1.9374997370178733 0.9375000251012062 -0.9375000000000004
v 1.9374998449199916 0.8750001328732675 -0.9375000000000004
v 0.8749999004052258 0.9375002514846114 -0.9375000000000004
v 0.8750000083073446 0.8750003592566722 -0.9375000000000004
v 1.9374997370178733 0.9375000251012062 -0.06250000000000089
v 1.9374998449199916 0.8750001328732675 -0.06250000000000089
v 0.8749999004052258 0.9375002514846114 -0.06250000000000089
v 0.8750000083073446 0.8750003592566722 -0.06250000000000089
v 0.34374982024572454 1.0312502030182218 0.4812499999999993
v 0.34374982024572454 1.0312502030182218 -0.08125000000000071
v 8.51914903066131e-8 1.122621124037746 -0.5353200000000005
v -1.5487084326082368e-7 0.9807495870069745 -0.813759375000001
v -2.2341820304916382e-7 1.0669335941810054 -0.5069456250000011
v 0.8749996888744249 1.1226212608544595 -0.5353200000000005
v 0.8750000703882761 0.9807496584933983 -0.813759375000001
v 0.8750000018409168 1.0669336656674293 -0.5069456250000011
v 0.874999696448294 0.9250615070604731 -0.7853850000000007
v 0.687499772128275 0.980749400117332 -0.813759375000001
v 0.6875000197644776 0.9250611833541169 -0.7853850000000007
v 1.1779816944113009e-7 0.9523747431416987 -0.8694475000000006
v -1.9081152391464684e-7 0.8966872132849582 -0.8410731250000012
v 0.6875001101275773 0.9523751778282405 -0.8694475000000006
v 0.6874997361875947 0.8966870263953155 -0.8410731250000012
v 0.6874997612204048 0.9240003992932544 -0.9251350000000005
v 0.6875000741868971 0.8683128041062242 -0.8967606250000006
v 0.8749997214811045 0.952374879958412 -0.8694475000000006
v 0.8750000594804068 0.9240006576693209 -0.9251350000000005
v 0.8750000344475963 0.896687284771382 -0.8410731250000012
v 0.8749996855404238 0.8683125062363957 -0.8967606250000006
v 0.7499996643562143 0.9807495080194508 -0.813759375000001
v 0.7500000023555162 0.9523752857303596 -0.8694475000000006
v 0.7499999119924157 0.9250612912562357 -0.7853850000000007
v 0.7499996284155337 0.8966871342974343 -0.8410731250000012
v 0.812500178160338 0.9807495505912796 -0.813759375000001
v 0.8124998292531656 0.9523747720562934 -0.8694475000000006
v 0.8124998042203551 0.9250613991583543 -0.7853850000000007
v 0.8125001422196574 0.8966871768692632 -0.8410731250000012
v 8.09180535910059e-8 1.0624998991237757 -0.1437500000000007
v 8.09180535910059e-8 1.0624998991237757 -0.5187500000000007
v -2.1695177476743766e-7 0.8750002877702485 -0.1437500000000007
v -2.1695177476743766e-7 0.8750002877702485 -0.8937500000000003
v 0.8749996846009882 1.0625000359404888 -0.1437500000000007
v 0.8749996846009882 1.0625000359404888 -0.5187500000000007
v 0.8750000083073446 0.8750003592566722 -0.8937500000000003
v 0.07887681820247838 1.0738032056838893 -0.250817500000001
v 0.8288766374295355 1.0738031266963652 -0.250817500000001
v 0.07887646639253632 1.0379543587234656 -0.19962062500000055
v 0.8288769071957782 1.037954214405652 -0.19962062500000055
v 0.0788764266061861 1.2273940081029706 -0.14327187500000083
v 0.8288768674094271 1.227393863785157 -0.14327187500000083
v 0.07887676170271707 1.191545717388442 -0.09207500000000124
v 0.8288765809297747 1.191545638400918 -0.09207500000000124
v 0.07575187950055717 1.125000313839525 -0.40090625000000113
v 0.8257516987276157 1.1250002348520005 -0.40090625000000113
v 0.07575192207238679 1.0624998000354013 -0.40090625000000113
v 0.825751806629734 1.062500342624062 -0.40090625000000113
v 0.07575187950055717 1.125000313839525 -0.21340625000000113
v 0.8257516987276157 1.1250002348520005 -0.21340625000000113
v 0.07575192207238679 1.0624998000354013 -0.21340625000000113
v 0.825751806629734 1.062500342624062 -0.21340625000000113
v 0.700751806369619 1.1874999112757023 -0.3712187500000006
v 0.8882514830534354 1.1875002349820587 -0.3712187500000006
v 0.7007514005976718 1.062500192150114 -0.3712187500000006
v 0.8882516335273833 1.062499828949996 -0.3712187500000006
v 0.700751806369619 1.1874999112757023 -0.2462187500000006
v 0.8882514830534354 1.1875002349820587 -0.2462187500000006
v 0.7007514005976718 1.062500192150114 -0.2462187500000006
v 0.8882516335273833 1.062499828949996 -0.2462187500000006
v 0.057652298946687885 1.194971167839996 -0.4040568750000011
v 0.43060144174362414 1.169527986657763 -0.3823293750000012
v 0.05220481289121448 1.1476262246333775 -0.36362062500000114
v 0.4257778496194682 1.1227735637090221 -0.34239500000000067
v 0.057651997176648706 1.5196944424582703 -0.023853750000000673
v 0.4306012053038728 1.4942518828522222 -0.0021262500000007734
v 0.052205198027649224 1.4723500554975466 0.01658249999999928
v 0.42577823475590293 1.4474973945731913 0.03780812499999886
v 0.8035505903087037 1.1937902213414726 -0.40305437500000085
v 0.43542480361098157 1.121593090678298 -0.3413925000000013
v 0.8089978461073803 1.1464458456198843 -0.3626181250000009
v 0.803550975445138 1.5185140522056422 -0.022851250000001322
v 0.4354251887474154 1.4463169215424672 0.0388112499999993
v 0.8089982312438151 1.4711696764840538 0.017584999999999518
v 1.562500012754953 1.8437502033029127 -0.06250000000000089
v 1.9374999223684823 1.8437501638091511 -0.06250000000000089
v 1.562499973261191 1.4687502936893844 -0.06250000000000089
v 1.9374998828747199 1.4687502541956223 -0.06250000000000089
v 1.562500012754953 1.8437502033029127 -8.881784197001252e-16
v 1.9374999223684823 1.8437501638091511 -8.881784197001252e-16
v 1.562499973261191 1.4687502936893844 -8.881784197001252e-16
v 1.9374998828747199 1.4687502541956223 -8.881784197001252e-16
v 1.124999589337301 1.8437502002248456 -0.06250000000000089
v 1.5000001205270146 1.843750095400794 -0.06250000000000089
v 1.1250001714197237 1.4687502252810276 -0.06250000000000089
v 1.5000000810332526 1.4687501857872656 -0.06250000000000089
v 1.124999589337301 1.8437502002248456 -8.881784197001252e-16
v 1.5000001205270146 1.843750095400794 -8.881784197001252e-16
v 1.1250001714197237 1.4687502252810276 -8.881784197001252e-16
v 1.5000000810332526 1.4687501857872656 -8.881784197001252e-16
v 1.1249996577456574 1.4062503983833783 -0.06250000000000089
v 1.500000188935371 1.4062502935593266 -0.06250000000000089
v 1.1250001744977904 1.0312498018633756 -0.06250000000000089
v 1.5000000841113192 1.0312497623696135 -0.06250000000000089
v 1.1249996577456574 1.4062503983833783 -8.881784197001252e-16
v 1.500000188935371 1.4062502935593266 -8.881784197001252e-16
v 1.1250001744977904 1.0312498018633756 -8.881784197001252e-16
v 1.5000000841113192 1.0312497623696135 -8.881784197001252e-16
v 1.5625000158330202 1.4062497798852607 -0.06250000000000089
v 1.937499990776839 1.406250361967683 -0.06250000000000089
v 1.5624999763392582 1.0312498702717323 -0.06250000000000089
v 1.9374998859527874 1.0312498307779703 -0.06250000000000089
v 1.5625000158330202 1.4062497798852607 -8.881784197001252e-16
v 1.937499990776839 1.406250361967683 -8.881784197001252e-16
v 1.5624999763392582 1.0312498702717323 -8.881784197001252e-16
v 1.9374998859527874 1.0312498307779703 -8.881784197001252e-16
v 2.0000000319396913 1.500000275546566 -8.881784197001252e-16
v 1.999999697654168 0.5000003311618575 -8.881784197001252e-16
v 7.783998601240683e-8 1.5000003225414278 -8.881784197001252e-16
v -2.564455376941055e-7 0.5000003781567197 -8.881784197001252e-16
v 2.0000000319396913 1.500000275546566 0.9999999999999991
v 1.999999697654168 0.5000003311618575 0.9999999999999991
v 7.783998601240683e-8 1.5000003225414278 0.9999999999999991
v -2.564455376941055e-7 0.5000003781567197 0.9999999999999991
v 1.0000000222246945 1.4999999882559045 0.9999999999999991
v 0.9999996879391708 0.5000000438711962 0.9999999999999991
v 0.9999996879391708 0.5000000438711962 -8.881784197001252e-16
v 1.0000000222246945 1.4999999882559045 -8.881784197001252e-16
v 1.062499953946395 1.8750000057715521 -8.881784197001252e-16
v 2.0000000714334534 1.8750001851600944 -8.881784197001252e-16
v 1.0624999144526335 1.5000000961580233 -8.881784197001252e-16
v 1.062499953946395 1.8750000057715521 0.2499999999999991
v 2.0000000714334534 1.8750001851600944 0.2499999999999991
v 1.0624999144526335 1.5000000961580233 0.4999999999999991
v 2.0000000319396913 1.500000275546566 0.4999999999999991
v 0.8451408785697487 1.625000065064834 0.8020024999999995
v 0.2278354373552265 1.624999802764842 0.7042312499999994
v 0.8451410943739863 1.500000280608956 0.8020024999999995
v 0.22783565315946408 1.5000000183089641 0.7042312499999994
v 0.9038041061447872 1.6249999624740918 0.43161937499999947
v 0.28649873026055417 1.6250003217502842 0.3338481249999994
v 0.9038037003728396 1.5000002433485031 0.43161937499999947
v 0.28649888073450125 1.499999915718222 0.3338481249999994
v 0.20138536722268174 1.7499999769824668 0.5681556249999993
v 0.7371151890781196 1.750000338960216 0.24625687499999938
v 0.20138558302691933 1.6250001925265884 0.5681556249999993
v 0.7371147179758828 1.6249999982584429 0.24625687499999938
v 0.3945246750501825 1.7500001730125527 0.8895937499999995
v 0.930254431575332 1.7499999134141175 0.5676949999999987
v 0.3945248255241305 1.624999766980491 0.8895937499999995
v 0.9302540258033849 1.6250001942885293 0.5676949999999987
v 0.40625005194377817 1.1400217618250519 -0.3764243750000009
v 0.46874994417171756 1.1400218697271707 -0.3764243750000009
v 0.40624980164267477 1.0924964392991887 -0.335834375000001
v 0.46874969387061327 1.092496547201307 -0.335834375000001
v 0.4062498155040286 1.4647456580195106 0.0037781249999992994
v 0.468749707731968 1.4647457659216299 0.0037781249999992994
v 0.4062501867791095 1.4172202701633578 0.0443687499999994
v 0.4687500790070489 1.4172203780654766 0.0443687499999994
v 0.062499933652230055 0.6875000974123655 -0.9375000000000004
v 0.25000023191223164 0.6875003557884323 -0.9375000000000004
v 0.06249974676258763 1.7041324706923433e-7 -0.9375000000000004
v 0.2499999796922996 -1.9278687091173197e-7 -0.9375000000000004
v 0.062499933652230055 0.6875000974123655 -0.7500000000000009
v 0.25000023191223164 0.6875003557884323 -0.7500000000000009
v 0.06249974676258763 1.7041324706923433e-7 -0.7500000000000009
v 0.2499999796922996 -1.9278687091173197e-7 -0.7500000000000009
v 0.062499933652230055 0.6875000974123655 -0.2500000000000009
v 0.25000023191223164 0.6875003557884323 -0.2500000000000009
v 0.06249974676258763 1.7041324729127894e-7 -0.2500000000000009
v 0.2499999796922996 -1.9278687091173197e-7 -0.2500000000000009
v 0.062499933652230055 0.6875000974123655 -0.06250000000000089
v 0.25000023191223164 0.6875003557884323 -0.06250000000000089
v 0.06249974676258763 1.7041324729127894e-7 -0.06250000000000089
v 0.2499999796922996 -1.9278687091173197e-7 -0.06250000000000089
v 1.749999870366346 0.6875001978133841 -0.2500000000000009
v 1.937500103296058 0.6874998346132661 -0.2500000000000009
v 1.7499996834767035 2.7081426567932e-7 -0.2500000000000009
v 1.9374999164064155 -9.238585230164631e-8 -0.2500000000000009
v 1.749999870366346 0.6875001978133841 -0.06250000000000089
v 1.937500103296058 0.6874998346132661 -0.06250000000000089
v 1.7499996834767035 2.7081426567932e-7 -0.06250000000000089
v 1.9374999164064155 -9.238585230164631e-8 -0.06250000000000089
v 1.749999870366346 0.6875001978133841 -0.9375000000000004
v 1.937500103296058 0.6874998346132661 -0.9375000000000004
v 1.7499996834767035 2.7081426567932e-7 -0.9375000000000004
v 1.9374999164064155 -9.238585252369091e-8 -0.9375000000000004
v 1.749999870366346 0.6875001978133841 -0.7500000000000009
v 1.937500103296058 0.6874998346132661 -0.7500000000000009
v 1.7499996834767035 2.7081426567932e-7 -0.7500000000000009
v 1.9374999164064155 -9.238585252369091e-8 -0.7500000000000009
v 1.531249698151282 1.0625001058878794 1.0624999999999991
v 1.6562501041833446 1.0625002563618269 1.0624999999999991
v 1.531249698151282 1.0625001058878798 1.9374999999999991
v 1.6562501041833446 1.0625002563618273 1.9374999999999991
v 1.5312501039232296 1.1874998250134676 1.0624999999999991
v 1.656249888379107 1.1875000408177052 1.0624999999999991
v 1.5312501039232296 1.187499825013468 1.9374999999999991
v 1.656249888379107 1.1875000408177052 1.9374999999999991
v 1.3125001080186407 1.062500039018556 1.0624999999999991
v 1.4374998924745186 1.0625002548227935 1.0624999999999991
v 1.3125001080186407 1.0625000390185564 1.9374999999999991
v 1.4374998924745186 1.062500254822794 1.9374999999999991
v 1.312499892214403 1.1874998234744338 1.0624999999999991
v 1.4374996766702814 1.1875000392786714 1.0624999999999991
v 1.312499892214403 1.1874998234744343 1.9374999999999991
v 1.4374996766702814 1.1875000392786714 1.9374999999999991
v 1.637499920845222 1.4375000975792172 2.156249999999999
v 1.6375000287473407 1.3750002053512786 2.156249999999999
v 1.3249999034596325 1.4375002449750984 2.156249999999999
v 1.3250000113617508 1.375000352747159 2.156249999999999
v 1.637499920845222 1.4375000975792172 2.468749999999999
v 1.6375000287473407 1.3750002053512786 2.468749999999999
v 1.3249999034596325 1.4375002449750984 2.468749999999999
v 1.3250000113617508 1.375000352747159 2.468749999999999
v 1.637499920845222 1.4375000975792176 2.781249999999999
v 1.6375000287473407 1.375000205351279 2.781249999999999
v 1.3249999034596325 1.4375002449750989 2.781249999999999
v 1.3250000113617508 1.3750003527471595 2.781249999999999
v 1.1874998493824585 1.3749999059301983 2.031249999999999
v 1.2499997416103978 1.375000013832317 2.031249999999999
v 1.187499701986578 1.0624998885446084 2.031249999999999
v 1.249999594214517 1.0624999964467272 2.031249999999999
v 1.1874998493824585 1.3749999059301983 2.343749999999999
v 1.2499997416103978 1.375000013832317 2.343749999999999
v 1.187499701986578 1.0624998885446084 2.343749999999999
v 1.249999594214517 1.0624999964467272 2.343749999999999
v 1.1874998493824585 1.3749999059301983 2.406249999999999
v 1.2499997416103978 1.375000013832317 2.406249999999999
v 1.187499701986578 1.0624998885446084 2.406249999999999
v 1.249999594214517 1.0624999964467272 2.406249999999999
v 1.1874998493824585 1.3749999059301987 2.718749999999999
v 1.2499997416103978 1.3750000138323175 2.718749999999999
v 1.187499701986578 1.0624998885446084 2.718749999999999
v 1.249999594214517 1.0624999964467272 2.718749999999999
v 1.1874998493824585 1.3749999059301987 2.781249999999999
v 1.2499997416103978 1.3750000138323175 2.781249999999999
v 1.187499701986578 1.0624998885446084 2.781249999999999
v 1.249999594214517 1.0624999964467272 2.781249999999999
v 1.1874998493824585 1.3749999059301987 3.093749999999999
v 1.2499997416103978 1.3750000138323175 3.093749999999999
v 1.187499701986578 1.0624998885446084 3.093749999999999
v 1.249999594214517 1.0624999964467272 3.093749999999999
v 1.2499997021166358 1.0000001042187883 1.9999999999999991
v 1.7500000177622268 1.0000002151989742 1.9999999999999991
v 1.2499997021166358 1.0000001042187883 3.124999999999999
v 1.7500000177622268 1.0000002151989742 3.124999999999999
v 1.2499997416103978 1.375000013832317 1.9999999999999991
v 1.7500000572559888 1.375000124812503 1.9999999999999991
v 1.2499997416103978 1.3750000138323175 3.124999999999999
v 1.7500000572559888 1.3750001248125034 3.124999999999999
v 1.2499997416103978 1.3750000138323175 2.562499999999999
v 1.7500000572559888 1.3750001248125034 2.562499999999999
v 1.7500000177622268 1.0000002151989742 2.562499999999999
v 1.2499997021166358 1.0000001042187883 2.562499999999999
v 1.499999825735253 1.218750060629615 1.9999999999999991
v 1.687500123995254 1.2187503190056814 1.9999999999999991
v 1.5000000841113192 1.0312497623696135 1.9999999999999991
v 1.687499760795136 1.03125008607597 1.9999999999999991
v 1.499999825735253 1.218750060629615 1.9374999999999991
v 1.687500123995254 1.2187503190056814 1.9374999999999991
v 1.5000000841113192 1.0312497623696135 1.9374999999999991
v 1.687499760795136 1.03125008607597 1.9374999999999991
v 1.281249614026427 1.2187500590905813 1.9999999999999991
v 1.4687499122864285 1.218750317466648 1.9999999999999991
v 1.2812499377327833 1.031250382406765 1.9999999999999991
v 1.4687501706624948 1.0312500192066465 1.9999999999999991
v 1.281249614026427 1.2187500590905813 1.9374999999999991
v 1.4687499122864285 1.218750317466648 1.9374999999999991
v 1.2812499377327833 1.031250382406765 1.9374999999999991
v 1.4687501706624948 1.0312500192066465 1.9374999999999991
v 1.499999825735253 1.218750060629615 0.9999999999999991
v 1.687500123995254 1.2187503190056814 0.9999999999999991
v 1.5000000841113192 1.0312497623696135 0.9999999999999991
v 1.687499760795136 1.0312500860759695 0.9999999999999991
v 1.499999825735253 1.218750060629615 1.0624999999999991
v 1.687500123995254 1.2187503190056814 1.0624999999999991
v 1.5000000841113192 1.0312497623696135 1.0624999999999991
v 1.687499760795136 1.0312500860759695 1.0624999999999991
v 1.281249614026427 1.2187500590905813 0.9999999999999991
v 1.4687499122864285 1.2187503174666476 0.9999999999999991
v 1.2812499377327833 1.0312503824067645 0.9999999999999991
v 1.4687501706624948 1.0312500192066465 0.9999999999999991
v 1.281249614026427 1.2187500590905813 1.0624999999999991
v 1.4687499122864285 1.2187503174666476 1.0624999999999991
v 1.2812499377327833 1.0312503824067645 1.0624999999999991
v 1.4687501706624948 1.0312500192066465 1.0624999999999991
v 3.8125001983753948 2.000000220490939 4.749999999999998
v 3.9374999175009835 1.9999998147189917 4.749999999999998
v 3.8124998640898715 1.0000002761062308 4.749999999999998
v 3.93749958321546 0.9999998703342832 4.749999999999998
v 3.8125001983753948 2.000000220490939 4.874999999999998
v 3.9374999175009835 1.9999998147189917 4.874999999999998
v 3.8124998640898715 1.0000002761062308 4.874999999999998
v 3.93749958321546 0.9999998703342832 4.874999999999998
v 1.5921078881668653 2.000000040542575 4.895533124999998
v 1.592107553881342 1.000000096157867 4.895533124999998
v 0.8425649199280212 1.9999998641996317 4.921707499999998
v 0.8425645856424984 0.9999999198149241 4.921707499999998
v 2.34165085640571 2.000000216885518 4.870920624999998
v 2.341651143696371 1.0000002071705207 4.870920624999998
v 3.0911938246445536 2.000000393228462 4.844746249999998
v 3.091194111935215 1.000000383513464 4.844746249999998
v 3.8407373491292933 1.9999998826649308 4.817009374999998
v 3.8407370148437696 0.9999999382802227 4.817009374999998
v 0.749999720756569 1.9999999376233109 4.8562499999999975
v 0.8750001267886303 2.0000000880972593 4.8562499999999975
v 0.75000000804723 0.9999999279083132 4.8562499999999975
v 0.8749997925031074 1.0000001437125507 4.8562499999999975
v 0.749999720756569 1.9999999376233109 4.9812499999999975
v 0.8750001267886303 2.0000000880972593 4.9812499999999975
v 0.75000000804723 0.9999999279083132 4.9812499999999975
v 0.8749997925031074 1.0000001437125507 4.9812499999999975
v 3.830704882692404 1.9999998105694163 3.4985912499999987
v 3.8322675249138536 1.0000002427149828 3.4985912499999987
v 3.8584418363893245 1.9999998848305616 4.248134374999998
v 3.8584421236799855 0.9999998751155639 4.248134374999998
v 3.849717177326009 1.9999999855869381 3.998286874999998
v 3.84971746461667 0.9999999758719404 3.998286874999998
v 3.8758918414224306 2.0000002395637035 4.747829999999999
v 3.8758921287130916 1.0000002298487058 4.747829999999999
v 3.806092573526771 1.9999999984532155 2.749048124999999
v 3.8060928608174325 0.9999999887382174 2.749048124999999
v 3.778355619829851 1.9999999241920698 1.9995049999999992
v 3.778355907120512 0.9999999144770721 1.9995049999999992
v 3.7537433106642175 2.000000112075869 1.2499618749999994
v 3.753743597954879 1.0000001023608713 1.2499618749999994
v 3.687499792343332 2.000000070016991 1.1249999999999991
v 3.8125001983753948 2.0000002204909384 1.1249999999999991
v 3.6875000796339936 1.0000000603019927 1.1249999999999991
v 3.8124998640898715 1.0000002761062303 1.1249999999999991
v 3.687499792343332 2.000000070016991 1.2499999999999991
v 3.8125001983753948 2.0000002204909384 1.2499999999999991
v 3.6875000796339936 1.0000000603019927 1.2499999999999991
v 3.8124998640898715 1.0000002761062303 1.2499999999999991
v 3.7174715044809976 2.0000002992615658 1.195664999999999
v 3.7174717917716587 1.000000289546568 1.195664999999999
v 2.973061623906436 1.9999998174800329 1.287066874999999
v 2.973061911197097 0.9999998077650352 1.287066874999999
v 2.2286524302383484 1.9999998919443942 1.3784687499999988
v 2.2286520959528247 0.9999999475596866 1.3784687499999988
v 2.124999640085094 2.00000018542021 1.3062499999999995
v 2.2500000461171568 2.000000335894158 1.3062499999999995
v 2.124999927375755 1.0000001757052122 1.3062499999999995
v 2.2499997118316335 1.0000003915094493 1.3062499999999995
v 2.124999640085094 2.00000018542021 1.4312499999999995
v 2.2500000461171568 2.000000335894158 1.4312499999999995
v 2.124999927375755 1.0000001757052122 1.4312499999999995
v 2.2499997118316335 1.0000003915094493 1.4312499999999995
v 1.5921078881668653 2.000000040542575 4.897095624999999
v 1.592107553881342 1.000000096157867 4.897095624999999
v 0.8425649199280212 1.9999998641996317 4.923269999999999
v 0.8425645856424984 0.9999999198149241 4.923269999999999
v 2.34165085640571 2.000000216885518 4.869358124999998
v 2.341651143696371 1.0000002071705207 4.869358124999998
v 1.5921078881668653 2.000000040542575 4.897095624999999
v 1.5921078881668653 2.000000040542575 4.895533124999998
v 1.592107553881342 1.000000096157867 4.897095624999999
v 1.592107553881342 1.000000096157867 4.895533124999998
v 3.0911938246445536 2.000000393228462 4.843183749999998
v 3.091194111935215 1.000000383513464 4.843183749999998
v 2.34165085640571 2.000000216885518 4.870920624999998
v 2.34165085640571 2.000000216885518 4.869358124999998
v 2.341651143696371 1.0000002071705207 4.870920624999998
v 2.341651143696371 1.0000002071705207 4.869358124999998
v 3.8407373491292933 1.9999998826649308 4.818571874999998
v 3.8407370148437696 0.9999999382802227 4.818571874999998
v 3.0911938246445536 2.000000393228462 4.843183749999998
v 3.0911938246445536 2.000000393228462 4.844746249999998
v 3.091194111935215 1.000000383513464 4.843183749999998
v 3.091194111935215 1.000000383513464 4.844746249999998
v 3.8307051699830654 0.9999998008544182 3.4985912499999987
v 3.8568795467888255 2.0000000645461813 4.248134374999998
v 3.8568798340794865 1.0000000548311836 4.248134374999998
v 3.84815488772551 2.0000001653025583 3.998286874999998
v 3.8481545534399864 1.0000002209178498 3.998286874999998
v 3.874329486491642 1.9999997977031385 4.747829999999999
v 3.8743291522061183 0.9999998533184309 4.747829999999999
v 3.8045302839262725 2.0000001781688357 2.749048124999999
v 3.8045305712169335 1.0000001684538375 2.749048124999999
v 3.832267237623193 2.000000252429981 3.4985912499999987
v 3.830704882692404 1.9999998105694163 3.4985912499999987
v 3.8322675249138536 1.0000002427149828 3.4985912499999987
v 3.8307051699830654 0.9999998008544182 3.4985912499999987
v 3.7799179747606395 2.0000003660526344 1.9995049999999992
v 3.7799182620513 1.0000003563376367 1.9995049999999992
v 3.8045302839262725 2.0000001781688357 2.749048124999999
v 3.806092573526771 1.9999999984532155 2.749048124999999
v 3.8045305712169335 1.0000001684538375 2.749048124999999
v 3.8060928608174325 0.9999999887382174 2.749048124999999
v 3.752181021063719 2.000000291791489 1.2499618749999994
v 3.7521813083543796 1.0000002820764915 1.2499618749999994
v 3.7799179747606395 2.0000003660526344 1.9995049999999992
v 3.778355619829851 1.9999999241920698 1.9995049999999992
v 3.7799182620513 1.0000003563376367 1.9995049999999992
v 3.778355907120512 0.9999999144770721 1.9995049999999992
v 3.7174715044809976 2.0000002992615658 1.1972274999999994
v 3.7174717917716587 1.000000289546568 1.1972274999999994
v 2.973061623906436 1.9999998174800329 1.2886293749999993
v 2.973061911197097 0.9999998077650352 1.2886293749999993
v 2.973061623906436 1.9999998174800329 1.287066874999999
v 2.973061623906436 1.9999998174800329 1.2886293749999993
v 2.973061911197097 0.9999998077650352 1.287066874999999
v 2.973061911197097 0.9999998077650352 1.2886293749999993
v 2.2286524302383484 1.9999998919443942 1.3800312499999992
v 2.2286520959528247 0.9999999475596866 1.3800312499999992
v 3.832267237623193 2.000000252429981 3.4985912499999987
v 1.5341598035965642 5.249999853802142 2.527539374999998
v 2.534159813311562 5.250000141092803 2.527538749999998
v 1.534159397824617 5.1250001346765535 2.527539374999999
v 2.534159342209325 5.124999800391029 2.527538749999998
v 1.53415918202038 5.249999919132431 3.527539374999998
v 2.534159813311562 5.250000141092803 3.527538749999998
v 1.534159397824617 5.1250001346765535 3.527539374999998
v 2.534159342209325 5.124999800391029 3.527538749999998
vt 0.3125 0.9375
vt 0.5 0.9375
vt 0.5 0
vt 0.3125 0
vt 0.3125 0.9375
vt 0.5 0.9375
vt 0.5 0
vt 0.3125 0
vt 0.3125 0.925218125
vt 0.5 0.9375
vt 0.5 0.012281874999999998
vt 0.3125 0
vt 0.3125 0.9375
vt 0.5 0.925218125
vt 0.5 0
vt 0.3125 0.012281874999999998
vt 0.49999125 0.3125
vt 0.3125 0.312505625
vt 0.312515625 0.937503125
vt 0.5 0.937503125
vt 0.3125 0.999996875
vt 0.50000125 1
vt 0.50000125 0.374996875
vt 0.312506875 0.374999375
vt 0.3125 1
vt 0.5 1
vt 0.5 0.375
vt 0.3125 0.375
vt 0.3125 1
vt 0.5 1
vt 0.5 0.375
vt 0.3125 0.375
vt 0.4999975 0.37499499999999997
vt 0.31250375 0.37499499999999997
vt 0.3124975 0.9374975
vt 0.49999125 0.9374975
vt 0.3125 0.937498125
vt 0.50000125 0.9375
vt 0.50000125 0.374996875
vt 0.3125 0.37499499999999997
vt 0.3125 0.9375
vt 0.5 0.9375
vt 0.5 0.375
vt 0.3125 0.375
vt 0.3125 0.9375
vt 0.5 0.9375
vt 0.5 0.375
vt 0.3125 0.375
vt 0.3125 1
vt 0.499993125 1
vt 0.5 0.375
vt 0.312506875 0.375
vt 0.3125 0.999998125
vt 0.50000125 1
vt 0.50000125 0.37500374999999997
vt 0.3125 0.37500187500000004
vt 0.3125 1
vt 0.5 1
vt 0.5 0.375
vt 0.3125 0.375
vt 0.3125 1
vt 0.5 1
vt 0.5 0.375
vt 0.3125 0.375
vt 0.1328125 0.1875
vt 0.1640625 0.1875
vt 0.1640625 0.1484375
vt 0.1328125 0.1484375
vt 0.1328125 0.1875
vt 0.1640625 0.1875
vt 0.1640625 0.1484375
vt 0.1328125 0.1484375
vt 0.1640625 0.21875
vt 0.2734375 0.21875
vt 0.2734375 0.1875
vt 0.1640625 0.1875
vt 0.1640625 0.1796875
vt 0.2734375 0.1796875
vt 0.2734375 0.1484375
vt 0.1640625 0.1484375
vt 0.1640625 0.1875
vt 0.2734375 0.1875
vt 0.2734375 0.1484375
vt 0.1640625 0.1484375
vt 0.1640625 0.1875
vt 0.2734375 0.1875
vt 0.2734375 0.1484375
vt 0.1640625 0.1484375
vt 0.5625 0.9999975
vt 0.6875 1
vt 0.6875 0.24999812499999996
vt 0.562506875 0.250000625
vt 0.687483125 0.24999812499999996
vt 0.5625 0.25000374999999997
vt 0.56252375 1
vt 0.6875 1
vt 0.5625 0.6875
vt 0.6875 0.6875
vt 0.6875 0.5625
vt 0.5625 0.5625
vt 0.5625 1
vt 0.6875 1
vt 0.6875 0.25
vt 0.5625 0.25
vt 0.5625 1
vt 0.6875 1
vt 0.6875 0.25
vt 0.5625 0.25
vt 0.3125 0.9375
vt 0.5 0.9375
vt 0.5 0
vt 0.3125 0
vt 0.3125 0.9375
vt 0.5 0.9375
vt 0.5 0
vt 0.3125 0
vt 0.3125 0.925218125
vt 0.5 0.9375
vt 0.5 0.012281874999999998
vt 0.3125 0
vt 0.3125 0.9375
vt 0.5 0.925218125
vt 0.5 0
vt 0.3125 0.012281874999999998
vt 0.49999125 1
vt 0.3125 0.999994375
vt 0.312515625 0.374996875
vt 0.5 0.374996875
vt 0.3125 0.999996875
vt 0.50000125 1
vt 0.50000125 0.374996875
vt 0.312506875 0.374999375
vt 0.3125 1
vt 0.5 1
vt 0.5 0.375
vt 0.3125 0.375
vt 0.3125 1
vt 0.5 1
vt 0.5 0.375
vt 0.3125 0.375
vt 0.4999975 0.37499499999999997
vt 0.31250375 0.37499499999999997
vt 0.3124975 0.9374975
vt 0.49999125 0.9374975
vt 0.3125 0.937498125
vt 0.50000125 0.9375
vt 0.50000125 0.374996875
vt 0.3125 0.37499499999999997
vt 0.3125 0.9375
vt 0.5 0.9375
vt 0.5 0.375
vt 0.3125 0.375
vt 0.3125 0.9375
vt 0.5 0.9375
vt 0.5 0.375
vt 0.3125 0.375
vt 0.3125 1
vt 0.499993125 1
vt 0.5 0.375
vt 0.312506875 0.375
vt 0.3125 0.999998125
vt 0.50000125 1
vt 0.50000125 0.37500374999999997
vt 0.3125 0.37500187500000004
vt 0.3125 1
vt 0.5 1
vt 0.5 0.375
vt 0.3125 0.375
vt 0.3125 1
vt 0.5 1
vt 0.5 0.375
vt 0.3125 0.375
vt 0 0.5625
vt 0.3125 0.5625
vt 0.3125 0.25
vt 0 0.25
vt 0 0.5625
vt 0.3125 0.5625
vt 0.3125 0.25
vt 0 0.25
vt 0 0.5625
vt 0.3125 0.5625
vt 0.3125 0.25
vt 0 0.25
vt 0 0.5625
vt 0.3125 0.5625
vt 0.3125 0.25
vt 0 0.25
vt 0 0.5625
vt 0.3125 0.5625
vt 0.3125 0.25
vt 0 0.25
vt 0 0.5625
vt 0.3125 0.5625
vt 0.3125 0.25
vt 0 0.25
vt 0.1875 1
vt 0.1875 0.84375
vt 0 0.84375
vt 0 1
vt 0.25 0.84375
vt 0.25 1
vt 0.4375 1
vt 0.4375 0.84375
vt 0.25 0.75
vt 0.4375 0.75
vt 0.4375 0.5625
vt 0.25 0.5625
vt 0.4375 0.8125
vt 0.25 0.8125
vt 0.25 1
vt 0.4375 1
vt 0.25 0.84375
vt 0.25 1
vt 0.4375 1
vt 0.4375 0.84375
vt 0.1875 1
vt 0.1875 0.84375
vt 0 0.84375
vt 0 1
vt 0.1875 0.71875
vt 0.1875 0.5625
vt 0 0.5625
vt 0 0.71875
vt 0.1875 0.71875
vt 0.1875 0.5625
vt 0 0.5625
vt 0 0.71875
vt 0.25 0.5625
vt 0.25 0.71875
vt 0.4375 0.71875
vt 0.4375 0.5625
vt 0.25 0.5625
vt 0.25 0.71875
vt 0.4375 0.71875
vt 0.4375 0.5625
vt 0.25 0.5625
vt 0.25 0.71875
vt 0.4375 0.71875
vt 0.4375 0.5625
vt 0.1875 0.8125
vt 0 0.8125
vt 0 1
vt 0.1875 1
vt 0.1875 0.71875
vt 0.1875 0.5625
vt 0 0.5625
vt 0 0.71875
vt 0.1875 1
vt 0.1875 0.84375
vt 0 0.84375
vt 0 1
vt 0 0.75
vt 0.1875 0.75
vt 0.1875 0.5625
vt 0 0.5625
vt 0.25 0.84375
vt 0.25 1
vt 0.4375 1
vt 0.4375 0.84375
vt 0.4375 0.8125
vt 0.25 0.8125
vt 0.25 1
vt 0.4375 1
vt 0.25 0.84375
vt 0.25 1
vt 0.4375 1
vt 0.4375 0.84375
vt 0.25 0.5625
vt 0.25 0.71875
vt 0.4375 0.71875
vt 0.4375 0.5625
vt 0.25 0.75
vt 0.4375 0.75
vt 0.4375 0.5625
vt 0.25 0.5625
vt 0 0.75
vt 0.1875 0.75
vt 0.1875 0.5625
vt 0 0.5625
vt 0.1875 0.71875
vt 0.1875 0.5625
vt 0 0.5625
vt 0 0.71875
vt 0.1875 0.875
vt 0.1875 0.71875
vt 0 0.71875
vt 0 0.875
vt 0.1875 0.8125
vt 0 0.8125
vt 0 1
vt 0.1875 1
vt 0.1875 1
vt 0.1875 0.875
vt 0 0.875
vt 0 1
vt 0.25 0.875
vt 0.25 1
vt 0.4375 1
vt 0.4375 0.875
vt 0.25 0.75
vt 0.4375 0.75
vt 0.4375 0.5625
vt 0.25 0.5625
vt 0.4375 0.8125
vt 0.25 0.8125
vt 0.25 1
vt 0.4375 1
vt 0.25 0.875
vt 0.25 1
vt 0.4375 1
vt 0.4375 0.875
vt 0.1875 1
vt 0.1875 0.875
vt 0 0.875
vt 0 1
vt 0.1875 0.6875
vt 0.1875 0.5625
vt 0 0.5625
vt 0 0.6875
vt 0.1875 0.6875
vt 0.1875 0.5625
vt 0 0.5625
vt 0 0.6875
vt 0.25 0.5625
vt 0.25 0.6875
vt 0.4375 0.6875
vt 0.4375 0.5625
vt 0.25 0.5625
vt 0.25 0.6875
vt 0.4375 0.6875
vt 0.4375 0.5625
vt 0.25 0.5625
vt 0.25 0.6875
vt 0.4375 0.6875
vt 0.4375 0.5625
vt 0.1875 0.8125
vt 0 0.8125
vt 0 1
vt 0.1875 1
vt 0.1875 0.6875
vt 0.1875 0.5625
vt 0 0.5625
vt 0 0.6875
vt 0.1875 1
vt 0.1875 0.875
vt 0 0.875
vt 0 1
vt 0 0.75
vt 0.1875 0.75
vt 0.1875 0.5625
vt 0 0.5625
vt 0.25 0.875
vt 0.25 1
vt 0.4375 1
vt 0.4375 0.875
vt 0.4375 0.8125
vt 0.25 0.8125
vt 0.25 1
vt 0.4375 1
vt 0.25 0.875
vt 0.25 1
vt 0.4375 1
vt 0.4375 0.875
vt 0.25 0.5625
vt 0.25 0.6875
vt 0.4375 0.6875
vt 0.4375 0.5625
vt 0.25 0.75
vt 0.4375 0.75
vt 0.4375 0.5625
vt 0.25 0.5625
vt 0 0.75
vt 0.1875 0.75
vt 0.1875 0.5625
vt 0 0.5625
vt 0.1875 0.6875
vt 0.1875 0.5625
vt 0 0.5625
vt 0 0.6875
vt 0.1875 1
vt 0.1875 0.875
vt 0 0.875
vt 0 1
vt 0.1875 0.8125
vt 0 0.8125
vt 0 1
vt 0.1875 1
vt 0.3125 0.375
vt 0.5 0.375
vt 0.5 0
vt 0.3125 0
vt 0.3125 0.375
vt 0.5 0.375
vt 0.5 0
vt 0.3125 0
vt 0.3125 0.9375
vt 0.5 0.9375
vt 0.5 0.8125
vt 0.3125 0.8125
vt 0.3125 0.375
vt 0.5 0.375
vt 0.5 0
vt 0.3125 0
vt 0.3125 0.375
vt 0.5 0.375
vt 0.5 0
vt 0.3125 0
vt 0.8125 0.125
vt 0.875 0.3125
vt 1 0.3125
vt 1 0.125
vt 0.5 0.8125
vt 0.3125 0.8125
vt 0.3125 0.9375
vt 0.5 0.9375
vt 1 0.125
vt 1 0.3125
vt 0.875 0.3125
vt 0.8125 0.125
vt 0.3125 0.8125
vt 0.3125 1
vt 0.5 1
vt 0.5 0.8125
vt 0.3125 0.5
vt 0.3125 0.8125
vt 0.5 0.8125
vt 0.5 0.5
vt 0.3125 0.5
vt 0.3125 0.8125
vt 0.5 0.8125
vt 0.5 0.5
vt 0.5 0.8125
vt 0.5 0.5
vt 0.3125 0.5
vt 0.3125 0.8125
vt 0.5 0.8125
vt 0.5 0.5
vt 0.3125 0.5
vt 0.3125 0.8125
vt 0.8125 0.125
vt 0.875 0.3125
vt 1 0.3125
vt 1 0.125
vt 0.3125 1
vt 0.5 1
vt 0.5 0.8125
vt 0.3125 0.8125
vt 1 0.125
vt 1 0.3125
vt 0.875 0.3125
vt 0.8125 0.125
vt 0.5 0.5
vt 0.5 0.3125
vt 0.3125 0.3125
vt 0.3125 0.5
vt 0.5 0.375
vt 0.3125 0.375
vt 0.3125 0.9375
vt 0.5 0.9375
vt 0.3125 0.9375
vt 0.5 0.9375
vt 0.5 0.375
vt 0.3125 0.375
vt 0.3125 0.9375
vt 0.5 0.9375
vt 0.5 0.375
vt 0.3125 0.375
vt 0.3125 0.9375
vt 0.5 0.9375
vt 0.5 0.375
vt 0.3125 0.375
vt 1 0.3125
vt 0.875 0.3125
vt 0.8125 0.125
vt 1 0.125
vt 1 0.125
vt 0.8125 0.125
vt 0.875 0.3125
vt 1 0.3125
vt 0.3125 0
vt 0.3125 0.125
vt 0.5 0.125
vt 0.5 0
vt 0.3125 0
vt 0.3125 1
vt 0.5 1
vt 0.5 0
vt 0.3125 0
vt 0.3125 1
vt 0.5 1
vt 0.5 0
vt 0.3125 0
vt 0.3125 1
vt 0.5 1
vt 0.5 0
vt 0.3125 0
vt 0.3125 1
vt 0.5 1
vt 0.5 0
vt 0.3125 0.9375
vt 0.5 0.9375
vt 0.5 0.375
vt 0.3125 0.375
vt 0.3125 0.9375
vt 0.5 0.9375
vt 0.5 0.375
vt 0.3125 0.375
vt 0.5 0.375
vt 0.3125 0.375
vt 0.3125 0.9375
vt 0.5 0.9375
vt 0.3125 0.9375
vt 0.5 0.9375
vt 0.5 0.375
vt 0.3125 0.375
vt 0.3125 0.5
vt 0.5 0.5
vt 0.5 0.4375
vt 0.3125 0.4375
vt 0.3125 0.9375
vt 0.5 0.9375
vt 0.5 0.875
vt 0.3125 0.875
vt 0.3125 0.4375
vt 0.5 0.4375
vt 0.5 0.3125
vt 0.3125 0.3125
vt 0.3125 0.8125
vt 0.5 0.8125
vt 0.5 0.75
vt 0.3125 0.75
vt 0.3125 0.375
vt 0.5 0.375
vt 0.5 0.3125
vt 0.3125 0.3125
vt 1 0.3125
vt 0.8125 0.25
vt 0.8125 0.125
vt 1 0.125
vt 0.5 0.75
vt 0.3125 0.75
vt 0.3125 0.875
vt 0.5 0.875
vt 1 0.125
vt 1 0.3125
vt 0.875 0.3125
vt 0.8125 0.125
vt 0.3125 0.8125
vt 0.3125 1
vt 0.5 1
vt 0.5 0.8125
vt 0.3125 0.4375
vt 0.3125 0.5
vt 0.5 0.5
vt 0.5 0.4375
vt 0.3125 0.0625
vt 0.3125 0.125
vt 0.5 0.125
vt 0.5 0.0625
vt 0.5 0.125
vt 0.5 0.0625
vt 0.3125 0.0625
vt 0.3125 0.125
vt 0.5 0.4375
vt 0.5 0.375
vt 0.3125 0.375
vt 0.3125 0.4375
vt 0.3125 0.8125
vt 0.375 1
vt 0.5 1
vt 0.5 0.8125
vt 0.3125 0.5625
vt 0.5 0.5625
vt 0.5 0.375
vt 0.3125 0.375
vt 1 0.125
vt 1 0.3125
vt 0.875 0.3125
vt 0.8125 0.125
vt 0.5 0.9375
vt 0.5 0.75
vt 0.3125 0.75
vt 0.3125 0.9375
vt 0.5 0.375
vt 0.3125 0.375
vt 0.3125 0.9375
vt 0.5 0.9375
vt 0.3125 0.9375
vt 0.5 0.9375
vt 0.5 0.375
vt 0.3125 0.375
vt 0.3125 0.9375
vt 0.5 0.9375
vt 0.5 0.375
vt 0.3125 0.375
vt 0.3125 0.9375
vt 0.5 0.9375
vt 0.5 0.375
vt 0.3125 0.375
vt 1 0.3125
vt 0.875 0.3125
vt 0.8125 0.125
vt 1 0.125
vt 0.3125 0.9375
vt 0.5 0.9375
vt 0.5 0.8125
vt 0.3125 0.8125
vt 1 0.125
vt 0.8125 0.125
vt 0.875 0.3125
vt 1 0.3125
vt 0.3125 0.3125
vt 0.3125 0.4375
vt 0.5 0.4375
vt 0.5 0.3125
vt 0.3125 0.4375
vt 0.3125 0.8125
vt 0.5 0.8125
vt 0.5 0.4375
vt 0.3125 0.4375
vt 0.3125 0.8125
vt 0.5 0.8125
vt 0.5 0.4375
vt 0.3125 0.4375
vt 0.3125 0.8125
vt 0.5 0.8125
vt 0.5 0.4375
vt 0.3125 0.4375
vt 0.3125 0.8125
vt 0.5 0.8125
vt 0.5 0.4375
vt 0.8125 0.125
vt 0.875 0.3125
vt 1 0.3125
vt 1 0.125
vt 0.3125 0.375
vt 0.3125 0.5625
vt 0.5 0.5625
vt 0.5 0.375
vt 1 0.125
vt 1 0.3125
vt 0.875 0.3125
vt 0.8125 0.125
vt 0.3125 0.375
vt 0.3125 0.5625
vt 0.5 0.5625
vt 0.5 0.375
vt 0.3125 0.375
vt 0.3125 0.4375
vt 0.5 0.4375
vt 0.5 0.375
vt 0.375 1
vt 0.4375 1
vt 0.4375 0.8125
vt 0.375 0.8125
vt 0.5 0.8125
vt 0.5 0.75
vt 0.3125 0.75
vt 0.3125 0.8125
vt 0.5 1
vt 0.5 0.9375
vt 0.3125 0.9375
vt 0.3125 1
vt 0.5 0.4375
vt 0.3125 0.4375
vt 0.3125 0.5625
vt 0.5 0.5625
vt 1 0.125
vt 0.8125 0.125
vt 0.875 0.3125
vt 1 0.3125
vt 0.5 0.5
vt 0.5 0.375
vt 0.3125 0.375
vt 0.3125 0.5
vt 1 0.3125
vt 0.875 0.3125
vt 0.8125 0.125
vt 1 0.125
vt 0.3125 0.3125
vt 0.3125 0.375
vt 0.5 0.375
vt 0.5 0.3125
vt 0.3125 0.0625
vt 0.3125 0.125
vt 0.5 0.125
vt 0.5 0.0625
vt 0.3125 0.875
vt 0.3125 0.9375
vt 0.5 0.9375
vt 0.5 0.875
vt 0.3125 0.4375
vt 0.3125 0.5
vt 0.5 0.5
vt 0.5 0.4375
vt 1 0.125
vt 1 0.3125
vt 0.875 0.3125
vt 0.8125 0.125
vt 0.3125 0.375
vt 0.3125 0.5625
vt 0.5 0.5625
vt 0.5 0.375
vt 0.8125 0.125
vt 0.875 0.3125
vt 1 0.3125
vt 1 0.125
vt 0.3125 0.375
vt 0.3125 0.5625
vt 0.5 0.5625
vt 0.5 0.375
vt 0.3125 0.4375
vt 0.3125 0.8125
vt 0.5 0.8125
vt 0.5 0.4375
vt 0.3125 0.4375
vt 0.3125 0.8125
vt 0.5 0.8125
vt 0.5 0.4375
vt 0.3125 0.4375
vt 0.3125 0.8125
vt 0.5 0.8125
vt 0.5 0.4375
vt 0.5 0.4375
vt 0.5 0.8125
vt 0.3125 0.8125
vt 0.3125 0.4375
vt 1 0.125
vt 0.8125 0.125
vt 0.875 0.3125
vt 1 0.3125
vt 0.3125 0
vt 0.3125 0.125
vt 0.5 0.125
vt 0.5 0
vt 1 0.3125
vt 0.875 0.3125
vt 0.8125 0.125
vt 1 0.125
vt 0.3125 0.375
vt 0.3125 0.875
vt 0.5 0.875
vt 0.5 0.375
vt 0.3125 0.375
vt 0.3125 0.875
vt 0.5 0.875
vt 0.5 0.375
vt 0.3125 0.375
vt 0.3125 0.875
vt 0.5 0.875
vt 0.5 0.375
vt 0.3125 0.375
vt 0.3125 0.875
vt 0.5 0.875
vt 0.5 0.375
vt 0.3125 0.9375
vt 0.5 0.9375
vt 0.5 0.3125
vt 0.3125 0.3125
vt 0.5 0.3125
vt 0.3125 0.3125
vt 0.3125 0.9375
vt 0.5 0.9375
vt 0.3125 0.9375
vt 0.5 0.9375
vt 0.5 0.3125
vt 0.3125 0.3125
vt 0.3125 0.9375
vt 0.5 0.9375
vt 0.5 0.3125
vt 0.3125 0.3125
vt 0.75 0.78125
vt 0.875 0.78125
vt 0.875 0.6875
vt 0.75 0.6875
vt 0 0.65625
vt 0.125 0.65625
vt 0.125 0.5625
vt 0 0.5625
vt 0.6875 1
vt 0.6875 0.875
vt 0.4375 0.875
vt 0.4375 1
vt 0.6875 0.8125
vt 0.6875 0.6875
vt 0.4375 0.6875
vt 0.4375 0.8125
vt 0.4375 0.78125
vt 0.6875 0.78125
vt 0.6875 0.6875
vt 0.4375 0.6875
vt 0.625 0.78125
vt 0.875 0.78125
vt 0.875 0.6875
vt 0.625 0.6875
vt 0.6875 0.8125
vt 0.6875 0.6875
vt 0.4375 0.6875
vt 0.4375 0.8125
vt 0.75 0.78125
vt 0.875 0.78125
vt 0.875 0.6875
vt 0.75 0.6875
vt 0.6875 1
vt 0.6875 0.875
vt 0.4375 0.875
vt 0.4375 1
vt 0.4375 0.78125
vt 0.5625 0.78125
vt 0.5625 0.6875
vt 0.4375 0.6875
vt 0.65625 0.6875
vt 0.65625 0.8125
vt 0.875 0.8125
vt 0.875 0.6875
vt 0.65625 0.78125
vt 0.875 0.78125
vt 0.875 0.6875
vt 0.65625 0.6875
vt 0.65625 0.875
vt 0.65625 1
vt 0.875 1
vt 0.875 0.875
vt 0.65625 0.6875
vt 0.65625 0.8125
vt 0.875 0.8125
vt 0.875 0.6875
vt 0.4375 0.78125
vt 0.65625 0.78125
vt 0.65625 0.6875
vt 0.4375 0.6875
vt 0.65625 0.875
vt 0.65625 1
vt 0.875 1
vt 0.875 0.875
vt 0.875 0.9375
vt 0.625 0.9375
vt 0.625 1
vt 0.875 1
vt 0.125 0.9375
vt 0 0.9375
vt 0 1
vt 0.125 1
vt 0.875 0.9375
vt 0.75 0.9375
vt 0.75 1
vt 0.875 1
vt 0.6875 0.9375
vt 0.4375 0.9375
vt 0.4375 1
vt 0.6875 1
vt 0.875 0.9375
vt 0.65625 0.9375
vt 0.65625 1
vt 0.875 1
vt 0.5625 0.9375
vt 0.4375 0.9375
vt 0.4375 1
vt 0.5625 1
vt 0.875 0.9375
vt 0.75 0.9375
vt 0.75 1
vt 0.875 1
vt 0.65625 0.9375
vt 0.4375 0.9375
vt 0.4375 1
vt 0.65625 1
vt 0.1875 0.75
vt 0.1875 1
vt 0.4375 1
vt 0.4375 0.75
vt 0.25 1
vt 0.25 0.75
vt 0 0.75
vt 0 1
vt 0.25 0.75
vt 0 0.75
vt 0 1
vt 0.25 1
vt 0 0.8125
vt 0.25 0.8125
vt 0.25 0.5625
vt 0 0.5625
vt 0.25 1
vt 0.25 0.75
vt 0 0.75
vt 0 1
vt 0.1875 0.75
vt 0.1875 1
vt 0.4375 1
vt 0.4375 0.75
vt 0.25 0.8125
vt 0.25 0.5625
vt 0 0.5625
vt 0 0.8125
vt 0.25 0.8125
vt 0.25 0.5625
vt 0 0.5625
vt 0 0.8125
vt 0.1875 0.5625
vt 0.1875 0.8125
vt 0.4375 0.8125
vt 0.4375 0.5625
vt 0.1875 0.5625
vt 0.1875 0.8125
vt 0.4375 0.8125
vt 0.4375 0.5625
vt 0.1875 0.5625
vt 0.1875 0.8125
vt 0.4375 0.8125
vt 0.4375 0.5625
vt 0.1875 0.8125
vt 0.4375 0.8125
vt 0.4375 0.5625
vt 0.1875 0.5625
vt 0.25 0.8125
vt 0.25 0.5625
vt 0 0.5625
vt 0 0.8125
vt 0.25 1
vt 0.25 0.75
vt 0 0.75
vt 0 1
vt 0.4375 0.75
vt 0.1875 0.75
vt 0.1875 1
vt 0.4375 1
vt 0.1875 0.75
vt 0.1875 1
vt 0.4375 1
vt 0.4375 0.75
vt 0 0.8125
vt 0.25 0.8125
vt 0.25 0.5625
vt 0 0.5625
vt 0.1875 0.75
vt 0.1875 1
vt 0.4375 1
vt 0.4375 0.75
vt 0.1875 0.5625
vt 0.1875 0.8125
vt 0.4375 0.8125
vt 0.4375 0.5625
vt 0.25 0.75
vt 0 0.75
vt 0 1
vt 0.25 1
vt 0.4375 0.75
vt 0.1875 0.75
vt 0.1875 1
vt 0.4375 1
vt 0.25 0.8125
vt 0.25 0.5625
vt 0 0.5625
vt 0 0.8125
vt 0.25 1
vt 0.25 0.75
vt 0 0.75
vt 0 1
vt 0.1875 0.8125
vt 0.4375 0.8125
vt 0.4375 0.5625
vt 0.1875 0.5625
vt 0.4375 0.90625
vt 0.1875 0.90625
vt 0.1875 1
vt 0.4375 1
vt 0.25 0.90625
vt 0 0.90625
vt 0 1
vt 0.25 1
vt 0.4375 0.875
vt 0.6875 0.875
vt 0.6875 0.6875
vt 0.4375 0.6875
vt 0.1875 0.8125
vt 0.1875 0.5625
vt 0 0.5625
vt 0 0.8125
vt 0.625 0.90625
vt 0.4375 0.90625
vt 0.4375 1
vt 0.625 1
vt 0.875 0.90625
vt 0.6875 0.90625
vt 0.6875 1
vt 0.875 1
vt 0.625 0.875
vt 0.875 0.875
vt 0.875 0.6875
vt 0.625 0.6875
vt 0.875 0.90625
vt 0.625 0.90625
vt 0.625 1
vt 0.875 1
vt 0.1875 1
vt 0.1875 0.75
vt 0 0.75
vt 0 1
vt 0.25 0.90625
vt 0 0.90625
vt 0 1
vt 0.25 1
vt 0.875 0.8125
vt 0.625 0.8125
vt 0.625 1
vt 0.875 1
vt 0.875 0.90625
vt 0.6875 0.90625
vt 0.6875 1
vt 0.875 1
vt 0.25 0.75
vt 0.25 1
vt 0.4375 1
vt 0.4375 0.75
vt 0.25 0.5625
vt 0.25 0.8125
vt 0.4375 0.8125
vt 0.4375 0.5625
vt 0.625 0.90625
vt 0.4375 0.90625
vt 0.4375 1
vt 0.625 1
vt 0.6875 0.8125
vt 0.4375 0.8125
vt 0.4375 1
vt 0.6875 1
vt 0.4375 0.78125
vt 0.625 0.78125
vt 0.625 0.6875
vt 0.4375 0.6875
vt 0.625 0.78125
vt 0.875 0.78125
vt 0.875 0.6875
vt 0.625 0.6875
vt 0 0.65625
vt 0.25 0.65625
vt 0.25 0.5625
vt 0 0.5625
vt 0.6875 0.78125
vt 0.875 0.78125
vt 0.875 0.6875
vt 0.6875 0.6875
vt 0 0.65625
vt 0.1875 0.65625
vt 0.1875 0.5625
vt 0 0.5625
vt 0.1875 0.65625
vt 0.4375 0.65625
vt 0.4375 0.5625
vt 0.1875 0.5625
vt 0 0.65625
vt 0.25 0.65625
vt 0.25 0.5625
vt 0 0.5625
vt 0.6875 0.78125
vt 0.875 0.78125
vt 0.875 0.6875
vt 0.6875 0.6875
vt 0.4375 0.90625
vt 0.1875 0.90625
vt 0.1875 1
vt 0.4375 1
vt 0.25 0.90625
vt 0 0.90625
vt 0 1
vt 0.25 1
vt 0.4375 0.875
vt 0.6875 0.875
vt 0.6875 0.6875
vt 0.4375 0.6875
vt 0.1875 0.8125
vt 0.1875 0.5625
vt 0 0.5625
vt 0 0.8125
vt 0.625 0.90625
vt 0.4375 0.90625
vt 0.4375 1
vt 0.625 1
vt 0.875 0.90625
vt 0.6875 0.90625
vt 0.6875 1
vt 0.875 1
vt 0.625 0.875
vt 0.875 0.875
vt 0.875 0.6875
vt 0.625 0.6875
vt 0.875 0.90625
vt 0.625 0.90625
vt 0.625 1
vt 0.875 1
vt 0.1875 1
vt 0.1875 0.75
vt 0 0.75
vt 0 1
vt 0.25 0.90625
vt 0 0.90625
vt 0 1
vt 0.25 1
vt 0.875 0.8125
vt 0.625 0.8125
vt 0.625 1
vt 0.875 1
vt 0.875 0.90625
vt 0.6875 0.90625
vt 0.6875 1
vt 0.875 1
vt 0.25 0.75
vt 0.25 1
vt 0.4375 1
vt 0.4375 0.75
vt 0.25 0.5625
vt 0.25 0.8125
vt 0.4375 0.8125
vt 0.4375 0.5625
vt 0.625 0.90625
vt 0.4375 0.90625
vt 0.4375 1
vt 0.625 1
vt 0.6875 0.8125
vt 0.4375 0.8125
vt 0.4375 1
vt 0.6875 1
vt 0.4375 0.78125
vt 0.625 0.78125
vt 0.625 0.6875
vt 0.4375 0.6875
vt 0.625 0.78125
vt 0.875 0.78125
vt 0.875 0.6875
vt 0.625 0.6875
vt 0 0.65625
vt 0.25 0.65625
vt 0.25 0.5625
vt 0 0.5625
vt 0.6875 0.78125
vt 0.875 0.78125
vt 0.875 0.6875
vt 0.6875 0.6875
vt 0 0.65625
vt 0.1875 0.65625
vt 0.1875 0.5625
vt 0 0.5625
vt 0.1875 0.65625
vt 0.4375 0.65625
vt 0.4375 0.5625
vt 0.1875 0.5625
vt 0 0.65625
vt 0.25 0.65625
vt 0.25 0.5625
vt 0 0.5625
vt 0.6875 0.78125
vt 0.875 0.78125
vt 0.875 0.6875
vt 0.6875 0.6875
vt 0.1875 0.75
vt 0.1875 1
vt 0.4375 1
vt 0.4375 0.75
vt 0.25 1
vt 0.25 0.75
vt 0 0.75
vt 0 1
vt 0.25 0.75
vt 0 0.75
vt 0 1
vt 0.25 1
vt 0 0.8125
vt 0.25 0.8125
vt 0.25 0.5625
vt 0 0.5625
vt 0.25 1
vt 0.25 0.75
vt 0 0.75
vt 0 1
vt 0.1875 0.75
vt 0.1875 1
vt 0.4375 1
vt 0.4375 0.75
vt 0.25 0.8125
vt 0.25 0.5625
vt 0 0.5625
vt 0 0.8125
vt 0.25 0.8125
vt 0.25 0.5625
vt 0 0.5625
vt 0 0.8125
vt 0.1875 0.5625
vt 0.1875 0.8125
vt 0.4375 0.8125
vt 0.4375 0.5625
vt 0.1875 0.5625
vt 0.1875 0.8125
vt 0.4375 0.8125
vt 0.4375 0.5625
vt 0.1875 0.5625
vt 0.1875 0.8125
vt 0.4375 0.8125
vt 0.4375 0.5625
vt 0.1875 0.8125
vt 0.4375 0.8125
vt 0.4375 0.5625
vt 0.1875 0.5625
vt 0.25 0.8125
vt 0.25 0.5625
vt 0 0.5625
vt 0 0.8125
vt 0.25 1
vt 0.25 0.75
vt 0 0.75
vt 0 1
vt 0.4375 0.75
vt 0.1875 0.75
vt 0.1875 1
vt 0.4375 1
vt 0.1875 0.75
vt 0.1875 1
vt 0.4375 1
vt 0.4375 0.75
vt 0 0.8125
vt 0.25 0.8125
vt 0.25 0.5625
vt 0 0.5625
vt 0.1875 0.75
vt 0.1875 1
vt 0.4375 1
vt 0.4375 0.75
vt 0.1875 0.5625
vt 0.1875 0.8125
vt 0.4375 0.8125
vt 0.4375 0.5625
vt 0.25 0.75
vt 0 0.75
vt 0 1
vt 0.25 1
vt 0.4375 0.75
vt 0.1875 0.75
vt 0.1875 1
vt 0.4375 1
vt 0.25 0.8125
vt 0.25 0.5625
vt 0 0.5625
vt 0 0.8125
vt 0.25 1
vt 0.25 0.75
vt 0 0.75
vt 0 1
vt 0.1875 0.8125
vt 0.4375 0.8125
vt 0.4375 0.5625
vt 0.1875 0.5625
vt 0.5234375 1
vt 0.5625 1
vt 0.5625 0.4296875
vt 0.5234375 0.4296875
vt 0.5234375 1
vt 0.5625 1
vt 0.5625 0.4296875
vt 0.5234375 0.4296875
vt 0.5234375 1
vt 0.5625 1
vt 0.5625 0.4296875
vt 0.5234375 0.4296875
vt 0.5234375 1
vt 0.5625 1
vt 0.5625 0.4296875
vt 0.5234375 0.4296875
vt 0.5234375 1
vt 0.5625 1
vt 0.5625 0.4296875
vt 0.5234375 0.4296875
vt 0.5234375 1
vt 0.5625 1
vt 0.5625 0.4296875
vt 0.5234375 0.4296875
vt 0.5234375 1
vt 0.5625 1
vt 0.5625 0.4296875
vt 0.5234375 0.4296875
vt 0.5234375 1
vt 0.5625 1
vt 0.5625 0.4296875
vt 0.5234375 0.4296875
vt 0.5234375 1
vt 0.5625 1
vt 0.5625 0.4296875
vt 0.5234375 0.4296875
vt 0.5234375 1
vt 0.5625 1
vt 0.5625 0.4296875
vt 0.5234375 0.4296875
vt 0.5234375 1
vt 0.5625 1
vt 0.5625 0.4296875
vt 0.5234375 0.4296875
vt 0.5234375 1
vt 0.5625 1
vt 0.5625 0.4296875
vt 0.5234375 0.4296875
vt 0.5234375 1
vt 0.5625 1
vt 0.5625 0.4296875
vt 0.5234375 0.4296875
vt 0.5234375 1
vt 0.5625 1
vt 0.5625 0.4296875
vt 0.5234375 0.4296875
vt 0.5234375 1
vt 0.5625 1
vt 0.5625 0.4296875
vt 0.5234375 0.4296875
vt 0.5234375 1
vt 0.5625 1
vt 0.5625 0.4296875
vt 0.5234375 0.4296875
vt 0.2734375 0.28125
vt 0.46875 0.28125
vt 0.46875 0.2578125
vt 0.2734375 0.2578125
vt 0.2734375 0.28125
vt 0.46875 0.28125
vt 0.46875 0.2578125
vt 0.2734375 0.2578125
vt 0.2734375 0.4765625
vt 0.46875 0.4765625
vt 0.46875 0.28125
vt 0.2734375 0.28125
vt 0.2734375 0.4765625
vt 0.46875 0.4765625
vt 0.46875 0.28125
vt 0.2734375 0.28125
vt 0.2734375 0.28125
vt 0.46875 0.28125
vt 0.46875 0.2578125
vt 0.2734375 0.2578125
vt 0.2734375 0.28125
vt 0.46875 0.28125
vt 0.46875 0.2578125
vt 0.2734375 0.2578125
vt 0 0.4140625
vt 0.046875 0.4140625
vt 0.046875 0.2265625
vt 0 0.2265625
vt 0 0.3984375
vt 0.046875 0.3984375
vt 0.046875 0.2109375
vt 0 0.2109375
vt 0 0.3984375
vt 0.046875 0.3984375
vt 0.046875 0.2109375
vt 0 0.2109375
vt 0 0.3984375
vt 0.046875 0.3984375
vt 0.046875 0.2109375
vt 0 0.2109375
vt 0 0.21875
vt 0.046875 0.21875
vt 0.0390625 0.203125
vt 0.0078125 0.203125
vt 0 0.21875
vt 0.046875 0.21875
vt 0.0390625 0.203125
vt 0.0078125 0.203125
vt 0.1875 0.1796875
vt 0.21875 0.1796875
vt 0.21875 0.1484375
vt 0.1875 0.1484375
vt 0 0.21875
vt 0.046875 0.21875
vt 0.0390625 0.203125
vt 0.0078125 0.203125
vt 0 0.21875
vt 0.046875 0.21875
vt 0.0390625 0.203125
vt 0.0078125 0.203125
vt 0.3125 0.875
vt 0.5 0.875
vt 0.5 0.8125
vt 0.3125 0.8125
vt 0.3125 0.4375
vt 0.5 0.4375
vt 0.5 0.375
vt 0.3125 0.375
vt 0.3125 0.5625
vt 0.5 0.5625
vt 0.5 0.5
vt 0.3125 0.5
vt 0.3125 0.125
vt 0.5 0.125
vt 0.5 0.0625
vt 0.3125 0.0625
vt 0.5 0.9375
vt 0.5 0.8125
vt 0.3125 0.8125
vt 0.3125 0.9375
vt 0.3125 0.3125
vt 0.3125 0.5
vt 0.5 0.5
vt 0.5 0.3125
vt 0.8125 0.125
vt 0.875 0.3125
vt 1 0.3125
vt 1 0.125
vt 0.3125 0.375
vt 0.3125 0.5625
vt 0.5 0.5625
vt 0.5 0.375
vt 1 0.125
vt 1 0.3125
vt 0.875 0.3125
vt 0.8125 0.125
vt 0.3125 0.9375
vt 0.3125 1
vt 0.5 1
vt 0.5 0.9375
vt 0.3125 0.8125
vt 0.3125 0.875
vt 0.5 0.875
vt 0.5 0.8125
vt 0.5 0.9375
vt 0.5 0.875
vt 0.3125 0.875
vt 0.3125 0.9375
vt 0.5 0.4375
vt 0.5 0.375
vt 0.3125 0.375
vt 0.3125 0.4375
vt 0.3125 0.8125
vt 0.3125 0.9375
vt 0.5 0.9375
vt 0.5 0.8125
vt 1 0.125
vt 0.8125 0.125
vt 0.875 0.3125
vt 1 0.3125
vt 0.5 0.9375
vt 0.5 0.8125
vt 0.3125 0.8125
vt 0.3125 0.9375
vt 1 0.3125
vt 0.875 0.3125
vt 0.8125 0.125
vt 1 0.125
vt 0.3125 0.75
vt 0.3125 0.9375
vt 0.5 0.9375
vt 0.5 0.75
vt 0.3125 0.375
vt 0.3125 0.5625
vt 0.5 0.5625
vt 0.5 0.375
vt 0.3125 0.75
vt 0.3125 0.9375
vt 0.5 0.9375
vt 0.5 0.75
vt 0.3125 0.75
vt 0.3125 0.9375
vt 0.5 0.9375
vt 0.5 0.75
vt 0.5 0.375
vt 0.3125 0.375
vt 0.3125 0.5625
vt 0.5 0.5625
vt 1 0.125
vt 1 0.3125
vt 0.875 0.3125
vt 0.8125 0.125
vt 0.3125 0.375
vt 0.3125 0.5625
vt 0.5 0.5625
vt 0.5 0.375
vt 0.8125 0.125
vt 0.875 0.3125
vt 1 0.3125
vt 1 0.125
vt 0.3125 0
vt 0.3125 0.0625
vt 0.5 0.0625
vt 0.5 0
vt 0.3125 0.0625
vt 0.3125 0.125
vt 0.5 0.125
vt 0.5 0.0625
vt 0.5 0.0625
vt 0.5 0
vt 0.3125 0
vt 0.3125 0.0625
vt 0.5 0.875
vt 0.5 0.8125
vt 0.3125 0.8125
vt 0.3125 0.875
vt 0.8125 0.125
vt 0.8125 0.25
vt 1 0.3125
vt 1 0.125
vt 0.3125 0.5
vt 0.5 0.5
vt 0.5 0.3125
vt 0.3125 0.3125
vt 1 0.125
vt 1 0.3125
vt 0.8125 0.25
vt 0.8125 0.125
vt 0.5 0.9375
vt 0.5 0.8125
vt 0.3125 0.8125
vt 0.3125 0.9375
vt 0.5 0.875
vt 0.5 0.375
vt 0.3125 0.375
vt 0.3125 0.875
vt 0.3125 0.375
vt 0.3125 0.875
vt 0.5 0.875
vt 0.5 0.375
vt 0.3125 0.375
vt 0.3125 0.875
vt 0.5 0.875
vt 0.5 0.375
vt 0.3125 0.375
vt 0.3125 0.875
vt 0.5 0.875
vt 0.5 0.375
vt 0.5 0.9375
vt 0.5 0
vt 0.3125 0
vt 0.3125 0.9375
vt 0.3125 0
vt 0.3125 0.9375
vt 0.5 0.9375
vt 0.5 0
vt 0.3125 0
vt 0.3125 0.9375
vt 0.5 0.9375
vt 0.5 0
vt 0.3125 0
vt 0.3125 0.9375
vt 0.5 0.9375
vt 0.5 0
vt 1 0.3125
vt 0.875 0.3125
vt 0.8125 0.125
vt 1 0.125
vt 0.3125 0.375
vt 0.3125 0.5
vt 0.5 0.5
vt 0.5 0.375
vt 1 0.125
vt 0.8125 0.125
vt 0.875 0.3125
vt 1 0.3125
vt 0.3125 0.375
vt 0.3125 0.5
vt 0.5 0.5
vt 0.5 0.375
vt 0.3125 0.375
vt 0.3125 0.9375
vt 0.5 0.9375
vt 0.5 0.375
vt 0.3125 0.375
vt 0.3125 0.9375
vt 0.5 0.9375
vt 0.5 0.375
vt 0.3125 0.375
vt 0.3125 0.9375
vt 0.5 0.9375
vt 0.5 0.375
vt 0.3125 0.375
vt 0.3125 0.9375
vt 0.5 0.9375
vt 0.5 0.375
vt 0 0.8125
vt 0 0.9375
vt 0.1875 0.9375
vt 0.1875 0.8125
vt 1 0.125
vt 1 0.3125
vt 0.875 0.3125
vt 0.8125 0.125
vt 0.3125 0.3125
vt 0.3125 0.5
vt 0.5 0.5
vt 0.5 0.3125
vt 0.8125 0.125
vt 0.875 0.3125
vt 1 0.3125
vt 1 0.125
vt 0.3125 0.0625
vt 0.3125 0.8125
vt 0.5 0.8125
vt 0.5 0.0625
vt 0.3125 0.0625
vt 0.3125 0.8125
vt 0.5 0.8125
vt 0.5 0.0625
vt 0.3125 0.0625
vt 0.3125 0.8125
vt 0.5 0.8125
vt 0.5 0.0625
vt 0.5 0.8125
vt 0.5 0.0625
vt 0.3125 0.0625
vt 0.3125 0.8125
vt 1 0.125
vt 0.8125 0.125
vt 0.8125 0.25
vt 1 0.3125
vt 0 0.80235625
vt 0 1
vt 0.1875 1
vt 0.1875 0.80235625
vt 1 0.3125
vt 0.8125 0.25
vt 0.8125 0.125
vt 1 0.125
vt 0.3125 0.375
vt 0.3125 0.5625
vt 0.5 0.5625
vt 0.5 0.375
vt 0.3125 0.375
vt 0.3125 0.5625
vt 0.5 0.5625
vt 0.5 0.375
vt 0.3125 0.375
vt 0.3125 0.5625
vt 0.5 0.5625
vt 0.5 0.375
vt 0.3125 0.375
vt 0.3125 0.5625
vt 0.5 0.5625
vt 0.5 0.375
vt 0.75 0.78125
vt 0.875 0.78125
vt 0.875 0.6875
vt 0.75 0.6875
vt 0 0.65625
vt 0.125 0.65625
vt 0.125 0.5625
vt 0 0.5625
vt 0.6875 1
vt 0.6875 0.875
vt 0.4375 0.875
vt 0.4375 1
vt 0.6875 0.8125
vt 0.6875 0.6875
vt 0.4375 0.6875
vt 0.4375 0.8125
vt 0.4375 0.78125
vt 0.6875 0.78125
vt 0.6875 0.6875
vt 0.4375 0.6875
vt 0.625 0.78125
vt 0.875 0.78125
vt 0.875 0.6875
vt 0.625 0.6875
vt 0.6875 0.8125
vt 0.6875 0.6875
vt 0.4375 0.6875
vt 0.4375 0.8125
vt 0.75 0.78125
vt 0.875 0.78125
vt 0.875 0.6875
vt 0.75 0.6875
vt 0.6875 1
vt 0.6875 0.875
vt 0.4375 0.875
vt 0.4375 1
vt 0.4375 0.78125
vt 0.5625 0.78125
vt 0.5625 0.6875
vt 0.4375 0.6875
vt 0.65625 0.6875
vt 0.65625 0.8125
vt 0.875 0.8125
vt 0.875 0.6875
vt 0.65625 0.78125
vt 0.875 0.78125
vt 0.875 0.6875
vt 0.65625 0.6875
vt 0.65625 0.875
vt 0.65625 1
vt 0.875 1
vt 0.875 0.875
vt 0.65625 0.6875
vt 0.65625 0.8125
vt 0.875 0.8125
vt 0.875 0.6875
vt 0.4375 0.78125
vt 0.65625 0.78125
vt 0.65625 0.6875
vt 0.4375 0.6875
vt 0.65625 0.875
vt 0.65625 1
vt 0.875 1
vt 0.875 0.875
vt 0.875 0.9375
vt 0.625 0.9375
vt 0.625 1
vt 0.875 1
vt 0.125 0.9375
vt 0 0.9375
vt 0 1
vt 0.125 1
vt 0.875 0.9375
vt 0.75 0.9375
vt 0.75 1
vt 0.875 1
vt 0.6875 0.9375
vt 0.4375 0.9375
vt 0.4375 1
vt 0.6875 1
vt 0.875 0.9375
vt 0.65625 0.9375
vt 0.65625 1
vt 0.875 1
vt 0.5625 0.9375
vt 0.4375 0.9375
vt 0.4375 1
vt 0.5625 1
vt 0.875 0.9375
vt 0.75 0.9375
vt 0.75 1
vt 0.875 1
vt 0.65625 0.9375
vt 0.4375 0.9375
vt 0.4375 1
vt 0.65625 1
vt 0.1875 1
vt 0.1875 0.84375
vt 0 0.84375
vt 0 1
vt 0.25 0.84375
vt 0.25 1
vt 0.4375 1
vt 0.4375 0.84375
vt 0.25 0.75
vt 0.4375 0.75
vt 0.4375 0.5625
vt 0.25 0.5625
vt 0.4375 0.8125
vt 0.25 0.8125
vt 0.25 1
vt 0.4375 1
vt 0.25 0.84375
vt 0.25 1
vt 0.4375 1
vt 0.4375 0.84375
vt 0.1875 1
vt 0.1875 0.84375
vt 0 0.84375
vt 0 1
vt 0.1875 0.71875
vt 0.1875 0.5625
vt 0 0.5625
vt 0 0.71875
vt 0.1875 0.71875
vt 0.1875 0.5625
vt 0 0.5625
vt 0 0.71875
vt 0.25 0.5625
vt 0.25 0.71875
vt 0.4375 0.71875
vt 0.4375 0.5625
vt 0.25 0.5625
vt 0.25 0.71875
vt 0.4375 0.71875
vt 0.4375 0.5625
vt 0.25 0.5625
vt 0.25 0.71875
vt 0.4375 0.71875
vt 0.4375 0.5625
vt 0.1875 0.8125
vt 0 0.8125
vt 0 1
vt 0.1875 1
vt 0.1875 0.71875
vt 0.1875 0.5625
vt 0 0.5625
vt 0 0.71875
vt 0.1875 1
vt 0.1875 0.84375
vt 0 0.84375
vt 0 1
vt 0 0.75
vt 0.1875 0.75
vt 0.1875 0.5625
vt 0 0.5625
vt 0.25 0.84375
vt 0.25 1
vt 0.4375 1
vt 0.4375 0.84375
vt 0.4375 0.8125
vt 0.25 0.8125
vt 0.25 1
vt 0.4375 1
vt 0.25 0.84375
vt 0.25 1
vt 0.4375 1
vt 0.4375 0.84375
vt 0.25 0.5625
vt 0.25 0.71875
vt 0.4375 0.71875
vt 0.4375 0.5625
vt 0.25 0.75
vt 0.4375 0.75
vt 0.4375 0.5625
vt 0.25 0.5625
vt 0 0.75
vt 0.1875 0.75
vt 0.1875 0.5625
vt 0 0.5625
vt 0.1875 0.71875
vt 0.1875 0.5625
vt 0 0.5625
vt 0 0.71875
vt 0.1875 0.875
vt 0.1875 0.71875
vt 0 0.71875
vt 0 0.875
vt 0.1875 0.8125
vt 0 0.8125
vt 0 1
vt 0.1875 1
vt 0 0.5625
vt 0.3125 0.5625
vt 0.3125 0.25
vt 0 0.25
vt 0 0.5625
vt 0.3125 0.5625
vt 0.3125 0.25
vt 0 0.25
vt 0 0.5625
vt 0.3125 0.5625
vt 0.3125 0.25
vt 0 0.25
vt 0 0.5625
vt 0.3125 0.5625
vt 0.3125 0.25
vt 0 0.25
vt 0 0.5625
vt 0.3125 0.5625
vt 0.3125 0.25
vt 0 0.25
vt 0 0.5625
vt 0.3125 0.5625
vt 0.3125 0.25
vt 0 0.25
vt 0.1875 1
vt 0.1875 0.875
vt 0 0.875
vt 0 1
vt 0.25 0.875
vt 0.25 1
vt 0.4375 1
vt 0.4375 0.875
vt 0.25 0.75
vt 0.4375 0.75
vt 0.4375 0.5625
vt 0.25 0.5625
vt 0.4375 0.8125
vt 0.25 0.8125
vt 0.25 1
vt 0.4375 1
vt 0.25 0.875
vt 0.25 1
vt 0.4375 1
vt 0.4375 0.875
vt 0.1875 1
vt 0.1875 0.875
vt 0 0.875
vt 0 1
vt 0.1875 0.6875
vt 0.1875 0.5625
vt 0 0.5625
vt 0 0.6875
vt 0.1875 0.6875
vt 0.1875 0.5625
vt 0 0.5625
vt 0 0.6875
vt 0.25 0.5625
vt 0.25 0.6875
vt 0.4375 0.6875
vt 0.4375 0.5625
vt 0.25 0.5625
vt 0.25 0.6875
vt 0.4375 0.6875
vt 0.4375 0.5625
vt 0.25 0.5625
vt 0.25 0.6875
vt 0.4375 0.6875
vt 0.4375 0.5625
vt 0.1875 0.8125
vt 0 0.8125
vt 0 1
vt 0.1875 1
vt 0.1875 0.6875
vt 0.1875 0.5625
vt 0 0.5625
vt 0 0.6875
vt 0.1875 1
vt 0.1875 0.875
vt 0 0.875
vt 0 1
vt 0 0.75
vt 0.1875 0.75
vt 0.1875 0.5625
vt 0 0.5625
vt 0.25 0.875
vt 0.25 1
vt 0.4375 1
vt 0.4375 0.875
vt 0.4375 0.8125
vt 0.25 0.8125
vt 0.25 1
vt 0.4375 1
vt 0.25 0.875
vt 0.25 1
vt 0.4375 1
vt 0.4375 0.875
vt 0.25 0.5625
vt 0.25 0.6875
vt 0.4375 0.6875
vt 0.4375 0.5625
vt 0.25 0.75
vt 0.4375 0.75
vt 0.4375 0.5625
vt 0.25 0.5625
vt 0 0.75
vt 0.1875 0.75
vt 0.1875 0.5625
vt 0 0.5625
vt 0.1875 0.6875
vt 0.1875 0.5625
vt 0 0.5625
vt 0 0.6875
vt 0.1875 1
vt 0.1875 0.875
vt 0 0.875
vt 0 1
vt 0.1875 0.8125
vt 0 0.8125
vt 0 1
vt 0.1875 1
vt 0.75 0.78125
vt 0.875 0.78125
vt 0.875 0.6875
vt 0.75 0.6875
vt 0 0.65625
vt 0.125 0.65625
vt 0.125 0.5625
vt 0 0.5625
vt 0.6875 1
vt 0.6875 0.875
vt 0.4375 0.875
vt 0.4375 1
vt 0.6875 0.8125
vt 0.6875 0.6875
vt 0.4375 0.6875
vt 0.4375 0.8125
vt 0.4375 0.78125
vt 0.6875 0.78125
vt 0.6875 0.6875
vt 0.4375 0.6875
vt 0.625 0.78125
vt 0.875 0.78125
vt 0.875 0.6875
vt 0.625 0.6875
vt 0.6875 0.8125
vt 0.6875 0.6875
vt 0.4375 0.6875
vt 0.4375 0.8125
vt 0.75 0.78125
vt 0.875 0.78125
vt 0.875 0.6875
vt 0.75 0.6875
vt 0.6875 1
vt 0.6875 0.875
vt 0.4375 0.875
vt 0.4375 1
vt 0.4375 0.78125
vt 0.5625 0.78125
vt 0.5625 0.6875
vt 0.4375 0.6875
vt 0.65625 0.6875
vt 0.65625 0.8125
vt 0.875 0.8125
vt 0.875 0.6875
vt 0.65625 0.78125
vt 0.875 0.78125
vt 0.875 0.6875
vt 0.65625 0.6875
vt 0.65625 0.875
vt 0.65625 1
vt 0.875 1
vt 0.875 0.875
vt 0.65625 0.6875
vt 0.65625 0.8125
vt 0.875 0.8125
vt 0.875 0.6875
vt 0.4375 0.78125
vt 0.65625 0.78125
vt 0.65625 0.6875
vt 0.4375 0.6875
vt 0.65625 0.875
vt 0.65625 1
vt 0.875 1
vt 0.875 0.875
vt 0.875 0.9375
vt 0.625 0.9375
vt 0.625 1
vt 0.875 1
vt 0.125 0.9375
vt 0 0.9375
vt 0 1
vt 0.125 1
vt 0.875 0.9375
vt 0.75 0.9375
vt 0.75 1
vt 0.875 1
vt 0.6875 0.9375
vt 0.4375 0.9375
vt 0.4375 1
vt 0.6875 1
vt 0.875 0.9375
vt 0.65625 0.9375
vt 0.65625 1
vt 0.875 1
vt 0.5625 0.9375
vt 0.4375 0.9375
vt 0.4375 1
vt 0.5625 1
vt 0.875 0.9375
vt 0.75 0.9375
vt 0.75 1
vt 0.875 1
vt 0.65625 0.9375
vt 0.4375 0.9375
vt 0.4375 1
vt 0.65625 1
vt 0.21875 1
vt 0.71875 1
vt 0.71875 0.953125
vt 0.21875 0.953125
vt 0.1875 1
vt 0.6875 1
vt 0.6875 0.953125
vt 0.1875 0.953125
vt 0 0
vt 0 0.25
vt 0.5 0.25
vt 0.5 0
vt 0 0
vt 0 0.25
vt 0.5 0.25
vt 0.5 0
vt 0.203125 1
vt 0.453125 1
vt 0.453125 0.953125
vt 0.203125 0.953125
vt 0.15625 1
vt 0.40625 1
vt 0.40625 0.953125
vt 0.15625 0.953125
vt 0.4765625 0.609375
vt 0.484375 0.609375
vt 0.484375 0.4765625
vt 0.4765625 0.4765625
vt 0.4140625 0.609375
vt 0.421875 0.609375
vt 0.421875 0.4765625
vt 0.4140625 0.4765625
vt 0.3828125 0.5859375
vt 0.4921875 0.5859375
vt 0.4921875 0.578125
vt 0.3828125 0.578125
vt 0.3828125 0.5625
vt 0.4921875 0.5625
vt 0.4921875 0.5546875
vt 0.3828125 0.5546875
vt 0.3828125 0.609375
vt 0.4921875 0.609375
vt 0.4921875 0.4765625
vt 0.3828125 0.4765625
vt 0.4375 0.34375
vt 0 0.34375
vt 0 0.5
vt 0.4375 0.5
vt 0 0.5
vt 0.4375 0.5
vt 0.4375 0.46875
vt 0 0.46875
vt 0.40625125 0.34375156250000005
vt 0.40625125 0.5
vt 0.43750125 0.500000625
vt 0.4375 0.343749375
vt 0.34375 0.375
vt 0.4375 0.375
vt 0.4375 0.34375
vt 0.34375 0.34375
vt 0.3125 0.34374875000000005
vt 0.3437528125 0.34375
vt 0.3437528125 0.31250156250000005
vt 0.3125028125 0.31249875000000005
vt 0.34375 0.3125
vt 0 0.3125
vt 0 0.34375
vt 0.34375 0.34375
vt 0 0.34375
vt 0.34375 0.34375
vt 0.34375 0.3125
vt 0 0.3125
vt 0.375 0.3125
vt 0.375 0.28125
vt 0.34375 0.28125
vt 0.34375 0.3125
vt 0.4375 0.28125
vt 0.34375 0.28125
vt 0.34375 0.3125
vt 0.4375 0.3125
vt 0.34375 0.3125
vt 0.4375 0.3125
vt 0.4375 0.28125
vt 0.34375 0.28125
vt 0.34375 0.3125
vt 0.4375 0.3125
vt 0.4375 0.28125
vt 0.34375 0.28125
vt 0.40625 0.28125
vt 0.40625 0.3125
vt 0.4375 0.3125
vt 0.4375 0.28125
vt 0.4062484375 0.34375
vt 0.40625 0.3124971875
vt 0.375 0.3124971875
vt 0.375 0.3437471875
vt 0.375 0.34374875000000005
vt 0.4062528125 0.34375
vt 0.4062528125 0.31250156250000005
vt 0.3750028125 0.31249875000000005
vt 0.40625 0.3125
vt 0.375 0.3125
vt 0.375 0.34375
vt 0.40625 0.34375
vt 0 0.5
vt 0.03125 0.5
vt 0.0312540625 0.31249906250000004
vt 0.0000040625 0.31249906250000004
vt 0.53125 1
vt 0.53125 0.8125
vt 0.4375 0.625
vt 0.4375 1
vt 0.53125 0.8125
vt 0.53125 1
vt 0.4375 1
vt 0.4375 0.625
vt 0 0.8125
vt 0.4375 0.8125
vt 0.4375 0.625
vt 0 0.625
vt 0 0.834375
vt 0.4375 0.834375
vt 0.4375 0.740625
vt 0 0.740625
vt 0 0.834375
vt 0.4375 0.834375
vt 0.4375 0.6247437499999999
vt 0 0.6247437499999999
vt 0.03125 0.625
vt 0.40625 0.625
vt 0.40625 0.59375
vt 0.03125 0.59375
vt 0.046875 0.515625
vt 0.046875 0.609375
vt 0.421875 0.609375
vt 0.421875 0.515625
vt 0.046875 0.515625
vt 0.046875 0.609375
vt 0.421875 0.609375
vt 0.421875 0.515625
vt 0.0625 0.59375
vt 0.0625 0.5
vt 0.03125 0.5
vt 0.03125 0.59375
vt 0.40625 0.5
vt 0.40625 0.59375
vt 0.4375 0.59375
vt 0.4375 0.5
vt 0.6875 0.4375
vt 0.6875 0.0625
vt 0.65625 0.0625
vt 0.65625 0.4375
vt 0.5 0.3125
vt 0.75 0.3125
vt 0.75 0
vt 0.5 0
vt 0.65625 0.4375
vt 0.75 0.4375
vt 0.75 0.0625
vt 0.65625 0.0625
vt 0.65625 0.09375
vt 0.75 0.09375
vt 0.75 0.0625
vt 0.65625 0.0625
vt 0.65625 0.4375
vt 0.75 0.4375
vt 0.75 0.40625
vt 0.65625 0.40625
vt 0.9375 0.78125
vt 0.9375 0.6875
vt 0.875 0.6875
vt 0.875 0.78125
vt 0.9375 0.9375
vt 0.9375 0.84375
vt 0.875 0.84375
vt 0.875 0.9375
vt 0.875 0.71875
vt 0.9375 0.71875
vt 0.9375 0.625
vt 0.875 0.625
vt 0.875 0.59375
vt 0.9375 0.59375
vt 0.9375 0.53125
vt 0.875 0.53125
vt 0.875 0.84375
vt 0.9375 0.84375
vt 0.9375 0.78125
vt 0.875 0.78125
vt 0 0.765625
vt 0.046875 0.765625
vt 0.046875 0.7578125
vt 0 0.7578125
vt 0 0.765625
vt 0.046875 0.765625
vt 0.046875 0.7578125
vt 0 0.7578125
vt 0 0.8046875
vt 0.0625 0.8046875
vt 0.0625 0.7578125
vt 0 0.7578125
vt 0 0.8125
vt 0.0625 0.8125
vt 0.0625 0.765625
vt 0 0.765625
vt 0 0.765625
vt 0.0625 0.765625
vt 0.0625 0.7578125
vt 0 0.7578125
vt 0.203125 0.7578125
vt 0.265625 0.7578125
vt 0.265625 0.75
vt 0.203125 0.75
vt 0 0.765625
vt 0.046875 0.765625
vt 0.046875 0.7578125
vt 0 0.7578125
vt 0 0.765625
vt 0.046875 0.765625
vt 0.046875 0.7578125
vt 0 0.7578125
vt 0 0.8125
vt 0.0625 0.8125
vt 0.0625 0.765625
vt 0 0.765625
vt 0 0.8046875
vt 0.0625 0.8046875
vt 0.0625 0.7578125
vt 0 0.7578125
vt 0.1640625 0.7734375
vt 0.2265625 0.7734375
vt 0.2265625 0.765625
vt 0.1640625 0.765625
vt 0 0.765625
vt 0.0625 0.765625
vt 0.0625 0.7578125
vt 0 0.7578125
vt 0 1
vt 0.09375 1
vt 0.09375 0.90625
vt 0 0.90625
vt 0 1
vt 0.015625 1
vt 0.015625 0.90625
vt 0 0.90625
vt 0.078125 1
vt 0.09375 1
vt 0.09375 0.90625
vt 0.078125 0.90625
vt 0 1
vt 0.015625 1
vt 0.015625 0.90625
vt 0 0.90625
vt 0 1
vt 0.015625 1
vt 0.015625 0.90625
vt 0 0.90625
vt 0.65625 1
vt 0.75 1
vt 0.75 0.90625
vt 0.65625 0.90625
vt 0 1
vt 0.015625 1
vt 0.015625 0.90625
vt 0 0.90625
vt 0.078125 1
vt 0.09375 1
vt 0.09375 0.90625
vt 0.078125 0.90625
vt 0 1
vt 0.015625 1
vt 0.015625 0.90625
vt 0 0.90625
vt 0 1
vt 0.015625 1
vt 0.015625 0.90625
vt 0 0.90625
vt 0.1875 1
vt 0.28125 1
vt 0.28125 0.90625
vt 0.1875 0.90625
vt 0 1
vt 0.015625 1
vt 0.015625 0.90625
vt 0 0.90625
vt 0.078125 1
vt 0.09375 1
vt 0.09375 0.90625
vt 0.078125 0.90625
vt 0 1
vt 0.015625 1
vt 0.015625 0.90625
vt 0 0.90625
vt 0 1
vt 0.015625 1
vt 0.015625 0.90625
vt 0 0.90625
vt 0.28125 1
vt 0.375 1
vt 0.375 0.90625
vt 0.28125 0.90625
vt 0 1
vt 0.015625 1
vt 0.015625 0.90625
vt 0 0.90625
vt 0.078125 1
vt 0.09375 1
vt 0.09375 0.90625
vt 0.078125 0.90625
vt 0 1
vt 0.015625 1
vt 0.015625 0.90625
vt 0 0.90625
vt 0 1
vt 0.015625 1
vt 0.015625 0.90625
vt 0 0.90625
vt 0.3984375 0.875
vt 0.2734375 0.875
vt 0.2734375 1
vt 0.3984375 1
vt 0.3984375 0.875
vt 0.2734375 0.875
vt 0.2734375 1
vt 0.3984375 1
vt 0.2734375 1
vt 0.3984375 1
vt 0.3984375 0.875
vt 0.2734375 0.875
vt 0.3984375 0.875
vt 0.5234375 0.875
vt 0.5234375 0.75
vt 0.3984375 0.75
vt 0.5234375 0.875
vt 0.3984375 0.875
vt 0.3984375 1
vt 0.5234375 1
vt 0.14898046875 0.87446171875
vt 0.14789921875 0.99945703125
vt 0.27289453125 1
vt 0.27397578125 0.87554296875
vt 0.3984375 0.875
vt 0.5234375 0.875
vt 0.5234375 0.75
vt 0.3984375 0.75
vt 0.3984375 0.875
vt 0.5234375 0.875
vt 0.5234375 0.75
vt 0.3984375 0.75
vt 0.3984375 0.875
vt 0.5234375 0.875
vt 0.5234375 0.75
vt 0.3984375 0.75
vt 0.3984375 0.875
vt 0.5234375 0.875
vt 0.5234375 0.75
vt 0.3984375 0.75
vt 0.28125 0.9609375
vt 0.3984375 0.9609375
vt 0.3984375 0.9140625
vt 0.28125 0.9140625
vt 0.2734375 0.96875
vt 0.390625 0.96875
vt 0.390625 0.91241328125
vt 0.2734375 0.91241328125
vt 0.3203125 1
vt 0.3515625 1
vt 0.3515625 0.8828125
vt 0.3203125 0.8828125
vt 0.2578125 0.640625
vt 0.3203125 0.640625
vt 0.3203125 0.59375
vt 0.2578125 0.59375
vt 0.2578125 0.640625
vt 0.3203125 0.640625
vt 0.3203125 0.59375
vt 0.2578125 0.59375
vt 0.0625 0.8125
vt 0.140625 0.8125
vt 0.140625 0.796875
vt 0.0625 0.796875
vt 0.0625 0.921875
vt 0.140625 0.921875
vt 0.140625 0.90625
vt 0.0625 0.90625
vt 0 1
vt 0.046875 1
vt 0.046875 0.921875
vt 0 0.921875
vt 0.046940546875 0.906449453125
vt 0.000067265625 0.90605109375
vt 0 0.921675546875
vt 0.046807734375 0.92207390625
vt 0 0.921875
vt 0.046875 0.921875
vt 0.046875 0.90625
vt 0 0.90625
vt 0.0390625 0.828125
vt 0.1171875 0.828125
vt 0.1171875 0.8125
vt 0.0390625 0.8125
vt 0.0625 0.8125
vt 0.140625 0.8125
vt 0.140625 0.796875
vt 0.0625 0.796875
vt 0 0.90625
vt 0.046875 0.90625
vt 0.046875 0.828125
vt 0 0.828125
vt 0.046875 0.90625
vt 0.09375 0.90625
vt 0.09375 0.828125
vt 0.046875 0.828125
vt 0 0.828125
vt 0.046875 0.828125
vt 0.046875 0.8125
vt 0 0.8125
vt 0.046940546875 0.812699453125
vt 0.000067265625 0.81230109375
vt 0 0.827925546875
vt 0.046807734375 0.82832390625
vt 0.453125 0.734375
vt 0.46875 0.734375
vt 0.46875 0.71875
vt 0.453125 0.71875
vt 0.34375 0.796875
vt 0.46875 0.796875
vt 0.46875 0.78125
vt 0.34375 0.78125
vt 0.34375 0.75
vt 0.46875 0.75
vt 0.46875 0.734375
vt 0.34375 0.734375
vt 0.34375 0.734375
vt 0.46875 0.734375
vt 0.46875 0.71875
vt 0.34375 0.71875
vt 0.34375 0.734375
vt 0.46875 0.734375
vt 0.46875 0.71875
vt 0.34375 0.71875
vt 0.84375 0.703125
vt 0.890625 0.703125
vt 0.890625 0.53125
vt 0.84375 0.53125
vt 0.84375 0.671875
vt 0.890625 0.671875
vt 0.890625 0.5
vt 0.84375 0.5
vt 0.84375 0.75
vt 0.890625 0.75
vt 0.890625 0.703125
vt 0.84375 0.703125
vt 0.84375 0.6875
vt 0.890625 0.6875
vt 0.890625 0.515625
vt 0.84375 0.515625
vt 0.84375 0.671875
vt 0.890625 0.671875
vt 0.890625 0.5
vt 0.84375 0.5
vt 0.84375 0.703125
vt 0.890625 0.703125
vt 0.890625 0.53125
vt 0.84375 0.53125
vt 0.84375 0.671875
vt 0.890625 0.671875
vt 0.890625 0.5
vt 0.84375 0.5
vt 0.84375 0.75
vt 0.890625 0.75
vt 0.890625 0.703125
vt 0.84375 0.703125
vt 0.84375 0.6875
vt 0.890625 0.6875
vt 0.890625 0.515625
vt 0.84375 0.515625
vt 0.84375 0.671875
vt 0.890625 0.671875
vt 0.890625 0.5
vt 0.84375 0.5
vt 0.84375 0.703125
vt 0.890625 0.703125
vt 0.890625 0.53125
vt 0.84375 0.53125
vt 0.84375 0.671875
vt 0.890625 0.671875
vt 0.890625 0.5
vt 0.84375 0.5
vt 0.84375 0.75
vt 0.890625 0.75
vt 0.890625 0.703125
vt 0.84375 0.703125
vt 0.84375 0.6875
vt 0.890625 0.6875
vt 0.890625 0.515625
vt 0.84375 0.515625
vt 0.84375 0.671875
vt 0.890625 0.671875
vt 0.890625 0.5
vt 0.84375 0.5
vt 0.84375 0.703125
vt 0.890625 0.703125
vt 0.890625 0.53125
vt 0.84375 0.53125
vt 0.84375 0.671875
vt 0.890625 0.671875
vt 0.890625 0.5
vt 0.84375 0.5
vt 0.84375 0.75
vt 0.890625 0.75
vt 0.890625 0.703125
vt 0.84375 0.703125
vt 0.84375 0.6875
vt 0.890625 0.6875
vt 0.890625 0.515625
vt 0.84375 0.515625
vt 0.84375 0.671875
vt 0.890625 0.671875
vt 0.890625 0.5
vt 0.84375 0.5
vt 0.5625 0.9375
vt 0.6875 0.9375
vt 0.6875 0.0625
vt 0.5625 0.0625
vt 0.5625 0.9375
vt 0.6875 0.9375
vt 0.6875 0.0625
vt 0.5625 0.0625
vt 0.5625 0.9375
vt 0.6875 0.9375
vt 0.6875 0.0625
vt 0.5625 0.0625
vt 0.5625 0.9375
vt 0.6875 0.9375
vt 0.6875 0.0625
vt 0.5625 0.0625
vt 0.5625 0.9375
vt 0.6875 0.9375
vt 0.6875 0.0625
vt 0.5625 0.0625
vt 0.5625 0.9375
vt 0.6875 0.9375
vt 0.6875 0.0625
vt 0.5625 0.0625
vt 0.5625 0.9375
vt 0.6875 0.9375
vt 0.6875 0.0625
vt 0.5625 0.0625
vt 0.5625 0.9375
vt 0.6875 0.9375
vt 0.6875 0.0625
vt 0.5625 0.0625
vt 0.6875 0.40625
vt 0.6953125 0.40625
vt 0.6953125 0.3671875
vt 0.6875 0.3671875
vt 0.65625 0.3671875
vt 0.6953125 0.3671875
vt 0.6953125 0.359375
vt 0.65625 0.359375
vt 0.65625 0.2890625
vt 0.6953125 0.2890625
vt 0.6953125 0.28125
vt 0.65625 0.28125
vt 0.65625 0.40625
vt 0.6953125 0.40625
vt 0.6953125 0.3671875
vt 0.65625 0.3671875
vt 0.65625 0.3203125
vt 0.6953125 0.3203125
vt 0.6953125 0.28125
vt 0.65625 0.28125
vt 0.6796875 0.3984375
vt 0.6875 0.3984375
vt 0.6875 0.359375
vt 0.6796875 0.359375
vt 0.65625 0.3671875
vt 0.6953125 0.3671875
vt 0.6953125 0.359375
vt 0.65625 0.359375
vt 0.65625 0.2890625
vt 0.6953125 0.2890625
vt 0.6953125 0.28125
vt 0.65625 0.28125
vt 0.65625 0.40625
vt 0.6953125 0.40625
vt 0.6953125 0.3671875
vt 0.65625 0.3671875
vt 0.65625 0.3203125
vt 0.6953125 0.3203125
vt 0.6953125 0.28125
vt 0.65625 0.28125
vt 0.6875 0.40625
vt 0.6953125 0.40625
vt 0.6953125 0.3671875
vt 0.6875 0.3671875
vt 0.6796875 0.3984375
vt 0.6875 0.3984375
vt 0.6875 0.359375
vt 0.6796875 0.359375
vt 0.65625 0.3671875
vt 0.6953125 0.3671875
vt 0.6953125 0.359375
vt 0.65625 0.359375
vt 0.65625 0.40625
vt 0.6953125 0.40625
vt 0.6953125 0.3671875
vt 0.65625 0.3671875
vt 0.6875 0.40625
vt 0.6953125 0.40625
vt 0.6953125 0.3671875
vt 0.6875 0.3671875
vt 0.6796875 0.3984375
vt 0.6875 0.3984375
vt 0.6875 0.359375
vt 0.6796875 0.359375
vt 0.65625 0.3671875
vt 0.6953125 0.3671875
vt 0.6953125 0.359375
vt 0.65625 0.359375
vt 0.65625 0.40625
vt 0.6953125 0.40625
vt 0.6953125 0.3671875
vt 0.65625 0.3671875
vt 0.6875 0.40625
vt 0.6953125 0.40625
vt 0.6953125 0.3671875
vt 0.6875 0.3671875
vt 0.6796875 0.3984375
vt 0.6875 0.3984375
vt 0.6875 0.359375
vt 0.6796875 0.359375
vt 0.65625 0.3671875
vt 0.6953125 0.3671875
vt 0.6953125 0.359375
vt 0.65625 0.359375
vt 0.65625 0.40625
vt 0.6953125 0.40625
vt 0.6953125 0.3671875
vt 0.65625 0.3671875
vt 0.46875 0.109375
vt 0.40625 0.109375
vt 0.40625 0.1796875
vt 0.46875 0.1796875
vt 0.46875 0.4765625
vt 0.515625 0.4765625
vt 0.515625 0.4140625
vt 0.46875 0.4140625
vt 0.46875 0.4765625
vt 0.515625 0.4765625
vt 0.515625 0.4140625
vt 0.46875 0.4140625
vt 0.46875 0.109375
vt 0.421875 0.109375
vt 0.421875 0.1796875
vt 0.46875 0.1796875
vt 0.4453125 0.109375
vt 0.3984375 0.109375
vt 0.3984375 0.1796875
vt 0.4453125 0.1796875
vt 0.3984375 0.125
vt 0.4609375 0.125
vt 0.4609375 0.0546875
vt 0.3984375 0.0546875
vt 0.3984375 0.125
vt 0.4453125 0.125
vt 0.4453125 0.0546875
vt 0.3984375 0.0546875
vt 0.3984375 0.125
vt 0.4453125 0.125
vt 0.4453125 0.0546875
vt 0.3984375 0.0546875
vt 1 0.640625
vt 1 0.6875
vt 0.953125 0.6875
vt 0.953125 0.640625
vt 0.84375 1
vt 0.84375 0.953125
vt 0.828125 0.953125
vt 0.828125 1
vt 0.890625 0.953125
vt 0.890625 1
vt 0.875 1
vt 0.875 0.953125
vt 1 0.640625
vt 1 0.6875
vt 0.984375 0.6875
vt 0.984375 0.640625
vt 0.96875 0.65625
vt 0.96875 0.703125
vt 0.953125 0.703125
vt 0.953125 0.65625
vt 1 0.640625
vt 1 0.6875
vt 0.953125 0.6875
vt 0.953125 0.640625
vt 0.84375 1
vt 0.84375 0.953125
vt 0.828125 0.953125
vt 0.828125 1
vt 0.890625 0.953125
vt 0.890625 1
vt 0.875 1
vt 0.875 0.953125
vt 1 0.640625
vt 1 0.6875
vt 0.984375 0.6875
vt 0.984375 0.640625
vt 0.96875 0.65625
vt 0.96875 0.703125
vt 0.953125 0.703125
vt 0.953125 0.65625
vt 0.953125 0.6875
vt 1 0.6875
vt 1 0.640625
vt 0.953125 0.640625
vt 0.828125 0.953125
vt 0.84375 0.953125
vt 0.84375 1
vt 0.828125 1
vt 0.875 1
vt 0.890625 1
vt 0.890625 0.953125
vt 0.875 0.953125
vt 0.984375 0.6875
vt 1 0.6875
vt 1 0.640625
vt 0.984375 0.640625
vt 0.953125 0.703125
vt 0.96875 0.703125
vt 0.96875 0.65625
vt 0.953125 0.65625
vt 0.953125 0.6875
vt 1 0.6875
vt 1 0.640625
vt 0.953125 0.640625
vt 0.828125 0.953125
vt 0.84375 0.953125
vt 0.84375 1
vt 0.828125 1
vt 0.875 1
vt 0.890625 1
vt 0.890625 0.953125
vt 0.875 0.953125
vt 0.984375 0.6875
vt 1 0.6875
vt 1 0.640625
vt 0.984375 0.640625
vt 0.953125 0.703125
vt 0.96875 0.703125
vt 0.96875 0.65625
vt 0.953125 0.65625
vt 0.6796875 0.3984375
vt 0.6875 0.3984375
vt 0.6875 0.359375
vt 0.6796875 0.359375
vt 0.546875 0.84375
vt 0.5625 0.84375
vt 0.5625 0.71875
vt 0.546875 0.71875
vt 0.546875 0.84375
vt 0.5625 0.84375
vt 0.5625 0.71875
vt 0.546875 0.71875
vt 0.546875 0.921875
vt 0.5625 0.921875
vt 0.5625 0.90625
vt 0.546875 0.90625
vt 0.546875 0.0859375
vt 0.5625 0.0859375
vt 0.5625 0.0703125
vt 0.546875 0.0703125
vt 0.5234375 0.84375
vt 0.5390625 0.84375
vt 0.5390625 0.71875
vt 0.5234375 0.71875
vt 0.5234375 0.84375
vt 0.5390625 0.84375
vt 0.5390625 0.71875
vt 0.5234375 0.71875
vt 0.3046875 0.875
vt 0.3984375 0.875
vt 0.3984375 0.75
vt 0.3046875 0.75
vt 0.3984375 0.75
vt 0.3984375 0.875
vt 0.3046875 0.875
vt 0.3046875 0.75
vt 0.3984375 0.75
vt 0.3984375 0.875
vt 0.3046875 0.875
vt 0.3046875 0.75
vt 0.3046875 0.875
vt 0.3984375 0.875
vt 0.3984375 0.75
vt 0.3046875 0.75
vt 0.546875 0.84375
vt 0.5625 0.84375
vt 0.5625 0.71875
vt 0.546875 0.71875
vt 0.546875 0.84375
vt 0.5625 0.84375
vt 0.5625 0.71875
vt 0.546875 0.71875
vt 0.546875 0.921875
vt 0.5625 0.921875
vt 0.5625 0.90625
vt 0.546875 0.90625
vt 0.546875 0.0859375
vt 0.5625 0.0859375
vt 0.5625 0.0703125
vt 0.546875 0.0703125
vt 0.5234375 0.84375
vt 0.5390625 0.84375
vt 0.5390625 0.71875
vt 0.5234375 0.71875
vt 0.5234375 0.84375
vt 0.5390625 0.84375
vt 0.5390625 0.71875
vt 0.5234375 0.71875
vt 0.3984375 0.75
vt 0.3984375 0.875
vt 0.3046875 0.875
vt 0.3046875 0.75
vt 0.3984375 0.75
vt 0.3984375 0.875
vt 0.3046875 0.875
vt 0.3046875 0.75
vt 0.3046875 0.875
vt 0.3984375 0.875
vt 0.3984375 0.75
vt 0.3046875 0.75
vt 0.3984375 0.75
vt 0.3984375 0.875
vt 0.3046875 0.875
vt 0.3046875 0.75
vt 0.546875 0.84375
vt 0.5625 0.84375
vt 0.5625 0.71875
vt 0.546875 0.71875
vt 0.546875 0.84375
vt 0.5625 0.84375
vt 0.5625 0.71875
vt 0.546875 0.71875
vt 0.546875 0.921875
vt 0.5625 0.921875
vt 0.5625 0.90625
vt 0.546875 0.90625
vt 0.546875 0.0859375
vt 0.5625 0.0859375
vt 0.5625 0.0703125
vt 0.546875 0.0703125
vt 0.5234375 0.84375
vt 0.5390625 0.84375
vt 0.5390625 0.71875
vt 0.5234375 0.71875
vt 0.5234375 0.84375
vt 0.5390625 0.84375
vt 0.5390625 0.71875
vt 0.5234375 0.71875
vt 0.3046875 0.875
vt 0.3984375 0.875
vt 0.3984375 0.75
vt 0.3046875 0.75
vt 0.3046875 0.875
vt 0.3984375 0.875
vt 0.3984375 0.75
vt 0.3046875 0.75
vt 0.546875 0.84375
vt 0.5625 0.84375
vt 0.5625 0.71875
vt 0.546875 0.71875
vt 0.546875 0.84375
vt 0.5625 0.84375
vt 0.5625 0.71875
vt 0.546875 0.71875
vt 0.546875 0.921875
vt 0.5625 0.921875
vt 0.5625 0.90625
vt 0.546875 0.90625
vt 0.546875 0.0859375
vt 0.5625 0.0859375
vt 0.5625 0.0703125
vt 0.546875 0.0703125
vt 0.5234375 0.84375
vt 0.5390625 0.84375
vt 0.5390625 0.71875
vt 0.5234375 0.71875
vt 0.5234375 0.84375
vt 0.5390625 0.84375
vt 0.5390625 0.71875
vt 0.5234375 0.71875
vt 0.2421875 0.75
vt 0.2421875 0.875
vt 0.1484375 0.875
vt 0.1484375 0.75
vt 0.1484375 0.2890625
vt 0.2421875 0.2890625
vt 0.2421875 0.2890625
vt 0.1484375 0.2890625
vt 0.1484375 0.875
vt 0.2421875 0.875
vt 0.2421875 0.75
vt 0.1484375 0.75
vt 0.1484375 0.2890625
vt 0.2421875 0.2890625
vt 0.2421875 0.2890625
vt 0.1484375 0.2890625
vt 0.2421875 0.75
vt 0.2421875 0.875
vt 0.1484375 0.875
vt 0.1484375 0.75
vt 0.1484375 0.2890625
vt 0.2421875 0.2890625
vt 0.2421875 0.2890625
vt 0.1484375 0.2890625
vt 0.2421875 0.75
vt 0.2421875 0.875
vt 0.1484375 0.875
vt 0.1484375 0.75
vt 0.1484375 0.2890625
vt 0.2421875 0.2890625
vt 0.2421875 0.2890625
vt 0.1484375 0.2890625
vt 0.1484375 0.875
vt 0.2421875 0.875
vt 0.2421875 0.75
vt 0.1484375 0.75
vt 0.3125 0.296875
vt 0.40625 0.296875
vt 0.40625 0.296875
vt 0.3125 0.296875
vt 0.3984375 0.75
vt 0.3984375 0.875
vt 0.3046875 0.875
vt 0.3046875 0.75
vt 0.40625 0.0703125
vt 0.40625 0.0703125
vt 0.40625 0.0703125
vt 0.40625 0.0703125
vt 0.3125 0.296875
vt 0.40625 0.296875
vt 0.40625 0.296875
vt 0.3125 0.296875
vt 0.2421875 0.75
vt 0.2421875 0.875
vt 0.1484375 0.875
vt 0.1484375 0.75
vt 0.3125 0.296875
vt 0.40625 0.296875
vt 0.40625 0.296875
vt 0.3125 0.296875
vt 0.2421875 0.75
vt 0.2421875 0.875
vt 0.1484375 0.875
vt 0.1484375 0.75
vt 0.3125 0.296875
vt 0.40625 0.296875
vt 0.40625 0.296875
vt 0.3125 0.296875
vt 0.1484375 0.875
vt 0.2421875 0.875
vt 0.2421875 0.75
vt 0.1484375 0.75
vt 0.40625 0.0703125
vt 0.40625 0.0703125
vt 0.40625 0.0703125
vt 0.40625 0.0703125
vt 0.3125 0.296875
vt 0.40625 0.296875
vt 0.40625 0.296875
vt 0.3125 0.296875
vt 0.2421875 0.75
vt 0.2421875 0.875
vt 0.1484375 0.875
vt 0.1484375 0.75
vt 0.2421875 0.0703125
vt 0.2421875 0.0703125
vt 0.2421875 0.0703125
vt 0.2421875 0.0703125
vt 0.1484375 0.2890625
vt 0.2421875 0.2890625
vt 0.2421875 0.2890625
vt 0.1484375 0.2890625
vt 0.1484375 0.875
vt 0.2421875 0.875
vt 0.2421875 0.75
vt 0.1484375 0.75
vt 0.2421875 0.0703125
vt 0.2421875 0.0703125
vt 0.2421875 0.0703125
vt 0.2421875 0.0703125
vt 0.1484375 0.2890625
vt 0.2421875 0.2890625
vt 0.2421875 0.2890625
vt 0.1484375 0.2890625
vt 0.1484375 0.875
vt 0.2421875 0.875
vt 0.2421875 0.75
vt 0.1484375 0.75
vt 0 0.5859375
vt 0.125 0.5859375
vt 0.125 0.5703125
vt 0 0.5703125
vt 0 0.5859375
vt 0.125 0.5859375
vt 0.125 0.5703125
vt 0 0.5703125
vt 0 0.7109375
vt 0.125 0.7109375
vt 0.125 0.5859375
vt 0 0.5859375
vt 0 0.5859375
vt 0.125 0.5859375
vt 0.125 0.5703125
vt 0 0.5703125
vt 0 0.5859375
vt 0.125 0.5859375
vt 0.125 0.5703125
vt 0 0.5703125
vn -0.006953129948134959 -0.06615461242412583 -0.997785157856609
vn 0.006953129948134959 0.06615461242412583 0.997785157856609
vn -0.9945218953682733 0.10452846326765335 -9.429054915185237e-18
vn 0.9945218953682733 -0.10452846326765335 9.429054915185237e-18
vn -7.978431082079818e-18 -7.590970108780491e-17 -1
vn 7.978431082079818e-18 7.590970108780491e-17 1
vn -0.981627139569143 0.19080922111182785 -1.7212064235367933e-17
vn 0.981627139569143 -0.19080922111182785 1.7212064235367933e-17
vn -7.978431082079818e-18 -7.590970108780491e-17 -1
vn 7.978431082079818e-18 7.590970108780491e-17 1
vn -0.981627214811499 0.19080883402353155 -1.721202931782788e-17
vn 0.9816270220859591 -0.19080982550867737 1.7212118755360924e-17
vn -7.978431082079818e-18 -7.590970108780491e-17 -1
vn 7.978431082079818e-18 7.590970108780491e-17 1
vn -0.9396926087880614 0.3420201762894807 -3.08521423114886e-17
vn 0.9396925260457965 -0.34202040362187475 3.0852162818148315e-17
vn -7.978431082079818e-18 -7.590970108780491e-17 -1
vn 7.978431082079818e-18 7.590970108780491e-17 1
vn 0.0000010211914867330753 0.9999999999994788 -9.020562075074698e-17
vn -7.598723487517447e-7 -0.9999999999997113 9.020562075076795e-17
vn -0.9999999999988488 -0.0000015173765704895588 1.3687589545574377e-22
vn 0.9999999999998888 -4.716667915960481e-7 4.2546995721338364e-23
vn -7.978431082079818e-18 -7.590970108780491e-17 -1
vn 7.978431082079818e-18 7.590970108780491e-17 1
vn -0.0000017264368727398786 0.9999999999985099 -9.020562075065957e-17
vn -0.9999999999999946 1.0531672370306386e-7 -9.500160435341396e-24
vn 0.9999999999999816 -1.9242363843985366e-7 1.7357693749704445e-23
vn -0.006953129948134959 -0.06615461242412583 -0.997785157856609
vn 0.006953129948134959 0.06615461242412583 0.997785157856609
vn -0.9945218953682733 0.10452846326765335 -9.429054915185237e-18
vn 0.9945218953682733 -0.10452846326765335 9.429054915185237e-18
vn -7.978431082079818e-18 -7.590970108780491e-17 -1
vn 7.978431082079818e-18 7.590970108780491e-17 1
vn -0.981627139569143 0.19080922111182785 -1.7212064235367933e-17
vn 0.981627139569143 -0.19080922111182785 1.7212064235367933e-17
vn -7.978431082079818e-18 -7.590970108780491e-17 -1
vn 7.978431082079818e-18 7.590970108780491e-17 1
vn -0.981627214811499 0.19080883402353155 -1.721202931782788e-17
vn 0.9816270220859591 -0.19080982550867737 1.7212118755360924e-17
vn -7.978431082079818e-18 -7.590970108780491e-17 -1
vn 7.978431082079818e-18 7.590970108780491e-17 1
vn -0.9396926087880614 0.3420201762894807 -3.08521423114886e-17
vn 0.9396925260457965 -0.34202040362187475 3.0852162818148315e-17
vn -0.9612615527842403 2.196669901394221e-7 0.2756378550540234
vn 0.9612616261715452 -2.910073124973156e-7 -0.2756375991223836
vn 0.07134058557737862 0.9659257920869642 0.24879285566641132
vn -0.07134034642238603 -0.9659257920869939 -0.24879292424312943
vn 0.2662448125900969 -0.2588191748923587 0.9285075845015499
vn -0.2662457713686589 0.25881827802364493 -0.9285075595756792
vn 0.21643987640204748 3.2842079734918267e-7 -0.9762959489329857
vn -0.21643987640172888 1.0208750224338647e-7 0.976295948933106
vn 7.407180178248263e-7 0.999999999999573 -5.525780820466885e-7
vn -9.108012873487727e-7 -0.9999999999994527 5.148716726812133e-7
vn -0.9762957943484533 -0.0000014814083646313976 -0.21644057368092526
vn 0.976296066525829 -4.6048643369267506e-7 0.21643934597476092
vn 0.9762957162720931 -4.60486268685778e-7 0.21644092586326857
vn 0.2164398764017311 -1.0208750224685592e-7 -0.9762959489331056
vn -0.9762961446024037 2.563855203696619e-7 -0.21643899379367162
vn -0.21643987640176396 5.6839362480576305e-8 0.976295948933102
vn 0.9762961814151078 -4.604864880658477e-7 0.21643882774138984
vn 6.697367446323321e-7 -0.9999999999992312 0.00000104371392012288
vn -0.97629571627213 2.563854078901917e-7 -0.2164409258634404
vn -0.976295753084585 -0.0000014814083020286972 -0.2164407598092569
vn -0.0000010662011988293865 0.9999999999991546 7.446197061551699e-7
vn 0.9762958311627261 -4.6048632269812817e-7 0.21644040762775799
vn 9.108004501434674e-7 0.9999999999994528 -5.148718582912688e-7
vn 0.21643983958846721 3.2842074149108674e-7 -0.9762959570943694
vn 0.2164401898421009 -1.0208765008345999e-7 -0.9762958794449073
vn 7.074442161109086e-7 -0.9999999999993683 8.736266964507545e-7
vn -7.784237449487421e-7 -0.999999999999436 7.22662685699606e-7
vn -0.21643987640176618 5.6839362480576305e-8 0.9762959489331015
vn -0.2164398395888498 1.0208748488227395e-7 0.9762959570943346
vn -0.0000012362876192911767 0.999999999998986 7.069125035309462e-7
vn -0.38268279512602515 -5.606730116292091e-7 -0.9238797964639223
vn 0.3826833811527889 -2.90790519379136e-7 0.9238795537240689
vn 5.125968895874912e-7 0.9999999999992013 0.0000011553794317182706
vn 1.217161799266231e-7 -0.999999999999922 3.759863845809884e-7
vn -0.9238797850853899 -0.0000015950201299463891 0.38268282259337116
vn 0.9238794794132584 0.0000013535865649033638 -0.3826835605526506
vn 0.9238794794140401 -9.434578587957931e-7 -0.38268356055199504
vn -0.3826833811527729 3.907930106808455e-7 -0.9238795537240387
vn -0.923879137463964 9.434575096028963e-7 0.38268438609113914
vn 0.38268331955939183 -3.90792947863039e-7 0.923879579236846
vn 0.9238797234916254 -9.4345810805474e-7 -0.382682971296278
vn 1.217153613869426e-7 -0.999999999999922 3.759860459956423e-7
vn -0.9238794794140405 9.434578587819153e-7 0.382683560551994
vn -0.9238795410079788 -0.0000015950197085751183 0.38268341184893623
vn -5.5046834410155134e-8 0.9999999999999755 -2.1503302218275585e-7
vn 0.9238791990582441 0.0000013535861541486005 -0.38268423738856217
vn -0.0000010187671919265064 0.9999999999978797 0.0000017896911633896004
vn -0.3826833811527696 -5.606738702271242e-7 -0.9238795537239527
vn -0.3826833811527729 3.907930106808455e-7 -0.9238795537240387
vn 1.2171560097307133e-7 -0.999999999999922 3.759866243873653e-7
vn 1.2171536195593194e-7 -0.9999999999999221 3.7598604576742955e-7
vn 0.3826833811527729 -3.907930107641122e-7 0.9238795537240386
vn 0.3826833811527889 -2.90790519379136e-7 0.923879553724069
vn -5.5046503827371764e-8 0.9999999999999756 -2.150331591041939e-7
vn -7.978431082079818e-18 -7.590970108780491e-17 -1
vn 7.978431082079818e-18 7.590970108780491e-17 1
vn 0.9999999999928981 -0.0000037688076268277415 3.399676314659157e-22
vn 1.0531672413327531e-7 0.9999999999999944 -9.020562075079349e-17
vn -1.0531672413327531e-7 -0.9999999999999944 9.020562075079349e-17
vn -7.978431082079818e-18 -7.590970108780491e-17 -1
vn 0.0000017264368765423925 -0.9999999999985099 9.020562075065957e-17
vn 7.978431082079818e-18 7.590970108780491e-17 1
vn 0.3162254821869394 0.9486840593240922 -8.557663446771279e-17
vn 0.9999999999988489 0.0000015173765706422149 -1.368758954696105e-22
vn -7.978431082079818e-18 -7.590970108780491e-17 -1
vn -0.9999999999998888 4.7166679299770465e-7 -4.254699584922011e-23
vn 7.978431082079818e-18 7.590970108780491e-17 1
vn 0.9999999999987382 -0.00000158864237793932 1.4330447185139675e-22
vn -0.316228256777759 5.023736097536924e-7 -0.948683134463266
vn -0.9999999999990506 -0.0000013780034976845768 1.2430366090703957e-22
vn 5.459464950396953e-7 -0.31622731328987486 0.9486834489592244
vn 0.0000017264368765423925 -0.9999999999985099 9.020562075065957e-17
vn 0.9999999999987382 -0.0000015886423779393195 1.4330447185139673e-22
vn 0.0000019370648894900815 0.999999999998124 -9.020562075062476e-17
vn -0.9999999999990505 -0.0000013780034976845765 1.2430366090703954e-22
vn 0.0000017264368765423925 -0.9999999999985099 9.020562075065957e-17
vn 0.0000019370648894900815 0.999999999998124 -9.020562075062476e-17
vn -0.9999999999990506 -0.0000013780034976845768 1.2430366090703957e-22
vn -7.978431082079818e-18 -7.590970108780491e-17 -1
vn -3.342855422056035e-7 -0.9999999999999443 9.020562075078896e-17
vn 7.978431082079818e-18 7.590970108780491e-17 1
vn -2.8729065819355087e-7 0.9999999999999589 -9.020562075079028e-17
vn 0.0000019370648894900815 0.999999999998124 -9.020562075062476e-17
vn -0.9999999999990505 -0.0000013780034976845765 1.2430366090703954e-22
vn 0.0000017264368765423925 -0.9999999999985099 9.020562075065957e-17
vn 0.9999999999987382 -0.0000015886423779393195 1.4330447185139673e-22
vn -7.978431082079818e-18 -7.590970108780491e-17 -1
vn 7.978431082079818e-18 7.590970108780491e-17 1
vn 0.9999999999947311 -0.0000032461828764346326 2.9282394143793953e-22
vn -0.000001726436872004356 0.9999999999985097 -9.020562075065957e-17
vn 0.0000017264368734892792 -0.9999999999985099 9.020562075065958e-17
vn -7.978431082079818e-18 -7.590970108780491e-17 -1
vn -0.0000019370648894900815 -0.999999999998124 9.020562075062476e-17
vn 7.978431082079818e-18 7.590970108780491e-17 1
vn 0.3162284118066917 0.9486830827869851 -8.557654637857688e-17
vn 0.9999999999985099 0.0000017264368868535884 -1.5573431106714064e-22
vn -7.978431082079818e-18 -7.590970108780491e-17 -1
vn -0.9999999999997681 -6.811436638887169e-7 6.144298702405559e-23
vn 7.978431082079818e-18 7.590970108780491e-17 1
vn 0.9999999999990506 0.0000013780034929800065 -1.243036604817942e-22
vn -0.31622741245549724 -4.3576247901050413e-7 -0.9486834159041208
vn -0.9999999999987381 0.00000158864237806422 -1.4330447186218196e-22
vn -6.125548453472796e-7 -0.3162283559408097 0.9486831014087883
vn -0.0000019370648894900815 -0.999999999998124 9.020562075062476e-17
vn 0.9999999999990505 0.0000013780034929800065 -1.243036604817942e-22
vn -0.0000017264368748631802 0.9999999999985099 -9.020562075065957e-17
vn -0.9999999999987381 0.0000015886423780642196 -1.4330447186372268e-22
vn -0.0000019370648894900815 -0.999999999998124 9.020562075062476e-17
vn 0.9999999999985099 0.0000017264368729064117 -1.5573430981143432e-22
vn -0.0000017264368748631798 0.9999999999985097 -9.020562075065955e-17
vn -0.9999999999987381 0.00000158864237806422 -1.4330447186218196e-22
vn -7.978431082079818e-18 -7.590970108780491e-17 -1
vn -1.0531672438307549e-7 -0.9999999999999944 9.020562075079349e-17
vn 7.978431082079818e-18 7.590970108780491e-17 1
vn 1.0531672413327531e-7 0.9999999999999944 -9.020562075079349e-17
vn -7.978431082079818e-18 -7.590970108780491e-17 -1
vn -0.31622905780222926 -0.9486828674544063 8.557652695436794e-17
vn 7.978431082079818e-18 7.590970108780491e-17 1
vn 0.3162284118066917 0.9486830827869851 -8.557654637857688e-17
vn 0.9999999999662257 -0.000008218807809795559 7.413826603123484e-22
vn -7.978431082079818e-18 -7.590970108780491e-17 -1
vn -0.9999999999985099 -0.000001726436873086823 1.5573430982684176e-22
vn 7.978431082079818e-18 7.590970108780491e-17 1
vn 0.9999999999985099 0.0000017264368775693484 -1.5573431022897593e-22
vn -7.978431082079818e-18 -7.590970108780491e-17 -1
vn -0.9999999999985099 -0.0000017264368727121226 1.557343097929454e-22
vn 7.978431082079818e-18 7.590970108780491e-17 1
vn 0.0000017264368770281147 -0.9999999999985097 9.020562075065955e-17
vn 7.978431082079818e-18 7.590970108780491e-17 1
vn -6.811436674275528e-7 0.9999999999997681 -9.020562075077306e-17
vn -7.978431082079818e-18 -7.590970108780491e-17 -1
vn 0.0000013780034965188426 -0.9999999999990506 9.020562075070834e-17
vn 0.31622731328987497 5.459464954282733e-7 0.9486834489592243
vn 0.0000015886423777866647 0.9999999999987382 -9.020562075068016e-17
vn -0.3162283559424791 -5.459482954953132e-7 -0.9486831014082725
vn 0.9999999999985097 0.0000017264368775832262 -1.5573431023051668e-22
vn 0.0000015886423777866643 0.9999999999987382 -9.020562075068016e-17
vn -0.999999999998124 0.000001937064889503959 -1.7473414079179125e-22
vn 0.0000013780034965188426 -0.9999999999990506 9.020562075070834e-17
vn 0.0000015886423777866643 0.9999999999987382 -9.020562075068016e-17
vn -0.999999999998124 0.000001937064889503959 -1.7473414079179125e-22
vn 0.0000013780034965188426 -0.9999999999990506 9.020562075070834e-17
vn -7.978431082079818e-18 -7.590970108780491e-17 -1
vn -8.905320800639551e-7 -0.9999999999996035 9.020562075075822e-17
vn 7.978431082079818e-18 7.590970108780491e-17 1
vn -2.219602310560287e-7 0.9999999999999755 -9.020562075079176e-17
vn -0.9999999999987381 0.0000015886423780642196 -1.4330447186372268e-22
vn -0.0000019370648894900815 -0.999999999998124 9.020562075062476e-17
vn 0.9999999999990505 0.0000013780034929800065 -1.243036604817942e-22
vn -0.0000017264368748631802 0.9999999999985099 -9.020562075065957e-17
vn 0.1822347211341021 -3.53000480020349e-7 -0.9832550566425028
vn -0.18223516663852884 2.8950650858214355e-7 0.9832549740734312
vn 5.18652817235732e-7 0.9999999999998656 1.6384392028790923e-8
vn -4.948419738276534e-7 -0.9999999999998672 -1.4485643223365217e-7
vn -0.9832548617004921 -0.0000013549286338176978 -0.18223577294403578
vn 0.9832548617004925 0.0000013549286385639014 0.18223577294403442
vn -0.000001692882434081722 0.9999999999985333 -2.6061212359783826e-7
vn -0.18223476795800844 -2.5112014758257867e-7 0.9832550479642747
vn 0.000001926020774423165 -0.9999999999980499 4.3670971277075076e-7
vn 0.18223521346265728 3.1461759280801416e-7 -0.9832549653951007
vn -0.0000016435106728190933 0.9999999999985106 -5.269995254731376e-7
vn -0.9832549049670946 -0.0000016975275234226705 -0.18223553949564428
vn 0.0000021593701453881398 -0.9999999999973305 -8.223333902428989e-7
vn -5.4421346917799e-7 -0.9999999999998447 1.2152879070442924e-7
vn 0.9832549049665842 -0.0000019046285538448782 0.18223553949635085
vn 5.442134694416679e-7 0.9999999999998447 -1.2152879014138614e-7
vn 0.9832548616999833 0.0000016975274487324166 0.18223577294391277
vn -0.1822351666373553 -3.146175111198857e-7 0.9832549740736412
vn -0.18223476795798563 -2.1937196780646984e-7 0.9832550479642864
vn -0.9832548616963211 0.0000031918250954499064 -0.18223577294362533
vn -0.9832549049670946 -0.0000016975275303754422 -0.18223553949564425
vn 0.18223521346261384 2.193725040233741e-7 -0.9832549653951348
vn 0.1822347211346325 -6.868076056001926e-7 -0.9832550566422281
vn 0.9832549049670946 0.0000016975275234226705 0.18223553949564433
vn 0.17364756942744414 6.12318084153296e-8 -0.9848078602610446
vn -0.17364880408011737 -6.123224378581926e-8 0.9848076425584548
vn -8.326730700225495e-7 0.9999999999996443 -1.3538129447839626e-7
vn 8.553623161156043e-7 -0.9999999999996342 6.704692757477477e-9
vn -0.9848078948339537 -2.1858818836928412e-7 -0.17364737335378422
vn 0.9848076822428296 2.185881411709278e-7 0.17364857901940497
vn -0.9848076822427935 -3.472640337093269e-7 -0.17364857901940006
vn -0.1736487817357039 -3.8543123411644e-8 0.9848076464983933
vn 0.9848076822424764 -8.770028337712341e-7 0.17364857901933015
vn 0.17364759177172132 3.854285960183668e-8 -0.984807856321161
vn -0.9848076445504783 -3.4726402041440613e-7 -0.17364879278249573
vn 8.326732364311029e-7 -0.9999999999996442 1.3538132426859642e-7
vn 0.984807644550161 -8.770028002008654e-7 0.17364879278242787
vn 0.9848078571421537 2.1858818000097807e-7 0.17364758711549003
vn -8.553623161156043e-7 0.9999999999996342 -6.704692795641424e-9
vn -0.9848076445505144 -2.1858813281649953e-7 -0.1736487927825006
vn 5.202681010868515e-7 0.9999999999998593 1.031796086261637e-7
vn -0.1736475917717283 -6.123181630138252e-8 0.9848078563211585
vn -0.17364756942746146 -3.8542854328277316e-8 0.9848078602610429
vn -4.975794651446153e-7 -0.9999999999998493 -2.3185461007829432e-7
vn -3.915931610920521e-7 -0.9999999999999203 -8.049066164451779e-8
vn 0.17364859148798442 3.854308149725538e-8 -0.9848076800443007
vn 0.17364878173568482 6.12322358962969e-8 -0.9848076464983956
vn 3.689041843113473e-7 0.9999999999999102 2.091657658369433e-7
vn -0.9455184858198632 -0.0000013029277785431281 0.32556841519289875
vn 0.9455188684995042 0.0000016323786419802917 -0.3255673038079108
vn 2.935081538923967e-7 0.9999999999999063 -3.183330419065489e-7
vn -1.287858028831135e-7 -0.9999999999999577 2.6161475369288466e-7
vn 0.32556845085811015 5.620733795203003e-7 0.9455184735400649
vn -0.32556799424655375 5.172111125564816e-7 -0.9455186307640948
vn 1.713247087392622e-7 0.9999999999999758 -1.3807295091140904e-7
vn 0.9455184858196672 -0.0000015020907356139142 -0.3255684151926094
vn -3.36046925314415e-7 -0.9999999999999247 1.947914094015839e-7
vn -0.9455188684994094 0.0000018315314023742424 0.32556730380712734
vn 1.7132470769842811e-7 0.9999999999999758 -1.3807295055058616e-7
vn 0.3255679942469083 4.4863383406867907e-7 0.9455186307640077
vn -1.7132470826741744e-7 -0.9999999999999759 1.3807295073793656e-7
vn -1.2878580293862465e-7 -0.9999999999999577 2.616147537137012e-7
vn -0.32556845085828423 -4.4863446330839507e-7 -0.9455184735400657
vn 2.9350815283768483e-7 0.9999999999999063 -3.1833304154572653e-7
vn 0.3255684508595984 -5.17211837844367e-7 0.9455184735395782
vn 0.9455184858198632 0.0000013029277782516946 -0.3255684151928987
vn 0.9455188684999836 0.0000013029283055937535 -0.3255673038080043
vn -0.3255679942464915 6.306463310942756e-7 -0.9455186307640473
vn -0.3255684508582842 -4.486344632737005e-7 -0.9455184735400656
vn -0.9455184858196674 0.000001502090735724937 0.32556841519260943
vn -0.9455188684999065 0.0000015020913435720429 0.32556730380737003
vn 0.32556799424693045 5.620725906860247e-7 0.9455186307639394
vn -0.7547097608200278 -0.0000010399926903409407 -0.6560588212362477
vn 0.7547092874970128 -0.0000014619208635185954 0.6560593657311921
vn 8.07501221652962e-7 0.9999999999996448 -2.418808471710322e-7
vn -5.903010381058672e-7 -0.9999999999997927 2.575644050140088e-7
vn -0.6560587477987199 0.0000012708283658596775 0.7547098246579017
vn 0.6560596971095167 -0.0000010422442371788023 -0.7547089994345391
vn -0.0000013447567966257123 0.9999999999990532 -2.9249135458101943e-7
vn 0.7547097608208654 -0.0000011989639098763938 0.6560588212350131
vn 2.2528006463073957e-7 -0.999999999999743 -6.806543807523534e-7
vn -0.7547092874982351 -0.0000013029579439549632 -0.656059365730121
vn -2.25280064602984e-7 0.9999999999997431 6.806543808263683e-7
vn -0.6560596971099031 -0.000001132645653267872 0.7547089994340729
vn 9.379977836121436e-8 -0.9999999999996797 -7.949483863455935e-7
vn -7.217809913362405e-7 -0.9999999999997294 1.4327071167172862e-7
vn 0.6560587477993305 0.0000011326440151754325 -0.754709824657591
vn 8.07501221652962e-7 0.9999999999996448 -2.418808471710322e-7
vn -0.6560587477994354 -9.04051247682669e-7 0.7547098246578082
vn 0.7547097608200279 0.000001039992688425806 0.6560588212362477
vn 0.7547092874983659 0.0000010399920370302018 0.6560593657304401
vn 0.6560596971100112 9.040525564829593e-7 -0.7547089994342874
vn 0.6560587477994354 9.0405124748838e-7 -0.7547098246578081
vn -0.7547097608200278 -0.000001039992689452762 -0.6560588212362476
vn -0.7547092874973785 0.0000011989631572562054 -0.6560593657313046
vn -0.6560596971092927 0.000001270830204874729 0.7547089994343836
vn 0.17364735683676563 6.123173345445876e-8 -0.984807897746358
vn -0.17364880408011873 -6.123224377888037e-8 0.9848076425584547
vn -7.039966468391778e-7 0.999999999999746 -1.1269208696279126e-7
vn 7.266858104149065e-7 -0.9999999999997359 -1.5984367293046626e-8
vn -0.9848078948336256 8.770030230365045e-7 -0.17364737335356883
vn 0.9848078948339536 2.1858818841091749e-7 0.17364737335378538
vn -0.9848078948339537 -2.1858818836928412e-7 -0.17364737335378455
vn -0.17364878173570567 -3.8543123723894235e-8 0.9848076464983931
vn 0.9848076822427935 3.4726403369544917e-7 0.1736485790194004
vn 0.173647591771718 3.854285959836723e-8 -0.9848078563211614
vn -0.9848076668949091 -2.1858813777086983e-7 -0.1736486660615571
vn 8.326732361535474e-7 -0.9999999999996443 1.353813237724657e-7
vn 0.9848078571421152 3.472640953822159e-7 0.17364758711549935
vn 0.9848078571421541 2.1858818005648923e-7 0.17364758711548767
vn -8.553623160323376e-7 0.9999999999996342 -6.70469277829418e-9
vn -0.9848078571418257 8.770029894661355e-7 -0.17364758711527287
vn 3.915931608838853e-7 0.9999999999999203 8.049066151441362e-8
vn -0.17364759177172676 -6.123181629097418e-8 0.9848078563211587
vn -0.17364759177171804 -3.8542859598367236e-8 0.9848078563211615
vn -3.6890444170267777e-7 -0.9999999999999102 -2.0916581113082817e-7
vn -3.9159316123083e-7 -0.9999999999999203 -8.049066211636295e-8
vn 0.17364880408011002 3.854312867826449e-8 -0.9848076425584573
vn 0.17364878173568654 6.123223590670523e-8 -0.9848076464983953
vn 3.689041846444142e-7 0.9999999999999102 2.0916576589765918e-7
vn 0.7090271883959725 -0.006938145701428727 0.7051470117993326
vn -0.7090271984877629 0.006937939031434177 -0.705147003685466
vn 0.635079646240946 -0.42836661469670045 -0.6427875903778505
vn -0.635079672458271 0.4283665374119192 0.6427876159790403
vn -0.7071077745124313 8.0141194548633e-7 0.7071057878588143
vn 0.7071058706104988 4.147542210092281e-7 -0.7071076917613021
vn 0.6408568112100563 -0.4226183517517383 0.6408558935426298
vn -0.6408563654965383 0.4226183625479175 -0.6408563321368403
vn -0.7090266810003713 -0.006937558905452973 -0.7051475277599939
vn 0.7090257804796728 0.006937074145808936 0.7051484380025859
vn -0.635080710713751 -0.428366557234601 0.6427865769618188
vn 0.6350798506367983 0.42836663142323217 -0.6427873772860313
vn 0.7071070779213182 4.005652680660887e-7 -0.7071064844515389
vn -0.7071062738111956 1.9457987683602074e-7 0.7071072885615086
vn -0.6408559263814267 -0.42261834278815824 -0.6408567842824121
vn 0.6408560772498205 0.4226183393520476 0.640856635680157
vn -7.978431082079818e-18 -7.590970108780491e-17 -1
vn 7.978431082079818e-18 7.590970108780491e-17 1
vn 7.385805314563677e-8 0.9999999999999974 -9.020562075079375e-17
vn -7.385805314563677e-8 -0.9999999999999974 9.020562075079375e-17
vn -0.9999999999990505 -0.0000013780034953253526 1.2430366069441688e-22
vn 0.9999999999990505 0.0000013780034953253526 -1.2430366069441688e-22
vn -7.978431082079818e-18 -7.590970108780491e-17 -1
vn 7.978431082079818e-18 7.590970108780491e-17 1
vn -0.9999999999999889 1.4887019941789423e-7 -1.3428928748052298e-23
vn 0.9999999999999889 -1.488701993485053e-7 1.3428928741889323e-23
vn -4.709910081390767e-8 -0.4472138847499819 -0.8944270463748442
vn -4.7099169821207556e-8 -0.4472145400985257 0.8944267187000075
vn -0.000001021191486552664 -0.9999999999994786 9.020562075074696e-17
vn -0.8944264189125389 -0.4472151396713794 4.034131928320982e-17
vn 0.8944279630846257 -0.4472120513272062 4.0341040697206574e-17
vn -7.978431082079818e-18 -7.590970108780491e-17 -1
vn 7.978431082079818e-18 7.590970108780491e-17 1
vn -0.000001726436872004356 0.9999999999985097 -9.020562075065957e-17
vn 0.0000017264368734892792 -0.9999999999985099 9.020562075065958e-17
vn 0.9999999999947311 -0.0000032461828764346326 2.9282394143793953e-22
vn 0.3162284118066917 0.9486830827869851 -8.557654637857688e-17
vn -7.978431082079818e-18 -7.590970108780491e-17 -1
vn -0.3162284118066917 -0.9486830827869851 8.557654637857688e-17
vn 7.978431082079818e-18 7.590970108780491e-17 1
vn 0.9999999999985099 0.0000017264368868535884 -1.5573431106714064e-22
vn -7.978431082079818e-18 -7.590970108780491e-17 -1
vn -0.9999999999997681 -6.811436638887169e-7 6.144298702405559e-23
vn 7.978431082079818e-18 7.590970108780491e-17 1
vn 0.9999999999992756 0.0000012037876764847688 -1.0858841461062008e-22
vn -7.978431082079818e-18 -7.590970108780491e-17 -1
vn -0.9999999999947312 0.000003246182869745539 -2.9282394083550864e-22
vn 7.978431082079818e-18 7.590970108780491e-17 1
vn 0.0000017264368760427921 -0.9999999999985099 9.020562075065957e-17
vn 7.978431082079818e-18 7.590970108780491e-17 1
vn 0.0000019370648894900815 0.999999999998124 -9.020562075062476e-17
vn -7.978431082079818e-18 -7.590970108780491e-17 -1
vn 0.0000016378422830753973 -0.9486835608012272 0.3162269777593652
vn 7.978431082079818e-18 7.590970108780491e-17 1
vn 0.31622612817453877 0.948683843996376 -8.557661504394248e-17
vn -7.978431082079818e-18 -7.590970108780491e-17 -1
vn 0.9999999999985099 0.000001726436873086823 -1.5573430982684176e-22
vn -7.978431082079818e-18 -7.590970108780491e-17 -1
vn -0.9999999999985099 -0.0000017264368727121226 1.557343097929454e-22
vn 7.978431082079818e-18 7.590970108780491e-17 1
vn 0.9999999999930148 0.0000017264368727121222 -0.0000033150723792144176
vn -0.3162282567777576 5.023736097536924e-7 -0.9486831344632665
vn -0.9999999999990438 -0.0000013780034929661287 -1.1614425964222979e-7
vn 7.978431082079818e-18 7.590970108780491e-17 1
vn 0.0000017264368760427921 -0.9999999999985099 9.020562075065957e-17
vn 0.9999999999987382 -0.00000158864237793932 1.4330447185139675e-22
vn 0.0000019370648894900815 0.999999999998124 -9.020562075062476e-17
vn -0.9999999999990506 -0.0000013780034929800065 1.243036604817942e-22
vn 0.0000017264368760427917 -0.9999999999985097 9.020562075065955e-17
vn 0.9999999999987381 -0.0000015886423779531973 1.4330447185139673e-22
vn 0.0000019370648894900815 0.999999999998124 -9.020562075062476e-17
vn -0.9999999999990505 -0.0000013780034929800065 1.243036604817942e-22
vn 0.0000017264368760427921 -0.9999999999985099 9.020562075065957e-17
vn 0.9999999999985097 0.0000017264368751962462 -1.5573431001635324e-22
vn 0.0000019370648894900815 0.999999999998124 -9.020562075062476e-17
vn -0.9999999999990506 -0.0000013780034929800065 1.243036604817942e-22
vn -7.978431082079818e-18 -7.590970108780491e-17 -1
vn -7.15900050116125e-7 -0.9999999999997438 9.020562075077087e-17
vn 7.978431082079818e-18 7.590970108780491e-17 1
vn -3.8912395282364464e-7 0.9999999999999244 -9.020562075078716e-17
vn -7.978431082079818e-18 -7.590970108780491e-17 -1
vn 0.0000013780034967686428 -0.9999999999990506 9.020562075070835e-17
vn 0.31622731328987563 5.459464946858117e-7 0.9486834489592242
vn 0.0000015886423777866647 0.9999999999987382 -9.020562075068016e-17
vn 0.9999999999985097 0.0000017264368752101245 -1.55734310017894e-22
vn 0.0000015886423777866643 0.9999999999987382 -9.020562075068016e-17
vn -0.999999999998124 0.000001937064889503959 -1.7473414079179125e-22
vn 0.0000013780034967825208 -0.9999999999990506 9.020562075070835e-17
vn 0.0000032461828711194416 0.9999999999947313 -9.020562075031872e-17
vn -0.9486834616356173 0.0000018376614270010357 -0.3162272752557649
vn 0.000001203787672945933 -0.9999999999992604 -1.7421610085389134e-7
vn -7.978431082079818e-18 -7.590970108780491e-17 -1
vn -0.0000015886423792160764 -0.9999999999987381 9.020562075068016e-17
vn 7.978431082079818e-18 7.590970108780491e-17 1
vn -0.0000013780034953531084 0.9999999999990505 -9.020562075070834e-17
vn 0.18223521346262483 2.511207611577415e-7 -0.983254965395125
vn -0.18223521346262478 -2.511207612687638e-7 0.983254965395125
vn 7.755965211603266e-7 0.9999999999996972 6.400615959598426e-8
vn -7.755965211603268e-7 -0.9999999999996974 -6.400615959598427e-8
vn -0.9832550844525023 -0.0000016975278361308632 -0.18223457107645952
vn 0.9832548617004925 0.0000013549286371067337 0.18223577294403454
vn 5.186528161393867e-7 0.9999999999998656 1.6384391820623924e-8
vn -0.1822351666385286 2.8950650864112415e-7 0.9832549740734312
vn -4.948419730921306e-7 -0.9999999999998672 -1.4485643206711827e-7
vn 0.18223476795754343 -3.530005708296535e-7 -0.9832550479643294
vn 5.442134683730783e-7 0.9999999999998447 -1.215287903951521e-7
vn -0.9832548782103216 -0.0000013549286595471164 -0.1822356838650698
vn -5.44213468386956e-7 -0.9999999999998447 1.215287903872219e-7
vn -8.011571222821259e-7 -0.9999999999996764 7.39070957052885e-8
vn 0.9832549049675949 0.0000013549286964342766 0.18223553949581367
vn 8.011571221849814e-7 0.9999999999996764 -7.390709518982815e-8
vn 0.9832548616963215 -0.000003191825090620437 0.18223577294362409
vn -0.18223521346217367 5.915688287352894e-7 0.9832549653950629
vn -0.18223516663735506 -3.146175116541805e-7 0.983254974073641
vn -0.9832550844532351 -0.0000011836303490941889 -0.18223457107656799
vn -0.9832548782055817 0.000003705698479405938 -0.1822356838580044
vn 0.1822347679573413 -5.915673825622469e-7 -0.9832550479642523
vn 0.1822352134626536 3.146175925165806e-7 -0.9832549653951015
vn 0.9832549049633077 -0.0000031918252313273276 0.18223553949603025
vn 0.21643987640172874 -1.0208750228155039e-7 -0.9762959489331061
vn -0.21643828781214489 1.0208675299550052e-7 0.97629630111403
vn 9.485078083792955e-7 0.9999999999993158 -6.84954578518122e-7
vn 7.074442162219308e-7 -0.9999999999993682 8.736266958462977e-7
vn -0.9762961446023745 4.604864708573908e-7 -0.2164389937934652
vn 0.9762957943497506 -4.60486305572938e-7 0.21644057367965436
vn 0.9762961446010041 0.0000014814088960951595 0.216438993795066
vn 0.21644022665509852 -1.020876674862059e-7 -0.9762958712836387
vn -0.9762961446023745 4.6048647078800187e-7 -0.21643899379346515
vn -0.21643863806343974 -3.2841891828977454e-7 0.9762962234655707
vn 0.9762961033380054 0.0000014814088334924591 0.21643917992090125
vn -5.520458486590886e-7 -0.999999999999239 -0.0000011033759727978112
vn -0.9762961814151079 4.6048648813523663e-7 -0.21643882774138953
vn -0.9762961814151078 4.6048648820462546e-7 -0.2164388277413895
vn -0.000001236287619318932 0.999999999998986 7.069125035525342e-7
vn 0.976296103338679 -4.6048645131746557e-7 0.21643917992244302
vn 9.485078083792955e-7 0.9999999999993158 -6.849545785181217e-7
vn 0.21644018984210325 -1.0208765012509335e-7 -0.9762958794449068
vn 0.2164398395888498 -1.0208748492390732e-7 -0.9762959570943346
vn 7.074442156668194e-7 -0.9999999999993683 8.73626695719856e-7
vn -5.520440533035577e-7 -0.9999999999992389 -0.0000011033755747809161
vn -0.21644018984164737 -3.284212729236236e-7 0.9762958794449581
vn -0.21643983958884744 1.020874849169684e-7 0.976295957094335
vn -0.0000010662011988710198 0.9999999999991546 7.44619706173674e-7
vn -0.9401786260764861 -0.24426958737014637 0.2374795143900832
vn 0.9401789286337967 0.24426960257030025 -0.23747830093116662
vn -0.23988200986954678 0.9696312327532529 0.04766438723359229
vn 0.23988144639849462 -0.9696313791494443 -0.04766424490656527
vn 0.24191024090072705 0.012153346729802943 0.9702225164933133
vn -0.24190998076479572 -0.01215327914340266 -0.9702225822008261
vn -0.38268338115274925 -6.606787013030413e-7 -0.9238795537238949
vn 0.38268338115277295 -3.9079301084044005e-7 0.9238795537240386
vn -5.504664066235955e-8 0.9999999999999755 -2.1503349087225899e-7
vn 1.217161801764233e-7 -0.999999999999922 3.75986385071337e-7
vn -0.9238797234908438 -0.000001353586922922534 0.382682971296934
vn 0.9238794794141875 -7.020304698818203e-7 -0.3826835605521583
vn 0.9238794794140401 -9.434578583517039e-7 -0.3826835605519948
vn -0.382683381152773 3.907930108820734e-7 -0.9238795537240386
vn -0.9238797850852268 7.020307021404769e-7 0.382682822596445
vn 0.38268338115274925 6.606787013030413e-7 0.9238795537238949
vn 0.923879785084927 -9.434581705186629e-7 -0.3826828225966504
vn -1.0590613135075255e-7 -0.9999999999999547 2.817021188181068e-7
vn -0.9238794794141875 7.020304698818203e-7 0.38268356055215824
vn -0.9238794794132587 -0.0000013535865653335753 0.38268356055265007
vn 3.923679625650323e-8 0.9999999999999013 -4.4265451792685377e-7
vn 0.9238797234917725 -7.02030655316821e-7 -0.3826829712964418
vn -5.5046640648481775e-8 0.9999999999999755 -2.1503349087225877e-7
vn -0.38268338115274886 -6.606787013030413e-7 -0.9238795537238952
vn -0.3826833811527726 3.907930108820734e-7 -0.9238795537240388
vn 1.2171560165308295e-7 -0.999999999999922 3.759866246988447e-7
vn 5.504650349430486e-8 -0.9999999999999756 2.1503315990602078e-7
vn 0.3826833811527491 6.606787012961024e-7 0.9238795537238951
vn 0.3826833811527728 -3.9079301084737894e-7 0.9238795537240387
vn -1.2171536172000954e-7 0.9999999999999221 -3.7598604530175307e-7
vn -0.20791228878424325 4.027395946216983e-7 -0.978147473631832
vn 0.2079122887838219 2.865038607434423e-7 0.9781474736319625
vn -5.990435257147154e-7 0.9999999999997771 2.955872440239896e-7
vn 5.990435246600035e-7 -0.9999999999997771 -2.955872437915374e-7
vn -0.9781476466877053 -0.0000013478908737901696 0.20791147461717327
vn 0.9781476201150089 -0.000001894735411692161 -0.20791159962771275
vn -0.0000011131233111499885 0.9999999999990056 -8.660669580079828e-7
vn 0.2079122887837644 3.5894744172468296e-7 0.9781474736319508
vn 8.274897955878879e-7 -0.9999999999995435 -4.777256245227423e-7
vn -0.20790989685317898 -2.865005651296604e-7 -0.9781479820509873
vn -9.20742030605104e-7 0.9999999999995755 3.9010785653474516e-8
vn -0.9781476131763114 -0.0000016887101110946152 0.20791163227350565
vn 6.253511704856774e-7 -0.999999999998784 -0.0000014287078105093526
vn 6.961764070362308e-7 -0.9999999999997446 1.613856656967517e-7
vn 0.9781475817911809 -0.0000015539267003289443 -0.20791177992997492
vn -6.651294009313303e-7 0.9999999999997788 -1.532141980062894e-8
vn 0.9781476201153977 0.0000011774820471571745 -0.207911599631183
vn 0.20791228878377116 3.5894744251571697e-7 0.9781474736319494
vn 0.20791228878376436 3.5894744247755305e-7 0.9781474736319509
vn -0.978147646681775 0.000003686450303741484 0.20791147461675982
vn -0.9781476131729302 0.000003175246025846623 0.20791163227202478
vn -0.20790989685374897 6.74913545519601e-7 -0.9781479820506753
vn -0.20791228878376442 -3.5894744175937753e-7 -0.9781474736319509
vn 0.9781475817918218 0.0000016887100558193868 -0.2079117799259094
vn -7.978431082079818e-18 -7.590970108780491e-17 -1
vn 7.978431082079818e-18 7.590970108780491e-17 1
vn 2.3497431611563264e-8 0.9999999999999999 -9.020562075079398e-17
vn -2.3497431597685476e-8 -0.9999999999999999 9.020562075079398e-17
vn -0.9999999999990506 -0.0000013780034976845768 1.2430366090703957e-22
vn 0.9999999999990505 0.0000013780034953253526 -1.2430366069441688e-22
vn -7.978431082079818e-18 -7.590970108780491e-17 -1
vn 7.978431082079818e-18 7.590970108780491e-17 1
vn 0.9999999999985099 0.000001726436873086823 -1.5573430982684176e-22
vn -0.9999999999985097 -0.0000017264368798036722 1.557343104308134e-22
vn 2.130667667854525e-7 0.9999999999999775 -9.020562075079196e-17
vn -7.279416182337518e-8 0.8910070557747745 -0.4539894564409651
vn -7.098719604498038e-8 0.453992548863361 0.8910054801046646
vn 0.9999999999867174 0.000005015960421586585 -0.0000011855668438060575
vn 6.25597775583131e-7 -0.45398852593572503 -0.8910075298886739
vn 0.9999999999775274 0.000005985478627040795 0.0000030197820636340195
vn -5.633565518387008e-7 0.891004408170203 -0.4539946526347521
vn 2.8704393401079997e-7 -0.4539885259339777 -0.8910075298897376
vn -0.9999999999718802 -0.0000019272594536934307 0.0000072474564745016035
vn -0.0000012278049320996187 0.8910027698809404 -0.4539978679057697
vn 7.212254119690065e-7 0.45398852592850325 0.8910075298922813
vn 6.255977759925259e-7 -0.45398852593571837 -0.8910075298886775
vn 0.9999999999674783 -0.0000028757267649393015 0.00000753482940641197
vn -0.9999999999674787 0.0000028757609784324503 -0.0000075347622738525455
vn 0.99999999996652 -0.000007865282930855089 -0.0000022577795708890056
vn 0.0000073230270609403475 0.8910084310763021 -0.45398675718276194
vn -0.9999999999878054 0.000004360121971497265 -0.0000023191795499062837
vn -0.9999999999987382 0.0000015886423779393195 -1.4330447185139673e-22
vn 0.9999999999985097 0.0000017264368775832262 -1.5573431023051668e-22
vn -1.563620289357637e-7 0.9999999999999878 -9.020562075079288e-17
vn 7.978431082079818e-18 7.590970108780491e-17 1
vn -1.398544985375949e-7 0.8944274994613903 -0.4472129785764555
vn 1.576244295781182e-7 0.8191531500717415 0.5735748571263548
vn 6.040727920653133e-8 0.5735772705199458 -0.8191514601970049
vn -1.1036952556053861e-7 -0.5735757129454463 0.8191525508225626
vn -0.9999999999819765 0.0000015178329504095256 -0.0000058088971412014576
vn 0.9999999999887426 -0.000003633844834316501 0.0000030512167746510276
vn -7.978431082079818e-18 -7.590970108780491e-17 -1
vn 7.978431082079818e-18 7.590970108780491e-17 1
vn 1.053167242581754e-7 0.9999999999999944 -9.020562075079349e-17
vn -0.9999999999997681 -6.811436635278945e-7 6.144298699015922e-23
vn 0.9999999999985099 0.000001726436873086823 -1.5573430982684176e-22
vn -7.978431082079818e-18 -7.590970108780491e-17 -1
vn 7.978431082079818e-18 7.590970108780491e-17 1
vn -0.0000017264368767921927 0.9999999999985099 -9.020562075065958e-17
vn -0.9999999999947312 0.000003246182876615044 -2.928239414548877e-22
vn 0.9999999999992755 0.0000012037876727377659 -1.0858841427319713e-22
vn -0.000008695820526816169 -0.649469396904066 -0.7603877316273927
vn 0.000005406736835550374 0.6494506932301249 0.760403706614899
vn 0.08935319430165375 0.7573646170889874 -0.6468499388959872
vn -0.08715480762858249 -0.7575127196320055 0.6469764440093222
vn -0.9961944027953835 0.06627599773712949 -0.0566056884340933
vn 0.9969378642322239 -0.05946178153276836 0.05078574009543963
vn -0.0000059159168012551406 -0.649451535604698 -0.760402987149381
vn 0.000009276536204819165 0.6494226784477919 0.7604276327380811
vn -0.08524702475868319 0.7576383239538252 -0.6470835454917945
vn 0.08715499548953556 -0.7575133195539617 0.6469757162827339
vn -0.997085355697318 -0.05801483252269521 0.04954868980423574
vn 0.9961946702224567 0.06627351769037453 -0.05660388567328614
vn -7.978431082079818e-18 -7.590970108780491e-17 -1
vn 1.0531672296754113e-7 0.9999999999999944 -9.020562075079349e-17
vn -1.0531672413327531e-7 -0.9999999999999944 9.020562075079349e-17
vn -0.9999999999999944 1.0531672416103086e-7 -9.500160475400739e-24
vn 0.9999999999999944 -1.0531672428593095e-7 9.500160487726691e-24
vn -7.978431082079818e-18 -7.590970108780491e-17 -1
vn 2.795304083064165e-7 0.9999999999999609 -9.020562075079046e-17
vn -1.0531672413327531e-7 -0.9999999999999944 9.020562075079349e-17
vn -0.9999999999987953 -0.0000015522198977269137 1.4001895941773094e-22
vn 0.9999999999999944 -1.0531672416103086e-7 9.500160475400739e-24
vn -7.978431082079818e-18 -7.590970108780491e-17 -1
vn 2.795304083064165e-7 0.9999999999999609 -9.020562075079046e-17
vn -1.0531672413327531e-7 -0.9999999999999944 9.020562075079349e-17
vn -0.9999999999990506 -0.0000013780034965049646 1.243036608007282e-22
vn 0.9999999999999609 -2.7953040833417203e-7 2.5215213998558743e-23
vn -7.978431082079818e-18 -7.590970108780491e-17 -1
vn -0.0000015522198964640359 0.9999999999987954 -9.020562075068533e-17
vn -1.053167242581754e-7 -0.9999999999999944 9.020562075079349e-17
vn -0.9999999999999944 1.053167242304198e-7 -9.500160481563715e-24
vn 0.9999999999999609 -2.795304082786609e-7 2.521521399393651e-23
vn -7.978431082079818e-18 -7.590970108780491e-17 -1
vn 7.978431082079818e-18 7.590970108780491e-17 1
vn 0.9999999999999443 -3.3428554176151426e-7 3.015443479943507e-23
vn -0.9999999999999442 3.3428554220560347e-7 -3.0154434839494413e-23
vn -2.8729065845722884e-7 0.9999999999999589 -9.020562075079028e-17
vn 2.872906584155955e-7 -0.9999999999999589 9.020562075079028e-17
vn 7.978431082079818e-18 7.590970108780491e-17 1
vn -3.3428554219172573e-7 -0.9999999999999442 9.020562075078895e-17
vn -7.978431082079818e-18 -7.590970108780491e-17 -1
vn 3.3428554219172573e-7 0.9999999999999442 -9.020562075078895e-17
vn -7.978431082079818e-18 -7.590970108780491e-17 -1
vn -1.0614065466818534e-7 0.5547002887865875 0.8320502326302572
vn -1.9134775448848012e-7 0.9999999999999818 -9.020562075079234e-17
vn -0.9999999999999944 1.0531672416103086e-7 -9.500160475400739e-24
vn 0.9999999999999944 -1.0531672416103086e-7 9.500160475400739e-24
vn -0.15643395493096757 -2.7007334780018716e-7 0.9876884213883361
vn 0.15643397108125806 -5.078132777891486e-7 -0.987688418830296
vn -6.310113354612846e-7 0.9999999999989544 0.0000013012694334665099
vn 0.9876882154966947 0.000001705181361319474 0.15643525486937748
vn -0.9876881885793997 -0.0000011889668626863248 -0.1564354248222916
vn -0.5150378369831621 0.000001941078524157758 -0.8571674436607695
vn 0.515037883129844 6.199962530942238e-7 0.8571674159350348
vn 8.80182796092477e-8 0.9999999999991884 0.0000012709952008253198
vn -8.508923881739296e-7 -0.999999999999308 -8.126148281115042e-7
vn -0.8571675396131969 -0.0000014798456525327852 0.5150376772929032
vn 0.8571676165204395 -0.0000027825228364752874 -0.5150375492922109
vn -0.0000011212328062115697 0.6494490582405918 0.760405103053071
vn -0.000001312792414151498 0.7604056847202972 -0.6494483771966272
vn 0.0000013127934345991132 -0.76040627647603 0.6494476843396519
vn -0.999999999991869 0.0000027381949624510904 -0.0000029605199497739155
vn 0.9999999999822441 0.0000048242197913939125 -0.0000034983980811444847
vn -7.978431082079818e-18 -7.590970108780491e-17 -1
vn 7.978431082079818e-18 7.590970108780491e-17 1
vn -0.000001937064890072948 -0.999999999998124 9.020562075062476e-17
vn -0.9999999999999631 2.7183950901399356e-7 -2.4521451652887226e-23
vn 0.9999999999999328 -3.668650631200032e-7 3.309329075003762e-23
vn -7.978431082079818e-18 -7.590970108780491e-17 -1
vn 7.978431082079818e-18 7.590970108780491e-17 1
vn -0.000001937064890072948 -0.999999999998124 9.020562075062476e-17
vn -0.9999999999999631 2.7183950901399356e-7 -2.4521451652887226e-23
vn 0.9999999999999328 -3.668650631200032e-7 3.309329075003762e-23
vn -7.978431082079818e-18 -7.590970108780491e-17 -1
vn 7.978431082079818e-18 7.590970108780491e-17 1
vn -0.000001937064890072948 -0.999999999998124 9.020562075062476e-17
vn -0.9999999999999631 2.7183950901399356e-7 -2.4521451652887226e-23
vn 0.9999999999999631 -2.7183950902787135e-7 2.452145165442797e-23
vn -7.978431082079818e-18 -7.590970108780491e-17 -1
vn 7.978431082079818e-18 7.590970108780491e-17 1
vn -0.000001937064890072948 -0.999999999998124 9.020562075062476e-17
vn -0.9999999999999631 2.7183950901399356e-7 -2.4521451652887226e-23
vn 0.9999999999999631 -2.7183950902787135e-7 2.452145165442797e-23
vn 0.000001203787671183454 -0.9999999999992756 9.020562075072864e-17
vn -0.0000017264368766672926 0.9999999999985097 -9.020562075065955e-17
vn -0.9999999999947311 0.0000032461828731039635 -2.928239411359537e-22
vn 0.9999999999985099 0.0000017264368762648363 -1.5573431011342013e-22
vn 0.0000017264368762925923 -0.9999999999985099 9.020562075065957e-17
vn -0.0000017264368762925923 0.9999999999985099 -9.020562075065957e-17
vn -0.9999999999985097 -0.0000017264368764591254 1.5573431012882757e-22
vn 0.9999999999985097 0.0000017264368764591254 -1.5573431012882757e-22
vn -7.978431082079818e-18 -7.590970108780491e-17 -1
vn 0.9999999999985099 0.000001726436880539195 -1.5573431049860612e-22
vn -0.9999999999985099 -0.0000017264368727121226 1.557343097929454e-22
vn 4.716667928311714e-7 0.9999999999998889 -9.020562075078396e-17
vn -4.716667915682926e-7 -0.9999999999998888 9.020562075078395e-17
vn 7.978431082079818e-18 7.590970108780491e-17 1
vn 0.9999999999985099 0.000001726436880539195 -1.5573431049860612e-22
vn -0.9999999999985099 -0.0000017264368727121226 1.557343097929454e-22
vn 4.716667928311714e-7 0.9999999999998889 -9.020562075078396e-17
vn -4.716667915682926e-7 -0.9999999999998888 9.020562075078395e-17
vn -7.978431082079818e-18 -7.590970108780491e-17 -1
vn 7.978431082079818e-18 7.590970108780491e-17 1
vn -0.0000017264368798036726 0.9999999999985099 -9.020562075065958e-17
vn -0.9999999999998888 4.7166679151278135e-7 -4.2546995713634644e-23
vn -7.978431082079818e-18 -7.590970108780491e-17 -1
vn 7.978431082079818e-18 7.590970108780491e-17 1
vn -0.0000017264368798036726 0.9999999999985099 -9.020562075065958e-17
vn -0.9999999999998888 4.7166679151278135e-7 -4.2546995713634644e-23
vn -7.978431082079818e-18 -7.590970108780491e-17 -1
vn 7.978431082079818e-18 7.590970108780491e-17 1
vn -0.0000017264368798036726 0.9999999999985099 -9.020562075065958e-17
vn -0.9999999999998888 4.7166679151278135e-7 -4.2546995713634644e-23
vn -2.219602315139957e-7 0.9999999999999754 -9.020562075079176e-17
vn -7.978431082079818e-18 -7.590970108780491e-17 -1
vn 7.978431082079818e-18 7.590970108780491e-17 1
vn -0.9999999999999946 1.0531672421654203e-7 -9.500160480022972e-24
vn 0.9999999999999946 -1.0531672421654203e-7 9.500160480022972e-24
vn -2.219602315139957e-7 0.9999999999999754 -9.020562075079176e-17
vn 0.9999999999999946 -1.0531672421654203e-7 9.500160480022972e-24
vn -0.9999999999999946 1.0531672421654203e-7 -9.500160480022972e-24
vn -7.978431082079818e-18 -7.590970108780491e-17 -1
vn -0.0000013780034953531084 0.9999999999990505 -9.020562075070834e-17
vn 0.0000017264368762925923 -0.9999999999985099 9.020562075065957e-17
vn -0.9999999999990505 -0.0000013780034953253526 1.2430366069441688e-22
vn 0.999999999998124 -0.0000019370648893790587 1.747341407794653e-22
vn -7.978431082079818e-18 -7.590970108780491e-17 -1
vn -0.0000013780034965188426 0.9999999999990506 -9.020562075070834e-17
vn -0.0000019370648906696934 -0.9999999999981241 9.020562075062477e-17
vn -0.9999999999985099 -0.0000017264368753350245 1.5573431002867922e-22
vn 0.9999999999990505 0.0000013780034953253526 -1.2430366069441688e-22
vn 7.978431082079818e-18 7.590970108780491e-17 1
vn -0.0000013780034953531084 0.9999999999990505 -9.020562075070834e-17
vn 0.0000017264368762925923 -0.9999999999985099 9.020562075065957e-17
vn -0.9999999999990505 -0.0000013780034953253526 1.2430366069441688e-22
vn 0.999999999998124 -0.0000019370648893790587 1.747341407794653e-22
vn 7.978431082079818e-18 7.590970108780491e-17 1
vn -0.0000013780034965188426 0.9999999999990506 -9.020562075070834e-17
vn -0.0000019370648906696934 -0.9999999999981241 9.020562075062477e-17
vn -0.9999999999985099 -0.0000017264368753350245 1.5573431002867922e-22
vn 0.9999999999990505 0.0000013780034953253526 -1.2430366069441688e-22
vn 7.978431082079818e-18 7.590970108780491e-17 1
vn -7.978431082079818e-18 -7.590970108780491e-17 -1
vn 7.978431082079818e-18 7.590970108780491e-17 1
vn 0.000003246182869717784 0.9999999999947312 -9.02056207503187e-17
vn -0.0000032461828730762096 -0.9999999999947313 9.020562075031872e-17
vn -0.9999999999999443 3.342855419558033e-7 -3.0154434817924e-23
vn 0.9999999999999442 -3.3428554221948126e-7 3.0154434841035157e-23
vn 0.03489917413841482 -1.1666289260157947e-8 0.9993908382832296
vn -0.03490000645693001 1.1666567504165646e-8 -0.9993908092179488
vn -0.03489917413840974 -1.0026206777140334e-8 -0.9993908382832298
vn 0.034899148270836546 1.002619935816171e-8 0.9993908391865368
vn -7.978431082079818e-18 -7.590970108780491e-17 -1
vn 7.978431082079818e-18 7.590970108780491e-17 1
vn -0.0000012037876733345112 0.9999999999992756 -9.020562075072864e-17
vn 0.0000017264368766672926 -0.9999999999985097 9.020562075065955e-17
vn -0.9999999999999587 -2.872906584017176e-7 2.5915232177609015e-23
vn 0.9999999999999443 -3.3428554176151426e-7 3.015443479943507e-23
vn -0.9993908281317014 3.340819045988263e-7 0.034899464840028135
vn -0.9993908281317266 -2.871156489780979e-7 0.034899464839724434
vn 0.9993908281317266 2.8711564901973125e-7 -0.0348994648397244
vn -0.9993908281317266 -2.8711564876993107e-7 0.034899464839724774
vn -7.978431082079818e-18 -7.590970108780491e-17 -1
vn 7.978431082079818e-18 7.590970108780491e-17 1
vn -0.0000012037876694209748 0.9999999999992756 -9.020562075072863e-17
vn 0.0000017264368764868814 -0.9999999999985097 9.020562075065955e-17
vn -0.9999999999999587 -2.872906583878398e-7 2.591523217606827e-23
vn 0.9999999999999443 -3.342855419558033e-7 3.0154434817924e-23
vn 0.12186912625478903 3.501186158529068e-8 0.9925461783040087
vn 0.12186923703982037 -4.0739123912877935e-8 0.9925461647013355
vn -7.978431082079818e-18 -7.590970108780491e-17 -1
vn 7.978431082079818e-18 7.590970108780491e-17 1
vn -0.0000012037876729598107 0.9999999999992755 -9.020562075072863e-17
vn 0.0000017264368745162355 -0.9999999999985099 9.020562075065958e-17
vn -0.9999999999999587 -2.872906584017176e-7 2.5915232177609015e-23
vn 0.9999999999999443 -3.3428554177539205e-7 3.0154434800975814e-23
vn 0.9993908281317266 2.8711564899197567e-7 -0.03489946483972444
vn 2.352672904409881e-7 -0.9999999999999725 9.02056207507915e-17
vn -0.03489917413841482 1.1666289269265245e-8 -0.9993908382832296
vn -1.4810700170453386e-7 0.9999999999999891 -9.020562075079301e-17
vn 0.03490000645692492 1.0026445894893711e-8 0.999390809217949
vn -2.3526729026057685e-7 0.9999999999999725 -9.02056207507915e-17
vn 0.03489917413840975 1.0026206792319164e-8 0.9993908382832298
vn -5.940063467491098e-7 -0.9999999999998237 9.020562075077809e-17
vn -0.03489914827082179 1.1666280618199274e-8 -0.9993908391865374
vn -0.0002828170078716247 0.9999999599535361 0.00001036660980597004
vn -0.999390825093577 -2.8711564814543067e-7 0.034899551840920154
vn -7.978431082079818e-18 -7.590970108780491e-17 -1
vn 0.0001567881209801614 0.9999999876918412 -0.000005814012587128419
vn 0.999390825093577 2.871156480205306e-7 -0.03489955184092005
vn 0.00011503348603203456 0.9999999933741616 -0.000004355906300043622
vn 0.999390825093577 2.8711564817318624e-7 -0.03489955184092012
vn 0.0002828170078741505 -0.9999999599617887 -0.000009537361077831656
vn -0.999390825093577 -2.871156478956305e-7 0.0348995518409201
vn 7.978431082079818e-18 7.590970108780491e-17 1
vn 0.00011503348603172925 0.9999999933741616 -0.000004355906300043635
vn 0.999390825093577 2.8711564815930846e-7 -0.03489955184092045
vn 0.9999999999999587 2.872906584017176e-7 -2.5915232177609015e-23
vn 6.47199272924004e-7 -0.9999999999997906 9.02056207507751e-17
vn -0.12186912625478903 -3.501186159569902e-8 -0.9925461783040087
vn -0.9999999999999443 3.3428554220560347e-7 -3.0154434839494413e-23
vn -1.8779259462753384e-7 -0.9999999999999823 9.020562075079239e-17
vn -0.12186923703982788 -3.5011893422670643e-8 -0.9925461647013348
vn -6.249999941350431e-7 2.3554288323924735e-12 -0.9999999999998048
vn 6.249996056492605e-7 1.079098276808955e-12 0.9999999999998047
vn -3.3428554215009237e-7 -0.9999999999999442 9.020562075078895e-17
vn -0.9999999999945381 0.0000032461828697455397 -6.215763964314832e-7
vn 0.9999999999928981 -0.0000037688076233027826 3.3996763114852233e-22
usemtl common_copper_cable
f 656/1453/364 657/1454/364 659/1455/364
f 656/1453/364 659/1455/364 658/1456/364
f 661/1457/365 660/1458/365 662/1459/365
f 661/1457/365 662/1459/365 663/1460/365
f 660/1461/366 656/1462/366 658/1463/366
f 660/1461/366 658/1463/366 662/1464/366
f 657/1465/367 661/1466/367 663/1467/367
f 657/1465/367 663/1467/367 659/1468/367
f 664/1469/368 659/1470/368 666/1471/368
f 664/1469/368 666/1471/368 665/1472/368
f 663/1473/369 667/1474/369 668/1475/369
f 663/1473/369 668/1475/369 669/1476/369
f 667/1477/370 664/1478/370 665/1479/370
f 667/1477/370 665/1479/370 668/1480/370
f 659/1481/371 663/1482/371 669/1483/371
f 659/1481/371 669/1483/371 666/1484/371
f 670/1485/372 671/1486/372 672/1487/372
f 670/1485/372 672/1487/372 656/1488/372
f 674/1489/373 673/1490/373 660/1491/373
f 674/1489/373 660/1491/373 675/1492/373
f 673/1493/374 670/1494/374 656/1495/374
f 673/1493/374 656/1495/374 660/1496/374
f 671/1497/375 674/1498/375 675/1499/375
f 671/1497/375 675/1499/375 672/1500/375
f 676/1501/376 677/1502/376 678/1503/376
f 676/1501/376 678/1503/376 670/1504/376
f 680/1505/377 679/1506/377 673/1507/377
f 680/1505/377 673/1507/377 681/1508/377
f 679/1509/378 676/1510/378 670/1511/378
f 679/1509/378 670/1511/378 673/1512/378
f 677/1513/379 680/1514/379 681/1515/379
f 677/1513/379 681/1515/379 678/1516/379
usemtl radar
f 682/1517/380 683/1518/380 685/1519/380
f 682/1517/380 685/1519/380 684/1520/380
f 687/1521/381 686/1522/381 688/1523/381
f 687/1521/381 688/1523/381 689/1524/381
f 687/1525/382 683/1526/382 682/1527/382
f 687/1525/382 682/1527/382 686/1528/382
f 688/1529/383 684/1530/383 685/1531/383
f 688/1529/383 685/1531/383 689/1532/383
f 686/1533/384 682/1534/384 684/1535/384
f 686/1533/384 684/1535/384 688/1536/384
f 683/1537/385 687/1538/385 689/1539/385
f 683/1537/385 689/1539/385 685/1540/385
usemtl common_copper_cable
f 690/1541/386 691/1542/386 693/1543/386
f 690/1541/386 693/1543/386 692/1544/386
f 695/1545/387 694/1546/387 696/1547/387
f 695/1545/387 696/1547/387 697/1548/387
f 695/1549/388 691/1550/388 690/1551/388
f 695/1549/388 690/1551/388 694/1552/388
f 694/1553/389 690/1554/389 692/1555/389
f 694/1553/389 692/1555/389 696/1556/389
f 691/1557/390 695/1558/390 697/1559/390
f 691/1557/390 697/1559/390 693/1560/390
f 698/1561/391 699/1562/391 701/1563/391
f 698/1561/391 701/1563/391 700/1564/391
f 703/1565/392 702/1566/392 704/1567/392
f 703/1565/392 704/1567/392 705/1568/392
f 702/1569/393 698/1570/393 700/1571/393
f 702/1569/393 700/1571/393 704/1572/393
f 699/1573/394 703/1574/394 705/1575/394
f 699/1573/394 705/1575/394 701/1576/394
f 706/1577/395 701/1578/395 708/1579/395
f 706/1577/395 708/1579/395 707/1580/395
f 705/1581/396 709/1582/396 710/1583/396
f 705/1581/396 710/1583/396 711/1584/396
f 709/1585/397 706/1586/397 707/1587/397
f 709/1585/397 707/1587/397 710/1588/397
f 701/1589/398 705/1590/398 711/1591/398
f 701/1589/398 711/1591/398 708/1592/398
f 712/1593/399 713/1594/399 714/1595/399
f 712/1593/399 714/1595/399 698/1596/399
f 716/1597/400 715/1598/400 702/1599/400
f 716/1597/400 702/1599/400 717/1600/400
f 715/1601/401 712/1602/401 698/1603/401
f 715/1601/401 698/1603/401 702/1604/401
f 713/1605/402 716/1606/402 717/1607/402
f 713/1605/402 717/1607/402 714/1608/402
f 718/1609/403 719/1610/403 720/1611/403
f 718/1609/403 720/1611/403 712/1612/403
f 722/1613/404 721/1614/404 715/1615/404
f 722/1613/404 715/1615/404 723/1616/404
f 721/1617/405 718/1618/405 712/1619/405
f 721/1617/405 712/1619/405 715/1620/405
f 719/1621/406 722/1622/406 723/1623/406
f 719/1621/406 723/1623/406 720/1624/406
usemtl reinforced
f 724/1625/407 725/1626/407 727/1627/407
f 724/1625/407 727/1627/407 726/1628/407
f 729/1629/408 728/1630/408 730/1631/408
f 729/1629/408 730/1631/408 731/1632/408
f 729/1633/409 725/1634/409 724/1635/409
f 729/1633/409 724/1635/409 728/1636/409
f 730/1637/410 726/1638/410 727/1639/410
f 730/1637/410 727/1639/410 731/1640/410
f 728/1641/411 724/1642/411 726/1643/411
f 728/1641/411 726/1643/411 730/1644/411
f 725/1645/412 729/1646/412 731/1647/412
f 725/1645/412 731/1647/412 727/1648/412
usemtl metal
f 751/1649/413 752/1650/413 742/1651/413
f 751/1649/413 742/1651/413 732/1652/413
f 756/1653/414 757/1654/414 736/1655/414
f 756/1653/414 736/1655/414 743/1656/414
f 750/1657/415 751/1658/415 732/1659/415
f 750/1657/415 732/1659/415 748/1660/415
f 753/1661/416 754/1662/416 746/1663/416
f 753/1661/416 746/1663/416 734/1664/416
f 747/1665/417 748/1666/417 732/1667/417
f 747/1665/417 732/1667/417 742/1668/417
f 749/1669/418 744/1670/418 741/1671/418
f 749/1669/418 741/1671/418 733/1672/418
f 744/1673/419 745/1674/419 735/1675/419
f 744/1673/419 735/1675/419 741/1676/419
f 752/1677/420 753/1678/420 734/1679/420
f 752/1677/420 734/1679/420 742/1680/420
f 746/1681/421 747/1682/421 742/1683/421
f 746/1681/421 742/1683/421 734/1684/421
f 755/1685/422 756/1686/422 743/1687/422
f 755/1685/422 743/1687/422 738/1688/422
f 745/1689/423 744/1690/423 740/1691/423
f 745/1689/423 740/1691/423 739/1692/423
f 754/1693/424 755/1694/424 738/1695/424
f 754/1693/424 738/1695/424 746/1696/424
f 747/1697/425 746/1698/425 738/1699/425
f 747/1697/425 738/1699/425 743/1700/425
f 748/1701/426 747/1702/426 743/1703/426
f 748/1701/426 743/1703/426 736/1704/426
f 757/1705/427 750/1706/427 748/1707/427
f 757/1705/427 748/1707/427 736/1708/427
f 744/1709/428 749/1710/428 737/1711/428
f 744/1709/428 737/1711/428 740/1712/428
f 751/1713/429 750/1714/429 749/1715/429
f 751/1713/429 749/1715/429 733/1716/429
f 752/1717/430 751/1718/430 733/1719/430
f 752/1717/430 733/1719/430 741/1720/430
f 753/1721/431 752/1722/431 741/1723/431
f 753/1721/431 741/1723/431 735/1724/431
f 754/1725/432 753/1726/432 735/1727/432
f 754/1725/432 735/1727/432 745/1728/432
f 755/1729/433 754/1730/433 745/1731/433
f 755/1729/433 745/1731/433 739/1732/433
f 756/1733/434 755/1734/434 739/1735/434
f 756/1733/434 739/1735/434 740/1736/434
f 757/1737/435 756/1738/435 740/1739/435
f 757/1737/435 740/1739/435 737/1740/435
f 750/1741/436 757/1742/436 737/1743/436
f 750/1741/436 737/1743/436 749/1744/436
usemtl reinforced_brass
f 777/1745/437 778/1746/437 768/1747/437
f 777/1745/437 768/1747/437 758/1748/437
f 782/1749/438 783/1750/438 762/1751/438
f 782/1749/438 762/1751/438 769/1752/438
f 776/1753/439 777/1754/439 758/1755/439
f 776/1753/439 758/1755/439 774/1756/439
f 779/1757/440 780/1758/440 772/1759/440
f 779/1757/440 772/1759/440 760/1760/440
f 773/1761/441 774/1762/441 758/1763/441
f 773/1761/441 758/1763/441 768/1764/441
f 775/1765/442 770/1766/442 767/1767/442
f 775/1765/442 767/1767/442 759/1768/442
f 770/1769/443 771/1770/443 761/1771/443
f 770/1769/443 761/1771/443 767/1772/443
f 778/1773/444 779/1774/444 760/1775/444
f 778/1773/444 760/1775/444 768/1776/444
f 772/1777/445 773/1778/445 768/1779/445
f 772/1777/445 768/1779/445 760/1780/445
f 781/1781/446 782/1782/446 769/1783/446
f 781/1781/446 769/1783/446 764/1784/446
f 771/1785/447 770/1786/447 766/1787/447
f 771/1785/447 766/1787/447 765/1788/447
f 780/1789/448 781/1790/448 764/1791/448
f 780/1789/448 764/1791/448 772/1792/448
f 773/1793/449 772/1794/449 764/1795/449
f 773/1793/449 764/1795/449 769/1796/449
f 774/1797/450 773/1798/450 769/1799/450
f 774/1797/450 769/1799/450 762/1800/450
f 783/1801/451 776/1802/451 774/1803/451
f 783/1801/451 774/1803/451 762/1804/451
f 770/1805/452 775/1806/452 763/1807/452
f 770/1805/452 763/1807/452 766/1808/452
f 777/1809/453 776/1810/453 775/1811/453
f 777/1809/453 775/1811/453 759/1812/453
f 778/1813/454 777/1814/454 759/1815/454
f 778/1813/454 759/1815/454 767/1816/454
f 779/1817/455 778/1818/455 767/1819/455
f 779/1817/455 767/1819/455 761/1820/455
f 780/1821/456 779/1822/456 761/1823/456
f 780/1821/456 761/1823/456 771/1824/456
f 781/1825/457 780/1826/457 771/1827/457
f 781/1825/457 771/1827/457 765/1828/457
f 782/1829/458 781/1830/458 765/1831/458
f 782/1829/458 765/1831/458 766/1832/458
f 783/1833/459 782/1834/459 766/1835/459
f 783/1833/459 766/1835/459 763/1836/459
f 776/1837/460 783/1838/460 763/1839/460
f 776/1837/460 763/1839/460 775/1840/460
usemtl common_copper_cable
f 784/1841/461 785/1842/461 787/1843/461
f 784/1841/461 787/1843/461 786/1844/461
f 789/1845/462 788/1846/462 790/1847/462
f 789/1845/462 790/1847/462 791/1848/462
f 793/1849/463 792/1850/463 794/1851/463
f 793/1849/463 794/1851/463 795/1852/463
f 788/1853/464 784/1854/464 786/1855/464
f 788/1853/464 786/1855/464 790/1856/464
f 785/1857/465 789/1858/465 791/1859/465
f 785/1857/465 791/1859/465 787/1860/465
f 784/1861/466 794/1862/466 792/1863/466
f 784/1861/466 792/1863/466 785/1864/466
f 802/1865/467 801/1866/467 800/1867/467
f 802/1865/467 800/1867/467 803/1868/467
f 789/1869/468 793/1870/468 795/1871/468
f 789/1869/468 795/1871/468 788/1872/468
f 788/1873/469 795/1874/469 794/1875/469
f 788/1873/469 794/1875/469 784/1876/469
f 793/1877/470 796/1878/470 797/1879/470
f 793/1877/470 797/1879/470 792/1880/470
f 792/1881/471 797/1882/471 798/1883/471
f 792/1881/471 798/1883/471 785/1884/471
f 785/1885/472 798/1886/472 799/1887/472
f 785/1885/472 799/1887/472 789/1888/472
f 789/1889/473 799/1890/473 796/1891/473
f 789/1889/473 796/1891/473 793/1892/473
f 796/1893/474 800/1894/474 801/1895/474
f 796/1893/474 801/1895/474 797/1896/474
f 810/1897/475 809/1898/475 808/1899/475
f 810/1897/475 808/1899/475 811/1900/475
f 798/1901/476 802/1902/476 803/1903/476
f 798/1901/476 803/1903/476 799/1904/476
f 799/1905/477 803/1906/477 800/1907/477
f 799/1905/477 800/1907/477 796/1908/477
f 818/1909/478 819/1910/478 801/1911/478
f 818/1909/478 801/1911/478 802/1912/478
f 819/1913/479 816/1914/479 797/1915/479
f 819/1913/479 797/1915/479 801/1916/479
f 816/1917/480 817/1918/480 798/1919/480
f 816/1917/480 798/1919/480 797/1920/480
f 817/1921/481 818/1922/481 802/1923/481
f 817/1921/481 802/1923/481 798/1924/481
f 804/1925/482 808/1926/482 809/1927/482
f 804/1925/482 809/1927/482 805/1928/482
f 806/1929/483 810/1930/483 811/1931/483
f 806/1929/483 811/1931/483 807/1932/483
f 807/1933/484 811/1934/484 808/1935/484
f 807/1933/484 808/1935/484 804/1936/484
f 810/1937/485 812/1938/485 813/1939/485
f 810/1937/485 813/1939/485 809/1940/485
f 809/1941/486 813/1942/486 814/1943/486
f 809/1941/486 814/1943/486 805/1944/486
f 805/1945/487 814/1946/487 815/1947/487
f 805/1945/487 815/1947/487 806/1948/487
f 806/1949/488 815/1950/488 812/1951/488
f 806/1949/488 812/1951/488 810/1952/488
f 817/1953/489 816/1954/489 806/1955/489
f 817/1953/489 806/1955/489 807/1956/489
f 818/1957/490 817/1958/490 807/1959/490
f 818/1957/490 807/1959/490 804/1960/490
f 819/1961/491 818/1962/491 804/1963/491
f 819/1961/491 804/1963/491 805/1964/491
f 816/1965/492 819/1966/492 805/1967/492
f 816/1965/492 805/1967/492 806/1968/492
f 820/1969/493 821/1970/493 823/1971/493
f 820/1969/493 823/1971/493 822/1972/493
f 825/1973/494 824/1974/494 826/1975/494
f 825/1973/494 826/1975/494 827/1976/494
f 829/1977/495 828/1978/495 830/1979/495
f 829/1977/495 830/1979/495 831/1980/495
f 824/1981/496 820/1982/496 822/1983/496
f 824/1981/496 822/1983/496 826/1984/496
f 821/1985/497 825/1986/497 827/1987/497
f 821/1985/497 827/1987/497 823/1988/497
f 820/1989/498 830/1990/498 828/1991/498
f 820/1989/498 828/1991/498 821/1992/498
f 838/1993/499 837/1994/499 836/1995/499
f 838/1993/499 836/1995/499 839/1996/499
f 825/1997/500 829/1998/500 831/1999/500
f 825/1997/500 831/1999/500 824/2000/500
f 824/2001/501 831/2002/501 830/2003/501
f 824/2001/501 830/2003/501 820/2004/501
f 829/2005/502 832/2006/502 833/2007/502
f 829/2005/502 833/2007/502 828/2008/502
f 828/2009/503 833/2010/503 834/2011/503
f 828/2009/503 834/2011/503 821/2012/503
f 821/2013/504 834/2014/504 835/2015/504
f 821/2013/504 835/2015/504 825/2016/504
f 825/2017/505 835/2018/505 832/2019/505
f 825/2017/505 832/2019/505 829/2020/505
f 832/2021/506 836/2022/506 837/2023/506
f 832/2021/506 837/2023/506 833/2024/506
f 846/2025/507 845/2026/507 844/2027/507
f 846/2025/507 844/2027/507 847/2028/507
f 834/2029/508 838/2030/508 839/2031/508
f 834/2029/508 839/2031/508 835/2032/508
f 835/2033/509 839/2034/509 836/2035/509
f 835/2033/509 836/2035/509 832/2036/509
f 885/2037/510 886/2038/510 837/2039/510
f 885/2037/510 837/2039/510 838/2040/510
f 886/2041/511 887/2042/511 833/2043/511
f 886/2041/511 833/2043/511 837/2044/511
f 887/2045/512 884/2046/512 834/2047/512
f 887/2045/512 834/2047/512 833/2048/512
f 884/2049/513 885/2050/513 838/2051/513
f 884/2049/513 838/2051/513 834/2052/513
f 840/2053/514 844/2054/514 845/2055/514
f 840/2053/514 845/2055/514 841/2056/514
f 854/2057/515 853/2058/515 852/2059/515
f 854/2057/515 852/2059/515 855/2060/515
f 842/2061/516 846/2062/516 847/2063/516
f 842/2061/516 847/2063/516 843/2064/516
f 843/2065/517 847/2066/517 844/2067/517
f 843/2065/517 844/2067/517 840/2068/517
f 846/2069/518 848/2070/518 849/2071/518
f 846/2069/518 849/2071/518 845/2072/518
f 845/2073/519 849/2074/519 850/2075/519
f 845/2073/519 850/2075/519 841/2076/519
f 841/2077/520 850/2078/520 851/2079/520
f 841/2077/520 851/2079/520 842/2080/520
f 842/2081/521 851/2082/521 848/2083/521
f 842/2081/521 848/2083/521 846/2084/521
f 848/2085/522 852/2086/522 853/2087/522
f 848/2085/522 853/2087/522 849/2088/522
f 862/2089/523 861/2090/523 860/2091/523
f 862/2089/523 860/2091/523 863/2092/523
f 850/2093/524 854/2094/524 855/2095/524
f 850/2093/524 855/2095/524 851/2096/524
f 851/2097/525 855/2098/525 852/2099/525
f 851/2097/525 852/2099/525 848/2100/525
f 854/2101/526 856/2102/526 857/2103/526
f 854/2101/526 857/2103/526 853/2104/526
f 853/2105/527 857/2106/527 858/2107/527
f 853/2105/527 858/2107/527 849/2108/527
f 849/2109/528 858/2110/528 859/2111/528
f 849/2109/528 859/2111/528 850/2112/528
f 850/2113/529 859/2114/529 856/2115/529
f 850/2113/529 856/2115/529 854/2116/529
f 870/2117/530 869/2118/530 868/2119/530
f 870/2117/530 868/2119/530 871/2120/530
f 857/2121/531 861/2122/531 862/2123/531
f 857/2121/531 862/2123/531 858/2124/531
f 858/2125/532 862/2126/532 863/2127/532
f 858/2125/532 863/2127/532 859/2128/532
f 859/2129/533 863/2130/533 860/2131/533
f 859/2129/533 860/2131/533 856/2132/533
f 861/2133/534 864/2134/534 865/2135/534
f 861/2133/534 865/2135/534 860/2136/534
f 860/2137/535 865/2138/535 866/2139/535
f 860/2137/535 866/2139/535 856/2140/535
f 856/2141/536 866/2142/536 867/2143/536
f 856/2141/536 867/2143/536 857/2144/536
f 857/2145/537 867/2146/537 864/2147/537
f 857/2145/537 864/2147/537 861/2148/537
f 864/2149/538 868/2150/538 869/2151/538
f 864/2149/538 869/2151/538 865/2152/538
f 865/2153/539 869/2154/539 870/2155/539
f 865/2153/539 870/2155/539 866/2156/539
f 866/2157/540 870/2158/540 871/2159/540
f 866/2157/540 871/2159/540 867/2160/540
f 878/2161/541 877/2162/541 876/2163/541
f 878/2161/541 876/2163/541 879/2164/541
f 868/2165/542 872/2166/542 873/2167/542
f 868/2165/542 873/2167/542 871/2168/542
f 871/2169/543 873/2170/543 874/2171/543
f 871/2169/543 874/2171/543 867/2172/543
f 867/2173/544 874/2174/544 875/2175/544
f 867/2173/544 875/2175/544 864/2176/544
f 864/2177/545 875/2178/545 872/2179/545
f 864/2177/545 872/2179/545 868/2180/545
f 873/2181/546 877/2182/546 878/2183/546
f 873/2181/546 878/2183/546 874/2184/546
f 874/2185/547 878/2186/547 879/2187/547
f 874/2185/547 879/2187/547 875/2188/547
f 875/2189/548 879/2190/548 876/2191/548
f 875/2189/548 876/2191/548 872/2192/548
f 877/2193/549 880/2194/549 881/2195/549
f 877/2193/549 881/2195/549 876/2196/549
f 876/2197/550 881/2198/550 882/2199/550
f 876/2197/550 882/2199/550 872/2200/550
f 872/2201/551 882/2202/551 883/2203/551
f 872/2201/551 883/2203/551 873/2204/551
f 873/2205/552 883/2206/552 880/2207/552
f 873/2205/552 880/2207/552 877/2208/552
f 885/2209/553 884/2210/553 843/2211/553
f 885/2209/553 843/2211/553 840/2212/553
f 886/2213/554 885/2214/554 840/2215/554
f 886/2213/554 840/2215/554 841/2216/554
f 887/2217/555 886/2218/555 841/2219/555
f 887/2217/555 841/2219/555 842/2220/555
f 884/2221/556 887/2222/556 842/2223/556
f 884/2221/556 842/2223/556 843/2224/556
usemtl reinforced_brass
f 912/2225/557 913/2226/557 891/2227/557
f 912/2225/557 891/2227/557 899/2228/557
f 907/2229/558 908/2230/558 898/2231/558
f 907/2229/558 898/2231/558 895/2232/558
f 905/2233/559 900/2234/559 897/2235/559
f 905/2233/559 897/2235/559 893/2236/559
f 903/2237/560 904/2238/560 895/2239/560
f 903/2237/560 895/2239/560 898/2240/560
f 909/2241/561 910/2242/561 902/2243/561
f 909/2241/561 902/2243/561 894/2244/561
f 906/2245/562 907/2246/562 895/2247/562
f 906/2245/562 895/2247/562 904/2248/562
f 900/2249/563 901/2250/563 892/2251/563
f 900/2249/563 892/2251/563 897/2252/563
f 908/2253/564 909/2254/564 894/2255/564
f 908/2253/564 894/2255/564 898/2256/564
f 902/2257/565 903/2258/565 898/2259/565
f 902/2257/565 898/2259/565 894/2260/565
f 911/2261/566 912/2262/566 899/2263/566
f 911/2261/566 899/2263/566 890/2264/566
f 901/2265/567 900/2266/567 896/2267/567
f 901/2265/567 896/2267/567 888/2268/567
f 910/2269/568 911/2270/568 890/2271/568
f 910/2269/568 890/2271/568 902/2272/568
f 903/2273/569 902/2274/569 890/2275/569
f 903/2273/569 890/2275/569 899/2276/569
f 904/2277/570 903/2278/570 899/2279/570
f 904/2277/570 899/2279/570 891/2280/570
f 913/2281/571 906/2282/571 904/2283/571
f 913/2281/571 904/2283/571 891/2284/571
f 900/2285/572 905/2286/572 889/2287/572
f 900/2285/572 889/2287/572 896/2288/572
f 907/2289/573 906/2290/573 905/2291/573
f 907/2289/573 905/2291/573 893/2292/573
f 908/2293/574 907/2294/574 893/2295/574
f 908/2293/574 893/2295/574 897/2296/574
f 909/2297/575 908/2298/575 897/2299/575
f 909/2297/575 897/2299/575 892/2300/575
f 910/2301/576 909/2302/576 892/2303/576
f 910/2301/576 892/2303/576 901/2304/576
f 911/2305/577 910/2306/577 901/2307/577
f 911/2305/577 901/2307/577 888/2308/577
f 912/2309/578 911/2310/578 888/2311/578
f 912/2309/578 888/2311/578 896/2312/578
f 913/2313/579 912/2314/579 896/2315/579
f 913/2313/579 896/2315/579 889/2316/579
f 906/2317/580 913/2318/580 889/2319/580
f 906/2317/580 889/2319/580 905/2320/580
usemtl metal
f 938/2321/581 939/2322/581 915/2323/581
f 938/2321/581 915/2323/581 925/2324/581
f 933/2325/582 934/2326/582 924/2327/582
f 933/2325/582 924/2327/582 919/2328/582
f 932/2329/583 933/2330/583 919/2331/583
f 932/2329/583 919/2331/583 930/2332/583
f 935/2333/584 936/2334/584 928/2335/584
f 935/2333/584 928/2335/584 921/2336/584
f 931/2337/585 926/2338/585 923/2339/585
f 931/2337/585 923/2339/585 918/2340/585
f 929/2341/586 930/2342/586 919/2343/586
f 929/2341/586 919/2343/586 924/2344/586
f 926/2345/587 927/2346/587 920/2347/587
f 926/2345/587 920/2347/587 923/2348/587
f 934/2349/588 935/2350/588 921/2351/588
f 934/2349/588 921/2351/588 924/2352/588
f 928/2353/589 929/2354/589 924/2355/589
f 928/2353/589 924/2355/589 921/2356/589
f 937/2357/590 938/2358/590 925/2359/590
f 937/2357/590 925/2359/590 917/2360/590
f 927/2361/591 926/2362/591 922/2363/591
f 927/2361/591 922/2363/591 916/2364/591
f 936/2365/592 937/2366/592 917/2367/592
f 936/2365/592 917/2367/592 928/2368/592
f 929/2369/593 928/2370/593 917/2371/593
f 929/2369/593 917/2371/593 925/2372/593
f 930/2373/594 929/2374/594 925/2375/594
f 930/2373/594 925/2375/594 915/2376/594
f 939/2377/595 932/2378/595 930/2379/595
f 939/2377/595 930/2379/595 915/2380/595
f 926/2381/596 931/2382/596 914/2383/596
f 926/2381/596 914/2383/596 922/2384/596
f 933/2385/597 932/2386/597 931/2387/597
f 933/2385/597 931/2387/597 918/2388/597
f 934/2389/598 933/2390/598 918/2391/598
f 934/2389/598 918/2391/598 923/2392/598
f 935/2393/599 934/2394/599 923/2395/599
f 935/2393/599 923/2395/599 920/2396/599
f 936/2397/600 935/2398/600 920/2399/600
f 936/2397/600 920/2399/600 927/2400/600
f 937/2401/601 936/2402/601 927/2403/601
f 937/2401/601 927/2403/601 916/2404/601
f 938/2405/602 937/2406/602 916/2407/602
f 938/2405/602 916/2407/602 922/2408/602
f 939/2409/603 938/2410/603 922/2411/603
f 939/2409/603 922/2411/603 914/2412/603
f 932/2413/604 939/2414/604 914/2415/604
f 932/2413/604 914/2415/604 931/2416/604
usemtl wooden
f 963/2417/605 964/2418/605 948/2419/605
f 963/2417/605 948/2419/605 941/2420/605
f 960/2421/606 961/2422/606 945/2423/606
f 960/2421/606 945/2423/606 949/2424/606
f 957/2425/607 952/2426/607 949/2427/607
f 957/2425/607 949/2427/607 945/2428/607
f 955/2429/608 956/2430/608 947/2431/608
f 955/2429/608 947/2431/608 950/2432/608
f 958/2433/609 959/2434/609 944/2435/609
f 958/2433/609 944/2435/609 953/2436/609
f 961/2437/610 962/2438/610 957/2439/610
f 961/2437/610 957/2439/610 945/2440/610
f 952/2441/611 953/2442/611 944/2443/611
f 952/2441/611 944/2443/611 949/2444/611
f 959/2445/612 960/2446/612 949/2447/612
f 959/2445/612 949/2447/612 944/2448/612
f 954/2449/613 955/2450/613 950/2451/613
f 954/2449/613 950/2451/613 946/2452/613
f 964/2453/614 965/2454/614 940/2455/614
f 964/2453/614 940/2455/614 948/2456/614
f 953/2457/615 952/2458/615 948/2459/615
f 953/2457/615 948/2459/615 940/2460/615
f 965/2461/616 958/2462/616 953/2463/616
f 965/2461/616 953/2463/616 940/2464/616
f 955/2465/617 954/2466/617 942/2467/617
f 955/2465/617 942/2467/617 951/2468/617
f 956/2469/618 955/2470/618 951/2471/618
f 956/2469/618 951/2471/618 943/2472/618
f 962/2473/619 963/2474/619 941/2475/619
f 962/2473/619 941/2475/619 957/2476/619
f 952/2477/620 957/2478/620 941/2479/620
f 952/2477/620 941/2479/620 948/2480/620
f 959/2481/621 958/2482/621 954/2483/621
f 959/2481/621 954/2483/621 946/2484/621
f 960/2485/622 959/2486/622 946/2487/622
f 960/2485/622 946/2487/622 950/2488/622
f 961/2489/623 960/2490/623 950/2491/623
f 961/2489/623 950/2491/623 947/2492/623
f 962/2493/624 961/2494/624 947/2495/624
f 962/2493/624 947/2495/624 956/2496/624
f 963/2497/625 962/2498/625 956/2499/625
f 963/2497/625 956/2499/625 943/2500/625
f 964/2501/626 963/2502/626 943/2503/626
f 964/2501/626 943/2503/626 951/2504/626
f 965/2505/627 964/2506/627 951/2507/627
f 965/2505/627 951/2507/627 942/2508/627
f 958/2509/628 965/2510/628 942/2511/628
f 958/2509/628 942/2511/628 954/2512/628
usemtl metal_ammo
f 988/2513/629 989/2514/629 974/2515/629
f 988/2513/629 974/2515/629 967/2516/629
f 985/2517/630 986/2518/630 971/2519/630
f 985/2517/630 971/2519/630 975/2520/630
f 982/2521/631 955/2522/631 975/2523/631
f 982/2521/631 975/2523/631 971/2524/631
f 980/2525/632 981/2526/632 973/2527/632
f 980/2525/632 973/2527/632 976/2528/632
f 983/2529/633 984/2530/633 970/2531/633
f 983/2529/633 970/2531/633 978/2532/633
f 986/2533/634 987/2534/634 982/2535/634
f 986/2533/634 982/2535/634 971/2536/634
f 955/2537/635 978/2538/635 970/2539/635
f 955/2537/635 970/2539/635 975/2540/635
f 984/2541/636 985/2542/636 975/2543/636
f 984/2541/636 975/2543/636 970/2544/636
f 979/2545/637 980/2546/637 976/2547/637
f 979/2545/637 976/2547/637 972/2548/637
f 989/2549/638 990/2550/638 966/2551/638
f 989/2549/638 966/2551/638 974/2552/638
f 978/2553/639 955/2554/639 974/2555/639
f 978/2553/639 974/2555/639 966/2556/639
f 990/2557/640 983/2558/640 978/2559/640
f 990/2557/640 978/2559/640 966/2560/640
f 980/2561/641 979/2562/641 968/2563/641
f 980/2561/641 968/2563/641 977/2564/641
f 981/2565/642 980/2566/642 977/2567/642
f 981/2565/642 977/2567/642 969/2568/642
f 987/2569/643 988/2570/643 967/2571/643
f 987/2569/643 967/2571/643 982/2572/643
f 955/2573/644 982/2574/644 967/2575/644
f 955/2573/644 967/2575/644 974/2576/644
f 984/2577/645 983/2578/645 979/2579/645
f 984/2577/645 979/2579/645 972/2580/645
f 985/2581/646 984/2582/646 972/2583/646
f 985/2581/646 972/2583/646 976/2584/646
f 986/2585/647 985/2586/647 976/2587/647
f 986/2585/647 976/2587/647 973/2588/647
f 987/2589/648 986/2590/648 973/2591/648
f 987/2589/648 973/2591/648 981/2592/648
f 988/2593/649 987/2594/649 981/2595/649
f 988/2593/649 981/2595/649 969/2596/649
f 989/2597/650 988/2598/650 969/2599/650
f 989/2597/650 969/2599/650 977/2600/650
f 990/2601/651 989/2602/651 977/2603/651
f 990/2601/651 977/2603/651 968/2604/651
f 983/2605/652 990/2606/652 968/2607/652
f 983/2605/652 968/2607/652 979/2608/652
usemtl metal
f 1015/2609/653 1016/2610/653 992/2611/653
f 1015/2609/653 992/2611/653 1002/2612/653
f 1010/2613/654 1011/2614/654 1001/2615/654
f 1010/2613/654 1001/2615/654 996/2616/654
f 1009/2617/655 1010/2618/655 996/2619/655
f 1009/2617/655 996/2619/655 1007/2620/655
f 1012/2621/656 1013/2622/656 1005/2623/656
f 1012/2621/656 1005/2623/656 998/2624/656
f 1008/2625/657 1003/2626/657 1000/2627/657
f 1008/2625/657 1000/2627/657 995/2628/657
f 1006/2629/658 1007/2630/658 996/2631/658
f 1006/2629/658 996/2631/658 1001/2632/658
f 1003/2633/659 1004/2634/659 997/2635/659
f 1003/2633/659 997/2635/659 1000/2636/659
f 1011/2637/660 1012/2638/660 998/2639/660
f 1011/2637/660 998/2639/660 1001/2640/660
f 1005/2641/661 1006/2642/661 1001/2643/661
f 1005/2641/661 1001/2643/661 998/2644/661
f 1014/2645/662 1015/2646/662 1002/2647/662
f 1014/2645/662 1002/2647/662 994/2648/662
f 1004/2649/663 1003/2650/663 999/2651/663
f 1004/2649/663 999/2651/663 993/2652/663
f 1013/2653/664 1014/2654/664 994/2655/664
f 1013/2653/664 994/2655/664 1005/2656/664
f 1006/2657/665 1005/2658/665 994/2659/665
f 1006/2657/665 994/2659/665 1002/2660/665
f 1007/2661/666 1006/2662/666 1002/2663/666
f 1007/2661/666 1002/2663/666 992/2664/666
f 1016/2665/667 1009/2666/667 1007/2667/667
f 1016/2665/667 1007/2667/667 992/2668/667
f 1003/2669/668 1008/2670/668 991/2671/668
f 1003/2669/668 991/2671/668 999/2672/668
f 1010/2673/669 1009/2674/669 1008/2675/669
f 1010/2673/669 1008/2675/669 995/2676/669
f 1011/2677/670 1010/2678/670 995/2679/670
f 1011/2677/670 995/2679/670 1000/2680/670
f 1012/2681/671 1011/2682/671 1000/2683/671
f 1012/2681/671 1000/2683/671 997/2684/671
f 1013/2685/672 1012/2686/672 997/2687/672
f 1013/2685/672 997/2687/672 1004/2688/672
f 1014/2689/673 1013/2690/673 1004/2691/673
f 1014/2689/673 1004/2691/673 993/2692/673
f 1015/2693/674 1014/2694/674 993/2695/674
f 1015/2693/674 993/2695/674 999/2696/674
f 1016/2697/675 1015/2698/675 999/2699/675
f 1016/2697/675 999/2699/675 991/2700/675
f 1009/2701/676 1016/2702/676 991/2703/676
f 1009/2701/676 991/2703/676 1008/2704/676
usemtl radar
f 1017/2705/677 1018/2706/677 1020/2707/677
f 1017/2705/677 1020/2707/677 1019/2708/677
f 1022/2709/678 1021/2710/678 1023/2711/678
f 1022/2709/678 1023/2711/678 1024/2712/678
f 1021/2713/679 1017/2714/679 1019/2715/679
f 1021/2713/679 1019/2715/679 1023/2716/679
f 1018/2717/680 1022/2718/680 1024/2719/680
f 1018/2717/680 1024/2719/680 1020/2720/680
f 1025/2721/681 1026/2722/681 1028/2723/681
f 1025/2721/681 1028/2723/681 1027/2724/681
f 1030/2725/682 1029/2726/682 1031/2727/682
f 1030/2725/682 1031/2727/682 1032/2728/682
f 1029/2729/683 1025/2730/683 1027/2731/683
f 1029/2729/683 1027/2731/683 1031/2732/683
f 1026/2733/684 1030/2734/684 1032/2735/684
f 1026/2733/684 1032/2735/684 1028/2736/684
f 1033/2737/685 1034/2738/685 1036/2739/685
f 1033/2737/685 1036/2739/685 1035/2740/685
f 1038/2741/686 1037/2742/686 1039/2743/686
f 1038/2741/686 1039/2743/686 1040/2744/686
f 1037/2745/687 1033/2746/687 1035/2747/687
f 1037/2745/687 1035/2747/687 1039/2748/687
f 1034/2749/688 1038/2750/688 1040/2751/688
f 1034/2749/688 1040/2751/688 1036/2752/688
f 1041/2753/689 1042/2754/689 1044/2755/689
f 1041/2753/689 1044/2755/689 1043/2756/689
f 1046/2757/690 1045/2758/690 1047/2759/690
f 1046/2757/690 1047/2759/690 1048/2760/690
f 1045/2761/691 1041/2762/691 1043/2763/691
f 1045/2761/691 1043/2763/691 1047/2764/691
f 1042/2765/692 1046/2766/692 1048/2767/692
f 1042/2765/692 1048/2767/692 1044/2768/692
f 1049/2769/693 1050/2770/693 1052/2771/693
f 1049/2769/693 1052/2771/693 1051/2772/693
f 1054/2773/694 1053/2774/694 1055/2775/694
f 1054/2773/694 1055/2775/694 1056/2776/694
f 1054/2777/695 1050/2778/695 1049/2779/695
f 1054/2777/695 1049/2779/695 1053/2780/695
f 1055/2781/696 1051/2782/696 1052/2783/696
f 1055/2781/696 1052/2783/696 1056/2784/696
f 1053/2785/697 1049/2786/697 1051/2787/697
f 1053/2785/697 1051/2787/697 1055/2788/697
f 1050/2789/698 1054/2790/698 1056/2791/698
f 1050/2789/698 1056/2791/698 1052/2792/698
f 1057/2793/699 1058/2794/699 1060/2795/699
f 1057/2793/699 1060/2795/699 1059/2796/699
f 1062/2797/700 1061/2798/700 1063/2799/700
f 1062/2797/700 1063/2799/700 1064/2800/700
f 1061/2801/701 1057/2802/701 1059/2803/701
f 1061/2801/701 1059/2803/701 1063/2804/701
f 1058/2805/702 1062/2806/702 1064/2807/702
f 1058/2805/702 1064/2807/702 1060/2808/702
f 1059/2809/703 1060/2810/703 1066/2811/703
f 1059/2809/703 1066/2811/703 1065/2812/703
f 1064/2813/704 1063/2814/704 1067/2815/704
f 1064/2813/704 1067/2815/704 1068/2816/704
f 1067/2817/705 1065/2818/705 1066/2819/705
f 1067/2817/705 1066/2819/705 1068/2820/705
f 1063/2821/706 1059/2822/706 1065/2823/706
f 1063/2821/706 1065/2823/706 1067/2824/706
f 1060/2825/707 1064/2826/707 1068/2827/707
f 1060/2825/707 1068/2827/707 1066/2828/707
usemtl common_copper_cable
f 1069/2829/708 1070/2830/708 1072/2831/708
f 1069/2829/708 1072/2831/708 1071/2832/708
f 1074/2833/709 1073/2834/709 1075/2835/709
f 1074/2833/709 1075/2835/709 1076/2836/709
f 1073/2837/710 1069/2838/710 1071/2839/710
f 1073/2837/710 1071/2839/710 1075/2840/710
f 1070/2841/711 1074/2842/711 1076/2843/711
f 1070/2841/711 1076/2843/711 1072/2844/711
f 1078/2845/712 1077/2846/712 1079/2847/712
f 1078/2845/712 1079/2847/712 1080/2848/712
f 1073/2849/713 1079/2850/713 1077/2851/713
f 1073/2849/713 1077/2851/713 1069/2852/713
f 1069/2853/714 1077/2854/714 1078/2855/714
f 1069/2853/714 1078/2855/714 1070/2856/714
f 1087/2857/715 1086/2858/715 1085/2859/715
f 1087/2857/715 1085/2859/715 1088/2860/715
f 1074/2861/716 1080/2862/716 1079/2863/716
f 1074/2861/716 1079/2863/716 1073/2864/716
f 1080/2865/717 1081/2866/717 1082/2867/717
f 1080/2865/717 1082/2867/717 1078/2868/717
f 1078/2869/718 1082/2870/718 1083/2871/718
f 1078/2869/718 1083/2871/718 1070/2872/718
f 1070/2873/719 1083/2874/719 1084/2875/719
f 1070/2873/719 1084/2875/719 1074/2876/719
f 1074/2877/720 1084/2878/720 1081/2879/720
f 1074/2877/720 1081/2879/720 1080/2880/720
f 1095/2881/721 1094/2882/721 1093/2883/721
f 1095/2881/721 1093/2883/721 1096/2884/721
f 1082/2885/722 1086/2886/722 1087/2887/722
f 1082/2885/722 1087/2887/722 1083/2888/722
f 1083/2889/723 1087/2890/723 1088/2891/723
f 1083/2889/723 1088/2891/723 1084/2892/723
f 1084/2893/724 1088/2894/724 1085/2895/724
f 1084/2893/724 1085/2895/724 1081/2896/724
f 1086/2897/725 1089/2898/725 1090/2899/725
f 1086/2897/725 1090/2899/725 1085/2900/725
f 1085/2901/726 1090/2902/726 1091/2903/726
f 1085/2901/726 1091/2903/726 1081/2904/726
f 1081/2905/727 1091/2906/727 1092/2907/727
f 1081/2905/727 1092/2907/727 1082/2908/727
f 1082/2909/728 1092/2910/728 1089/2911/728
f 1082/2909/728 1089/2911/728 1086/2912/728
f 1103/2913/729 1102/2914/729 1101/2915/729
f 1103/2913/729 1101/2915/729 1104/2916/729
f 1090/2917/730 1094/2918/730 1095/2919/730
f 1090/2917/730 1095/2919/730 1091/2920/730
f 1091/2921/731 1095/2922/731 1096/2923/731
f 1091/2921/731 1096/2923/731 1092/2924/731
f 1092/2925/732 1096/2926/732 1093/2927/732
f 1092/2925/732 1093/2927/732 1089/2928/732
f 1094/2929/733 1097/2930/733 1098/2931/733
f 1094/2929/733 1098/2931/733 1093/2932/733
f 1093/2933/734 1098/2934/734 1099/2935/734
f 1093/2933/734 1099/2935/734 1089/2936/734
f 1089/2937/735 1099/2938/735 1100/2939/735
f 1089/2937/735 1100/2939/735 1090/2940/735
f 1090/2941/736 1100/2942/736 1097/2943/736
f 1090/2941/736 1097/2943/736 1094/2944/736
f 1097/2945/737 1101/2946/737 1102/2947/737
f 1097/2945/737 1102/2947/737 1098/2948/737
f 1115/2949/738 1114/2950/738 1113/2951/738
f 1115/2949/738 1113/2951/738 1116/2952/738
f 1099/2953/739 1103/2954/739 1104/2955/739
f 1099/2953/739 1104/2955/739 1100/2956/739
f 1100/2957/740 1104/2958/740 1101/2959/740
f 1100/2957/740 1101/2959/740 1097/2960/740
f 1103/2961/741 1105/2962/741 1106/2963/741
f 1103/2961/741 1106/2963/741 1102/2964/741
f 1102/2965/742 1106/2966/742 1107/2967/742
f 1102/2965/742 1107/2967/742 1098/2968/742
f 1098/2969/743 1107/2970/743 1108/2971/743
f 1098/2969/743 1108/2971/743 1099/2972/743
f 1099/2973/744 1108/2974/744 1105/2975/744
f 1099/2973/744 1105/2975/744 1103/2976/744
f 1105/2977/745 1109/2978/745 1110/2979/745
f 1105/2977/745 1110/2979/745 1106/2980/745
f 1106/2981/746 1110/2982/746 1111/2983/746
f 1106/2981/746 1111/2983/746 1107/2984/746
f 1107/2985/747 1111/2986/747 1112/2987/747
f 1107/2985/747 1112/2987/747 1108/2988/747
f 1108/2989/748 1112/2990/748 1109/2991/748
f 1108/2989/748 1109/2991/748 1105/2992/748
f 1109/2993/749 1113/2994/749 1114/2995/749
f 1109/2993/749 1114/2995/749 1110/2996/749
f 1123/2997/750 1122/2998/750 1121/2999/750
f 1123/2997/750 1121/2999/750 1124/3000/750
f 1111/3001/751 1115/3002/751 1116/3003/751
f 1111/3001/751 1116/3003/751 1112/3004/751
f 1112/3005/752 1116/3006/752 1113/3007/752
f 1112/3005/752 1113/3007/752 1109/3008/752
f 1115/3009/753 1117/3010/753 1118/3011/753
f 1115/3009/753 1118/3011/753 1114/3012/753
f 1114/3013/754 1118/3014/754 1119/3015/754
f 1114/3013/754 1119/3015/754 1110/3016/754
f 1110/3017/755 1119/3018/755 1120/3019/755
f 1110/3017/755 1120/3019/755 1111/3020/755
f 1111/3021/756 1120/3022/756 1117/3023/756
f 1111/3021/756 1117/3023/756 1115/3024/756
f 1131/3025/757 1130/3026/757 1129/3027/757
f 1131/3025/757 1129/3027/757 1132/3028/757
f 1118/3029/758 1122/3030/758 1123/3031/758
f 1118/3029/758 1123/3031/758 1119/3032/758
f 1119/3033/759 1123/3034/759 1124/3035/759
f 1119/3033/759 1124/3035/759 1120/3036/759
f 1120/3037/760 1124/3038/760 1121/3039/760
f 1120/3037/760 1121/3039/760 1117/3040/760
f 1122/3041/761 1125/3042/761 1126/3043/761
f 1122/3041/761 1126/3043/761 1121/3044/761
f 1121/3045/762 1126/3046/762 1127/3047/762
f 1121/3045/762 1127/3047/762 1117/3048/762
f 1117/3049/763 1127/3050/763 1128/3051/763
f 1117/3049/763 1128/3051/763 1118/3052/763
f 1118/3053/764 1128/3054/764 1125/3055/764
f 1118/3053/764 1125/3055/764 1122/3056/764
f 1126/3057/765 1130/3058/765 1131/3059/765
f 1126/3057/765 1131/3059/765 1127/3060/765
f 1127/3061/766 1131/3062/766 1132/3063/766
f 1127/3061/766 1132/3063/766 1128/3064/766
f 1128/3065/767 1132/3066/767 1129/3067/767
f 1128/3065/767 1129/3067/767 1125/3068/767
f 1130/3069/768 1133/3070/768 1134/3071/768
f 1130/3069/768 1134/3071/768 1129/3072/768
f 1129/3073/769 1134/3074/769 1135/3075/769
f 1129/3073/769 1135/3075/769 1125/3076/769
f 1125/3077/770 1135/3078/770 1136/3079/770
f 1125/3077/770 1136/3079/770 1126/3080/770
f 1126/3081/771 1136/3082/771 1133/3083/771
f 1126/3081/771 1133/3083/771 1130/3084/771
usemtl wooden
f 1161/3085/772 1162/3086/772 1140/3087/772
f 1161/3085/772 1140/3087/772 1148/3088/772
f 1156/3089/773 1157/3090/773 1147/3091/773
f 1156/3089/773 1147/3091/773 1144/3092/773
f 1154/3093/774 1149/3094/774 1146/3095/774
f 1154/3093/774 1146/3095/774 1142/3096/774
f 1152/3097/775 1153/3098/775 1144/3099/775
f 1152/3097/775 1144/3099/775 1147/3100/775
f 1158/3101/776 1159/3102/776 1151/3103/776
f 1158/3101/776 1151/3103/776 1143/3104/776
f 1155/3105/777 1156/3106/777 1144/3107/777
f 1155/3105/777 1144/3107/777 1153/3108/777
f 1149/3109/778 1150/3110/778 1141/3111/778
f 1149/3109/778 1141/3111/778 1146/3112/778
f 1157/3113/779 1158/3114/779 1143/3115/779
f 1157/3113/779 1143/3115/779 1147/3116/779
f 1151/3117/780 1152/3118/780 1147/3119/780
f 1151/3117/780 1147/3119/780 1143/3120/780
f 1160/3121/781 1161/3122/781 1148/3123/781
f 1160/3121/781 1148/3123/781 1139/3124/781
f 1150/3125/782 1149/3126/782 1145/3127/782
f 1150/3125/782 1145/3127/782 1137/3128/782
f 1159/3129/783 1160/3130/783 1139/3131/783
f 1159/3129/783 1139/3131/783 1151/3132/783
f 1152/3133/784 1151/3134/784 1139/3135/784
f 1152/3133/784 1139/3135/784 1148/3136/784
f 1153/3137/785 1152/3138/785 1148/3139/785
f 1153/3137/785 1148/3139/785 1140/3140/785
f 1162/3141/786 1155/3142/786 1153/3143/786
f 1162/3141/786 1153/3143/786 1140/3144/786
f 1149/3145/787 1154/3146/787 1138/3147/787
f 1149/3145/787 1138/3147/787 1145/3148/787
f 1156/3149/788 1155/3150/788 1154/3151/788
f 1156/3149/788 1154/3151/788 1142/3152/788
f 1157/3153/789 1156/3154/789 1142/3155/789
f 1157/3153/789 1142/3155/789 1146/3156/789
f 1158/3157/790 1157/3158/790 1146/3159/790
f 1158/3157/790 1146/3159/790 1141/3160/790
f 1159/3161/791 1158/3162/791 1141/3163/791
f 1159/3161/791 1141/3163/791 1150/3164/791
f 1160/3165/792 1159/3166/792 1150/3167/792
f 1160/3165/792 1150/3167/792 1137/3168/792
f 1161/3169/793 1160/3170/793 1137/3171/793
f 1161/3169/793 1137/3171/793 1145/3172/793
f 1162/3173/794 1161/3174/794 1145/3175/794
f 1162/3173/794 1145/3175/794 1138/3176/794
f 1155/3177/795 1162/3178/795 1138/3179/795
f 1155/3177/795 1138/3179/795 1154/3180/795
f 1182/3181/796 1183/3182/796 1173/3183/796
f 1182/3181/796 1173/3183/796 1163/3184/796
f 1187/3185/797 1188/3186/797 1167/3187/797
f 1187/3185/797 1167/3187/797 1174/3188/797
f 1181/3189/798 1182/3190/798 1163/3191/798
f 1181/3189/798 1163/3191/798 1179/3192/798
f 1184/3193/799 1185/3194/799 1177/3195/799
f 1184/3193/799 1177/3195/799 1165/3196/799
f 1178/3197/800 1179/3198/800 1163/3199/800
f 1178/3197/800 1163/3199/800 1173/3200/800
f 1180/3201/801 1175/3202/801 1172/3203/801
f 1180/3201/801 1172/3203/801 1164/3204/801
f 1175/3205/802 1176/3206/802 1166/3207/802
f 1175/3205/802 1166/3207/802 1172/3208/802
f 1183/3209/803 1184/3210/803 1165/3211/803
f 1183/3209/803 1165/3211/803 1173/3212/803
f 1177/3213/804 1178/3214/804 1173/3215/804
f 1177/3213/804 1173/3215/804 1165/3216/804
f 1186/3217/805 1187/3218/805 1174/3219/805
f 1186/3217/805 1174/3219/805 1169/3220/805
f 1176/3221/806 1175/3222/806 1171/3223/806
f 1176/3221/806 1171/3223/806 1170/3224/806
f 1185/3225/807 1186/3226/807 1169/3227/807
f 1185/3225/807 1169/3227/807 1177/3228/807
f 1178/3229/808 1177/3230/808 1169/3231/808
f 1178/3229/808 1169/3231/808 1174/3232/808
f 1179/3233/809 1178/3234/809 1174/3235/809
f 1179/3233/809 1174/3235/809 1167/3236/809
f 1188/3237/810 1181/3238/810 1179/3239/810
f 1188/3237/810 1179/3239/810 1167/3240/810
f 1175/3241/811 1180/3242/811 1168/3243/811
f 1175/3241/811 1168/3243/811 1171/3244/811
f 1182/3245/812 1181/3246/812 1180/3247/812
f 1182/3245/812 1180/3247/812 1164/3248/812
f 1183/3249/813 1182/3250/813 1164/3251/813
f 1183/3249/813 1164/3251/813 1172/3252/813
f 1184/3253/814 1183/3254/814 1172/3255/814
f 1184/3253/814 1172/3255/814 1166/3256/814
f 1185/3257/815 1184/3258/815 1166/3259/815
f 1185/3257/815 1166/3259/815 1176/3260/815
f 1186/3261/816 1185/3262/816 1176/3263/816
f 1186/3261/816 1176/3263/816 1170/3264/816
f 1187/3265/817 1186/3266/817 1170/3267/817
f 1187/3265/817 1170/3267/817 1171/3268/817
f 1188/3269/818 1187/3270/818 1171/3271/818
f 1188/3269/818 1171/3271/818 1168/3272/818
f 1181/3273/819 1188/3274/819 1168/3275/819
f 1181/3273/819 1168/3275/819 1180/3276/819
usemtl metal
f 1189/3277/820 1190/3278/820 1192/3279/820
f 1189/3277/820 1192/3279/820 1191/3280/820
f 1194/3281/821 1193/3282/821 1195/3283/821
f 1194/3281/821 1195/3283/821 1196/3284/821
f 1194/3285/822 1190/3286/822 1189/3287/822
f 1194/3285/822 1189/3287/822 1193/3288/822
f 1195/3289/823 1191/3290/823 1192/3291/823
f 1195/3289/823 1192/3291/823 1196/3292/823
f 1193/3293/824 1189/3294/824 1191/3295/824
f 1193/3293/824 1191/3295/824 1195/3296/824
f 1190/3297/825 1194/3298/825 1196/3299/825
f 1190/3297/825 1196/3299/825 1192/3300/825
usemtl reinforced
f 1216/3301/826 1217/3302/826 1207/3303/826
f 1216/3301/826 1207/3303/826 1197/3304/826
f 1221/3305/827 1222/3306/827 1201/3307/827
f 1221/3305/827 1201/3307/827 1208/3308/827
f 1215/3309/828 1216/3310/828 1197/3311/828
f 1215/3309/828 1197/3311/828 1213/3312/828
f 1218/3313/829 1219/3314/829 1211/3315/829
f 1218/3313/829 1211/3315/829 1199/3316/829
f 1212/3317/830 1213/3318/830 1197/3319/830
f 1212/3317/830 1197/3319/830 1207/3320/830
f 1214/3321/831 1209/3322/831 1206/3323/831
f 1214/3321/831 1206/3323/831 1198/3324/831
f 1209/3325/832 1210/3326/832 1200/3327/832
f 1209/3325/832 1200/3327/832 1206/3328/832
f 1217/3329/833 1218/3330/833 1199/3331/833
f 1217/3329/833 1199/3331/833 1207/3332/833
f 1211/3333/834 1212/3334/834 1207/3335/834
f 1211/3333/834 1207/3335/834 1199/3336/834
f 1220/3337/835 1221/3338/835 1208/3339/835
f 1220/3337/835 1208/3339/835 1203/3340/835
f 1210/3341/836 1209/3342/836 1205/3343/836
f 1210/3341/836 1205/3343/836 1204/3344/836
f 1219/3345/837 1220/3346/837 1203/3347/837
f 1219/3345/837 1203/3347/837 1211/3348/837
f 1212/3349/838 1211/3350/838 1203/3351/838
f 1212/3349/838 1203/3351/838 1208/3352/838
f 1213/3353/839 1212/3354/839 1208/3355/839
f 1213/3353/839 1208/3355/839 1201/3356/839
f 1222/3357/840 1215/3358/840 1213/3359/840
f 1222/3357/840 1213/3359/840 1201/3360/840
f 1209/3361/841 1214/3362/841 1202/3363/841
f 1209/3361/841 1202/3363/841 1205/3364/841
f 1216/3365/842 1215/3366/842 1214/3367/842
f 1216/3365/842 1214/3367/842 1198/3368/842
f 1217/3369/843 1216/3370/843 1198/3371/843
f 1217/3369/843 1198/3371/843 1206/3372/843
f 1218/3373/844 1217/3374/844 1206/3375/844
f 1218/3373/844 1206/3375/844 1200/3376/844
f 1219/3377/845 1218/3378/845 1200/3379/845
f 1219/3377/845 1200/3379/845 1210/3380/845
f 1220/3381/846 1219/3382/846 1210/3383/846
f 1220/3381/846 1210/3383/846 1204/3384/846
f 1221/3385/847 1220/3386/847 1204/3387/847
f 1221/3385/847 1204/3387/847 1205/3388/847
f 1222/3389/848 1221/3390/848 1205/3391/848
f 1222/3389/848 1205/3391/848 1202/3392/848
f 1215/3393/849 1222/3394/849 1202/3395/849
f 1215/3393/849 1202/3395/849 1214/3396/849
f 1247/3397/850 1248/3398/850 1226/3399/850
f 1247/3397/850 1226/3399/850 1234/3400/850
f 1242/3401/851 1243/3402/851 1233/3403/851
f 1242/3401/851 1233/3403/851 1230/3404/851
f 1240/3405/852 1235/3406/852 1232/3407/852
f 1240/3405/852 1232/3407/852 1228/3408/852
f 1238/3409/853 1239/3410/853 1230/3411/853
f 1238/3409/853 1230/3411/853 1233/3412/853
f 1244/3413/854 1245/3414/854 1237/3415/854
f 1244/3413/854 1237/3415/854 1229/3416/854
f 1241/3417/855 1242/3418/855 1230/3419/855
f 1241/3417/855 1230/3419/855 1239/3420/855
f 1235/3421/856 1236/3422/856 1227/3423/856
f 1235/3421/856 1227/3423/856 1232/3424/856
f 1243/3425/857 1244/3426/857 1229/3427/857
f 1243/3425/857 1229/3427/857 1233/3428/857
f 1237/3429/858 1238/3430/858 1233/3431/858
f 1237/3429/858 1233/3431/858 1229/3432/858
f 1246/3433/859 1247/3434/859 1234/3435/859
f 1246/3433/859 1234/3435/859 1225/3436/859
f 1236/3437/860 1235/3438/860 1231/3439/860
f 1236/3437/860 1231/3439/860 1223/3440/860
f 1245/3441/861 1246/3442/861 1225/3443/861
f 1245/3441/861 1225/3443/861 1237/3444/861
f 1238/3445/862 1237/3446/862 1225/3447/862
f 1238/3445/862 1225/3447/862 1234/3448/862
f 1239/3449/863 1238/3450/863 1234/3451/863
f 1239/3449/863 1234/3451/863 1226/3452/863
f 1248/3453/864 1241/3454/864 1239/3455/864
f 1248/3453/864 1239/3455/864 1226/3456/864
f 1235/3457/865 1240/3458/865 1224/3459/865
f 1235/3457/865 1224/3459/865 1231/3460/865
f 1242/3461/866 1241/3462/866 1240/3463/866
f 1242/3461/866 1240/3463/866 1228/3464/866
f 1243/3465/867 1242/3466/867 1228/3467/867
f 1243/3465/867 1228/3467/867 1232/3468/867
f 1244/3469/868 1243/3470/868 1232/3471/868
f 1244/3469/868 1232/3471/868 1227/3472/868
f 1245/3473/869 1244/3474/869 1227/3475/869
f 1245/3473/869 1227/3475/869 1236/3476/869
f 1246/3477/870 1245/3478/870 1236/3479/870
f 1246/3477/870 1236/3479/870 1223/3480/870
f 1247/3481/871 1246/3482/871 1223/3483/871
f 1247/3481/871 1223/3483/871 1231/3484/871
f 1248/3485/872 1247/3486/872 1231/3487/872
f 1248/3485/872 1231/3487/872 1224/3488/872
f 1241/3489/873 1248/3490/873 1224/3491/873
f 1241/3489/873 1224/3491/873 1240/3492/873
usemtl common_table
f 1249/3493/874 1250/3494/874 1252/3495/874
f 1249/3493/874 1252/3495/874 1251/3496/874
f 1254/3497/875 1253/3498/875 1255/3499/875
f 1254/3497/875 1255/3499/875 1256/3500/875
f 1254/3501/876 1250/3502/876 1249/3503/876
f 1254/3501/876 1249/3503/876 1253/3504/876
f 1255/3505/877 1251/3506/877 1252/3507/877
f 1255/3505/877 1252/3507/877 1256/3508/877
f 1253/3509/878 1249/3510/878 1251/3511/878
f 1253/3509/878 1251/3511/878 1255/3512/878
f 1250/3513/879 1254/3514/879 1256/3515/879
f 1250/3513/879 1256/3515/879 1252/3516/879
usemtl radar
f 1257/3517/880 1258/3518/880 1260/3519/880
f 1257/3517/880 1260/3519/880 1259/3520/880
f 1262/3521/881 1261/3522/881 1263/3523/881
f 1262/3521/881 1263/3523/881 1264/3524/881
f 1262/3525/882 1258/3526/882 1257/3527/882
f 1262/3525/882 1257/3527/882 1261/3528/882
f 1263/3529/883 1259/3530/883 1260/3531/883
f 1263/3529/883 1260/3531/883 1264/3532/883
f 1261/3533/884 1257/3534/884 1259/3535/884
f 1261/3533/884 1259/3535/884 1263/3536/884
usemtl typewriter_red
f 1271/3537/885 1268/3538/885 1267/3539/885
f 1271/3537/885 1267/3539/885 1270/3540/885
f 1270/3541/886 1267/3542/886 1269/3543/886
f 1270/3541/886 1269/3543/886 1272/3544/886
f 1271/3545/887 1270/3546/887 1272/3547/887
f 1271/3545/887 1272/3547/887 1273/3548/887
f 1274/3549/888 1271/3550/888 1273/3551/888
f 1274/3549/888 1273/3551/888 1275/3552/888
f 1278/3553/889 1274/3554/889 1275/3555/889
f 1278/3553/889 1275/3555/889 1279/3556/889
f 1278/3557/890 1276/3558/890 1268/3559/890
f 1278/3557/890 1268/3559/890 1274/3560/890
f 1276/3561/891 1278/3562/891 1279/3563/891
f 1276/3561/891 1279/3563/891 1277/3564/891
f 1278/3565/892 1280/3566/892 1281/3567/892
f 1278/3565/892 1281/3567/892 1279/3568/892
f 1283/3569/893 1280/3570/893 1278/3571/893
f 1283/3569/893 1278/3571/893 1282/3572/893
f 1282/3573/894 1278/3574/894 1279/3575/894
f 1282/3573/894 1279/3575/894 1284/3576/894
f 1280/3577/895 1283/3578/895 1285/3579/895
f 1280/3577/895 1285/3579/895 1281/3580/895
f 1285/3581/896 1283/3582/896 1282/3583/896
f 1285/3581/896 1282/3583/896 1284/3584/896
f 1286/3585/897 1287/3586/897 1289/3587/897
f 1286/3585/897 1289/3587/897 1288/3588/897
f 1291/3589/898 1290/3590/898 1292/3591/898
f 1291/3589/898 1292/3591/898 1293/3592/898
f 1291/3593/899 1287/3594/899 1286/3595/899
f 1291/3593/899 1286/3595/899 1290/3596/899
f 1269/3597/900 1267/3598/900 1276/3599/900
f 1269/3597/900 1276/3599/900 1277/3600/900
f 1294/3601/901 1295/3602/901 1297/3603/901
f 1294/3601/901 1297/3603/901 1296/3604/901
f 1299/3605/902 1298/3606/902 655/3607/902
f 1299/3605/902 655/3607/902 1300/3608/902
f 1299/3609/903 1295/3610/903 1294/3611/903
f 1299/3609/903 1294/3611/903 1298/3612/903
f 1298/3613/904 1294/3614/904 1296/3615/904
f 1298/3613/904 1296/3615/904 655/3616/904
f 1295/3617/905 1299/3618/905 1300/3619/905
f 1295/3617/905 1300/3619/905 1297/3620/905
f 1306/3621/906 1305/3622/906 1307/3623/906
f 1306/3621/906 1307/3623/906 1308/3624/906
f 1306/3625/907 1302/3626/907 1301/3627/907
f 1306/3625/907 1301/3627/907 1305/3628/907
f 1307/3629/908 1303/3630/908 1304/3631/908
f 1307/3629/908 1304/3631/908 1308/3632/908
f 1305/3633/909 1301/3634/909 1303/3635/909
f 1305/3633/909 1303/3635/909 1307/3636/909
f 1302/3637/910 1306/3638/910 1308/3639/910
f 1302/3637/910 1308/3639/910 1304/3640/910
f 1309/3641/911 1310/3642/911 1312/3643/911
f 1309/3641/911 1312/3643/911 1311/3644/911
f 1314/3645/912 1313/3646/912 1315/3647/912
f 1314/3645/912 1315/3647/912 1316/3648/912
f 1314/3649/913 1310/3650/913 1309/3651/913
f 1314/3649/913 1309/3651/913 1313/3652/913
f 1313/3653/914 1309/3654/914 1311/3655/914
f 1313/3653/914 1311/3655/914 1315/3656/914
f 1310/3657/915 1314/3658/915 1316/3659/915
f 1310/3657/915 1316/3659/915 1312/3660/915
f 1317/3661/916 1318/3662/916 1320/3663/916
f 1317/3661/916 1320/3663/916 1319/3664/916
f 1322/3665/917 1321/3666/917 1323/3667/917
f 1322/3665/917 1323/3667/917 1324/3668/917
f 1322/3669/918 1318/3670/918 1317/3671/918
f 1322/3669/918 1317/3671/918 1321/3672/918
f 1321/3673/919 1317/3674/919 1319/3675/919
f 1321/3673/919 1319/3675/919 1323/3676/919
f 1318/3677/920 1322/3678/920 1324/3679/920
f 1318/3677/920 1324/3679/920 1320/3680/920
usemtl radar
f 1325/3681/921 1326/3682/921 1328/3683/921
f 1325/3681/921 1328/3683/921 1327/3684/921
f 1330/3685/922 1329/3686/922 1331/3687/922
f 1330/3685/922 1331/3687/922 1332/3688/922
f 1330/3689/923 1326/3690/923 1325/3691/923
f 1330/3689/923 1325/3691/923 1329/3692/923
f 1331/3693/924 1327/3694/924 1328/3695/924
f 1331/3693/924 1328/3695/924 1332/3696/924
f 1329/3697/925 1325/3698/925 1327/3699/925
f 1329/3697/925 1327/3699/925 1331/3700/925
f 1326/3701/926 1330/3702/926 1332/3703/926
f 1326/3701/926 1332/3703/926 1328/3704/926
f 1326/3705/927 1333/3706/927 1335/3707/927
f 1326/3705/927 1335/3707/927 1334/3708/927
f 1336/3709/928 1330/3710/928 1337/3711/928
f 1336/3709/928 1337/3711/928 1338/3712/928
f 1336/3713/929 1333/3714/929 1326/3715/929
f 1336/3713/929 1326/3715/929 1330/3716/929
f 1337/3717/930 1334/3718/930 1335/3719/930
f 1337/3717/930 1335/3719/930 1338/3720/930
f 1330/3721/931 1326/3722/931 1334/3723/931
f 1330/3721/931 1334/3723/931 1337/3724/931
f 1333/3725/932 1336/3726/932 1338/3727/932
f 1333/3725/932 1338/3727/932 1335/3728/932
usemtl common_thingies
f 1339/3729/933 1340/3730/933 1342/3731/933
f 1339/3729/933 1342/3731/933 1341/3732/933
f 1344/3733/934 1340/3734/934 1339/3735/934
f 1344/3733/934 1339/3735/934 1343/3736/934
f 1345/3737/935 1341/3738/935 1342/3739/935
f 1345/3737/935 1342/3739/935 1346/3740/935
f 1343/3741/936 1339/3742/936 1341/3743/936
f 1343/3741/936 1341/3743/936 1345/3744/936
f 1340/3745/937 1344/3746/937 1346/3747/937
f 1340/3745/937 1346/3747/937 1342/3748/937
f 1347/3749/938 1348/3750/938 1350/3751/938
f 1347/3749/938 1350/3751/938 1349/3752/938
f 1352/3753/939 1348/3754/939 1347/3755/939
f 1352/3753/939 1347/3755/939 1351/3756/939
f 1353/3757/940 1349/3758/940 1350/3759/940
f 1353/3757/940 1350/3759/940 1354/3760/940
f 1351/3761/941 1347/3762/941 1349/3763/941
f 1351/3761/941 1349/3763/941 1353/3764/941
f 1348/3765/942 1352/3766/942 1354/3767/942
f 1348/3765/942 1354/3767/942 1350/3768/942
f 1355/3769/943 1356/3770/943 1358/3771/943
f 1355/3769/943 1358/3771/943 1357/3772/943
f 1360/3773/944 1356/3774/944 1355/3775/944
f 1360/3773/944 1355/3775/944 1359/3776/944
f 1361/3777/945 1357/3778/945 1358/3779/945
f 1361/3777/945 1358/3779/945 1362/3780/945
f 1359/3781/946 1355/3782/946 1357/3783/946
f 1359/3781/946 1357/3783/946 1361/3784/946
f 1356/3785/947 1360/3786/947 1362/3787/947
f 1356/3785/947 1362/3787/947 1358/3788/947
f 1363/3789/948 1364/3790/948 1366/3791/948
f 1363/3789/948 1366/3791/948 1365/3792/948
f 1368/3793/949 1364/3794/949 1363/3795/949
f 1368/3793/949 1363/3795/949 1367/3796/949
f 1369/3797/950 1365/3798/950 1366/3799/950
f 1369/3797/950 1366/3799/950 1370/3800/950
f 1367/3801/951 1363/3802/951 1365/3803/951
f 1367/3801/951 1365/3803/951 1369/3804/951
f 1364/3805/952 1368/3806/952 1370/3807/952
f 1364/3805/952 1370/3807/952 1366/3808/952
usemtl radar
f 1381/3809/953 1382/3810/953 1371/3811/953
f 1381/3809/953 1371/3811/953 1372/3812/953
f 1379/3813/954 1380/3814/954 1376/3815/954
f 1379/3813/954 1376/3815/954 1375/3816/954
f 1376/3817/955 1372/3818/955 1371/3819/955
f 1376/3817/955 1371/3819/955 1375/3820/955
f 1377/3821/956 1373/3822/956 1374/3823/956
f 1377/3821/956 1374/3823/956 1378/3824/956
f 1382/3825/957 1379/3826/957 1375/3827/957
f 1382/3825/957 1375/3827/957 1371/3828/957
f 1380/3829/958 1381/3830/958 1372/3831/958
f 1380/3829/958 1372/3831/958 1376/3832/958
f 1380/3833/959 1379/3834/959 1377/3835/959
f 1380/3833/959 1377/3835/959 1378/3836/959
f 1381/3837/960 1380/3838/960 1378/3839/960
f 1381/3837/960 1378/3839/960 1374/3840/960
f 1382/3841/961 1381/3842/961 1374/3843/961
f 1382/3841/961 1374/3843/961 1373/3844/961
f 1379/3845/962 1382/3846/962 1373/3847/962
f 1379/3845/962 1373/3847/962 1377/3848/962
f 1383/3849/963 1384/3850/963 1371/3851/963
f 1383/3849/963 1371/3851/963 1385/3852/963
f 1387/3853/964 1386/3854/964 1388/3855/964
f 1387/3853/964 1388/3855/964 1389/3856/964
f 1387/3857/965 1384/3858/965 1383/3859/965
f 1387/3857/965 1383/3859/965 1386/3860/965
f 1386/3861/966 1383/3862/966 1385/3863/966
f 1386/3861/966 1385/3863/966 1388/3864/966
f 1384/3865/967 1387/3866/967 1389/3867/967
f 1384/3865/967 1389/3867/967 1371/3868/967
f 1390/3869/968 1391/3870/968 1393/3871/968
f 1390/3869/968 1393/3871/968 1392/3872/968
f 1395/3873/969 1394/3874/969 1396/3875/969
f 1395/3873/969 1396/3875/969 1397/3876/969
f 1395/3877/970 1391/3878/970 1390/3879/970
f 1395/3877/970 1390/3879/970 1394/3880/970
f 1394/3881/971 1390/3882/971 1392/3883/971
f 1394/3881/971 1392/3883/971 1396/3884/971
f 1391/3885/972 1395/3886/972 1397/3887/972
f 1391/3885/972 1397/3887/972 1393/3888/972
f 1398/3889/973 1399/3890/973 1401/3891/973
f 1398/3889/973 1401/3891/973 1400/3892/973
f 1403/3893/974 1402/3894/974 1404/3895/974
f 1403/3893/974 1404/3895/974 1405/3896/974
f 1403/3897/975 1399/3898/975 1398/3899/975
f 1403/3897/975 1398/3899/975 1402/3900/975
f 1404/3901/976 1400/3902/976 1401/3903/976
f 1404/3901/976 1401/3903/976 1405/3904/976
f 1402/3905/977 1398/3906/977 1400/3907/977
f 1402/3905/977 1400/3907/977 1404/3908/977
f 1399/3909/978 1403/3910/978 1405/3911/978
f 1399/3909/978 1405/3911/978 1401/3912/978
usemtl common_steel
f 1411/3913/979 1410/3914/979 1412/3915/979
f 1411/3913/979 1412/3915/979 1413/3916/979
f 1411/3917/980 1407/3918/980 1406/3919/980
f 1411/3917/980 1406/3919/980 1410/3920/980
f 1412/3921/981 1408/3922/981 1409/3923/981
f 1412/3921/981 1409/3923/981 1413/3924/981
f 1410/3925/982 1406/3926/982 1408/3927/982
f 1410/3925/982 1408/3927/982 1412/3928/982
f 1407/3929/983 1411/3930/983 1413/3931/983
f 1407/3929/983 1413/3931/983 1409/3932/983
usemtl common_table
f 1414/3933/984 1415/3934/984 1417/3935/984
f 1414/3933/984 1417/3935/984 1416/3936/984
f 1419/3937/985 1418/3938/985 1420/3939/985
f 1419/3937/985 1420/3939/985 1421/3940/985
f 1420/3941/986 1416/3942/986 1417/3943/986
f 1420/3941/986 1417/3943/986 1421/3944/986
f 1418/3945/987 1414/3946/987 1416/3947/987
f 1418/3945/987 1416/3947/987 1420/3948/987
f 1415/3949/988 1419/3950/988 1421/3951/988
f 1415/3949/988 1421/3951/988 1417/3952/988
f 1422/3953/989 1423/3954/989 1425/3955/989
f 1422/3953/989 1425/3955/989 1424/3956/989
f 1427/3957/990 1426/3958/990 1428/3959/990
f 1427/3957/990 1428/3959/990 1429/3960/990
f 1428/3961/991 1424/3962/991 1425/3963/991
f 1428/3961/991 1425/3963/991 1429/3964/991
f 1426/3965/992 1422/3966/992 1424/3967/992
f 1426/3965/992 1424/3967/992 1428/3968/992
f 1423/3969/993 1427/3970/993 1429/3971/993
f 1423/3969/993 1429/3971/993 1425/3972/993
f 1430/3973/994 1431/3974/994 1433/3975/994
f 1430/3973/994 1433/3975/994 1432/3976/994
f 1435/3977/995 1434/3978/995 1436/3979/995
f 1435/3977/995 1436/3979/995 1437/3980/995
f 1436/3981/996 1432/3982/996 1433/3983/996
f 1436/3981/996 1433/3983/996 1437/3984/996
f 1434/3985/997 1430/3986/997 1432/3987/997
f 1434/3985/997 1432/3987/997 1436/3988/997
f 1431/3989/998 1435/3990/998 1437/3991/998
f 1431/3989/998 1437/3991/998 1433/3992/998
f 1438/3993/999 1439/3994/999 1441/3995/999
f 1438/3993/999 1441/3995/999 1440/3996/999
f 1443/3997/1000 1442/3998/1000 1444/3999/1000
f 1443/3997/1000 1444/3999/1000 1445/4000/1000
f 1444/4001/1001 1440/4002/1001 1441/4003/1001
f 1444/4001/1001 1441/4003/1001 1445/4004/1001
f 1442/4005/1002 1438/4006/1002 1440/4007/1002
f 1442/4005/1002 1440/4007/1002 1444/4008/1002
f 1439/4009/1003 1443/4010/1003 1445/4011/1003
f 1439/4009/1003 1445/4011/1003 1441/4012/1003
usemtl common_copper_cable
f 1446/4013/1004 1447/4014/1004 1449/4015/1004
f 1446/4013/1004 1449/4015/1004 1448/4016/1004
f 1451/4017/1005 1450/4018/1005 1452/4019/1005
f 1451/4017/1005 1452/4019/1005 1453/4020/1005
f 1450/4021/1006 1446/4022/1006 1448/4023/1006
f 1450/4021/1006 1448/4023/1006 1452/4024/1006
f 1447/4025/1007 1451/4026/1007 1453/4027/1007
f 1447/4025/1007 1453/4027/1007 1449/4028/1007
f 1454/4029/1008 1455/4030/1008 1457/4031/1008
f 1454/4029/1008 1457/4031/1008 1456/4032/1008
f 1459/4033/1009 1458/4034/1009 1460/4035/1009
f 1459/4033/1009 1460/4035/1009 1461/4036/1009
f 1458/4037/1010 1454/4038/1010 1456/4039/1010
f 1458/4037/1010 1456/4039/1010 1460/4040/1010
f 1455/4041/1011 1459/4042/1011 1461/4043/1011
f 1455/4041/1011 1461/4043/1011 1457/4044/1011
usemtl radar
f 1462/4045/1012 1463/4046/1012 1465/4047/1012
f 1462/4045/1012 1465/4047/1012 1464/4048/1012
f 1467/4049/1013 1463/4050/1013 1462/4051/1013
f 1467/4049/1013 1462/4051/1013 1466/4052/1013
f 1468/4053/1014 1464/4054/1014 1465/4055/1014
f 1468/4053/1014 1465/4055/1014 1469/4056/1014
f 1466/4057/1015 1462/4058/1015 1464/4059/1015
f 1466/4057/1015 1464/4059/1015 1468/4060/1015
f 1463/4061/1016 1467/4062/1016 1469/4063/1016
f 1463/4061/1016 1469/4063/1016 1465/4064/1016
f 1471/4065/1017 1470/4066/1017 1472/4067/1017
f 1471/4065/1017 1472/4067/1017 1473/4068/1017
f 1471/4069/1018 1467/4070/1018 1466/4071/1018
f 1471/4069/1018 1466/4071/1018 1470/4072/1018
f 1472/4073/1019 1468/4074/1019 1469/4075/1019
f 1472/4073/1019 1469/4075/1019 1473/4076/1019
f 1470/4077/1020 1466/4078/1020 1468/4079/1020
f 1470/4077/1020 1468/4079/1020 1472/4080/1020
f 1467/4081/1021 1471/4082/1021 1473/4083/1021
f 1467/4081/1021 1473/4083/1021 1469/4084/1021
f 1474/4085/1022 1475/4086/1022 1477/4087/1022
f 1474/4085/1022 1477/4087/1022 1476/4088/1022
f 1479/4089/1023 1478/4090/1023 1480/4091/1023
f 1479/4089/1023 1480/4091/1023 1481/4092/1023
f 1479/4093/1024 1475/4094/1024 1474/4095/1024
f 1479/4093/1024 1474/4095/1024 1478/4096/1024
f 1478/4097/1025 1474/4098/1025 1476/4099/1025
f 1478/4097/1025 1476/4099/1025 1480/4100/1025
f 1482/4101/1026 1483/4102/1026 1485/4103/1026
f 1482/4101/1026 1485/4103/1026 1484/4104/1026
f 1487/4105/1027 1486/4106/1027 1488/4107/1027
f 1487/4105/1027 1488/4107/1027 1489/4108/1027
f 1487/4109/1028 1483/4110/1028 1482/4111/1028
f 1487/4109/1028 1482/4111/1028 1486/4112/1028
f 1486/4113/1029 1482/4114/1029 1484/4115/1029
f 1486/4113/1029 1484/4115/1029 1488/4116/1029
f 1490/4117/1030 1491/4118/1030 1493/4119/1030
f 1490/4117/1030 1493/4119/1030 1492/4120/1030
f 1495/4121/1031 1494/4122/1031 1496/4123/1031
f 1495/4121/1031 1496/4123/1031 1497/4124/1031
f 1495/4125/1032 1491/4126/1032 1490/4127/1032
f 1495/4125/1032 1490/4127/1032 1494/4128/1032
f 1494/4129/1033 1490/4130/1033 1492/4131/1033
f 1494/4129/1033 1492/4131/1033 1496/4132/1033
f 1506/4133/1034 1507/4134/1034 1503/4135/1034
f 1506/4133/1034 1503/4135/1034 1502/4136/1034
f 1503/4137/1035 1499/4138/1035 1498/4139/1035
f 1503/4137/1035 1498/4139/1035 1502/4140/1035
f 1504/4141/1036 1500/4142/1036 1501/4143/1036
f 1504/4141/1036 1501/4143/1036 1505/4144/1036
f 1509/4145/1037 1506/4146/1037 1502/4147/1037
f 1509/4145/1037 1502/4147/1037 1498/4148/1037
f 1507/4149/1038 1508/4150/1038 1499/4151/1038
f 1507/4149/1038 1499/4151/1038 1503/4152/1038
f 1507/4153/1039 1506/4154/1039 1504/4155/1039
f 1507/4153/1039 1504/4155/1039 1505/4156/1039
f 1508/4157/1040 1507/4158/1040 1505/4159/1040
f 1508/4157/1040 1505/4159/1040 1501/4160/1040
f 1506/4161/1041 1509/4162/1041 1500/4163/1041
f 1506/4161/1041 1500/4163/1041 1504/4164/1041
usemtl common_steel
f 1516/4165/1042 1514/4166/1042 1515/4167/1042
f 1516/4165/1042 1515/4167/1042 1517/4168/1042
f 1510/4169/1043 1511/4170/1043 1515/4171/1043
f 1510/4169/1043 1515/4171/1043 1514/4172/1043
f 1513/4173/1044 1512/4174/1044 1516/4175/1044
f 1513/4173/1044 1516/4175/1044 1517/4176/1044
f 1512/4177/1045 1510/4178/1045 1514/4179/1045
f 1512/4177/1045 1514/4179/1045 1516/4180/1045
f 1517/4181/1046 1515/4182/1046 1511/4183/1046
f 1517/4181/1046 1511/4183/1046 1513/4184/1046
f 1524/4185/1047 1522/4186/1047 1523/4187/1047
f 1524/4185/1047 1523/4187/1047 1525/4188/1047
f 1518/4189/1048 1519/4190/1048 1523/4191/1048
f 1518/4189/1048 1523/4191/1048 1522/4192/1048
f 1521/4193/1049 1520/4194/1049 1524/4195/1049
f 1521/4193/1049 1524/4195/1049 1525/4196/1049
f 1520/4197/1050 1518/4198/1050 1522/4199/1050
f 1520/4197/1050 1522/4199/1050 1524/4200/1050
f 1525/4201/1051 1523/4202/1051 1519/4203/1051
f 1525/4201/1051 1519/4203/1051 1521/4204/1051
f 1531/4205/1052 1530/4206/1052 1532/4207/1052
f 1531/4205/1052 1532/4207/1052 1533/4208/1052
f 1531/4209/1053 1527/4210/1053 1526/4211/1053
f 1531/4209/1053 1526/4211/1053 1530/4212/1053
f 1532/4213/1054 1528/4214/1054 1529/4215/1054
f 1532/4213/1054 1529/4215/1054 1533/4216/1054
f 1530/4217/1055 1526/4218/1055 1528/4219/1055
f 1530/4217/1055 1528/4219/1055 1532/4220/1055
f 1527/4221/1056 1531/4222/1056 1533/4223/1056
f 1527/4221/1056 1533/4223/1056 1529/4224/1056
f 1539/4225/1057 1538/4226/1057 1540/4227/1057
f 1539/4225/1057 1540/4227/1057 1541/4228/1057
f 1539/4229/1058 1535/4230/1058 1534/4231/1058
f 1539/4229/1058 1534/4231/1058 1538/4232/1058
f 1540/4233/1059 1536/4234/1059 1537/4235/1059
f 1540/4233/1059 1537/4235/1059 1541/4236/1059
f 1538/4237/1060 1534/4238/1060 1536/4239/1060
f 1538/4237/1060 1536/4239/1060 1540/4240/1060
f 1535/4241/1061 1539/4242/1061 1541/4243/1061
f 1535/4241/1061 1541/4243/1061 1537/4244/1061
usemtl radar
f 1467/4245/1062 1466/4246/1062 1468/4247/1062
f 1467/4245/1062 1468/4247/1062 1469/4248/1062
f 1542/4249/1063 1543/4250/1063 1545/4251/1063
f 1542/4249/1063 1545/4251/1063 1544/4252/1063
f 1547/4253/1064 1546/4254/1064 1548/4255/1064
f 1547/4253/1064 1548/4255/1064 1549/4256/1064
f 1547/4257/1065 1543/4258/1065 1542/4259/1065
f 1547/4257/1065 1542/4259/1065 1546/4260/1065
f 1548/4261/1066 1544/4262/1066 1545/4263/1066
f 1548/4261/1066 1545/4263/1066 1549/4264/1066
f 1546/4265/1067 1542/4266/1067 1544/4267/1067
f 1546/4265/1067 1544/4267/1067 1548/4268/1067
f 1543/4269/1068 1547/4270/1068 1549/4271/1068
f 1543/4269/1068 1549/4271/1068 1545/4272/1068
f 1604/4273/1069 1606/4274/1069 1607/4275/1069
f 1604/4273/1069 1607/4275/1069 1605/4276/1069
f 1613/4277/1070 1611/4278/1070 1608/4279/1070
f 1613/4277/1070 1608/4279/1070 1609/4280/1070
f 1619/4281/1071 1617/4282/1071 1614/4283/1071
f 1619/4281/1071 1614/4283/1071 1615/4284/1071
f 1620/4285/1072 1623/4286/1072 1625/4287/1072
f 1620/4285/1072 1625/4287/1072 1621/4288/1072
f 1560/4289/1073 1561/4290/1073 1563/4291/1073
f 1560/4289/1073 1563/4291/1073 1562/4292/1073
f 1565/4293/1074 1564/4294/1074 1566/4295/1074
f 1565/4293/1074 1566/4295/1074 1567/4296/1074
f 1565/4297/1075 1561/4298/1075 1560/4299/1075
f 1565/4297/1075 1560/4299/1075 1564/4300/1075
f 1566/4301/1076 1562/4302/1076 1563/4303/1076
f 1566/4301/1076 1563/4303/1076 1567/4304/1076
f 1564/4305/1077 1560/4306/1077 1562/4307/1077
f 1564/4305/1077 1562/4307/1077 1566/4308/1077
f 1561/4309/1078 1565/4310/1078 1567/4311/1078
f 1561/4309/1078 1567/4311/1078 1563/4312/1078
f 1632/4313/1079 1631/4314/1079 1629/4315/1079
f 1632/4313/1079 1629/4315/1079 1630/4316/1079
f 1638/4317/1080 1636/4318/1080 1633/4319/1080
f 1638/4317/1080 1633/4319/1080 1634/4320/1080
f 1639/4321/1081 1642/4322/1081 1644/4323/1081
f 1639/4321/1081 1644/4323/1081 1640/4324/1081
f 1650/4325/1082 1648/4326/1082 1645/4327/1082
f 1650/4325/1082 1645/4327/1082 1646/4328/1082
f 1582/4329/1083 1583/4330/1083 1585/4331/1083
f 1582/4329/1083 1585/4331/1083 1584/4332/1083
f 1587/4333/1084 1586/4334/1084 1588/4335/1084
f 1587/4333/1084 1588/4335/1084 1589/4336/1084
f 1587/4337/1085 1583/4338/1085 1582/4339/1085
f 1587/4337/1085 1582/4339/1085 1586/4340/1085
f 1588/4341/1086 1584/4342/1086 1585/4343/1086
f 1588/4341/1086 1585/4343/1086 1589/4344/1086
f 1586/4345/1087 1582/4346/1087 1584/4347/1087
f 1586/4345/1087 1584/4347/1087 1588/4348/1087
f 1583/4349/1088 1587/4350/1088 1589/4351/1088
f 1583/4349/1088 1589/4351/1088 1585/4352/1088
f 1651/4353/1089 1653/4354/1089 1654/4355/1089
f 1651/4353/1089 1654/4355/1089 1652/4356/1089
f 1656/4357/1090 1659/4358/1090 1660/4359/1090
f 1656/4357/1090 1660/4359/1090 1658/4360/1090
f 1596/4361/1091 1597/4362/1091 1599/4363/1091
f 1596/4361/1091 1599/4363/1091 1598/4364/1091
f 1601/4365/1092 1600/4366/1092 1602/4367/1092
f 1601/4365/1092 1602/4367/1092 1603/4368/1092
f 1601/4369/1093 1597/4370/1093 1596/4371/1093
f 1601/4369/1093 1596/4371/1093 1600/4372/1093
f 1602/4373/1094 1598/4374/1094 1599/4375/1094
f 1602/4373/1094 1599/4375/1094 1603/4376/1094
f 1600/4377/1095 1596/4378/1095 1598/4379/1095
f 1600/4377/1095 1598/4379/1095 1602/4380/1095
f 1597/4381/1096 1601/4382/1096 1603/4383/1096
f 1597/4381/1096 1603/4383/1096 1599/4384/1096
f 1569/4385/1097 1661/4386/1097 1570/4387/1097
f 1569/4385/1097 1570/4387/1097 1571/4388/1097
f 1553/4389/1098 1551/4390/1098 1605/4391/1098
f 1553/4389/1098 1605/4391/1098 1607/4392/1098
f 1552/4393/1099 1550/4394/1099 1551/4395/1099
f 1552/4393/1099 1551/4395/1099 1553/4396/1099
f 1612/4397/1100 1555/4398/1100 1609/4399/1100
f 1612/4397/1100 1609/4399/1100 1613/4400/1100
f 1555/4401/1101 1554/4402/1101 1610/4403/1101
f 1555/4401/1101 1610/4403/1101 1612/4404/1101
f 1618/4405/1102 1557/4406/1102 1615/4407/1102
f 1618/4405/1102 1615/4407/1102 1619/4408/1102
f 1557/4409/1103 1556/4410/1103 1616/4411/1103
f 1557/4409/1103 1616/4411/1103 1618/4412/1103
f 1624/4413/1104 1559/4414/1104 1621/4415/1104
f 1624/4413/1104 1621/4415/1104 1625/4416/1104
f 1622/4417/1105 1558/4418/1105 1559/4419/1105
f 1622/4417/1105 1559/4419/1105 1624/4420/1105
f 1571/4421/1106 1569/4422/1106 1626/4423/1106
f 1571/4421/1106 1626/4423/1106 1628/4424/1106
f 1628/4425/1107 1627/4426/1107 1568/4427/1107
f 1628/4425/1107 1568/4427/1107 1626/4428/1107
f 1631/4429/1108 1574/4430/1108 1575/4431/1108
f 1631/4429/1108 1575/4431/1108 1632/4432/1108
f 1575/4433/1109 1573/4434/1109 1630/4435/1109
f 1575/4433/1109 1630/4435/1109 1632/4436/1109
f 1573/4437/1110 1572/4438/1110 1574/4439/1110
f 1573/4437/1110 1574/4439/1110 1575/4440/1110
f 1637/4441/1111 1577/4442/1111 1634/4443/1111
f 1637/4441/1111 1634/4443/1111 1638/4444/1111
f 1577/4445/1112 1576/4446/1112 1635/4447/1112
f 1577/4445/1112 1635/4447/1112 1637/4448/1112
f 1643/4449/1113 1579/4450/1113 1640/4451/1113
f 1643/4449/1113 1640/4451/1113 1644/4452/1113
f 1641/4453/1114 1578/4454/1114 1579/4455/1114
f 1641/4453/1114 1579/4455/1114 1643/4456/1114
f 1580/4457/1115 1645/4458/1115 1646/4459/1115
f 1580/4457/1115 1646/4459/1115 1581/4460/1115
f 1649/4461/1116 1581/4462/1116 1646/4463/1116
f 1649/4461/1116 1646/4463/1116 1650/4464/1116
f 1581/4465/1117 1580/4466/1117 1647/4467/1117
f 1581/4465/1117 1647/4467/1117 1649/4468/1117
f 1590/4469/1118 1651/4470/1118 1652/4471/1118
f 1590/4469/1118 1652/4471/1118 1591/4472/1118
f 1593/4473/1119 1591/4474/1119 1652/4475/1119
f 1593/4473/1119 1652/4475/1119 1654/4476/1119
f 1592/4477/1120 1590/4478/1120 1591/4479/1120
f 1592/4477/1120 1591/4479/1120 1593/4480/1120
f 1659/4481/1121 1594/4482/1121 1595/4483/1121
f 1659/4481/1121 1595/4483/1121 1660/4484/1121
f 1595/4485/1122 1657/4486/1122 1658/4487/1122
f 1595/4485/1122 1658/4487/1122 1660/4488/1122
f 1594/4489/1123 1655/4490/1123 1657/4491/1123
f 1594/4489/1123 1657/4491/1123 1595/4492/1123
f 1662/4493/1124 1663/4494/1124 1665/4495/1124
f 1662/4493/1124 1665/4495/1124 1664/4496/1124
f 1667/4497/1125 1666/4498/1125 1668/4499/1125
f 1667/4497/1125 1668/4499/1125 1669/4500/1125
f 1668/4501/1126 1664/4502/1126 1665/4503/1126
f 1668/4501/1126 1665/4503/1126 1669/4504/1126
f 1666/4505/1127 1662/4506/1127 1664/4507/1127
f 1666/4505/1127 1664/4507/1127 1668/4508/1127
f 1663/4509/1128 1667/4510/1128 1669/4511/1128
f 1663/4509/1128 1669/4511/1128 1665/4512/1128