# Made by Pabilo8 with Blockbench
# Exported with IIToolkit Plugin
mtllib flagpole.mtl


o plank
v 1.90546875 0.9375 0.4992187499999997
v 1.84296875 0.9375 0.4992187499999997
v 1.90546875 0 0.2492187499999997
v 1.84296875 0 0.2492187499999997
v 1.90546875 0.9375 0.3117187499999997
v 1.84296875 0.9375 0.3117187499999997
v 1.90546875 0 0.0617187499999997
v 1.84296875 0 0.06171874999999971
vt 0.125 1
vt 0.1875 1
vt 0.1875 0.0625
vt 0.125 0.0625
vt 0 1
vt 0.0625 1
vt 0.0625 0.0625
vt 0 0.0625
vt 0 1
vt 0.1875 1
vt 0.1875 0.9375
vt 0 0.9375
vt 0 1
vt 0.1875 1
vt 0.1875 0.9375
vt 0 0.9375
vt 0 1
vt 0.1875 1
vt 0.1875 0.0625
vt 0 0.0625
vt 0.1875 1
vt 0 1
vt 0 0.0625
vt 0.1875 0.0625
vn 2.1454725542852022e-16 -0.25766265056033233 0.9662349396012463
vn -2.1454725542852022e-16 0.25766265056033233 -0.9662349396012463
vn 0 1 0
vn 0 -1 0
vn 1 0 -2.220446049250313e-16
vn -1 0 2.220446049250313e-16
usemtl wooden_chain_fence
f 1/1/1 2/2/1 4/3/1
f 1/1/1 4/3/1 3/4/1
f 6/5/2 5/6/2 7/7/2
f 6/5/2 7/7/2 8/8/2
f 6/9/3 2/10/3 1/11/3
f 6/9/3 1/11/3 5/12/3
f 7/13/4 3/14/4 4/15/4
f 7/13/4 4/15/4 8/16/4
f 5/17/5 1/18/5 3/19/5
f 5/17/5 3/19/5 7/20/5
f 2/21/6 6/22/6 8/23/6
f 2/21/6 8/23/6 4/24/6
o plank
v 1.96796875 0.9375 -0.18828125000000034
v 1.90546875 0.9375 -0.1882812500000003
v 1.96796875 0 0.061718749999999684
v 1.90546875 0 0.0617187499999997
v 1.96796875 0.9375 -0.0007812500000003164
v 1.90546875 0.9375 -0.0007812500000003164
v 1.96796875 0 0.24921874999999968
v 1.90546875 0 0.2492187499999997
vt 0.1875 0.0625
vt 0.1875 1
vt 0.125 1
vt 0.125 0.0625
vt 0.0625 0.0625
vt 0.0625 1
vt 0 1
vt 0 0.0625
vt 0.1875 0.9375
vt 0.1875 1
vt 0 1
vt 0 0.9375
vt 0.1875 0.9375
vt 0.1875 1
vt 0 1
vt 0 0.9375
vt 0.1875 0.0625
vt 0.1875 1
vt 0 1
vt 0 0.0625
vt 0 0.0625
vt 0 1
vt 0.1875 1
vt 0.1875 0.0625
vn -2.1454725542852022e-16 -0.25766265056033233 -0.9662349396012463
vn 2.1454725542852022e-16 0.25766265056033233 0.9662349396012463
vn 0 1 0
vn 0 -1 0
vn 1 0 -2.220446049250313e-16
vn -1 0 2.220446049250313e-16
usemtl wooden_chain_fence
f 12/25/7 10/26/7 9/27/7
f 12/25/7 9/27/7 11/28/7
f 15/29/8 13/30/8 14/31/8
f 15/29/8 14/31/8 16/32/8
f 9/33/9 10/34/9 14/35/9
f 9/33/9 14/35/9 13/36/9
f 12/37/10 11/38/10 15/39/10
f 12/37/10 15/39/10 16/40/10
f 11/41/11 9/42/11 13/43/11
f 11/41/11 13/43/11 15/44/11
f 16/45/12 14/46/12 10/47/12
f 16/45/12 10/47/12 12/48/12
o plank
v -0.90546875 0.9375 0.4992187500000004
v -0.84296875 0.9375 0.4992187500000004
v -0.90546875 0 0.24921875000000038
v -0.84296875 0 0.24921875000000038
v -0.90546875 0.9375 0.3117187500000004
v -0.84296875 0.9375 0.3117187500000004
v -0.90546875 0 0.06171875000000039
v -0.84296875 0 0.06171875000000038
vt 0.1875 0.0625
vt 0.1875 1
vt 0.125 1
vt 0.125 0.0625
vt 0.0625 0.0625
vt 0.0625 1
vt 0 1
vt 0 0.0625
vt 0.1875 0.9375
vt 0.1875 1
vt 0 1
vt 0 0.9375
vt 0.1875 0.9375
vt 0.1875 1
vt 0 1
vt 0 0.9375
vt 0.1875 0.0625
vt 0.1875 1
vt 0 1
vt 0 0.0625
vt 0 0.0625
vt 0 1
vt 0.1875 1
vt 0.1875 0.0625
vn 2.1454725542852022e-16 -0.25766265056033233 0.9662349396012463
vn -2.1454725542852022e-16 0.25766265056033233 -0.9662349396012463
vn 0 1 0
vn 0 -1 0
vn -1 0 2.220446049250313e-16
vn 1 0 -2.220446049250313e-16
usemtl wooden_chain_fence
f 20/49/13 18/50/13 17/51/13
f 20/49/13 17/51/13 19/52/13
f 23/53/14 21/54/14 22/55/14
f 23/53/14 22/55/14 24/56/14
f 17/57/15 18/58/15 22/59/15
f 17/57/15 22/59/15 21/60/15
f 20/61/16 19/62/16 23/63/16
f 20/61/16 23/63/16 24/64/16
f 19/65/17 17/66/17 21/67/17
f 19/65/17 21/67/17 23/68/17
f 24/69/18 22/70/18 18/71/18
f 24/69/18 18/71/18 20/72/18
o plank
v -0.96796875 0.9375 -0.18828124999999957
v -0.90546875 0.9375 -0.18828124999999962
v -0.96796875 0 0.061718750000000405
v -0.90546875 0 0.06171875000000039
v -0.96796875 0.9375 -0.0007812499999995948
v -0.90546875 0.9375 -0.0007812499999995948
v -0.96796875 0 0.2492187500000004
v -0.90546875 0 0.24921875000000038
vt 0.125 1
vt 0.1875 1
vt 0.1875 0.0625
vt 0.125 0.0625
vt 0 1
vt 0.0625 1
vt 0.0625 0.0625
vt 0 0.0625
vt 0 1
vt 0.1875 1
vt 0.1875 0.9375
vt 0 0.9375
vt 0 1
vt 0.1875 1
vt 0.1875 0.9375
vt 0 0.9375
vt 0 1
vt 0.1875 1
vt 0.1875 0.0625
vt 0 0.0625
vt 0.1875 1
vt 0 1
vt 0 0.0625
vt 0.1875 0.0625
vn -2.1454725542852022e-16 -0.25766265056033233 -0.9662349396012463
vn 2.1454725542852022e-16 0.25766265056033233 0.9662349396012463
vn 0 1 0
vn 0 -1 0
vn -1 0 2.220446049250313e-16
vn 1 0 -2.220446049250313e-16
usemtl wooden_chain_fence
f 25/73/19 26/74/19 28/75/19
f 25/73/19 28/75/19 27/76/19
f 30/77/20 29/78/20 31/79/20
f 30/77/20 31/79/20 32/80/20
f 30/81/21 26/82/21 25/83/21
f 30/81/21 25/83/21 29/84/21
f 31/85/22 27/86/22 28/87/22
f 31/85/22 28/87/22 32/88/22
f 29/89/23 25/90/23 27/91/23
f 29/89/23 27/91/23 31/92/23
f 26/93/24 30/94/24 32/95/24
f 26/93/24 32/95/24 28/96/24
o plank
v 1.99921875 0.5 0.21796874999999968
v 0.99921875 0.5 0.2179687499999999
v 1.99921875 0.375 0.21796874999999968
v 0.99921875 0.375 0.2179687499999999
v 1.99921875 0.5 0.09296874999999967
v 0.99921875 0.5 0.09296874999999989
v 1.99921875 0.375 0.09296874999999967
v 0.99921875 0.375 0.09296874999999989
v -0.0007812500000000111 0.5 0.2179687500000001
v -0.0007812500000000111 0.375 0.2179687500000001
v -0.0007812500000000111 0.5 0.09296875000000013
v -0.0007812500000000111 0.375 0.09296875000000013
v -1.00078125 0.5 0.21796875000000032
v -1.00078125 0.375 0.21796875000000032
v -1.00078125 0.5 0.09296875000000035
v -1.00078125 0.375 0.09296875000000035
vt 0.125 0
vt 0.125 1
vt 0 1
vt 0 0
vt 0 0
vt 0 1
vt 0.125 1
vt 0.125 0
vt 0 1
vt 0.125 1
vt 0.125 0
vt 0 0
vt 0.125 1
vt 0 1
vt 0 0
vt 0.125 0
vt 0.1875 1
vt 0.3125 1
vt 0.3125 0.875
vt 0.1875 0.875
vt 0.125 0
vt 0.125 1
vt 0 1
vt 0 0
vt 0 0
vt 0 1
vt 0.125 1
vt 0.125 0
vt 0 1
vt 0.125 1
vt 0.125 0
vt 0 0
vt 0.125 1
vt 0 1
vt 0 0
vt 0.125 0
vt 0.125 0
vt 0.125 1
vt 0 1
vt 0 0
vt 0 0
vt 0 1
vt 0.125 1
vt 0.125 0
vt 0 1
vt 0.125 1
vt 0.125 0
vt 0 0
vt 0.125 1
vt 0 1
vt 0 0
vt 0.125 0
vt 0.1875 1
vt 0.3125 1
vt 0.3125 0.875
vt 0.1875 0.875
vn 2.220446049250313e-16 0 1
vn -2.220446049250313e-16 0 -1
vn 0 1 0
vn 0 -1 0
vn 1 0 -2.220446049250313e-16
vn 2.220446049250313e-16 0 1
vn -2.220446049250313e-16 0 -1
vn 0 1 0
vn 0 -1 0
vn 2.220446049250313e-16 0 1
vn -2.220446049250313e-16 0 -1
vn 0 1 0
vn 0 -1 0
vn 1 0 -2.220446049250313e-16
usemtl wooden_chain_fence
f 33/97/25 34/98/25 36/99/25
f 33/97/25 36/99/25 35/100/25
f 38/101/26 37/102/26 39/103/26
f 38/101/26 39/103/26 40/104/26
f 38/105/27 34/106/27 33/107/27
f 38/105/27 33/107/27 37/108/27
f 39/109/28 35/110/28 36/111/28
f 39/109/28 36/111/28 40/112/28
f 37/113/29 33/114/29 35/115/29
f 37/113/29 35/115/29 39/116/29
f 34/117/30 41/118/30 42/119/30
f 34/117/30 42/119/30 36/120/30
f 43/121/31 38/122/31 40/123/31
f 43/121/31 40/123/31 44/124/31
f 43/125/32 41/126/32 34/127/32
f 43/125/32 34/127/32 38/128/32
f 40/129/33 36/130/33 42/131/33
f 40/129/33 42/131/33 44/132/33
f 41/133/34 45/134/34 46/135/34
f 41/133/34 46/135/34 42/136/34
f 47/137/35 43/138/35 44/139/35
f 47/137/35 44/139/35 48/140/35
f 47/141/36 45/142/36 41/143/36
f 47/141/36 41/143/36 43/144/36
f 44/145/37 42/146/37 46/147/37
f 44/145/37 46/147/37 48/148/37
f 47/149/38 45/150/38 46/151/38
f 47/149/38 46/151/38 48/152/38
o barbs
v 1.71796875 -0.02653875 -0.08759937499999995
v 1.68671875 0.19443187499999998 -0.30856999999999996
v 1.78046875 0.260723125 -0.24227937499999996
v 1.81171875 0.03975187499999999 -0.021308124999999956
v 1.74921875 0.680568125 -0.30856999999999996
v 1.65546875 0.614276875 -0.24227937499999996
v 1.62421875 0.835248125 -0.021308124999999956
v 1.71796875 0.90153875 -0.08759937499999995
v 1.68671875 0.25 -0.34453124999999996
v 1.65546875 0.625 -0.34453124999999996
v 1.74921875 0.625 -0.25078124999999996
v 1.78046875 0.25 -0.25078124999999996
v 1.78046875 0.25 -0.34453124999999996
v 1.68671875 0.25 -0.25078124999999996
v 1.65546875 0.625 -0.25078124999999996
v 1.74921875 0.625 -0.34453124999999996
v 1.81171875 -0.02653875 -0.08759937499999995
v 1.71796875 0.03975187499999999 -0.021308124999999956
v 1.68671875 0.260723125 -0.24227937499999996
v 1.78046875 0.19443187499999998 -0.30856999999999996
v 1.65546875 0.680568125 -0.30856999999999996
v 1.62421875 0.90153875 -0.08759937499999995
v 1.71796875 0.835248125 -0.021308124999999956
v 1.74921875 0.614276875 -0.24227937499999996
v 1.87421875 0.19443187499999998 0.6195075000000001
v 1.78046875 0.260723125 0.553216875
v 1.74921875 0.03975187499999999 0.33224562500000004
v 1.84296875 -0.02653875 0.398536875
v 1.84296875 0.90153875 0.398536875
v 1.81171875 0.680568125 0.6195075000000001
v 1.90546875 0.614276875 0.553216875
v 1.93671875 0.835248125 0.33224562500000004
v 1.81171875 0.625 0.65546875
v 1.78046875 0.25 0.65546875
v 1.87421875 0.25 0.56171875
v 1.90546875 0.625 0.56171875
v 1.90546875 0.625 0.65546875
v 1.81171875 0.625 0.56171875
v 1.78046875 0.25 0.56171875
v 1.87421875 0.25 0.65546875
v 1.93671875 0.90153875 0.398536875
v 1.84296875 0.835248125 0.33224562500000004
v 1.81171875 0.614276875 0.553216875
v 1.90546875 0.680568125 0.6195075000000001
v 1.84296875 -0.0625 0.34296875000000004
v 1.74921875 0.03125 0.34296875000000004
v 1.71796875 0.03125 -0.032031249999999956
v 1.81171875 -0.0625 -0.032031249999999956
v 1.74921875 -0.0625 0.34296875000000004
v 1.71796875 -0.0625 -0.032031249999999956
v 1.81171875 0.03125 -0.032031249999999956
v 1.84296875 0.03125 0.34296875000000004
v 1.78046875 0.19443187499999998 0.6195075000000001
v 1.74921875 -0.02653875 0.398536875
v 1.84296875 0.03975187499999999 0.33224562500000004
v 1.87421875 0.260723125 0.553216875
v 1.96796875 0.9375 -0.032031249999999956
v 1.87421875 0.84375 -0.032031249999999956
v 1.84296875 0.84375 0.34296875000000004
v 1.93671875 0.9375 0.34296875000000004
v 1.87421875 0.9375 -0.032031249999999956
v 1.84296875 0.9375 0.34296875000000004
v 1.93671875 0.84375 0.34296875000000004
v 1.96796875 0.84375 -0.032031249999999956
v 1.71796875 -0.02653875 -0.08759937499999995
v 1.81171875 0.03975187499999999 -0.021308124999999956
v 1.78046875 0.260723125 -0.24227937499999996
v 1.68671875 0.19443187499999998 -0.30856999999999996
v 1.74921875 0.680568125 -0.30856999999999996
v 1.71796875 0.90153875 -0.08759937499999995
v 1.62421875 0.835248125 -0.021308124999999956
v 1.65546875 0.614276875 -0.24227937499999996
v 1.68671875 0.25 -0.34453124999999996
v 1.78046875 0.25 -0.25078124999999996
v 1.74921875 0.625 -0.25078124999999996
v 1.65546875 0.625 -0.34453124999999996
v 1.78046875 0.25 -0.34453124999999996
v 1.74921875 0.625 -0.34453124999999996
v 1.65546875 0.625 -0.25078124999999996
v 1.68671875 0.25 -0.25078124999999996
v 1.81171875 -0.02653875 -0.08759937499999995
v 1.78046875 0.19443187499999998 -0.30856999999999996
v 1.68671875 0.260723125 -0.24227937499999996
v 1.71796875 0.03975187499999999 -0.021308124999999956
v 1.65546875 0.680568125 -0.30856999999999996
v 1.74921875 0.614276875 -0.24227937499999996
v 1.71796875 0.835248125 -0.021308124999999956
v 1.62421875 0.90153875 -0.08759937499999995
v 1.87421875 0.19443187499999998 0.6195075000000001
v 1.84296875 -0.02653875 0.398536875
v 1.74921875 0.03975187499999999 0.33224562500000004
v 1.78046875 0.260723125 0.553216875
v 1.84296875 0.90153875 0.398536875
v 1.93671875 0.835248125 0.33224562500000004
v 1.90546875 0.614276875 0.553216875
v 1.81171875 0.680568125 0.6195075000000001
v 1.81171875 0.625 0.65546875
v 1.90546875 0.625 0.56171875
v 1.87421875 0.25 0.56171875
v 1.78046875 0.25 0.65546875
v 1.90546875 0.625 0.65546875
v 1.87421875 0.25 0.65546875
v 1.78046875 0.25 0.56171875
v 1.81171875 0.625 0.56171875
v 1.93671875 0.90153875 0.398536875
v 1.90546875 0.680568125 0.6195075000000001
v 1.81171875 0.614276875 0.553216875
v 1.84296875 0.835248125 0.33224562500000004
v 1.84296875 -0.0625 0.34296875000000004
v 1.81171875 -0.0625 -0.032031249999999956
v 1.71796875 0.03125 -0.032031249999999956
v 1.74921875 0.03125 0.34296875000000004
v 1.74921875 -0.0625 0.34296875000000004
v 1.84296875 0.03125 0.34296875000000004
v 1.81171875 0.03125 -0.032031249999999956
v 1.71796875 -0.0625 -0.032031249999999956
v 1.78046875 0.19443187499999998 0.6195075000000001
v 1.87421875 0.260723125 0.553216875
v 1.84296875 0.03975187499999999 0.33224562500000004
v 1.74921875 -0.02653875 0.398536875
v 1.96796875 0.9375 -0.032031249999999956
v 1.93671875 0.9375 0.34296875000000004
v 1.84296875 0.84375 0.34296875000000004
v 1.87421875 0.84375 -0.032031249999999956
v 1.87421875 0.9375 -0.032031249999999956
v 1.96796875 0.84375 -0.032031249999999956
v 1.93671875 0.84375 0.34296875000000004
v 1.84296875 0.9375 0.34296875000000004
v 1.71796875 0.9375 -0.032031249999999956
v 1.62421875 0.84375 -0.032031249999999956
v 1.60859375 0.84375 0.15546875000000004
v 1.70234375 0.9375 0.15546875000000004
v 1.62421875 0.9375 -0.032031249999999956
v 1.60859375 0.9375 0.15546875000000004
v 1.70234375 0.84375 0.15546875000000004
v 1.71796875 0.84375 -0.032031249999999956
v 1.71796875 0.9375 -0.032031249999999956
v 1.70234375 0.9375 0.15546875000000004
v 1.60859375 0.84375 0.15546875000000004
v 1.62421875 0.84375 -0.032031249999999956
v 1.62421875 0.9375 -0.032031249999999956
v 1.71796875 0.84375 -0.032031249999999956
v 1.70234375 0.84375 0.15546875000000004
v 1.60859375 0.9375 0.15546875000000004
v -0.54765625 0.236865 -0.32890624999999996
v -0.51640625 -0.046875 -0.04516624999999996
v -0.45390624999999996 -0.046875 -0.04516624999999996
v -0.48515624999999996 0.236865 -0.32890624999999996
v -0.62578125 0.921875 0.15546875000000004
v -0.61015625 0.921875 -0.04516624999999996
v -0.54765625 0.921875 -0.04516624999999996
v -0.56328125 0.921875 0.15546875000000004
v -0.48515624999999996 0.26275375 -0.26640624999999996
v -0.45390624999999996 0.015625 -0.019277499999999947
v -0.54765625 0.26275375 -0.26640624999999996
v -0.516405 0.015625 -0.019277499999999947
v -0.57890625 0.638135 -0.32890624999999996
v -0.57890625 0.61224625 -0.26640624999999996
v -0.51640625 0.61224625 -0.26640624999999996
v -0.51640625 0.638135 -0.32890624999999996
v -0.62578125 0.859375 0.15546875000000004
v -0.61015625 0.859375 -0.019277499999999947
v -0.56328125 0.859375 0.15546875000000004
v -0.54765625 0.859375 -0.019277499999999947
v -0.53203125 -0.02653875 -0.08759937499999995
v -0.56328125 0.19443187499999998 -0.30856999999999996
v -0.46953124999999996 0.260723125 -0.24227937499999996
v -0.43828124999999996 0.03975187499999999 -0.021308124999999956
v -0.50078125 0.680568125 -0.30856999999999996
v -0.59453125 0.614276875 -0.24227937499999996
v -0.62578125 0.835248125 -0.021308124999999956
v -0.53203125 0.90153875 -0.08759937499999995
v -0.56328125 0.25 -0.34453124999999996
v -0.59453125 0.625 -0.34453124999999996
v -0.50078125 0.625 -0.25078124999999996
v -0.46953124999999996 0.25 -0.25078124999999996
v -0.46953124999999996 0.25 -0.34453124999999996
v -0.56328125 0.25 -0.25078124999999996
v -0.59453125 0.625 -0.25078124999999996
v -0.50078125 0.625 -0.34453124999999996
v -0.43828124999999996 -0.02653875 -0.08759937499999995
v -0.53203125 0.03975187499999999 -0.021308124999999956
v -0.56328125 0.260723125 -0.24227937499999996
v -0.46953124999999996 0.19443187499999998 -0.30856999999999996
v -0.59453125 0.680568125 -0.30856999999999996
v -0.62578125 0.90153875 -0.08759937499999995
v -0.53203125 0.835248125 -0.021308124999999956
v -0.50078125 0.614276875 -0.24227937499999996
v -0.53203125 -0.02653875 -0.08759937499999995
v -0.43828124999999996 0.03975187499999999 -0.021308124999999956
v -0.46953124999999996 0.260723125 -0.24227937499999996
v -0.56328125 0.19443187499999998 -0.30856999999999996
v -0.50078125 0.680568125 -0.30856999999999996
v -0.53203125 0.90153875 -0.08759937499999995
v -0.62578125 0.835248125 -0.021308124999999956
v -0.59453125 0.614276875 -0.24227937499999996
v -0.56328125 0.25 -0.34453124999999996
v -0.46953124999999996 0.25 -0.25078124999999996
v -0.50078125 0.625 -0.25078124999999996
v -0.59453125 0.625 -0.34453124999999996
v -0.46953124999999996 0.25 -0.34453124999999996
v -0.50078125 0.625 -0.34453124999999996
v -0.59453125 0.625 -0.25078124999999996
v -0.56328125 0.25 -0.25078124999999996
v -0.43828124999999996 -0.02653875 -0.08759937499999995
v -0.46953124999999996 0.19443187499999998 -0.30856999999999996
v -0.56328125 0.260723125 -0.24227937499999996
v -0.53203125 0.03975187499999999 -0.021308124999999956
v -0.59453125 0.680568125 -0.30856999999999996
v -0.50078125 0.614276875 -0.24227937499999996
v -0.53203125 0.835248125 -0.021308124999999956
v -0.62578125 0.90153875 -0.08759937499999995
v -0.53203125 0.9375 -0.032031249999999956
v -0.62578125 0.84375 -0.032031249999999956
v -0.64140625 0.84375 0.15546875000000004
v -0.54765625 0.9375 0.15546875000000004
v -0.62578125 0.9375 -0.032031249999999956
v -0.64140625 0.9375 0.15546875000000004
v -0.54765625 0.84375 0.15546875000000004
v -0.53203125 0.84375 -0.032031249999999956
v -0.53203125 0.9375 -0.032031249999999956
v -0.54765625 0.9375 0.15546875000000004
v -0.64140625 0.84375 0.15546875000000004
v -0.62578125 0.84375 -0.032031249999999956
v -0.62578125 0.9375 -0.032031249999999956
v -0.53203125 0.84375 -0.032031249999999956
v -0.54765625 0.84375 0.15546875000000004
v -0.64140625 0.9375 0.15546875000000004
v -0.82890625 0.61224625 -0.26640624999999996
v -0.79765625 0.26275375 -0.26640624999999996
v -0.79765625 0.236865 -0.32890624999999996
v -0.82890625 0.638135 -0.32890624999999996
v -0.76640625 0.61224625 -0.26640624999999996
v -0.76640625 0.638135 -0.32890624999999996
v -0.73515625 0.236865 -0.32890624999999996
v -0.73515625 0.26275375 -0.26640624999999996
v -0.89140625 0.921875 0.35610375000000005
v -0.82890625 0.921875 0.35610375000000005
v -0.89140625 0.859375 0.33021500000000004
v -0.82890625 0.859375 0.33021500000000004
v -0.79765625 0.859375 -0.019277499999999947
v -0.86015625 0.859375 -0.019277499999999947
v -0.70390625 0.26275375 0.57734375
v -0.64140625 0.26275375 0.57734375
v -0.61015625 0.61224625 0.57734375
v -0.67265625 0.61224625 0.57734375
v -0.64140625 0.236865 0.63984375
v -0.61015625 0.638135 0.63984375
v -0.67265625 0.638135 0.63984375
v -0.70390625 0.236865 0.63984375
v -0.76640625 -0.046875 -0.04516624999999996
v -0.73515625 -0.046875 0.35610375000000005
v -0.67265625 -0.046875 0.35610375000000005
v -0.70390625 -0.046875 -0.04516624999999996
v -0.76640625 0.015625 -0.019277499999999947
v -0.73515625 0.015625 0.33021500000000004
v -0.70390625 0.015625 -0.019277499999999947
v -0.67265625 0.015625 0.33021500000000004
v -0.86015625 0.921875 -0.04516624999999996
v -0.79765625 0.921875 -0.04516624999999996
v -0.57890625 0.859375 0.33021500000000004
v -0.64140625 0.859375 0.33021500000000004
v -0.57890625 0.921875 0.35610375000000005
v -0.64140625 0.921875 0.35610375000000005
v -0.62578125 0.921875 0.15546875000000004
v -0.56328125 0.921875 0.15546875000000004
v -0.62578125 0.859375 0.15546875000000004
v -0.56328125 0.859375 0.15546875000000004
v -0.81328125 0.25 -0.34453124999999996
v -0.78203125 -0.02653875 -0.08759937499999995
v -0.81328125 0.19443187499999998 -0.30856999999999996
v -0.71953125 0.260723125 -0.24227937499999996
v -0.68828125 0.03975187499999999 -0.021308124999999956
v -0.75078125 0.680568125 -0.30856999999999996
v -0.84453125 0.614276875 -0.24227937499999996
v -0.87578125 0.835248125 -0.021308124999999956
v -0.78203125 0.90153875 -0.08759937499999995
v -0.81328125 0.25 -0.34453124999999996
v -0.84453125 0.625 -0.34453124999999996
v -0.75078125 0.625 -0.25078124999999996
v -0.71953125 0.25 -0.25078124999999996
v -0.71953125 0.25 -0.34453124999999996
v -0.81328125 0.25 -0.25078124999999996
v -0.84453125 0.625 -0.25078124999999996
v -0.75078125 0.625 -0.34453124999999996
v -0.68828125 -0.02653875 -0.08759937499999995
v -0.78203125 0.03975187499999999 -0.021308124999999956
v -0.81328125 0.260723125 -0.24227937499999996
v -0.71953125 0.19443187499999998 -0.30856999999999996
v -0.78203125 0.9375 -0.032031249999999956
v -0.87578125 0.84375 -0.032031249999999956
v -0.90703125 0.84375 0.34296875000000004
v -0.81328125 0.9375 0.34296875000000004
v -0.87578125 0.9375 -0.032031249999999956
v -0.90703125 0.9375 0.34296875000000004
v -0.81328125 0.84375 0.34296875000000004
v -0.78203125 0.84375 -0.032031249999999956
v -0.84453125 0.680568125 -0.30856999999999996
v -0.87578125 0.90153875 -0.08759937499999995
v -0.78203125 0.835248125 -0.021308124999999956
v -0.75078125 0.614276875 -0.24227937499999996
v -0.62578125 0.19443187499999998 0.6195075000000001
v -0.71953125 0.260723125 0.553216875
v -0.75078125 0.03975187499999999 0.33224562500000004
v -0.65703125 -0.02653875 0.398536875
v -0.65703125 0.90153875 0.398536875
v -0.68828125 0.680568125 0.6195075000000001
v -0.59453125 0.614276875 0.553216875
v -0.56328125 0.835248125 0.33224562500000004
v -0.68828125 0.625 0.65546875
v -0.71953125 0.25 0.65546875
v -0.62578125 0.25 0.56171875
v -0.59453125 0.625 0.56171875
v -0.59453125 0.625 0.65546875
v -0.68828125 0.625 0.56171875
v -0.71953125 0.25 0.56171875
v -0.62578125 0.25 0.65546875
v -0.56328125 0.90153875 0.398536875
v -0.65703125 0.835248125 0.33224562500000004
v -0.68828125 0.614276875 0.553216875
v -0.59453125 0.680568125 0.6195075000000001
v -0.65703125 -0.0625 0.34296875000000004
v -0.75078125 0.03125 0.34296875000000004
v -0.78203125 0.03125 -0.032031249999999956
v -0.68828125 -0.0625 -0.032031249999999956
v -0.75078125 -0.0625 0.34296875000000004
v -0.78203125 -0.0625 -0.032031249999999956
v -0.68828125 0.03125 -0.032031249999999956
v -0.65703125 0.03125 0.34296875000000004
v -0.71953125 0.19443187499999998 0.6195075000000001
v -0.75078125 -0.02653875 0.398536875
v -0.65703125 0.03975187499999999 0.33224562500000004
v -0.62578125 0.260723125 0.553216875
v -0.54765625 0.9375 0.15546875000000004
v -0.64140625 0.84375 0.15546875000000004
v -0.65703125 0.84375 0.34296875000000004
v -0.56328125 0.9375 0.34296875000000004
v -0.64140625 0.9375 0.15546875000000004
v -0.65703125 0.9375 0.34296875000000004
v -0.56328125 0.84375 0.34296875000000004
v -0.54765625 0.84375 0.15546875000000004
v -0.78203125 -0.02653875 -0.08759937499999995
v -0.68828125 0.03975187499999999 -0.021308124999999956
v -0.71953125 0.260723125 -0.24227937499999996
v -0.81328125 0.19443187499999998 -0.30856999999999996
v -0.75078125 0.680568125 -0.30856999999999996
v -0.78203125 0.90153875 -0.08759937499999995
v -0.87578125 0.835248125 -0.021308124999999956
v -0.84453125 0.614276875 -0.24227937499999996
v -0.71953125 0.25 -0.25078124999999996
v -0.75078125 0.625 -0.25078124999999996
v -0.84453125 0.625 -0.34453124999999996
v -0.71953125 0.25 -0.34453124999999996
v -0.75078125 0.625 -0.34453124999999996
v -0.84453125 0.625 -0.25078124999999996
v -0.81328125 0.25 -0.25078124999999996
v -0.68828125 -0.02653875 -0.08759937499999995
v -0.71953125 0.19443187499999998 -0.30856999999999996
v -0.81328125 0.260723125 -0.24227937499999996
v -0.78203125 0.03975187499999999 -0.021308124999999956
v -0.78203125 0.9375 -0.032031249999999956
v -0.81328125 0.9375 0.34296875000000004
v -0.90703125 0.84375 0.34296875000000004
v -0.87578125 0.84375 -0.032031249999999956
v -0.87578125 0.9375 -0.032031249999999956
v -0.78203125 0.84375 -0.032031249999999956
v -0.81328125 0.84375 0.34296875000000004
v -0.90703125 0.9375 0.34296875000000004
v -0.84453125 0.680568125 -0.30856999999999996
v -0.75078125 0.614276875 -0.24227937499999996
v -0.78203125 0.835248125 -0.021308124999999956
v -0.87578125 0.90153875 -0.08759937499999995
v -0.62578125 0.19443187499999998 0.6195075000000001
v -0.65703125 -0.02653875 0.398536875
v -0.75078125 0.03975187499999999 0.33224562500000004
v -0.71953125 0.260723125 0.553216875
v -0.65703125 0.90153875 0.398536875
v -0.56328125 0.835248125 0.33224562500000004
v -0.59453125 0.614276875 0.553216875
v -0.68828125 0.680568125 0.6195075000000001
v -0.68828125 0.625 0.65546875
v -0.59453125 0.625 0.56171875
v -0.62578125 0.25 0.56171875
v -0.71953125 0.25 0.65546875
v -0.59453125 0.625 0.65546875
v -0.62578125 0.25 0.65546875
v -0.71953125 0.25 0.56171875
v -0.68828125 0.625 0.56171875
v -0.56328125 0.90153875 0.398536875
v -0.59453125 0.680568125 0.6195075000000001
v -0.68828125 0.614276875 0.553216875
v -0.65703125 0.835248125 0.33224562500000004
v -0.65703125 -0.0625 0.34296875000000004
v -0.68828125 -0.0625 -0.032031249999999956
v -0.78203125 0.03125 -0.032031249999999956
v -0.75078125 0.03125 0.34296875000000004
v -0.75078125 -0.0625 0.34296875000000004
v -0.65703125 0.03125 0.34296875000000004
v -0.68828125 0.03125 -0.032031249999999956
v -0.78203125 -0.0625 -0.032031249999999956
v -0.71953125 0.19443187499999998 0.6195075000000001
v -0.62578125 0.260723125 0.553216875
v -0.65703125 0.03975187499999999 0.33224562500000004
v -0.75078125 -0.02653875 0.398536875
v -0.54765625 0.9375 0.15546875000000004
v -0.56328125 0.9375 0.34296875000000004
v -0.65703125 0.84375 0.34296875000000004
v -0.64140625 0.84375 0.15546875000000004
v -0.64140625 0.9375 0.15546875000000004
v -0.54765625 0.84375 0.15546875000000004
v -0.56328125 0.84375 0.34296875000000004
v -0.65703125 0.9375 0.34296875000000004
v 0.45234375 0.236865 -0.32890624999999996
v 0.48359375 -0.046875 -0.04516624999999996
v 0.54609375 -0.046875 -0.04516624999999996
v 0.51484375 0.236865 -0.32890624999999996
v 0.37421875 0.921875 0.15546875000000004
v 0.38984375 0.921875 -0.04516624999999996
v 0.45234375 0.921875 -0.04516624999999996
v 0.43671875 0.921875 0.15546875000000004
v 0.51484375 0.26275375 -0.26640624999999996
v 0.54609375 0.015625 -0.019277499999999947
v 0.45234375 0.26275375 -0.26640624999999996
v 0.483595 0.015625 -0.019277499999999947
v 0.42109375 0.638135 -0.32890624999999996
v 0.42109375 0.61224625 -0.26640624999999996
v 0.48359375 0.61224625 -0.26640624999999996
v 0.48359375 0.638135 -0.32890624999999996
v 0.37421875 0.859375 0.15546875000000004
v 0.38984375 0.859375 -0.019277499999999947
v 0.43671875 0.859375 0.15546875000000004
v 0.45234375 0.859375 -0.019277499999999947
v 0.46796875 -0.02653875 -0.08759937499999995
v 0.43671875 0.19443187499999998 -0.30856999999999996
v 0.53046875 0.260723125 -0.24227937499999996
v 0.56171875 0.03975187499999999 -0.021308124999999956
v 0.49921875 0.680568125 -0.30856999999999996
v 0.40546875 0.614276875 -0.24227937499999996
v 0.37421875 0.835248125 -0.021308124999999956
v 0.46796875 0.90153875 -0.08759937499999995
v 0.43671875 0.25 -0.34453124999999996
v 0.40546875 0.625 -0.34453124999999996
v 0.49921875 0.625 -0.25078124999999996
v 0.53046875 0.25 -0.25078124999999996
v 0.53046875 0.25 -0.34453124999999996
v 0.43671875 0.25 -0.25078124999999996
v 0.40546875 0.625 -0.25078124999999996
v 0.49921875 0.625 -0.34453124999999996
v 0.56171875 -0.02653875 -0.08759937499999995
v 0.46796875 0.03975187499999999 -0.021308124999999956
v 0.43671875 0.260723125 -0.24227937499999996
v 0.53046875 0.19443187499999998 -0.30856999999999996
v 0.40546875 0.680568125 -0.30856999999999996
v 0.37421875 0.90153875 -0.08759937499999995
v 0.46796875 0.835248125 -0.021308124999999956
v 0.49921875 0.614276875 -0.24227937499999996
v 0.46796875 -0.02653875 -0.08759937499999995
v 0.56171875 0.03975187499999999 -0.021308124999999956
v 0.53046875 0.260723125 -0.24227937499999996
v 0.43671875 0.19443187499999998 -0.30856999999999996
v 0.49921875 0.680568125 -0.30856999999999996
v 0.46796875 0.90153875 -0.08759937499999995
v 0.37421875 0.835248125 -0.021308124999999956
v 0.40546875 0.614276875 -0.24227937499999996
v 0.43671875 0.25 -0.34453124999999996
v 0.53046875 0.25 -0.25078124999999996
v 0.49921875 0.625 -0.25078124999999996
v 0.40546875 0.625 -0.34453124999999996
v 0.53046875 0.25 -0.34453124999999996
v 0.49921875 0.625 -0.34453124999999996
v 0.40546875 0.625 -0.25078124999999996
v 0.43671875 0.25 -0.25078124999999996
v 0.56171875 -0.02653875 -0.08759937499999995
v 0.53046875 0.19443187499999998 -0.30856999999999996
v 0.43671875 0.260723125 -0.24227937499999996
v 0.46796875 0.03975187499999999 -0.021308124999999956
v 0.40546875 0.680568125 -0.30856999999999996
v 0.49921875 0.614276875 -0.24227937499999996
v 0.46796875 0.835248125 -0.021308124999999956
v 0.37421875 0.90153875 -0.08759937499999995
v 0.46796875 0.9375 -0.032031249999999956
v 0.37421875 0.84375 -0.032031249999999956
v 0.35859375 0.84375 0.15546875000000004
v 0.45234375 0.9375 0.15546875000000004
v 0.37421875 0.9375 -0.032031249999999956
v 0.35859375 0.9375 0.15546875000000004
v 0.45234375 0.84375 0.15546875000000004
v 0.46796875 0.84375 -0.032031249999999956
v 0.46796875 0.9375 -0.032031249999999956
v 0.45234375 0.9375 0.15546875000000004
v 0.35859375 0.84375 0.15546875000000004
v 0.37421875 0.84375 -0.032031249999999956
v 0.37421875 0.9375 -0.032031249999999956
v 0.46796875 0.84375 -0.032031249999999956
v 0.45234375 0.84375 0.15546875000000004
v 0.35859375 0.9375 0.15546875000000004
v -0.37578124999999996 0.921875 0.15546875000000004
v -0.36015624999999996 0.921875 -0.04516624999999996
v -0.29765624999999996 0.921875 -0.04516624999999996
v -0.31328124999999996 0.921875 0.15546875000000004
v -0.32890624999999996 0.61224625 -0.26640624999999996
v -0.29765624999999996 0.26275375 -0.26640624999999996
v -0.29765624999999996 0.236865 -0.32890624999999996
v -0.32890624999999996 0.638135 -0.32890624999999996
v -0.26640624999999996 0.61224625 -0.26640624999999996
v -0.26640624999999996 0.638135 -0.32890624999999996
v -0.23515624999999996 0.236865 -0.32890624999999996
v -0.23515624999999996 0.26275375 -0.26640624999999996
v -0.07890625000000001 0.61224625 -0.26640624999999996
v -0.04765625000000001 0.26275375 -0.26640624999999996
v -0.04765625000000001 0.236865 -0.32890624999999996
v -0.07890625000000001 0.638135 -0.32890624999999996
v -0.01640625000000001 0.61224625 -0.26640624999999996
v 0.014843749999999989 0.26275375 -0.26640624999999996
v -0.20390624999999996 0.26275375 0.57734375
v -0.14140624999999996 0.26275375 0.57734375
v -0.11015625000000001 0.61224625 0.57734375
v -0.17265624999999996 0.61224625 0.57734375
v -0.17265624999999996 0.638135 0.63984375
v -0.20390624999999996 0.236865 0.63984375
v -0.26640624999999996 -0.046875 -0.04516624999999996
v -0.23515624999999996 -0.046875 0.35610375000000005
v -0.17265624999999996 -0.046875 0.35610375000000005
v -0.20390624999999996 -0.046875 -0.04516624999999996
v -0.14140624999999996 0.921875 0.35610375000000005
v -0.07890625000000001 0.921875 0.35610375000000005
v -0.11015625000000001 0.638135 0.63984375
v -0.26640624999999996 0.015625 -0.019277499999999947
v -0.23515624999999996 0.015625 0.33021500000000004
v -0.20390624999999996 0.015625 -0.019277499999999947
v -0.17265624999999996 0.015625 0.33021500000000004
v -0.14140624999999996 0.859375 0.33021500000000004
v -0.07890625000000001 0.859375 0.33021500000000004
v -0.04765625000000001 0.859375 -0.019277499999999947
v -0.11015625000000001 0.859375 -0.019277499999999947
v 0.17109375 0.61224625 -0.26640624999999996
v 0.20234375 0.26275375 -0.26640624999999996
v 0.20234375 0.236865 -0.32890624999999996
v 0.17109375 0.638135 -0.32890624999999996
v 0.23359375 0.61224625 -0.26640624999999996
v 0.23359375 0.638135 -0.32890624999999996
v 0.26484375 0.236865 -0.32890624999999996
v 0.26484375 0.26275375 -0.26640624999999996
v 0.04609374999999999 0.26275375 0.57734375
v 0.10859374999999999 0.26275375 0.57734375
v 0.13984375 0.61224625 0.57734375
v 0.07734374999999999 0.61224625 0.57734375
v 0.07734374999999999 0.638135 0.63984375
v 0.04609374999999999 0.236865 0.63984375
v -0.01640625000000001 -0.046875 -0.04516624999999996
v 0.014843749999999989 -0.046875 0.35610375000000005
v 0.07734374999999999 -0.046875 0.35610375000000005
v 0.04609374999999999 -0.046875 -0.04516624999999996
v 0.10859374999999999 0.921875 0.35610375000000005
v 0.17109375 0.921875 0.35610375000000005
v 0.13984375 0.638135 0.63984375
v -0.01640625000000001 0.015625 -0.019277499999999947
v 0.014843749999999989 0.015625 0.33021500000000004
v 0.04609374999999999 0.015625 -0.019277499999999947
v 0.07734374999999999 0.015625 0.33021500000000004
v 0.10859374999999999 0.859375 0.33021500000000004
v 0.17109375 0.859375 0.33021500000000004
v 0.20234375 0.859375 -0.019277499999999947
v 0.13984375 0.859375 -0.019277499999999947
v 0.29609375 0.26275375 0.57734375
v 0.35859375 0.26275375 0.57734375
v 0.38984375 0.61224625 0.57734375
v 0.32734375 0.61224625 0.57734375
v 0.35859375 0.236865 0.63984375
v 0.38984375 0.638135 0.63984375
v 0.32734375 0.638135 0.63984375
v 0.29609375 0.236865 0.63984375
v 0.23359375 -0.046875 -0.04516624999999996
v 0.26484375 -0.046875 0.35610375000000005
v 0.32734375 -0.046875 0.35610375000000005
v 0.29609375 -0.046875 -0.04516624999999996
v 0.23359375 0.015625 -0.019277499999999947
v 0.26484375 0.015625 0.33021500000000004
v 0.29609375 0.015625 -0.019277499999999947
v 0.32734375 0.015625 0.33021500000000004
v -0.36015624999999996 0.859375 -0.019277499999999947
v -0.29765624999999996 0.859375 -0.019277499999999947
v 0.014843749999999989 0.236865 -0.32890624999999996
v -0.11015625000000001 0.921875 -0.04516624999999996
v -0.04765625000000001 0.921875 -0.04516624999999996
v -0.01640625000000001 0.638135 -0.32890624999999996
v -0.14140624999999996 0.236865 0.63984375
v 0.13984375 0.921875 -0.04516624999999996
v 0.20234375 0.921875 -0.04516624999999996
v 0.10859374999999999 0.236865 0.63984375
v 0.42109375 0.859375 0.33021500000000004
v 0.35859375 0.859375 0.33021500000000004
v 0.42109375 0.921875 0.35610375000000005
v 0.35859375 0.921875 0.35610375000000005
v 0.37421875 0.921875 0.15546875000000004
v 0.43671875 0.921875 0.15546875000000004
v 0.37421875 0.859375 0.15546875000000004
v 0.43671875 0.859375 0.15546875000000004
v -0.31328124999999996 0.859375 0.15546875000000004
v -0.37578124999999996 0.859375 0.15546875000000004
v -0.45390624999999996 0.26275375 0.57734375
v -0.39140624999999996 0.26275375 0.57734375
v -0.36015624999999996 0.61224625 0.57734375
v -0.42265624999999996 0.61224625 0.57734375
v -0.42265624999999996 0.638135 0.63984375
v -0.45390624999999996 0.236865 0.63984375
v -0.51640625 -0.046875 -0.04516624999999996
v -0.48515624999999996 -0.046875 0.35610375000000005
v -0.42265624999999996 -0.046875 0.35610375000000005
v -0.45390624999999996 -0.046875 -0.04516624999999996
v -0.51640625 0.015625 -0.019277499999999947
v -0.48515624999999996 0.015625 0.33021500000000004
v -0.45390624999999996 0.015625 -0.019277499999999947
v -0.42265624999999996 0.015625 0.33021500000000004
v -0.39140624999999996 0.236865 0.63984375
v -0.36015624999999996 0.638135 0.63984375
v -0.32890624999999996 0.859375 0.33021500000000004
v -0.39140624999999996 0.859375 0.33021500000000004
v -0.32890624999999996 0.921875 0.35610375000000005
v -0.39140624999999996 0.921875 0.35610375000000005
v -0.37578124999999996 0.921875 0.15546875000000004
v -0.31328124999999996 0.921875 0.15546875000000004
v -0.37578124999999996 0.859375 0.15546875000000004
v -0.31328124999999996 0.859375 0.15546875000000004
v 0.18671875 0.25 -0.34453124999999996
v -0.28203124999999996 -0.02653875 -0.08759937499999995
v -0.31328124999999996 0.19443187499999998 -0.30856999999999996
v -0.21953124999999996 0.260723125 -0.24227937499999996
v -0.18828124999999996 0.03975187499999999 -0.021308124999999956
v 0.21796875 -0.02653875 -0.08759937499999995
v 0.18671875 0.19443187499999998 -0.30856999999999996
v 0.28046875 0.260723125 -0.24227937499999996
v 0.31171875 0.03975187499999999 -0.021308124999999956
v -0.25078124999999996 0.680568125 -0.30856999999999996
v -0.34453124999999996 0.614276875 -0.24227937499999996
v -0.37578124999999996 0.835248125 -0.021308124999999956
v -0.28203124999999996 0.90153875 -0.08759937499999995
v -0.31328124999999996 0.25 -0.34453124999999996
v -0.34453124999999996 0.625 -0.34453124999999996
v -0.25078124999999996 0.625 -0.25078124999999996
v -0.21953124999999996 0.25 -0.25078124999999996
v -0.21953124999999996 0.25 -0.34453124999999996
v -0.31328124999999996 0.25 -0.25078124999999996
v -0.34453124999999996 0.625 -0.25078124999999996
v -0.25078124999999996 0.625 -0.34453124999999996
v -0.18828124999999996 -0.02653875 -0.08759937499999995
v -0.28203124999999996 0.03975187499999999 -0.021308124999999956
v -0.31328124999999996 0.260723125 -0.24227937499999996
v -0.21953124999999996 0.19443187499999998 -0.30856999999999996
v -0.34453124999999996 0.680568125 -0.30856999999999996
v -0.37578124999999996 0.90153875 -0.08759937499999995
v -0.28203124999999996 0.835248125 -0.021308124999999956
v -0.25078124999999996 0.614276875 -0.24227937499999996
v -0.03203125000000001 -0.02653875 -0.08759937499999995
v -0.06328125000000001 0.19443187499999998 -0.30856999999999996
v 0.03046874999999999 0.260723125 -0.24227937499999996
v 0.06171874999999999 0.03975187499999999 -0.021308124999999956
v -0.12578125 0.19443187499999998 0.6195075000000001
v -0.21953124999999996 0.260723125 0.553216875
v -0.25078124999999996 0.03975187499999999 0.33224562500000004
v -0.15703124999999996 -0.02653875 0.398536875
v -0.0007812500000000111 0.680568125 -0.30856999999999996
v -0.09453125000000001 0.614276875 -0.24227937499999996
v -0.12578125 0.835248125 -0.021308124999999956
v -0.03203125000000001 0.90153875 -0.08759937499999995
v -0.15703124999999996 0.90153875 0.398536875
v -0.18828124999999996 0.680568125 0.6195075000000001
v -0.09453125000000001 0.614276875 0.553216875
v -0.06328125000000001 0.835248125 0.33224562500000004
v -0.18828124999999996 0.625 0.65546875
v -0.21953124999999996 0.25 0.65546875
v -0.12578125 0.25 0.56171875
v -0.09453125000000001 0.625 0.56171875
v -0.09453125000000001 0.625 0.65546875
v -0.18828124999999996 0.625 0.56171875
v -0.21953124999999996 0.25 0.56171875
v -0.12578125 0.25 0.65546875
v -0.06328125000000001 0.90153875 0.398536875
v -0.15703124999999996 0.835248125 0.33224562500000004
v -0.18828124999999996 0.614276875 0.553216875
v -0.09453125000000001 0.680568125 0.6195075000000001
v -0.15703124999999996 -0.0625 0.34296875000000004
v -0.25078124999999996 0.03125 0.34296875000000004
v -0.28203124999999996 0.03125 -0.032031249999999956
v -0.18828124999999996 -0.0625 -0.032031249999999956
v -0.25078124999999996 -0.0625 0.34296875000000004
v -0.28203124999999996 -0.0625 -0.032031249999999956
v -0.18828124999999996 0.03125 -0.032031249999999956
v -0.15703124999999996 0.03125 0.34296875000000004
v -0.21953124999999996 0.19443187499999998 0.6195075000000001
v -0.25078124999999996 -0.02653875 0.398536875
v -0.15703124999999996 0.03975187499999999 0.33224562500000004
v -0.12578125 0.260723125 0.553216875
v -0.06328125000000001 0.25 -0.34453124999999996
v -0.09453125000000001 0.625 -0.34453124999999996
v -0.0007812500000000111 0.625 -0.25078124999999996
v 0.03046874999999999 0.25 -0.25078124999999996
v 0.03046874999999999 0.25 -0.34453124999999996
v -0.06328125000000001 0.25 -0.25078124999999996
v -0.09453125000000001 0.625 -0.25078124999999996
v -0.0007812500000000111 0.625 -0.34453124999999996
v 0.06171874999999999 -0.02653875 -0.08759937499999995
v -0.03203125000000001 0.03975187499999999 -0.021308124999999956
v -0.06328125000000001 0.260723125 -0.24227937499999996
v 0.03046874999999999 0.19443187499999998 -0.30856999999999996
v -0.03203125000000001 0.9375 -0.032031249999999956
v -0.12578125 0.84375 -0.032031249999999956
v -0.15703124999999996 0.84375 0.34296875000000004
v -0.06328125000000001 0.9375 0.34296875000000004
v -0.12578125 0.9375 -0.032031249999999956
v -0.15703124999999996 0.9375 0.34296875000000004
v -0.06328125000000001 0.84375 0.34296875000000004
v -0.03203125000000001 0.84375 -0.032031249999999956
v -0.09453125000000001 0.680568125 -0.30856999999999996
v -0.12578125 0.90153875 -0.08759937499999995
v -0.03203125000000001 0.835248125 -0.021308124999999956
v -0.0007812500000000111 0.614276875 -0.24227937499999996
v 0.12421874999999999 0.19443187499999998 0.6195075000000001
v 0.03046874999999999 0.260723125 0.553216875
v -0.0007812500000000111 0.03975187499999999 0.33224562500000004
v 0.09296874999999999 -0.02653875 0.398536875
v 0.24921875 0.680568125 -0.30856999999999996
v 0.15546875 0.614276875 -0.24227937499999996
v 0.12421874999999999 0.835248125 -0.021308124999999956
v 0.21796875 0.90153875 -0.08759937499999995
v 0.09296874999999999 0.90153875 0.398536875
v 0.06171874999999999 0.680568125 0.6195075000000001
v 0.15546875 0.614276875 0.553216875
v 0.18671875 0.835248125 0.33224562500000004
v 0.06171874999999999 0.625 0.65546875
v 0.03046874999999999 0.25 0.65546875
v 0.12421874999999999 0.25 0.56171875
v 0.15546875 0.625 0.56171875
v 0.15546875 0.625 0.65546875
v 0.06171874999999999 0.625 0.56171875
v 0.03046874999999999 0.25 0.56171875
v 0.12421874999999999 0.25 0.65546875
v 0.18671875 0.90153875 0.398536875
v 0.09296874999999999 0.835248125 0.33224562500000004
v 0.06171874999999999 0.614276875 0.553216875
v 0.15546875 0.680568125 0.6195075000000001
v 0.09296874999999999 -0.0625 0.34296875000000004
v -0.0007812500000000111 0.03125 0.34296875000000004
v -0.03203125000000001 0.03125 -0.032031249999999956
v 0.06171874999999999 -0.0625 -0.032031249999999956
v -0.0007812500000000111 -0.0625 0.34296875000000004
v -0.03203125000000001 -0.0625 -0.032031249999999956
v 0.06171874999999999 0.03125 -0.032031249999999956
v 0.09296874999999999 0.03125 0.34296875000000004
v 0.03046874999999999 0.19443187499999998 0.6195075000000001
v -0.0007812500000000111 -0.02653875 0.398536875
v 0.09296874999999999 0.03975187499999999 0.33224562500000004
v 0.12421874999999999 0.260723125 0.553216875
v 0.18671875 0.25 -0.34453124999999996
v 0.15546875 0.625 -0.34453124999999996
v 0.24921875 0.625 -0.25078124999999996
v 0.28046875 0.25 -0.25078124999999996
v 0.28046875 0.25 -0.34453124999999996
v 0.18671875 0.25 -0.25078124999999996
v 0.15546875 0.625 -0.25078124999999996
v 0.24921875 0.625 -0.34453124999999996
v 0.31171875 -0.02653875 -0.08759937499999995
v 0.21796875 0.03975187499999999 -0.021308124999999956
v 0.18671875 0.260723125 -0.24227937499999996
v 0.28046875 0.19443187499999998 -0.30856999999999996
v 0.21796875 0.9375 -0.032031249999999956
v 0.12421874999999999 0.84375 -0.032031249999999956
v 0.09296874999999999 0.84375 0.34296875000000004
v 0.18671875 0.9375 0.34296875000000004
v 0.12421874999999999 0.9375 -0.032031249999999956
v 0.09296874999999999 0.9375 0.34296875000000004
v 0.18671875 0.84375 0.34296875000000004
v 0.21796875 0.84375 -0.032031249999999956
v 0.15546875 0.680568125 -0.30856999999999996
v 0.12421874999999999 0.90153875 -0.08759937499999995
v 0.21796875 0.835248125 -0.021308124999999956
v 0.24921875 0.614276875 -0.24227937499999996
v 0.37421875 0.19443187499999998 0.6195075000000001
v 0.28046875 0.260723125 0.553216875
v 0.24921875 0.03975187499999999 0.33224562500000004
v 0.34296875 -0.02653875 0.398536875
v 0.34296875 0.90153875 0.398536875
v 0.31171875 0.680568125 0.6195075000000001
v 0.40546875 0.614276875 0.553216875
v 0.43671875 0.835248125 0.33224562500000004
v 0.31171875 0.625 0.65546875
v 0.28046875 0.25 0.65546875
v 0.37421875 0.25 0.56171875
v 0.40546875 0.625 0.56171875
v 0.40546875 0.625 0.65546875
v 0.31171875 0.625 0.56171875
v 0.28046875 0.25 0.56171875
v 0.37421875 0.25 0.65546875
v 0.43671875 0.90153875 0.398536875
v 0.34296875 0.835248125 0.33224562500000004
v 0.31171875 0.614276875 0.553216875
v 0.40546875 0.680568125 0.6195075000000001
v 0.34296875 -0.0625 0.34296875000000004
v 0.24921875 0.03125 0.34296875000000004
v 0.21796875 0.03125 -0.032031249999999956
v 0.31171875 -0.0625 -0.032031249999999956
v 0.24921875 -0.0625 0.34296875000000004
v 0.21796875 -0.0625 -0.032031249999999956
v 0.31171875 0.03125 -0.032031249999999956
v 0.34296875 0.03125 0.34296875000000004
v 0.28046875 0.19443187499999998 0.6195075000000001
v 0.24921875 -0.02653875 0.398536875
v 0.34296875 0.03975187499999999 0.33224562500000004
v 0.37421875 0.260723125 0.553216875
v 0.45234375 0.9375 0.15546875000000004
v 0.35859375 0.84375 0.15546875000000004
v 0.34296875 0.84375 0.34296875000000004
v 0.43671875 0.9375 0.34296875000000004
v 0.35859375 0.9375 0.15546875000000004
v 0.34296875 0.9375 0.34296875000000004
v 0.43671875 0.84375 0.34296875000000004
v 0.45234375 0.84375 0.15546875000000004
v -0.28203124999999996 -0.02653875 -0.08759937499999995
v -0.18828124999999996 0.03975187499999999 -0.021308124999999956
v -0.21953124999999996 0.260723125 -0.24227937499999996
v -0.31328124999999996 0.19443187499999998 -0.30856999999999996
v 0.21796875 -0.02653875 -0.08759937499999995
v 0.31171875 0.03975187499999999 -0.021308124999999956
v 0.28046875 0.260723125 -0.24227937499999996
v 0.18671875 0.19443187499999998 -0.30856999999999996
v -0.25078124999999996 0.680568125 -0.30856999999999996
v -0.28203124999999996 0.90153875 -0.08759937499999995
v -0.37578124999999996 0.835248125 -0.021308124999999956
v -0.34453124999999996 0.614276875 -0.24227937499999996
v -0.31328124999999996 0.25 -0.34453124999999996
v -0.21953124999999996 0.25 -0.25078124999999996
v -0.25078124999999996 0.625 -0.25078124999999996
v -0.34453124999999996 0.625 -0.34453124999999996
v -0.21953124999999996 0.25 -0.34453124999999996
v -0.25078124999999996 0.625 -0.34453124999999996
v -0.34453124999999996 0.625 -0.25078124999999996
v -0.31328124999999996 0.25 -0.25078124999999996
v -0.18828124999999996 -0.02653875 -0.08759937499999995
v -0.21953124999999996 0.19443187499999998 -0.30856999999999996
v -0.31328124999999996 0.260723125 -0.24227937499999996
v -0.28203124999999996 0.03975187499999999 -0.021308124999999956
v -0.34453124999999996 0.680568125 -0.30856999999999996
v -0.25078124999999996 0.614276875 -0.24227937499999996
v -0.28203124999999996 0.835248125 -0.021308124999999956
v -0.37578124999999996 0.90153875 -0.08759937499999995
v -0.03203125000000001 -0.02653875 -0.08759937499999995
v 0.06171874999999999 0.03975187499999999 -0.021308124999999956
v 0.03046874999999999 0.260723125 -0.24227937499999996
v -0.06328125000000001 0.19443187499999998 -0.30856999999999996
v -0.12578125 0.19443187499999998 0.6195075000000001
v -0.15703124999999996 -0.02653875 0.398536875
v -0.25078124999999996 0.03975187499999999 0.33224562500000004
v -0.21953124999999996 0.260723125 0.553216875
v -0.0007812500000000111 0.680568125 -0.30856999999999996
v -0.03203125000000001 0.90153875 -0.08759937499999995
v -0.12578125 0.835248125 -0.021308124999999956
v -0.09453125000000001 0.614276875 -0.24227937499999996
v -0.15703124999999996 0.90153875 0.398536875
v -0.06328125000000001 0.835248125 0.33224562500000004
v -0.09453125000000001 0.614276875 0.553216875
v -0.18828124999999996 0.680568125 0.6195075000000001
v -0.18828124999999996 0.625 0.65546875
v -0.09453125000000001 0.625 0.56171875
v -0.12578125 0.25 0.56171875
v -0.21953124999999996 0.25 0.65546875
v -0.09453125000000001 0.625 0.65546875
v -0.12578125 0.25 0.65546875
v -0.21953124999999996 0.25 0.56171875
v -0.18828124999999996 0.625 0.56171875
v -0.06328125000000001 0.90153875 0.398536875
v -0.09453125000000001 0.680568125 0.6195075000000001
v -0.18828124999999996 0.614276875 0.553216875
v -0.15703124999999996 0.835248125 0.33224562500000004
v -0.15703124999999996 -0.0625 0.34296875000000004
v -0.18828124999999996 -0.0625 -0.032031249999999956
v -0.28203124999999996 0.03125 -0.032031249999999956
v -0.25078124999999996 0.03125 0.34296875000000004
v -0.25078124999999996 -0.0625 0.34296875000000004
v -0.15703124999999996 0.03125 0.34296875000000004
v -0.18828124999999996 0.03125 -0.032031249999999956
v -0.28203124999999996 -0.0625 -0.032031249999999956
v -0.21953124999999996 0.19443187499999998 0.6195075000000001
v -0.12578125 0.260723125 0.553216875
v -0.15703124999999996 0.03975187499999999 0.33224562500000004
v -0.25078124999999996 -0.02653875 0.398536875
v -0.06328125000000001 0.25 -0.34453124999999996
v 0.03046874999999999 0.25 -0.25078124999999996
v -0.0007812500000000111 0.625 -0.25078124999999996
v -0.09453125000000001 0.625 -0.34453124999999996
v 0.03046874999999999 0.25 -0.34453124999999996
v -0.0007812500000000111 0.625 -0.34453124999999996
v -0.09453125000000001 0.625 -0.25078124999999996
v -0.06328125000000001 0.25 -0.25078124999999996
v 0.06171874999999999 -0.02653875 -0.08759937499999995
v 0.03046874999999999 0.19443187499999998 -0.30856999999999996
v -0.06328125000000001 0.260723125 -0.24227937499999996
v -0.03203125000000001 0.03975187499999999 -0.021308124999999956
v -0.03203125000000001 0.9375 -0.032031249999999956
v -0.06328125000000001 0.9375 0.34296875000000004
v -0.15703124999999996 0.84375 0.34296875000000004
v -0.12578125 0.84375 -0.032031249999999956
v -0.12578125 0.9375 -0.032031249999999956
v -0.03203125000000001 0.84375 -0.032031249999999956
v -0.06328125000000001 0.84375 0.34296875000000004
v -0.15703124999999996 0.9375 0.34296875000000004
v -0.09453125000000001 0.680568125 -0.30856999999999996
v -0.0007812500000000111 0.614276875 -0.24227937499999996
v -0.03203125000000001 0.835248125 -0.021308124999999956
v -0.12578125 0.90153875 -0.08759937499999995
v 0.12421874999999999 0.19443187499999998 0.6195075000000001
v 0.09296874999999999 -0.02653875 0.398536875
v -0.0007812500000000111 0.03975187499999999 0.33224562500000004
v 0.03046874999999999 0.260723125 0.553216875
v 0.24921875 0.680568125 -0.30856999999999996
v 0.21796875 0.90153875 -0.08759937499999995
v 0.12421874999999999 0.835248125 -0.021308124999999956
v 0.15546875 0.614276875 -0.24227937499999996
v 0.09296874999999999 0.90153875 0.398536875
v 0.18671875 0.835248125 0.33224562500000004
v 0.15546875 0.614276875 0.553216875
v 0.06171874999999999 0.680568125 0.6195075000000001
v 0.06171874999999999 0.625 0.65546875
v 0.15546875 0.625 0.56171875
v 0.12421874999999999 0.25 0.56171875
v 0.03046874999999999 0.25 0.65546875
v 0.15546875 0.625 0.65546875
v 0.12421874999999999 0.25 0.65546875
v 0.03046874999999999 0.25 0.56171875
v 0.06171874999999999 0.625 0.56171875
v 0.18671875 0.90153875 0.398536875
v 0.15546875 0.680568125 0.6195075000000001
v 0.06171874999999999 0.614276875 0.553216875
v 0.09296874999999999 0.835248125 0.33224562500000004
v 0.09296874999999999 -0.0625 0.34296875000000004
v 0.06171874999999999 -0.0625 -0.032031249999999956
v -0.03203125000000001 0.03125 -0.032031249999999956
v -0.0007812500000000111 0.03125 0.34296875000000004
v -0.0007812500000000111 -0.0625 0.34296875000000004
v 0.09296874999999999 0.03125 0.34296875000000004
v 0.06171874999999999 0.03125 -0.032031249999999956
v -0.03203125000000001 -0.0625 -0.032031249999999956
v 0.03046874999999999 0.19443187499999998 0.6195075000000001
v 0.12421874999999999 0.260723125 0.553216875
v 0.09296874999999999 0.03975187499999999 0.33224562500000004
v -0.0007812500000000111 -0.02653875 0.398536875
v 0.28046875 0.25 -0.25078124999999996
v 0.24921875 0.625 -0.25078124999999996
v 0.15546875 0.625 -0.34453124999999996
v 0.28046875 0.25 -0.34453124999999996
v 0.24921875 0.625 -0.34453124999999996
v 0.15546875 0.625 -0.25078124999999996
v 0.18671875 0.25 -0.25078124999999996
v 0.31171875 -0.02653875 -0.08759937499999995
v 0.28046875 0.19443187499999998 -0.30856999999999996
v 0.18671875 0.260723125 -0.24227937499999996
v 0.21796875 0.03975187499999999 -0.021308124999999956
v 0.21796875 0.9375 -0.032031249999999956
v 0.18671875 0.9375 0.34296875000000004
v 0.09296874999999999 0.84375 0.34296875000000004
v 0.12421874999999999 0.84375 -0.032031249999999956
v 0.12421874999999999 0.9375 -0.032031249999999956
v 0.21796875 0.84375 -0.032031249999999956
v 0.18671875 0.84375 0.34296875000000004
v 0.09296874999999999 0.9375 0.34296875000000004
v 0.15546875 0.680568125 -0.30856999999999996
v 0.24921875 0.614276875 -0.24227937499999996
v 0.21796875 0.835248125 -0.021308124999999956
v 0.12421874999999999 0.90153875 -0.08759937499999995
v 0.37421875 0.19443187499999998 0.6195075000000001
v 0.34296875 -0.02653875 0.398536875
v 0.24921875 0.03975187499999999 0.33224562500000004
v 0.28046875 0.260723125 0.553216875
v 0.34296875 0.90153875 0.398536875
v 0.43671875 0.835248125 0.33224562500000004
v 0.40546875 0.614276875 0.553216875
v 0.31171875 0.680568125 0.6195075000000001
v 0.31171875 0.625 0.65546875
v 0.40546875 0.625 0.56171875
v 0.37421875 0.25 0.56171875
v 0.28046875 0.25 0.65546875
v 0.40546875 0.625 0.65546875
v 0.37421875 0.25 0.65546875
v 0.28046875 0.25 0.56171875
v 0.31171875 0.625 0.56171875
v 0.43671875 0.90153875 0.398536875
v 0.40546875 0.680568125 0.6195075000000001
v 0.31171875 0.614276875 0.553216875
v 0.34296875 0.835248125 0.33224562500000004
v 0.34296875 -0.0625 0.34296875000000004
v 0.31171875 -0.0625 -0.032031249999999956
v 0.21796875 0.03125 -0.032031249999999956
v 0.24921875 0.03125 0.34296875000000004
v 0.24921875 -0.0625 0.34296875000000004
v 0.34296875 0.03125 0.34296875000000004
v 0.31171875 0.03125 -0.032031249999999956
v 0.21796875 -0.0625 -0.032031249999999956
v 0.28046875 0.19443187499999998 0.6195075000000001
v 0.37421875 0.260723125 0.553216875
v 0.34296875 0.03975187499999999 0.33224562500000004
v 0.24921875 -0.02653875 0.398536875
v 0.45234375 0.9375 0.15546875000000004
v 0.43671875 0.9375 0.34296875000000004
v 0.34296875 0.84375 0.34296875000000004
v 0.35859375 0.84375 0.15546875000000004
v 0.35859375 0.9375 0.15546875000000004
v 0.45234375 0.84375 0.15546875000000004
v 0.43671875 0.84375 0.34296875000000004
v 0.34296875 0.9375 0.34296875000000004
v -0.28203124999999996 0.9375 -0.032031249999999956
v -0.37578124999999996 0.84375 -0.032031249999999956
v -0.39140624999999996 0.84375 0.15546875000000004
v -0.29765624999999996 0.9375 0.15546875000000004
v -0.37578124999999996 0.9375 -0.032031249999999956
v -0.39140624999999996 0.9375 0.15546875000000004
v -0.29765624999999996 0.84375 0.15546875000000004
v -0.28203124999999996 0.84375 -0.032031249999999956
v -0.28203124999999996 0.9375 -0.032031249999999956
v -0.29765624999999996 0.9375 0.15546875000000004
v -0.39140624999999996 0.84375 0.15546875000000004
v -0.37578124999999996 0.84375 -0.032031249999999956
v -0.37578124999999996 0.9375 -0.032031249999999956
v -0.28203124999999996 0.84375 -0.032031249999999956
v -0.29765624999999996 0.84375 0.15546875000000004
v -0.39140624999999996 0.9375 0.15546875000000004
v -0.37578124999999996 0.19443187499999998 0.6195075000000001
v -0.46953124999999996 0.260723125 0.553216875
v -0.50078125 0.03975187499999999 0.33224562500000004
v -0.40703124999999996 -0.02653875 0.398536875
v -0.40703124999999996 0.90153875 0.398536875
v -0.43828124999999996 0.680568125 0.6195075000000001
v -0.34453124999999996 0.614276875 0.553216875
v -0.31328124999999996 0.835248125 0.33224562500000004
v -0.43828124999999996 0.625 0.65546875
v -0.46953124999999996 0.25 0.65546875
v -0.37578124999999996 0.25 0.56171875
v -0.34453124999999996 0.625 0.56171875
v -0.34453124999999996 0.625 0.65546875
v -0.43828124999999996 0.625 0.56171875
v -0.46953124999999996 0.25 0.56171875
v -0.37578124999999996 0.25 0.65546875
v -0.31328124999999996 0.90153875 0.398536875
v -0.40703124999999996 0.835248125 0.33224562500000004
v -0.43828124999999996 0.614276875 0.553216875
v -0.34453124999999996 0.680568125 0.6195075000000001
v -0.40703124999999996 -0.0625 0.34296875000000004
v -0.50078125 0.03125 0.34296875000000004
v -0.53203125 0.03125 -0.032031249999999956
v -0.43828124999999996 -0.0625 -0.032031249999999956
v -0.50078125 -0.0625 0.34296875000000004
v -0.53203125 -0.0625 -0.032031249999999956
v -0.43828124999999996 0.03125 -0.032031249999999956
v -0.40703124999999996 0.03125 0.34296875000000004
v -0.46953124999999996 0.19443187499999998 0.6195075000000001
v -0.50078125 -0.02653875 0.398536875
v -0.40703124999999996 0.03975187499999999 0.33224562500000004
v -0.37578124999999996 0.260723125 0.553216875
v -0.29765624999999996 0.9375 0.15546875000000004
v -0.39140624999999996 0.84375 0.15546875000000004
v -0.40703124999999996 0.84375 0.34296875000000004
v -0.31328124999999996 0.9375 0.34296875000000004
v -0.39140624999999996 0.9375 0.15546875000000004
v -0.40703124999999996 0.9375 0.34296875000000004
v -0.31328124999999996 0.84375 0.34296875000000004
v -0.29765624999999996 0.84375 0.15546875000000004
v -0.37578124999999996 0.19443187499999998 0.6195075000000001
v -0.40703124999999996 -0.02653875 0.398536875
v -0.50078125 0.03975187499999999 0.33224562500000004
v -0.46953124999999996 0.260723125 0.553216875
v -0.40703124999999996 0.90153875 0.398536875
v -0.31328124999999996 0.835248125 0.33224562500000004
v -0.34453124999999996 0.614276875 0.553216875
v -0.43828124999999996 0.680568125 0.6195075000000001
v -0.43828124999999996 0.625 0.65546875
v -0.34453124999999996 0.625 0.56171875
v -0.37578124999999996 0.25 0.56171875
v -0.46953124999999996 0.25 0.65546875
v -0.34453124999999996 0.625 0.65546875
v -0.37578124999999996 0.25 0.65546875
v -0.46953124999999996 0.25 0.56171875
v -0.43828124999999996 0.625 0.56171875
v -0.31328124999999996 0.90153875 0.398536875
v -0.34453124999999996 0.680568125 0.6195075000000001
v -0.43828124999999996 0.614276875 0.553216875
v -0.40703124999999996 0.835248125 0.33224562500000004
v -0.40703124999999996 -0.0625 0.34296875000000004
v -0.43828124999999996 -0.0625 -0.032031249999999956
v -0.53203125 0.03125 -0.032031249999999956
v -0.50078125 0.03125 0.34296875000000004
v -0.50078125 -0.0625 0.34296875000000004
v -0.40703124999999996 0.03125 0.34296875000000004
v -0.43828124999999996 0.03125 -0.032031249999999956
v -0.53203125 -0.0625 -0.032031249999999956
v -0.46953124999999996 0.19443187499999998 0.6195075000000001
v -0.37578124999999996 0.260723125 0.553216875
v -0.40703124999999996 0.03975187499999999 0.33224562500000004
v -0.50078125 -0.02653875 0.398536875
v -0.29765624999999996 0.9375 0.15546875000000004
v -0.31328124999999996 0.9375 0.34296875000000004
v -0.40703124999999996 0.84375 0.34296875000000004
v -0.39140624999999996 0.84375 0.15546875000000004
v -0.39140624999999996 0.9375 0.15546875000000004
v -0.29765624999999996 0.84375 0.15546875000000004
v -0.31328124999999996 0.84375 0.34296875000000004
v -0.40703124999999996 0.9375 0.34296875000000004
v 1.45234375 0.236865 -0.32890624999999996
v 1.48359375 -0.046875 -0.04516624999999996
v 1.54609375 -0.046875 -0.04516624999999996
v 1.51484375 0.236865 -0.32890624999999996
v 1.37421875 0.921875 0.15546875000000004
v 1.38984375 0.921875 -0.04516624999999996
v 1.45234375 0.921875 -0.04516624999999996
v 1.43671875 0.921875 0.15546875000000004
v 1.51484375 0.26275375 -0.26640624999999996
v 1.54609375 0.015625 -0.019277499999999947
v 1.45234375 0.26275375 -0.26640624999999996
v 1.483595 0.015625 -0.019277499999999947
v 1.42109375 0.638135 -0.32890624999999996
v 1.42109375 0.61224625 -0.26640624999999996
v 1.48359375 0.61224625 -0.26640624999999996
v 1.48359375 0.638135 -0.32890624999999996
v 1.37421875 0.859375 0.15546875000000004
v 1.38984375 0.859375 -0.019277499999999947
v 1.43671875 0.859375 0.15546875000000004
v 1.45234375 0.859375 -0.019277499999999947
v 1.46796875 -0.02653875 -0.08759937499999995
v 1.43671875 0.19443187499999998 -0.30856999999999996
v 1.53046875 0.260723125 -0.24227937499999996
v 1.56171875 0.03975187499999999 -0.021308124999999956
v 1.49921875 0.680568125 -0.30856999999999996
v 1.40546875 0.614276875 -0.24227937499999996
v 1.37421875 0.835248125 -0.021308124999999956
v 1.46796875 0.90153875 -0.08759937499999995
v 1.43671875 0.25 -0.34453124999999996
v 1.40546875 0.625 -0.34453124999999996
v 1.49921875 0.625 -0.25078124999999996
v 1.53046875 0.25 -0.25078124999999996
v 1.53046875 0.25 -0.34453124999999996
v 1.43671875 0.25 -0.25078124999999996
v 1.40546875 0.625 -0.25078124999999996
v 1.49921875 0.625 -0.34453124999999996
v 1.56171875 -0.02653875 -0.08759937499999995
v 1.46796875 0.03975187499999999 -0.021308124999999956
v 1.43671875 0.260723125 -0.24227937499999996
v 1.53046875 0.19443187499999998 -0.30856999999999996
v 1.40546875 0.680568125 -0.30856999999999996
v 1.37421875 0.90153875 -0.08759937499999995
v 1.46796875 0.835248125 -0.021308124999999956
v 1.49921875 0.614276875 -0.24227937499999996
v 1.46796875 -0.02653875 -0.08759937499999995
v 1.56171875 0.03975187499999999 -0.021308124999999956
v 1.53046875 0.260723125 -0.24227937499999996
v 1.43671875 0.19443187499999998 -0.30856999999999996
v 1.49921875 0.680568125 -0.30856999999999996
v 1.46796875 0.90153875 -0.08759937499999995
v 1.37421875 0.835248125 -0.021308124999999956
v 1.40546875 0.614276875 -0.24227937499999996
v 1.43671875 0.25 -0.34453124999999996
v 1.53046875 0.25 -0.25078124999999996
v 1.49921875 0.625 -0.25078124999999996
v 1.40546875 0.625 -0.34453124999999996
v 1.53046875 0.25 -0.34453124999999996
v 1.49921875 0.625 -0.34453124999999996
v 1.40546875 0.625 -0.25078124999999996
v 1.43671875 0.25 -0.25078124999999996
v 1.56171875 -0.02653875 -0.08759937499999995
v 1.53046875 0.19443187499999998 -0.30856999999999996
v 1.43671875 0.260723125 -0.24227937499999996
v 1.46796875 0.03975187499999999 -0.021308124999999956
v 1.40546875 0.680568125 -0.30856999999999996
v 1.49921875 0.614276875 -0.24227937499999996
v 1.46796875 0.835248125 -0.021308124999999956
v 1.37421875 0.90153875 -0.08759937499999995
v 1.46796875 0.9375 -0.032031249999999956
v 1.37421875 0.84375 -0.032031249999999956
v 1.35859375 0.84375 0.15546875000000004
v 1.45234375 0.9375 0.15546875000000004
v 1.37421875 0.9375 -0.032031249999999956
v 1.35859375 0.9375 0.15546875000000004
v 1.45234375 0.84375 0.15546875000000004
v 1.46796875 0.84375 -0.032031249999999956
v 1.46796875 0.9375 -0.032031249999999956
v 1.45234375 0.9375 0.15546875000000004
v 1.35859375 0.84375 0.15546875000000004
v 1.37421875 0.84375 -0.032031249999999956
v 1.37421875 0.9375 -0.032031249999999956
v 1.46796875 0.84375 -0.032031249999999956
v 1.45234375 0.84375 0.15546875000000004
v 1.35859375 0.9375 0.15546875000000004
v 0.62421875 0.921875 0.15546875000000004
v 0.63984375 0.921875 -0.04516624999999996
v 0.70234375 0.921875 -0.04516624999999996
v 0.68671875 0.921875 0.15546875000000004
v 0.67109375 0.61224625 -0.26640624999999996
v 0.70234375 0.26275375 -0.26640624999999996
v 0.70234375 0.236865 -0.32890624999999996
v 0.67109375 0.638135 -0.32890624999999996
v 0.73359375 0.61224625 -0.26640624999999996
v 0.73359375 0.638135 -0.32890624999999996
v 0.76484375 0.236865 -0.32890624999999996
v 0.76484375 0.26275375 -0.26640624999999996
v 0.92109375 0.61224625 -0.26640624999999996
v 0.95234375 0.26275375 -0.26640624999999996
v 0.95234375 0.236865 -0.32890624999999996
v 0.92109375 0.638135 -0.32890624999999996
v 0.98359375 0.61224625 -0.26640624999999996
v 1.01484375 0.26275375 -0.26640624999999996
v 0.79609375 0.26275375 0.57734375
v 0.85859375 0.26275375 0.57734375
v 0.88984375 0.61224625 0.57734375
v 0.82734375 0.61224625 0.57734375
v 0.82734375 0.638135 0.63984375
v 0.79609375 0.236865 0.63984375
v 0.73359375 -0.046875 -0.04516624999999996
v 0.76484375 -0.046875 0.35610375000000005
v 0.82734375 -0.046875 0.35610375000000005
v 0.79609375 -0.046875 -0.04516624999999996
v 0.85859375 0.921875 0.35610375000000005
v 0.92109375 0.921875 0.35610375000000005
v 0.88984375 0.638135 0.63984375
v 0.73359375 0.015625 -0.019277499999999947
v 0.76484375 0.015625 0.33021500000000004
v 0.79609375 0.015625 -0.019277499999999947
v 0.82734375 0.015625 0.33021500000000004
v 0.85859375 0.859375 0.33021500000000004
v 0.92109375 0.859375 0.33021500000000004
v 0.95234375 0.859375 -0.019277499999999947
v 0.88984375 0.859375 -0.019277499999999947
v 1.17109375 0.61224625 -0.26640624999999996
v 1.20234375 0.26275375 -0.26640624999999996
v 1.20234375 0.236865 -0.32890624999999996
v 1.17109375 0.638135 -0.32890624999999996
v 1.23359375 0.61224625 -0.26640624999999996
v 1.23359375 0.638135 -0.32890624999999996
v 1.26484375 0.236865 -0.32890624999999996
v 1.26484375 0.26275375 -0.26640624999999996
v 1.04609375 0.26275375 0.57734375
v 1.10859375 0.26275375 0.57734375
v 1.13984375 0.61224625 0.57734375
v 1.07734375 0.61224625 0.57734375
v 1.07734375 0.638135 0.63984375
v 1.04609375 0.236865 0.63984375
v 0.98359375 -0.046875 -0.04516624999999996
v 1.01484375 -0.046875 0.35610375000000005
v 1.07734375 -0.046875 0.35610375000000005
v 1.04609375 -0.046875 -0.04516624999999996
v 1.10859375 0.921875 0.35610375000000005
v 1.17109375 0.921875 0.35610375000000005
v 1.13984375 0.638135 0.63984375
v 0.98359375 0.015625 -0.019277499999999947
v 1.01484375 0.015625 0.33021500000000004
v 1.04609375 0.015625 -0.019277499999999947
v 1.07734375 0.015625 0.33021500000000004
v 1.10859375 0.859375 0.33021500000000004
v 1.17109375 0.859375 0.33021500000000004
v 1.20234375 0.859375 -0.019277499999999947
v 1.13984375 0.859375 -0.019277499999999947
v 1.29609375 0.26275375 0.57734375
v 1.35859375 0.26275375 0.57734375
v 1.38984375 0.61224625 0.57734375
v 1.32734375 0.61224625 0.57734375
v 1.35859375 0.236865 0.63984375
v 1.38984375 0.638135 0.63984375
v 1.32734375 0.638135 0.63984375
v 1.29609375 0.236865 0.63984375
v 1.23359375 -0.046875 -0.04516624999999996
v 1.26484375 -0.046875 0.35610375000000005
v 1.32734375 -0.046875 0.35610375000000005
v 1.29609375 -0.046875 -0.04516624999999996
v 1.23359375 0.015625 -0.019277499999999947
v 1.26484375 0.015625 0.33021500000000004
v 1.29609375 0.015625 -0.019277499999999947
v 1.32734375 0.015625 0.33021500000000004
v 0.63984375 0.859375 -0.019277499999999947
v 0.70234375 0.859375 -0.019277499999999947
v 1.01484375 0.236865 -0.32890624999999996
v 0.88984375 0.921875 -0.04516624999999996
v 0.95234375 0.921875 -0.04516624999999996
v 0.98359375 0.638135 -0.32890624999999996
v 0.85859375 0.236865 0.63984375
v 1.13984375 0.921875 -0.04516624999999996
v 1.20234375 0.921875 -0.04516624999999996
v 1.10859375 0.236865 0.63984375
v 1.42109375 0.859375 0.33021500000000004
v 1.35859375 0.859375 0.33021500000000004
v 1.42109375 0.921875 0.35610375000000005
v 1.35859375 0.921875 0.35610375000000005
v 1.37421875 0.921875 0.15546875000000004
v 1.43671875 0.921875 0.15546875000000004
v 1.37421875 0.859375 0.15546875000000004
v 1.43671875 0.859375 0.15546875000000004
v 0.68671875 0.859375 0.15546875000000004
v 0.62421875 0.859375 0.15546875000000004
v 0.54609375 0.26275375 0.57734375
v 0.60859375 0.26275375 0.57734375
v 0.63984375 0.61224625 0.57734375
v 0.57734375 0.61224625 0.57734375
v 0.57734375 0.638135 0.63984375
v 0.54609375 0.236865 0.63984375
v 0.48359375 -0.046875 -0.04516624999999996
v 0.51484375 -0.046875 0.35610375000000005
v 0.57734375 -0.046875 0.35610375000000005
v 0.54609375 -0.046875 -0.04516624999999996
v 0.48359375 0.015625 -0.019277499999999947
v 0.51484375 0.015625 0.33021500000000004
v 0.54609375 0.015625 -0.019277499999999947
v 0.57734375 0.015625 0.33021500000000004
v 0.60859375 0.236865 0.63984375
v 0.63984375 0.638135 0.63984375
v 0.67109375 0.859375 0.33021500000000004
v 0.60859375 0.859375 0.33021500000000004
v 0.67109375 0.921875 0.35610375000000005
v 0.60859375 0.921875 0.35610375000000005
v 0.62421875 0.921875 0.15546875000000004
v 0.68671875 0.921875 0.15546875000000004
v 0.62421875 0.859375 0.15546875000000004
v 0.68671875 0.859375 0.15546875000000004
v 1.18671875 0.25 -0.34453124999999996
v 0.71796875 -0.02653875 -0.08759937499999995
v 0.68671875 0.19443187499999998 -0.30856999999999996
v 0.78046875 0.260723125 -0.24227937499999996
v 0.81171875 0.03975187499999999 -0.021308124999999956
v 1.21796875 -0.02653875 -0.08759937499999995
v 1.18671875 0.19443187499999998 -0.30856999999999996
v 1.28046875 0.260723125 -0.24227937499999996
v 1.31171875 0.03975187499999999 -0.021308124999999956
v 0.74921875 0.680568125 -0.30856999999999996
v 0.65546875 0.614276875 -0.24227937499999996
v 0.62421875 0.835248125 -0.021308124999999956
v 0.71796875 0.90153875 -0.08759937499999995
v 0.68671875 0.25 -0.34453124999999996
v 0.65546875 0.625 -0.34453124999999996
v 0.74921875 0.625 -0.25078124999999996
v 0.78046875 0.25 -0.25078124999999996
v 0.78046875 0.25 -0.34453124999999996
v 0.68671875 0.25 -0.25078124999999996
v 0.65546875 0.625 -0.25078124999999996
v 0.74921875 0.625 -0.34453124999999996
v 0.81171875 -0.02653875 -0.08759937499999995
v 0.71796875 0.03975187499999999 -0.021308124999999956
v 0.68671875 0.260723125 -0.24227937499999996
v 0.78046875 0.19443187499999998 -0.30856999999999996
v 0.65546875 0.680568125 -0.30856999999999996
v 0.62421875 0.90153875 -0.08759937499999995
v 0.71796875 0.835248125 -0.021308124999999956
v 0.74921875 0.614276875 -0.24227937499999996
v 0.96796875 -0.02653875 -0.08759937499999995
v 0.93671875 0.19443187499999998 -0.30856999999999996
v 1.03046875 0.260723125 -0.24227937499999996
v 1.06171875 0.03975187499999999 -0.021308124999999956
v 0.87421875 0.19443187499999998 0.6195075000000001
v 0.78046875 0.260723125 0.553216875
v 0.74921875 0.03975187499999999 0.33224562500000004
v 0.84296875 -0.02653875 0.398536875
v 0.99921875 0.680568125 -0.30856999999999996
v 0.90546875 0.614276875 -0.24227937499999996
v 0.87421875 0.835248125 -0.021308124999999956
v 0.96796875 0.90153875 -0.08759937499999995
v 0.84296875 0.90153875 0.398536875
v 0.81171875 0.680568125 0.6195075000000001
v 0.90546875 0.614276875 0.553216875
v 0.93671875 0.835248125 0.33224562500000004
v 0.81171875 0.625 0.65546875
v 0.78046875 0.25 0.65546875
v 0.87421875 0.25 0.56171875
v 0.90546875 0.625 0.56171875
v 0.90546875 0.625 0.65546875
v 0.81171875 0.625 0.56171875
v 0.78046875 0.25 0.56171875
v 0.87421875 0.25 0.65546875
v 0.93671875 0.90153875 0.398536875
v 0.84296875 0.835248125 0.33224562500000004
v 0.81171875 0.614276875 0.553216875
v 0.90546875 0.680568125 0.6195075000000001
v 0.84296875 -0.0625 0.34296875000000004
v 0.74921875 0.03125 0.34296875000000004
v 0.71796875 0.03125 -0.032031249999999956
v 0.81171875 -0.0625 -0.032031249999999956
v 0.74921875 -0.0625 0.34296875000000004
v 0.71796875 -0.0625 -0.032031249999999956
v 0.81171875 0.03125 -0.032031249999999956
v 0.84296875 0.03125 0.34296875000000004
v 0.78046875 0.19443187499999998 0.6195075000000001
v 0.74921875 -0.02653875 0.398536875
v 0.84296875 0.03975187499999999 0.33224562500000004
v 0.87421875 0.260723125 0.553216875
v 0.93671875 0.25 -0.34453124999999996
v 0.90546875 0.625 -0.34453124999999996
v 0.99921875 0.625 -0.25078124999999996
v 1.03046875 0.25 -0.25078124999999996
v 1.03046875 0.25 -0.34453124999999996
v 0.93671875 0.25 -0.25078124999999996
v 0.90546875 0.625 -0.25078124999999996
v 0.99921875 0.625 -0.34453124999999996
v 1.06171875 -0.02653875 -0.08759937499999995
v 0.96796875 0.03975187499999999 -0.021308124999999956
v 0.93671875 0.260723125 -0.24227937499999996
v 1.03046875 0.19443187499999998 -0.30856999999999996
v 0.96796875 0.9375 -0.032031249999999956
v 0.87421875 0.84375 -0.032031249999999956
v 0.84296875 0.84375 0.34296875000000004
v 0.93671875 0.9375 0.34296875000000004
v 0.87421875 0.9375 -0.032031249999999956
v 0.84296875 0.9375 0.34296875000000004
v 0.93671875 0.84375 0.34296875000000004
v 0.96796875 0.84375 -0.032031249999999956
v 0.90546875 0.680568125 -0.30856999999999996
v 0.87421875 0.90153875 -0.08759937499999995
v 0.96796875 0.835248125 -0.021308124999999956
v 0.99921875 0.614276875 -0.24227937499999996
v 1.12421875 0.19443187499999998 0.6195075000000001
v 1.03046875 0.260723125 0.553216875
v 0.99921875 0.03975187499999999 0.33224562500000004
v 1.09296875 -0.02653875 0.398536875
v 1.24921875 0.680568125 -0.30856999999999996
v 1.15546875 0.614276875 -0.24227937499999996
v 1.12421875 0.835248125 -0.021308124999999956
v 1.21796875 0.90153875 -0.08759937499999995
v 1.09296875 0.90153875 0.398536875
v 1.06171875 0.680568125 0.6195075000000001
v 1.15546875 0.614276875 0.553216875
v 1.18671875 0.835248125 0.33224562500000004
v 1.06171875 0.625 0.65546875
v 1.03046875 0.25 0.65546875
v 1.12421875 0.25 0.56171875
v 1.15546875 0.625 0.56171875
v 1.15546875 0.625 0.65546875
v 1.06171875 0.625 0.56171875
v 1.03046875 0.25 0.56171875
v 1.12421875 0.25 0.65546875
v 1.18671875 0.90153875 0.398536875
v 1.09296875 0.835248125 0.33224562500000004
v 1.06171875 0.614276875 0.553216875
v 1.15546875 0.680568125 0.6195075000000001
v 1.09296875 -0.0625 0.34296875000000004
v 0.99921875 0.03125 0.34296875000000004
v 0.96796875 0.03125 -0.032031249999999956
v 1.06171875 -0.0625 -0.032031249999999956
v 0.99921875 -0.0625 0.34296875000000004
v 0.96796875 -0.0625 -0.032031249999999956
v 1.06171875 0.03125 -0.032031249999999956
v 1.09296875 0.03125 0.34296875000000004
v 1.03046875 0.19443187499999998 0.6195075000000001
v 0.99921875 -0.02653875 0.398536875
v 1.09296875 0.03975187499999999 0.33224562500000004
v 1.12421875 0.260723125 0.553216875
v 1.18671875 0.25 -0.34453124999999996
v 1.15546875 0.625 -0.34453124999999996
v 1.24921875 0.625 -0.25078124999999996
v 1.28046875 0.25 -0.25078124999999996
v 1.28046875 0.25 -0.34453124999999996
v 1.18671875 0.25 -0.25078124999999996
v 1.15546875 0.625 -0.25078124999999996
v 1.24921875 0.625 -0.34453124999999996
v 1.31171875 -0.02653875 -0.08759937499999995
v 1.21796875 0.03975187499999999 -0.021308124999999956
v 1.18671875 0.260723125 -0.24227937499999996
v 1.28046875 0.19443187499999998 -0.30856999999999996
v 1.21796875 0.9375 -0.032031249999999956
v 1.12421875 0.84375 -0.032031249999999956
v 1.09296875 0.84375 0.34296875000000004
v 1.18671875 0.9375 0.34296875000000004
v 1.12421875 0.9375 -0.032031249999999956
v 1.09296875 0.9375 0.34296875000000004
v 1.18671875 0.84375 0.34296875000000004
v 1.21796875 0.84375 -0.032031249999999956
v 1.15546875 0.680568125 -0.30856999999999996
v 1.12421875 0.90153875 -0.08759937499999995
v 1.21796875 0.835248125 -0.021308124999999956
v 1.24921875 0.614276875 -0.24227937499999996
v 1.37421875 0.19443187499999998 0.6195075000000001
v 1.28046875 0.260723125 0.553216875
v 1.24921875 0.03975187499999999 0.33224562500000004
v 1.34296875 -0.02653875 0.398536875
v 1.34296875 0.90153875 0.398536875
v 1.31171875 0.680568125 0.6195075000000001
v 1.40546875 0.614276875 0.553216875
v 1.43671875 0.835248125 0.33224562500000004
v 1.31171875 0.625 0.65546875
v 1.28046875 0.25 0.65546875
v 1.37421875 0.25 0.56171875
v 1.40546875 0.625 0.56171875
v 1.40546875 0.625 0.65546875
v 1.31171875 0.625 0.56171875
v 1.28046875 0.25 0.56171875
v 1.37421875 0.25 0.65546875
v 1.43671875 0.90153875 0.398536875
v 1.34296875 0.835248125 0.33224562500000004
v 1.31171875 0.614276875 0.553216875
v 1.40546875 0.680568125 0.6195075000000001
v 1.34296875 -0.0625 0.34296875000000004
v 1.24921875 0.03125 0.34296875000000004
v 1.21796875 0.03125 -0.032031249999999956
v 1.31171875 -0.0625 -0.032031249999999956
v 1.24921875 -0.0625 0.34296875000000004
v 1.21796875 -0.0625 -0.032031249999999956
v 1.31171875 0.03125 -0.032031249999999956
v 1.34296875 0.03125 0.34296875000000004
v 1.28046875 0.19443187499999998 0.6195075000000001
v 1.24921875 -0.02653875 0.398536875
v 1.34296875 0.03975187499999999 0.33224562500000004
v 1.37421875 0.260723125 0.553216875
v 1.45234375 0.9375 0.15546875000000004
v 1.35859375 0.84375 0.15546875000000004
v 1.34296875 0.84375 0.34296875000000004
v 1.43671875 0.9375 0.34296875000000004
v 1.35859375 0.9375 0.15546875000000004
v 1.34296875 0.9375 0.34296875000000004
v 1.43671875 0.84375 0.34296875000000004
v 1.45234375 0.84375 0.15546875000000004
v 0.71796875 -0.02653875 -0.08759937499999995
v 0.81171875 0.03975187499999999 -0.021308124999999956
v 0.78046875 0.260723125 -0.24227937499999996
v 0.68671875 0.19443187499999998 -0.30856999999999996
v 1.21796875 -0.02653875 -0.08759937499999995
v 1.31171875 0.03975187499999999 -0.021308124999999956
v 1.28046875 0.260723125 -0.24227937499999996
v 1.18671875 0.19443187499999998 -0.30856999999999996
v 0.74921875 0.680568125 -0.30856999999999996
v 0.71796875 0.90153875 -0.08759937499999995
v 0.62421875 0.835248125 -0.021308124999999956
v 0.65546875 0.614276875 -0.24227937499999996
v 0.68671875 0.25 -0.34453124999999996
v 0.78046875 0.25 -0.25078124999999996
v 0.74921875 0.625 -0.25078124999999996
v 0.65546875 0.625 -0.34453124999999996
v 0.78046875 0.25 -0.34453124999999996
v 0.74921875 0.625 -0.34453124999999996
v 0.65546875 0.625 -0.25078124999999996
v 0.68671875 0.25 -0.25078124999999996
v 0.81171875 -0.02653875 -0.08759937499999995
v 0.78046875 0.19443187499999998 -0.30856999999999996
v 0.68671875 0.260723125 -0.24227937499999996
v 0.71796875 0.03975187499999999 -0.021308124999999956
v 0.65546875 0.680568125 -0.30856999999999996
v 0.74921875 0.614276875 -0.24227937499999996
v 0.71796875 0.835248125 -0.021308124999999956
v 0.62421875 0.90153875 -0.08759937499999995
v 0.96796875 -0.02653875 -0.08759937499999995
v 1.06171875 0.03975187499999999 -0.021308124999999956
v 1.03046875 0.260723125 -0.24227937499999996
v 0.93671875 0.19443187499999998 -0.30856999999999996
v 0.87421875 0.19443187499999998 0.6195075000000001
v 0.84296875 -0.02653875 0.398536875
v 0.74921875 0.03975187499999999 0.33224562500000004
v 0.78046875 0.260723125 0.553216875
v 0.99921875 0.680568125 -0.30856999999999996
v 0.96796875 0.90153875 -0.08759937499999995
v 0.87421875 0.835248125 -0.021308124999999956
v 0.90546875 0.614276875 -0.24227937499999996
v 0.84296875 0.90153875 0.398536875
v 0.93671875 0.835248125 0.33224562500000004
v 0.90546875 0.614276875 0.553216875
v 0.81171875 0.680568125 0.6195075000000001
v 0.81171875 0.625 0.65546875
v 0.90546875 0.625 0.56171875
v 0.87421875 0.25 0.56171875
v 0.78046875 0.25 0.65546875
v 0.90546875 0.625 0.65546875
v 0.87421875 0.25 0.65546875
v 0.78046875 0.25 0.56171875
v 0.81171875 0.625 0.56171875
v 0.93671875 0.90153875 0.398536875
v 0.90546875 0.680568125 0.6195075000000001
v 0.81171875 0.614276875 0.553216875
v 0.84296875 0.835248125 0.33224562500000004
v 0.84296875 -0.0625 0.34296875000000004
v 0.81171875 -0.0625 -0.032031249999999956
v 0.71796875 0.03125 -0.032031249999999956
v 0.74921875 0.03125 0.34296875000000004
v 0.74921875 -0.0625 0.34296875000000004
v 0.84296875 0.03125 0.34296875000000004
v 0.81171875 0.03125 -0.032031249999999956
v 0.71796875 -0.0625 -0.032031249999999956
v 0.78046875 0.19443187499999998 0.6195075000000001
v 0.87421875 0.260723125 0.553216875
v 0.84296875 0.03975187499999999 0.33224562500000004
v 0.74921875 -0.02653875 0.398536875
v 0.93671875 0.25 -0.34453124999999996
v 1.03046875 0.25 -0.25078124999999996
v 0.99921875 0.625 -0.25078124999999996
v 0.90546875 0.625 -0.34453124999999996
v 1.03046875 0.25 -0.34453124999999996
v 0.99921875 0.625 -0.34453124999999996
v 0.90546875 0.625 -0.25078124999999996
v 0.93671875 0.25 -0.25078124999999996
v 1.06171875 -0.02653875 -0.08759937499999995
v 1.03046875 0.19443187499999998 -0.30856999999999996
v 0.93671875 0.260723125 -0.24227937499999996
v 0.96796875 0.03975187499999999 -0.021308124999999956
v 0.96796875 0.9375 -0.032031249999999956
v 0.93671875 0.9375 0.34296875000000004
v 0.84296875 0.84375 0.34296875000000004
v 0.87421875 0.84375 -0.032031249999999956
v 0.87421875 0.9375 -0.032031249999999956
v 0.96796875 0.84375 -0.032031249999999956
v 0.93671875 0.84375 0.34296875000000004
v 0.84296875 0.9375 0.34296875000000004
v 0.90546875 0.680568125 -0.30856999999999996
v 0.99921875 0.614276875 -0.24227937499999996
v 0.96796875 0.835248125 -0.021308124999999956
v 0.87421875 0.90153875 -0.08759937499999995
v 1.12421875 0.19443187499999998 0.6195075000000001
v 1.09296875 -0.02653875 0.398536875
v 0.99921875 0.03975187499999999 0.33224562500000004
v 1.03046875 0.260723125 0.553216875
v 1.24921875 0.680568125 -0.30856999999999996
v 1.21796875 0.90153875 -0.08759937499999995
v 1.12421875 0.835248125 -0.021308124999999956
v 1.15546875 0.614276875 -0.24227937499999996
v 1.09296875 0.90153875 0.398536875
v 1.18671875 0.835248125 0.33224562500000004
v 1.15546875 0.614276875 0.553216875
v 1.06171875 0.680568125 0.6195075000000001
v 1.06171875 0.625 0.65546875
v 1.15546875 0.625 0.56171875
v 1.12421875 0.25 0.56171875
v 1.03046875 0.25 0.65546875
v 1.15546875 0.625 0.65546875
v 1.12421875 0.25 0.65546875
v 1.03046875 0.25 0.56171875
v 1.06171875 0.625 0.56171875
v 1.18671875 0.90153875 0.398536875
v 1.15546875 0.680568125 0.6195075000000001
v 1.06171875 0.614276875 0.553216875
v 1.09296875 0.835248125 0.33224562500000004
v 1.09296875 -0.0625 0.34296875000000004
v 1.06171875 -0.0625 -0.032031249999999956
v 0.96796875 0.03125 -0.032031249999999956
v 0.99921875 0.03125 0.34296875000000004
v 0.99921875 -0.0625 0.34296875000000004
v 1.09296875 0.03125 0.34296875000000004
v 1.06171875 0.03125 -0.032031249999999956
v 0.96796875 -0.0625 -0.032031249999999956
v 1.03046875 0.19443187499999998 0.6195075000000001
v 1.12421875 0.260723125 0.553216875
v 1.09296875 0.03975187499999999 0.33224562500000004
v 0.99921875 -0.02653875 0.398536875
v 1.28046875 0.25 -0.25078124999999996
v 1.24921875 0.625 -0.25078124999999996
v 1.15546875 0.625 -0.34453124999999996
v 1.28046875 0.25 -0.34453124999999996
v 1.24921875 0.625 -0.34453124999999996
v 1.15546875 0.625 -0.25078124999999996
v 1.18671875 0.25 -0.25078124999999996
v 1.31171875 -0.02653875 -0.08759937499999995
v 1.28046875 0.19443187499999998 -0.30856999999999996
v 1.18671875 0.260723125 -0.24227937499999996
v 1.21796875 0.03975187499999999 -0.021308124999999956
v 1.21796875 0.9375 -0.032031249999999956
v 1.18671875 0.9375 0.34296875000000004
v 1.09296875 0.84375 0.34296875000000004
v 1.12421875 0.84375 -0.032031249999999956
v 1.12421875 0.9375 -0.032031249999999956
v 1.21796875 0.84375 -0.032031249999999956
v 1.18671875 0.84375 0.34296875000000004
v 1.09296875 0.9375 0.34296875000000004
v 1.15546875 0.680568125 -0.30856999999999996
v 1.24921875 0.614276875 -0.24227937499999996
v 1.21796875 0.835248125 -0.021308124999999956
v 1.12421875 0.90153875 -0.08759937499999995
v 1.37421875 0.19443187499999998 0.6195075000000001
v 1.34296875 -0.02653875 0.398536875
v 1.24921875 0.03975187499999999 0.33224562500000004
v 1.28046875 0.260723125 0.553216875
v 1.34296875 0.90153875 0.398536875
v 1.43671875 0.835248125 0.33224562500000004
v 1.40546875 0.614276875 0.553216875
v 1.31171875 0.680568125 0.6195075000000001
v 1.31171875 0.625 0.65546875
v 1.40546875 0.625 0.56171875
v 1.37421875 0.25 0.56171875
v 1.28046875 0.25 0.65546875
v 1.40546875 0.625 0.65546875
v 1.37421875 0.25 0.65546875
v 1.28046875 0.25 0.56171875
v 1.31171875 0.625 0.56171875
v 1.43671875 0.90153875 0.398536875
v 1.40546875 0.680568125 0.6195075000000001
v 1.31171875 0.614276875 0.553216875
v 1.34296875 0.835248125 0.33224562500000004
v 1.34296875 -0.0625 0.34296875000000004
v 1.31171875 -0.0625 -0.032031249999999956
v 1.21796875 0.03125 -0.032031249999999956
v 1.24921875 0.03125 0.34296875000000004
v 1.24921875 -0.0625 0.34296875000000004
v 1.34296875 0.03125 0.34296875000000004
v 1.31171875 0.03125 -0.032031249999999956
v 1.21796875 -0.0625 -0.032031249999999956
v 1.28046875 0.19443187499999998 0.6195075000000001
v 1.37421875 0.260723125 0.553216875
v 1.34296875 0.03975187499999999 0.33224562500000004
v 1.24921875 -0.02653875 0.398536875
v 1.45234375 0.9375 0.15546875000000004
v 1.43671875 0.9375 0.34296875000000004
v 1.34296875 0.84375 0.34296875000000004
v 1.35859375 0.84375 0.15546875000000004
v 1.35859375 0.9375 0.15546875000000004
v 1.45234375 0.84375 0.15546875000000004
v 1.43671875 0.84375 0.34296875000000004
v 1.34296875 0.9375 0.34296875000000004
v 0.71796875 0.9375 -0.032031249999999956
v 0.62421875 0.84375 -0.032031249999999956
v 0.60859375 0.84375 0.15546875000000004
v 0.70234375 0.9375 0.15546875000000004
v 0.62421875 0.9375 -0.032031249999999956
v 0.60859375 0.9375 0.15546875000000004
v 0.70234375 0.84375 0.15546875000000004
v 0.71796875 0.84375 -0.032031249999999956
v 0.71796875 0.9375 -0.032031249999999956
v 0.70234375 0.9375 0.15546875000000004
v 0.60859375 0.84375 0.15546875000000004
v 0.62421875 0.84375 -0.032031249999999956
v 0.62421875 0.9375 -0.032031249999999956
v 0.71796875 0.84375 -0.032031249999999956
v 0.70234375 0.84375 0.15546875000000004
v 0.60859375 0.9375 0.15546875000000004
v 0.62421875 0.19443187499999998 0.6195075000000001
v 0.53046875 0.260723125 0.553216875
v 0.49921875 0.03975187499999999 0.33224562500000004
v 0.59296875 -0.02653875 0.398536875
v 0.59296875 0.90153875 0.398536875
v 0.56171875 0.680568125 0.6195075000000001
v 0.65546875 0.614276875 0.553216875
v 0.68671875 0.835248125 0.33224562500000004
v 0.56171875 0.625 0.65546875
v 0.53046875 0.25 0.65546875
v 0.62421875 0.25 0.56171875
v 0.65546875 0.625 0.56171875
v 0.65546875 0.625 0.65546875
v 0.56171875 0.625 0.56171875
v 0.53046875 0.25 0.56171875
v 0.62421875 0.25 0.65546875
v 0.68671875 0.90153875 0.398536875
v 0.59296875 0.835248125 0.33224562500000004
v 0.56171875 0.614276875 0.553216875
v 0.65546875 0.680568125 0.6195075000000001
v 0.59296875 -0.0625 0.34296875000000004
v 0.49921875 0.03125 0.34296875000000004
v 0.46796875 0.03125 -0.032031249999999956
v 0.56171875 -0.0625 -0.032031249999999956
v 0.49921875 -0.0625 0.34296875000000004
v 0.46796875 -0.0625 -0.032031249999999956
v 0.56171875 0.03125 -0.032031249999999956
v 0.59296875 0.03125 0.34296875000000004
v 0.53046875 0.19443187499999998 0.6195075000000001
v 0.49921875 -0.02653875 0.398536875
v 0.59296875 0.03975187499999999 0.33224562500000004
v 0.62421875 0.260723125 0.553216875
v 0.70234375 0.9375 0.15546875000000004
v 0.60859375 0.84375 0.15546875000000004
v 0.59296875 0.84375 0.34296875000000004
v 0.68671875 0.9375 0.34296875000000004
v 0.60859375 0.9375 0.15546875000000004
v 0.59296875 0.9375 0.34296875000000004
v 0.68671875 0.84375 0.34296875000000004
v 0.70234375 0.84375 0.15546875000000004
v 0.62421875 0.19443187499999998 0.6195075000000001
v 0.59296875 -0.02653875 0.398536875
v 0.49921875 0.03975187499999999 0.33224562500000004
v 0.53046875 0.260723125 0.553216875
v 0.59296875 0.90153875 0.398536875
v 0.68671875 0.835248125 0.33224562500000004
v 0.65546875 0.614276875 0.553216875
v 0.56171875 0.680568125 0.6195075000000001
v 0.56171875 0.625 0.65546875
v 0.65546875 0.625 0.56171875
v 0.62421875 0.25 0.56171875
v 0.53046875 0.25 0.65546875
v 0.65546875 0.625 0.65546875
v 0.62421875 0.25 0.65546875
v 0.53046875 0.25 0.56171875
v 0.56171875 0.625 0.56171875
v 0.68671875 0.90153875 0.398536875
v 0.65546875 0.680568125 0.6195075000000001
v 0.56171875 0.614276875 0.553216875
v 0.59296875 0.835248125 0.33224562500000004
v 0.59296875 -0.0625 0.34296875000000004
v 0.56171875 -0.0625 -0.032031249999999956
v 0.46796875 0.03125 -0.032031249999999956
v 0.49921875 0.03125 0.34296875000000004
v 0.49921875 -0.0625 0.34296875000000004
v 0.59296875 0.03125 0.34296875000000004
v 0.56171875 0.03125 -0.032031249999999956
v 0.46796875 -0.0625 -0.032031249999999956
v 0.53046875 0.19443187499999998 0.6195075000000001
v 0.62421875 0.260723125 0.553216875
v 0.59296875 0.03975187499999999 0.33224562500000004
v 0.49921875 -0.02653875 0.398536875
v 0.70234375 0.9375 0.15546875000000004
v 0.68671875 0.9375 0.34296875000000004
v 0.59296875 0.84375 0.34296875000000004
v 0.60859375 0.84375 0.15546875000000004
v 0.60859375 0.9375 0.15546875000000004
v 0.70234375 0.84375 0.15546875000000004
v 0.68671875 0.84375 0.34296875000000004
v 0.59296875 0.9375 0.34296875000000004
v 1.62421875 0.19443187499999998 0.6195075000000001
v 1.53046875 0.260723125 0.553216875
v 1.49921875 0.03975187499999999 0.33224562500000004
v 1.59296875 -0.02653875 0.398536875
v 1.59296875 0.90153875 0.398536875
v 1.56171875 0.680568125 0.6195075000000001
v 1.65546875 0.614276875 0.553216875
v 1.68671875 0.835248125 0.33224562500000004
v 1.56171875 0.625 0.65546875
v 1.53046875 0.25 0.65546875
v 1.62421875 0.25 0.56171875
v 1.65546875 0.625 0.56171875
v 1.65546875 0.625 0.65546875
v 1.56171875 0.625 0.56171875
v 1.53046875 0.25 0.56171875
v 1.62421875 0.25 0.65546875
v 1.68671875 0.90153875 0.398536875
v 1.59296875 0.835248125 0.33224562500000004
v 1.56171875 0.614276875 0.553216875
v 1.65546875 0.680568125 0.6195075000000001
v 1.59296875 -0.0625 0.34296875000000004
v 1.49921875 0.03125 0.34296875000000004
v 1.46796875 0.03125 -0.032031249999999956
v 1.56171875 -0.0625 -0.032031249999999956
v 1.49921875 -0.0625 0.34296875000000004
v 1.46796875 -0.0625 -0.032031249999999956
v 1.56171875 0.03125 -0.032031249999999956
v 1.59296875 0.03125 0.34296875000000004
v 1.53046875 0.19443187499999998 0.6195075000000001
v 1.49921875 -0.02653875 0.398536875
v 1.59296875 0.03975187499999999 0.33224562500000004
v 1.62421875 0.260723125 0.553216875
v 1.70234375 0.9375 0.15546875000000004
v 1.60859375 0.84375 0.15546875000000004
v 1.59296875 0.84375 0.34296875000000004
v 1.68671875 0.9375 0.34296875000000004
v 1.60859375 0.9375 0.15546875000000004
v 1.59296875 0.9375 0.34296875000000004
v 1.68671875 0.84375 0.34296875000000004
v 1.70234375 0.84375 0.15546875000000004
v 1.62421875 0.19443187499999998 0.6195075000000001
v 1.59296875 -0.02653875 0.398536875
v 1.49921875 0.03975187499999999 0.33224562500000004
v 1.53046875 0.260723125 0.553216875
v 1.59296875 0.90153875 0.398536875
v 1.68671875 0.835248125 0.33224562500000004
v 1.65546875 0.614276875 0.553216875
v 1.56171875 0.680568125 0.6195075000000001
v 1.56171875 0.625 0.65546875
v 1.65546875 0.625 0.56171875
v 1.62421875 0.25 0.56171875
v 1.53046875 0.25 0.65546875
v 1.65546875 0.625 0.65546875
v 1.62421875 0.25 0.65546875
v 1.53046875 0.25 0.56171875
v 1.56171875 0.625 0.56171875
v 1.68671875 0.90153875 0.398536875
v 1.65546875 0.680568125 0.6195075000000001
v 1.56171875 0.614276875 0.553216875
v 1.59296875 0.835248125 0.33224562500000004
v 1.59296875 -0.0625 0.34296875000000004
v 1.56171875 -0.0625 -0.032031249999999956
v 1.46796875 0.03125 -0.032031249999999956
v 1.49921875 0.03125 0.34296875000000004
v 1.49921875 -0.0625 0.34296875000000004
v 1.59296875 0.03125 0.34296875000000004
v 1.56171875 0.03125 -0.032031249999999956
v 1.46796875 -0.0625 -0.032031249999999956
v 1.53046875 0.19443187499999998 0.6195075000000001
v 1.62421875 0.260723125 0.553216875
v 1.59296875 0.03975187499999999 0.33224562500000004
v 1.49921875 -0.02653875 0.398536875
v 1.70234375 0.9375 0.15546875000000004
v 1.68671875 0.9375 0.34296875000000004
v 1.59296875 0.84375 0.34296875000000004
v 1.60859375 0.84375 0.15546875000000004
v 1.60859375 0.9375 0.15546875000000004
v 1.70234375 0.84375 0.15546875000000004
v 1.68671875 0.84375 0.34296875000000004
v 1.59296875 0.9375 0.34296875000000004
v 1.62421875 0.921875 0.15546875000000004
v 1.63984375 0.921875 -0.04516624999999996
v 1.70234375 0.921875 -0.04516624999999996
v 1.68671875 0.921875 0.15546875000000004
v 1.67109375 0.61224625 -0.26640624999999996
v 1.70234375 0.26275375 -0.26640624999999996
v 1.70234375 0.236865 -0.32890624999999996
v 1.67109375 0.638135 -0.32890624999999996
v 1.73359375 0.61224625 -0.26640624999999996
v 1.73359375 0.638135 -0.32890624999999996
v 1.76484375 0.236865 -0.32890624999999996
v 1.76484375 0.26275375 -0.26640624999999996
v 1.79609375 0.26275375 0.57734375
v 1.85859375 0.26275375 0.57734375
v 1.88984375 0.61224625 0.57734375
v 1.82734375 0.61224625 0.57734375
v 1.82734375 0.638135 0.63984375
v 1.79609375 0.236865 0.63984375
v 1.73359375 -0.046875 -0.04516624999999996
v 1.76484375 -0.046875 0.35610375000000005
v 1.82734375 -0.046875 0.35610375000000005
v 1.79609375 -0.046875 -0.04516624999999996
v 1.85859375 0.921875 0.35610375000000005
v 1.92109375 0.921875 0.35610375000000005
v 1.88984375 0.638135 0.63984375
v 1.73359375 0.015625 -0.019277499999999947
v 1.76484375 0.015625 0.33021500000000004
v 1.79609375 0.015625 -0.019277499999999947
v 1.82734375 0.015625 0.33021500000000004
v 1.85859375 0.859375 0.33021500000000004
v 1.92109375 0.859375 0.33021500000000004
v 1.95234375 0.859375 -0.019277499999999947
v 1.88984375 0.859375 -0.019277499999999947
v 1.63984375 0.859375 -0.019277499999999947
v 1.70234375 0.859375 -0.019277499999999947
v 1.88984375 0.921875 -0.04516624999999996
v 1.95234375 0.921875 -0.04516624999999996
v 1.85859375 0.236865 0.63984375
v 1.68671875 0.859375 0.15546875000000004
v 1.62421875 0.859375 0.15546875000000004
v 1.54609375 0.26275375 0.57734375
v 1.60859375 0.26275375 0.57734375
v 1.63984375 0.61224625 0.57734375
v 1.57734375 0.61224625 0.57734375
v 1.57734375 0.638135 0.63984375
v 1.54609375 0.236865 0.63984375
v 1.48359375 -0.046875 -0.04516624999999996
v 1.51484375 -0.046875 0.35610375000000005
v 1.57734375 -0.046875 0.35610375000000005
v 1.54609375 -0.046875 -0.04516624999999996
v 1.48359375 0.015625 -0.019277499999999947
v 1.51484375 0.015625 0.33021500000000004
v 1.54609375 0.015625 -0.019277499999999947
v 1.57734375 0.015625 0.33021500000000004
v 1.60859375 0.236865 0.63984375
v 1.63984375 0.638135 0.63984375
v 1.67109375 0.859375 0.33021500000000004
v 1.60859375 0.859375 0.33021500000000004
v 1.67109375 0.921875 0.35610375000000005
v 1.60859375 0.921875 0.35610375000000005
v 1.62421875 0.921875 0.15546875000000004
v 1.68671875 0.921875 0.15546875000000004
v 1.62421875 0.859375 0.15546875000000004
v 1.68671875 0.859375 0.15546875000000004
vt 0.5 0.375
vt 0.4375 0.375
vt 0.4375 0.6875
vt 0.5 0.6875
vt 0.3125 0.375
vt 0.3125 0.6875
vt 0.375 0.6875
vt 0.375 0.375
vt 0.4375 0
vt 0.5 0
vt 0.5 0.375
vt 0.4375 0.375
vt 0.5 0
vt 0.5 0.375
vt 0.4375 0.375
vt 0.4375 0
vt 0.4375 0.375
vt 0.4375 0.6875
vt 0.5 0.6875
vt 0.5 0.375
vt 0.375 0.375
vt 0.3125 0.375
vt 0.3125 0.6875
vt 0.375 0.6875
vt 0.5625 0.375
vt 0.5625 0.6875
vt 0.625 0.6875
vt 0.625 0.375
vt 0.75 0.375
vt 0.6875 0.375
vt 0.6875 0.6875
vt 0.75 0.6875
vt 0.6875 0
vt 0.75 0
vt 0.75 0.375
vt 0.6875 0.375
vt 0.75 0
vt 0.75 0.375
vt 0.6875 0.375
vt 0.6875 0
vt 0.6875 0.375
vt 0.6875 0.6875
vt 0.75 0.6875
vt 0.75 0.375
vt 0.625 0
vt 0.625 0.375
vt 0.5625 0.375
vt 0.5625 0
vt 0.5625 0
vt 0.625 0
vt 0.625 0.375
vt 0.5625 0.375
vt 0.625 0.375
vt 0.5625 0.375
vt 0.5625 0.6875
vt 0.625 0.6875
vt 0.875 0
vt 0.875 0.375
vt 0.8125 0.375
vt 0.8125 0
vt 0.8125 0
vt 0.875 0
vt 0.875 0.375
vt 0.8125 0.375
vt 0.5 0.375
vt 0.5 0.6875
vt 0.4375 0.6875
vt 0.4375 0.375
vt 0.3125 0.375
vt 0.375 0.375
vt 0.375 0.6875
vt 0.3125 0.6875
vt 0.4375 0
vt 0.4375 0.375
vt 0.5 0.375
vt 0.5 0
vt 0.5 0
vt 0.4375 0
vt 0.4375 0.375
vt 0.5 0.375
vt 0.4375 0.375
vt 0.5 0.375
vt 0.5 0.6875
vt 0.4375 0.6875
vt 0.375 0.375
vt 0.375 0.6875
vt 0.3125 0.6875
vt 0.3125 0.375
vt 0.5625 0.375
vt 0.625 0.375
vt 0.625 0.6875
vt 0.5625 0.6875
vt 0.75 0.375
vt 0.75 0.6875
vt 0.6875 0.6875
vt 0.6875 0.375
vt 0.6875 0
vt 0.6875 0.375
vt 0.75 0.375
vt 0.75 0
vt 0.75 0
vt 0.6875 0
vt 0.6875 0.375
vt 0.75 0.375
vt 0.6875 0.375
vt 0.75 0.375
vt 0.75 0.6875
vt 0.6875 0.6875
vt 0.625 0
vt 0.5625 0
vt 0.5625 0.375
vt 0.625 0.375
vt 0.5625 0
vt 0.5625 0.375
vt 0.625 0.375
vt 0.625 0
vt 0.625 0.375
vt 0.625 0.6875
vt 0.5625 0.6875
vt 0.5625 0.375
vt 0.875 0
vt 0.8125 0
vt 0.8125 0.375
vt 0.875 0.375
vt 0.8125 0
vt 0.8125 0.375
vt 0.875 0.375
vt 0.875 0
vt 0.375 0.1875
vt 0.375 0.375
vt 0.3125 0.375
vt 0.3125 0.1875
vt 0.3125 0.1875
vt 0.375 0.1875
vt 0.375 0.375
vt 0.3125 0.375
vt 0.375 0.1875
vt 0.3125 0.1875
vt 0.3125 0.375
vt 0.375 0.375
vt 0.3125 0.1875
vt 0.3125 0.375
vt 0.375 0.375
vt 0.375 0.1875
vt 0.9375 0.375
vt 0.875 0.375
vt 0.875 0.76992703125
vt 0.9375 0.76992703125
vt 0.8125 0
vt 0.75 0
vt 0.75 0.20063406250000004
vt 0.8125 0.20063406250000004
vt 0.9375 0.76992703125
vt 0.9375 0.375
vt 0.875 0.4004790625
vt 0.875 0.7444479687500001
vt 0.875 0.4004790625
vt 0.875 0.7444479687500001
vt 0.9375 0.7444479687500001
vt 0.9375 0.4004790625
vt 0.9375 0.02588796874999999
vt 0.875 0
vt 0.875 0.40126796875000004
vt 0.9375 0.37538000000000005
vt 0.9375 0.40126796875000004
vt 0.9375 0
vt 0.875 0.02588796874999999
vt 0.875 0.37538000000000005
vt 0.875 0.02588796874999999
vt 0.875 0.37538000000000005
vt 0.9375 0.37538000000000005
vt 0.9375 0.02588796874999999
vt 0.9375 0.4004790625
vt 0.875 0.375
vt 0.875 0.76992703125
vt 0.9375 0.7444479687500001
vt 0.9375 0
vt 0.875 0
vt 0.875 0.40126796875000004
vt 0.9375 0.40126796875000004
vt 0.75 0.40126796875000004
vt 0.8125 0.37538000000000005
vt 0.8125 0.20063406250000004
vt 0.75 0.20063406250000004
vt 0.8125 0.40126796875000004
vt 0.8125 0.20063406250000004
vt 0.75 0.20063406250000004
vt 0.75 0.37538000000000005
vt 0.75 0.02588796874999999
vt 0.75 0.20063406250000004
vt 0.8125 0.20063406250000004
vt 0.8125 0.02588796874999999
vt 0.75 0.76992703125
vt 0.8125 0.7444479687500001
vt 0.8125 0.4004790625
vt 0.75 0.375
vt 0.8125 0.375
vt 0.75 0.375
vt 0.75 0.76992703125
vt 0.8125 0.76992703125
vt 0.8125 0.76992703125
vt 0.8125 0.375
vt 0.75 0.4004790625
vt 0.75 0.7444479687500001
vt 0.75 0.4004790625
vt 0.75 0.7444479687500001
vt 0.8125 0.7444479687500001
vt 0.8125 0.4004790625
vt 0.875 0.4375
vt 0.875 0.375
vt 0.9375 0.375
vt 0.9375 0.4375
vt 1 0.375
vt 0.9375 0.375
vt 0.9375 0.6875
vt 1 0.6875
vt 0.8125 0.375
vt 0.8125 0.6875
vt 0.875 0.6875
vt 0.875 0.375
vt 0.9375 0
vt 1 0
vt 1 0.375
vt 0.9375 0.375
vt 1 0
vt 1 0.375
vt 0.9375 0.375
vt 0.9375 0
vt 0.9375 0.375
vt 0.9375 0.6875
vt 1 0.6875
vt 1 0.375
vt 0.875 0.375
vt 0.8125 0.375
vt 0.8125 0.6875
vt 0.875 0.6875
vt 1 0.375
vt 1 0.6875
vt 0.9375 0.6875
vt 0.9375 0.375
vt 0.8125 0.375
vt 0.875 0.375
vt 0.875 0.6875
vt 0.8125 0.6875
vt 0.9375 0
vt 0.9375 0.375
vt 1 0.375
vt 1 0
vt 1 0
vt 0.9375 0
vt 0.9375 0.375
vt 1 0.375
vt 0.9375 0.375
vt 1 0.375
vt 1 0.6875
vt 0.9375 0.6875
vt 0.875 0.375
vt 0.875 0.6875
vt 0.8125 0.6875
vt 0.8125 0.375
vt 0.875 0.1875
vt 0.875 0.375
vt 0.8125 0.375
vt 0.8125 0.1875
vt 0.8125 0.1875
vt 0.875 0.1875
vt 0.875 0.375
vt 0.8125 0.375
vt 0.875 0.1875
vt 0.8125 0.1875
vt 0.8125 0.375
vt 0.875 0.375
vt 0.8125 0.1875
vt 0.8125 0.375
vt 0.875 0.375
vt 0.875 0.1875
vt 0.375 0.40126796875000004
vt 0.4375 0.37538000000000005
vt 0.4375 0.02588796874999999
vt 0.375 0
vt 0.4375 0.40126796875000004
vt 0.4375 0
vt 0.375 0.02588796874999999
vt 0.375 0.37538000000000005
vt 0.375 0.02588796874999999
vt 0.375 0.37538000000000005
vt 0.4375 0.37538000000000005
vt 0.4375 0.02588796874999999
vt 0.4375 0
vt 0.375 0
vt 0.375 0.40126796875000004
vt 0.4375 0.40126796875000004
vt 0.25 0.02588796874999999
vt 0.25 0.37538000000000005
vt 0.3125 0.37538000000000005
vt 0.3125 0.02588796874999999
vt 0.625 0.02588796874999999
vt 0.625 0.37538000000000005
vt 0.6875 0.37538000000000005
vt 0.6875 0.02588796874999999
vt 0.6875 0.40126796875000004
vt 0.6875 0
vt 0.625 0.02588796874999999
vt 0.625 0.37538000000000005
vt 0.625 0.40126796875000004
vt 0.6875 0.37538000000000005
vt 0.6875 0.02588796874999999
vt 0.625 0
vt 0.5625 0
vt 0.5 0
vt 0.5 0.40126796875000004
vt 0.5625 0.40126796875000004
vt 0.6875 0
vt 0.625 0
vt 0.625 0.40126796875000004
vt 0.6875 0.40126796875000004
vt 0.5 0.40126796875000004
vt 0.5625 0.37538000000000005
vt 0.5625 0.02588796874999999
vt 0.5 0
vt 0.5625 0.40126796875000004
vt 0.5625 0
vt 0.5 0.02588796874999999
vt 0.5 0.37538000000000005
vt 0.5 0.02588796874999999
vt 0.5 0.37538000000000005
vt 0.5625 0.37538000000000005
vt 0.5625 0.02588796874999999
vt 0.4375 0.375
vt 0.375 0.375
vt 0.375 0.76992703125
vt 0.4375 0.76992703125
vt 0.3125 0
vt 0.25 0
vt 0.25 0.40126796875000004
vt 0.3125 0.40126796875000004
vt 0.4375 0.76992703125
vt 0.4375 0.375
vt 0.375 0.4004790625
vt 0.375 0.7444479687500001
vt 0.375 0.4004790625
vt 0.375 0.7444479687500001
vt 0.4375 0.7444479687500001
vt 0.4375 0.4004790625
vt 0.25 0.76992703125
vt 0.3125 0.7444479687500001
vt 0.3125 0.4004790625
vt 0.25 0.375
vt 0.375 0.76992703125
vt 0.4375 0.7444479687500001
vt 0.4375 0.4004790625
vt 0.375 0.375
vt 0.3125 0.375
vt 0.25 0.375
vt 0.25 0.76992703125
vt 0.3125 0.76992703125
vt 0.3125 0.76992703125
vt 0.3125 0.375
vt 0.25 0.4004790625
vt 0.25 0.7444479687500001
vt 0.25 0.4004790625
vt 0.25 0.7444479687500001
vt 0.3125 0.7444479687500001
vt 0.3125 0.4004790625
vt 0.25 0.40126796875000004
vt 0.3125 0.37538000000000005
vt 0.3125 0.02588796874999999
vt 0.25 0
vt 0.3125 0.40126796875000004
vt 0.3125 0
vt 0.25 0.02588796874999999
vt 0.25 0.37538000000000005
vt 0.625 0.4004790625
vt 0.625 0.7444479687500001
vt 0.6875 0.7444479687500001
vt 0.6875 0.4004790625
vt 0.6875 0.76992703125
vt 0.6875 0.375
vt 0.625 0.4004790625
vt 0.625 0.7444479687500001
vt 0.6875 0.375
vt 0.625 0.375
vt 0.625 0.76992703125
vt 0.6875 0.76992703125
vt 0.5 0.76992703125
vt 0.5625 0.7444479687500001
vt 0.5625 0.4004790625
vt 0.5 0.375
vt 0.625 0.76992703125
vt 0.6875 0.7444479687500001
vt 0.6875 0.4004790625
vt 0.625 0.375
vt 0.5625 0.375
vt 0.5 0.375
vt 0.5 0.76992703125
vt 0.5625 0.76992703125
vt 0.5625 0.76992703125
vt 0.5625 0.375
vt 0.5 0.4004790625
vt 0.5 0.7444479687500001
vt 0.5 0.4004790625
vt 0.5 0.7444479687500001
vt 0.5625 0.7444479687500001
vt 0.5625 0.4004790625
vt 0.8125 0.20063406250000004
vt 0.75 0.20063406250000004
vt 0.75 0.40126796875000004
vt 0.8125 0.40126796875000004
vt 0.75 0.20063406250000004
vt 0.8125 0.20063406250000004
vt 0.8125 0.02588796874999999
vt 0.75 0
vt 0.8125 0.20063406250000004
vt 0.8125 0
vt 0.75 0.02588796874999999
vt 0.75 0.20063406250000004
vt 0.75 0.20063406250000004
vt 0.75 0.37538000000000005
vt 0.8125 0.37538000000000005
vt 0.8125 0.20063406250000004
vt 0.5 0.375
vt 0.4375 0.375
vt 0.4375 0.6875
vt 0.5 0.6875
vt 0.3125 0.375
vt 0.3125 0.6875
vt 0.375 0.6875
vt 0.375 0.375
vt 0.4375 0
vt 0.5 0
vt 0.5 0.375
vt 0.4375 0.375
vt 0.5 0
vt 0.5 0.375
vt 0.4375 0.375
vt 0.4375 0
vt 0.4375 0.375
vt 0.4375 0.6875
vt 0.5 0.6875
vt 0.5 0.375
vt 0.375 0
vt 0.375 0.375
vt 0.3125 0.375
vt 0.3125 0
vt 0.3125 0
vt 0.375 0
vt 0.375 0.375
vt 0.3125 0.375
vt 0.375 0.375
vt 0.3125 0.375
vt 0.3125 0.6875
vt 0.375 0.6875
vt 0.5625 0.375
vt 0.5625 0.6875
vt 0.625 0.6875
vt 0.625 0.375
vt 0.75 0.375
vt 0.6875 0.375
vt 0.6875 0.6875
vt 0.75 0.6875
vt 0.6875 0
vt 0.75 0
vt 0.75 0.375
vt 0.6875 0.375
vt 0.75 0
vt 0.75 0.375
vt 0.6875 0.375
vt 0.6875 0
vt 0.6875 0.375
vt 0.6875 0.6875
vt 0.75 0.6875
vt 0.75 0.375
vt 0.625 0
vt 0.625 0.375
vt 0.5625 0.375
vt 0.5625 0
vt 0.5625 0
vt 0.625 0
vt 0.625 0.375
vt 0.5625 0.375
vt 0.625 0.375
vt 0.5625 0.375
vt 0.5625 0.6875
vt 0.625 0.6875
vt 0.875 0
vt 0.875 0.1875
vt 0.8125 0.1875
vt 0.8125 0
vt 0.8125 0
vt 0.875 0
vt 0.875 0.1875
vt 0.8125 0.1875
vt 0.5 0.375
vt 0.5 0.6875
vt 0.4375 0.6875
vt 0.4375 0.375
vt 0.3125 0.375
vt 0.375 0.375
vt 0.375 0.6875
vt 0.3125 0.6875
vt 0.4375 0
vt 0.4375 0.375
vt 0.5 0.375
vt 0.5 0
vt 0.5 0
vt 0.4375 0
vt 0.4375 0.375
vt 0.5 0.375
vt 0.4375 0.375
vt 0.5 0.375
vt 0.5 0.6875
vt 0.4375 0.6875
vt 0.375 0
vt 0.3125 0
vt 0.3125 0.375
vt 0.375 0.375
vt 0.3125 0
vt 0.3125 0.375
vt 0.375 0.375
vt 0.375 0
vt 0.375 0.375
vt 0.375 0.6875
vt 0.3125 0.6875
vt 0.3125 0.375
vt 0.5625 0.375
vt 0.625 0.375
vt 0.625 0.6875
vt 0.5625 0.6875
vt 0.75 0.375
vt 0.75 0.6875
vt 0.6875 0.6875
vt 0.6875 0.375
vt 0.6875 0
vt 0.6875 0.375
vt 0.75 0.375
vt 0.75 0
vt 0.75 0
vt 0.6875 0
vt 0.6875 0.375
vt 0.75 0.375
vt 0.6875 0.375
vt 0.75 0.375
vt 0.75 0.6875
vt 0.6875 0.6875
vt 0.625 0
vt 0.5625 0
vt 0.5625 0.375
vt 0.625 0.375
vt 0.5625 0
vt 0.5625 0.375
vt 0.625 0.375
vt 0.625 0
vt 0.625 0.375
vt 0.625 0.6875
vt 0.5625 0.6875
vt 0.5625 0.375
vt 0.875 0
vt 0.8125 0
vt 0.8125 0.1875
vt 0.875 0.1875
vt 0.8125 0
vt 0.8125 0.1875
vt 0.875 0.1875
vt 0.875 0
vt 0.9375 0.375
vt 0.875 0.375
vt 0.875 0.76992703125
vt 0.9375 0.76992703125
vt 0.8125 0
vt 0.75 0
vt 0.75 0.20063406250000004
vt 0.8125 0.20063406250000004
vt 0.9375 0.76992703125
vt 0.9375 0.375
vt 0.875 0.4004790625
vt 0.875 0.7444479687500001
vt 0.875 0.4004790625
vt 0.875 0.7444479687500001
vt 0.9375 0.7444479687500001
vt 0.9375 0.4004790625
vt 0.9375 0.02588796874999999
vt 0.875 0
vt 0.875 0.40126796875000004
vt 0.9375 0.37538000000000005
vt 0.9375 0.40126796875000004
vt 0.9375 0
vt 0.875 0.02588796874999999
vt 0.875 0.37538000000000005
vt 0.875 0.02588796874999999
vt 0.875 0.37538000000000005
vt 0.9375 0.37538000000000005
vt 0.9375 0.02588796874999999
vt 0.9375 0.4004790625
vt 0.875 0.375
vt 0.875 0.76992703125
vt 0.9375 0.7444479687500001
vt 0.9375 0
vt 0.875 0
vt 0.875 0.40126796875000004
vt 0.9375 0.40126796875000004
vt 0.75 0.40126796875000004
vt 0.8125 0.37538000000000005
vt 0.8125 0.20063406250000004
vt 0.75 0.20063406250000004
vt 0.8125 0.40126796875000004
vt 0.8125 0.20063406250000004
vt 0.75 0.20063406250000004
vt 0.75 0.37538000000000005
vt 0.75 0.02588796874999999
vt 0.75 0.20063406250000004
vt 0.8125 0.20063406250000004
vt 0.8125 0.02588796874999999
vt 0.75 0.76992703125
vt 0.8125 0.7444479687500001
vt 0.8125 0.4004790625
vt 0.75 0.375
vt 0.8125 0.375
vt 0.75 0.375
vt 0.75 0.76992703125
vt 0.8125 0.76992703125
vt 0.8125 0.76992703125
vt 0.8125 0.375
vt 0.75 0.4004790625
vt 0.75 0.7444479687500001
vt 0.75 0.4004790625
vt 0.75 0.7444479687500001
vt 0.8125 0.7444479687500001
vt 0.8125 0.4004790625
vt 0.875 0.4375
vt 0.875 0.375
vt 0.9375 0.375
vt 0.9375 0.4375
vt 1 0.375
vt 0.9375 0.375
vt 0.9375 0.6875
vt 1 0.6875
vt 0.8125 0.375
vt 0.8125 0.6875
vt 0.875 0.6875
vt 0.875 0.375
vt 0.9375 0
vt 1 0
vt 1 0.375
vt 0.9375 0.375
vt 1 0
vt 1 0.375
vt 0.9375 0.375
vt 0.9375 0
vt 0.9375 0.375
vt 0.9375 0.6875
vt 1 0.6875
vt 1 0.375
vt 0.875 0.375
vt 0.8125 0.375
vt 0.8125 0.6875
vt 0.875 0.6875
vt 1 0.375
vt 1 0.6875
vt 0.9375 0.6875
vt 0.9375 0.375
vt 0.8125 0.375
vt 0.875 0.375
vt 0.875 0.6875
vt 0.8125 0.6875
vt 0.9375 0
vt 0.9375 0.375
vt 1 0.375
vt 1 0
vt 1 0
vt 0.9375 0
vt 0.9375 0.375
vt 1 0.375
vt 0.9375 0.375
vt 1 0.375
vt 1 0.6875
vt 0.9375 0.6875
vt 0.875 0.375
vt 0.875 0.6875
vt 0.8125 0.6875
vt 0.8125 0.375
vt 0.875 0.1875
vt 0.875 0.375
vt 0.8125 0.375
vt 0.8125 0.1875
vt 0.8125 0.1875
vt 0.875 0.1875
vt 0.875 0.375
vt 0.8125 0.375
vt 0.875 0.1875
vt 0.8125 0.1875
vt 0.8125 0.375
vt 0.875 0.375
vt 0.8125 0.1875
vt 0.8125 0.375
vt 0.875 0.375
vt 0.875 0.1875
vt 0.3125 0
vt 0.25 0
vt 0.25 0.20063406250000004
vt 0.3125 0.20063406250000004
vt 0.375 0.40126796875000004
vt 0.4375 0.37538000000000005
vt 0.4375 0.02588796874999999
vt 0.375 0
vt 0.4375 0.40126796875000004
vt 0.4375 0
vt 0.375 0.02588796874999999
vt 0.375 0.37538000000000005
vt 0.375 0.02588796874999999
vt 0.375 0.37538000000000005
vt 0.4375 0.37538000000000005
vt 0.4375 0.02588796874999999
vt 0.4375 0
vt 0.375 0
vt 0.375 0.40126796875000004
vt 0.4375 0.40126796875000004
vt 0.875 0.40126796875000004
vt 0.9375 0.37538000000000005
vt 0.9375 0.02588796874999999
vt 0.875 0
vt 0.875 0.02588796874999999
vt 0.875 0.37538000000000005
vt 0.9375 0.37538000000000005
vt 0.9375 0.02588796874999999
vt 0.625 0.02588796874999999
vt 0.625 0.37538000000000005
vt 0.6875 0.37538000000000005
vt 0.6875 0.02588796874999999
vt 0.625 0.40126796875000004
vt 0.6875 0.37538000000000005
vt 0.6875 0.02588796874999999
vt 0.625 0
vt 0.5625 0
vt 0.5 0
vt 0.5 0.40126796875000004
vt 0.5625 0.40126796875000004
vt 0.6875 0.375
vt 0.625 0.375
vt 0.625 0.76992703125
vt 0.6875 0.76992703125
vt 0.5 0.40126796875000004
vt 0.5625 0.37538000000000005
vt 0.5625 0.02588796874999999
vt 0.5 0
vt 0.5625 0.40126796875000004
vt 0.5625 0
vt 0.5 0.02588796874999999
vt 0.5 0.37538000000000005
vt 0.5 0.02588796874999999
vt 0.5 0.37538000000000005
vt 0.5625 0.37538000000000005
vt 0.5625 0.02588796874999999
vt 0.75 0.02588796874999999
vt 0.75 0.37538000000000005
vt 0.8125 0.37538000000000005
vt 0.8125 0.02588796874999999
vt 0.375 0.40126796875000004
vt 0.4375 0.37538000000000005
vt 0.4375 0.02588796874999999
vt 0.375 0
vt 0.4375 0.40126796875000004
vt 0.4375 0
vt 0.375 0.02588796874999999
vt 0.375 0.37538000000000005
vt 0.375 0.02588796874999999
vt 0.375 0.37538000000000005
vt 0.4375 0.37538000000000005
vt 0.4375 0.02588796874999999
vt 0.125 0.02588796874999999
vt 0.125 0.37538000000000005
vt 0.1875 0.37538000000000005
vt 0.1875 0.02588796874999999
vt 0.125 0.40126796875000004
vt 0.1875 0.37538000000000005
vt 0.1875 0.02588796874999999
vt 0.125 0
vt 0.0625 0
vt 0 0
vt 0 0.40126796875000004
vt 0.0625 0.40126796875000004
vt 0.1875 0.375
vt 0.125 0.375
vt 0.125 0.76992703125
vt 0.1875 0.76992703125
vt 0 0.40126796875000004
vt 0.0625 0.37538000000000005
vt 0.0625 0.02588796874999999
vt 0 0
vt 0.0625 0.40126796875000004
vt 0.0625 0
vt 0 0.02588796874999999
vt 0 0.37538000000000005
vt 0 0.02588796874999999
vt 0 0.37538000000000005
vt 0.0625 0.37538000000000005
vt 0.0625 0.02588796874999999
vt 0.4375 0
vt 0.375 0
vt 0.375 0.40126796875000004
vt 0.4375 0.40126796875000004
vt 0.25 0.02588796874999999
vt 0.25 0.37538000000000005
vt 0.3125 0.37538000000000005
vt 0.3125 0.02588796874999999
vt 0.625 0.02588796874999999
vt 0.625 0.37538000000000005
vt 0.6875 0.37538000000000005
vt 0.6875 0.02588796874999999
vt 0.6875 0.40126796875000004
vt 0.6875 0
vt 0.625 0.02588796874999999
vt 0.625 0.37538000000000005
vt 0.625 0.40126796875000004
vt 0.6875 0.37538000000000005
vt 0.6875 0.02588796874999999
vt 0.625 0
vt 0.5625 0
vt 0.5 0
vt 0.5 0.40126796875000004
vt 0.5625 0.40126796875000004
vt 0.6875 0
vt 0.625 0
vt 0.625 0.40126796875000004
vt 0.6875 0.40126796875000004
vt 0.5 0.40126796875000004
vt 0.5625 0.37538000000000005
vt 0.5625 0.02588796874999999
vt 0.5 0
vt 0.5625 0.40126796875000004
vt 0.5625 0
vt 0.5 0.02588796874999999
vt 0.5 0.37538000000000005
vt 0.5 0.02588796874999999
vt 0.5 0.37538000000000005
vt 0.5625 0.37538000000000005
vt 0.5625 0.02588796874999999
vt 0.4375 0.375
vt 0.375 0.375
vt 0.375 0.76992703125
vt 0.4375 0.76992703125
vt 0.4375 0.375
vt 0.375 0.375
vt 0.375 0.76992703125
vt 0.4375 0.76992703125
vt 0.4375 0.76992703125
vt 0.4375 0.375
vt 0.375 0.4004790625
vt 0.375 0.7444479687500001
vt 0.375 0.4004790625
vt 0.375 0.7444479687500001
vt 0.4375 0.7444479687500001
vt 0.4375 0.4004790625
vt 0.25 0.76992703125
vt 0.3125 0.7444479687500001
vt 0.3125 0.4004790625
vt 0.25 0.375
vt 0.375 0.76992703125
vt 0.4375 0.7444479687500001
vt 0.4375 0.4004790625
vt 0.375 0.375
vt 0.3125 0.375
vt 0.25 0.375
vt 0.25 0.76992703125
vt 0.3125 0.76992703125
vt 0.3125 0.76992703125
vt 0.3125 0.375
vt 0.25 0.4004790625
vt 0.25 0.7444479687500001
vt 0.25 0.4004790625
vt 0.25 0.7444479687500001
vt 0.3125 0.7444479687500001
vt 0.3125 0.4004790625
vt 0.9375 0.375
vt 0.875 0.375
vt 0.875 0.76992703125
vt 0.9375 0.76992703125
vt 0.8125 0
vt 0.75 0
vt 0.75 0.40126796875000004
vt 0.8125 0.40126796875000004
vt 0.9375 0.76992703125
vt 0.9375 0.375
vt 0.875 0.4004790625
vt 0.875 0.7444479687500001
vt 0.875 0.4004790625
vt 0.875 0.7444479687500001
vt 0.9375 0.7444479687500001
vt 0.9375 0.4004790625
vt 0.9375 0.40126796875000004
vt 0.9375 0
vt 0.875 0.02588796874999999
vt 0.875 0.37538000000000005
vt 0.6875 0.40126796875000004
vt 0.6875 0
vt 0.625 0.02588796874999999
vt 0.625 0.37538000000000005
vt 0.625 0.4004790625
vt 0.625 0.7444479687500001
vt 0.6875 0.7444479687500001
vt 0.6875 0.4004790625
vt 0.6875 0.76992703125
vt 0.6875 0.375
vt 0.625 0.4004790625
vt 0.625 0.7444479687500001
vt 0.5 0.76992703125
vt 0.5625 0.7444479687500001
vt 0.5625 0.4004790625
vt 0.5 0.375
vt 0.625 0.76992703125
vt 0.6875 0.7444479687500001
vt 0.6875 0.4004790625
vt 0.625 0.375
vt 0.6875 0
vt 0.625 0
vt 0.625 0.40126796875000004
vt 0.6875 0.40126796875000004
vt 0.5625 0.375
vt 0.5 0.375
vt 0.5 0.76992703125
vt 0.5625 0.76992703125
vt 0.5625 0.76992703125
vt 0.5625 0.375
vt 0.5 0.4004790625
vt 0.5 0.7444479687500001
vt 0.5 0.4004790625
vt 0.5 0.7444479687500001
vt 0.5625 0.7444479687500001
vt 0.5625 0.4004790625
vt 0.75 0.76992703125
vt 0.8125 0.7444479687500001
vt 0.8125 0.4004790625
vt 0.75 0.375
vt 0.875 0.76992703125
vt 0.9375 0.7444479687500001
vt 0.9375 0.4004790625
vt 0.875 0.375
vt 0.9375 0
vt 0.875 0
vt 0.875 0.40126796875000004
vt 0.9375 0.40126796875000004
vt 0.8125 0.375
vt 0.75 0.375
vt 0.75 0.76992703125
vt 0.8125 0.76992703125
vt 0.8125 0.76992703125
vt 0.8125 0.375
vt 0.75 0.4004790625
vt 0.75 0.7444479687500001
vt 0.75 0.4004790625
vt 0.75 0.7444479687500001
vt 0.8125 0.7444479687500001
vt 0.8125 0.4004790625
vt 0.75 0.40126796875000004
vt 0.8125 0.37538000000000005
vt 0.8125 0.02588796874999999
vt 0.75 0
vt 0.8125 0.40126796875000004
vt 0.8125 0
vt 0.75 0.02588796874999999
vt 0.75 0.37538000000000005
vt 0.3125 0
vt 0.25 0
vt 0.25 0.40126796875000004
vt 0.3125 0.40126796875000004
vt 0.4375 0.76992703125
vt 0.4375 0.375
vt 0.375 0.4004790625
vt 0.375 0.7444479687500001
vt 0.375 0.4004790625
vt 0.375 0.7444479687500001
vt 0.4375 0.7444479687500001
vt 0.4375 0.4004790625
vt 0.1875 0.40126796875000004
vt 0.1875 0
vt 0.125 0.02588796874999999
vt 0.125 0.37538000000000005
vt 0.125 0.4004790625
vt 0.125 0.7444479687500001
vt 0.1875 0.7444479687500001
vt 0.1875 0.4004790625
vt 0.1875 0.76992703125
vt 0.1875 0.375
vt 0.125 0.4004790625
vt 0.125 0.7444479687500001
vt 0 0.76992703125
vt 0.0625 0.7444479687500001
vt 0.0625 0.4004790625
vt 0 0.375
vt 0.125 0.76992703125
vt 0.1875 0.7444479687500001
vt 0.1875 0.4004790625
vt 0.125 0.375
vt 0.1875 0
vt 0.125 0
vt 0.125 0.40126796875000004
vt 0.1875 0.40126796875000004
vt 0.0625 0.375
vt 0 0.375
vt 0 0.76992703125
vt 0.0625 0.76992703125
vt 0.0625 0.76992703125
vt 0.0625 0.375
vt 0 0.4004790625
vt 0 0.7444479687500001
vt 0 0.4004790625
vt 0 0.7444479687500001
vt 0.0625 0.7444479687500001
vt 0.0625 0.4004790625
vt 0.25 0.76992703125
vt 0.3125 0.7444479687500001
vt 0.3125 0.4004790625
vt 0.25 0.375
vt 0.375 0.76992703125
vt 0.4375 0.7444479687500001
vt 0.4375 0.4004790625
vt 0.375 0.375
vt 0.3125 0.375
vt 0.25 0.375
vt 0.25 0.76992703125
vt 0.3125 0.76992703125
vt 0.3125 0.76992703125
vt 0.3125 0.375
vt 0.25 0.4004790625
vt 0.25 0.7444479687500001
vt 0.25 0.4004790625
vt 0.25 0.7444479687500001
vt 0.3125 0.7444479687500001
vt 0.3125 0.4004790625
vt 0.25 0.40126796875000004
vt 0.3125 0.37538000000000005
vt 0.3125 0.02588796874999999
vt 0.25 0
vt 0.3125 0.40126796875000004
vt 0.3125 0
vt 0.25 0.02588796874999999
vt 0.25 0.37538000000000005
vt 0.625 0.4004790625
vt 0.625 0.7444479687500001
vt 0.6875 0.7444479687500001
vt 0.6875 0.4004790625
vt 0.6875 0.76992703125
vt 0.6875 0.375
vt 0.625 0.4004790625
vt 0.625 0.7444479687500001
vt 0.6875 0.375
vt 0.625 0.375
vt 0.625 0.76992703125
vt 0.6875 0.76992703125
vt 0.5 0.76992703125
vt 0.5625 0.7444479687500001
vt 0.5625 0.4004790625
vt 0.5 0.375
vt 0.625 0.76992703125
vt 0.6875 0.7444479687500001
vt 0.6875 0.4004790625
vt 0.625 0.375
vt 0.5625 0.375
vt 0.5 0.375
vt 0.5 0.76992703125
vt 0.5625 0.76992703125
vt 0.5625 0.76992703125
vt 0.5625 0.375
vt 0.5 0.4004790625
vt 0.5 0.7444479687500001
vt 0.5 0.4004790625
vt 0.5 0.7444479687500001
vt 0.5625 0.7444479687500001
vt 0.5625 0.4004790625
vt 0.8125 0.20063406250000004
vt 0.75 0.20063406250000004
vt 0.75 0.40126796875000004
vt 0.8125 0.40126796875000004
vt 0.75 0.20063406250000004
vt 0.8125 0.20063406250000004
vt 0.8125 0.02588796874999999
vt 0.75 0
vt 0.8125 0.20063406250000004
vt 0.8125 0
vt 0.75 0.02588796874999999
vt 0.75 0.20063406250000004
vt 0.75 0.20063406250000004
vt 0.75 0.37538000000000005
vt 0.8125 0.37538000000000005
vt 0.8125 0.20063406250000004
vt 0.3125 0.1875
vt 0.3125 0.25
vt 0.25 0.25
vt 0.25 0.1875
vt 0.3125 0.20063406250000004
vt 0.25 0.20063406250000004
vt 0.25 0.40126796875000004
vt 0.3125 0.37538000000000005
vt 0.3125 0.40126796875000004
vt 0.3125 0.20063406250000004
vt 0.25 0.20063406250000004
vt 0.25 0.37538000000000005
vt 0.25 0.02588796874999999
vt 0.25 0.20063406250000004
vt 0.3125 0.20063406250000004
vt 0.3125 0.02588796874999999
vt 0.125 0.02588796874999999
vt 0.125 0.37538000000000005
vt 0.1875 0.37538000000000005
vt 0.1875 0.02588796874999999
vt 0.125 0.40126796875000004
vt 0.1875 0.37538000000000005
vt 0.1875 0.02588796874999999
vt 0.125 0
vt 0.0625 0
vt 0 0
vt 0 0.40126796875000004
vt 0.0625 0.40126796875000004
vt 0 0.40126796875000004
vt 0.0625 0.37538000000000005
vt 0.0625 0.02588796874999999
vt 0 0
vt 0.0625 0.40126796875000004
vt 0.0625 0
vt 0 0.02588796874999999
vt 0 0.37538000000000005
vt 0 0.02588796874999999
vt 0 0.37538000000000005
vt 0.0625 0.37538000000000005
vt 0.0625 0.02588796874999999
vt 0.1875 0.40126796875000004
vt 0.1875 0
vt 0.125 0.02588796874999999
vt 0.125 0.37538000000000005
vt 0.125 0.4004790625
vt 0.125 0.7444479687500001
vt 0.1875 0.7444479687500001
vt 0.1875 0.4004790625
vt 0.1875 0.76992703125
vt 0.1875 0.375
vt 0.125 0.4004790625
vt 0.125 0.7444479687500001
vt 0.1875 0.375
vt 0.125 0.375
vt 0.125 0.76992703125
vt 0.1875 0.76992703125
vt 0 0.76992703125
vt 0.0625 0.7444479687500001
vt 0.0625 0.4004790625
vt 0 0.375
vt 0.125 0.76992703125
vt 0.1875 0.7444479687500001
vt 0.1875 0.4004790625
vt 0.125 0.375
vt 0.1875 0
vt 0.125 0
vt 0.125 0.40126796875000004
vt 0.1875 0.40126796875000004
vt 0.0625 0.375
vt 0 0.375
vt 0 0.76992703125
vt 0.0625 0.76992703125
vt 0.0625 0.76992703125
vt 0.0625 0.375
vt 0 0.4004790625
vt 0 0.7444479687500001
vt 0.0625 0.7444479687500001
vt 0.0625 0.4004790625
vt 0 0.4004790625
vt 0 0.7444479687500001
vt 0.3125 0.20063406250000004
vt 0.25 0.20063406250000004
vt 0.25 0.40126796875000004
vt 0.3125 0.40126796875000004
vt 0.25 0.20063406250000004
vt 0.3125 0.20063406250000004
vt 0.3125 0.02588796874999999
vt 0.25 0
vt 0.3125 0.20063406250000004
vt 0.3125 0
vt 0.25 0.02588796874999999
vt 0.25 0.20063406250000004
vt 0.25 0.20063406250000004
vt 0.25 0.37538000000000005
vt 0.3125 0.37538000000000005
vt 0.3125 0.20063406250000004
vt 0.0625 0.375
vt 0.0625 0.4375
vt 0 0.4375
vt 0 0.375
vt 0.5 0.375
vt 0.4375 0.375
vt 0.4375 0.6875
vt 0.5 0.6875
vt 0.5 0.375
vt 0.4375 0.375
vt 0.4375 0.6875
vt 0.5 0.6875
vt 0.3125 0.375
vt 0.3125 0.6875
vt 0.375 0.6875
vt 0.375 0.375
vt 0.4375 0
vt 0.5 0
vt 0.5 0.375
vt 0.4375 0.375
vt 0.5 0
vt 0.5 0.375
vt 0.4375 0.375
vt 0.4375 0
vt 0.4375 0.375
vt 0.4375 0.6875
vt 0.5 0.6875
vt 0.5 0.375
vt 0.375 0.375
vt 0.3125 0.375
vt 0.3125 0.6875
vt 0.375 0.6875
vt 1 0.375
vt 0.9375 0.375
vt 0.9375 0.6875
vt 1 0.6875
vt 0.5625 0.375
vt 0.5625 0.6875
vt 0.625 0.6875
vt 0.625 0.375
vt 0.8125 0.375
vt 0.8125 0.6875
vt 0.875 0.6875
vt 0.875 0.375
vt 0.75 0.375
vt 0.6875 0.375
vt 0.6875 0.6875
vt 0.75 0.6875
vt 0.6875 0
vt 0.75 0
vt 0.75 0.375
vt 0.6875 0.375
vt 0.75 0
vt 0.75 0.375
vt 0.6875 0.375
vt 0.6875 0
vt 0.6875 0.375
vt 0.6875 0.6875
vt 0.75 0.6875
vt 0.75 0.375
vt 0.625 0
vt 0.625 0.375
vt 0.5625 0.375
vt 0.5625 0
vt 0.5625 0
vt 0.625 0
vt 0.625 0.375
vt 0.5625 0.375
vt 0.625 0.375
vt 0.5625 0.375
vt 0.5625 0.6875
vt 0.625 0.6875
vt 0.9375 0
vt 1 0
vt 1 0.375
vt 0.9375 0.375
vt 1 0
vt 1 0.375
vt 0.9375 0.375
vt 0.9375 0
vt 0.9375 0.375
vt 0.9375 0.6875
vt 1 0.6875
vt 1 0.375
vt 0.875 0
vt 0.875 0.375
vt 0.8125 0.375
vt 0.8125 0
vt 0.8125 0
vt 0.875 0
vt 0.875 0.375
vt 0.8125 0.375
vt 0.875 0.375
vt 0.8125 0.375
vt 0.8125 0.6875
vt 0.875 0.6875
vt 0.0625 0.375
vt 0.0625 0.6875
vt 0.125 0.6875
vt 0.125 0.375
vt 0.3125 0.375
vt 0.3125 0.6875
vt 0.375 0.6875
vt 0.375 0.375
vt 0.25 0.375
vt 0.1875 0.375
vt 0.1875 0.6875
vt 0.25 0.6875
vt 0.1875 0
vt 0.25 0
vt 0.25 0.375
vt 0.1875 0.375
vt 0.25 0
vt 0.25 0.375
vt 0.1875 0.375
vt 0.1875 0
vt 0.1875 0.375
vt 0.1875 0.6875
vt 0.25 0.6875
vt 0.25 0.375
vt 0.125 0
vt 0.125 0.375
vt 0.0625 0.375
vt 0.0625 0
vt 0.0625 0
vt 0.125 0
vt 0.125 0.375
vt 0.0625 0.375
vt 0.125 0.375
vt 0.0625 0.375
vt 0.0625 0.6875
vt 0.125 0.6875
vt 0.4375 0
vt 0.5 0
vt 0.5 0.375
vt 0.4375 0.375
vt 0.5 0
vt 0.5 0.375
vt 0.4375 0.375
vt 0.4375 0
vt 0.4375 0.375
vt 0.4375 0.6875
vt 0.5 0.6875
vt 0.5 0.375
vt 0.375 0
vt 0.375 0.375
vt 0.3125 0.375
vt 0.3125 0
vt 0.3125 0
vt 0.375 0
vt 0.375 0.375
vt 0.3125 0.375
vt 0.375 0.375
vt 0.3125 0.375
vt 0.3125 0.6875
vt 0.375 0.6875
vt 0.5625 0.375
vt 0.5625 0.6875
vt 0.625 0.6875
vt 0.625 0.375
vt 0.75 0.375
vt 0.6875 0.375
vt 0.6875 0.6875
vt 0.75 0.6875
vt 0.6875 0
vt 0.75 0
vt 0.75 0.375
vt 0.6875 0.375
vt 0.75 0
vt 0.75 0.375
vt 0.6875 0.375
vt 0.6875 0
vt 0.6875 0.375
vt 0.6875 0.6875
vt 0.75 0.6875
vt 0.75 0.375
vt 0.625 0
vt 0.625 0.375
vt 0.5625 0.375
vt 0.5625 0
vt 0.5625 0
vt 0.625 0
vt 0.625 0.375
vt 0.5625 0.375
vt 0.625 0.375
vt 0.5625 0.375
vt 0.5625 0.6875
vt 0.625 0.6875
vt 0.875 0
vt 0.875 0.1875
vt 0.8125 0.1875
vt 0.8125 0
vt 0.8125 0
vt 0.875 0
vt 0.875 0.1875
vt 0.8125 0.1875
vt 0.5 0.375
vt 0.5 0.6875
vt 0.4375 0.6875
vt 0.4375 0.375
vt 0.5 0.375
vt 0.5 0.6875
vt 0.4375 0.6875
vt 0.4375 0.375
vt 0.3125 0.375
vt 0.375 0.375
vt 0.375 0.6875
vt 0.3125 0.6875
vt 0.4375 0
vt 0.4375 0.375
vt 0.5 0.375
vt 0.5 0
vt 0.5 0
vt 0.4375 0
vt 0.4375 0.375
vt 0.5 0.375
vt 0.4375 0.375
vt 0.5 0.375
vt 0.5 0.6875
vt 0.4375 0.6875
vt 0.375 0.375
vt 0.375 0.6875
vt 0.3125 0.6875
vt 0.3125 0.375
vt 1 0.375
vt 1 0.6875
vt 0.9375 0.6875
vt 0.9375 0.375
vt 0.5625 0.375
vt 0.625 0.375
vt 0.625 0.6875
vt 0.5625 0.6875
vt 0.8125 0.375
vt 0.875 0.375
vt 0.875 0.6875
vt 0.8125 0.6875
vt 0.75 0.375
vt 0.75 0.6875
vt 0.6875 0.6875
vt 0.6875 0.375
vt 0.6875 0
vt 0.6875 0.375
vt 0.75 0.375
vt 0.75 0
vt 0.75 0
vt 0.6875 0
vt 0.6875 0.375
vt 0.75 0.375
vt 0.6875 0.375
vt 0.75 0.375
vt 0.75 0.6875
vt 0.6875 0.6875
vt 0.625 0
vt 0.5625 0
vt 0.5625 0.375
vt 0.625 0.375
vt 0.5625 0
vt 0.5625 0.375
vt 0.625 0.375
vt 0.625 0
vt 0.625 0.375
vt 0.625 0.6875
vt 0.5625 0.6875
vt 0.5625 0.375
vt 0.9375 0
vt 0.9375 0.375
vt 1 0.375
vt 1 0
vt 1 0
vt 0.9375 0
vt 0.9375 0.375
vt 1 0.375
vt 0.9375 0.375
vt 1 0.375
vt 1 0.6875
vt 0.9375 0.6875
vt 0.875 0
vt 0.8125 0
vt 0.8125 0.375
vt 0.875 0.375
vt 0.8125 0
vt 0.8125 0.375
vt 0.875 0.375
vt 0.875 0
vt 0.875 0.375
vt 0.875 0.6875
vt 0.8125 0.6875
vt 0.8125 0.375
vt 0.0625 0.375
vt 0.125 0.375
vt 0.125 0.6875
vt 0.0625 0.6875
vt 0.3125 0.375
vt 0.375 0.375
vt 0.375 0.6875
vt 0.3125 0.6875
vt 0.25 0.375
vt 0.25 0.6875
vt 0.1875 0.6875
vt 0.1875 0.375
vt 0.1875 0
vt 0.1875 0.375
vt 0.25 0.375
vt 0.25 0
vt 0.25 0
vt 0.1875 0
vt 0.1875 0.375
vt 0.25 0.375
vt 0.1875 0.375
vt 0.25 0.375
vt 0.25 0.6875
vt 0.1875 0.6875
vt 0.125 0
vt 0.0625 0
vt 0.0625 0.375
vt 0.125 0.375
vt 0.0625 0
vt 0.0625 0.375
vt 0.125 0.375
vt 0.125 0
vt 0.125 0.375
vt 0.125 0.6875
vt 0.0625 0.6875
vt 0.0625 0.375
vt 0.4375 0
vt 0.4375 0.375
vt 0.5 0.375
vt 0.5 0
vt 0.5 0
vt 0.4375 0
vt 0.4375 0.375
vt 0.5 0.375
vt 0.4375 0.375
vt 0.5 0.375
vt 0.5 0.6875
vt 0.4375 0.6875
vt 0.375 0
vt 0.3125 0
vt 0.3125 0.375
vt 0.375 0.375
vt 0.3125 0
vt 0.3125 0.375
vt 0.375 0.375
vt 0.375 0
vt 0.375 0.375
vt 0.375 0.6875
vt 0.3125 0.6875
vt 0.3125 0.375
vt 0.5625 0.375
vt 0.625 0.375
vt 0.625 0.6875
vt 0.5625 0.6875
vt 0.75 0.375
vt 0.75 0.6875
vt 0.6875 0.6875
vt 0.6875 0.375
vt 0.6875 0
vt 0.6875 0.375
vt 0.75 0.375
vt 0.75 0
vt 0.75 0
vt 0.6875 0
vt 0.6875 0.375
vt 0.75 0.375
vt 0.6875 0.375
vt 0.75 0.375
vt 0.75 0.6875
vt 0.6875 0.6875
vt 0.625 0
vt 0.5625 0
vt 0.5625 0.375
vt 0.625 0.375
vt 0.5625 0
vt 0.5625 0.375
vt 0.625 0.375
vt 0.625 0
vt 0.625 0.375
vt 0.625 0.6875
vt 0.5625 0.6875
vt 0.5625 0.375
vt 0.875 0
vt 0.8125 0
vt 0.8125 0.1875
vt 0.875 0.1875
vt 0.8125 0
vt 0.8125 0.1875
vt 0.875 0.1875
vt 0.875 0
vt 0.375 0.1875
vt 0.375 0.375
vt 0.3125 0.375
vt 0.3125 0.1875
vt 0.3125 0.1875
vt 0.375 0.1875
vt 0.375 0.375
vt 0.3125 0.375
vt 0.375 0.1875
vt 0.3125 0.1875
vt 0.3125 0.375
vt 0.375 0.375
vt 0.3125 0.1875
vt 0.3125 0.375
vt 0.375 0.375
vt 0.375 0.1875
vt 0.0625 0.375
vt 0.0625 0.6875
vt 0.125 0.6875
vt 0.125 0.375
vt 0.25 0.375
vt 0.1875 0.375
vt 0.1875 0.6875
vt 0.25 0.6875
vt 0.1875 0
vt 0.25 0
vt 0.25 0.375
vt 0.1875 0.375
vt 0.25 0
vt 0.25 0.375
vt 0.1875 0.375
vt 0.1875 0
vt 0.1875 0.375
vt 0.1875 0.6875
vt 0.25 0.6875
vt 0.25 0.375
vt 0.125 0
vt 0.125 0.375
vt 0.0625 0.375
vt 0.0625 0
vt 0.0625 0
vt 0.125 0
vt 0.125 0.375
vt 0.0625 0.375
vt 0.125 0.375
vt 0.0625 0.375
vt 0.0625 0.6875
vt 0.125 0.6875
vt 0.375 0
vt 0.375 0.1875
vt 0.3125 0.1875
vt 0.3125 0
vt 0.3125 0
vt 0.375 0
vt 0.375 0.1875
vt 0.3125 0.1875
vt 0.0625 0.375
vt 0.125 0.375
vt 0.125 0.6875
vt 0.0625 0.6875
vt 0.25 0.375
vt 0.25 0.6875
vt 0.1875 0.6875
vt 0.1875 0.375
vt 0.1875 0
vt 0.1875 0.375
vt 0.25 0.375
vt 0.25 0
vt 0.25 0
vt 0.1875 0
vt 0.1875 0.375
vt 0.25 0.375
vt 0.1875 0.375
vt 0.25 0.375
vt 0.25 0.6875
vt 0.1875 0.6875
vt 0.125 0
vt 0.0625 0
vt 0.0625 0.375
vt 0.125 0.375
vt 0.0625 0
vt 0.0625 0.375
vt 0.125 0.375
vt 0.125 0
vt 0.125 0.375
vt 0.125 0.6875
vt 0.0625 0.6875
vt 0.0625 0.375
vt 0.375 0
vt 0.3125 0
vt 0.3125 0.1875
vt 0.375 0.1875
vt 0.3125 0
vt 0.3125 0.1875
vt 0.375 0.1875
vt 0.375 0
vt 0.9375 0.375
vt 0.875 0.375
vt 0.875 0.76992703125
vt 0.9375 0.76992703125
vt 0.8125 0
vt 0.75 0
vt 0.75 0.20063406250000004
vt 0.8125 0.20063406250000004
vt 0.9375 0.76992703125
vt 0.9375 0.375
vt 0.875 0.4004790625
vt 0.875 0.7444479687500001
vt 0.875 0.4004790625
vt 0.875 0.7444479687500001
vt 0.9375 0.7444479687500001
vt 0.9375 0.4004790625
vt 0.9375 0.02588796874999999
vt 0.875 0
vt 0.875 0.40126796875000004
vt 0.9375 0.37538000000000005
vt 0.9375 0.40126796875000004
vt 0.9375 0
vt 0.875 0.02588796874999999
vt 0.875 0.37538000000000005
vt 0.875 0.02588796874999999
vt 0.875 0.37538000000000005
vt 0.9375 0.37538000000000005
vt 0.9375 0.02588796874999999
vt 0.9375 0.4004790625
vt 0.875 0.375
vt 0.875 0.76992703125
vt 0.9375 0.7444479687500001
vt 0.9375 0
vt 0.875 0
vt 0.875 0.40126796875000004
vt 0.9375 0.40126796875000004
vt 0.75 0.40126796875000004
vt 0.8125 0.37538000000000005
vt 0.8125 0.20063406250000004
vt 0.75 0.20063406250000004
vt 0.8125 0.40126796875000004
vt 0.8125 0.20063406250000004
vt 0.75 0.20063406250000004
vt 0.75 0.37538000000000005
vt 0.75 0.02588796874999999
vt 0.75 0.20063406250000004
vt 0.8125 0.20063406250000004
vt 0.8125 0.02588796874999999
vt 0.75 0.76992703125
vt 0.8125 0.7444479687500001
vt 0.8125 0.4004790625
vt 0.75 0.375
vt 0.8125 0.375
vt 0.75 0.375
vt 0.75 0.76992703125
vt 0.8125 0.76992703125
vt 0.8125 0.76992703125
vt 0.8125 0.375
vt 0.75 0.4004790625
vt 0.75 0.7444479687500001
vt 0.75 0.4004790625
vt 0.75 0.7444479687500001
vt 0.8125 0.7444479687500001
vt 0.8125 0.4004790625
vt 0.875 0.4375
vt 0.875 0.375
vt 0.9375 0.375
vt 0.9375 0.4375
vt 1 0.375
vt 0.9375 0.375
vt 0.9375 0.6875
vt 1 0.6875
vt 0.8125 0.375
vt 0.8125 0.6875
vt 0.875 0.6875
vt 0.875 0.375
vt 0.9375 0
vt 1 0
vt 1 0.375
vt 0.9375 0.375
vt 1 0
vt 1 0.375
vt 0.9375 0.375
vt 0.9375 0
vt 0.9375 0.375
vt 0.9375 0.6875
vt 1 0.6875
vt 1 0.375
vt 0.875 0.375
vt 0.8125 0.375
vt 0.8125 0.6875
vt 0.875 0.6875
vt 1 0.375
vt 1 0.6875
vt 0.9375 0.6875
vt 0.9375 0.375
vt 0.8125 0.375
vt 0.875 0.375
vt 0.875 0.6875
vt 0.8125 0.6875
vt 0.9375 0
vt 0.9375 0.375
vt 1 0.375
vt 1 0
vt 1 0
vt 0.9375 0
vt 0.9375 0.375
vt 1 0.375
vt 0.9375 0.375
vt 1 0.375
vt 1 0.6875
vt 0.9375 0.6875
vt 0.875 0.375
vt 0.875 0.6875
vt 0.8125 0.6875
vt 0.8125 0.375
vt 0.875 0.1875
vt 0.875 0.375
vt 0.8125 0.375
vt 0.8125 0.1875
vt 0.8125 0.1875
vt 0.875 0.1875
vt 0.875 0.375
vt 0.8125 0.375
vt 0.875 0.1875
vt 0.8125 0.1875
vt 0.8125 0.375
vt 0.875 0.375
vt 0.8125 0.1875
vt 0.8125 0.375
vt 0.875 0.375
vt 0.875 0.1875
vt 0.3125 0
vt 0.25 0
vt 0.25 0.20063406250000004
vt 0.3125 0.20063406250000004
vt 0.375 0.40126796875000004
vt 0.4375 0.37538000000000005
vt 0.4375 0.02588796874999999
vt 0.375 0
vt 0.4375 0.40126796875000004
vt 0.4375 0
vt 0.375 0.02588796874999999
vt 0.375 0.37538000000000005
vt 0.375 0.02588796874999999
vt 0.375 0.37538000000000005
vt 0.4375 0.37538000000000005
vt 0.4375 0.02588796874999999
vt 0.4375 0
vt 0.375 0
vt 0.375 0.40126796875000004
vt 0.4375 0.40126796875000004
vt 0.875 0.40126796875000004
vt 0.9375 0.37538000000000005
vt 0.9375 0.02588796874999999
vt 0.875 0
vt 0.875 0.02588796874999999
vt 0.875 0.37538000000000005
vt 0.9375 0.37538000000000005
vt 0.9375 0.02588796874999999
vt 0.625 0.02588796874999999
vt 0.625 0.37538000000000005
vt 0.6875 0.37538000000000005
vt 0.6875 0.02588796874999999
vt 0.625 0.40126796875000004
vt 0.6875 0.37538000000000005
vt 0.6875 0.02588796874999999
vt 0.625 0
vt 0.5625 0
vt 0.5 0
vt 0.5 0.40126796875000004
vt 0.5625 0.40126796875000004
vt 0.6875 0.375
vt 0.625 0.375
vt 0.625 0.76992703125
vt 0.6875 0.76992703125
vt 0.5 0.40126796875000004
vt 0.5625 0.37538000000000005
vt 0.5625 0.02588796874999999
vt 0.5 0
vt 0.5625 0.40126796875000004
vt 0.5625 0
vt 0.5 0.02588796874999999
vt 0.5 0.37538000000000005
vt 0.5 0.02588796874999999
vt 0.5 0.37538000000000005
vt 0.5625 0.37538000000000005
vt 0.5625 0.02588796874999999
vt 0.75 0.02588796874999999
vt 0.75 0.37538000000000005
vt 0.8125 0.37538000000000005
vt 0.8125 0.02588796874999999
vt 0.375 0.40126796875000004
vt 0.4375 0.37538000000000005
vt 0.4375 0.02588796874999999
vt 0.375 0
vt 0.4375 0.40126796875000004
vt 0.4375 0
vt 0.375 0.02588796874999999
vt 0.375 0.37538000000000005
vt 0.375 0.02588796874999999
vt 0.375 0.37538000000000005
vt 0.4375 0.37538000000000005
vt 0.4375 0.02588796874999999
vt 0.125 0.02588796874999999
vt 0.125 0.37538000000000005
vt 0.1875 0.37538000000000005
vt 0.1875 0.02588796874999999
vt 0.125 0.40126796875000004
vt 0.1875 0.37538000000000005
vt 0.1875 0.02588796874999999
vt 0.125 0
vt 0.0625 0
vt 0 0
vt 0 0.40126796875000004
vt 0.0625 0.40126796875000004
vt 0.1875 0.375
vt 0.125 0.375
vt 0.125 0.76992703125
vt 0.1875 0.76992703125
vt 0 0.40126796875000004
vt 0.0625 0.37538000000000005
vt 0.0625 0.02588796874999999
vt 0 0
vt 0.0625 0.40126796875000004
vt 0.0625 0
vt 0 0.02588796874999999
vt 0 0.37538000000000005
vt 0 0.02588796874999999
vt 0 0.37538000000000005
vt 0.0625 0.37538000000000005
vt 0.0625 0.02588796874999999
vt 0.4375 0
vt 0.375 0
vt 0.375 0.40126796875000004
vt 0.4375 0.40126796875000004
vt 0.25 0.02588796874999999
vt 0.25 0.37538000000000005
vt 0.3125 0.37538000000000005
vt 0.3125 0.02588796874999999
vt 0.625 0.02588796874999999
vt 0.625 0.37538000000000005
vt 0.6875 0.37538000000000005
vt 0.6875 0.02588796874999999
vt 0.6875 0.40126796875000004
vt 0.6875 0
vt 0.625 0.02588796874999999
vt 0.625 0.37538000000000005
vt 0.625 0.40126796875000004
vt 0.6875 0.37538000000000005
vt 0.6875 0.02588796874999999
vt 0.625 0
vt 0.5625 0
vt 0.5 0
vt 0.5 0.40126796875000004
vt 0.5625 0.40126796875000004
vt 0.6875 0
vt 0.625 0
vt 0.625 0.40126796875000004
vt 0.6875 0.40126796875000004
vt 0.5 0.40126796875000004
vt 0.5625 0.37538000000000005
vt 0.5625 0.02588796874999999
vt 0.5 0
vt 0.5625 0.40126796875000004
vt 0.5625 0
vt 0.5 0.02588796874999999
vt 0.5 0.37538000000000005
vt 0.5 0.02588796874999999
vt 0.5 0.37538000000000005
vt 0.5625 0.37538000000000005
vt 0.5625 0.02588796874999999
vt 0.4375 0.375
vt 0.375 0.375
vt 0.375 0.76992703125
vt 0.4375 0.76992703125
vt 0.4375 0.375
vt 0.375 0.375
vt 0.375 0.76992703125
vt 0.4375 0.76992703125
vt 0.4375 0.76992703125
vt 0.4375 0.375
vt 0.375 0.4004790625
vt 0.375 0.7444479687500001
vt 0.375 0.4004790625
vt 0.375 0.7444479687500001
vt 0.4375 0.7444479687500001
vt 0.4375 0.4004790625
vt 0.25 0.76992703125
vt 0.3125 0.7444479687500001
vt 0.3125 0.4004790625
vt 0.25 0.375
vt 0.375 0.76992703125
vt 0.4375 0.7444479687500001
vt 0.4375 0.4004790625
vt 0.375 0.375
vt 0.3125 0.375
vt 0.25 0.375
vt 0.25 0.76992703125
vt 0.3125 0.76992703125
vt 0.3125 0.76992703125
vt 0.3125 0.375
vt 0.25 0.4004790625
vt 0.25 0.7444479687500001
vt 0.25 0.4004790625
vt 0.25 0.7444479687500001
vt 0.3125 0.7444479687500001
vt 0.3125 0.4004790625
vt 0.9375 0.375
vt 0.875 0.375
vt 0.875 0.76992703125
vt 0.9375 0.76992703125
vt 0.8125 0
vt 0.75 0
vt 0.75 0.40126796875000004
vt 0.8125 0.40126796875000004
vt 0.9375 0.76992703125
vt 0.9375 0.375
vt 0.875 0.4004790625
vt 0.875 0.7444479687500001
vt 0.875 0.4004790625
vt 0.875 0.7444479687500001
vt 0.9375 0.7444479687500001
vt 0.9375 0.4004790625
vt 0.9375 0.40126796875000004
vt 0.9375 0
vt 0.875 0.02588796874999999
vt 0.875 0.37538000000000005
vt 0.6875 0.40126796875000004
vt 0.6875 0
vt 0.625 0.02588796874999999
vt 0.625 0.37538000000000005
vt 0.625 0.4004790625
vt 0.625 0.7444479687500001
vt 0.6875 0.7444479687500001
vt 0.6875 0.4004790625
vt 0.6875 0.76992703125
vt 0.6875 0.375
vt 0.625 0.4004790625
vt 0.625 0.7444479687500001
vt 0.5 0.76992703125
vt 0.5625 0.7444479687500001
vt 0.5625 0.4004790625
vt 0.5 0.375
vt 0.625 0.76992703125
vt 0.6875 0.7444479687500001
vt 0.6875 0.4004790625
vt 0.625 0.375
vt 0.6875 0
vt 0.625 0
vt 0.625 0.40126796875000004
vt 0.6875 0.40126796875000004
vt 0.5625 0.375
vt 0.5 0.375
vt 0.5 0.76992703125
vt 0.5625 0.76992703125
vt 0.5625 0.76992703125
vt 0.5625 0.375
vt 0.5 0.4004790625
vt 0.5 0.7444479687500001
vt 0.5 0.4004790625
vt 0.5 0.7444479687500001
vt 0.5625 0.7444479687500001
vt 0.5625 0.4004790625
vt 0.75 0.76992703125
vt 0.8125 0.7444479687500001
vt 0.8125 0.4004790625
vt 0.75 0.375
vt 0.875 0.76992703125
vt 0.9375 0.7444479687500001
vt 0.9375 0.4004790625
vt 0.875 0.375
vt 0.9375 0
vt 0.875 0
vt 0.875 0.40126796875000004
vt 0.9375 0.40126796875000004
vt 0.8125 0.375
vt 0.75 0.375
vt 0.75 0.76992703125
vt 0.8125 0.76992703125
vt 0.8125 0.76992703125
vt 0.8125 0.375
vt 0.75 0.4004790625
vt 0.75 0.7444479687500001
vt 0.75 0.4004790625
vt 0.75 0.7444479687500001
vt 0.8125 0.7444479687500001
vt 0.8125 0.4004790625
vt 0.75 0.40126796875000004
vt 0.8125 0.37538000000000005
vt 0.8125 0.02588796874999999
vt 0.75 0
vt 0.8125 0.40126796875000004
vt 0.8125 0
vt 0.75 0.02588796874999999
vt 0.75 0.37538000000000005
vt 0.3125 0
vt 0.25 0
vt 0.25 0.40126796875000004
vt 0.3125 0.40126796875000004
vt 0.4375 0.76992703125
vt 0.4375 0.375
vt 0.375 0.4004790625
vt 0.375 0.7444479687500001
vt 0.375 0.4004790625
vt 0.375 0.7444479687500001
vt 0.4375 0.7444479687500001
vt 0.4375 0.4004790625
vt 0.1875 0.40126796875000004
vt 0.1875 0
vt 0.125 0.02588796874999999
vt 0.125 0.37538000000000005
vt 0.125 0.4004790625
vt 0.125 0.7444479687500001
vt 0.1875 0.7444479687500001
vt 0.1875 0.4004790625
vt 0.1875 0.76992703125
vt 0.1875 0.375
vt 0.125 0.4004790625
vt 0.125 0.7444479687500001
vt 0 0.76992703125
vt 0.0625 0.7444479687500001
vt 0.0625 0.4004790625
vt 0 0.375
vt 0.125 0.76992703125
vt 0.1875 0.7444479687500001
vt 0.1875 0.4004790625
vt 0.125 0.375
vt 0.1875 0
vt 0.125 0
vt 0.125 0.40126796875000004
vt 0.1875 0.40126796875000004
vt 0.0625 0.375
vt 0 0.375
vt 0 0.76992703125
vt 0.0625 0.76992703125
vt 0.0625 0.76992703125
vt 0.0625 0.375
vt 0 0.4004790625
vt 0 0.7444479687500001
vt 0 0.4004790625
vt 0 0.7444479687500001
vt 0.0625 0.7444479687500001
vt 0.0625 0.4004790625
vt 0.25 0.76992703125
vt 0.3125 0.7444479687500001
vt 0.3125 0.4004790625
vt 0.25 0.375
vt 0.375 0.76992703125
vt 0.4375 0.7444479687500001
vt 0.4375 0.4004790625
vt 0.375 0.375
vt 0.3125 0.375
vt 0.25 0.375
vt 0.25 0.76992703125
vt 0.3125 0.76992703125
vt 0.3125 0.76992703125
vt 0.3125 0.375
vt 0.25 0.4004790625
vt 0.25 0.7444479687500001
vt 0.25 0.4004790625
vt 0.25 0.7444479687500001
vt 0.3125 0.7444479687500001
vt 0.3125 0.4004790625
vt 0.25 0.40126796875000004
vt 0.3125 0.37538000000000005
vt 0.3125 0.02588796874999999
vt 0.25 0
vt 0.3125 0.40126796875000004
vt 0.3125 0
vt 0.25 0.02588796874999999
vt 0.25 0.37538000000000005
vt 0.625 0.4004790625
vt 0.625 0.7444479687500001
vt 0.6875 0.7444479687500001
vt 0.6875 0.4004790625
vt 0.6875 0.76992703125
vt 0.6875 0.375
vt 0.625 0.4004790625
vt 0.625 0.7444479687500001
vt 0.6875 0.375
vt 0.625 0.375
vt 0.625 0.76992703125
vt 0.6875 0.76992703125
vt 0.5 0.76992703125
vt 0.5625 0.7444479687500001
vt 0.5625 0.4004790625
vt 0.5 0.375
vt 0.625 0.76992703125
vt 0.6875 0.7444479687500001
vt 0.6875 0.4004790625
vt 0.625 0.375
vt 0.5625 0.375
vt 0.5 0.375
vt 0.5 0.76992703125
vt 0.5625 0.76992703125
vt 0.5625 0.76992703125
vt 0.5625 0.375
vt 0.5 0.4004790625
vt 0.5 0.7444479687500001
vt 0.5 0.4004790625
vt 0.5 0.7444479687500001
vt 0.5625 0.7444479687500001
vt 0.5625 0.4004790625
vt 0.8125 0.20063406250000004
vt 0.75 0.20063406250000004
vt 0.75 0.40126796875000004
vt 0.8125 0.40126796875000004
vt 0.75 0.20063406250000004
vt 0.8125 0.20063406250000004
vt 0.8125 0.02588796874999999
vt 0.75 0
vt 0.8125 0.20063406250000004
vt 0.8125 0
vt 0.75 0.02588796874999999
vt 0.75 0.20063406250000004
vt 0.75 0.20063406250000004
vt 0.75 0.37538000000000005
vt 0.8125 0.37538000000000005
vt 0.8125 0.20063406250000004
vt 0.3125 0.1875
vt 0.3125 0.25
vt 0.25 0.25
vt 0.25 0.1875
vt 0.3125 0.20063406250000004
vt 0.25 0.20063406250000004
vt 0.25 0.40126796875000004
vt 0.3125 0.37538000000000005
vt 0.3125 0.40126796875000004
vt 0.3125 0.20063406250000004
vt 0.25 0.20063406250000004
vt 0.25 0.37538000000000005
vt 0.25 0.02588796874999999
vt 0.25 0.20063406250000004
vt 0.3125 0.20063406250000004
vt 0.3125 0.02588796874999999
vt 0.125 0.02588796874999999
vt 0.125 0.37538000000000005
vt 0.1875 0.37538000000000005
vt 0.1875 0.02588796874999999
vt 0.125 0.40126796875000004
vt 0.1875 0.37538000000000005
vt 0.1875 0.02588796874999999
vt 0.125 0
vt 0.0625 0
vt 0 0
vt 0 0.40126796875000004
vt 0.0625 0.40126796875000004
vt 0 0.40126796875000004
vt 0.0625 0.37538000000000005
vt 0.0625 0.02588796874999999
vt 0 0
vt 0.0625 0.40126796875000004
vt 0.0625 0
vt 0 0.02588796874999999
vt 0 0.37538000000000005
vt 0 0.02588796874999999
vt 0 0.37538000000000005
vt 0.0625 0.37538000000000005
vt 0.0625 0.02588796874999999
vt 0.1875 0.40126796875000004
vt 0.1875 0
vt 0.125 0.02588796874999999
vt 0.125 0.37538000000000005
vt 0.125 0.4004790625
vt 0.125 0.7444479687500001
vt 0.1875 0.7444479687500001
vt 0.1875 0.4004790625
vt 0.1875 0.76992703125
vt 0.1875 0.375
vt 0.125 0.4004790625
vt 0.125 0.7444479687500001
vt 0.1875 0.375
vt 0.125 0.375
vt 0.125 0.76992703125
vt 0.1875 0.76992703125
vt 0 0.76992703125
vt 0.0625 0.7444479687500001
vt 0.0625 0.4004790625
vt 0 0.375
vt 0.125 0.76992703125
vt 0.1875 0.7444479687500001
vt 0.1875 0.4004790625
vt 0.125 0.375
vt 0.1875 0
vt 0.125 0
vt 0.125 0.40126796875000004
vt 0.1875 0.40126796875000004
vt 0.0625 0.375
vt 0 0.375
vt 0 0.76992703125
vt 0.0625 0.76992703125
vt 0.0625 0.76992703125
vt 0.0625 0.375
vt 0 0.4004790625
vt 0 0.7444479687500001
vt 0.0625 0.7444479687500001
vt 0.0625 0.4004790625
vt 0 0.4004790625
vt 0 0.7444479687500001
vt 0.3125 0.20063406250000004
vt 0.25 0.20063406250000004
vt 0.25 0.40126796875000004
vt 0.3125 0.40126796875000004
vt 0.25 0.20063406250000004
vt 0.3125 0.20063406250000004
vt 0.3125 0.02588796874999999
vt 0.25 0
vt 0.3125 0.20063406250000004
vt 0.3125 0
vt 0.25 0.02588796874999999
vt 0.25 0.20063406250000004
vt 0.25 0.20063406250000004
vt 0.25 0.37538000000000005
vt 0.3125 0.37538000000000005
vt 0.3125 0.20063406250000004
vt 0.0625 0.375
vt 0.0625 0.4375
vt 0 0.4375
vt 0 0.375
vt 0.5 0.375
vt 0.4375 0.375
vt 0.4375 0.6875
vt 0.5 0.6875
vt 0.5 0.375
vt 0.4375 0.375
vt 0.4375 0.6875
vt 0.5 0.6875
vt 0.3125 0.375
vt 0.3125 0.6875
vt 0.375 0.6875
vt 0.375 0.375
vt 0.4375 0
vt 0.5 0
vt 0.5 0.375
vt 0.4375 0.375
vt 0.5 0
vt 0.5 0.375
vt 0.4375 0.375
vt 0.4375 0
vt 0.4375 0.375
vt 0.4375 0.6875
vt 0.5 0.6875
vt 0.5 0.375
vt 0.375 0.375
vt 0.3125 0.375
vt 0.3125 0.6875
vt 0.375 0.6875
vt 1 0.375
vt 0.9375 0.375
vt 0.9375 0.6875
vt 1 0.6875
vt 0.5625 0.375
vt 0.5625 0.6875
vt 0.625 0.6875
vt 0.625 0.375
vt 0.8125 0.375
vt 0.8125 0.6875
vt 0.875 0.6875
vt 0.875 0.375
vt 0.75 0.375
vt 0.6875 0.375
vt 0.6875 0.6875
vt 0.75 0.6875
vt 0.6875 0
vt 0.75 0
vt 0.75 0.375
vt 0.6875 0.375
vt 0.75 0
vt 0.75 0.375
vt 0.6875 0.375
vt 0.6875 0
vt 0.6875 0.375
vt 0.6875 0.6875
vt 0.75 0.6875
vt 0.75 0.375
vt 0.625 0
vt 0.625 0.375
vt 0.5625 0.375
vt 0.5625 0
vt 0.5625 0
vt 0.625 0
vt 0.625 0.375
vt 0.5625 0.375
vt 0.625 0.375
vt 0.5625 0.375
vt 0.5625 0.6875
vt 0.625 0.6875
vt 0.9375 0
vt 1 0
vt 1 0.375
vt 0.9375 0.375
vt 1 0
vt 1 0.375
vt 0.9375 0.375
vt 0.9375 0
vt 0.9375 0.375
vt 0.9375 0.6875
vt 1 0.6875
vt 1 0.375
vt 0.875 0
vt 0.875 0.375
vt 0.8125 0.375
vt 0.8125 0
vt 0.8125 0
vt 0.875 0
vt 0.875 0.375
vt 0.8125 0.375
vt 0.875 0.375
vt 0.8125 0.375
vt 0.8125 0.6875
vt 0.875 0.6875
vt 0.0625 0.375
vt 0.0625 0.6875
vt 0.125 0.6875
vt 0.125 0.375
vt 0.3125 0.375
vt 0.3125 0.6875
vt 0.375 0.6875
vt 0.375 0.375
vt 0.25 0.375
vt 0.1875 0.375
vt 0.1875 0.6875
vt 0.25 0.6875
vt 0.1875 0
vt 0.25 0
vt 0.25 0.375
vt 0.1875 0.375
vt 0.25 0
vt 0.25 0.375
vt 0.1875 0.375
vt 0.1875 0
vt 0.1875 0.375
vt 0.1875 0.6875
vt 0.25 0.6875
vt 0.25 0.375
vt 0.125 0
vt 0.125 0.375
vt 0.0625 0.375
vt 0.0625 0
vt 0.0625 0
vt 0.125 0
vt 0.125 0.375
vt 0.0625 0.375
vt 0.125 0.375
vt 0.0625 0.375
vt 0.0625 0.6875
vt 0.125 0.6875
vt 0.4375 0
vt 0.5 0
vt 0.5 0.375
vt 0.4375 0.375
vt 0.5 0
vt 0.5 0.375
vt 0.4375 0.375
vt 0.4375 0
vt 0.4375 0.375
vt 0.4375 0.6875
vt 0.5 0.6875
vt 0.5 0.375
vt 0.375 0
vt 0.375 0.375
vt 0.3125 0.375
vt 0.3125 0
vt 0.3125 0
vt 0.375 0
vt 0.375 0.375
vt 0.3125 0.375
vt 0.375 0.375
vt 0.3125 0.375
vt 0.3125 0.6875
vt 0.375 0.6875
vt 0.5625 0.375
vt 0.5625 0.6875
vt 0.625 0.6875
vt 0.625 0.375
vt 0.75 0.375
vt 0.6875 0.375
vt 0.6875 0.6875
vt 0.75 0.6875
vt 0.6875 0
vt 0.75 0
vt 0.75 0.375
vt 0.6875 0.375
vt 0.75 0
vt 0.75 0.375
vt 0.6875 0.375
vt 0.6875 0
vt 0.6875 0.375
vt 0.6875 0.6875
vt 0.75 0.6875
vt 0.75 0.375
vt 0.625 0
vt 0.625 0.375
vt 0.5625 0.375
vt 0.5625 0
vt 0.5625 0
vt 0.625 0
vt 0.625 0.375
vt 0.5625 0.375
vt 0.625 0.375
vt 0.5625 0.375
vt 0.5625 0.6875
vt 0.625 0.6875
vt 0.875 0
vt 0.875 0.1875
vt 0.8125 0.1875
vt 0.8125 0
vt 0.8125 0
vt 0.875 0
vt 0.875 0.1875
vt 0.8125 0.1875
vt 0.5 0.375
vt 0.5 0.6875
vt 0.4375 0.6875
vt 0.4375 0.375
vt 0.5 0.375
vt 0.5 0.6875
vt 0.4375 0.6875
vt 0.4375 0.375
vt 0.3125 0.375
vt 0.375 0.375
vt 0.375 0.6875
vt 0.3125 0.6875
vt 0.4375 0
vt 0.4375 0.375
vt 0.5 0.375
vt 0.5 0
vt 0.5 0
vt 0.4375 0
vt 0.4375 0.375
vt 0.5 0.375
vt 0.4375 0.375
vt 0.5 0.375
vt 0.5 0.6875
vt 0.4375 0.6875
vt 0.375 0.375
vt 0.375 0.6875
vt 0.3125 0.6875
vt 0.3125 0.375
vt 1 0.375
vt 1 0.6875
vt 0.9375 0.6875
vt 0.9375 0.375
vt 0.5625 0.375
vt 0.625 0.375
vt 0.625 0.6875
vt 0.5625 0.6875
vt 0.8125 0.375
vt 0.875 0.375
vt 0.875 0.6875
vt 0.8125 0.6875
vt 0.75 0.375
vt 0.75 0.6875
vt 0.6875 0.6875
vt 0.6875 0.375
vt 0.6875 0
vt 0.6875 0.375
vt 0.75 0.375
vt 0.75 0
vt 0.75 0
vt 0.6875 0
vt 0.6875 0.375
vt 0.75 0.375
vt 0.6875 0.375
vt 0.75 0.375
vt 0.75 0.6875
vt 0.6875 0.6875
vt 0.625 0
vt 0.5625 0
vt 0.5625 0.375
vt 0.625 0.375
vt 0.5625 0
vt 0.5625 0.375
vt 0.625 0.375
vt 0.625 0
vt 0.625 0.375
vt 0.625 0.6875
vt 0.5625 0.6875
vt 0.5625 0.375
vt 0.9375 0
vt 0.9375 0.375
vt 1 0.375
vt 1 0
vt 1 0
vt 0.9375 0
vt 0.9375 0.375
vt 1 0.375
vt 0.9375 0.375
vt 1 0.375
vt 1 0.6875
vt 0.9375 0.6875
vt 0.875 0
vt 0.8125 0
vt 0.8125 0.375
vt 0.875 0.375
vt 0.8125 0
vt 0.8125 0.375
vt 0.875 0.375
vt 0.875 0
vt 0.875 0.375
vt 0.875 0.6875
vt 0.8125 0.6875
vt 0.8125 0.375
vt 0.0625 0.375
vt 0.125 0.375
vt 0.125 0.6875
vt 0.0625 0.6875
vt 0.3125 0.375
vt 0.375 0.375
vt 0.375 0.6875
vt 0.3125 0.6875
vt 0.25 0.375
vt 0.25 0.6875
vt 0.1875 0.6875
vt 0.1875 0.375
vt 0.1875 0
vt 0.1875 0.375
vt 0.25 0.375
vt 0.25 0
vt 0.25 0
vt 0.1875 0
vt 0.1875 0.375
vt 0.25 0.375
vt 0.1875 0.375
vt 0.25 0.375
vt 0.25 0.6875
vt 0.1875 0.6875
vt 0.125 0
vt 0.0625 0
vt 0.0625 0.375
vt 0.125 0.375
vt 0.0625 0
vt 0.0625 0.375
vt 0.125 0.375
vt 0.125 0
vt 0.125 0.375
vt 0.125 0.6875
vt 0.0625 0.6875
vt 0.0625 0.375
vt 0.4375 0
vt 0.4375 0.375
vt 0.5 0.375
vt 0.5 0
vt 0.5 0
vt 0.4375 0
vt 0.4375 0.375
vt 0.5 0.375
vt 0.4375 0.375
vt 0.5 0.375
vt 0.5 0.6875
vt 0.4375 0.6875
vt 0.375 0
vt 0.3125 0
vt 0.3125 0.375
vt 0.375 0.375
vt 0.3125 0
vt 0.3125 0.375
vt 0.375 0.375
vt 0.375 0
vt 0.375 0.375
vt 0.375 0.6875
vt 0.3125 0.6875
vt 0.3125 0.375
vt 0.5625 0.375
vt 0.625 0.375
vt 0.625 0.6875
vt 0.5625 0.6875
vt 0.75 0.375
vt 0.75 0.6875
vt 0.6875 0.6875
vt 0.6875 0.375
vt 0.6875 0
vt 0.6875 0.375
vt 0.75 0.375
vt 0.75 0
vt 0.75 0
vt 0.6875 0
vt 0.6875 0.375
vt 0.75 0.375
vt 0.6875 0.375
vt 0.75 0.375
vt 0.75 0.6875
vt 0.6875 0.6875
vt 0.625 0
vt 0.5625 0
vt 0.5625 0.375
vt 0.625 0.375
vt 0.5625 0
vt 0.5625 0.375
vt 0.625 0.375
vt 0.625 0
vt 0.625 0.375
vt 0.625 0.6875
vt 0.5625 0.6875
vt 0.5625 0.375
vt 0.875 0
vt 0.8125 0
vt 0.8125 0.1875
vt 0.875 0.1875
vt 0.8125 0
vt 0.8125 0.1875
vt 0.875 0.1875
vt 0.875 0
vt 0.375 0.1875
vt 0.375 0.375
vt 0.3125 0.375
vt 0.3125 0.1875
vt 0.3125 0.1875
vt 0.375 0.1875
vt 0.375 0.375
vt 0.3125 0.375
vt 0.375 0.1875
vt 0.3125 0.1875
vt 0.3125 0.375
vt 0.375 0.375
vt 0.3125 0.1875
vt 0.3125 0.375
vt 0.375 0.375
vt 0.375 0.1875
vt 0.0625 0.375
vt 0.0625 0.6875
vt 0.125 0.6875
vt 0.125 0.375
vt 0.25 0.375
vt 0.1875 0.375
vt 0.1875 0.6875
vt 0.25 0.6875
vt 0.1875 0
vt 0.25 0
vt 0.25 0.375
vt 0.1875 0.375
vt 0.25 0
vt 0.25 0.375
vt 0.1875 0.375
vt 0.1875 0
vt 0.1875 0.375
vt 0.1875 0.6875
vt 0.25 0.6875
vt 0.25 0.375
vt 0.125 0
vt 0.125 0.375
vt 0.0625 0.375
vt 0.0625 0
vt 0.0625 0
vt 0.125 0
vt 0.125 0.375
vt 0.0625 0.375
vt 0.125 0.375
vt 0.0625 0.375
vt 0.0625 0.6875
vt 0.125 0.6875
vt 0.375 0
vt 0.375 0.1875
vt 0.3125 0.1875
vt 0.3125 0
vt 0.3125 0
vt 0.375 0
vt 0.375 0.1875
vt 0.3125 0.1875
vt 0.0625 0.375
vt 0.125 0.375
vt 0.125 0.6875
vt 0.0625 0.6875
vt 0.25 0.375
vt 0.25 0.6875
vt 0.1875 0.6875
vt 0.1875 0.375
vt 0.1875 0
vt 0.1875 0.375
vt 0.25 0.375
vt 0.25 0
vt 0.25 0
vt 0.1875 0
vt 0.1875 0.375
vt 0.25 0.375
vt 0.1875 0.375
vt 0.25 0.375
vt 0.25 0.6875
vt 0.1875 0.6875
vt 0.125 0
vt 0.0625 0
vt 0.0625 0.375
vt 0.125 0.375
vt 0.0625 0
vt 0.0625 0.375
vt 0.125 0.375
vt 0.125 0
vt 0.125 0.375
vt 0.125 0.6875
vt 0.0625 0.6875
vt 0.0625 0.375
vt 0.375 0
vt 0.3125 0
vt 0.3125 0.1875
vt 0.375 0.1875
vt 0.3125 0
vt 0.3125 0.1875
vt 0.375 0.1875
vt 0.375 0
vt 0.0625 0.375
vt 0.0625 0.6875
vt 0.125 0.6875
vt 0.125 0.375
vt 0.25 0.375
vt 0.1875 0.375
vt 0.1875 0.6875
vt 0.25 0.6875
vt 0.1875 0
vt 0.25 0
vt 0.25 0.375
vt 0.1875 0.375
vt 0.25 0
vt 0.25 0.375
vt 0.1875 0.375
vt 0.1875 0
vt 0.1875 0.375
vt 0.1875 0.6875
vt 0.25 0.6875
vt 0.25 0.375
vt 0.125 0
vt 0.125 0.375
vt 0.0625 0.375
vt 0.0625 0
vt 0.0625 0
vt 0.125 0
vt 0.125 0.375
vt 0.0625 0.375
vt 0.125 0.375
vt 0.0625 0.375
vt 0.0625 0.6875
vt 0.125 0.6875
vt 0.375 0
vt 0.375 0.1875
vt 0.3125 0.1875
vt 0.3125 0
vt 0.3125 0
vt 0.375 0
vt 0.375 0.1875
vt 0.3125 0.1875
vt 0.0625 0.375
vt 0.125 0.375
vt 0.125 0.6875
vt 0.0625 0.6875
vt 0.25 0.375
vt 0.25 0.6875
vt 0.1875 0.6875
vt 0.1875 0.375
vt 0.1875 0
vt 0.1875 0.375
vt 0.25 0.375
vt 0.25 0
vt 0.25 0
vt 0.1875 0
vt 0.1875 0.375
vt 0.25 0.375
vt 0.1875 0.375
vt 0.25 0.375
vt 0.25 0.6875
vt 0.1875 0.6875
vt 0.125 0
vt 0.0625 0
vt 0.0625 0.375
vt 0.125 0.375
vt 0.0625 0
vt 0.0625 0.375
vt 0.125 0.375
vt 0.125 0
vt 0.125 0.375
vt 0.125 0.6875
vt 0.0625 0.6875
vt 0.0625 0.375
vt 0.375 0
vt 0.3125 0
vt 0.3125 0.1875
vt 0.375 0.1875
vt 0.3125 0
vt 0.3125 0.1875
vt 0.375 0.1875
vt 0.375 0
vt 0.3125 0
vt 0.25 0
vt 0.25 0.20063406250000004
vt 0.3125 0.20063406250000004
vt 0.375 0.40126796875000004
vt 0.4375 0.37538000000000005
vt 0.4375 0.02588796874999999
vt 0.375 0
vt 0.4375 0.40126796875000004
vt 0.4375 0
vt 0.375 0.02588796874999999
vt 0.375 0.37538000000000005
vt 0.375 0.02588796874999999
vt 0.375 0.37538000000000005
vt 0.4375 0.37538000000000005
vt 0.4375 0.02588796874999999
vt 0.4375 0
vt 0.375 0
vt 0.375 0.40126796875000004
vt 0.4375 0.40126796875000004
vt 0.625 0.02588796874999999
vt 0.625 0.37538000000000005
vt 0.6875 0.37538000000000005
vt 0.6875 0.02588796874999999
vt 0.625 0.40126796875000004
vt 0.6875 0.37538000000000005
vt 0.6875 0.02588796874999999
vt 0.625 0
vt 0.5625 0
vt 0.5 0
vt 0.5 0.40126796875000004
vt 0.5625 0.40126796875000004
vt 0.6875 0.375
vt 0.625 0.375
vt 0.625 0.76992703125
vt 0.6875 0.76992703125
vt 0.5 0.40126796875000004
vt 0.5625 0.37538000000000005
vt 0.5625 0.02588796874999999
vt 0.5 0
vt 0.5625 0.40126796875000004
vt 0.5625 0
vt 0.5 0.02588796874999999
vt 0.5 0.37538000000000005
vt 0.5 0.02588796874999999
vt 0.5 0.37538000000000005
vt 0.5625 0.37538000000000005
vt 0.5625 0.02588796874999999
vt 0.75 0.02588796874999999
vt 0.75 0.37538000000000005
vt 0.8125 0.37538000000000005
vt 0.8125 0.02588796874999999
vt 0.4375 0.375
vt 0.375 0.375
vt 0.375 0.76992703125
vt 0.4375 0.76992703125
vt 0.4375 0.76992703125
vt 0.4375 0.375
vt 0.375 0.4004790625
vt 0.375 0.7444479687500001
vt 0.375 0.4004790625
vt 0.375 0.7444479687500001
vt 0.4375 0.7444479687500001
vt 0.4375 0.4004790625
vt 0.25 0.76992703125
vt 0.3125 0.7444479687500001
vt 0.3125 0.4004790625
vt 0.25 0.375
vt 0.375 0.76992703125
vt 0.4375 0.7444479687500001
vt 0.4375 0.4004790625
vt 0.375 0.375
vt 0.3125 0.375
vt 0.25 0.375
vt 0.25 0.76992703125
vt 0.3125 0.76992703125
vt 0.3125 0.76992703125
vt 0.3125 0.375
vt 0.25 0.4004790625
vt 0.25 0.7444479687500001
vt 0.25 0.4004790625
vt 0.25 0.7444479687500001
vt 0.3125 0.7444479687500001
vt 0.3125 0.4004790625
vt 0.8125 0
vt 0.75 0
vt 0.75 0.40126796875000004
vt 0.8125 0.40126796875000004
vt 0.6875 0.40126796875000004
vt 0.6875 0
vt 0.625 0.02588796874999999
vt 0.625 0.37538000000000005
vt 0.625 0.4004790625
vt 0.625 0.7444479687500001
vt 0.6875 0.7444479687500001
vt 0.6875 0.4004790625
vt 0.6875 0.76992703125
vt 0.6875 0.375
vt 0.625 0.4004790625
vt 0.625 0.7444479687500001
vt 0.5 0.76992703125
vt 0.5625 0.7444479687500001
vt 0.5625 0.4004790625
vt 0.5 0.375
vt 0.625 0.76992703125
vt 0.6875 0.7444479687500001
vt 0.6875 0.4004790625
vt 0.625 0.375
vt 0.6875 0
vt 0.625 0
vt 0.625 0.40126796875000004
vt 0.6875 0.40126796875000004
vt 0.5625 0.375
vt 0.5 0.375
vt 0.5 0.76992703125
vt 0.5625 0.76992703125
vt 0.5625 0.76992703125
vt 0.5625 0.375
vt 0.5 0.4004790625
vt 0.5 0.7444479687500001
vt 0.5 0.4004790625
vt 0.5 0.7444479687500001
vt 0.5625 0.7444479687500001
vt 0.5625 0.4004790625
vt 0.75 0.40126796875000004
vt 0.8125 0.37538000000000005
vt 0.8125 0.02588796874999999
vt 0.75 0
vt 0.8125 0.40126796875000004
vt 0.8125 0
vt 0.75 0.02588796874999999
vt 0.75 0.37538000000000005
vt 0.3125 0.1875
vt 0.3125 0.25
vt 0.25 0.25
vt 0.25 0.1875
vt 0.3125 0.20063406250000004
vt 0.25 0.20063406250000004
vt 0.25 0.40126796875000004
vt 0.3125 0.37538000000000005
vt 0.3125 0.40126796875000004
vt 0.3125 0.20063406250000004
vt 0.25 0.20063406250000004
vt 0.25 0.37538000000000005
vt 0.25 0.02588796874999999
vt 0.25 0.20063406250000004
vt 0.3125 0.20063406250000004
vt 0.3125 0.02588796874999999
vt 0.125 0.02588796874999999
vt 0.125 0.37538000000000005
vt 0.1875 0.37538000000000005
vt 0.1875 0.02588796874999999
vt 0.125 0.40126796875000004
vt 0.1875 0.37538000000000005
vt 0.1875 0.02588796874999999
vt 0.125 0
vt 0.0625 0
vt 0 0
vt 0 0.40126796875000004
vt 0.0625 0.40126796875000004
vt 0 0.40126796875000004
vt 0.0625 0.37538000000000005
vt 0.0625 0.02588796874999999
vt 0 0
vt 0.0625 0.40126796875000004
vt 0.0625 0
vt 0 0.02588796874999999
vt 0 0.37538000000000005
vt 0 0.02588796874999999
vt 0 0.37538000000000005
vt 0.0625 0.37538000000000005
vt 0.0625 0.02588796874999999
vt 0.1875 0.40126796875000004
vt 0.1875 0
vt 0.125 0.02588796874999999
vt 0.125 0.37538000000000005
vt 0.125 0.4004790625
vt 0.125 0.7444479687500001
vt 0.1875 0.7444479687500001
vt 0.1875 0.4004790625
vt 0.1875 0.76992703125
vt 0.1875 0.375
vt 0.125 0.4004790625
vt 0.125 0.7444479687500001
vt 0.1875 0.375
vt 0.125 0.375
vt 0.125 0.76992703125
vt 0.1875 0.76992703125
vt 0 0.76992703125
vt 0.0625 0.7444479687500001
vt 0.0625 0.4004790625
vt 0 0.375
vt 0.125 0.76992703125
vt 0.1875 0.7444479687500001
vt 0.1875 0.4004790625
vt 0.125 0.375
vt 0.1875 0
vt 0.125 0
vt 0.125 0.40126796875000004
vt 0.1875 0.40126796875000004
vt 0.0625 0.375
vt 0 0.375
vt 0 0.76992703125
vt 0.0625 0.76992703125
vt 0.0625 0.76992703125
vt 0.0625 0.375
vt 0 0.4004790625
vt 0 0.7444479687500001
vt 0.0625 0.7444479687500001
vt 0.0625 0.4004790625
vt 0 0.4004790625
vt 0 0.7444479687500001
vt 0.3125 0.20063406250000004
vt 0.25 0.20063406250000004
vt 0.25 0.40126796875000004
vt 0.3125 0.40126796875000004
vt 0.25 0.20063406250000004
vt 0.3125 0.20063406250000004
vt 0.3125 0.02588796874999999
vt 0.25 0
vt 0.3125 0.20063406250000004
vt 0.3125 0
vt 0.25 0.02588796874999999
vt 0.25 0.20063406250000004
vt 0.25 0.20063406250000004
vt 0.25 0.37538000000000005
vt 0.3125 0.37538000000000005
vt 0.3125 0.20063406250000004
vt 0.0625 0.375
vt 0.0625 0.4375
vt 0 0.4375
vt 0 0.375
vn -0.7053437354730094 0.4488806165273174 0.5486313944125297
vn 0.705343745398855 -0.44888076391212034 0.5486312610637372
vn -0.7058823529411765 -0.058823529411764705 0.7058823529411765
vn 0.7058823529411765 0.058823529411764705 0.7058823529411765
vn 0.705343745398855 0.5486312610637372 0.44888076391212034
vn -0.7053437354730094 -0.5486313944125297 0.4488806165273174
vn 0.7053437453988551 0.4488807639121203 -0.5486312610637372
vn -0.7053437354730094 -0.4488806165273174 -0.5486313944125297
vn -0.7058823529411765 0.058823529411764705 -0.7058823529411765
vn 0.7058823529411765 -0.058823529411764705 -0.7058823529411765
vn 0.705343745398855 -0.5486312610637372 -0.44888076391212034
vn 0.7058823529411765 0.7058823529411765 -0.058823529411764705
vn -0.7058823529411765 0.7058823529411765 0.058823529411764705
vn -0.7053437354730094 0.5486313944125298 -0.4488806165273174
vn 0.7058823529411765 -0.7058823529411765 0.058823529411764705
vn -0.7058823529411765 -0.7058823529411765 -0.058823529411764705
vn 0.7053440762479797 -0.4488805042336388 -0.5486310481743069
vn -0.7053440663230558 0.4488803568480329 -0.5486311815225592
vn 0.7058823529411765 0.058823529411764705 -0.7058823529411765
vn -0.7058823529411765 -0.058823529411764705 -0.7058823529411765
vn -0.7053440663230559 -0.5486311815225593 -0.4488803568480329
vn 0.7053440762479797 0.5486310481743069 -0.44888050423363884
vn -0.7053440663230558 -0.44888035684803296 0.5486311815225593
vn 0.7053440762479797 0.4488805042336388 0.5486310481743069
vn 0.7058823529411765 -0.058823529411764705 0.7058823529411765
vn -0.7058823529411765 0.058823529411764705 0.7058823529411765
vn -0.7053440663230558 0.5486311815225592 0.4488803568480329
vn -0.7058823529411765 -0.7058823529411765 0.058823529411764705
vn 0.7058823529411765 -0.7058823529411765 -0.058823529411764705
vn 0.7053440762479797 -0.5486310481743067 0.44888050423363873
vn -0.7058823529411765 0.7058823529411765 -0.058823529411764705
vn 0.7058823529411765 0.7058823529411765 0.058823529411764705
vn 0.7058823529411765 -0.7058823529411765 0.058823529411764705
vn -0.7058823529411765 -0.7058823529411765 -0.058823529411764705
vn -0.7058823529411765 0.7058823529411765 -0.058823529411764705
vn 0.7058823529411765 0.7058823529411765 0.058823529411764705
vn 0 -0.7071067811865476 -0.7071067811865476
vn 0 1 0
vn 0.9964660586321858 0.07760237143349728 -0.03214445429518326
vn 0 0.7071067811865476 0.7071067811865476
vn -0.9964660449171066 -0.07760252175258449 -0.032144516560355565
vn 0.9964660449171066 0.07760252175258449 0.032144516560355565
vn 0 0 1
vn -0.9964660586321858 -0.07760237143349726 0.032144454295183256
vn 0 0 -1
vn -0.9953492002531853 -0.03686537852465313 -0.08899951360304453
vn 0.9969812534212626 0 0.07764264502557992
vn 0 -1 0
vn -0.9953492510186559 -0.08899902899997314 -0.0368651777923689
vn 0 0.7071067811865476 -0.7071067811865476
vn 0.9964660586321858 0.03214445429518326 0.07760237143349728
vn 0 -0.7071067811865476 0.7071067811865476
vn 0 -0.3826885089348498 0.9238774297109014
vn -0.7053437354730094 0.4488806165273174 0.5486313944125297
vn 0.705343745398855 -0.44888076391212034 0.5486312610637372
vn -0.7058823529411765 -0.058823529411764705 0.7058823529411765
vn 0.7058823529411765 0.058823529411764705 0.7058823529411765
vn 0.705343745398855 0.5486312610637372 0.44888076391212034
vn -0.7053437354730094 -0.5486313944125297 0.4488806165273174
vn 0.7053440762479797 -0.4488805042336388 -0.5486310481743069
vn -0.7053440663230558 0.4488803568480329 -0.5486311815225592
vn 0.7058823529411765 0.058823529411764705 -0.7058823529411765
vn -0.7058823529411765 -0.058823529411764705 -0.7058823529411765
vn -0.7053440663230559 -0.5486311815225593 -0.4488803568480329
vn 0.7053440762479797 0.5486310481743069 -0.44888050423363884
vn 0.7058823529411765 -0.7058823529411765 0.058823529411764705
vn -0.7058823529411765 -0.7058823529411765 -0.058823529411764705
vn -0.7058823529411765 0.7058823529411765 -0.058823529411764705
vn 0.7058823529411765 0.7058823529411765 0.058823529411764705
vn -0.9953492002531853 -0.08899951360304453 0.03686537852465313
vn 0.9964660449171066 0.07760252175258449 0.032144516560355565
vn 0 0 1
vn 0 0 -1
vn 0 -1 0
vn 0 0 -1
vn 0.9964660449171066 -0.07760252175258449 -0.032144516560355565
vn -0.9953492002531853 0.08899951360304453 -0.03686537852465313
vn 0 -1 0
vn 0 0 1
vn -0.9953492002531853 0.03686537852465313 0.08899951360304453
vn 0.9964660449171066 0.032144516560355565 -0.07760252175258449
vn 0 1 0
vn 0 -0.7071067811865476 -0.7071067811865476
vn 0 1 0
vn 0.9964660586321858 0.07760237143349728 -0.03214445429518326
vn 0 0.7071067811865476 0.7071067811865476
vn -0.9953492510186559 -0.08899902899997314 -0.0368651777923689
vn -0.9953492510186559 -0.0368651777923689 0.08899902899997314
vn 0 0.7071067811865476 -0.7071067811865476
vn 0.9964660586321858 0.03214445429518326 0.07760237143349728
vn 0 -0.7071067811865476 0.7071067811865476
vn -0.9953492002531853 -0.03686537852465313 -0.08899951360304453
vn 0.9964660449171066 -0.032144516560355565 0.07760252175258449
vn 0 -0.7071067811865476 -0.7071067811865476
vn 0.9964660586321858 -0.07760237143349728 0.03214445429518326
vn 0 0.7071067811865476 0.7071067811865476
vn -0.9953492510186559 0.08899902899997314 0.0368651777923689
vn -0.9953492510186559 0.0368651777923689 -0.08899902899997314
vn 0 -0.7071067811865476 0.7071067811865476
vn 0.9964660586321858 -0.03214445429518326 -0.07760237143349728
vn 0 0.7071067811865476 -0.7071067811865476
vn 0 1 0
vn -0.9960262581691045 0 -0.0890600529847837
vn 0.9964660449171066 -0.032144516560355565 0.07760252175258449
vn 0 -1 0
vn -0.7053437354730094 0.4488806165273174 0.5486313944125297
vn 0.705343745398855 -0.44888076391212034 0.5486312610637372
vn -0.7058823529411765 -0.058823529411764705 0.7058823529411765
vn 0.7058823529411765 0.058823529411764705 0.7058823529411765
vn 0.705343745398855 0.5486312610637372 0.44888076391212034
vn 0.7058823529411765 -0.7058823529411765 0.058823529411764705
vn -0.7058823529411765 -0.7058823529411765 -0.058823529411764705
vn -0.7053437354730094 -0.5486313944125297 0.4488806165273174
vn 0.7053437453988551 0.4488807639121203 -0.5486312610637372
vn -0.7053437354730094 -0.4488806165273174 -0.5486313944125297
vn -0.7058823529411765 0.058823529411764705 -0.7058823529411765
vn 0.7058823529411765 -0.058823529411764705 -0.7058823529411765
vn 0.705343745398855 -0.5486312610637372 -0.44888076391212034
vn 0.7058823529411765 0.7058823529411765 -0.058823529411764705
vn -0.7058823529411765 0.7058823529411765 0.058823529411764705
vn -0.7053437354730094 0.5486313944125298 -0.4488806165273174
vn 0.7058823529411765 -0.7058823529411765 0.058823529411764705
vn -0.7058823529411765 -0.7058823529411765 -0.058823529411764705
vn 0.7053440762479797 -0.4488805042336388 -0.5486310481743069
vn -0.7053440663230558 0.4488803568480329 -0.5486311815225592
vn 0.7058823529411765 0.058823529411764705 -0.7058823529411765
vn -0.7058823529411765 -0.058823529411764705 -0.7058823529411765
vn -0.7053440663230559 -0.5486311815225593 -0.4488803568480329
vn -0.7058823529411765 0.7058823529411765 -0.058823529411764705
vn 0.7058823529411765 0.7058823529411765 0.058823529411764705
vn 0.7053440762479797 0.5486310481743069 -0.44888050423363884
vn -0.7053440663230558 -0.44888035684803296 0.5486311815225593
vn 0.7053440762479797 0.4488805042336388 0.5486310481743069
vn 0.7058823529411765 -0.058823529411764705 0.7058823529411765
vn -0.7058823529411765 0.058823529411764705 0.7058823529411765
vn -0.7053440663230558 0.5486311815225592 0.4488803568480329
vn -0.7058823529411765 -0.7058823529411765 0.058823529411764705
vn 0.7058823529411765 -0.7058823529411765 -0.058823529411764705
vn 0.7053440762479797 -0.5486310481743067 0.44888050423363873
vn -0.7058823529411765 0.7058823529411765 -0.058823529411764705
vn 0.7058823529411765 0.7058823529411765 0.058823529411764705
vn 0 -0.7071067811865476 -0.7071067811865476
vn 0 1 0
vn 0.9964660586321858 0.07760237143349728 -0.03214445429518326
vn 0 0.7071067811865476 0.7071067811865476
vn -0.9964660449171066 -0.07760252175258449 -0.032144516560355565
vn 0.9964660449171066 0.07760252175258446 0.032144516560355565
vn 0 0 1
vn -0.9964660586321858 -0.07760237143349726 0.032144454295183256
vn 0 0 -1
vn -0.9953492002531853 -0.03686537852465313 -0.08899951360304453
vn 0.9969812534212626 0 0.07764264502557992
vn 0 -1 0
vn -0.9953492510186559 -0.08899902899997314 -0.0368651777923689
vn 0 0.7071067811865476 -0.7071067811865476
vn 0.9964660586321858 0.03214445429518326 0.07760237143349728
vn 0 -0.7071067811865476 0.7071067811865476
vn 0 -0.3826885089348498 0.9238774297109013
vn -0.7053437354730095 0.4488806165273174 0.5486313944125297
vn 0.7053437453988551 -0.4488807639121204 0.5486312610637372
vn -0.7058823529411765 -0.05882352941176471 0.7058823529411764
vn 0.7058823529411765 0.05882352941176471 0.7058823529411764
vn 0.7053437453988551 0.5486312610637372 0.4488807639121204
vn -0.7053437354730094 -0.5486313944125297 0.4488806165273174
vn 0.7053440762479797 -0.44888050423363873 -0.5486310481743067
vn -0.7053440663230558 0.44888035684803296 -0.5486311815225592
vn 0.7058823529411765 0.05882352941176471 -0.7058823529411764
vn -0.7058823529411765 -0.05882352941176471 -0.7058823529411764
vn -0.7053440663230559 -0.5486311815225592 -0.4488803568480329
vn 0.7053440762479797 0.5486310481743067 -0.44888050423363873
vn 0.7058823529411765 -0.7058823529411765 0.058823529411764705
vn -0.7058823529411765 -0.7058823529411765 -0.058823529411764705
vn -0.7058823529411765 0.7058823529411765 -0.058823529411764705
vn 0.7058823529411765 0.7058823529411765 0.058823529411764705
vn 0 1 0
vn -0.9953492002531853 -0.08899951360304453 0.03686537852465313
vn 0.9964660449171066 0.07760252175258449 0.032144516560355565
vn 0 0 1
vn 0 0 -1
vn -0.9953492002531853 -0.08899951360304453 0.03686537852465313
vn 0 0 1
vn 0 0 -1
vn -0.9953492002531853 0.08899951360304453 -0.03686537852465313
vn 0 -1 0
vn 0 0.7071067811865476 0.7071067811865476
vn -0.9953492002531853 0.03686537852465313 0.08899951360304453
vn 0.9964660449171066 0.032144516560355565 -0.07760252175258449
vn 0 1 0
vn 0 -1 0
vn -0.9953492002531853 -0.08899951360304453 0.03686537852465313
vn 0.9964660449171066 0.07760252175258452 0.032144516560355565
vn 0 0 1
vn 0 0 -1
vn -0.9953492002531853 0.08899951360304453 -0.03686537852465313
vn 0 -1 0
vn 0 0.7071067811865476 0.7071067811865476
vn -0.9953492002531853 0.03686537852465313 0.08899951360304453
vn 0.9964660449171066 0.032144516560355565 -0.07760252175258449
vn 0 1 0
vn 0 0 -1
vn 0 -1 0
vn 0 0 -1
vn 0.9964660449171066 -0.07760252175258449 -0.032144516560355565
vn -0.9953492002531853 0.08899951360304453 -0.03686537852465313
vn 0 -1 0
vn 0 0 1
vn -0.9953492002531853 0.036865378524653145 0.08899951360304457
vn 0.9964660449171066 0.032144516560355565 -0.07760252175258449
vn 0 1 0
vn 0 -0.7071067811865476 -0.7071067811865476
vn 0 -0.7071067811865476 -0.7071067811865476
vn 0.9964660586321858 0.07760237143349728 -0.03214445429518326
vn 0 0.7071067811865476 0.7071067811865476
vn -0.9953492510186559 -0.08899902899997314 -0.0368651777923689
vn -0.9953492510186559 -0.0368651777923689 0.08899902899997314
vn 0 0.7071067811865476 -0.7071067811865476
vn 0.9964660586321858 0.03214445429518326 0.07760237143349728
vn 0 -0.7071067811865476 0.7071067811865476
vn 0 -0.7071067811865476 -0.7071067811865476
vn 0 1 0
vn 0.9964660586321858 0.07760237143349728 -0.03214445429518326
vn 0 0.7071067811865476 0.7071067811865476
vn 0.9964660449171066 0.07760252175258449 0.032144516560355565
vn 0.9964660449171066 -0.07760252175258435 -0.032144516560355496
vn 0 -0.7071067811865476 -0.7071067811865476
vn 0.9964660586321858 -0.07760237143349728 0.03214445429518326
vn -0.9953492510186559 0.08899902899997314 0.0368651777923689
vn -0.9953492510186559 0.0368651777923689 -0.08899902899997314
vn 0 0 1
vn 0 -0.7071067811865476 0.7071067811865476
vn 0.9964660586321858 -0.03214445429518326 -0.07760237143349728
vn 0 0.7071067811865476 -0.7071067811865476
vn -0.9953492510186559 -0.08899902899997314 -0.0368651777923689
vn -0.9953492510186559 -0.0368651777923689 0.08899902899997314
vn 0 0 -1
vn 0 0.7071067811865476 -0.7071067811865476
vn 0.9964660586321858 0.03214445429518326 0.07760237143349728
vn 0 -0.7071067811865476 0.7071067811865476
vn -0.9953492002531853 -0.03686537852465307 -0.08899951360304438
vn 0.9964660449171066 -0.032144516560355565 0.07760252175258449
vn 0 1 0
vn 0.9964660586321858 0.07760237143349728 -0.03214445429518326
vn 0 0.7071067811865476 0.7071067811865476
vn 0.9964660449171066 -0.07760252175258449 -0.032144516560355565
vn 0 -0.7071067811865476 -0.7071067811865476
vn 0.9964660586321858 -0.07760237143349728 0.03214445429518326
vn -0.9953492510186559 0.08899902899997314 0.0368651777923689
vn -0.9953492510186559 0.0368651777923689 -0.08899902899997314
vn 0 0 1
vn 0 -0.7071067811865476 0.7071067811865476
vn 0.9964660586321858 -0.03214445429518326 -0.07760237143349728
vn 0 0.7071067811865476 -0.7071067811865476
vn -0.9953492510186559 -0.08899902899997314 -0.0368651777923689
vn -0.9953492510186559 -0.0368651777923689 0.08899902899997314
vn 0 0.7071067811865476 -0.7071067811865476
vn 0.9964660586321858 0.03214445429518326 0.07760237143349728
vn 0 -0.7071067811865476 0.7071067811865476
vn -0.9953492002531853 -0.03686537852465313 -0.08899951360304453
vn 0.9964660449171066 -0.032144516560355565 0.07760252175258449
vn 0 -0.7071067811865476 -0.7071067811865476
vn 0.9964660586321858 -0.07760237143349728 0.03214445429518326
vn 0 0.7071067811865476 0.7071067811865476
vn -0.9953492510186559 0.08899902899997314 0.0368651777923689
vn -0.9953492510186559 0.03686517779236889 -0.08899902899997313
vn 0 -0.7071067811865476 0.7071067811865476
vn 0.9964660586321858 -0.03214445429518326 -0.07760237143349724
vn 0 0.7071067811865476 -0.7071067811865476
vn 0 1 0
vn -0.9960262581691045 0 -0.0890600529847837
vn 0.9964660449171066 -0.032144516560355565 0.07760252175258449
vn 0 -1 0
vn 0 0 1
vn -0.9969812534212626 0 -0.07764264502557992
vn 0.9969812534212626 0 0.07764264502557992
vn 0 -1 0
vn 0 0 -1
vn -0.9953492002531853 0.08899951360304453 -0.03686537852465313
vn 0 -1 0
vn -0.9953492002531853 0.03686537852465313 0.08899951360304453
vn 0.9964660449171066 0.032144516560355565 -0.07760252175258449
vn 0 1 0
vn 0.9964660449171066 -0.07760252175258449 -0.032144516560355565
vn 0 -0.7071067811865476 -0.7071067811865476
vn 0.9964660586321858 -0.07760237143349728 0.03214445429518326
vn 0 0.7071067811865476 0.7071067811865476
vn -0.9953492510186559 0.08899902899997314 0.0368651777923689
vn -0.9953492510186559 0.0368651777923689 -0.08899902899997314
vn 0 0 1
vn 0 -0.7071067811865476 0.7071067811865476
vn 0.9964660586321858 -0.03214445429518326 -0.07760237143349728
vn 0 0.7071067811865476 -0.7071067811865476
vn 0 1 0
vn -0.9960262581691045 0 -0.0890600529847837
vn 0.9964660449171066 -0.032144516560355565 0.07760252175258449
vn 0 -1 0
vn 0 0.3826885089348498 -0.9238774297109014
vn -0.7053437354730094 0.4488806165273174 0.5486313944125297
vn -0.7053437354730093 0.4488806165273174 0.5486313944125297
vn 0.705343745398855 -0.44888076391212034 0.5486312610637372
vn -0.7058823529411765 -0.058823529411764705 0.7058823529411765
vn 0.7058823529411765 0.058823529411764705 0.7058823529411765
vn 0.705343745398855 0.5486312610637372 0.44888076391212034
vn -0.7053437354730094 -0.5486313944125297 0.4488806165273174
vn -0.7053437354730094 0.4488806165273174 0.5486313944125297
vn 0.7053437453988554 0.44888076391212006 -0.548631261063737
vn 0.705343745398855 -0.44888076391212034 0.5486312610637372
vn -0.7053437354730097 -0.4488806165273173 -0.5486313944125295
vn -0.7058823529411767 0.05882352941176473 -0.7058823529411763
vn 0.7058823529411767 -0.05882352941176473 -0.7058823529411763
vn 0.7053437453988552 -0.548631261063737 -0.4488807639121202
vn 0.7058823529411765 0.7058823529411765 -0.058823529411764705
vn -0.7058823529411765 0.7058823529411765 0.058823529411764705
vn -0.7053437354730094 0.5486313944125298 -0.4488806165273174
vn -0.7058823529411765 -0.058823529411764705 0.7058823529411765
vn 0.7058823529411765 0.058823529411764705 0.7058823529411765
vn 0.705343745398855 0.5486312610637372 0.44888076391212034
vn 0.7058823529411765 -0.7058823529411765 0.0588235294117646
vn -0.7058823529411767 -0.7058823529411763 -0.05882352941176463
vn -0.7053437354730094 -0.5486313944125297 0.4488806165273174
vn 0.7053437453988551 0.4488807639121203 -0.5486312610637372
vn 0.705343745398855 -0.44888076391212034 0.5486312610637372
vn -0.7053437354730094 -0.4488806165273174 -0.5486313944125297
vn -0.7058823529411765 0.058823529411764705 -0.7058823529411765
vn 0.7058823529411765 -0.058823529411764705 -0.7058823529411765
vn 0.705343745398855 -0.5486312610637372 -0.44888076391212034
vn 0.7058823529411765 0.7058823529411765 -0.058823529411764705
vn -0.7058823529411765 0.7058823529411765 0.058823529411764705
vn -0.7053437354730094 0.5486313944125298 -0.4488806165273174
vn -0.7058823529411764 -0.0588235294117647 0.7058823529411765
vn 0.7058823529411765 0.058823529411764705 0.7058823529411765
vn 0.705343745398855 0.5486312610637372 0.44888076391212034
vn 0.7058823529411765 -0.7058823529411765 0.058823529411764705
vn -0.7058823529411765 -0.7058823529411765 -0.058823529411764705
vn -0.7053437354730094 -0.5486313944125297 0.4488806165273174
vn 0.7053437453988551 0.4488807639121203 -0.5486312610637372
vn -0.7053437354730094 -0.4488806165273174 -0.5486313944125297
vn -0.7058823529411765 0.058823529411764705 -0.7058823529411765
vn 0.7058823529411765 -0.058823529411764705 -0.7058823529411765
vn 0.705343745398855 -0.5486312610637373 -0.44888076391212034
vn 0.7058823529411765 0.7058823529411764 -0.05882352941176474
vn -0.7058823529411764 0.7058823529411765 0.05882352941176473
vn -0.7053437354730094 0.5486313944125298 -0.4488806165273174
vn 0.7058823529411765 -0.7058823529411765 0.058823529411764705
vn -0.7058823529411765 -0.7058823529411765 -0.058823529411764705
vn 0.7053440762479797 -0.4488805042336388 -0.5486310481743069
vn 0.7053440762479796 -0.4488805042336388 -0.5486310481743069
vn -0.7053440663230558 0.4488803568480329 -0.5486311815225592
vn 0.7058823529411765 0.058823529411764705 -0.7058823529411765
vn -0.7058823529411765 -0.058823529411764705 -0.7058823529411765
vn -0.7053440663230559 -0.5486311815225593 -0.4488803568480329
vn 0.7053440762479797 0.5486310481743069 -0.44888050423363884
vn 0.7053440762479797 -0.4488805042336388 -0.5486310481743069
vn -0.7053440663230558 -0.44888035684803307 0.5486311815225591
vn -0.7053440663230558 0.4488803568480329 -0.5486311815225592
vn 0.7053440762479798 0.4488805042336385 0.5486310481743067
vn 0.7058823529411767 -0.05882352941176473 0.7058823529411763
vn -0.7058823529411767 0.05882352941176473 0.7058823529411763
vn -0.705344066323056 0.5486311815225591 0.44888035684803274
vn -0.7058823529411765 -0.7058823529411765 0.058823529411764705
vn 0.7058823529411765 -0.7058823529411765 -0.058823529411764705
vn 0.7053440762479799 -0.5486310481743065 0.4488805042336386
vn 0.7058823529411765 0.058823529411764705 -0.7058823529411765
vn -0.7058823529411765 -0.058823529411764705 -0.7058823529411765
vn -0.7053440663230559 -0.5486311815225593 -0.4488803568480329
vn -0.7058823529411767 0.7058823529411763 -0.05882352941176473
vn 0.7058823529411765 0.7058823529411765 0.058823529411764705
vn 0.7053440762479797 0.5486310481743069 -0.44888050423363884
vn -0.7053440663230558 -0.44888035684803296 0.5486311815225593
vn -0.7053440663230558 0.4488803568480329 -0.5486311815225592
vn 0.7053440762479797 0.4488805042336388 0.5486310481743069
vn 0.7058823529411765 -0.058823529411764705 0.7058823529411765
vn -0.7058823529411765 0.058823529411764705 0.7058823529411765
vn -0.7053440663230558 0.5486311815225592 0.4488803568480329
vn -0.7058823529411765 -0.7058823529411765 0.058823529411764705
vn 0.7058823529411765 -0.7058823529411765 -0.058823529411764705
vn 0.7053440762479797 -0.5486310481743067 0.44888050423363873
vn 0.7058823529411764 0.0588235294117647 -0.7058823529411765
vn -0.7058823529411764 -0.05882352941176466 -0.7058823529411765
vn -0.7053440663230558 -0.5486311815225592 -0.4488803568480329
vn -0.7058823529411765 0.7058823529411765 -0.058823529411764705
vn 0.7058823529411765 0.7058823529411765 0.058823529411764705
vn 0.7053440762479797 0.548631048174307 -0.44888050423363884
vn -0.7053440663230558 -0.44888035684803296 0.5486311815225593
vn 0.7053440762479797 0.4488805042336388 0.5486310481743069
vn 0.7058823529411765 -0.058823529411764705 0.7058823529411765
vn -0.7058823529411765 0.058823529411764705 0.7058823529411765
vn -0.7053440663230558 0.5486311815225592 0.4488803568480329
vn -0.7058823529411765 -0.7058823529411766 0.05882352941176468
vn 0.7058823529411765 -0.7058823529411765 -0.0588235294117647
vn 0.7053440762479797 -0.5486310481743067 0.44888050423363873
vn -0.7058823529411765 0.7058823529411765 -0.058823529411764705
vn 0.7058823529411765 0.7058823529411765 0.058823529411764705
vn 0.7058823529411765 -0.7058823529411765 0.058823529411764705
vn -0.7058823529411765 -0.7058823529411765 -0.058823529411764705
vn -0.7058823529411765 0.7058823529411765 -0.058823529411764705
vn 0.7058823529411765 0.7058823529411765 0.058823529411764705
vn 0.7053437453988551 0.4488807639121203 -0.5486312610637372
vn -0.7053437354730094 -0.4488806165273174 -0.5486313944125297
vn -0.7058823529411765 0.058823529411764705 -0.7058823529411765
vn 0.7058823529411765 -0.058823529411764705 -0.7058823529411765
vn 0.705343745398855 -0.5486312610637372 -0.44888076391212034
vn 0.7058823529411765 0.7058823529411765 -0.058823529411764705
vn -0.7058823529411765 0.7058823529411765 0.058823529411764705
vn -0.7053437354730094 0.5486313944125298 -0.4488806165273174
vn 0.7058823529411765 -0.7058823529411765 0.058823529411764705
vn -0.7058823529411765 -0.7058823529411765 -0.058823529411764705
vn -0.7053440663230558 -0.44888035684803296 0.5486311815225593
vn 0.7053440762479797 0.4488805042336388 0.5486310481743069
vn 0.7058823529411765 -0.058823529411764705 0.7058823529411765
vn -0.7058823529411765 0.058823529411764705 0.7058823529411765
vn -0.7053440663230558 0.5486311815225592 0.4488803568480329
vn -0.7058823529411765 -0.7058823529411765 0.058823529411764705
vn 0.7058823529411765 -0.7058823529411765 -0.058823529411764705
vn 0.7053440762479797 -0.5486310481743067 0.44888050423363873
vn -0.7058823529411765 0.7058823529411765 -0.058823529411764705
vn 0.7058823529411765 0.7058823529411765 0.058823529411764705
vn 0 -0.7071067811865476 -0.7071067811865476
vn 0 1 0
vn 0.9964660586321858 0.07760237143349728 -0.03214445429518326
vn 0 0.7071067811865476 0.7071067811865476
vn -0.9964660449171066 -0.07760252175258449 -0.032144516560355565
vn 0.9964660449171066 0.07760252175258449 0.032144516560355565
vn 0 0 1
vn -0.9964660586321858 -0.07760237143349726 0.032144454295183256
vn 0 0 -1
vn -0.9953492002531853 -0.03686537852465313 -0.08899951360304453
vn 0.9969812534212626 0 0.07764264502557992
vn 0 -1 0
vn -0.9953492510186559 -0.08899902899997314 -0.0368651777923689
vn 0 0.7071067811865476 -0.7071067811865476
vn 0.9964660586321858 0.03214445429518326 0.07760237143349728
vn 0 -0.7071067811865476 0.7071067811865476
vn 0 -0.3826885089348498 0.9238774297109014
vn -0.7053437354730094 0.4488806165273174 0.5486313944125297
vn 0.705343745398855 -0.44888076391212034 0.5486312610637372
vn -0.7058823529411765 -0.058823529411764705 0.7058823529411765
vn 0.7058823529411765 0.058823529411764705 0.7058823529411765
vn 0.705343745398855 0.5486312610637372 0.44888076391212034
vn -0.7053437354730094 -0.5486313944125297 0.4488806165273174
vn 0.7053440762479797 -0.4488805042336388 -0.5486310481743069
vn -0.7053440663230558 0.4488803568480329 -0.5486311815225592
vn 0.7058823529411765 0.058823529411764705 -0.7058823529411765
vn -0.7058823529411765 -0.058823529411764705 -0.7058823529411765
vn -0.7053440663230559 -0.5486311815225593 -0.4488803568480329
vn 0.7053440762479797 0.5486310481743069 -0.44888050423363884
vn 0.7058823529411765 -0.7058823529411765 0.058823529411764705
vn -0.7058823529411765 -0.7058823529411765 -0.058823529411764705
vn -0.7058823529411765 0.7058823529411765 -0.058823529411764705
vn 0.7058823529411765 0.7058823529411765 0.058823529411764705
vn 0 1 0
vn -0.9953492002531853 -0.08899951360304453 0.03686537852465313
vn 0.9964660449171066 0.07760252175258449 0.032144516560355565
vn 0 0 1
vn 0 0 -1
vn -0.9953492002531853 -0.08899951360304453 0.03686537852465313
vn 0 0 1
vn 0 0 -1
vn -0.9953492002531853 0.08899951360304453 -0.03686537852465313
vn 0 -1 0
vn 0 0.7071067811865476 0.7071067811865476
vn -0.9953492002531853 0.03686537852465313 0.08899951360304453
vn 0.9964660449171066 0.032144516560355565 -0.07760252175258449
vn 0 1 0
vn 0 -1 0
vn -0.9953492002531853 -0.08899951360304453 0.03686537852465313
vn 0.9964660449171066 0.07760252175258449 0.032144516560355565
vn 0 0 1
vn 0 0 -1
vn -0.9953492002531853 0.08899951360304453 -0.03686537852465313
vn 0 -1 0
vn 0 0.7071067811865476 0.7071067811865476
vn -0.9953492002531853 0.03686537852465313 0.08899951360304453
vn 0.9964660449171066 0.032144516560355565 -0.07760252175258449
vn 0 1 0
vn 0 0 -1
vn 0 -1 0
vn 0 0 -1
vn 0.9964660449171066 -0.07760252175258449 -0.032144516560355565
vn -0.9953492002531853 0.08899951360304453 -0.03686537852465313
vn 0 -1 0
vn 0 0 1
vn -0.9953492002531853 0.03686537852465313 0.08899951360304453
vn 0.9964660449171066 0.032144516560355565 -0.07760252175258449
vn 0 1 0
vn 0 -0.7071067811865476 -0.7071067811865476
vn 0 -0.7071067811865476 -0.7071067811865476
vn 0.9964660586321858 0.07760237143349728 -0.03214445429518326
vn 0 0.7071067811865476 0.7071067811865476
vn -0.9953492510186559 -0.08899902899997314 -0.0368651777923689
vn -0.9953492510186559 -0.0368651777923689 0.08899902899997314
vn 0 0.7071067811865476 -0.7071067811865476
vn 0.9964660586321858 0.03214445429518326 0.07760237143349728
vn 0 -0.7071067811865476 0.7071067811865476
vn 0 -0.7071067811865476 -0.7071067811865476
vn 0 1 0
vn 0.9964660586321858 0.07760237143349728 -0.03214445429518326
vn 0 0.7071067811865476 0.7071067811865476
vn 0.9964660449171066 0.07760252175258449 0.032144516560355565
vn 0.9964660449171066 -0.07760252175258463 -0.032144516560355635
vn 0 -0.7071067811865476 -0.7071067811865476
vn 0.9964660586321858 -0.07760237143349728 0.03214445429518326
vn -0.9953492510186559 0.08899902899997314 0.0368651777923689
vn -0.9953492510186559 0.0368651777923689 -0.08899902899997314
vn 0 0 1
vn 0 -0.7071067811865476 0.7071067811865476
vn 0.9964660586321858 -0.03214445429518326 -0.07760237143349728
vn 0 0.7071067811865476 -0.7071067811865476
vn -0.9953492510186559 -0.08899902899997314 -0.0368651777923689
vn -0.9953492510186559 -0.0368651777923689 0.08899902899997314
vn 0 0 -1
vn 0 0.7071067811865476 -0.7071067811865476
vn 0.9964660586321858 0.03214445429518326 0.07760237143349728
vn 0 -0.7071067811865476 0.7071067811865476
vn -0.9953492002531853 -0.03686537852465319 -0.0889995136030447
vn 0.9964660449171066 -0.032144516560355565 0.07760252175258449
vn 0 1 0
vn 0.9964660586321858 0.07760237143349728 -0.03214445429518326
vn 0 0.7071067811865476 0.7071067811865476
vn 0.9964660449171066 -0.07760252175258449 -0.032144516560355565
vn 0 -0.7071067811865476 -0.7071067811865476
vn 0.9964660586321858 -0.07760237143349728 0.03214445429518326
vn -0.9953492510186559 0.08899902899997314 0.0368651777923689
vn -0.9953492510186559 0.0368651777923689 -0.08899902899997314
vn 0 0 1
vn 0 -0.7071067811865476 0.7071067811865476
vn 0.9964660586321858 -0.03214445429518326 -0.07760237143349728
vn 0 0.7071067811865476 -0.7071067811865476
vn -0.9953492510186559 -0.08899902899997314 -0.0368651777923689
vn -0.9953492510186559 -0.0368651777923689 0.08899902899997314
vn 0 0.7071067811865476 -0.7071067811865476
vn 0.9964660586321858 0.03214445429518326 0.07760237143349728
vn 0 -0.7071067811865476 0.7071067811865476
vn -0.9953492002531853 -0.03686537852465313 -0.08899951360304453
vn 0.9964660449171066 -0.032144516560355565 0.07760252175258449
vn 0 -0.7071067811865476 -0.7071067811865476
vn 0.9964660586321858 -0.07760237143349728 0.03214445429518326
vn 0 0.7071067811865476 0.7071067811865476
vn -0.9953492510186559 0.08899902899997314 0.0368651777923689
vn -0.9953492510186559 0.0368651777923689 -0.08899902899997314
vn 0 -0.7071067811865476 0.7071067811865476
vn 0.9964660586321858 -0.03214445429518326 -0.07760237143349728
vn 0 0.7071067811865476 -0.7071067811865476
vn 0 1 0
vn -0.9960262581691045 0 -0.0890600529847837
vn 0.9964660449171066 -0.032144516560355565 0.07760252175258449
vn 0 -1 0
vn 0 0 1
vn -0.9969812534212626 0 -0.07764264502557992
vn 0.9969812534212626 0 0.07764264502557992
vn 0 -1 0
vn 0 0 -1
vn -0.9953492002531853 0.08899951360304453 -0.03686537852465313
vn 0 -1 0
vn -0.9953492002531853 0.03686537852465312 0.08899951360304449
vn 0.9964660449171066 0.032144516560355565 -0.07760252175258449
vn 0 1 0
vn 0.9964660449171066 -0.07760252175258449 -0.032144516560355565
vn 0 -0.7071067811865476 -0.7071067811865476
vn 0.9964660586321858 -0.07760237143349728 0.03214445429518326
vn 0 0.7071067811865476 0.7071067811865476
vn -0.9953492510186559 0.08899902899997314 0.0368651777923689
vn -0.9953492510186559 0.0368651777923689 -0.08899902899997314
vn 0 0 1
vn 0 -0.7071067811865476 0.7071067811865476
vn 0.9964660586321858 -0.03214445429518326 -0.07760237143349728
vn 0 0.7071067811865476 -0.7071067811865476
vn 0 1 0
vn -0.9960262581691045 0 -0.0890600529847837
vn 0.9964660449171066 -0.032144516560355565 0.07760252175258449
vn 0 -1 0
vn 0 0.38268850893484974 -0.9238774297109014
vn -0.7053437354730094 0.4488806165273174 0.5486313944125297
vn -0.7053437354730094 0.4488806165273174 0.5486313944125297
vn 0.705343745398855 -0.44888076391212034 0.5486312610637372
vn -0.7058823529411765 -0.058823529411764705 0.7058823529411765
vn 0.7058823529411765 0.058823529411764705 0.7058823529411765
vn 0.705343745398855 0.5486312610637372 0.44888076391212034
vn -0.7053437354730094 -0.5486313944125297 0.4488806165273174
vn -0.7053437354730094 0.4488806165273174 0.5486313944125297
vn 0.7053437453988548 0.44888076391212045 -0.5486312610637373
vn 0.705343745398855 -0.44888076391212034 0.5486312610637372
vn -0.7053437354730092 -0.44888061652731764 -0.54863139441253
vn -0.7058823529411763 0.0588235294117647 -0.7058823529411767
vn 0.7058823529411763 -0.0588235294117647 -0.7058823529411767
vn 0.7053437453988548 -0.5486312610637373 -0.4488807639121205
vn 0.7058823529411765 0.7058823529411765 -0.058823529411764705
vn -0.7058823529411765 0.7058823529411765 0.058823529411764705
vn -0.7053437354730094 0.5486313944125298 -0.4488806165273174
vn -0.7058823529411765 -0.058823529411764705 0.7058823529411765
vn 0.7058823529411765 0.058823529411764705 0.7058823529411765
vn 0.705343745398855 0.5486312610637372 0.44888076391212034
vn 0.7058823529411765 -0.7058823529411765 0.05882352941176481
vn -0.7058823529411763 -0.7058823529411767 -0.0588235294117648
vn -0.7053437354730094 -0.5486313944125297 0.4488806165273174
vn 0.7053437453988551 0.4488807639121203 -0.5486312610637372
vn 0.705343745398855 -0.44888076391212034 0.5486312610637372
vn -0.7053437354730094 -0.4488806165273174 -0.5486313944125297
vn -0.7058823529411765 0.058823529411764705 -0.7058823529411765
vn 0.7058823529411765 -0.058823529411764705 -0.7058823529411765
vn 0.705343745398855 -0.5486312610637372 -0.44888076391212034
vn 0.7058823529411765 0.7058823529411765 -0.058823529411764705
vn -0.7058823529411765 0.7058823529411765 0.058823529411764705
vn -0.7053437354730094 0.5486313944125298 -0.4488806165273174
vn -0.7058823529411765 -0.058823529411764705 0.7058823529411765
vn 0.7058823529411765 0.058823529411764705 0.7058823529411765
vn 0.705343745398855 0.5486312610637372 0.44888076391212034
vn 0.7058823529411765 -0.7058823529411765 0.058823529411764705
vn -0.7058823529411765 -0.7058823529411765 -0.058823529411764705
vn -0.7053437354730094 -0.5486313944125297 0.4488806165273174
vn 0.7053437453988551 0.4488807639121203 -0.5486312610637372
vn -0.7053437354730094 -0.4488806165273174 -0.5486313944125297
vn -0.7058823529411765 0.058823529411764705 -0.7058823529411765
vn 0.7058823529411765 -0.058823529411764705 -0.7058823529411765
vn 0.705343745398855 -0.5486312610637372 -0.44888076391212034
vn 0.7058823529411765 0.7058823529411765 -0.058823529411764705
vn -0.7058823529411765 0.7058823529411765 0.058823529411764705
vn -0.7053437354730094 0.5486313944125298 -0.4488806165273174
vn 0.7058823529411765 -0.7058823529411765 0.058823529411764705
vn -0.7058823529411765 -0.7058823529411765 -0.058823529411764705
vn 0.7053440762479797 -0.4488805042336388 -0.5486310481743069
vn 0.7053440762479797 -0.4488805042336388 -0.5486310481743069
vn -0.7053440663230558 0.4488803568480329 -0.5486311815225592
vn 0.7058823529411765 0.058823529411764705 -0.7058823529411765
vn -0.7058823529411765 -0.058823529411764705 -0.7058823529411765
vn -0.7053440663230559 -0.5486311815225593 -0.4488803568480329
vn 0.7053440762479797 0.5486310481743069 -0.44888050423363884
vn 0.7053440762479797 -0.4488805042336388 -0.5486310481743069
vn -0.7053440663230558 -0.4488803568480329 0.5486311815225593
vn -0.7053440663230558 0.4488803568480329 -0.5486311815225592
vn 0.7053440762479793 0.4488805042336389 0.548631048174307
vn 0.7058823529411763 -0.0588235294117647 0.7058823529411767
vn -0.7058823529411763 0.0588235294117647 0.7058823529411767
vn -0.7053440663230556 0.5486311815225594 0.4488803568480332
vn -0.7058823529411765 -0.7058823529411765 0.058823529411764705
vn 0.7058823529411765 -0.7058823529411765 -0.058823529411764705
vn 0.7053440762479796 -0.5486310481743071 0.44888050423363884
vn 0.7058823529411765 0.058823529411764705 -0.7058823529411765
vn -0.7058823529411765 -0.058823529411764705 -0.7058823529411765
vn -0.7053440663230559 -0.5486311815225593 -0.4488803568480329
vn -0.7058823529411763 0.7058823529411767 -0.0588235294117647
vn 0.7058823529411765 0.7058823529411765 0.058823529411764705
vn 0.7053440762479797 0.5486310481743069 -0.44888050423363884
vn -0.7053440663230558 -0.44888035684803296 0.5486311815225593
vn -0.7053440663230558 0.4488803568480329 -0.5486311815225592
vn 0.7053440762479797 0.4488805042336388 0.5486310481743069
vn 0.7058823529411765 -0.058823529411764705 0.7058823529411765
vn -0.7058823529411765 0.058823529411764705 0.7058823529411765
vn -0.7053440663230558 0.5486311815225592 0.4488803568480329
vn -0.7058823529411765 -0.7058823529411765 0.058823529411764705
vn 0.7058823529411765 -0.7058823529411765 -0.058823529411764705
vn 0.7053440762479797 -0.5486310481743067 0.44888050423363873
vn 0.7058823529411765 0.058823529411764705 -0.7058823529411765
vn -0.7058823529411765 -0.058823529411764705 -0.7058823529411765
vn -0.7053440663230559 -0.5486311815225593 -0.4488803568480329
vn -0.7058823529411765 0.7058823529411765 -0.058823529411764705
vn 0.7058823529411765 0.7058823529411765 0.058823529411764705
vn 0.7053440762479797 0.5486310481743069 -0.44888050423363884
vn -0.7053440663230558 -0.44888035684803296 0.5486311815225593
vn 0.7053440762479797 0.4488805042336388 0.5486310481743069
vn 0.7058823529411765 -0.058823529411764705 0.7058823529411765
vn -0.7058823529411765 0.058823529411764705 0.7058823529411765
vn -0.7053440663230558 0.5486311815225592 0.4488803568480329
vn -0.7058823529411765 -0.7058823529411765 0.058823529411764705
vn 0.7058823529411765 -0.7058823529411765 -0.058823529411764705
vn 0.7053440762479797 -0.5486310481743067 0.44888050423363873
vn -0.7058823529411765 0.7058823529411765 -0.058823529411764705
vn 0.7058823529411765 0.7058823529411765 0.058823529411764705
vn 0.7058823529411765 -0.7058823529411765 0.058823529411764705
vn -0.7058823529411765 -0.7058823529411765 -0.058823529411764705
vn -0.7058823529411765 0.7058823529411765 -0.058823529411764705
vn 0.7058823529411765 0.7058823529411765 0.058823529411764705
vn 0.7053437453988551 0.4488807639121203 -0.5486312610637372
vn -0.7053437354730094 -0.4488806165273174 -0.5486313944125297
vn -0.7058823529411765 0.058823529411764705 -0.7058823529411765
vn 0.7058823529411765 -0.058823529411764705 -0.7058823529411765
vn 0.705343745398855 -0.5486312610637372 -0.44888076391212034
vn 0.7058823529411765 0.7058823529411765 -0.05882352941176468
vn -0.7058823529411766 0.7058823529411765 0.05882352941176469
vn -0.7053437354730094 0.5486313944125298 -0.4488806165273174
vn 0.7058823529411765 -0.7058823529411765 0.058823529411764705
vn -0.7058823529411765 -0.7058823529411765 -0.058823529411764705
vn -0.7053440663230558 -0.44888035684803296 0.5486311815225593
vn 0.7053440762479797 0.4488805042336388 0.5486310481743069
vn 0.7058823529411765 -0.058823529411764705 0.7058823529411765
vn -0.7058823529411765 0.058823529411764705 0.7058823529411765
vn -0.7053440663230558 0.5486311815225592 0.4488803568480329
vn -0.7058823529411765 -0.7058823529411764 0.05882352941176471
vn 0.7058823529411765 -0.7058823529411765 -0.058823529411764705
vn 0.7053440762479797 -0.5486310481743067 0.44888050423363873
vn -0.7058823529411765 0.7058823529411765 -0.058823529411764705
vn 0.7058823529411765 0.7058823529411765 0.058823529411764705
vn 0.7053437453988551 0.4488807639121203 -0.5486312610637372
vn -0.7053437354730094 -0.4488806165273174 -0.5486313944125297
vn -0.7058823529411765 0.058823529411764705 -0.7058823529411765
vn 0.7058823529411765 -0.058823529411764705 -0.7058823529411765
vn 0.705343745398855 -0.5486312610637372 -0.44888076391212034
vn 0.7058823529411765 0.7058823529411765 -0.058823529411764705
vn -0.7058823529411765 0.7058823529411765 0.058823529411764705
vn -0.7053437354730094 0.5486313944125298 -0.4488806165273174
vn 0.7058823529411765 -0.7058823529411765 0.058823529411764705
vn -0.7058823529411765 -0.7058823529411765 -0.058823529411764705
vn -0.7053440663230558 -0.44888035684803296 0.5486311815225593
vn 0.7053440762479797 0.4488805042336388 0.5486310481743069
vn 0.7058823529411765 -0.058823529411764705 0.7058823529411765
vn -0.7058823529411765 0.058823529411764705 0.7058823529411765
vn -0.7053440663230558 0.5486311815225592 0.4488803568480329
vn -0.7058823529411765 -0.7058823529411765 0.058823529411764705
vn 0.7058823529411765 -0.7058823529411765 -0.058823529411764705
vn 0.7053440762479797 -0.5486310481743067 0.44888050423363873
vn -0.7058823529411765 0.7058823529411765 -0.058823529411764705
vn 0.7058823529411765 0.7058823529411765 0.058823529411764705
vn 0 1 0
vn -0.9953492002531853 -0.08899951360304453 0.03686537852465313
vn 0.9964660449171066 0.07760252175258449 0.032144516560355565
vn 0 0 1
vn 0 0 -1
vn 0 0 -1
vn -0.9953492002531853 0.08899951360304453 -0.03686537852465313
vn 0 -1 0
vn 0 0.7071067811865476 0.7071067811865476
vn -0.9953492002531853 0.03686537852465313 0.08899951360304453
vn 0.9964660449171066 0.032144516560355565 -0.07760252175258449
vn 0 1 0
vn 0 -1 0
vn 0 -0.7071067811865476 -0.7071067811865476
vn 0.9964660586321858 0.07760237143349728 -0.03214445429518326
vn 0 0.7071067811865476 0.7071067811865476
vn -0.9953492510186559 -0.08899902899997314 -0.0368651777923689
vn -0.9953492510186559 -0.0368651777923689 0.08899902899997314
vn 0 0.7071067811865476 -0.7071067811865476
vn 0.9964660586321858 0.03214445429518326 0.07760237143349728
vn 0 -0.7071067811865476 0.7071067811865476
vn 0 1 0
vn 0.9964660449171066 -0.07760252175258449 -0.032144516560355565
vn 0 -0.7071067811865476 -0.7071067811865476
vn 0.9964660586321858 -0.07760237143349728 0.03214445429518326
vn -0.9953492510186559 0.08899902899997314 0.0368651777923689
vn -0.9953492510186559 0.0368651777923689 -0.08899902899997314
vn 0 0 1
vn 0 -0.7071067811865476 0.7071067811865476
vn 0.9964660586321858 -0.03214445429518326 -0.07760237143349728
vn 0 0.7071067811865476 -0.7071067811865476
vn -0.9953492002531853 -0.03686537852465313 -0.08899951360304453
vn 0.9964660449171066 -0.032144516560355565 0.07760252175258449
vn 0 0 1
vn -0.9969812534212626 0 -0.07764264502557992
vn 0.9969812534212626 0 0.07764264502557992
vn 0 -1 0
vn 0 0 -1
vn -0.9953492002531853 0.08899951360304453 -0.03686537852465313
vn 0 -1 0
vn -0.9953492002531853 0.03686537852465313 0.08899951360304453
vn 0.9964660449171066 0.032144516560355565 -0.07760252175258449
vn 0 1 0
vn 0.9964660449171066 -0.07760252175258449 -0.032144516560355565
vn 0 -0.7071067811865476 -0.7071067811865476
vn 0.9964660586321858 -0.07760237143349728 0.03214445429518326
vn 0 0.7071067811865476 0.7071067811865476
vn -0.9953492510186559 0.08899902899997314 0.0368651777923689
vn -0.9953492510186559 0.0368651777923689 -0.08899902899997314
vn 0 0 1
vn 0 -0.7071067811865476 0.7071067811865476
vn 0.9964660586321858 -0.03214445429518326 -0.07760237143349728
vn 0 0.7071067811865476 -0.7071067811865476
vn 0 1 0
vn -0.9960262581691045 0 -0.0890600529847837
vn 0.9964660449171066 -0.032144516560355565 0.07760252175258449
vn 0 -1 0
vn 0 0.3826885089348498 -0.9238774297109014
usemtl metal_decoration2_razor_wire
f 51/153/39 50/154/39 49/155/39
f 51/153/39 49/155/39 52/156/39
f 55/157/40 54/158/40 53/159/40
f 55/157/40 53/159/40 56/160/40
f 59/161/41 58/162/41 57/163/41
f 59/161/41 57/163/41 60/164/41
f 63/165/42 62/166/42 61/167/42
f 63/165/42 61/167/42 64/168/42
f 67/169/43 66/170/43 65/171/43
f 67/169/43 65/171/43 68/172/43
f 71/173/44 70/174/44 69/175/44
f 71/173/44 69/175/44 72/176/44
f 75/177/45 74/178/45 73/179/45
f 75/177/45 73/179/45 76/180/45
f 79/181/46 78/182/46 77/183/46
f 79/181/46 77/183/46 80/184/46
f 83/185/47 82/186/47 81/187/47
f 83/185/47 81/187/47 84/188/47
f 87/189/48 86/190/48 85/191/48
f 87/189/48 85/191/48 88/192/48
f 91/193/49 90/194/49 89/195/49
f 91/193/49 89/195/49 92/196/49
f 95/197/50 94/198/50 93/199/50
f 95/197/50 93/199/50 96/200/50
f 99/201/51 98/202/51 97/203/51
f 99/201/51 97/203/51 100/204/51
f 103/205/52 102/206/52 101/207/52
f 103/205/52 101/207/52 104/208/52
f 107/209/53 106/210/53 105/211/53
f 107/209/53 105/211/53 108/212/53
f 111/213/54 110/214/54 109/215/54
f 111/213/54 109/215/54 112/216/54
f 115/217/55 114/218/55 113/219/55
f 115/217/55 113/219/55 116/220/55
f 119/221/56 118/222/56 117/223/56
f 119/221/56 117/223/56 120/224/56
f 123/225/57 122/226/57 121/227/57
f 123/225/57 121/227/57 124/228/57
f 127/229/58 126/230/58 125/231/58
f 127/229/58 125/231/58 128/232/58
f 131/233/59 130/234/59 129/235/59
f 131/233/59 129/235/59 132/236/59
f 135/237/60 134/238/60 133/239/60
f 135/237/60 133/239/60 136/240/60
f 139/241/61 138/242/61 137/243/61
f 139/241/61 137/243/61 140/244/61
f 143/245/62 142/246/62 141/247/62
f 143/245/62 141/247/62 144/248/62
f 147/249/63 146/250/63 145/251/63
f 147/249/63 145/251/63 148/252/63
f 151/253/64 150/254/64 149/255/64
f 151/253/64 149/255/64 152/256/64
f 155/257/65 154/258/65 153/259/65
f 155/257/65 153/259/65 156/260/65
f 159/261/66 158/262/66 157/263/66
f 159/261/66 157/263/66 160/264/66
f 163/265/67 162/266/67 161/267/67
f 163/265/67 161/267/67 164/268/67
f 167/269/68 166/270/68 165/271/68
f 167/269/68 165/271/68 168/272/68
f 171/273/69 170/274/69 169/275/69
f 171/273/69 169/275/69 172/276/69
f 175/277/70 174/278/70 173/279/70
f 175/277/70 173/279/70 176/280/70
f 179/281/71 178/282/71 177/283/71
f 179/281/71 177/283/71 180/284/71
f 183/285/72 182/286/72 181/287/72
f 183/285/72 181/287/72 184/288/72
f 187/289/73 186/290/73 185/291/73
f 187/289/73 185/291/73 188/292/73
f 191/293/74 190/294/74 189/295/74
f 191/293/74 189/295/74 192/296/74
f 195/297/75 194/298/75 193/299/75
f 195/297/75 193/299/75 196/300/75
f 199/301/76 198/302/76 197/303/76
f 199/301/76 197/303/76 200/304/76
f 195/305/77 196/306/77 201/307/77
f 195/305/77 201/307/77 202/308/77
f 202/309/78 201/310/78 203/311/78
f 202/309/78 203/311/78 204/312/78
f 206/313/79 205/314/79 193/315/79
f 206/313/79 193/315/79 203/316/79
f 196/317/80 208/318/80 207/319/80
f 196/317/80 207/319/80 201/320/80
f 201/321/81 207/322/81 206/323/81
f 201/321/81 206/323/81 203/324/81
f 203/325/82 193/326/82 194/327/82
f 203/325/82 194/327/82 204/328/82
f 196/329/83 193/330/83 205/331/83
f 196/329/83 205/331/83 208/332/83
f 198/333/84 210/334/84 209/335/84
f 198/333/84 209/335/84 197/336/84
f 199/337/85 200/338/85 211/339/85
f 199/337/85 211/339/85 212/340/85
f 212/341/86 211/342/86 209/343/86
f 212/341/86 209/343/86 210/344/86
f 205/345/87 206/346/87 210/347/87
f 205/345/87 210/347/87 198/348/87
f 208/349/88 205/350/88 198/351/88
f 208/349/88 198/351/88 199/352/88
f 208/353/89 199/354/89 212/355/89
f 208/353/89 212/355/89 207/356/89
f 207/357/90 212/358/90 210/359/90
f 207/357/90 210/359/90 206/360/90
f 195/361/91 202/362/91 204/363/91
f 195/361/91 204/363/91 194/364/91
f 215/365/92 214/366/92 213/367/92
f 215/365/92 213/367/92 216/368/92
f 219/369/93 218/370/93 217/371/93
f 219/369/93 217/371/93 220/372/93
f 223/373/94 222/374/94 221/375/94
f 223/373/94 221/375/94 224/376/94
f 227/377/95 226/378/95 225/379/95
f 227/377/95 225/379/95 228/380/95
f 231/381/96 230/382/96 229/383/96
f 231/381/96 229/383/96 232/384/96
f 235/385/97 234/386/97 233/387/97
f 235/385/97 233/387/97 236/388/97
f 239/389/98 238/390/98 237/391/98
f 239/389/98 237/391/98 240/392/98
f 243/393/99 242/394/99 241/395/99
f 243/393/99 241/395/99 244/396/99
f 247/397/100 246/398/100 245/399/100
f 247/397/100 245/399/100 248/400/100
f 251/401/101 250/402/101 249/403/101
f 251/401/101 249/403/101 252/404/101
f 255/405/102 254/406/102 253/407/102
f 255/405/102 253/407/102 256/408/102
f 259/409/103 258/410/103 257/411/103
f 259/409/103 257/411/103 260/412/103
f 263/413/104 262/414/104 261/415/104
f 263/413/104 261/415/104 264/416/104
f 267/417/105 266/418/105 265/419/105
f 267/417/105 265/419/105 268/420/105
f 271/421/106 270/422/106 269/423/106
f 271/421/106 269/423/106 272/424/106
f 275/425/107 274/426/107 273/427/107
f 275/425/107 273/427/107 276/428/107
f 279/429/108 278/430/108 277/431/108
f 279/429/108 277/431/108 280/432/108
f 283/433/109 282/434/109 281/435/109
f 283/433/109 281/435/109 284/436/109
f 284/437/110 281/438/110 277/439/110
f 284/437/110 277/439/110 278/440/110
f 283/441/111 279/442/111 280/443/111
f 283/441/111 280/443/111 282/444/111
f 289/445/112 288/446/112 287/447/112
f 289/445/112 287/447/112 290/448/112
f 293/449/113 292/450/113 291/451/113
f 293/449/113 291/451/113 294/452/113
f 296/453/114 295/454/114 292/455/114
f 296/453/114 292/455/114 293/456/114
f 297/457/115 294/458/115 291/459/115
f 297/457/115 291/459/115 298/460/115
f 301/461/116 300/462/116 299/463/116
f 301/461/116 299/463/116 302/464/116
f 296/465/117 297/466/117 298/467/117
f 296/465/117 298/467/117 295/468/117
f 300/469/118 304/470/118 303/471/118
f 300/469/118 303/471/118 299/472/118
f 301/473/119 302/474/119 305/475/119
f 301/473/119 305/475/119 306/476/119
f 306/477/120 305/478/120 303/479/120
f 306/477/120 303/479/120 304/480/120
f 302/481/121 299/482/121 279/483/121
f 302/481/121 279/483/121 283/484/121
f 308/485/122 307/486/122 285/487/122
f 308/485/122 285/487/122 286/488/122
f 302/489/123 283/490/123 284/491/123
f 302/489/123 284/491/123 305/492/123
f 305/493/124 284/494/124 278/495/124
f 305/493/124 278/495/124 303/496/124
f 280/497/125 277/498/125 290/499/125
f 280/497/125 290/499/125 307/500/125
f 299/501/126 303/502/126 278/503/126
f 299/501/126 278/503/126 279/504/126
f 282/505/127 280/506/127 307/507/127
f 282/505/127 307/507/127 308/508/127
f 282/509/128 308/510/128 289/511/128
f 282/509/128 289/511/128 281/512/128
f 281/513/129 289/514/129 290/515/129
f 281/513/129 290/515/129 277/516/129
f 307/517/130 290/518/130 287/519/130
f 307/517/130 287/519/130 285/520/130
f 308/521/131 286/522/131 288/523/131
f 308/521/131 288/523/131 289/524/131
f 309/525/132 293/526/132 294/527/132
f 309/525/132 294/527/132 310/528/132
f 311/529/133 296/530/133 293/531/133
f 311/529/133 293/531/133 309/532/133
f 311/533/134 312/534/134 297/535/134
f 311/533/134 297/535/134 296/536/134
f 298/537/135 291/538/135 304/539/135
f 298/537/135 304/539/135 300/540/135
f 312/541/136 310/542/136 294/543/136
f 312/541/136 294/543/136 297/544/136
f 295/545/137 298/546/137 300/547/137
f 295/545/137 300/547/137 301/548/137
f 295/549/138 301/550/138 306/551/138
f 295/549/138 306/551/138 292/552/138
f 292/553/139 306/554/139 304/555/139
f 292/553/139 304/555/139 291/556/139
f 314/557/140 313/558/140 312/559/140
f 314/557/140 312/559/140 311/560/140
f 313/561/141 315/562/141 310/563/141
f 313/561/141 310/563/141 312/564/141
f 314/565/142 311/566/142 309/567/142
f 314/565/142 309/567/142 316/568/142
f 316/569/143 309/570/143 310/571/143
f 316/569/143 310/571/143 315/572/143
f 320/573/144 319/574/144 318/575/144
f 320/573/144 318/575/144 321/576/144
f 324/577/145 323/578/145 322/579/145
f 324/577/145 322/579/145 325/580/145
f 328/581/146 327/582/146 326/583/146
f 328/581/146 326/583/146 329/584/146
f 332/585/147 331/586/147 330/587/147
f 332/585/147 330/587/147 333/588/147
f 336/589/148 335/590/148 334/591/148
f 336/589/148 334/591/148 337/592/148
f 340/593/149 339/594/149 338/595/149
f 340/593/149 338/595/149 341/596/149
f 344/597/150 343/598/150 342/599/150
f 344/597/150 342/599/150 345/600/150
f 348/601/151 347/602/151 346/603/151
f 348/601/151 346/603/151 349/604/151
f 352/605/152 351/606/152 350/607/152
f 352/605/152 350/607/152 353/608/152
f 356/609/153 355/610/153 354/611/153
f 356/609/153 354/611/153 357/612/153
f 360/613/154 359/614/154 358/615/154
f 360/613/154 358/615/154 361/616/154
f 364/617/155 363/618/155 362/619/155
f 364/617/155 362/619/155 365/620/155
f 368/621/156 367/622/156 366/623/156
f 368/621/156 366/623/156 369/624/156
f 372/625/157 371/626/157 370/627/157
f 372/625/157 370/627/157 373/628/157
f 376/629/158 375/630/158 374/631/158
f 376/629/158 374/631/158 377/632/158
f 380/633/159 379/634/159 378/635/159
f 380/633/159 378/635/159 381/636/159
f 384/637/160 383/638/160 382/639/160
f 384/637/160 382/639/160 385/640/160
f 388/641/161 387/642/161 386/643/161
f 388/641/161 386/643/161 389/644/161
f 392/645/162 391/646/162 390/647/162
f 392/645/162 390/647/162 393/648/162
f 396/649/163 395/650/163 394/651/163
f 396/649/163 394/651/163 397/652/163
f 399/653/164 398/654/164 317/655/164
f 399/653/164 317/655/164 400/656/164
f 403/657/165 402/658/165 401/659/165
f 403/657/165 401/659/165 404/660/165
f 407/661/166 406/662/166 405/663/166
f 407/661/166 405/663/166 408/664/166
f 411/665/167 410/666/167 409/667/167
f 411/665/167 409/667/167 412/668/167
f 415/669/168 414/670/168 413/671/168
f 415/669/168 413/671/168 416/672/168
f 419/673/169 418/674/169 417/675/169
f 419/673/169 417/675/169 420/676/169
f 423/677/170 422/678/170 421/679/170
f 423/677/170 421/679/170 424/680/170
f 427/681/171 426/682/171 425/683/171
f 427/681/171 425/683/171 428/684/171
f 431/685/172 430/686/172 429/687/172
f 431/685/172 429/687/172 432/688/172
f 435/689/173 434/690/173 433/691/173
f 435/689/173 433/691/173 436/692/173
f 439/693/174 438/694/174 437/695/174
f 439/693/174 437/695/174 440/696/174
f 443/697/175 442/698/175 441/699/175
f 443/697/175 441/699/175 444/700/175
f 447/701/176 446/702/176 445/703/176
f 447/701/176 445/703/176 448/704/176
f 451/705/177 450/706/177 449/707/177
f 451/705/177 449/707/177 452/708/177
f 455/709/178 454/710/178 453/711/178
f 455/709/178 453/711/178 456/712/178
f 459/713/179 458/714/179 457/715/179
f 459/713/179 457/715/179 460/716/179
f 463/717/180 462/718/180 461/719/180
f 463/717/180 461/719/180 464/720/180
f 467/721/181 466/722/181 465/723/181
f 467/721/181 465/723/181 468/724/181
f 463/725/182 464/726/182 469/727/182
f 463/725/182 469/727/182 470/728/182
f 470/729/183 469/730/183 471/731/183
f 470/729/183 471/731/183 472/732/183
f 474/733/184 473/734/184 461/735/184
f 474/733/184 461/735/184 471/736/184
f 464/737/185 476/738/185 475/739/185
f 464/737/185 475/739/185 469/740/185
f 469/741/186 475/742/186 474/743/186
f 469/741/186 474/743/186 471/744/186
f 471/745/187 461/746/187 462/747/187
f 471/745/187 462/747/187 472/748/187
f 464/749/188 461/750/188 473/751/188
f 464/749/188 473/751/188 476/752/188
f 466/753/189 478/754/189 477/755/189
f 466/753/189 477/755/189 465/756/189
f 467/757/190 468/758/190 479/759/190
f 467/757/190 479/759/190 480/760/190
f 480/761/191 479/762/191 477/763/191
f 480/761/191 477/763/191 478/764/191
f 473/765/192 474/766/192 478/767/192
f 473/765/192 478/767/192 466/768/192
f 476/769/193 473/770/193 466/771/193
f 476/769/193 466/771/193 467/772/193
f 476/773/194 467/774/194 480/775/194
f 476/773/194 480/775/194 475/776/194
f 475/777/195 480/778/195 478/779/195
f 475/777/195 478/779/195 474/780/195
f 463/781/196 470/782/196 472/783/196
f 463/781/196 472/783/196 462/784/196
f 483/785/197 482/786/197 481/787/197
f 483/785/197 481/787/197 484/788/197
f 487/789/198 486/790/198 485/791/198
f 487/789/198 485/791/198 488/792/198
f 491/793/199 490/794/199 489/795/199
f 491/793/199 489/795/199 492/796/199
f 495/797/200 494/798/200 493/799/200
f 495/797/200 493/799/200 496/800/200
f 499/801/201 498/802/201 497/803/201
f 499/801/201 497/803/201 500/804/201
f 503/805/202 502/806/202 501/807/202
f 503/805/202 501/807/202 504/808/202
f 507/809/203 506/810/203 505/811/203
f 507/809/203 505/811/203 508/812/203
f 511/813/204 510/814/204 509/815/204
f 511/813/204 509/815/204 512/816/204
f 515/817/205 514/818/205 513/819/205
f 515/817/205 513/819/205 516/820/205
f 519/821/206 518/822/206 517/823/206
f 519/821/206 517/823/206 520/824/206
f 523/825/207 522/826/207 521/827/207
f 523/825/207 521/827/207 524/828/207
f 527/829/208 526/830/208 525/831/208
f 527/829/208 525/831/208 528/832/208
f 531/833/209 530/834/209 529/835/209
f 531/833/209 529/835/209 532/836/209
f 535/837/210 534/838/210 533/839/210
f 535/837/210 533/839/210 536/840/210
f 539/841/211 538/842/211 537/843/211
f 539/841/211 537/843/211 540/844/211
f 543/845/212 542/846/212 541/847/212
f 543/845/212 541/847/212 544/848/212
f 547/849/213 546/850/213 545/851/213
f 547/849/213 545/851/213 548/852/213
f 551/853/214 550/854/214 549/855/214
f 551/853/214 549/855/214 552/856/214
f 555/857/215 554/858/215 553/859/215
f 555/857/215 553/859/215 556/860/215
f 556/861/216 553/862/216 549/863/216
f 556/861/216 549/863/216 550/864/216
f 555/865/217 551/866/217 552/867/217
f 555/865/217 552/867/217 554/868/217
f 559/869/218 558/870/218 557/871/218
f 559/869/218 557/871/218 560/872/218
f 562/873/219 561/874/219 557/875/219
f 562/873/219 557/875/219 558/876/219
f 565/877/220 564/878/220 563/879/220
f 565/877/220 563/879/220 566/880/220
f 567/881/221 566/882/221 563/883/221
f 567/881/221 563/883/221 568/884/221
f 571/885/222 570/886/222 569/887/222
f 571/885/222 569/887/222 572/888/222
f 574/889/223 573/890/223 567/891/223
f 574/889/223 567/891/223 575/892/223
f 570/893/224 577/894/224 576/895/224
f 570/893/224 576/895/224 569/896/224
f 571/897/225 572/898/225 578/899/225
f 571/897/225 578/899/225 579/900/225
f 579/901/226 578/902/226 576/903/226
f 579/901/226 576/903/226 577/904/226
f 582/905/227 581/906/227 580/907/227
f 582/905/227 580/907/227 583/908/227
f 586/909/228 585/910/228 584/911/228
f 586/909/228 584/911/228 587/912/228
f 590/913/229 589/914/229 588/915/229
f 590/913/229 588/915/229 591/916/229
f 591/917/230 588/918/230 584/919/230
f 591/917/230 584/919/230 585/920/230
f 594/921/231 593/922/231 592/923/231
f 594/921/231 592/923/231 595/924/231
f 596/925/232 595/926/232 592/927/232
f 596/925/232 592/927/232 597/928/232
f 600/929/233 599/930/233 598/931/233
f 600/929/233 598/931/233 601/932/233
f 603/933/234 602/934/234 596/935/234
f 603/933/234 596/935/234 604/936/234
f 599/937/235 606/938/235 605/939/235
f 599/937/235 605/939/235 598/940/235
f 600/941/236 601/942/236 607/943/236
f 600/941/236 607/943/236 608/944/236
f 608/945/237 607/946/237 605/947/237
f 608/945/237 605/947/237 606/948/237
f 590/949/238 586/950/238 587/951/238
f 590/949/238 587/951/238 589/952/238
f 611/953/239 610/954/239 609/955/239
f 611/953/239 609/955/239 612/956/239
f 615/957/240 614/958/240 613/959/240
f 615/957/240 613/959/240 616/960/240
f 618/961/241 617/962/241 614/963/241
f 618/961/241 614/963/241 615/964/241
f 619/965/242 616/966/242 613/967/242
f 619/965/242 613/967/242 620/968/242
f 623/969/243 622/970/243 621/971/243
f 623/969/243 621/971/243 624/972/243
f 618/973/244 619/974/244 620/975/244
f 618/973/244 620/975/244 617/976/244
f 622/977/245 626/978/245 625/979/245
f 622/977/245 625/979/245 621/980/245
f 623/981/246 624/982/246 627/983/246
f 623/981/246 627/983/246 628/984/246
f 628/985/247 627/986/247 625/987/247
f 628/985/247 625/987/247 626/988/247
f 572/989/248 569/990/248 551/991/248
f 572/989/248 551/991/248 555/992/248
f 624/993/249 621/994/249 586/995/249
f 624/993/249 586/995/249 590/996/249
f 572/997/250 555/998/250 556/999/250
f 572/997/250 556/999/250 578/1000/250
f 578/1001/251 556/1002/251 550/1003/251
f 578/1001/251 550/1003/251 576/1004/251
f 552/1005/252 549/1006/252 629/1007/252
f 552/1005/252 629/1007/252 546/1008/252
f 569/1009/253 576/1010/253 550/1011/253
f 569/1009/253 550/1011/253 551/1012/253
f 554/1013/254 552/1014/254 546/1015/254
f 554/1013/254 546/1015/254 547/1016/254
f 554/1017/255 547/1018/255 630/1019/255
f 554/1017/255 630/1019/255 553/1020/255
f 553/1021/256 630/1022/256 629/1023/256
f 553/1021/256 629/1023/256 549/1024/256
f 601/1025/257 598/1026/257 559/1027/257
f 601/1025/257 559/1027/257 631/1028/257
f 633/1029/258 632/1030/258 573/1031/258
f 633/1029/258 573/1031/258 574/1032/258
f 601/1033/259 631/1034/259 562/1035/259
f 601/1033/259 562/1035/259 607/1036/259
f 607/1037/260 562/1038/260 558/1039/260
f 607/1037/260 558/1039/260 605/1040/260
f 631/1041/261 634/1042/261 561/1043/261
f 631/1041/261 561/1043/261 562/1044/261
f 575/1045/262 635/1046/262 564/1047/262
f 575/1045/262 564/1047/262 565/1048/262
f 581/1049/263 565/1050/263 566/1051/263
f 581/1049/263 566/1051/263 580/1052/263
f 574/1053/264 575/1054/264 565/1055/264
f 574/1053/264 565/1055/264 581/1056/264
f 568/1057/265 563/1058/265 577/1059/265
f 568/1057/265 577/1059/265 570/1060/265
f 573/1061/266 580/1062/266 566/1063/266
f 573/1061/266 566/1063/266 567/1064/266
f 575/1065/267 567/1066/267 568/1067/267
f 575/1065/267 568/1067/267 635/1068/267
f 635/1069/268 568/1070/268 570/1071/268
f 635/1069/268 570/1071/268 571/1072/268
f 635/1073/269 571/1074/269 579/1075/269
f 635/1073/269 579/1075/269 564/1076/269
f 564/1077/270 579/1078/270 577/1079/270
f 564/1077/270 577/1079/270 563/1080/270
f 560/1081/271 557/1082/271 583/1083/271
f 560/1081/271 583/1083/271 632/1084/271
f 598/1085/272 605/1086/272 558/1087/272
f 598/1085/272 558/1087/272 559/1088/272
f 631/1089/273 559/1090/273 560/1091/273
f 631/1089/273 560/1091/273 634/1092/273
f 634/1093/274 560/1094/274 632/1095/274
f 634/1093/274 632/1095/274 633/1096/274
f 634/1097/275 633/1098/275 582/1099/275
f 634/1097/275 582/1099/275 561/1100/275
f 561/1101/276 582/1102/276 583/1103/276
f 561/1101/276 583/1103/276 557/1104/276
f 632/1105/277 583/1106/277 580/1107/277
f 632/1105/277 580/1107/277 573/1108/277
f 633/1109/278 574/1110/278 581/1111/278
f 633/1109/278 581/1111/278 582/1112/278
f 637/1113/279 636/1114/279 602/1115/279
f 637/1113/279 602/1115/279 603/1116/279
f 624/1117/280 590/1118/280 591/1119/280
f 624/1117/280 591/1119/280 627/1120/280
f 627/1121/281 591/1122/281 585/1123/281
f 627/1121/281 585/1123/281 625/1124/281
f 604/1125/282 638/1126/282 593/1127/282
f 604/1125/282 593/1127/282 594/1128/282
f 610/1129/283 594/1130/283 595/1131/283
f 610/1129/283 595/1131/283 609/1132/283
f 603/1133/284 604/1134/284 594/1135/284
f 603/1133/284 594/1135/284 610/1136/284
f 597/1137/285 592/1138/285 606/1139/285
f 597/1137/285 606/1139/285 599/1140/285
f 602/1141/286 609/1142/286 595/1143/286
f 602/1141/286 595/1143/286 596/1144/286
f 604/1145/287 596/1146/287 597/1147/287
f 604/1145/287 597/1147/287 638/1148/287
f 638/1149/288 597/1150/288 599/1151/288
f 638/1149/288 599/1151/288 600/1152/288
f 638/1153/289 600/1154/289 608/1155/289
f 638/1153/289 608/1155/289 593/1156/289
f 593/1157/290 608/1158/290 606/1159/290
f 593/1157/290 606/1159/290 592/1160/290
f 587/1161/291 584/1162/291 612/1163/291
f 587/1161/291 612/1163/291 636/1164/291
f 621/1165/292 625/1166/292 585/1167/292
f 621/1165/292 585/1167/292 586/1168/292
f 589/1169/293 587/1170/293 636/1171/293
f 589/1169/293 636/1171/293 637/1172/293
f 589/1173/294 637/1174/294 611/1175/294
f 589/1173/294 611/1175/294 588/1176/294
f 588/1177/295 611/1178/295 612/1179/295
f 588/1177/295 612/1179/295 584/1180/295
f 636/1181/296 612/1182/296 609/1183/296
f 636/1181/296 609/1183/296 602/1184/296
f 637/1185/297 603/1186/297 610/1187/297
f 637/1185/297 610/1187/297 611/1188/297
f 639/1189/298 615/1190/298 616/1191/298
f 639/1189/298 616/1191/298 640/1192/298
f 641/1193/299 618/1194/299 615/1195/299
f 641/1193/299 615/1195/299 639/1196/299
f 641/1197/300 642/1198/300 619/1199/300
f 641/1197/300 619/1199/300 618/1200/300
f 620/1201/301 613/1202/301 626/1203/301
f 620/1201/301 626/1203/301 622/1204/301
f 642/1205/302 640/1206/302 616/1207/302
f 642/1205/302 616/1207/302 619/1208/302
f 617/1209/303 620/1210/303 622/1211/303
f 617/1209/303 622/1211/303 623/1212/303
f 617/1213/304 623/1214/304 628/1215/304
f 617/1213/304 628/1215/304 614/1216/304
f 614/1217/305 628/1218/305 626/1219/305
f 614/1217/305 626/1219/305 613/1220/305
f 644/1221/306 643/1222/306 642/1223/306
f 644/1221/306 642/1223/306 641/1224/306
f 643/1225/307 645/1226/307 640/1227/307
f 643/1225/307 640/1227/307 642/1228/307
f 644/1229/308 641/1230/308 639/1231/308
f 644/1229/308 639/1231/308 646/1232/308
f 646/1233/309 639/1234/309 640/1235/309
f 646/1233/309 640/1235/309 645/1236/309
f 647/1237/310 548/1238/310 545/1239/310
f 647/1237/310 545/1239/310 648/1240/310
f 648/1241/311 545/1242/311 546/1243/311
f 648/1241/311 546/1243/311 629/1244/311
f 547/1245/312 548/1246/312 647/1247/312
f 547/1245/312 647/1247/312 630/1248/312
f 630/1249/313 647/1250/313 648/1251/313
f 630/1249/313 648/1251/313 629/1252/313
f 651/1253/314 650/1254/314 649/1255/314
f 651/1253/314 649/1255/314 652/1256/314
f 653/1257/315 652/1258/315 649/1259/315
f 653/1257/315 649/1259/315 654/1260/315
f 657/1261/316 656/1262/316 655/1263/316
f 657/1261/316 655/1263/316 658/1264/316
f 656/1265/317 660/1266/317 659/1267/317
f 656/1265/317 659/1267/317 655/1268/317
f 657/1269/318 658/1270/318 661/1271/318
f 657/1269/318 661/1271/318 662/1272/318
f 662/1273/319 661/1274/319 659/1275/319
f 662/1273/319 659/1275/319 660/1276/319
f 664/1277/320 663/1278/320 650/1279/320
f 664/1277/320 650/1279/320 651/1280/320
f 665/1281/321 651/1282/321 652/1283/321
f 665/1281/321 652/1283/321 666/1284/321
f 667/1285/322 664/1286/322 651/1287/322
f 667/1285/322 651/1287/322 665/1288/322
f 667/1289/323 668/1290/323 653/1291/323
f 667/1289/323 653/1291/323 664/1292/323
f 654/1293/324 649/1294/324 660/1295/324
f 654/1293/324 660/1295/324 656/1296/324
f 668/1297/325 666/1298/325 652/1299/325
f 668/1297/325 652/1299/325 653/1300/325
f 664/1301/326 653/1302/326 654/1303/326
f 664/1301/326 654/1303/326 663/1304/326
f 663/1305/327 654/1306/327 656/1307/327
f 663/1305/327 656/1307/327 657/1308/327
f 663/1309/328 657/1310/328 662/1311/328
f 663/1309/328 662/1311/328 650/1312/328
f 660/1313/329 649/1314/329 650/1315/329
f 660/1313/329 650/1315/329 662/1316/329
f 670/1317/330 669/1318/330 668/1319/330
f 670/1317/330 668/1319/330 667/1320/330
f 669/1321/331 671/1322/331 666/1323/331
f 669/1321/331 666/1323/331 668/1324/331
f 670/1325/332 667/1326/332 665/1327/332
f 670/1325/332 665/1327/332 672/1328/332
f 672/1329/333 665/1330/333 666/1331/333
f 672/1329/333 666/1331/333 671/1332/333
f 655/1333/334 659/1334/334 661/1335/334
f 655/1333/334 661/1335/334 658/1336/334
f 676/1337/335 675/1338/335 674/1339/335
f 676/1337/335 674/1339/335 677/1340/335
f 680/1341/336 679/1342/336 678/1343/336
f 680/1341/336 678/1343/336 681/1344/336
f 684/1345/337 683/1346/337 682/1347/337
f 684/1345/337 682/1347/337 685/1348/337
f 688/1349/338 687/1350/338 686/1351/338
f 688/1349/338 686/1351/338 689/1352/338
f 692/1353/339 691/1354/339 690/1355/339
f 692/1353/339 690/1355/339 693/1356/339
f 696/1357/340 695/1358/340 694/1359/340
f 696/1357/340 694/1359/340 697/1360/340
f 700/1361/341 699/1362/341 698/1363/341
f 700/1361/341 698/1363/341 701/1364/341
f 704/1365/342 703/1366/342 702/1367/342
f 704/1365/342 702/1367/342 705/1368/342
f 708/1369/343 707/1370/343 706/1371/343
f 708/1369/343 706/1371/343 709/1372/343
f 712/1373/344 711/1374/344 710/1375/344
f 712/1373/344 710/1375/344 713/1376/344
f 716/1377/345 715/1378/345 714/1379/345
f 716/1377/345 714/1379/345 717/1380/345
f 720/1381/346 719/1382/346 718/1383/346
f 720/1381/346 718/1383/346 721/1384/346
f 724/1385/347 723/1386/347 722/1387/347
f 724/1385/347 722/1387/347 725/1388/347
f 728/1389/348 727/1390/348 726/1391/348
f 728/1389/348 726/1391/348 729/1392/348
f 732/1393/349 731/1394/349 730/1395/349
f 732/1393/349 730/1395/349 733/1396/349
f 736/1397/350 735/1398/350 734/1399/350
f 736/1397/350 734/1399/350 737/1400/350
f 740/1401/351 739/1402/351 738/1403/351
f 740/1401/351 738/1403/351 741/1404/351
f 744/1405/352 743/1406/352 742/1407/352
f 744/1405/352 742/1407/352 745/1408/352
f 748/1409/353 747/1410/353 746/1411/353
f 748/1409/353 746/1411/353 749/1412/353
f 752/1413/354 751/1414/354 750/1415/354
f 752/1413/354 750/1415/354 753/1416/354
f 756/1417/355 755/1418/355 754/1419/355
f 756/1417/355 754/1419/355 757/1420/355
f 760/1421/356 759/1422/356 758/1423/356
f 760/1421/356 758/1423/356 761/1424/356
f 764/1425/357 763/1426/357 762/1427/357
f 764/1425/357 762/1427/357 765/1428/357
f 768/1429/358 767/1430/358 766/1431/358
f 768/1429/358 766/1431/358 769/1432/358
f 772/1433/359 771/1434/359 770/1435/359
f 772/1433/359 770/1435/359 773/1436/359
f 776/1437/360 775/1438/360 774/1439/360
f 776/1437/360 774/1439/360 777/1440/360
f 780/1441/361 779/1442/361 778/1443/361
f 780/1441/361 778/1443/361 781/1444/361
f 784/1445/362 783/1446/362 782/1447/362
f 784/1445/362 782/1447/362 785/1448/362
f 788/1449/363 787/1450/363 786/1451/363
f 788/1449/363 786/1451/363 789/1452/363
f 792/1453/364 791/1454/364 790/1455/364
f 792/1453/364 790/1455/364 793/1456/364
f 796/1457/365 795/1458/365 794/1459/365
f 796/1457/365 794/1459/365 797/1460/365
f 800/1461/366 799/1462/366 798/1463/366
f 800/1461/366 798/1463/366 801/1464/366
f 804/1465/367 803/1466/367 802/1467/367
f 804/1465/367 802/1467/367 805/1468/367
f 808/1469/368 807/1470/368 806/1471/368
f 808/1469/368 806/1471/368 809/1472/368
f 812/1473/369 811/1474/369 810/1475/369
f 812/1473/369 810/1475/369 813/1476/369
f 816/1477/370 815/1478/370 814/1479/370
f 816/1477/370 814/1479/370 817/1480/370
f 820/1481/371 819/1482/371 818/1483/371
f 820/1481/371 818/1483/371 821/1484/371
f 824/1485/372 823/1486/372 822/1487/372
f 824/1485/372 822/1487/372 825/1488/372
f 828/1489/373 827/1490/373 826/1491/373
f 828/1489/373 826/1491/373 829/1492/373
f 832/1493/374 831/1494/374 830/1495/374
f 832/1493/374 830/1495/374 833/1496/374
f 836/1497/375 835/1498/375 834/1499/375
f 836/1497/375 834/1499/375 837/1500/375
f 840/1501/376 839/1502/376 838/1503/376
f 840/1501/376 838/1503/376 841/1504/376
f 844/1505/377 843/1506/377 842/1507/377
f 844/1505/377 842/1507/377 845/1508/377
f 848/1509/378 847/1510/378 846/1511/378
f 848/1509/378 846/1511/378 849/1512/378
f 852/1513/379 851/1514/379 850/1515/379
f 852/1513/379 850/1515/379 853/1516/379
f 856/1517/380 855/1518/380 854/1519/380
f 856/1517/380 854/1519/380 857/1520/380
f 860/1521/381 859/1522/381 858/1523/381
f 860/1521/381 858/1523/381 861/1524/381
f 864/1525/382 863/1526/382 862/1527/382
f 864/1525/382 862/1527/382 865/1528/382
f 868/1529/383 867/1530/383 866/1531/383
f 868/1529/383 866/1531/383 869/1532/383
f 872/1533/384 871/1534/384 870/1535/384
f 872/1533/384 870/1535/384 873/1536/384
f 876/1537/385 875/1538/385 874/1539/385
f 876/1537/385 874/1539/385 877/1540/385
f 880/1541/386 879/1542/386 878/1543/386
f 880/1541/386 878/1543/386 881/1544/386
f 884/1545/387 883/1546/387 882/1547/387
f 884/1545/387 882/1547/387 885/1548/387
f 888/1549/388 887/1550/388 886/1551/388
f 888/1549/388 886/1551/388 889/1552/388
f 892/1553/389 891/1554/389 890/1555/389
f 892/1553/389 890/1555/389 893/1556/389
f 896/1557/390 895/1558/390 894/1559/390
f 896/1557/390 894/1559/390 897/1560/390
f 900/1561/391 899/1562/391 898/1563/391
f 900/1561/391 898/1563/391 901/1564/391
f 904/1565/392 903/1566/392 902/1567/392
f 904/1565/392 902/1567/392 905/1568/392
f 908/1569/393 907/1570/393 906/1571/393
f 908/1569/393 906/1571/393 909/1572/393
f 912/1573/394 911/1574/394 910/1575/394
f 912/1573/394 910/1575/394 913/1576/394
f 916/1577/395 915/1578/395 914/1579/395
f 916/1577/395 914/1579/395 917/1580/395
f 920/1581/396 919/1582/396 918/1583/396
f 920/1581/396 918/1583/396 921/1584/396
f 924/1585/397 923/1586/397 922/1587/397
f 924/1585/397 922/1587/397 925/1588/397
f 928/1589/398 927/1590/398 926/1591/398
f 928/1589/398 926/1591/398 929/1592/398
f 932/1593/399 931/1594/399 930/1595/399
f 932/1593/399 930/1595/399 933/1596/399
f 936/1597/400 935/1598/400 934/1599/400
f 936/1597/400 934/1599/400 937/1600/400
f 940/1601/401 939/1602/401 938/1603/401
f 940/1601/401 938/1603/401 941/1604/401
f 944/1605/402 943/1606/402 942/1607/402
f 944/1605/402 942/1607/402 945/1608/402
f 948/1609/403 947/1610/403 946/1611/403
f 948/1609/403 946/1611/403 949/1612/403
f 952/1613/404 951/1614/404 950/1615/404
f 952/1613/404 950/1615/404 953/1616/404
f 956/1617/405 955/1618/405 954/1619/405
f 956/1617/405 954/1619/405 957/1620/405
f 960/1621/406 959/1622/406 958/1623/406
f 960/1621/406 958/1623/406 961/1624/406
f 964/1625/407 963/1626/407 962/1627/407
f 964/1625/407 962/1627/407 965/1628/407
f 968/1629/408 967/1630/408 966/1631/408
f 968/1629/408 966/1631/408 969/1632/408
f 972/1633/409 971/1634/409 970/1635/409
f 972/1633/409 970/1635/409 973/1636/409
f 976/1637/410 975/1638/410 974/1639/410
f 976/1637/410 974/1639/410 977/1640/410
f 980/1641/411 979/1642/411 978/1643/411
f 980/1641/411 978/1643/411 981/1644/411
f 984/1645/412 983/1646/412 982/1647/412
f 984/1645/412 982/1647/412 985/1648/412
f 988/1649/413 987/1650/413 986/1651/413
f 988/1649/413 986/1651/413 989/1652/413
f 992/1653/414 991/1654/414 990/1655/414
f 992/1653/414 990/1655/414 993/1656/414
f 995/1657/415 994/1658/415 673/1659/415
f 995/1657/415 673/1659/415 996/1660/415
f 999/1661/416 998/1662/416 997/1663/416
f 999/1661/416 997/1663/416 1000/1664/416
f 1003/1665/417 1002/1666/417 1001/1667/417
f 1003/1665/417 1001/1667/417 1004/1668/417
f 1007/1669/418 1006/1670/418 1005/1671/418
f 1007/1669/418 1005/1671/418 1008/1672/418
f 1011/1673/419 1010/1674/419 1009/1675/419
f 1011/1673/419 1009/1675/419 1012/1676/419
f 1015/1677/420 1014/1678/420 1013/1679/420
f 1015/1677/420 1013/1679/420 1016/1680/420
f 1019/1681/421 1018/1682/421 1017/1683/421
f 1019/1681/421 1017/1683/421 1020/1684/421
f 1023/1685/422 1022/1686/422 1021/1687/422
f 1023/1685/422 1021/1687/422 1024/1688/422
f 1027/1689/423 1026/1690/423 1025/1691/423
f 1027/1689/423 1025/1691/423 1028/1692/423
f 1031/1693/424 1030/1694/424 1029/1695/424
f 1031/1693/424 1029/1695/424 1032/1696/424
f 1035/1697/425 1034/1698/425 1033/1699/425
f 1035/1697/425 1033/1699/425 1036/1700/425
f 1039/1701/426 1038/1702/426 1037/1703/426
f 1039/1701/426 1037/1703/426 1040/1704/426
f 1043/1705/427 1042/1706/427 1041/1707/427
f 1043/1705/427 1041/1707/427 1044/1708/427
f 1047/1709/428 1046/1710/428 1045/1711/428
f 1047/1709/428 1045/1711/428 1048/1712/428
f 1051/1713/429 1050/1714/429 1049/1715/429
f 1051/1713/429 1049/1715/429 1052/1716/429
f 1055/1717/430 1054/1718/430 1053/1719/430
f 1055/1717/430 1053/1719/430 1056/1720/430
f 1059/1721/431 1058/1722/431 1057/1723/431
f 1059/1721/431 1057/1723/431 1060/1724/431
f 1063/1725/432 1062/1726/432 1061/1727/432
f 1063/1725/432 1061/1727/432 1064/1728/432
f 1067/1729/433 1066/1730/433 1065/1731/433
f 1067/1729/433 1065/1731/433 1068/1732/433
f 1071/1733/434 1070/1734/434 1069/1735/434
f 1071/1733/434 1069/1735/434 1072/1736/434
f 1075/1737/435 1074/1738/435 1073/1739/435
f 1075/1737/435 1073/1739/435 1076/1740/435
f 1079/1741/436 1078/1742/436 1077/1743/436
f 1079/1741/436 1077/1743/436 1080/1744/436
f 1083/1745/437 1082/1746/437 1081/1747/437
f 1083/1745/437 1081/1747/437 1084/1748/437
f 1087/1749/438 1086/1750/438 1085/1751/438
f 1087/1749/438 1085/1751/438 1088/1752/438
f 1091/1753/439 1090/1754/439 1089/1755/439
f 1091/1753/439 1089/1755/439 1092/1756/439
f 1095/1757/440 1094/1758/440 1093/1759/440
f 1095/1757/440 1093/1759/440 1096/1760/440
f 1099/1761/441 1098/1762/441 1097/1763/441
f 1099/1761/441 1097/1763/441 1100/1764/441
f 1103/1765/442 1102/1766/442 1101/1767/442
f 1103/1765/442 1101/1767/442 1104/1768/442
f 1107/1769/443 1106/1770/443 1105/1771/443
f 1107/1769/443 1105/1771/443 1108/1772/443
f 1111/1773/444 1110/1774/444 1109/1775/444
f 1111/1773/444 1109/1775/444 1112/1776/444
f 1115/1777/445 1114/1778/445 1113/1779/445
f 1115/1777/445 1113/1779/445 1116/1780/445
f 1119/1781/446 1118/1782/446 1117/1783/446
f 1119/1781/446 1117/1783/446 1120/1784/446
f 1123/1785/447 1122/1786/447 1121/1787/447
f 1123/1785/447 1121/1787/447 1124/1788/447
f 1127/1789/448 1126/1790/448 1125/1791/448
f 1127/1789/448 1125/1791/448 1128/1792/448
f 1131/1793/449 1130/1794/449 1129/1795/449
f 1131/1793/449 1129/1795/449 1132/1796/449
f 1135/1797/450 1134/1798/450 1133/1799/450
f 1135/1797/450 1133/1799/450 1136/1800/450
f 1139/1801/451 1138/1802/451 1137/1803/451
f 1139/1801/451 1137/1803/451 1140/1804/451
f 1143/1805/452 1142/1806/452 1141/1807/452
f 1143/1805/452 1141/1807/452 1144/1808/452
f 1147/1809/453 1146/1810/453 1145/1811/453
f 1147/1809/453 1145/1811/453 1148/1812/453
f 1151/1813/454 1150/1814/454 1149/1815/454
f 1151/1813/454 1149/1815/454 1152/1816/454
f 1155/1817/455 1154/1818/455 1153/1819/455
f 1155/1817/455 1153/1819/455 1156/1820/455
f 1159/1821/456 1158/1822/456 1157/1823/456
f 1159/1821/456 1157/1823/456 1160/1824/456
f 1155/1825/457 1156/1826/457 1161/1827/457
f 1155/1825/457 1161/1827/457 1162/1828/457
f 1162/1829/458 1161/1830/458 1163/1831/458
f 1162/1829/458 1163/1831/458 1164/1832/458
f 1166/1833/459 1165/1834/459 1153/1835/459
f 1166/1833/459 1153/1835/459 1163/1836/459
f 1156/1837/460 1168/1838/460 1167/1839/460
f 1156/1837/460 1167/1839/460 1161/1840/460
f 1161/1841/461 1167/1842/461 1166/1843/461
f 1161/1841/461 1166/1843/461 1163/1844/461
f 1163/1845/462 1153/1846/462 1154/1847/462
f 1163/1845/462 1154/1847/462 1164/1848/462
f 1156/1849/463 1153/1850/463 1165/1851/463
f 1156/1849/463 1165/1851/463 1168/1852/463
f 1158/1853/464 1170/1854/464 1169/1855/464
f 1158/1853/464 1169/1855/464 1157/1856/464
f 1159/1857/465 1160/1858/465 1171/1859/465
f 1159/1857/465 1171/1859/465 1172/1860/465
f 1172/1861/466 1171/1862/466 1169/1863/466
f 1172/1861/466 1169/1863/466 1170/1864/466
f 1165/1865/467 1166/1866/467 1170/1867/467
f 1165/1865/467 1170/1867/467 1158/1868/467
f 1168/1869/468 1165/1870/468 1158/1871/468
f 1168/1869/468 1158/1871/468 1159/1872/468
f 1168/1873/469 1159/1874/469 1172/1875/469
f 1168/1873/469 1172/1875/469 1167/1876/469
f 1167/1877/470 1172/1878/470 1170/1879/470
f 1167/1877/470 1170/1879/470 1166/1880/470
f 1155/1881/471 1162/1882/471 1164/1883/471
f 1155/1881/471 1164/1883/471 1154/1884/471
f 1175/1885/472 1174/1886/472 1173/1887/472
f 1175/1885/472 1173/1887/472 1176/1888/472
f 1179/1889/473 1178/1890/473 1177/1891/473
f 1179/1889/473 1177/1891/473 1180/1892/473
f 1183/1893/474 1182/1894/474 1181/1895/474
f 1183/1893/474 1181/1895/474 1184/1896/474
f 1187/1897/475 1186/1898/475 1185/1899/475
f 1187/1897/475 1185/1899/475 1188/1900/475
f 1191/1901/476 1190/1902/476 1189/1903/476
f 1191/1901/476 1189/1903/476 1192/1904/476
f 1195/1905/477 1194/1906/477 1193/1907/477
f 1195/1905/477 1193/1907/477 1196/1908/477
f 1199/1909/478 1198/1910/478 1197/1911/478
f 1199/1909/478 1197/1911/478 1200/1912/478
f 1203/1913/479 1202/1914/479 1201/1915/479
f 1203/1913/479 1201/1915/479 1204/1916/479
f 1207/1917/480 1206/1918/480 1205/1919/480
f 1207/1917/480 1205/1919/480 1208/1920/480
f 1211/1921/481 1210/1922/481 1209/1923/481
f 1211/1921/481 1209/1923/481 1212/1924/481
f 1215/1925/482 1214/1926/482 1213/1927/482
f 1215/1925/482 1213/1927/482 1216/1928/482
f 1219/1929/483 1218/1930/483 1217/1931/483
f 1219/1929/483 1217/1931/483 1220/1932/483
f 1223/1933/484 1222/1934/484 1221/1935/484
f 1223/1933/484 1221/1935/484 1224/1936/484
f 1227/1937/485 1226/1938/485 1225/1939/485
f 1227/1937/485 1225/1939/485 1228/1940/485
f 1231/1941/486 1230/1942/486 1229/1943/486
f 1231/1941/486 1229/1943/486 1232/1944/486
f 1235/1945/487 1234/1946/487 1233/1947/487
f 1235/1945/487 1233/1947/487 1236/1948/487
f 1239/1949/488 1238/1950/488 1237/1951/488
f 1239/1949/488 1237/1951/488 1240/1952/488
f 1243/1953/489 1242/1954/489 1241/1955/489
f 1243/1953/489 1241/1955/489 1244/1956/489
f 1247/1957/490 1246/1958/490 1245/1959/490
f 1247/1957/490 1245/1959/490 1248/1960/490
f 1248/1961/491 1245/1962/491 1241/1963/491
f 1248/1961/491 1241/1963/491 1242/1964/491
f 1247/1965/492 1243/1966/492 1244/1967/492
f 1247/1965/492 1244/1967/492 1246/1968/492
f 1251/1969/493 1250/1970/493 1249/1971/493
f 1251/1969/493 1249/1971/493 1252/1972/493
f 1254/1973/494 1253/1974/494 1249/1975/494
f 1254/1973/494 1249/1975/494 1250/1976/494
f 1257/1977/495 1256/1978/495 1255/1979/495
f 1257/1977/495 1255/1979/495 1258/1980/495
f 1259/1981/496 1258/1982/496 1255/1983/496
f 1259/1981/496 1255/1983/496 1260/1984/496
f 1263/1985/497 1262/1986/497 1261/1987/497
f 1263/1985/497 1261/1987/497 1264/1988/497
f 1266/1989/498 1265/1990/498 1259/1991/498
f 1266/1989/498 1259/1991/498 1267/1992/498
f 1262/1993/499 1269/1994/499 1268/1995/499
f 1262/1993/499 1268/1995/499 1261/1996/499
f 1263/1997/500 1264/1998/500 1270/1999/500
f 1263/1997/500 1270/1999/500 1271/2000/500
f 1271/2001/501 1270/2002/501 1268/2003/501
f 1271/2001/501 1268/2003/501 1269/2004/501
f 1274/2005/502 1273/2006/502 1272/2007/502
f 1274/2005/502 1272/2007/502 1275/2008/502
f 1278/2009/503 1277/2010/503 1276/2011/503
f 1278/2009/503 1276/2011/503 1279/2012/503
f 1282/2013/504 1281/2014/504 1280/2015/504
f 1282/2013/504 1280/2015/504 1283/2016/504
f 1283/2017/505 1280/2018/505 1276/2019/505
f 1283/2017/505 1276/2019/505 1277/2020/505
f 1286/2021/506 1285/2022/506 1284/2023/506
f 1286/2021/506 1284/2023/506 1287/2024/506
f 1288/2025/507 1287/2026/507 1284/2027/507
f 1288/2025/507 1284/2027/507 1289/2028/507
f 1292/2029/508 1291/2030/508 1290/2031/508
f 1292/2029/508 1290/2031/508 1293/2032/508
f 1295/2033/509 1294/2034/509 1288/2035/509
f 1295/2033/509 1288/2035/509 1296/2036/509
f 1291/2037/510 1298/2038/510 1297/2039/510
f 1291/2037/510 1297/2039/510 1290/2040/510
f 1292/2041/511 1293/2042/511 1299/2043/511
f 1292/2041/511 1299/2043/511 1300/2044/511
f 1300/2045/512 1299/2046/512 1297/2047/512
f 1300/2045/512 1297/2047/512 1298/2048/512
f 1282/2049/513 1278/2050/513 1279/2051/513
f 1282/2049/513 1279/2051/513 1281/2052/513
f 1303/2053/514 1302/2054/514 1301/2055/514
f 1303/2053/514 1301/2055/514 1304/2056/514
f 1307/2057/515 1306/2058/515 1305/2059/515
f 1307/2057/515 1305/2059/515 1308/2060/515
f 1310/2061/516 1309/2062/516 1306/2063/516
f 1310/2061/516 1306/2063/516 1307/2064/516
f 1311/2065/517 1308/2066/517 1305/2067/517
f 1311/2065/517 1305/2067/517 1312/2068/517
f 1315/2069/518 1314/2070/518 1313/2071/518
f 1315/2069/518 1313/2071/518 1316/2072/518
f 1310/2073/519 1311/2074/519 1312/2075/519
f 1310/2073/519 1312/2075/519 1309/2076/519
f 1314/2077/520 1318/2078/520 1317/2079/520
f 1314/2077/520 1317/2079/520 1313/2080/520
f 1315/2081/521 1316/2082/521 1319/2083/521
f 1315/2081/521 1319/2083/521 1320/2084/521
f 1320/2085/522 1319/2086/522 1317/2087/522
f 1320/2085/522 1317/2087/522 1318/2088/522
f 1264/2089/523 1261/2090/523 1243/2091/523
f 1264/2089/523 1243/2091/523 1247/2092/523
f 1316/2093/524 1313/2094/524 1278/2095/524
f 1316/2093/524 1278/2095/524 1282/2096/524
f 1264/2097/525 1247/2098/525 1248/2099/525
f 1264/2097/525 1248/2099/525 1270/2100/525
f 1270/2101/526 1248/2102/526 1242/2103/526
f 1270/2101/526 1242/2103/526 1268/2104/526
f 1244/2105/527 1241/2106/527 1321/2107/527
f 1244/2105/527 1321/2107/527 1238/2108/527
f 1261/2109/528 1268/2110/528 1242/2111/528
f 1261/2109/528 1242/2111/528 1243/2112/528
f 1246/2113/529 1244/2114/529 1238/2115/529
f 1246/2113/529 1238/2115/529 1239/2116/529
f 1246/2117/530 1239/2118/530 1322/2119/530
f 1246/2117/530 1322/2119/530 1245/2120/530
f 1245/2121/531 1322/2122/531 1321/2123/531
f 1245/2121/531 1321/2123/531 1241/2124/531
f 1293/2125/532 1290/2126/532 1251/2127/532
f 1293/2125/532 1251/2127/532 1323/2128/532
f 1325/2129/533 1324/2130/533 1265/2131/533
f 1325/2129/533 1265/2131/533 1266/2132/533
f 1293/2133/534 1323/2134/534 1254/2135/534
f 1293/2133/534 1254/2135/534 1299/2136/534
f 1299/2137/535 1254/2138/535 1250/2139/535
f 1299/2137/535 1250/2139/535 1297/2140/535
f 1323/2141/536 1326/2142/536 1253/2143/536
f 1323/2141/536 1253/2143/536 1254/2144/536
f 1267/2145/537 1327/2146/537 1256/2147/537
f 1267/2145/537 1256/2147/537 1257/2148/537
f 1273/2149/538 1257/2150/538 1258/2151/538
f 1273/2149/538 1258/2151/538 1272/2152/538
f 1266/2153/539 1267/2154/539 1257/2155/539
f 1266/2153/539 1257/2155/539 1273/2156/539
f 1260/2157/540 1255/2158/540 1269/2159/540
f 1260/2157/540 1269/2159/540 1262/2160/540
f 1265/2161/541 1272/2162/541 1258/2163/541
f 1265/2161/541 1258/2163/541 1259/2164/541
f 1267/2165/542 1259/2166/542 1260/2167/542
f 1267/2165/542 1260/2167/542 1327/2168/542
f 1327/2169/543 1260/2170/543 1262/2171/543
f 1327/2169/543 1262/2171/543 1263/2172/543
f 1327/2173/544 1263/2174/544 1271/2175/544
f 1327/2173/544 1271/2175/544 1256/2176/544
f 1256/2177/545 1271/2178/545 1269/2179/545
f 1256/2177/545 1269/2179/545 1255/2180/545
f 1252/2181/546 1249/2182/546 1275/2183/546
f 1252/2181/546 1275/2183/546 1324/2184/546
f 1290/2185/547 1297/2186/547 1250/2187/547
f 1290/2185/547 1250/2187/547 1251/2188/547
f 1323/2189/548 1251/2190/548 1252/2191/548
f 1323/2189/548 1252/2191/548 1326/2192/548
f 1326/2193/549 1252/2194/549 1324/2195/549
f 1326/2193/549 1324/2195/549 1325/2196/549
f 1326/2197/550 1325/2198/550 1274/2199/550
f 1326/2197/550 1274/2199/550 1253/2200/550
f 1253/2201/551 1274/2202/551 1275/2203/551
f 1253/2201/551 1275/2203/551 1249/2204/551
f 1324/2205/552 1275/2206/552 1272/2207/552
f 1324/2205/552 1272/2207/552 1265/2208/552
f 1325/2209/553 1266/2210/553 1273/2211/553
f 1325/2209/553 1273/2211/553 1274/2212/553
f 1329/2213/554 1328/2214/554 1294/2215/554
f 1329/2213/554 1294/2215/554 1295/2216/554
f 1316/2217/555 1282/2218/555 1283/2219/555
f 1316/2217/555 1283/2219/555 1319/2220/555
f 1319/2221/556 1283/2222/556 1277/2223/556
f 1319/2221/556 1277/2223/556 1317/2224/556
f 1296/2225/557 1330/2226/557 1285/2227/557
f 1296/2225/557 1285/2227/557 1286/2228/557
f 1302/2229/558 1286/2230/558 1287/2231/558
f 1302/2229/558 1287/2231/558 1301/2232/558
f 1295/2233/559 1296/2234/559 1286/2235/559
f 1295/2233/559 1286/2235/559 1302/2236/559
f 1289/2237/560 1284/2238/560 1298/2239/560
f 1289/2237/560 1298/2239/560 1291/2240/560
f 1294/2241/561 1301/2242/561 1287/2243/561
f 1294/2241/561 1287/2243/561 1288/2244/561
f 1296/2245/562 1288/2246/562 1289/2247/562
f 1296/2245/562 1289/2247/562 1330/2248/562
f 1330/2249/563 1289/2250/563 1291/2251/563
f 1330/2249/563 1291/2251/563 1292/2252/563
f 1330/2253/564 1292/2254/564 1300/2255/564
f 1330/2253/564 1300/2255/564 1285/2256/564
f 1285/2257/565 1300/2258/565 1298/2259/565
f 1285/2257/565 1298/2259/565 1284/2260/565
f 1279/2261/566 1276/2262/566 1304/2263/566
f 1279/2261/566 1304/2263/566 1328/2264/566
f 1313/2265/567 1317/2266/567 1277/2267/567
f 1313/2265/567 1277/2267/567 1278/2268/567
f 1281/2269/568 1279/2270/568 1328/2271/568
f 1281/2269/568 1328/2271/568 1329/2272/568
f 1281/2273/569 1329/2274/569 1303/2275/569
f 1281/2273/569 1303/2275/569 1280/2276/569
f 1280/2277/570 1303/2278/570 1304/2279/570
f 1280/2277/570 1304/2279/570 1276/2280/570
f 1328/2281/571 1304/2282/571 1301/2283/571
f 1328/2281/571 1301/2283/571 1294/2284/571
f 1329/2285/572 1295/2286/572 1302/2287/572
f 1329/2285/572 1302/2287/572 1303/2288/572
f 1331/2289/573 1307/2290/573 1308/2291/573
f 1331/2289/573 1308/2291/573 1332/2292/573
f 1333/2293/574 1310/2294/574 1307/2295/574
f 1333/2293/574 1307/2295/574 1331/2296/574
f 1333/2297/575 1334/2298/575 1311/2299/575
f 1333/2297/575 1311/2299/575 1310/2300/575
f 1312/2301/576 1305/2302/576 1318/2303/576
f 1312/2301/576 1318/2303/576 1314/2304/576
f 1334/2305/577 1332/2306/577 1308/2307/577
f 1334/2305/577 1308/2307/577 1311/2308/577
f 1309/2309/578 1312/2310/578 1314/2311/578
f 1309/2309/578 1314/2311/578 1315/2312/578
f 1309/2313/579 1315/2314/579 1320/2315/579
f 1309/2313/579 1320/2315/579 1306/2316/579
f 1306/2317/580 1320/2318/580 1318/2319/580
f 1306/2317/580 1318/2319/580 1305/2320/580
f 1336/2321/581 1335/2322/581 1334/2323/581
f 1336/2321/581 1334/2323/581 1333/2324/581
f 1335/2325/582 1337/2326/582 1332/2327/582
f 1335/2325/582 1332/2327/582 1334/2328/582
f 1336/2329/583 1333/2330/583 1331/2331/583
f 1336/2329/583 1331/2331/583 1338/2332/583
f 1338/2333/584 1331/2334/584 1332/2335/584
f 1338/2333/584 1332/2335/584 1337/2336/584
f 1339/2337/585 1240/2338/585 1237/2339/585
f 1339/2337/585 1237/2339/585 1340/2340/585
f 1340/2341/586 1237/2342/586 1238/2343/586
f 1340/2341/586 1238/2343/586 1321/2344/586
f 1239/2345/587 1240/2346/587 1339/2347/587
f 1239/2345/587 1339/2347/587 1322/2348/587
f 1322/2349/588 1339/2350/588 1340/2351/588
f 1322/2349/588 1340/2351/588 1321/2352/588
f 1343/2353/589 1342/2354/589 1341/2355/589
f 1343/2353/589 1341/2355/589 1344/2356/589
f 1345/2357/590 1344/2358/590 1341/2359/590
f 1345/2357/590 1341/2359/590 1346/2360/590
f 1349/2361/591 1348/2362/591 1347/2363/591
f 1349/2361/591 1347/2363/591 1350/2364/591
f 1348/2365/592 1352/2366/592 1351/2367/592
f 1348/2365/592 1351/2367/592 1347/2368/592
f 1349/2369/593 1350/2370/593 1353/2371/593
f 1349/2369/593 1353/2371/593 1354/2372/593
f 1354/2373/594 1353/2374/594 1351/2375/594
f 1354/2373/594 1351/2375/594 1352/2376/594
f 1356/2377/595 1355/2378/595 1342/2379/595
f 1356/2377/595 1342/2379/595 1343/2380/595
f 1357/2381/596 1343/2382/596 1344/2383/596
f 1357/2381/596 1344/2383/596 1358/2384/596
f 1359/2385/597 1356/2386/597 1343/2387/597
f 1359/2385/597 1343/2387/597 1357/2388/597
f 1359/2389/598 1360/2390/598 1345/2391/598
f 1359/2389/598 1345/2391/598 1356/2392/598
f 1346/2393/599 1341/2394/599 1352/2395/599
f 1346/2393/599 1352/2395/599 1348/2396/599
f 1360/2397/600 1358/2398/600 1344/2399/600
f 1360/2397/600 1344/2399/600 1345/2400/600
f 1356/2401/601 1345/2402/601 1346/2403/601
f 1356/2401/601 1346/2403/601 1355/2404/601
f 1355/2405/602 1346/2406/602 1348/2407/602
f 1355/2405/602 1348/2407/602 1349/2408/602
f 1355/2409/603 1349/2410/603 1354/2411/603
f 1355/2409/603 1354/2411/603 1342/2412/603
f 1352/2413/604 1341/2414/604 1342/2415/604
f 1352/2413/604 1342/2415/604 1354/2416/604
f 1362/2417/605 1361/2418/605 1360/2419/605
f 1362/2417/605 1360/2419/605 1359/2420/605
f 1361/2421/606 1363/2422/606 1358/2423/606
f 1361/2421/606 1358/2423/606 1360/2424/606
f 1362/2425/607 1359/2426/607 1357/2427/607
f 1362/2425/607 1357/2427/607 1364/2428/607
f 1364/2429/608 1357/2430/608 1358/2431/608
f 1364/2429/608 1358/2431/608 1363/2432/608
f 1347/2433/609 1351/2434/609 1353/2435/609
f 1347/2433/609 1353/2435/609 1350/2436/609
f 1368/2437/610 1367/2438/610 1366/2439/610
f 1368/2437/610 1366/2439/610 1369/2440/610
f 1372/2441/611 1371/2442/611 1370/2443/611
f 1372/2441/611 1370/2443/611 1373/2444/611
f 1376/2445/612 1375/2446/612 1374/2447/612
f 1376/2445/612 1374/2447/612 1377/2448/612
f 1380/2449/613 1379/2450/613 1378/2451/613
f 1380/2449/613 1378/2451/613 1381/2452/613
f 1384/2453/614 1383/2454/614 1382/2455/614
f 1384/2453/614 1382/2455/614 1385/2456/614
f 1388/2457/615 1387/2458/615 1386/2459/615
f 1388/2457/615 1386/2459/615 1389/2460/615
f 1392/2461/616 1391/2462/616 1390/2463/616
f 1392/2461/616 1390/2463/616 1393/2464/616
f 1396/2465/617 1395/2466/617 1394/2467/617
f 1396/2465/617 1394/2467/617 1397/2468/617
f 1400/2469/618 1399/2470/618 1398/2471/618
f 1400/2469/618 1398/2471/618 1401/2472/618
f 1404/2473/619 1403/2474/619 1402/2475/619
f 1404/2473/619 1402/2475/619 1405/2476/619
f 1408/2477/620 1407/2478/620 1406/2479/620
f 1408/2477/620 1406/2479/620 1409/2480/620
f 1412/2481/621 1411/2482/621 1410/2483/621
f 1412/2481/621 1410/2483/621 1413/2484/621
f 1416/2485/622 1415/2486/622 1414/2487/622
f 1416/2485/622 1414/2487/622 1417/2488/622
f 1420/2489/623 1419/2490/623 1418/2491/623
f 1420/2489/623 1418/2491/623 1421/2492/623
f 1424/2493/624 1423/2494/624 1422/2495/624
f 1424/2493/624 1422/2495/624 1425/2496/624
f 1428/2497/625 1427/2498/625 1426/2499/625
f 1428/2497/625 1426/2499/625 1429/2500/625
f 1432/2501/626 1431/2502/626 1430/2503/626
f 1432/2501/626 1430/2503/626 1433/2504/626
f 1436/2505/627 1435/2506/627 1434/2507/627
f 1436/2505/627 1434/2507/627 1437/2508/627
f 1440/2509/628 1439/2510/628 1438/2511/628
f 1440/2509/628 1438/2511/628 1441/2512/628
f 1444/2513/629 1443/2514/629 1442/2515/629
f 1444/2513/629 1442/2515/629 1445/2516/629
f 1448/2517/630 1447/2518/630 1446/2519/630
f 1448/2517/630 1446/2519/630 1449/2520/630
f 1452/2521/631 1451/2522/631 1450/2523/631
f 1452/2521/631 1450/2523/631 1453/2524/631
f 1456/2525/632 1455/2526/632 1454/2527/632
f 1456/2525/632 1454/2527/632 1457/2528/632
f 1460/2529/633 1459/2530/633 1458/2531/633
f 1460/2529/633 1458/2531/633 1461/2532/633
f 1464/2533/634 1463/2534/634 1462/2535/634
f 1464/2533/634 1462/2535/634 1465/2536/634
f 1468/2537/635 1467/2538/635 1466/2539/635
f 1468/2537/635 1466/2539/635 1469/2540/635
f 1472/2541/636 1471/2542/636 1470/2543/636
f 1472/2541/636 1470/2543/636 1473/2544/636
f 1476/2545/637 1475/2546/637 1474/2547/637
f 1476/2545/637 1474/2547/637 1477/2548/637
f 1480/2549/638 1479/2550/638 1478/2551/638
f 1480/2549/638 1478/2551/638 1481/2552/638
f 1484/2553/639 1483/2554/639 1482/2555/639
f 1484/2553/639 1482/2555/639 1485/2556/639
f 1488/2557/640 1487/2558/640 1486/2559/640
f 1488/2557/640 1486/2559/640 1489/2560/640
f 1492/2561/641 1491/2562/641 1490/2563/641
f 1492/2561/641 1490/2563/641 1493/2564/641
f 1496/2565/642 1495/2566/642 1494/2567/642
f 1496/2565/642 1494/2567/642 1497/2568/642
f 1500/2569/643 1499/2570/643 1498/2571/643
f 1500/2569/643 1498/2571/643 1501/2572/643
f 1504/2573/644 1503/2574/644 1502/2575/644
f 1504/2573/644 1502/2575/644 1505/2576/644
f 1508/2577/645 1507/2578/645 1506/2579/645
f 1508/2577/645 1506/2579/645 1509/2580/645
f 1512/2581/646 1511/2582/646 1510/2583/646
f 1512/2581/646 1510/2583/646 1513/2584/646
f 1516/2585/647 1515/2586/647 1514/2587/647
f 1516/2585/647 1514/2587/647 1517/2588/647
f 1520/2589/648 1519/2590/648 1518/2591/648
f 1520/2589/648 1518/2591/648 1521/2592/648
f 1524/2593/649 1523/2594/649 1522/2595/649
f 1524/2593/649 1522/2595/649 1525/2596/649
f 1528/2597/650 1527/2598/650 1526/2599/650
f 1528/2597/650 1526/2599/650 1529/2600/650
f 1532/2601/651 1531/2602/651 1530/2603/651
f 1532/2601/651 1530/2603/651 1533/2604/651
f 1536/2605/652 1535/2606/652 1534/2607/652
f 1536/2605/652 1534/2607/652 1537/2608/652
f 1540/2609/653 1539/2610/653 1538/2611/653
f 1540/2609/653 1538/2611/653 1541/2612/653
f 1544/2613/654 1543/2614/654 1542/2615/654
f 1544/2613/654 1542/2615/654 1545/2616/654
f 1548/2617/655 1547/2618/655 1546/2619/655
f 1548/2617/655 1546/2619/655 1549/2620/655
f 1552/2621/656 1551/2622/656 1550/2623/656
f 1552/2621/656 1550/2623/656 1553/2624/656
f 1556/2625/657 1555/2626/657 1554/2627/657
f 1556/2625/657 1554/2627/657 1557/2628/657
f 1560/2629/658 1559/2630/658 1558/2631/658
f 1560/2629/658 1558/2631/658 1561/2632/658
f 1564/2633/659 1563/2634/659 1562/2635/659
f 1564/2633/659 1562/2635/659 1565/2636/659
f 1568/2637/660 1567/2638/660 1566/2639/660
f 1568/2637/660 1566/2639/660 1569/2640/660
f 1572/2641/661 1571/2642/661 1570/2643/661
f 1572/2641/661 1570/2643/661 1573/2644/661
f 1576/2645/662 1575/2646/662 1574/2647/662
f 1576/2645/662 1574/2647/662 1577/2648/662
f 1580/2649/663 1579/2650/663 1578/2651/663
f 1580/2649/663 1578/2651/663 1581/2652/663
f 1584/2653/664 1583/2654/664 1582/2655/664
f 1584/2653/664 1582/2655/664 1585/2656/664
f 1588/2657/665 1587/2658/665 1586/2659/665
f 1588/2657/665 1586/2659/665 1589/2660/665
f 1592/2661/666 1591/2662/666 1590/2663/666
f 1592/2661/666 1590/2663/666 1593/2664/666
f 1596/2665/667 1595/2666/667 1594/2667/667
f 1596/2665/667 1594/2667/667 1597/2668/667
f 1600/2669/668 1599/2670/668 1598/2671/668
f 1600/2669/668 1598/2671/668 1601/2672/668
f 1604/2673/669 1603/2674/669 1602/2675/669
f 1604/2673/669 1602/2675/669 1605/2676/669
f 1608/2677/670 1607/2678/670 1606/2679/670
f 1608/2677/670 1606/2679/670 1609/2680/670
f 1612/2681/671 1611/2682/671 1610/2683/671
f 1612/2681/671 1610/2683/671 1613/2684/671
f 1616/2685/672 1615/2686/672 1614/2687/672
f 1616/2685/672 1614/2687/672 1617/2688/672
f 1620/2689/673 1619/2690/673 1618/2691/673
f 1620/2689/673 1618/2691/673 1621/2692/673
f 1624/2693/674 1623/2694/674 1622/2695/674
f 1624/2693/674 1622/2695/674 1625/2696/674
f 1628/2697/675 1627/2698/675 1626/2699/675
f 1628/2697/675 1626/2699/675 1629/2700/675
f 1632/2701/676 1631/2702/676 1630/2703/676
f 1632/2701/676 1630/2703/676 1633/2704/676
f 1636/2705/677 1635/2706/677 1634/2707/677
f 1636/2705/677 1634/2707/677 1637/2708/677
f 1640/2709/678 1639/2710/678 1638/2711/678
f 1640/2709/678 1638/2711/678 1641/2712/678
f 1644/2713/679 1643/2714/679 1642/2715/679
f 1644/2713/679 1642/2715/679 1645/2716/679
f 1648/2717/680 1647/2718/680 1646/2719/680
f 1648/2717/680 1646/2719/680 1649/2720/680
f 1652/2721/681 1651/2722/681 1650/2723/681
f 1652/2721/681 1650/2723/681 1653/2724/681
f 1656/2725/682 1655/2726/682 1654/2727/682
f 1656/2725/682 1654/2727/682 1657/2728/682
f 1660/2729/683 1659/2730/683 1658/2731/683
f 1660/2729/683 1658/2731/683 1661/2732/683
f 1664/2733/684 1663/2734/684 1662/2735/684
f 1664/2733/684 1662/2735/684 1665/2736/684
f 1668/2737/685 1667/2738/685 1666/2739/685
f 1668/2737/685 1666/2739/685 1669/2740/685
f 1672/2741/686 1671/2742/686 1670/2743/686
f 1672/2741/686 1670/2743/686 1673/2744/686
f 1676/2745/687 1675/2746/687 1674/2747/687
f 1676/2745/687 1674/2747/687 1677/2748/687
f 1680/2749/688 1679/2750/688 1678/2751/688
f 1680/2749/688 1678/2751/688 1681/2752/688
f 1684/2753/689 1683/2754/689 1682/2755/689
f 1684/2753/689 1682/2755/689 1685/2756/689
f 1687/2757/690 1686/2758/690 1365/2759/690
f 1687/2757/690 1365/2759/690 1688/2760/690
f 1691/2761/691 1690/2762/691 1689/2763/691
f 1691/2761/691 1689/2763/691 1692/2764/691
f 1695/2765/692 1694/2766/692 1693/2767/692
f 1695/2765/692 1693/2767/692 1696/2768/692
f 1699/2769/693 1698/2770/693 1697/2771/693
f 1699/2769/693 1697/2771/693 1700/2772/693
f 1703/2773/694 1702/2774/694 1701/2775/694
f 1703/2773/694 1701/2775/694 1704/2776/694
f 1707/2777/695 1706/2778/695 1705/2779/695
f 1707/2777/695 1705/2779/695 1708/2780/695
f 1711/2781/696 1710/2782/696 1709/2783/696
f 1711/2781/696 1709/2783/696 1712/2784/696
f 1715/2785/697 1714/2786/697 1713/2787/697
f 1715/2785/697 1713/2787/697 1716/2788/697
f 1719/2789/698 1718/2790/698 1717/2791/698
f 1719/2789/698 1717/2791/698 1720/2792/698
f 1723/2793/699 1722/2794/699 1721/2795/699
f 1723/2793/699 1721/2795/699 1724/2796/699
f 1727/2797/700 1726/2798/700 1725/2799/700
f 1727/2797/700 1725/2799/700 1728/2800/700
f 1731/2801/701 1730/2802/701 1729/2803/701
f 1731/2801/701 1729/2803/701 1732/2804/701
f 1735/2805/702 1734/2806/702 1733/2807/702
f 1735/2805/702 1733/2807/702 1736/2808/702
f 1739/2809/703 1738/2810/703 1737/2811/703
f 1739/2809/703 1737/2811/703 1740/2812/703
f 1743/2813/704 1742/2814/704 1741/2815/704
f 1743/2813/704 1741/2815/704 1744/2816/704
f 1747/2817/705 1746/2818/705 1745/2819/705
f 1747/2817/705 1745/2819/705 1748/2820/705
f 1751/2821/706 1750/2822/706 1749/2823/706
f 1751/2821/706 1749/2823/706 1752/2824/706
f 1755/2825/707 1754/2826/707 1753/2827/707
f 1755/2825/707 1753/2827/707 1756/2828/707
f 1759/2829/708 1758/2830/708 1757/2831/708
f 1759/2829/708 1757/2831/708 1760/2832/708
f 1763/2833/709 1762/2834/709 1761/2835/709
f 1763/2833/709 1761/2835/709 1764/2836/709
f 1767/2837/710 1766/2838/710 1765/2839/710
f 1767/2837/710 1765/2839/710 1768/2840/710
f 1771/2841/711 1770/2842/711 1769/2843/711
f 1771/2841/711 1769/2843/711 1772/2844/711
f 1775/2845/712 1774/2846/712 1773/2847/712
f 1775/2845/712 1773/2847/712 1776/2848/712
f 1779/2849/713 1778/2850/713 1777/2851/713
f 1779/2849/713 1777/2851/713 1780/2852/713
f 1783/2853/714 1782/2854/714 1781/2855/714
f 1783/2853/714 1781/2855/714 1784/2856/714
f 1787/2857/715 1786/2858/715 1785/2859/715
f 1787/2857/715 1785/2859/715 1788/2860/715
f 1791/2861/716 1790/2862/716 1789/2863/716
f 1791/2861/716 1789/2863/716 1792/2864/716
f 1795/2865/717 1794/2866/717 1793/2867/717
f 1795/2865/717 1793/2867/717 1796/2868/717
f 1799/2869/718 1798/2870/718 1797/2871/718
f 1799/2869/718 1797/2871/718 1800/2872/718
f 1803/2873/719 1802/2874/719 1801/2875/719
f 1803/2873/719 1801/2875/719 1804/2876/719
f 1807/2877/720 1806/2878/720 1805/2879/720
f 1807/2877/720 1805/2879/720 1808/2880/720
f 1811/2881/721 1810/2882/721 1809/2883/721
f 1811/2881/721 1809/2883/721 1812/2884/721
f 1815/2885/722 1814/2886/722 1813/2887/722
f 1815/2885/722 1813/2887/722 1816/2888/722
f 1819/2889/723 1818/2890/723 1817/2891/723
f 1819/2889/723 1817/2891/723 1820/2892/723
f 1823/2893/724 1822/2894/724 1821/2895/724
f 1823/2893/724 1821/2895/724 1824/2896/724
f 1827/2897/725 1826/2898/725 1825/2899/725
f 1827/2897/725 1825/2899/725 1828/2900/725
f 1831/2901/726 1830/2902/726 1829/2903/726
f 1831/2901/726 1829/2903/726 1832/2904/726
f 1835/2905/727 1834/2906/727 1833/2907/727
f 1835/2905/727 1833/2907/727 1836/2908/727
f 1839/2909/728 1838/2910/728 1837/2911/728
f 1839/2909/728 1837/2911/728 1840/2912/728
f 1843/2913/729 1842/2914/729 1841/2915/729
f 1843/2913/729 1841/2915/729 1844/2916/729
f 1847/2917/730 1846/2918/730 1845/2919/730
f 1847/2917/730 1845/2919/730 1848/2920/730
f 1851/2921/731 1850/2922/731 1849/2923/731
f 1851/2921/731 1849/2923/731 1852/2924/731
f 1855/2925/732 1854/2926/732 1853/2927/732
f 1855/2925/732 1853/2927/732 1856/2928/732
f 1859/2929/733 1858/2930/733 1857/2931/733
f 1859/2929/733 1857/2931/733 1860/2932/733
f 1863/2933/734 1862/2934/734 1861/2935/734
f 1863/2933/734 1861/2935/734 1864/2936/734
f 1867/2937/735 1866/2938/735 1865/2939/735
f 1867/2937/735 1865/2939/735 1868/2940/735
f 1871/2941/736 1870/2942/736 1869/2943/736
f 1871/2941/736 1869/2943/736 1872/2944/736
f 1875/2945/737 1874/2946/737 1873/2947/737
f 1875/2945/737 1873/2947/737 1876/2948/737
f 1879/2949/738 1878/2950/738 1877/2951/738
f 1879/2949/738 1877/2951/738 1880/2952/738
f 1883/2953/739 1882/2954/739 1881/2955/739
f 1883/2953/739 1881/2955/739 1884/2956/739
f 1887/2957/740 1886/2958/740 1885/2959/740
f 1887/2957/740 1885/2959/740 1888/2960/740
f 1891/2961/741 1890/2962/741 1889/2963/741
f 1891/2961/741 1889/2963/741 1892/2964/741
f 1895/2965/742 1894/2966/742 1893/2967/742
f 1895/2965/742 1893/2967/742 1896/2968/742
f 1899/2969/743 1898/2970/743 1897/2971/743
f 1899/2969/743 1897/2971/743 1900/2972/743
f 1903/2973/744 1902/2974/744 1901/2975/744
f 1903/2973/744 1901/2975/744 1904/2976/744
f 1907/2977/745 1906/2978/745 1905/2979/745
f 1907/2977/745 1905/2979/745 1908/2980/745
f 1911/2981/746 1910/2982/746 1909/2983/746
f 1911/2981/746 1909/2983/746 1912/2984/746
f 1915/2985/747 1914/2986/747 1913/2987/747
f 1915/2985/747 1913/2987/747 1916/2988/747
f 1919/2989/748 1918/2990/748 1917/2991/748
f 1919/2989/748 1917/2991/748 1920/2992/748
f 1923/2993/749 1922/2994/749 1921/2995/749
f 1923/2993/749 1921/2995/749 1924/2996/749
f 1927/2997/750 1926/2998/750 1925/2999/750
f 1927/2997/750 1925/2999/750 1928/3000/750
f 1931/3001/751 1930/3002/751 1929/3003/751
f 1931/3001/751 1929/3003/751 1932/3004/751
f 1935/3005/752 1934/3006/752 1933/3007/752
f 1935/3005/752 1933/3007/752 1936/3008/752
f 1936/3009/753 1933/3010/753 1929/3011/753
f 1936/3009/753 1929/3011/753 1930/3012/753
f 1935/3013/754 1931/3014/754 1932/3015/754
f 1935/3013/754 1932/3015/754 1934/3016/754
f 1939/3017/755 1938/3018/755 1937/3019/755
f 1939/3017/755 1937/3019/755 1940/3020/755
f 1941/3021/756 1940/3022/756 1937/3023/756
f 1941/3021/756 1937/3023/756 1942/3024/756
f 1945/3025/757 1944/3026/757 1943/3027/757
f 1945/3025/757 1943/3027/757 1946/3028/757
f 1948/3029/758 1947/3030/758 1941/3031/758
f 1948/3029/758 1941/3031/758 1949/3032/758
f 1944/3033/759 1951/3034/759 1950/3035/759
f 1944/3033/759 1950/3035/759 1943/3036/759
f 1945/3037/760 1946/3038/760 1952/3039/760
f 1945/3037/760 1952/3039/760 1953/3040/760
f 1953/3041/761 1952/3042/761 1950/3043/761
f 1953/3041/761 1950/3043/761 1951/3044/761
f 1956/3045/762 1955/3046/762 1954/3047/762
f 1956/3045/762 1954/3047/762 1957/3048/762
f 1946/3049/763 1943/3050/763 1931/3051/763
f 1946/3049/763 1931/3051/763 1935/3052/763
f 1946/3053/764 1935/3054/764 1936/3055/764
f 1946/3053/764 1936/3055/764 1952/3056/764
f 1952/3057/765 1936/3058/765 1930/3059/765
f 1952/3057/765 1930/3059/765 1950/3060/765
f 1932/3061/766 1929/3062/766 1958/3063/766
f 1932/3061/766 1958/3063/766 1926/3064/766
f 1943/3065/767 1950/3066/767 1930/3067/767
f 1943/3065/767 1930/3067/767 1931/3068/767
f 1934/3069/768 1932/3070/768 1926/3071/768
f 1934/3069/768 1926/3071/768 1927/3072/768
f 1934/3073/769 1927/3074/769 1959/3075/769
f 1934/3073/769 1959/3075/769 1933/3076/769
f 1933/3077/770 1959/3078/770 1958/3079/770
f 1933/3077/770 1958/3079/770 1929/3080/770
f 1961/3081/771 1960/3082/771 1947/3083/771
f 1961/3081/771 1947/3083/771 1948/3084/771
f 1949/3085/772 1962/3086/772 1938/3087/772
f 1949/3085/772 1938/3087/772 1939/3088/772
f 1955/3089/773 1939/3090/773 1940/3091/773
f 1955/3089/773 1940/3091/773 1954/3092/773
f 1948/3093/774 1949/3094/774 1939/3095/774
f 1948/3093/774 1939/3095/774 1955/3096/774
f 1942/3097/775 1937/3098/775 1951/3099/775
f 1942/3097/775 1951/3099/775 1944/3100/775
f 1947/3101/776 1954/3102/776 1940/3103/776
f 1947/3101/776 1940/3103/776 1941/3104/776
f 1949/3105/777 1941/3106/777 1942/3107/777
f 1949/3105/777 1942/3107/777 1962/3108/777
f 1962/3109/778 1942/3110/778 1944/3111/778
f 1962/3109/778 1944/3111/778 1945/3112/778
f 1962/3113/779 1945/3114/779 1953/3115/779
f 1962/3113/779 1953/3115/779 1938/3116/779
f 1938/3117/780 1953/3118/780 1951/3119/780
f 1938/3117/780 1951/3119/780 1937/3120/780
f 1960/3121/781 1957/3122/781 1954/3123/781
f 1960/3121/781 1954/3123/781 1947/3124/781
f 1961/3125/782 1948/3126/782 1955/3127/782
f 1961/3125/782 1955/3127/782 1956/3128/782
f 1963/3129/783 1928/3130/783 1925/3131/783
f 1963/3129/783 1925/3131/783 1964/3132/783
f 1964/3133/784 1925/3134/784 1926/3135/784
f 1964/3133/784 1926/3135/784 1958/3136/784
f 1927/3137/785 1928/3138/785 1963/3139/785
f 1927/3137/785 1963/3139/785 1959/3140/785
f 1959/3141/786 1963/3142/786 1964/3143/786
f 1959/3141/786 1964/3143/786 1958/3144/786
f 1967/3145/787 1966/3146/787 1965/3147/787
f 1967/3145/787 1965/3147/787 1968/3148/787
f 1969/3149/788 1968/3150/788 1965/3151/788
f 1969/3149/788 1965/3151/788 1970/3152/788
f 1973/3153/789 1972/3154/789 1971/3155/789
f 1973/3153/789 1971/3155/789 1974/3156/789
f 1972/3157/790 1976/3158/790 1975/3159/790
f 1972/3157/790 1975/3159/790 1971/3160/790
f 1973/3161/791 1974/3162/791 1977/3163/791
f 1973/3161/791 1977/3163/791 1978/3164/791
f 1978/3165/792 1977/3166/792 1975/3167/792
f 1978/3165/792 1975/3167/792 1976/3168/792
f 1980/3169/793 1979/3170/793 1966/3171/793
f 1980/3169/793 1966/3171/793 1967/3172/793
f 1981/3173/794 1967/3174/794 1968/3175/794
f 1981/3173/794 1968/3175/794 1982/3176/794
f 1983/3177/795 1980/3178/795 1967/3179/795
f 1983/3177/795 1967/3179/795 1981/3180/795
f 1983/3181/796 1984/3182/796 1969/3183/796
f 1983/3181/796 1969/3183/796 1980/3184/796
f 1970/3185/797 1965/3186/797 1976/3187/797
f 1970/3185/797 1976/3187/797 1972/3188/797
f 1984/3189/798 1982/3190/798 1968/3191/798
f 1984/3189/798 1968/3191/798 1969/3192/798
f 1980/3193/799 1969/3194/799 1970/3195/799
f 1980/3193/799 1970/3195/799 1979/3196/799
f 1979/3197/800 1970/3198/800 1972/3199/800
f 1979/3197/800 1972/3199/800 1973/3200/800
f 1979/3201/801 1973/3202/801 1978/3203/801
f 1979/3201/801 1978/3203/801 1966/3204/801
f 1976/3205/802 1965/3206/802 1966/3207/802
f 1976/3205/802 1966/3207/802 1978/3208/802
f 1986/3209/803 1985/3210/803 1984/3211/803
f 1986/3209/803 1984/3211/803 1983/3212/803
f 1985/3213/804 1987/3214/804 1982/3215/804
f 1985/3213/804 1982/3215/804 1984/3216/804
f 1986/3217/805 1983/3218/805 1981/3219/805
f 1986/3217/805 1981/3219/805 1988/3220/805
f 1988/3221/806 1981/3222/806 1982/3223/806
f 1988/3221/806 1982/3223/806 1987/3224/806
f 1971/3225/807 1975/3226/807 1977/3227/807
f 1971/3225/807 1977/3227/807 1974/3228/807
o Part_52
v -0.9423194704040705 0.875 1.9292518177439928
v -0.8234374058671763 0.875 1.8906246934471245
v -0.9423194704040705 0 1.9292518177439928
v -0.8234374058671763 0 1.8906246934471245
v -0.9809465947009393 0.875 1.8103697532070986
v -0.862064530164045 0.875 1.7717426289102303
v -0.9809465947009393 0 1.8103697532070986
v -0.862064530164045 0 1.7717426289102303
vt 0.02604171875 1
vt 0.24479171875 1
vt 0.24479171875 0.96875
vt 0.02604171875 0.96875
vt 0.02604171875 1
vt 0.24479171875 1
vt 0.24479171875 0.96875
vt 0.02604171875 0.96875
vt 0.1875 0.984375
vt 0.21875 0.984375
vt 0.21875 0.953125
vt 0.1875 0.953125
vt 0.02604171875 0.953125
vt 0.24479171875 0.953125
vt 0.24479171875 0.984375
vt 0.02604171875 0.984375
vt 0.03125 0.99910375
vt 0.249875625 0.9991046875
vt 0.249875625 0.9678546875
vt 0.031125625 0.9678546875
vn 0.30901699437494745 0 0.9510565162951536
vn -0.30901699437494745 0 -0.9510565162951536
vn 0 1 0
vn -0.9510565162951536 0 0.30901699437494745
vn 0.9510565162951536 0 -0.30901699437494745
usemtl metal_decoration2_razor_wire
f 1992/3229/808 1990/3230/808 1989/3231/808
f 1992/3229/808 1989/3231/808 1991/3232/808
f 1995/3233/809 1993/3234/809 1994/3235/809
f 1995/3233/809 1994/3235/809 1996/3236/809
f 1989/3237/810 1990/3238/810 1994/3239/810
f 1989/3237/810 1994/3239/810 1993/3240/810
f 1991/3241/811 1989/3242/811 1993/3243/811
f 1991/3241/811 1993/3243/811 1995/3244/811
f 1996/3245/812 1994/3246/812 1990/3247/812
f 1996/3245/812 1990/3247/812 1992/3248/812
o Part_53
v -0.6139889138806891 0.875 2.9397493663075935
v -0.4951068493437949 0.875 2.901122242010725
v -0.6139889138806891 0 2.9397493663075935
v -0.4951068493437949 0 2.901122242010725
v -0.6526160381775574 0.875 2.8208673017706993
v -0.5337339736406632 0.875 2.782240177473831
v -0.6526160381775574 0 2.8208673017706993
v -0.5337339736406632 0 2.782240177473831
vt 0.02604171875 1
vt 0.24479171875 1
vt 0.24479171875 0.96875
vt 0.02604171875 0.96875
vt 0.02604171875 1
vt 0.24479171875 1
vt 0.24479171875 0.96875
vt 0.02604171875 0.96875
vt 0.1875 0.984375
vt 0.21875 0.984375
vt 0.21875 0.953125
vt 0.1875 0.953125
vt 0.02604171875 0.984375
vt 0.24479171875 0.984375
vt 0.24479171875 0.953125
vt 0.02604171875 0.953125
vt 0.03125 0.99910375
vt 0.249875625 0.9991046875
vt 0.249875625 0.9678546875
vt 0.031125625 0.9678546875
vn 0.30901699437494745 0 0.9510565162951536
vn -0.30901699437494745 0 -0.9510565162951536
vn 0 1 0
vn -0.9510565162951536 0 0.30901699437494745
vn 0.9510565162951536 0 -0.30901699437494745
usemtl metal_decoration2_razor_wire
f 2000/3249/813 1998/3250/813 1997/3251/813
f 2000/3249/813 1997/3251/813 1999/3252/813
f 2003/3253/814 2001/3254/814 2002/3255/814
f 2003/3253/814 2002/3255/814 2004/3256/814
f 1997/3257/815 1998/3258/815 2002/3259/815
f 1997/3257/815 2002/3259/815 2001/3260/815
f 1999/3261/816 1997/3262/816 2001/3263/816
f 1999/3261/816 2001/3263/816 2003/3264/816
f 2004/3265/817 2002/3266/817 1998/3267/817
f 2004/3265/817 1998/3267/817 2000/3268/817
o cube
v -0.5750343086188973 0.875 2.8556682986312962
v -0.8840513029938446 0.875 1.9046117823361426
v -0.5750343086188973 0 2.8556682986312962
v -0.8840513029938446 0 1.9046117823361426
v -0.5750343086188973 0.875 2.8556682986312962
v -0.8840513029938446 0.875 1.9046117823361426
v -0.5750343086188973 0 2.8556682986312962
v -0.8840513029938446 0 1.9046117823361426
vt 0.4375 0.25
vt 0.4375 0.03125
vt 0.6875 0.03125
vt 0.6875 0.25
vt 0.6875 0.25
vt 0.6875 0.03125
vt 0.4375 0.03125
vt 0.4375 0.25
vt 0.390625 0.65625
vt 0.390625 0.65625
vt 0.390625 0.90625
vt 0.390625 0.90625
vt 0.390625 0.90625
vt 0.390625 0.90625
vt 0.390625 0.65625
vt 0.390625 0.65625
vt 0.640625 0.65625
vt 0.640625 0.65625
vt 0.640625 0.4375
vt 0.640625 0.4375
vt 0.390625 0.65625
vt 0.390625 0.65625
vt 0.390625 0.4375
vt 0.390625 0.4375
vn 0.9510565162951535 0 -0.30901699437494745
vn -0.9510565162951535 0 0.30901699437494745
vn 0 0 0
vn 0 0 0
vn 0 0 0
vn 0 0 0
usemtl flagpole
f 2008/3269/818 2006/3270/818 2005/3271/818
f 2008/3269/818 2005/3271/818 2007/3272/818
f 2011/3273/819 2009/3274/819 2010/3275/819
f 2011/3273/819 2010/3275/819 2012/3276/819
f 2006/3277/820 2010/3278/820 2005/3279/820
f 2006/3277/820 2005/3279/820 2009/3280/820
f 2007/3281/821 2011/3282/821 2008/3283/821
f 2007/3281/821 2008/3283/821 2012/3284/821
f 2005/3285/822 2009/3286/822 2007/3287/822
f 2005/3285/822 2007/3287/822 2011/3288/822
f 2010/3289/823 2006/3290/823 2012/3291/823
f 2010/3289/823 2012/3291/823 2008/3292/823
o cube
v 0.30378152121063823 0.0939879446949875 1.6867187499999998
v 0.30378152121063823 0.0939879446949875 1.3117187499999998
v 0.14529967305787594 -0.2458774754437562 1.6867187499999998
v 0.14529967305787594 -0.2458774754437562 1.3117187499999998
v 0.19049304783105697 0.14681522741257494 1.3117187499999998
v 0.19049304783105697 0.14681522741257494 1.6867187499999998
v 0.03201119967829469 -0.1930501927261688 1.3117187499999998
v 0.03201119967829469 -0.1930501927261688 1.6867187499999998
vt 0.03125 0.96875
vt 0.0625 0.96875
vt 0.0625 0.875
vt 0.03125 0.875
vt -0.0625 0.96875
vt 0.03125 0.96875
vt 0.03125 0.875
vt -0.0625 0.875
vt 0.15625 0.96875
vt 0.1875 0.96875
vt 0.1875 0.875
vt 0.15625 0.875
vt 0.0625 0.96875
vt 0.15625 0.96875
vt 0.15625 0.875
vt 0.0625 0.875
vt 0.0625 0.96875
vt 0.03125 0.96875
vt 0.03125 1.0625
vt 0.0625 1.0625
vt 0.09375 1.0625
vt 0.0625 1.0625
vt 0.0625 0.96875
vt 0.09375 0.96875
vn 0 0 -1
vn 0.9063077870366499 -0.42261826174069944 0
vn 0 0 1
vn -0.9063077870366499 0.42261826174069944 0
vn 0.42261826174069944 0.9063077870366499 0
vn -0.42261826174069944 -0.9063077870366499 0
usemtl none
f 2019/3295/824 2017/3294/824 2014/3293/824
f 2016/3296/824 2019/3295/824 2014/3293/824
f 2016/3299/825 2014/3298/825 2013/3297/825
f 2015/3300/825 2016/3299/825 2013/3297/825
f 2015/3303/826 2013/3302/826 2018/3301/826
f 2020/3304/826 2015/3303/826 2018/3301/826
f 2020/3307/827 2018/3306/827 2017/3305/827
f 2019/3308/827 2020/3307/827 2017/3305/827
f 2013/3311/828 2014/3310/828 2017/3309/828
f 2018/3312/828 2013/3311/828 2017/3309/828
f 2016/3315/829 2015/3314/829 2020/3313/829
f 2019/3316/829 2016/3315/829 2020/3313/829
o cube
v 0.3566088039282257 0.20727641807456873 1.4367187499999998
v 0.3566088039282257 0.20727641807456873 1.3742187499999998
v 0.30378152121063823 0.0939879446949875 1.4367187499999998
v 0.30378152121063823 0.0939879446949875 1.3742187499999998
v 0.24332033054864444 0.26010370079215617 1.3742187499999998
v 0.24332033054864444 0.26010370079215617 1.4367187499999998
v 0.19049304783105697 0.14681522741257494 1.3742187499999998
v 0.19049304783105697 0.14681522741257494 1.4367187499999998
vt 0.03125 0.96875
vt 0.0625 0.96875
vt 0.0625 0.9375
vt 0.03125 0.9375
vt 0.015625 0.96875
vt 0.03125 0.96875
vt 0.03125 0.9375
vt 0.015625 0.9375
vt 0.078125 0.96875
vt 0.109375 0.96875
vt 0.109375 0.9375
vt 0.078125 0.9375
vt 0.0625 0.96875
vt 0.078125 0.96875
vt 0.078125 0.9375
vt 0.0625 0.9375
vt 0.0625 0.96875
vt 0.03125 0.96875
vt 0.03125 0.984375
vt 0.0625 0.984375
vt 0.09375 0.984375
vt 0.0625 0.984375
vt 0.0625 0.96875
vt 0.09375 0.96875
vn 0 0 -1
vn 0.9063077870366499 -0.42261826174069944 0
vn 0 0 1
vn -0.9063077870366499 0.42261826174069944 0
vn 0.42261826174069944 0.9063077870366499 0
vn -0.42261826174069944 -0.9063077870366499 0
usemtl none
f 2027/3319/830 2025/3318/830 2022/3317/830
f 2024/3320/830 2027/3319/830 2022/3317/830
f 2024/3323/831 2022/3322/831 2021/3321/831
f 2023/3324/831 2024/3323/831 2021/3321/831
f 2023/3327/832 2021/3326/832 2026/3325/832
f 2028/3328/832 2023/3327/832 2026/3325/832
f 2028/3331/833 2026/3330/833 2025/3329/833
f 2027/3332/833 2028/3331/833 2025/3329/833
f 2021/3335/834 2022/3334/834 2025/3333/834
f 2026/3336/834 2021/3335/834 2025/3333/834
f 2024/3339/835 2023/3338/835 2028/3337/835
f 2027/3340/835 2024/3339/835 2028/3337/835
o cube
v 0.3566088039282257 0.20727641807456873 1.6242187499999998
v 0.3566088039282257 0.20727641807456873 1.5617187499999998
v 0.30378152121063823 0.0939879446949875 1.6242187499999998
v 0.30378152121063823 0.0939879446949875 1.5617187499999998
v 0.24332033054864444 0.26010370079215617 1.5617187499999998
v 0.24332033054864444 0.26010370079215617 1.6242187499999998
v 0.19049304783105697 0.14681522741257494 1.5617187499999998
v 0.19049304783105697 0.14681522741257494 1.6242187499999998
vt 0.03125 0.96875
vt 0.0625 0.96875
vt 0.0625 0.9375
vt 0.03125 0.9375
vt 0.015625 0.96875
vt 0.03125 0.96875
vt 0.03125 0.9375
vt 0.015625 0.9375
vt 0.078125 0.96875
vt 0.109375 0.96875
vt 0.109375 0.9375
vt 0.078125 0.9375
vt 0.0625 0.96875
vt 0.078125 0.96875
vt 0.078125 0.9375
vt 0.0625 0.9375
vt 0.0625 0.96875
vt 0.03125 0.96875
vt 0.03125 0.984375
vt 0.0625 0.984375
vt 0.09375 0.984375
vt 0.0625 0.984375
vt 0.0625 0.96875
vt 0.09375 0.96875
vn 0 0 -1
vn 0.9063077870366499 -0.42261826174069944 0
vn 0 0 1
vn -0.9063077870366499 0.42261826174069944 0
vn 0.42261826174069944 0.9063077870366499 0
vn -0.42261826174069944 -0.9063077870366499 0
usemtl none
f 2035/3343/836 2033/3342/836 2030/3341/836
f 2032/3344/836 2035/3343/836 2030/3341/836
f 2032/3347/837 2030/3346/837 2029/3345/837
f 2031/3348/837 2032/3347/837 2029/3345/837
f 2031/3351/838 2029/3350/838 2034/3349/838
f 2036/3352/838 2031/3351/838 2034/3349/838
f 2036/3355/839 2034/3354/839 2033/3353/839
f 2035/3356/839 2036/3355/839 2033/3353/839
f 2029/3359/840 2030/3358/840 2033/3357/840
f 2034/3360/840 2029/3359/840 2033/3357/840
f 2032/3363/841 2031/3362/841 2036/3361/841
f 2035/3364/841 2032/3363/841 2036/3361/841