# Made by Pabilo8 with Blockbench
# Exported with IIToolkit Plugin on 20/08/2026
mtllib autocannon.mtl

o turret
v 1.25 -2.0625 2.0625
v 1.25 -2.125 1.875
v 1.25 -2.25 2.0625
v 1.25 -2.25 1.875
v 1.0625 -2.0625 2.0625
v 1.0625 -2.125 1.875
v 1.0625 -2.25 2.0625
v 1.0625 -2.25 1.875
v 1.25 -2.0625 2.1875
v 1.25 -2.0625 2.0625
v 1.25 -2.25 2.1875
v 1.25 -2.25 2.0625
v 1.0625 -2.0625 2.1875
v 1.0625 -2.0625 2.0625
v 1.0625 -2.25 2.1875
v 1.0625 -2.25 2.0625
v 1.25 -2.25 2.0625
v 1.1875 -2.4375 2.0625
v 1.0625 -2.25 2.0625
v 1.0625 -2.4375 2.0625
v 1.25 -2.25 1.875
v 1.1875 -2.4375 1.875
v 1.0625 -2.25 1.875
v 1.0625 -2.4375 1.875
v 0.6875 -2.25 1.875
v 0.6875 -2.25 1.75
v 0.6875 -2.4375 1.875
v 0.6875 -2.4375 1.75
v 0.5 -2.25 1.875
v 0.5 -2.25 1.75
v 0.5 -2.4375 1.875
v 0.5 -2.4375 1.75
v 0.6875 -2.25 2.0625
v 0.5 -2.25 2
v 0.6875 -2.25 1.875
v 0.5 -2.25 1.875
v 0.6875 -2.4375 2.0625
v 0.5 -2.4375 2
v 0.5 -2.4375 1.875
v 1.0625 -2.25 2.0625
v 1.0625 -2.25 1.875
v 1.0625 -2.4375 2.0625
v 1.0625 -2.4375 1.875
v 0.6875 -2.25 2.0625
v 0.6875 -2.25 1.875
v 0.6875 -2.4375 2.0625
v 0.6875 -2.4375 1.875
v 1.3125 -2.0625 2.5625
v 1.3125 -2.0625 2.1875
v 1.3125 -2.3125 2.5625
v 1.3125 -2.3125 2.1875
v 0.9375 -2.0625 2.5625
v 0.9375 -2.0625 2.1875
v 0.9375 -2.3125 2.5625
v 0.9375 -2.3125 2.1875
v 1.375 -2.3125 2.625
v 1.375 -2.3125 2.125
v 1.375 -2.4375 2.625
v 1.375 -2.4375 2.125
v 0.875 -2.3125 2.625
v 0.875 -2.3125 2.125
v 0.875 -2.4375 2.625
v 0.875 -2.4375 2.125
v 1.375 -2.4375 1.5
v 1.375 -2.4375 1
v 1.375 -2.5 1.5
v 1.375 -2.5 1
v 0.875 -2.4375 1.5
v 0.875 -2.4375 1
v 0.875 -2.5 1.5
v 0.875 -2.5 1
v 0.125 -2.4375 1.5
v 0.125 -2.4375 1
v 0.125 -2.5 1.5
v 0.125 -2.5 1
v -0.375 -2.4375 1.5
v -0.375 -2.4375 1
v -0.375 -2.5 1.5
v -0.375 -2.5 1
v 1.375 -2.1875 1.0625
v 1.375 -2.1875 1
v 1.375 -2.4375 1.0625
v 1.375 -2.4375 1
v 0.875 -2.1875 1.0625
v 0.875 -2.1875 1
v 0.875 -2.4375 1.0625
v 0.875 -2.4375 1
v 0.125 -2.1875 1.0625
v 0.125 -2.1875 1
v 0.125 -2.4375 1.0625
v 0.125 -2.4375 1
v -0.375 -2.1875 1.0625
v -0.375 -2.1875 1
v -0.375 -2.4375 1.0625
v -0.375 -2.4375 1
v 0.8125 -1.0625 1.0781
v 0.8125 -1.0625 1.0156
v 0.8125 -1.1875 1.0781
v 0.8125 -1.1875 1.0156
v 0.75 -1.0625 1.0781
v 0.75 -1.0625 1.0156
v 0.75 -1.1875 1.0781
v 0.75 -1.1875 1.0156
v 1.5 -2.3667 1.0117
v 1.5 -2.3722 0.9494
v 1.5 -2.7403 1.0443
v 1.5 -2.7458 0.9821
v 0.75 -2.3667 1.0117
v 0.75 -2.3722 0.9494
v 0.75 -2.7403 1.0443
v 0.75 -2.7458 0.9821
v 1 -1.0625 1.0156
v 1 -1.0625 0.9531
v 1 -2.375 1.0156
v 1 -2.375 0.9531
v 0.75 -1.0625 1.0156
v 0.75 -1.0625 0.9531
v 0.75 -2.375 1.0156
v 0.75 -2.375 0.9531
v 1.5 -1.0625 1.0156
v 1.5 -1.0625 0.9531
v 1.5 -2.375 1.0156
v 1.5 -2.375 0.9531
v 1.25 -1.0625 1.0156
v 1.25 -1.0625 0.9531
v 1.25 -2.375 1.0156
v 1.25 -2.375 0.9531
v 0.25 -1.0625 1.0781
v 0.25 -1.0625 1.0156
v 0.25 -1.1875 1.0781
v 0.25 -1.1875 1.0156
v 0.1875 -1.0625 1.0781
v 0.1875 -1.0625 1.0156
v 0.1875 -1.1875 1.0781
v 0.1875 -1.1875 1.0156
v 0.25 -2.3667 1.0117
v 0.25 -2.3722 0.9494
v 0.25 -2.7403 1.0443
v 0.25 -2.7458 0.9821
v -0.5 -2.3667 1.0117
v -0.5 -2.3722 0.9494
v -0.5 -2.7403 1.0443
v -0.5 -2.7458 0.9821
v -0.25 -1.0625 1.0156
v -0.25 -1.0625 0.9531
v -0.25 -2.375 1.0156
v -0.25 -2.375 0.9531
v -0.5 -1.0625 1.0156
v -0.5 -1.0625 0.9531
v -0.5 -2.375 1.0156
v -0.5 -2.375 0.9531
v 0.25 -1.0625 1.0156
v 0.25 -1.0625 0.9531
v 0.25 -2.375 1.0156
v 0.25 -2.375 0.9531
v 0 -1.0625 1.0156
v 0 -1.0625 0.9531
v 0 -2.375 1.0156
v 0 -2.375 0.9531
v 0.75 -1.4375 1.6875
v 0.75 -1.4375 1.3125
v 0.75 -2.1875 1.6875
v 0.75 -2.1875 1.3125
v 0.6875 -1.4375 1.6875
v 0.6875 -1.4375 1.3125
v 0.6875 -2.1875 1.6875
v 0.6875 -2.1875 1.3125
v 0.3125 -1.4375 1.6875
v 0.3125 -1.4375 1.3125
v 0.3125 -2.1875 1.6875
v 0.3125 -2.1875 1.3125
v 0.25 -1.4375 1.6875
v 0.25 -1.4375 1.3125
v 0.25 -2.1875 1.6875
v 0.25 -2.1875 1.3125
v 0.75 -2.1875 1.75
v 0.75 -2.1875 1.25
v 0.75 -2.4375 1.75
v 0.75 -2.4375 1.25
v 0.25 -2.1875 1.75
v 0.25 -2.1875 1.25
v 0.25 -2.4375 1.75
v 0.25 -2.4375 1.25
v 0.875 -2.4375 1.875
v 0.875 -2.4375 1.125
v 0.875 -2.6875 1.875
v 0.875 -2.6875 1.125
v 0.125 -2.4375 1.875
v 0.125 -2.4375 1.125
v 0.125 -2.6875 1.875
v 0.125 -2.6875 1.125
v 0.75 -2.75 1.25
v 0.75 -2.6875 1.75
v 0.75 -2.6875 1.25
v 0.75 -2.75 1.75
v 0.25 -2.6875 1.75
v 0.25 -2.6875 1.25
v 0.25 -2.75 1.75
v 0.25 -2.75 1.25
v 1.375 -2.4375 2.5
v 1.375 -2.4375 1.875
v 1.375 -2.5 2.5
v 1.375 -2.5 1.875
v 0.125 -2.4375 2.5
v 0.125 -2.4375 1.875
v 0.125 -2.5 2.5
v 0.125 -2.5 1.875
vt 0.8117 0.3117
vt 0.8133 0.1242
vt 1 0.1258
vt 0.9992 0.3133
vt 1 0.125
vt 1 0.3125
vt 0.8125 0.3125
vt 0.8125 0.125
vt 0.3125 0.3125
vt 0.5 0.3125
vt 0.5 0.5
vt 0.3125 0.5
vt 0.5 0.5625
vt 0.3125 0.5625
vt 0.3125 0.375
vt 0.5 0.375
vt 0.5 0.5
vt 0.3125 0.5
vt 0.3125 0.375
vt 0.5 0.375
vt 0.5 0.5
vt 0.3125 0.5
vt 0.3125 0.375
vt 0.5 0.375
vt 0.5 0.3125
vt 0.5 0.4375
vt 0.3125 0.4375
vt 0.3125 0.3125
vt 0.5 0.3125
vt 0.5 0.4375
vt 0.3125 0.4375
vt 0.3125 0.3125
vt 0.8117 0.3117
vt 0.8133 0.1242
vt 1 0.1258
vt 0.9992 0.3133
vt 1 0.125
vt 1 0.3125
vt 0.8125 0.3125
vt 0.8125 0.125
vt 0.3125 0.3125
vt 0.5 0.3125
vt 0.5 0.5
vt 0.3125 0.5
vt 0.5 0.5625
vt 0.3125 0.5625
vt 0.3125 0.4375
vt 0.5 0.4375
vt 0.5 0.5
vt 0.3125 0.5
vt 0.3125 0.375
vt 0.5 0.375
vt 0.5 0.375
vt 0.5 0.5
vt 0.3125 0.5
vt 0.3125 0.375
vt 0.8117 0.3117
vt 0.8133 0.1242
vt 1 0.1258
vt 0.9992 0.3133
vt 0.3125 0.3125
vt 0.5 0.3125
vt 0.5 0.5
vt 0.3125 0.5
vt 0.5 0.5625
vt 0.3125 0.5625
vt 0.3125 0.375
vt 0.5 0.375
vt 0.5 0.8125
vt 0.3125 0.8125
vt 0.3125 0.4375
vt 0.5 0.4375
vt 0.5 0.8125
vt 0.3125 0.8125
vt 0.3125 0.4375
vt 0.5 0.4375
vt 0.5 0.8125
vt 0.3125 0.8125
vt 0.3125 0.4375
vt 0.5 0.4375
vt 0.7344 0.125
vt 0.7344 0.1875
vt 0.6406 0.1875
vt 0.6406 0.125
vt 0.7344 0.125
vt 0.7344 0.1875
vt 0.6406 0.1875
vt 0.6406 0.125
vt 0.1094 0.5781
vt 0.1094 0.6719
vt 0.0156 0.6719
vt 0.0156 0.5781
vt 0.7344 0.125
vt 0.7344 0.1875
vt 0.6406 0.1875
vt 0.6406 0.125
vt 0.7344 0.125
vt 0.7344 0.1875
vt 0.6406 0.1875
vt 0.6406 0.125
vt 0.125 0
vt 0.125 0.0313
vt 0 0.0313
vt 0 0
vt 0.125 0
vt 0.125 0.0313
vt 0 0.0313
vt 0 0
vt 0.125 0.5625
vt 0.125 0.6875
vt 0 0.6875
vt 0 0.5625
vt 0.125 0.5625
vt 0.125 0.6875
vt 0 0.6875
vt 0 0.5625
vt 0.125 0
vt 0.125 0.0313
vt 0 0.0313
vt 0 0
vt 0.125 0
vt 0.125 0.0313
vt 0 0.0313
vt 0 0
vt 0.125 0.5625
vt 0.125 0.5781
vt 0 0.5781
vt 0 0.5625
vt 0.125 0.5625
vt 0.125 0.5781
vt 0 0.5781
vt 0 0.5625
vt 0.125 0.5625
vt 0.125 0.6875
vt 0 0.6875
vt 0 0.5625
vt 0.125 0.5625
vt 0.125 0.6875
vt 0 0.6875
vt 0 0.5625
vt 0.125 0.5625
vt 0.125 0.5781
vt 0 0.5781
vt 0 0.5625
vt 0.125 0.5625
vt 0.125 0.5781
vt 0 0.5781
vt 0 0.5625
vt 0.125 0.5625
vt 0.125 0.5781
vt 0 0.5781
vt 0 0.5625
vt 0.125 0.5625
vt 0.125 0.6875
vt 0 0.6875
vt 0 0.5625
vt 0.125 0.5625
vt 0.125 0.6875
vt 0 0.6875
vt 0 0.5625
vt 0.125 0.5625
vt 0.125 0.5781
vt 0 0.5781
vt 0 0.5625
vt 0.3906 0.1563
vt 0.3906 0.2188
vt 0.375 0.2188
vt 0.375 0.1563
vt 0.2813 0.1563
vt 0.2813 0.2188
vt 0.2656 0.2188
vt 0.2656 0.1563
vt 0.3906 0.1563
vt 0.3906 0.1719
vt 0.2656 0.1719
vt 0.2656 0.1563
vt 0.5156 0.1563
vt 0.5156 0.1719
vt 0.3906 0.1719
vt 0.3906 0.1563
vt 0.3906 0.1563
vt 0.3906 0.2188
vt 0.2656 0.2188
vt 0.2656 0.1563
vt 0.3906 0.1563
vt 0.3906 0.2188
vt 0.2656 0.2188
vt 0.2656 0.1563
vt 0.3906 0.1563
vt 0.3906 0.2188
vt 0.375 0.2188
vt 0.375 0.1563
vt 0.2813 0.1563
vt 0.2813 0.2188
vt 0.2656 0.2188
vt 0.2656 0.1563
vt 0.3906 0.1563
vt 0.3906 0.1719
vt 0.2656 0.1719
vt 0.2656 0.1563
vt 0.3906 0.1563
vt 0.3906 0.2188
vt 0.2656 0.2188
vt 0.2656 0.1563
vt 0.3906 0.1563
vt 0.3906 0.2188
vt 0.2656 0.2188
vt 0.2656 0.1563
vt 0.6875 0.0625
vt 0.6875 0.0938
vt 0.7031 0.0938
vt 0.7031 0.0625
vt 0.6563 0.0625
vt 0.6563 0.0938
vt 0.6719 0.0938
vt 0.6719 0.0625
vt 0.6875 0.1094
vt 0.6875 0.0938
vt 0.6719 0.0938
vt 0.6719 0.1094
vt 0.7031 0.0938
vt 0.7031 0.1094
vt 0.6875 0.1094
vt 0.6875 0.0938
vt 0.7031 0.0625
vt 0.7031 0.0938
vt 0.7188 0.0938
vt 0.7188 0.0625
vt 1 0.9063
vt 1 1
vt 0.9844 1
vt 0.9844 0.9063
vt 1 0.9063
vt 1 1
vt 0.9844 1
vt 0.9844 0.9063
vt 1 0.9844
vt 1 1
vt 0.8125 1
vt 0.8125 0.9844
vt 1 0.9844
vt 1 1
vt 0.8125 1
vt 0.8125 0.9844
vt 1 0.7969
vt 1 0.8906
vt 0.8125 0.8906
vt 0.8125 0.7969
vt 0.8125 0.7969
vt 0.8125 0.8906
vt 0.625 0.8906
vt 0.625 0.7969
vt 0.9219 0.4688
vt 0.9219 0.1406
vt 0.9375 0.1406
vt 0.9375 0.4688
vt 0.875 0.4688
vt 0.875 0.1406
vt 0.8906 0.1406
vt 0.8906 0.4688
vt 0.9375 0.1406
vt 0.9375 0.4688
vt 0.875 0.4688
vt 0.875 0.1406
vt 0.875 0.4688
vt 0.875 0.1406
vt 0.9375 0.1406
vt 0.9375 0.4688
vt 0.9531 0
vt 0.9531 0.3281
vt 0.9375 0.3281
vt 0.9375 0
vt 1 0
vt 1 0.3281
vt 0.9844 0.3281
vt 0.9844 0
vt 0.9375 0.3281
vt 0.9375 0
vt 1 0
vt 1 0.3281
vt 1 0
vt 1 0.3281
vt 0.9375 0.3281
vt 0.9375 0
vt 1 0.2344
vt 0.9375 0.2344
vt 0.9375 0.25
vt 1 0.25
vt 0.9375 0.2969
vt 0.9375 0.3125
vt 0.875 0.3125
vt 0.875 0.2969
vt 0.6875 0.0625
vt 0.6875 0.0938
vt 0.7031 0.0938
vt 0.7031 0.0625
vt 0.6563 0.0625
vt 0.6563 0.0938
vt 0.6719 0.0938
vt 0.6719 0.0625
vt 0.6875 0.1094
vt 0.6875 0.0938
vt 0.6719 0.0938
vt 0.6719 0.1094
vt 0.7031 0.0938
vt 0.7031 0.1094
vt 0.6875 0.1094
vt 0.6875 0.0938
vt 0.7031 0.0625
vt 0.7031 0.0938
vt 0.7188 0.0938
vt 0.7188 0.0625
vt 1 0.9063
vt 1 1
vt 0.9844 1
vt 0.9844 0.9063
vt 1 0.9063
vt 1 1
vt 0.9844 1
vt 0.9844 0.9063
vt 1 0.9844
vt 1 1
vt 0.8125 1
vt 0.8125 0.9844
vt 1 0.9844
vt 1 1
vt 0.8125 1
vt 0.8125 0.9844
vt 1 0.7969
vt 1 0.8906
vt 0.8125 0.8906
vt 0.8125 0.7969
vt 0.8125 0.7969
vt 0.8125 0.8906
vt 0.625 0.8906
vt 0.625 0.7969
vt 0.9219 0.4688
vt 0.9219 0.1406
vt 0.9375 0.1406
vt 0.9375 0.4688
vt 0.875 0.4688
vt 0.875 0.1406
vt 0.8906 0.1406
vt 0.8906 0.4688
vt 0.9375 0.1406
vt 0.9375 0.4688
vt 0.875 0.4688
vt 0.875 0.1406
vt 0.875 0.4688
vt 0.875 0.1406
vt 0.9375 0.1406
vt 0.9375 0.4688
vt 0.9531 0
vt 0.9531 0.3281
vt 0.9375 0.3281
vt 0.9375 0
vt 1 0
vt 1 0.3281
vt 0.9844 0.3281
vt 0.9844 0
vt 0.9375 0.3281
vt 0.9375 0
vt 1 0
vt 1 0.3281
vt 1 0
vt 1 0.3281
vt 0.9375 0.3281
vt 0.9375 0
vt 1 0.2344
vt 0.9375 0.2344
vt 0.9375 0.25
vt 1 0.25
vt 0.9375 0.2969
vt 0.9375 0.3125
vt 0.875 0.3125
vt 0.875 0.2969
vt 0.0938 0.125
vt 0.0938 0.3125
vt 0 0.3125
vt 0 0.125
vt 0.0938 0.125
vt 0.0938 0.3125
vt 0 0.3125
vt 0 0.125
vt 0.0938 0.1406
vt 0.0938 0.2344
vt 0.0781 0.2344
vt 0.0781 0.1406
vt 0.0938 0.1094
vt 0.0938 0.2969
vt 0.0781 0.2969
vt 0.0781 0.1094
vt 0.0938 0.1094
vt 0.0938 0.2969
vt 0.0781 0.2969
vt 0.0781 0.1094
vt 0.0938 0.125
vt 0.0938 0.3125
vt 0 0.3125
vt 0 0.125
vt 0.0938 0.125
vt 0.0938 0.3125
vt 0 0.3125
vt 0 0.125
vt 0.0938 0.1406
vt 0.0938 0.2344
vt 0.0781 0.2344
vt 0.0781 0.1406
vt 0.0938 0.1094
vt 0.0938 0.2969
vt 0.0781 0.2969
vt 0.0781 0.1094
vt 0.0938 0.1094
vt 0.0938 0.2969
vt 0.0781 0.2969
vt 0.0781 0.1094
vt 0.875 0
vt 0.875 0.0625
vt 0.75 0.0625
vt 0.75 0
vt 0.875 0
vt 0.875 0.0625
vt 0.75 0.0625
vt 0.75 0
vt 0.125 0.5625
vt 0.125 0.6875
vt 0 0.6875
vt 0 0.5625
vt 0.875 0
vt 0.875 0.0625
vt 0.75 0.0625
vt 0.75 0
vt 0.875 0
vt 0.875 0.0625
vt 0.75 0.0625
vt 0.75 0
vt 0.1875 0.375
vt 0.1875 0.4375
vt 0 0.4375
vt 0 0.375
vt 0.1875 0.375
vt 0.1875 0.4375
vt 0 0.4375
vt 0 0.375
vt 0.1875 0.375
vt 0.1875 0.5625
vt 0 0.5625
vt 0 0.375
vt 0.1875 0.375
vt 0.1875 0.5625
vt 0 0.5625
vt 0 0.375
vt 0.1875 0.375
vt 0.1875 0.4375
vt 0 0.4375
vt 0 0.375
vt 0.1875 0.375
vt 0.1875 0.4375
vt 0 0.4375
vt 0 0.375
vt 0.6406 0.1563
vt 0.6406 0.1719
vt 0.5156 0.1719
vt 0.5156 0.1563
vt 0.6406 0.1563
vt 0.6406 0.1719
vt 0.5156 0.1719
vt 0.5156 0.1563
vt 0.6406 0.1563
vt 0.6406 0.2813
vt 0.5156 0.2813
vt 0.5156 0.1563
vt 0.6406 0.1563
vt 0.6406 0.1719
vt 0.5156 0.1719
vt 0.5156 0.1563
vt 0.6406 0.1563
vt 0.6406 0.1719
vt 0.5156 0.1719
vt 0.5156 0.1563
vt 0.5625 0.3438
vt 0.5625 0.3594
vt 0.4063 0.3594
vt 0.4063 0.3438
vt 0.5625 0.3438
vt 0.5625 0.3594
vt 0.4063 0.3594
vt 0.4063 0.3438
vt 0.5625 0.3438
vt 0.5625 0.5
vt 0.25 0.5
vt 0.25 0.3438
vt 0.5625 0.3438
vt 0.5625 0.5
vt 0.25 0.5
vt 0.25 0.3438
vt 0.5625 0.3438
vt 0.5625 0.3594
vt 0.25 0.3594
vt 0.25 0.3438
vt 0.5625 0.3438
vt 0.5625 0.3594
vt 0.25 0.3594
vt 0.25 0.3438
vn 1 0 0
vn -1 0 0
vn 0 0.95 -0.32
vn 0 0 -1
vn 1 0 0
vn -1 0 0
vn 0 1 0
vn 0 -1 0
vn 0 0 1
vn 0 0 -1
vn 0.95 -0.32 0
vn 1 0 0
vn -1 0 0
vn 0 1 0
vn 0 1 0
vn -0.32 0 0.95
vn -1 0 0
vn 0 1 0
vn 0 0 1
vn 0 0 -1
vn 1 0 0
vn -1 0 0
vn 0 1 0
vn 0 0 1
vn 0 0 -1
vn 1 0 0
vn -1 0 0
vn 0 1 0
vn 0 -1 0
vn 0 0 1
vn 0 0 -1
vn 1 0 0
vn -1 0 0
vn 0 1 0
vn 0 -1 0
vn 0 0 1
vn 1 0 0
vn -1 0 0
vn 0 1 0
vn 0 -1 0
vn 0 0 1
vn 1 0 0
vn -1 0 0
vn 0 1 0
vn 0 -1 0
vn 0 0 1
vn 0 0 -1
vn 1 0 0
vn -1 0 0
vn 0 1 0
vn 0 0 1
vn 0 0 -1
vn 1 0 0
vn -1 0 0
vn 0 1 0
vn 0 -1 0
vn 0 0 1
vn 1 0 0
vn -1 0 0
vn 0 1 -0.09
vn 0 -1 0.09
vn 0 0.09 1
vn 0 -0.09 -1
vn 1 0 0
vn -1 0 0
vn 0 0 1
vn 0 0 -1
vn 1 0 0
vn -1 0 0
vn 0 0 1
vn 0 0 -1
vn 0 1 0
vn 0 1 0
vn 1 0 0
vn -1 0 0
vn 0 1 0
vn 0 -1 0
vn 0 0 1
vn 1 0 0
vn -1 0 0
vn 0 1 -0.09
vn 0 -1 0.09
vn 0 0.09 1
vn 0 -0.09 -1
vn 1 0 0
vn -1 0 0
vn 0 0 1
vn 0 0 -1
vn 1 0 0
vn -1 0 0
vn 0 0 1
vn 0 0 -1
vn 0 1 0
vn 0 1 0
vn 1 0 0
vn -1 0 0
vn 0 1 0
vn 0 0 1
vn 0 0 -1
vn 1 0 0
vn -1 0 0
vn 0 1 0
vn 0 0 1
vn 0 0 -1
vn 1 0 0
vn -1 0 0
vn 0 1 0
vn 0 0 1
vn 0 0 -1
vn 1 0 0
vn -1 0 0
vn 0 1 0
vn 0 -1 0
vn 0 0 1
vn 0 0 -1
vn 1 0 0
vn -1 0 0
vn 0 -1 0
vn 0 0 1
vn 0 0 -1
vn 1 0 0
vn -1 0 0
vn 0 1 0
vn 0 -1 0
vn 0 0 1
vn 0 0 -1
usemtl common_copper_cable
f 2/1/1 1/2/1 3/3/1
f 2/1/1 3/3/1 4/4/1
f 7/5/2 5/6/2 6/7/2
f 7/5/2 6/7/2 8/8/2
f 5/9/3 1/10/3 2/11/3
f 5/9/3 2/11/3 6/12/3
f 6/13/4 2/14/4 4/15/4
f 6/13/4 4/15/4 8/16/4
f 12/17/5 10/18/5 9/19/5
f 12/17/5 9/19/5 11/20/5
f 15/21/6 13/22/6 14/23/6
f 15/21/6 14/23/6 16/24/6
f 9/25/7 10/26/7 14/27/7
f 9/25/7 14/27/7 13/28/7
f 12/29/8 11/30/8 15/31/8
f 12/29/8 15/31/8 16/32/8
f 18/33/9 17/34/9 19/35/9
f 18/33/9 19/35/9 20/36/9
f 23/37/10 21/38/10 22/39/10
f 23/37/10 22/39/10 24/40/10
f 21/41/11 17/42/11 18/43/11
f 21/41/11 18/43/11 22/44/11
f 28/45/12 26/46/12 25/47/12
f 28/45/12 25/47/12 27/48/12
f 31/49/13 29/50/13 30/51/13
f 31/49/13 30/51/13 32/52/13
f 25/53/14 26/54/14 30/55/14
f 25/53/14 30/55/14 29/56/14
f 34/57/15 33/58/15 35/59/15
f 34/57/15 35/59/15 36/60/15
f 37/61/16 33/62/16 34/63/16
f 37/61/16 34/63/16 38/64/16
f 38/65/17 34/66/17 36/67/17
f 38/65/17 36/67/17 39/68/17
f 40/69/18 41/70/18 45/71/18
f 40/69/18 45/71/18 44/72/18
f 42/73/19 40/74/19 44/75/19
f 42/73/19 44/75/19 46/76/19
f 47/77/20 45/78/20 41/79/20
f 47/77/20 41/79/20 43/80/20
usemtl weapon_autocannon
f 51/81/21 49/82/21 48/83/21
f 51/81/21 48/83/21 50/84/21
f 54/85/22 52/86/22 53/87/22
f 54/85/22 53/87/22 55/88/22
f 48/89/23 49/90/23 53/91/23
f 48/89/23 53/91/23 52/92/23
f 50/93/24 48/94/24 52/95/24
f 50/93/24 52/95/24 54/96/24
f 55/97/25 53/98/25 49/99/25
f 55/97/25 49/99/25 51/100/25
f 59/101/26 57/102/26 56/103/26
f 59/101/26 56/103/26 58/104/26
f 62/105/27 60/106/27 61/107/27
f 62/105/27 61/107/27 63/108/27
f 56/109/28 57/110/28 61/111/28
f 56/109/28 61/111/28 60/112/28
f 59/113/29 58/114/29 62/115/29
f 59/113/29 62/115/29 63/116/29
f 58/117/30 56/118/30 60/119/30
f 58/117/30 60/119/30 62/120/30
f 63/121/31 61/122/31 57/123/31
f 63/121/31 57/123/31 59/124/31
f 67/125/32 65/126/32 64/127/32
f 67/125/32 64/127/32 66/128/32
f 70/129/33 68/130/33 69/131/33
f 70/129/33 69/131/33 71/132/33
f 64/133/34 65/134/34 69/135/34
f 64/133/34 69/135/34 68/136/34
f 67/137/35 66/138/35 70/139/35
f 67/137/35 70/139/35 71/140/35
f 66/141/36 64/142/36 68/143/36
f 66/141/36 68/143/36 70/144/36
f 75/145/37 73/146/37 72/147/37
f 75/145/37 72/147/37 74/148/37
f 78/149/38 76/150/38 77/151/38
f 78/149/38 77/151/38 79/152/38
f 72/153/39 73/154/39 77/155/39
f 72/153/39 77/155/39 76/156/39
f 75/157/40 74/158/40 78/159/40
f 75/157/40 78/159/40 79/160/40
f 74/161/41 72/162/41 76/163/41
f 74/161/41 76/163/41 78/164/41
f 83/165/42 81/166/42 80/167/42
f 83/165/42 80/167/42 82/168/42
f 86/169/43 84/170/43 85/171/43
f 86/169/43 85/171/43 87/172/43
f 80/173/44 81/174/44 85/175/44
f 80/173/44 85/175/44 84/176/44
f 83/177/45 82/178/45 86/179/45
f 83/177/45 86/179/45 87/180/45
f 82/181/46 80/182/46 84/183/46
f 82/181/46 84/183/46 86/184/46
f 87/185/47 85/186/47 81/187/47
f 87/185/47 81/187/47 83/188/47
f 91/189/48 89/190/48 88/191/48
f 91/189/48 88/191/48 90/192/48
f 94/193/49 92/194/49 93/195/49
f 94/193/49 93/195/49 95/196/49
f 88/197/50 89/198/50 93/199/50
f 88/197/50 93/199/50 92/200/50
f 90/201/51 88/202/51 92/203/51
f 90/201/51 92/203/51 94/204/51
f 95/205/52 93/206/52 89/207/52
f 95/205/52 89/207/52 91/208/52
f 99/209/53 97/210/53 96/211/53
f 99/209/53 96/211/53 98/212/53
f 102/213/54 100/214/54 101/215/54
f 102/213/54 101/215/54 103/216/54
f 96/217/55 97/218/55 101/219/55
f 96/217/55 101/219/55 100/220/55
f 99/221/56 98/222/56 102/223/56
f 99/221/56 102/223/56 103/224/56
f 98/225/57 96/226/57 100/227/57
f 98/225/57 100/227/57 102/228/57
f 107/229/58 105/230/58 104/231/58
f 107/229/58 104/231/58 106/232/58
f 110/233/59 108/234/59 109/235/59
f 110/233/59 109/235/59 111/236/59
f 104/237/60 105/238/60 109/239/60
f 104/237/60 109/239/60 108/240/60
f 107/241/61 106/242/61 110/243/61
f 107/241/61 110/243/61 111/244/61
f 106/245/62 104/246/62 108/247/62
f 106/245/62 108/247/62 110/248/62
f 111/249/63 109/250/63 105/251/63
f 111/249/63 105/251/63 107/252/63
f 115/253/64 113/254/64 112/255/64
f 115/253/64 112/255/64 114/256/64
f 118/257/65 116/258/65 117/259/65
f 118/257/65 117/259/65 119/260/65
f 114/261/66 112/262/66 116/263/66
f 114/261/66 116/263/66 118/264/66
f 119/265/67 117/266/67 113/267/67
f 119/265/67 113/267/67 115/268/67
f 123/269/68 121/270/68 120/271/68
f 123/269/68 120/271/68 122/272/68
f 126/273/69 124/274/69 125/275/69
f 126/273/69 125/275/69 127/276/69
f 122/277/70 120/278/70 124/279/70
f 122/277/70 124/279/70 126/280/70
f 127/281/71 125/282/71 121/283/71
f 127/281/71 121/283/71 123/284/71
f 124/285/72 120/286/72 121/287/72
f 124/285/72 121/287/72 125/288/72
f 112/289/73 113/290/73 117/291/73
f 112/289/73 117/291/73 116/292/73
f 131/293/74 129/294/74 128/295/74
f 131/293/74 128/295/74 130/296/74
f 134/297/75 132/298/75 133/299/75
f 134/297/75 133/299/75 135/300/75
f 128/301/76 129/302/76 133/303/76
f 128/301/76 133/303/76 132/304/76
f 131/305/77 130/306/77 134/307/77
f 131/305/77 134/307/77 135/308/77
f 130/309/78 128/310/78 132/311/78
f 130/309/78 132/311/78 134/312/78
f 139/313/79 137/314/79 136/315/79
f 139/313/79 136/315/79 138/316/79
f 142/317/80 140/318/80 141/319/80
f 142/317/80 141/319/80 143/320/80
f 136/321/81 137/322/81 141/323/81
f 136/321/81 141/323/81 140/324/81
f 139/325/82 138/326/82 142/327/82
f 139/325/82 142/327/82 143/328/82
f 138/329/83 136/330/83 140/331/83
f 138/329/83 140/331/83 142/332/83
f 143/333/84 141/334/84 137/335/84
f 143/333/84 137/335/84 139/336/84
f 147/337/85 145/338/85 144/339/85
f 147/337/85 144/339/85 146/340/85
f 150/341/86 148/342/86 149/343/86
f 150/341/86 149/343/86 151/344/86
f 146/345/87 144/346/87 148/347/87
f 146/345/87 148/347/87 150/348/87
f 151/349/88 149/350/88 145/351/88
f 151/349/88 145/351/88 147/352/88
f 155/353/89 153/354/89 152/355/89
f 155/353/89 152/355/89 154/356/89
f 158/357/90 156/358/90 157/359/90
f 158/357/90 157/359/90 159/360/90
f 154/361/91 152/362/91 156/363/91
f 154/361/91 156/363/91 158/364/91
f 159/365/92 157/366/92 153/367/92
f 159/365/92 153/367/92 155/368/92
f 156/369/93 152/370/93 153/371/93
f 156/369/93 153/371/93 157/372/93
f 144/373/94 145/374/94 149/375/94
f 144/373/94 149/375/94 148/376/94
f 163/377/95 161/378/95 160/379/95
f 163/377/95 160/379/95 162/380/95
f 166/381/96 164/382/96 165/383/96
f 166/381/96 165/383/96 167/384/96
f 160/385/97 161/386/97 165/387/97
f 160/385/97 165/387/97 164/388/97
f 162/389/98 160/390/98 164/391/98
f 162/389/98 164/391/98 166/392/98
f 167/393/99 165/394/99 161/395/99
f 167/393/99 161/395/99 163/396/99
f 171/397/100 169/398/100 168/399/100
f 171/397/100 168/399/100 170/400/100
f 174/401/101 172/402/101 173/403/101
f 174/401/101 173/403/101 175/404/101
f 168/405/102 169/406/102 173/407/102
f 168/405/102 173/407/102 172/408/102
f 170/409/103 168/410/103 172/411/103
f 170/409/103 172/411/103 174/412/103
f 175/413/104 173/414/104 169/415/104
f 175/413/104 169/415/104 171/416/104
f 179/417/105 177/418/105 176/419/105
f 179/417/105 176/419/105 178/420/105
f 182/421/106 180/422/106 181/423/106
f 182/421/106 181/423/106 183/424/106
f 176/425/107 177/426/107 181/427/107
f 176/425/107 181/427/107 180/428/107
f 178/429/108 176/430/108 180/431/108
f 178/429/108 180/431/108 182/432/108
f 183/433/109 181/434/109 177/435/109
f 183/433/109 177/435/109 179/436/109
f 187/437/110 185/438/110 184/439/110
f 187/437/110 184/439/110 186/440/110
f 190/441/111 188/442/111 189/443/111
f 190/441/111 189/443/111 191/444/111
f 184/445/112 185/446/112 189/447/112
f 184/445/112 189/447/112 188/448/112
f 187/449/113 186/450/113 190/451/113
f 187/449/113 190/451/113 191/452/113
f 186/453/114 184/454/114 188/455/114
f 186/453/114 188/455/114 190/456/114
f 191/457/115 189/458/115 185/459/115
f 191/457/115 185/459/115 187/460/115
f 192/461/116 194/462/116 193/463/116
f 192/461/116 193/463/116 195/464/116
f 198/465/117 196/466/117 197/467/117
f 198/465/117 197/467/117 199/468/117
f 192/469/118 195/470/118 198/471/118
f 192/469/118 198/471/118 199/472/118
f 195/473/119 193/474/119 196/475/119
f 195/473/119 196/475/119 198/476/119
f 199/477/120 197/478/120 194/479/120
f 199/477/120 194/479/120 192/480/120
f 203/481/121 201/482/121 200/483/121
f 203/481/121 200/483/121 202/484/121
f 206/485/122 204/486/122 205/487/122
f 206/485/122 205/487/122 207/488/122
f 200/489/123 201/490/123 205/491/123
f 200/489/123 205/491/123 204/492/123
f 203/493/124 202/494/124 206/495/124
f 203/493/124 206/495/124 207/496/124
f 202/497/125 200/498/125 204/499/125
f 202/497/125 204/499/125 206/500/125
f 207/501/126 205/502/126 201/503/126
f 207/501/126 201/503/126 203/504/126
o turntable
v 1.375 -1.9375 2.625
v 1.375 -1.9375 2.125
v 1.375 -2 2.625
v 1.375 -2 2.125
v 0.875 -1.9375 2.625
v 0.875 -1.9375 2.125
v 0.875 -2 2.625
v 0.875 -2 2.125
v 1.25 -2 2.5
v 1.25 -2 2.25
v 1.25 -2.0625 2.5
v 1.25 -2.0625 2.25
v 1 -2 2.5
v 1 -2 2.25
v 1 -2.0625 2.5
v 1 -2.0625 2.25
v 0.9375 -1.75 2.5
v 0.9375 -1.75 2.25
v 0.9375 -1.9375 2.5
v 0.9375 -1.9375 2.25
v 0.875 -1.75 2.5
v 0.875 -1.75 2.25
v 0.875 -1.9375 2.5
v 0.875 -1.9375 2.25
v 1.375 -1.75 2.5
v 1.375 -1.75 2.25
v 1.375 -1.9375 2.5
v 1.375 -1.9375 2.25
v 1.3125 -1.75 2.5
v 1.3125 -1.75 2.25
v 1.3125 -1.9375 2.5
v 1.3125 -1.9375 2.25
v 0.9375 -1.6875 2.4375
v 0.9375 -1.6875 2.3125
v 0.875 -1.6875 2.4375
v 0.875 -1.6875 2.3125
v 1.375 -1.6875 2.4375
v 1.375 -1.6875 2.3125
v 1.3125 -1.6875 2.4375
v 1.3125 -1.6875 2.3125
vt 0.5 1
vt 0.4375 1
vt 0.4375 0.5
vt 0.5 0.5
vt 0.0625 1
vt 0 1
vt 0 0.5
vt 0.0625 0.5
vt 0.5 0.5
vt 0.5 1
vt 0 1
vt 0 0.5
vt 0.5 0.5
vt 0.5 1
vt 0 1
vt 0 0.5
vt 0.5 0.9375
vt 0.5 1
vt 0 1
vt 0 0.9375
vt 0 0.5
vt 0 0.5625
vt 0.5 0.5625
vt 0.5 0.5
vt 0.8125 0.5625
vt 0.8125 0.625
vt 0.5625 0.625
vt 0.5625 0.5625
vt 0.8125 0.5625
vt 0.8125 0.625
vt 0.5625 0.625
vt 0.5625 0.5625
vt 0.8125 0.5625
vt 0.8125 0.625
vt 0.5625 0.625
vt 0.5625 0.5625
vt 0.8125 0.5625
vt 0.8125 0.625
vt 0.5625 0.625
vt 0.5625 0.5625
vt 0.375 0.5
vt 0.375 0.6875
vt 0.125 0.6875
vt 0.125 0.5
vt 0.375 0.5
vt 0.375 0.6875
vt 0.125 0.6875
vt 0.125 0.5
vt 0.375 0.5
vt 0.375 0.6875
vt 0.3125 0.6875
vt 0.3125 0.5
vt 0.1875 0.5
vt 0.1875 0.6875
vt 0.125 0.6875
vt 0.125 0.5
vt 0.375 0.5
vt 0.375 0.6875
vt 0.125 0.6875
vt 0.125 0.5
vt 0.375 0.5
vt 0.375 0.6875
vt 0.125 0.6875
vt 0.125 0.5
vt 0.375 0.5
vt 0.375 0.6875
vt 0.3125 0.6875
vt 0.3125 0.5
vt 0.1875 0.5
vt 0.1875 0.6875
vt 0.125 0.6875
vt 0.125 0.5
vt 0.3125 0.5625
vt 0.2813 0.5
vt 0.2188 0.5
vt 0.1875 0.5625
vt 0.1875 0.5625
vt 0.2188 0.5
vt 0.2813 0.5
vt 0.3125 0.5625
vt 0.2813 0.5625
vt 0.2188 0.5625
vt 0.2188 0.5
vt 0.2813 0.5
vt 0.3125 0.5
vt 0.3125 0.5625
vt 0.2813 0.5625
vt 0.2813 0.5
vt 0.2188 0.5
vt 0.2188 0.5625
vt 0.1875 0.5625
vt 0.1875 0.5
vt 0.3125 0.5625
vt 0.2813 0.5
vt 0.2188 0.5
vt 0.1875 0.5625
vt 0.1875 0.5625
vt 0.2188 0.5
vt 0.2813 0.5
vt 0.3125 0.5625
vt 0.2813 0.5625
vt 0.2188 0.5625
vt 0.2188 0.5
vt 0.2813 0.5
vt 0.3125 0.5
vt 0.3125 0.5625
vt 0.2813 0.5625
vt 0.2813 0.5
vt 0.2188 0.5
vt 0.2188 0.5625
vt 0.1875 0.5625
vt 0.1875 0.5
vn 1 0 0
vn -1 0 0
vn 0 1 0
vn 0 -1 0
vn 0 0 1
vn 0 0 -1
vn 1 0 0
vn -1 0 0
vn 0 0 1
vn 0 0 -1
vn 1 0 0
vn -1 0 0
vn 0 0 1
vn 0 0 -1
vn 1 0 0
vn -1 0 0
vn 0 0 1
vn 0 0 -1
vn 1 0 0
vn -1 0 0
vn 0 1 0
vn 0 0.71 0.71
vn 0 0.71 -0.71
vn 1 0 0
vn -1 0 0
vn 0 1 0
vn 0 0.71 0.71
vn 0 0.71 -0.71
usemtl inserter
f 211/505/127 209/506/127 208/507/127
f 211/505/127 208/507/127 210/508/127
f 214/509/128 212/510/128 213/511/128
f 214/509/128 213/511/128 215/512/128
f 208/513/129 209/514/129 213/515/129
f 208/513/129 213/515/129 212/516/129
f 211/517/130 210/518/130 214/519/130
f 211/517/130 214/519/130 215/520/130
f 210/521/131 208/522/131 212/523/131
f 210/521/131 212/523/131 214/524/131
f 215/525/132 213/526/132 209/527/132
f 215/525/132 209/527/132 211/528/132
f 219/529/133 217/530/133 216/531/133
f 219/529/133 216/531/133 218/532/133
f 222/533/134 220/534/134 221/535/134
f 222/533/134 221/535/134 223/536/134
f 218/537/135 216/538/135 220/539/135
f 218/537/135 220/539/135 222/540/135
f 223/541/136 221/542/136 217/543/136
f 223/541/136 217/543/136 219/544/136
f 227/545/137 225/546/137 224/547/137
f 227/545/137 224/547/137 226/548/137
f 230/549/138 228/550/138 229/551/138
f 230/549/138 229/551/138 231/552/138
f 226/553/139 224/554/139 228/555/139
f 226/553/139 228/555/139 230/556/139
f 231/557/140 229/558/140 225/559/140
f 231/557/140 225/559/140 227/560/140
f 235/561/141 233/562/141 232/563/141
f 235/561/141 232/563/141 234/564/141
f 238/565/142 236/566/142 237/567/142
f 238/565/142 237/567/142 239/568/142
f 234/569/143 232/570/143 236/571/143
f 234/569/143 236/571/143 238/572/143
f 239/573/144 237/574/144 233/575/144
f 239/573/144 233/575/144 235/576/144
f 225/577/145 241/578/145 240/579/145
f 225/577/145 240/579/145 224/580/145
f 228/581/146 242/582/146 243/583/146
f 228/581/146 243/583/146 229/584/146
f 240/585/147 241/586/147 243/587/147
f 240/585/147 243/587/147 242/588/147
f 224/589/148 240/590/148 242/591/148
f 224/589/148 242/591/148 228/592/148
f 229/593/149 243/594/149 241/595/149
f 229/593/149 241/595/149 225/596/149
f 233/597/150 245/598/150 244/599/150
f 233/597/150 244/599/150 232/600/150
f 236/601/151 246/602/151 247/603/151
f 236/601/151 247/603/151 237/604/151
f 244/605/152 245/606/152 247/607/152
f 244/605/152 247/607/152 246/608/152
f 232/609/153 244/610/153 246/611/153
f 232/609/153 246/611/153 236/612/153
f 237/613/154 247/614/154 245/615/154
f 237/613/154 245/615/154 233/616/154
o lower
v 1.0844 -0.875 2.4688
v 1.0844 -0.875 2.2813
v 1.0844 -1.0625 2.4688
v 1.0844 -1.0625 2.2813
v 0.8969 -0.875 2.4688
v 0.8969 -0.875 2.2813
v 0.8969 -1.0625 2.4688
v 0.8969 -1.0625 2.2813
v 1.1656 -0.875 2.4688
v 1.1656 -0.875 2.2813
v 1.1656 -1.0625 2.4688
v 1.1656 -1.0625 2.2813
v 1.3531 -0.875 2.4688
v 1.3531 -0.875 2.2813
v 1.3531 -1.0625 2.4688
v 1.3531 -1.0625 2.2813
v 1.3125 -1.75 2.4375
v 1.3125 -1.75 2.3125
v 1.3125 -1.875 2.4375
v 1.3125 -1.875 2.3125
v 0.9375 -1.75 2.4375
v 0.9375 -1.75 2.3125
v 0.9375 -1.875 2.4375
v 0.9375 -1.875 2.3125
v 1.3125 -1.125 2.3438
v 1.3125 -1.125 2.2813
v 1.3125 -1.625 2.3438
v 1.3125 -1.625 2.2813
v 0.9375 -1.125 2.3438
v 0.9375 -1.125 2.2813
v 0.9375 -1.625 2.3438
v 0.9375 -1.625 2.2813
v 1.2813 -1.1562 2.2813
v 1.2813 -1.1562 2.25
v 1.2813 -1.3437 2.2813
v 1.2813 -1.3437 2.25
v 0.9688 -1.1562 2.2813
v 0.9688 -1.1562 2.25
v 0.9688 -1.3437 2.2813
v 0.9688 -1.3437 2.25
v 1.2813 -1.375 2.2813
v 1.2813 -1.375 2.25
v 1.2813 -1.5625 2.2813
v 1.2813 -1.5625 2.25
v 0.9688 -1.375 2.2813
v 0.9688 -1.375 2.25
v 0.9688 -1.5625 2.2813
v 0.9688 -1.5625 2.25
v 1.2813 -1.0625 2.4219
v 1.2813 -1.0625 2.3281
v 1.2813 -1.6875 2.4219
v 1.2813 -1.6875 2.3281
v 1.1875 -1.0625 2.4219
v 1.1875 -1.0625 2.3281
v 1.1875 -1.6875 2.4219
v 1.1875 -1.6875 2.3281
v 1.2813 -1.375 2.3281
v 1.2813 -1.375 2.4219
v 1.1875 -1.375 2.4219
v 1.1875 -1.375 2.3281
v 1.0625 -1.0625 2.4219
v 1.0625 -1.0625 2.3281
v 1.0625 -1.6875 2.4219
v 1.0625 -1.6875 2.3281
v 0.9688 -1.0625 2.4219
v 0.9688 -1.0625 2.3281
v 0.9688 -1.6875 2.4219
v 0.9688 -1.6875 2.3281
v 1.0625 -1.375 2.3281
v 1.0625 -1.375 2.4219
v 0.9688 -1.375 2.4219
v 0.9688 -1.375 2.3281
v 1.0625 -1.75 2.2969
v 1.0625 -1.75 2.2344
v 1.0625 -1.875 2.2969
v 1.0625 -1.875 2.2344
v 0.9688 -1.75 2.2969
v 0.9688 -1.75 2.2344
v 0.9688 -1.875 2.2969
v 0.9688 -1.875 2.2344
v 1.0625 -1.75 2.5156
v 1.0625 -1.75 2.4531
v 1.0625 -1.875 2.5156
v 1.0625 -1.875 2.4531
v 0.9688 -1.75 2.5156
v 0.9688 -1.75 2.4531
v 0.9688 -1.875 2.5156
v 0.9688 -1.875 2.4531
v 1.2813 -1.75 2.2969
v 1.2813 -1.75 2.2344
v 1.2813 -1.875 2.2969
v 1.2813 -1.875 2.2344
v 1.1875 -1.75 2.2969
v 1.1875 -1.75 2.2344
v 1.1875 -1.875 2.2969
v 1.1875 -1.875 2.2344
v 1.2813 -1.75 2.5156
v 1.2813 -1.75 2.4531
v 1.2813 -1.875 2.5156
v 1.2813 -1.875 2.4531
v 1.1875 -1.75 2.5156
v 1.1875 -1.75 2.4531
v 1.1875 -1.875 2.5156
v 1.1875 -1.875 2.4531
vt 0.0938 0.8125
vt 0.0938 1
vt 0 1
vt 0 0.8125
vt 0.8125 0.8125
vt 0.8125 0.625
vt 0.625 0.625
vt 0.625 0.8125
vt 0.8125 0.625
vt 0.8125 0.8125
vt 1 0.8125
vt 1 0.625
vt 0.8125 0.8125
vt 0.8125 0.625
vt 1 0.625
vt 1 0.8125
vt 0.8125 0.625
vt 0.8125 0.8125
vt 1 0.8125
vt 1 0.625
vt 1 0.625
vt 1 0.8125
vt 0.8125 0.8125
vt 0.8125 0.625
vt 0 1
vt 0.0938 1
vt 0.0938 0.8125
vt 0 0.8125
vt 0.625 0.625
vt 0.8125 0.625
vt 0.8125 0.8125
vt 0.625 0.8125
vt 1 0.8125
vt 0.8125 0.8125
vt 0.8125 0.625
vt 1 0.625
vt 1 0.625
vt 0.8125 0.625
vt 0.8125 0.8125
vt 1 0.8125
vt 1 0.8125
vt 0.8125 0.8125
vt 0.8125 0.625
vt 1 0.625
vt 0.8125 0.8125
vt 1 0.8125
vt 1 0.625
vt 0.8125 0.625
vt 0.0625 0.875
vt 0.0625 1
vt 0 1
vt 0 0.875
vt 0.0625 0.875
vt 0.0625 1
vt 0 1
vt 0 0.875
vt 0.5 0.625
vt 0.625 0.625
vt 0.625 1
vt 0.5 1
vt 0.625 0.625
vt 0.5 0.625
vt 0.5 1
vt 0.625 1
vt 0.625 0.625
vt 0.5 0.625
vt 0.5 1
vt 0.625 1
vt 0.5 1
vt 0.625 1
vt 0.625 0.625
vt 0.5 0.625
vt 0 0.5
vt 0 0
vt 0.0313 0
vt 0.0313 0.5
vt 0.3438 0
vt 0.3438 0.5
vt 0.375 0.5
vt 0.375 0
vt 0 0.0625
vt 0 0
vt 0.375 0
vt 0.375 0.0625
vt 0 0.5
vt 0 0.4375
vt 0.375 0.4375
vt 0.375 0.5
vt 0.375 0.5
vt 0.375 0
vt 0 0
vt 0 0.5
vt 0.375 0.5
vt 0.375 0
vt 0 0
vt 0 0.5
vt 0.7188 0.8125
vt 0.7188 1
vt 0.6875 1
vt 0.6875 0.8125
vt 1 0.8125
vt 1 1
vt 0.9688 1
vt 0.9688 0.8125
vt 0.6875 0.9375
vt 0.6875 1
vt 1 1
vt 1 0.9375
vt 0.6875 0.8125
vt 0.6875 0.875
vt 1 0.875
vt 1 0.8125
vt 1 0.8125
vt 1 1
vt 0.6875 1
vt 0.6875 0.8125
vt 0.7188 0.8125
vt 0.7188 1
vt 0.6875 1
vt 0.6875 0.8125
vt 1 0.8125
vt 1 1
vt 0.9688 1
vt 0.9688 0.8125
vt 0.6875 0.9375
vt 0.6875 1
vt 1 1
vt 1 0.9375
vt 0.6875 0.8125
vt 0.6875 0.875
vt 1 0.875
vt 1 0.8125
vt 1 0.8125
vt 1 1
vt 0.6875 1
vt 0.6875 0.8125
vt 0.375 0.5
vt 0.375 0.1875
vt 0.5 0.1875
vt 0.5 0.5
vt 0.375 0.5
vt 0.375 0.1875
vt 0.5 0.1875
vt 0.5 0.5
vt 0.0469 0.9063
vt 0.0469 1
vt 0 1
vt 0 0.9063
vt 0.0469 0.9063
vt 0.0469 1
vt 0 1
vt 0 0.9063
vt 0.5 0.5
vt 0.5 0.1875
vt 0.375 0.1875
vt 0.375 0.5
vt 0.375 0.5
vt 0.375 0.1875
vt 0.5 0.1875
vt 0.5 0.5
vt 0.5 0.5
vt 0.5 0.1875
vt 0.375 0.1875
vt 0.375 0.5
vt 0.375 0.5
vt 0.375 0.1875
vt 0.5 0.1875
vt 0.5 0.5
vt 0.5 0.5
vt 0.5 0.1875
vt 0.375 0.1875
vt 0.375 0.5
vt 0.375 0.5
vt 0.375 0.1875
vt 0.5 0.1875
vt 0.5 0.5
vt 0.375 0.5
vt 0.375 0.1875
vt 0.5 0.1875
vt 0.5 0.5
vt 0.375 0.5
vt 0.375 0.1875
vt 0.5 0.1875
vt 0.5 0.5
vt 0.0469 0.9063
vt 0.0469 1
vt 0 1
vt 0 0.9063
vt 0.0469 0.9063
vt 0.0469 1
vt 0 1
vt 0 0.9063
vt 0.5 0.5
vt 0.5 0.1875
vt 0.375 0.1875
vt 0.375 0.5
vt 0.375 0.5
vt 0.375 0.1875
vt 0.5 0.1875
vt 0.5 0.5
vt 0.5 0.5
vt 0.5 0.1875
vt 0.375 0.1875
vt 0.375 0.5
vt 0.375 0.5
vt 0.375 0.1875
vt 0.5 0.1875
vt 0.5 0.5
vt 0.5 0.5
vt 0.5 0.1875
vt 0.375 0.1875
vt 0.375 0.5
vt 0.375 0.5
vt 0.375 0.1875
vt 0.5 0.1875
vt 0.5 0.5
vt 0.4375 0.375
vt 0.4375 0.125
vt 0.375 0.125
vt 0.375 0.375
vt 0.5 0.375
vt 0.5 0.125
vt 0.4375 0.125
vt 0.4375 0.375
vt 0.375 0.25
vt 0.375 0.375
vt 0.5 0.375
vt 0.5 0.25
vt 0.375 0.125
vt 0.375 0.375
vt 0.5 0.375
vt 0.5 0.125
vt 0.5 0.375
vt 0.5 0.125
vt 0.375 0.125
vt 0.375 0.375
vt 0.4375 0.375
vt 0.4375 0.125
vt 0.375 0.125
vt 0.375 0.375
vt 0.5 0.375
vt 0.5 0.125
vt 0.4375 0.125
vt 0.4375 0.375
vt 0.0469 0.9375
vt 0.0469 1
vt 0 1
vt 0 0.9375
vt 0.375 0.125
vt 0.375 0.375
vt 0.5 0.375
vt 0.5 0.125
vt 0.375 0.125
vt 0.375 0.375
vt 0.5 0.375
vt 0.5 0.125
vt 0.3773 0
vt 0.4352 0.1
vt 0.4367 0.1875
vt 0.3773 0.2844
vt 0.4984 0
vt 0.4406 0.1
vt 0.4391 0.1875
vt 0.4984 0.2844
vt 0.375 0.375
vt 0.375 0.125
vt 0.5 0.125
vt 0.5 0.375
vt 0.375 0.375
vt 0.375 0
vt 0.5 0
vt 0.5 0.375
vt 0.5 0.375
vt 0.5 0
vt 0.375 0
vt 0.375 0.375
vt 0.4375 0.375
vt 0.4375 0.125
vt 0.375 0.125
vt 0.375 0.375
vt 0.5 0.375
vt 0.5 0.125
vt 0.4375 0.125
vt 0.4375 0.375
vt 0.375 0.25
vt 0.375 0.375
vt 0.5 0.375
vt 0.5 0.25
vt 0.375 0.125
vt 0.375 0.375
vt 0.5 0.375
vt 0.5 0.125
vt 0.5 0.375
vt 0.5 0.125
vt 0.375 0.125
vt 0.375 0.375
vt 0.4375 0.375
vt 0.4375 0.125
vt 0.375 0.125
vt 0.375 0.375
vt 0.5 0.375
vt 0.5 0.125
vt 0.4375 0.125
vt 0.4375 0.375
vt 0.0469 0.9375
vt 0.0469 1
vt 0 1
vt 0 0.9375
vt 0.375 0.125
vt 0.375 0.375
vt 0.5 0.375
vt 0.5 0.125
vt 0.375 0.125
vt 0.375 0.375
vt 0.5 0.375
vt 0.5 0.125
vt 0.3773 0
vt 0.4352 0.1
vt 0.4367 0.1875
vt 0.3773 0.2844
vt 0.4984 0
vt 0.4406 0.1
vt 0.4391 0.1875
vt 0.4984 0.2844
vt 0.375 0.375
vt 0.375 0.125
vt 0.5 0.125
vt 0.5 0.375
vt 0.375 0.375
vt 0.375 0
vt 0.5 0
vt 0.5 0.375
vt 0.5 0.375
vt 0.5 0
vt 0.375 0
vt 0.375 0.375
vn 1 0 0
vn -1 0 0
vn 0 1 0
vn 0 -1 0
vn 0 0 1
vn 0 0 -1
vn -1 0 0
vn 1 0 0
vn 0 1 0
vn 0 -1 0
vn 0 0 1
vn 0 0 -1
vn 1 0 0
vn -1 0 0
vn 0 1 0
vn 0 -1 0
vn 0 0 1
vn 0 0 -1
vn 1 0 0
vn -1 0 0
vn 0 1 0
vn 0 -1 0
vn 0 0 1
vn 0 0 -1
vn 1 0 0
vn -1 0 0
vn 0 1 0
vn 0 -1 0
vn 0 0 -1
vn 1 0 0
vn -1 0 0
vn 0 1 0
vn 0 -1 0
vn 0 0 -1
vn 1 0 0
vn -1 0 0
vn 0 1 0
vn 0 -1 0
vn 0 0 1
vn 0 0 -1
vn 1 0 0
vn 0 0 1
vn -1 0 0
vn 0 0 -1
vn 1 0 0
vn -1 0 0
vn 0 1 0
vn 0 -1 0
vn 0 0 1
vn 0 0 -1
vn 1 0 0
vn 0 0 1
vn -1 0 0
vn 0 0 -1
vn 1 0 0
vn -1 0 0
vn 0 -1 0
vn 0 0 1
vn 0 0 -1
vn 1 0 0
vn -1 0 0
vn 0 -1 0
vn 0 0 1
vn 0 0 -1
vn 1 0 0
vn -1 0 0
vn 0 1 0
vn 0 0.83 0.55
vn 0 0.83 -0.55
vn 1 0 0
vn -1 0 0
vn 0 -1 0
vn 0 0 1
vn 0 0 -1
vn 1 0 0
vn -1 0 0
vn 0 -1 0
vn 0 0 1
vn 0 0 -1
vn 1 0 0
vn -1 0 0
vn 0 1 0
vn 0 0.83 0.55
vn 0 0.83 -0.55
usemtl inserter
f 251/617/155 249/618/155 248/619/155
f 251/617/155 248/619/155 250/620/155
f 254/621/156 252/622/156 253/623/156
f 254/621/156 253/623/156 255/624/156
f 248/625/157 249/626/157 253/627/157
f 248/625/157 253/627/157 252/628/157
f 251/629/158 250/630/158 254/631/158
f 251/629/158 254/631/158 255/632/158
f 250/633/159 248/634/159 252/635/159
f 250/633/159 252/635/159 254/636/159
f 255/637/160 253/638/160 249/639/160
f 255/637/160 249/639/160 251/640/160
f 256/641/161 257/642/161 259/643/161
f 256/641/161 259/643/161 258/644/161
f 261/645/162 260/646/162 262/647/162
f 261/645/162 262/647/162 263/648/162
f 261/649/163 257/650/163 256/651/163
f 261/649/163 256/651/163 260/652/163
f 262/653/164 258/654/164 259/655/164
f 262/653/164 259/655/164 263/656/164
f 260/657/165 256/658/165 258/659/165
f 260/657/165 258/659/165 262/660/165
f 257/661/166 261/662/166 263/663/166
f 257/661/166 263/663/166 259/664/166
f 267/665/167 265/666/167 264/667/167
f 267/665/167 264/667/167 266/668/167
f 270/669/168 268/670/168 269/671/168
f 270/669/168 269/671/168 271/672/168
f 264/673/169 265/674/169 269/675/169
f 264/673/169 269/675/169 268/676/169
f 267/677/170 266/678/170 270/679/170
f 267/677/170 270/679/170 271/680/170
f 266/681/171 264/682/171 268/683/171
f 266/681/171 268/683/171 270/684/171
f 271/685/172 269/686/172 265/687/172
f 271/685/172 265/687/172 267/688/172
f 275/689/173 273/690/173 272/691/173
f 275/689/173 272/691/173 274/692/173
f 278/693/174 276/694/174 277/695/174
f 278/693/174 277/695/174 279/696/174
f 272/697/175 273/698/175 277/699/175
f 272/697/175 277/699/175 276/700/175
f 275/701/176 274/702/176 278/703/176
f 275/701/176 278/703/176 279/704/176
f 274/705/177 272/706/177 276/707/177
f 274/705/177 276/707/177 278/708/177
f 279/709/178 277/710/178 273/711/178
f 279/709/178 273/711/178 275/712/178
f 283/713/179 281/714/179 280/715/179
f 283/713/179 280/715/179 282/716/179
f 286/717/180 284/718/180 285/719/180
f 286/717/180 285/719/180 287/720/180
f 280/721/181 281/722/181 285/723/181
f 280/721/181 285/723/181 284/724/181
f 283/725/182 282/726/182 286/727/182
f 283/725/182 286/727/182 287/728/182
f 287/729/183 285/730/183 281/731/183
f 287/729/183 281/731/183 283/732/183
f 291/733/184 289/734/184 288/735/184
f 291/733/184 288/735/184 290/736/184
f 294/737/185 292/738/185 293/739/185
f 294/737/185 293/739/185 295/740/185
f 288/741/186 289/742/186 293/743/186
f 288/741/186 293/743/186 292/744/186
f 291/745/187 290/746/187 294/747/187
f 291/745/187 294/747/187 295/748/187
f 295/749/188 293/750/188 289/751/188
f 295/749/188 289/751/188 291/752/188
f 296/753/189 305/754/189 304/755/189
f 296/753/189 304/755/189 297/756/189
f 301/757/190 307/758/190 306/759/190
f 301/757/190 306/759/190 300/760/190
f 296/761/191 297/762/191 301/763/191
f 296/761/191 301/763/191 300/764/191
f 299/765/192 298/766/192 302/767/192
f 299/765/192 302/767/192 303/768/192
f 300/769/193 306/770/193 305/771/193
f 300/769/193 305/771/193 296/772/193
f 297/773/194 304/774/194 307/775/194
f 297/773/194 307/775/194 301/776/194
f 299/777/195 304/778/195 305/779/195
f 299/777/195 305/779/195 298/780/195
f 298/781/196 305/782/196 306/783/196
f 298/781/196 306/783/196 302/784/196
f 302/785/197 306/786/197 307/787/197
f 302/785/197 307/787/197 303/788/197
f 303/789/198 307/790/198 304/791/198
f 303/789/198 304/791/198 299/792/198
f 308/793/199 317/794/199 316/795/199
f 308/793/199 316/795/199 309/796/199
f 313/797/200 319/798/200 318/799/200
f 313/797/200 318/799/200 312/800/200
f 308/801/201 309/802/201 313/803/201
f 308/801/201 313/803/201 312/804/201
f 311/805/202 310/806/202 314/807/202
f 311/805/202 314/807/202 315/808/202
f 312/809/203 318/810/203 317/811/203
f 312/809/203 317/811/203 308/812/203
f 309/813/204 316/814/204 319/815/204
f 309/813/204 319/815/204 313/816/204
f 311/817/205 316/818/205 317/819/205
f 311/817/205 317/819/205 310/820/205
f 310/821/206 317/822/206 318/823/206
f 310/821/206 318/823/206 314/824/206
f 314/825/207 318/826/207 319/827/207
f 314/825/207 319/827/207 315/828/207
f 315/829/208 319/830/208 316/831/208
f 315/829/208 316/831/208 311/832/208
f 323/833/209 321/834/209 320/835/209
f 323/833/209 320/835/209 322/836/209
f 326/837/210 324/838/210 325/839/210
f 326/837/210 325/839/210 327/840/210
f 323/841/211 322/842/211 326/843/211
f 323/841/211 326/843/211 327/844/211
f 322/845/212 320/846/212 324/847/212
f 322/845/212 324/847/212 326/848/212
f 327/849/213 325/850/213 321/851/213
f 327/849/213 321/851/213 323/852/213
f 331/853/214 329/854/214 328/855/214
f 331/853/214 328/855/214 330/856/214
f 334/857/215 332/858/215 333/859/215
f 334/857/215 333/859/215 335/860/215
f 331/861/216 330/862/216 334/863/216
f 331/861/216 334/863/216 335/864/216
f 330/865/217 328/866/217 332/867/217
f 330/865/217 332/867/217 334/868/217
f 335/869/218 333/870/218 329/871/218
f 335/869/218 329/871/218 331/872/218
f 321/873/219 311/874/219 310/875/219
f 321/873/219 310/875/219 328/876/219
f 332/877/220 314/878/220 315/879/220
f 332/877/220 315/879/220 325/880/220
f 310/881/221 311/882/221 315/883/221
f 310/881/221 315/883/221 314/884/221
f 328/885/222 310/886/222 314/887/222
f 328/885/222 314/887/222 332/888/222
f 325/889/223 315/890/223 311/891/223
f 325/889/223 311/891/223 321/892/223
f 339/893/224 337/894/224 336/895/224
f 339/893/224 336/895/224 338/896/224
f 342/897/225 340/898/225 341/899/225
f 342/897/225 341/899/225 343/900/225
f 339/901/226 338/902/226 342/903/226
f 339/901/226 342/903/226 343/904/226
f 338/905/227 336/906/227 340/907/227
f 338/905/227 340/907/227 342/908/227
f 343/909/228 341/910/228 337/911/228
f 343/909/228 337/911/228 339/912/228
f 347/913/229 345/914/229 344/915/229
f 347/913/229 344/915/229 346/916/229
f 350/917/230 348/918/230 349/919/230
f 350/917/230 349/919/230 351/920/230
f 347/921/231 346/922/231 350/923/231
f 347/921/231 350/923/231 351/924/231
f 346/925/232 344/926/232 348/927/232
f 346/925/232 348/927/232 350/928/232
f 351/929/233 349/930/233 345/931/233
f 351/929/233 345/931/233 347/932/233
f 337/933/234 299/934/234 298/935/234
f 337/933/234 298/935/234 344/936/234
f 348/937/235 302/938/235 303/939/235
f 348/937/235 303/939/235 341/940/235
f 298/941/236 299/942/236 303/943/236
f 298/941/236 303/943/236 302/944/236
f 344/945/237 298/946/237 302/947/237
f 344/945/237 302/947/237 348/948/237
f 341/949/238 303/950/238 299/951/238
f 341/949/238 299/951/238 337/952/238
o upper
v 1.0938 -0.375 2.4063
v 1.1563 -0.375 2.4063
v 1.1563 -0.375 2.3438
v 1.0938 -0.375 2.3438
v 1.0938 -0.9375 2.3438
v 1.1563 -0.9375 2.3438
v 1.1563 -0.9375 2.4063
v 1.0938 -0.9375 2.4063
v 0.9688 -0.3125 2.4063
v 1.2813 -0.3125 2.4063
v 1.2813 -0.3125 2.3438
v 0.9688 -0.3125 2.3438
v 1.0313 -0.375 2.3438
v 1.2188 -0.375 2.3438
v 1.2188 -0.375 2.4063
v 1.0313 -0.375 2.4063
v 1.1875 -0.9062 2.4375
v 1.1875 -0.9062 2.3125
v 1.1875 -1.0312 2.4375
v 1.1875 -1.0312 2.3125
v 1.0625 -0.9062 2.4375
v 1.0625 -0.9062 2.3125
v 1.0625 -1.0312 2.4375
v 1.0625 -1.0312 2.3125
vt 1 0.25
vt 0.9375 0.25
vt 0.9375 0.3125
vt 1 0.3125
vt 1 0.375
vt 0.9375 0.375
vt 0.9375 0.4375
vt 1 0.4375
vt 0.4375 0.5
vt 0.5 0.5
vt 0.5 0
vt 0.4375 0
vt 0.4375 0.5
vt 0.5 0.5
vt 0.5 0.1875
vt 0.4375 0.1875
vt 0.4375 0.5
vt 0.5 0.5
vt 0.5 0
vt 0.4375 0
vt 0.4375 0.5
vt 0.5 0.5
vt 0.5 0
vt 0.4375 0
vt 0.5 0.5
vt 0.5 0.1875
vt 0.4375 0.1875
vt 0.4375 0.5
vt 0.4375 0.5
vt 0.4375 0.3125
vt 0.375 0.3125
vt 0.375 0.5
vt 0.4375 0
vt 0.4375 0.5
vt 0.5 0.375
vt 0.5 0.125
vt 0.4375 0
vt 0.4375 0.5
vt 0.5 0.4375
vt 0.5 0.125
vt 0.4375 0.5
vt 0.5 0.5
vt 0.5 0.375
vt 0.4375 0.375
vt 0.4375 0.5
vt 0.5 0.5
vt 0.5 0.375
vt 0.4375 0.375
vt 0.625 1
vt 0.625 0.875
vt 0.5 0.875
vt 0.5 1
vt 0.625 1
vt 0.625 0.875
vt 0.5 0.875
vt 0.5 1
vt 0.625 0.875
vt 0.625 1
vt 0.5 1
vt 0.5 0.875
vt 0.5 1
vt 0.5 0.875
vt 0.625 0.875
vt 0.625 1
vn 0 1 0
vn 0 -1 0
vn 0 0 1
vn 0 0 -1
vn 1 0 0
vn -1 0 0
vn 0 1 0
vn 0 -1 0
vn 0 0 1
vn 0 0 -1
vn 0.71 -0.71 0
vn -0.71 -0.71 0
vn 0 1 0
vn 0 -1 0
vn 0 0 1
vn 0 0 -1
usemtl inserter
f 352/953/239 353/954/239 354/955/239
f 352/953/239 354/955/239 355/956/239
f 356/957/240 357/958/240 358/959/240
f 356/957/240 358/959/240 359/960/240
f 353/961/241 352/962/241 359/963/241
f 353/961/241 359/963/241 358/964/241
f 355/965/242 354/966/242 357/967/242
f 355/965/242 357/967/242 356/968/242
f 354/969/243 353/970/243 358/971/243
f 354/969/243 358/971/243 357/972/243
f 352/973/244 355/974/244 356/975/244
f 352/973/244 356/975/244 359/976/244
f 360/977/245 361/978/245 362/979/245
f 360/977/245 362/979/245 363/980/245
f 364/981/246 365/982/246 366/983/246
f 364/981/246 366/983/246 367/984/246
f 361/985/247 360/986/247 367/987/247
f 361/985/247 367/987/247 366/988/247
f 363/989/248 362/990/248 365/991/248
f 363/989/248 365/991/248 364/992/248
f 362/993/249 361/994/249 366/995/249
f 362/993/249 366/995/249 365/996/249
f 360/997/250 363/998/250 364/999/250
f 360/997/250 364/999/250 367/1000/250
f 368/1001/251 369/1002/251 373/1003/251
f 368/1001/251 373/1003/251 372/1004/251
f 371/1005/252 370/1006/252 374/1007/252
f 371/1005/252 374/1007/252 375/1008/252
f 370/1009/253 368/1010/253 372/1011/253
f 370/1009/253 372/1011/253 374/1012/253
f 375/1013/254 373/1014/254 369/1015/254
f 375/1013/254 369/1015/254 371/1016/254
o pickerLeft
v 1.2813 -0.125 2.4063
v 1.2813 -0.125 2.3438
v 1.2813 -0.3125 2.4063
v 1.2813 -0.3125 2.3438
v 1.2188 -0.125 2.4063
v 1.2188 -0.125 2.3438
v 1.2188 -0.3125 2.4063
v 1.2188 -0.3125 2.3438
vt 0.6875 0.8125
vt 0.6875 1
vt 0.625 1
vt 0.625 0.8125
vt 0.6875 0.8125
vt 0.6875 1
vt 0.625 1
vt 0.625 0.8125
vt 0.6875 0.9375
vt 0.6875 1
vt 0.625 1
vt 0.625 0.9375
vt 0.6875 0.8125
vt 0.6875 0.875
vt 0.625 0.875
vt 0.625 0.8125
vt 0.6875 0.8125
vt 0.6875 1
vt 0.625 1
vt 0.625 0.8125
vt 0.6875 0.8125
vt 0.6875 1
vt 0.625 1
vt 0.625 0.8125
vn 1 0 0
vn -1 0 0
vn 0 1 0
vn 0 -1 0
vn 0 0 1
vn 0 0 -1
usemtl inserter
f 379/1017/255 377/1018/255 376/1019/255
f 379/1017/255 376/1019/255 378/1020/255
f 382/1021/256 380/1022/256 381/1023/256
f 382/1021/256 381/1023/256 383/1024/256
f 376/1025/257 377/1026/257 381/1027/257
f 376/1025/257 381/1027/257 380/1028/257
f 379/1029/258 378/1030/258 382/1031/258
f 379/1029/258 382/1031/258 383/1032/258
f 378/1033/259 376/1034/259 380/1035/259
f 378/1033/259 380/1035/259 382/1036/259
f 383/1037/260 381/1038/260 377/1039/260
f 383/1037/260 377/1039/260 379/1040/260
o pickerLeft2
v 1.2813 0.0625 2.4063
v 1.2813 0.0625 2.3438
v 1.2813 -0.125 2.4063
v 1.2813 -0.125 2.3438
v 1.2188 0.0625 2.4063
v 1.2188 0.0625 2.3438
v 1.2188 -0.125 2.4063
v 1.2188 -0.125 2.3438
vt 0.6875 0.8125
vt 0.6875 1
vt 0.625 1
vt 0.625 0.8125
vt 0.6875 0.8125
vt 0.6875 1
vt 0.625 1
vt 0.625 0.8125
vt 0.6875 0.9375
vt 0.6875 1
vt 0.625 1
vt 0.625 0.9375
vt 0.6875 0.8125
vt 0.6875 0.875
vt 0.625 0.875
vt 0.625 0.8125
vt 0.6875 0.8125
vt 0.6875 1
vt 0.625 1
vt 0.625 0.8125
vt 0.6875 0.8125
vt 0.6875 1
vt 0.625 1
vt 0.625 0.8125
vn 1 0 0
vn -1 0 0
vn 0 1 0
vn 0 -1 0
vn 0 0 1
vn 0 0 -1
usemtl inserter
f 387/1041/261 385/1042/261 384/1043/261
f 387/1041/261 384/1043/261 386/1044/261
f 390/1045/262 388/1046/262 389/1047/262
f 390/1045/262 389/1047/262 391/1048/262
f 384/1049/263 385/1050/263 389/1051/263
f 384/1049/263 389/1051/263 388/1052/263
f 387/1053/264 386/1054/264 390/1055/264
f 387/1053/264 390/1055/264 391/1056/264
f 386/1057/265 384/1058/265 388/1059/265
f 386/1057/265 388/1059/265 390/1060/265
f 391/1061/266 389/1062/266 385/1063/266
f 391/1061/266 385/1063/266 387/1064/266
o pickerRight
v 1.0313 -0.125 2.4063
v 1.0313 -0.125 2.3438
v 1.0313 -0.3125 2.4063
v 1.0313 -0.3125 2.3438
v 0.9688 -0.125 2.4063
v 0.9688 -0.125 2.3438
v 0.9688 -0.3125 2.4063
v 0.9688 -0.3125 2.3438
vt 0.6875 0.8125
vt 0.6875 1
vt 0.625 1
vt 0.625 0.8125
vt 0.6875 0.8125
vt 0.6875 1
vt 0.625 1
vt 0.625 0.8125
vt 0.6875 0.9375
vt 0.6875 1
vt 0.625 1
vt 0.625 0.9375
vt 0.6875 0.8125
vt 0.6875 0.875
vt 0.625 0.875
vt 0.625 0.8125
vt 0.6875 0.8125
vt 0.6875 1
vt 0.625 1
vt 0.625 0.8125
vt 0.6875 0.8125
vt 0.6875 1
vt 0.625 1
vt 0.625 0.8125
vn 1 0 0
vn -1 0 0
vn 0 1 0
vn 0 -1 0
vn 0 0 1
vn 0 0 -1
usemtl inserter
f 395/1065/267 393/1066/267 392/1067/267
f 395/1065/267 392/1067/267 394/1068/267
f 398/1069/268 396/1070/268 397/1071/268
f 398/1069/268 397/1071/268 399/1072/268
f 392/1073/269 393/1074/269 397/1075/269
f 392/1073/269 397/1075/269 396/1076/269
f 395/1077/270 394/1078/270 398/1079/270
f 395/1077/270 398/1079/270 399/1080/270
f 394/1081/271 392/1082/271 396/1083/271
f 394/1081/271 396/1083/271 398/1084/271
f 399/1085/272 397/1086/272 393/1087/272
f 399/1085/272 393/1087/272 395/1088/272
o pickerRight2
v 1.0313 0.0625 2.4063
v 1.0313 0.0625 2.3438
v 1.0313 -0.125 2.4063
v 1.0313 -0.125 2.3438
v 0.9688 0.0625 2.4063
v 0.9688 0.0625 2.3438
v 0.9688 -0.125 2.4063
v 0.9688 -0.125 2.3438
vt 0.6875 0.8125
vt 0.6875 1
vt 0.625 1
vt 0.625 0.8125
vt 0.6875 0.8125
vt 0.6875 1
vt 0.625 1
vt 0.625 0.8125
vt 0.6875 0.9375
vt 0.6875 1
vt 0.625 1
vt 0.625 0.9375
vt 0.6875 0.8125
vt 0.6875 0.875
vt 0.625 0.875
vt 0.625 0.8125
vt 0.6875 0.8125
vt 0.6875 1
vt 0.625 1
vt 0.625 0.8125
vt 0.6875 0.8125
vt 0.6875 1
vt 0.625 1
vt 0.625 0.8125
vn 1 0 0
vn -1 0 0
vn 0 1 0
vn 0 -1 0
vn 0 0 1
vn 0 0 -1
usemtl inserter
f 403/1089/273 401/1090/273 400/1091/273
f 403/1089/273 400/1091/273 402/1092/273
f 406/1093/274 404/1094/274 405/1095/274
f 406/1093/274 405/1095/274 407/1096/274
f 400/1097/275 401/1098/275 405/1099/275
f 400/1097/275 405/1099/275 404/1100/275
f 403/1101/276 402/1102/276 406/1103/276
f 403/1101/276 406/1103/276 407/1104/276
f 402/1105/277 400/1106/277 404/1107/277
f 402/1105/277 404/1107/277 406/1108/277
f 407/1109/278 405/1110/278 401/1111/278
f 407/1109/278 401/1111/278 403/1112/278
o magazine5
v 0.875 0.0313 2.5313
v 0.875 0.0313 2.2813
v 0.875 -0.0937 2.5313
v 0.875 -0.0937 2.2813
v 1.3125 0.0313 2.5313
v 1.3125 0.0313 2.2813
v 1.3125 -0.0937 2.5313
v 1.3125 -0.0937 2.2813
v 0.875 0.0313 2.6563
v 0.875 0.0313 2.5313
v 0.875 -0.0937 2.6563
v 0.875 -0.0937 2.5313
v 1.0625 0.0313 2.6563
v 1.3125 0.0313 2.5313
v 1.0625 -0.0937 2.6563
v 1.3125 -0.0937 2.5313
v 0.875 0.0313 2.2813
v 1.1875 0.0313 2.1563
v 0.875 -0.0937 2.2813
v 1.1875 -0.0937 2.1563
v 1.3125 0.0313 2.2813
v 1.3125 0.0313 2.1563
v 1.3125 -0.0937 2.2813
v 1.3125 -0.0937 2.1563
vt 0.6875 0.0313
vt 0.75 0.0313
vt 0.75 0
vt 0.6875 0
vt 0.7969 0.0469
vt 0.8594 0.0469
vt 0.8594 0.0156
vt 0.7969 0.0156
vt 0.6406 0.0938
vt 0.75 0.0938
vt 0.75 0.0313
vt 0.6406 0.0313
vt 0.6406 0.1094
vt 0.75 0.1094
vt 0.75 0.0469
vt 0.6406 0.0469
vt 0.6719 0
vt 0.6719 0.0313
vt 0.7031 0.0313
vt 0.7031 0
vt 0.6406 0.0313
vt 0.7105 0.0313
vt 0.7105 0
vt 0.6406 0
vt 0.75 0.0313
vt 0.75 0
vt 0.7031 0
vt 0.6406 0.0313
vt 0.7031 0.0313
vt 0.75 0.0313
vt 0.75 0
vt 0.6406 0
vt 0.6406 0.0313
vt 0.6875 0.0313
vt 0.6875 0
vt 0.6406 0
vt 0.6563 0.0156
vt 0.6563 0.0469
vt 0.7656 0.0469
vt 0.7656 0.0156
vt 0.8125 0.0469
vt 0.8438 0.0469
vt 0.8438 0.0156
vt 0.8125 0.0156
vt 0.6719 0.125
vt 0.75 0.0938
vt 0.6406 0.0938
vt 0.6406 0.125
vt 0.6406 0.0469
vt 0.75 0.0469
vt 0.6719 0.0156
vt 0.6406 0.0156
vt 0.7031 0
vt 0.7031 0.0313
vt 0.7344 0.0313
vt 0.7344 0
vt 0.6563 0
vt 0.6563 0.0313
vt 0.7404 0.0313
vt 0.7404 0
vn -1 0 0
vn 1 0 0
vn 0 1 0
vn 0 -1 0
vn -1 0 0
vn 0.45 0 0.89
vn 0 1 0
vn 0 -1 0
vn 0 0 1
vn 0 0 -1
vn 1 0 0
vn 0 1 0
vn 0 -1 0
vn 0 0 -1
vn -0.37 0 -0.93
usemtl weapon_autocannon
f 408/1113/279 409/1114/279 411/1115/279
f 408/1113/279 411/1115/279 410/1116/279
f 413/1117/280 412/1118/280 414/1119/280
f 413/1117/280 414/1119/280 415/1120/280
f 413/1121/281 409/1122/281 408/1123/281
f 413/1121/281 408/1123/281 412/1124/281
f 414/1125/282 410/1126/282 411/1127/282
f 414/1125/282 411/1127/282 415/1128/282
f 418/1129/283 416/1130/283 417/1131/283
f 418/1129/283 417/1131/283 419/1132/283
f 421/1133/284 420/1134/284 422/1135/284
f 421/1133/284 422/1135/284 423/1136/284
f 417/1137/285 416/1138/285 420/1139/285
f 417/1137/285 420/1139/285 421/1140/285
f 422/1141/286 418/1142/286 419/1143/286
f 422/1141/286 419/1143/286 423/1144/286
f 420/1145/287 416/1146/287 418/1147/287
f 420/1145/287 418/1147/287 422/1148/287
f 419/1149/288 417/1150/288 421/1151/288
f 419/1149/288 421/1151/288 423/1152/288
f 429/1153/289 428/1154/289 430/1155/289
f 429/1153/289 430/1155/289 431/1156/289
f 425/1157/290 424/1158/290 428/1159/290
f 425/1157/290 428/1159/290 429/1160/290
f 430/1161/291 426/1162/291 427/1163/291
f 430/1161/291 427/1163/291 431/1164/291
f 427/1165/292 425/1166/292 429/1167/292
f 427/1165/292 429/1167/292 431/1168/292
f 426/1169/293 424/1170/293 425/1171/293
f 426/1169/293 425/1171/293 427/1172/293
o camera
v 1.3406 -0.8125 2.3438
v 1.3406 -0.8125 1.9063
v 1.3406 -0.875 2.3438
v 1.3406 -0.875 1.9063
v 0.9031 -0.8125 2.3438
v 0.9031 -0.8125 1.9063
v 0.9031 -0.875 2.3438
v 0.9031 -0.875 1.9063
v 1.3094 -0.6875 2.3125
v 1.3094 -0.6875 1.9375
v 1.2469 -0.75 2.25
v 1.2469 -0.75 2
v 0.9344 -0.6875 2.3125
v 0.9344 -0.6875 1.9375
v 0.9969 -0.75 2.25
v 0.9969 -0.75 2
v 1.3094 -0.8125 2.3125
v 1.3094 -0.8125 1.9375
v 0.9344 -0.8125 2.3125
v 0.9344 -0.8125 1.9375
v 1.2469 -0.625 2.25
v 1.2469 -0.625 2
v 0.9969 -0.625 2.25
v 0.9969 -0.625 2
v 1.2781 -0.5625 2.2813
v 1.2781 -0.5625 1.9688
v 1.2156 -0.625 2.2188
v 1.2156 -0.625 2.0313
v 0.9656 -0.5625 2.2813
v 0.9656 -0.5625 1.9688
v 1.0281 -0.625 2.2188
v 1.0281 -0.625 2.0313
v 1.2156 -0.5 2.2188
v 1.2156 -0.5 2.0313
v 1.0281 -0.5 2.2188
v 1.0281 -0.5 2.0313
v 1.2156 -0.3125 2.2188
v 1.2156 -0.3125 2.0313
v 1.2156 -0.375 2.2188
v 1.2156 -0.375 2.0313
v 1.0281 -0.3125 2.2188
v 1.0281 -0.3125 2.0313
v 1.0281 -0.375 2.2188
v 1.0281 -0.375 2.0313
v 1.2156 -0.4375 2.2188
v 1.2156 -0.4375 2.0313
v 1.1844 -0.5 2.1875
v 1.1844 -0.5 2.0625
v 1.0281 -0.4375 2.2188
v 1.0281 -0.4375 2.0313
v 1.0594 -0.5 2.1875
v 1.0594 -0.5 2.0625
v 1.1844 -0.375 2.1875
v 1.1844 -0.375 2.0625
v 1.0594 -0.375 2.1875
v 1.0594 -0.375 2.0625
v 1.0281 -0.3125 2.2813
v 1.0281 -0.3125 2.0938
v 1.0281 -0.375 2.2813
v 1.0281 -0.375 2.0938
v 0.9656 -0.3125 2.2813
v 0.9656 -0.3125 2.0938
v 0.9656 -0.375 2.2813
v 0.9656 -0.375 2.0938
v 1.2781 -0.3125 2.2813
v 1.2781 -0.3125 2.0938
v 1.2781 -0.375 2.2813
v 1.2781 -0.375 2.0938
v 1.2156 -0.3125 2.2813
v 1.2156 -0.3125 2.0938
v 1.2156 -0.375 2.2813
v 1.2156 -0.375 2.0938
v 1.2156 -0.3125 2.3438
v 1.2156 -0.375 2.3438
v 1.0281 -0.3125 2.3438
v 1.0281 -0.375 2.3438
vt 0.5625 0.25
vt 0.5 0.25
vt 0.5 0.625
vt 0.5625 0.625
vt 0.875 0.625
vt 0.8125 0.625
vt 0.8125 0.25
vt 0.875 0.25
vt 0.875 0.625
vt 0.875 0.25
vt 0.5 0.25
vt 0.5 0.625
vt 0.875 0.25
vt 0.875 0.625
vt 0.5 0.625
vt 0.5 0.25
vt 0.875 0.5625
vt 0.875 0.625
vt 0.5 0.625
vt 0.5 0.5625
vt 0.875 0.25
vt 0.875 0.3125
vt 0.5 0.3125
vt 0.5 0.25
vt 1 0.625
vt 0.9375 0.625
vt 0.9375 0.3125
vt 1 0.3125
vt 1 0.625
vt 0.9375 0.625
vt 0.9375 0.3125
vt 1 0.3125
vt 1 0.625
vt 0.9375 0.625
vt 0.9375 0.3125
vt 1 0.3125
vt 1 0.625
vt 0.9375 0.625
vt 0.9375 0.3125
vt 1 0.3125
vt 0.9375 0.625
vt 0.875 0.625
vt 0.875 0.3125
vt 0.9375 0.3125
vt 0.9375 0.625
vt 0.875 0.625
vt 0.875 0.3125
vt 0.9375 0.3125
vt 0.9375 0.625
vt 0.875 0.625
vt 0.875 0.3125
vt 0.9375 0.3125
vt 0.9375 0.625
vt 0.875 0.625
vt 0.875 0.3125
vt 0.9375 0.3125
vt 0.9375 0.625
vt 0.875 0.625
vt 0.875 0.3125
vt 0.9375 0.3125
vt 0.9375 0.625
vt 0.875 0.625
vt 0.875 0.3125
vt 0.9375 0.3125
vt 0.9375 0.625
vt 0.875 0.625
vt 0.875 0.3125
vt 0.9375 0.3125
vt 0.9375 0.625
vt 0.875 0.625
vt 0.875 0.3125
vt 0.9375 0.3125
vt 0.9063 0.3125
vt 0.9063 0.375
vt 0.875 0.375
vt 0.875 0.3125
vt 1 0.3125
vt 0.9375 0.3125
vt 0.9375 0.0625
vt 1 0.0625
vt 1 0.3125
vt 0.9375 0.3125
vt 0.9375 0.0625
vt 1 0.0625
vt 1 0.3125
vt 0.9375 0.3125
vt 0.9375 0.0625
vt 1 0.0625
vt 1 0.3125
vt 0.9375 0.3125
vt 0.9375 0.0625
vt 1 0.0625
vt 0.9375 0.3125
vt 0.875 0.3125
vt 0.875 0.0625
vt 0.9375 0.0625
vt 0.9375 0.3125
vt 0.875 0.3125
vt 0.875 0.0625
vt 0.9375 0.0625
vt 0.9063 0.3125
vt 0.9063 0.375
vt 0.875 0.375
vt 0.875 0.3125
vt 0.9375 0.3125
vt 0.875 0.3125
vt 0.875 0.0625
vt 0.9375 0.0625
vt 0.9375 0.3125
vt 0.875 0.3125
vt 0.875 0.0625
vt 0.9375 0.0625
vt 0.6875 0.25
vt 0.625 0.25
vt 0.625 0.0625
vt 0.6875 0.0625
vt 0.5625 0.25
vt 0.5 0.25
vt 0.5 0.0625
vt 0.5625 0.0625
vt 0.6875 0.0625
vt 0.6875 0.25
vt 0.5 0.25
vt 0.5 0.0625
vt 0.6875 0.0625
vt 0.6875 0.25
vt 0.5 0.25
vt 0.5 0.0625
vt 0.6875 0.1875
vt 0.6875 0.25
vt 0.5 0.25
vt 0.5 0.1875
vt 0.6875 0.0625
vt 0.6875 0.125
vt 0.5 0.125
vt 0.5 0.0625
vt 0.875 0.25
vt 0.8125 0.25
vt 0.8125 0.0625
vt 0.875 0.0625
vt 0.875 0.25
vt 0.8125 0.25
vt 0.8125 0.0625
vt 0.875 0.0625
vt 0.875 0.0625
vt 0.8125 0.0625
vt 0.8125 0.25
vt 0.875 0.25
vt 0.875 0.0625
vt 0.8125 0.0625
vt 0.8125 0.25
vt 0.875 0.25
vt 0.8125 0.25
vt 0.75 0.25
vt 0.75 0.0625
vt 0.8125 0.0625
vt 0.8125 0.25
vt 0.75 0.25
vt 0.75 0.0625
vt 0.8125 0.0625
vt 0.8125 0.0625
vt 0.75 0.0625
vt 0.75 0.25
vt 0.8125 0.25
vt 0.8125 0.0625
vt 0.75 0.0625
vt 0.75 0.25
vt 0.8125 0.25
vt 0.4375 0.3125
vt 0.4375 0.5
vt 0.375 0.5
vt 0.375 0.3125
vt 0.4375 0.3125
vt 0.4375 0.5
vt 0.375 0.5
vt 0.375 0.3125
vt 0.4375 0.3125
vt 0.4375 0.5
vt 0.375 0.5
vt 0.375 0.3125
vt 0.4375 0.3125
vt 0.4375 0.5
vt 0.375 0.5
vt 0.375 0.3125
vt 0.4375 0.4375
vt 0.4375 0.5
vt 0.375 0.5
vt 0.375 0.4375
vt 0.5 0.3125
vt 0.5 0.5
vt 0.4375 0.5
vt 0.4375 0.3125
vt 0.5 0.3125
vt 0.5 0.5
vt 0.4375 0.5
vt 0.4375 0.3125
vt 0.5 0.3125
vt 0.5 0.5
vt 0.4375 0.5
vt 0.4375 0.3125
vt 0.5 0.3125
vt 0.5 0.5
vt 0.4375 0.5
vt 0.4375 0.3125
vt 0.5 0.4375
vt 0.5 0.5
vt 0.4375 0.5
vt 0.4375 0.4375
vt 0.4375 0.0625
vt 0.4375 0.125
vt 0.375 0.125
vt 0.375 0.0625
vt 0.4375 0.3125
vt 0.4375 0.375
vt 0.375 0.375
vt 0.375 0.3125
vt 0.375 0.3125
vt 0.4375 0.375
vt 0.4375 0.0625
vt 0.375 0.125
vt 0.375 0.3125
vt 0.4375 0.375
vt 0.4375 0.0625
vt 0.375 0.125
vt 0.4375 0.375
vt 0.375 0.375
vt 0.375 0.0625
vt 0.4375 0.0625
vn 1 0 0
vn -1 0 0
vn 0 1 0
vn 0 -1 0
vn 0 0 1
vn 0 0 -1
vn 0.71 -0.71 0
vn -0.71 -0.71 0
vn 0 -0.71 0.71
vn 0 -0.71 -0.71
vn 0.71 0.71 0
vn -0.71 0.71 0
vn 0 0.71 0.71
vn 0 0.71 -0.71
vn 0.71 0.71 0
vn -0.71 0.71 0
vn 0 0.71 0.71
vn 0 0.71 -0.71
vn 0 1 0
vn 0.71 -0.71 0
vn -0.71 -0.71 0
vn 0 -0.71 0.71
vn 0 -0.71 -0.71
vn 0.71 0.71 0
vn -0.71 0.71 0
vn 0 1 0
vn 0 0.71 0.71
vn 0 0.71 -0.71
vn 1 0 0
vn -1 0 0
vn 0 1 0
vn 0 -1 0
vn 0 0 1
vn 0 0 -1
vn 0.89 -0.45 0
vn -0.89 -0.45 0
vn 0 -0.45 0.89
vn 0 -0.45 -0.89
vn 0.89 0.45 0
vn -0.89 0.45 0
vn 0 0.45 0.89
vn 0 0.45 -0.89
vn 1 0 0
vn -1 0 0
vn 0 1 0
vn 0 -1 0
vn 0 0 -1
vn 1 0 0
vn -1 0 0
vn 0 1 0
vn 0 -1 0
vn 0 0 -1
vn 0.71 0 0.71
vn -0.71 0 0.71
vn 0 1 0
vn 0 -1 0
vn 0 0 -1
usemtl inserter
f 435/1173/294 433/1174/294 432/1175/294
f 435/1173/294 432/1175/294 434/1176/294
f 438/1177/295 436/1178/295 437/1179/295
f 438/1177/295 437/1179/295 439/1180/295
f 432/1181/296 433/1182/296 437/1183/296
f 432/1181/296 437/1183/296 436/1184/296
f 435/1185/297 434/1186/297 438/1187/297
f 435/1185/297 438/1187/297 439/1188/297
f 434/1189/298 432/1190/298 436/1191/298
f 434/1189/298 436/1191/298 438/1192/298
f 439/1193/299 437/1194/299 433/1195/299
f 439/1193/299 433/1195/299 435/1196/299
f 443/1197/300 441/1198/300 440/1199/300
f 443/1197/300 440/1199/300 442/1200/300
f 446/1201/301 444/1202/301 445/1203/301
f 446/1201/301 445/1203/301 447/1204/301
f 442/1205/302 440/1206/302 444/1207/302
f 442/1205/302 444/1207/302 446/1208/302
f 447/1209/303 445/1210/303 441/1211/303
f 447/1209/303 441/1211/303 443/1212/303
f 449/1213/304 443/1214/304 442/1215/304
f 449/1213/304 442/1215/304 448/1216/304
f 450/1217/305 446/1218/305 447/1219/305
f 450/1217/305 447/1219/305 451/1220/305
f 448/1221/306 442/1222/306 446/1223/306
f 448/1221/306 446/1223/306 450/1224/306
f 451/1225/307 447/1226/307 443/1227/307
f 451/1225/307 443/1227/307 449/1228/307
f 441/1229/308 453/1230/308 452/1231/308
f 441/1229/308 452/1231/308 440/1232/308
f 444/1233/309 454/1234/309 455/1235/309
f 444/1233/309 455/1235/309 445/1236/309
f 440/1237/310 452/1238/310 454/1239/310
f 440/1237/310 454/1239/310 444/1240/310
f 445/1241/311 455/1242/311 453/1243/311
f 445/1241/311 453/1243/311 441/1244/311
f 452/1245/312 453/1246/312 455/1247/312
f 452/1245/312 455/1247/312 454/1248/312
f 459/1249/313 457/1250/313 456/1251/313
f 459/1249/313 456/1251/313 458/1252/313
f 462/1253/314 460/1254/314 461/1255/314
f 462/1253/314 461/1255/314 463/1256/314
f 458/1257/315 456/1258/315 460/1259/315
f 458/1257/315 460/1259/315 462/1260/315
f 463/1261/316 461/1262/316 457/1263/316
f 463/1261/316 457/1263/316 459/1264/316
f 457/1265/317 465/1266/317 464/1267/317
f 457/1265/317 464/1267/317 456/1268/317
f 460/1269/318 466/1270/318 467/1271/318
f 460/1269/318 467/1271/318 461/1272/318
f 464/1273/319 465/1274/319 467/1275/319
f 464/1273/319 467/1275/319 466/1276/319
f 456/1277/320 464/1278/320 466/1279/320
f 456/1277/320 466/1279/320 460/1280/320
f 461/1281/321 467/1282/321 465/1283/321
f 461/1281/321 465/1283/321 457/1284/321
f 471/1285/322 469/1286/322 468/1287/322
f 471/1285/322 468/1287/322 470/1288/322
f 474/1289/323 472/1290/323 473/1291/323
f 474/1289/323 473/1291/323 475/1292/323
f 468/1293/324 469/1294/324 473/1295/324
f 468/1293/324 473/1295/324 472/1296/324
f 471/1297/325 470/1298/325 474/1299/325
f 471/1297/325 474/1299/325 475/1300/325
f 470/1301/326 468/1302/326 472/1303/326
f 470/1301/326 472/1303/326 474/1304/326
f 475/1305/327 473/1306/327 469/1307/327
f 475/1305/327 469/1307/327 471/1308/327
f 479/1309/328 477/1310/328 476/1311/328
f 479/1309/328 476/1311/328 478/1312/328
f 482/1313/329 480/1314/329 481/1315/329
f 482/1313/329 481/1315/329 483/1316/329
f 478/1317/330 476/1318/330 480/1319/330
f 478/1317/330 480/1319/330 482/1320/330
f 483/1321/331 481/1322/331 477/1323/331
f 483/1321/331 477/1323/331 479/1324/331
f 477/1325/332 485/1326/332 484/1327/332
f 477/1325/332 484/1327/332 476/1328/332
f 480/1329/333 486/1330/333 487/1331/333
f 480/1329/333 487/1331/333 481/1332/333
f 476/1333/334 484/1334/334 486/1335/334
f 476/1333/334 486/1335/334 480/1336/334
f 481/1337/335 487/1338/335 485/1339/335
f 481/1337/335 485/1339/335 477/1340/335
f 491/1341/336 489/1342/336 488/1343/336
f 491/1341/336 488/1343/336 490/1344/336
f 494/1345/337 492/1346/337 493/1347/337
f 494/1345/337 493/1347/337 495/1348/337
f 488/1349/338 489/1350/338 493/1351/338
f 488/1349/338 493/1351/338 492/1352/338
f 491/1353/339 490/1354/339 494/1355/339
f 491/1353/339 494/1355/339 495/1356/339
f 495/1357/340 493/1358/340 489/1359/340
f 495/1357/340 489/1359/340 491/1360/340
f 499/1361/341 497/1362/341 496/1363/341
f 499/1361/341 496/1363/341 498/1364/341
f 502/1365/342 500/1366/342 501/1367/342
f 502/1365/342 501/1367/342 503/1368/342
f 496/1369/343 497/1370/343 501/1371/343
f 496/1369/343 501/1371/343 500/1372/343
f 499/1373/344 498/1374/344 502/1375/344
f 499/1373/344 502/1375/344 503/1376/344
f 503/1377/345 501/1378/345 497/1379/345
f 503/1377/345 497/1379/345 499/1380/345
f 498/1381/346 496/1382/346 504/1383/346
f 498/1381/346 504/1383/346 505/1384/346
f 507/1385/347 506/1386/347 492/1387/347
f 507/1385/347 492/1387/347 494/1388/347
f 504/1389/348 496/1390/348 492/1391/348
f 504/1389/348 492/1391/348 506/1392/348
f 498/1393/349 505/1394/349 507/1395/349
f 498/1393/349 507/1395/349 494/1396/349
f 494/1397/350 492/1398/350 496/1399/350
f 494/1397/350 496/1399/350 498/1400/350
o ammobox
v 0.125 -1.8281 2.5625
v 0.125 -1.8281 2.4375
v 0.125 -1.9531 2.5625
v 0.125 -1.9531 2.4375
v 0 -1.8281 2.5625
v 0 -1.8281 2.4375
v 0 -1.9531 2.5625
v 0 -1.9531 2.4375
v 0.125 -1.8281 2.3125
v 0.125 -1.8281 2.1875
v 0.125 -1.9531 2.3125
v 0.125 -1.9531 2.1875
v 0 -1.8281 2.3125
v 0 -1.8281 2.1875
v 0 -1.9531 2.3125
v 0 -1.9531 2.1875
v 0.8125 -1.875 2.625
v 0.8125 -1.875 2.125
v 0.8125 -2.4375 2.625
v 0.8125 -2.4375 2.125
v 0.0625 -1.875 2.625
v 0.0625 -1.875 2.125
v 0.0625 -2.4375 2.625
v 0.0625 -2.4375 2.125
vt 0.3438 0.4375
vt 0.3438 0.4688
vt 0.3125 0.4688
vt 0.3125 0.4375
vt 0.375 0.4375
vt 0.375 0.4688
vt 0.3438 0.4688
vt 0.3438 0.4375
vt 0.4063 0.4375
vt 0.4063 0.4688
vt 0.375 0.4688
vt 0.375 0.4375
vt 0.4375 0.4375
vt 0.4375 0.4688
vt 0.4063 0.4688
vt 0.4063 0.4375
vt 0.375 0.4375
vt 0.375 0.4688
vt 0.3438 0.4688
vt 0.3438 0.4375
vt 0.3438 0.4375
vt 0.3438 0.4688
vt 0.3125 0.4688
vt 0.3125 0.4375
vt 0.375 0.4375
vt 0.375 0.4688
vt 0.3438 0.4688
vt 0.3438 0.4375
vt 0.4063 0.4375
vt 0.4063 0.4688
vt 0.375 0.4688
vt 0.375 0.4375
vt 0.4375 0.4375
vt 0.4375 0.4688
vt 0.4063 0.4688
vt 0.4063 0.4375
vt 0.375 0.4375
vt 0.375 0.4688
vt 0.3438 0.4688
vt 0.3438 0.4375
vt 0.375 0.5
vt 0.375 0.6406
vt 0.25 0.6406
vt 0.25 0.5
vt 0.375 0.5
vt 0.375 0.6406
vt 0.25 0.6406
vt 0.25 0.5
vt 0.5625 0.6406
vt 0.5625 0.7656
vt 0.375 0.7656
vt 0.375 0.6406
vt 0.5625 0.7813
vt 0.5625 0.9063
vt 0.375 0.9063
vt 0.375 0.7813
vt 0.75 0.5
vt 0.75 0.6406
vt 0.5625 0.6406
vt 0.5625 0.5
vt 0.5625 0.5
vt 0.5625 0.6406
vt 0.375 0.6406
vt 0.375 0.5
vn -1 0 0
vn 0 1 0
vn 0 -1 0
vn 0 0 1
vn 0 0 -1
vn -1 0 0
vn 0 1 0
vn 0 -1 0
vn 0 0 1
vn 0 0 -1
vn 1 0 0
vn -1 0 0
vn 0 1 0
vn 0 -1 0
vn 0 0 1
vn 0 0 -1
usemtl weapon_autocannon
f 514/1401/351 512/1402/351 513/1403/351
f 514/1401/351 513/1403/351 515/1404/351
f 508/1405/352 509/1406/352 513/1407/352
f 508/1405/352 513/1407/352 512/1408/352
f 511/1409/353 510/1410/353 514/1411/353
f 511/1409/353 514/1411/353 515/1412/353
f 510/1413/354 508/1414/354 512/1415/354
f 510/1413/354 512/1415/354 514/1416/354
f 515/1417/355 513/1418/355 509/1419/355
f 515/1417/355 509/1419/355 511/1420/355
f 522/1421/356 520/1422/356 521/1423/356
f 522/1421/356 521/1423/356 523/1424/356
f 516/1425/357 517/1426/357 521/1427/357
f 516/1425/357 521/1427/357 520/1428/357
f 519/1429/358 518/1430/358 522/1431/358
f 519/1429/358 522/1431/358 523/1432/358
f 518/1433/359 516/1434/359 520/1435/359
f 518/1433/359 520/1435/359 522/1436/359
f 523/1437/360 521/1438/360 517/1439/360
f 523/1437/360 517/1439/360 519/1440/360
f 527/1441/361 525/1442/361 524/1443/361
f 527/1441/361 524/1443/361 526/1444/361
f 530/1445/362 528/1446/362 529/1447/362
f 530/1445/362 529/1447/362 531/1448/362
f 524/1449/363 525/1450/363 529/1451/363
f 524/1449/363 529/1451/363 528/1452/363
f 527/1453/364 526/1454/364 530/1455/364
f 527/1453/364 530/1455/364 531/1456/364
f 526/1457/365 524/1458/365 528/1459/365
f 526/1457/365 528/1459/365 530/1460/365
f 531/1461/366 529/1462/366 525/1463/366
f 531/1461/366 525/1463/366 527/1464/366
o open
v 0.875 -1.8437 2.5
v 0.875 -1.8437 2.25
v 0.875 -1.9687 2.5
v 0.875 -1.9687 2.25
v 0.8125 -1.8437 2.5
v 0.8125 -1.8437 2.25
v 0.8125 -1.9687 2.5
v 0.8125 -1.9687 2.25
v 0.8125 -1.8125 2.625
v 0.8125 -1.8125 2.125
v 0.8125 -1.875 2.625
v 0.8125 -1.875 2.125
v 0.0625 -1.8125 2.625
v 0.0625 -1.8125 2.125
v 0.0625 -1.875 2.625
v 0.0625 -1.875 2.125
vt 0.8125 0.1719
vt 0.8125 0.2031
vt 0.75 0.2031
vt 0.75 0.1719
vt 0.8125 0.1719
vt 0.8125 0.2031
vt 0.75 0.2031
vt 0.75 0.1719
vt 0.8125 0.1719
vt 0.8125 0.2344
vt 0.7969 0.2344
vt 0.7969 0.1719
vt 0.8125 0.1719
vt 0.8125 0.2344
vt 0.7969 0.2344
vt 0.7969 0.1719
vt 0.8125 0.1719
vt 0.8125 0.2031
vt 0.7969 0.2031
vt 0.7969 0.1719
vt 0.8125 0.1719
vt 0.8125 0.2031
vt 0.7969 0.2031
vt 0.7969 0.1719
vt 0.5625 0.7813
vt 0.5625 0.7969
vt 0.4375 0.7969
vt 0.4375 0.7813
vt 0.5625 0.7813
vt 0.5625 0.7969
vt 0.4375 0.7969
vt 0.4375 0.7813
vt 0.5625 0.7813
vt 0.5625 0.9063
vt 0.375 0.9063
vt 0.375 0.7813
vt 0.5625 0.7813
vt 0.5625 0.9063
vt 0.375 0.9063
vt 0.375 0.7813
vt 0.5625 0.7813
vt 0.5625 0.7969
vt 0.375 0.7969
vt 0.375 0.7813
vt 0.5625 0.7813
vt 0.5625 0.7969
vt 0.375 0.7969
vt 0.375 0.7813
vn 1 0 0
vn -1 0 0
vn 0 1 0
vn 0 -1 0
vn 0 0 1
vn 0 0 -1
vn 1 0 0
vn -1 0 0
vn 0 1 0
vn 0 -1 0
vn 0 0 1
vn 0 0 -1
usemtl weapon_autocannon
f 535/1465/367 533/1466/367 532/1467/367
f 535/1465/367 532/1467/367 534/1468/367
f 538/1469/368 536/1470/368 537/1471/368
f 538/1469/368 537/1471/368 539/1472/368
f 532/1473/369 533/1474/369 537/1475/369
f 532/1473/369 537/1475/369 536/1476/369
f 535/1477/370 534/1478/370 538/1479/370
f 535/1477/370 538/1479/370 539/1480/370
f 534/1481/371 532/1482/371 536/1483/371
f 534/1481/371 536/1483/371 538/1484/371
f 539/1485/372 537/1486/372 533/1487/372
f 539/1485/372 533/1487/372 535/1488/372
f 543/1489/373 541/1490/373 540/1491/373
f 543/1489/373 540/1491/373 542/1492/373
f 546/1493/374 544/1494/374 545/1495/374
f 546/1493/374 545/1495/374 547/1496/374
f 540/1497/375 541/1498/375 545/1499/375
f 540/1497/375 545/1499/375 544/1500/375
f 543/1501/376 542/1502/376 546/1503/376
f 543/1501/376 546/1503/376 547/1504/376
f 542/1505/377 540/1506/377 544/1507/377
f 542/1505/377 544/1507/377 546/1508/377
f 547/1509/378 545/1510/378 541/1511/378
f 547/1509/378 541/1511/378 543/1512/378
o turret_door2
v 1.5 -0.699 1.0647
v 1.5 -0.6914 1.0026
v 1.5 -1.0712 1.019
v 1.5 -1.0636 0.9569
v 0.75 -0.699 1.0647
v 0.75 -0.6914 1.0026
v 0.75 -1.0712 1.019
v 0.75 -1.0636 0.9569
vt 0.9844 0.9063
vt 0.9844 1
vt 1 1
vt 1 0.9063
vt 0.9844 0.9063
vt 0.9844 1
vt 1 1
vt 1 0.9063
vt 0.8125 1
vt 0.8125 0.9844
vt 0.625 0.9844
vt 0.625 1
vt 1 0.0938
vt 1 0.1094
vt 0.8594 0.1094
vt 0.8594 0.0938
vt 0.625 0.9063
vt 0.625 1
vt 0.8125 1
vt 0.8125 0.9063
vt 0.8125 0.9063
vt 0.8125 1
vt 1 1
vt 1 0.9063
vn 1 0 0
vn -1 0 0
vn 0 0.99 0.12
vn 0 -0.99 -0.12
vn 0 -0.12 0.99
vn 0 0.12 -0.99
usemtl weapon_autocannon
f 551/1513/379 549/1514/379 548/1515/379
f 551/1513/379 548/1515/379 550/1516/379
f 554/1517/380 552/1518/380 553/1519/380
f 554/1517/380 553/1519/380 555/1520/380
f 548/1521/381 549/1522/381 553/1523/381
f 548/1521/381 553/1523/381 552/1524/381
f 551/1525/382 550/1526/382 554/1527/382
f 551/1525/382 554/1527/382 555/1528/382
f 550/1529/383 548/1530/383 552/1531/383
f 550/1529/383 552/1531/383 554/1532/383
f 555/1533/384 553/1534/384 549/1535/384
f 555/1533/384 549/1535/384 551/1536/384
o turret_door1
v 0.25 -0.699 1.0647
v 0.25 -0.6914 1.0026
v 0.25 -1.0712 1.019
v 0.25 -1.0636 0.9569
v -0.5 -0.699 1.0647
v -0.5 -0.6914 1.0026
v -0.5 -1.0712 1.019
v -0.5 -1.0636 0.9569
vt 0.9844 0.9063
vt 0.9844 1
vt 1 1
vt 1 0.9063
vt 0.9844 0.9063
vt 0.9844 1
vt 1 1
vt 1 0.9063
vt 0.8125 1
vt 0.8125 0.9844
vt 0.625 0.9844
vt 0.625 1
vt 1 0.0938
vt 1 0.1094
vt 0.8594 0.1094
vt 0.8594 0.0938
vt 0.625 0.9063
vt 0.625 1
vt 0.8125 1
vt 0.8125 0.9063
vt 0.8125 0.9063
vt 0.8125 1
vt 1 1
vt 1 0.9063
vn 1 0 0
vn -1 0 0
vn 0 0.99 0.12
vn 0 -0.99 -0.12
vn 0 -0.12 0.99
vn 0 0.12 -0.99
usemtl weapon_autocannon
f 559/1537/385 557/1538/385 556/1539/385
f 559/1537/385 556/1539/385 558/1540/385
f 562/1541/386 560/1542/386 561/1543/386
f 562/1541/386 561/1543/386 563/1544/386
f 556/1545/387 557/1546/387 561/1547/387
f 556/1545/387 561/1547/387 560/1548/387
f 559/1549/388 558/1550/388 562/1551/388
f 559/1549/388 562/1551/388 563/1552/388
f 558/1553/389 556/1554/389 560/1555/389
f 558/1553/389 560/1555/389 562/1556/389
f 563/1557/390 561/1558/390 557/1559/390
f 563/1557/390 557/1559/390 559/1560/390
o gun
v 0.1875 -1.375 1.75
v 0.1875 -1.375 1.25
v 0.1875 -1.875 1.75
v 0.1875 -1.875 1.25
v 0.0625 -1.375 1.75
v 0.0625 -1.375 1.25
v 0.0625 -1.875 1.75
v 0.0625 -1.875 1.25
v 0.9375 -1.375 1.75
v 0.9375 -1.375 1.25
v 0.9375 -1.875 1.75
v 0.9375 -1.875 1.25
v 0.8125 -1.375 1.75
v 0.8125 -1.375 1.25
v 0.8125 -1.875 1.75
v 0.8125 -1.875 1.25
v 0.5 -1.375 1.75
v 0.5 -1.375 1.25
v 0.5 -1.875 1.75
v 0.5 -1.875 1.25
v 0.375 -1.375 1.75
v 0.375 -1.375 1.25
v 0.375 -1.875 1.75
v 0.375 -1.875 1.25
v 0.625 -1.375 1.75
v 0.625 -1.375 1.25
v 0.625 -1.875 1.75
v 0.625 -1.875 1.25
v 0.5 -1.375 1.75
v 0.5 -1.375 1.25
v 0.5 -1.875 1.75
v 0.5 -1.875 1.25
v 0.8125 -1.5 1.625
v 0.8125 -1.5 1.375
v 0.8125 -1.75 1.625
v 0.8125 -1.75 1.375
v 0.625 -1.5 1.625
v 0.625 -1.5 1.375
v 0.625 -1.75 1.625
v 0.625 -1.75 1.375
v 0.375 -1.5 1.625
v 0.375 -1.5 1.375
v 0.375 -1.75 1.625
v 0.375 -1.75 1.375
v 0.1875 -1.5 1.625
v 0.1875 -1.5 1.375
v 0.1875 -1.75 1.625
v 0.1875 -1.75 1.375
v -0.1875 -1.5312 1.25
v -0.1875 -1.5312 0.75
v -0.1875 -1.3437 1.25
v -0.1875 -1.3437 0.75
v 0 -1.5312 1.25
v 0 -1.5312 0.75
v 0 -1.3437 1.25
v 0 -1.3437 0.75
v -0.0312 -1.5 0.6875
v 0 -1.5312 0.75
v -0.0312 -1.375 0.6875
v 0 -1.3437 0.75
v -0.1562 -1.5 0.6875
v -0.1875 -1.5312 0.75
v -0.1562 -1.375 0.6875
v -0.1875 -1.3437 0.75
v -0.25 -1.5625 1.875
v -0.25 -1.5625 1.25
v -0.25 -1.3125 1.875
v -0.25 -1.3125 1.25
v 0.0625 -1.5625 1.875
v 0.0625 -1.5625 1.25
v 0.0625 -1.3125 1.875
v 0.0625 -1.3125 1.25
v -0.125 -1.5625 1.875
v -0.125 -1.3125 1.875
v -0.125 -1.3125 1.25
v -0.125 -1.5625 1.25
v -0.3125 -1.5 1.875
v -0.3125 -1.5 1.25
v -0.3125 -1.3125 1.875
v -0.3125 -1.3125 1.25
v -0.25 -1.5 1.875
v -0.25 -1.5 1.25
v -0.25 -1.3125 1.875
v -0.25 -1.3125 1.25
v -0.1875 -1.9062 1.25
v -0.1875 -1.9062 0.75
v -0.1875 -1.7187 1.25
v -0.1875 -1.7187 0.75
v 0 -1.9062 1.25
v 0 -1.9062 0.75
v 0 -1.7187 1.25
v 0 -1.7187 0.75
v -0.0312 -1.875 0.6875
v 0 -1.9062 0.75
v -0.0312 -1.75 0.6875
v 0 -1.7187 0.75
v -0.1562 -1.875 0.6875
v -0.1875 -1.9062 0.75
v -0.1562 -1.75 0.6875
v -0.1875 -1.7187 0.75
v -0.25 -1.9375 1.875
v -0.25 -1.9375 1.25
v -0.25 -1.6875 1.875
v -0.25 -1.6875 1.25
v 0.0625 -1.9375 1.875
v 0.0625 -1.9375 1.25
v 0.0625 -1.6875 1.875
v 0.0625 -1.6875 1.25
v -0.125 -1.9375 1.875
v -0.125 -1.6875 1.875
v -0.125 -1.6875 1.25
v -0.125 -1.9375 1.25
v -0.3125 -1.875 1.875
v -0.3125 -1.875 1.25
v -0.3125 -1.6875 1.875
v -0.3125 -1.6875 1.25
v -0.25 -1.875 1.875
v -0.25 -1.875 1.25
v -0.25 -1.6875 1.875
v -0.25 -1.6875 1.25
v 1.1875 -1.3437 1.25
v 1.1875 -1.3437 0.75
v 1.1875 -1.5312 1.25
v 1.1875 -1.5312 0.75
v 1 -1.3437 1.25
v 1 -1.3437 0.75
v 1 -1.5312 1.25
v 1 -1.5312 0.75
v 1.0313 -1.375 0.6875
v 1 -1.3437 0.75
v 1.0313 -1.5 0.6875
v 1 -1.5312 0.75
v 1.1563 -1.375 0.6875
v 1.1875 -1.3437 0.75
v 1.1563 -1.5 0.6875
v 1.1875 -1.5312 0.75
v 1.25 -1.3125 1.875
v 1.25 -1.3125 1.25
v 1.25 -1.5625 1.875
v 1.25 -1.5625 1.25
v 0.9375 -1.3125 1.875
v 0.9375 -1.3125 1.25
v 0.9375 -1.5625 1.875
v 0.9375 -1.5625 1.25
v 1.125 -1.3125 1.875
v 1.125 -1.5625 1.875
v 1.125 -1.5625 1.25
v 1.125 -1.3125 1.25
v 1.3125 -1.3125 1.875
v 1.3125 -1.3125 1.25
v 1.3125 -1.5 1.875
v 1.3125 -1.5 1.25
v 1.25 -1.3125 1.875
v 1.25 -1.3125 1.25
v 1.25 -1.5 1.875
v 1.25 -1.5 1.25
v 1.1875 -1.7187 1.25
v 1.1875 -1.7187 0.75
v 1.1875 -1.9062 1.25
v 1.1875 -1.9062 0.75
v 1 -1.7187 1.25
v 1 -1.7187 0.75
v 1 -1.9062 1.25
v 1 -1.9062 0.75
v 1.0313 -1.75 0.6875
v 1 -1.7187 0.75
v 1.0313 -1.875 0.6875
v 1 -1.9062 0.75
v 1.1563 -1.75 0.6875
v 1.1875 -1.7187 0.75
v 1.1563 -1.875 0.6875
v 1.1875 -1.9062 0.75
v 1.25 -1.6875 1.875
v 1.25 -1.6875 1.25
v 1.25 -1.9375 1.875
v 1.25 -1.9375 1.25
v 0.9375 -1.6875 1.875
v 0.9375 -1.6875 1.25
v 0.9375 -1.9375 1.875
v 0.9375 -1.9375 1.25
v 1.125 -1.6875 1.875
v 1.125 -1.9375 1.875
v 1.125 -1.9375 1.25
v 1.125 -1.6875 1.25
v 1.3125 -1.6875 1.875
v 1.3125 -1.6875 1.25
v 1.3125 -1.875 1.875
v 1.3125 -1.875 1.25
v 1.25 -1.6875 1.875
v 1.25 -1.6875 1.25
v 1.25 -1.875 1.875
v 1.25 -1.875 1.25
v 0.625 -1.3125 1.875
v 0.625 -1.3125 1.25
v 0.625 -1.375 1.875
v 0.625 -1.375 1.25
v 0.375 -1.3125 1.875
v 0.375 -1.3125 1.25
v 0.375 -1.375 1.875
v 0.375 -1.375 1.25
v 0.3762 -1.0611 1.625
v 0.3762 -1.0611 1.875
v 0.3762 -1.3111 1.625
v 0.3762 -1.3111 1.875
v 0.6262 -1.0611 1.625
v 0.6262 -1.0611 1.875
v 0.6262 -1.3111 1.625
v 0.6262 -1.3111 1.875
v 0.5699 -1.1236 1.4375
v 0.6012 -1.0924 1.375
v 0.5699 -1.2486 1.4375
v 0.6012 -1.2799 1.375
v 0.4449 -1.1236 1.4375
v 0.4137 -1.0924 1.375
v 0.4449 -1.2486 1.4375
v 0.4137 -1.2799 1.375
v 0.4449 -1.1236 1.4375
v 0.4137 -1.0924 1.5
v 0.4449 -1.2486 1.4375
v 0.4137 -1.2799 1.5
v 0.5699 -1.1236 1.4375
v 0.6012 -1.0924 1.5
v 0.5699 -1.2486 1.4375
v 0.6012 -1.2799 1.5
v 0.5699 -1.1236 1.5625
v 0.6012 -1.0924 1.5
v 0.5699 -1.2486 1.5625
v 0.6012 -1.2799 1.5
v 0.4449 -1.1236 1.5625
v 0.4137 -1.0924 1.5
v 0.4449 -1.2486 1.5625
v 0.4137 -1.2799 1.5
v 0.4449 -1.1236 1.5625
v 0.4137 -1.0924 1.625
v 0.4449 -1.2486 1.5625
v 0.4137 -1.2799 1.625
v 0.5699 -1.1236 1.5625
v 0.6012 -1.0924 1.625
v 0.5699 -1.2486 1.5625
v 0.6012 -1.2799 1.625
v 0.6262 -1.0611 1.375
v 0.6262 -1.0611 1.3125
v 0.6262 -1.3111 1.375
v 0.6262 -1.3111 1.3125
v 0.3762 -1.0611 1.375
v 0.3762 -1.0611 1.3125
v 0.3762 -1.3111 1.375
v 0.3762 -1.3111 1.3125
v 0.5949 -1.0924 1.3125
v 0.5949 -1.0924 1.25
v 0.5949 -1.2799 1.3125
v 0.5949 -1.2799 1.25
v 0.4074 -1.0924 1.3125
v 0.4074 -1.0924 1.25
v 0.4074 -1.2799 1.3125
v 0.4074 -1.2799 1.25
v 0.6262 -1.0611 1.25
v 0.6262 -1.0611 1.1875
v 0.6262 -1.3111 1.25
v 0.6262 -1.3111 1.1875
v 0.3762 -1.0611 1.25
v 0.3762 -1.0611 1.1875
v 0.3762 -1.3111 1.25
v 0.3762 -1.3111 1.1875
vt 0.125 0
vt 0.125 0.125
vt 0 0.125
vt 0 0
vt 0.125 0
vt 0.125 0.125
vt 0 0.125
vt 0 0
vt 0.0313 0
vt 0.0313 0.125
vt 0 0.125
vt 0 0
vt 0.125 0
vt 0.125 0.125
vt 0.0938 0.125
vt 0.0938 0
vt 0.125 0
vt 0.125 0.125
vt 0.0938 0.125
vt 0.0938 0
vt 0.0313 0
vt 0.0313 0.125
vt 0 0.125
vt 0 0
vt 0.125 0
vt 0.125 0.125
vt 0 0.125
vt 0 0
vt 0.125 0
vt 0.125 0.125
vt 0 0.125
vt 0 0
vt 0.0313 0
vt 0.0313 0.125
vt 0 0.125
vt 0 0
vt 0.125 0
vt 0.125 0.125
vt 0.0938 0.125
vt 0.0938 0
vt 0.125 0
vt 0.125 0.125
vt 0.0938 0.125
vt 0.0938 0
vt 0.0313 0
vt 0.0313 0.125
vt 0 0.125
vt 0 0
vt 0.125 0
vt 0.125 0.125
vt 0 0.125
vt 0 0
vt 0.0313 0
vt 0.0313 0.125
vt 0 0.125
vt 0 0
vt 0.125 0
vt 0.125 0.125
vt 0.0938 0.125
vt 0.0938 0
vt 0.125 0
vt 0.125 0.125
vt 0.0938 0.125
vt 0.0938 0
vt 0.0313 0
vt 0.0313 0.125
vt 0 0.125
vt 0 0
vt 0.125 0
vt 0.125 0.125
vt 0 0.125
vt 0 0
vt 0.0313 0
vt 0.0313 0.125
vt 0 0.125
vt 0 0
vt 0.125 0
vt 0.125 0.125
vt 0.0938 0.125
vt 0.0938 0
vt 0.125 0
vt 0.125 0.125
vt 0.0938 0.125
vt 0.0938 0
vt 0.0313 0
vt 0.0313 0.125
vt 0 0.125
vt 0 0
vt 0.5 0.1719
vt 0.5 0.2344
vt 0.4531 0.2344
vt 0.4531 0.1719
vt 0.5 0.1719
vt 0.5 0.2344
vt 0.4531 0.2344
vt 0.4531 0.1719
vt 0.5 0.1875
vt 0.5 0.25
vt 0.4531 0.25
vt 0.4531 0.1875
vt 0.5 0.1719
vt 0.5 0.2344
vt 0.4531 0.2344
vt 0.4531 0.1719
vt 0.5 0.1719
vt 0.5 0.2344
vt 0.4531 0.2344
vt 0.4531 0.1719
vt 0.5 0.1719
vt 0.5 0.2344
vt 0.4531 0.2344
vt 0.4531 0.1719
vt 0.5 0.1875
vt 0.5 0.25
vt 0.4531 0.25
vt 0.4531 0.1875
vt 0.5 0.1719
vt 0.5 0.2344
vt 0.4531 0.2344
vt 0.4531 0.1719
vt 0.4531 0.1406
vt 0.5 0.1406
vt 0.5 0.2656
vt 0.4531 0.2656
vt 0.5 0.2656
vt 0.4531 0.2656
vt 0.4531 0.1406
vt 0.5 0.1406
vt 0.5 0.1406
vt 0.5 0.2656
vt 0.4531 0.2656
vt 0.4531 0.1406
vt 0.4531 0.2656
vt 0.4531 0.1406
vt 0.5 0.1406
vt 0.5 0.2656
vt 0.4531 0.1875
vt 0.4609 0.1719
vt 0.4922 0.1719
vt 0.5 0.1875
vt 0.4609 0.2031
vt 0.4922 0.2031
vt 0.5 0.2188
vt 0.4531 0.2188
vt 0.4922 0.2188
vt 0.4609 0.2188
vt 0.4531 0.2031
vt 0.5 0.2031
vt 0.5 0.2013
vt 0.4922 0.2188
vt 0.4609 0.2188
vt 0.4531 0.2013
vt 0.6719 0.5
vt 0.6094 0.5
vt 0.6094 0.3438
vt 0.6719 0.3438
vt 0.6094 0.3438
vt 0.6563 0.3438
vt 0.6563 0.5
vt 0.6094 0.5
vt 0.5938 0.3438
vt 0.6406 0.3438
vt 0.6406 0.5
vt 0.5938 0.5
vt 0.75 0
vt 0.7969 0
vt 0.7969 0.0625
vt 0.75 0.0625
vt 0.875 0.0625
vt 0.8281 0.0625
vt 0.8281 0
vt 0.875 0
vt 0.875 0.0625
vt 0.8438 0.0625
vt 0.8438 0
vt 0.875 0
vt 0.6719 0.5
vt 0.6406 0.5
vt 0.6406 0.3438
vt 0.6719 0.3438
vt 0.75 0
vt 0.7813 0
vt 0.7813 0.0625
vt 0.75 0.0625
vt 0.6875 0.5
vt 0.6563 0.5
vt 0.6563 0.3438
vt 0.6875 0.3438
vt 0.6719 0.5
vt 0.6094 0.5
vt 0.6094 0.3438
vt 0.6719 0.3438
vt 1 0.4688
vt 1 0.5156
vt 0.8438 0.5156
vt 0.8438 0.4688
vt 1 0.4844
vt 0.8438 0.4844
vt 0.8438 0.4688
vt 1 0.4688
vt 1 0.4844
vt 0.8438 0.4844
vt 0.8438 0.4688
vt 1 0.4688
vt 1 0.4688
vt 1 0.5156
vt 0.9844 0.5156
vt 0.9844 0.4688
vt 0.8594 0.4688
vt 0.8594 0.5156
vt 0.8438 0.5156
vt 0.8438 0.4688
vt 0.4531 0.1406
vt 0.5 0.1406
vt 0.5 0.2656
vt 0.4531 0.2656
vt 0.5 0.2656
vt 0.4531 0.2656
vt 0.4531 0.1406
vt 0.5 0.1406
vt 0.5 0.1406
vt 0.5 0.2656
vt 0.4531 0.2656
vt 0.4531 0.1406
vt 0.4531 0.2656
vt 0.4531 0.1406
vt 0.5 0.1406
vt 0.5 0.2656
vt 0.4531 0.1875
vt 0.4609 0.1719
vt 0.4922 0.1719
vt 0.5 0.1875
vt 0.4609 0.2031
vt 0.4922 0.2031
vt 0.5 0.2188
vt 0.4531 0.2188
vt 0.4922 0.2188
vt 0.4609 0.2188
vt 0.4531 0.2031
vt 0.5 0.2031
vt 0.5 0.2013
vt 0.4922 0.2188
vt 0.4609 0.2188
vt 0.4531 0.2013
vt 0.6719 0.5
vt 0.6094 0.5
vt 0.6094 0.3438
vt 0.6719 0.3438
vt 0.6094 0.3438
vt 0.6563 0.3438
vt 0.6563 0.5
vt 0.6094 0.5
vt 0.5938 0.3438
vt 0.6406 0.3438
vt 0.6406 0.5
vt 0.5938 0.5
vt 0.75 0
vt 0.7969 0
vt 0.7969 0.0625
vt 0.75 0.0625
vt 0.875 0.0625
vt 0.8281 0.0625
vt 0.8281 0
vt 0.875 0
vt 0.875 0.0625
vt 0.8438 0.0625
vt 0.8438 0
vt 0.875 0
vt 0.6719 0.5
vt 0.6406 0.5
vt 0.6406 0.3438
vt 0.6719 0.3438
vt 0.75 0
vt 0.7813 0
vt 0.7813 0.0625
vt 0.75 0.0625
vt 0.6875 0.5
vt 0.6563 0.5
vt 0.6563 0.3438
vt 0.6875 0.3438
vt 0.6719 0.5
vt 0.6094 0.5
vt 0.6094 0.3438
vt 0.6719 0.3438
vt 1 0.4688
vt 1 0.5156
vt 0.8438 0.5156
vt 0.8438 0.4688
vt 1 0.4844
vt 0.8438 0.4844
vt 0.8438 0.4688
vt 1 0.4688
vt 1 0.4844
vt 0.8438 0.4844
vt 0.8438 0.4688
vt 1 0.4688
vt 1 0.4688
vt 1 0.5156
vt 0.9844 0.5156
vt 0.9844 0.4688
vt 0.8594 0.4688
vt 0.8594 0.5156
vt 0.8438 0.5156
vt 0.8438 0.4688
vt 0.4531 0.1406
vt 0.5 0.1406
vt 0.5 0.2656
vt 0.4531 0.2656
vt 0.5 0.2656
vt 0.4531 0.2656
vt 0.4531 0.1406
vt 0.5 0.1406
vt 0.5 0.1406
vt 0.5 0.2656
vt 0.4531 0.2656
vt 0.4531 0.1406
vt 0.4531 0.2656
vt 0.4531 0.1406
vt 0.5 0.1406
vt 0.5 0.2656
vt 0.4531 0.1875
vt 0.4609 0.1719
vt 0.4922 0.1719
vt 0.5 0.1875
vt 0.4609 0.2031
vt 0.4922 0.2031
vt 0.5 0.2188
vt 0.4531 0.2188
vt 0.4922 0.2188
vt 0.4609 0.2188
vt 0.4531 0.2031
vt 0.5 0.2031
vt 0.5 0.2013
vt 0.4922 0.2188
vt 0.4609 0.2188
vt 0.4531 0.2013
vt 0.6719 0.5
vt 0.6094 0.5
vt 0.6094 0.3438
vt 0.6719 0.3438
vt 0.6094 0.3438
vt 0.6563 0.3438
vt 0.6563 0.5
vt 0.6094 0.5
vt 0.5938 0.3438
vt 0.6406 0.3438
vt 0.6406 0.5
vt 0.5938 0.5
vt 0.75 0
vt 0.7969 0
vt 0.7969 0.0625
vt 0.75 0.0625
vt 0.875 0.0625
vt 0.8281 0.0625
vt 0.8281 0
vt 0.875 0
vt 0.875 0.0625
vt 0.8438 0.0625
vt 0.8438 0
vt 0.875 0
vt 0.6719 0.5
vt 0.6406 0.5
vt 0.6406 0.3438
vt 0.6719 0.3438
vt 0.75 0
vt 0.7813 0
vt 0.7813 0.0625
vt 0.75 0.0625
vt 0.6875 0.5
vt 0.6563 0.5
vt 0.6563 0.3438
vt 0.6875 0.3438
vt 0.6719 0.5
vt 0.6094 0.5
vt 0.6094 0.3438
vt 0.6719 0.3438
vt 1 0.4688
vt 1 0.5156
vt 0.8438 0.5156
vt 0.8438 0.4688
vt 1 0.4844
vt 0.8438 0.4844
vt 0.8438 0.4688
vt 1 0.4688
vt 1 0.4844
vt 0.8438 0.4844
vt 0.8438 0.4688
vt 1 0.4688
vt 1 0.4688
vt 1 0.5156
vt 0.9844 0.5156
vt 0.9844 0.4688
vt 0.8594 0.4688
vt 0.8594 0.5156
vt 0.8438 0.5156
vt 0.8438 0.4688
vt 0.4531 0.1406
vt 0.5 0.1406
vt 0.5 0.2656
vt 0.4531 0.2656
vt 0.5 0.2656
vt 0.4531 0.2656
vt 0.4531 0.1406
vt 0.5 0.1406
vt 0.5 0.1406
vt 0.5 0.2656
vt 0.4531 0.2656
vt 0.4531 0.1406
vt 0.4531 0.2656
vt 0.4531 0.1406
vt 0.5 0.1406
vt 0.5 0.2656
vt 0.4531 0.1875
vt 0.4609 0.1719
vt 0.4922 0.1719
vt 0.5 0.1875
vt 0.4609 0.2031
vt 0.4922 0.2031
vt 0.5 0.2188
vt 0.4531 0.2188
vt 0.4922 0.2188
vt 0.4609 0.2188
vt 0.4531 0.2031
vt 0.5 0.2031
vt 0.5 0.2013
vt 0.4922 0.2188
vt 0.4609 0.2188
vt 0.4531 0.2013
vt 0.6719 0.5
vt 0.6094 0.5
vt 0.6094 0.3438
vt 0.6719 0.3438
vt 0.6094 0.3438
vt 0.6563 0.3438
vt 0.6563 0.5
vt 0.6094 0.5
vt 0.5938 0.3438
vt 0.6406 0.3438
vt 0.6406 0.5
vt 0.5938 0.5
vt 0.75 0
vt 0.7969 0
vt 0.7969 0.0625
vt 0.75 0.0625
vt 0.875 0.0625
vt 0.8281 0.0625
vt 0.8281 0
vt 0.875 0
vt 0.875 0.0625
vt 0.8438 0.0625
vt 0.8438 0
vt 0.875 0
vt 0.6719 0.5
vt 0.6406 0.5
vt 0.6406 0.3438
vt 0.6719 0.3438
vt 0.75 0
vt 0.7813 0
vt 0.7813 0.0625
vt 0.75 0.0625
vt 0.6875 0.5
vt 0.6563 0.5
vt 0.6563 0.3438
vt 0.6875 0.3438
vt 0.6719 0.5
vt 0.6094 0.5
vt 0.6094 0.3438
vt 0.6719 0.3438
vt 1 0.4688
vt 1 0.5156
vt 0.8438 0.5156
vt 0.8438 0.4688
vt 1 0.4844
vt 0.8438 0.4844
vt 0.8438 0.4688
vt 1 0.4688
vt 1 0.4844
vt 0.8438 0.4844
vt 0.8438 0.4688
vt 1 0.4688
vt 1 0.4688
vt 1 0.5156
vt 0.9844 0.5156
vt 0.9844 0.4688
vt 0.8594 0.4688
vt 0.8594 0.5156
vt 0.8438 0.5156
vt 0.8438 0.4688
vt 0.0938 0.3125
vt 0.0781 0.3125
vt 0.0781 0.1563
vt 0.0938 0.1563
vt 0.0938 0.2969
vt 0.0781 0.2969
vt 0.0781 0.1406
vt 0.0938 0.1406
vt 0.8125 0.1094
vt 0.8125 0.2656
vt 0.75 0.2656
vt 0.75 0.1094
vt 0.8125 0.1094
vt 0.8125 0.2656
vt 0.75 0.2656
vt 0.75 0.1094
vt 0.8125 0.1406
vt 0.8125 0.1563
vt 0.75 0.1563
vt 0.75 0.1406
vt 0.8125 0.1406
vt 0.8125 0.1563
vt 0.75 0.1563
vt 0.75 0.1406
vt 0.0625 0.875
vt 0 0.875
vt 0 0.8125
vt 0.0625 0.8125
vt 0 0.8125
vt 0.0625 0.8125
vt 0.0625 0.875
vt 0 0.875
vt 0.0625 0.8125
vt 0.0625 0.875
vt 0 0.875
vt 0 0.8125
vt 0.125 0.8125
vt 0.125 0.875
vt 0.0625 0.875
vt 0.0625 0.8125
vt 0.0625 0.75
vt 0.0625 0.8125
vt 0 0.8125
vt 0 0.75
vt 0.1719 0.7969
vt 0.1563 0.7891
vt 0.1563 0.7578
vt 0.1719 0.75
vt 0.1406 0.7578
vt 0.1406 0.7891
vt 0.125 0.7969
vt 0.125 0.75
vt 0.1328 0.7813
vt 0.1641 0.7813
vt 0.1719 0.7969
vt 0.125 0.7969
vt 0.1719 0.75
vt 0.1641 0.7656
vt 0.1328 0.7656
vt 0.125 0.75
vt 0.1719 0.7969
vt 0.1563 0.7891
vt 0.1563 0.7578
vt 0.1719 0.75
vt 0.1406 0.7578
vt 0.1406 0.7891
vt 0.125 0.7969
vt 0.125 0.75
vt 0.1328 0.7813
vt 0.1641 0.7813
vt 0.1719 0.7969
vt 0.125 0.7969
vt 0.1719 0.75
vt 0.1641 0.7656
vt 0.1328 0.7656
vt 0.125 0.75
vt 0.1719 0.7969
vt 0.1563 0.7891
vt 0.1563 0.7578
vt 0.1719 0.75
vt 0.1406 0.7578
vt 0.1406 0.7891
vt 0.125 0.7969
vt 0.125 0.75
vt 0.1328 0.7813
vt 0.1641 0.7813
vt 0.1719 0.7969
vt 0.125 0.7969
vt 0.1719 0.75
vt 0.1641 0.7656
vt 0.1328 0.7656
vt 0.125 0.75
vt 0.1406 0.7578
vt 0.1406 0.7891
vt 0.125 0.7969
vt 0.125 0.75
vt 0.1328 0.7813
vt 0.1641 0.7813
vt 0.1719 0.7969
vt 0.125 0.7969
vt 0.1719 0.75
vt 0.1641 0.7656
vt 0.1328 0.7656
vt 0.125 0.75
vt 0.1719 0.7969
vt 0.1563 0.7891
vt 0.1563 0.7578
vt 0.1719 0.75
vt 0.0625 0.75
vt 0.0625 0.8125
vt 0.0469 0.8125
vt 0.0469 0.75
vt 0.0625 0.75
vt 0.0625 0.8125
vt 0.0469 0.8125
vt 0.0469 0.75
vt 0.0625 0.75
vt 0.0625 0.7656
vt 0 0.7656
vt 0 0.75
vt 0.0625 0.75
vt 0.0625 0.8125
vt 0 0.8125
vt 0 0.75
vt 0.0625 0.75
vt 0.0625 0.8125
vt 0 0.8125
vt 0 0.75
vt 0.125 0.8281
vt 0.125 0.875
vt 0.1094 0.875
vt 0.1094 0.8281
vt 0.125 0.8281
vt 0.125 0.875
vt 0.1094 0.875
vt 0.1094 0.8281
vt 0.125 0.8125
vt 0.125 0.8281
vt 0.0781 0.8281
vt 0.0781 0.8125
vt 0.125 0.8125
vt 0.125 0.8281
vt 0.0781 0.8281
vt 0.0781 0.8125
vt 0.125 0.75
vt 0.125 0.8125
vt 0.1094 0.8125
vt 0.1094 0.75
vt 0.125 0.75
vt 0.125 0.8125
vt 0.1094 0.8125
vt 0.1094 0.75
vt 0.125 0.7969
vt 0.125 0.8125
vt 0.0625 0.8125
vt 0.0625 0.7969
vt 0.125 0.75
vt 0.125 0.7656
vt 0.0625 0.7656
vt 0.0625 0.75
vt 0.125 0.75
vt 0.125 0.8125
vt 0.0625 0.8125
vt 0.0625 0.75
vt 0.125 0.75
vt 0.125 0.8125
vt 0.0625 0.8125
vt 0.0625 0.75
vn 1 0 0
vn -1 0 0
vn 0 1 0
vn 0 -1 0
vn 0 0 1
vn 0 0 -1
vn 1 0 0
vn -1 0 0
vn 0 1 0
vn 0 -1 0
vn 0 0 1
vn 0 0 -1
vn -1 0 0
vn 0 1 0
vn 0 -1 0
vn 0 0 1
vn 0 0 -1
vn 1 0 0
vn 0 1 0
vn 0 -1 0
vn 0 0 1
vn 0 0 -1
vn 0 1 0
vn 0 -1 0
vn 0 0 1
vn 0 0 -1
vn 0 1 0
vn 0 -1 0
vn 0 0 1
vn 0 0 -1
vn -1 0 0
vn 1 0 0
vn 0 -1 0
vn 0 1 0
vn 0.89 0 -0.45
vn -0.89 0 -0.45
vn 0 -0.89 -0.45
vn 0 0.89 -0.45
vn 1 0 0
vn 0 -1 0
vn 0 1 0
vn 0 0 1
vn 0 0 -1
vn 0 0 1
vn 0 1 0
vn 0 0 -1
vn 0 -1 0
vn -1 0 0
vn -1 0 0
vn 0 -1 0
vn 0 1 0
vn 0 0 1
vn 0 0 -1
vn -1 0 0
vn 1 0 0
vn 0 -1 0
vn 0 1 0
vn 0.89 0 -0.45
vn -0.89 0 -0.45
vn 0 -0.89 -0.45
vn 0 0.89 -0.45
vn 1 0 0
vn 0 -1 0
vn 0 1 0
vn 0 0 1
vn 0 0 -1
vn 0 0 1
vn 0 1 0
vn 0 0 -1
vn 0 -1 0
vn -1 0 0
vn -1 0 0
vn 0 -1 0
vn 0 1 0
vn 0 0 1
vn 0 0 -1
vn 1 0 0
vn -1 0 0
vn 0 1 0
vn 0 -1 0
vn -0.89 0 -0.45
vn 0.89 0 -0.45
vn 0 0.89 -0.45
vn 0 -0.89 -0.45
vn -1 0 0
vn 0 1 0
vn 0 -1 0
vn 0 0 1
vn 0 0 -1
vn 0 0 1
vn 0 -1 0
vn 0 0 -1
vn 0 1 0
vn 1 0 0
vn 1 0 0
vn 0 1 0
vn 0 -1 0
vn 0 0 1
vn 0 0 -1
vn 1 0 0
vn -1 0 0
vn 0 1 0
vn 0 -1 0
vn -0.89 0 -0.45
vn 0.89 0 -0.45
vn 0 0.89 -0.45
vn 0 -0.89 -0.45
vn -1 0 0
vn 0 1 0
vn 0 -1 0
vn 0 0 1
vn 0 0 -1
vn 0 0 1
vn 0 -1 0
vn 0 0 -1
vn 0 1 0
vn 1 0 0
vn 1 0 0
vn 0 1 0
vn 0 -1 0
vn 0 0 1
vn 0 0 -1
vn 1 0 0
vn -1 0 0
vn 0 1 0
vn 0 -1 0
vn 0 0 1
vn 0 0 -1
vn -1 0 0
vn 1 0 0
vn 0 1 0
vn 0 0 -1
vn 0 0 1
vn 0.89 0 0.45
vn -0.89 0 0.45
vn 0 0.89 0.45
vn 0 -0.89 0.45
vn -0.89 0 -0.45
vn 0.89 0 -0.45
vn 0 0.89 -0.45
vn 0 -0.89 -0.45
vn 0.89 0 0.45
vn -0.89 0 0.45
vn 0 0.89 0.45
vn 0 -0.89 0.45
vn 0.89 0 -0.45
vn 0 0.89 -0.45
vn 0 -0.89 -0.45
vn -0.89 0 -0.45
vn 1 0 0
vn -1 0 0
vn 0 1 0
vn 0 0 1
vn 0 0 -1
vn 1 0 0
vn -1 0 0
vn 0 1 0
vn 0 -1 0
vn 1 0 0
vn -1 0 0
vn 0 1 0
vn 0 -1 0
vn 0 0 1
vn 0 0 -1
usemtl weapon_autocannon
f 567/1561/391 565/1562/391 564/1563/391
f 567/1561/391 564/1563/391 566/1564/391
f 570/1565/392 568/1566/392 569/1567/392
f 570/1565/392 569/1567/392 571/1568/392
f 564/1569/393 565/1570/393 569/1571/393
f 564/1569/393 569/1571/393 568/1572/393
f 567/1573/394 566/1574/394 570/1575/394
f 567/1573/394 570/1575/394 571/1576/394
f 566/1577/395 564/1578/395 568/1579/395
f 566/1577/395 568/1579/395 570/1580/395
f 571/1581/396 569/1582/396 565/1583/396
f 571/1581/396 565/1583/396 567/1584/396
f 575/1585/397 573/1586/397 572/1587/397
f 575/1585/397 572/1587/397 574/1588/397
f 578/1589/398 576/1590/398 577/1591/398
f 578/1589/398 577/1591/398 579/1592/398
f 572/1593/399 573/1594/399 577/1595/399
f 572/1593/399 577/1595/399 576/1596/399
f 575/1597/400 574/1598/400 578/1599/400
f 575/1597/400 578/1599/400 579/1600/400
f 574/1601/401 572/1602/401 576/1603/401
f 574/1601/401 576/1603/401 578/1604/401
f 579/1605/402 577/1606/402 573/1607/402
f 579/1605/402 573/1607/402 575/1608/402
f 586/1609/403 584/1610/403 585/1611/403
f 586/1609/403 585/1611/403 587/1612/403
f 580/1613/404 581/1614/404 585/1615/404
f 580/1613/404 585/1615/404 584/1616/404
f 583/1617/405 582/1618/405 586/1619/405
f 583/1617/405 586/1619/405 587/1620/405
f 582/1621/406 580/1622/406 584/1623/406
f 582/1621/406 584/1623/406 586/1624/406
f 587/1625/407 585/1626/407 581/1627/407
f 587/1625/407 581/1627/407 583/1628/407
f 591/1629/408 589/1630/408 588/1631/408
f 591/1629/408 588/1631/408 590/1632/408
f 588/1633/409 589/1634/409 593/1635/409
f 588/1633/409 593/1635/409 592/1636/409
f 591/1637/410 590/1638/410 594/1639/410
f 591/1637/410 594/1639/410 595/1640/410
f 590/1641/411 588/1642/411 592/1643/411
f 590/1641/411 592/1643/411 594/1644/411
f 595/1645/412 593/1646/412 589/1647/412
f 595/1645/412 589/1647/412 591/1648/412
f 596/1649/413 597/1650/413 601/1651/413
f 596/1649/413 601/1651/413 600/1652/413
f 599/1653/414 598/1654/414 602/1655/414
f 599/1653/414 602/1655/414 603/1656/414
f 598/1657/415 596/1658/415 600/1659/415
f 598/1657/415 600/1659/415 602/1660/415
f 603/1661/416 601/1662/416 597/1663/416
f 603/1661/416 597/1663/416 599/1664/416
f 604/1665/417 605/1666/417 609/1667/417
f 604/1665/417 609/1667/417 608/1668/417
f 607/1669/418 606/1670/418 610/1671/418
f 607/1669/418 610/1671/418 611/1672/418
f 606/1673/419 604/1674/419 608/1675/419
f 606/1673/419 608/1675/419 610/1676/419
f 611/1677/420 609/1678/420 605/1679/420
f 611/1677/420 605/1679/420 607/1680/420
f 615/1681/421 613/1682/421 612/1683/421
f 615/1681/421 612/1683/421 614/1684/421
f 618/1685/422 616/1686/422 617/1687/422
f 618/1685/422 617/1687/422 619/1688/422
f 612/1689/423 613/1690/423 617/1691/423
f 612/1689/423 617/1691/423 616/1692/423
f 615/1693/424 614/1694/424 618/1695/424
f 615/1693/424 618/1695/424 619/1696/424
f 621/1697/425 620/1698/425 622/1699/425
f 621/1697/425 622/1699/425 623/1700/425
f 626/1701/426 624/1702/426 625/1703/426
f 626/1701/426 625/1703/426 627/1704/426
f 624/1705/427 620/1706/427 621/1707/427
f 624/1705/427 621/1707/427 625/1708/427
f 623/1709/428 622/1710/428 626/1711/428
f 623/1709/428 626/1711/428 627/1712/428
f 634/1713/429 632/1714/429 633/1715/429
f 634/1713/429 633/1715/429 635/1716/429
f 632/1717/430 636/1718/430 639/1719/430
f 632/1717/430 639/1719/430 633/1720/430
f 635/1721/431 638/1722/431 637/1723/431
f 635/1721/431 637/1723/431 634/1724/431
f 634/1725/432 637/1726/432 636/1727/432
f 634/1725/432 636/1727/432 632/1728/432
f 633/1729/433 639/1730/433 638/1731/433
f 633/1729/433 638/1731/433 635/1732/433
f 628/1733/434 636/1734/434 637/1735/434
f 628/1733/434 637/1735/434 630/1736/434
f 630/1737/435 637/1738/435 638/1739/435
f 630/1737/435 638/1739/435 631/1740/435
f 631/1741/436 638/1742/436 639/1743/436
f 631/1741/436 639/1743/436 629/1744/436
f 629/1745/437 639/1746/437 636/1747/437
f 629/1745/437 636/1747/437 628/1748/437
f 631/1749/438 629/1750/438 628/1751/438
f 631/1749/438 628/1751/438 630/1752/438
f 643/1753/439 641/1754/439 640/1755/439
f 643/1753/439 640/1755/439 642/1756/439
f 640/1757/440 641/1758/440 645/1759/440
f 640/1757/440 645/1759/440 644/1760/440
f 643/1761/441 642/1762/441 646/1763/441
f 643/1761/441 646/1763/441 647/1764/441
f 642/1765/442 640/1766/442 644/1767/442
f 642/1765/442 644/1767/442 646/1768/442
f 647/1769/443 645/1770/443 641/1771/443
f 647/1769/443 641/1771/443 643/1772/443
f 651/1773/444 649/1774/444 648/1775/444
f 651/1773/444 648/1775/444 650/1776/444
f 654/1777/445 652/1778/445 653/1779/445
f 654/1777/445 653/1779/445 655/1780/445
f 648/1781/446 649/1782/446 653/1783/446
f 648/1781/446 653/1783/446 652/1784/446
f 651/1785/447 650/1786/447 654/1787/447
f 651/1785/447 654/1787/447 655/1788/447
f 657/1789/448 656/1790/448 658/1791/448
f 657/1789/448 658/1791/448 659/1792/448
f 662/1793/449 660/1794/449 661/1795/449
f 662/1793/449 661/1795/449 663/1796/449
f 660/1797/450 656/1798/450 657/1799/450
f 660/1797/450 657/1799/450 661/1800/450
f 659/1801/451 658/1802/451 662/1803/451
f 659/1801/451 662/1803/451 663/1804/451
f 670/1805/452 668/1806/452 669/1807/452
f 670/1805/452 669/1807/452 671/1808/452
f 668/1809/453 672/1810/453 675/1811/453
f 668/1809/453 675/1811/453 669/1812/453
f 671/1813/454 674/1814/454 673/1815/454
f 671/1813/454 673/1815/454 670/1816/454
f 670/1817/455 673/1818/455 672/1819/455
f 670/1817/455 672/1819/455 668/1820/455
f 669/1821/456 675/1822/456 674/1823/456
f 669/1821/456 674/1823/456 671/1824/456
f 664/1825/457 672/1826/457 673/1827/457
f 664/1825/457 673/1827/457 666/1828/457
f 666/1829/458 673/1830/458 674/1831/458
f 666/1829/458 674/1831/458 667/1832/458
f 667/1833/459 674/1834/459 675/1835/459
f 667/1833/459 675/1835/459 665/1836/459
f 665/1837/460 675/1838/460 672/1839/460
f 665/1837/460 672/1839/460 664/1840/460
f 667/1841/461 665/1842/461 664/1843/461
f 667/1841/461 664/1843/461 666/1844/461
f 679/1845/462 677/1846/462 676/1847/462
f 679/1845/462 676/1847/462 678/1848/462
f 676/1849/463 677/1850/463 681/1851/463
f 676/1849/463 681/1851/463 680/1852/463
f 679/1853/464 678/1854/464 682/1855/464
f 679/1853/464 682/1855/464 683/1856/464
f 678/1857/465 676/1858/465 680/1859/465
f 678/1857/465 680/1859/465 682/1860/465
f 683/1861/466 681/1862/466 677/1863/466
f 683/1861/466 677/1863/466 679/1864/466
f 687/1865/467 685/1866/467 684/1867/467
f 687/1865/467 684/1867/467 686/1868/467
f 690/1869/468 688/1870/468 689/1871/468
f 690/1869/468 689/1871/468 691/1872/468
f 684/1873/469 685/1874/469 689/1875/469
f 684/1873/469 689/1875/469 688/1876/469
f 687/1877/470 686/1878/470 690/1879/470
f 687/1877/470 690/1879/470 691/1880/470
f 693/1881/471 692/1882/471 694/1883/471
f 693/1881/471 694/1883/471 695/1884/471
f 698/1885/472 696/1886/472 697/1887/472
f 698/1885/472 697/1887/472 699/1888/472
f 696/1889/473 692/1890/473 693/1891/473
f 696/1889/473 693/1891/473 697/1892/473
f 695/1893/474 694/1894/474 698/1895/474
f 695/1893/474 698/1895/474 699/1896/474
f 706/1897/475 704/1898/475 705/1899/475
f 706/1897/475 705/1899/475 707/1900/475
f 704/1901/476 708/1902/476 711/1903/476
f 704/1901/476 711/1903/476 705/1904/476
f 707/1905/477 710/1906/477 709/1907/477
f 707/1905/477 709/1907/477 706/1908/477
f 706/1909/478 709/1910/478 708/1911/478
f 706/1909/478 708/1911/478 704/1912/478
f 705/1913/479 711/1914/479 710/1915/479
f 705/1913/479 710/1915/479 707/1916/479
f 700/1917/480 708/1918/480 709/1919/480
f 700/1917/480 709/1919/480 702/1920/480
f 702/1921/481 709/1922/481 710/1923/481
f 702/1921/481 710/1923/481 703/1924/481
f 703/1925/482 710/1926/482 711/1927/482
f 703/1925/482 711/1927/482 701/1928/482
f 701/1929/483 711/1930/483 708/1931/483
f 701/1929/483 708/1931/483 700/1932/483
f 703/1933/484 701/1934/484 700/1935/484
f 703/1933/484 700/1935/484 702/1936/484
f 715/1937/485 713/1938/485 712/1939/485
f 715/1937/485 712/1939/485 714/1940/485
f 712/1941/486 713/1942/486 717/1943/486
f 712/1941/486 717/1943/486 716/1944/486
f 715/1945/487 714/1946/487 718/1947/487
f 715/1945/487 718/1947/487 719/1948/487
f 714/1949/488 712/1950/488 716/1951/488
f 714/1949/488 716/1951/488 718/1952/488
f 719/1953/489 717/1954/489 713/1955/489
f 719/1953/489 713/1955/489 715/1956/489
f 723/1957/490 721/1958/490 720/1959/490
f 723/1957/490 720/1959/490 722/1960/490
f 726/1961/491 724/1962/491 725/1963/491
f 726/1961/491 725/1963/491 727/1964/491
f 720/1965/492 721/1966/492 725/1967/492
f 720/1965/492 725/1967/492 724/1968/492
f 723/1969/493 722/1970/493 726/1971/493
f 723/1969/493 726/1971/493 727/1972/493
f 729/1973/494 728/1974/494 730/1975/494
f 729/1973/494 730/1975/494 731/1976/494
f 734/1977/495 732/1978/495 733/1979/495
f 734/1977/495 733/1979/495 735/1980/495
f 732/1981/496 728/1982/496 729/1983/496
f 732/1981/496 729/1983/496 733/1984/496
f 731/1985/497 730/1986/497 734/1987/497
f 731/1985/497 734/1987/497 735/1988/497
f 742/1989/498 740/1990/498 741/1991/498
f 742/1989/498 741/1991/498 743/1992/498
f 740/1993/499 744/1994/499 747/1995/499
f 740/1993/499 747/1995/499 741/1996/499
f 743/1997/500 746/1998/500 745/1999/500
f 743/1997/500 745/1999/500 742/2000/500
f 742/2001/501 745/2002/501 744/2003/501
f 742/2001/501 744/2003/501 740/2004/501
f 741/2005/502 747/2006/502 746/2007/502
f 741/2005/502 746/2007/502 743/2008/502
f 736/2009/503 744/2010/503 745/2011/503
f 736/2009/503 745/2011/503 738/2012/503
f 738/2013/504 745/2014/504 746/2015/504
f 738/2013/504 746/2015/504 739/2016/504
f 739/2017/505 746/2018/505 747/2019/505
f 739/2017/505 747/2019/505 737/2020/505
f 737/2021/506 747/2022/506 744/2023/506
f 737/2021/506 744/2023/506 736/2024/506
f 739/2025/507 737/2026/507 736/2027/507
f 739/2025/507 736/2027/507 738/2028/507
f 751/2029/508 749/2030/508 748/2031/508
f 751/2029/508 748/2031/508 750/2032/508
f 748/2033/509 749/2034/509 753/2035/509
f 748/2033/509 753/2035/509 752/2036/509
f 751/2037/510 750/2038/510 754/2039/510
f 751/2037/510 754/2039/510 755/2040/510
f 750/2041/511 748/2042/511 752/2043/511
f 750/2041/511 752/2043/511 754/2044/511
f 755/2045/512 753/2046/512 749/2047/512
f 755/2045/512 749/2047/512 751/2048/512
f 759/2049/513 757/2050/513 756/2051/513
f 759/2049/513 756/2051/513 758/2052/513
f 762/2053/514 760/2054/514 761/2055/514
f 762/2053/514 761/2055/514 763/2056/514
f 756/2057/515 757/2058/515 761/2059/515
f 756/2057/515 761/2059/515 760/2060/515
f 759/2061/516 758/2062/516 762/2063/516
f 759/2061/516 762/2063/516 763/2064/516
f 758/2065/517 756/2066/517 760/2067/517
f 758/2065/517 760/2067/517 762/2068/517
f 763/2069/518 761/2070/518 757/2071/518
f 763/2069/518 757/2071/518 759/2072/518
f 767/2073/519 765/2074/519 764/2075/519
f 767/2073/519 764/2075/519 766/2076/519
f 770/2077/520 768/2078/520 769/2079/520
f 770/2077/520 769/2079/520 771/2080/520
f 764/2081/521 765/2082/521 769/2083/521
f 764/2081/521 769/2083/521 768/2084/521
f 766/2085/522 764/2086/522 768/2087/522
f 766/2085/522 768/2087/522 770/2088/522
f 771/2089/523 769/2090/523 765/2091/523
f 771/2089/523 765/2091/523 767/2092/523
f 773/2093/524 772/2094/524 774/2095/524
f 773/2093/524 774/2095/524 775/2096/524
f 778/2097/525 776/2098/525 777/2099/525
f 778/2097/525 777/2099/525 779/2100/525
f 776/2101/526 772/2102/526 773/2103/526
f 776/2101/526 773/2103/526 777/2104/526
f 775/2105/527 774/2106/527 778/2107/527
f 775/2105/527 778/2107/527 779/2108/527
f 781/2109/528 780/2110/528 782/2111/528
f 781/2109/528 782/2111/528 783/2112/528
f 786/2113/529 784/2114/529 785/2115/529
f 786/2113/529 785/2115/529 787/2116/529
f 784/2117/530 780/2118/530 781/2119/530
f 784/2117/530 781/2119/530 785/2120/530
f 783/2121/531 782/2122/531 786/2123/531
f 783/2121/531 786/2123/531 787/2124/531
f 789/2125/532 788/2126/532 790/2127/532
f 789/2125/532 790/2127/532 791/2128/532
f 794/2129/533 792/2130/533 793/2131/533
f 794/2129/533 793/2131/533 795/2132/533
f 792/2133/534 788/2134/534 789/2135/534
f 792/2133/534 789/2135/534 793/2136/534
f 791/2137/535 790/2138/535 794/2139/535
f 791/2137/535 794/2139/535 795/2140/535
f 802/2141/536 800/2142/536 801/2143/536
f 802/2141/536 801/2143/536 803/2144/536
f 800/2145/537 796/2146/537 797/2147/537
f 800/2145/537 797/2147/537 801/2148/537
f 799/2149/538 798/2150/538 802/2151/538
f 799/2149/538 802/2151/538 803/2152/538
f 797/2153/539 796/2154/539 798/2155/539
f 797/2153/539 798/2155/539 799/2156/539
f 807/2157/540 805/2158/540 804/2159/540
f 807/2157/540 804/2159/540 806/2160/540
f 810/2161/541 808/2162/541 809/2163/541
f 810/2161/541 809/2163/541 811/2164/541
f 804/2165/542 805/2166/542 809/2167/542
f 804/2165/542 809/2167/542 808/2168/542
f 806/2169/543 804/2170/543 808/2171/543
f 806/2169/543 808/2171/543 810/2172/543
f 811/2173/544 809/2174/544 805/2175/544
f 811/2173/544 805/2175/544 807/2176/544
f 815/2177/545 813/2178/545 812/2179/545
f 815/2177/545 812/2179/545 814/2180/545
f 818/2181/546 816/2182/546 817/2183/546
f 818/2181/546 817/2183/546 819/2184/546
f 812/2185/547 813/2186/547 817/2187/547
f 812/2185/547 817/2187/547 816/2188/547
f 815/2189/548 814/2190/548 818/2191/548
f 815/2189/548 818/2191/548 819/2192/548
f 823/2193/549 821/2194/549 820/2195/549
f 823/2193/549 820/2195/549 822/2196/549
f 826/2197/550 824/2198/550 825/2199/550
f 826/2197/550 825/2199/550 827/2200/550
f 820/2201/551 821/2202/551 825/2203/551
f 820/2201/551 825/2203/551 824/2204/551
f 823/2205/552 822/2206/552 826/2207/552
f 823/2205/552 826/2207/552 827/2208/552
f 822/2209/553 820/2210/553 824/2211/553
f 822/2209/553 824/2211/553 826/2212/553
f 827/2213/554 825/2214/554 821/2215/554
f 827/2213/554 821/2215/554 823/2216/554
o magazine1
v 1.75 -1.3437 1.7188
v 1.75 -1.3437 1.4688
v 1.75 -1.4687 1.7188
v 1.75 -1.4687 1.4688
v 1.3125 -1.3437 1.7188
v 1.3125 -1.3437 1.4688
v 1.3125 -1.4687 1.7188
v 1.3125 -1.4687 1.4688
v 1.75 -1.3437 1.8438
v 1.75 -1.3437 1.7188
v 1.75 -1.4687 1.8438
v 1.75 -1.4687 1.7188
v 1.5625 -1.3437 1.8438
v 1.3125 -1.3437 1.7188
v 1.5625 -1.4687 1.8438
v 1.3125 -1.4687 1.7188
v 1.75 -1.3437 1.4688
v 1.4375 -1.3437 1.3438
v 1.75 -1.4687 1.4688
v 1.4375 -1.4687 1.3438
v 1.3125 -1.3437 1.4688
v 1.3125 -1.3437 1.3438
v 1.3125 -1.4687 1.4688
v 1.3125 -1.4687 1.3438
vt 0.75 0
vt 0.75 0.0313
vt 0.6875 0.0313
vt 0.6875 0
vt 0.8594 0.0156
vt 0.8594 0.0469
vt 0.7969 0.0469
vt 0.7969 0.0156
vt 0.75 0.0313
vt 0.75 0.0938
vt 0.6406 0.0938
vt 0.6406 0.0313
vt 0.75 0.0469
vt 0.75 0.1094
vt 0.6406 0.1094
vt 0.6406 0.0469
vt 0.7031 0.0313
vt 0.6719 0.0313
vt 0.6719 0
vt 0.7031 0
vt 0.7105 0
vt 0.7105 0.0313
vt 0.6406 0.0313
vt 0.6406 0
vt 0.7031 0
vt 0.75 0
vt 0.75 0.0313
vt 0.6406 0.0313
vt 0.75 0
vt 0.75 0.0313
vt 0.7031 0.0313
vt 0.6406 0
vt 0.6875 0
vt 0.6875 0.0313
vt 0.6406 0.0313
vt 0.6406 0
vt 0.7656 0.0469
vt 0.6563 0.0469
vt 0.6563 0.0156
vt 0.7656 0.0156
vt 0.8438 0.0156
vt 0.8438 0.0469
vt 0.8125 0.0469
vt 0.8125 0.0156
vt 0.6406 0.0938
vt 0.75 0.0938
vt 0.6719 0.125
vt 0.6406 0.125
vt 0.6719 0.0156
vt 0.75 0.0469
vt 0.6406 0.0469
vt 0.6406 0.0156
vt 0.7344 0.0313
vt 0.7031 0.0313
vt 0.7031 0
vt 0.7344 0
vt 0.7404 0.0313
vt 0.6563 0.0313
vt 0.6563 0
vt 0.7404 0
vn 1 0 0
vn -1 0 0
vn 0 1 0
vn 0 -1 0
vn 1 0 0
vn -0.45 0 0.89
vn 0 1 0
vn 0 -1 0
vn 0 0 1
vn 0 0 -1
vn -1 0 0
vn 0 1 0
vn 0 -1 0
vn 0 0 -1
vn 0.37 0 -0.93
usemtl weapon_autocannon
f 831/2217/555 829/2218/555 828/2219/555
f 831/2217/555 828/2219/555 830/2220/555
f 834/2221/556 832/2222/556 833/2223/556
f 834/2221/556 833/2223/556 835/2224/556
f 828/2225/557 829/2226/557 833/2227/557
f 828/2225/557 833/2227/557 832/2228/557
f 831/2229/558 830/2230/558 834/2231/558
f 831/2229/558 834/2231/558 835/2232/558
f 837/2233/559 836/2234/559 838/2235/559
f 837/2233/559 838/2235/559 839/2236/559
f 842/2237/560 840/2238/560 841/2239/560
f 842/2237/560 841/2239/560 843/2240/560
f 840/2241/561 836/2242/561 837/2243/561
f 840/2241/561 837/2243/561 841/2244/561
f 839/2245/562 838/2246/562 842/2247/562
f 839/2245/562 842/2247/562 843/2248/562
f 838/2249/563 836/2250/563 840/2251/563
f 838/2249/563 840/2251/563 842/2252/563
f 841/2253/564 837/2254/564 839/2255/564
f 841/2253/564 839/2255/564 843/2256/564
f 850/2257/565 848/2258/565 849/2259/565
f 850/2257/565 849/2259/565 851/2260/565
f 848/2261/566 844/2262/566 845/2263/566
f 848/2261/566 845/2263/566 849/2264/566
f 847/2265/567 846/2266/567 850/2267/567
f 847/2265/567 850/2267/567 851/2268/567
f 849/2269/568 845/2270/568 847/2271/568
f 849/2269/568 847/2271/568 851/2272/568
f 845/2273/569 844/2274/569 846/2275/569
f 845/2273/569 846/2275/569 847/2276/569
o magazine2
v 1.75 -1.7187 1.7188
v 1.75 -1.7187 1.4688
v 1.75 -1.8437 1.7188
v 1.75 -1.8437 1.4688
v 1.3125 -1.7187 1.7188
v 1.3125 -1.7187 1.4688
v 1.3125 -1.8437 1.7188
v 1.3125 -1.8437 1.4688
v 1.75 -1.7187 1.8438
v 1.75 -1.7187 1.7188
v 1.75 -1.8437 1.8438
v 1.75 -1.8437 1.7188
v 1.5625 -1.7187 1.8438
v 1.3125 -1.7187 1.7188
v 1.5625 -1.8437 1.8438
v 1.3125 -1.8437 1.7188
v 1.75 -1.7187 1.4688
v 1.4375 -1.7187 1.3438
v 1.75 -1.8437 1.4688
v 1.4375 -1.8437 1.3438
v 1.3125 -1.7187 1.4688
v 1.3125 -1.7187 1.3438
v 1.3125 -1.8437 1.4688
v 1.3125 -1.8437 1.3438
vt 0.75 0
vt 0.75 0.0313
vt 0.6875 0.0313
vt 0.6875 0
vt 0.8594 0.0156
vt 0.8594 0.0469
vt 0.7969 0.0469
vt 0.7969 0.0156
vt 0.75 0.0313
vt 0.75 0.0938
vt 0.6406 0.0938
vt 0.6406 0.0313
vt 0.75 0.0469
vt 0.75 0.1094
vt 0.6406 0.1094
vt 0.6406 0.0469
vt 0.7031 0.0313
vt 0.6719 0.0313
vt 0.6719 0
vt 0.7031 0
vt 0.7105 0
vt 0.7105 0.0313
vt 0.6406 0.0313
vt 0.6406 0
vt 0.7031 0
vt 0.75 0
vt 0.75 0.0313
vt 0.6406 0.0313
vt 0.75 0
vt 0.75 0.0313
vt 0.7031 0.0313
vt 0.6406 0
vt 0.6875 0
vt 0.6875 0.0313
vt 0.6406 0.0313
vt 0.6406 0
vt 0.7656 0.0469
vt 0.6563 0.0469
vt 0.6563 0.0156
vt 0.7656 0.0156
vt 0.8438 0.0156
vt 0.8438 0.0469
vt 0.8125 0.0469
vt 0.8125 0.0156
vt 0.6406 0.0938
vt 0.75 0.0938
vt 0.6719 0.125
vt 0.6406 0.125
vt 0.6719 0.0156
vt 0.75 0.0469
vt 0.6406 0.0469
vt 0.6406 0.0156
vt 0.7344 0.0313
vt 0.7031 0.0313
vt 0.7031 0
vt 0.7344 0
vt 0.7404 0.0313
vt 0.6563 0.0313
vt 0.6563 0
vt 0.7404 0
vn 1 0 0
vn -1 0 0
vn 0 1 0
vn 0 -1 0
vn 1 0 0
vn -0.45 0 0.89
vn 0 1 0
vn 0 -1 0
vn 0 0 1
vn 0 0 -1
vn -1 0 0
vn 0 1 0
vn 0 -1 0
vn 0 0 -1
vn 0.37 0 -0.93
usemtl weapon_autocannon
f 855/2277/570 853/2278/570 852/2279/570
f 855/2277/570 852/2279/570 854/2280/570
f 858/2281/571 856/2282/571 857/2283/571
f 858/2281/571 857/2283/571 859/2284/571
f 852/2285/572 853/2286/572 857/2287/572
f 852/2285/572 857/2287/572 856/2288/572
f 855/2289/573 854/2290/573 858/2291/573
f 855/2289/573 858/2291/573 859/2292/573
f 861/2293/574 860/2294/574 862/2295/574
f 861/2293/574 862/2295/574 863/2296/574
f 866/2297/575 864/2298/575 865/2299/575
f 866/2297/575 865/2299/575 867/2300/575
f 864/2301/576 860/2302/576 861/2303/576
f 864/2301/576 861/2303/576 865/2304/576
f 863/2305/577 862/2306/577 866/2307/577
f 863/2305/577 866/2307/577 867/2308/577
f 862/2309/578 860/2310/578 864/2311/578
f 862/2309/578 864/2311/578 866/2312/578
f 865/2313/579 861/2314/579 863/2315/579
f 865/2313/579 863/2315/579 867/2316/579
f 874/2317/580 872/2318/580 873/2319/580
f 874/2317/580 873/2319/580 875/2320/580
f 872/2321/581 868/2322/581 869/2323/581
f 872/2321/581 869/2323/581 873/2324/581
f 871/2325/582 870/2326/582 874/2327/582
f 871/2325/582 874/2327/582 875/2328/582
f 873/2329/583 869/2330/583 871/2331/583
f 873/2329/583 871/2331/583 875/2332/583
f 869/2333/584 868/2334/584 870/2335/584
f 869/2333/584 870/2335/584 871/2336/584
o magazine3
v -0.7479 -1.4687 1.7188
v -0.7479 -1.4687 1.4688
v -0.7479 -1.3437 1.7188
v -0.7479 -1.3437 1.4688
v -0.3104 -1.4687 1.7188
v -0.3104 -1.4687 1.4688
v -0.3104 -1.3437 1.7188
v -0.3104 -1.3437 1.4688
v -0.7479 -1.4687 1.8438
v -0.7479 -1.4687 1.7188
v -0.7479 -1.3437 1.8438
v -0.7479 -1.3437 1.7188
v -0.5604 -1.4687 1.8438
v -0.3104 -1.4687 1.7188
v -0.5604 -1.3437 1.8438
v -0.3104 -1.3437 1.7188
v -0.7479 -1.4687 1.4688
v -0.4354 -1.4687 1.3438
v -0.7479 -1.3437 1.4688
v -0.4354 -1.3437 1.3438
v -0.3104 -1.4687 1.4688
v -0.3104 -1.4687 1.3438
v -0.3104 -1.3437 1.4688
v -0.3104 -1.3437 1.3438
vt 0.75 0
vt 0.75 0.0313
vt 0.6875 0.0313
vt 0.6875 0
vt 0.8594 0.0156
vt 0.8594 0.0469
vt 0.7969 0.0469
vt 0.7969 0.0156
vt 0.75 0.0313
vt 0.75 0.0938
vt 0.6406 0.0938
vt 0.6406 0.0313
vt 0.75 0.0469
vt 0.75 0.1094
vt 0.6406 0.1094
vt 0.6406 0.0469
vt 0.7031 0.0313
vt 0.6719 0.0313
vt 0.6719 0
vt 0.7031 0
vt 0.7105 0
vt 0.7105 0.0313
vt 0.6406 0.0313
vt 0.6406 0
vt 0.7031 0
vt 0.75 0
vt 0.75 0.0313
vt 0.6406 0.0313
vt 0.75 0
vt 0.75 0.0313
vt 0.7031 0.0313
vt 0.6406 0
vt 0.6875 0
vt 0.6875 0.0313
vt 0.6406 0.0313
vt 0.6406 0
vt 0.7656 0.0469
vt 0.6563 0.0469
vt 0.6563 0.0156
vt 0.7656 0.0156
vt 0.8438 0.0156
vt 0.8438 0.0469
vt 0.8125 0.0469
vt 0.8125 0.0156
vt 0.6406 0.0938
vt 0.75 0.0938
vt 0.6719 0.125
vt 0.6406 0.125
vt 0.6719 0.0156
vt 0.75 0.0469
vt 0.6406 0.0469
vt 0.6406 0.0156
vt 0.7344 0.0313
vt 0.7031 0.0313
vt 0.7031 0
vt 0.7344 0
vt 0.7404 0.0313
vt 0.6563 0.0313
vt 0.6563 0
vt 0.7404 0
vn -1 0 0
vn 1 0 0
vn 0 -1 0
vn 0 1 0
vn -1 0 0
vn 0.45 0 0.89
vn 0 -1 0
vn 0 1 0
vn 0 0 1
vn 0 0 -1
vn 1 0 0
vn 0 -1 0
vn 0 1 0
vn 0 0 -1
vn -0.37 0 -0.93
usemtl weapon_autocannon
f 879/2337/585 877/2338/585 876/2339/585
f 879/2337/585 876/2339/585 878/2340/585
f 882/2341/586 880/2342/586 881/2343/586
f 882/2341/586 881/2343/586 883/2344/586
f 876/2345/587 877/2346/587 881/2347/587
f 876/2345/587 881/2347/587 880/2348/587
f 879/2349/588 878/2350/588 882/2351/588
f 879/2349/588 882/2351/588 883/2352/588
f 885/2353/589 884/2354/589 886/2355/589
f 885/2353/589 886/2355/589 887/2356/589
f 890/2357/590 888/2358/590 889/2359/590
f 890/2357/590 889/2359/590 891/2360/590
f 888/2361/591 884/2362/591 885/2363/591
f 888/2361/591 885/2363/591 889/2364/591
f 887/2365/592 886/2366/592 890/2367/592
f 887/2365/592 890/2367/592 891/2368/592
f 886/2369/593 884/2370/593 888/2371/593
f 886/2369/593 888/2371/593 890/2372/593
f 889/2373/594 885/2374/594 887/2375/594
f 889/2373/594 887/2375/594 891/2376/594
f 898/2377/595 896/2378/595 897/2379/595
f 898/2377/595 897/2379/595 899/2380/595
f 896/2381/596 892/2382/596 893/2383/596
f 896/2381/596 893/2383/596 897/2384/596
f 895/2385/597 894/2386/597 898/2387/597
f 895/2385/597 898/2387/597 899/2388/597
f 897/2389/598 893/2390/598 895/2391/598
f 897/2389/598 895/2391/598 899/2392/598
f 893/2393/599 892/2394/599 894/2395/599
f 893/2393/599 894/2395/599 895/2396/599
o magazine4
v -0.7479 -1.8437 1.7188
v -0.7479 -1.8437 1.4688
v -0.7479 -1.7187 1.7188
v -0.7479 -1.7187 1.4688
v -0.3104 -1.8437 1.7188
v -0.3104 -1.8437 1.4688
v -0.3104 -1.7187 1.7188
v -0.3104 -1.7187 1.4688
v -0.7479 -1.8437 1.8438
v -0.7479 -1.8437 1.7188
v -0.7479 -1.7187 1.8438
v -0.7479 -1.7187 1.7188
v -0.5604 -1.8437 1.8438
v -0.3104 -1.8437 1.7188
v -0.5604 -1.7187 1.8438
v -0.3104 -1.7187 1.7188
v -0.7479 -1.8437 1.4688
v -0.4354 -1.8437 1.3438
v -0.7479 -1.7187 1.4688
v -0.4354 -1.7187 1.3438
v -0.3104 -1.8437 1.4688
v -0.3104 -1.8437 1.3438
v -0.3104 -1.7187 1.4688
v -0.3104 -1.7187 1.3438
vt 0.75 0
vt 0.75 0.0313
vt 0.6875 0.0313
vt 0.6875 0
vt 0.8594 0.0156
vt 0.8594 0.0469
vt 0.7969 0.0469
vt 0.7969 0.0156
vt 0.75 0.0313
vt 0.75 0.0938
vt 0.6406 0.0938
vt 0.6406 0.0313
vt 0.75 0.0469
vt 0.75 0.1094
vt 0.6406 0.1094
vt 0.6406 0.0469
vt 0.7031 0.0313
vt 0.6719 0.0313
vt 0.6719 0
vt 0.7031 0
vt 0.7105 0
vt 0.7105 0.0313
vt 0.6406 0.0313
vt 0.6406 0
vt 0.7031 0
vt 0.75 0
vt 0.75 0.0313
vt 0.6406 0.0313
vt 0.75 0
vt 0.75 0.0313
vt 0.7031 0.0313
vt 0.6406 0
vt 0.6875 0
vt 0.6875 0.0313
vt 0.6406 0.0313
vt 0.6406 0
vt 0.7656 0.0469
vt 0.6563 0.0469
vt 0.6563 0.0156
vt 0.7656 0.0156
vt 0.8438 0.0156
vt 0.8438 0.0469
vt 0.8125 0.0469
vt 0.8125 0.0156
vt 0.6406 0.0938
vt 0.75 0.0938
vt 0.6719 0.125
vt 0.6406 0.125
vt 0.6719 0.0156
vt 0.75 0.0469
vt 0.6406 0.0469
vt 0.6406 0.0156
vt 0.7344 0.0313
vt 0.7031 0.0313
vt 0.7031 0
vt 0.7344 0
vt 0.7404 0.0313
vt 0.6563 0.0313
vt 0.6563 0
vt 0.7404 0
vn -1 0 0
vn 1 0 0
vn 0 -1 0
vn 0 1 0
vn -1 0 0
vn 0.45 0 0.89
vn 0 -1 0
vn 0 1 0
vn 0 0 1
vn 0 0 -1
vn 1 0 0
vn 0 -1 0
vn 0 1 0
vn 0 0 -1
vn -0.37 0 -0.93
usemtl weapon_autocannon
f 903/2397/600 901/2398/600 900/2399/600
f 903/2397/600 900/2399/600 902/2400/600
f 906/2401/601 904/2402/601 905/2403/601
f 906/2401/601 905/2403/601 907/2404/601
f 900/2405/602 901/2406/602 905/2407/602
f 900/2405/602 905/2407/602 904/2408/602
f 903/2409/603 902/2410/603 906/2411/603
f 903/2409/603 906/2411/603 907/2412/603
f 909/2413/604 908/2414/604 910/2415/604
f 909/2413/604 910/2415/604 911/2416/604
f 914/2417/605 912/2418/605 913/2419/605
f 914/2417/605 913/2419/605 915/2420/605
f 912/2421/606 908/2422/606 909/2423/606
f 912/2421/606 909/2423/606 913/2424/606
f 911/2425/607 910/2426/607 914/2427/607
f 911/2425/607 914/2427/607 915/2428/607
f 910/2429/608 908/2430/608 912/2431/608
f 910/2429/608 912/2431/608 914/2432/608
f 913/2433/609 909/2434/609 911/2435/609
f 913/2433/609 911/2435/609 915/2436/609
f 922/2437/610 920/2438/610 921/2439/610
f 922/2437/610 921/2439/610 923/2440/610
f 920/2441/611 916/2442/611 917/2443/611
f 920/2441/611 917/2443/611 921/2444/611
f 919/2445/612 918/2446/612 922/2447/612
f 919/2445/612 922/2447/612 923/2448/612
f 921/2449/613 917/2450/613 919/2451/613
f 921/2449/613 919/2451/613 923/2452/613
f 917/2453/614 916/2454/614 918/2455/614
f 917/2453/614 918/2455/614 919/2456/614
o cannon1
v 1.1875 -1.3437 -0.375
v 1.1875 -1.3437 -0.5
v 1.1875 -1.5312 -0.375
v 1.1875 -1.5312 -0.5
v 1 -1.3437 -0.375
v 1 -1.3437 -0.5
v 1 -1.5312 -0.375
v 1 -1.5312 -0.5
v 1.1563 -1.375 -0.3125
v 1.1875 -1.3437 -0.375
v 1.1563 -1.5 -0.3125
v 1.1875 -1.5312 -0.375
v 1.0313 -1.375 -0.3125
v 1 -1.3437 -0.375
v 1.0313 -1.5 -0.3125
v 1 -1.5312 -0.375
v 1.1563 -1.375 0.6875
v 1.1563 -1.375 -0.3125
v 1.1563 -1.5 0.6875
v 1.1563 -1.5 -0.3125
v 1.0313 -1.375 0.6875
v 1.0313 -1.375 -0.3125
v 1.0313 -1.5 0.6875
v 1.0313 -1.5 -0.3125
vt 0.5 0.1719
vt 0.4531 0.1719
vt 0.4531 0.1406
vt 0.5 0.1406
vt 0.4531 0.1406
vt 0.5 0.1406
vt 0.5 0.1719
vt 0.4531 0.1719
vt 0.4531 0.1719
vt 0.4531 0.1406
vt 0.5 0.1406
vt 0.5 0.1719
vt 0.5 0.1406
vt 0.5 0.1719
vt 0.4531 0.1719
vt 0.4531 0.1406
vt 0.5 0.0938
vt 0.5 0.1406
vt 0.4531 0.1406
vt 0.4531 0.0938
vt 0.4531 0.1875
vt 0.4609 0.1719
vt 0.4922 0.1719
vt 0.5 0.1875
vt 0.4609 0.2031
vt 0.4922 0.2031
vt 0.5 0.2188
vt 0.4531 0.2188
vt 0.4922 0.2188
vt 0.4609 0.2188
vt 0.4531 0.2031
vt 0.5 0.2031
vt 0.5 0.2013
vt 0.4922 0.2188
vt 0.4609 0.2188
vt 0.4531 0.2013
vt 0.3438 0.1563
vt 0.3438 0.125
vt 0.0938 0.125
vt 0.0938 0.1563
vt 0.0938 0.125
vt 0.0938 0.1563
vt 0.3438 0.1563
vt 0.3438 0.125
vt 0.0938 0.125
vt 0.3438 0.125
vt 0.3438 0.1563
vt 0.0938 0.1563
vt 0.3438 0.1563
vt 0.0938 0.1563
vt 0.0938 0.125
vt 0.3438 0.125
vn 1 0 0
vn -1 0 0
vn 0 1 0
vn 0 -1 0
vn 0 0 -1
vn 0.89 0 0.45
vn -0.89 0 0.45
vn 0 0.89 0.45
vn 0 -0.89 0.45
vn 1 0 0
vn -1 0 0
vn 0 1 0
vn 0 -1 0
usemtl weapon_autocannon
f 927/2457/615 925/2458/615 924/2459/615
f 927/2457/615 924/2459/615 926/2460/615
f 930/2461/616 928/2462/616 929/2463/616
f 930/2461/616 929/2463/616 931/2464/616
f 924/2465/617 925/2466/617 929/2467/617
f 924/2465/617 929/2467/617 928/2468/617
f 927/2469/618 926/2470/618 930/2471/618
f 927/2469/618 930/2471/618 931/2472/618
f 931/2473/619 929/2474/619 925/2475/619
f 931/2473/619 925/2475/619 927/2476/619
f 933/2477/620 932/2478/620 934/2479/620
f 933/2477/620 934/2479/620 935/2480/620
f 938/2481/621 936/2482/621 937/2483/621
f 938/2481/621 937/2483/621 939/2484/621
f 936/2485/622 932/2486/622 933/2487/622
f 936/2485/622 933/2487/622 937/2488/622
f 935/2489/623 934/2490/623 938/2491/623
f 935/2489/623 938/2491/623 939/2492/623
f 943/2493/624 941/2494/624 940/2495/624
f 943/2493/624 940/2495/624 942/2496/624
f 946/2497/625 944/2498/625 945/2499/625
f 946/2497/625 945/2499/625 947/2500/625
f 940/2501/626 941/2502/626 945/2503/626
f 940/2501/626 945/2503/626 944/2504/626
f 943/2505/627 942/2506/627 946/2507/627
f 943/2505/627 946/2507/627 947/2508/627
o cannon4
v 0 -1.3437 -0.375
v 0 -1.3437 -0.5
v 0 -1.5312 -0.375
v 0 -1.5312 -0.5
v -0.1875 -1.3437 -0.375
v -0.1875 -1.3437 -0.5
v -0.1875 -1.5312 -0.375
v -0.1875 -1.5312 -0.5
v -0.0312 -1.375 -0.3125
v 0 -1.3437 -0.375
v -0.0312 -1.5 -0.3125
v 0 -1.5312 -0.375
v -0.1562 -1.375 -0.3125
v -0.1875 -1.3437 -0.375
v -0.1562 -1.5 -0.3125
v -0.1875 -1.5312 -0.375
v -0.0312 -1.375 0.6875
v -0.0312 -1.375 -0.3125
v -0.0312 -1.5 0.6875
v -0.0312 -1.5 -0.3125
v -0.1562 -1.375 0.6875
v -0.1562 -1.375 -0.3125
v -0.1562 -1.5 0.6875
v -0.1562 -1.5 -0.3125
vt 0.5 0.1719
vt 0.4531 0.1719
vt 0.4531 0.1406
vt 0.5 0.1406
vt 0.4531 0.1406
vt 0.5 0.1406
vt 0.5 0.1719
vt 0.4531 0.1719
vt 0.4531 0.1719
vt 0.4531 0.1406
vt 0.5 0.1406
vt 0.5 0.1719
vt 0.5 0.1406
vt 0.5 0.1719
vt 0.4531 0.1719
vt 0.4531 0.1406
vt 0.5 0.0938
vt 0.5 0.1406
vt 0.4531 0.1406
vt 0.4531 0.0938
vt 0.4531 0.1875
vt 0.4609 0.1719
vt 0.4922 0.1719
vt 0.5 0.1875
vt 0.4609 0.2031
vt 0.4922 0.2031
vt 0.5 0.2188
vt 0.4531 0.2188
vt 0.4922 0.2188
vt 0.4609 0.2188
vt 0.4531 0.2031
vt 0.5 0.2031
vt 0.5 0.2013
vt 0.4922 0.2188
vt 0.4609 0.2188
vt 0.4531 0.2013
vt 0.3438 0.1563
vt 0.3438 0.125
vt 0.0938 0.125
vt 0.0938 0.1563
vt 0.0938 0.125
vt 0.0938 0.1563
vt 0.3438 0.1563
vt 0.3438 0.125
vt 0.0938 0.125
vt 0.3438 0.125
vt 0.3438 0.1563
vt 0.0938 0.1563
vt 0.3438 0.1563
vt 0.0938 0.1563
vt 0.0938 0.125
vt 0.3438 0.125
vn 1 0 0
vn -1 0 0
vn 0 1 0
vn 0 -1 0
vn 0 0 -1
vn 0.89 0 0.45
vn -0.89 0 0.45
vn 0 0.89 0.45
vn 0 -0.89 0.45
vn 1 0 0
vn -1 0 0
vn 0 1 0
vn 0 -1 0
usemtl weapon_autocannon
f 951/2509/628 949/2510/628 948/2511/628
f 951/2509/628 948/2511/628 950/2512/628
f 954/2513/629 952/2514/629 953/2515/629
f 954/2513/629 953/2515/629 955/2516/629
f 948/2517/630 949/2518/630 953/2519/630
f 948/2517/630 953/2519/630 952/2520/630
f 951/2521/631 950/2522/631 954/2523/631
f 951/2521/631 954/2523/631 955/2524/631
f 955/2525/632 953/2526/632 949/2527/632
f 955/2525/632 949/2527/632 951/2528/632
f 957/2529/633 956/2530/633 958/2531/633
f 957/2529/633 958/2531/633 959/2532/633
f 962/2533/634 960/2534/634 961/2535/634
f 962/2533/634 961/2535/634 963/2536/634
f 960/2537/635 956/2538/635 957/2539/635
f 960/2537/635 957/2539/635 961/2540/635
f 959/2541/636 958/2542/636 962/2543/636
f 959/2541/636 962/2543/636 963/2544/636
f 967/2545/637 965/2546/637 964/2547/637
f 967/2545/637 964/2547/637 966/2548/637
f 970/2549/638 968/2550/638 969/2551/638
f 970/2549/638 969/2551/638 971/2552/638
f 964/2553/639 965/2554/639 969/2555/639
f 964/2553/639 969/2555/639 968/2556/639
f 967/2557/640 966/2558/640 970/2559/640
f 967/2557/640 970/2559/640 971/2560/640
o cannon2
v 1.1875 -1.7187 -0.375
v 1.1875 -1.7187 -0.5
v 1.1875 -1.9062 -0.375
v 1.1875 -1.9062 -0.5
v 1 -1.7187 -0.375
v 1 -1.7187 -0.5
v 1 -1.9062 -0.375
v 1 -1.9062 -0.5
v 1.1563 -1.75 -0.3125
v 1.1875 -1.7187 -0.375
v 1.1563 -1.875 -0.3125
v 1.1875 -1.9062 -0.375
v 1.0313 -1.75 -0.3125
v 1 -1.7187 -0.375
v 1.0313 -1.875 -0.3125
v 1 -1.9062 -0.375
v 1.1563 -1.75 0.6875
v 1.1563 -1.75 -0.3125
v 1.1563 -1.875 0.6875
v 1.1563 -1.875 -0.3125
v 1.0313 -1.75 0.6875
v 1.0313 -1.75 -0.3125
v 1.0313 -1.875 0.6875
v 1.0313 -1.875 -0.3125
vt 0.5 0.1719
vt 0.4531 0.1719
vt 0.4531 0.1406
vt 0.5 0.1406
vt 0.4531 0.1406
vt 0.5 0.1406
vt 0.5 0.1719
vt 0.4531 0.1719
vt 0.4531 0.1719
vt 0.4531 0.1406
vt 0.5 0.1406
vt 0.5 0.1719
vt 0.5 0.1406
vt 0.5 0.1719
vt 0.4531 0.1719
vt 0.4531 0.1406
vt 0.5 0.0938
vt 0.5 0.1406
vt 0.4531 0.1406
vt 0.4531 0.0938
vt 0.4531 0.1875
vt 0.4609 0.1719
vt 0.4922 0.1719
vt 0.5 0.1875
vt 0.4609 0.2031
vt 0.4922 0.2031
vt 0.5 0.2188
vt 0.4531 0.2188
vt 0.4922 0.2188
vt 0.4609 0.2188
vt 0.4531 0.2031
vt 0.5 0.2031
vt 0.5 0.2013
vt 0.4922 0.2188
vt 0.4609 0.2188
vt 0.4531 0.2013
vt 0.3438 0.1563
vt 0.3438 0.125
vt 0.0938 0.125
vt 0.0938 0.1563
vt 0.0938 0.125
vt 0.0938 0.1563
vt 0.3438 0.1563
vt 0.3438 0.125
vt 0.0938 0.125
vt 0.3438 0.125
vt 0.3438 0.1563
vt 0.0938 0.1563
vt 0.3438 0.1563
vt 0.0938 0.1563
vt 0.0938 0.125
vt 0.3438 0.125
vn 1 0 0
vn -1 0 0
vn 0 1 0
vn 0 -1 0
vn 0 0 -1
vn 0.89 0 0.45
vn -0.89 0 0.45
vn 0 0.89 0.45
vn 0 -0.89 0.45
vn 1 0 0
vn -1 0 0
vn 0 1 0
vn 0 -1 0
usemtl weapon_autocannon
f 975/2561/641 973/2562/641 972/2563/641
f 975/2561/641 972/2563/641 974/2564/641
f 978/2565/642 976/2566/642 977/2567/642
f 978/2565/642 977/2567/642 979/2568/642
f 972/2569/643 973/2570/643 977/2571/643
f 972/2569/643 977/2571/643 976/2572/643
f 975/2573/644 974/2574/644 978/2575/644
f 975/2573/644 978/2575/644 979/2576/644
f 979/2577/645 977/2578/645 973/2579/645
f 979/2577/645 973/2579/645 975/2580/645
f 981/2581/646 980/2582/646 982/2583/646
f 981/2581/646 982/2583/646 983/2584/646
f 986/2585/647 984/2586/647 985/2587/647
f 986/2585/647 985/2587/647 987/2588/647
f 984/2589/648 980/2590/648 981/2591/648
f 984/2589/648 981/2591/648 985/2592/648
f 983/2593/649 982/2594/649 986/2595/649
f 983/2593/649 986/2595/649 987/2596/649
f 991/2597/650 989/2598/650 988/2599/650
f 991/2597/650 988/2599/650 990/2600/650
f 994/2601/651 992/2602/651 993/2603/651
f 994/2601/651 993/2603/651 995/2604/651
f 988/2605/652 989/2606/652 993/2607/652
f 988/2605/652 993/2607/652 992/2608/652
f 991/2609/653 990/2610/653 994/2611/653
f 991/2609/653 994/2611/653 995/2612/653
o cannon3
v 0 -1.7187 -0.375
v 0 -1.7187 -0.5
v 0 -1.9062 -0.375
v 0 -1.9062 -0.5
v -0.1875 -1.7187 -0.375
v -0.1875 -1.7187 -0.5
v -0.1875 -1.9062 -0.375
v -0.1875 -1.9062 -0.5
v -0.0312 -1.75 -0.3125
v 0 -1.7187 -0.375
v -0.0312 -1.875 -0.3125
v 0 -1.9062 -0.375
v -0.1562 -1.75 -0.3125
v -0.1875 -1.7187 -0.375
v -0.1562 -1.875 -0.3125
v -0.1875 -1.9062 -0.375
v -0.0312 -1.75 0.6875
v -0.0312 -1.75 -0.3125
v -0.0312 -1.875 0.6875
v -0.0312 -1.875 -0.3125
v -0.1562 -1.75 0.6875
v -0.1562 -1.75 -0.3125
v -0.1562 -1.875 0.6875
v -0.1562 -1.875 -0.3125
vt 0.5 0.1719
vt 0.4531 0.1719
vt 0.4531 0.1406
vt 0.5 0.1406
vt 0.4531 0.1406
vt 0.5 0.1406
vt 0.5 0.1719
vt 0.4531 0.1719
vt 0.4531 0.1719
vt 0.4531 0.1406
vt 0.5 0.1406
vt 0.5 0.1719
vt 0.5 0.1406
vt 0.5 0.1719
vt 0.4531 0.1719
vt 0.4531 0.1406
vt 0.5 0.0938
vt 0.5 0.1406
vt 0.4531 0.1406
vt 0.4531 0.0938
vt 0.4531 0.1875
vt 0.4609 0.1719
vt 0.4922 0.1719
vt 0.5 0.1875
vt 0.4609 0.2031
vt 0.4922 0.2031
vt 0.5 0.2188
vt 0.4531 0.2188
vt 0.4922 0.2188
vt 0.4609 0.2188
vt 0.4531 0.2031
vt 0.5 0.2031
vt 0.5 0.2013
vt 0.4922 0.2188
vt 0.4609 0.2188
vt 0.4531 0.2013
vt 0.3438 0.1563
vt 0.3438 0.125
vt 0.0938 0.125
vt 0.0938 0.1563
vt 0.0938 0.125
vt 0.0938 0.1563
vt 0.3438 0.1563
vt 0.3438 0.125
vt 0.0938 0.125
vt 0.3438 0.125
vt 0.3438 0.1563
vt 0.0938 0.1563
vt 0.3438 0.1563
vt 0.0938 0.1563
vt 0.0938 0.125
vt 0.3438 0.125
vn 1 0 0
vn -1 0 0
vn 0 1 0
vn 0 -1 0
vn 0 0 -1
vn 0.89 0 0.45
vn -0.89 0 0.45
vn 0 0.89 0.45
vn 0 -0.89 0.45
vn 1 0 0
vn -1 0 0
vn 0 1 0
vn 0 -1 0
usemtl weapon_autocannon
f 999/2613/654 997/2614/654 996/2615/654
f 999/2613/654 996/2615/654 998/2616/654
f 1002/2617/655 1000/2618/655 1001/2619/655
f 1002/2617/655 1001/2619/655 1003/2620/655
f 996/2621/656 997/2622/656 1001/2623/656
f 996/2621/656 1001/2623/656 1000/2624/656
f 999/2625/657 998/2626/657 1002/2627/657
f 999/2625/657 1002/2627/657 1003/2628/657
f 1003/2629/658 1001/2630/658 997/2631/658
f 1003/2629/658 997/2631/658 999/2632/658
f 1005/2633/659 1004/2634/659 1006/2635/659
f 1005/2633/659 1006/2635/659 1007/2636/659
f 1010/2637/660 1008/2638/660 1009/2639/660
f 1010/2637/660 1009/2639/660 1011/2640/660
f 1008/2641/661 1004/2642/661 1005/2643/661
f 1008/2641/661 1005/2643/661 1009/2644/661
f 1007/2645/662 1006/2646/662 1010/2647/662
f 1007/2645/662 1010/2647/662 1011/2648/662
f 1015/2649/663 1013/2650/663 1012/2651/663
f 1015/2649/663 1012/2651/663 1014/2652/663
f 1018/2653/664 1016/2654/664 1017/2655/664
f 1018/2653/664 1017/2655/664 1019/2656/664
f 1012/2657/665 1013/2658/665 1017/2659/665
f 1012/2657/665 1017/2659/665 1016/2660/665
f 1015/2661/666 1014/2662/666 1018/2663/666
f 1015/2661/666 1018/2663/666 1019/2664/666