# Made by Pabilo8 with Blockbench
# Exported with IIToolkit Plugin on 20/09/2026
mtllib cpds.mtl

o ir_camera
v 1.4375 -0.1875 1.8125
v 1.4375 -0.1875 1.1875
v 1.4375 -0.6875 1.8125
v 1.4375 -0.6875 1.1875
v 0.9375 -0.1875 1.8125
v 0.9375 -0.1875 1.1875
v 0.9375 -0.6875 1.8125
v 0.9375 -0.6875 1.1875
v 1.375 -0.25 1.1875
v 1.375 -0.25 1.125
v 1.375 -0.625 1.1875
v 1.375 -0.625 1.125
v 1 -0.25 1.1875
v 1 -0.25 1.125
v 1 -0.625 1.1875
v 1 -0.625 1.125
v 1.3125 -0.6875 1.6875
v 1.3125 -0.6875 1.5
v 1.3125 -0.875 1.6875
v 1.3125 -0.875 1.5
v 1.25 -0.6875 1.6875
v 1.25 -0.6875 1.5
v 1.25 -0.875 1.6875
v 1.25 -0.875 1.5
v 1.125 -0.6875 1.6875
v 1.125 -0.6875 1.5
v 1.125 -0.875 1.6875
v 1.125 -0.875 1.5
v 1.0625 -0.6875 1.6875
v 1.0625 -0.6875 1.5
v 1.0625 -0.875 1.6875
v 1.0625 -0.875 1.5
v 1.3438 -0.75 1.625
v 1.3438 -0.75 1.5625
v 1.3438 -0.8125 1.625
v 1.3438 -0.8125 1.5625
v 1.0313 -0.75 1.625
v 1.0313 -0.75 1.5625
v 1.0313 -0.8125 1.625
v 1.0313 -0.8125 1.5625
vt 0 0
vt 0 0.5
vt 0.625 0.5
vt 0.625 0
vt 0.625 0
vt 0.625 0.5
vt 0 0.5
vt 0 0
vt 0.625 0.5
vt 0 0.5
vt 0 0
vt 0.625 0
vt 0 0.5
vt 0.625 0.5
vt 0.625 0
vt 0 0
vt 1 0.5
vt 1 1
vt 0.5 1
vt 0.5 0.5
vt 0.5 0.5
vt 0.5 1
vt 0 1
vt 0 0.5
vt 0.6875 0.125
vt 0.6875 0.5
vt 0.625 0.5
vt 0.625 0.125
vt 1 0.125
vt 1 0.5
vt 0.9375 0.5
vt 0.9375 0.125
vt 1 0.4375
vt 1 0.5
vt 0.625 0.5
vt 0.625 0.4375
vt 1 0.125
vt 1 0.1875
vt 0.625 0.1875
vt 0.625 0.125
vt 1 0.125
vt 1 0.5
vt 0.625 0.5
vt 0.625 0.125
vt 0.2344 0.875
vt 0.2344 0.9219
vt 0.1875 0.9219
vt 0.1875 0.875
vt 0.2344 0.9219
vt 0.2344 0.9688
vt 0.2188 0.9688
vt 0.2188 0.9219
vt 0.2344 0.875
vt 0.2344 0.9219
vt 0.2188 0.9219
vt 0.2188 0.875
vt 0.2344 0.875
vt 0.2344 0.9219
vt 0.2188 0.9219
vt 0.2188 0.875
vt 0.2344 0.875
vt 0.2344 0.9219
vt 0.1875 0.9219
vt 0.1875 0.875
vt 0.2344 0.9219
vt 0.2344 0.9688
vt 0.2188 0.9688
vt 0.2188 0.9219
vt 0.2344 0.875
vt 0.2344 0.9219
vt 0.2188 0.9219
vt 0.2188 0.875
vt 0.2344 0.875
vt 0.2344 0.9219
vt 0.2188 0.9219
vt 0.2188 0.875
vt 0.7969 0.3281
vt 0.7969 0.3438
vt 0.8125 0.3438
vt 0.8125 0.3281
vt 0.7031 0.3281
vt 0.7031 0.3438
vt 0.7188 0.3438
vt 0.7188 0.3281
vt 0.7969 0.3594
vt 0.7969 0.3438
vt 0.7188 0.3438
vt 0.7188 0.3594
vt 0.875 0.3438
vt 0.875 0.3594
vt 0.7969 0.3594
vt 0.7969 0.3438
vt 0.8125 0.3281
vt 0.8125 0.3438
vt 0.8906 0.3438
vt 0.8906 0.3281
vt 0.7188 0.3281
vt 0.7188 0.3438
vt 0.7969 0.3438
vt 0.7969 0.3281
vn 1 0 0
vn -1 0 0
vn 0 1 0
vn 0 -1 0
vn 0 0 1
vn 0 0 -1
vn 1 0 0
vn -1 0 0
vn 0 1 0
vn 0 -1 0
vn 0 0 -1
vn 1 0 0
vn 0 -1 0
vn 0 0 1
vn 0 0 -1
vn -1 0 0
vn 0 -1 0
vn 0 0 1
vn 0 0 -1
vn 1 0 0
vn -1 0 0
vn 0 1 0
vn 0 -1 0
vn 0 0 1
vn 0 0 -1
usemtl mount_infrared
f 4/1/1 2/2/1 1/3/1
f 4/1/1 1/3/1 3/4/1
f 7/5/2 5/6/2 6/7/2
f 7/5/2 6/7/2 8/8/2
f 1/9/3 2/10/3 6/11/3
f 1/9/3 6/11/3 5/12/3
f 4/13/4 3/14/4 7/15/4
f 4/13/4 7/15/4 8/16/4
f 3/17/5 1/18/5 5/19/5
f 3/17/5 5/19/5 7/20/5
f 8/21/6 6/22/6 2/23/6
f 8/21/6 2/23/6 4/24/6
f 12/25/7 10/26/7 9/27/7
f 12/25/7 9/27/7 11/28/7
f 15/29/8 13/30/8 14/31/8
f 15/29/8 14/31/8 16/32/8
f 9/33/9 10/34/9 14/35/9
f 9/33/9 14/35/9 13/36/9
f 12/37/10 11/38/10 15/39/10
f 12/37/10 15/39/10 16/40/10
f 16/41/11 14/42/11 10/43/11
f 16/41/11 10/43/11 12/44/11
usemtl weapon_cpds
f 20/45/12 18/46/12 17/47/12
f 20/45/12 17/47/12 19/48/12
f 20/49/13 19/50/13 23/51/13
f 20/49/13 23/51/13 24/52/13
f 19/53/14 17/54/14 21/55/14
f 19/53/14 21/55/14 23/56/14
f 24/57/15 22/58/15 18/59/15
f 24/57/15 18/59/15 20/60/15
f 31/61/16 29/62/16 30/63/16
f 31/61/16 30/63/16 32/64/16
f 28/65/17 27/66/17 31/67/17
f 28/65/17 31/67/17 32/68/17
f 27/69/18 25/70/18 29/71/18
f 27/69/18 29/71/18 31/72/18
f 32/73/19 30/74/19 26/75/19
f 32/73/19 26/75/19 28/76/19
f 36/77/20 34/78/20 33/79/20
f 36/77/20 33/79/20 35/80/20
f 39/81/21 37/82/21 38/83/21
f 39/81/21 38/83/21 40/84/21
f 33/85/22 34/86/22 38/87/22
f 33/85/22 38/87/22 37/88/22
f 36/89/23 35/90/23 39/91/23
f 36/89/23 39/91/23 40/92/23
f 35/93/24 33/94/24 37/95/24
f 35/93/24 37/95/24 39/96/24
f 40/97/25 38/98/25 34/99/25
f 40/97/25 34/99/25 36/100/25
o ammo_platform
v 0.75 -2.4375 2.3125
v 0.75 -2.4375 1.6875
v 0.75 -2.5 2.3125
v 0.75 -2.5 1.6875
v 0.6875 -2.4375 2.3125
v 0.6875 -2.4375 1.6875
v 0.6875 -2.5 2.3125
v 0.6875 -2.5 1.6875
v 0.875 -2.375 2.375
v 0.875 -2.375 1.625
v 0.875 -2.4375 2.375
v 0.875 -2.4375 1.625
v 0.125 -2.375 2.375
v 0.125 -2.375 1.625
v 0.125 -2.4375 2.375
v 0.125 -2.4375 1.625
v 0.3125 -2.4375 2.3125
v 0.3125 -2.4375 1.6875
v 0.3125 -2.5 2.3125
v 0.3125 -2.5 1.6875
v 0.25 -2.4375 2.3125
v 0.25 -2.4375 1.6875
v 0.25 -2.5 2.3125
v 0.25 -2.5 1.6875
vt 1 0.9688
vt 1 1
vt 0.9688 1
vt 0.9688 0.9688
vt 1 0.7188
vt 1 0.75
vt 0.9688 0.75
vt 0.9688 0.7188
vt 0.375 0.625
vt 0.375 0.6563
vt 0 0.6563
vt 0 0.625
vt 0.375 0.625
vt 0.375 0.6563
vt 0 0.6563
vt 0 0.625
vt 0.375 0.625
vt 0.375 1
vt 0 1
vt 0 0.625
vt 0.375 0.625
vt 0.375 1
vt 0 1
vt 0 0.625
vt 0.375 0.625
vt 0.375 0.6563
vt 0 0.6563
vt 0 0.625
vt 0.375 0.625
vt 0.375 0.6563
vt 0 0.6563
vt 0 0.625
vt 1 0.9688
vt 1 1
vt 0.9688 1
vt 0.9688 0.9688
vt 1 0.7188
vt 1 0.75
vt 0.9688 0.75
vt 0.9688 0.7188
vn 0 0 1
vn 0 0 -1
vn 1 0 0
vn -1 0 0
vn 0 1 0
vn 0 -1 0
vn 0 0 1
vn 0 0 -1
vn 0 0 1
vn 0 0 -1
usemtl weapon_cpds_interior
f 43/101/26 41/102/26 45/103/26
f 43/101/26 45/103/26 47/104/26
f 48/105/27 46/106/27 42/107/27
f 48/105/27 42/107/27 44/108/27
f 52/109/28 50/110/28 49/111/28
f 52/109/28 49/111/28 51/112/28
f 55/113/29 53/114/29 54/115/29
f 55/113/29 54/115/29 56/116/29
f 49/117/30 50/118/30 54/119/30
f 49/117/30 54/119/30 53/120/30
f 52/121/31 51/122/31 55/123/31
f 52/121/31 55/123/31 56/124/31
f 51/125/32 49/126/32 53/127/32
f 51/125/32 53/127/32 55/128/32
f 56/129/33 54/130/33 50/131/33
f 56/129/33 50/131/33 52/132/33
f 59/133/34 57/134/34 61/135/34
f 59/133/34 61/135/34 63/136/34
f 64/137/35 62/138/35 58/139/35
f 64/137/35 58/139/35 60/140/35
o pillar3
v 1 -1.9687 2.2813
v 1 -1.9687 1.7188
v 1 -2.2812 2.2813
v 1 -2.2812 1.7188
v 0.875 -1.9687 2.2813
v 0.875 -1.9687 1.7188
v 0.875 -2.2812 2.2813
v 0.875 -2.2812 1.7188
v 1.375 -2 2.125
v 1.375 -2 1.875
v 1.375 -2.25 2.125
v 1.375 -2.25 1.875
v 1 -2 2.125
v 1 -2 1.875
v 1 -2.25 2.125
v 1 -2.25 1.875
vt 0.5625 0.7188
vt 0.7188 0.7188
vt 0.7188 1
vt 0.5625 1
vt 0.5625 0.7188
vt 0.7188 0.7188
vt 0.7188 1
vt 0.5625 1
vt 0.625 0.7188
vt 0.625 1
vt 0.5625 1
vt 0.5625 0.7188
vt 0.625 0.7188
vt 0.625 1
vt 0.5625 1
vt 0.5625 0.7188
vt 0.5625 0.7813
vt 0.7188 0.7813
vt 0.7188 0.7188
vt 0.5625 0.7188
vt 0.7188 1
vt 0.5625 1
vt 0.5625 0.9375
vt 0.7188 0.9375
vt 0.375 0.8125
vt 0.5 0.8125
vt 0.5 1
vt 0.375 1
vt 0.375 0.8125
vt 0.5 0.8125
vt 0.5 1
vt 0.375 1
vt 0.5 1
vt 0.375 1
vt 0.375 0.8125
vt 0.5 0.8125
vt 0.375 0.8125
vt 0.5 0.8125
vt 0.5 1
vt 0.375 1
vn 1 0 0
vn -1 0 0
vn 0 1 0
vn 0 -1 0
vn 0 0 1
vn 0 0 -1
vn 0 1 0
vn 0 -1 0
vn 0 0 1
vn 0 0 -1
usemtl weapon_cpds_interior
f 68/141/36 66/142/36 65/143/36
f 68/141/36 65/143/36 67/144/36
f 71/145/37 69/146/37 70/147/37
f 71/145/37 70/147/37 72/148/37
f 65/149/38 66/150/38 70/151/38
f 65/149/38 70/151/38 69/152/38
f 68/153/39 67/154/39 71/155/39
f 68/153/39 71/155/39 72/156/39
f 67/157/40 65/158/40 69/159/40
f 67/157/40 69/159/40 71/160/40
f 72/161/41 70/162/41 66/163/41
f 72/161/41 66/163/41 68/164/41
f 73/165/42 74/166/42 78/167/42
f 73/165/42 78/167/42 77/168/42
f 76/169/43 75/170/43 79/171/43
f 76/169/43 79/171/43 80/172/43
f 75/173/44 73/174/44 77/175/44
f 75/173/44 77/175/44 79/176/44
f 80/177/45 78/178/45 74/179/45
f 80/177/45 74/179/45 76/180/45
o pillar2
v 1.375 -1.9687 2.1563
v 1.375 -1.9687 1.8438
v 1.375 -2.2812 2.1563
v 1.375 -2.2812 1.8438
v 1 -1.9687 2.1563
v 1 -1.9687 1.8438
v 1 -2.2812 2.1563
v 1 -2.2812 1.8438
vt 0.5625 0.5625
vt 0.5625 0.7188
vt 0.7188 0.7188
vt 0.7188 0.5625
vt 0.375 0.8125
vt 0.5313 0.8125
vt 0.5313 1
vt 0.375 1
vt 0.375 0.8125
vt 0.5313 0.8125
vt 0.5313 1
vt 0.375 1
vt 0.5313 0.8125
vt 0.375 0.8125
vt 0.375 1
vt 0.5313 1
vt 0.375 0.8125
vt 0.5313 0.8125
vt 0.5313 1
vt 0.375 1
vn -1 0 0
vn 0 1 0
vn 0 -1 0
vn 0 0 1
vn 0 0 -1
usemtl weapon_cpds_interior
f 87/181/46 85/182/46 86/183/46
f 87/181/46 86/183/46 88/184/46
f 81/185/47 82/186/47 86/187/47
f 81/185/47 86/187/47 85/188/47
f 84/189/48 83/190/48 87/191/48
f 84/189/48 87/191/48 88/192/48
f 83/193/49 81/194/49 85/195/49
f 83/193/49 85/195/49 87/196/49
f 88/197/50 86/198/50 82/199/50
f 88/197/50 82/199/50 84/200/50
o pillar1
v 1.4375 -1.9375 2.1875
v 1.4375 -1.9375 1.8125
v 1.4375 -2.3125 2.1875
v 1.4375 -2.3125 1.8125
v 1.0625 -1.9375 2.1875
v 1.0625 -1.9375 1.8125
v 1.0625 -2.3125 2.1875
v 1.0625 -2.3125 1.8125
vt 0.5625 0.8125
vt 0.5625 0.625
vt 0.375 0.625
vt 0.375 0.8125
vt 0.375 0.8125
vt 0.5625 0.8125
vt 0.5625 1
vt 0.375 1
vt 0.375 0.8125
vt 0.5625 0.8125
vt 0.5625 1
vt 0.375 1
vt 0.5625 1
vt 0.375 1
vt 0.375 0.8125
vt 0.5625 0.8125
vt 0.375 0.8125
vt 0.5625 0.8125
vt 0.5625 1
vt 0.375 1
vn -1 0 0
vn 0 1 0
vn 0 -1 0
vn 0 0 1
vn 0 0 -1
usemtl weapon_cpds_interior
f 95/201/51 93/202/51 94/203/51
f 95/201/51 94/203/51 96/204/51
f 89/205/52 90/206/52 94/207/52
f 89/205/52 94/207/52 93/208/52
f 92/209/53 91/210/53 95/211/53
f 92/209/53 95/211/53 96/212/53
f 91/213/54 89/214/54 93/215/54
f 91/213/54 93/215/54 95/216/54
f 96/217/55 94/218/55 90/219/55
f 96/217/55 90/219/55 92/220/55
o door
v 0.125 -1.8125 2.4375
v 0.125 -1.8125 1.5
v 0.125 -2.375 2.4375
v 0.125 -2.375 1.5
v 0.0625 -1.8125 2.4375
v 0.0625 -1.8125 1.5
v 0.0625 -2.375 2.4375
v 0.0625 -2.375 1.5
vt 0.5313 0.4063
vt 0.5313 0.125
vt 1 0.125
vt 1 0.4063
vt 0.5313 0.4063
vt 0.5313 0.125
vt 1 0.125
vt 1 0.4063
vt 0.5313 0.375
vt 1 0.375
vt 1 0.4063
vt 0.5313 0.4063
vt 0.5313 0.375
vt 1 0.375
vt 1 0.4063
vt 0.5313 0.4063
vt 0.5625 0.125
vt 0.5625 0.4063
vt 0.5313 0.4063
vt 0.5313 0.125
vt 1 0.125
vt 1 0.4063
vt 0.9688 0.4063
vt 0.9688 0.125
vn 1 0 0
vn -1 0 0
vn 0 1 0
vn 0 -1 0
vn 0 0 1
vn 0 0 -1
usemtl weapon_cpds_interior
f 100/221/56 98/222/56 97/223/56
f 100/221/56 97/223/56 99/224/56
f 103/225/57 101/226/57 102/227/57
f 103/225/57 102/227/57 104/228/57
f 97/229/58 98/230/58 102/231/58
f 97/229/58 102/231/58 101/232/58
f 100/233/59 99/234/59 103/235/59
f 100/233/59 103/235/59 104/236/59
f 99/237/60 97/238/60 101/239/60
f 99/237/60 101/239/60 103/240/60
f 104/241/61 102/242/61 98/243/61
f 104/241/61 98/243/61 100/244/61
o gun_mount
v 0.6679 -1.7311 -0.2437
v 0.6679 -1.7311 -1.2187
v 0.6061 -1.7929 -0.2437
v 0.6061 -1.7929 -1.2187
v 0.6062 -1.669 -0.2437
v 0.6062 -1.669 -1.2187
v 0.544 -1.7312 -0.2437
v 0.544 -1.7312 -1.2187
v 0.6062 -1.581 -0.2437
v 0.6062 -1.581 -1.2187
v 0.544 -1.5188 -0.2437
v 0.544 -1.5188 -1.2187
v 0.6679 -1.5189 -0.2437
v 0.6679 -1.5189 -1.2187
v 0.6061 -1.4571 -0.2437
v 0.6061 -1.4571 -1.2187
v 0.456 -1.5188 -0.2437
v 0.456 -1.5188 -1.2187
v 0.5438 -1.4312 -0.2437
v 0.5438 -1.4312 -1.2187
v 0.4562 -1.4312 -0.2437
v 0.4562 -1.4312 -1.2187
v 0.3938 -1.581 -0.2437
v 0.3938 -1.581 -1.2187
v 0.3939 -1.4571 -0.2437
v 0.3939 -1.4571 -1.2187
v 0.3321 -1.5189 -0.2437
v 0.3321 -1.5189 -1.2187
v 0.3938 -1.669 -0.2437
v 0.3938 -1.669 -1.2187
v 0.3062 -1.5812 -0.2437
v 0.3062 -1.5812 -1.2187
v 0.3062 -1.6688 -0.2437
v 0.3062 -1.6688 -1.2187
v 0.3939 -1.7929 -0.2437
v 0.3939 -1.7929 -1.2187
v 0.3321 -1.7311 -0.2437
v 0.3321 -1.7311 -1.2187
v 0.456 -1.7312 -0.2437
v 0.456 -1.7312 -1.2187
v 0.5438 -1.8188 -0.2437
v 0.5438 -1.8188 -1.2187
v 0.4562 -1.8188 -0.2437
v 0.4562 -1.8188 -1.2187
v 0.6938 -1.5812 -0.2437
v 0.6938 -1.5812 -1.2187
v 0.6938 -1.6688 -0.2437
v 0.6938 -1.6688 -1.2187
v 0.55 -1.525 -1.15
v 0.55 -1.525 -1.25
v 0.45 -1.525 -1.15
v 0.45 -1.525 -1.25
v 0.55 -1.425 -1.15
v 0.55 -1.425 -1.25
v 0.45 -1.425 -1.15
v 0.45 -1.425 -1.25
v 0.4646 -1.5189 -1.15
v 0.4646 -1.5189 -1.25
v 0.3939 -1.5896 -1.15
v 0.3939 -1.5896 -1.25
v 0.3939 -1.4482 -1.15
v 0.3939 -1.4482 -1.25
v 0.3232 -1.5189 -1.15
v 0.3232 -1.5189 -1.25
v 0.4 -1.575 -1.15
v 0.4 -1.575 -1.25
v 0.4 -1.675 -1.15
v 0.4 -1.675 -1.25
v 0.3 -1.575 -1.15
v 0.3 -1.575 -1.25
v 0.3 -1.675 -1.15
v 0.3 -1.675 -1.25
v 0.3939 -1.8018 -1.15
v 0.3939 -1.8018 -1.25
v 0.3232 -1.7311 -1.15
v 0.3232 -1.7311 -1.25
v 0.4646 -1.7311 -1.15
v 0.4646 -1.7311 -1.25
v 0.3939 -1.6604 -1.15
v 0.3939 -1.6604 -1.25
v 0.55 -1.825 -1.15
v 0.55 -1.825 -1.25
v 0.45 -1.825 -1.15
v 0.45 -1.825 -1.25
v 0.55 -1.725 -1.15
v 0.55 -1.725 -1.25
v 0.45 -1.725 -1.15
v 0.45 -1.725 -1.25
v 0.6768 -1.7311 -1.15
v 0.6768 -1.7311 -1.25
v 0.6061 -1.8018 -1.15
v 0.6061 -1.8018 -1.25
v 0.6061 -1.6604 -1.15
v 0.6061 -1.6604 -1.25
v 0.5354 -1.7311 -1.15
v 0.5354 -1.7311 -1.25
v 0.7 -1.575 -1.15
v 0.7 -1.575 -1.25
v 0.7 -1.675 -1.15
v 0.7 -1.675 -1.25
v 0.6 -1.575 -1.15
v 0.6 -1.575 -1.25
v 0.6 -1.675 -1.15
v 0.6 -1.675 -1.25
v 0.6061 -1.5896 -1.15
v 0.6061 -1.5896 -1.25
v 0.5354 -1.5189 -1.15
v 0.5354 -1.5189 -1.25
v 0.6768 -1.5189 -1.15
v 0.6768 -1.5189 -1.25
v 0.6061 -1.4482 -1.15
v 0.6061 -1.4482 -1.25
vt 0 0.4375
vt 0.0313 0.4375
vt 0.0313 0.6719
vt 0 0.6719
vt 0.0313 0.6719
vt 0 0.6719
vt 0 0.4375
vt 0.0313 0.4375
vt 0.0313 0.6719
vt 0.0313 0.4375
vt 0 0.4375
vt 0 0.6719
vt 0.0313 0.4375
vt 0.0313 0.6719
vt 0 0.6719
vt 0 0.4375
vt 0 0.4375
vt 0.0313 0.4375
vt 0.0313 0.6719
vt 0 0.6719
vt 0.0313 0.6719
vt 0 0.6719
vt 0 0.4375
vt 0.0313 0.4375
vt 0.0313 0.6719
vt 0.0313 0.4375
vt 0 0.4375
vt 0 0.6719
vt 0.0313 0.4375
vt 0.0313 0.6719
vt 0 0.6719
vt 0 0.4375
vt 0 0.4375
vt 0.0313 0.4375
vt 0.0313 0.6719
vt 0 0.6719
vt 0.0313 0.6719
vt 0 0.6719
vt 0 0.4375
vt 0.0313 0.4375
vt 0.0313 0.6719
vt 0.0313 0.4375
vt 0 0.4375
vt 0 0.6719
vt 0.0313 0.4375
vt 0.0313 0.6719
vt 0 0.6719
vt 0 0.4375
vt 0 0.4375
vt 0.0313 0.4375
vt 0.0313 0.6719
vt 0 0.6719
vt 0.0313 0.6719
vt 0 0.6719
vt 0 0.4375
vt 0.0313 0.4375
vt 0.0313 0.6719
vt 0.0313 0.4375
vt 0 0.4375
vt 0 0.6719
vt 0.0313 0.4375
vt 0.0313 0.6719
vt 0 0.6719
vt 0 0.4375
vt 0 0.4375
vt 0.0313 0.4375
vt 0.0313 0.6719
vt 0 0.6719
vt 0.0313 0.6719
vt 0 0.6719
vt 0 0.4375
vt 0.0313 0.4375
vt 0.0313 0.6719
vt 0.0313 0.4375
vt 0 0.4375
vt 0 0.6719
vt 0.0313 0.4375
vt 0.0313 0.6719
vt 0 0.6719
vt 0 0.4375
vt 0 0.4375
vt 0.0313 0.4375
vt 0.0313 0.6719
vt 0 0.6719
vt 0.0313 0.6719
vt 0 0.6719
vt 0 0.4375
vt 0.0313 0.4375
vt 0.0313 0.6719
vt 0.0313 0.4375
vt 0 0.4375
vt 0 0.6719
vt 0.0313 0.4375
vt 0.0313 0.6719
vt 0 0.6719
vt 0 0.4375
vt 0 0.4375
vt 0.0313 0.4375
vt 0.0313 0.6719
vt 0 0.6719
vt 0.0313 0.6719
vt 0 0.6719
vt 0 0.4375
vt 0.0313 0.4375
vt 0.0313 0.6719
vt 0.0313 0.4375
vt 0 0.4375
vt 0 0.6719
vt 0.0313 0.4375
vt 0.0313 0.6719
vt 0 0.6719
vt 0 0.4375
vt 0 0.4375
vt 0.0313 0.4375
vt 0.0313 0.6719
vt 0 0.6719
vt 0.0313 0.6719
vt 0 0.6719
vt 0 0.4375
vt 0.0313 0.4375
vt 0.0313 0.6719
vt 0.0313 0.4375
vt 0 0.4375
vt 0 0.6719
vt 0.0313 0.4375
vt 0.0313 0.6719
vt 0 0.6719
vt 0 0.4375
vt 0.9375 0.3594
vt 0.9688 0.3594
vt 0.9688 0.3906
vt 0.9375 0.3906
vt 0.9688 0.3906
vt 0.9375 0.3906
vt 0.9375 0.3594
vt 0.9688 0.3594
vt 0.9688 0.3906
vt 0.9688 0.3594
vt 0.9375 0.3594
vt 0.9375 0.3906
vt 0.9688 0.3594
vt 0.9688 0.3906
vt 0.9375 0.3906
vt 0.9375 0.3594
vt 0.9625 0.3344
vt 0.9625 0.3594
vt 0.9375 0.3594
vt 0.9375 0.3344
vt 0.9688 0.3594
vt 0.9688 0.3906
vt 0.9375 0.3906
vt 0.9375 0.3594
vt 0.9375 0.3594
vt 0.9688 0.3594
vt 0.9688 0.3906
vt 0.9375 0.3906
vt 0.9688 0.3906
vt 0.9375 0.3906
vt 0.9375 0.3594
vt 0.9688 0.3594
vt 0.9688 0.3906
vt 0.9688 0.3594
vt 0.9375 0.3594
vt 0.9375 0.3906
vt 0.9688 0.3594
vt 0.9688 0.3906
vt 0.9375 0.3906
vt 0.9375 0.3594
vt 0.9625 0.3344
vt 0.9625 0.3594
vt 0.9375 0.3594
vt 0.9375 0.3344
vt 0.9688 0.3594
vt 0.9688 0.3906
vt 0.9375 0.3906
vt 0.9375 0.3594
vt 0.9375 0.3594
vt 0.9688 0.3594
vt 0.9688 0.3906
vt 0.9375 0.3906
vt 0.9688 0.3906
vt 0.9375 0.3906
vt 0.9375 0.3594
vt 0.9688 0.3594
vt 0.9688 0.3906
vt 0.9688 0.3594
vt 0.9375 0.3594
vt 0.9375 0.3906
vt 0.9688 0.3594
vt 0.9688 0.3906
vt 0.9375 0.3906
vt 0.9375 0.3594
vt 0.9625 0.3344
vt 0.9625 0.3594
vt 0.9375 0.3594
vt 0.9375 0.3344
vt 0.9688 0.3594
vt 0.9688 0.3906
vt 0.9375 0.3906
vt 0.9375 0.3594
vt 0.9375 0.3594
vt 0.9688 0.3594
vt 0.9688 0.3906
vt 0.9375 0.3906
vt 0.9688 0.3906
vt 0.9375 0.3906
vt 0.9375 0.3594
vt 0.9688 0.3594
vt 0.9688 0.3906
vt 0.9688 0.3594
vt 0.9375 0.3594
vt 0.9375 0.3906
vt 0.9688 0.3594
vt 0.9688 0.3906
vt 0.9375 0.3906
vt 0.9375 0.3594
vt 0.9625 0.3344
vt 0.9625 0.3594
vt 0.9375 0.3594
vt 0.9375 0.3344
vt 0.9688 0.3594
vt 0.9688 0.3906
vt 0.9375 0.3906
vt 0.9375 0.3594
vt 0.9375 0.3594
vt 0.9688 0.3594
vt 0.9688 0.3906
vt 0.9375 0.3906
vt 0.9688 0.3906
vt 0.9375 0.3906
vt 0.9375 0.3594
vt 0.9688 0.3594
vt 0.9688 0.3906
vt 0.9688 0.3594
vt 0.9375 0.3594
vt 0.9375 0.3906
vt 0.9688 0.3594
vt 0.9688 0.3906
vt 0.9375 0.3906
vt 0.9375 0.3594
vt 0.9625 0.3344
vt 0.9625 0.3594
vt 0.9375 0.3594
vt 0.9375 0.3344
vt 0.9688 0.3594
vt 0.9688 0.3906
vt 0.9375 0.3906
vt 0.9375 0.3594
vt 0.9375 0.3594
vt 0.9688 0.3594
vt 0.9688 0.3906
vt 0.9375 0.3906
vt 0.9688 0.3906
vt 0.9375 0.3906
vt 0.9375 0.3594
vt 0.9688 0.3594
vt 0.9688 0.3906
vt 0.9688 0.3594
vt 0.9375 0.3594
vt 0.9375 0.3906
vt 0.9688 0.3594
vt 0.9688 0.3906
vt 0.9375 0.3906
vt 0.9375 0.3594
vt 0.9625 0.3344
vt 0.9625 0.3594
vt 0.9375 0.3594
vt 0.9375 0.3344
vt 0.9688 0.3594
vt 0.9688 0.3906
vt 0.9375 0.3906
vt 0.9375 0.3594
vt 0.9375 0.3594
vt 0.9688 0.3594
vt 0.9688 0.3906
vt 0.9375 0.3906
vt 0.9688 0.3906
vt 0.9375 0.3906
vt 0.9375 0.3594
vt 0.9688 0.3594
vt 0.9688 0.3906
vt 0.9688 0.3594
vt 0.9375 0.3594
vt 0.9375 0.3906
vt 0.9688 0.3594
vt 0.9688 0.3906
vt 0.9375 0.3906
vt 0.9375 0.3594
vt 0.9625 0.3344
vt 0.9625 0.3594
vt 0.9375 0.3594
vt 0.9375 0.3344
vt 0.9688 0.3594
vt 0.9688 0.3906
vt 0.9375 0.3906
vt 0.9375 0.3594
vt 0.9375 0.3594
vt 0.9688 0.3594
vt 0.9688 0.3906
vt 0.9375 0.3906
vt 0.9688 0.3906
vt 0.9375 0.3906
vt 0.9375 0.3594
vt 0.9688 0.3594
vt 0.9688 0.3906
vt 0.9688 0.3594
vt 0.9375 0.3594
vt 0.9375 0.3906
vt 0.9688 0.3594
vt 0.9688 0.3906
vt 0.9375 0.3906
vt 0.9375 0.3594
vt 0.9625 0.3344
vt 0.9625 0.3594
vt 0.9375 0.3594
vt 0.9375 0.3344
vt 0.9688 0.3594
vt 0.9688 0.3906
vt 0.9375 0.3906
vt 0.9375 0.3594
vn 0.71 -0.71 0
vn -0.71 0.71 0
vn 0.71 0.71 0
vn -0.71 -0.71 0
vn -0.71 -0.71 0
vn 0.71 0.71 0
vn 0.71 -0.71 0
vn -0.71 0.71 0
vn 0 -1 0
vn 0 1 0
vn 1 0 0
vn -1 0 0
vn 0.71 -0.71 0
vn -0.71 0.71 0
vn 0.71 0.71 0
vn -0.71 -0.71 0
vn 1 0 0
vn -1 0 0
vn 0 1 0
vn 0 -1 0
vn -0.71 -0.71 0
vn 0.71 0.71 0
vn 0.71 -0.71 0
vn -0.71 0.71 0
vn 0 -1 0
vn 0 1 0
vn 1 0 0
vn -1 0 0
vn 1 0 0
vn -1 0 0
vn 0 1 0
vn 0 -1 0
vn 0 -1 0
vn 0 1 0
vn 1 0 0
vn -1 0 0
vn 0 0 -1
vn 0 0 1
vn 0.71 -0.71 0
vn -0.71 0.71 0
vn 0.71 0.71 0
vn -0.71 -0.71 0
vn 0 0 -1
vn 0 0 1
vn 1 0 0
vn -1 0 0
vn 0 1 0
vn 0 -1 0
vn 0 0 -1
vn 0 0 1
vn -0.71 -0.71 0
vn 0.71 0.71 0
vn 0.71 -0.71 0
vn -0.71 0.71 0
vn 0 0 -1
vn 0 0 1
vn 0 -1 0
vn 0 1 0
vn 1 0 0
vn -1 0 0
vn 0 0 -1
vn 0 0 1
vn 0.71 -0.71 0
vn -0.71 0.71 0
vn 0.71 0.71 0
vn -0.71 -0.71 0
vn 0 0 -1
vn 0 0 1
vn 1 0 0
vn -1 0 0
vn 0 1 0
vn 0 -1 0
vn 0 0 -1
vn 0 0 1
vn -0.71 -0.71 0
vn 0.71 0.71 0
vn 0.71 -0.71 0
vn -0.71 0.71 0
vn 0 0 -1
vn 0 0 1
usemtl weapon_cpds
f 108/245/62 106/246/62 105/247/62
f 108/245/62 105/247/62 107/248/62
f 111/249/63 109/250/63 110/251/63
f 111/249/63 110/251/63 112/252/63
f 105/253/64 106/254/64 110/255/64
f 105/253/64 110/255/64 109/256/64
f 108/257/65 107/258/65 111/259/65
f 108/257/65 111/259/65 112/260/65
f 116/261/66 114/262/66 113/263/66
f 116/261/66 113/263/66 115/264/66
f 119/265/67 117/266/67 118/267/67
f 119/265/67 118/267/67 120/268/67
f 113/269/68 114/270/68 118/271/68
f 113/269/68 118/271/68 117/272/68
f 116/273/69 115/274/69 119/275/69
f 116/273/69 119/275/69 120/276/69
f 122/277/70 116/278/70 115/279/70
f 122/277/70 115/279/70 121/280/70
f 125/281/71 123/282/71 124/283/71
f 125/281/71 124/283/71 126/284/71
f 115/285/72 116/286/72 124/287/72
f 115/285/72 124/287/72 123/288/72
f 122/289/73 121/290/73 125/291/73
f 122/289/73 125/291/73 126/292/73
f 128/293/74 122/294/74 121/295/74
f 128/293/74 121/295/74 127/296/74
f 131/297/75 129/298/75 130/299/75
f 131/297/75 130/299/75 132/300/75
f 121/301/76 122/302/76 130/303/76
f 121/301/76 130/303/76 129/304/76
f 128/305/77 127/306/77 131/307/77
f 128/305/77 131/307/77 132/308/77
f 134/309/78 128/310/78 127/311/78
f 134/309/78 127/311/78 133/312/78
f 137/313/79 135/314/79 136/315/79
f 137/313/79 136/315/79 138/316/79
f 127/317/80 128/318/80 136/319/80
f 127/317/80 136/319/80 135/320/80
f 134/321/81 133/322/81 137/323/81
f 134/321/81 137/323/81 138/324/81
f 142/325/82 140/326/82 139/327/82
f 142/325/82 139/327/82 141/328/82
f 133/329/83 143/330/83 144/331/83
f 133/329/83 144/331/83 134/332/83
f 139/333/84 140/334/84 144/335/84
f 139/333/84 144/335/84 143/336/84
f 142/337/85 141/338/85 133/339/85
f 142/337/85 133/339/85 134/340/85
f 148/341/86 146/342/86 145/343/86
f 148/341/86 145/343/86 147/344/86
f 143/345/87 111/346/87 112/347/87
f 143/345/87 112/347/87 144/348/87
f 145/349/88 146/350/88 112/351/88
f 145/349/88 112/351/88 111/352/88
f 148/353/89 147/354/89 143/355/89
f 148/353/89 143/355/89 144/356/89
f 152/357/90 150/358/90 149/359/90
f 152/357/90 149/359/90 151/360/90
f 109/361/91 113/362/91 114/363/91
f 109/361/91 114/363/91 110/364/91
f 149/365/92 150/366/92 114/367/92
f 149/365/92 114/367/92 113/368/92
f 152/369/93 151/370/93 109/371/93
f 152/369/93 109/371/93 110/372/93
f 156/373/94 154/374/94 153/375/94
f 156/373/94 153/375/94 155/376/94
f 159/377/95 157/378/95 158/379/95
f 159/377/95 158/379/95 160/380/95
f 153/381/96 154/382/96 158/383/96
f 153/381/96 158/383/96 157/384/96
f 156/385/97 155/386/97 159/387/97
f 156/385/97 159/387/97 160/388/97
f 160/389/98 158/390/98 154/391/98
f 160/389/98 154/391/98 156/392/98
f 155/393/99 153/394/99 157/395/99
f 155/393/99 157/395/99 159/396/99
f 164/397/100 162/398/100 161/399/100
f 164/397/100 161/399/100 163/400/100
f 167/401/101 165/402/101 166/403/101
f 167/401/101 166/403/101 168/404/101
f 161/405/102 162/406/102 166/407/102
f 161/405/102 166/407/102 165/408/102
f 164/409/103 163/410/103 167/411/103
f 164/409/103 167/411/103 168/412/103
f 168/413/104 166/414/104 162/415/104
f 168/413/104 162/415/104 164/416/104
f 163/417/105 161/418/105 165/419/105
f 163/417/105 165/419/105 167/420/105
f 172/421/106 170/422/106 169/423/106
f 172/421/106 169/423/106 171/424/106
f 175/425/107 173/426/107 174/427/107
f 175/425/107 174/427/107 176/428/107
f 169/429/108 170/430/108 174/431/108
f 169/429/108 174/431/108 173/432/108
f 172/433/109 171/434/109 175/435/109
f 172/433/109 175/435/109 176/436/109
f 176/437/110 174/438/110 170/439/110
f 176/437/110 170/439/110 172/440/110
f 171/441/111 169/442/111 173/443/111
f 171/441/111 173/443/111 175/444/111
f 180/445/112 178/446/112 177/447/112
f 180/445/112 177/447/112 179/448/112
f 183/449/113 181/450/113 182/451/113
f 183/449/113 182/451/113 184/452/113
f 177/453/114 178/454/114 182/455/114
f 177/453/114 182/455/114 181/456/114
f 180/457/115 179/458/115 183/459/115
f 180/457/115 183/459/115 184/460/115
f 184/461/116 182/462/116 178/463/116
f 184/461/116 178/463/116 180/464/116
f 179/465/117 177/466/117 181/467/117
f 179/465/117 181/467/117 183/468/117
f 188/469/118 186/470/118 185/471/118
f 188/469/118 185/471/118 187/472/118
f 191/473/119 189/474/119 190/475/119
f 191/473/119 190/475/119 192/476/119
f 185/477/120 186/478/120 190/479/120
f 185/477/120 190/479/120 189/480/120
f 188/481/121 187/482/121 191/483/121
f 188/481/121 191/483/121 192/484/121
f 192/485/122 190/486/122 186/487/122
f 192/485/122 186/487/122 188/488/122
f 187/489/123 185/490/123 189/491/123
f 187/489/123 189/491/123 191/492/123
f 196/493/124 194/494/124 193/495/124
f 196/493/124 193/495/124 195/496/124
f 199/497/125 197/498/125 198/499/125
f 199/497/125 198/499/125 200/500/125
f 193/501/126 194/502/126 198/503/126
f 193/501/126 198/503/126 197/504/126
f 196/505/127 195/506/127 199/507/127
f 196/505/127 199/507/127 200/508/127
f 200/509/128 198/510/128 194/511/128
f 200/509/128 194/511/128 196/512/128
f 195/513/129 193/514/129 197/515/129
f 195/513/129 197/515/129 199/516/129
f 204/517/130 202/518/130 201/519/130
f 204/517/130 201/519/130 203/520/130
f 207/521/131 205/522/131 206/523/131
f 207/521/131 206/523/131 208/524/131
f 201/525/132 202/526/132 206/527/132
f 201/525/132 206/527/132 205/528/132
f 204/529/133 203/530/133 207/531/133
f 204/529/133 207/531/133 208/532/133
f 208/533/134 206/534/134 202/535/134
f 208/533/134 202/535/134 204/536/134
f 203/537/135 201/538/135 205/539/135
f 203/537/135 205/539/135 207/540/135
f 212/541/136 210/542/136 209/543/136
f 212/541/136 209/543/136 211/544/136
f 215/545/137 213/546/137 214/547/137
f 215/545/137 214/547/137 216/548/137
f 209/549/138 210/550/138 214/551/138
f 209/549/138 214/551/138 213/552/138
f 212/553/139 211/554/139 215/555/139
f 212/553/139 215/555/139 216/556/139
f 216/557/140 214/558/140 210/559/140
f 216/557/140 210/559/140 212/560/140
f 211/561/141 209/562/141 213/563/141
f 211/561/141 213/563/141 215/564/141
o magazine
v 0.1563 -2.3125 1.5
v 0.1563 -2.3125 0.625
v 0.1563 -2 1.5
v 0.1563 -2 0.625
v 0.2813 -2.375 1.5
v 0.2813 -2.375 0.625
v 0.2813 -1.9375 1.5
v 0.2813 -1.9375 0.625
v 0.7188 -1.9375 1.5
v 0.7188 -1.9375 0.625
v 0.7188 -2.375 1.5
v 0.7188 -2.375 0.625
v 0.8438 -2 1.5
v 0.8438 -2 0.625
v 0.8438 -2.3125 1.5
v 0.8438 -2.3125 0.625
v 0.4688 -2.375 1.5
v 0.4688 -2.375 0.625
v 0.4688 -1.9375 0.625
v 0.4688 -1.9375 1.5
vt 0.4688 0.7344
vt 0.25 0.7344
vt 0.25 0.8125
vt 0.4688 0.8125
vt 0.2813 0.5
vt 0.25 0.5
vt 0.25 0.7188
vt 0.2813 0.7188
vt 0.25 0.7188
vt 0.25 0.5
vt 0.2813 0.5
vt 0.2813 0.7188
vt 0.25 0.8125
vt 0.25 0.7344
vt 0.2813 0.7188
vt 0.2813 0.8281
vt 0.4375 0.7188
vt 0.4688 0.7344
vt 0.4688 0.8125
vt 0.4375 0.8281
vt 0.2813 0.5
vt 0.3281 0.5
vt 0.3281 0.7188
vt 0.2813 0.7188
vt 0.2813 0.5
vt 0.3281 0.5
vt 0.3281 0.7188
vt 0.2813 0.7188
vt 0.3594 0.7188
vt 0.3125 0.7188
vt 0.3125 0.8281
vt 0.3594 0.8281
vt 0.3594 0.8281
vt 0.4063 0.8281
vt 0.4063 0.7188
vt 0.3594 0.7188
vt 0.4688 0.8125
vt 0.25 0.8125
vt 0.25 0.7344
vt 0.4688 0.7344
vt 0.4375 0.5
vt 0.4688 0.5
vt 0.4688 0.7188
vt 0.4375 0.7188
vt 0.4375 0.7188
vt 0.4375 0.5
vt 0.4688 0.5
vt 0.4688 0.7188
vt 0.4688 0.7344
vt 0.4688 0.8125
vt 0.4375 0.8281
vt 0.4375 0.7188
vt 0.2813 0.8281
vt 0.25 0.8125
vt 0.25 0.7344
vt 0.2813 0.7188
vt 0.4375 0.7188
vt 0.375 0.7188
vt 0.375 0.5
vt 0.4375 0.5
vt 0.3594 0.7188
vt 0.2969 0.7188
vt 0.2969 0.8281
vt 0.3594 0.8281
vt 0.4375 0.7188
vt 0.375 0.7188
vt 0.375 0.5
vt 0.4375 0.5
vt 0.3594 0.8281
vt 0.4219 0.8281
vt 0.4219 0.7188
vt 0.3594 0.7188
vn -1 0 0
vn -0.45 -0.89 0
vn -0.45 0.89 0
vn 0 0 1
vn 0 0 -1
vn 0 1 0
vn 0 -1 0
vn 0 0 1
vn 0 0 -1
vn 1 0 0
vn 0.45 0.89 0
vn 0.45 -0.89 0
vn 0 0 1
vn 0 0 -1
vn 0 -1 0
vn 0 0 -1
vn 0 1 0
vn 0 0 1
usemtl weapon_cpds
f 218/565/142 217/566/142 219/567/142
f 218/565/142 219/567/142 220/568/142
f 221/569/143 217/570/143 218/571/143
f 221/569/143 218/571/143 222/572/143
f 220/573/144 219/574/144 223/575/144
f 220/573/144 223/575/144 224/576/144
f 219/577/145 217/578/145 221/579/145
f 219/577/145 221/579/145 223/580/145
f 222/581/146 218/582/146 220/583/146
f 222/581/146 220/583/146 224/584/146
f 223/585/147 236/586/147 235/587/147
f 223/585/147 235/587/147 224/588/147
f 222/589/148 234/590/148 233/591/148
f 222/589/148 233/591/148 221/592/148
f 221/593/149 233/594/149 236/595/149
f 221/593/149 236/595/149 223/596/149
f 224/597/150 235/598/150 234/599/150
f 224/597/150 234/599/150 222/600/150
f 230/601/151 229/602/151 231/603/151
f 230/601/151 231/603/151 232/604/151
f 225/605/152 229/606/152 230/607/152
f 225/605/152 230/607/152 226/608/152
f 232/609/153 231/610/153 227/611/153
f 232/609/153 227/611/153 228/612/153
f 231/613/154 229/614/154 225/615/154
f 231/613/154 225/615/154 227/616/154
f 226/617/155 230/618/155 232/619/155
f 226/617/155 232/619/155 228/620/155
f 227/621/156 233/622/156 234/623/156
f 227/621/156 234/623/156 228/624/156
f 228/625/157 234/626/157 235/627/157
f 228/625/157 235/627/157 226/628/157
f 226/629/158 235/630/158 236/631/158
f 226/629/158 236/631/158 225/632/158
f 225/633/159 236/634/159 233/635/159
f 225/633/159 233/635/159 227/636/159
o gun_lamp
v 0.6875 -1.9687 -0.0625
v 0.6563 -2 -0.125
v 0.6875 -2.3437 -0.0625
v 0.6563 -2.3125 -0.125
v 0.3125 -1.9687 -0.0625
v 0.3438 -2 -0.125
v 0.3125 -2.3437 -0.0625
v 0.3438 -2.3125 -0.125
vt 0.0175 0.1328
vt 0 0.1406
vt 0 0.0469
vt 0.0175 0.0547
vt 0.0956 0.0469
vt 0.0956 0.1406
vt 0.0781 0.1328
vt 0.0781 0.0547
vt 0.0938 0.1406
vt 0 0.1406
vt 0.0078 0.1232
vt 0.0859 0.1232
vt 0.0078 0.0625
vt 0 0.045
vt 0.0938 0.045
vt 0.0859 0.0625
vt 0.0859 0.1328
vt 0.0078 0.1328
vt 0.0078 0.0547
vt 0.0859 0.0547
vn 0.89 0 -0.45
vn -0.89 0 -0.45
vn 0 0.89 -0.45
vn 0 -0.89 -0.45
vn 0 0 -1
usemtl weapon_cpds
f 238/637/160 237/638/160 239/639/160
f 238/637/160 239/639/160 240/640/160
f 243/641/161 241/642/161 242/643/161
f 243/641/161 242/643/161 244/644/161
f 241/645/162 237/646/162 238/647/162
f 241/645/162 238/647/162 242/648/162
f 240/649/163 239/650/163 243/651/163
f 240/649/163 243/651/163 244/652/163
f 242/653/164 238/654/164 240/655/164
f 242/653/164 240/655/164 244/656/164
o gun
v 0.875 -1.375 1.3125
v 0.875 -1.375 1
v 0.875 -1.6875 1.3125
v 0.875 -1.6875 1
v 0.8125 -1.375 1.3125
v 0.8125 -1.375 1
v 0.8125 -1.6875 1.3125
v 0.8125 -1.6875 1
v 0.1875 -1.375 1.3125
v 0.1875 -1.375 1
v 0.1875 -1.6875 1.3125
v 0.1875 -1.6875 1
v 0.125 -1.375 1.3125
v 0.125 -1.375 1
v 0.125 -1.6875 1.3125
v 0.125 -1.6875 1
v 0.25 -1.125 0.8125
v 0.1875 -1.125 0.875
v 0.75 -1.0625 0.875
v 0.75 -1.125 0.875
v 0.75 -1.125 0.8125
v 0.25 -1.0625 0.875
v 0.8125 -1.125 0.875
v 0.7188 -1.9375 0.4375
v 0.7188 -1.9375 -0.0625
v 0.7188 -2.375 0.4375
v 0.7188 -2.375 -0.0625
v 0.2813 -1.9375 0.4375
v 0.2813 -1.9375 -0.0625
v 0.2813 -2.375 0.4375
v 0.2813 -2.375 -0.0625
v 0.2813 -2.1875 -0.0625
v 0.7188 -2.1875 -0.0625
v 0.7188 -2.1875 0.4375
v 0.2813 -2.1875 0.4375
v 0.5313 -1.875 0.375
v 0.5313 -1.875 0.25
v 0.5313 -1.9375 0.375
v 0.5313 -1.9375 0.25
v 0.4688 -1.875 0.375
v 0.4688 -1.875 0.25
v 0.4688 -1.9375 0.375
v 0.4688 -1.9375 0.25
v 0.5313 -1.875 0.125
v 0.5313 -1.875 0
v 0.5313 -1.9375 0.125
v 0.5313 -1.9375 0
v 0.4688 -1.875 0.125
v 0.4688 -1.875 0
v 0.4688 -1.9375 0.125
v 0.4688 -1.9375 0
v 0.5313 -1.0312 0.4375
v 0.5313 -1.0312 0.3125
v 0.5313 -1.4062 0.4375
v 0.5313 -1.4062 0.3125
v 0.4688 -1.0312 0.4375
v 0.4688 -1.0312 0.3125
v 0.4688 -1.4062 0.4375
v 0.4688 -1.4062 0.3125
v 0.5938 -1.0937 0.875
v 0.5938 -1.0937 0
v 0.5938 -1.2812 0.875
v 0.5938 -1.2812 0
v 0.4063 -1.0937 0.875
v 0.4063 -1.0937 0
v 0.4063 -1.2812 0.875
v 0.4063 -1.2812 0
v 0.5625 -1.125 0.0313
v 0.5625 -1.125 -0.0312
v 0.5625 -1.25 0.0313
v 0.5625 -1.25 -0.0312
v 0.4375 -1.125 0.0313
v 0.4375 -1.125 -0.0312
v 0.4375 -1.25 0.0313
v 0.4375 -1.25 -0.0312
v 0.75 -1.375 0.5
v 0.75 -1.375 -0.0625
v 0.75 -1.875 0.5
v 0.75 -1.875 -0.0625
v 0.25 -1.375 0.5
v 0.25 -1.375 -0.0625
v 0.25 -1.875 0.5
v 0.25 -1.875 -0.0625
v 0.7188 -1.5312 -0.0625
v 0.7188 -1.5312 -0.25
v 0.7188 -1.7187 -0.0625
v 0.7188 -1.7187 -0.25
v 0.5938 -1.4062 -0.0625
v 0.5938 -1.4062 -0.25
v 0.5938 -1.8437 -0.0625
v 0.5938 -1.8437 -0.25
v 0.2813 -1.5312 -0.25
v 0.2813 -1.5312 -0.0625
v 0.2813 -1.7187 -0.25
v 0.2813 -1.7187 -0.0625
v 0.4063 -1.4062 -0.25
v 0.4063 -1.4062 -0.0625
v 0.4063 -1.8437 -0.25
v 0.4063 -1.8437 -0.0625
v 0.7188 -1.5312 -0.625
v 0.7188 -1.5312 -0.8125
v 0.7188 -1.7187 -0.625
v 0.7188 -1.7187 -0.8125
v 0.5938 -1.4062 -0.625
v 0.5938 -1.4062 -0.8125
v 0.5938 -1.8437 -0.625
v 0.5938 -1.8437 -0.8125
v 0.2813 -1.5312 -0.8125
v 0.2813 -1.5312 -0.625
v 0.2813 -1.7187 -0.8125
v 0.2813 -1.7187 -0.625
v 0.4063 -1.4062 -0.8125
v 0.4063 -1.4062 -0.625
v 0.4063 -1.8437 -0.8125
v 0.4063 -1.8437 -0.625
v 0.875 -1.75 1.3438
v 0.875 -1.75 0.9688
v 0.875 -2.25 1.3438
v 0.875 -2.25 0.9688
v 0.8125 -1.75 1.3438
v 0.8125 -1.75 0.9688
v 0.8125 -2.25 1.3438
v 0.8125 -2.25 0.9688
v 0.1875 -1.75 1.3438
v 0.1875 -1.75 0.9688
v 0.1875 -2.25 1.3438
v 0.1875 -2.25 0.9688
v 0.125 -1.75 1.3438
v 0.125 -1.75 0.9688
v 0.125 -2.25 1.3438
v 0.125 -2.25 0.9688
v 0.8125 -1.75 1.875
v 0.8125 -1.75 1.6875
v 0.8125 -1.9375 1.6875
v 0.1875 -1.75 1.875
v 0.1875 -1.75 1.6875
v 0.1875 -1.9375 1.6875
v 0.8125 -1.3125 1.5
v 0.8125 -1.3125 0.5
v 0.8125 -1.9375 1.5
v 0.8125 -1.9375 0.5
v 0.1875 -1.3125 1.5
v 0.1875 -1.3125 0.5
v 0.1875 -1.9375 1.5
v 0.1875 -1.9375 0.5
v 0.8125 -1.75 1.5
v 0.1875 -1.75 1.5
v 0.8125 -1.125 1.875
v 0.8125 -1.125 1.5
v 0.1875 -1.125 1.875
v 0.1875 -1.125 1.5
v 0.75 -1.0625 1.875
v 0.25 -1.0625 1.875
v 0.8125 -1.125 0.8125
v 0.8125 -1.3125 0.875
v 0.8125 -1.3125 0.5625
v 0.1875 -1.125 0.8125
v 0.1875 -1.3125 0.875
v 0.1875 -1.3125 0.5625
v 0.1875 -1.4375 1.875
v 0.1875 -1.4375 1.5
v 0.8125 -1.4375 1.875
v 0.8125 -1.4375 1.5
vt 0.4219 0.9219
vt 0.4219 1
vt 0.5 1
vt 0.5 0.9219
vt 0.4844 1
vt 0.4844 0.9219
vt 0.5 0.9219
vt 0.5 1
vt 0.4375 0.9219
vt 0.4375 1
vt 0.4219 1
vt 0.4219 0.9219
vt 0.5 0.9219
vt 0.5 1
vt 0.4844 1
vt 0.4844 0.9219
vt 0.4375 0.9219
vt 0.4375 1
vt 0.4219 1
vt 0.4219 0.9219
vt 0.5 0.9219
vt 0.5 1
vt 0.4219 1
vt 0.4219 0.9219
vt 0.4844 1
vt 0.4844 0.9219
vt 0.5 0.9219
vt 0.5 1
vt 0.4375 0.9219
vt 0.4375 1
vt 0.4219 1
vt 0.4219 0.9219
vt 0.5 0.9219
vt 0.5 1
vt 0.4844 1
vt 0.4844 0.9219
vt 0.4375 0.9219
vt 0.4375 1
vt 0.4219 1
vt 0.4219 0.9219
vt 0.125 0.9375
vt 0.125 0.9375
vt 0.125 0.9531
vt 0.9375 0.375
vt 0.8125 0.375
vt 0.8125 0.3594
vt 0.9375 0.3594
vt 0.8125 0.5156
vt 0.8125 0.4531
vt 0.9375 0.4531
vt 0.9375 0.5156
vt 0.8125 0.5938
vt 0.8125 0.5313
vt 0.9375 0.5313
vt 0.9375 0.5938
vt 0.9375 0.5938
vt 0.8125 0.5938
vt 0.8125 0.4844
vt 0.9375 0.4844
vt 0.9375 0.5625
vt 0.8125 0.5625
vt 0.8125 0.4531
vt 0.9375 0.4531
vt 0.8281 0.6094
vt 0.8281 0.5469
vt 0.9375 0.5469
vt 0.9375 0.6094
vt 0.8281 0.6094
vt 0.8281 0.5469
vt 0.9375 0.5469
vt 0.9375 0.6094
vt 0.8281 0.6094
vt 0.8281 0.5625
vt 0.9375 0.5625
vt 0.9375 0.6094
vt 0.9375 0.4063
vt 0.9375 0.4531
vt 0.8125 0.4531
vt 0.8125 0.4063
vt 0.8281 0.6094
vt 0.8281 0.5625
vt 0.9375 0.5625
vt 0.9375 0.6094
vt 0.9375 0.4844
vt 0.9375 0.5313
vt 0.8125 0.5313
vt 0.8125 0.4844
vt 0.7344 0.4688
vt 0.7344 0.4844
vt 0.7656 0.4844
vt 0.7656 0.4688
vt 0.6875 0.4688
vt 0.6875 0.4844
vt 0.7188 0.4844
vt 0.7188 0.4688
vt 0.7656 0.4688
vt 0.7656 0.4844
vt 0.7813 0.4844
vt 0.7813 0.4688
vt 0.7188 0.4688
vt 0.7188 0.4844
vt 0.7344 0.4844
vt 0.7344 0.4688
vt 0.7344 0.4688
vt 0.7344 0.4844
vt 0.7656 0.4844
vt 0.7656 0.4688
vt 0.6875 0.4688
vt 0.6875 0.4844
vt 0.7188 0.4844
vt 0.7188 0.4688
vt 0.7656 0.4688
vt 0.7656 0.4844
vt 0.7813 0.4844
vt 0.7813 0.4688
vt 0.7188 0.4688
vt 0.7188 0.4844
vt 0.7344 0.4844
vt 0.7344 0.4688
vt 0.9219 0.9063
vt 0.9219 1
vt 0.8906 1
vt 0.8906 0.9063
vt 0.9219 0.9063
vt 0.9219 1
vt 0.8906 1
vt 0.8906 0.9063
vt 0.9688 0.8906
vt 0.9688 0.9219
vt 0.9531 0.9219
vt 0.9531 0.8906
vt 0.9219 0.9063
vt 0.9219 1
vt 0.9063 1
vt 0.9063 0.9063
vt 0.9219 0.9063
vt 0.9219 1
vt 0.9063 1
vt 0.9063 0.9063
vt 0.125 0
vt 0.125 0.0469
vt 0.3438 0.0469
vt 0.3438 0
vt 0.1406 0
vt 0.1406 0.0469
vt 0.3594 0.0469
vt 0.3594 0
vt 0.0781 0.0469
vt 0.2969 0.0469
vt 0.2969 0
vt 0.0781 0
vt 0.3594 0.0469
vt 0.1406 0.0469
vt 0.1406 0
vt 0.3594 0
vt 0.2656 0
vt 0.2656 0.0469
vt 0.3125 0.0469
vt 0.3125 0
vt 0.75 0.1563
vt 0.75 0.1875
vt 0.7344 0.1875
vt 0.7344 0.1563
vt 0.7656 0.1563
vt 0.7656 0.1875
vt 0.75 0.1875
vt 0.75 0.1563
vt 0.7344 0.1563
vt 0.7344 0.1719
vt 0.7656 0.1719
vt 0.7656 0.1563
vt 0.7344 0.1563
vt 0.7344 0.1719
vt 0.7656 0.1719
vt 0.7656 0.1563
vt 0.7656 0.1563
vt 0.7656 0.1875
vt 0.7344 0.1875
vt 0.7344 0.1563
vt 0.5 0.6406
vt 0.5 0.7656
vt 0.6406 0.7656
vt 0.6406 0.6406
vt 0.5 0.6406
vt 0.5 0.7656
vt 0.6406 0.7656
vt 0.6406 0.6406
vt 0.9688 1
vt 0.9688 0.8594
vt 0.8438 0.8594
vt 0.8438 1
vt 0.9688 0.8594
vt 0.9688 1
vt 0.8438 1
vt 0.8438 0.8594
vt 0.8438 0.7344
vt 0.8438 0.8594
vt 0.9688 0.8594
vt 0.9688 0.7344
vt 0.6406 0.3125
vt 0.5938 0.3125
vt 0.5938 0.2656
vt 0.6406 0.2656
vt 0.5938 0.3125
vt 0.5938 0.2656
vt 0.6406 0.2656
vt 0.6406 0.3125
vt 0.6406 0.2969
vt 0.5938 0.2969
vt 0.5938 0.25
vt 0.6406 0.25
vt 0.6406 0.2031
vt 0.6094 0.1719
vt 0.6094 0.125
vt 0.6406 0.0938
vt 0.6406 0.3125
vt 0.5938 0.3125
vt 0.5938 0.2656
vt 0.6406 0.2656
vt 0.5938 0.3125
vt 0.5938 0.2656
vt 0.6406 0.2656
vt 0.6406 0.3125
vt 0.6406 0.2969
vt 0.5938 0.2969
vt 0.5938 0.25
vt 0.6406 0.25
vt 0.7188 0.125
vt 0.7188 0.1719
vt 0.6875 0.2031
vt 0.6875 0.0938
vt 0.6406 0.25
vt 0.5938 0.25
vt 0.5938 0.2969
vt 0.6406 0.2969
vt 0.6406 0.3281
vt 0.5938 0.3281
vt 0.5938 0.2813
vt 0.6406 0.2813
vt 0.6875 0.0938
vt 0.6875 0.2031
vt 0.6406 0.2031
vt 0.6406 0.0938
vt 0.6406 0.3125
vt 0.5938 0.3125
vt 0.5938 0.2656
vt 0.6406 0.2656
vt 0.5938 0.3125
vt 0.5938 0.2656
vt 0.6406 0.2656
vt 0.6406 0.3125
vt 0.6406 0.2969
vt 0.5938 0.2969
vt 0.5938 0.25
vt 0.6406 0.25
vt 0.7188 0.125
vt 0.7188 0.1719
vt 0.6875 0.2031
vt 0.6875 0.0938
vt 0.6406 0.2031
vt 0.6094 0.1719
vt 0.6094 0.125
vt 0.6406 0.0938
vt 0.6406 0.3125
vt 0.5938 0.3125
vt 0.5938 0.2656
vt 0.6406 0.2656
vt 0.5938 0.3125
vt 0.5938 0.2656
vt 0.6406 0.2656
vt 0.6406 0.3125
vt 0.6406 0.2969
vt 0.5938 0.2969
vt 0.5938 0.25
vt 0.6406 0.25
vt 0.7188 0.125
vt 0.7188 0.1719
vt 0.6875 0.2031
vt 0.6875 0.0938
vt 0.6406 0.2031
vt 0.6094 0.1719
vt 0.6094 0.125
vt 0.6406 0.0938
vt 0.6406 0.25
vt 0.5938 0.25
vt 0.5938 0.2969
vt 0.6406 0.2969
vt 0.6406 0.3281
vt 0.5938 0.3281
vt 0.5938 0.2813
vt 0.6406 0.2813
vt 0.6875 0.0938
vt 0.6875 0.2031
vt 0.6406 0.2031
vt 0.6406 0.0938
vt 0.6875 0.0938
vt 0.6875 0.2031
vt 0.6406 0.2031
vt 0.6406 0.0938
vt 0.0938 0.7188
vt 0.0938 0.8438
vt 0 0.8438
vt 0 0.7188
vt 0.0938 0.7188
vt 0.0938 0.8125
vt 0.0781 0.8125
vt 0.0781 0.7188
vt 0.0313 0.7188
vt 0.0313 0.8438
vt 0.0156 0.8438
vt 0.0156 0.7188
vt 0.0156 0.7188
vt 0.0156 0.8438
vt 0 0.8438
vt 0 0.7188
vt 0 1
vt 0 0.9063
vt 0.0156 0.9063
vt 0.0156 1
vt 0.0938 0.7188
vt 0.0938 0.8438
vt 0 0.8438
vt 0 0.7188
vt 0.0938 0.7188
vt 0.0938 0.8125
vt 0.0781 0.8125
vt 0.0781 0.7188
vt 0.0313 0.7188
vt 0.0313 0.8438
vt 0.0156 0.8438
vt 0.0156 0.7188
vt 0.0156 0.7188
vt 0.0156 0.8438
vt 0 0.8438
vt 0 0.7188
vt 0.0156 1
vt 0 1
vt 0 0.9063
vt 0.0156 0.9063
vt 0.8281 0.5625
vt 0.8828 0.6016
vt 0.875 0.5625
vt 0.9375 0.5625
vt 0.8906 0.5625
vt 0.8906 0.6094
vt 0.8125 0.4375
vt 0.8125 0.5
vt 0.6563 0.5
vt 0.6563 0.4375
vt 0.25 0.8438
vt 0.25 1
vt 0 1
vt 0 0.8438
vt 0.25 0.8438
vt 0.25 1
vt 0 1
vt 0 0.8438
vt 0.25 0.4375
vt 0 0.4375
vt 0 0.2813
vt 0.25 0.2813
vt 0.25 0.4375
vt 0 0.4375
vt 0 0.2813
vt 0.25 0.2813
vt 0.875 0
vt 0.875 0.1563
vt 0.7188 0.1563
vt 0.7188 0
vt 0.9063 0.6094
vt 0.9063 0.5625
vt 0.8594 0.5625
vt 0.8594 0.6094
vt 0.7188 0.3281
vt 0.7188 0.375
vt 0.6719 0.375
vt 0.6719 0.3281
vt 0.8281 0.4844
vt 0.8281 0.5313
vt 0.6719 0.5313
vt 0.6719 0.4844
vt 0.6406 0.3281
vt 0.6406 0.4063
vt 0.7344 0.4063
vt 0.7344 0.3281
vt 0.7344 0.3281
vt 0.7344 0.4063
vt 0.6406 0.4063
vt 0.6406 0.3281
vt 0.4844 0.6406
vt 0.4844 0.5625
vt 0.6406 0.5625
vt 0.6406 0.6406
vt 0.8906 0.4375
vt 0.6406 0.4375
vt 0.6406 0.4219
vt 0.8906 0.4219
vt 0.6406 0.4375
vt 0.6406 0.4219
vt 0.8906 0.4219
vt 0.8906 0.4375
vt 0.8125 0.6094
vt 0.9375 0.6094
vt 0.9375 0.3594
vt 0.8125 0.3594
vt 0.9375 0.5938
vt 0.9219 0.6094
vt 0.7969 0.6094
vt 0.7813 0.5938
vt 0.875 0.6094
vt 0.8594 0.6094
vt 0.8594 0.5625
vt 0.9375 0.5625
vt 0.8906 0.5625
vt 0.8906 0.6094
vt 0.875 0.6094
vt 0.8125 0.5625
vt 0.0469 0.8594
vt 0.2031 0.8594
vt 0.2031 0.875
vt 0.0469 0.875
vt 0.8125 0.5156
vt 0.6563 0.5156
vt 0.6563 0.4375
vt 0.8125 0.4375
vt 0.8281 0.375
vt 0.8281 0.4219
vt 0.6719 0.4219
vt 0.6719 0.375
vt 0.8281 0.375
vt 0.8281 0.4219
vt 0.6719 0.4219
vt 0.6719 0.375
vt 0.6406 0.3281
vt 0.6406 0.4063
vt 0.7344 0.4063
vt 0.7344 0.3281
vt 0.6406 0.4844
vt 0.6406 0.5625
vt 0.4844 0.5625
vt 0.4844 0.4844
vt 0.7344 0.3281
vt 0.7344 0.4063
vt 0.6406 0.4063
vt 0.6406 0.3281
vt 0.8314 0.3594
vt 0.8392 0.375
vt 0.8438 0.3594
vt 0.8314 0.3594
vt 0.8392 0.375
vt 0.8438 0.3594
vn 1 0 0
vn 0 1 0
vn 0 -1 0
vn 0 0 1
vn 0 0 -1
vn -1 0 0
vn 0 1 0
vn 0 -1 0
vn 0 0 1
vn 0 0 -1
vn 1 0 0
vn 0 0.71 -0.71
vn 1 0 0
vn -1 0 0
vn 0 1 0
vn 0 -1 0
vn 0 0 1
vn 0 0 -1
vn 0 0 -1
vn 1 0 0
vn 0 0 1
vn -1 0 0
vn 1 0 0
vn -1 0 0
vn 0 0 1
vn 0 0 -1
vn 1 0 0
vn -1 0 0
vn 0 0 1
vn 0 0 -1
vn 1 0 0
vn -1 0 0
vn 0 1 0
vn 0 0 1
vn 0 0 -1
vn 1 0 0
vn -1 0 0
vn 0 1 0
vn 0 -1 0
vn 0 0 -1
vn 1 0 0
vn -1 0 0
vn 0 1 0
vn 0 -1 0
vn 0 0 -1
vn 1 0 0
vn -1 0 0
vn 0 1 0
vn 0 -1 0
vn 0 0 -1
vn 1 0 0
vn 0.71 0.71 0
vn 0.71 -0.71 0
vn 0 0 -1
vn -1 0 0
vn -0.71 0.71 0
vn -0.71 -0.71 0
vn 0 0 -1
vn 0 1 0
vn 0 -1 0
vn 0 0 -1
vn 1 0 0
vn 0.71 0.71 0
vn 0.71 -0.71 0
vn 0 0 1
vn 0 0 -1
vn -1 0 0
vn -0.71 0.71 0
vn -0.71 -0.71 0
vn 0 0 -1
vn 0 0 1
vn 0 1 0
vn 0 -1 0
vn 0 0 1
vn 0 0 -1
vn -1 0 0
vn 0 -1 0
vn 0 0 1
vn 0 0 -1
vn 0 1 0
vn 1 0 0
vn 0 -1 0
vn 0 0 1
vn 0 0 -1
vn 0 1 0
vn 1 0 0
vn -1 0 0
vn 0 -0.71 0.71
vn 1 0 0
vn -1 0 0
vn 0 1 0
vn 0 -1 0
vn 0 0 -1
vn 1 0 0
vn -1 0 0
vn 0 -1 0
vn 1 0 0
vn -1 0 0
vn 0 0 1
vn 0.71 0.71 0
vn -0.71 0.71 0
vn 0 1 0
vn 0 0 1
vn 1 0 0
vn -1 0 0
vn 0 1 0
vn 0 0.8 -0.6
vn 1 0 0
vn -1 0 0
vn -1 0 0
vn 0 0 1
vn 1 0 0
vn 0.58 0.58 -0.58
vn -0.58 0.58 -0.58
usemtl weapon_cpds
f 248/657/165 246/658/165 245/659/165
f 248/657/165 245/659/165 247/660/165
f 245/661/166 246/662/166 250/663/166
f 245/661/166 250/663/166 249/664/166
f 248/665/167 247/666/167 251/667/167
f 248/665/167 251/667/167 252/668/167
f 247/669/168 245/670/168 249/671/168
f 247/669/168 249/671/168 251/672/168
f 252/673/169 250/674/169 246/675/169
f 252/673/169 246/675/169 248/676/169
f 259/677/170 257/678/170 258/679/170
f 259/677/170 258/679/170 260/680/170
f 253/681/171 254/682/171 258/683/171
f 253/681/171 258/683/171 257/684/171
f 256/685/172 255/686/172 259/687/172
f 256/685/172 259/687/172 260/688/172
f 255/689/173 253/690/173 257/691/173
f 255/689/173 257/691/173 259/692/173
f 260/693/174 258/694/174 254/695/174
f 260/693/174 254/695/174 256/696/174
f 263/697/175 264/698/175 265/699/175
f 266/700/176 263/701/176 265/702/176
f 266/700/176 265/702/176 261/703/176
f 268/704/177 278/705/177 277/706/177
f 268/704/177 277/706/177 269/707/177
f 273/708/178 276/709/178 279/710/178
f 273/708/178 279/710/178 272/711/178
f 268/712/179 269/713/179 273/714/179
f 268/712/179 273/714/179 272/715/179
f 271/716/180 270/717/180 274/718/180
f 271/716/180 274/718/180 275/719/180
f 272/720/181 279/721/181 278/722/181
f 272/720/181 278/722/181 268/723/181
f 269/724/182 277/725/182 276/726/182
f 269/724/182 276/726/182 273/727/182
f 275/728/183 276/729/183 277/730/183
f 275/728/183 277/730/183 271/731/183
f 271/732/184 277/733/184 278/734/184
f 271/732/184 278/734/184 270/735/184
f 270/736/185 278/737/185 279/738/185
f 270/736/185 279/738/185 274/739/185
f 274/740/186 279/741/186 276/742/186
f 274/740/186 276/742/186 275/743/186
f 283/744/187 281/745/187 280/746/187
f 283/744/187 280/746/187 282/747/187
f 286/748/188 284/749/188 285/750/188
f 286/748/188 285/750/188 287/751/188
f 282/752/189 280/753/189 284/754/189
f 282/752/189 284/754/189 286/755/189
f 287/756/190 285/757/190 281/758/190
f 287/756/190 281/758/190 283/759/190
f 291/760/191 289/761/191 288/762/191
f 291/760/191 288/762/191 290/763/191
f 294/764/192 292/765/192 293/766/192
f 294/764/192 293/766/192 295/767/192
f 290/768/193 288/769/193 292/770/193
f 290/768/193 292/770/193 294/771/193
f 295/772/194 293/773/194 289/774/194
f 295/772/194 289/774/194 291/775/194
f 299/776/195 297/777/195 296/778/195
f 299/776/195 296/778/195 298/779/195
f 302/780/196 300/781/196 301/782/196
f 302/780/196 301/782/196 303/783/196
f 296/784/197 297/785/197 301/786/197
f 296/784/197 301/786/197 300/787/197
f 298/788/198 296/789/198 300/790/198
f 298/788/198 300/790/198 302/791/198
f 303/792/199 301/793/199 297/794/199
f 303/792/199 297/794/199 299/795/199
usemtl common_bottom
f 307/796/200 305/797/200 304/798/200
f 307/796/200 304/798/200 306/799/200
f 310/800/201 308/801/201 309/802/201
f 310/800/201 309/802/201 311/803/201
f 304/804/202 305/805/202 309/806/202
f 304/804/202 309/806/202 308/807/202
f 307/808/203 306/809/203 310/810/203
f 307/808/203 310/810/203 311/811/203
f 311/812/204 309/813/204 305/814/204
f 311/812/204 305/814/204 307/815/204
usemtl weapon_cpds
f 315/816/205 313/817/205 312/818/205
f 315/816/205 312/818/205 314/819/205
f 318/820/206 316/821/206 317/822/206
f 318/820/206 317/822/206 319/823/206
f 312/824/207 313/825/207 317/826/207
f 312/824/207 317/826/207 316/827/207
f 315/828/208 314/829/208 318/830/208
f 315/828/208 318/830/208 319/831/208
f 319/832/209 317/833/209 313/834/209
f 319/832/209 313/834/209 315/835/209
f 323/836/210 321/837/210 320/838/210
f 323/836/210 320/838/210 322/839/210
f 326/840/211 324/841/211 325/842/211
f 326/840/211 325/842/211 327/843/211
f 320/844/212 321/845/212 325/846/212
f 320/844/212 325/846/212 324/847/212
f 323/848/213 322/849/213 326/850/213
f 323/848/213 326/850/213 327/851/213
f 327/852/214 325/853/214 321/854/214
f 327/852/214 321/854/214 323/855/214
f 329/856/215 328/857/215 330/858/215
f 329/856/215 330/858/215 331/859/215
f 332/860/216 328/861/216 329/862/216
f 332/860/216 329/862/216 333/863/216
f 331/864/217 330/865/217 334/866/217
f 331/864/217 334/866/217 335/867/217
f 333/868/218 329/869/218 331/870/218
f 333/868/218 331/870/218 335/871/218
f 337/872/219 336/873/219 338/874/219
f 337/872/219 338/874/219 339/875/219
f 340/876/220 336/877/220 337/878/220
f 340/876/220 337/878/220 341/879/220
f 339/880/221 338/881/221 342/882/221
f 339/880/221 342/882/221 343/883/221
f 338/884/222 336/885/222 340/886/222
f 338/884/222 340/886/222 342/887/222
f 332/888/223 333/889/223 340/890/223
f 332/888/223 340/890/223 341/891/223
f 335/892/224 334/893/224 343/894/224
f 335/892/224 343/894/224 342/895/224
f 342/896/225 340/897/225 333/898/225
f 342/896/225 333/898/225 335/899/225
f 345/900/226 344/901/226 346/902/226
f 345/900/226 346/902/226 347/903/226
f 348/904/227 344/905/227 345/906/227
f 348/904/227 345/906/227 349/907/227
f 347/908/228 346/909/228 350/910/228
f 347/908/228 350/910/228 351/911/228
f 346/912/229 344/913/229 348/914/229
f 346/912/229 348/914/229 350/915/229
f 349/916/230 345/917/230 347/918/230
f 349/916/230 347/918/230 351/919/230
f 353/920/231 352/921/231 354/922/231
f 353/920/231 354/922/231 355/923/231
f 356/924/232 352/925/232 353/926/232
f 356/924/232 353/926/232 357/927/232
f 355/928/233 354/929/233 358/930/233
f 355/928/233 358/930/233 359/931/233
f 354/932/234 352/933/234 356/934/234
f 354/932/234 356/934/234 358/935/234
f 357/936/235 353/937/235 355/938/235
f 357/936/235 355/938/235 359/939/235
f 348/940/236 349/941/236 356/942/236
f 348/940/236 356/942/236 357/943/236
f 351/944/237 350/945/237 359/946/237
f 351/944/237 359/946/237 358/947/237
f 350/948/238 348/949/238 357/950/238
f 350/948/238 357/950/238 359/951/238
f 358/952/239 356/953/239 349/954/239
f 358/952/239 349/954/239 351/955/239
f 366/956/240 364/957/240 365/958/240
f 366/956/240 365/958/240 367/959/240
f 363/960/241 362/961/241 366/962/241
f 363/960/241 366/962/241 367/963/241
f 362/964/242 360/965/242 364/966/242
f 362/964/242 364/966/242 366/967/242
f 367/968/243 365/969/243 361/970/243
f 367/968/243 361/970/243 363/971/243
f 365/972/244 364/973/244 360/974/244
f 365/972/244 360/974/244 361/975/244
f 371/976/245 369/977/245 368/978/245
f 371/976/245 368/978/245 370/979/245
f 371/980/246 370/981/246 374/982/246
f 371/980/246 374/982/246 375/983/246
f 370/984/247 368/985/247 372/986/247
f 370/984/247 372/986/247 374/987/247
f 375/988/248 373/989/248 369/990/248
f 375/988/248 369/990/248 371/991/248
f 369/992/249 373/993/249 372/994/249
f 369/992/249 372/994/249 368/995/249
f 376/996/250 378/997/250 377/998/250
f 379/999/251 380/1000/251 381/1001/251
f 378/1002/252 376/1003/252 379/1004/252
f 378/1002/252 379/1004/252 381/1005/252
f 385/1006/253 383/1007/253 382/1008/253
f 385/1006/253 382/1008/253 384/1009/253
f 388/1010/254 386/1011/254 387/1012/254
f 388/1010/254 387/1012/254 389/1013/254
f 382/1014/255 383/1015/255 387/1016/255
f 382/1014/255 387/1016/255 386/1017/255
f 385/1018/256 384/1019/256 388/1020/256
f 385/1018/256 388/1020/256 389/1021/256
f 389/1022/257 387/1023/257 383/1024/257
f 389/1022/257 383/1024/257 385/1025/257
f 384/1026/258 390/1027/258 377/1028/258
f 384/1026/258 377/1028/258 378/1029/258
f 381/1030/259 380/1031/259 391/1032/259
f 381/1030/259 391/1032/259 388/1033/259
f 384/1034/260 378/1035/260 381/1036/260
f 384/1034/260 381/1036/260 388/1037/260
f 392/1038/261 406/1039/261 407/1040/261
f 392/1038/261 407/1040/261 393/1041/261
f 395/1042/262 405/1043/262 404/1044/262
f 395/1042/262 404/1044/262 394/1045/262
f 394/1046/263 404/1047/263 406/1048/263
f 394/1046/263 406/1048/263 392/1049/263
f 263/1050/264 396/1051/264 392/1052/264
f 263/1050/264 392/1052/264 267/1053/264
f 394/1054/265 397/1055/265 266/1056/265
f 394/1054/265 266/1056/265 262/1057/265
f 397/1058/266 396/1059/266 263/1060/266
f 397/1058/266 263/1060/266 266/1061/266
f 392/1062/267 396/1063/267 397/1064/267
f 392/1062/267 397/1064/267 394/1065/267
f 398/1066/268 267/1067/268 399/1068/268
f 398/1066/268 399/1068/268 400/1069/268
f 402/1070/269 262/1071/269 401/1072/269
f 402/1070/269 401/1072/269 403/1073/269
f 262/1074/270 267/1075/270 398/1076/270
f 262/1074/270 398/1076/270 401/1077/270
f 401/1078/271 398/1079/271 400/1080/271
f 401/1078/271 400/1080/271 403/1081/271
f 399/1082/272 267/1083/272 393/1084/272
f 399/1082/272 393/1084/272 382/1085/272
f 386/1086/273 395/1087/273 262/1088/273
f 386/1086/273 262/1088/273 402/1089/273
f 379/1090/274 404/1091/274 405/1092/274
f 379/1090/274 405/1092/274 391/1093/274
f 376/1094/275 406/1095/275 404/1096/275
f 376/1094/275 404/1096/275 379/1097/275
f 390/1098/276 407/1099/276 406/1100/276
f 390/1098/276 406/1100/276 376/1101/276
f 265/1102/277 263/1103/277 267/1104/277
f 262/1105/278 266/1106/278 261/1107/278
o turret
v 0.3125 -1.375 2.2125
v -0.3125 -1 1.3375
v -0.3125 -1 1.275
v -0.3125 -2.5625 1.3375
v -0.3125 -2.5625 1.275
v -0.4375 -1 1.3375
v -0.4375 -1 1.275
v -0.4375 -2.5625 1.3375
v -0.4375 -2.5625 1.275
v 1.375 -1.1875 1.4
v 0.8125 -1.8125 2.4437
v 0.8125 -1.8125 2.3812
v 0.8125 -2.5625 2.4437
v 0.8125 -2.5625 2.3781
v 0.75 -1.8125 2.4437
v 0.75 -1.8125 2.3812
v 0.75 -2.5625 2.4437
v 0.75 -2.5625 2.3812
v 0.9375 -1.125 2.4437
v 0.9375 -1.125 2.3812
v 0.9375 -1.3125 2.4437
v 0.9375 -1.3125 2.3812
v 0.875 -1.125 2.4437
v 0.875 -1.125 2.3812
v 0.875 -1.3125 2.4437
v 0.875 -1.3125 2.3812
v 0.8125 -1.0625 2.4437
v 0.8125 -1.0625 2.3812
v 0.8125 -1.3125 2.4437
v 0.8125 -1.3125 2.3812
v 0.75 -1.0625 2.4437
v 0.75 -1.0625 2.3812
v 0.75 -1.3125 2.4437
v 0.75 -1.3125 2.3812
v 1.4375 -1.125 2.4437
v 1.4375 -1.125 2.3812
v 1.4375 -1.1875 2.4437
v 1.4375 -1.1875 2.3812
v 0.9375 -1.1875 2.4437
v 0.9375 -1.1875 2.3812
v 1.4375 -1 2.4396
v 1.4375 -1 2.3812
v 1.4375 -1.0625 2.4437
v 1.4375 -1.0625 2.3812
v 0.75 -1 2.4437
v 0.75 -1 2.3812
v 1.4375 -1.0625 2.4
v 1.4375 -1.0625 1.2125
v 1.375 -1 2.4
v 1.375 -1 1.2125
v 1.375 -1.0625 2.4
v 1.375 -1.0625 1.2125
v 1.4375 -1.125 2.4
v 1.4375 -1.125 1.3375
v 1.4375 -1.1875 2.4
v 1.4375 -1.1875 1.3375
v 1.375 -1.125 2.4
v 1.375 -1.125 1.3375
v 1.375 -1.1875 2.4
v 1.375 -1.1875 1.3375
v 1.4375 -1.4375 2.3812
v 1.4375 -1.4375 1.6938
v 1.4375 -1.5 2.3812
v 1.4375 -1.5 1.6938
v 1.375 -1.4375 2.3812
v 1.375 -1.4375 1.6938
v 1.375 -1.5 2.3812
v 1.375 -1.5 1.6938
v 1.4375 -1.4375 2.4437
v 1.4375 -1.5 2.4437
v 1.125 -1.4375 2.4437
v 1.125 -1.4375 2.3812
v 1.125 -1.5 2.4437
v 1.125 -1.5 2.3812
v 1.4375 -1 1.7563
v 1.4375 -1 1.6938
v 1.4375 -1.4375 1.7563
v 1.375 -1 1.7563
v 1.375 -1 1.6938
v 1.375 -1.4375 1.7563
v 1.4375 -1.1875 1.4
v 1.4375 -2.5625 1.4
v 1.4375 -2.5625 1.3375
v 1.375 -2.5625 1.4
v 1.375 -2.5625 1.3375
v 1.4375 -1.0625 1.275
v 1.4375 -2.5625 1.275
v 1.4375 -2.5625 1.2125
v 1.375 -1.0625 1.275
v 1.375 -2.5625 1.275
v 1.375 -2.5625 1.2125
v 1.375 -2.5 1.275
v 1.375 -2.5 1.2125
v 1.1875 -2.5 1.275
v 1.1875 -2.5 1.2125
v 1.1875 -2.5625 1.275
v 1.1875 -2.5625 1.2125
v 1.375 -2.5 1.4
v 1.375 -2.5 1.3375
v 1.0625 -2.5 1.4
v 1.0625 -2.5 1.3375
v 1.0625 -2.5625 1.4
v 1.0625 -2.5625 1.3375
v 1.125 -2.5 1.3375
v 1.125 -2.5 1.15
v 1.125 -2.5625 1.3375
v 1.125 -2.5625 1.15
v 1.0625 -2.5 1.15
v 1.0625 -2.5625 1.15
v 1.25 -2.5 1.2125
v 1.25 -2.5 1.025
v 1.25 -2.5625 1.2125
v 1.25 -2.5625 1.025
v 1.1875 -2.5 1.025
v 1.1875 -2.5625 1.025
v 1.1875 -2.5 1.0875
v 1.1875 -2.5625 1.0875
v 1.0625 -2.5 1.0875
v 1.0625 -2.5 1.025
v 1.0625 -2.5625 1.0875
v 1.0625 -2.5625 1.025
v 0.375 -1.5 2.3375
v 0.375 -1.5 2.2125
v 0.375 -1.5625 2.3375
v 0.375 -1.5625 2.2125
v 0.3125 -1.5 2.3375
v 0.3125 -1.5 2.2125
v 0.3125 -1.5625 2.3375
v 0.3125 -1.5625 2.2125
v 0.375 -1.625 2.3375
v 0.375 -1.625 2.2125
v 0.375 -1.6875 2.3375
v 0.375 -1.6875 2.2125
v 0.3125 -1.625 2.3375
v 0.3125 -1.625 2.2125
v 0.3125 -1.6875 2.3375
v 0.3125 -1.6875 2.2125
v 0.8438 -1.4062 2.3375
v 1.1875 -1.25 2.4625
v 1.1875 -1.25 2.4
v 1.1875 -1.875 2.4625
v 1.1875 -1.875 2.4
v 0.1875 -1.25 2.4625
v 0.1875 -1.25 2.4
v 0.1875 -1.875 2.4625
v 0.1875 -1.875 2.4
v 1.0313 -1.4062 2.3375
v 1.0313 -1.4062 2.275
v 1.0313 -1.7187 2.3375
v 1.0313 -1.7187 2.275
v 0.8438 -1.4062 2.275
v 0.8438 -1.7187 2.3375
v 0.8438 -1.7187 2.275
v 0.8125 -1.4062 2.3375
v 0.8125 -1.4062 2.275
v 0.8125 -1.7187 2.3375
v 0.8125 -1.7187 2.275
v 0.625 -1.4062 2.3375
v 0.625 -1.4062 2.275
v 0.625 -1.7187 2.3375
v 0.625 -1.7187 2.275
v 0.5938 -1.4062 2.3375
v 0.5938 -1.4062 2.275
v 0.5938 -1.7187 2.3375
v 0.5938 -1.7187 2.275
v 0.4063 -1.4062 2.3375
v 0.4063 -1.4062 2.275
v 0.4063 -1.7187 2.3375
v 0.4063 -1.7187 2.275
v 1.125 -1.3125 2.4
v 1.125 -1.3125 2.3375
v 1.125 -1.8125 2.4
v 1.125 -1.8125 2.3375
v 0.25 -1.3125 2.4
v 0.25 -1.3125 2.3375
v 0.25 -1.8125 2.4
v 0.25 -1.8125 2.3375
v 1.1875 -1.25 2.2125
v 1.1875 -1.375 2.4
v 1.1875 -1.375 2.2125
v 1.0625 -1.25 2.4
v 1.0625 -1.25 2.2125
v 1.0625 -1.375 2.4
v 1.0625 -1.375 2.2125
v 1.1875 -1.75 2.4
v 1.1875 -1.75 2.2125
v 1.1875 -1.875 2.2125
v 1.0625 -1.75 2.4
v 1.0625 -1.75 2.2125
v 1.0625 -1.875 2.4
v 1.0625 -1.875 2.2125
v 0.3125 -1.25 2.4
v 0.3125 -1.25 2.2125
v 0.3125 -1.375 2.4
v 0.1875 -1.25 2.2125
v 0.1875 -1.375 2.4
v 0.1875 -1.375 2.2125
v 0.3125 -1.75 2.4
v 0.3125 -1.75 2.2125
v 0.3125 -1.875 2.4
v 0.3125 -1.875 2.2125
v 0.1875 -1.75 2.4
v 0.1875 -1.75 2.2125
v 0.1875 -1.875 2.2125
v 0.0625 -0.9375 1.9375
v 1.25 -0.6875 1.6875
v 1.25 -0.6875 1.5
v 1.25 -0.9375 1.6875
v 1.25 -0.9375 1.5
v 1.125 -0.6875 1.6875
v 1.125 -0.6875 1.5
v 1.125 -0.9375 1.6875
v 1.125 -0.9375 1.5
v 1.5625 -1.25 2.125
v 1.5625 -1.25 1.375
v 1.5625 -1.6875 2.125
v 1.5625 -1.6875 1.375
v 1.5 -1.25 2.125
v 1.5 -1.25 1.375
v 1.5 -1.6875 2.125
v 1.5 -1.6875 1.375
v 1.4375 -0.9375 2
v 1.4375 -0.9375 1.9375
v 1.4375 -1 2
v 1.4375 -1 1.9375
v 0.125 -0.9375 2
v 0.125 -0.9375 1.9375
v 0.125 -1 2
v 0.125 -1 1.9375
v 1 -0.9375 1.9375
v 1 -0.9375 2
v 1 -1 2
v 1 -1 1.9375
v 1.4375 -0.9375 2.5
v 1.4375 -0.9375 2.4375
v 1.4375 -1 2.5
v -0.5 -0.9375 2.5
v -0.5 -0.9375 2.4375
v -0.5 -1 2.5
v -0.5 -1 2.4375
v 1.5 -0.9375 2.5
v 1.5 -0.9375 1.9375
v 1.5 -1 2.5
v 1.5 -1 1.9375
v 1.5 -0.9375 1.1875
v 1.5 -1 1.1875
v 0.875 -0.9375 1.9375
v 0.875 -0.9375 1.1875
v 0.875 -1 1.9375
v 0.875 -1 1.1875
v 1.1875 -0.9375 1.1875
v 1.1875 -0.9375 1.9375
v 1.1875 -1 1.9375
v 1.1875 -1 1.1875
v 1.5 -1.5625 0.625
v 1.5 -1.5625 0.5625
v 1.5 -2.5625 0.625
v 1.5 -2.5625 0.5625
v 0.875 -1.5625 0.625
v 0.875 -1.5625 0.5625
v 0.875 -2.5625 0.625
v 0.875 -2.5625 0.5625
v 1.5 -1 2.4375
v 1.5 -1.5625 2.4375
v 1.5 -1.5625 1.1875
v 1.4375 -1 1.1875
v 1.4375 -1.5625 2.4375
v 1.4375 -1.5625 1.1875
v 1.5 -2.5625 2.4375
v 1.4375 -1.5625 0.625
v 1.4375 -2.5625 2.4375
v 1.4375 -2.5625 0.625
v 1.4375 -1.5625 1.5625
v 1.4375 -2.5625 1.5625
v 1.5 -2.5625 1.5625
v 1.5 -1.5625 1.5625
v 1.5 -2.1875 2.5
v 1.5 -2.1875 2.4375
v 1.5 -2.5625 2.5
v 1.4375 -2.1875 2.5
v 1.4375 -2.5625 2.5
v 1.4375 -2.5625 1.5
v 1.4375 -2.5625 0.5625
v 1.4375 -2.75 1.5
v 1.4375 -2.75 0.5625
v -0.4375 -2.5625 1.5
v -0.4375 -2.5625 0.5625
v -0.4375 -2.75 1.5
v -0.4375 -2.75 0.5625
v 0.5 -2.75 1.5
v 0.5 -2.75 0.5625
v 0.5 -2.5625 0.5625
v 0.5 -2.5625 1.5
v 0.875 -2.4375 0.625
v 0.875 -2.4375 0.5625
v 0.125 -2.4375 0.625
v 0.125 -2.4375 0.5625
v 0.125 -2.5625 0.625
v 0.125 -2.5625 0.5625
v 0.0625 -0.9375 2.4375
v 0.0625 -0.9375 1.1875
v 0.0625 -1 2.4375
v 0.0625 -1 1.1875
v -0.5 -0.9375 1.1875
v -0.5 -1 1.1875
v -0.1875 -0.9375 1.1875
v -0.1875 -0.9375 2.4375
v -0.1875 -1 2.4375
v -0.1875 -1 1.1875
v -0.1875 -0.9375 1.9375
v -0.5 -0.9375 1.9375
v -0.5 -1 1.9375
v -0.1875 -1 1.9375
v 0.0625 -1 1.9375
v 0.125 -1.5625 0.625
v 0.125 -1.5625 0.5625
v -0.5 -1.5625 0.625
v -0.5 -1.5625 0.5625
v -0.5 -2.5625 0.625
v -0.5 -2.5625 0.5625
v -0.4375 -1.5625 2.4375
v -0.4375 -1.5625 0.6252
v -0.4375 -2.5625 2.4375
v -0.4375 -2.5625 0.625
v -0.5 -1.5625 2.4375
v -0.5 -2.5625 2.4375
v -0.5 -1.5625 1.5625
v -0.5 -2.5625 1.5625
v -0.4375 -2.5625 1.5625
v -0.4375 -1.5625 1.5625
v -0.4375 -1 2.4375
v -0.4375 -1 1.1875
v -0.4375 -1.5625 1.1875
v -0.5 -1.5625 1.1875
v 0.125 -0.9375 2.4375
v 0.125 -0.9375 1.1875
v 0.125 -1 2.4375
v 0.125 -1 1.1875
v 0.125 -0.9375 2.1875
v 0.0625 -0.9375 2.1875
v 0.0625 -1 2.1875
v 0.125 -1 2.1875
v 0.0625 -1.5625 0.5625
v 0.0625 -1.5625 0.625
v 1.4375 -2.75 2.4375
v -0.4375 -2.75 2.4375
v 0.5 -2.75 2.4375
v 0.5 -2.5625 2.4375
v -0.5 -2.1875 2.5
v -0.5 -2.1875 2.4375
v 1.5 -1.625 2.5
v -0.5 -1.625 2.5
v -0.5 -1.625 2.4375
v 1.5 -1.625 2.4375
v 0.5 -1.625 2.5
v 0.5 -2.1875 2.5
v 0.5 -2.1875 2.4375
v 0.5 -1.625 2.4375
v 0.5 -1 2.4375
v 0.5 -1 2.5
v 0.9375 -2.1875 2.5
v 0.9375 -2.1875 2.4375
v 0.9375 -2.5625 2.5
v 0.9375 -2.5625 2.4375
v -0.5 -2.5625 2.5
v 1.4375 -2.1875 2.4375
v 0.9375 -0.9375 1.1875
v 0.9375 -1.5625 0.5625
v 0.9375 -1 1.1875
v 0.9375 -1.5625 0.6252
v 0.125 -1.375 1.5
v 0.125 -1.375 0.875
v 0.125 -2.5625 1.5
v 0.125 -2.5625 0.875
v 0.0625 -1.375 1.5
v 0.0625 -1.375 0.875
v 0.0625 -2.5625 1.5
v 0.0625 -2.5625 0.875
v 0.0625 -2 1.5
v 0.0625 -2 0.875
v 0.125 -2 0.875
v 0.125 -2 1.5
v 0.9375 -1.375 1.5
v 0.9375 -1.375 0.875
v 0.9375 -2.5625 1.5
v 0.9375 -2.5625 0.875
v 0.875 -1.375 1.5
v 0.875 -1.375 0.875
v 0.875 -2.5625 1.5
v 0.875 -2.5625 0.875
v 0.875 -2 1.5
v 0.875 -2 0.875
v 0.9375 -2 0.875
v 0.9375 -2 1.5
v 1.4375 -0.9375 1.1875
v 1.4375 -1.5625 0.5625
v -0.4375 -0.9375 1.1875
v -0.4375 -1.5625 0.5625
v 1.4375 -0.9813 2.4375
v 1.4375 -0.9813 2
v 0.125 -0.9813 2.4375
v 0.125 -0.9813 2
v 1.4375 -0.975 2.4375
v 1.4375 -0.975 2
v 0.125 -0.975 2.4375
v 0.125 -0.975 2
v 0.375 -2.5 2.375
v 0.375 -2.5 0.625
v 0.375 -2.5625 2.375
v 0.375 -2.5625 0.625
v 0.1875 -2.5 2.375
v 0.1875 -2.5 0.625
v 0.1875 -2.5625 2.375
v 0.1875 -2.5625 0.625
v 0.375 -2.4375 2.375
v 0.375 -2.4375 0.625
v 0.3125 -2.4375 2.375
v 0.3125 -2.4375 0.625
v 0.3125 -2.5 2.375
v 0.3125 -2.5 0.625
v 0.25 -2.4375 2.375
v 0.25 -2.4375 0.625
v 0.25 -2.5 2.375
v 0.25 -2.5 0.625
v 0.1875 -2.4375 2.375
v 0.1875 -2.4375 0.625
v 0.8125 -2.5 2.375
v 0.8125 -2.5 0.625
v 0.8125 -2.5625 0.625
v 0.625 -2.5 2.375
v 0.625 -2.5 0.625
v 0.625 -2.5625 2.375
v 0.625 -2.5625 0.625
v 0.8125 -2.4375 2.375
v 0.8125 -2.4375 0.625
v 0.75 -2.4375 2.375
v 0.75 -2.4375 0.625
v 0.75 -2.5 2.375
v 0.75 -2.5 0.625
v 0.6875 -2.4375 2.375
v 0.6875 -2.4375 0.625
v 0.6875 -2.5 2.375
v 0.6875 -2.5 0.625
v 0.625 -2.4375 2.375
v 0.625 -2.4375 0.625
v -0.0625 -1.5625 2.4375
v -0.0625 -1.5625 1.4375
v 0.0625 -1.8125 2.4375
v 0.0625 -1.8125 1.4375
v -0.4375 -1.5625 1.4375
v -0.4375 -1.8125 1.4375
v -0.0625 -1.5625 1.9375
v -0.4375 -1.5625 1.9375
v 0.0625 -1.8125 1.9375
v 0.0625 -2.5625 2.4375
v 0.0625 -2.5625 1.4375
v -0.4375 -2.5625 1.4375
v 0.0625 -2.5625 1.9375
v 1.4375 -1.875 2.375
v 1.4375 -1.875 1.625
v 1.4375 -2.375 2.375
v 1.4375 -2.375 1.625
v 1.3125 -1.875 2.375
v 1.3125 -1.875 1.625
v 1.3125 -2.375 2.375
v 1.3125 -2.375 1.625
vt 0.2344 0.4375
vt 0.2344 0.8281
vt 0.2188 0.8281
vt 0.2188 0.4375
vt 0.2188 0.4375
vt 0.2188 0.4531
vt 0.1875 0.4531
vt 0.1875 0.4375
vt 0.25 0.4375
vt 0.25 0.8281
vt 0.2188 0.8281
vt 0.2188 0.4375
vt 0.25 0.4375
vt 0.25 0.8281
vt 0.2188 0.8281
vt 0.2188 0.4375
vt 0.2344 0.5781
vt 0.2344 0.7656
vt 0.25 0.7656
vt 0.25 0.5781
vt 0.2344 0.5625
vt 0.2344 0.75
vt 0.25 0.75
vt 0.25 0.5625
vt 0.2344 0.5625
vt 0.2344 0.75
vt 0.25 0.75
vt 0.25 0.5625
vt 0.2188 0.6094
vt 0.2188 0.6563
vt 0.2344 0.6563
vt 0.2344 0.6094
vt 0.2188 0.6094
vt 0.2188 0.6563
vt 0.2344 0.6563
vt 0.2344 0.6094
vt 0.25 0.6719
vt 0.25 0.6563
vt 0.2344 0.6563
vt 0.2344 0.6719
vt 0.2344 0.6094
vt 0.2344 0.6563
vt 0.25 0.6563
vt 0.25 0.6094
vt 0.2188 0.6875
vt 0.2188 0.75
vt 0.2344 0.75
vt 0.2344 0.6875
vt 0.2188 0.6719
vt 0.2188 0.7344
vt 0.2344 0.7344
vt 0.2344 0.6719
vt 0.2344 0.6875
vt 0.2344 0.75
vt 0.25 0.75
vt 0.25 0.6875
vt 0.2188 0.6875
vt 0.2344 0.6875
vt 0.2344 0.5625
vt 0.2188 0.5625
vt 0.25 0.6719
vt 0.2344 0.6719
vt 0.2344 0.5469
vt 0.25 0.5469
vt 0.2344 0.5625
vt 0.2188 0.5625
vt 0.2188 0.6875
vt 0.2344 0.6875
vt 0.25 0.5469
vt 0.2344 0.5469
vt 0.2344 0.6719
vt 0.25 0.6719
vt 0.2188 0.6875
vt 0.2188 0.7031
vt 0.2344 0.7031
vt 0.2344 0.6875
vt 0.2344 0.7813
vt 0.25 0.7813
vt 0.25 0.6094
vt 0.2344 0.6094
vt 0.2344 0.7813
vt 0.2188 0.7813
vt 0.2188 0.6094
vt 0.2344 0.6094
vt 0.2344 0.6094
vt 0.2188 0.6094
vt 0.2188 0.7813
vt 0.2344 0.7813
vt 0.25 0.4688
vt 0.2344 0.4688
vt 0.2344 0.7656
vt 0.25 0.7656
vt 0.25 0.4688
vt 0.25 0.7656
vt 0.2344 0.7656
vt 0.2344 0.4688
vt 0.25 0.5
vt 0.2344 0.5
vt 0.2344 0.7656
vt 0.25 0.7656
vt 0.2344 0.75
vt 0.2344 0.4844
vt 0.2188 0.4844
vt 0.2188 0.75
vt 0.25 0.4844
vt 0.25 0.75
vt 0.2344 0.75
vt 0.2344 0.4844
vt 0.2344 0.7188
vt 0.2344 0.7344
vt 0.25 0.7344
vt 0.25 0.7188
vt 0.25 0.5313
vt 0.2344 0.5313
vt 0.2344 0.7031
vt 0.25 0.7031
vt 0.2344 0.7031
vt 0.2344 0.5313
vt 0.2188 0.5313
vt 0.2188 0.7031
vt 0.25 0.5313
vt 0.25 0.7031
vt 0.2344 0.7031
vt 0.2344 0.5313
vt 0.2188 0.7344
vt 0.2188 0.75
vt 0.2344 0.75
vt 0.2344 0.7344
vt 0.2344 0.7188
vt 0.25 0.7188
vt 0.25 0.6406
vt 0.2344 0.6406
vt 0.2344 0.6563
vt 0.2188 0.6563
vt 0.2188 0.5781
vt 0.2344 0.5781
vt 0.25 0.5938
vt 0.2344 0.5938
vt 0.2344 0.6719
vt 0.25 0.6719
vt 0.2344 0.6406
vt 0.2188 0.6406
vt 0.2188 0.7188
vt 0.2344 0.7188
vt 0.2188 0.6406
vt 0.2188 0.75
vt 0.2344 0.75
vt 0.2344 0.6406
vt 0.2344 0.625
vt 0.2344 0.7344
vt 0.25 0.7344
vt 0.25 0.625
vt 0.2344 0.625
vt 0.2344 0.7344
vt 0.25 0.7344
vt 0.25 0.625
vt 0.2344 0.4531
vt 0.2344 0.7969
vt 0.2188 0.7969
vt 0.2188 0.4531
vt 0.2188 0.8125
vt 0.2188 0.8281
vt 0.2031 0.8281
vt 0.2031 0.8125
vt 0.25 0.4531
vt 0.25 0.7969
vt 0.2344 0.7969
vt 0.2344 0.4531
vt 0.2344 0.4531
vt 0.2344 0.7969
vt 0.2188 0.7969
vt 0.2188 0.4531
vt 0.2344 0.4375
vt 0.2344 0.8125
vt 0.2188 0.8125
vt 0.2188 0.4375
vt 0.2188 0.8125
vt 0.2188 0.8281
vt 0.2031 0.8281
vt 0.2031 0.8125
vt 0.25 0.4375
vt 0.25 0.8125
vt 0.2344 0.8125
vt 0.2344 0.4375
vt 0.2344 0.4375
vt 0.2344 0.8125
vt 0.2188 0.8125
vt 0.2188 0.4375
vt 0.2188 0.625
vt 0.2188 0.6406
vt 0.2344 0.6406
vt 0.2344 0.625
vt 0.2188 0.7031
vt 0.2344 0.7031
vt 0.2344 0.6563
vt 0.2188 0.6563
vt 0.2344 0.6719
vt 0.2188 0.6719
vt 0.2188 0.7188
vt 0.2344 0.7188
vt 0.2344 0.5469
vt 0.2188 0.5469
vt 0.2188 0.5938
vt 0.2344 0.5938
vt 0.2188 0.625
vt 0.2188 0.6406
vt 0.2344 0.6406
vt 0.2344 0.625
vt 0.2344 0.7969
vt 0.25 0.7969
vt 0.25 0.7188
vt 0.2344 0.7188
vt 0.2344 0.7188
vt 0.2188 0.7188
vt 0.2188 0.7969
vt 0.2344 0.7969
vt 0.2344 0.6563
vt 0.2188 0.6563
vt 0.2188 0.7344
vt 0.2344 0.7344
vt 0.2344 0.625
vt 0.2188 0.625
vt 0.2188 0.6719
vt 0.2344 0.6719
vt 0.25 0.6406
vt 0.2344 0.6406
vt 0.2344 0.6875
vt 0.25 0.6875
vt 0.2344 0.7344
vt 0.2344 0.6875
vt 0.2188 0.6875
vt 0.2188 0.7344
vt 0.2344 0.625
vt 0.2188 0.625
vt 0.2188 0.6719
vt 0.2344 0.6719
vt 0.25 0.6406
vt 0.2344 0.6406
vt 0.2344 0.6875
vt 0.25 0.6875
vt 0.2344 0.7344
vt 0.2344 0.6875
vt 0.2188 0.6875
vt 0.2188 0.7344
vt 0.2188 0.7188
vt 0.2188 0.7344
vt 0.2344 0.7344
vt 0.2344 0.7188
vt 0.25 0.6875
vt 0.25 0.6719
vt 0.2188 0.6719
vt 0.2188 0.6875
vt 0.2188 0.6406
vt 0.2188 0.6563
vt 0.25 0.6563
vt 0.25 0.6406
vt 0.2188 0.6094
vt 0.2188 0.625
vt 0.25 0.625
vt 0.25 0.6094
vt 0.8125 0.1875
vt 0.7969 0.1875
vt 0.7969 0.2188
vt 0.8125 0.2188
vt 0.7813 0.2188
vt 0.7969 0.2188
vt 0.7969 0.1875
vt 0.7813 0.1875
vt 0.8125 0.2188
vt 0.8125 0.1875
vt 0.7969 0.1875
vt 0.7969 0.2188
vt 0.8125 0.1875
vt 0.8125 0.2188
vt 0.7969 0.2188
vt 0.7969 0.1875
vt 0.7969 0.1719
vt 0.7969 0.1875
vt 0.8125 0.1875
vt 0.8125 0.1719
vt 0.8125 0.1875
vt 0.7969 0.1875
vt 0.7969 0.2188
vt 0.8125 0.2188
vt 0.7813 0.2188
vt 0.7969 0.2188
vt 0.7969 0.1875
vt 0.7813 0.1875
vt 0.8125 0.2188
vt 0.8125 0.1875
vt 0.7969 0.1875
vt 0.7969 0.2188
vt 0.8125 0.1875
vt 0.8125 0.2188
vt 0.7969 0.2188
vt 0.7969 0.1875
vt 0.7969 0.1719
vt 0.7969 0.1875
vt 0.8125 0.1875
vt 0.8125 0.1719
vt 0.9531 0.8438
vt 0.9531 1
vt 0.9688 1
vt 0.9688 0.8438
vt 0.9531 0.8438
vt 0.9531 1
vt 0.9688 1
vt 0.9688 0.8438
vt 0.25 0.4375
vt 0.25 0.4219
vt 0 0.4219
vt 0 0.4375
vt 0.25 0.4219
vt 0.25 0.4375
vt 0 0.4375
vt 0 0.4219
vt 0 0.2813
vt 0 0.4375
vt 0.25 0.4375
vt 0.25 0.2813
vt 0.5469 0.0938
vt 0.5469 0.1719
vt 0.5313 0.1719
vt 0.5313 0.0938
vt 0.5469 0.0938
vt 0.5469 0.1719
vt 0.5313 0.1719
vt 0.5313 0.0938
vt 0.5625 0.1563
vt 0.5625 0.1719
vt 0.5156 0.1719
vt 0.5156 0.1563
vt 0.5625 0.1406
vt 0.5625 0.1563
vt 0.5156 0.1563
vt 0.5156 0.1406
vt 0.5469 0.0938
vt 0.5469 0.1719
vt 0.5 0.1719
vt 0.5 0.0938
vt 0.5469 0.0938
vt 0.5469 0.1719
vt 0.5313 0.1719
vt 0.5313 0.0938
vt 0.5469 0.0938
vt 0.5469 0.1719
vt 0.5313 0.1719
vt 0.5313 0.0938
vt 0.5625 0.1563
vt 0.5625 0.1719
vt 0.5156 0.1719
vt 0.5156 0.1563
vt 0.5625 0.1406
vt 0.5625 0.1563
vt 0.5156 0.1563
vt 0.5156 0.1406
vt 0.5469 0.0938
vt 0.5469 0.1719
vt 0.5 0.1719
vt 0.5 0.0938
vt 0.5469 0.0938
vt 0.5469 0.1719
vt 0.5313 0.1719
vt 0.5313 0.0938
vt 0.5469 0.0938
vt 0.5469 0.1719
vt 0.5313 0.1719
vt 0.5313 0.0938
vt 0.5625 0.1563
vt 0.5625 0.1719
vt 0.5156 0.1719
vt 0.5156 0.1563
vt 0.5625 0.1406
vt 0.5625 0.1563
vt 0.5156 0.1563
vt 0.5156 0.1406
vt 0.5469 0.0938
vt 0.5469 0.1719
vt 0.5 0.1719
vt 0.5 0.0938
vt 0.4219 0.0469
vt 0.4219 0.1719
vt 0.4375 0.1719
vt 0.4375 0.0469
vt 0.2188 0.0469
vt 0.2188 0.1719
vt 0.2344 0.1719
vt 0.2344 0.0469
vt 0.4375 0.1719
vt 0.4375 0.1563
vt 0.2188 0.1563
vt 0.2188 0.1719
vt 0.4375 0.0469
vt 0.4375 0.0625
vt 0.2188 0.0625
vt 0.2188 0.0469
vt 0.2188 0.0469
vt 0.2188 0.1719
vt 0.4375 0.1719
vt 0.4375 0.0469
vt 0.7656 0.4531
vt 0.7656 0.4844
vt 0.7188 0.4844
vt 0.7188 0.4531
vt 0.7656 0.4531
vt 0.7656 0.4844
vt 0.7188 0.4844
vt 0.7188 0.4531
vt 0.7656 0.4844
vt 0.7656 0.5313
vt 0.7344 0.5313
vt 0.7344 0.4844
vt 0.7656 0.4844
vt 0.7656 0.5313
vt 0.7344 0.5313
vt 0.7344 0.4844
vt 0.7656 0.4531
vt 0.7656 0.4844
vt 0.7344 0.4844
vt 0.7344 0.4531
vt 0.7656 0.4531
vt 0.7656 0.4844
vt 0.7188 0.4844
vt 0.7188 0.4531
vt 0.7656 0.4844
vt 0.7656 0.5313
vt 0.7344 0.5313
vt 0.7344 0.4844
vt 0.7656 0.4844
vt 0.7656 0.5313
vt 0.7344 0.5313
vt 0.7344 0.4844
vt 0.7656 0.4531
vt 0.7656 0.4844
vt 0.7344 0.4844
vt 0.7344 0.4531
vt 0.7656 0.4531
vt 0.7656 0.4844
vt 0.7188 0.4844
vt 0.7188 0.4531
vt 0.7656 0.4531
vt 0.7656 0.4844
vt 0.7188 0.4844
vt 0.7188 0.4531
vt 0.7656 0.4531
vt 0.7656 0.4844
vt 0.7188 0.4844
vt 0.7188 0.4531
vt 0.7656 0.4844
vt 0.7656 0.5313
vt 0.7344 0.5313
vt 0.7344 0.4844
vt 0.7656 0.4531
vt 0.7656 0.4844
vt 0.7344 0.4844
vt 0.7344 0.4531
vt 0.7656 0.4844
vt 0.7656 0.5313
vt 0.7344 0.5313
vt 0.7344 0.4844
vt 0.7656 0.4531
vt 0.7656 0.4844
vt 0.7188 0.4844
vt 0.7188 0.4531
vt 0.7656 0.4531
vt 0.7656 0.4844
vt 0.7188 0.4844
vt 0.7188 0.4531
vt 0.7656 0.4844
vt 0.7656 0.5313
vt 0.7344 0.5313
vt 0.7344 0.4844
vt 0.7656 0.4844
vt 0.7656 0.5313
vt 0.7344 0.5313
vt 0.7344 0.4844
vt 0.7656 0.4531
vt 0.7656 0.4844
vt 0.7344 0.4844
vt 0.7344 0.4531
vt 0.7344 0.4531
vt 0.7344 0.5156
vt 0.7813 0.5156
vt 0.7813 0.4531
vt 0.6563 0.4531
vt 0.6563 0.5156
vt 0.7031 0.5156
vt 0.7031 0.4531
vt 0.7813 0.4531
vt 0.7813 0.5156
vt 0.8125 0.5156
vt 0.8125 0.4531
vt 0.7031 0.4531
vt 0.7031 0.5156
vt 0.7344 0.5156
vt 0.7344 0.4531
vt 1 0.2188
vt 1 0.3281
vt 0.8125 0.3281
vt 0.8125 0.2188
vt 1 0.3281
vt 0.8125 0.3281
vt 0.8125 0.3125
vt 1 0.3125
vt 1 0.2188
vt 0.8125 0.2188
vt 0.8125 0.2344
vt 1 0.2344
vt 1 0.2188
vt 1 0.3281
vt 0.9844 0.3281
vt 0.9844 0.2188
vt 0.8281 0.2188
vt 0.8281 0.3281
vt 0.8125 0.3281
vt 0.8125 0.2188
vt 0.0938 0.9688
vt 0.0938 0.9844
vt 0.1094 0.9844
vt 0.1094 0.9688
vt 0.1094 1
vt 0.3281 1
vt 0.3281 0.9844
vt 0.1094 0.9844
vt 0.4375 0.9844
vt 0.6563 0.9844
vt 0.6563 1
vt 0.4375 1
vt 0.7813 0.9844
vt 0.5625 0.9844
vt 0.5625 1
vt 0.7813 1
vt 0.1094 0.9844
vt 0.3281 0.9844
vt 0.3281 0.9688
vt 0.1094 0.9688
vt 0.4688 0.9063
vt 0.3594 0.9063
vt 0.3594 0.9219
vt 0.4688 0.9219
vt 0.4531 0.9531
vt 0.5625 0.9531
vt 0.5625 0.9375
vt 0.4531 0.9375
vt 0.5938 0.9531
vt 0.4844 0.9531
vt 0.4844 0.9375
vt 0.5938 0.9375
vt 0.4531 0.9375
vt 0.3438 0.9375
vt 0.3438 0.9531
vt 0.4531 0.9531
vt 0.4063 0.9844
vt 0.4063 1
vt 0.4219 1
vt 0.4219 0.9844
vt 0.4844 1
vt 0.4844 0.9844
vt 0 0.9844
vt 0 1
vt 0.5313 0.9844
vt 0.5313 1
vt 0.0469 1
vt 0.0469 0.9844
vt 0 0.9844
vt 0 1
vt 0.4844 1
vt 0.4844 0.9844
vt 0.3125 0.9844
vt 0.3125 1
vt 0.7969 1
vt 0.7969 0.9844
vt 0.1563 0
vt 0.1563 0.0156
vt 0.2969 0.0156
vt 0.2969 0
vt 0 0
vt 0 0.0156
vt 0.1406 0.0156
vt 0.1406 0
vt 0.0156 0.625
vt 0.0156 0.4844
vt 0 0.4844
vt 0 0.625
vt 0.0156 0.5625
vt 0.0156 0.7031
vt 0 0.7031
vt 0 0.5625
vt 0.2969 0
vt 0.2969 0.0156
vt 0.3125 0.0156
vt 0.3125 0
vt 0.1406 0
vt 0.1406 0.0156
vt 0.1563 0.0156
vt 0.1563 0
vt 0.375 0.25
vt 0.375 0.2656
vt 0.5625 0.2656
vt 0.5625 0.25
vt 0.0781 0.2344
vt 0.0781 0.25
vt 0.2656 0.25
vt 0.2656 0.2344
vt 0.75 0.4375
vt 0.8281 0.4375
vt 0.8281 0.25
vt 0.75 0.25
vt 0 0.25
vt 0.0781 0.25
vt 0.0781 0.4375
vt 0 0.4375
vt 1 0.25
vt 0.9219 0.25
vt 0.9219 0.4375
vt 1 0.4375
vt 1 0.4375
vt 0.9219 0.4375
vt 0.9219 0.25
vt 1 0.25
vt 0.9688 0.75
vt 0.9688 1
vt 0.9531 1
vt 0.9531 0.75
vt 0.9688 0.75
vt 0.9688 1
vt 0.9531 1
vt 0.9531 0.75
vt 0.25 0.4375
vt 0 0.4375
vt 0 0.2813
vt 0.25 0.2813
vt 0.25 0.2813
vt 0 0.2813
vt 0 0.4375
vt 0.25 0.4375
vt 0.8125 0.3281
vt 0.8125 0.3438
vt 0.6563 0.3438
vt 0.6563 0.3281
vt 0.3281 0.0938
vt 0.3281 0.2344
vt 0.0156 0.2344
vt 0.0156 0.0938
vt 0.5 0.0938
vt 0.5 0.2344
vt 0.1875 0.2344
vt 0.1875 0.0938
vt 0.6094 0
vt 0.6094 0.3125
vt 0.5938 0.3125
vt 0.5938 0
vt 0.7344 0.5
vt 0.5 0.5
vt 0.5 0.25
vt 0.7344 0.25
vt 0.0156 0.25
vt 0.25 0.25
vt 0.25 0.5
vt 0.0156 0.5
vt 1 0.7031
vt 1 0.9375
vt 0.9844 0.9375
vt 0.9844 0.7031
vt 0.7344 0.5
vt 0.5156 0.5
vt 0.5156 0.25
vt 0.7344 0.25
vt 0.9844 0.5938
vt 0.9844 0.375
vt 1 0.375
vt 1 0.5938
vt 0.0156 0.25
vt 0.2344 0.25
vt 0.2344 0.5
vt 0.0156 0.5
vt 1 0.5781
vt 1 0.6719
vt 0.9844 0.6719
vt 0.9844 0.5781
vt 0.9844 0.6094
vt 0.9844 0.625
vt 0.9688 0.625
vt 0.9688 0.6094
vt 1 0.6094
vt 1 0.7031
vt 0.9844 0.7031
vt 0.9844 0.6094
vt 0.3438 0
vt 0.3438 0.0469
vt 0.1094 0.0469
vt 0.1094 0
vt 0.375 0
vt 0.375 0.0469
vt 0.1406 0.0469
vt 0.1406 0
vt 0 0.7656
vt 0.2344 0.7656
vt 0.2344 1
vt 0 1
vt 0 0.25
vt 0.2344 0.25
vt 0.2344 0.4844
vt 0 0.4844
vt 0.1406 0.0469
vt 0.375 0.0469
vt 0.375 0
vt 0.1406 0
vt 0.75 0.4844
vt 0.5156 0.4844
vt 0.5156 0.25
vt 0.75 0.25
vt 0.1563 0
vt 0.3906 0
vt 0.3906 0.0469
vt 0.1563 0.0469
vt 0.75 1
vt 0.5156 1
vt 0.5156 0.7656
vt 0.75 0.7656
vt 0.5 0.25
vt 0.5 0.2656
vt 0.3125 0.2656
vt 0.3125 0.25
vt 0.4063 0.2344
vt 0.4063 0.2656
vt 0.2188 0.2656
vt 0.2188 0.2344
vt 0.4063 0.2344
vt 0.4063 0.2656
vt 0.2188 0.2656
vt 0.2188 0.2344
vt 0.1563 0.9844
vt 0.3438 0.9844
vt 0.3438 1
vt 0.1563 1
vt 0 0.5781
vt 0 0.3906
vt 0.0781 0.3906
vt 0.0781 0.5781
vt 0.0781 0.6719
vt 0.0781 0.8594
vt 0 0.8594
vt 0 0.6719
vt 0 0.9844
vt 0.0781 0.9844
vt 0.0781 1
vt 0 1
vt 0.6719 0.5781
vt 0.6719 0.3906
vt 0.7344 0.3906
vt 0.7344 0.5781
vt 0.2656 1
vt 0.2031 1
vt 0.2031 0.9844
vt 0.2656 0.9844
vt 0.1406 0.6719
vt 0.1406 0.8594
vt 0.0781 0.8594
vt 0.0781 0.6719
vt 0.0781 0.2656
vt 0.0781 0.3906
vt 0 0.3906
vt 0 0.2656
vt 0.4688 1
vt 0.3438 1
vt 0.3438 0.9844
vt 0.4688 0.9844
vt 0 0.9844
vt 0 0.8594
vt 0.0781 0.8594
vt 0.0781 0.9844
vt 0.0781 0.9844
vt 0.0781 0.8594
vt 0.1406 0.8594
vt 0.1406 0.9844
vt 0.6406 0.2656
vt 0.6406 0.3906
vt 0.5781 0.3906
vt 0.5781 0.2656
vt 0.9688 0.75
vt 0.9688 1
vt 0.9531 1
vt 0.9531 0.75
vt 0.9688 0.75
vt 0.9688 1
vt 0.9531 1
vt 0.9531 0.75
vt 0.8438 0.3281
vt 0.8438 0.3438
vt 0.6875 0.3438
vt 0.6875 0.3281
vt 0.25 0.4375
vt 0 0.4375
vt 0 0.2813
vt 0.25 0.2813
vt 0.25 0.2813
vt 0 0.2813
vt 0 0.4375
vt 0.25 0.4375
vt 0.7344 0.5
vt 0.5 0.5
vt 0.5 0.25
vt 0.7344 0.25
vt 0.0156 0.25
vt 0.25 0.25
vt 0.25 0.5
vt 0.0156 0.5
vt 1 0.7031
vt 1 0.9375
vt 0.9844 0.9375
vt 0.9844 0.7031
vt 0.7344 0.5
vt 0.5156 0.5
vt 0.5156 0.25
vt 0.7344 0.25
vt 0.9844 0.5938
vt 0.9844 0.375
vt 1 0.375
vt 1 0.5938
vt 0.0156 0.25
vt 0.2344 0.25
vt 0.2344 0.5
vt 0.0156 0.5
vt 0.3125 0.0938
vt 0.3125 0.2344
vt 0 0.2344
vt 0 0.0938
vt 0.4844 0.0938
vt 0.4844 0.2344
vt 0.1719 0.2344
vt 0.1719 0.0938
vt 0.3125 0.0156
vt 0.125 0.0156
vt 0.125 0
vt 0.3125 0
vt 0.9844 1
vt 0.9844 0.8125
vt 1 0.8125
vt 1 1
vt 1 0.6875
vt 1 0.875
vt 0.9844 0.875
vt 0.9844 0.6875
vt 0.6563 0.0313
vt 0.6563 0.0469
vt 0.6406 0.0469
vt 0.6406 0.0313
vt 0.4063 1
vt 0.4063 0.9375
vt 0.4219 0.9375
vt 0.4219 1
vt 0.3125 0.25
vt 0.3125 0.3125
vt 0.2969 0.3125
vt 0.2969 0.25
vt 0 0.625
vt 0.0625 0.625
vt 0.0625 0.6094
vt 0 0.6094
vt 0.2656 0.2656
vt 0.2656 0.3281
vt 0.25 0.3281
vt 0.25 0.2656
vt 0.25 0.9844
vt 0.25 0.9219
vt 0.2656 0.9219
vt 0.2656 0.9844
vt 0 0.5469
vt 0.0625 0.5469
vt 0.0625 0.5625
vt 0 0.5625
vt 0.0156 0.8281
vt 0 1
vt 0 0.9844
vt 0 0.8281
vt 0.0156 1
vt 0 1
vt 0 0.7813
vt 0.0156 0.7813
vt 0.0156 0.8011
vt 0.0156 1
vt 0 1
vt 0 0.8011
vt 0.0313 0.9688
vt 0.0313 0.9844
vt 0.0156 0.9844
vt 0.0156 0.9688
vt 0.0156 0.9688
vt 0.0313 0.9688
vt 0.0313 0.9844
vt 0.0156 0.9844
vt 0.3438 0
vt 0.3438 0.0469
vt 0.1094 0.0469
vt 0.1094 0
vt 0.375 0
vt 0.375 0.0469
vt 0.1406 0.0469
vt 0.1406 0
vt 0 0.25
vt 0.2344 0.25
vt 0.2344 0.4844
vt 0 0.4844
vt 0 0.7656
vt 0.2344 0.7656
vt 0.2344 1
vt 0 1
vt 0.1719 0
vt 0.4063 0
vt 0.4063 0.0469
vt 0.1719 0.0469
vt 0.75 1
vt 0.5156 1
vt 0.5156 0.7656
vt 0.75 0.7656
vt 0.75 0.4844
vt 0.5156 0.4844
vt 0.5156 0.25
vt 0.75 0.25
vt 0.2969 0.0469
vt 0.0625 0.0469
vt 0.0625 0
vt 0.2969 0
vt 0.9844 0.2969
vt 0.9844 0.1406
vt 1 0.1406
vt 1 0.2969
vt 0.9844 0.5156
vt 0.9844 0.3594
vt 1 0.3594
vt 1 0.5156
vt 0.4844 0.9844
vt 0.7344 0.9844
vt 0.7344 1
vt 0.4844 1
vt 0 0.1719
vt 0.25 0.1719
vt 0.25 0.0156
vt 0 0.0156
vt 0.5 0.25
vt 0.25 0.25
vt 0.25 0.0938
vt 0.5 0.0938
vt 0 0.7031
vt 0.25 0.7031
vt 0.25 0.5625
vt 0 0.5625
vt 1 0.4063
vt 1 0.5469
vt 0.9844 0.5469
vt 0.9844 0.4063
vt 0.75 0.5625
vt 0.5 0.5625
vt 0.5 0.4219
vt 0.75 0.4219
vt 1 0
vt 1 0.1406
vt 0.9844 0.1406
vt 0.9844 0
vt 0.75 0.4688
vt 0.5 0.4688
vt 0.5 0.6094
vt 0.75 0.6094
vt 0 0.3594
vt 0.25 0.3594
vt 0.25 0.5
vt 0 0.5
vt 0 0.0938
vt 0.25 0.0938
vt 0.25 0.25
vt 0 0.25
vt 0.6094 1
vt 0.3594 1
vt 0.3594 0.9844
vt 0.6094 0.9844
vt 0.5 0.0156
vt 0.25 0.0156
vt 0.25 0.1719
vt 0.5 0.1719
vt 1 0.6094
vt 1 0.7031
vt 0.9844 0.7031
vt 0.9844 0.6094
vt 1 0
vt 1 0.0156
vt 0.6406 0.0156
vt 0.6406 0
vt 0.3594 0
vt 0.3594 0.0938
vt 0 0.0938
vt 0 0
vt 0.5 0
vt 0.5 0.0938
vt 0.1406 0.0938
vt 0.1406 0
vt 1 0.4531
vt 1 0.5469
vt 0.9844 0.5469
vt 0.9844 0.4531
vt 0.1719 0
vt 0.1719 0.0156
vt 0.0469 0.0156
vt 0.0469 0
vt 0.1406 0
vt 0.1406 0.0938
vt 0.0156 0.0938
vt 0.0156 0
vt 0.4844 0
vt 0.4844 0.0938
vt 0.3594 0.0938
vt 0.3594 0
vt 0.1563 0.9844
vt 0.1563 1
vt 0 0.8438
vt 0.0156 0.8438
vt 0.0156 1
vt 0 1
vt 0 0.779
vt 0.0156 0.779
vt 0.0156 0.8011
vt 0.0156 1
vt 0 1
vt 0 0.8011
vt 0.6563 1
vt 0.6563 0.8438
vt 0.5 0.8438
vt 0.5 1
vt 0.5 1
vt 0.5 0.8438
vt 0.6563 0.8438
vt 0.6563 1
vt 0.0469 0.8438
vt 0.0469 1
vt 0.0313 1
vt 0.0313 0.8438
vt 0.6406 1
vt 0.6406 0.8438
vt 0.6563 0.8438
vt 0.6563 1
vt 0.5 1
vt 0.5 0.8438
vt 0.5156 0.8438
vt 0.5156 1
vt 0.6563 0.7656
vt 0.6563 0.9063
vt 0.5 0.9063
vt 0.5 0.7656
vt 0.5156 0.7656
vt 0.5156 0.9063
vt 0.5 0.9063
vt 0.5 0.7656
vt 0.5 0.7656
vt 0.5 0.9063
vt 0.6563 0.9063
vt 0.6563 0.7656
vt 0.6563 0.7656
vt 0.6563 0.9063
vt 0.6406 0.9063
vt 0.6406 0.7656
vt 0.6563 1
vt 0.6563 0.8438
vt 0.5 0.8438
vt 0.5 1
vt 0.5 1
vt 0.5 0.8438
vt 0.6563 0.8438
vt 0.6563 1
vt 0.0469 0.8438
vt 0.0469 1
vt 0.0313 1
vt 0.0313 0.8438
vt 0.6406 1
vt 0.6406 0.8438
vt 0.6563 0.8438
vt 0.6563 1
vt 0.5 1
vt 0.5 0.8438
vt 0.5156 0.8438
vt 0.5156 1
vt 0.6563 0.7656
vt 0.6563 0.9063
vt 0.5 0.9063
vt 0.5 0.7656
vt 0.5156 0.7656
vt 0.5156 0.9063
vt 0.5 0.9063
vt 0.5 0.7656
vt 0.5 0.7656
vt 0.5 0.9063
vt 0.6563 0.9063
vt 0.6563 0.7656
vt 0.6563 0.7656
vt 0.6563 0.9063
vt 0.6406 0.9063
vt 0.6406 0.7656
vt 0.1563 0.125
vt 0.1563 0.2813
vt 0 0.2813
vt 0.9688 1
vt 0.9531 1
vt 0.9531 0.779
vt 0.9688 0.779
vt 0.0313 0.8438
vt 0.0313 1
vt 0.0156 1
vt 0.0156 0.8438
vt 0.1563 0.2813
vt 0.1563 0.125
vt 0 0.2813
vt 0.1563 0.125
vt 0.1563 0.2813
vt 0 0.2813
vt 0.9688 1
vt 0.9531 1
vt 0.9531 0.7813
vt 0.9688 0.7813
vt 0.1563 0.2813
vt 0.1563 0.125
vt 0 0.2813
vt 1 0
vt 1 0.2188
vt 0.875 0.2188
vt 0.875 0
vt 1 0
vt 1 0.2188
vt 0.875 0.2188
vt 0.875 0
vt 1 0
vt 1 0.2188
vt 0.875 0.2188
vt 0.875 0
vt 1 0
vt 1 0.2188
vt 0.875 0.2188
vt 0.875 0
vt 0.25 0.3281
vt 0.5781 0.3281
vt 0.5781 0.4375
vt 0.25 0.4375
vt 0.5781 0.4375
vt 0.5781 0.3281
vt 0.25 0.3281
vt 0.25 0.4375
vt 0.875 0.0625
vt 0.875 0.0938
vt 0 0.0938
vt 0 0.0625
vt 0.875 0.0625
vt 0.875 0.0938
vt 0 0.0938
vt 0 0.0625
vt 0 0
vt 0.875 0
vt 0.875 0.0938
vt 0 0.0938
vt 0.875 0.0938
vt 0.875 0.125
vt 0 0.125
vt 0 0.0938
vt 0.875 0.0938
vt 0.875 0.125
vt 0 0.125
vt 0 0.0938
vt 0 0.0938
vt 0.875 0.0938
vt 0.875 0.125
vt 0 0.125
vt 0.875 0.0938
vt 0.875 0.125
vt 0 0.125
vt 0 0.0938
vt 0.875 0.0938
vt 0.875 0.125
vt 0 0.125
vt 0 0.0938
vt 0 0.0938
vt 0.875 0.0938
vt 0.875 0.125
vt 0 0.125
vt 0.875 0.0625
vt 0.875 0.0938
vt 0 0.0938
vt 0 0.0625
vt 0.875 0.0625
vt 0.875 0.0938
vt 0 0.0938
vt 0 0.0625
vt 0 0
vt 0.875 0
vt 0.875 0.0938
vt 0 0.0938
vt 0.875 0.0938
vt 0.875 0.125
vt 0 0.125
vt 0 0.0938
vt 0.875 0.0938
vt 0.875 0.125
vt 0 0.125
vt 0 0.0938
vt 0 0.0938
vt 0.875 0.0938
vt 0.875 0.125
vt 0 0.125
vt 0.875 0.0938
vt 0.875 0.125
vt 0 0.125
vt 0 0.0938
vt 0.875 0.0938
vt 0.875 0.125
vt 0 0.125
vt 0 0.0938
vt 0 0.0938
vt 0.875 0.0938
vt 0.875 0.125
vt 0 0.125
vt 0.5 0.25
vt 0.375 0.25
vt 0.375 0.1875
vt 0.5 0.1875
vt 0.6563 1
vt 0.6563 0.875
vt 0.75 0.875
vt 0.75 1
vt 0.125 0.1875
vt 0.125 0.25
vt 0 0.25
vt 0 0.1875
vt 0 1
vt 0 0.875
vt 0.0938 0.875
vt 0.0938 1
vt 0 0.1875
vt 0.125 0.1875
vt 0.125 0.25
vt 0 0.25
vt 0 0.25
vt 0.125 0.25
vt 0.125 0.4375
vt 0 0.4375
vt 0.125 0
vt 0.125 0.1875
vt 0 0.1875
vt 0 0
vt 0.75 0.4375
vt 0.625 0.4375
vt 0.625 0.25
vt 0.75 0.25
vt 0.7188 0.625
vt 0.9688 0.625
vt 0.9688 1
vt 0.7188 1
vt 0.9063 0.625
vt 0.9063 1
vt 0.9688 1
vt 0.9688 0.625
vt 0.9063 0.625
vt 0.9063 1
vt 0.9688 1
vt 0.9688 0.625
vt 0.9688 0.7188
vt 0.9688 0.9688
vt 0.9063 0.9688
vt 0.9063 0.7188
vt 0.7188 1
vt 0.9688 1
vt 0.9688 0.9375
vt 0.7188 0.9375
vn 1 0 0
vn 0 1 0
vn 0 0 1
vn 0 0 -1
vn 1 0 0
vn -1 0 0
vn 0 0 -1
vn 1 0 0
vn -1 0 0
vn 0 1 0
vn 0 0 -1
vn 1 0 0
vn -1 0 0
vn 0 0 -1
vn 0 1 0
vn 0 -1 0
vn 0 0 1
vn 0 0 -1
vn -1 0 0
vn 0 1 0
vn 0 -1 0
vn 0 0 -1
vn -1 0 0
vn 0 -1 0
vn -1 0 0
vn 0 1 0
vn 0 -1 0
vn 0 0 -1
vn -1 0 0
vn 0 1 0
vn 0 -1 0
vn 0 0 -1
vn 0 1 0
vn 0 -1 0
vn 0 0 1
vn 0 0 -1
vn -1 0 0
vn 0 0 1
vn 0 0 -1
vn -1 0 0
vn 0 1 0
vn 0 0 1
vn 0 0 -1
vn -1 0 0
vn 0 1 0
vn 0 0 1
vn 0 0 -1
vn -1 0 0
vn 0 1 0
vn 0 0 1
vn 0 0 -1
vn -1 0 0
vn 0 1 0
vn 0 0 1
vn 0 0 -1
vn 1 0 0
vn -1 0 0
vn 0 1 0
vn 1 0 0
vn -1 0 0
vn 0 1 0
vn 0 0 -1
vn 0 1 0
vn 0 0 1
vn 0 0 -1
vn 1 0 0
vn -1 0 0
vn 0 1 0
vn 0 -1 0
vn 0 0 -1
vn 1 0 0
vn -1 0 0
vn 0 1 0
vn 0 -1 0
vn 0 0 -1
vn 1 0 0
vn -1 0 0
vn 0 1 0
vn 0 -1 0
vn 0 0 -1
vn 1 0 0
vn -1 0 0
vn 0 1 0
vn 0 -1 0
vn 0 0 -1
vn 1 0 0
vn -1 0 0
vn 0 1 0
vn 0 -1 0
vn 0 0 -1
vn 1 0 0
vn -1 0 0
vn 0 1 0
vn 0 -1 0
vn 0 0 -1
vn 1 0 0
vn -1 0 0
vn 0 1 0
vn 0 -1 0
vn 0 0 -1
vn 1 0 0
vn -1 0 0
vn 0 1 0
vn 0 -1 0
vn 0 0 -1
vn 1 0 0
vn 0 1 0
vn 0 -1 0
vn 0 0 -1
vn -1 0 0
vn 1 0 0
vn -1 0 0
vn 0 -1 0
vn 0 0 -1
vn 0 1 0
vn 1 0 0
vn -1 0 0
vn 0 1 0
vn 0 -1 0
vn 0 0 -1
vn 1 0 0
vn -1 0 0
vn 0 0 1
vn 0 0 -1
vn 1 0 0
vn 0 1 0
vn 0 -1 0
vn 0 0 1
vn 0 0 -1
vn -1 0 0
vn 0 1 0
vn 0 -1 0
vn 0 0 1
vn 0 0 -1
vn 0 1 0
vn 0 0 1
vn 0 -1 0
vn 0 0 -1
vn -1 0 0
vn 0 1 0
vn 0 -1 0
vn 0 0 1
vn 0 0 -1
vn 1 0 0
vn -1 0 0
vn 0 1 0
vn 0 -1 0
vn 0 0 1
vn 0 0 -1
vn 1 0 0
vn -1 0 0
vn 0 1 0
vn 0 -1 0
vn 0 1 0
vn 0 -1 0
vn 1 0 0
vn -1 0 0
vn 0 0 1
vn 0 0 -1
vn 0 -1 0
vn 1 0 0
vn -1 0 0
vn 0 1 0
vn 1 0 0
vn -1 0 0
vn 0 -1 0
vn -1 0 0
vn 0 -1 0
vn 1 0 0
vn 1 0 0
vn 0 -1 0
vn 0 0 1
vn 1 0 0
vn -1 0 0
vn 0 1 0
vn 0 -1 0
vn 0 0 -1
vn 0 -1 0
vn 0 0 -1
vn 0 1 0
vn 0 1 0
vn 0 0 1
vn 0 0 -1
vn -1 0 0
vn 0 1 0
vn 0 -1 0
vn 0 0 1
vn 0 1 0
vn 0 0 1
vn 0 -1 0
vn 0 1 0
vn -1 0 0
vn 0 -1 0
vn 0 -1 0
vn 0 1 0
vn 1 0 0
vn -1 0 0
vn 0 -1 0
vn 0 0 1
vn 0 0 -1
vn 1 0 0
vn -1 0 0
vn 0 -1 0
vn -1 0 0
vn 0 -1 0
vn 1 0 0
vn 1 0 0
vn -1 0 0
vn 1 0 0
vn 0 1 0
vn 0 -1 0
vn 0 0 1
vn 0 1 0
vn 0 -1 0
vn 1 0 0
vn 0 1 0
vn 0 -1 0
vn 1 0 0
vn 1 0 0
vn 0 0.71 -0.71
vn 0 -0.71 0.71
vn 0 0 1
vn 0 -1 0
vn 1 0 0
vn -1 0 0
vn 0 1 0
vn 0 -1 0
vn 0 0 1
vn 0 -1 0
vn 0 1 0
vn 0 0 1
vn 1 0 0
vn -1 0 0
vn 0 1 0
vn 0 0 1
vn 0 0 -1
vn 0 0 1
vn -1 0 0
vn 0 0 -1
vn 1 0 0
vn 0 0 1
vn 0 0 -1
vn 0 0 -1
vn 0 1 0
vn 0 0 1
vn -1 0 0
vn 0 -1 0
vn 0 0 1
vn 0 0 -1
vn 1 0 0
vn 0 -1 0
vn 0 0 -1
vn 0 0 1
vn -1 0 0
vn 0 0.71 -0.71
vn 0 -0.71 0.71
vn 1 0 0
vn -1 0 0
vn 0 1 0
vn 0 0 1
vn 0 0 -1
vn -1 0 0
vn 0 0 -1
vn 1 0 0
vn 0 0 1
vn 1 0 0
vn -1 0 0
vn 0 1 0
vn 0 0 1
vn 0 0 -1
vn -1 0 0
vn 0 0 -1
vn 1 0 0
vn 0 0 1
vn 1 0 0
vn 0 0.71 -0.71
vn 0 0 1
vn -1 0 0
vn 1 0 0
vn 0 0.71 -0.71
vn -1 0 0
vn 0 0.71 -0.71
vn 0 0.71 -0.71
vn 0 -0.71 0.71
vn 0 -0.71 0.71
vn 0 -1 0
vn 0 1 0
vn 1 0 0
vn -1 0 0
vn 0 1 0
vn 1 0 0
vn -1 0 0
vn 0 1 0
vn 1 0 0
vn -1 0 0
vn 0 1 0
vn 1 0 0
vn -1 0 0
vn 0 1 0
vn 1 0 0
vn -1 0 0
vn 0 1 0
vn 1 0 0
vn -1 0 0
vn 0 1 0
vn 0.89 0.45 0
vn 0 1 0
vn 0 0 -1
vn 0 1 0
vn 0.89 0.45 0
vn 1 0 0
vn 0 0 -1
vn 1 0 0
vn -1 0 0
vn 0 1 0
vn 0 -1 0
vn 0 0 1
vn 0 0 -1
usemtl weapon_cpds
f 412/1108/279 410/1109/279 409/1110/279
f 412/1108/279 409/1110/279 411/1111/279
f 409/1112/280 410/1113/280 414/1114/280
f 409/1112/280 414/1114/280 413/1115/280
f 411/1116/281 409/1117/281 413/1118/281
f 411/1116/281 413/1118/281 415/1119/281
f 416/1120/282 414/1121/282 410/1122/282
f 416/1120/282 410/1122/282 412/1123/282
f 421/1124/283 419/1125/283 418/1126/283
f 421/1124/283 418/1126/283 420/1127/283
f 424/1128/284 422/1129/284 423/1130/284
f 424/1128/284 423/1130/284 425/1131/284
f 425/1132/285 423/1133/285 419/1134/285
f 425/1132/285 419/1134/285 421/1135/285
f 429/1136/286 427/1137/286 426/1138/286
f 429/1136/286 426/1138/286 428/1139/286
f 432/1140/287 430/1141/287 431/1142/287
f 432/1140/287 431/1142/287 433/1143/287
f 426/1144/288 427/1145/288 431/1146/288
f 426/1144/288 431/1146/288 430/1147/288
f 433/1148/289 431/1149/289 427/1150/289
f 433/1148/289 427/1150/289 429/1151/289
f 437/1152/290 435/1153/290 434/1154/290
f 437/1152/290 434/1154/290 436/1155/290
f 440/1156/291 438/1157/291 439/1158/291
f 440/1156/291 439/1158/291 441/1159/291
f 441/1160/292 439/1161/292 435/1162/292
f 441/1160/292 435/1162/292 437/1163/292
f 442/1164/293 443/1165/293 427/1166/293
f 442/1164/293 427/1166/293 426/1167/293
f 445/1168/294 444/1169/294 446/1170/294
f 445/1168/294 446/1170/294 447/1171/294
f 444/1172/295 442/1173/295 426/1174/295
f 444/1172/295 426/1174/295 446/1175/295
f 447/1176/296 427/1177/296 443/1178/296
f 447/1176/296 443/1178/296 445/1179/296
f 438/1180/297 452/1181/297 453/1182/297
f 438/1180/297 453/1182/297 439/1183/297
f 448/1184/298 449/1185/298 453/1186/298
f 448/1184/298 453/1186/298 452/1187/298
f 451/1188/299 450/1189/299 438/1190/299
f 451/1188/299 438/1190/299 439/1191/299
f 439/1192/300 453/1193/300 449/1194/300
f 439/1192/300 449/1194/300 451/1195/300
f 458/1196/301 456/1197/301 457/1198/301
f 458/1196/301 457/1198/301 459/1199/301
f 455/1200/302 454/1201/302 458/1202/302
f 455/1200/302 458/1202/302 459/1203/302
f 466/1204/303 464/1205/303 465/1206/303
f 466/1204/303 465/1206/303 467/1207/303
f 460/1208/304 461/1209/304 465/1210/304
f 460/1208/304 465/1210/304 464/1211/304
f 463/1212/305 462/1213/305 466/1214/305
f 463/1212/305 466/1214/305 467/1215/305
f 467/1216/306 465/1217/306 461/1218/306
f 467/1216/306 461/1218/306 463/1219/306
f 474/1220/307 472/1221/307 473/1222/307
f 474/1220/307 473/1222/307 475/1223/307
f 468/1224/308 469/1225/308 473/1226/308
f 468/1224/308 473/1226/308 472/1227/308
f 471/1228/309 470/1229/309 474/1230/309
f 471/1228/309 474/1230/309 475/1231/309
f 475/1232/310 473/1233/310 469/1234/310
f 475/1232/310 469/1234/310 471/1235/310
f 476/1236/311 468/1237/311 479/1238/311
f 476/1236/311 479/1238/311 478/1239/311
f 470/1240/312 477/1241/312 480/1242/312
f 470/1240/312 480/1242/312 481/1243/312
f 477/1244/313 476/1245/313 478/1246/313
f 477/1244/313 478/1246/313 480/1247/313
f 481/1248/314 479/1249/314 468/1250/314
f 481/1248/314 468/1250/314 470/1251/314
f 487/1252/315 485/1253/315 486/1254/315
f 487/1252/315 486/1254/315 473/1255/315
f 484/1256/316 482/1257/316 485/1258/316
f 484/1256/316 485/1258/316 487/1259/316
f 473/1260/317 486/1261/317 483/1262/317
f 473/1260/317 483/1262/317 469/1263/317
f 491/1264/318 417/1265/318 467/1266/318
f 491/1264/318 467/1266/318 492/1267/318
f 488/1268/319 463/1269/319 467/1270/319
f 488/1268/319 467/1270/319 417/1271/319
f 489/1272/320 488/1273/320 417/1274/320
f 489/1272/320 417/1274/320 491/1275/320
f 492/1276/321 467/1277/321 463/1278/321
f 492/1276/321 463/1278/321 490/1279/321
f 497/1280/322 496/1281/322 459/1282/322
f 497/1280/322 459/1282/322 498/1283/322
f 493/1284/323 455/1285/323 459/1286/323
f 493/1284/323 459/1286/323 496/1287/323
f 494/1288/324 493/1289/324 496/1290/324
f 494/1288/324 496/1290/324 497/1291/324
f 498/1292/325 459/1293/325 455/1294/325
f 498/1292/325 455/1294/325 495/1295/325
f 503/1296/326 501/1297/326 502/1298/326
f 503/1296/326 502/1298/326 504/1299/326
f 499/1300/327 500/1301/327 502/1302/327
f 499/1300/327 502/1302/327 501/1303/327
f 497/1304/328 499/1305/328 501/1306/328
f 497/1304/328 501/1306/328 503/1307/328
f 504/1308/329 502/1309/329 500/1310/329
f 504/1308/329 500/1310/329 498/1311/329
f 509/1312/330 507/1313/330 508/1314/330
f 509/1312/330 508/1314/330 510/1315/330
f 505/1316/331 506/1317/331 508/1318/331
f 505/1316/331 508/1318/331 507/1319/331
f 491/1320/332 505/1321/332 507/1322/332
f 491/1320/332 507/1322/332 509/1323/332
f 510/1324/333 508/1325/333 506/1326/333
f 510/1324/333 506/1326/333 492/1327/333
f 514/1328/334 512/1329/334 511/1330/334
f 514/1328/334 511/1330/334 513/1331/334
f 510/1332/335 508/1333/335 515/1334/335
f 510/1332/335 515/1334/335 516/1335/335
f 511/1336/336 512/1337/336 515/1338/336
f 511/1336/336 515/1338/336 508/1339/336
f 520/1340/337 518/1341/337 517/1342/337
f 520/1340/337 517/1342/337 519/1343/337
f 504/1344/338 502/1345/338 521/1346/338
f 504/1344/338 521/1346/338 522/1347/338
f 517/1348/339 518/1349/339 521/1350/339
f 517/1348/339 521/1350/339 502/1351/339
f 522/1352/340 521/1353/340 518/1354/340
f 522/1352/340 518/1354/340 520/1355/340
f 523/1356/341 521/1357/341 526/1358/341
f 523/1356/341 526/1358/341 525/1359/341
f 524/1360/342 523/1361/342 525/1362/342
f 524/1360/342 525/1362/342 527/1363/342
f 528/1364/343 526/1365/343 521/1366/343
f 528/1364/343 521/1366/343 522/1367/343
f 532/1368/344 530/1369/344 529/1370/344
f 532/1368/344 529/1370/344 531/1371/344
f 535/1372/345 533/1373/345 534/1374/345
f 535/1372/345 534/1374/345 536/1375/345
f 529/1376/346 530/1377/346 534/1378/346
f 529/1376/346 534/1378/346 533/1379/346
f 532/1380/347 531/1381/347 535/1382/347
f 532/1380/347 535/1382/347 536/1383/347
f 536/1384/348 534/1385/348 530/1386/348
f 536/1384/348 530/1386/348 532/1387/348
f 540/1388/349 538/1389/349 537/1390/349
f 540/1388/349 537/1390/349 539/1391/349
f 543/1392/350 541/1393/350 542/1394/350
f 543/1392/350 542/1394/350 544/1395/350
f 537/1396/351 538/1397/351 542/1398/351
f 537/1396/351 542/1398/351 541/1399/351
f 540/1400/352 539/1401/352 543/1402/352
f 540/1400/352 543/1402/352 544/1403/352
f 544/1404/353 542/1405/353 538/1406/353
f 544/1404/353 538/1406/353 540/1407/353
f 549/1408/354 547/1409/354 546/1410/354
f 549/1408/354 546/1410/354 548/1411/354
f 552/1412/355 550/1413/355 551/1414/355
f 552/1412/355 551/1414/355 553/1415/355
f 546/1416/356 547/1417/356 551/1418/356
f 546/1416/356 551/1418/356 550/1419/356
f 549/1420/357 548/1421/357 552/1422/357
f 549/1420/357 552/1422/357 553/1423/357
f 553/1424/358 551/1425/358 547/1426/358
f 553/1424/358 547/1426/358 549/1427/358
f 557/1428/359 555/1429/359 554/1430/359
f 557/1428/359 554/1430/359 556/1431/359
f 559/1432/360 545/1433/360 558/1434/360
f 559/1432/360 558/1434/360 560/1435/360
f 554/1436/361 555/1437/361 558/1438/361
f 554/1436/361 558/1438/361 545/1439/361
f 557/1440/362 556/1441/362 559/1442/362
f 557/1440/362 559/1442/362 560/1443/362
f 560/1444/363 558/1445/363 555/1446/363
f 560/1444/363 555/1446/363 557/1447/363
f 564/1448/364 562/1449/364 561/1450/364
f 564/1448/364 561/1450/364 563/1451/364
f 567/1452/365 565/1453/365 566/1454/365
f 567/1452/365 566/1454/365 568/1455/365
f 561/1456/366 562/1457/366 566/1458/366
f 561/1456/366 566/1458/366 565/1459/366
f 564/1460/367 563/1461/367 567/1462/367
f 564/1460/367 567/1462/367 568/1463/367
f 568/1464/368 566/1465/368 562/1466/368
f 568/1464/368 562/1466/368 564/1467/368
f 572/1468/369 570/1469/369 569/1470/369
f 572/1468/369 569/1470/369 571/1471/369
f 575/1472/370 573/1473/370 574/1474/370
f 575/1472/370 574/1474/370 576/1475/370
f 569/1476/371 570/1477/371 574/1478/371
f 569/1476/371 574/1478/371 573/1479/371
f 572/1480/372 571/1481/372 575/1482/372
f 572/1480/372 575/1482/372 576/1483/372
f 576/1484/373 574/1485/373 570/1486/373
f 576/1484/373 570/1486/373 572/1487/373
f 580/1488/374 578/1489/374 577/1490/374
f 580/1488/374 577/1490/374 579/1491/374
f 583/1492/375 581/1493/375 582/1494/375
f 583/1492/375 582/1494/375 584/1495/375
f 577/1496/376 578/1497/376 582/1498/376
f 577/1496/376 582/1498/376 581/1499/376
f 580/1500/377 579/1501/377 583/1502/377
f 580/1500/377 583/1502/377 584/1503/377
f 584/1504/378 582/1505/378 578/1506/378
f 584/1504/378 578/1506/378 580/1507/378
f 587/1508/379 585/1509/379 547/1510/379
f 587/1508/379 547/1510/379 586/1511/379
f 590/1512/380 588/1513/380 589/1514/380
f 590/1512/380 589/1514/380 591/1515/380
f 547/1516/381 585/1517/381 589/1518/381
f 547/1516/381 589/1518/381 588/1519/381
f 587/1520/382 586/1521/382 590/1522/382
f 587/1520/382 590/1522/382 591/1523/382
f 591/1524/383 589/1525/383 585/1526/383
f 591/1524/383 585/1526/383 587/1527/383
f 594/1528/384 593/1529/384 592/1530/384
f 594/1528/384 592/1530/384 549/1531/384
f 592/1532/385 593/1533/385 596/1534/385
f 592/1532/385 596/1534/385 595/1535/385
f 594/1536/386 549/1537/386 597/1538/386
f 594/1536/386 597/1538/386 598/1539/386
f 598/1540/387 596/1541/387 593/1542/387
f 598/1540/387 593/1542/387 594/1543/387
f 597/1544/388 595/1545/388 596/1546/388
f 597/1544/388 596/1546/388 598/1547/388
f 408/1548/389 600/1549/389 599/1550/389
f 408/1548/389 599/1550/389 601/1551/389
f 603/1552/390 551/1553/390 602/1554/390
f 603/1552/390 602/1554/390 604/1555/390
f 408/1556/391 601/1557/391 603/1558/391
f 408/1556/391 603/1558/391 604/1559/391
f 604/1560/392 602/1561/392 600/1562/392
f 604/1560/392 600/1562/392 408/1563/392
f 599/1564/393 600/1565/393 602/1566/393
f 599/1564/393 602/1566/393 551/1567/393
f 608/1568/394 606/1569/394 605/1570/394
f 608/1568/394 605/1570/394 607/1571/394
f 553/1572/395 609/1573/395 610/1574/395
f 553/1572/395 610/1574/395 611/1575/395
f 605/1576/396 606/1577/396 610/1578/396
f 605/1576/396 610/1578/396 609/1579/396
f 608/1580/397 607/1581/397 553/1582/397
f 608/1580/397 553/1582/397 611/1583/397
f 611/1584/398 610/1585/398 606/1586/398
f 611/1584/398 606/1586/398 608/1587/398
f 616/1588/399 614/1589/399 613/1590/399
f 616/1588/399 613/1590/399 615/1591/399
f 619/1592/400 617/1593/400 618/1594/400
f 619/1592/400 618/1594/400 620/1595/400
f 615/1596/401 613/1597/401 617/1598/401
f 615/1596/401 617/1598/401 619/1599/401
f 620/1600/402 618/1601/402 614/1602/402
f 620/1600/402 614/1602/402 616/1603/402
f 624/1604/403 622/1605/403 621/1606/403
f 624/1604/403 621/1606/403 623/1607/403
f 621/1608/404 622/1609/404 626/1610/404
f 621/1608/404 626/1610/404 625/1611/404
f 624/1612/405 623/1613/405 627/1614/405
f 624/1612/405 627/1614/405 628/1615/405
f 623/1616/406 621/1617/406 625/1618/406
f 623/1616/406 625/1618/406 627/1619/406
f 628/1620/407 626/1621/407 622/1622/407
f 628/1620/407 622/1622/407 624/1623/407
usemtl common_steel
f 635/1624/408 633/1625/408 634/1626/408
f 635/1624/408 634/1626/408 636/1627/408
f 633/1628/409 638/1629/409 637/1630/409
f 633/1628/409 637/1630/409 634/1631/409
f 636/1632/410 640/1633/410 639/1634/410
f 636/1632/410 639/1634/410 635/1635/410
f 635/1636/411 639/1637/411 638/1638/411
f 635/1636/411 638/1638/411 633/1639/411
f 634/1640/412 637/1641/412 640/1642/412
f 634/1640/412 640/1642/412 636/1643/412
f 630/1644/413 637/1645/413 638/1646/413
f 630/1644/413 638/1646/413 629/1647/413
f 629/1648/414 638/1649/414 639/1650/414
f 629/1648/414 639/1650/414 631/1651/414
f 631/1652/415 639/1653/415 640/1654/415
f 631/1652/415 640/1654/415 632/1655/415
f 632/1656/416 640/1657/416 637/1658/416
f 632/1656/416 637/1658/416 630/1659/416
usemtl common_rough_steel
f 646/1660/417 644/1661/417 645/1662/417
f 646/1660/417 645/1662/417 647/1663/417
f 641/1664/418 642/1665/418 645/1666/418
f 641/1664/418 645/1666/418 644/1667/418
f 448/1668/419 643/1669/419 646/1670/419
f 448/1668/419 646/1670/419 647/1671/419
f 643/1672/420 641/1673/420 644/1674/420
f 643/1672/420 644/1674/420 646/1675/420
f 647/1676/421 645/1677/421 642/1678/421
f 647/1676/421 642/1678/421 448/1679/421
usemtl common_bottom
f 651/1680/422 649/1681/422 648/1682/422
f 651/1680/422 648/1682/422 650/1683/422
f 643/1684/423 641/1685/423 630/1686/423
f 643/1684/423 630/1686/423 632/1687/423
f 648/1688/424 649/1689/424 630/1690/424
f 648/1688/424 630/1690/424 641/1691/424
f 651/1692/425 650/1693/425 643/1694/425
f 651/1692/425 643/1694/425 632/1695/425
f 650/1696/426 648/1697/426 641/1698/426
f 650/1696/426 641/1698/426 643/1699/426
f 632/1700/427 630/1701/427 649/1702/427
f 632/1700/427 649/1702/427 651/1703/427
usemtl common_steel
f 653/1704/428 652/1705/428 649/1706/428
f 653/1704/428 649/1706/428 651/1707/428
f 656/1708/429 654/1709/429 655/1710/429
f 656/1708/429 655/1710/429 657/1711/429
f 654/1712/430 659/1713/430 658/1714/430
f 654/1712/430 658/1714/430 655/1715/430
f 657/1716/431 661/1717/431 660/1718/431
f 657/1716/431 660/1718/431 656/1719/431
f 652/1720/432 658/1721/432 659/1722/432
f 652/1720/432 659/1722/432 649/1723/432
f 651/1724/433 660/1725/433 661/1726/433
f 651/1724/433 661/1726/433 653/1727/433
usemtl weapon_cpds
f 665/1728/434 663/1729/434 662/1730/434
f 665/1728/434 662/1730/434 664/1731/434
f 668/1732/435 666/1733/435 667/1734/435
f 668/1732/435 667/1734/435 669/1735/435
f 664/1736/436 662/1737/436 666/1738/436
f 664/1736/436 666/1738/436 668/1739/436
f 669/1740/437 667/1741/437 663/1742/437
f 669/1740/437 663/1742/437 665/1743/437
f 665/1744/438 664/1745/438 668/1746/438
f 665/1744/438 668/1746/438 669/1747/438
usemtl common_steel
f 672/1748/439 653/1749/439 670/1750/439
f 672/1748/439 670/1750/439 671/1751/439
f 674/1752/440 448/1753/440 673/1754/440
f 674/1752/440 673/1754/440 675/1755/440
f 670/1756/441 653/1757/441 673/1758/441
f 670/1756/441 673/1758/441 448/1759/441
f 662/1760/442 683/1761/442 682/1762/442
f 662/1760/442 682/1762/442 664/1763/442
f 679/1764/443 681/1765/443 680/1766/443
f 679/1764/443 680/1766/443 677/1767/443
f 664/1768/444 682/1769/444 681/1770/444
f 664/1768/444 681/1770/444 679/1771/444
f 674/1772/445 680/1773/445 681/1774/445
f 674/1772/445 681/1774/445 678/1775/445
f 678/1776/446 681/1777/446 682/1778/446
f 678/1776/446 682/1778/446 676/1779/446
f 676/1780/447 682/1781/447 683/1782/447
f 676/1780/447 683/1782/447 671/1783/447
f 676/1784/448 685/1785/448 684/1786/448
f 676/1784/448 684/1786/448 686/1787/448
f 676/1788/449 686/1789/449 688/1790/449
f 676/1788/449 688/1790/449 678/1791/449
f 686/1792/450 684/1793/450 687/1794/450
f 686/1792/450 687/1794/450 688/1795/450
usemtl common_bottom
f 692/1796/451 690/1797/451 689/1798/451
f 692/1796/451 689/1798/451 691/1799/451
f 695/1800/452 693/1801/452 694/1802/452
f 695/1800/452 694/1802/452 696/1803/452
f 693/1804/453 700/1805/453 699/1806/453
f 693/1804/453 699/1806/453 694/1807/453
f 696/1808/454 698/1809/454 697/1810/454
f 696/1808/454 697/1810/454 695/1811/454
f 694/1812/455 699/1813/455 698/1814/455
f 694/1812/455 698/1814/455 696/1815/455
f 691/1816/456 697/1817/456 698/1818/456
f 691/1816/456 698/1818/456 692/1819/456
f 692/1820/457 698/1821/457 699/1822/457
f 692/1820/457 699/1822/457 690/1823/457
f 690/1824/458 699/1825/458 700/1826/458
f 690/1824/458 700/1826/458 689/1827/458
usemtl common_steel
f 701/1828/459 702/1829/459 704/1830/459
f 701/1828/459 704/1830/459 703/1831/459
f 668/1832/460 701/1833/460 703/1834/460
f 668/1832/460 703/1834/460 705/1835/460
f 706/1836/461 704/1837/461 702/1838/461
f 706/1836/461 702/1838/461 669/1839/461
usemtl common_rough_steel
f 712/1840/462 719/1841/462 718/1842/462
f 712/1840/462 718/1842/462 711/1843/462
f 711/1844/463 718/1845/463 717/1846/463
f 711/1844/463 717/1846/463 713/1847/463
f 716/1848/464 720/1849/464 719/1850/464
f 716/1848/464 719/1850/464 712/1851/464
f 647/1852/465 715/1853/465 714/1854/465
f 647/1852/465 714/1854/465 645/1855/465
f 713/1856/466 717/1857/466 612/1858/466
f 713/1856/466 612/1858/466 708/1859/466
f 707/1860/467 714/1861/467 715/1862/467
f 707/1860/467 715/1862/467 709/1863/467
f 710/1864/468 721/1865/468 720/1866/468
f 710/1864/468 720/1866/468 716/1867/468
f 714/1868/469 717/1869/469 718/1870/469
f 714/1868/469 718/1870/469 645/1871/469
f 645/1872/470 718/1873/470 719/1874/470
f 645/1872/470 719/1874/470 647/1875/470
f 647/1876/471 719/1877/471 720/1878/471
f 647/1876/471 720/1878/471 715/1879/471
f 715/1880/472 720/1881/472 721/1882/472
f 715/1880/472 721/1882/472 709/1883/472
f 707/1884/473 612/1885/473 717/1886/473
f 707/1884/473 717/1886/473 714/1887/473
usemtl weapon_cpds
f 706/1888/474 723/1889/474 722/1890/474
f 706/1888/474 722/1890/474 705/1891/474
f 726/1892/475 724/1893/475 725/1894/475
f 726/1892/475 725/1894/475 727/1895/475
f 706/1896/476 705/1897/476 726/1898/476
f 706/1896/476 726/1898/476 727/1899/476
f 705/1900/477 722/1901/477 724/1902/477
f 705/1900/477 724/1902/477 726/1903/477
f 727/1904/478 725/1905/478 723/1906/478
f 727/1904/478 723/1906/478 706/1907/478
usemtl common_steel
f 729/1908/479 737/1909/479 736/1910/479
f 729/1908/479 736/1910/479 731/1911/479
f 726/1912/480 735/1913/480 734/1914/480
f 726/1912/480 734/1914/480 724/1915/480
f 731/1916/481 736/1917/481 735/1918/481
f 731/1916/481 735/1918/481 726/1919/481
f 732/1920/482 734/1921/482 735/1922/482
f 732/1920/482 735/1922/482 733/1923/482
f 733/1924/483 735/1925/483 736/1926/483
f 733/1924/483 736/1926/483 730/1927/483
f 730/1928/484 736/1929/484 737/1930/484
f 730/1928/484 737/1930/484 728/1931/484
f 740/1932/485 739/1933/485 738/1934/485
f 740/1932/485 738/1934/485 728/1935/485
f 732/1936/486 647/1937/486 712/1938/486
f 732/1936/486 712/1938/486 741/1939/486
usemtl common_rough_steel
f 743/1940/487 634/1941/487 636/1942/487
f 743/1940/487 636/1942/487 745/1943/487
f 708/1944/488 612/1945/488 634/1946/488
f 708/1944/488 634/1946/488 743/1947/488
f 745/1948/489 636/1949/489 721/1950/489
f 745/1948/489 721/1950/489 710/1951/489
f 744/1952/490 742/1953/490 707/1954/490
f 744/1952/490 707/1954/490 709/1955/490
f 612/1956/491 747/1957/491 746/1958/491
f 612/1956/491 746/1958/491 634/1959/491
f 636/1960/492 749/1961/492 748/1962/492
f 636/1960/492 748/1962/492 721/1963/492
f 634/1964/493 746/1965/493 749/1966/493
f 634/1964/493 749/1966/493 636/1967/493
f 742/1968/494 746/1969/494 747/1970/494
f 742/1968/494 747/1970/494 707/1971/494
f 709/1972/495 748/1973/495 749/1974/495
f 709/1972/495 749/1974/495 744/1975/495
f 744/1976/496 749/1977/496 746/1978/496
f 744/1976/496 746/1978/496 742/1979/496
usemtl common_steel
f 723/1980/497 743/1981/497 745/1982/497
f 723/1980/497 745/1982/497 722/1983/497
f 708/1984/498 743/1985/498 723/1986/498
f 708/1984/498 723/1986/498 750/1987/498
f 722/1988/499 745/1989/499 710/1990/499
f 722/1988/499 710/1990/499 751/1991/499
f 745/1992/500 743/1993/500 708/1994/500
f 745/1992/500 708/1994/500 710/1995/500
f 750/1996/501 723/1997/501 722/1998/501
f 750/1996/501 722/1998/501 751/1999/501
usemtl common_bottom
f 691/2000/502 689/2001/502 678/2002/502
f 691/2000/502 678/2002/502 752/2003/502
f 753/2004/503 730/2005/503 693/2006/503
f 753/2004/503 693/2006/503 695/2007/503
f 730/2008/504 755/2009/504 700/2010/504
f 730/2008/504 700/2010/504 693/2011/504
f 695/2012/505 697/2013/505 754/2014/505
f 695/2012/505 754/2014/505 753/2015/505
f 753/2016/506 754/2017/506 755/2018/506
f 753/2016/506 755/2018/506 730/2019/506
f 752/2020/507 754/2021/507 697/2022/507
f 752/2020/507 697/2022/507 691/2023/507
f 689/2024/508 700/2025/508 755/2026/508
f 689/2024/508 755/2026/508 678/2027/508
f 678/2028/509 755/2029/509 754/2030/509
f 678/2028/509 754/2030/509 752/2031/509
usemtl common_steel
f 650/2032/510 758/2033/510 761/2034/510
f 650/2032/510 761/2034/510 670/2035/510
f 647/2036/511 760/2037/511 759/2038/511
f 647/2036/511 759/2038/511 646/2039/511
f 646/2040/512 767/2041/512 766/2042/512
f 646/2040/512 766/2042/512 647/2043/512
f 759/2044/513 762/2045/513 767/2046/513
f 759/2044/513 767/2046/513 646/2047/513
f 647/2048/514 766/2049/514 765/2050/514
f 647/2048/514 765/2050/514 760/2051/514
f 756/2052/515 763/2053/515 762/2054/515
f 756/2052/515 762/2054/515 759/2055/515
f 756/2056/516 759/2057/516 760/2058/516
f 756/2056/516 760/2058/516 757/2059/516
f 760/2060/517 765/2061/517 764/2062/517
f 760/2060/517 764/2062/517 757/2063/517
f 685/2064/518 761/2065/518 758/2066/518
f 685/2064/518 758/2066/518 684/2067/518
f 758/2068/519 762/2069/519 763/2070/519
f 758/2068/519 763/2070/519 684/2071/519
f 685/2072/520 764/2073/520 765/2074/520
f 685/2072/520 765/2074/520 761/2075/520
usemtl common_rough_steel
f 761/2076/521 765/2077/521 766/2078/521
f 761/2076/521 766/2078/521 670/2079/521
usemtl common_steel
f 670/2080/522 766/2081/522 767/2082/522
f 670/2080/522 767/2082/522 650/2083/522
usemtl common_rough_steel
f 650/2084/523 767/2085/523 762/2086/523
f 650/2084/523 762/2086/523 758/2087/523
usemtl common_steel
f 772/2088/524 756/2089/524 757/2090/524
f 772/2088/524 757/2090/524 733/2091/524
f 771/2092/525 770/2093/525 772/2094/525
f 771/2092/525 772/2094/525 733/2095/525
f 770/2096/526 768/2097/526 756/2098/526
f 770/2096/526 756/2098/526 772/2099/526
f 733/2100/527 757/2101/527 769/2102/527
f 733/2100/527 769/2102/527 771/2103/527
usemtl common_rough_steel
f 678/2104/528 773/2105/528 687/2106/528
f 678/2104/528 687/2106/528 688/2107/528
f 678/2108/529 688/2109/529 770/2110/529
f 678/2108/529 770/2110/529 771/2111/529
f 771/2112/530 769/2113/530 773/2114/530
f 771/2112/530 773/2114/530 678/2115/530
f 688/2116/531 687/2117/531 768/2118/531
f 688/2116/531 768/2118/531 770/2119/531
usemtl common_steel
f 657/2120/532 655/2121/532 667/2122/532
f 657/2120/532 667/2122/532 666/2123/532
f 655/2124/533 774/2125/533 775/2126/533
f 655/2124/533 775/2126/533 667/2127/533
f 777/2128/534 776/2129/534 657/2130/534
f 777/2128/534 657/2130/534 666/2131/534
usemtl weapon_cpds
f 778/2132/535 789/2133/535 788/2134/535
f 778/2132/535 788/2134/535 779/2135/535
f 783/2136/536 787/2137/536 786/2138/536
f 783/2136/536 786/2138/536 782/2139/536
f 778/2140/537 779/2141/537 783/2142/537
f 778/2140/537 783/2142/537 782/2143/537
f 782/2144/538 786/2145/538 789/2146/538
f 782/2144/538 789/2146/538 778/2147/538
f 779/2148/539 788/2149/539 787/2150/539
f 779/2148/539 787/2150/539 783/2151/539
f 784/2152/540 786/2153/540 787/2154/540
f 784/2152/540 787/2154/540 785/2155/540
f 785/2156/541 787/2157/541 788/2158/541
f 785/2156/541 788/2158/541 781/2159/541
f 781/2160/542 788/2161/542 789/2162/542
f 781/2160/542 789/2162/542 780/2163/542
f 780/2164/543 789/2165/543 786/2166/543
f 780/2164/543 786/2166/543 784/2167/543
f 790/2168/544 801/2169/544 800/2170/544
f 790/2168/544 800/2170/544 791/2171/544
f 795/2172/545 799/2173/545 798/2174/545
f 795/2172/545 798/2174/545 794/2175/545
f 790/2176/546 791/2177/546 795/2178/546
f 790/2176/546 795/2178/546 794/2179/546
f 794/2180/547 798/2181/547 801/2182/547
f 794/2180/547 801/2182/547 790/2183/547
f 791/2184/548 800/2185/548 799/2186/548
f 791/2184/548 799/2186/548 795/2187/548
f 796/2188/549 798/2189/549 799/2190/549
f 796/2188/549 799/2190/549 797/2191/549
f 797/2192/550 799/2193/550 800/2194/550
f 797/2192/550 800/2194/550 793/2195/550
f 793/2196/551 800/2197/551 801/2198/551
f 793/2196/551 801/2198/551 792/2199/551
f 792/2200/552 801/2201/552 798/2202/552
f 792/2200/552 798/2202/552 796/2203/552
f 652/2204/553 672/2205/553 663/2206/553
f 802/2207/554 652/2208/554 663/2209/554
f 802/2207/554 663/2209/554 803/2210/554
f 672/2211/555 652/2212/555 802/2213/555
f 672/2211/555 802/2213/555 675/2214/555
f 675/2215/556 802/2216/556 803/2217/556
f 804/2218/557 740/2219/557 805/2220/557
f 711/2221/558 804/2222/558 805/2223/558
f 711/2221/558 805/2223/558 725/2224/558
f 741/2225/559 711/2226/559 725/2227/559
f 805/2228/560 804/2229/560 708/2230/560
f 805/2228/560 708/2230/560 750/2231/560
f 775/2232/561 774/2233/561 802/2234/561
f 775/2232/561 802/2234/561 803/2235/561
f 751/2236/562 710/2237/562 739/2238/562
f 751/2236/562 739/2238/562 729/2239/562
f 677/2240/563 673/2241/563 776/2242/563
f 677/2240/563 776/2242/563 777/2243/563
f 809/2244/564 807/2245/564 806/2246/564
f 809/2244/564 806/2246/564 808/2247/564
f 810/2248/565 811/2249/565 813/2250/565
f 810/2248/565 813/2250/565 812/2251/565
usemtl weapon_cpds_interior
f 817/2252/566 815/2253/566 814/2254/566
f 817/2252/566 814/2254/566 816/2255/566
f 820/2256/567 818/2257/567 819/2258/567
f 820/2256/567 819/2258/567 821/2259/567
f 814/2260/568 815/2261/568 819/2262/568
f 814/2260/568 819/2262/568 818/2263/568
f 815/2264/569 823/2265/569 822/2266/569
f 815/2264/569 822/2266/569 814/2267/569
f 826/2268/570 824/2269/570 825/2270/570
f 826/2268/570 825/2270/570 827/2271/570
f 822/2272/571 823/2273/571 825/2274/571
f 822/2272/571 825/2274/571 824/2275/571
f 831/2276/572 829/2277/572 828/2278/572
f 831/2276/572 828/2278/572 830/2279/572
f 818/2280/573 832/2281/573 833/2282/573
f 818/2280/573 833/2282/573 819/2283/573
f 828/2284/574 829/2285/574 833/2286/574
f 828/2284/574 833/2286/574 832/2287/574
f 836/2288/575 835/2289/575 834/2290/575
f 836/2288/575 834/2290/575 421/2291/575
f 839/2292/576 837/2293/576 838/2294/576
f 839/2292/576 838/2294/576 840/2295/576
f 834/2296/577 835/2297/577 838/2298/577
f 834/2296/577 838/2298/577 837/2299/577
f 835/2300/578 842/2301/578 841/2302/578
f 835/2300/578 841/2302/578 834/2303/578
f 845/2304/579 843/2305/579 844/2306/579
f 845/2304/579 844/2306/579 846/2307/579
f 841/2308/580 842/2309/580 844/2310/580
f 841/2308/580 844/2310/580 843/2311/580
f 850/2312/581 848/2313/581 847/2314/581
f 850/2312/581 847/2314/581 849/2315/581
f 837/2316/582 851/2317/582 852/2318/582
f 837/2316/582 852/2318/582 838/2319/582
f 847/2320/583 848/2321/583 852/2322/583
f 847/2320/583 852/2322/583 851/2323/583
usemtl common_steel
f 854/2324/584 859/2325/584 861/2326/584
f 854/2324/584 861/2326/584 856/2327/584
f 857/2328/585 860/2329/585 859/2330/585
f 857/2328/585 859/2330/585 854/2331/585
f 858/2332/586 857/2333/586 854/2334/586
f 858/2332/586 854/2334/586 856/2335/586
f 853/2336/587 859/2337/587 860/2338/587
f 853/2336/587 860/2338/587 728/2339/587
f 855/2340/588 861/2341/588 859/2342/588
f 855/2340/588 859/2342/588 853/2343/588
usemtl common_rough_steel
f 862/2344/589 865/2345/589 861/2346/589
f 862/2344/589 861/2346/589 855/2347/589
f 864/2348/590 858/2349/590 856/2350/590
f 864/2348/590 856/2350/590 863/2351/590
f 856/2352/591 861/2353/591 865/2354/591
f 856/2352/591 865/2354/591 863/2355/591
usemtl weapon_cpds_interior
f 872/2356/592 870/2357/592 871/2358/592
f 872/2356/592 871/2358/592 873/2359/592
f 866/2360/593 867/2361/593 871/2362/593
f 866/2360/593 871/2362/593 870/2363/593
f 869/2364/594 868/2365/594 872/2366/594
f 869/2364/594 872/2366/594 873/2367/594
f 868/2368/595 866/2369/595 870/2370/595
f 868/2368/595 870/2370/595 872/2371/595
f 873/2372/596 871/2373/596 867/2374/596
f 873/2372/596 867/2374/596 869/2375/596