# Made by Pabilo8 with Blockbench
# Exported with IIToolkit Plugin
mtllib guided_missile_launcher.mtl


o coil
v 0.7956492288629186 -1.0554117161496708 2.25
v 0.7956492288629186 -1.0554117161496708 1.75
v 0.8609123249729445 -1.551134146836576 2.25
v 0.8609123249729445 -1.551134146836576 1.75
v 0.7336839250270555 -1.063569603163424 2.25
v 0.7336839250270555 -1.063569603163424 1.75
v 0.7989470211370813 -1.5592920338503293 2.25
v 0.7989470211370813 -1.5592920338503293 1.75
vt 0.125 0.4375
vt 0.125 0.5625
vt 0 0.5625
vt 0 0.4375
vt 0.125 0.5625
vt 0.125 0.4375
vt 0 0.4375
vt 0 0.5625
vt 0.015625 0.4375
vt 0.015625 0.5625
vt 0 0.5625
vt 0 0.4375
vt 0.125 0.4375
vt 0.125 0.5625
vt 0.109375 0.5625
vt 0.109375 0.4375
vt 0 0.4375
vt 0.125 0.4375
vt 0.125 0.453125
vt 0 0.453125
vt 0.015625 0.4375
vt 0.015625 0.5625
vt 0 0.5625
vt 0 0.4375
vn 0.9914448613738104 0.13052619222005157 0
vn -0.9914448613738104 -0.13052619222005157 0
vn -0.13052619222005157 0.9914448613738104 0
vn 0.13052619222005157 -0.9914448613738104 0
vn 0 0 1
vn 0 0 -1
usemtl weapon_guided_missile
f 4/1/1 2/2/1 1/3/1
f 4/1/1 1/3/1 3/4/1
f 7/5/2 5/6/2 6/7/2
f 7/5/2 6/7/2 8/8/2
f 1/9/3 2/10/3 6/11/3
f 1/9/3 6/11/3 5/12/3
f 4/13/4 3/14/4 7/15/4
f 4/13/4 7/15/4 8/16/4
f 3/17/5 1/18/5 5/19/5
f 3/17/5 5/19/5 7/20/5
f 8/21/6 6/22/6 2/23/6
f 8/21/6 2/23/6 4/24/6
o gun
v 1.25 -1.3125 1.9375
v 1.25 -1.3125 1.625
v 1.25 -1.375 1.9375
v 1.25 -1.375 1.625
v 1.1875 -1.3125 1.9375
v 1.1875 -1.3125 1.625
v 1.1875 -1.375 1.9375
v 1.1875 -1.375 1.625
v 0.9375 -1.3125 1.9375
v 0.9375 -1.3125 1.625
v 0.9375 -1.375 1.9375
v 0.9375 -1.375 1.625
v 0.875 -1.3125 1.9375
v 0.875 -1.3125 1.625
v 0.875 -1.375 1.9375
v 0.875 -1.375 1.625
v 0.875 -1.25 2.3125
v 0.875 -1.25 0.8125
v 0.875 -1.375 2.3125
v 0.875 -1.375 0.8125
v 0.8125 -1.25 2.3125
v 0.8125 -1.25 0.8125
v 0.8125 -1.375 2.3125
v 0.8125 -1.375 0.8125
v 1.3125 -1.25 2.3125
v 1.3125 -1.25 0.8125
v 1.3125 -1.375 2.3125
v 1.3125 -1.375 0.8125
v 1.25 -1.25 2.3125
v 1.25 -1.25 0.8125
v 1.25 -1.375 2.3125
v 1.25 -1.375 0.8125
v 1.3125 -1 2.0625
v 1.375 -1 1.9375
v 1.3125 -1.125 2.0625
v 1.375 -1.125 1.9375
v 1.25 -1 2.0625
v 1.25 -1 1.9375
v 1.25 -1.125 2.0625
v 1.25 -1.125 1.9375
v 1.3125 -1 1.8125
v 1.3125 -1.125 1.8125
v 1.375 -1 1.8125
v 1.375 -1.125 1.8125
v 1.375 -1.375 1.9375
v 1.375 -1.375 1.8125
v 1.3125 -1.125 1.9375
v 1.3125 -1.375 1.9375
v 1.3125 -1.375 1.8125
v 1.3125 -1.5 1.9375
v 1.3125 -1.5 1.8125
v 1.25 -1.5 1.9375
v 1.25 -1.5 1.8125
v 1.25 -1.375 1.8125
v 0.875 -1.375 2.0625
v 0.875 -1.5 2.0625
v 0.875 -1.375 1.75
v 0.875 -1.5 1.75
v 1.25 -1.375 2.0625
v 1.25 -1.5 2.0625
v 1.25 -1.375 1.75
v 1.25 -1.5 1.75
vt 0.078125 0.984375
vt 0.078125 1
vt 0 1
vt 0 0.984375
vt 0.015625 0.921875
vt 0.015625 1
vt 0 1
vt 0 0.921875
vt 0.015625 0.984375
vt 0.015625 1
vt 0 1
vt 0 0.984375
vt 0.015625 0.984375
vt 0.015625 1
vt 0 1
vt 0 0.984375
vt 0.078125 0.984375
vt 0.078125 1
vt 0 1
vt 0 0.984375
vt 0.015625 0.921875
vt 0.015625 1
vt 0 1
vt 0 0.921875
vt 0.015625 0.984375
vt 0.015625 1
vt 0 1
vt 0 0.984375
vt 0.015625 0.984375
vt 0.015625 1
vt 0 1
vt 0 0.984375
vt 0.28125 0.96875
vt 0.28125 1
vt 0.03125 1
vt 0.03125 0.96875
vt 0.28125 0.96875
vt 0.28125 1
vt 0.03125 1
vt 0.03125 0.96875
vt 0.015625 0.75
vt 0.015625 1
vt 0 1
vt 0 0.75
vt 0.03125 0.703125
vt 0.03125 0.953125
vt 0.015625 0.953125
vt 0.015625 0.703125
vt 0.015625 0.96875
vt 0.015625 1
vt 0 1
vt 0 0.96875
vt 0.015625 0.96875
vt 0.015625 1
vt 0 1
vt 0 0.96875
vt 0.28125 0.96875
vt 0.28125 1
vt 0.03125 1
vt 0.03125 0.96875
vt 0.28125 0.96875
vt 0.28125 1
vt 0.03125 1
vt 0.03125 0.96875
vt 0.015625 0.75
vt 0.015625 1
vt 0 1
vt 0 0.75
vt 0.03125 0.703125
vt 0.03125 0.953125
vt 0.015625 0.953125
vt 0.015625 0.703125
vt 0.015625 0.96875
vt 0.015625 1
vt 0 1
vt 0 0.96875
vt 0.015625 0.96875
vt 0.015625 1
vt 0 1
vt 0 0.96875
vt 0.6875 1
vt 0.5625 1
vt 0.5625 0.875
vt 0.6875 0.875
vt 0.75 0.125
vt 0.75 0
vt 0.875 0
vt 0.875 0.125
vt 0.75 0
vt 0.75 0.125
vt 0.875 0.125
vt 0.875 0
vt 0.6875 1
vt 0.5625 1
vt 0.5625 0.9375
vt 0.6875 0.9375
vt 0.6875 1
vt 0.5625 1
vt 0.5625 0.875
vt 0.6875 0.875
vt 0.75 0.125
vt 0.75 0
vt 0.875 0
vt 0.875 0.125
vt 0.75 0
vt 0.75 0.125
vt 0.875 0.125
vt 0.875 0
vt 0.6875 1
vt 0.5625 1
vt 0.5625 0.9375
vt 0.6875 0.9375
vt 0.875 0.125
vt 0.875 0
vt 0.75 0
vt 0.75 0.125
vt 0.5625 0.6875
vt 0.5625 0.9375
vt 0.6875 0.9375
vt 0.6875 0.6875
vt 0.6875 0.6875
vt 0.6875 0.9375
vt 0.5625 0.9375
vt 0.5625 0.6875
vt 0.6875 0.6875
vt 0.6875 0.9375
vt 0.625 0.9375
vt 0.625 0.6875
vt 0.6875 0.6875
vt 0.6875 0.9375
vt 0.625 0.9375
vt 0.625 0.6875
vt 0.6875 1
vt 0.5625 1
vt 0.5625 0.875
vt 0.6875 0.875
vt 0.75 0.125
vt 0.75 0
vt 0.875 0
vt 0.875 0.125
vt 0.75 0
vt 0.75 0.125
vt 0.875 0.125
vt 0.875 0
vt 0.6875 1
vt 0.5625 1
vt 0.5625 0.9375
vt 0.6875 0.9375
vt 0.0625 0.203125
vt 0.0625 0.28125
vt 0.03125 0.28125
vt 0.03125 0.203125
vt 0.046875 0.203125
vt 0.046875 0.28125
vt 0.015625 0.28125
vt 0.015625 0.203125
vt 0.125 0.28125
vt 0.125 0.3125
vt 0.03125 0.3125
vt 0.03125 0.28125
vt 0.125 0.28125
vt 0.125 0.3125
vt 0.03125 0.3125
vt 0.03125 0.28125
vt 0.09375 0.203125
vt 0.09375 0.28125
vt 0 0.28125
vt 0 0.203125
vt 0.09375 0.203125
vt 0.09375 0.28125
vt 0 0.28125
vt 0 0.203125
vn -1 0 0
vn 0 1 0
vn 0 0 1
vn 0 0 -1
vn 1 0 0
vn 0 1 0
vn 0 0 1
vn 0 0 -1
vn 1 0 0
vn -1 0 0
vn 0 1 0
vn 0 -1 0
vn 0 0 1
vn 0 0 -1
vn 1 0 0
vn -1 0 0
vn 0 1 0
vn 0 -1 0
vn 0 0 1
vn 0 0 -1
vn 0.8944271909999161 0 0.44721359549995804
vn 0 1 0
vn 0 -1 0
vn 0 0 1
vn -0.8944271909999161 0 -0.44721359549995804
vn 0 1 0
vn 0 -1 0
vn 0 0 -1
vn 1 0 0
vn 1 0 0
vn -1 0 0
vn 0 0 1
vn 0 0 -1
vn 0.8944271909999161 -0.44721359549995804 0
vn 0 0 1
vn 0 0 -1
vn 0 -1 0
vn -1 0 0
vn 1 0 0
vn 0 0 1
vn 0 0 -1
vn 0 1 0
vn 0 -1 0
usemtl common_steel
f 15/25/7 13/26/7 14/27/7
f 15/25/7 14/27/7 16/28/7
f 9/29/8 10/30/8 14/31/8
f 9/29/8 14/31/8 13/32/8
f 11/33/9 9/34/9 13/35/9
f 11/33/9 13/35/9 15/36/9
f 16/37/10 14/38/10 10/39/10
f 16/37/10 10/39/10 12/40/10
f 20/41/11 18/42/11 17/43/11
f 20/41/11 17/43/11 19/44/11
f 17/45/12 18/46/12 22/47/12
f 17/45/12 22/47/12 21/48/12
f 19/49/13 17/50/13 21/51/13
f 19/49/13 21/51/13 23/52/13
f 24/53/14 22/54/14 18/55/14
f 24/53/14 18/55/14 20/56/14
usemtl common_steel_norivets
f 28/57/15 26/58/15 25/59/15
f 28/57/15 25/59/15 27/60/15
f 31/61/16 29/62/16 30/63/16
f 31/61/16 30/63/16 32/64/16
f 25/65/17 26/66/17 30/67/17
f 25/65/17 30/67/17 29/68/17
f 28/69/18 27/70/18 31/71/18
f 28/69/18 31/71/18 32/72/18
f 27/73/19 25/74/19 29/75/19
f 27/73/19 29/75/19 31/76/19
f 32/77/20 30/78/20 26/79/20
f 32/77/20 26/79/20 28/80/20
f 36/81/21 34/82/21 33/83/21
f 36/81/21 33/83/21 35/84/21
f 39/85/22 37/86/22 38/87/22
f 39/85/22 38/87/22 40/88/22
f 33/89/23 34/90/23 38/91/23
f 33/89/23 38/91/23 37/92/23
f 36/93/24 35/94/24 39/95/24
f 36/93/24 39/95/24 40/96/24
f 35/97/25 33/98/25 37/99/25
f 35/97/25 37/99/25 39/100/25
f 40/101/26 38/102/26 34/103/26
f 40/101/26 34/103/26 36/104/26
usemtl common_copper_cable
f 44/105/27 42/106/27 41/107/27
f 44/105/27 41/107/27 43/108/27
f 41/109/28 42/110/28 46/111/28
f 41/109/28 46/111/28 45/112/28
f 44/113/29 43/114/29 47/115/29
f 44/113/29 47/115/29 48/116/29
f 43/117/30 41/118/30 45/119/30
f 43/117/30 45/119/30 47/120/30
f 48/121/31 46/122/31 49/123/31
f 48/121/31 49/123/31 50/124/31
f 49/125/32 46/126/32 42/127/32
f 49/125/32 42/127/32 51/128/32
f 48/129/33 50/130/33 52/131/33
f 48/129/33 52/131/33 44/132/33
f 50/133/34 49/134/34 51/135/34
f 50/133/34 51/135/34 52/136/34
f 42/137/35 44/138/35 52/139/35
f 42/137/35 52/139/35 51/140/35
f 54/141/36 52/142/36 44/143/36
f 54/141/36 44/143/36 53/144/36
f 56/145/37 55/146/37 50/147/37
f 56/145/37 50/147/37 57/148/37
f 53/149/38 44/150/38 55/151/38
f 53/149/38 55/151/38 56/152/38
f 57/153/39 50/154/39 52/155/39
f 57/153/39 52/155/39 54/156/39
f 54/157/40 53/158/40 58/159/40
f 54/157/40 58/159/40 59/160/40
f 58/161/41 53/162/41 11/163/41
f 58/161/41 11/163/41 60/164/41
f 54/165/42 59/166/42 61/167/42
f 54/165/42 61/167/42 62/168/42
f 59/169/43 58/170/43 60/171/43
f 59/169/43 60/171/43 61/172/43
usemtl weapon_guided_missile
f 66/173/44 64/174/44 63/175/44
f 66/173/44 63/175/44 65/176/44
f 69/177/45 67/178/45 68/179/45
f 69/177/45 68/179/45 70/180/45
f 63/181/46 64/182/46 68/183/46
f 63/181/46 68/183/46 67/184/46
f 66/185/47 65/186/47 69/187/47
f 66/185/47 69/187/47 70/188/47
f 65/189/48 63/190/48 67/191/48
f 65/189/48 67/191/48 69/192/48
f 70/193/49 68/194/49 64/195/49
f 70/193/49 64/195/49 66/196/49
o launcher
v 0.8125 -1.0625 1.5
v 0.8125 -1.0625 1.375
v 0.8125 -1.125 1.5625
v 0.8125 -1.125 1.3125
v 0.75 -1.0625 1.5
v 0.75 -1.0625 1.375
v 0.75 -1.125 1.5625
v 0.75 -1.125 1.3125
v 0.8125 -1.5 1.5625
v 0.8125 -1.5 1.3125
v 0.75 -1.5 1.5625
v 0.75 -1.5 1.3125
v 0.8125 -1.125 1.4375
v 0.8125 -1.5 1.4375
v 0.75 -1.5 1.4375
v 0.75 -1.125 1.4375
v 1.3125 -1.4375 1.5625
v 1.3125 -1.4375 1.3125
v 1.3125 -1.5 1.5625
v 1.3125 -1.5 1.3125
v 0.8125 -1.4375 1.5625
v 0.8125 -1.4375 1.3125
v 1.3125 -1.4375 1.4375
v 0.8125 -1.4375 1.4375
v 1.3125 -1.5 1.4375
v 1.375 -1.0625 1.5
v 1.375 -1.0625 1.375
v 1.375 -1.125 1.5625
v 1.375 -1.125 1.3125
v 1.3125 -1.0625 1.5
v 1.3125 -1.0625 1.375
v 1.3125 -1.125 1.5625
v 1.3125 -1.125 1.3125
v 1.375 -1.5 1.5625
v 1.375 -1.5 1.3125
v 1.375 -1.125 1.4375
v 1.375 -1.5 1.4375
v 1.3125 -1.125 1.4375
v 1.125 -1.5 1.5
v 1.125 -1.5 1.375
v 1.125 -1.875 1.5
v 1.125 -1.875 1.375
v 1 -1.5 1.5
v 1 -1.5 1.375
v 1 -1.875 1.5
v 1 -1.875 1.375
vt 0.828125 0.984375
vt 0.8125 1
vt 0.78125 1
vt 0.765625 0.984375
vt 0.828125 0.984375
vt 0.8125 1
vt 0.78125 1
vt 0.765625 0.984375
vt 0.765625 0.9375
vt 0.765625 0.96875
vt 0.75 0.96875
vt 0.75 0.9375
vt 0.765625 0.921875
vt 0.765625 0.984375
vt 0.75 0.984375
vt 0.75 0.921875
vt 0.765625 0.977903125
vt 0.765625 1
vt 0.75 1
vt 0.75 0.977903125
vt 0.765625 0.977903125
vt 0.765625 1
vt 0.75 1
vt 0.75 0.977903125
vt 0.75 0.25
vt 0.78125 0.25
vt 0.78125 0.34375
vt 0.75 0.34375
vt 1 0.34375
vt 0.96875 0.34375
vt 0.96875 0.25
vt 1 0.25
vt 0 1
vt 0 0.96875
vt 0.015625 0.96875
vt 0.015625 1
vt 0.015625 0.90625
vt 0.015625 1
vt 0 1
vt 0 0.90625
vt 0.015625 0.90625
vt 0.015625 1
vt 0 1
vt 0 0.90625
vt 1 0.34375
vt 0.96875 0.34375
vt 0.96875 0.25
vt 1 0.25
vt 0.015625 0.9375
vt 0.015625 0.96875
vt 0 0.96875
vt 0 0.9375
vt 0.75 0.25
vt 0.78125 0.25
vt 0.78125 0.34375
vt 0.75 0.34375
vt 0.75 0.859375
vt 0.78125 0.859375
vt 0.78125 0.984375
vt 0.75 0.984375
vt 0.921875 0.25
vt 0.921875 0.28125
vt 0.796875 0.28125
vt 0.796875 0.25
vt 0.125 0.984375
vt 0.125 1
vt 0 1
vt 0 0.984375
vt 0.125 0.984375
vt 0.125 1
vt 0 1
vt 0 0.984375
vt 1 0.984375
vt 0.96875 0.984375
vt 0.96875 0.859375
vt 1 0.859375
vt 0.8125 1
vt 0.8125 0.96875
vt 0.9375 0.96875
vt 0.9375 1
vt 0.828125 0.984375
vt 0.8125 1
vt 0.78125 1
vt 0.765625 0.984375
vt 0.828125 0.984375
vt 0.8125 1
vt 0.78125 1
vt 0.765625 0.984375
vt 0.765625 0.9375
vt 0.765625 0.96875
vt 0.75 0.96875
vt 0.75 0.9375
vt 0.765625 0.921875
vt 0.765625 0.984375
vt 0.75 0.984375
vt 0.75 0.921875
vt 0.765625 0.977903125
vt 0.765625 1
vt 0.75 1
vt 0.75 0.977903125
vt 0.765625 0.977903125
vt 0.765625 1
vt 0.75 1
vt 0.75 0.977903125
vt 0.75 0.25
vt 0.78125 0.25
vt 0.78125 0.34375
vt 0.75 0.34375
vt 1 0.34375
vt 0.96875 0.34375
vt 0.96875 0.25
vt 1 0.25
vt 0 1
vt 0 0.96875
vt 0.015625 0.96875
vt 0.015625 1
vt 0.015625 0.90625
vt 0.015625 1
vt 0 1
vt 0 0.90625
vt 0.015625 0.90625
vt 0.015625 1
vt 0 1
vt 0 0.90625
vt 1 0.34375
vt 0.96875 0.34375
vt 0.96875 0.25
vt 1 0.25
vt 0.015625 0.9375
vt 0.015625 0.96875
vt 0 0.96875
vt 0 0.9375
vt 0.75 0.25
vt 0.78125 0.25
vt 0.78125 0.34375
vt 0.75 0.34375
vt 0.75 0.671875
vt 0.75 0.765625
vt 0.78125 0.765625
vt 0.78125 0.671875
vt 0.75 0.671875
vt 0.75 0.765625
vt 0.78125 0.765625
vt 0.78125 0.671875
vt 0.78125 0.671875
vt 0.78125 0.765625
vt 0.75 0.765625
vt 0.75 0.671875
vt 0.78125 0.671875
vt 0.78125 0.765625
vt 0.75 0.765625
vt 0.75 0.671875
vn 1 0 0
vn -1 0 0
vn 0 1 0
vn 0 -1 0
vn 0 0.7071067811865476 0.7071067811865476
vn 0 0.7071067811865476 -0.7071067811865476
vn 1 0 0
vn -1 0 0
vn 0 -1 0
vn 0 0 1
vn 0 0 -1
vn 1 0 0
vn 0 -1 0
vn -1 0 0
vn 0 1 0
vn 0 -1 0
vn 0 0 1
vn 0 0 -1
vn 0 1 0
vn 0 -1 0
vn 1 0 0
vn -1 0 0
vn 0 1 0
vn 0 -1 0
vn 0 0.7071067811865476 0.7071067811865476
vn 0 0.7071067811865476 -0.7071067811865476
vn 1 0 0
vn -1 0 0
vn 0 -1 0
vn 0 0 1
vn 0 0 -1
vn 1 0 0
vn 0 -1 0
vn -1 0 0
vn 1 0 0
vn -1 0 0
vn 0 0 1
vn 0 0 -1
usemtl common_rough_steel
f 74/197/50 72/198/50 71/199/50
f 74/197/50 71/199/50 73/200/50
f 77/201/51 75/202/51 76/203/51
f 77/201/51 76/203/51 78/204/51
f 71/205/52 72/206/52 76/207/52
f 71/205/52 76/207/52 75/208/52
f 74/209/53 73/210/53 77/211/53
f 74/209/53 77/211/53 78/212/53
f 73/213/54 71/214/54 75/215/54
f 73/213/54 75/215/54 77/216/54
f 78/217/55 76/218/55 72/219/55
f 78/217/55 72/219/55 74/220/55
f 79/221/56 84/222/56 83/223/56
f 79/221/56 83/223/56 73/224/56
f 77/225/57 86/226/57 85/227/57
f 77/225/57 85/227/57 81/228/57
f 81/229/58 85/230/58 84/231/58
f 81/229/58 84/231/58 79/232/58
f 79/233/59 73/234/59 77/235/59
f 79/233/59 77/235/59 81/236/59
f 82/237/60 78/238/60 74/239/60
f 82/237/60 74/239/60 80/240/60
f 74/241/61 83/242/61 84/243/61
f 74/241/61 84/243/61 80/244/61
f 80/245/62 84/246/62 85/247/62
f 80/245/62 85/247/62 82/248/62
f 82/249/63 85/250/63 86/251/63
f 82/249/63 86/251/63 78/252/63
f 92/253/64 94/254/64 93/255/64
f 92/253/64 93/255/64 88/256/64
f 90/257/65 95/258/65 84/259/65
f 90/257/65 84/259/65 80/260/65
f 89/261/66 87/262/66 91/263/66
f 89/261/66 91/263/66 79/264/66
f 80/265/67 92/266/67 88/267/67
f 80/265/67 88/267/67 90/268/67
f 87/269/68 93/270/68 94/271/68
f 87/269/68 94/271/68 91/272/68
f 79/273/69 84/274/69 95/275/69
f 79/273/69 95/275/69 89/276/69
f 99/277/70 97/278/70 96/279/70
f 99/277/70 96/279/70 98/280/70
f 102/281/71 100/282/71 101/283/71
f 102/281/71 101/283/71 103/284/71
f 96/285/72 97/286/72 101/287/72
f 96/285/72 101/287/72 100/288/72
f 99/289/73 98/290/73 102/291/73
f 99/289/73 102/291/73 103/292/73
f 98/293/74 96/294/74 100/295/74
f 98/293/74 100/295/74 102/296/74
f 103/297/75 101/298/75 97/299/75
f 103/297/75 97/299/75 99/300/75
f 104/301/76 107/302/76 106/303/76
f 104/301/76 106/303/76 98/304/76
f 102/305/77 108/306/77 95/307/77
f 102/305/77 95/307/77 89/308/77
f 89/309/78 95/310/78 107/311/78
f 89/309/78 107/311/78 104/312/78
f 104/313/79 98/314/79 102/315/79
f 104/313/79 102/315/79 89/316/79
f 90/317/80 103/318/80 99/319/80
f 90/317/80 99/319/80 105/320/80
f 99/321/81 106/322/81 107/323/81
f 99/321/81 107/323/81 105/324/81
f 105/325/82 107/326/82 95/327/82
f 105/325/82 95/327/82 90/328/82
f 90/329/83 95/330/83 108/331/83
f 90/329/83 108/331/83 103/332/83
f 112/333/84 110/334/84 109/335/84
f 112/333/84 109/335/84 111/336/84
f 115/337/85 113/338/85 114/339/85
f 115/337/85 114/339/85 116/340/85
f 111/341/86 109/342/86 113/343/86
f 111/341/86 113/343/86 115/344/86
f 116/345/87 114/346/87 110/347/87
f 116/345/87 110/347/87 112/348/87
o launcher2
v 1.15625 -1.875 1.53125
v 1.15625 -1.875 1.34375
v 1.15625 -2.3125 1.53125
v 1.15625 -2.3125 1.34375
v 0.96875 -1.875 1.53125
v 0.96875 -1.875 1.34375
v 0.96875 -2.3125 1.53125
v 0.96875 -2.3125 1.34375
vt 0.75 0.859375
vt 0.75 0.96875
vt 0.796875 0.96875
vt 0.796875 0.859375
vt 0.75 0.96875
vt 0.75 0.859375
vt 0.796875 0.859375
vt 0.796875 0.96875
vt 0.75 0.921875
vt 0.75 0.96875
vt 0.796875 0.96875
vt 0.796875 0.921875
vt 0.796875 0.859375
vt 0.796875 0.96875
vt 0.75 0.96875
vt 0.75 0.859375
vt 0.796875 0.859375
vt 0.796875 0.96875
vt 0.75 0.96875
vt 0.75 0.859375
vn 1 0 0
vn -1 0 0
vn 0 1 0
vn 0 0 1
vn 0 0 -1
usemtl common_rough_steel
f 120/349/88 118/350/88 117/351/88
f 120/349/88 117/351/88 119/352/88
f 123/353/89 121/354/89 122/355/89
f 123/353/89 122/355/89 124/356/89
f 117/357/90 118/358/90 122/359/90
f 117/357/90 122/359/90 121/360/90
f 119/361/91 117/362/91 121/363/91
f 119/361/91 121/363/91 123/364/91
f 124/365/92 122/366/92 118/367/92
f 124/365/92 118/367/92 120/368/92
o launcher3
v 1.1875 -2.3125 1.5625
v 1.1875 -2.3125 1.3125
v 1.1875 -2.5625 1.5625
v 1.1875 -2.5625 1.3125
v 0.9375 -2.3125 1.5625
v 0.9375 -2.3125 1.3125
v 0.9375 -2.5625 1.5625
v 0.9375 -2.5625 1.3125
vt 0.75 0.859375
vt 0.75 0.921875
vt 0.8125 0.921875
vt 0.8125 0.859375
vt 0.75 0.859375
vt 0.75 0.921875
vt 0.8125 0.921875
vt 0.8125 0.859375
vt 0.8125 0.859375
vt 0.8125 0.921875
vt 0.75 0.921875
vt 0.75 0.859375
vt 0.8125 0.859375
vt 0.8125 0.921875
vt 0.75 0.921875
vt 0.75 0.859375
vt 0.8125 0.859375
vt 0.8125 0.921875
vt 0.75 0.921875
vt 0.75 0.859375
vn 1 0 0
vn -1 0 0
vn 0 1 0
vn 0 0 1
vn 0 0 -1
usemtl common_rough_steel
f 128/369/93 126/370/93 125/371/93
f 128/369/93 125/371/93 127/372/93
f 131/373/94 129/374/94 130/375/94
f 131/373/94 130/375/94 132/376/94
f 125/377/95 126/378/95 130/379/95
f 125/377/95 130/379/95 129/380/95
f 127/381/96 125/382/96 129/383/96
f 127/381/96 129/383/96 131/384/96
f 132/385/97 130/386/97 126/387/97
f 132/385/97 126/387/97 128/388/97
o turen
v 0.4375 -1.0625 1.625
v 0.4375 -1.0625 1.0625
v 0.4375 -1.4375 1.9375
v 0.4375 -1.4375 1.0625
v -0.375 -1.0625 1.625
v -0.375 -1.0625 1.0625
v -0.375 -1.4375 1.9375
v -0.375 -1.4375 1.0625
v 0 -1.0625 1.0625
v 0 -1.4375 1.0625
v 0 -1.4375 1.9375
v 0 -1.0625 1.625
v 0.4375 -1.0625 1.3125
v 0.4375 -1.4375 1.45138875
v 0 -1.4375 1.45138875
v -0.375 -1.4375 1.45138875
v -0.375 -1.0625 1.3125
v 0 -1.0625 1.3125
v 0.4375 -2.0625 1.9375
v 0.4375 -2.0625 1.0625
v -0.375 -2.0625 1.9375
v -0.375 -2.0625 1.0625
v 0.0625 -1.4375 1.9375
v 0.0625 -2.0625 1.9375
v 0.0625 -2.0625 1.0625
v 0.25 -2.0625 1.0625
v 0.25 -1.4375 1.0625
v 0.25 -1.75 1.0625
v 0.4375 -1.75 1.0625
v 0.4375 -1.75 1.9375
v 0.0625 -1.75 1.9375
v -0.375 -1.75 1.9375
v -0.375 -1.75 1.0625
v 0.3125 -1.75 1.0625
v 0.3125 -2.0625 1.0625
v 0.3125 -1.4375 1.0625
v 0.4375 -1.75 1.5
v 0.4375 -1.4375 1.5
v 0.4375 -2.0625 1.5
v 0.0625 -2.0625 1.5
v -0.375 -2.0625 1.5
v -0.375 -1.75 1.5
v -0.375 -1.4375 1.5
v 0.0625 -0.84375 1.03125
v 0.0625 -0.84375 0.96875
v 0.0625 -0.96875 1.03125
v 0.0625 -0.96875 0.96875
v -0.0625 -0.84375 1.03125
v -0.0625 -0.84375 0.96875
v -0.0625 -0.96875 1.03125
v -0.0625 -0.96875 0.96875
v 0.0625 -1 1.1875
v 0.0625 -1 1.0625
v 0.0625 -1.0625 1.1875
v 0.0625 -1.0625 1.0625
v -0.0625 -1 1.1875
v -0.0625 -1 1.0625
v -0.0625 -1.0625 1.1875
v -0.0625 -1.0625 1.0625
v 0.0625 -1 1.625
v 0.0625 -1 1.5
v 0.0625 -1.0625 1.625
v 0.0625 -1.0625 1.5
v -0.0625 -1 1.625
v -0.0625 -1 1.5
v -0.0625 -1.0625 1.625
v -0.0625 -1.0625 1.5
v 0.09375 -0.8125 1.6875
v 0.09375 -0.8125 1
v 0.09375 -1 1.6875
v 0.09375 -1 1
v -0.09375 -0.8125 1.6875
v -0.09375 -0.8125 1
v -0.09375 -1 1.6875
v -0.09375 -1 1
v -0.15625 -0.8125 1.5625
v -0.15625 -0.8125 1.375
v -0.15625 -1 1.5625
v -0.15625 -1 1.375
v -0.34375 -0.875 1.5625
v -0.34375 -0.875 1.375
v -0.34375 -1 1.5625
v -0.34375 -1 1.375
v -0.09375 -1 1.5625
v -0.09375 -1 1.375
v -0.09375 -0.8125 1.5625
v -0.09375 -0.8125 1.375
v -0.15625 -1.0625 1.5625
v -0.15625 -1.0625 1.375
v -0.34375 -1.0625 1.5625
v -0.34375 -1.0625 1.375
v 0.25 -1.0625 0.6875
v 0.1875 -1.0625 0.4375
v 0.25 -1.5625 0.6875
v 0.1875 -1.5625 0.4375
v -0.375 -1.0625 0.6875
v -0.25 -1.0625 0.4375
v -0.375 -1.5625 0.6875
v -0.25 -1.5625 0.4375
v -0.375 -1.3125 0.6875
v -0.25 -1.3125 0.4375
v 0.1875 -1.3125 0.4375
v 0.25 -1.3125 0.6875
v -0.0625 -1.3125 0.4375
v -0.0625 -1.0625 0.4375
v -0.107143125 -1.0625 0.6875
v -0.107143125 -1.5625 0.6875
v -0.0625 -1.5625 0.4375
v -0.107143125 -1.3125 0.6875
v 0.1875 -1.125 0.4375
v 0.1875 -1.125 0.3125
v 0.1875 -1.5 0.4375
v 0.1875 -1.5 0.3125
v -0.1875 -1.125 0.4375
v -0.1875 -1.125 0.3125
v -0.1875 -1.5 0.4375
v -0.1875 -1.5 0.3125
v 0.1875 -1.625 1.0625
v 0.1875 -1.625 0.875
v 0.1875 -1.9375 0.875
v 0 -1.625 1.0625
v 0 -1.625 0.875
v 0 -1.9375 1.0625
v 0 -1.9375 0.875
v -0.0625 -1.625 1
v -0.0625 -1.625 0.8125
v -0.0625 -1.9375 1
v -0.0625 -1.9375 0.8125
v -0.25 -1.625 1
v -0.25 -1.625 0.8125
v -0.25 -1.9375 1
v -0.25 -1.9375 0.8125
v 0.25 -1.9375 0.6875
v 0.1875 -1.5625 1.059375
v 0.1875 -1.9375 1.059375
v -0.3125 -1.5625 1.059375
v -0.3125 -1.9375 1.059375
v 0.25 -1.5625 1.0625
v 0.25 -1.9375 1.0625
v 0.1875 -1.5625 0.6875
v 0.1875 -1.9375 0.6875
v 0.25 -2.0625 0.6875
v -0.375 -1.9375 1.0625
v -0.375 -1.9375 0.6875
v -0.375 -2.0625 0.6875
v -0.0625 -1.9375 0.6875
v -0.0625 -2.0625 0.6875
v -0.0625 -2.0625 1.0625
v -0.0625 -1.9375 1.0625
v -0.3125 -1.5625 0.6875
v -0.3125 -1.9375 0.6875
v -0.375 -1.5625 1.0625
v 0.25 -1.3125 1.0625
v -0.375 -1.3125 1.0625
v 0.25 -1.3125 0.875
v -0.375 -1.3125 0.875
v -0.375 -1.5625 0.875
v 0.25 -1.5625 0.875
v -0.0625 -1.3125 0.875
v -0.0625 -1.3125 1.0625
v -0.0625 -1.5625 1.0625
v -0.0625 -1.5625 0.875
v -0.0625 -1.5625 0.6875
v -0.0625 -1.3125 0.6875
v -0.3125 -1.0625 1.0625
v -0.3125 -1.0625 0.6875
v -0.3125 -1.3125 1.0625
v -0.3125 -1.3125 0.6875
v 0.1875 -1.09375 0.6875
v 0.1875 -1.09375 1.0625
v -0.3125 -1.09375 0.6875
v -0.3125 -1.09375 1.0625
v 0.25 -1.0625 1.0625
v 0.1875 -1.0625 1.0625
v 0.1875 -1.0625 0.6875
v 0.1875 -1.3125 1.0625
v 0.1875 -1.3125 0.6875
v -0.09375 -1.1875 1.03125
v -0.09375 -1.1875 0.71875
v -0.09375 -1.25 1.03125
v -0.09375 -1.25 0.71875
v -0.28125 -1.1875 1.03125
v -0.28125 -1.1875 0.71875
v -0.28125 -1.25 1.03125
v -0.28125 -1.25 0.71875
v 0.15625 -1.1875 1.03125
v 0.15625 -1.1875 0.71875
v 0.15625 -1.25 1.03125
v 0.15625 -1.25 0.71875
v -0.03125 -1.1875 1.03125
v -0.03125 -1.1875 0.71875
v -0.03125 -1.25 1.03125
v -0.03125 -1.25 0.71875
v 0.1875 -1.25 1.0625
v 0.1875 -1.25 0.6875
v -0.3125 -1.25 1.0625
v -0.3125 -1.25 0.6875
vt 0.3125 0.1875
vt 0.1909721875 0.1875
vt 0.15625 0.28125
vt 0.234375 0.28125
vt 0.234375 0.28125
vt 0.15625 0.28125
vt 0.1909721875 0.1875
vt 0.3125 0.1875
vt 0.140625 0.25
vt 0.0625 0.25
vt 0.0625 0.140625
vt 0.140625 0.140625
vt 0.09375 1
vt 0.09375 0.8784721875
vt 0.203125 0.8784721875
vt 0.203125 1
vt 0.265625 0.25
vt 0.265625 0.140625
vt 0.390625 0.140625
vt 0.390625 0.25
vt 0 0.90625
vt 0.109375 0.90625
vt 0.109375 1
vt 0 1
vt 0.75 1
vt 0.65625 1
vt 0.65625 0.90625
vt 0.75 0.90625
vt 0 1
vt 0 0.8784721875
vt 0.09375 0.8784721875
vt 0.09375 1
vt 0.390625 0
vt 0.390625 0.09375
vt 0.265625 0.09375
vt 0.265625 0
vt 0.140625 0.09375
vt 0.0625 0.09375
vt 0.0625 0
vt 0.140625 0
vt 0 1
vt 0.0625 1
vt 0.0972221875 0.90625
vt 0 0.90625
vt 0.203125 0.78125
vt 0.203125 0.8784721875
vt 0.09375 0.8784721875
vt 0.09375 0.78125
vt 0.09375 0.78125
vt 0.09375 0.8784721875
vt 0 0.8784721875
vt 0 0.78125
vt 0.09375 0.1875
vt 0.1909721875 0.1875
vt 0.15625 0.28125
vt 0.09375 0.28125
vt 0 0
vt 0.0625 0
vt 0.0625 0.09375
vt 0 0.09375
vt 0 0.140625
vt 0.0625 0.140625
vt 0.0625 0.25
vt 0 0.25
vt 0.5 0.15625
vt 0.390625 0.15625
vt 0.390625 0.078125
vt 0.5 0.078125
vt 0.28125 0.078125
vt 0.390625 0.078125
vt 0.390625 0.15625
vt 0.28125 0.15625
vt 0.109375 0.78125
vt 0.109375 0.890625
vt 0 0.890625
vt 0 0.78125
vt 0.5 0.15625
vt 0.5 0.078125
vt 0.609375 0.078125
vt 0.609375 0.15625
vt 0.65625 0.15625
vt 0.65625 0.078125
vt 0.75 0.078125
vt 0.75 0.15625
vt 0.75 0.78125
vt 0.75 0.890625
vt 0.65625 0.890625
vt 0.65625 0.78125
vt 0.046875 1
vt 0.046875 0.921875
vt 0.203125 0.921875
vt 0.203125 1
vt 0 0.828125
vt 0.03125 0.828125
vt 0.03125 0.90625
vt 0 0.90625
vt 0 0.25
vt 0.03125 0.25
vt 0.03125 0.328125
vt 0 0.328125
vt 0.5 0.078125
vt 0.390625 0.078125
vt 0.390625 0
vt 0.5 0
vt 0.75 0
vt 0.75 0.078125
vt 0.65625 0.078125
vt 0.65625 0
vt 0.609375 0
vt 0.609375 0.078125
vt 0.5 0.078125
vt 0.5 0
vt 0.28125 0
vt 0.390625 0
vt 0.390625 0.078125
vt 0.28125 0.078125
vt 0.203125 0.84375
vt 0.203125 0.921875
vt 0.046875 0.921875
vt 0.046875 0.84375
vt 0.9375 0.328125
vt 0.921875 0.328125
vt 0.921875 0.25
vt 0.9375 0.25
vt 0.9375 0.90625
vt 0.921875 0.90625
vt 0.921875 0.828125
vt 0.9375 0.828125
vt 0 0.078125
vt 0.109375 0.078125
vt 0.109375 0.15625
vt 0 0.15625
vt 0 0
vt 0.109375 0
vt 0.109375 0.078125
vt 0 0.078125
vt 0.65625 1
vt 0.65625 0.890625
vt 0.75 0.890625
vt 0.75 1
vt 0 1
vt 0 0.890625
vt 0.109375 0.890625
vt 0.109375 1
vt 0.5 0.078125
vt 0.390625 0.078125
vt 0.390625 0
vt 0.5 0
vt 0.5 0.15625
vt 0.390625 0.15625
vt 0.390625 0.078125
vt 0.5 0.078125
vt 0.015625 0.28125
vt 0.015625 0.3125
vt 0 0.3125
vt 0 0.28125
vt 0.03125 0.28125
vt 0.03125 0.3125
vt 0.015625 0.3125
vt 0.015625 0.28125
vt 0 0.296875
vt 0 0.3125
vt 0.03125 0.3125
vt 0.03125 0.296875
vt 0 0.28125
vt 0 0.296875
vt 0.03125 0.296875
vt 0.03125 0.28125
vt 0.03125 0.28125
vt 0.03125 0.3125
vt 0 0.3125
vt 0 0.28125
vt 0 0.671875
vt 0 0.6875
vt 0.03125 0.6875
vt 0.03125 0.671875
vt 0 0.671875
vt 0 0.6875
vt 0.03125 0.6875
vt 0.03125 0.671875
vt 0.03125 0.671875
vt 0.03125 0.6875
vt 0 0.6875
vt 0 0.671875
vt 0.03125 0.671875
vt 0.03125 0.6875
vt 0 0.6875
vt 0 0.671875
vt 0 0.671875
vt 0 0.6875
vt 0.03125 0.6875
vt 0.03125 0.671875
vt 0 0.671875
vt 0 0.6875
vt 0.03125 0.6875
vt 0.03125 0.671875
vt 0.03125 0.671875
vt 0.03125 0.6875
vt 0 0.6875
vt 0 0.671875
vt 0.03125 0.671875
vt 0.03125 0.6875
vt 0 0.6875
vt 0 0.671875
vt 0 0.5625
vt 0.046875 0.5625
vt 0.046875 0.734375
vt 0 0.734375
vt 0.046875 0.734375
vt 0 0.734375
vt 0 0.5625
vt 0.046875 0.5625
vt 0.046875 0.5625
vt 0.046875 0.734375
vt 0 0.734375
vt 0 0.5625
vt 0 0.5625
vt 0 0.734375
vt 0.046875 0.734375
vt 0.046875 0.5625
vt 0.09375 0.6875
vt 0.09375 0.734375
vt 0.046875 0.734375
vt 0.046875 0.6875
vt 0.046875 0.6875
vt 0.046875 0.734375
vt 0.09375 0.734375
vt 0.09375 0.6875
vt 0.5 0.875
vt 0.5 1
vt 0.3125 1
vt 0.3125 0.875
vt 0.5 1
vt 0.3125 1
vt 0.3125 0.8125
vt 0.5 0.8125
vt 1 0.125
vt 1 0.3125
vt 0.8125 0.3125
vt 0.8125 0.125
vt 0.8125 0.125
vt 0.8125 0.3125
vt 1 0.3125
vt 1 0.125
vt 0.5 0.9375
vt 0.5 1
vt 0.3125 1
vt 0.3125 0.9375
vt 0.5 0.9375
vt 0.5 1
vt 0.3125 1
vt 0.3125 0.9375
vt 0.5 0.9375
vt 0.5 1
vt 0.3125 1
vt 0.3125 0.9375
vt 0.5 0.9375
vt 0.5 1
vt 0.3125 1
vt 0.3125 0.9375
vt 0.5 0.9375
vt 0.5 1
vt 0.3125 1
vt 0.3125 0.9375
vt 0.5 0.9375
vt 0.5 1
vt 0.3125 1
vt 0.3125 0.9375
vt 0.5 0.9375
vt 0.5 1
vt 0.3125 1
vt 0.3125 0.9375
vt 0.5 0.9375
vt 0.5 1
vt 0.3125 1
vt 0.3125 0.9375
vt 0.935575 1
vt 0.935575 0.9375
vt 1 0.9375
vt 1 1
vt 0.75 1
vt 0.75 0.9375
vt 0.8125 0.9375
vt 0.8125 1
vt 0 0.9375
vt 0.06696421875 0.9375
vt 0.078125 1
vt 0 1
vt 0 0.25
vt 0.078125 0.25
vt 0.06696421875 0.3125
vt 0 0.3125
vt 1 1
vt 0.953125 1
vt 0.953125 0.9375
vt 1 0.9375
vt 0.0625 0.25
vt 0.0625 0.3125
vt 0 0.3125
vt 0 0.25
vt 1 0.3125
vt 0.953125 0.3125
vt 0.953125 0.25
vt 1 0.25
vt 0.751925 0.25
vt 0.751925 0.3125
vt 0.6875 0.3125
vt 0.6875 0.25
vt 0.734375 0.9375
vt 0.796875 0.9375
vt 0.796875 1
vt 0.734375 1
vt 0.75 1
vt 0.671875 1
vt 0.66071421875 0.9375
vt 0.75 0.9375
vt 0.75 0.3125
vt 0.66071421875 0.3125
vt 0.671875 0.25
vt 0.75 0.25
vt 0.734375 0.25
vt 0.796875 0.25
vt 0.796875 0.3125
vt 0.734375 0.3125
vt 0 0.9375
vt 0.06696421875 0.9375
vt 0.06696421875 1
vt 0 1
vt 0.75 1
vt 0.66071421875 1
vt 0.66071421875 0.9375
vt 0.75 0.9375
vt 0.203125 1
vt 0.109375 1
vt 0.109375 0.96875
vt 0.203125 0.96875
vt 0.109375 0.96875
vt 0.203125 0.96875
vt 0.203125 1
vt 0.109375 1
vt 0.203125 0.96875
vt 0.203125 1
vt 0.109375 1
vt 0.109375 0.96875
vt 0.109375 1
vt 0.109375 0.96875
vt 0.203125 0.96875
vt 0.203125 1
vt 0.09375 0.90625
vt 0.09375 1
vt 0 1
vt 0 0.90625
vt 0.109375 0.96875
vt 0.109375 0.890625
vt 0.15625 0.890625
vt 0.15625 0.96875
vt 0.203125 0.921875
vt 0.203125 0.96875
vt 0.15625 0.96875
vt 0.15625 0.921875
vt 0.15625 0.890625
vt 0.15625 0.96875
vt 0.109375 0.96875
vt 0.109375 0.890625
vt 0.109375 0.890625
vt 0.109375 0.96875
vt 0.15625 0.96875
vt 0.15625 0.890625
vt 0.109375 0.96875
vt 0.109375 0.890625
vt 0.15625 0.890625
vt 0.15625 0.96875
vt 0.203125 0.921875
vt 0.203125 0.96875
vt 0.15625 0.96875
vt 0.15625 0.921875
vt 0.15625 0.890625
vt 0.15625 0.96875
vt 0.109375 0.96875
vt 0.109375 0.890625
vt 0.15625 0.890625
vt 0.15625 0.96875
vt 0.109375 0.96875
vt 0.109375 0.890625
vt 0.125 0.796875
vt 0.125 0.890625
vt 0 0.890625
vt 0 0.796875
vt 0 0.03125
vt 0 0.125
vt 0.09375 0.125
vt 0.09375 0.03125
vt 0.09375 0.796875
vt 0.09375 0.890625
vt 0 0.890625
vt 0 0.796875
vt 0.015625 0.90625
vt 0.015625 1
vt 0 1
vt 0 0.90625
vt 0 1
vt 0 0.96875
vt 0.09375 0.96875
vt 0.09375 1
vt 0.09375 0
vt 0.09375 0.03125
vt 0 0.03125
vt 0 0
vt 0.125 0.890625
vt 0.046875 0.890625
vt 0.046875 0.796875
vt 0.125 0.796875
vt 0.5 0.09375
vt 0.421875 0.09375
vt 0.421875 0
vt 0.5 0
vt 0 1
vt 0.078125 1
vt 0.078125 0.96875
vt 0 0.96875
vt 0.75 0.96875
vt 0.671875 0.96875
vt 0.671875 1
vt 0.75 1
vt 0 0
vt 0.078125 0
vt 0.078125 0.09375
vt 0 0.09375
vt 0 0.796875
vt 0.078125 0.796875
vt 0.078125 0.890625
vt 0 0.890625
vt 0 0.734375
vt 0 0.828125
vt 0.09375 0.828125
vt 0.09375 0.734375
vt 0.09375 0.03125
vt 0.09375 0.125
vt 0 0.125
vt 0 0.03125
vt 0.015625 0.90625
vt 0.015625 1
vt 0 1
vt 0 0.90625
vt 0.21875 0.640625
vt 0.21875 0.734375
vt 0.09375 0.734375
vt 0.09375 0.640625
vt 0.265625 0.90625
vt 0.21875 0.90625
vt 0.21875 0.84375
vt 0.265625 0.84375
vt 0.171875 0.84375
vt 0.21875 0.84375
vt 0.21875 0.90625
vt 0.171875 0.90625
vt 0 0.953125
vt 0.078125 0.953125
vt 0.078125 1
vt 0 1
vt 0 0.25
vt 0.078125 0.25
vt 0.078125 0.296875
vt 0 0.296875
vt 0 0.25
vt 0.078125 0.25
vt 0.078125 0.296875
vt 0 0.296875
vt 0.265625 0.90625
vt 0.21875 0.90625
vt 0.21875 0.84375
vt 0.265625 0.84375
vt 0 0.953125
vt 0.078125 0.953125
vt 0.078125 1
vt 0 1
vt 0.171875 0.84375
vt 0.21875 0.84375
vt 0.21875 0.90625
vt 0.171875 0.90625
vt 0.75 0.296875
vt 0.671875 0.296875
vt 0.671875 0.25
vt 0.75 0.25
vt 0.75 1
vt 0.671875 1
vt 0.671875 0.953125
vt 0.75 0.953125
vt 0.75 0.296875
vt 0.671875 0.296875
vt 0.671875 0.25
vt 0.75 0.25
vt 0.75 1
vt 0.671875 1
vt 0.671875 0.953125
vt 0.75 0.953125
vt 0.15625 0.9375
vt 0.15625 1
vt 0.0625 1
vt 0.0625 0.9375
vt 0.15625 0.9375
vt 0.15625 1
vt 0.0625 1
vt 0.0625 0.9375
vt 0.015625 0.90625
vt 0.015625 1
vt 0 1
vt 0 0.90625
vt 0.21875 0.640625
vt 0.21875 0.734375
vt 0.09375 0.734375
vt 0.09375 0.640625
vt 0.15625 0.9375
vt 0.15625 1
vt 0.0625 1
vt 0.0625 0.9375
vt 0.15625 0.9375
vt 0.15625 1
vt 0.0625 1
vt 0.0625 0.9375
vt 0.015625 0.90625
vt 0.015625 1
vt 0 1
vt 0 0.90625
vt 0.109375 0.4375
vt 0.09375 0.4375
vt 0.09375 0.359375
vt 0.109375 0.359375
vt 0.140625 0.4375
vt 0.125 0.4375
vt 0.125 0.359375
vt 0.140625 0.359375
vt 0.140625 0.359375
vt 0.140625 0.4375
vt 0.09375 0.4375
vt 0.09375 0.359375
vt 0.140625 0.421875
vt 0.140625 0.4375
vt 0.09375 0.4375
vt 0.09375 0.421875
vt 0.140625 0.421875
vt 0.140625 0.4375
vt 0.09375 0.4375
vt 0.09375 0.421875
vt 0.109375 0.4375
vt 0.09375 0.4375
vt 0.09375 0.359375
vt 0.109375 0.359375
vt 0.140625 0.4375
vt 0.125 0.4375
vt 0.125 0.359375
vt 0.140625 0.359375
vt 0.140625 0.359375
vt 0.140625 0.4375
vt 0.09375 0.4375
vt 0.09375 0.359375
vt 0.140625 0.421875
vt 0.140625 0.4375
vt 0.09375 0.4375
vt 0.09375 0.421875
vt 0.140625 0.421875
vt 0.140625 0.4375
vt 0.09375 0.4375
vt 0.09375 0.421875
vt 0.09375 0.4375
vt 0 0.4375
vt 0 0.3125
vt 0.09375 0.3125
vn 1 0 0
vn -1 0 0
vn 0 1 0
vn 0 -1 0
vn 0 0.6401843996644799 0.7682212795973759
vn 0 0 -1
vn 0 0 -1
vn 0 -1 0
vn 0 0.6401843996644799 0.7682212795973759
vn 0 1 0
vn 1 0 0
vn 0 -1 0
vn 0 -1 0
vn -1 0 0
vn 0 1 0
vn 0 1 0
vn 1 0 0
vn -1 0 0
vn 0 -1 0
vn 0 0 1
vn 0 0 1
vn 0 -1 0
vn 0 0 -1
vn 0 0 -1
vn 0 0 -1
vn 1 0 0
vn 0 0 1
vn 0 0 1
vn -1 0 0
vn 0 0 -1
vn 0 0 -1
vn 0 0 -1
vn 1 0 0
vn 1 0 0
vn 0 -1 0
vn 0 -1 0
vn -1 0 0
vn -1 0 0
vn 1 0 0
vn -1 0 0
vn 0 1 0
vn 0 -1 0
vn 0 0 -1
vn 1 0 0
vn -1 0 0
vn 0 0 1
vn 0 0 -1
vn 1 0 0
vn -1 0 0
vn 0 0 1
vn 0 0 -1
vn 1 0 0
vn -1 0 0
vn 0 1 0
vn 0 -1 0
vn 0 0 1
vn 0 0 -1
vn -1 0 0
vn -0.316227766016838 0.948683298050514 0
vn 0 0 1
vn 0 0 -1
vn 0 -1 0
vn 0 1 0
vn 0 0 1
vn 0 0 -1
vn 1 0 0
vn -1 0 0
vn 0 0 1
vn 0 0 -1
vn 0.9701425001453319 0 -0.24253562503633297
vn -0.8944271909999161 0 -0.44721359549995804
vn 0 1 0
vn 0 -1 0
vn 0 0 -1
vn -0.8944271909999161 0 -0.44721359549995804
vn 0 0 -1
vn 0.9701425001453319 0 -0.24253562503633297
vn 0 0 -1
vn 0 1 0
vn 0 -1 0
vn 0 0 -1
vn 0 0 1
vn 0 0 1
vn 1 0 0
vn -1 0 0
vn 0 1 0
vn 0 -1 0
vn 0 0 -1
vn -1 0 0
vn 0 1 0
vn 0 0 -1
vn 1 0 0
vn -1 0 0
vn 0 1 0
vn 0 0 1
vn 0 0 -1
vn 0 0 -1
vn 1 0 0
vn -1 0 0
vn 0 0 -1
vn 1 0 0
vn -1 0 0
vn 0 1 0
vn 0 -1 0
vn 0 0 -1
vn 0 0 -1
vn 0 -1 0
vn 0 1 0
vn 1 0 0
vn -1 0 0
vn 0 0 -1
vn 0 0 -1
vn 1 0 0
vn -1 0 0
vn 0 1 0
vn 0 -1 0
vn 0 1 0
vn -1 0 0
vn 0 -1 0
vn 1 0 0
vn 0 1 0
vn 0 -1 0
vn 0 -1 0
vn 0 1 0
vn 1 0 0
vn -1 0 0
vn 0 1 0
vn 0 1 0
vn 1 0 0
vn -1 0 0
vn 0 1 0
vn 1 0 0
vn -1 0 0
vn 0 1 0
vn 0 0 1
vn 0 0 -1
vn 1 0 0
vn -1 0 0
vn 0 1 0
vn 0 0 1
vn 0 0 -1
vn 0 1 0
usemtl weapon_guided_missile
f 135/389/98 146/390/98 145/391/98
f 135/389/98 145/391/98 133/392/98
f 137/393/99 149/394/99 148/395/99
f 137/393/99 148/395/99 139/396/99
usemtl common_steel
f 133/397/100 145/398/100 150/399/100
f 133/397/100 150/399/100 144/400/100
usemtl common_rough_steel
f 143/401/101 147/402/101 146/403/101
f 143/401/101 146/403/101 135/404/101
f 133/405/102 144/406/102 143/407/102
f 133/405/102 143/407/102 135/408/102
usemtl common_steel_norivets
f 136/409/103 142/410/103 141/411/103
f 136/409/103 141/411/103 134/412/103
f 138/413/104 141/414/104 142/415/104
f 138/413/104 142/415/104 140/416/104
usemtl common_rough_steel
f 139/417/105 148/418/105 147/419/105
f 139/417/105 147/419/105 143/420/105
usemtl common_steel_norivets
f 139/421/106 143/422/106 144/423/106
f 139/421/106 144/423/106 137/424/106
usemtl common_rough_steel
f 144/425/107 150/426/107 149/427/107
f 144/425/107 149/427/107 137/428/107
usemtl common_steel_norivets
f 134/429/108 145/430/108 146/431/108
f 134/429/108 146/431/108 136/432/108
usemtl common_rough_steel
f 136/433/109 146/434/109 147/435/109
f 136/433/109 147/435/109 142/436/109
f 142/437/110 147/438/110 148/439/110
f 142/437/110 148/439/110 140/440/110
usemtl weapon_guided_missile
f 140/441/111 148/442/111 149/443/111
f 140/441/111 149/443/111 138/444/111
usemtl common_rough_steel
f 138/445/112 149/446/112 150/447/112
f 138/445/112 150/447/112 141/448/112
usemtl common_steel
f 141/449/113 150/450/113 145/451/113
f 141/449/113 145/451/113 134/452/113
f 136/453/114 170/454/114 169/455/114
f 136/453/114 169/455/114 161/456/114
f 165/457/115 174/458/115 175/459/115
f 165/457/115 175/459/115 140/460/115
usemtl common_rough_steel
f 157/461/116 172/462/116 173/463/116
f 157/461/116 173/463/116 154/464/116
f 139/465/117 164/466/117 163/467/117
f 139/465/117 163/467/117 155/468/117
usemtl common_steel_norivets
f 155/469/118 163/470/118 162/471/118
f 155/469/118 162/471/118 135/472/118
usemtl common_rough_steel
f 152/473/119 171/474/119 172/475/119
f 152/473/119 172/475/119 157/476/119
usemtl common_steel
f 159/477/120 160/478/120 165/479/120
f 159/477/120 165/479/120 140/480/120
f 161/481/121 166/482/121 168/483/121
f 161/481/121 168/483/121 136/484/121
f 152/485/122 167/486/122 166/487/122
f 152/485/122 166/487/122 161/488/122
f 161/489/123 169/490/123 171/491/123
f 161/489/123 171/491/123 152/492/123
usemtl common_rough_steel
f 151/493/124 162/494/124 163/495/124
f 151/493/124 163/495/124 156/496/124
usemtl common_steel
f 156/497/125 163/498/125 164/499/125
f 156/497/125 164/499/125 153/500/125
f 154/501/126 173/502/126 174/503/126
f 154/501/126 174/503/126 165/504/126
f 154/505/127 165/506/127 160/507/127
f 154/505/127 160/507/127 158/508/127
f 160/509/128 166/510/128 167/511/128
f 160/509/128 167/511/128 158/512/128
f 159/513/129 168/514/129 166/515/129
f 159/513/129 166/515/129 160/516/129
f 162/517/130 169/518/130 170/519/130
f 162/517/130 170/519/130 135/520/130
f 151/521/131 171/522/131 169/523/131
f 151/521/131 169/523/131 162/524/131
usemtl common_rough_steel
f 156/525/132 172/526/132 171/527/132
f 156/525/132 171/527/132 151/528/132
f 153/529/133 173/530/133 172/531/133
f 153/529/133 172/531/133 156/532/133
usemtl common_steel
f 164/533/134 174/534/134 173/535/134
f 164/533/134 173/535/134 153/536/134
f 139/537/135 175/538/135 174/539/135
f 139/537/135 174/539/135 164/540/135
usemtl weapon_guided_missile
f 179/541/136 177/542/136 176/543/136
f 179/541/136 176/543/136 178/544/136
f 182/545/137 180/546/137 181/547/137
f 182/545/137 181/547/137 183/548/137
f 176/549/138 177/550/138 181/551/138
f 176/549/138 181/551/138 180/552/138
f 179/553/139 178/554/139 182/555/139
f 179/553/139 182/555/139 183/556/139
f 183/557/140 181/558/140 177/559/140
f 183/557/140 177/559/140 179/560/140
f 187/561/141 185/562/141 184/563/141
f 187/561/141 184/563/141 186/564/141
f 190/565/142 188/566/142 189/567/142
f 190/565/142 189/567/142 191/568/142
f 186/569/143 184/570/143 188/571/143
f 186/569/143 188/571/143 190/572/143
f 191/573/144 189/574/144 185/575/144
f 191/573/144 185/575/144 187/576/144
f 195/577/145 193/578/145 192/579/145
f 195/577/145 192/579/145 194/580/145
f 198/581/146 196/582/146 197/583/146
f 198/581/146 197/583/146 199/584/146
f 194/585/147 192/586/147 196/587/147
f 194/585/147 196/587/147 198/588/147
f 199/589/148 197/590/148 193/591/148
f 199/589/148 193/591/148 195/592/148
f 203/593/149 201/594/149 200/595/149
f 203/593/149 200/595/149 202/596/149
f 206/597/150 204/598/150 205/599/150
f 206/597/150 205/599/150 207/600/150
f 200/601/151 201/602/151 205/603/151
f 200/601/151 205/603/151 204/604/151
f 203/605/152 202/606/152 206/607/152
f 203/605/152 206/607/152 207/608/152
f 202/609/153 200/610/153 204/611/153
f 202/609/153 204/611/153 206/612/153
f 207/613/154 205/614/154 201/615/154
f 207/613/154 201/615/154 203/616/154
usemtl common_copper_cable
f 214/617/155 212/618/155 213/619/155
f 214/617/155 213/619/155 215/620/155
f 208/621/156 209/622/156 213/623/156
f 208/621/156 213/623/156 212/624/156
f 210/625/157 208/626/157 212/627/157
f 210/625/157 212/627/157 214/628/157
f 215/629/158 213/630/158 209/631/158
f 215/629/158 209/631/158 211/632/158
f 211/633/159 217/634/159 216/635/159
f 211/633/159 216/635/159 210/636/159
f 208/637/160 218/638/160 219/639/160
f 208/637/160 219/639/160 209/640/160
f 210/641/161 216/642/161 218/643/161
f 210/641/161 218/643/161 208/644/161
f 209/645/162 219/646/162 217/647/162
f 209/645/162 217/647/162 211/648/162
f 221/649/163 211/650/163 210/651/163
f 221/649/163 210/651/163 220/652/163
f 222/653/164 214/654/164 215/655/164
f 222/653/164 215/655/164 223/656/164
f 220/657/165 210/658/165 214/659/165
f 220/657/165 214/659/165 222/660/165
f 223/661/166 215/662/166 211/663/166
f 223/661/166 211/663/166 221/664/166
usemtl common_steel_norivets
f 224/665/167 235/666/167 234/667/167
f 224/665/167 234/667/167 225/668/167
f 229/669/168 233/670/168 232/671/168
f 229/669/168 232/671/168 228/672/168
f 228/673/169 238/674/169 237/675/169
f 228/673/169 237/675/169 229/676/169
f 231/677/170 240/678/170 239/679/170
f 231/677/170 239/679/170 230/680/170
usemtl common_rough_steel
f 229/681/171 237/682/171 236/683/171
f 229/681/171 236/683/171 233/684/171
f 230/685/172 232/686/172 233/687/172
f 230/685/172 233/687/172 231/688/172
f 233/689/173 236/690/173 240/691/173
f 233/689/173 240/691/173 231/692/173
f 227/693/174 234/694/174 235/695/174
f 227/693/174 235/695/174 226/696/174
f 234/697/175 236/698/175 237/699/175
f 234/697/175 237/699/175 225/700/175
usemtl common_steel_norivets
f 225/701/176 237/702/176 238/703/176
f 225/701/176 238/703/176 224/704/176
f 226/705/177 239/706/177 240/707/177
f 226/705/177 240/707/177 227/708/177
usemtl common_rough_steel
f 227/709/178 240/710/178 236/711/178
f 227/709/178 236/711/178 234/712/178
usemtl common_steel
f 232/713/179 241/714/179 238/715/179
f 232/713/179 238/715/179 228/716/179
f 224/717/180 238/718/180 241/719/180
f 224/717/180 241/719/180 235/720/180
usemtl weapon_guided_missile
f 245/721/181 243/722/181 242/723/181
f 245/721/181 242/723/181 244/724/181
f 248/725/182 246/726/182 247/727/182
f 248/725/182 247/727/182 249/728/182
f 242/729/183 243/730/183 247/731/183
f 242/729/183 247/731/183 246/732/183
f 245/733/184 244/734/184 248/735/184
f 245/733/184 248/735/184 249/736/184
f 249/737/185 247/738/185 243/739/185
f 249/737/185 243/739/185 245/740/185
f 255/741/186 253/742/186 254/743/186
f 255/741/186 254/743/186 256/744/186
f 250/745/187 251/746/187 254/747/187
f 250/745/187 254/747/187 253/748/187
f 256/749/188 254/750/188 251/751/188
f 256/749/188 251/751/188 252/752/188
f 260/753/189 258/754/189 257/755/189
f 260/753/189 257/755/189 259/756/189
f 263/757/190 261/758/190 262/759/190
f 263/757/190 262/759/190 264/760/190
f 257/761/191 258/762/191 262/763/191
f 257/761/191 262/763/191 261/764/191
f 259/765/192 257/766/192 261/767/192
f 259/765/192 261/767/192 263/768/192
f 264/769/193 262/770/193 258/771/193
f 264/769/193 258/771/193 260/772/193
f 269/773/194 268/774/194 266/775/194
f 269/773/194 266/775/194 267/776/194
usemtl common_rough_steel
f 265/777/195 226/778/195 270/779/195
f 265/777/195 270/779/195 271/780/195
usemtl weapon_guided_missile
f 267/781/196 266/782/196 272/783/196
f 267/781/196 272/783/196 273/784/196
usemtl common_rough_steel
f 273/785/197 272/786/197 226/787/197
f 273/785/197 226/787/197 265/788/197
usemtl common_steel
f 274/789/198 265/790/198 271/791/198
f 274/789/198 271/791/198 158/792/198
f 154/793/199 275/794/199 276/795/199
f 154/793/199 276/795/199 277/796/199
usemtl weapon_guided_missile
f 265/797/200 278/798/200 281/799/200
f 265/797/200 281/799/200 271/800/200
usemtl common_steel
f 158/801/201 280/802/201 279/803/201
f 158/801/201 279/803/201 274/804/201
f 274/805/202 279/806/202 278/807/202
f 274/805/202 278/807/202 265/808/202
f 276/809/203 278/810/203 279/811/203
f 276/809/203 279/811/203 277/812/203
f 277/813/204 279/814/204 280/815/204
f 277/813/204 280/815/204 154/816/204
usemtl weapon_guided_missile
f 275/817/205 281/818/205 278/819/205
f 275/817/205 278/819/205 276/820/205
f 283/821/206 282/822/206 268/823/206
f 283/821/206 268/823/206 269/824/206
usemtl common_rough_steel
f 275/825/207 284/826/207 230/827/207
f 275/825/207 230/827/207 276/828/207
f 276/829/208 230/830/208 282/831/208
f 276/829/208 282/831/208 283/832/208
usemtl weapon_guided_missile
f 283/833/209 282/834/209 272/835/209
f 283/833/209 272/835/209 273/836/209
usemtl common_steel_norivets
f 235/837/210 287/838/210 290/839/210
f 235/837/210 290/839/210 226/840/210
f 230/841/211 289/842/211 288/843/211
f 230/841/211 288/843/211 232/844/211
f 288/845/212 291/846/212 296/847/212
f 288/845/212 296/847/212 232/848/212
f 230/849/213 295/850/213 294/851/213
f 230/849/213 294/851/213 289/852/213
f 286/853/214 292/854/214 291/855/214
f 286/853/214 291/855/214 288/856/214
f 286/857/215 288/858/215 289/859/215
f 286/857/215 289/859/215 284/860/215
f 289/861/216 294/862/216 293/863/216
f 289/861/216 293/863/216 284/864/216
f 270/865/217 290/866/217 287/867/217
f 270/865/217 287/867/217 285/868/217
f 287/869/218 291/870/218 292/871/218
f 287/869/218 292/871/218 285/872/218
f 270/873/219 293/874/219 294/875/219
f 270/873/219 294/875/219 290/876/219
f 290/877/220 294/878/220 295/879/220
f 290/877/220 295/879/220 226/880/220
f 235/881/221 296/882/221 291/883/221
f 235/881/221 291/883/221 287/884/221
usemtl common_steel
f 300/885/222 298/886/222 297/887/222
f 300/885/222 297/887/222 299/888/222
f 286/889/223 138/890/223 228/891/223
f 286/889/223 228/891/223 232/892/223
f 297/893/224 298/894/224 228/895/224
f 297/893/224 228/895/224 138/896/224
usemtl weapon_guided_missile
f 302/897/225 301/898/225 303/899/225
f 302/897/225 303/899/225 304/900/225
usemtl common_steel
f 235/901/226 224/902/226 305/903/226
f 235/901/226 305/903/226 285/904/226
f 308/905/227 306/906/227 307/907/227
f 308/905/227 307/907/227 309/908/227
f 305/909/228 224/910/228 307/911/228
f 305/909/228 307/911/228 306/912/228
usemtl weapon_guided_missile
f 313/913/229 311/914/229 310/915/229
f 313/913/229 310/915/229 312/916/229
f 316/917/230 314/918/230 315/919/230
f 316/917/230 315/919/230 317/920/230
f 310/921/231 311/922/231 315/923/231
f 310/921/231 315/923/231 314/924/231
f 312/925/232 310/926/232 314/927/232
f 312/925/232 314/927/232 316/928/232
f 317/929/233 315/930/233 311/931/233
f 317/929/233 311/931/233 313/932/233
f 321/933/234 319/934/234 318/935/234
f 321/933/234 318/935/234 320/936/234
f 324/937/235 322/938/235 323/939/235
f 324/937/235 323/939/235 325/940/235
f 318/941/236 319/942/236 323/943/236
f 318/941/236 323/943/236 322/944/236
f 320/945/237 318/946/237 322/947/237
f 320/945/237 322/947/237 324/948/237
f 325/949/238 323/950/238 319/951/238
f 325/949/238 319/951/238 321/952/238
f 326/953/239 327/954/239 329/955/239
f 326/953/239 329/955/239 328/956/239
o pickerLeft2
v 0.28125 -0.4375 2.40625
v 0.34375 -0.4375 2.40625
v 0.28125 -0.625 2.40625
v 0.34375 -0.625 2.40625
v 0.34375 -0.4375 2.34375
v 0.28125 -0.4375 2.34375
v 0.34375 -0.625 2.34375
v 0.28125 -0.625 2.34375
vt 0.625 1
vt 0.6875 1
vt 0.6875 0.8125
vt 0.625 0.8125
vt 0.625 1
vt 0.6875 1
vt 0.6875 0.8125
vt 0.625 0.8125
vt 0.625 1
vt 0.6875 1
vt 0.6875 0.8125
vt 0.625 0.8125
vt 0.625 1
vt 0.6875 1
vt 0.6875 0.8125
vt 0.625 0.8125
vt 0.625 1
vt 0.6875 1
vt 0.6875 0.9375
vt 0.625 0.9375
vt 0.625 0.875
vt 0.6875 0.875
vt 0.6875 0.8125
vt 0.625 0.8125
vn 1 0 -2.220446049250313e-16
vn 2.220446049250313e-16 0 1
vn -1 0 2.220446049250313e-16
vn -2.220446049250313e-16 0 -1
vn 0 1 0
vn 0 -1 0
usemtl inserter_gray
f 336/959/240 334/958/240 331/957/240
f 333/960/240 336/959/240 331/957/240
f 333/963/241 331/962/241 330/961/241
f 332/964/241 333/963/241 330/961/241
f 332/967/242 330/966/242 335/965/242
f 337/968/242 332/967/242 335/965/242
f 337/971/243 335/970/243 334/969/243
f 336/972/243 337/971/243 334/969/243
f 330/975/244 331/974/244 334/973/244
f 335/976/244 330/975/244 334/973/244
f 333/979/245 332/978/245 337/977/245
f 336/980/245 333/979/245 337/977/245
o pickerLeft
v 0.28125 -0.625 2.40625
v 0.34375 -0.625 2.40625
v 0.28125 -0.8125 2.40625
v 0.34375 -0.8125 2.40625
v 0.34375 -0.625 2.34375
v 0.28125 -0.625 2.34375
v 0.34375 -0.8125 2.34375
v 0.28125 -0.8125 2.34375
vt 0.625 1
vt 0.6875 1
vt 0.6875 0.8125
vt 0.625 0.8125
vt 0.625 1
vt 0.6875 1
vt 0.6875 0.8125
vt 0.625 0.8125
vt 0.625 1
vt 0.6875 1
vt 0.6875 0.8125
vt 0.625 0.8125
vt 0.625 1
vt 0.6875 1
vt 0.6875 0.8125
vt 0.625 0.8125
vt 0.625 1
vt 0.6875 1
vt 0.6875 0.9375
vt 0.625 0.9375
vt 0.625 0.875
vt 0.6875 0.875
vt 0.6875 0.8125
vt 0.625 0.8125
vn 1 0 -2.220446049250313e-16
vn 2.220446049250313e-16 0 1
vn -1 0 2.220446049250313e-16
vn -2.220446049250313e-16 0 -1
vn 0 1 0
vn 0 -1 0
usemtl inserter_gray
f 344/983/246 342/982/246 339/981/246
f 341/984/246 344/983/246 339/981/246
f 341/987/247 339/986/247 338/985/247
f 340/988/247 341/987/247 338/985/247
f 340/991/248 338/990/248 343/989/248
f 345/992/248 340/991/248 343/989/248
f 345/995/249 343/994/249 342/993/249
f 344/996/249 345/995/249 342/993/249
f 338/999/250 339/998/250 342/997/250
f 343/1000/250 338/999/250 342/997/250
f 341/1003/251 340/1002/251 345/1001/251
f 344/1004/251 341/1003/251 345/1001/251
o pickerRight2
v 0.28125 -0.4375 2.15625
v 0.34375 -0.4375 2.15625
v 0.28125 -0.625 2.15625
v 0.34375 -0.625 2.15625
v 0.34375 -0.4375 2.09375
v 0.28125 -0.4375 2.09375
v 0.34375 -0.625 2.09375
v 0.28125 -0.625 2.09375
vt 0.625 1
vt 0.6875 1
vt 0.6875 0.8125
vt 0.625 0.8125
vt 0.625 1
vt 0.6875 1
vt 0.6875 0.8125
vt 0.625 0.8125
vt 0.625 1
vt 0.6875 1
vt 0.6875 0.8125
vt 0.625 0.8125
vt 0.625 1
vt 0.6875 1
vt 0.6875 0.8125
vt 0.625 0.8125
vt 0.625 1
vt 0.6875 1
vt 0.6875 0.9375
vt 0.625 0.9375
vt 0.625 0.875
vt 0.6875 0.875
vt 0.6875 0.8125
vt 0.625 0.8125
vn 1 0 -2.220446049250313e-16
vn 2.220446049250313e-16 0 1
vn -1 0 2.220446049250313e-16
vn -2.220446049250313e-16 0 -1
vn 0 1 0
vn 0 -1 0
usemtl inserter_gray
f 352/1007/252 350/1006/252 347/1005/252
f 349/1008/252 352/1007/252 347/1005/252
f 349/1011/253 347/1010/253 346/1009/253
f 348/1012/253 349/1011/253 346/1009/253
f 348/1015/254 346/1014/254 351/1013/254
f 353/1016/254 348/1015/254 351/1013/254
f 353/1019/255 351/1018/255 350/1017/255
f 352/1020/255 353/1019/255 350/1017/255
f 346/1023/256 347/1022/256 350/1021/256
f 351/1024/256 346/1023/256 350/1021/256
f 349/1027/257 348/1026/257 353/1025/257
f 352/1028/257 349/1027/257 353/1025/257
o pickerRight
v 0.28125 -0.625 2.15625
v 0.34375 -0.625 2.15625
v 0.28125 -0.8125 2.15625
v 0.34375 -0.8125 2.15625
v 0.34375 -0.625 2.09375
v 0.28125 -0.625 2.09375
v 0.34375 -0.8125 2.09375
v 0.28125 -0.8125 2.09375
vt 0.625 1
vt 0.6875 1
vt 0.6875 0.8125
vt 0.625 0.8125
vt 0.625 1
vt 0.6875 1
vt 0.6875 0.8125
vt 0.625 0.8125
vt 0.625 1
vt 0.6875 1
vt 0.6875 0.8125
vt 0.625 0.8125
vt 0.625 1
vt 0.6875 1
vt 0.6875 0.8125
vt 0.625 0.8125
vt 0.625 1
vt 0.6875 1
vt 0.6875 0.9375
vt 0.625 0.9375
vt 0.625 0.875
vt 0.6875 0.875
vt 0.6875 0.8125
vt 0.625 0.8125
vn 1 0 -2.220446049250313e-16
vn 2.220446049250313e-16 0 1
vn -1 0 2.220446049250313e-16
vn -2.220446049250313e-16 0 -1
vn 0 1 0
vn 0 -1 0
usemtl inserter_gray
f 360/1031/258 358/1030/258 355/1029/258
f 357/1032/258 360/1031/258 355/1029/258
f 357/1035/259 355/1034/259 354/1033/259
f 356/1036/259 357/1035/259 354/1033/259
f 356/1039/260 354/1038/260 359/1037/260
f 361/1040/260 356/1039/260 359/1037/260
f 361/1043/261 359/1042/261 358/1041/261
f 360/1044/261 361/1043/261 358/1041/261
f 354/1047/262 355/1046/262 358/1045/262
f 359/1048/262 354/1047/262 358/1045/262
f 357/1051/263 356/1050/263 361/1049/263
f 360/1052/263 357/1051/263 361/1049/263
o upper
v 0.28125 -0.875 2.21875
v 0.28125 -0.875 2.28125
v 0.34375 -0.875 2.28125
v 0.34375 -0.875 2.21875
v 0.34375 -1.4375 2.21875
v 0.34375 -1.4375 2.28125
v 0.28125 -1.4375 2.28125
v 0.28125 -1.4375 2.21875
v 0.28124999999999994 -0.8125 2.09375
v 0.28125000000000006 -0.8125 2.40625
v 0.34375 -0.8125 2.40625
v 0.34375 -0.8125 2.09375
v 0.34375 -0.875 2.15625
v 0.34375 -0.875 2.34375
v 0.28125 -0.875 2.34375
v 0.28125 -0.875 2.15625
v 0.25 -1.40625 2.3125
v 0.375 -1.40625 2.3125
v 0.25 -1.53125 2.3125
v 0.375 -1.53125 2.3125
v 0.25 -1.40625 2.1875
v 0.375 -1.40625 2.1875
v 0.25 -1.53125 2.1875
v 0.375 -1.53125 2.1875
vt 1 0.25
vt 0.9375 0.25
vt 0.9375 0.3125
vt 1 0.3125
vt 1 0.375
vt 0.9375 0.375
vt 0.9375 0.4375
vt 1 0.4375
vt 0.4375 0.5
vt 0.5 0.5
vt 0.5 0
vt 0.4375 0
vt 0.4375 0.5
vt 0.5 0.5
vt 0.5 0.1875
vt 0.4375 0.1875
vt 0.4375 0.5
vt 0.5 0.5
vt 0.5 0
vt 0.4375 0
vt 0.4375 0.5
vt 0.5 0.5
vt 0.5 0
vt 0.4375 0
vt 0.5 0.5
vt 0.5 0.1875
vt 0.4375 0.1875
vt 0.4375 0.5
vt 0.4375 0.5
vt 0.4375 0.3125
vt 0.375 0.3125
vt 0.375 0.5
vt 0.4375 0
vt 0.4375 0.5
vt 0.5 0.375
vt 0.5 0.125
vt 0.4375 0
vt 0.4375 0.5
vt 0.5 0.4375
vt 0.5 0.125
vt 0.4375 0.5
vt 0.5 0.5
vt 0.5 0.375
vt 0.4375 0.375
vt 0.4375 0.5
vt 0.5 0.5
vt 0.5 0.375
vt 0.4375 0.375
vt 0.625 1
vt 0.625 0.875
vt 0.5 0.875
vt 0.5 1
vt 0.625 1
vt 0.625 0.875
vt 0.5 0.875
vt 0.5 1
vt 0.625 0.875
vt 0.625 1
vt 0.5 1
vt 0.5 0.875
vt 0.5 1
vt 0.5 0.875
vt 0.625 0.875
vt 0.625 1
vn 0 1 0
vn 0 -1 0
vn -1 0 2.220446049250313e-16
vn 1 0 -2.220446049250313e-16
vn 2.220446049250313e-16 0 1
vn -2.220446049250313e-16 0 -1
vn 0 1 0
vn 0 -1 0
vn -1 0 2.220446049250313e-16
vn 1 0 -2.220446049250313e-16
vn 1.5700924586837752e-16 -0.7071067811865476 0.7071067811865476
vn -1.5700924586837752e-16 -0.7071067811865476 -0.7071067811865476
vn 0 1 0
vn 0 -1 0
vn -1 0 2.220446049250313e-16
vn 1 0 -2.220446049250313e-16
usemtl inserter_gray
f 362/1053/264 363/1054/264 364/1055/264
f 362/1053/264 364/1055/264 365/1056/264
f 366/1057/265 367/1058/265 368/1059/265
f 366/1057/265 368/1059/265 369/1060/265
f 363/1061/266 362/1062/266 369/1063/266
f 363/1061/266 369/1063/266 368/1064/266
f 365/1065/267 364/1066/267 367/1067/267
f 365/1065/267 367/1067/267 366/1068/267
f 364/1069/268 363/1070/268 368/1071/268
f 364/1069/268 368/1071/268 367/1072/268
f 362/1073/269 365/1074/269 366/1075/269
f 362/1073/269 366/1075/269 369/1076/269
f 370/1077/270 371/1078/270 372/1079/270
f 370/1077/270 372/1079/270 373/1080/270
f 374/1081/271 375/1082/271 376/1083/271
f 374/1081/271 376/1083/271 377/1084/271
f 371/1085/272 370/1086/272 377/1087/272
f 371/1085/272 377/1087/272 376/1088/272
f 373/1089/273 372/1090/273 375/1091/273
f 373/1089/273 375/1091/273 374/1092/273
f 372/1093/274 371/1094/274 376/1095/274
f 372/1093/274 376/1095/274 375/1096/274
f 370/1097/275 373/1098/275 374/1099/275
f 370/1097/275 374/1099/275 377/1100/275
f 378/1101/276 379/1102/276 383/1103/276
f 378/1101/276 383/1103/276 382/1104/276
f 381/1105/277 380/1106/277 384/1107/277
f 381/1105/277 384/1107/277 385/1108/277
f 380/1109/278 378/1110/278 382/1111/278
f 380/1109/278 382/1111/278 384/1112/278
f 385/1113/279 383/1114/279 379/1115/279
f 385/1113/279 379/1115/279 381/1116/279
o lower
v 0.21875 -1.375 2.209375
v 0.40625 -1.375 2.209375
v 0.21875 -1.5625 2.209375
v 0.40625 -1.5625 2.209375
v 0.21874999999999994 -1.375 2.021875
v 0.40624999999999994 -1.375 2.021875
v 0.21874999999999994 -1.5625 2.021875
v 0.40624999999999994 -1.5625 2.021875
v 0.21875 -1.375 2.290625
v 0.40625 -1.375 2.290625
v 0.21875 -1.5625 2.290625
v 0.40625 -1.5625 2.290625
v 0.21875000000000006 -1.375 2.478125
v 0.40625000000000006 -1.375 2.478125
v 0.21875000000000006 -1.5625 2.478125
v 0.40625000000000006 -1.5625 2.478125
v 0.25000000000000006 -2.25 2.4375
v 0.37500000000000006 -2.25 2.4375
v 0.25000000000000006 -2.375 2.4375
v 0.37500000000000006 -2.375 2.4375
v 0.24999999999999994 -2.25 2.0625
v 0.37499999999999994 -2.25 2.0625
v 0.24999999999999994 -2.375 2.0625
v 0.37499999999999994 -2.375 2.0625
v 0.34375000000000006 -1.625 2.4375
v 0.40625000000000006 -1.625 2.4375
v 0.34375000000000006 -2.125 2.4375
v 0.40625000000000006 -2.125 2.4375
v 0.34374999999999994 -1.625 2.0625
v 0.40624999999999994 -1.625 2.0625
v 0.34374999999999994 -2.125 2.0625
v 0.40624999999999994 -2.125 2.0625
v 0.40625 -1.65625 2.40625
v 0.4375 -1.65625 2.40625
v 0.40625 -1.84375 2.40625
v 0.4375 -1.84375 2.40625
v 0.40625 -1.65625 2.09375
v 0.4375 -1.65625 2.09375
v 0.40625 -1.84375 2.09375
v 0.4375 -1.84375 2.09375
v 0.40625 -1.875 2.40625
v 0.4375 -1.875 2.40625
v 0.40625 -2.0625 2.40625
v 0.4375 -2.0625 2.40625
v 0.40625 -1.875 2.09375
v 0.4375 -1.875 2.09375
v 0.40625 -2.0625 2.09375
v 0.4375 -2.0625 2.09375
v 0.26562500000000006 -1.5625 2.40625
v 0.35937500000000006 -1.5625 2.40625
v 0.26562500000000006 -2.1875 2.40625
v 0.35937500000000006 -2.1875 2.40625
v 0.265625 -1.5625 2.3125
v 0.359375 -1.5625 2.3125
v 0.265625 -2.1875 2.3125
v 0.359375 -2.1875 2.3125
v 0.35937500000000006 -1.875 2.40625
v 0.26562500000000006 -1.875 2.40625
v 0.265625 -1.875 2.3125
v 0.359375 -1.875 2.3125
v 0.265625 -1.5625 2.1875
v 0.359375 -1.5625 2.1875
v 0.265625 -2.1875 2.1875
v 0.359375 -2.1875 2.1875
v 0.26562499999999994 -1.5625 2.09375
v 0.35937499999999994 -1.5625 2.09375
v 0.26562499999999994 -2.1875 2.09375
v 0.35937499999999994 -2.1875 2.09375
v 0.359375 -1.875 2.1875
v 0.265625 -1.875 2.1875
v 0.26562499999999994 -1.875 2.09375
v 0.35937499999999994 -1.875 2.09375
v 0.390625 -2.25 2.1875
v 0.453125 -2.25 2.1875
v 0.390625 -2.375 2.1875
v 0.453125 -2.375 2.1875
v 0.390625 -2.25 2.09375
v 0.453125 -2.25 2.09375
v 0.390625 -2.375 2.09375
v 0.453125 -2.375 2.09375
v 0.171875 -2.25 2.1875
v 0.234375 -2.25 2.1875
v 0.171875 -2.375 2.1875
v 0.234375 -2.375 2.1875
v 0.17187499999999997 -2.25 2.09375
v 0.23437499999999997 -2.25 2.09375
v 0.17187499999999997 -2.375 2.09375
v 0.23437499999999997 -2.375 2.09375
v 0.390625 -2.25 2.40625
v 0.453125 -2.25 2.40625
v 0.390625 -2.375 2.40625
v 0.453125 -2.375 2.40625
v 0.390625 -2.25 2.3125
v 0.453125 -2.25 2.3125
v 0.390625 -2.375 2.3125
v 0.453125 -2.375 2.3125
v 0.17187500000000003 -2.25 2.40625
v 0.23437500000000003 -2.25 2.40625
v 0.17187500000000003 -2.375 2.40625
v 0.23437500000000003 -2.375 2.40625
v 0.171875 -2.25 2.3125
v 0.234375 -2.25 2.3125
v 0.171875 -2.375 2.3125
v 0.234375 -2.375 2.3125
vt 0.09375 0.8125
vt 0.09375 1
vt 0 1
vt 0 0.8125
vt 0.8125 0.8125
vt 0.8125 0.625
vt 0.625 0.625
vt 0.625 0.8125
vt 0.8125 0.625
vt 0.8125 0.8125
vt 1 0.8125
vt 1 0.625
vt 0.8125 0.8125
vt 0.8125 0.625
vt 1 0.625
vt 1 0.8125
vt 0.8125 0.625
vt 0.8125 0.8125
vt 1 0.8125
vt 1 0.625
vt 1 0.625
vt 1 0.8125
vt 0.8125 0.8125
vt 0.8125 0.625
vt 0 1
vt 0.09375 1
vt 0.09375 0.8125
vt 0 0.8125
vt 0.625 0.625
vt 0.8125 0.625
vt 0.8125 0.8125
vt 0.625 0.8125
vt 1 0.8125
vt 0.8125 0.8125
vt 0.8125 0.625
vt 1 0.625
vt 1 0.625
vt 0.8125 0.625
vt 0.8125 0.8125
vt 1 0.8125
vt 1 0.8125
vt 0.8125 0.8125
vt 0.8125 0.625
vt 1 0.625
vt 0.8125 0.8125
vt 1 0.8125
vt 1 0.625
vt 0.8125 0.625
vt 0.0625 0.875
vt 0.0625 1
vt 0 1
vt 0 0.875
vt 0.0625 0.875
vt 0.0625 1
vt 0 1
vt 0 0.875
vt 0.5 0.625
vt 0.625 0.625
vt 0.625 1
vt 0.5 1
vt 0.625 0.625
vt 0.5 0.625
vt 0.5 1
vt 0.625 1
vt 0.625 0.625
vt 0.5 0.625
vt 0.5 1
vt 0.625 1
vt 0.5 1
vt 0.625 1
vt 0.625 0.625
vt 0.5 0.625
vt 0 0.5
vt 0 0
vt 0.03125 0
vt 0.03125 0.5
vt 0.34375 0
vt 0.34375 0.5
vt 0.375 0.5
vt 0.375 0
vt 0 0.0625
vt 0 0
vt 0.375 0
vt 0.375 0.0625
vt 0 0.5
vt 0 0.4375
vt 0.375 0.4375
vt 0.375 0.5
vt 0.375 0.5
vt 0.375 0
vt 0 0
vt 0 0.5
vt 0.375 0.5
vt 0.375 0
vt 0 0
vt 0 0.5
vt 0.71875 0.8125
vt 0.71875 1
vt 0.6875 1
vt 0.6875 0.8125
vt 1 0.8125
vt 1 1
vt 0.96875 1
vt 0.96875 0.8125
vt 0.6875 0.9375
vt 0.6875 1
vt 1 1
vt 1 0.9375
vt 0.6875 0.8125
vt 0.6875 0.875
vt 1 0.875
vt 1 0.8125
vt 1 0.8125
vt 1 1
vt 0.6875 1
vt 0.6875 0.8125
vt 0.71875 0.8125
vt 0.71875 1
vt 0.6875 1
vt 0.6875 0.8125
vt 1 0.8125
vt 1 1
vt 0.96875 1
vt 0.96875 0.8125
vt 0.6875 0.9375
vt 0.6875 1
vt 1 1
vt 1 0.9375
vt 0.6875 0.8125
vt 0.6875 0.875
vt 1 0.875
vt 1 0.8125
vt 1 0.8125
vt 1 1
vt 0.6875 1
vt 0.6875 0.8125
vt 0.375 0.5
vt 0.375 0.1875
vt 0.5 0.1875
vt 0.5 0.5
vt 0.375 0.5
vt 0.375 0.1875
vt 0.5 0.1875
vt 0.5 0.5
vt 0.046875 0.90625
vt 0.046875 1
vt 0 1
vt 0 0.90625
vt 0.5 0.5
vt 0.5 0.1875
vt 0.375 0.1875
vt 0.375 0.5
vt 0.375 0.5
vt 0.375 0.1875
vt 0.5 0.1875
vt 0.5 0.5
vt 0.5 0.5
vt 0.5 0.1875
vt 0.375 0.1875
vt 0.375 0.5
vt 0.375 0.5
vt 0.375 0.1875
vt 0.5 0.1875
vt 0.5 0.5
vt 0.5 0.5
vt 0.5 0.1875
vt 0.375 0.1875
vt 0.375 0.5
vt 0.375 0.5
vt 0.375 0.1875
vt 0.5 0.1875
vt 0.5 0.5
vt 0.375 0.5
vt 0.375 0.1875
vt 0.5 0.1875
vt 0.5 0.5
vt 0.375 0.5
vt 0.375 0.1875
vt 0.5 0.1875
vt 0.5 0.5
vt 0.046875 0.90625
vt 0.046875 1
vt 0 1
vt 0 0.90625
vt 0.5 0.5
vt 0.5 0.1875
vt 0.375 0.1875
vt 0.375 0.5
vt 0.375 0.5
vt 0.375 0.1875
vt 0.5 0.1875
vt 0.5 0.5
vt 0.5 0.5
vt 0.5 0.1875
vt 0.375 0.1875
vt 0.375 0.5
vt 0.375 0.5
vt 0.375 0.1875
vt 0.5 0.1875
vt 0.5 0.5
vt 0.5 0.5
vt 0.5 0.1875
vt 0.375 0.1875
vt 0.375 0.5
vt 0.375 0.5
vt 0.375 0.1875
vt 0.5 0.1875
vt 0.5 0.5
vt 0.4375 0.375
vt 0.4375 0.125
vt 0.375 0.125
vt 0.375 0.375
vt 0.5 0.375
vt 0.5 0.125
vt 0.4375 0.125
vt 0.4375 0.375
vt 0.375 0.25
vt 0.375 0.375
vt 0.5 0.375
vt 0.5 0.25
vt 0.375 0.125
vt 0.375 0.375
vt 0.5 0.375
vt 0.5 0.125
vt 0.5 0.375
vt 0.5 0.125
vt 0.375 0.125
vt 0.375 0.375
vt 0.4375 0.375
vt 0.4375 0.125
vt 0.375 0.125
vt 0.375 0.375
vt 0.5 0.375
vt 0.5 0.125
vt 0.4375 0.125
vt 0.4375 0.375
vt 0.046875 0.9375
vt 0.046875 1
vt 0 1
vt 0 0.9375
vt 0.375 0.125
vt 0.375 0.375
vt 0.5 0.375
vt 0.5 0.125
vt 0.375 0.125
vt 0.375 0.375
vt 0.5 0.375
vt 0.5 0.125
vt 0.37734375 0
vt 0.43515625 0.09999999999999998
vt 0.43671875 0.1875
vt 0.37734375 0.28437500000000004
vt 0.4984375 0
vt 0.440625 0.09999999999999998
vt 0.4390625 0.1875
vt 0.4984375 0.28437500000000004
vt 0.375 0.375
vt 0.375 0.125
vt 0.5 0.125
vt 0.5 0.375
vt 0.375 0.375
vt 0.375 0
vt 0.5 0
vt 0.5 0.375
vt 0.5 0.375
vt 0.5 0
vt 0.375 0
vt 0.375 0.375
vt 0.4375 0.375
vt 0.4375 0.125
vt 0.375 0.125
vt 0.375 0.375
vt 0.5 0.375
vt 0.5 0.125
vt 0.4375 0.125
vt 0.4375 0.375
vt 0.375 0.25
vt 0.375 0.375
vt 0.5 0.375
vt 0.5 0.25
vt 0.375 0.125
vt 0.375 0.375
vt 0.5 0.375
vt 0.5 0.125
vt 0.5 0.375
vt 0.5 0.125
vt 0.375 0.125
vt 0.375 0.375
vt 0.4375 0.375
vt 0.4375 0.125
vt 0.375 0.125
vt 0.375 0.375
vt 0.5 0.375
vt 0.5 0.125
vt 0.4375 0.125
vt 0.4375 0.375
vt 0.046875 0.9375
vt 0.046875 1
vt 0 1
vt 0 0.9375
vt 0.375 0.125
vt 0.375 0.375
vt 0.5 0.375
vt 0.5 0.125
vt 0.375 0.125
vt 0.375 0.375
vt 0.5 0.375
vt 0.5 0.125
vt 0.37734375 0
vt 0.43515625 0.09999999999999998
vt 0.43671875 0.1875
vt 0.37734375 0.28437500000000004
vt 0.4984375 0
vt 0.440625 0.09999999999999998
vt 0.4390625 0.1875
vt 0.4984375 0.28437500000000004
vt 0.375 0.375
vt 0.375 0.125
vt 0.5 0.125
vt 0.5 0.375
vt 0.375 0.375
vt 0.375 0
vt 0.5 0
vt 0.5 0.375
vt 0.5 0.375
vt 0.5 0
vt 0.375 0
vt 0.375 0.375
vt 0.046875 0.90625
vt 0.046875 1
vt 0 1
vt 0 0.90625
vt 0.046875 0.90625
vt 0.046875 1
vt 0 1
vt 0 0.90625
vn 2.220446049250313e-16 0 1
vn -2.220446049250313e-16 0 -1
vn 0 1 0
vn 0 -1 0
vn -1 0 2.220446049250313e-16
vn 1 0 -2.220446049250313e-16
vn -2.220446049250313e-16 0 -1
vn 2.220446049250313e-16 0 1
vn 0 1 0
vn 0 -1 0
vn -1 0 2.220446049250313e-16
vn 1 0 -2.220446049250313e-16
vn 2.220446049250313e-16 0 1
vn -2.220446049250313e-16 0 -1
vn 0 1 0
vn 0 -1 0
vn -1 0 2.220446049250313e-16
vn 1 0 -2.220446049250313e-16
vn 2.220446049250313e-16 0 1
vn -2.220446049250313e-16 0 -1
vn 0 1 0
vn 0 -1 0
vn -1 0 2.220446049250313e-16
vn 1 0 -2.220446049250313e-16
vn 2.220446049250313e-16 0 1
vn -2.220446049250313e-16 0 -1
vn 0 1 0
vn 0 -1 0
vn 1 0 -2.220446049250313e-16
vn 2.220446049250313e-16 0 1
vn -2.220446049250313e-16 0 -1
vn 0 1 0
vn 0 -1 0
vn 1 0 -2.220446049250313e-16
vn 2.220446049250313e-16 0 1
vn -2.220446049250313e-16 0 -1
vn 0 1 0
vn -1 0 2.220446049250313e-16
vn 1 0 -2.220446049250313e-16
vn 2.220446049250313e-16 0 1
vn -1 0 2.220446049250313e-16
vn -2.220446049250313e-16 0 -1
vn 1 0 -2.220446049250313e-16
vn 2.220446049250313e-16 0 1
vn -2.220446049250313e-16 0 -1
vn 0 1 0
vn -1 0 2.220446049250313e-16
vn 1 0 -2.220446049250313e-16
vn 2.220446049250313e-16 0 1
vn -1 0 2.220446049250313e-16
vn -2.220446049250313e-16 0 -1
vn 1 0 -2.220446049250313e-16
vn 2.220446049250313e-16 0 1
vn -2.220446049250313e-16 0 -1
vn 0 -1 0
vn -1 0 2.220446049250313e-16
vn 1 0 -2.220446049250313e-16
vn 2.220446049250313e-16 0 1
vn -2.220446049250313e-16 0 -1
vn 0 -1 0
vn -1 0 2.220446049250313e-16
vn 1 0 -2.220446049250313e-16
vn 2.220446049250313e-16 0 1
vn -2.220446049250313e-16 0 -1
vn 0 1 0
vn -0.5547001962252291 0.8320502943378438 1.2316818592266835e-16
vn 0.5547001962252291 0.8320502943378438 -1.2316818592266835e-16
vn 2.220446049250313e-16 0 1
vn -2.220446049250313e-16 0 -1
vn 0 -1 0
vn -1 0 2.220446049250313e-16
vn 1 0 -2.220446049250313e-16
vn 2.220446049250313e-16 0 1
vn -2.220446049250313e-16 0 -1
vn 0 -1 0
vn -1 0 2.220446049250313e-16
vn 1 0 -2.220446049250313e-16
vn 2.220446049250313e-16 0 1
vn -2.220446049250313e-16 0 -1
vn 0 1 0
vn -0.5547001962252291 0.8320502943378438 1.2316818592266835e-16
vn 0.5547001962252291 0.8320502943378438 -1.2316818592266835e-16
vn 0 -1 0
vn 0 -1 0
usemtl inserter_gray
f 389/1117/280 387/1118/280 386/1119/280
f 389/1117/280 386/1119/280 388/1120/280
f 392/1121/281 390/1122/281 391/1123/281
f 392/1121/281 391/1123/281 393/1124/281
f 386/1125/282 387/1126/282 391/1127/282
f 386/1125/282 391/1127/282 390/1128/282
f 389/1129/283 388/1130/283 392/1131/283
f 389/1129/283 392/1131/283 393/1132/283
f 388/1133/284 386/1134/284 390/1135/284
f 388/1133/284 390/1135/284 392/1136/284
f 393/1137/285 391/1138/285 387/1139/285
f 393/1137/285 387/1139/285 389/1140/285
f 394/1141/286 395/1142/286 397/1143/286
f 394/1141/286 397/1143/286 396/1144/286
f 399/1145/287 398/1146/287 400/1147/287
f 399/1145/287 400/1147/287 401/1148/287
f 399/1149/288 395/1150/288 394/1151/288
f 399/1149/288 394/1151/288 398/1152/288
f 400/1153/289 396/1154/289 397/1155/289
f 400/1153/289 397/1155/289 401/1156/289
f 398/1157/290 394/1158/290 396/1159/290
f 398/1157/290 396/1159/290 400/1160/290
f 395/1161/291 399/1162/291 401/1163/291
f 395/1161/291 401/1163/291 397/1164/291
f 405/1165/292 403/1166/292 402/1167/292
f 405/1165/292 402/1167/292 404/1168/292
f 408/1169/293 406/1170/293 407/1171/293
f 408/1169/293 407/1171/293 409/1172/293
f 402/1173/294 403/1174/294 407/1175/294
f 402/1173/294 407/1175/294 406/1176/294
f 405/1177/295 404/1178/295 408/1179/295
f 405/1177/295 408/1179/295 409/1180/295
f 404/1181/296 402/1182/296 406/1183/296
f 404/1181/296 406/1183/296 408/1184/296
f 409/1185/297 407/1186/297 403/1187/297
f 409/1185/297 403/1187/297 405/1188/297
f 413/1189/298 411/1190/298 410/1191/298
f 413/1189/298 410/1191/298 412/1192/298
f 416/1193/299 414/1194/299 415/1195/299
f 416/1193/299 415/1195/299 417/1196/299
f 410/1197/300 411/1198/300 415/1199/300
f 410/1197/300 415/1199/300 414/1200/300
f 413/1201/301 412/1202/301 416/1203/301
f 413/1201/301 416/1203/301 417/1204/301
f 412/1205/302 410/1206/302 414/1207/302
f 412/1205/302 414/1207/302 416/1208/302
f 417/1209/303 415/1210/303 411/1211/303
f 417/1209/303 411/1211/303 413/1212/303
f 421/1213/304 419/1214/304 418/1215/304
f 421/1213/304 418/1215/304 420/1216/304
f 424/1217/305 422/1218/305 423/1219/305
f 424/1217/305 423/1219/305 425/1220/305
f 418/1221/306 419/1222/306 423/1223/306
f 418/1221/306 423/1223/306 422/1224/306
f 421/1225/307 420/1226/307 424/1227/307
f 421/1225/307 424/1227/307 425/1228/307
f 425/1229/308 423/1230/308 419/1231/308
f 425/1229/308 419/1231/308 421/1232/308
f 429/1233/309 427/1234/309 426/1235/309
f 429/1233/309 426/1235/309 428/1236/309
f 432/1237/310 430/1238/310 431/1239/310
f 432/1237/310 431/1239/310 433/1240/310
f 426/1241/311 427/1242/311 431/1243/311
f 426/1241/311 431/1243/311 430/1244/311
f 429/1245/312 428/1246/312 432/1247/312
f 429/1245/312 432/1247/312 433/1248/312
f 433/1249/313 431/1250/313 427/1251/313
f 433/1249/313 427/1251/313 429/1252/313
f 434/1253/314 443/1254/314 442/1255/314
f 434/1253/314 442/1255/314 435/1256/314
f 439/1257/315 445/1258/315 444/1259/315
f 439/1257/315 444/1259/315 438/1260/315
f 434/1261/316 435/1262/316 439/1263/316
f 434/1261/316 439/1263/316 438/1264/316
f 438/1265/317 444/1266/317 443/1267/317
f 438/1265/317 443/1267/317 434/1268/317
f 435/1269/318 442/1270/318 445/1271/318
f 435/1269/318 445/1271/318 439/1272/318
f 437/1273/319 442/1274/319 443/1275/319
f 437/1273/319 443/1275/319 436/1276/319
f 436/1277/320 443/1278/320 444/1279/320
f 436/1277/320 444/1279/320 440/1280/320
f 440/1281/321 444/1282/321 445/1283/321
f 440/1281/321 445/1283/321 441/1284/321
f 441/1285/322 445/1286/322 442/1287/322
f 441/1285/322 442/1287/322 437/1288/322
f 446/1289/323 455/1290/323 454/1291/323
f 446/1289/323 454/1291/323 447/1292/323
f 451/1293/324 457/1294/324 456/1295/324
f 451/1293/324 456/1295/324 450/1296/324
f 446/1297/325 447/1298/325 451/1299/325
f 446/1297/325 451/1299/325 450/1300/325
f 450/1301/326 456/1302/326 455/1303/326
f 450/1301/326 455/1303/326 446/1304/326
f 447/1305/327 454/1306/327 457/1307/327
f 447/1305/327 457/1307/327 451/1308/327
f 449/1309/328 454/1310/328 455/1311/328
f 449/1309/328 455/1311/328 448/1312/328
f 448/1313/329 455/1314/329 456/1315/329
f 448/1313/329 456/1315/329 452/1316/329
f 452/1317/330 456/1318/330 457/1319/330
f 452/1317/330 457/1319/330 453/1320/330
f 453/1321/331 457/1322/331 454/1323/331
f 453/1321/331 454/1323/331 449/1324/331
f 461/1325/332 459/1326/332 458/1327/332
f 461/1325/332 458/1327/332 460/1328/332
f 464/1329/333 462/1330/333 463/1331/333
f 464/1329/333 463/1331/333 465/1332/333
f 461/1333/334 460/1334/334 464/1335/334
f 461/1333/334 464/1335/334 465/1336/334
f 460/1337/335 458/1338/335 462/1339/335
f 460/1337/335 462/1339/335 464/1340/335
f 465/1341/336 463/1342/336 459/1343/336
f 465/1341/336 459/1343/336 461/1344/336
f 469/1345/337 467/1346/337 466/1347/337
f 469/1345/337 466/1347/337 468/1348/337
f 472/1349/338 470/1350/338 471/1351/338
f 472/1349/338 471/1351/338 473/1352/338
f 469/1353/339 468/1354/339 472/1355/339
f 469/1353/339 472/1355/339 473/1356/339
f 468/1357/340 466/1358/340 470/1359/340
f 468/1357/340 470/1359/340 472/1360/340
f 473/1361/341 471/1362/341 467/1363/341
f 473/1361/341 467/1363/341 469/1364/341
f 459/1365/342 449/1366/342 448/1367/342
f 459/1365/342 448/1367/342 466/1368/342
f 470/1369/343 452/1370/343 453/1371/343
f 470/1369/343 453/1371/343 463/1372/343
f 448/1373/344 449/1374/344 453/1375/344
f 448/1373/344 453/1375/344 452/1376/344
f 466/1377/345 448/1378/345 452/1379/345
f 466/1377/345 452/1379/345 470/1380/345
f 463/1381/346 453/1382/346 449/1383/346
f 463/1381/346 449/1383/346 459/1384/346
f 477/1385/347 475/1386/347 474/1387/347
f 477/1385/347 474/1387/347 476/1388/347
f 480/1389/348 478/1390/348 479/1391/348
f 480/1389/348 479/1391/348 481/1392/348
f 477/1393/349 476/1394/349 480/1395/349
f 477/1393/349 480/1395/349 481/1396/349
f 476/1397/350 474/1398/350 478/1399/350
f 476/1397/350 478/1399/350 480/1400/350
f 481/1401/351 479/1402/351 475/1403/351
f 481/1401/351 475/1403/351 477/1404/351
f 485/1405/352 483/1406/352 482/1407/352
f 485/1405/352 482/1407/352 484/1408/352
f 488/1409/353 486/1410/353 487/1411/353
f 488/1409/353 487/1411/353 489/1412/353
f 485/1413/354 484/1414/354 488/1415/354
f 485/1413/354 488/1415/354 489/1416/354
f 484/1417/355 482/1418/355 486/1419/355
f 484/1417/355 486/1419/355 488/1420/355
f 489/1421/356 487/1422/356 483/1423/356
f 489/1421/356 483/1423/356 485/1424/356
f 475/1425/357 437/1426/357 436/1427/357
f 475/1425/357 436/1427/357 482/1428/357
f 486/1429/358 440/1430/358 441/1431/358
f 486/1429/358 441/1431/358 479/1432/358
f 436/1433/359 437/1434/359 441/1435/359
f 436/1433/359 441/1435/359 440/1436/359
f 482/1437/360 436/1438/360 440/1439/360
f 482/1437/360 440/1439/360 486/1440/360
f 479/1441/361 441/1442/361 437/1443/361
f 479/1441/361 437/1443/361 475/1444/361
f 437/1445/362 436/1446/362 440/1447/362
f 437/1445/362 440/1447/362 441/1448/362
f 449/1449/363 448/1450/363 452/1451/363
f 449/1449/363 452/1451/363 453/1452/363
o turntable
v 0.06250000000000006 -2.4375 2.5
v 0.5625 -2.4375 2.5
v 0.06250000000000006 -2.5 2.5
v 0.5625 -2.5 2.5
v 0.062499999999999944 -2.4375 2
v 0.5625 -2.4375 2
v 0.062499999999999944 -2.5 2
v 0.5625 -2.5 2
v 0.18750000000000003 -2.5 2.375
v 0.4375 -2.5 2.375
v 0.18750000000000003 -2.5625 2.375
v 0.4375 -2.5625 2.375
v 0.18749999999999997 -2.5 2.125
v 0.4375 -2.5 2.125
v 0.18749999999999997 -2.5625 2.125
v 0.4375 -2.5625 2.125
v 0.18749999999999994 -2.25 2.0625
v 0.43749999999999994 -2.25 2.0625
v 0.18749999999999994 -2.4375 2.0625
v 0.43749999999999994 -2.4375 2.0625
v 0.18749999999999994 -2.25 2
v 0.43749999999999994 -2.25 2
v 0.18749999999999994 -2.4375 2
v 0.43749999999999994 -2.4375 2
v 0.18750000000000006 -2.25 2.5
v 0.43750000000000006 -2.25 2.5
v 0.18750000000000006 -2.4375 2.5
v 0.43750000000000006 -2.4375 2.5
v 0.18750000000000006 -2.25 2.4375
v 0.43750000000000006 -2.25 2.4375
v 0.18750000000000006 -2.4375 2.4375
v 0.43750000000000006 -2.4375 2.4375
v 0.24999999999999994 -2.1875 2.0625
v 0.37499999999999994 -2.1875 2.0625
v 0.24999999999999994 -2.1875 2
v 0.37499999999999994 -2.1875 2
v 0.25000000000000006 -2.1875 2.5
v 0.37500000000000006 -2.1875 2.5
v 0.25000000000000006 -2.1875 2.4375
v 0.37500000000000006 -2.1875 2.4375
vt 0.5 1
vt 0.4375 1
vt 0.4375 0.5
vt 0.5 0.5
vt 0.0625 1
vt 0 1
vt 0 0.5
vt 0.0625 0.5
vt 0.5 0.5
vt 0.5 1
vt 0 1
vt 0 0.5
vt 0.5 0.5
vt 0.5 1
vt 0 1
vt 0 0.5
vt 0.5 0.9375
vt 0.5 1
vt 0 1
vt 0 0.9375
vt 0 0.5
vt 0 0.5625
vt 0.5 0.5625
vt 0.5 0.5
vt 0.75 0.4375
vt 0.75 0.5
vt 0.5 0.5
vt 0.5 0.4375
vt 0.75 0.4375
vt 0.75 0.5
vt 0.5 0.5
vt 0.5 0.4375
vt 0.75 0.4375
vt 0.75 0.5
vt 0.5 0.5
vt 0.5 0.4375
vt 0.75 0.4375
vt 0.75 0.5
vt 0.5 0.5
vt 0.5 0.4375
vt 0.375 0.5
vt 0.375 0.6875
vt 0.125 0.6875
vt 0.125 0.5
vt 0.375 0.5
vt 0.375 0.6875
vt 0.125 0.6875
vt 0.125 0.5
vt 0.375 0.5
vt 0.375 0.6875
vt 0.3125 0.6875
vt 0.3125 0.5
vt 0.1875 0.5
vt 0.1875 0.6875
vt 0.125 0.6875
vt 0.125 0.5
vt 0.375 0.5
vt 0.375 0.6875
vt 0.125 0.6875
vt 0.125 0.5
vt 0.375 0.5
vt 0.375 0.6875
vt 0.125 0.6875
vt 0.125 0.5
vt 0.375 0.5
vt 0.375 0.6875
vt 0.3125 0.6875
vt 0.3125 0.5
vt 0.1875 0.5
vt 0.1875 0.6875
vt 0.125 0.6875
vt 0.125 0.5
vt 0.3125 0.5625
vt 0.28125 0.5
vt 0.21875 0.5
vt 0.1875 0.5625
vt 0.1875 0.5625
vt 0.21875 0.5
vt 0.28125 0.5
vt 0.3125 0.5625
vt 0.28125 0.5625
vt 0.21875 0.5625
vt 0.21875 0.5
vt 0.28125 0.5
vt 0.3125 0.5
vt 0.3125 0.5625
vt 0.28125 0.5625
vt 0.28125 0.5
vt 0.21875 0.5
vt 0.21875 0.5625
vt 0.1875 0.5625
vt 0.1875 0.5
vt 0.3125 0.5625
vt 0.28125 0.5
vt 0.21875 0.5
vt 0.1875 0.5625
vt 0.1875 0.5625
vt 0.21875 0.5
vt 0.28125 0.5
vt 0.3125 0.5625
vt 0.28125 0.5625
vt 0.21875 0.5625
vt 0.21875 0.5
vt 0.28125 0.5
vt 0.3125 0.5
vt 0.3125 0.5625
vt 0.28125 0.5625
vt 0.28125 0.5
vt 0.21875 0.5
vt 0.21875 0.5625
vt 0.1875 0.5625
vt 0.1875 0.5
vn 2.220446049250313e-16 0 1
vn -2.220446049250313e-16 0 -1
vn 0 1 0
vn 0 -1 0
vn -1 0 2.220446049250313e-16
vn 1 0 -2.220446049250313e-16
vn 2.220446049250313e-16 0 1
vn -2.220446049250313e-16 0 -1
vn -1 0 2.220446049250313e-16
vn 1 0 -2.220446049250313e-16
vn 2.220446049250313e-16 0 1
vn -2.220446049250313e-16 0 -1
vn -1 0 2.220446049250313e-16
vn 1 0 -2.220446049250313e-16
vn 2.220446049250313e-16 0 1
vn -2.220446049250313e-16 0 -1
vn -1 0 2.220446049250313e-16
vn 1 0 -2.220446049250313e-16
vn 2.220446049250313e-16 0 1
vn -2.220446049250313e-16 0 -1
vn 0 1 0
vn -0.7071067811865476 0.7071067811865476 1.5700924586837752e-16
vn 0.7071067811865476 0.7071067811865476 -1.5700924586837752e-16
vn 2.220446049250313e-16 0 1
vn -2.220446049250313e-16 0 -1
vn 0 1 0
vn -0.7071067811865476 0.7071067811865476 1.5700924586837752e-16
vn 0.7071067811865476 0.7071067811865476 -1.5700924586837752e-16
usemtl inserter_gray
f 493/1453/364 491/1454/364 490/1455/364
f 493/1453/364 490/1455/364 492/1456/364
f 496/1457/365 494/1458/365 495/1459/365
f 496/1457/365 495/1459/365 497/1460/365
f 490/1461/366 491/1462/366 495/1463/366
f 490/1461/366 495/1463/366 494/1464/366
f 493/1465/367 492/1466/367 496/1467/367
f 493/1465/367 496/1467/367 497/1468/367
f 492/1469/368 490/1470/368 494/1471/368
f 492/1469/368 494/1471/368 496/1472/368
f 497/1473/369 495/1474/369 491/1475/369
f 497/1473/369 491/1475/369 493/1476/369
usemtl inserter_base2
f 501/1477/370 499/1478/370 498/1479/370
f 501/1477/370 498/1479/370 500/1480/370
f 504/1481/371 502/1482/371 503/1483/371
f 504/1481/371 503/1483/371 505/1484/371
f 500/1485/372 498/1486/372 502/1487/372
f 500/1485/372 502/1487/372 504/1488/372
f 505/1489/373 503/1490/373 499/1491/373
f 505/1489/373 499/1491/373 501/1492/373
usemtl inserter_gray
f 509/1493/374 507/1494/374 506/1495/374
f 509/1493/374 506/1495/374 508/1496/374
f 512/1497/375 510/1498/375 511/1499/375
f 512/1497/375 511/1499/375 513/1500/375
f 508/1501/376 506/1502/376 510/1503/376
f 508/1501/376 510/1503/376 512/1504/376
f 513/1505/377 511/1506/377 507/1507/377
f 513/1505/377 507/1507/377 509/1508/377
f 517/1509/378 515/1510/378 514/1511/378
f 517/1509/378 514/1511/378 516/1512/378
f 520/1513/379 518/1514/379 519/1515/379
f 520/1513/379 519/1515/379 521/1516/379
f 516/1517/380 514/1518/380 518/1519/380
f 516/1517/380 518/1519/380 520/1520/380
f 521/1521/381 519/1522/381 515/1523/381
f 521/1521/381 515/1523/381 517/1524/381
f 507/1525/382 523/1526/382 522/1527/382
f 507/1525/382 522/1527/382 506/1528/382
f 510/1529/383 524/1530/383 525/1531/383
f 510/1529/383 525/1531/383 511/1532/383
f 522/1533/384 523/1534/384 525/1535/384
f 522/1533/384 525/1535/384 524/1536/384
f 506/1537/385 522/1538/385 524/1539/385
f 506/1537/385 524/1539/385 510/1540/385
f 511/1541/386 525/1542/386 523/1543/386
f 511/1541/386 523/1543/386 507/1544/386
f 515/1545/387 527/1546/387 526/1547/387
f 515/1545/387 526/1547/387 514/1548/387
f 518/1549/388 528/1550/388 529/1551/388
f 518/1549/388 529/1551/388 519/1552/388
f 526/1553/389 527/1554/389 529/1555/389
f 526/1553/389 529/1555/389 528/1556/389
f 514/1557/390 526/1558/390 528/1559/390
f 514/1557/390 528/1559/390 518/1560/390
f 519/1561/391 529/1562/391 527/1563/391
f 519/1561/391 527/1563/391 515/1564/391
o door2
v 0.9374999999999999 -1.8125 1.375
v 0.9374999999999999 -1.8125 0.5625
v 0.9374999999999999 -1.75 1.375
v 0.9374999999999999 -1.75 0.5625
v 1.0625 -1.8125 1.375
v 1.0625 -1.8125 0.5625
v 1.0625 -1.75 1.375
v 1.0625 -1.75 0.5625
v 0.9374999999999999 -1.8125 2.4375
v 0.9374999999999999 -1.8125 1.5
v 0.9374999999999999 -1.75 2.4375
v 0.9374999999999999 -1.75 1.5
v 1.0625 -1.8125 2.4375
v 1.0625 -1.8125 1.5
v 1.0625 -1.75 2.4375
v 1.0625 -1.75 1.5
v 0.7499999999999999 -1.8125 2.4375
v 0.7499999999999999 -1.8125 0.5625
v 0.7499999999999999 -1.75 2.4375
v 0.7499999999999999 -1.75 0.5625
v 0.7499999999999999 -1.8125 1.5
v 0.7499999999999999 -1.75 1.5
v 0.9374999999999999 -1.8125 2.4375
v 0.9374999999999999 -1.8125 0.5625
v 0.9374999999999999 -1.75 2.4375
v 0.9374999999999999 -1.75 0.5625
v 0.9374999999999999 -1.8125 1.5
v 0.9374999999999999 -1.75 1.5
vt 0.234375 0.984375
vt 0.234375 1
vt 0 1
vt 0 0.984375
vt 0.03125 0.796875
vt 0.03125 1
vt 0 1
vt 0 0.796875
vt 0.046875 0.25
vt 0.046875 0.453125
vt 0.015625 0.453125
vt 0.015625 0.25
vt 0.03125 0.984375
vt 0.03125 1
vt 0 1
vt 0 0.984375
vt 0.03125 0.984375
vt 0.03125 1
vt 0 1
vt 0 0.984375
vt 0.234375 0.984375
vt 0.234375 1
vt 0 1
vt 0 0.984375
vt 0.03125 0
vt 0.03125 0.234375
vt 0 0.234375
vt 0 0
vt 0.046875 0.765625
vt 0.046875 1
vt 0.015625 1
vt 0.015625 0.765625
vt 0.03125 0.984375
vt 0.03125 1
vt 0 1
vt 0 0.984375
vt 0.03125 0.984375
vt 0.03125 1
vt 0 1
vt 0 0.984375
vt 0.46875 1
vt 0.234375 1
vt 0.234375 0.984375
vt 0.46875 0.984375
vt 0 0.984375
vt 0.234375 0.984375
vt 0.234375 1
vt 0 1
vt 0.953125 1
vt 0.953125 0.765625
vt 1 0.765625
vt 1 1
vt 1 0.25
vt 1 0.484375
vt 0.953125 0.484375
vt 0.953125 0.25
vt 0.046875 0.984375
vt 0.046875 1
vt 0 1
vt 0 0.984375
vt 0.046875 0.984375
vt 0.046875 1
vt 0 1
vt 0 0.984375
vt 1 0.25
vt 1 0.484375
vt 0.953125 0.484375
vt 0.953125 0.25
vt 0.46875 1
vt 0.234375 1
vt 0.234375 0.984375
vt 0.46875 0.984375
vt 0.953125 1
vt 0.953125 0.765625
vt 1 0.765625
vt 1 1
vt 0 0.984375
vt 0.234375 0.984375
vt 0.234375 1
vt 0 1
vn 1 1.2246467991473532e-16 0
vn 1.2246467991473532e-16 -1 0
vn -1.2246467991473532e-16 1 0
vn 0 0 1
vn 0 0 -1
vn 1 1.2246467991473532e-16 0
vn 1.2246467991473532e-16 -1 0
vn -1.2246467991473532e-16 1 0
vn 0 0 1
vn 0 0 -1
vn -1 -1.2246467991473532e-16 0
vn 1 1.2246467991473532e-16 0
vn 1.2246467991473532e-16 -1 0
vn -1.2246467991473532e-16 1 0
vn 0 0 1
vn 0 0 -1
vn 1.2246467991473532e-16 -1 0
vn 1 1.2246467991473532e-16 0
vn -1.2246467991473532e-16 1 0
vn -1 -1.2246467991473532e-16 0
usemtl common_steel_norivets
f 536/1565/392 534/1566/392 535/1567/392
f 536/1565/392 535/1567/392 537/1568/392
f 530/1569/393 531/1570/393 535/1571/393
f 530/1569/393 535/1571/393 534/1572/393
f 533/1573/394 532/1574/394 536/1575/394
f 533/1573/394 536/1575/394 537/1576/394
f 532/1577/395 530/1578/395 534/1579/395
f 532/1577/395 534/1579/395 536/1580/395
f 537/1581/396 535/1582/396 531/1583/396
f 537/1581/396 531/1583/396 533/1584/396
f 544/1585/397 542/1586/397 543/1587/397
f 544/1585/397 543/1587/397 545/1588/397
f 538/1589/398 539/1590/398 543/1591/398
f 538/1589/398 543/1591/398 542/1592/398
f 541/1593/399 540/1594/399 544/1595/399
f 541/1593/399 544/1595/399 545/1596/399
f 540/1597/400 538/1598/400 542/1599/400
f 540/1597/400 542/1599/400 544/1600/400
f 545/1601/401 543/1602/401 539/1603/401
f 545/1601/401 539/1603/401 541/1604/401
f 547/1605/402 550/1606/402 551/1607/402
f 547/1605/402 551/1607/402 549/1608/402
f 555/1609/403 557/1610/403 556/1611/403
f 555/1609/403 556/1611/403 553/1612/403
f 553/1613/404 556/1614/404 550/1615/404
f 553/1613/404 550/1615/404 547/1616/404
f 549/1617/405 551/1618/405 557/1619/405
f 549/1617/405 557/1619/405 555/1620/405
f 548/1621/406 546/1622/406 552/1623/406
f 548/1621/406 552/1623/406 554/1624/406
f 555/1625/407 553/1626/407 547/1627/407
f 555/1625/407 547/1627/407 549/1628/407
f 546/1629/408 550/1630/408 556/1631/408
f 546/1629/408 556/1631/408 552/1632/408
f 552/1633/409 556/1634/409 557/1635/409
f 552/1633/409 557/1635/409 554/1636/409
f 554/1637/410 557/1638/410 551/1639/410
f 554/1637/410 551/1639/410 548/1640/410
f 548/1641/411 551/1642/411 550/1643/411
f 548/1641/411 550/1643/411 546/1644/411
o door1
v 1.1875 -1.75 1.375
v 1.1875 -1.75 0.5625
v 1.1875 -1.8125 1.375
v 1.1875 -1.8125 0.5625
v 1.0625 -1.75 1.375
v 1.0625 -1.75 0.5625
v 1.0625 -1.8125 1.375
v 1.0625 -1.8125 0.5625
v 1.1875 -1.75 2.4375
v 1.1875 -1.75 1.5
v 1.1875 -1.8125 2.4375
v 1.1875 -1.8125 1.5
v 1.0625 -1.75 2.4375
v 1.0625 -1.75 1.5
v 1.0625 -1.8125 2.4375
v 1.0625 -1.8125 1.5
v 1.375 -1.75 2.4375
v 1.375 -1.75 0.5625
v 1.375 -1.8125 2.4375
v 1.375 -1.8125 0.5625
v 1.375 -1.75 1.5
v 1.375 -1.8125 1.5
v 1.1875 -1.75 2.4375
v 1.1875 -1.75 0.5625
v 1.1875 -1.8125 2.4375
v 1.1875 -1.8125 0.5625
v 1.1875 -1.75 1.5
v 1.1875 -1.8125 1.5
vt 0.234375 0.984375
vt 0.234375 1
vt 0 1
vt 0 0.984375
vt 0.046875 0.796875
vt 0.046875 1
vt 0.015625 1
vt 0.015625 0.796875
vt 0.03125 0
vt 0.03125 0.203125
vt 0 0.203125
vt 0 0
vt 0.03125 0.984375
vt 0.03125 1
vt 0 1
vt 0 0.984375
vt 0.03125 0.984375
vt 0.03125 1
vt 0 1
vt 0 0.984375
vt 0.234375 0.984375
vt 0.234375 1
vt 0 1
vt 0 0.984375
vt 0.046875 0.25
vt 0.046875 0.484375
vt 0.015625 0.484375
vt 0.015625 0.25
vt 0.03125 0.765625
vt 0.03125 1
vt 0 1
vt 0 0.765625
vt 0.03125 0.984375
vt 0.03125 1
vt 0 1
vt 0 0.984375
vt 0.03125 0.984375
vt 0.03125 1
vt 0 1
vt 0 0.984375
vt 0.46875 1
vt 0.234375 1
vt 0.234375 0.984375
vt 0.46875 0.984375
vt 0 0.984375
vt 0.234375 0.984375
vt 0.234375 1
vt 0 1
vt 0.953125 1
vt 0.953125 0.765625
vt 1 0.765625
vt 1 1
vt 1 0.25
vt 1 0.484375
vt 0.953125 0.484375
vt 0.953125 0.25
vt 0.046875 0.984375
vt 0.046875 1
vt 0 1
vt 0 0.984375
vt 0.046875 0.984375
vt 0.046875 1
vt 0 1
vt 0 0.984375
vt 1 0.25
vt 1 0.484375
vt 0.953125 0.484375
vt 0.953125 0.25
vt 0.46875 1
vt 0.234375 1
vt 0.234375 0.984375
vt 0.46875 0.984375
vt 0.953125 1
vt 0.953125 0.765625
vt 1 0.765625
vt 1 1
vt 0 0.984375
vt 0.234375 0.984375
vt 0.234375 1
vt 0 1
vn -1 0 0
vn 0 1 0
vn 0 -1 0
vn 0 0 1
vn 0 0 -1
vn -1 0 0
vn 0 1 0
vn 0 -1 0
vn 0 0 1
vn 0 0 -1
vn 1 0 0
vn -1 0 0
vn 0 1 0
vn 0 -1 0
vn 0 0 1
vn 0 0 -1
vn 0 1 0
vn -1 0 0
vn 0 -1 0
vn 1 0 0
usemtl common_steel_norivets
f 564/1645/412 562/1646/412 563/1647/412
f 564/1645/412 563/1647/412 565/1648/412
f 558/1649/413 559/1650/413 563/1651/413
f 558/1649/413 563/1651/413 562/1652/413
f 561/1653/414 560/1654/414 564/1655/414
f 561/1653/414 564/1655/414 565/1656/414
f 560/1657/415 558/1658/415 562/1659/415
f 560/1657/415 562/1659/415 564/1660/415
f 565/1661/416 563/1662/416 559/1663/416
f 565/1661/416 559/1663/416 561/1664/416
f 572/1665/417 570/1666/417 571/1667/417
f 572/1665/417 571/1667/417 573/1668/417
f 566/1669/418 567/1670/418 571/1671/418
f 566/1669/418 571/1671/418 570/1672/418
f 569/1673/419 568/1674/419 572/1675/419
f 569/1673/419 572/1675/419 573/1676/419
f 568/1677/420 566/1678/420 570/1679/420
f 568/1677/420 570/1679/420 572/1680/420
f 573/1681/421 571/1682/421 567/1683/421
f 573/1681/421 567/1683/421 569/1684/421
f 575/1685/422 578/1686/422 579/1687/422
f 575/1685/422 579/1687/422 577/1688/422
f 583/1689/423 585/1690/423 584/1691/423
f 583/1689/423 584/1691/423 581/1692/423
f 581/1693/424 584/1694/424 578/1695/424
f 581/1693/424 578/1695/424 575/1696/424
f 577/1697/425 579/1698/425 585/1699/425
f 577/1697/425 585/1699/425 583/1700/425
f 576/1701/426 574/1702/426 580/1703/426
f 576/1701/426 580/1703/426 582/1704/426
f 583/1705/427 581/1706/427 575/1707/427
f 583/1705/427 575/1707/427 577/1708/427
f 574/1709/428 578/1710/428 584/1711/428
f 574/1709/428 584/1711/428 580/1712/428
f 580/1713/429 584/1714/429 585/1715/429
f 580/1713/429 585/1715/429 582/1716/429
f 582/1717/430 585/1718/430 579/1719/430
f 582/1717/430 579/1719/430 576/1720/430
f 576/1721/431 579/1722/431 578/1723/431
f 576/1721/431 578/1723/431 574/1724/431
o weapon
v 0.625 -2.5625 2.1875
v 0.25 -2.53125 0.5625
v 1.375 -2.5625 0.5625
v -0.375 -1.375 1.703125
v -0.375 -1.375 1.046875
v -0.375 -1.5625 1.8125
v -0.375 -1.5625 0.9375
v -0.5 -1.375 1.703125
v -0.5 -1.375 1.046875
v -0.5 -1.5625 1.8125
v -0.5 -1.5625 0.9375
v -0.375 -2.5625 1.8125
v -0.375 -2.5625 0.9375
v -0.5 -2.5625 1.8125
v -0.5 -2.5625 0.9375
v 0.5625 -1.375 1.703125
v 0.5625 -1.375 1.046875
v 0.5625 -1.5625 1.8125
v 0.5625 -1.5625 0.9375
v 0.4375 -1.375 1.703125
v 0.4375 -1.375 1.046875
v 0.4375 -1.5625 1.8125
v 0.4375 -1.5625 0.9375
v 0.5625 -2.5625 1.8125
v 0.5625 -2.5625 0.9375
v 0.4375 -2.5625 1.8125
v 0.4375 -2.5625 0.9375
v 1.4375 -1.75 0.75
v 1.4375 -1.75 0.5625
v 1.4375 -1.8125 0.75
v 1.4375 -1.8125 0.5625
v 1.375 -1.75 0.75
v 1.375 -1.75 0.5625
v 1.375 -1.8125 0.75
v 1.375 -1.8125 0.5625
v 1.4375 -1.75 1.5625
v 1.4375 -1.75 1.375
v 1.4375 -1.8125 1.5625
v 1.4375 -1.8125 1.375
v 1.375 -1.75 1.5625
v 1.375 -1.75 1.375
v 1.375 -1.8125 1.5625
v 1.375 -1.8125 1.375
v 1.4375 -1.75 2.4375
v 1.4375 -1.75 2.25
v 1.4375 -1.8125 2.4375
v 1.4375 -1.8125 2.25
v 1.375 -1.75 2.4375
v 1.375 -1.75 2.25
v 1.375 -1.8125 2.4375
v 1.375 -1.8125 2.25
v 0.75 -1.75 0.75
v 0.75 -1.75 0.5625
v 0.75 -1.8125 0.75
v 0.75 -1.8125 0.5625
v 0.6875 -1.75 0.75
v 0.6875 -1.75 0.5625
v 0.6875 -1.8125 0.75
v 0.6875 -1.8125 0.5625
v 0.75 -1.75 1.5625
v 0.75 -1.75 1.375
v 0.75 -1.8125 1.5625
v 0.75 -1.8125 1.375
v 0.6875 -1.75 1.5625
v 0.6875 -1.75 1.375
v 0.6875 -1.8125 1.5625
v 0.6875 -1.8125 1.375
v 0.75 -1.75 2.4375
v 0.75 -1.75 2.25
v 0.75 -1.8125 2.4375
v 0.75 -1.8125 2.25
v 0.6875 -1.75 2.4375
v 0.6875 -1.75 2.25
v 0.6875 -1.8125 2.4375
v 0.6875 -1.8125 2.25
v 1.375 -1.8125 0.625
v 1.375 -2.5625 0.625
v 0.75 -1.8125 0.625
v 0.75 -2.5625 0.625
v 0.75 -2.5625 0.5625
v 1.0625 -1.8125 0.625
v 1.0625 -2.5625 0.625
v 1.0625 -1.8125 0.5625
v 1.0625 -2.5625 0.5625
v 0.875 -1.9375 0.5625
v 0.875 -1.9375 0.5
v 0.875 -2.1875 0.5625
v 0.875 -2.1875 0.5
v 0.625 -1.9375 0.5625
v 0.625 -1.9375 0.5
v 0.625 -2.1875 0.5625
v 0.625 -2.1875 0.5
v 1.125 -2.3125 0.5625
v 1.125 -2.3125 0.5
v 1.125 -2.5625 0.5625
v 1.125 -2.5625 0.5
v 0.6875 -2.3125 0.5625
v 0.6875 -2.3125 0.5
v 0.6875 -2.5625 0.5625
v 0.6875 -2.5625 0.5
v 1.4375 -2.0625 0.5625
v 1.4375 -2.0625 0.5
v 1.4375 -2.3125 0.5625
v 1.4375 -2.3125 0.5
v 1 -2.0625 0.5625
v 1 -2.0625 0.5
v 1 -2.3125 0.5625
v 1 -2.3125 0.5
v 1.5 -1.8125 0.5625
v 1.5 -1.8125 0.5
v 1.5 -2.0625 0.5625
v 1.5 -2.0625 0.5
v 1.25 -1.8125 0.5625
v 1.25 -1.8125 0.5
v 1.25 -2.0625 0.5625
v 1.25 -2.0625 0.5
v 0.625 -1.8125 2.4375
v 0.625 -1.8125 2.5
v 0.625 -2.0625 2.4375
v 0.625 -2.0625 2.5
v 0.875 -1.8125 2.4375
v 0.875 -1.8125 2.5
v 0.875 -2.0625 2.4375
v 0.875 -2.0625 2.5
v 0.6875 -2.0625 2.4375
v 0.6875 -2.0625 2.5
v 0.6875 -2.3125 2.4375
v 0.6875 -2.3125 2.5
v 1.125 -2.0625 2.4375
v 1.125 -2.0625 2.5
v 1.125 -2.3125 2.4375
v 1.125 -2.3125 2.5
v 1.0625 -2.3125 2.4375
v 1.0625 -2.3125 2.5
v 1.0625 -2.5625 2.4375
v 1.0625 -2.5625 2.5
v 1.5 -2.3125 2.4375
v 1.5 -2.3125 2.5
v 1.5 -2.5625 2.4375
v 1.5 -2.5625 2.5
v 1.25 -1.9375 2.4375
v 1.25 -1.9375 2.5
v 1.25 -2.1875 2.4375
v 1.25 -2.1875 2.5
v 1.5 -1.9375 2.4375
v 1.5 -1.9375 2.5
v 1.5 -2.1875 2.4375
v 1.5 -2.1875 2.5
v 0.75 -1.8125 2.375
v 0.75 -2.5625 2.375
v 0.75 -2.5625 2.4375
v 1.375 -1.8125 2.375
v 1.375 -2.5625 2.375
v 1.375 -2.5625 2.4375
v 1.0625 -1.8125 2.375
v 1.0625 -2.5625 2.375
v 1.0625 -1.8125 2.4375
v 1.5 -1.8125 2.25
v 1.5 -1.8125 1.8125
v 1.5 -2.0625 2.25
v 1.5 -2.0625 1.8125
v 1.4375 -1.8125 1.8125
v 1.4375 -2.0625 2.25
v 1.4375 -2.0625 1.8125
v 1.5 -1.9375 2.25
v 1.5 -2.1875 2.25
v 1.4375 -1.9375 2.4375
v 1.4375 -1.9375 2.25
v 1.4375 -2.1875 2.4375
v 1.4375 -2.1875 2.25
v 1.5 -2.0625 2.0625
v 1.5 -2.0625 1.625
v 1.5 -2.3125 2.0625
v 1.5 -2.3125 1.625
v 1.4375 -2.0625 2.0625
v 1.4375 -2.0625 1.625
v 1.4375 -2.3125 2.0625
v 1.4375 -2.3125 1.625
v 1.5 -2.3125 2
v 1.5 -2.5625 2
v 1.4375 -2.3125 2.4375
v 1.4375 -2.3125 2
v 1.4375 -2.5625 2.4375
v 1.4375 -2.5625 2
v 1.5 -2.1875 1.625
v 1.5 -2.1875 1.375
v 1.5 -2.4375 1.625
v 1.5 -2.4375 1.375
v 1.4375 -2.1875 1.625
v 1.4375 -2.1875 1.375
v 1.4375 -2.4375 1.625
v 1.4375 -2.4375 1.375
v 1.5 -2.3125 1.75
v 1.5 -2.5625 1.75
v 1.4375 -2.3125 1.75
v 1.4375 -2.5625 1.75
v 1.5 -2.3125 1.375
v 1.5 -2.3125 0.9375
v 1.5 -2.5625 1.375
v 1.5 -2.5625 0.9375
v 1.4375 -2.3125 1.375
v 1.4375 -2.3125 0.9375
v 1.4375 -2.5625 1.375
v 1.4375 -2.5625 0.9375
v 1.5 -2.3125 0.8125
v 1.5 -2.3125 0.5625
v 1.5 -2.5625 0.8125
v 1.5 -2.5625 0.5625
v 1.4375 -2.3125 0.8125
v 1.4375 -2.5625 0.8125
v 1.4375 -2.5625 0.5625
v 1.5 -2.0625 1.25
v 1.5 -2.0625 0.8125
v 1.5 -2.3125 1.25
v 1.4375 -2.0625 1.25
v 1.4375 -2.0625 0.8125
v 1.4375 -2.3125 1.25
v 1.5 -1.8125 0.8125
v 1.4375 -1.8125 0.8125
v 1.5 -1.8125 1.625
v 1.5 -1.8125 1.1875
v 1.5 -2.0625 1.1875
v 1.4375 -1.8125 1.625
v 1.4375 -1.8125 1.1875
v 1.4375 -2.0625 1.1875
v 1.375 -1.8125 1.5
v 1.375 -2.5625 1.5
v 1.4375 -1.8125 1.5
v 1.4375 -2.5625 1.5
v 0.6875 -2.5625 2.4375
v 0.75 -1.8125 1.5
v 0.75 -2.5625 1.5
v 0.6875 -1.8125 1.5
v 0.6875 -2.5625 1.5
v 0.625 -1.8125 0.75
v 0.625 -1.8125 1.1875
v 0.625 -2.0625 0.75
v 0.625 -2.0625 1.1875
v 0.6875 -1.8125 1.1875
v 0.6875 -2.0625 0.75
v 0.6875 -2.0625 1.1875
v 0.625 -1.9375 0.75
v 0.625 -2.1875 0.75
v 0.6875 -1.9375 0.5625
v 0.6875 -1.9375 0.75
v 0.6875 -2.1875 0.5625
v 0.6875 -2.1875 0.75
v 0.625 -2.0625 0.9375
v 0.625 -2.0625 1.375
v 0.625 -2.3125 0.9375
v 0.625 -2.3125 1.375
v 0.6875 -2.0625 0.9375
v 0.6875 -2.0625 1.375
v 0.6875 -2.3125 0.9375
v 0.6875 -2.3125 1.375
v 0.625 -2.1875 1.375
v 0.625 -2.1875 1.625
v 0.625 -2.4375 1.375
v 0.625 -2.4375 1.625
v 0.6875 -2.1875 1.375
v 0.6875 -2.1875 1.625
v 0.6875 -2.4375 1.375
v 0.6875 -2.4375 1.625
v 0.625 -2.3125 1
v 0.625 -2.3125 1.25
v 0.625 -2.5625 1
v 0.625 -2.5625 1.25
v 0.6875 -2.3125 1
v 0.6875 -2.3125 1.25
v 0.6875 -2.5625 1
v 0.6875 -2.5625 1.25
v 0.625 -2.3125 1.625
v 0.625 -2.3125 2.0625
v 0.625 -2.5625 1.625
v 0.625 -2.5625 2.0625
v 0.6875 -2.3125 1.625
v 0.6875 -2.3125 2.0625
v 0.6875 -2.5625 1.625
v 0.6875 -2.5625 2.0625
v 0.625 -2.3125 2.1875
v 0.625 -2.3125 2.4375
v 0.625 -2.5625 2.4375
v 0.6875 -2.3125 2.1875
v 0.6875 -2.5625 2.1875
v 0.625 -2.0625 1.75
v 0.625 -2.0625 2.1875
v 0.625 -2.3125 1.75
v 0.6875 -2.0625 1.75
v 0.6875 -2.0625 2.1875
v 0.6875 -2.3125 1.75
v 0.625 -1.8125 2.1875
v 0.6875 -1.8125 2.1875
v 0.625 -1.8125 1.375
v 0.625 -1.8125 1.8125
v 0.625 -2.0625 1.8125
v 0.6875 -1.8125 1.8125
v 0.6875 -2.0625 1.8125
v 1.0625 -2.625 2.0625
v 1.0625 -2.625 0.9375
v 1.0625 -2.75 2.0625
v 1.0625 -2.75 0.9375
v -0.0625 -2.625 2.0625
v -0.0625 -2.625 0.9375
v -0.0625 -2.75 2.0625
v -0.0625 -2.75 0.9375
v 1.5 -2.5625 0.5
v 1.5 -2.625 2.5
v 1.5 -2.625 0.5
v -0.5 -2.5625 2.5
v -0.5 -2.5625 0.5
v -0.5 -2.625 2.5
v -0.5 -2.625 0.5
v 1.5 -2.5625 1.5
v -0.5 -2.5625 1.5
v -0.5 -2.625 1.5
v 1.5 -2.625 1.5
v 0.5 -2.5625 1.5
v 0.5 -2.5625 2.5
v 0.5 -2.625 2.5
v 0.5 -2.625 1.5
v 0.5 -2.625 0.5
v 0.5 -2.5625 0.5
v 0.75 -2.5625 2.5
v 0.75 -2.625 2.5
v 0.75 -2.625 1.5
v 0.75 -2.625 0.5
v 0.75 -2.5625 0.5
v 1.375 -2.5625 2.5
v 1.375 -2.625 2.5
v 1.375 -2.625 1.5
v 1.375 -2.625 0.5
v 1.375 -2.5625 0.5
v 0.5 -2.5625 0.625
v -0.5 -2.5625 0.625
v -0.5 -2.625 0.625
v 0.5 -2.625 0.625
v 0.75 -2.625 0.625
v 1.375 -2.625 0.625
v 1.5 -2.625 0.625
v 1.5 -2.5625 0.625
v 0.5 -2.5625 2.4375
v -0.5 -2.5625 2.4375
v -0.5 -2.625 2.4375
v 0.5 -2.625 2.4375
v 0.75 -2.625 2.4375
v 1.375 -2.625 2.4375
v 1.5 -2.625 2.4375
v 1.0625 -2.5625 1.5
v 1.0625 -2.5625 0.5
v 1.0625 -2.625 0.5
v 1.0625 -2.625 0.625
v 1.0625 -2.625 1.5
v 1.0625 -2.625 2.4375
v 1.0625 -2.625 2.5
v 0.625 -2.34375 0.75
v 0.625 -2.34375 0.625
v 0.625 -2.46875 0.75
v 0.625 -2.46875 0.625
v 0.3125 -2.34375 0.75
v 0.3125 -2.34375 0.625
v 0.3125 -2.46875 0.75
v 0.3125 -2.46875 0.625
v 0.6875 -2.28125 0.8125
v 0.6875 -2.28125 0.5625
v 0.6875 -2.53125 0.8125
v 0.6875 -2.53125 0.5625
v 0.625 -2.28125 0.8125
v 0.625 -2.28125 0.5625
v 0.625 -2.53125 0.8125
v 0.625 -2.53125 0.5625
v 0.25 -2.28125 0.8125
v 0.25 -2.28125 0.5625
v 0.25 -2.53125 0.8125
v -0.125 -2.28125 0.8125
v -0.125 -2.28125 0.5625
v -0.125 -2.53125 0.8125
v -0.125 -2.53125 0.5625
v 0.3125 -2.25 0.84375
v 0.3125 -2.25 0.53125
v 0.3125 -2.5625 0.84375
v 0.3125 -2.5625 0.53125
v 0.25 -2.25 0.84375
v 0.25 -2.25 0.53125
v 0.25 -2.5625 0.84375
v 0.25 -2.5625 0.53125
v -0.125 -2.25 0.84375
v -0.125 -2.25 0.53125
v -0.125 -2.5625 0.84375
v -0.125 -2.5625 0.53125
v -0.1875 -2.25 0.84375
v -0.1875 -2.25 0.53125
v -0.1875 -2.5625 0.84375
v -0.1875 -2.5625 0.53125
v -0.1875 -2.4375 0.625
v -0.1875 -2.3125 0.625
v -0.3125 -2.4375 0.625
v -0.25 -2.3125 0.625
v -0.1875 -2.4375 0.75
v -0.1875 -2.3125 0.75
v -0.3125 -2.4375 0.75
v -0.25 -2.3125 0.75
v -0.1875 -2.5625 0.75
v -0.1875 -2.5 0.625
v -0.3125 -2.5625 0.75
v -0.3125 -2.5 0.625
v -0.1875 -2.4375 1.375
v -0.1875 -2.5625 1.375
v -0.3125 -2.4375 1.375
v -0.3125 -2.5625 1.375
v -0.1875 -2.4375 2
v -0.1875 -2.5625 2
v -0.3125 -2.4375 2
v -0.3125 -2.5625 2
v -0.125 -2.375 2
v -0.125 -2.375 1.9375
v -0.125 -2.5625 2
v -0.125 -2.5625 1.9375
v -0.375 -2.375 2
v -0.375 -2.375 1.9375
v -0.375 -2.5625 2
v -0.375 -2.5625 1.9375
v -0.375 -1.1875 2.4375
v -0.375 -1.1875 2.375
v -0.375 -1.9375 2.4375
v -0.375 -1.9375 2.375
v -0.4375 -1.1875 2.4375
v -0.4375 -1.1875 2.375
v -0.4375 -1.9375 2.4375
v -0.4375 -1.9375 2.375
v -0.3125 -1.9375 2.5
v -0.3125 -1.9375 2.3125
v -0.3125 -2 2.5
v -0.3125 -2 2.3125
v -0.5 -1.9375 2.5
v -0.5 -1.9375 2.3125
v -0.5 -2 2.5
v -0.5 -2 2.3125
v -0.125 -2 2.5
v -0.125 -2 2
v -0.125 -2.5625 2.5
v -0.5 -2 2
v -0.5 -2.5625 2
v -0.5 -2 2.25
v -0.5 -2.5625 2.25
v -0.125 -2.5625 2.25
v -0.125 -2 2.25
v -0.3125 -2.5625 2.5
v -0.3125 -2.5625 2.25
v -0.3125 -2 2
v -0.3125 -2 2.25
v -0.5 -2.3125 2.25
v -0.5 -2.3125 2
v -0.3125 -2.3125 2
v -0.125 -2.3125 2
v -0.125 -2.3125 2.25
v -0.125 -2.3125 2.5
v -0.3125 -2.3125 2.5
v -0.5 -2.3125 2.5
vt 1 0.046875
vt 0.97265625 0
vt 0.80859375 0
vt 0.78125 0.046875
vt 1 0.046875
vt 0.97265625 0
vt 0.80859375 0
vt 0.78125 0.046875
vt 0.8125 0.296875
vt 0.96875 0.296875
vt 0.96875 0.265625
vt 0.8125 0.265625
vt 0.96875 0.265625
vt 0.921875 0.265625
vt 0.921875 0.296875
vt 0.96875 0.296875
vt 0.875 0.265625
vt 0.828125 0.265625
vt 0.828125 0.296875
vt 0.875 0.296875
vt 1 0.296875
vt 1 0.046875
vt 0.78125 0.046875
vt 0.78125 0.296875
vt 1 0.296875
vt 1 0.046875
vt 0.78125 0.046875
vt 0.78125 0.296875
vt 0.96875 0.296875
vt 0.96875 0.046875
vt 1 0.046875
vt 1 0.296875
vt 0.96875 0.296875
vt 0.96875 0.046875
vt 1 0.046875
vt 1 0.296875
vt 1 0.046875
vt 0.97265625 0
vt 0.80859375 0
vt 0.78125 0.046875
vt 1 0.046875
vt 0.97265625 0
vt 0.80859375 0
vt 0.78125 0.046875
vt 0.8125 0.296875
vt 0.96875 0.296875
vt 0.96875 0.265625
vt 0.8125 0.265625
vt 0.96875 0.265625
vt 0.921875 0.265625
vt 0.921875 0.296875
vt 0.96875 0.296875
vt 0.875 0.265625
vt 0.828125 0.265625
vt 0.828125 0.296875
vt 0.875 0.296875
vt 1 0.296875
vt 1 0.046875
vt 0.78125 0.046875
vt 0.78125 0.296875
vt 1 0.296875
vt 1 0.046875
vt 0.78125 0.046875
vt 0.78125 0.296875
vt 0.96875 0.296875
vt 0.96875 0.046875
vt 1 0.046875
vt 1 0.296875
vt 0.96875 0.296875
vt 0.96875 0.046875
vt 1 0.046875
vt 1 0.296875
vt 0.046875 0.984375
vt 0.046875 1
vt 0 1
vt 0 0.984375
vt 0.046875 0.984375
vt 0.046875 1
vt 0 1
vt 0 0.984375
vt 0.015625 0.953125
vt 0.015625 1
vt 0 1
vt 0 0.953125
vt 0.015625 0.953125
vt 0.015625 1
vt 0 1
vt 0 0.953125
vt 0.015625 0.984375
vt 0.015625 1
vt 0 1
vt 0 0.984375
vt 0.015625 0.984375
vt 0.015625 1
vt 0 1
vt 0 0.984375
vt 0.046875 0.984375
vt 0.046875 1
vt 0 1
vt 0 0.984375
vt 0.046875 0.984375
vt 0.046875 1
vt 0 1
vt 0 0.984375
vt 0.015625 0.953125
vt 0.015625 1
vt 0 1
vt 0 0.953125
vt 0.015625 0.953125
vt 0.015625 1
vt 0 1
vt 0 0.953125
vt 0.015625 0.984375
vt 0.015625 1
vt 0 1
vt 0 0.984375
vt 0.015625 0.984375
vt 0.015625 1
vt 0 1
vt 0 0.984375
vt 0.046875 0.984375
vt 0.046875 1
vt 0 1
vt 0 0.984375
vt 0.046875 0.984375
vt 0.046875 1
vt 0 1
vt 0 0.984375
vt 0.015625 0.953125
vt 0.015625 1
vt 0 1
vt 0 0.953125
vt 0.015625 0.953125
vt 0.015625 1
vt 0 1
vt 0 0.953125
vt 0.015625 0.984375
vt 0.015625 1
vt 0 1
vt 0 0.984375
vt 0.015625 0.984375
vt 0.015625 1
vt 0 1
vt 0 0.984375
vt 0.046875 0.984375
vt 0.046875 1
vt 0 1
vt 0 0.984375
vt 0.046875 0.984375
vt 0.046875 1
vt 0 1
vt 0 0.984375
vt 0.015625 0.953125
vt 0.015625 1
vt 0 1
vt 0 0.953125
vt 0.015625 0.953125
vt 0.015625 1
vt 0 1
vt 0 0.953125
vt 0.015625 0.984375
vt 0.015625 1
vt 0 1
vt 0 0.984375
vt 0.015625 0.984375
vt 0.015625 1
vt 0 1
vt 0 0.984375
vt 0.046875 0.984375
vt 0.046875 1
vt 0 1
vt 0 0.984375
vt 0.046875 0.984375
vt 0.046875 1
vt 0 1
vt 0 0.984375
vt 0.015625 0.953125
vt 0.015625 1
vt 0 1
vt 0 0.953125
vt 0.015625 0.953125
vt 0.015625 1
vt 0 1
vt 0 0.953125
vt 0.015625 0.984375
vt 0.015625 1
vt 0 1
vt 0 0.984375
vt 0.015625 0.984375
vt 0.015625 1
vt 0 1
vt 0 0.984375
vt 0.046875 0.984375
vt 0.046875 1
vt 0 1
vt 0 0.984375
vt 0.046875 0.984375
vt 0.046875 1
vt 0 1
vt 0 0.984375
vt 0.015625 0.953125
vt 0.015625 1
vt 0 1
vt 0 0.953125
vt 0.015625 0.953125
vt 0.015625 1
vt 0 1
vt 0 0.953125
vt 0.015625 0.984375
vt 0.015625 1
vt 0 1
vt 0 0.984375
vt 0.015625 0.984375
vt 0.015625 1
vt 0 1
vt 0 0.984375
vt 0.09375 0.171875
vt 0.171875 0.171875
vt 0.171875 0.1875
vt 0.09375 0.1875
vt 0 0.8125
vt 0.078125 0.8125
vt 0.078125 1
vt 0 1
vt 0.25 0.1875
vt 0.171875 0.1875
vt 0.171875 0
vt 0.25 0
vt 0.75 1
vt 0.671875 1
vt 0.671875 0.8125
vt 0.75 0.8125
vt 0.25 0.1875
vt 0.171875 0.1875
vt 0.171875 0.171875
vt 0.25 0.171875
vt 0.09375 0
vt 0.171875 0
vt 0.171875 0.1875
vt 0.09375 0.1875
vt 0.078125 0.0625
vt 0.078125 0.125
vt 0.0625 0.125
vt 0.0625 0.0625
vt 0.078125 0.0625
vt 0.078125 0.125
vt 0.0625 0.125
vt 0.0625 0.0625
vt 0.125 0.109375
vt 0.125 0.125
vt 0.0625 0.125
vt 0.0625 0.109375
vt 0.125 0.109375
vt 0.125 0.125
vt 0.0625 0.125
vt 0.0625 0.109375
vt 0.125 0.0625
vt 0.125 0.125
vt 0.0625 0.125
vt 0.0625 0.0625
vt 0.515625 0.0625
vt 0.515625 0.125
vt 0.5 0.125
vt 0.5 0.0625
vt 0.515625 0.0625
vt 0.515625 0.125
vt 0.5 0.125
vt 0.5 0.0625
vt 0.609375 0.109375
vt 0.609375 0.125
vt 0.5 0.125
vt 0.5 0.109375
vt 0.609375 0.109375
vt 0.609375 0.125
vt 0.5 0.125
vt 0.5 0.109375
vt 0.609375 0.0625
vt 0.609375 0.125
vt 0.5 0.125
vt 0.5 0.0625
vt 0.515625 0
vt 0.515625 0.0625
vt 0.5 0.0625
vt 0.5 0
vt 0.515625 0
vt 0.515625 0.0625
vt 0.5 0.0625
vt 0.5 0
vt 0.609375 0.046875
vt 0.609375 0.0625
vt 0.5 0.0625
vt 0.5 0.046875
vt 0.609375 0.046875
vt 0.609375 0.0625
vt 0.5 0.0625
vt 0.5 0.046875
vt 0.609375 0
vt 0.609375 0.0625
vt 0.5 0.0625
vt 0.5 0
vt 0.53125 0.0625
vt 0.53125 0.125
vt 0.515625 0.125
vt 0.515625 0.0625
vt 0.53125 0.0625
vt 0.53125 0.125
vt 0.515625 0.125
vt 0.515625 0.0625
vt 0.578125 0.109375
vt 0.578125 0.125
vt 0.515625 0.125
vt 0.515625 0.109375
vt 0.578125 0.109375
vt 0.578125 0.125
vt 0.515625 0.125
vt 0.515625 0.109375
vt 0.578125 0.0625
vt 0.578125 0.125
vt 0.515625 0.125
vt 0.515625 0.0625
vt 0.53125 0.0625
vt 0.53125 0.125
vt 0.515625 0.125
vt 0.515625 0.0625
vt 0.53125 0.0625
vt 0.53125 0.125
vt 0.515625 0.125
vt 0.515625 0.0625
vt 0.578125 0.109375
vt 0.578125 0.125
vt 0.515625 0.125
vt 0.515625 0.109375
vt 0.578125 0.109375
vt 0.578125 0.125
vt 0.515625 0.125
vt 0.515625 0.109375
vt 0.578125 0.0625
vt 0.578125 0.125
vt 0.515625 0.125
vt 0.515625 0.0625
vt 0.515625 0
vt 0.515625 0.0625
vt 0.5 0.0625
vt 0.5 0
vt 0.515625 0
vt 0.515625 0.0625
vt 0.5 0.0625
vt 0.5 0
vt 0.609375 0.046875
vt 0.609375 0.0625
vt 0.5 0.0625
vt 0.5 0.046875
vt 0.609375 0.046875
vt 0.609375 0.0625
vt 0.5 0.0625
vt 0.5 0.046875
vt 0.609375 0
vt 0.609375 0.0625
vt 0.5 0.0625
vt 0.5 0
vt 0.515625 0.0625
vt 0.515625 0.125
vt 0.5 0.125
vt 0.5 0.0625
vt 0.515625 0.0625
vt 0.515625 0.125
vt 0.5 0.125
vt 0.5 0.0625
vt 0.609375 0.109375
vt 0.609375 0.125
vt 0.5 0.125
vt 0.5 0.109375
vt 0.609375 0.109375
vt 0.609375 0.125
vt 0.5 0.125
vt 0.5 0.109375
vt 0.609375 0.0625
vt 0.609375 0.125
vt 0.5 0.125
vt 0.5 0.0625
vt 0.078125 0.0625
vt 0.078125 0.125
vt 0.0625 0.125
vt 0.0625 0.0625
vt 0.078125 0.0625
vt 0.078125 0.125
vt 0.0625 0.125
vt 0.0625 0.0625
vt 0.125 0.109375
vt 0.125 0.125
vt 0.0625 0.125
vt 0.0625 0.109375
vt 0.125 0.109375
vt 0.125 0.125
vt 0.0625 0.125
vt 0.0625 0.109375
vt 0.125 0.0625
vt 0.125 0.125
vt 0.0625 0.125
vt 0.0625 0.0625
vt 0.09375 0.171875
vt 0.171875 0.171875
vt 0.171875 0.1875
vt 0.09375 0.1875
vt 0 0.8125
vt 0.078125 0.8125
vt 0.078125 1
vt 0 1
vt 0.25 0.1875
vt 0.171875 0.1875
vt 0.171875 0
vt 0.25 0
vt 0.75 1
vt 0.671875 1
vt 0.671875 0.8125
vt 0.75 0.8125
vt 0.25 0.1875
vt 0.171875 0.1875
vt 0.171875 0.171875
vt 0.25 0.171875
vt 0.09375 0
vt 0.171875 0
vt 0.171875 0.1875
vt 0.09375 0.1875
vt 0.625 0
vt 0.625 0.0625
vt 0.515625 0.0625
vt 0.515625 0
vt 0.625 0.0625
vt 0.515625 0.0625
vt 0.515625 0.046875
vt 0.625 0.046875
vt 0.53125 0
vt 0.53125 0.0625
vt 0.515625 0.0625
vt 0.515625 0
vt 0.53125 0
vt 0.53125 0.0625
vt 0.515625 0.0625
vt 0.515625 0
vt 0.546875 0.125
vt 0.546875 0.1875
vt 0.5 0.1875
vt 0.5 0.125
vt 0.515625 0.140625
vt 0.515625 0.1875
vt 0.5 0.1875
vt 0.5 0.140625
vt 0.515625 0.140625
vt 0.515625 0.1875
vt 0.5 0.1875
vt 0.5 0.140625
vt 0.515625 0.125
vt 0.515625 0.1875
vt 0.5 0.1875
vt 0.5 0.125
vt 0.515625 0.125
vt 0.515625 0.1875
vt 0.5 0.1875
vt 0.5 0.125
vt 0.125 0.0625
vt 0.125 0.125
vt 0.015625 0.125
vt 0.015625 0.0625
vt 0.125 0.125
vt 0.015625 0.125
vt 0.015625 0.109375
vt 0.125 0.109375
vt 0.125 0.125
vt 0.015625 0.125
vt 0.015625 0.109375
vt 0.125 0.109375
vt 0.03125 0.0625
vt 0.03125 0.125
vt 0.015625 0.125
vt 0.015625 0.0625
vt 0.03125 0.0625
vt 0.03125 0.125
vt 0.015625 0.125
vt 0.015625 0.0625
vt 0.609375 0.0625
vt 0.609375 0.125
vt 0.5 0.125
vt 0.5 0.0625
vt 0.609375 0.125
vt 0.5 0.125
vt 0.5 0.109375
vt 0.609375 0.109375
vt 0.609375 0.125
vt 0.5 0.125
vt 0.5 0.109375
vt 0.609375 0.109375
vt 0.515625 0.0625
vt 0.515625 0.125
vt 0.5 0.125
vt 0.5 0.0625
vt 0.640625 0.125
vt 0.640625 0.1875
vt 0.578125 0.1875
vt 0.578125 0.125
vt 0.59375 0.125
vt 0.59375 0.1875
vt 0.578125 0.1875
vt 0.578125 0.125
vt 0.59375 0.125
vt 0.59375 0.1875
vt 0.578125 0.1875
vt 0.578125 0.125
vt 0.59375 0.125
vt 0.59375 0.1875
vt 0.578125 0.1875
vt 0.578125 0.125
vt 0.59375 0.125
vt 0.59375 0.1875
vt 0.578125 0.1875
vt 0.578125 0.125
vt 0.59375 0.125
vt 0.59375 0.1875
vt 0.53125 0.1875
vt 0.53125 0.125
vt 0.546875 0.125
vt 0.546875 0.1875
vt 0.53125 0.1875
vt 0.53125 0.125
vt 0.546875 0.125
vt 0.546875 0.1875
vt 0.53125 0.1875
vt 0.53125 0.125
vt 0.546875 0.125
vt 0.546875 0.1875
vt 0.53125 0.1875
vt 0.53125 0.125
vt 0.546875 0.125
vt 0.546875 0.1875
vt 0.53125 0.1875
vt 0.53125 0.125
vt 0.640625 0
vt 0.640625 0.0625
vt 0.53125 0.0625
vt 0.53125 0
vt 0.640625 0.0625
vt 0.53125 0.0625
vt 0.53125 0.046875
vt 0.640625 0.046875
vt 0.640625 0.0625
vt 0.53125 0.0625
vt 0.53125 0.046875
vt 0.640625 0.046875
vt 0.546875 0
vt 0.546875 0.0625
vt 0.53125 0.0625
vt 0.53125 0
vt 0.546875 0
vt 0.546875 0.0625
vt 0.53125 0.0625
vt 0.53125 0
vt 0.59375 0.0625
vt 0.59375 0.125
vt 0.53125 0.125
vt 0.53125 0.0625
vt 0.546875 0.0625
vt 0.546875 0.125
vt 0.53125 0.125
vt 0.53125 0.0625
vt 0.546875 0.0625
vt 0.546875 0.125
vt 0.53125 0.125
vt 0.53125 0.0625
vt 0.546875 0.0625
vt 0.546875 0.125
vt 0.53125 0.125
vt 0.53125 0.0625
vt 0.546875 0.0625
vt 0.546875 0.125
vt 0.53125 0.125
vt 0.53125 0.0625
vt 0.640625 0.125
vt 0.640625 0.1875
vt 0.53125 0.1875
vt 0.53125 0.125
vt 0.640625 0.1875
vt 0.53125 0.1875
vt 0.53125 0.171875
vt 0.640625 0.171875
vt 0.640625 0.1875
vt 0.53125 0.1875
vt 0.53125 0.171875
vt 0.640625 0.171875
vt 0.546875 0.125
vt 0.546875 0.1875
vt 0.53125 0.1875
vt 0.53125 0.125
vt 0.546875 0.125
vt 0.546875 0.1875
vt 0.53125 0.1875
vt 0.53125 0.125
vt 0.5625 0
vt 0.5625 0.0625
vt 0.5 0.0625
vt 0.5 0
vt 0.515625 0
vt 0.515625 0.0625
vt 0.5 0.0625
vt 0.5 0
vt 0.515625 0
vt 0.515625 0.0625
vt 0.5 0.0625
vt 0.5 0
vt 0.515625 0
vt 0.515625 0.0625
vt 0.5 0.0625
vt 0.5 0
vt 0.515625 0
vt 0.515625 0.0625
vt 0.5 0.0625
vt 0.5 0
vt 0.609375 0.0625
vt 0.609375 0.125
vt 0.5 0.125
vt 0.5 0.0625
vt 0.609375 0.125
vt 0.5 0.125
vt 0.5 0.109375
vt 0.609375 0.109375
vt 0.609375 0.125
vt 0.5 0.125
vt 0.5 0.109375
vt 0.609375 0.109375
vt 0.515625 0.0625
vt 0.515625 0.125
vt 0.5 0.125
vt 0.5 0.0625
vt 0.515625 0.0625
vt 0.515625 0.125
vt 0.5 0.125
vt 0.5 0.0625
vt 0.46875 0.1875
vt 0.234375 0.1875
vt 0.234375 0
vt 0.46875 0
vt 0 0.8125
vt 0.234375 0.8125
vt 0.234375 1
vt 0 1
vt 0 0.171875
vt 0.234375 0.171875
vt 0.234375 0.1875
vt 0 0.1875
vt 0.015625 0
vt 0.015625 0.1875
vt 0 0.1875
vt 0 0
vt 0.46875 0
vt 0.46875 0.1875
vt 0.453125 0.1875
vt 0.453125 0
vt 0.75 1
vt 0.515625 1
vt 0.515625 0.8125
vt 0.75 0.8125
vt 0.46875 0.1875
vt 0.234375 0.1875
vt 0.234375 0.171875
vt 0.46875 0.171875
vt 0 0
vt 0.234375 0
vt 0.234375 0.1875
vt 0 0.1875
vt 0.625 0.0625
vt 0.515625 0.0625
vt 0.515625 0.046875
vt 0.625 0.046875
vt 0.46875 0.1875
vt 0.234375 0.1875
vt 0.234375 0
vt 0.46875 0
vt 0 0.8125
vt 0.234375 0.8125
vt 0.234375 1
vt 0 1
vt 0 0.171875
vt 0.234375 0.171875
vt 0.234375 0.1875
vt 0 0.1875
vt 0.015625 0
vt 0.015625 0.1875
vt 0 0.1875
vt 0 0
vt 0.46875 0
vt 0.46875 0.1875
vt 0.453125 0.1875
vt 0.453125 0
vt 0.75 1
vt 0.515625 1
vt 0.515625 0.8125
vt 0.75 0.8125
vt 0.46875 0.1875
vt 0.234375 0.1875
vt 0.234375 0.171875
vt 0.46875 0.171875
vt 0 0
vt 0.234375 0
vt 0.234375 0.1875
vt 0 0.1875
vt 0.625 0
vt 0.625 0.0625
vt 0.515625 0.0625
vt 0.515625 0
vt 0.625 0.0625
vt 0.515625 0.0625
vt 0.515625 0.046875
vt 0.625 0.046875
vt 0.625 0.0625
vt 0.515625 0.0625
vt 0.515625 0.046875
vt 0.625 0.046875
vt 0.53125 0
vt 0.53125 0.0625
vt 0.515625 0.0625
vt 0.515625 0
vt 0.53125 0
vt 0.53125 0.0625
vt 0.515625 0.0625
vt 0.515625 0
vt 0.546875 0.125
vt 0.546875 0.1875
vt 0.5 0.1875
vt 0.5 0.125
vt 0.515625 0.140625
vt 0.515625 0.1875
vt 0.5 0.1875
vt 0.5 0.140625
vt 0.515625 0.140625
vt 0.515625 0.1875
vt 0.5 0.1875
vt 0.5 0.140625
vt 0.515625 0.125
vt 0.515625 0.1875
vt 0.5 0.1875
vt 0.5 0.125
vt 0.515625 0.125
vt 0.515625 0.1875
vt 0.5 0.1875
vt 0.5 0.125
vt 0.125 0.0625
vt 0.125 0.125
vt 0.015625 0.125
vt 0.015625 0.0625
vt 0.125 0.125
vt 0.015625 0.125
vt 0.015625 0.109375
vt 0.125 0.109375
vt 0.125 0.125
vt 0.015625 0.125
vt 0.015625 0.109375
vt 0.125 0.109375
vt 0.03125 0.0625
vt 0.03125 0.125
vt 0.015625 0.125
vt 0.015625 0.0625
vt 0.03125 0.0625
vt 0.03125 0.125
vt 0.015625 0.125
vt 0.015625 0.0625
vt 0.640625 0.125
vt 0.640625 0.1875
vt 0.578125 0.1875
vt 0.578125 0.125
vt 0.59375 0.125
vt 0.59375 0.1875
vt 0.578125 0.1875
vt 0.578125 0.125
vt 0.59375 0.125
vt 0.59375 0.1875
vt 0.578125 0.1875
vt 0.578125 0.125
vt 0.59375 0.125
vt 0.59375 0.1875
vt 0.578125 0.1875
vt 0.578125 0.125
vt 0.59375 0.125
vt 0.59375 0.1875
vt 0.578125 0.1875
vt 0.578125 0.125
vt 0.59375 0.125
vt 0.59375 0.1875
vt 0.53125 0.1875
vt 0.53125 0.125
vt 0.546875 0.125
vt 0.546875 0.1875
vt 0.53125 0.1875
vt 0.53125 0.125
vt 0.546875 0.125
vt 0.546875 0.1875
vt 0.53125 0.1875
vt 0.53125 0.125
vt 0.546875 0.125
vt 0.546875 0.1875
vt 0.53125 0.1875
vt 0.53125 0.125
vt 0.546875 0.125
vt 0.546875 0.1875
vt 0.53125 0.1875
vt 0.53125 0.125
vt 0.640625 0
vt 0.640625 0.0625
vt 0.53125 0.0625
vt 0.53125 0
vt 0.640625 0.0625
vt 0.53125 0.0625
vt 0.53125 0.046875
vt 0.640625 0.046875
vt 0.640625 0.0625
vt 0.53125 0.0625
vt 0.53125 0.046875
vt 0.640625 0.046875
vt 0.546875 0
vt 0.546875 0.0625
vt 0.53125 0.0625
vt 0.53125 0
vt 0.546875 0
vt 0.546875 0.0625
vt 0.53125 0.0625
vt 0.53125 0
vt 0.59375 0.0625
vt 0.59375 0.125
vt 0.53125 0.125
vt 0.53125 0.0625
vt 0.546875 0.0625
vt 0.546875 0.125
vt 0.53125 0.125
vt 0.53125 0.0625
vt 0.546875 0.0625
vt 0.546875 0.125
vt 0.53125 0.125
vt 0.53125 0.0625
vt 0.546875 0.0625
vt 0.546875 0.125
vt 0.53125 0.125
vt 0.53125 0.0625
vt 0.546875 0.0625
vt 0.546875 0.125
vt 0.53125 0.125
vt 0.53125 0.0625
vt 0.640625 0.125
vt 0.640625 0.1875
vt 0.53125 0.1875
vt 0.53125 0.125
vt 0.640625 0.1875
vt 0.53125 0.1875
vt 0.53125 0.171875
vt 0.640625 0.171875
vt 0.640625 0.1875
vt 0.53125 0.1875
vt 0.53125 0.171875
vt 0.640625 0.171875
vt 0.546875 0.125
vt 0.546875 0.1875
vt 0.53125 0.1875
vt 0.53125 0.125
vt 0.546875 0.125
vt 0.546875 0.1875
vt 0.53125 0.1875
vt 0.53125 0.125
vt 0.5625 0
vt 0.5625 0.0625
vt 0.5 0.0625
vt 0.5 0
vt 0.515625 0
vt 0.515625 0.0625
vt 0.5 0.0625
vt 0.5 0
vt 0.515625 0
vt 0.515625 0.0625
vt 0.5 0.0625
vt 0.5 0
vt 0.515625 0
vt 0.515625 0.0625
vt 0.5 0.0625
vt 0.5 0
vt 0.515625 0
vt 0.515625 0.0625
vt 0.5 0.0625
vt 0.5 0
vt 0.609375 0.0625
vt 0.609375 0.125
vt 0.5 0.125
vt 0.5 0.0625
vt 0.609375 0.125
vt 0.5 0.125
vt 0.5 0.109375
vt 0.609375 0.109375
vt 0.609375 0.125
vt 0.5 0.125
vt 0.5 0.109375
vt 0.609375 0.109375
vt 0.515625 0.0625
vt 0.515625 0.125
vt 0.5 0.125
vt 0.5 0.0625
vt 0.515625 0.0625
vt 0.515625 0.125
vt 0.5 0.125
vt 0.5 0.0625
vt 0.78125 0.25
vt 0.75 0.25
vt 0.75 0
vt 0.78125 0
vt 0.78125 0.25
vt 0.75 0.25
vt 0.75 0
vt 0.78125 0
vt 0.78125 0.25
vt 0.75 0.25
vt 0.75 0
vt 0.78125 0
vt 0.78125 0.25
vt 0.75 0.25
vt 0.75 0
vt 0.78125 0
vt 0.484375 0.265625
vt 0.453125 0.265625
vt 0.453125 0.25
vt 0.484375 0.25
vt 0.171875 0.25
vt 0.203125 0.25
vt 0.203125 0.265625
vt 0.171875 0.265625
vt 0 1
vt 0 0.96875
vt 0.25 0.96875
vt 0.25 1
vt 0.25 0.25
vt 0.25 0.28125
vt 0 0.28125
vt 0 0.25
vt 0.171875 0.25
vt 0.421875 0.25
vt 0.421875 0.265625
vt 0.171875 0.265625
vt 0.484375 0.265625
vt 0.234375 0.265625
vt 0.234375 0.25
vt 0.484375 0.25
vt 0 0.5
vt 0 0.265625
vt 0.25 0.265625
vt 0.25 0.5
vt 0.234375 0.25
vt 0.46875 0.25
vt 0.46875 0.265625
vt 0.234375 0.265625
vt 0.25 0.75
vt 0.25 0.984375
vt 0 0.984375
vt 0 0.75
vt 0.421875 0.265625
vt 0.1875 0.265625
vt 0.1875 0.25
vt 0.421875 0.25
vt 0.5 0.5
vt 0.5 0.265625
vt 0.5625 0.265625
vt 0.5625 0.5
vt 0.234375 0.25
vt 0.296875 0.25
vt 0.296875 0.265625
vt 0.234375 0.265625
vt 0.5625 0.75
vt 0.5625 0.984375
vt 0.5 0.984375
vt 0.5 0.75
vt 0.5625 0.25
vt 0.5625 0.28125
vt 0.5 0.28125
vt 0.5 0.25
vt 0.421875 0.265625
vt 0.359375 0.265625
vt 0.359375 0.25
vt 0.421875 0.25
vt 0.5 1
vt 0.5 0.96875
vt 0.5625 0.96875
vt 0.5625 1
vt 1 0.484375
vt 0.921875 0.484375
vt 0.921875 0.25
vt 1 0.25
vt 0.453125 0.265625
vt 0.375 0.265625
vt 0.375 0.25
vt 0.453125 0.25
vt 0.71875 0.984375
vt 0.640625 0.984375
vt 0.640625 0.75
vt 0.71875 0.75
vt 0.71875 0.28125
vt 0.640625 0.28125
vt 0.640625 0.25
vt 0.71875 0.25
vt 0.203125 0.25
vt 0.28125 0.25
vt 0.28125 0.265625
vt 0.203125 0.265625
vt 0.71875 1
vt 0.640625 1
vt 0.640625 0.96875
vt 0.71875 0.96875
vt 0.71875 0.5
vt 0.71875 0.265625
vt 0.75 0.265625
vt 0.75 0.5
vt 0.484375 0.265625
vt 0.453125 0.265625
vt 0.453125 0.25
vt 0.484375 0.25
vt 0.75 0.75
vt 0.75 0.984375
vt 0.71875 0.984375
vt 0.71875 0.75
vt 0.75 0.25
vt 0.75 0.28125
vt 0.71875 0.28125
vt 0.71875 0.25
vt 0.171875 0.25
vt 0.203125 0.25
vt 0.203125 0.265625
vt 0.171875 0.265625
vt 0.71875 1
vt 0.71875 0.96875
vt 0.75 0.96875
vt 0.75 1
vt 1 1
vt 0.921875 1
vt 0.921875 0.78125
vt 1 0.78125
vt 0.5625 0.75
vt 0.5625 0.96875
vt 0.5 0.96875
vt 0.5 0.75
vt 0.25 0.75
vt 0.25 0.96875
vt 0 0.96875
vt 0 0.75
vt 0.421875 0.265625
vt 0.203125 0.265625
vt 0.203125 0.25
vt 0.421875 0.25
vt 0 0.5
vt 0 0.28125
vt 0.25 0.28125
vt 0.25 0.5
vt 0.5 0.5
vt 0.5 0.28125
vt 0.5625 0.28125
vt 0.5625 0.5
vt 0.71875 0.5
vt 0.640625 0.5
vt 0.640625 0.28125
vt 0.71875 0.28125
vt 0.71875 0.5
vt 0.71875 0.28125
vt 0.75 0.28125
vt 0.75 0.5
vt 0.234375 0.25
vt 0.453125 0.25
vt 0.453125 0.265625
vt 0.234375 0.265625
vt 0.75 0.75
vt 0.75 0.96875
vt 0.71875 0.96875
vt 0.71875 0.75
vt 0.71875 0.265625
vt 0.640625 0.265625
vt 0.640625 0.25
vt 0.71875 0.25
vt 0.5625 0.25
vt 0.5625 0.265625
vt 0.5 0.265625
vt 0.5 0.25
vt 0.25 0.25
vt 0.25 0.265625
vt 0 0.265625
vt 0 0.25
vt 0.484375 0.265625
vt 0.46875 0.265625
vt 0.46875 0.25
vt 0.484375 0.25
vt 0 1
vt 0 0.984375
vt 0.25 0.984375
vt 0.25 1
vt 0.5 1
vt 0.5 0.984375
vt 0.5625 0.984375
vt 0.5625 1
vt 0.71875 1
vt 0.640625 1
vt 0.640625 0.984375
vt 0.71875 0.984375
vt 0.71875 1
vt 0.71875 0.984375
vt 0.75 0.984375
vt 0.75 1
vt 0.171875 0.25
vt 0.1875 0.25
vt 0.1875 0.265625
vt 0.171875 0.265625
vt 0.75 0.25
vt 0.75 0.265625
vt 0.71875 0.265625
vt 0.71875 0.25
vt 0.75 0.25
vt 0.828125 0.25
vt 0.828125 0.484375
vt 0.75 0.484375
vt 0.75 0.78125
vt 0.828125 0.78125
vt 0.828125 1
vt 0.75 1
vt 0.5625 0.96875
vt 0.640625 0.96875
vt 0.640625 1
vt 0.5625 1
vt 0.359375 0.265625
vt 0.28125 0.265625
vt 0.28125 0.25
vt 0.359375 0.25
vt 0.5625 0.25
vt 0.640625 0.25
vt 0.640625 0.28125
vt 0.5625 0.28125
vt 0.5625 0.28125
vt 0.640625 0.28125
vt 0.640625 0.5
vt 0.5625 0.5
vt 0.5625 0.75
vt 0.640625 0.75
vt 0.640625 0.984375
vt 0.5625 0.984375
vt 0.5625 0.984375
vt 0.640625 0.984375
vt 0.640625 1
vt 0.5625 1
vt 0.296875 0.25
vt 0.375 0.25
vt 0.375 0.265625
vt 0.296875 0.265625
vt 0.5625 0.25
vt 0.640625 0.25
vt 0.640625 0.265625
vt 0.5625 0.265625
vt 0.6875 0.9375
vt 0.5625 0.9375
vt 0.5625 0.625
vt 0.6875 0.625
vt 0.6875 0.9375
vt 0.5625 0.9375
vt 0.5625 0.625
vt 0.6875 0.625
vt 0.5625 0.625
vt 0.6875 0.625
vt 0.6875 0.9375
vt 0.5625 0.9375
vt 0.6875 0.9375
vt 0.5625 0.9375
vt 0.5625 0.625
vt 0.6875 0.625
vt 0.1875 0.734375
vt 0.1875 0.796875
vt 0.125 0.796875
vt 0.125 0.734375
vt 0.1875 0.796875
vt 0.125 0.796875
vt 0.125 0.78125
vt 0.1875 0.78125
vt 0.171875 0.796875
vt 0.171875 0.734375
vt 0.1875 0.734375
vt 0.1875 0.796875
vt 0.1875 0.734375
vt 0.1875 0.796875
vt 0.171875 0.796875
vt 0.171875 0.734375
vt 0.140625 0.734375
vt 0.140625 0.796875
vt 0.125 0.796875
vt 0.125 0.734375
vt 0.1875 0.796875
vt 0.125 0.796875
vt 0.125 0.890625
vt 0.1875 0.890625
vt 0.1875 0.890625
vt 0.125 0.890625
vt 0.125 0.796875
vt 0.1875 0.796875
vt 0.125 0.890625
vt 0.1875 0.890625
vt 0.1875 0.796875
vt 0.125 0.796875
vt 0.1875 0.890625
vt 0.125 0.890625
vt 0.125 0.796875
vt 0.1875 0.796875
vt 0.296875 0.921875
vt 0.296875 1
vt 0.21875 1
vt 0.21875 0.921875
vt 0.296875 0.921875
vt 0.296875 1
vt 0.21875 1
vt 0.21875 0.921875
vt 0.296875 1
vt 0.21875 1
vt 0.21875 0.984375
vt 0.296875 0.984375
vt 0.234375 0.921875
vt 0.234375 1
vt 0.21875 1
vt 0.21875 0.921875
vt 0.234375 0.921875
vt 0.234375 1
vt 0.21875 1
vt 0.21875 0.921875
vt 0.296875 0.921875
vt 0.296875 1
vt 0.21875 1
vt 0.21875 0.921875
vt 0.296875 0.921875
vt 0.296875 1
vt 0.21875 1
vt 0.21875 0.921875
vt 0.296875 1
vt 0.21875 1
vt 0.21875 0.984375
vt 0.296875 0.984375
vt 0.234375 0.921875
vt 0.234375 1
vt 0.21875 1
vt 0.21875 0.921875
vt 0.234375 0.921875
vt 0.234375 1
vt 0.21875 1
vt 0.21875 0.921875
vt 0.75 0.125
vt 0.75 0
vt 0.875 0
vt 0.875 0.125
vt 0.875 0.125
vt 0.875 0
vt 0.75 0
vt 0.75 0.125
vt 0.6875 0
vt 0.6875 0.125
vt 0.5625 0.125
vt 0.5625 0
vt 0.5625 0.5625
vt 0.5625 0.625
vt 0.6875 0.625
vt 0.6875 0.5625
vt 0.75 0.125
vt 0.75 0
vt 0.875 0
vt 0.875 0.125
vt 0.875 0.125
vt 0.875 0
vt 0.75 0
vt 0.75 0.125
vt 0.6875 0
vt 0.6875 0.125
vt 0.5625 0.125
vt 0.5625 0
vt 0.5625 0.5625
vt 0.5625 0.625
vt 0.6875 0.625
vt 0.6875 0.5625
vt 0.5625 0.9375
vt 0.6875 0.9375
vt 0.6875 0.3125
vt 0.5625 0.3125
vt 0.6875 0.9375
vt 0.5625 0.9375
vt 0.5625 0.3125
vt 0.6875 0.3125
vt 0.6875 0.3125
vt 0.6875 0.9375
vt 0.5625 0.9375
vt 0.5625 0.3125
vt 0.5625 0.9375
vt 0.6875 0.9375
vt 0.6875 0.3125
vt 0.5625 0.3125
vt 0.6875 0.9375
vt 0.5625 0.9375
vt 0.5625 0.3125
vt 0.6875 0.3125
vt 0.6875 0.3125
vt 0.6875 0.9375
vt 0.5625 0.9375
vt 0.5625 0.3125
vt 0.140625 0.75
vt 0.140625 0.796875
vt 0.125 0.796875
vt 0.125 0.75
vt 0.1875 0.75
vt 0.1875 0.796875
vt 0.171875 0.796875
vt 0.171875 0.75
vt 0.125 0.78125
vt 0.125 0.796875
vt 0.1875 0.796875
vt 0.1875 0.78125
vt 0.1875 0.75
vt 0.1875 0.796875
vt 0.125 0.796875
vt 0.125 0.75
vt 0.984375 0.09375
vt 0.984375 0.28125
vt 0.96875 0.28125
vt 0.96875 0.09375
vt 0.984375 0.09375
vt 0.984375 0.28125
vt 0.96875 0.28125
vt 0.96875 0.09375
vt 0.984375 0.265625
vt 0.984375 0.28125
vt 0.96875 0.28125
vt 0.96875 0.265625
vt 0.984375 0.09375
vt 0.984375 0.28125
vt 0.96875 0.28125
vt 0.96875 0.09375
vt 0.984375 0.09375
vt 0.984375 0.28125
vt 0.96875 0.28125
vt 0.96875 0.09375
vt 0.09375 0.328125
vt 0.09375 0.3125
vt 0.140625 0.3125
vt 0.140625 0.328125
vt 0.140625 0.34375
vt 0.140625 0.359375
vt 0.09375 0.359375
vt 0.09375 0.34375
vt 0.140625 0.3125
vt 0.140625 0.359375
vt 0.09375 0.359375
vt 0.09375 0.3125
vt 0.140625 0.3125
vt 0.140625 0.328125
vt 0.09375 0.328125
vt 0.09375 0.3125
vt 0.09375 0.34375
vt 0.09375 0.359375
vt 0.140625 0.359375
vt 0.140625 0.34375
vt 0.6875 1
vt 0.6875 0.921875
vt 0.75 0.921875
vt 0.75 1
vt 0 1
vt 0 0.921875
vt 0.0625 0.921875
vt 0.0625 1
vt 0 0.9375
vt 0.046875 0.9375
vt 0.046875 1
vt 0 1
vt 0 0.875
vt 0.046875 0.875
vt 0.046875 0.9375
vt 0 0.9375
vt 0 1
vt 0 0.921875
vt 0.046875 0.921875
vt 0.046875 1
vt 0.703125 1
vt 0.703125 0.921875
vt 0.75 0.921875
vt 0.75 1
vt 0.6875 1
vt 0.6875 0.921875
vt 0.75 0.921875
vt 0.75 1
vt 0 0.9375
vt 0.046875 0.9375
vt 0.046875 1
vt 0 1
vt 0 1
vt 0 0.921875
vt 0.0625 0.921875
vt 0.0625 1
vt 0 0.25
vt 0.046875 0.25
vt 0.046875 0.3125
vt 0 0.3125
vt 0.703125 1
vt 0.703125 0.921875
vt 0.75 0.921875
vt 0.75 1
vt 0.09375 1
vt 0.046875 1
vt 0.046875 0.9375
vt 0.09375 0.9375
vt 0.09375 0.9375
vt 0.046875 0.9375
vt 0.046875 0.875
vt 0.09375 0.875
vt 0 1
vt 0 0.921875
vt 0.046875 0.921875
vt 0.046875 1
vt 0.75 1
vt 0.703125 1
vt 0.703125 0.9375
vt 0.75 0.9375
vt 0.75 0.3125
vt 0.703125 0.3125
vt 0.703125 0.25
vt 0.75 0.25
vt 0.0625 0.25
vt 0.0625 0.3125
vt 0 0.3125
vt 0 0.25
vt 0.75 0.25
vt 0.75 0.3125
vt 0.703125 0.3125
vt 0.703125 0.25
vt 0.046875 0.25
vt 0.046875 0.3125
vt 0 0.3125
vt 0 0.25
vt 0.75 0.25
vt 0.75 0.3125
vt 0.6875 0.3125
vt 0.6875 0.25
vt 0.0625 0.25
vt 0.0625 0.3125
vt 0 0.3125
vt 0 0.25
vt 0.75 0.25
vt 0.75 0.3125
vt 0.703125 0.3125
vt 0.703125 0.25
vt 0.046875 0.25
vt 0.046875 0.3125
vt 0 0.3125
vt 0 0.25
vt 0.75 0.25
vt 0.75 0.3125
vt 0.6875 0.3125
vt 0.6875 0.25
vn 1 0 0
vn -1 0 0
vn 0 1 0
vn 0 0.5038710255240862 0.8637789008984335
vn 0 0.5038710255240862 -0.8637789008984335
vn 1 0 0
vn -1 0 0
vn 0 0 1
vn 0 0 -1
vn 1 0 0
vn -1 0 0
vn 0 1 0
vn 0 0.5038710255240862 0.8637789008984335
vn 0 0.5038710255240862 -0.8637789008984335
vn 1 0 0
vn -1 0 0
vn 0 0 1
vn 0 0 -1
vn 1 0 0
vn -1 0 0
vn 0 1 0
vn 0 -1 0
vn 0 0 1
vn 0 0 -1
vn 1 0 0
vn -1 0 0
vn 0 1 0
vn 0 -1 0
vn 0 0 1
vn 0 0 -1
vn 1 0 0
vn -1 0 0
vn 0 1 0
vn 0 -1 0
vn 0 0 1
vn 0 0 -1
vn 1 0 0
vn -1 0 0
vn 0 1 0
vn 0 -1 0
vn 0 0 1
vn 0 0 -1
vn 1 0 0
vn -1 0 0
vn 0 1 0
vn 0 -1 0
vn 0 0 1
vn 0 0 -1
vn 1 0 0
vn -1 0 0
vn 0 1 0
vn 0 -1 0
vn 0 0 1
vn 0 0 -1
vn 0 1 0
vn 0 0 1
vn 0 0 -1
vn 0 0 1
vn 0 1 0
vn 0 0 -1
vn 1 0 0
vn -1 0 0
vn 0 1 0
vn 0 -1 0
vn 0 0 -1
vn 1 0 0
vn -1 0 0
vn 0 1 0
vn 0 -1 0
vn 0 0 -1
vn 1 0 0
vn -1 0 0
vn 0 1 0
vn 0 -1 0
vn 0 0 -1
vn 1 0 0
vn -1 0 0
vn 0 1 0
vn 0 -1 0
vn 0 0 -1
vn -1 0 0
vn 1 0 0
vn 0 1 0
vn 0 -1 0
vn 0 0 1
vn -1 0 0
vn 1 0 0
vn 0 1 0
vn 0 -1 0
vn 0 0 1
vn -1 0 0
vn 1 0 0
vn 0 1 0
vn 0 -1 0
vn 0 0 1
vn -1 0 0
vn 1 0 0
vn 0 1 0
vn 0 -1 0
vn 0 0 1
vn 0 1 0
vn 0 0 -1
vn 0 0 1
vn 0 0 -1
vn 0 1 0
vn 0 0 1
vn 1 0 0
vn 0 -1 0
vn 0 0 1
vn 0 0 -1
vn 1 0 0
vn 0 1 0
vn 0 -1 0
vn 0 0 1
vn 0 0 -1
vn 1 0 0
vn 0 1 0
vn 0 -1 0
vn 0 0 1
vn 0 0 -1
vn 1 0 0
vn 0 1 0
vn 0 -1 0
vn 0 0 1
vn 1 0 0
vn 0 1 0
vn 0 -1 0
vn 0 0 1
vn 0 0 -1
vn 1 0 0
vn 0 1 0
vn 0 -1 0
vn 0 0 1
vn 0 0 -1
vn 1 0 0
vn 0 1 0
vn 0 -1 0
vn 0 0 1
vn 0 0 -1
vn 1 0 0
vn 0 1 0
vn 0 -1 0
vn 0 0 1
vn 0 0 -1
vn 1 0 0
vn 0 1 0
vn 0 -1 0
vn 0 0 1
vn 0 0 -1
vn 1 0 0
vn 0 1 0
vn 0 -1 0
vn 0 0 1
vn 0 0 -1
vn 1 0 0
vn 0 1 0
vn 0 -1 0
vn 0 0 1
vn 0 0 -1
vn 1 0 0
vn -1 0 0
vn 0 1 0
vn 0 0 1
vn 0 0 -1
vn -1 0 0
vn 0 1 0
vn 1 0 0
vn 0 1 0
vn -1 0 0
vn 1 0 0
vn 0 1 0
vn 0 0 -1
vn 0 0 1
vn 1 0 0
vn 0 1 0
vn -1 0 0
vn -1 0 0
vn 0 1 0
vn 0 -1 0
vn 0 0 -1
vn 0 0 1
vn -1 0 0
vn 0 1 0
vn 0 -1 0
vn 0 0 -1
vn 0 0 1
vn -1 0 0
vn 0 1 0
vn 0 -1 0
vn 0 0 -1
vn 0 0 1
vn -1 0 0
vn 0 1 0
vn 0 -1 0
vn 0 0 -1
vn 0 0 1
vn -1 0 0
vn 0 1 0
vn 0 -1 0
vn 0 0 -1
vn 0 0 1
vn -1 0 0
vn 0 1 0
vn 0 -1 0
vn 0 0 -1
vn 0 0 1
vn -1 0 0
vn 0 1 0
vn 0 -1 0
vn 0 0 -1
vn 0 0 1
vn -1 0 0
vn 0 1 0
vn 0 -1 0
vn 0 0 -1
vn 0 0 1
vn -1 0 0
vn 0 1 0
vn 0 -1 0
vn 0 0 -1
vn 0 0 1
vn -1 0 0
vn 0 1 0
vn 0 -1 0
vn 0 0 -1
vn 0 0 1
vn 1 0 0
vn -1 0 0
vn 0 0 1
vn 0 0 -1
vn 1 0 0
vn -1 0 0
vn 0 1 0
vn 0 -1 0
vn 0 0 1
vn 0 0 -1
vn 0 1 0
vn -1 0 0
vn 0 -1 0
vn 1 0 0
vn 0 1 0
vn 0 0 1
vn 0 -1 0
vn 0 -1 0
vn 0 0 -1
vn 0 1 0
vn 0 1 0
vn 0 0 1
vn 0 -1 0
vn 0 -1 0
vn 0 0 -1
vn 0 1 0
vn 0 1 0
vn 0 0 1
vn 0 -1 0
vn 0 -1 0
vn 0 0 -1
vn 0 1 0
vn 0 1 0
vn 0 1 0
vn 0 1 0
vn -1 0 0
vn 0 -1 0
vn 0 -1 0
vn 0 -1 0
vn 0 -1 0
vn 1 0 0
vn 0 1 0
vn 0 1 0
vn 0 1 0
vn 0 1 0
vn -1 0 0
vn 0 -1 0
vn 0 -1 0
vn 0 -1 0
vn 0 -1 0
vn 1 0 0
vn 0 1 0
vn 0 1 0
vn 0 1 0
vn 0 1 0
vn 0 0 -1
vn 0 -1 0
vn 0 -1 0
vn 0 -1 0
vn 0 -1 0
vn 0 0 1
vn 0 1 0
vn 0 1 0
vn 0 -1 0
vn 0 0 1
vn 0 0 -1
vn -1 0 0
vn 0 1 0
vn 0 -1 0
vn 0 0 1
vn 0 0 -1
vn 0 1 0
vn 0 -1 0
vn 0 0 1
vn 0 0 -1
vn 1 0 0
vn -1 0 0
vn 0 1 0
vn 0 0 1
vn 0 0 -1
vn 1 0 0
vn -1 0 0
vn 0 1 0
vn 0 0 1
vn 0 0 -1
vn 0 0 -1
vn 0 0 1
vn -0.8944271909999161 0.44721359549995804 0
vn 0 1 0
vn 1 0 0
vn -1 0 0
vn 0 -0.8944271909999161 -0.44721359549995804
vn 0 0 -1
vn 1 0 0
vn -1 0 0
vn 0 1 0
vn 1 0 0
vn -1 0 0
vn 0 1 0
vn 1 0 0
vn -1 0 0
vn 0 1 0
vn 0 0 -1
vn 1 0 0
vn -1 0 0
vn 0 1 0
vn 0 0 1
vn 0 0 -1
vn 1 0 0
vn -1 0 0
vn 0 1 0
vn 0 0 1
vn 0 0 -1
vn 1 0 0
vn -1 0 0
vn 0 1 0
vn 0 -1 0
vn 0 0 1
vn 0 0 -1
vn -1 0 0
vn 0 -1 0
vn 1 0 0
vn 0 1 0
vn 0 0 1
vn 0 -1 0
vn 0 -1 0
vn 0 0 -1
vn 0 1 0
vn 0 1 0
vn -1 0 0
vn 0 0 -1
vn 0 0 -1
vn 1 0 0
vn 1 0 0
vn 0 0 1
vn 0 0 1
vn -1 0 0
usemtl weapon_guided_missile
f 592/1725/432 590/1726/432 589/1727/432
f 592/1725/432 589/1727/432 591/1728/432
f 595/1729/433 593/1730/433 594/1731/433
f 595/1729/433 594/1731/433 596/1732/433
f 589/1733/434 590/1734/434 594/1735/434
f 589/1733/434 594/1735/434 593/1736/434
f 591/1737/435 589/1738/435 593/1739/435
f 591/1737/435 593/1739/435 595/1740/435
f 596/1741/436 594/1742/436 590/1743/436
f 596/1741/436 590/1743/436 592/1744/436
f 598/1745/437 592/1746/437 591/1747/437
f 598/1745/437 591/1747/437 597/1748/437
f 599/1749/438 595/1750/438 596/1751/438
f 599/1749/438 596/1751/438 600/1752/438
f 597/1753/439 591/1754/439 595/1755/439
f 597/1753/439 595/1755/439 599/1756/439
f 600/1757/440 596/1758/440 592/1759/440
f 600/1757/440 592/1759/440 598/1760/440
f 604/1761/441 602/1762/441 601/1763/441
f 604/1761/441 601/1763/441 603/1764/441
f 607/1765/442 605/1766/442 606/1767/442
f 607/1765/442 606/1767/442 608/1768/442
f 601/1769/443 602/1770/443 606/1771/443
f 601/1769/443 606/1771/443 605/1772/443
f 603/1773/444 601/1774/444 605/1775/444
f 603/1773/444 605/1775/444 607/1776/444
f 608/1777/445 606/1778/445 602/1779/445
f 608/1777/445 602/1779/445 604/1780/445
f 610/1781/446 604/1782/446 603/1783/446
f 610/1781/446 603/1783/446 609/1784/446
f 611/1785/447 607/1786/447 608/1787/447
f 611/1785/447 608/1787/447 612/1788/447
f 609/1789/448 603/1790/448 607/1791/448
f 609/1789/448 607/1791/448 611/1792/448
f 612/1793/449 608/1794/449 604/1795/449
f 612/1793/449 604/1795/449 610/1796/449
usemtl common_bottom
f 616/1797/450 614/1798/450 613/1799/450
f 616/1797/450 613/1799/450 615/1800/450
f 619/1801/451 617/1802/451 618/1803/451
f 619/1801/451 618/1803/451 620/1804/451
f 613/1805/452 614/1806/452 618/1807/452
f 613/1805/452 618/1807/452 617/1808/452
f 616/1809/453 615/1810/453 619/1811/453
f 616/1809/453 619/1811/453 620/1812/453
f 615/1813/454 613/1814/454 617/1815/454
f 615/1813/454 617/1815/454 619/1816/454
f 620/1817/455 618/1818/455 614/1819/455
f 620/1817/455 614/1819/455 616/1820/455
f 624/1821/456 622/1822/456 621/1823/456
f 624/1821/456 621/1823/456 623/1824/456
f 627/1825/457 625/1826/457 626/1827/457
f 627/1825/457 626/1827/457 628/1828/457
f 621/1829/458 622/1830/458 626/1831/458
f 621/1829/458 626/1831/458 625/1832/458
f 624/1833/459 623/1834/459 627/1835/459
f 624/1833/459 627/1835/459 628/1836/459
f 623/1837/460 621/1838/460 625/1839/460
f 623/1837/460 625/1839/460 627/1840/460
f 628/1841/461 626/1842/461 622/1843/461
f 628/1841/461 622/1843/461 624/1844/461
f 632/1845/462 630/1846/462 629/1847/462
f 632/1845/462 629/1847/462 631/1848/462
f 635/1849/463 633/1850/463 634/1851/463
f 635/1849/463 634/1851/463 636/1852/463
f 629/1853/464 630/1854/464 634/1855/464
f 629/1853/464 634/1855/464 633/1856/464
f 632/1857/465 631/1858/465 635/1859/465
f 632/1857/465 635/1859/465 636/1860/465
f 631/1861/466 629/1862/466 633/1863/466
f 631/1861/466 633/1863/466 635/1864/466
f 636/1865/467 634/1866/467 630/1867/467
f 636/1865/467 630/1867/467 632/1868/467
f 640/1869/468 638/1870/468 637/1871/468
f 640/1869/468 637/1871/468 639/1872/468
f 643/1873/469 641/1874/469 642/1875/469
f 643/1873/469 642/1875/469 644/1876/469
f 637/1877/470 638/1878/470 642/1879/470
f 637/1877/470 642/1879/470 641/1880/470
f 640/1881/471 639/1882/471 643/1883/471
f 640/1881/471 643/1883/471 644/1884/471
f 639/1885/472 637/1886/472 641/1887/472
f 639/1885/472 641/1887/472 643/1888/472
f 644/1889/473 642/1890/473 638/1891/473
f 644/1889/473 638/1891/473 640/1892/473
f 648/1893/474 646/1894/474 645/1895/474
f 648/1893/474 645/1895/474 647/1896/474
f 651/1897/475 649/1898/475 650/1899/475
f 651/1897/475 650/1899/475 652/1900/475
f 645/1901/476 646/1902/476 650/1903/476
f 645/1901/476 650/1903/476 649/1904/476
f 648/1905/477 647/1906/477 651/1907/477
f 648/1905/477 651/1907/477 652/1908/477
f 647/1909/478 645/1910/478 649/1911/478
f 647/1909/478 649/1911/478 651/1912/478
f 652/1913/479 650/1914/479 646/1915/479
f 652/1913/479 646/1915/479 648/1916/479
f 656/1917/480 654/1918/480 653/1919/480
f 656/1917/480 653/1919/480 655/1920/480
f 659/1921/481 657/1922/481 658/1923/481
f 659/1921/481 658/1923/481 660/1924/481
f 653/1925/482 654/1926/482 658/1927/482
f 653/1925/482 658/1927/482 657/1928/482
f 656/1929/483 655/1930/483 659/1931/483
f 656/1929/483 659/1931/483 660/1932/483
f 655/1933/484 653/1934/484 657/1935/484
f 655/1933/484 657/1935/484 659/1936/484
f 660/1937/485 658/1938/485 654/1939/485
f 660/1937/485 654/1939/485 656/1940/485
usemtl weapon_guided_missile
f 663/1941/486 666/1942/486 668/1943/486
f 663/1941/486 668/1943/486 640/1944/486
usemtl common_bottom
f 664/1945/487 667/1946/487 666/1947/487
f 664/1945/487 666/1947/487 663/1948/487
usemtl weapon_guided_missile
f 640/1949/488 668/1950/488 669/1951/488
f 640/1949/488 669/1951/488 665/1952/488
usemtl common_bottom
f 661/1953/489 666/1954/489 667/1955/489
f 661/1953/489 667/1955/489 662/1956/489
usemtl weapon_guided_missile
f 620/1957/490 668/1958/490 666/1959/490
f 620/1957/490 666/1959/490 661/1960/490
f 588/1961/491 669/1962/491 668/1963/491
f 588/1961/491 668/1963/491 620/1964/491
f 673/1965/492 671/1966/492 670/1967/492
f 673/1965/492 670/1967/492 672/1968/492
f 676/1969/493 674/1970/493 675/1971/493
f 676/1969/493 675/1971/493 677/1972/493
f 670/1973/494 671/1974/494 675/1975/494
f 670/1973/494 675/1975/494 674/1976/494
f 673/1977/495 672/1978/495 676/1979/495
f 673/1977/495 676/1979/495 677/1980/495
f 677/1981/496 675/1982/496 671/1983/496
f 677/1981/496 671/1983/496 673/1984/496
f 681/1985/497 679/1986/497 678/1987/497
f 681/1985/497 678/1987/497 680/1988/497
f 684/1989/498 682/1990/498 683/1991/498
f 684/1989/498 683/1991/498 685/1992/498
f 678/1993/499 679/1994/499 683/1995/499
f 678/1993/499 683/1995/499 682/1996/499
f 681/1997/500 680/1998/500 684/1999/500
f 681/1997/500 684/1999/500 685/2000/500
f 685/2001/501 683/2002/501 679/2003/501
f 685/2001/501 679/2003/501 681/2004/501
f 689/2005/502 687/2006/502 686/2007/502
f 689/2005/502 686/2007/502 688/2008/502
f 692/2009/503 690/2010/503 691/2011/503
f 692/2009/503 691/2011/503 693/2012/503
f 686/2013/504 687/2014/504 691/2015/504
f 686/2013/504 691/2015/504 690/2016/504
f 689/2017/505 688/2018/505 692/2019/505
f 689/2017/505 692/2019/505 693/2020/505
f 693/2021/506 691/2022/506 687/2023/506
f 693/2021/506 687/2023/506 689/2024/506
f 697/2025/507 695/2026/507 694/2027/507
f 697/2025/507 694/2027/507 696/2028/507
f 700/2029/508 698/2030/508 699/2031/508
f 700/2029/508 699/2031/508 701/2032/508
f 694/2033/509 695/2034/509 699/2035/509
f 694/2033/509 699/2035/509 698/2036/509
f 697/2037/510 696/2038/510 700/2039/510
f 697/2037/510 700/2039/510 701/2040/510
f 701/2041/511 699/2042/511 695/2043/511
f 701/2041/511 695/2043/511 697/2044/511
f 705/2045/512 703/2046/512 702/2047/512
f 705/2045/512 702/2047/512 704/2048/512
f 708/2049/513 706/2050/513 707/2051/513
f 708/2049/513 707/2051/513 709/2052/513
f 702/2053/514 703/2054/514 707/2055/514
f 702/2053/514 707/2055/514 706/2056/514
f 705/2057/515 704/2058/515 708/2059/515
f 705/2057/515 708/2059/515 709/2060/515
f 709/2061/516 707/2062/516 703/2063/516
f 709/2061/516 703/2063/516 705/2064/516
f 713/2065/517 711/2066/517 710/2067/517
f 713/2065/517 710/2067/517 712/2068/517
f 716/2069/518 714/2070/518 715/2071/518
f 716/2069/518 715/2071/518 717/2072/518
f 710/2073/519 711/2074/519 715/2075/519
f 710/2073/519 715/2075/519 714/2076/519
f 713/2077/520 712/2078/520 716/2079/520
f 713/2077/520 716/2079/520 717/2080/520
f 717/2081/521 715/2082/521 711/2083/521
f 717/2081/521 711/2083/521 713/2084/521
f 721/2085/522 719/2086/522 718/2087/522
f 721/2085/522 718/2087/522 720/2088/522
f 724/2089/523 722/2090/523 723/2091/523
f 724/2089/523 723/2091/523 725/2092/523
f 718/2093/524 719/2094/524 723/2095/524
f 718/2093/524 723/2095/524 722/2096/524
f 721/2097/525 720/2098/525 724/2099/525
f 721/2097/525 724/2099/525 725/2100/525
f 725/2101/526 723/2102/526 719/2103/526
f 725/2101/526 719/2103/526 721/2104/526
f 729/2105/527 727/2106/527 726/2107/527
f 729/2105/527 726/2107/527 728/2108/527
f 732/2109/528 730/2110/528 731/2111/528
f 732/2109/528 731/2111/528 733/2112/528
f 726/2113/529 727/2114/529 731/2115/529
f 726/2113/529 731/2115/529 730/2116/529
f 729/2117/530 728/2118/530 732/2119/530
f 729/2117/530 732/2119/530 733/2120/530
f 733/2121/531 731/2122/531 727/2123/531
f 733/2121/531 727/2123/531 729/2124/531
f 737/2125/532 740/2126/532 742/2127/532
f 737/2125/532 742/2127/532 635/2128/532
usemtl common_bottom
f 738/2129/533 741/2130/533 740/2131/533
f 738/2129/533 740/2131/533 737/2132/533
usemtl weapon_guided_missile
f 635/2133/534 742/2134/534 720/2135/534
f 635/2133/534 720/2135/534 739/2136/534
usemtl common_bottom
f 734/2137/535 740/2138/535 741/2139/535
f 734/2137/535 741/2139/535 735/2140/535
usemtl weapon_guided_missile
f 655/2141/536 742/2142/536 740/2143/536
f 655/2141/536 740/2143/536 734/2144/536
f 736/2145/537 720/2146/537 742/2147/537
f 736/2145/537 742/2147/537 655/2148/537
f 746/2149/538 744/2150/538 743/2151/538
f 746/2149/538 743/2151/538 745/2152/538
f 746/2153/539 745/2154/539 748/2155/539
f 746/2153/539 748/2155/539 749/2156/539
f 745/2157/540 743/2158/540 632/2159/540
f 745/2157/540 632/2159/540 748/2160/540
f 749/2161/541 747/2162/541 744/2163/541
f 749/2161/541 744/2163/541 746/2164/541
f 751/2165/542 750/2166/542 730/2167/542
f 751/2165/542 730/2167/542 732/2168/542
f 730/2169/543 750/2170/543 753/2171/543
f 730/2169/543 753/2171/543 752/2172/543
f 751/2173/544 732/2174/544 754/2175/544
f 751/2173/544 754/2175/544 755/2176/544
f 732/2177/545 730/2178/545 752/2179/545
f 732/2177/545 752/2179/545 754/2180/545
f 755/2181/546 753/2182/546 750/2183/546
f 755/2181/546 750/2183/546 751/2184/546
f 759/2185/547 757/2186/547 756/2187/547
f 759/2185/547 756/2187/547 758/2188/547
f 756/2189/548 757/2190/548 761/2191/548
f 756/2189/548 761/2191/548 760/2192/548
f 759/2193/549 758/2194/549 762/2195/549
f 759/2193/549 762/2195/549 763/2196/549
f 758/2197/550 756/2198/550 760/2199/550
f 758/2197/550 760/2199/550 762/2200/550
f 763/2201/551 761/2202/551 757/2203/551
f 763/2201/551 757/2203/551 759/2204/551
f 765/2205/552 764/2206/552 722/2207/552
f 765/2205/552 722/2207/552 724/2208/552
f 722/2209/553 764/2210/553 767/2211/553
f 722/2209/553 767/2211/553 766/2212/553
f 765/2213/554 724/2214/554 768/2215/554
f 765/2213/554 768/2215/554 769/2216/554
f 724/2217/555 722/2218/555 766/2219/555
f 724/2217/555 766/2219/555 768/2220/555
f 773/2221/556 771/2222/556 770/2223/556
f 773/2221/556 770/2223/556 772/2224/556
f 770/2225/557 771/2226/557 775/2227/557
f 770/2225/557 775/2227/557 774/2228/557
f 773/2229/558 772/2230/558 776/2231/558
f 773/2229/558 776/2231/558 777/2232/558
f 772/2233/559 770/2234/559 774/2235/559
f 772/2233/559 774/2235/559 776/2236/559
f 777/2237/560 775/2238/560 771/2239/560
f 777/2237/560 771/2239/560 773/2240/560
f 779/2241/561 778/2242/561 764/2243/561
f 779/2241/561 764/2243/561 765/2244/561
f 764/2245/562 778/2246/562 780/2247/562
f 764/2245/562 780/2247/562 767/2248/562
f 779/2249/563 765/2250/563 769/2251/563
f 779/2249/563 769/2251/563 781/2252/563
f 765/2253/564 764/2254/564 767/2255/564
f 765/2253/564 767/2255/564 769/2256/564
f 781/2257/565 780/2258/565 778/2259/565
f 781/2257/565 778/2259/565 779/2260/565
f 785/2261/566 783/2262/566 782/2263/566
f 785/2261/566 782/2263/566 784/2264/566
f 782/2265/567 783/2266/567 787/2267/567
f 782/2265/567 787/2267/567 786/2268/567
f 785/2269/568 784/2270/568 788/2271/568
f 785/2269/568 788/2271/568 789/2272/568
f 784/2273/569 782/2274/569 786/2275/569
f 784/2273/569 786/2275/569 788/2276/569
f 789/2277/570 787/2278/570 783/2279/570
f 789/2277/570 783/2279/570 785/2280/570
f 793/2281/571 791/2282/571 790/2283/571
f 793/2281/571 790/2283/571 792/2284/571
f 790/2285/572 791/2286/572 688/2287/572
f 790/2285/572 688/2287/572 794/2288/572
f 793/2289/573 792/2290/573 795/2291/573
f 793/2289/573 795/2291/573 796/2292/573
f 792/2293/574 790/2294/574 794/2295/574
f 792/2293/574 794/2295/574 795/2296/574
f 796/2297/575 688/2298/575 791/2299/575
f 796/2297/575 791/2299/575 793/2300/575
f 790/2301/576 798/2302/576 797/2303/576
f 790/2301/576 797/2303/576 799/2304/576
f 797/2305/577 798/2306/577 801/2307/577
f 797/2305/577 801/2307/577 800/2308/577
f 790/2309/578 799/2310/578 802/2311/578
f 790/2309/578 802/2311/578 794/2312/578
f 799/2313/579 797/2314/579 800/2315/579
f 799/2313/579 800/2315/579 802/2316/579
f 794/2317/580 801/2318/580 798/2319/580
f 794/2317/580 798/2319/580 790/2320/580
f 696/2321/581 694/2322/581 803/2323/581
f 696/2321/581 803/2323/581 798/2324/581
f 803/2325/582 694/2326/582 616/2327/582
f 803/2325/582 616/2327/582 804/2328/582
f 696/2329/583 798/2330/583 801/2331/583
f 696/2329/583 801/2331/583 686/2332/583
f 798/2333/584 803/2334/584 804/2335/584
f 798/2333/584 804/2335/584 801/2336/584
f 686/2337/585 616/2338/585 694/2339/585
f 686/2337/585 694/2339/585 696/2340/585
f 807/2341/586 806/2342/586 805/2343/586
f 807/2341/586 805/2343/586 757/2344/586
f 805/2345/587 806/2346/587 809/2347/587
f 805/2345/587 809/2347/587 808/2348/587
f 807/2349/588 757/2350/588 761/2351/588
f 807/2349/588 761/2351/588 810/2352/588
f 757/2353/589 805/2354/589 808/2355/589
f 757/2353/589 808/2355/589 761/2356/589
f 810/2357/590 809/2358/590 806/2359/590
f 810/2357/590 806/2359/590 807/2360/590
f 616/2361/591 813/2362/591 814/2363/591
f 616/2361/591 814/2363/591 796/2364/591
usemtl common_bottom
f 588/2365/592 812/2366/592 811/2367/592
f 588/2365/592 811/2367/592 620/2368/592
usemtl weapon_guided_missile
f 620/2369/593 811/2370/593 813/2371/593
f 620/2369/593 813/2371/593 616/2372/593
f 768/2373/594 631/2374/594 635/2375/594
f 768/2373/594 635/2375/594 739/2376/594
f 588/2377/595 620/2378/595 616/2379/595
f 588/2377/595 616/2379/595 796/2380/595
usemtl common_bottom
f 635/2381/596 811/2382/596 812/2383/596
f 635/2381/596 812/2383/596 739/2384/596
usemtl weapon_guided_missile
f 631/2385/597 813/2386/597 811/2387/597
f 631/2385/597 811/2387/597 635/2388/597
f 768/2389/598 814/2390/598 813/2391/598
f 768/2389/598 813/2391/598 631/2392/598
f 743/2393/599 744/2394/599 747/2395/599
f 743/2393/599 747/2395/599 632/2396/599
f 659/2397/600 818/2398/600 819/2399/600
f 659/2397/600 819/2399/600 815/2400/600
usemtl common_bottom
f 736/2401/601 817/2402/601 816/2403/601
f 736/2401/601 816/2403/601 655/2404/601
usemtl weapon_guided_missile
f 655/2405/602 816/2406/602 818/2407/602
f 655/2405/602 818/2407/602 659/2408/602
f 684/2409/603 644/2410/603 640/2411/603
f 684/2409/603 640/2411/603 665/2412/603
f 736/2413/604 655/2414/604 659/2415/604
f 736/2413/604 659/2415/604 815/2416/604
usemtl common_bottom
f 640/2417/605 816/2418/605 817/2419/605
f 640/2417/605 817/2419/605 665/2420/605
usemtl weapon_guided_missile
f 644/2421/606 818/2422/606 816/2423/606
f 644/2421/606 816/2423/606 640/2424/606
f 684/2425/607 819/2426/607 818/2427/607
f 684/2425/607 818/2427/607 644/2428/607
f 823/2429/608 821/2430/608 820/2431/608
f 823/2429/608 820/2431/608 822/2432/608
f 820/2433/609 821/2434/609 824/2435/609
f 820/2433/609 824/2435/609 643/2436/609
f 823/2437/610 822/2438/610 825/2439/610
f 823/2437/610 825/2439/610 826/2440/610
f 822/2441/611 820/2442/611 643/2443/611
f 822/2441/611 643/2443/611 825/2444/611
f 826/2445/612 824/2446/612 821/2447/612
f 826/2445/612 821/2447/612 823/2448/612
f 828/2449/613 827/2450/613 674/2451/613
f 828/2449/613 674/2451/613 676/2452/613
f 674/2453/614 827/2454/614 830/2455/614
f 674/2453/614 830/2455/614 829/2456/614
f 828/2457/615 676/2458/615 831/2459/615
f 828/2457/615 831/2459/615 832/2460/615
f 676/2461/616 674/2462/616 829/2463/616
f 676/2461/616 829/2463/616 831/2464/616
f 832/2465/617 830/2466/617 827/2467/617
f 832/2465/617 827/2467/617 828/2468/617
f 836/2469/618 834/2470/618 833/2471/618
f 836/2469/618 833/2471/618 835/2472/618
f 833/2473/619 834/2474/619 838/2475/619
f 833/2473/619 838/2475/619 837/2476/619
f 836/2477/620 835/2478/620 839/2479/620
f 836/2477/620 839/2479/620 840/2480/620
f 835/2481/621 833/2482/621 837/2483/621
f 835/2481/621 837/2483/621 839/2484/621
f 840/2485/622 838/2486/622 834/2487/622
f 840/2485/622 834/2487/622 836/2488/622
f 844/2489/623 842/2490/623 841/2491/623
f 844/2489/623 841/2491/623 843/2492/623
f 841/2493/624 842/2494/624 846/2495/624
f 841/2493/624 846/2495/624 845/2496/624
f 844/2497/625 843/2498/625 847/2499/625
f 844/2497/625 847/2499/625 848/2500/625
f 843/2501/626 841/2502/626 845/2503/626
f 843/2501/626 845/2503/626 847/2504/626
f 848/2505/627 846/2506/627 842/2507/627
f 848/2505/627 842/2507/627 844/2508/627
f 852/2509/628 850/2510/628 849/2511/628
f 852/2509/628 849/2511/628 851/2512/628
f 849/2513/629 850/2514/629 854/2515/629
f 849/2513/629 854/2515/629 853/2516/629
f 852/2517/630 851/2518/630 855/2519/630
f 852/2517/630 855/2519/630 856/2520/630
f 851/2521/631 849/2522/631 853/2523/631
f 851/2521/631 853/2523/631 855/2524/631
f 856/2525/632 854/2526/632 850/2527/632
f 856/2525/632 850/2527/632 852/2528/632
f 860/2529/633 858/2530/633 857/2531/633
f 860/2529/633 857/2531/633 859/2532/633
f 857/2533/634 858/2534/634 862/2535/634
f 857/2533/634 862/2535/634 861/2536/634
f 860/2537/635 859/2538/635 863/2539/635
f 860/2537/635 863/2539/635 864/2540/635
f 859/2541/636 857/2542/636 861/2543/636
f 859/2541/636 861/2543/636 863/2544/636
f 864/2545/637 862/2546/637 858/2547/637
f 864/2545/637 858/2547/637 860/2548/637
f 867/2549/638 866/2550/638 865/2551/638
f 867/2549/638 865/2551/638 586/2552/638
f 865/2553/639 866/2554/639 712/2555/639
f 865/2553/639 712/2555/639 868/2556/639
f 867/2557/640 586/2558/640 869/2559/640
f 867/2557/640 869/2559/640 815/2560/640
f 586/2561/641 865/2562/641 868/2563/641
f 586/2561/641 868/2563/641 869/2564/641
f 815/2565/642 712/2566/642 866/2567/642
f 815/2565/642 866/2567/642 867/2568/642
f 865/2569/643 871/2570/643 870/2571/643
f 865/2569/643 870/2571/643 872/2572/643
f 870/2573/644 871/2574/644 874/2575/644
f 870/2573/644 874/2575/644 873/2576/644
f 865/2577/645 872/2578/645 875/2579/645
f 865/2577/645 875/2579/645 868/2580/645
f 872/2581/646 870/2582/646 873/2583/646
f 872/2581/646 873/2583/646 875/2584/646
f 868/2585/647 874/2586/647 871/2587/647
f 868/2585/647 871/2587/647 865/2588/647
f 704/2589/648 702/2590/648 876/2591/648
f 704/2589/648 876/2591/648 871/2592/648
f 876/2593/649 702/2594/649 659/2595/649
f 876/2593/649 659/2595/649 877/2596/649
f 704/2597/650 871/2598/650 874/2599/650
f 704/2597/650 874/2599/650 710/2600/650
f 871/2601/651 876/2602/651 877/2603/651
f 871/2601/651 877/2603/651 874/2604/651
f 710/2605/652 659/2606/652 702/2607/652
f 710/2605/652 702/2607/652 704/2608/652
f 880/2609/653 879/2610/653 878/2611/653
f 880/2609/653 878/2611/653 834/2612/653
f 878/2613/654 879/2614/654 881/2615/654
f 878/2613/654 881/2615/654 652/2616/654
f 880/2617/655 834/2618/655 838/2619/655
f 880/2617/655 838/2619/655 882/2620/655
f 834/2621/656 878/2622/656 652/2623/656
f 834/2621/656 652/2623/656 838/2624/656
f 882/2625/657 881/2626/657 879/2627/657
f 882/2625/657 879/2627/657 880/2628/657
f 886/2629/658 884/2630/658 883/2631/658
f 886/2629/658 883/2631/658 885/2632/658
f 889/2633/659 887/2634/659 888/2635/659
f 889/2633/659 888/2635/659 890/2636/659
f 885/2637/660 883/2638/660 887/2639/660
f 885/2637/660 887/2639/660 889/2640/660
f 890/2641/661 888/2642/661 884/2643/661
f 890/2641/661 884/2643/661 886/2644/661
usemtl common_rough_steel
f 891/2645/662 925/2646/662 924/2647/662
f 891/2645/662 924/2647/662 893/2648/662
f 897/2649/663 920/2650/663 919/2651/663
f 897/2649/663 919/2651/663 895/2652/663
f 895/2653/664 919/2654/664 918/2655/664
f 895/2653/664 918/2655/664 907/2656/664
f 906/2657/665 921/2658/665 920/2659/665
f 906/2657/665 920/2659/665 897/2660/665
f 896/2661/666 904/2662/666 903/2663/666
f 896/2661/666 903/2663/666 894/2664/666
f 895/2665/667 907/2666/667 906/2667/667
f 895/2665/667 906/2667/667 897/2668/667
f 899/2669/668 927/2670/668 926/2671/668
f 899/2669/668 926/2671/668 902/2672/668
f 900/2673/669 928/2674/669 927/2675/669
f 900/2673/669 927/2675/669 899/2676/669
f 905/2677/670 929/2678/670 928/2679/670
f 905/2677/670 928/2679/670 900/2680/670
f 898/2681/671 724/2682/671 932/2683/671
f 898/2681/671 932/2683/671 901/2684/671
f 902/2685/672 926/2686/672 736/2687/672
f 902/2685/672 736/2687/672 817/2688/672
f 904/2689/673 909/2690/673 908/2691/673
f 904/2689/673 908/2691/673 903/2692/673
f 910/2693/674 930/2694/674 929/2695/674
f 910/2693/674 929/2695/674 905/2696/674
f 911/2697/675 922/2698/675 921/2699/675
f 911/2697/675 921/2699/675 906/2700/675
f 907/2701/676 912/2702/676 911/2703/676
f 907/2701/676 911/2703/676 906/2704/676
f 907/2705/677 918/2706/677 664/2707/677
f 907/2705/677 664/2707/677 912/2708/677
f 812/2709/678 933/2710/678 720/2711/678
f 812/2709/678 720/2711/678 739/2712/678
f 913/2713/679 721/2714/679 939/2715/679
f 913/2713/679 939/2715/679 914/2716/679
f 931/2717/680 938/2718/680 937/2719/680
f 931/2717/680 937/2719/680 915/2720/680
f 923/2721/681 936/2722/681 935/2723/681
f 923/2721/681 935/2723/681 916/2724/681
f 916/2725/682 935/2726/682 934/2727/682
f 916/2725/682 934/2727/682 917/2728/682
f 917/2729/683 934/2730/683 667/2731/683
f 917/2729/683 667/2731/683 662/2732/683
f 812/2733/684 739/2734/684 724/2735/684
f 812/2733/684 724/2735/684 898/2736/684
f 725/2737/685 913/2738/685 914/2739/685
f 725/2737/685 914/2739/685 892/2740/685
f 901/2741/686 932/2742/686 931/2743/686
f 901/2741/686 931/2743/686 915/2744/686
f 893/2745/687 924/2746/687 923/2747/687
f 893/2745/687 923/2747/687 916/2748/687
f 893/2749/688 916/2750/688 917/2751/688
f 893/2749/688 917/2751/688 891/2752/688
f 917/2753/689 662/2754/689 925/2755/689
f 917/2753/689 925/2755/689 891/2756/689
f 662/2757/690 667/2758/690 933/2759/690
f 662/2757/690 933/2759/690 812/2760/690
f 817/2761/691 664/2762/691 918/2763/691
f 817/2761/691 918/2763/691 902/2764/691
f 902/2765/692 918/2766/692 919/2767/692
f 902/2765/692 919/2767/692 899/2768/692
f 899/2769/693 919/2770/693 920/2771/693
f 899/2769/693 920/2771/693 900/2772/693
f 900/2773/694 920/2774/694 921/2775/694
f 900/2773/694 921/2775/694 905/2776/694
f 905/2777/695 921/2778/695 922/2779/695
f 905/2777/695 922/2779/695 910/2780/695
f 915/2781/696 937/2782/696 936/2783/696
f 915/2781/696 936/2783/696 923/2784/696
f 915/2785/697 923/2786/697 924/2787/697
f 915/2785/697 924/2787/697 901/2788/697
f 901/2789/698 924/2790/698 925/2791/698
f 901/2789/698 925/2791/698 898/2792/698
f 898/2793/699 925/2794/699 662/2795/699
f 898/2793/699 662/2795/699 812/2796/699
f 739/2797/700 720/2798/700 721/2799/700
f 739/2797/700 721/2799/700 913/2800/700
f 908/2801/701 736/2802/701 926/2803/701
f 908/2801/701 926/2803/701 903/2804/701
f 903/2805/702 926/2806/702 927/2807/702
f 903/2805/702 927/2807/702 894/2808/702
f 894/2809/703 927/2810/703 928/2811/703
f 894/2809/703 928/2811/703 896/2812/703
f 896/2813/704 928/2814/704 929/2815/704
f 896/2813/704 929/2815/704 904/2816/704
f 904/2817/705 929/2818/705 930/2819/705
f 904/2817/705 930/2819/705 909/2820/705
f 914/2821/706 939/2822/706 938/2823/706
f 914/2821/706 938/2823/706 931/2824/706
f 914/2825/707 931/2826/707 932/2827/707
f 914/2825/707 932/2827/707 892/2828/707
f 892/2829/708 932/2830/708 724/2831/708
f 892/2829/708 724/2831/708 725/2832/708
f 725/2833/709 724/2834/709 739/2835/709
f 725/2833/709 739/2835/709 913/2836/709
f 736/2837/710 720/2838/710 933/2839/710
f 736/2837/710 933/2839/710 817/2840/710
f 817/2841/711 933/2842/711 667/2843/711
f 817/2841/711 667/2843/711 664/2844/711
f 664/2845/712 667/2846/712 934/2847/712
f 664/2845/712 934/2847/712 912/2848/712
f 912/2849/713 934/2850/713 935/2851/713
f 912/2849/713 935/2851/713 911/2852/713
f 911/2853/714 935/2854/714 936/2855/714
f 911/2853/714 936/2855/714 922/2856/714
f 922/2857/715 936/2858/715 937/2859/715
f 922/2857/715 937/2859/715 910/2860/715
f 910/2861/716 937/2862/716 938/2863/716
f 910/2861/716 938/2863/716 930/2864/716
f 930/2865/717 938/2866/717 939/2867/717
f 930/2865/717 939/2867/717 909/2868/717
f 909/2869/718 939/2870/718 721/2871/718
f 909/2869/718 721/2871/718 908/2872/718
f 908/2873/719 721/2874/719 720/2875/719
f 908/2873/719 720/2875/719 736/2876/719
usemtl common_copper_cable
f 940/2877/720 941/2878/720 945/2879/720
f 940/2877/720 945/2879/720 944/2880/720
f 943/2881/721 942/2882/721 946/2883/721
f 943/2881/721 946/2883/721 947/2884/721
f 942/2885/722 940/2886/722 944/2887/722
f 942/2885/722 944/2887/722 946/2888/722
f 947/2889/723 945/2890/723 941/2891/723
f 947/2889/723 941/2891/723 943/2892/723
usemtl weapon_guided_missile
f 954/2893/724 952/2894/724 953/2895/724
f 954/2893/724 953/2895/724 955/2896/724
f 948/2897/725 949/2898/725 953/2899/725
f 948/2897/725 953/2899/725 952/2900/725
f 951/2901/726 950/2902/726 954/2903/726
f 951/2901/726 954/2903/726 955/2904/726
f 950/2905/727 948/2906/727 952/2907/727
f 950/2905/727 952/2907/727 954/2908/727
f 955/2909/728 953/2910/728 949/2911/728
f 955/2909/728 949/2911/728 951/2912/728
f 956/2913/729 957/2914/729 960/2915/729
f 956/2913/729 960/2915/729 959/2916/729
f 587/2917/730 958/2918/730 961/2919/730
f 587/2917/730 961/2919/730 962/2920/730
f 958/2921/731 956/2922/731 959/2923/731
f 958/2921/731 959/2923/731 961/2924/731
f 962/2925/732 960/2926/732 957/2927/732
f 962/2925/732 957/2927/732 587/2928/732
f 966/2929/733 964/2930/733 963/2931/733
f 966/2929/733 963/2931/733 965/2932/733
f 969/2933/734 967/2934/734 968/2935/734
f 969/2933/734 968/2935/734 970/2936/734
f 963/2937/735 964/2938/735 968/2939/735
f 963/2937/735 968/2939/735 967/2940/735
f 965/2941/736 963/2942/736 967/2943/736
f 965/2941/736 967/2943/736 969/2944/736
f 970/2945/737 968/2946/737 964/2947/737
f 970/2945/737 964/2947/737 966/2948/737
f 974/2949/738 972/2950/738 971/2951/738
f 974/2949/738 971/2951/738 973/2952/738
f 977/2953/739 975/2954/739 976/2955/739
f 977/2953/739 976/2955/739 978/2956/739
f 971/2957/740 972/2958/740 976/2959/740
f 971/2957/740 976/2959/740 975/2960/740
f 973/2961/741 971/2962/741 975/2963/741
f 973/2961/741 975/2963/741 977/2964/741
f 978/2965/742 976/2966/742 972/2967/742
f 978/2965/742 972/2967/742 974/2968/742
usemtl common_copper_cable
f 982/2969/743 980/2970/743 979/2971/743
f 982/2969/743 979/2971/743 981/2972/743
f 985/2973/744 983/2974/744 984/2975/744
f 985/2973/744 984/2975/744 986/2976/744
f 982/2977/745 981/2978/745 985/2979/745
f 982/2977/745 985/2979/745 986/2980/745
f 986/2981/746 984/2982/746 980/2983/746
f 986/2981/746 980/2983/746 982/2984/746
f 988/2985/747 979/2986/747 983/2987/747
f 988/2985/747 983/2987/747 987/2988/747
f 989/2989/748 985/2990/748 981/2991/748
f 989/2989/748 981/2991/748 990/2992/748
f 988/2993/749 987/2994/749 989/2995/749
f 988/2993/749 989/2995/749 990/2996/749
f 990/2997/750 981/2998/750 979/2999/750
f 990/2997/750 979/2999/750 988/3000/750
f 987/3001/751 983/3002/751 991/3003/751
f 987/3001/751 991/3003/751 992/3004/751
f 994/3005/752 993/3006/752 985/3007/752
f 994/3005/752 985/3007/752 989/3008/752
f 991/3009/753 983/3010/753 985/3011/753
f 991/3009/753 985/3011/753 993/3012/753
f 992/3013/754 991/3014/754 995/3015/754
f 992/3013/754 995/3015/754 996/3016/754
f 998/3017/755 997/3018/755 993/3019/755
f 998/3017/755 993/3019/755 994/3020/755
f 995/3021/756 991/3022/756 993/3023/756
f 995/3021/756 993/3023/756 997/3024/756
usemtl weapon_guided_missile
f 1002/3025/757 1000/3026/757 999/3027/757
f 1002/3025/757 999/3027/757 1001/3028/757
f 1005/3029/758 1003/3030/758 1004/3031/758
f 1005/3029/758 1004/3031/758 1006/3032/758
f 999/3033/759 1000/3034/759 1004/3035/759
f 999/3033/759 1004/3035/759 1003/3036/759
f 1006/3037/760 1004/3038/760 1000/3039/760
f 1006/3037/760 1000/3039/760 1002/3040/760
f 1010/3041/761 1008/3042/761 1007/3043/761
f 1010/3041/761 1007/3043/761 1009/3044/761
f 1013/3045/762 1011/3046/762 1012/3047/762
f 1013/3045/762 1012/3047/762 1014/3048/762
f 1007/3049/763 1008/3050/763 1012/3051/763
f 1007/3049/763 1012/3051/763 1011/3052/763
f 1009/3053/764 1007/3054/764 1011/3055/764
f 1009/3053/764 1011/3055/764 1013/3056/764
f 1014/3057/765 1012/3058/765 1008/3059/765
f 1014/3057/765 1008/3059/765 1010/3060/765
f 1018/3061/766 1016/3062/766 1015/3063/766
f 1018/3061/766 1015/3063/766 1017/3064/766
f 1021/3065/767 1019/3066/767 1020/3067/767
f 1021/3065/767 1020/3067/767 1022/3068/767
f 1015/3069/768 1016/3070/768 1020/3071/768
f 1015/3069/768 1020/3071/768 1019/3072/768
f 1017/3073/769 1015/3074/769 1019/3075/769
f 1017/3073/769 1019/3075/769 1021/3076/769
f 1022/3077/770 1020/3078/770 1016/3079/770
f 1022/3077/770 1016/3079/770 1018/3080/770
usemtl common_steel_norivets
f 1031/3081/771 1040/3082/771 1039/3083/771
f 1031/3081/771 1039/3083/771 1024/3084/771
f 1026/3085/772 1037/3086/772 1036/3087/772
f 1026/3085/772 1036/3087/772 1028/3088/772
f 1028/3089/773 1035/3090/773 1034/3091/773
f 1028/3089/773 1034/3091/773 1026/3092/773
usemtl common_rough_steel
f 1027/3093/774 998/3094/774 1033/3095/774
f 1027/3093/774 1033/3095/774 1029/3096/774
f 1021/3097/775 1043/3098/775 1042/3099/775
f 1021/3097/775 1042/3099/775 1017/3100/775
f 1034/3101/776 1038/3102/776 1037/3103/776
f 1034/3101/776 1037/3103/776 1026/3104/776
usemtl common_steel_norivets
f 1028/3105/777 1036/3106/777 1043/3107/777
f 1028/3105/777 1043/3107/777 1021/3108/777
usemtl common_rough_steel
f 1029/3109/778 1033/3110/778 1032/3111/778
f 1029/3109/778 1032/3111/778 894/3112/778
usemtl common_steel_norivets
f 1023/3113/779 1041/3114/779 1040/3115/779
f 1023/3113/779 1040/3115/779 1031/3116/779
f 1021/3117/780 1017/3118/780 1035/3119/780
f 1021/3117/780 1035/3119/780 1028/3120/780
usemtl common_rough_steel
f 1017/3121/781 1042/3122/781 1041/3123/781
f 1017/3121/781 1041/3123/781 1023/3124/781
f 1025/3125/782 1032/3126/782 1033/3127/782
f 1025/3125/782 1033/3127/782 1030/3128/782
f 1030/3129/783 1033/3130/783 998/3131/783
f 1030/3129/783 998/3131/783 1001/3132/783
f 1024/3133/784 1039/3134/784 1038/3135/784
f 1024/3133/784 1038/3135/784 1034/3136/784
usemtl common_steel_norivets
f 1024/3137/785 1034/3138/785 1035/3139/785
f 1024/3137/785 1035/3139/785 1031/3140/785
f 1031/3141/786 1035/3142/786 1017/3143/786
f 1031/3141/786 1017/3143/786 1023/3144/786
f 1029/3145/787 1036/3146/787 1037/3147/787
f 1029/3145/787 1037/3147/787 1027/3148/787
usemtl common_rough_steel
f 1027/3149/788 1037/3150/788 1038/3151/788
f 1027/3149/788 1038/3151/788 998/3152/788
f 998/3153/789 1038/3154/789 1039/3155/789
f 998/3153/789 1039/3155/789 1001/3156/789
usemtl common_steel_norivets
f 1001/3157/790 1039/3158/790 1040/3159/790
f 1001/3157/790 1040/3159/790 1030/3160/790
f 1030/3161/791 1040/3162/791 1041/3163/791
f 1030/3161/791 1041/3163/791 1025/3164/791
usemtl common_rough_steel
f 1025/3165/792 1041/3166/792 1042/3167/792
f 1025/3165/792 1042/3167/792 1032/3168/792
f 1032/3169/793 1042/3170/793 1043/3171/793
f 1032/3169/793 1043/3171/793 894/3172/793
usemtl common_steel_norivets
f 894/3173/794 1043/3174/794 1036/3175/794
f 894/3173/794 1036/3175/794 1029/3176/794