# Made by Pabilo8 with Blockbench
# Exported with IIToolkit Plugin
mtllib infrared_observer.mtl


o door
v 0.40625 -2 1.84375
v 0.40625 -1.9375 1.84375
v 0.40625 -2 0.71875
v 0.40625 -1.9375000000000002 0.71875
v -0.09375 -2 1.84375
v -0.09375 -1.9375 1.84375
v -0.09375 -2 0.71875
v -0.09375 -1.9375000000000002 0.71875
v 0.40625 -2 1.28125
v -0.09375 -2 1.28125
v -0.09375 -1.9375 1.28125
v 0.40625 -1.9375 1.28125
v 0.15625 -2 1.28125
v 0.15625 -2 0.71875
v 0.15625 -1.9375000000000002 0.71875
v 0.15625 -1.9375 1.28125
v 0.15625 -1.9375 1.84375
v 0.15625 -2 1.84375
vt 0.984375 1.000000
vt 0.984375 0.859375
vt 1.000000 0.859375
vt 1.000000 1.000000
vt 0.984375 0.937500
vt 0.984375 0.796875
vt 1.000000 0.796875
vt 1.000000 0.937500
vt 0.750000 0.750000
vt 0.812500 0.750000
vt 0.812500 0.765625
vt 0.750000 0.765625
vt 0.875000 0.750000
vt 0.937500 0.750000
vt 0.937500 0.765625
vt 0.875000 0.765625
vt 1.000000 0.890625
vt 0.937500 0.890625
vt 0.937500 0.750000
vt 1.000000 0.750000
vt 1.000000 0.890625
vt 0.937500 0.890625
vt 0.937500 0.750000
vt 1.000000 0.750000
vt 0.734375 0.750000
vt 0.796875 0.750000
vt 0.796875 0.890625
vt 0.734375 0.890625
vt 1.000000 0.859375
vt 1.000000 1.000000
vt 0.984375 1.000000
vt 0.984375 0.859375
vt 1.000000 0.890625
vt 0.937500 0.890625
vt 0.937500 0.750000
vt 1.000000 0.750000
vt 1.000000 0.859375
vt 1.000000 1.000000
vt 0.984375 1.000000
vt 0.984375 0.859375
vt 1.000000 0.890625
vt 0.937500 0.890625
vt 0.937500 0.750000
vt 1.000000 0.750000
vt 0.953125 0.765625
vt 0.890625 0.765625
vt 0.890625 0.750000
vt 0.953125 0.750000
vt 0.734375 0.750000
vt 0.796875 0.750000
vt 0.796875 0.890625
vt 0.734375 0.890625
vt 0.734375 0.750000
vt 0.796875 0.750000
vt 0.796875 0.890625
vt 0.734375 0.890625
vt 0.921875 0.765625
vt 0.859375 0.765625
vt 0.859375 0.750000
vt 0.921875 0.750000
vt 1.000000 0.890625
vt 0.937500 0.890625
vt 0.937500 0.750000
vt 1.000000 0.750000
vn 1 0 0
vn -1 0 0
vn 0 2.220446049250313e-16 1
vn 0 -2.220446049250313e-16 -1
vn 0 -1 2.220446049250313e-16
vn 0 1 -2.220446049250313e-16
vn 0 -1 2.220446049250313e-16
vn -1 0 0
vn 0 1 -2.220446049250313e-16
vn 1 0 0
vn 0 -1 2.220446049250313e-16
vn 0 -2.220446049250313e-16 -1
vn 0 1 -2.220446049250313e-16
vn 0 1 -2.220446049250313e-16
vn 0 2.220446049250313e-16 1
vn 0 -1 2.220446049250313e-16
usemtl infrared_observer
f 1/1/1 9/2/1 12/3/1
f 1/1/1 12/3/1 2/4/1
f 6/5/2 11/6/2 10/7/2
f 6/5/2 10/7/2 5/8/2
f 5/9/3 18/10/3 17/11/3
f 5/9/3 17/11/3 6/12/3
f 8/13/4 15/14/4 14/15/4
f 8/13/4 14/15/4 7/16/4
f 10/17/5 13/18/5 18/19/5
f 10/17/5 18/19/5 5/20/5
f 6/21/6 17/22/6 16/23/6
f 6/21/6 16/23/6 11/24/6
f 7/25/7 14/26/7 13/27/7
f 7/25/7 13/27/7 10/28/7
f 7/29/8 10/30/8 11/31/8
f 7/29/8 11/31/8 8/32/8
f 11/33/9 16/34/9 15/35/9
f 11/33/9 15/35/9 8/36/9
f 4/37/10 12/38/10 9/39/10
f 4/37/10 9/39/10 3/40/10
f 9/41/11 13/42/11 14/43/11
f 9/41/11 14/43/11 3/44/11
f 3/45/12 14/46/12 15/47/12
f 3/45/12 15/47/12 4/48/12
f 4/49/13 15/50/13 16/51/13
f 4/49/13 16/51/13 12/52/13
f 12/53/14 16/54/14 17/55/14
f 12/53/14 17/55/14 2/56/14
f 2/57/15 17/58/15 18/59/15
f 2/57/15 18/59/15 1/60/15
f 1/61/16 18/62/16 13/63/16
f 1/61/16 13/63/16 9/64/16
o filter
v 0.25000000000000006 -0.90625 -0.09375
v 0.25000000000000006 -0.90625 -0.15625
v 0.06250000000000003 -0.90625 -0.09375
v 0.06250000000000003 -0.90625 -0.15625
v 0.25 -0.84375 -0.09375
v 0.25 -0.84375 -0.15625
v 0.06250000000000003 -0.84375 -0.09375
v 0.06250000000000003 -0.84375 -0.15625
v 4.85722573273506e-17 -0.96875 -0.09375
v 4.85722573273506e-17 -0.96875 -0.15625
v 9.020562075079397e-17 -1.15625 -0.09375
v 9.020562075079397e-17 -1.15625 -0.15625
v -0.06249999999999995 -0.96875 -0.09375
v -0.06249999999999995 -0.96875 -0.15625
v -0.06249999999999991 -1.15625 -0.09375
v -0.06249999999999991 -1.15625 -0.15625
v 0.2500000000000001 -1.28125 -0.09375
v 0.2500000000000001 -1.28125 -0.15625
v 0.06250000000000011 -1.28125 -0.09375
v 0.06250000000000011 -1.28125 -0.15625
v 0.2500000000000001 -1.21875 -0.09375
v 0.2500000000000001 -1.21875 -0.15625
v 0.06250000000000011 -1.21875 -0.09375
v 0.06250000000000011 -1.21875 -0.15625
v 0.37500000000000006 -0.9687499999999999 -0.09375
v 0.37500000000000006 -0.9687499999999999 -0.15625
v 0.3750000000000001 -1.15625 -0.09375
v 0.3750000000000001 -1.15625 -0.15625
v 0.31250000000000006 -0.9687499999999999 -0.09375
v 0.31250000000000006 -0.9687499999999999 -0.15625
v 0.3125000000000001 -1.15625 -0.09375
v 0.3125000000000001 -1.15625 -0.15625
v 0.37500000000000006 -0.9062499999999999 -0.15625
v 0.37500000000000006 -0.9062499999999999 -0.21875
v 0.3750000000000001 -1.21875 -0.15625
v 0.3750000000000001 -1.21875 -0.21875
v 0.31250000000000006 -0.9062499999999999 -0.15625
v 0.31250000000000006 -0.9062499999999999 -0.21875
v 0.3125000000000001 -1.21875 -0.15625
v 0.3125000000000001 -1.21875 -0.21875
v 0.375 -0.8437499999999999 -0.15625
v 0.375 -0.8437499999999999 -0.21875
v 0.37500000000000006 -0.9062499999999999 -0.15625
v 0.37500000000000006 -0.9062499999999999 -0.21875
v -0.06249999999999998 -0.84375 -0.15625
v -0.06249999999999998 -0.84375 -0.21875
v -0.062499999999999965 -0.90625 -0.15625
v -0.062499999999999965 -0.90625 -0.21875
v 0.3750000000000001 -1.21875 -0.15625
v 0.3750000000000001 -1.21875 -0.21875
v 0.3750000000000001 -1.28125 -0.15625
v 0.3750000000000001 -1.28125 -0.21875
v -0.062499999999999896 -1.21875 -0.15625
v -0.062499999999999896 -1.21875 -0.21875
v -0.06249999999999988 -1.28125 -0.15625
v -0.06249999999999988 -1.28125 -0.21875
v 0.31250000000000006 -0.9062499999999999 -0.1875
v 0.31250000000000006 -0.9062499999999999 -0.1875
v 0.3125000000000001 -1.21875 -0.1875
v 0.3125000000000001 -1.21875 -0.1875
v 3.469446951953614e-17 -0.90625 -0.1875
v 3.469446951953614e-17 -0.90625 -0.1875
v 1.0408340855860843e-16 -1.21875 -0.1875
v 1.0408340855860843e-16 -1.21875 -0.1875
v 3.469446951953614e-17 -0.90625 -0.15625
v 3.469446951953614e-17 -0.90625 -0.21875
v 1.0408340855860843e-16 -1.21875 -0.15625
v 1.0408340855860843e-16 -1.21875 -0.21875
v -0.062499999999999965 -0.90625 -0.15625
v -0.062499999999999965 -0.90625 -0.21875
v -0.062499999999999896 -1.21875 -0.15625
v -0.062499999999999896 -1.21875 -0.21875
vt 0.109375 0.531250
vt 0.109375 0.578125
vt 0.093750 0.578125
vt 0.093750 0.531250
vt 0.109375 0.531250
vt 0.109375 0.578125
vt 0.093750 0.578125
vt 0.093750 0.531250
vt 0.109375 0.531250
vt 0.109375 0.546875
vt 0.093750 0.546875
vt 0.093750 0.531250
vt 0.109375 0.531250
vt 0.109375 0.546875
vt 0.093750 0.546875
vt 0.093750 0.531250
vt 0.109375 0.531250
vt 0.109375 0.578125
vt 0.093750 0.578125
vt 0.093750 0.531250
vt 0.109375 0.531250
vt 0.109375 0.578125
vt 0.093750 0.578125
vt 0.093750 0.531250
vt 0.109375 0.531250
vt 0.109375 0.578125
vt 0.093750 0.578125
vt 0.093750 0.531250
vt 0.109375 0.531250
vt 0.109375 0.546875
vt 0.093750 0.546875
vt 0.093750 0.531250
vt 0.109375 0.531250
vt 0.109375 0.546875
vt 0.093750 0.546875
vt 0.093750 0.531250
vt 0.109375 0.531250
vt 0.109375 0.578125
vt 0.093750 0.578125
vt 0.093750 0.531250
vt 0.109375 0.531250
vt 0.109375 0.578125
vt 0.093750 0.578125
vt 0.093750 0.531250
vt 0.109375 0.531250
vt 0.109375 0.578125
vt 0.093750 0.578125
vt 0.093750 0.531250
vt 0.109375 0.531250
vt 0.109375 0.546875
vt 0.093750 0.546875
vt 0.093750 0.531250
vt 0.109375 0.531250
vt 0.109375 0.546875
vt 0.093750 0.546875
vt 0.093750 0.531250
vt 0.109375 0.531250
vt 0.109375 0.578125
vt 0.093750 0.578125
vt 0.093750 0.531250
vt 0.109375 0.531250
vt 0.109375 0.578125
vt 0.093750 0.578125
vt 0.093750 0.531250
vt 0.109375 0.531250
vt 0.109375 0.578125
vt 0.093750 0.578125
vt 0.093750 0.531250
vt 0.109375 0.531250
vt 0.109375 0.546875
vt 0.093750 0.546875
vt 0.093750 0.531250
vt 0.109375 0.531250
vt 0.109375 0.546875
vt 0.093750 0.546875
vt 0.093750 0.531250
vt 0.109375 0.531250
vt 0.109375 0.578125
vt 0.093750 0.578125
vt 0.093750 0.531250
vt 0.203125 0.515625
vt 0.203125 0.593750
vt 0.218750 0.593750
vt 0.218750 0.515625
vt 0.203125 0.531250
vt 0.203125 0.609375
vt 0.218750 0.609375
vt 0.218750 0.531250
vt 0.000000 0.234375
vt 0.000000 0.312500
vt 0.015625 0.312500
vt 0.015625 0.234375
vt 0.109375 0.500000
vt 0.109375 0.578125
vt 0.125000 0.578125
vt 0.125000 0.500000
vt 0.203125 0.609375
vt 0.203125 0.625000
vt 0.218750 0.625000
vt 0.218750 0.609375
vt 0.203125 0.531250
vt 0.203125 0.546875
vt 0.218750 0.546875
vt 0.218750 0.531250
vt 0.218750 0.515625
vt 0.218750 0.500000
vt 0.109375 0.500000
vt 0.109375 0.515625
vt 0.234375 0.500000
vt 0.234375 0.515625
vt 0.125000 0.515625
vt 0.125000 0.500000
vt 0.109375 0.500000
vt 0.109375 0.515625
vt 0.218750 0.515625
vt 0.218750 0.500000
vt 0.109375 0.593750
vt 0.109375 0.609375
vt 0.218750 0.609375
vt 0.218750 0.593750
vt 0.203125 0.609375
vt 0.203125 0.625000
vt 0.218750 0.625000
vt 0.218750 0.609375
vt 0.203125 0.531250
vt 0.203125 0.546875
vt 0.218750 0.546875
vt 0.218750 0.531250
vt 0.218750 0.515625
vt 0.218750 0.500000
vt 0.109375 0.500000
vt 0.109375 0.515625
vt 0.218750 0.500000
vt 0.218750 0.515625
vt 0.109375 0.515625
vt 0.109375 0.500000
vt 0.109375 0.500000
vt 0.109375 0.515625
vt 0.218750 0.515625
vt 0.218750 0.500000
vt 0.109375 0.593750
vt 0.109375 0.609375
vt 0.218750 0.609375
vt 0.218750 0.593750
vt 0.078125 0.609375
vt 0.078125 0.609375
vt 0.078125 0.609375
vt 0.078125 0.609375
vt 0.000000 0.609375
vt 0.000000 0.609375
vt 0.000000 0.609375
vt 0.000000 0.609375
vt 0.078125 0.609375
vt 0.000000 0.609375
vt 0.078125 0.609375
vt 0.000000 0.609375
vt 0.093750 0.609375
vt 0.015625 0.609375
vt 0.093750 0.609375
vt 0.015625 0.609375
vt 0.093750 0.609375
vt 0.093750 0.687500
vt 0.015625 0.687500
vt 0.015625 0.609375
vt 0.078125 0.609375
vt 0.078125 0.687500
vt 0.000000 0.687500
vt 0.000000 0.609375
vt 0.203125 0.515625
vt 0.203125 0.593750
vt 0.218750 0.593750
vt 0.218750 0.515625
vt 0.203125 0.531250
vt 0.203125 0.609375
vt 0.218750 0.609375
vt 0.218750 0.531250
vt 0.000000 0.234375
vt 0.000000 0.312500
vt 0.015625 0.312500
vt 0.015625 0.234375
vt 0.203125 0.531250
vt 0.203125 0.609375
vt 0.218750 0.609375
vt 0.218750 0.531250
vn 2.220446049250313e-16 -1 0
vn -2.220446049250313e-16 1 0
vn 1 2.220446049250313e-16 0
vn -1 -2.220446049250313e-16 0
vn 0 0 1
vn 1 2.220446049250313e-16 0
vn -1 -2.220446049250313e-16 0
vn -2.220446049250313e-16 1 0
vn 2.220446049250313e-16 -1 0
vn 0 0 1
vn 2.220446049250313e-16 -1 0
vn -2.220446049250313e-16 1 0
vn 1 2.220446049250313e-16 0
vn -1 -2.220446049250313e-16 0
vn 0 0 1
vn 1 2.220446049250313e-16 0
vn -1 -2.220446049250313e-16 0
vn -2.220446049250313e-16 1 0
vn 2.220446049250313e-16 -1 0
vn 0 0 1
vn 1 2.220446049250313e-16 0
vn -1 -2.220446049250313e-16 0
vn 0 0 1
vn 0 0 -1
vn 1 2.220446049250313e-16 0
vn -1 -2.220446049250313e-16 0
vn -2.220446049250313e-16 1 0
vn 2.220446049250313e-16 -1 0
vn 0 0 1
vn 0 0 -1
vn 1 2.220446049250313e-16 0
vn -1 -2.220446049250313e-16 0
vn -2.220446049250313e-16 1 0
vn 2.220446049250313e-16 -1 0
vn 0 0 1
vn 0 0 -1
vn 0 0 0
vn 0 0 0
vn 0 0 0
vn 0 0 0
vn 0 0 1
vn 0 0 -1
vn 1 2.220446049250313e-16 0
vn -1 -2.220446049250313e-16 0
vn 0 0 1
vn 0 0 -1
usemtl infrared_observer
f 22/65/17 20/66/17 19/67/17
f 22/65/17 19/67/17 21/68/17
f 25/69/18 23/70/18 24/71/18
f 25/69/18 24/71/18 26/72/18
f 19/73/19 20/74/19 24/75/19
f 19/73/19 24/75/19 23/76/19
f 22/77/20 21/78/20 25/79/20
f 22/77/20 25/79/20 26/80/20
f 21/81/21 19/82/21 23/83/21
f 21/81/21 23/83/21 25/84/21
f 30/85/22 28/86/22 27/87/22
f 30/85/22 27/87/22 29/88/22
f 33/89/23 31/90/23 32/91/23
f 33/89/23 32/91/23 34/92/23
f 27/93/24 28/94/24 32/95/24
f 27/93/24 32/95/24 31/96/24
f 30/97/25 29/98/25 33/99/25
f 30/97/25 33/99/25 34/100/25
f 29/101/26 27/102/26 31/103/26
f 29/101/26 31/103/26 33/104/26
f 38/105/27 36/106/27 35/107/27
f 38/105/27 35/107/27 37/108/27
f 41/109/28 39/110/28 40/111/28
f 41/109/28 40/111/28 42/112/28
f 35/113/29 36/114/29 40/115/29
f 35/113/29 40/115/29 39/116/29
f 38/117/30 37/118/30 41/119/30
f 38/117/30 41/119/30 42/120/30
f 37/121/31 35/122/31 39/123/31
f 37/121/31 39/123/31 41/124/31
f 46/125/32 44/126/32 43/127/32
f 46/125/32 43/127/32 45/128/32
f 49/129/33 47/130/33 48/131/33
f 49/129/33 48/131/33 50/132/33
f 43/133/34 44/134/34 48/135/34
f 43/133/34 48/135/34 47/136/34
f 46/137/35 45/138/35 49/139/35
f 46/137/35 49/139/35 50/140/35
f 45/141/36 43/142/36 47/143/36
f 45/141/36 47/143/36 49/144/36
f 54/145/37 52/146/37 51/147/37
f 54/145/37 51/147/37 53/148/37
f 57/149/38 55/150/38 56/151/38
f 57/149/38 56/151/38 58/152/38
f 53/153/39 51/154/39 55/155/39
f 53/153/39 55/155/39 57/156/39
f 58/157/40 56/158/40 52/159/40
f 58/157/40 52/159/40 54/160/40
f 62/161/41 60/162/41 59/163/41
f 62/161/41 59/163/41 61/164/41
f 65/165/42 63/166/42 64/167/42
f 65/165/42 64/167/42 66/168/42
f 59/169/43 60/170/43 64/171/43
f 59/169/43 64/171/43 63/172/43
f 62/173/44 61/174/44 65/175/44
f 62/173/44 65/175/44 66/176/44
f 61/177/45 59/178/45 63/179/45
f 61/177/45 63/179/45 65/180/45
f 66/181/46 64/182/46 60/183/46
f 66/181/46 60/183/46 62/184/46
f 70/185/47 68/186/47 67/187/47
f 70/185/47 67/187/47 69/188/47
f 73/189/48 71/190/48 72/191/48
f 73/189/48 72/191/48 74/192/48
f 67/193/49 68/194/49 72/195/49
f 67/193/49 72/195/49 71/196/49
f 70/197/50 69/198/50 73/199/50
f 70/197/50 73/199/50 74/200/50
f 69/201/51 67/202/51 71/203/51
f 69/201/51 71/203/51 73/204/51
f 74/205/52 72/206/52 68/207/52
f 74/205/52 68/207/52 70/208/52
f 76/209/53 75/210/53 78/211/53
f 76/209/53 78/211/53 77/212/53
f 79/213/54 80/214/54 81/215/54
f 79/213/54 81/215/54 82/216/54
f 76/217/55 80/218/55 75/219/55
f 76/217/55 75/219/55 79/220/55
f 77/221/56 81/222/56 78/223/56
f 77/221/56 78/223/56 82/224/56
f 77/225/57 75/226/57 79/227/57
f 77/225/57 79/227/57 81/228/57
f 82/229/58 80/230/58 76/231/58
f 82/229/58 76/231/58 78/232/58
f 86/233/59 84/234/59 83/235/59
f 86/233/59 83/235/59 85/236/59
f 89/237/60 87/238/60 88/239/60
f 89/237/60 88/239/60 90/240/60
f 85/241/61 83/242/61 87/243/61
f 85/241/61 87/243/61 89/244/61
f 90/245/62 88/246/62 84/247/62
f 90/245/62 84/247/62 86/248/62
o turen
v 1.28125 -1.25 1.375
v 1.28125 -1.25 1.1875
v 1.28125 -1.4375 1.375
v 1.28125 -1.4375 1.1875
v 1.21875 -1.25 1.375
v 1.21875 -1.25 1.1875
v 1.21875 -1.4375 1.375
v 1.21875 -1.4375 1.1875
v -0.28125 -1.25 1.375
v -0.28125 -1.25 1.1875
v -0.28125 -1.4375 1.375
v -0.28125 -1.4375 1.1875
v -0.34375 -1.25 1.375
v -0.34375 -1.25 1.1875
v -0.34375 -1.4375 1.375
v -0.34375 -1.4375 1.1875
v -0.15625 -1.25 1.375
v -0.15625 -1.25 1.1875
v -0.15625 -1.4375 1.375
v -0.15625 -1.4375 1.1875
v -0.21875 -1.25 1.375
v -0.21875 -1.25 1.1875
v -0.21875 -1.4375 1.375
v -0.21875 -1.4375 1.1875
v 1.15625 -1.25 1.375
v 1.15625 -1.25 1.1875
v 1.15625 -1.4375 1.375
v 1.15625 -1.4375 1.1875
v 1.09375 -1.25 1.375
v 1.09375 -1.25 1.1875
v 1.09375 -1.4375 1.375
v 1.09375 -1.4375 1.1875
v 0.46875 -0.75 0.65625
v 0.46875 -0.75 0.03125
v 0.46875 -1.6875 0.65625
v 0.46875 -1.6875 0.03125
v -0.15625 -0.75 0.65625
v -0.15625 -0.75 0.03125
v -0.15625 -1.6875 0.65625
v -0.15625 -1.6875 0.03125
v -0.15625 -1.25 0.65625
v -0.15625 -1.25 0.03125
v 0.46875 -1.25 0.03125
v 0.46875 -1.25 0.65625
v 0.15625 -1.25 0.03125
v 0.15625 -0.75 0.03125
v 0.15625 -0.75 0.65625
v 0.15625 -1.6875 0.65625
v 0.15625 -1.6875 0.03125
v 0.375 -0.84375 0.03125
v 0.375 -0.84375 -0.09375
v 0.375 -1.28125 0.03125
v 0.375 -1.28125 -0.09375
v -0.0625 -0.84375 0.03125
v -0.0625 -0.84375 -0.09375
v -0.0625 -1.28125 0.03125
v -0.0625 -1.28125 -0.09375
v 0.0625 -1.28125 -0.09375
v 0.0625 -1.28125 -0.15625
v -0.0625 -1.28125 -0.09375
v -0.0625 -1.28125 -0.15625
v 0.0625 -1.21875 -0.09375
v 0.0625 -1.21875 -0.15625
v -0.0625 -1.21875 -0.09375
v -0.0625 -1.21875 -0.15625
v 0.375 -0.90625 -0.09375
v 0.375 -0.90625 -0.15625
v 0.25 -0.90625 -0.09375
v 0.25 -0.90625 -0.15625
v 0.375 -0.84375 -0.09375
v 0.375 -0.84375 -0.15625
v 0.25 -0.84375 -0.09375
v 0.25 -0.84375 -0.15625
v 0.375 -0.90625 -0.09375
v 0.375 -0.90625 -0.15625
v 0.375 -0.96875 -0.09375
v 0.375 -0.96875 -0.15625
v 0.3125 -0.90625 -0.09375
v 0.3125 -0.90625 -0.15625
v 0.3125 -0.96875 -0.09375
v 0.3125 -0.96875 -0.15625
v 0.375 -1.15625 -0.09375
v 0.375 -1.15625 -0.15625
v 0.375 -1.21875 -0.09375
v 0.375 -1.21875 -0.15625
v 0.3125 -1.15625 -0.09375
v 0.3125 -1.15625 -0.15625
v 0.3125 -1.21875 -0.09375
v 0.3125 -1.21875 -0.15625
v 0.375 -1.28125 -0.09375
v 0.375 -1.28125 -0.15625
v 0.25 -1.28125 -0.09375
v 0.25 -1.28125 -0.15625
v 0.375 -1.21875 -0.09375
v 0.375 -1.21875 -0.15625
v 0.25 -1.21875 -0.09375
v 0.25 -1.21875 -0.15625
v 0 -1.15625 -0.09375
v 0 -1.15625 -0.15625
v 0 -1.21875 -0.09375
v 0 -1.21875 -0.15625
v -0.0625 -1.15625 -0.09375
v -0.0625 -1.15625 -0.15625
v -0.0625 -1.21875 -0.09375
v -0.0625 -1.21875 -0.15625
v 0.0625 -0.90625 -0.09375
v 0.0625 -0.90625 -0.15625
v -0.0625 -0.90625 -0.09375
v -0.0625 -0.90625 -0.15625
v 0.0625 -0.84375 -0.09375
v 0.0625 -0.84375 -0.15625
v -0.0625 -0.84375 -0.09375
v -0.0625 -0.84375 -0.15625
v 0 -0.90625 -0.09375
v 0 -0.90625 -0.15625
v 0 -0.96875 -0.09375
v 0 -0.96875 -0.15625
v -0.0625 -0.90625 -0.09375
v -0.0625 -0.90625 -0.15625
v -0.0625 -0.96875 -0.09375
v -0.0625 -0.96875 -0.15625
v 0.7175 -1.375 0.9824999999999999
v 1.09375 -0.75 1.90625
v 1.09375 -0.75 0.65625
v 1.09375 -1.6875 1.90625
v 1.09375 -1.6875 0.65625
v -0.15625 -0.75 1.90625
v -0.15625 -0.75 0.65625
v -0.15625 -1.6875 1.90625
v -0.15625 -1.6875 0.65625
v -0.15625 -1.25 1.90625
v -0.15625 -1.25 0.65625
v 1.09375 -1.25 0.65625
v 1.09375 -1.25 1.90625
v 0.46875 -1.25 1.90625
v 0.46875 -0.75 1.90625
v 0.46875 -0.75 0.65625
v 0.46875 -1.25 0.65625
v 0.46875 -1.6875 0.65625
v 0.46875 -1.6875 1.90625
v 0.46875 -0.75 1.28125
v 1.09375 -0.75 1.28125
v 1.09375 -1.25 1.28125
v 1.09375 -1.6875 1.28125
v -0.15625 -1.6875 1.28125
v -0.15625 -1.25 1.28125
v -0.15625 -0.75 1.28125
v 0.40625 -1.6875 1.90625
v 0.40625 -1.25 1.90625
v 0.40625 -0.75 1.90625
v 0.40625 -0.75 1.28125
v 0.40625 -0.75 0.65625
v 0.40625 -1.25 0.65625
v 0.40625 -1.6875 0.65625
v -0.09375 -1.875 0.65625
v 0.40625 -1.6875 0.71875
v 0.40625 -1.6875 0.65625
v 0.40625 -2 0.71875
v 0.40625 -2 0.65625
v -0.09375 -1.6875 0.71875
v -0.09375 -1.6875 0.65625
v -0.09375 -2 0.71875
v -0.09375 -2 0.65625
v 0.40625 -1.875 0.65625
v 0.40625 -1.875 0.71875
v -0.09375 -1.875 0.71875
v 0.15625 -1.875 0.65625
v 0.15625 -2 0.65625
v 0.15625 -2 0.71875
v 0.15625 -1.875 0.71875
v 0.15625 -1.6875 0.71875
v 0.15625 -1.6875 0.65625
v -0.09375 -1.6875 1.90625
v -0.09375 -1.6875 0.65625
v -0.09375 -2 1.90625
v -0.09375 -2 0.65625
v -0.15625 -1.6875 1.90625
v -0.15625 -1.6875 0.65625
v -0.15625 -2 1.90625
v -0.15625 -2 0.65625
v -0.15625 -1.875 1.90625
v -0.15625 -1.875 0.65625
v -0.09375 -1.875 0.65625
v -0.09375 -1.875 1.90625
v -0.15625 -1.875 1.28125
v -0.15625 -2 1.28125
v -0.09375 -2 1.28125
v -0.09375 -1.875 1.28125
v -0.09375 -1.6875 1.28125
v -0.15625 -1.6875 1.28125
v 1.09375 -1.6875 1.90625
v 1.09375 -1.6875 0.65625
v 1.09375 -2 1.90625
v 1.09375 -2 0.65625
v 0.40625 -1.6875 1.90625
v 0.40625 -1.6875 0.65625
v 0.40625 -2 1.90625
v 0.40625 -2 0.65625
v 0.40625 -1.875 0.65625
v 1.09375 -1.875 0.65625
v 1.09375 -1.875 1.90625
v 0.40625 -1.875 1.90625
v 0.71875 -1.875 0.65625
v 0.71875 -2 0.65625
v 0.71875 -2 1.90625
v 0.71875 -1.875 1.90625
v 0.71875 -1.6875 1.90625
v 0.71875 -1.6875 0.65625
v 0.71875 -2 1.28125
v 1.09375 -2 1.28125
v 1.09375 -1.875 1.28125
v 1.09375 -1.6875 1.28125
v 0.40625 -1.6875 1.28125
v 0.40625 -1.875 1.28125
v 0.40625 -2 1.28125
v 1.03125 -1.1875 1.28125
v 1.03125 -1.1875 1.28125
v 1.03125 -1.8125 1.28125
v 1.03125 -1.8125 1.28125
v 0.53125 -1.1875 1.28125
v 0.53125 -1.1875 1.28125
v 0.53125 -1.8125 1.28125
v 0.53125 -1.8125 1.28125
v 1.0306250000000001 -1.6868750000000001 1.2818749999999999
v 1.0306250000000001 -1.6868750000000001 0.656875
v 1.0306250000000001 -1.6868750000000001 1.2818749999999999
v 1.0306250000000001 -1.6868750000000001 0.656875
v 0.530625 -1.6868750000000001 1.2818749999999999
v 0.530625 -1.6868750000000001 0.656875
v 0.530625 -1.6868750000000001 1.2818749999999999
v 0.530625 -1.6868750000000001 0.656875
v 1.0925 -1.6875 1.2825
v 1.0925 -1.6875 0.6575
v 1.03 -1.1875 1.2825
v 1.03 -1.1875 0.6575
v 1.03 -1.6875 1.2825
v 1.03 -1.6875 0.6575
v 0.53 -1.1875 1.2825
v 0.53 -1.1875 0.6575
v 0.53 -1.6875 1.2825
v 0.53 -1.6875 0.6575
v 0.4675 -1.6875 1.2825
v 0.4675 -1.6875 0.6575
v 0.78 -1.375 1.2325
v 0.78 -1.375 0.9824999999999999
v 0.78 -1.6875 1.2325
v 0.78 -1.6875 0.9824999999999999
v 0.53 -1.375 1.2325
v 0.53 -1.375 0.9824999999999999
v 0.53 -1.6875 1.2325
v 0.53 -1.6875 0.9824999999999999
v 0.9675 -1.375 0.9824999999999999
v 0.9675 -1.375 0.7325
v 0.9675 -1.6875 0.9824999999999999
v 0.9675 -1.6875 0.7325
v 0.7175 -1.375 0.7325
v 0.7175 -1.6875 0.9824999999999999
v 0.7175 -1.6875 0.7325
v 1.0306250000000001 -1.1868750000000001 1.2818749999999999
v 1.0306250000000001 -1.1868750000000001 0.656875
v 1.0306250000000001 -1.1868750000000001 1.2818749999999999
v 1.0306250000000001 -1.1868750000000001 0.656875
v 0.530625 -1.1868750000000001 1.2818749999999999
v 0.530625 -1.1868750000000001 0.656875
v 0.530625 -1.1868750000000001 1.2818749999999999
v 0.530625 -1.1868750000000001 0.656875
v 0.96875 -0.84375 0.65625
v 0.96875 -0.84375 0.40625
v 0.96875 -1.21875 0.65625
v 0.96875 -1.21875 0.40625
v 0.59375 -0.84375 0.65625
v 0.59375 -0.84375 0.40625
v 0.59375 -1.21875 0.65625
v 0.59375 -1.21875 0.40625
v -0.09375 -1.875 1.84375
v 0.40625 -1.6875 1.90625
v 0.40625 -1.6875 1.84375
v 0.40625 -2 1.90625
v 0.40625 -2 1.84375
v -0.09375 -1.6875 1.90625
v -0.09375 -1.6875 1.84375
v -0.09375 -2 1.90625
v -0.09375 -2 1.84375
v 0.40625 -1.875 1.84375
v 0.40625 -1.875 1.90625
v -0.09375 -1.875 1.90625
v 0.15625 -1.875 1.84375
v 0.15625 -2 1.84375
v 0.15625 -2 1.90625
v 0.15625 -1.875 1.90625
v 0.15625 -1.6875 1.90625
v 0.15625 -1.6875 1.84375
v 0.21875 -0.53125 0.1875
v 0.21875 -0.53125 0.125
v 0.21875 -0.65625 0.1875
v 0.21875 -0.65625 0.125
v 0.09375 -0.53125 0.1875
v 0.09375 -0.53125 0.125
v 0.09375 -0.65625 0.1875
v 0.09375 -0.65625 0.125
v 0.25 -0.5 1.03125
v 0.25 -0.5 0.15625
v 0.25 -0.6875 1.03125
v 0.25 -0.6875 0.15625
v 0.0625 -0.5 1.03125
v 0.0625 -0.5 0.15625
v 0.0625 -0.6875 1.03125
v 0.0625 -0.6875 0.15625
v 0.1875 -0.46875 0.46875
v 0.1875 -0.46875 0.34375
v 0.1875 -0.78125 0.46875
v 0.1875 -0.78125 0.34375
v 0.125 -0.46875 0.46875
v 0.125 -0.46875 0.34375
v 0.125 -0.78125 0.46875
v 0.125 -0.78125 0.34375
v 0.1875 -0.46875 0.90625
v 0.1875 -0.46875 0.78125
v 0.1875 -0.78125 0.90625
v 0.1875 -0.78125 0.78125
v 0.125 -0.46875 0.90625
v 0.125 -0.46875 0.78125
v 0.125 -0.78125 0.90625
v 0.125 -0.78125 0.78125
vt 0.687500 0.765625
vt 0.687500 0.812500
vt 0.640625 0.812500
vt 0.640625 0.765625
vt 0.687500 0.765625
vt 0.687500 0.812500
vt 0.671875 0.812500
vt 0.671875 0.765625
vt 0.687500 0.765625
vt 0.687500 0.812500
vt 0.671875 0.812500
vt 0.671875 0.765625
vt 0.687500 0.765625
vt 0.687500 0.812500
vt 0.671875 0.812500
vt 0.671875 0.765625
vt 0.687500 0.765625
vt 0.687500 0.812500
vt 0.671875 0.812500
vt 0.671875 0.765625
vt 0.687500 0.765625
vt 0.687500 0.812500
vt 0.640625 0.812500
vt 0.640625 0.765625
vt 0.687500 0.765625
vt 0.687500 0.812500
vt 0.671875 0.812500
vt 0.671875 0.765625
vt 0.687500 0.765625
vt 0.687500 0.812500
vt 0.671875 0.812500
vt 0.671875 0.765625
vt 0.687500 0.765625
vt 0.687500 0.812500
vt 0.671875 0.812500
vt 0.671875 0.765625
vt 0.687500 0.765625
vt 0.687500 0.812500
vt 0.671875 0.812500
vt 0.671875 0.765625
vt 0.687500 0.765625
vt 0.687500 0.812500
vt 0.671875 0.812500
vt 0.671875 0.765625
vt 0.687500 0.765625
vt 0.687500 0.812500
vt 0.671875 0.812500
vt 0.671875 0.765625
vt 0.687500 0.765625
vt 0.687500 0.812500
vt 0.671875 0.812500
vt 0.671875 0.765625
vt 0.687500 0.765625
vt 0.687500 0.812500
vt 0.671875 0.812500
vt 0.671875 0.765625
vt 0.687500 0.765625
vt 0.687500 0.812500
vt 0.671875 0.812500
vt 0.671875 0.765625
vt 0.687500 0.765625
vt 0.687500 0.812500
vt 0.671875 0.812500
vt 0.671875 0.765625
vt 0.687500 0.765625
vt 0.687500 0.812500
vt 0.671875 0.812500
vt 0.671875 0.765625
vt 0.687500 0.765625
vt 0.687500 0.812500
vt 0.671875 0.812500
vt 0.671875 0.765625
vt 0.343750 0.250000
vt 0.343750 0.125000
vt 0.500000 0.125000
vt 0.500000 0.250000
vt 0.000000 1.000000
vt 0.000000 0.875000
vt 0.156250 0.875000
vt 0.156250 1.000000
vt 0.000000 0.843750
vt 0.078125 0.843750
vt 0.078125 1.000000
vt 0.000000 1.000000
vt 0.000000 0.000000
vt 0.078125 0.000000
vt 0.078125 0.156250
vt 0.000000 0.156250
vt 1.000000 1.000000
vt 0.921875 1.000000
vt 0.921875 0.875000
vt 1.000000 0.875000
vt 0.156250 0.000000
vt 0.156250 0.109375
vt 0.000000 0.109375
vt 0.000000 0.000000
vt 0.500000 0.109375
vt 0.421875 0.109375
vt 0.421875 0.000000
vt 0.500000 0.000000
vt 1.000000 0.250000
vt 1.000000 0.359375
vt 0.843750 0.359375
vt 0.843750 0.250000
vt 0.750000 0.875000
vt 0.828125 0.875000
vt 0.828125 1.000000
vt 0.750000 1.000000
vt 0.750000 1.000000
vt 0.671875 1.000000
vt 0.671875 0.843750
vt 0.750000 0.843750
vt 0.500000 0.156250
vt 0.421875 0.156250
vt 0.421875 0.000000
vt 0.500000 0.000000
vt 0.000000 0.000000
vt 0.078125 0.000000
vt 0.078125 0.109375
vt 0.000000 0.109375
vt 0.218750 0.609375
vt 0.109375 0.609375
vt 0.109375 0.640625
vt 0.218750 0.640625
vt 0.109375 0.640625
vt 0.218750 0.640625
vt 0.218750 0.609375
vt 0.109375 0.609375
vt 0.218750 0.640625
vt 0.218750 0.609375
vt 0.109375 0.609375
vt 0.109375 0.640625
vt 0.218750 0.609375
vt 0.218750 0.640625
vt 0.109375 0.640625
vt 0.109375 0.609375
vt 0.109375 0.500000
vt 0.109375 0.609375
vt 0.218750 0.609375
vt 0.218750 0.500000
vt 0.109375 0.531250
vt 0.109375 0.562500
vt 0.093750 0.562500
vt 0.093750 0.531250
vt 0.109375 0.531250
vt 0.109375 0.562500
vt 0.093750 0.562500
vt 0.093750 0.531250
vt 0.109375 0.515625
vt 0.109375 0.531250
vt 0.093750 0.531250
vt 0.093750 0.515625
vt 0.109375 0.515625
vt 0.109375 0.531250
vt 0.093750 0.531250
vt 0.093750 0.515625
vt 0.109375 0.531250
vt 0.109375 0.562500
vt 0.093750 0.562500
vt 0.093750 0.531250
vt 0.109375 0.531250
vt 0.109375 0.562500
vt 0.093750 0.562500
vt 0.093750 0.531250
vt 0.109375 0.531250
vt 0.109375 0.562500
vt 0.093750 0.562500
vt 0.093750 0.531250
vt 0.109375 0.515625
vt 0.109375 0.531250
vt 0.093750 0.531250
vt 0.093750 0.515625
vt 0.109375 0.515625
vt 0.109375 0.531250
vt 0.093750 0.531250
vt 0.093750 0.515625
vt 0.109375 0.531250
vt 0.109375 0.562500
vt 0.093750 0.562500
vt 0.093750 0.531250
vt 0.031250 0.593750
vt 0.031250 0.609375
vt 0.046875 0.609375
vt 0.046875 0.593750
vt 0.000000 0.593750
vt 0.000000 0.609375
vt 0.015625 0.609375
vt 0.015625 0.593750
vt 0.093750 0.609375
vt 0.093750 0.593750
vt 0.078125 0.593750
vt 0.078125 0.609375
vt 0.046875 0.593750
vt 0.046875 0.609375
vt 0.031250 0.609375
vt 0.031250 0.593750
vt 0.015625 0.593750
vt 0.015625 0.609375
vt 0.031250 0.609375
vt 0.031250 0.593750
vt 0.031250 0.593750
vt 0.031250 0.609375
vt 0.046875 0.609375
vt 0.046875 0.593750
vt 0.000000 0.593750
vt 0.000000 0.609375
vt 0.015625 0.609375
vt 0.015625 0.593750
vt 0.093750 0.609375
vt 0.093750 0.593750
vt 0.078125 0.593750
vt 0.078125 0.609375
vt 0.046875 0.593750
vt 0.046875 0.609375
vt 0.031250 0.609375
vt 0.031250 0.593750
vt 0.015625 0.593750
vt 0.015625 0.609375
vt 0.031250 0.609375
vt 0.031250 0.593750
vt 0.109375 0.531250
vt 0.109375 0.562500
vt 0.093750 0.562500
vt 0.093750 0.531250
vt 0.109375 0.531250
vt 0.109375 0.562500
vt 0.093750 0.562500
vt 0.093750 0.531250
vt 0.109375 0.515625
vt 0.109375 0.531250
vt 0.093750 0.531250
vt 0.093750 0.515625
vt 0.109375 0.515625
vt 0.109375 0.531250
vt 0.093750 0.531250
vt 0.093750 0.515625
vt 0.109375 0.531250
vt 0.109375 0.562500
vt 0.093750 0.562500
vt 0.093750 0.531250
vt 0.031250 0.593750
vt 0.031250 0.609375
vt 0.046875 0.609375
vt 0.046875 0.593750
vt 0.000000 0.593750
vt 0.000000 0.609375
vt 0.015625 0.609375
vt 0.015625 0.593750
vt 0.093750 0.609375
vt 0.093750 0.593750
vt 0.078125 0.593750
vt 0.078125 0.609375
vt 0.046875 0.593750
vt 0.046875 0.609375
vt 0.031250 0.609375
vt 0.031250 0.593750
vt 0.015625 0.593750
vt 0.015625 0.609375
vt 0.031250 0.609375
vt 0.031250 0.593750
vt 0.109375 0.531250
vt 0.109375 0.562500
vt 0.093750 0.562500
vt 0.093750 0.531250
vt 0.109375 0.531250
vt 0.109375 0.562500
vt 0.093750 0.562500
vt 0.093750 0.531250
vt 0.109375 0.515625
vt 0.109375 0.531250
vt 0.093750 0.531250
vt 0.093750 0.515625
vt 0.109375 0.515625
vt 0.109375 0.531250
vt 0.093750 0.531250
vt 0.093750 0.515625
vt 0.109375 0.531250
vt 0.109375 0.562500
vt 0.093750 0.562500
vt 0.093750 0.531250
vt 0.031250 0.593750
vt 0.031250 0.609375
vt 0.046875 0.609375
vt 0.046875 0.593750
vt 0.000000 0.593750
vt 0.000000 0.609375
vt 0.015625 0.609375
vt 0.015625 0.593750
vt 0.093750 0.609375
vt 0.093750 0.593750
vt 0.078125 0.593750
vt 0.078125 0.609375
vt 0.046875 0.593750
vt 0.046875 0.609375
vt 0.031250 0.609375
vt 0.031250 0.593750
vt 0.015625 0.593750
vt 0.015625 0.609375
vt 0.031250 0.609375
vt 0.031250 0.593750
vt 0.000000 0.125000
vt 0.156250 0.125000
vt 0.156250 0.250000
vt 0.000000 0.250000
vt 0.500000 0.250000
vt 0.343750 0.250000
vt 0.343750 0.125000
vt 0.500000 0.125000
vt 1.000000 0.250000
vt 1.000000 0.406250
vt 0.843750 0.406250
vt 0.843750 0.250000
vt 0.500000 0.250000
vt 0.343750 0.250000
vt 0.343750 0.125000
vt 0.500000 0.125000
vt 0.000000 0.296875
vt 0.156250 0.296875
vt 0.156250 0.421875
vt 0.000000 0.421875
vt 0.500000 0.109375
vt 0.343750 0.109375
vt 0.343750 0.000000
vt 0.500000 0.000000
vt 0.000000 0.171875
vt 0.156250 0.171875
vt 0.156250 0.281250
vt 0.000000 0.281250
vt 0.000000 0.062500
vt 0.156250 0.062500
vt 0.156250 0.171875
vt 0.000000 0.171875
vt 0.500000 0.187500
vt 0.343750 0.187500
vt 0.343750 0.078125
vt 0.500000 0.078125
vt 0.156250 0.250000
vt 0.140625 0.250000
vt 0.140625 0.125000
vt 0.156250 0.125000
vt 0.906250 0.406250
vt 0.890625 0.406250
vt 0.890625 0.250000
vt 0.906250 0.250000
vt 0.578125 0.875000
vt 0.593750 0.875000
vt 0.593750 1.000000
vt 0.578125 1.000000
vt 0.578125 0.375000
vt 0.593750 0.375000
vt 0.593750 0.484375
vt 0.578125 0.484375
vt 0.171875 0.171875
vt 0.156250 0.171875
vt 0.156250 0.062500
vt 0.171875 0.062500
vt 0.843750 1.000000
vt 0.843750 0.843750
vt 1.000000 0.843750
vt 1.000000 1.000000
vt 0.500000 0.250000
vt 0.343750 0.250000
vt 0.343750 0.125000
vt 0.500000 0.125000
vt 0.500000 0.187500
vt 0.343750 0.187500
vt 0.343750 0.078125
vt 0.500000 0.078125
vt 0.187500 0.000000
vt 0.343750 0.000000
vt 0.343750 0.109375
vt 0.187500 0.109375
vt 0.187500 0.125000
vt 0.343750 0.125000
vt 0.343750 0.250000
vt 0.187500 0.250000
vt 0.906250 0.562500
vt 0.890625 0.562500
vt 0.890625 0.406250
vt 0.906250 0.406250
vt 0.000000 0.000000
vt 0.140625 0.000000
vt 0.140625 0.109375
vt 0.000000 0.109375
vt 0.000000 0.125000
vt 0.140625 0.125000
vt 0.140625 0.250000
vt 0.000000 0.250000
vt 0.750000 0.250000
vt 0.890625 0.250000
vt 0.890625 0.406250
vt 0.750000 0.406250
vt 0.750000 0.406250
vt 0.890625 0.406250
vt 0.890625 0.562500
vt 0.750000 0.562500
vt 1.000000 1.000000
vt 0.937500 1.000000
vt 0.937500 0.984375
vt 1.000000 0.984375
vt 0.953125 1.000000
vt 0.890625 1.000000
vt 0.890625 0.953125
vt 0.953125 0.953125
vt 0.875000 0.953125
vt 0.937500 0.953125
vt 0.937500 1.000000
vt 0.875000 1.000000
vt 0.812500 0.250000
vt 0.875000 0.250000
vt 0.875000 0.281250
vt 0.812500 0.281250
vt 0.968750 0.281250
vt 0.906250 0.281250
vt 0.906250 0.250000
vt 0.968750 0.250000
vt 1.000000 0.281250
vt 0.937500 0.281250
vt 0.937500 0.250000
vt 1.000000 0.250000
vt 0.906250 0.250000
vt 0.968750 0.250000
vt 0.968750 0.265625
vt 0.906250 0.265625
vt 0.750000 0.250000
vt 0.812500 0.250000
vt 0.812500 0.281250
vt 0.750000 0.281250
vt 0.750000 0.953125
vt 0.812500 0.953125
vt 0.812500 1.000000
vt 0.750000 1.000000
vt 1.000000 1.000000
vt 0.937500 1.000000
vt 0.937500 0.953125
vt 1.000000 0.953125
vt 1.000000 0.546875
vt 0.843750 0.546875
vt 0.843750 0.500000
vt 1.000000 0.500000
vt 0.593750 0.500000
vt 0.750000 0.500000
vt 0.750000 0.546875
vt 0.593750 0.546875
vt 1.000000 0.343750
vt 1.000000 0.500000
vt 0.984375 0.500000
vt 0.984375 0.343750
vt 0.984375 0.421875
vt 0.984375 0.375000
vt 1.000000 0.375000
vt 1.000000 0.421875
vt 0.984375 0.468750
vt 0.984375 0.421875
vt 1.000000 0.421875
vt 1.000000 0.468750
vt 0.593750 0.250000
vt 0.750000 0.250000
vt 0.750000 0.281250
vt 0.593750 0.281250
vt 1.000000 0.312500
vt 1.000000 0.343750
vt 0.984375 0.343750
vt 0.984375 0.312500
vt 1.000000 0.281250
vt 0.843750 0.281250
vt 0.843750 0.250000
vt 1.000000 0.250000
vt 1.000000 0.312500
vt 1.000000 0.343750
vt 0.984375 0.343750
vt 0.984375 0.312500
vt 1.000000 0.281250
vt 0.843750 0.281250
vt 0.843750 0.250000
vt 1.000000 0.250000
vt 0.984375 0.406250
vt 0.984375 0.250000
vt 1.000000 0.250000
vt 1.000000 0.406250
vt 0.593750 0.250000
vt 0.750000 0.250000
vt 0.750000 0.281250
vt 0.593750 0.281250
vt 0.593750 0.500000
vt 0.750000 0.500000
vt 0.750000 0.546875
vt 0.593750 0.546875
vt 1.000000 0.546875
vt 0.843750 0.546875
vt 0.843750 0.500000
vt 1.000000 0.500000
vt 0.500000 0.078125
vt 0.343750 0.078125
vt 0.343750 0.031250
vt 0.500000 0.031250
vt 0.687500 0.578125
vt 0.843750 0.578125
vt 0.843750 0.625000
vt 0.687500 0.625000
vt 1.000000 0.250000
vt 1.000000 0.406250
vt 0.906250 0.406250
vt 0.906250 0.250000
vt 0.500000 0.078125
vt 0.406250 0.078125
vt 0.406250 0.031250
vt 0.500000 0.031250
vt 0.750000 0.921875
vt 0.843750 0.921875
vt 0.843750 0.968750
vt 0.750000 0.968750
vt 0.750000 0.250000
vt 0.843750 0.250000
vt 0.843750 0.281250
vt 0.750000 0.281250
vt 0.500000 0.031250
vt 0.343750 0.031250
vt 0.343750 0.000000
vt 0.500000 0.000000
vt 0.500000 0.031250
vt 0.406250 0.031250
vt 0.406250 0.000000
vt 0.500000 0.000000
vt 0.687500 0.546875
vt 0.843750 0.546875
vt 0.843750 0.578125
vt 0.687500 0.578125
vt 0.968750 0.281250
vt 0.890625 0.281250
vt 0.890625 0.250000
vt 0.968750 0.250000
vt 0.828125 0.250000
vt 0.828125 0.406250
vt 0.750000 0.406250
vt 0.750000 0.250000
vt 0.000000 0.000000
vt 0.078125 0.000000
vt 0.078125 0.031250
vt 0.000000 0.031250
vt 0.000000 0.031250
vt 0.078125 0.031250
vt 0.078125 0.078125
vt 0.000000 0.078125
vt 0.968750 0.953125
vt 0.890625 0.953125
vt 0.890625 0.906250
vt 0.968750 0.906250
vt 0.906250 1.000000
vt 0.906250 0.843750
vt 1.000000 0.843750
vt 1.000000 1.000000
vt 0.000000 0.000000
vt 0.156250 0.000000
vt 0.156250 0.031250
vt 0.000000 0.031250
vt 0.000000 0.031250
vt 0.156250 0.031250
vt 0.156250 0.078125
vt 0.000000 0.078125
vt 1.000000 0.625000
vt 0.843750 0.625000
vt 0.843750 0.578125
vt 1.000000 0.578125
vt 1.000000 0.578125
vt 0.843750 0.578125
vt 0.843750 0.546875
vt 1.000000 0.546875
vt 0.000000 1.000000
vt 0.000000 0.843750
vt 0.078125 0.843750
vt 0.078125 1.000000
vt 0.687500 0.718750
vt 0.687500 0.718750
vt 0.687500 0.562500
vt 0.687500 0.562500
vt 0.562500 0.718750
vt 0.562500 0.718750
vt 0.562500 0.562500
vt 0.562500 0.562500
vt 0.687500 0.718750
vt 0.562500 0.718750
vt 0.687500 0.718750
vt 0.562500 0.718750
vt 0.812500 0.718750
vt 0.687500 0.718750
vt 0.812500 0.718750
vt 0.687500 0.718750
vt 0.328125 0.312500
vt 0.328125 0.468750
vt 0.453125 0.468750
vt 0.453125 0.312500
vt 1.000000 0.781250
vt 1.000000 0.781250
vt 1.000000 0.781250
vt 1.000000 0.781250
vt 0.734375 0.781250
vt 0.890625 0.781250
vt 0.734375 0.781250
vt 0.890625 0.781250
vt 0.453125 0.312500
vt 0.453125 0.468750
vt 0.328125 0.468750
vt 0.328125 0.312500
vt 1.000000 0.781250
vt 1.000000 0.781250
vt 1.000000 0.781250
vt 1.000000 0.781250
vt 0.890625 0.781250
vt 0.890625 0.781250
vt 1.000000 0.781250
vt 1.000000 0.781250
vt 0.312500 0.437500
vt 0.312500 0.312500
vt 0.156250 0.312500
vt 0.156250 0.437500
vt 0.406250 0.718750
vt 0.406250 0.875000
vt 0.390625 0.875000
vt 0.390625 0.718750
vt 0.171875 0.312500
vt 0.171875 0.437500
vt 0.328125 0.437500
vt 0.328125 0.312500
vt 0.406250 0.718750
vt 0.406250 0.875000
vt 0.390625 0.875000
vt 0.390625 0.718750
vt 0.390625 0.171875
vt 0.390625 0.250000
vt 0.453125 0.250000
vt 0.453125 0.171875
vt 0.453125 0.312500
vt 0.453125 0.250000
vt 0.390625 0.250000
vt 0.390625 0.312500
vt 0.390625 0.171875
vt 0.390625 0.250000
vt 0.453125 0.250000
vt 0.453125 0.171875
vt 0.390625 0.171875
vt 0.390625 0.250000
vt 0.453125 0.250000
vt 0.453125 0.171875
vt 0.390625 0.171875
vt 0.390625 0.250000
vt 0.453125 0.250000
vt 0.453125 0.171875
vt 0.390625 0.171875
vt 0.390625 0.250000
vt 0.453125 0.250000
vt 0.453125 0.171875
vt 0.453125 0.312500
vt 0.453125 0.250000
vt 0.390625 0.250000
vt 0.390625 0.312500
vt 0.390625 0.171875
vt 0.390625 0.250000
vt 0.453125 0.250000
vt 0.453125 0.171875
vt 0.390625 0.171875
vt 0.390625 0.250000
vt 0.453125 0.250000
vt 0.453125 0.171875
vt 1.000000 0.781250
vt 1.000000 0.781250
vt 1.000000 0.781250
vt 1.000000 0.781250
vt 0.734375 0.781250
vt 0.890625 0.781250
vt 0.734375 0.781250
vt 0.890625 0.781250
vt 0.453125 0.312500
vt 0.453125 0.468750
vt 0.328125 0.468750
vt 0.328125 0.312500
vt 1.000000 0.781250
vt 1.000000 0.781250
vt 1.000000 0.781250
vt 1.000000 0.781250
vt 0.890625 0.781250
vt 0.890625 0.781250
vt 1.000000 0.781250
vt 1.000000 0.781250
vt 0.812500 0.734375
vt 0.812500 0.640625
vt 0.750000 0.640625
vt 0.750000 0.734375
vt 0.750000 0.640625
vt 0.750000 0.734375
vt 0.812500 0.734375
vt 0.812500 0.640625
vt 0.750000 0.734375
vt 0.812500 0.734375
vt 0.812500 0.640625
vt 0.750000 0.640625
vt 0.812500 0.734375
vt 0.750000 0.734375
vt 0.750000 0.640625
vt 0.812500 0.640625
vt 0.812500 0.640625
vt 0.812500 0.734375
vt 0.906250 0.734375
vt 0.906250 0.640625
vt 1.000000 1.000000
vt 0.937500 1.000000
vt 0.937500 0.984375
vt 1.000000 0.984375
vt 0.953125 1.000000
vt 0.890625 1.000000
vt 0.890625 0.953125
vt 0.953125 0.953125
vt 0.875000 0.953125
vt 0.937500 0.953125
vt 0.937500 1.000000
vt 0.875000 1.000000
vt 0.812500 0.250000
vt 0.875000 0.250000
vt 0.875000 0.281250
vt 0.812500 0.281250
vt 0.968750 0.281250
vt 0.906250 0.281250
vt 0.906250 0.250000
vt 0.968750 0.250000
vt 1.000000 0.281250
vt 0.937500 0.281250
vt 0.937500 0.250000
vt 1.000000 0.250000
vt 0.906250 0.250000
vt 0.968750 0.250000
vt 0.968750 0.265625
vt 0.906250 0.265625
vt 0.750000 0.250000
vt 0.812500 0.250000
vt 0.812500 0.281250
vt 0.750000 0.281250
vt 0.750000 0.953125
vt 0.812500 0.953125
vt 0.812500 1.000000
vt 0.750000 1.000000
vt 1.000000 1.000000
vt 0.937500 1.000000
vt 0.937500 0.953125
vt 1.000000 0.953125
vt 0.000000 1.000000
vt 0.000000 1.000000
vt 0.000000 1.000000
vt 0.000000 1.000000
vt 0.000000 1.000000
vt 0.000000 1.000000
vt 0.000000 1.000000
vt 0.000000 1.000000
vt 0.000000 1.000000
vt 0.000000 1.000000
vt 0.000000 1.000000
vt 0.000000 1.000000
vt 0.000000 1.000000
vt 0.000000 1.000000
vt 0.000000 1.000000
vt 0.000000 1.000000
vt 0.765625 0.546875
vt 0.765625 0.250000
vt 0.890625 0.234375
vt 0.890625 0.531250
vt 0.734375 0.640625
vt 0.734375 0.671875
vt 0.750000 0.671875
vt 0.750000 0.640625
vt 0.718750 0.640625
vt 0.718750 0.671875
vt 0.734375 0.671875
vt 0.734375 0.640625
vt 0.750000 0.671875
vt 0.750000 0.656250
vt 0.718750 0.656250
vt 0.718750 0.671875
vt 0.750000 0.640625
vt 0.750000 0.656250
vt 0.718750 0.656250
vt 0.718750 0.640625
vt 0.718750 0.640625
vt 0.718750 0.671875
vt 0.750000 0.671875
vt 0.750000 0.640625
vt 0.640625 0.546875
vt 0.687500 0.546875
vt 0.687500 0.765625
vt 0.640625 0.765625
vt 0.687500 0.765625
vt 0.640625 0.765625
vt 0.640625 0.546875
vt 0.687500 0.546875
vt 0.687500 0.546875
vt 0.687500 0.765625
vt 0.640625 0.765625
vt 0.640625 0.546875
vt 0.640625 0.765625
vt 0.640625 0.546875
vt 0.687500 0.546875
vt 0.687500 0.765625
vt 0.687500 0.765625
vt 0.687500 0.812500
vt 0.640625 0.812500
vt 0.640625 0.765625
vt 0.640625 0.765625
vt 0.687500 0.765625
vt 0.687500 0.812500
vt 0.640625 0.812500
vt 0.250000 0.078125
vt 0.250000 0.156250
vt 0.218750 0.156250
vt 0.218750 0.078125
vt 0.250000 0.078125
vt 0.250000 0.156250
vt 0.218750 0.156250
vt 0.218750 0.078125
vt 0.250000 0.156250
vt 0.250000 0.187500
vt 0.234375 0.187500
vt 0.234375 0.156250
vt 0.250000 0.078125
vt 0.250000 0.156250
vt 0.234375 0.156250
vt 0.234375 0.078125
vt 0.250000 0.078125
vt 0.250000 0.156250
vt 0.234375 0.156250
vt 0.234375 0.078125
vt 0.250000 0.078125
vt 0.250000 0.156250
vt 0.218750 0.156250
vt 0.218750 0.078125
vt 0.250000 0.078125
vt 0.250000 0.156250
vt 0.218750 0.156250
vt 0.218750 0.078125
vt 0.250000 0.156250
vt 0.250000 0.187500
vt 0.234375 0.187500
vt 0.234375 0.156250
vt 0.250000 0.078125
vt 0.250000 0.156250
vt 0.234375 0.156250
vt 0.234375 0.078125
vt 0.250000 0.078125
vt 0.250000 0.156250
vt 0.234375 0.156250
vt 0.234375 0.078125
vn 1 0 0
vn 0 1 0
vn 0 -1 0
vn 0 0 1
vn 0 0 -1
vn -1 0 0
vn 0 1 0
vn 0 -1 0
vn 0 0 1
vn 0 0 -1
vn 0 1 0
vn 0 -1 0
vn 0 0 1
vn 0 0 -1
vn 0 1 0
vn 0 -1 0
vn 0 0 1
vn 0 0 -1
vn 1 0 0
vn -1 0 0
vn 0 1 0
vn 0 -1 0
vn 0 0 -1
vn -1 0 0
vn 0 0 -1
vn 1 0 0
vn 0 0 -1
vn 0 1 0
vn 0 -1 0
vn 0 0 -1
vn 1 0 0
vn -1 0 0
vn 0 1 0
vn 0 -1 0
vn 0 0 -1
vn 0 -1 0
vn 0 1 0
vn 1 0 0
vn -1 0 0
vn 0 0 -1
vn 0 -1 0
vn 0 1 0
vn 1 0 0
vn -1 0 0
vn 0 0 -1
vn 1 0 0
vn -1 0 0
vn 0 1 0
vn 0 -1 0
vn 0 0 -1
vn 1 0 0
vn -1 0 0
vn 0 1 0
vn 0 -1 0
vn 0 0 -1
vn 0 -1 0
vn 0 1 0
vn 1 0 0
vn -1 0 0
vn 0 0 -1
vn 1 0 0
vn -1 0 0
vn 0 1 0
vn 0 -1 0
vn 0 0 -1
vn 0 -1 0
vn 0 1 0
vn 1 0 0
vn -1 0 0
vn 0 0 -1
vn 1 0 0
vn -1 0 0
vn 0 1 0
vn 0 -1 0
vn 0 0 -1
vn 1 0 0
vn -1 0 0
vn 0 1 0
vn 0 0 1
vn 0 0 -1
vn -1 0 0
vn 0 0 -1
vn 1 0 0
vn 0 0 1
vn 0 0 1
vn 0 1 0
vn 0 0 -1
vn 0 0 -1
vn 0 0 1
vn 0 1 0
vn 1 0 0
vn 1 0 0
vn -1 0 0
vn -1 0 0
vn 0 1 0
vn 0 0 1
vn 0 0 1
vn 0 1 0
vn 0 1 0
vn 0 -1 0
vn 0 0 1
vn 0 0 -1
vn 0 0 -1
vn 0 0 1
vn 0 0 -1
vn 0 -1 0
vn 0 0 1
vn 0 0 1
vn 0 0 -1
vn 1 0 0
vn -1 0 0
vn 0 -1 0
vn 0 0 1
vn 0 0 -1
vn -1 0 0
vn 0 0 -1
vn 1 0 0
vn 0 0 1
vn -1 0 0
vn 0 -1 0
vn 1 0 0
vn 1 0 0
vn -1 0 0
vn 1 0 0
vn -1 0 0
vn 0 -1 0
vn 0 0 1
vn 0 0 -1
vn 0 0 -1
vn 1 0 0
vn 0 0 1
vn -1 0 0
vn 0 0 -1
vn 0 -1 0
vn 0 0 1
vn 0 0 1
vn 0 0 -1
vn 0 -1 0
vn 1 0 0
vn 1 0 0
vn -1 0 0
vn -1 0 0
vn 0 -1 0
vn 0 0 0
vn 0 0 0
vn 0 0 0
vn 0 0 0
vn 0 0 -1
vn 0 0 0
vn 0 0 0
vn 0 -1 0
vn 0 0 0
vn 0 0 0
vn -1 0 0
vn 0 -1 0
vn 1 0 0
vn 0 -1 0
vn 1 0 0
vn 0 1 0
vn 0 0 1
vn 0 0 -1
vn 1 0 0
vn -1 0 0
vn 0 1 0
vn 0 0 1
vn 0 0 -1
vn 0 0 0
vn 0 0 0
vn 0 -1 0
vn 0 0 0
vn 0 0 0
vn 1 0 0
vn -1 0 0
vn 0 1 0
vn 0 -1 0
vn 0 0 -1
vn 0 -1 0
vn 0 0 1
vn 0 0 -1
vn 0 0 -1
vn 0 0 1
vn 0 0 -1
vn 0 -1 0
vn 0 0 1
vn 0 0 1
vn 0 0 -1
vn 0 0 0
vn 0 1 0
vn 0 0 0
vn 0 1 0
vn 0 1 0
vn 1 0 0
vn -1 0 0
vn 0 1 0
vn 0 -1 0
vn 0 0 -1
vn 1 0 0
vn -1 0 0
vn 0 1 0
vn 0 -1 0
vn 0 0 1
vn 0 0 -1
vn 1 0 0
vn -1 0 0
vn 0 1 0
vn 0 0 1
vn 0 0 -1
vn 1 0 0
vn -1 0 0
vn 0 1 0
vn 0 0 1
vn 0 0 -1
usemtl infrared_observer
f 94/249/63 92/250/63 91/251/63
f 94/249/63 91/251/63 93/252/63
f 91/253/64 92/254/64 96/255/64
f 91/253/64 96/255/64 95/256/64
f 94/257/65 93/258/65 97/259/65
f 94/257/65 97/259/65 98/260/65
f 93/261/66 91/262/66 95/263/66
f 93/261/66 95/263/66 97/264/66
f 98/265/67 96/266/67 92/267/67
f 98/265/67 92/267/67 94/268/67
f 105/269/68 103/270/68 104/271/68
f 105/269/68 104/271/68 106/272/68
f 99/273/69 100/274/69 104/275/69
f 99/273/69 104/275/69 103/276/69
f 102/277/70 101/278/70 105/279/70
f 102/277/70 105/279/70 106/280/70
f 101/281/71 99/282/71 103/283/71
f 101/281/71 103/283/71 105/284/71
f 106/285/72 104/286/72 100/287/72
f 106/285/72 100/287/72 102/288/72
f 107/289/73 108/290/73 112/291/73
f 107/289/73 112/291/73 111/292/73
f 110/293/74 109/294/74 113/295/74
f 110/293/74 113/295/74 114/296/74
f 109/297/75 107/298/75 111/299/75
f 109/297/75 111/299/75 113/300/75
f 114/301/76 112/302/76 108/303/76
f 114/301/76 108/303/76 110/304/76
f 115/305/77 116/306/77 120/307/77
f 115/305/77 120/307/77 119/308/77
f 118/309/78 117/310/78 121/311/78
f 118/309/78 121/311/78 122/312/78
f 117/313/79 115/314/79 119/315/79
f 117/313/79 119/315/79 121/316/79
f 122/317/80 120/318/80 116/319/80
f 122/317/80 116/319/80 118/320/80
usemtl common_rough_steel
f 123/321/81 134/322/81 133/323/81
f 123/321/81 133/323/81 124/324/81
f 128/325/82 132/326/82 131/327/82
f 128/325/82 131/327/82 127/328/82
f 127/329/83 137/330/83 136/331/83
f 127/329/83 136/331/83 128/332/83
f 130/333/84 139/334/84 138/335/84
f 130/333/84 138/335/84 129/336/84
usemtl common_steel
f 128/337/85 136/338/85 135/339/85
f 128/337/85 135/339/85 132/340/85
usemtl common_rough_steel
f 129/341/86 131/342/86 132/343/86
f 129/341/86 132/343/86 130/344/86
usemtl common_steel
f 132/345/87 135/346/87 139/347/87
f 132/345/87 139/347/87 130/348/87
f 126/349/88 133/350/88 134/351/88
f 126/349/88 134/351/88 125/352/88
f 133/353/89 135/354/89 136/355/89
f 133/353/89 136/355/89 124/356/89
usemtl common_rough_steel
f 124/357/90 136/358/90 137/359/90
f 124/357/90 137/359/90 123/360/90
usemtl common_steel
f 125/361/91 138/362/91 139/363/91
f 125/361/91 139/363/91 126/364/91
f 126/365/92 139/366/92 135/367/92
f 126/365/92 135/367/92 133/368/92
usemtl infrared_observer
f 143/369/93 141/370/93 140/371/93
f 143/369/93 140/371/93 142/372/93
f 146/373/94 144/374/94 145/375/94
f 146/373/94 145/375/94 147/376/94
f 140/377/95 141/378/95 145/379/95
f 140/377/95 145/379/95 144/380/95
f 143/381/96 142/382/96 146/383/96
f 143/381/96 146/383/96 147/384/96
f 147/385/97 145/386/97 141/387/97
f 147/385/97 141/387/97 143/388/97
f 151/389/98 149/390/98 148/391/98
f 151/389/98 148/391/98 150/392/98
f 154/393/99 152/394/99 153/395/99
f 154/393/99 153/395/99 155/396/99
f 148/397/100 149/398/100 153/399/100
f 148/397/100 153/399/100 152/400/100
f 151/401/101 150/402/101 154/403/101
f 151/401/101 154/403/101 155/404/101
f 155/405/102 153/406/102 149/407/102
f 155/405/102 149/407/102 151/408/102
f 159/409/103 157/410/103 156/411/103
f 159/409/103 156/411/103 158/412/103
f 162/413/104 160/414/104 161/415/104
f 162/413/104 161/415/104 163/416/104
f 156/417/105 157/418/105 161/419/105
f 156/417/105 161/419/105 160/420/105
f 159/421/106 158/422/106 162/423/106
f 159/421/106 162/423/106 163/424/106
f 163/425/107 161/426/107 157/427/107
f 163/425/107 157/427/107 159/428/107
f 167/429/108 165/430/108 164/431/108
f 167/429/108 164/431/108 166/432/108
f 170/433/109 168/434/109 169/435/109
f 170/433/109 169/435/109 171/436/109
f 164/437/110 165/438/110 169/439/110
f 164/437/110 169/439/110 168/440/110
f 167/441/111 166/442/111 170/443/111
f 167/441/111 170/443/111 171/444/111
f 171/445/112 169/446/112 165/447/112
f 171/445/112 165/447/112 167/448/112
f 175/449/113 173/450/113 172/451/113
f 175/449/113 172/451/113 174/452/113
f 178/453/114 176/454/114 177/455/114
f 178/453/114 177/455/114 179/456/114
f 172/457/115 173/458/115 177/459/115
f 172/457/115 177/459/115 176/460/115
f 175/461/116 174/462/116 178/463/116
f 175/461/116 178/463/116 179/464/116
f 179/465/117 177/466/117 173/467/117
f 179/465/117 173/467/117 175/468/117
f 183/469/118 181/470/118 180/471/118
f 183/469/118 180/471/118 182/472/118
f 186/473/119 184/474/119 185/475/119
f 186/473/119 185/475/119 187/476/119
f 180/477/120 181/478/120 185/479/120
f 180/477/120 185/479/120 184/480/120
f 183/481/121 182/482/121 186/483/121
f 183/481/121 186/483/121 187/484/121
f 187/485/122 185/486/122 181/487/122
f 187/485/122 181/487/122 183/488/122
f 191/489/123 189/490/123 188/491/123
f 191/489/123 188/491/123 190/492/123
f 194/493/124 192/494/124 193/495/124
f 194/493/124 193/495/124 195/496/124
f 188/497/125 189/498/125 193/499/125
f 188/497/125 193/499/125 192/500/125
f 191/501/126 190/502/126 194/503/126
f 191/501/126 194/503/126 195/504/126
f 195/505/127 193/506/127 189/507/127
f 195/505/127 189/507/127 191/508/127
f 199/509/128 197/510/128 196/511/128
f 199/509/128 196/511/128 198/512/128
f 202/513/129 200/514/129 201/515/129
f 202/513/129 201/515/129 203/516/129
f 196/517/130 197/518/130 201/519/130
f 196/517/130 201/519/130 200/520/130
f 199/521/131 198/522/131 202/523/131
f 199/521/131 202/523/131 203/524/131
f 203/525/132 201/526/132 197/527/132
f 203/525/132 197/527/132 199/528/132
f 207/529/133 205/530/133 204/531/133
f 207/529/133 204/531/133 206/532/133
f 210/533/134 208/534/134 209/535/134
f 210/533/134 209/535/134 211/536/134
f 204/537/135 205/538/135 209/539/135
f 204/537/135 209/539/135 208/540/135
f 207/541/136 206/542/136 210/543/136
f 207/541/136 210/543/136 211/544/136
f 211/545/137 209/546/137 205/547/137
f 211/545/137 205/547/137 207/548/137
usemtl common_steel
f 224/549/138 233/550/138 232/551/138
f 224/549/138 232/551/138 213/552/138
f 217/553/139 237/554/139 236/555/139
f 217/553/139 236/555/139 221/556/139
f 213/557/140 232/558/140 231/559/140
f 213/557/140 231/559/140 226/560/140
f 213/561/141 226/562/141 225/563/141
f 213/561/141 225/563/141 224/564/141
usemtl infrared_observer
f 223/565/142 228/566/142 227/567/142
f 223/565/142 227/567/142 214/568/142
usemtl common_steel
f 221/569/143 236/570/143 235/571/143
f 221/569/143 235/571/143 219/572/143
usemtl infrared_observer
f 216/573/144 229/574/144 228/575/144
f 216/573/144 228/575/144 223/576/144
usemtl common_steel
f 215/577/145 234/578/145 233/579/145
f 215/577/145 233/579/145 224/580/145
f 224/581/146 225/582/146 230/583/146
f 224/581/146 230/583/146 215/584/146
f 226/585/147 240/586/147 239/587/147
f 226/585/147 239/587/147 225/588/147
f 231/589/148 241/590/148 240/591/148
f 231/589/148 240/591/148 226/592/148
f 228/593/149 243/594/149 242/595/149
f 228/593/149 242/595/149 227/596/149
f 229/597/150 244/598/150 243/599/150
f 229/597/150 243/599/150 228/600/150
f 225/601/151 239/602/151 238/603/151
f 225/601/151 238/603/151 230/604/151
f 227/605/152 231/606/152 232/607/152
f 227/605/152 232/607/152 214/608/152
usemtl common_rough_steel
f 214/609/153 232/610/153 233/611/153
f 214/609/153 233/611/153 223/612/153
usemtl common_steel
f 223/613/154 233/614/154 234/615/154
f 223/613/154 234/615/154 216/616/154
f 220/617/155 235/618/155 236/619/155
f 220/617/155 236/619/155 222/620/155
f 222/621/156 236/622/156 237/623/156
f 222/621/156 237/623/156 218/624/156
f 227/625/157 242/626/157 241/627/157
f 227/625/157 241/627/157 231/628/157
f 219/629/158 238/630/158 239/631/158
f 219/629/158 239/631/158 221/632/158
f 221/633/159 239/634/159 240/635/159
f 221/633/159 240/635/159 217/636/159
f 217/637/160 240/638/160 241/639/160
f 217/637/160 241/639/160 237/640/160
f 237/641/161 241/642/161 242/643/161
f 237/641/161 242/643/161 218/644/161
usemtl common_rough_steel
f 248/645/162 259/646/162 258/647/162
f 248/645/162 258/647/162 249/648/162
f 246/649/163 261/650/163 260/651/163
f 246/649/163 260/651/163 255/652/163
f 254/653/164 257/654/164 262/655/164
f 254/653/164 262/655/164 247/656/164
f 249/657/165 258/658/165 257/659/165
f 249/657/165 257/659/165 254/660/165
f 255/661/166 260/662/166 259/663/166
f 255/661/166 259/663/166 248/664/166
f 245/665/167 257/666/167 258/667/167
f 245/665/167 258/667/167 253/668/167
f 253/669/168 258/670/168 259/671/168
f 253/669/168 259/671/168 252/672/168
f 252/673/169 259/674/169 260/675/169
f 252/673/169 260/675/169 256/676/169
f 256/677/170 260/678/170 261/679/170
f 256/677/170 261/679/170 250/680/170
f 251/681/171 262/682/171 257/683/171
f 251/681/171 257/683/171 245/684/171
usemtl infrared_observer
f 264/685/172 279/686/172 278/687/172
f 264/685/172 278/687/172 273/688/172
f 272/689/173 275/690/173 280/691/173
f 272/689/173 280/691/173 268/692/173
f 266/693/174 277/694/174 276/695/174
f 266/693/174 276/695/174 270/696/174
f 267/697/175 271/698/175 274/699/175
f 267/697/175 274/699/175 263/700/175
f 264/701/176 273/702/176 272/703/176
f 264/701/176 272/703/176 268/704/176
f 270/705/177 276/706/177 275/707/177
f 270/705/177 275/707/177 272/708/177
f 270/709/178 272/710/178 273/711/178
f 270/709/178 273/711/178 266/712/178
f 273/713/179 278/714/179 277/715/179
f 273/713/179 277/715/179 266/716/179
f 265/717/180 274/718/180 271/719/180
f 265/717/180 271/719/180 269/720/180
f 271/721/181 275/722/181 276/723/181
f 271/721/181 276/723/181 269/724/181
f 269/725/182 276/726/182 277/727/182
f 269/725/182 277/727/182 265/728/182
f 265/729/183 277/730/183 278/731/183
f 265/729/183 278/731/183 274/732/183
f 274/733/184 278/734/184 279/735/184
f 274/733/184 279/735/184 263/736/184
f 267/737/185 280/738/185 275/739/185
f 267/737/185 275/739/185 271/740/185
usemtl common_steel
f 282/741/186 302/742/186 301/743/186
f 282/741/186 301/743/186 290/744/186
usemtl infrared_observer
f 289/745/187 304/746/187 303/747/187
f 289/745/187 303/747/187 286/748/187
usemtl common_steel
f 284/749/188 300/750/188 299/751/188
f 284/749/188 299/751/188 294/752/188
f 281/753/189 297/754/189 296/755/189
f 281/753/189 296/755/189 291/756/189
usemtl common_rough_steel
f 290/757/190 293/758/190 298/759/190
f 290/757/190 298/759/190 282/760/190
f 284/761/191 294/762/191 293/763/191
f 284/761/191 293/763/191 290/764/191
usemtl common_steel
f 290/765/192 301/766/192 300/767/192
f 290/765/192 300/767/192 284/768/192
f 291/769/193 296/770/193 295/771/193
f 291/769/193 295/771/193 283/772/193
usemtl infrared_observer
f 288/773/194 305/774/194 304/775/194
f 288/773/194 304/775/194 289/776/194
usemtl common_rough_steel
f 289/777/195 293/778/195 294/779/195
f 289/777/195 294/779/195 288/780/195
usemtl common_steel
f 294/781/196 299/782/196 305/783/196
f 294/781/196 305/783/196 288/784/196
f 287/785/197 295/786/197 296/787/197
f 287/785/197 296/787/197 292/788/197
f 292/789/198 296/790/198 297/791/198
f 292/789/198 297/791/198 285/792/198
usemtl common_rough_steel
f 286/793/199 298/794/199 293/795/199
f 286/793/199 293/795/199 289/796/199
usemtl common_steel
f 295/797/200 299/798/200 300/799/200
f 295/797/200 300/799/200 283/800/200
usemtl common_rough_steel
f 283/801/201 300/802/201 301/803/201
f 283/801/201 301/803/201 291/804/201
f 291/805/202 301/806/202 302/807/202
f 291/805/202 302/807/202 281/808/202
usemtl infrared_observer
f 285/809/203 303/810/203 304/811/203
f 285/809/203 304/811/203 292/812/203
f 292/813/204 304/814/204 305/815/204
f 292/813/204 305/815/204 287/816/204
usemtl common_steel
f 287/817/205 305/818/205 299/819/205
f 287/817/205 299/819/205 295/820/205
usemtl infrared_observer
f 307/821/206 306/822/206 309/823/206
f 307/821/206 309/823/206 308/824/206
f 310/825/207 311/826/207 312/827/207
f 310/825/207 312/827/207 313/828/207
f 307/829/208 311/830/208 306/831/208
f 307/829/208 306/831/208 310/832/208
f 308/833/209 312/834/209 309/835/209
f 308/833/209 309/835/209 313/836/209
f 313/837/210 311/838/210 307/839/210
f 313/837/210 307/839/210 309/840/210
f 315/841/211 314/842/211 317/843/211
f 315/841/211 317/843/211 316/844/211
f 318/845/212 319/846/212 320/847/212
f 318/845/212 320/847/212 321/848/212
f 317/849/213 316/850/213 320/851/213
f 317/849/213 320/851/213 321/852/213
f 314/853/214 318/854/214 316/855/214
f 314/853/214 316/855/214 320/856/214
f 321/857/215 319/858/215 315/859/215
f 321/857/215 315/859/215 317/860/215
f 326/861/216 324/862/216 325/863/216
f 326/861/216 325/863/216 327/864/216
f 323/865/217 322/866/217 326/867/217
f 323/865/217 326/867/217 327/868/217
f 331/869/218 329/870/218 328/871/218
f 331/869/218 328/871/218 330/872/218
f 331/873/219 330/874/219 332/875/219
f 331/873/219 332/875/219 333/876/219
f 337/877/220 335/878/220 334/879/220
f 337/877/220 334/879/220 336/880/220
f 334/881/221 335/882/221 339/883/221
f 334/881/221 339/883/221 338/884/221
f 336/885/222 334/886/222 338/887/222
f 336/885/222 338/887/222 340/888/222
f 341/889/223 339/890/223 335/891/223
f 341/889/223 335/891/223 337/892/223
f 345/893/224 343/894/224 342/895/224
f 345/893/224 342/895/224 344/896/224
f 347/897/225 212/898/225 346/899/225
f 347/897/225 346/899/225 348/900/225
f 342/901/226 343/902/226 346/903/226
f 342/901/226 346/903/226 212/904/226
f 344/905/227 342/906/227 212/907/227
f 344/905/227 212/907/227 347/908/227
f 348/909/228 346/910/228 343/911/228
f 348/909/228 343/911/228 345/912/228
f 350/913/229 349/914/229 352/915/229
f 350/913/229 352/915/229 351/916/229
f 353/917/230 354/918/230 355/919/230
f 353/917/230 355/919/230 356/920/230
f 352/921/231 351/922/231 355/923/231
f 352/921/231 355/923/231 356/924/231
f 349/925/232 353/926/232 351/927/232
f 349/925/232 351/927/232 355/928/232
f 356/929/233 354/930/233 350/931/233
f 356/929/233 350/931/233 352/932/233
f 360/933/234 358/934/234 357/935/234
f 360/933/234 357/935/234 359/936/234
f 363/937/235 361/938/235 362/939/235
f 363/937/235 362/939/235 364/940/235
f 357/941/236 358/942/236 362/943/236
f 357/941/236 362/943/236 361/944/236
f 360/945/237 359/946/237 363/947/237
f 360/945/237 363/947/237 364/948/237
f 364/949/238 362/950/238 358/951/238
f 364/949/238 358/951/238 360/952/238
usemtl common_rough_steel
f 368/953/239 379/954/239 378/955/239
f 368/953/239 378/955/239 369/956/239
f 366/957/240 381/958/240 380/959/240
f 366/957/240 380/959/240 375/960/240
f 374/961/241 377/962/241 382/963/241
f 374/961/241 382/963/241 367/964/241
f 369/965/242 378/966/242 377/967/242
f 369/965/242 377/967/242 374/968/242
f 375/969/243 380/970/243 379/971/243
f 375/969/243 379/971/243 368/972/243
f 365/973/244 377/974/244 378/975/244
f 365/973/244 378/975/244 373/976/244
f 373/977/245 378/978/245 379/979/245
f 373/977/245 379/979/245 372/980/245
f 372/981/246 379/982/246 380/983/246
f 372/981/246 380/983/246 376/984/246
f 376/985/247 380/986/247 381/987/247
f 376/985/247 381/987/247 370/988/247
f 371/989/248 382/990/248 377/991/248
f 371/989/248 377/991/248 365/992/248
f 264/993/249 250/994/249 279/995/249
f 264/993/249 279/995/249 371/996/249
f 382/997/250 371/998/250 263/999/250
f 382/997/250 263/999/250 285/1000/250
f 285/1001/251 367/1002/251 303/1003/251
f 285/1001/251 303/1003/251 246/1004/251
f 261/1005/252 246/1006/252 286/1007/252
f 261/1005/252 286/1007/252 264/1008/252
usemtl infrared_observer
f 264/1009/253 371/1010/253 285/1011/253
f 264/1009/253 285/1011/253 246/1012/253
f 386/1013/254 384/1014/254 383/1015/254
f 386/1013/254 383/1015/254 385/1016/254
f 389/1017/255 387/1018/255 388/1019/255
f 389/1017/255 388/1019/255 390/1020/255
f 383/1021/256 384/1022/256 388/1023/256
f 383/1021/256 388/1023/256 387/1024/256
f 386/1025/257 385/1026/257 389/1027/257
f 386/1025/257 389/1027/257 390/1028/257
f 390/1029/258 388/1030/258 384/1031/258
f 390/1029/258 384/1031/258 386/1032/258
f 394/1033/259 392/1034/259 391/1035/259
f 394/1033/259 391/1035/259 393/1036/259
f 397/1037/260 395/1038/260 396/1039/260
f 397/1037/260 396/1039/260 398/1040/260
f 391/1041/261 392/1042/261 396/1043/261
f 391/1041/261 396/1043/261 395/1044/261
f 394/1045/262 393/1046/262 397/1047/262
f 394/1045/262 397/1047/262 398/1048/262
f 393/1049/263 391/1050/263 395/1051/263
f 393/1049/263 395/1051/263 397/1052/263
f 398/1053/264 396/1054/264 392/1055/264
f 398/1053/264 392/1055/264 394/1056/264
f 402/1057/265 400/1058/265 399/1059/265
f 402/1057/265 399/1059/265 401/1060/265
f 405/1061/266 403/1062/266 404/1063/266
f 405/1061/266 404/1063/266 406/1064/266
f 399/1065/267 400/1066/267 404/1067/267
f 399/1065/267 404/1067/267 403/1068/267
f 401/1069/268 399/1070/268 403/1071/268
f 401/1069/268 403/1071/268 405/1072/268
f 406/1073/269 404/1074/269 400/1075/269
f 406/1073/269 400/1075/269 402/1076/269
f 410/1077/270 408/1078/270 407/1079/270
f 410/1077/270 407/1079/270 409/1080/270
f 413/1081/271 411/1082/271 412/1083/271
f 413/1081/271 412/1083/271 414/1084/271
f 407/1085/272 408/1086/272 412/1087/272
f 407/1085/272 412/1087/272 411/1088/272
f 409/1089/273 407/1090/273 411/1091/273
f 409/1089/273 411/1091/273 413/1092/273
f 414/1093/274 412/1094/274 408/1095/274
f 414/1093/274 408/1095/274 410/1096/274
o base
v -0.3437500000000002 -2.4687499999999996 1.21875
v -0.3437500000000002 -2.4687499999999996 1.03125
v -0.2812500000000002 -2.46875 1.21875
v -0.2812500000000002 -2.46875 1.03125
v -0.3437500000000002 -2.6562499999999996 1.21875
v -0.3437500000000002 -2.6562499999999996 1.03125
v -0.2812500000000002 -2.65625 1.21875
v -0.2812500000000002 -2.65625 1.03125
v -0.3437500000000002 -2.4687499999999996 1.71875
v -0.3437500000000002 -2.4687499999999996 1.53125
v -0.2812500000000002 -2.46875 1.71875
v -0.2812500000000002 -2.46875 1.53125
v -0.3437500000000002 -2.6562499999999996 1.71875
v -0.3437500000000002 -2.6562499999999996 1.53125
v -0.2812500000000002 -2.65625 1.71875
v -0.2812500000000002 -2.65625 1.53125
v -0.3437500000000002 -2.4687499999999996 1.46875
v -0.3437500000000002 -2.4687499999999996 1.28125
v -0.2812500000000002 -2.46875 1.46875
v -0.2812500000000002 -2.46875 1.28125
v -0.3437500000000002 -2.6562499999999996 1.46875
v -0.3437500000000002 -2.6562499999999996 1.28125
v -0.2812500000000002 -2.65625 1.46875
v -0.2812500000000002 -2.65625 1.28125
v 1.2500000000000002 -1.125 1.46875
v 1.2500000000000002 -1.125 1.09375
v 1.25 -1.375 1.59375
v 1.25 -1.375 0.96875
v 1.1250000000000002 -1.125 1.46875
v 1.1250000000000002 -1.125 1.09375
v 1.125 -1.375 1.59375
v 1.125 -1.375 0.96875
v 1.2500000000000002 -1.125 1.28125
v 1.25 -1.375 1.28125
v 1.125 -1.375 1.28125
v 1.1250000000000002 -1.125 1.28125
v 1.25 -1.375 1.59375
v 1.25 -1.375 0.96875
v 1.25 -2.375 1.59375
v 1.25 -2.375 0.96875
v 1.125 -1.375 1.59375
v 1.125 -1.375 0.96875
v 1.125 -2.375 1.59375
v 1.125 -2.375 0.96875
v 1.25 -1.375 1.28125
v 1.25 -2.375 1.28125
v 1.125 -2.375 1.28125
v 1.125 -1.375 1.28125
v -0.3124999999999998 -1.1249999999999998 1.09375
v -0.3124999999999998 -1.1249999999999998 1.46875
v -0.3125 -1.3749999999999998 0.96875
v -0.3125 -1.3749999999999998 1.59375
v -0.18749999999999978 -1.1249999999999998 1.09375
v -0.18749999999999978 -1.1249999999999998 1.46875
v -0.1875 -1.3749999999999998 0.96875
v -0.1875 -1.3749999999999998 1.59375
v -0.3124999999999998 -1.1249999999999998 1.28125
v -0.3125 -1.3749999999999998 1.28125
v -0.1875 -1.3749999999999998 1.28125
v -0.18749999999999978 -1.1249999999999998 1.28125
v -0.3125 -1.3749999999999998 0.96875
v -0.3125 -1.3749999999999998 1.59375
v -0.3125000000000002 -2.375 0.96875
v -0.3125000000000002 -2.375 1.59375
v -0.1875 -1.3749999999999998 0.96875
v -0.1875 -1.3749999999999998 1.59375
v -0.18750000000000022 -2.375 0.96875
v -0.18750000000000022 -2.375 1.59375
v -0.3125 -1.3749999999999998 1.28125
v -0.3125000000000002 -2.375 1.28125
v -0.18750000000000022 -2.375 1.28125
v -0.1875 -1.3749999999999998 1.28125
v 0.2812499999999999 -2.1875 2.46875
v 0.2812499999999999 -2.1875 2.40625
v 0.2812499999999999 -2.5625 2.46875
v 0.2812499999999999 -2.5625 2.40625
v -0.09375 -2.1875 2.46875
v -0.09375 -2.1875 2.40625
v -0.09375000000000022 -2.5625 2.46875
v -0.09375000000000022 -2.5625 2.40625
v 0.28125 -1.7499999999999998 2.46875
v 0.28125 -1.7499999999999998 2.40625
v 0.2812499999999999 -2.125 2.46875
v 0.2812499999999999 -2.125 2.40625
v -0.09375 -1.7499999999999998 2.46875
v -0.09375 -1.7499999999999998 2.40625
v -0.09375 -2.125 2.46875
v -0.09375 -2.125 2.40625
v 0.4374999999999998 -2.59375 1.90625
v 0.4374999999999998 -2.71875 1.90625
v 0.49999999999999983 -2.59375 1.90625
v 0.4999999999999998 -2.71875 1.90625
v 0.3749999999999998 -2.59375 2.03125
v 0.3749999999999998 -2.71875 2.03125
v 0.49999999999999983 -2.59375 2.03125
v 0.4999999999999998 -2.71875 2.03125
v 0.49999999999999983 -2.59375 2.09375
v 0.49999999999999983 -2.59375 2.03125
v 0.4999999999999998 -2.71875 2.09375
v 0.4999999999999998 -2.71875 2.03125
v 0.3749999999999998 -2.59375 2.09375
v 0.3749999999999998 -2.59375 2.03125
v 0.3749999999999998 -2.71875 2.09375
v 0.3749999999999998 -2.71875 2.03125
v 0.49999999999999983 -2.59375 1.90625
v 0.49999999999999983 -2.59375 2.03125
v 0.4999999999999998 -2.71875 1.90625
v 0.4999999999999998 -2.71875 2.03125
v 0.7499999999999998 -2.59375 1.90625
v 0.7499999999999998 -2.59375 2.03125
v 0.7499999999999998 -2.71875 1.90625
v 0.7499999999999998 -2.71875 2.03125
v 0.9999999999999998 -2.59375 1.90625
v 0.9999999999999998 -2.59375 2.03125
v 0.9999999999999998 -2.71875 1.90625
v 0.9999999999999998 -2.71875 2.03125
v 1.2499999999999998 -2.59375 1.90625
v 1.2499999999999998 -2.59375 2.03125
v 1.2499999999999998 -2.71875 1.90625
v 1.2499999999999998 -2.71875 2.03125
v 0.7499999999999998 -2.59375 1.90625
v 0.7499999999999998 -2.59375 2.03125
v 0.7499999999999998 -2.71875 1.90625
v 0.7499999999999998 -2.71875 2.03125
v 0.9999999999999998 -2.59375 1.90625
v 0.9999999999999998 -2.59375 2.03125
v 0.9999999999999998 -2.71875 1.90625
v 0.9999999999999998 -2.71875 2.03125
v 1.2499999999999998 -2.5625 2.0625
v 1.2499999999999998 -2.5625 1.875
v 1.3124999999999998 -2.5625 2.0625
v 1.3124999999999998 -2.5625 1.875
v 1.2499999999999998 -2.75 2.0625
v 1.2499999999999998 -2.75 1.875
v 1.3124999999999998 -2.75 2.0625
v 1.3124999999999998 -2.75 1.875
v 1.25 -2.3125 2.0625
v 1.25 -2.3125 1.875
v 1.3125 -2.3125 2.0625
v 1.3125 -2.3125 1.875
v 1.2499999999999998 -2.5 2.0625
v 1.2499999999999998 -2.5 1.875
v 1.3124999999999998 -2.5 2.0625
v 1.3124999999999998 -2.5 1.875
v 0.9999999999999999 -2.34375 1.90625
v 0.9999999999999999 -2.34375 2.03125
v 0.9999999999999999 -2.46875 1.90625
v 0.9999999999999999 -2.46875 2.03125
v 1.25 -2.34375 1.90625
v 1.25 -2.34375 2.03125
v 1.25 -2.46875 1.90625
v 1.25 -2.46875 2.03125
v 0.7499999999999999 -2.34375 1.90625
v 0.7499999999999999 -2.34375 2.03125
v 0.7499999999999999 -2.46875 1.90625
v 0.7499999999999999 -2.46875 2.03125
v 0.9999999999999999 -2.34375 1.90625
v 0.9999999999999999 -2.34375 2.03125
v 0.9999999999999999 -2.46875 1.90625
v 0.9999999999999999 -2.46875 2.03125
v 0.4999999999999999 -2.34375 1.90625
v 0.4999999999999999 -2.34375 2.03125
v 0.4999999999999999 -2.46875 1.90625
v 0.4999999999999999 -2.46875 2.03125
v 0.7499999999999999 -2.34375 1.90625
v 0.7499999999999999 -2.34375 2.03125
v 0.7499999999999999 -2.46875 1.90625
v 0.7499999999999999 -2.46875 2.03125
v 0.4374999999999999 -2.34375 1.90625
v 0.4374999999999999 -2.46875 1.90625
v 0.4999999999999999 -2.34375 1.90625
v 0.4999999999999999 -2.46875 1.90625
v 0.3749999999999999 -2.34375 2.03125
v 0.3749999999999999 -2.46875 2.03125
v 0.4999999999999999 -2.34375 2.03125
v 0.4999999999999999 -2.46875 2.03125
v 0.4999999999999999 -2.34375 2.09375
v 0.4999999999999999 -2.34375 2.03125
v 0.4999999999999999 -2.46875 2.09375
v 0.4999999999999999 -2.46875 2.03125
v 0.3749999999999999 -2.34375 2.09375
v 0.3749999999999999 -2.34375 2.03125
v 0.3749999999999999 -2.46875 2.09375
v 0.3749999999999999 -2.46875 2.03125
v 0.1562499999999999 -2.4375 2.09375
v -0.03125000000000011 -2.4375 2.09375
v 0.1562499999999999 -2.4375 2.03125
v -0.03125000000000011 -2.4375 2.03125
v 0.15624999999999978 -2.625 2.09375
v -0.03125000000000022 -2.625 2.09375
v 0.15624999999999978 -2.625 2.03125
v -0.03125000000000022 -2.625 2.03125
v 0.1562499999999999 -2.4375 1.96875
v -0.03125000000000011 -2.4375 1.96875
v 0.1562499999999999 -2.4375 1.90625
v -0.03125000000000011 -2.4375 1.90625
v 0.15624999999999978 -2.625 1.96875
v -0.03125000000000022 -2.625 1.96875
v 0.15624999999999978 -2.625 1.90625
v -0.03125000000000022 -2.625 1.90625
v -0.06250000000000022 -2.4375 1.96875
v -0.2500000000000002 -2.4375 1.96875
v -0.06250000000000022 -2.4375 1.90625
v -0.2500000000000002 -2.4375 1.90625
v -0.06250000000000022 -2.625 1.96875
v -0.2500000000000002 -2.625 1.96875
v -0.06250000000000022 -2.625 1.90625
v -0.2500000000000002 -2.625 1.90625
v 0.12499999999999989 -2.46875 2.03125
v 0.12499999999999989 -2.46875 1.96875
v 0.12499999999999978 -2.59375 2.03125
v 0.12499999999999978 -2.59375 1.96875
v -1.1102230246251565e-16 -2.46875 2.03125
v -1.1102230246251565e-16 -2.46875 1.96875
v -2.220446049250313e-16 -2.59375 2.03125
v -2.220446049250313e-16 -2.59375 1.96875
v -0.15625000000000022 -2.46875 2.375
v -0.15625000000000022 -2.59375 2.3125
v -0.15625000000000022 -2.59375 2.25
v -0.2812500000000002 -2.46875 2.375
v -0.2812500000000002 -2.46875 2.25
v -0.2812500000000002 -2.59375 2.3125
v -0.2812500000000002 -2.59375 2.25
v -0.09375000000000022 -2.46875 2
v -0.09375000000000022 -2.46875 1.9375
v -0.09375000000000022 -2.59375 2
v -0.09375000000000022 -2.59375 1.9375
v -0.21875000000000022 -2.46875 2
v -0.21875000000000022 -2.46875 1.9375
v -0.21875000000000022 -2.59375 2
v -0.21875000000000022 -2.59375 1.9375
v -0.15625000000000022 -2.46875 2.125
v -0.09375000000000022 -2.46875 2
v -0.15625000000000022 -2.59375 2.125
v -0.09375000000000022 -2.59375 2
v -0.2812500000000002 -2.46875 2.125
v -0.21875000000000022 -2.46875 2
v -0.2812500000000002 -2.59375 2.125
v -0.21875000000000022 -2.59375 2
v -0.15625000000000022 -2.46875 2.25
v -0.15625000000000022 -2.46875 2.1875
v -0.15625000000000022 -2.59375 2.25
v -0.15625000000000022 -2.59375 2.1875
v -0.2812500000000002 -2.46875 2.25
v -0.2812500000000002 -2.46875 2.1875
v -0.2812500000000002 -2.59375 2.25
v -0.2812500000000002 -2.59375 2.1875
v -0.15625000000000022 -2.46875 2.1875
v -0.15625000000000022 -2.46875 2.125
v -0.15625000000000022 -2.59375 2.1875
v -0.15625000000000022 -2.59375 2.125
v -0.2812500000000002 -2.46875 2.1875
v -0.2812500000000002 -2.46875 2.125
v -0.2812500000000002 -2.59375 2.1875
v -0.2812500000000002 -2.59375 2.125
v -0.15625 -2.21875 2.375
v -0.15625 -2.34375 2.375
v -0.28125 -2.2187499999999996 2.375
v -0.28125 -2.2187499999999996 2.3125
v -0.28125 -2.3437499999999996 2.375
v -0.28125 -2.3437499999999996 2.3125
v -0.15625 -2.21875 2.25
v -0.15625 -2.34375 2.25
v -0.28125 -2.2187499999999996 2.3125
v -0.28125 -2.2187499999999996 2.25
v -0.28125 -2.3437499999999996 2.3125
v -0.28125 -2.3437499999999996 2.25
v -0.15625 -2.34375 2.375
v -0.15625000000000022 -2.46875 2.375
v -0.28125 -2.3437499999999996 2.375
v -0.28125 -2.3437499999999996 2.3125
v -0.2812500000000002 -2.46875 2.375
v -0.2812500000000002 -2.46875 2.3125
v -0.15625 -2.34375 2.25
v -0.15625000000000022 -2.46875 2.25
v -0.28125 -2.3437499999999996 2.3125
v -0.28125 -2.3437499999999996 2.25
v -0.2812500000000002 -2.46875 2.3125
v -0.2812500000000002 -2.46875 2.25
v -0.15625 -2.0937499999999996 2.3125
v -0.15625 -2.21875 2.375
v -0.28125 -2.0937499999999996 2.3125
v -0.28125 -2.0937499999999996 2.25
v -0.28125 -2.2187499999999996 2.375
v -0.28125 -2.2187499999999996 2.25
v -0.15625 -2.0937499999999996 2.1875
v -0.15625 -2.21875 2.25
v -0.15625 -2.21875 2.25
v -0.28125 -2.0937499999999996 2.25
v -0.28125 -2.0937499999999996 2.1875
v -0.28125 -2.2187499999999996 2.25
v -0.28125 -2.2187499999999996 2.25
v -0.15625 -2.0312499999999996 2.1875
v -0.15625 -2.0937499999999996 2.1875
v -0.15625 -2.0312499999999996 2.3125
v -0.15625 -2.0937499999999996 2.3125
v -0.28125 -2.0312499999999996 2.1875
v -0.28125 -2.0937499999999996 2.1875
v -0.28125 -2.0312499999999996 2.3125
v -0.28125 -2.0937499999999996 2.3125
v -0.15625 -1.9687499999999998 2.1875
v -0.15625 -2.0312499999999996 2.1875
v -0.15625 -1.9687499999999998 2.3125
v -0.15625 -2.0312499999999996 2.3125
v -0.28125 -1.9687499999999998 2.1875
v -0.28125 -2.0312499999999996 2.1875
v -0.28125 -1.9687499999999998 2.3125
v -0.28125 -2.0312499999999996 2.3125
v -0.15625 -1.8437499999999998 2.3125
v -0.15625 -1.8437499999999998 2.1875
v -0.15625 -1.9062499999999998 2.3125
v -0.15625 -1.9062499999999998 2.1875
v -0.21875 -1.8437499999999998 2.3125
v -0.21875 -1.8437499999999998 2.1875
v -0.28125 -1.9062499999999998 2.3125
v -0.28125 -1.9062499999999998 2.1875
v -0.15625 -1.9062499999999998 2.1875
v -0.15625 -1.9687499999999998 2.1875
v -0.15625 -1.9062499999999998 2.3125
v -0.15625 -1.9687499999999998 2.3125
v -0.28125 -1.9062499999999998 2.1875
v -0.28125 -1.9687499999999998 2.1875
v -0.28125 -1.9062499999999998 2.3125
v -0.28125 -1.9687499999999998 2.3125
v -0.21875 -1.7812499999999998 2.34375
v -0.21875 -1.7812499999999998 2.15625
v -0.15625 -1.7812499999999998 2.34375
v -0.15625 -1.7812499999999998 2.15625
v -0.21875 -1.9687499999999998 2.34375
v -0.21875 -1.9687499999999998 2.15625
v -0.15625 -1.9687499999999998 2.34375
v -0.15625 -1.9687499999999998 2.15625
v 0.65625 -1.6875 2.40625
v 0.65625 -1.6875 2.09375
v 0.6562499999999998 -2.75 2.40625
v 0.6562499999999998 -2.75 2.09375
v -0.15625 -1.6874999999999998 2.40625
v -0.15625 -1.6874999999999998 2.09375
v -0.15625000000000022 -2.75 2.40625
v -0.15625000000000022 -2.75 2.09375
v 0.6562499999999999 -2.25 2.40625
v -0.15625 -2.25 2.40625
v -0.15625 -2.25 2.09375
v 0.6562499999999999 -2.25 2.09375
v 0.2812499999999999 -2.25 2.40625
v 0.2812499999999998 -2.75 2.40625
v 0.2812499999999998 -2.75 2.09375
v 0.2812499999999999 -2.25 2.09375
v 0.28125 -1.6874999999999998 2.09375
v 0.28125 -1.6874999999999998 2.40625
v 0.28125 -1.6874999999999998 2.28125
v -0.15625 -1.6874999999999998 2.28125
v -0.15625 -2.25 2.28125
v -0.15625000000000022 -2.75 2.28125
v 0.2812499999999998 -2.75 2.28125
v 0.6562499999999998 -2.75 2.28125
v 0.6562499999999999 -2.25 2.28125
v 0.65625 -1.6875 2.28125
v 1.03125 -2.0625 2.40625
v 1.03125 -2.0625 2.09375
v 1.0312499999999998 -2.625 2.40625
v 1.0312499999999998 -2.625 2.09375
v 0.71875 -2.0625 2.40625
v 0.71875 -2.0625 2.09375
v 0.7187499999999998 -2.625 2.40625
v 0.7187499999999998 -2.625 2.09375
v 1.09375 -1.9375 2.46875
v 1.09375 -1.9375 2.03125
v 1.09375 -2.0625 2.46875
v 1.09375 -2.0625 2.03125
v 0.65625 -1.9375 2.46875
v 0.65625 -1.9375 2.03125
v 0.65625 -2.0625 2.46875
v 0.65625 -2.0625 2.03125
v 1.0937499999999998 -2.625 2.46875
v 1.0937499999999998 -2.625 2.03125
v 1.0937499999999998 -2.75 2.46875
v 1.0937499999999998 -2.75 2.03125
v 0.6562499999999998 -2.625 2.46875
v 0.6562499999999998 -2.625 2.03125
v 0.6562499999999998 -2.75 2.46875
v 0.6562499999999998 -2.75 2.03125
v 1.46875 -2 2.40625
v 1.46875 -2 1.78125
v 1.4687499999999998 -2.75 2.40625
v 1.4687499999999998 -2.75 1.78125
v 1.28125 -2 2.40625
v 1.28125 -2 1.78125
v 1.2812499999999998 -2.75 2.40625
v 1.2812499999999998 -2.75 1.78125
v 1.28125 -2.375 2.40625
v 1.28125 -2.375 1.78125
v 1.46875 -2.375 1.78125
v 1.46875 -2.375 2.40625
v 1.28125 -2.375 2.09375
v 1.2812499999999998 -2.75 2.09375
v 1.4687499999999998 -2.75 2.09375
v 1.46875 -2.375 2.09375
v 1.46875 -2 2.09375
v 1.28125 -2 2.09375
v 1.34375 -2.375 2.40625
v 1.34375 -2 2.40625
v 1.34375 -2 2.09375
v 1.34375 -2 1.78125
v 1.34375 -2.375 1.78125
v 1.3437499999999998 -2.75 1.78125
v 1.3437499999999998 -2.75 2.09375
v 1.3437499999999998 -2.75 2.40625
v 0.9375 -1.8125 2.3125
v 0.9375 -1.8125 2.1875
v 0.9375 -1.875 2.3125
v 0.9375 -1.875 2.1875
v 0.8125 -1.75 2.3125
v 0.8125 -1.75 2.1875
v 0.8125 -1.875 2.3125
v 0.8125 -1.875 2.1875
v 0.8125 -1.75 2.3125
v 0.8125 -1.75 2.1875
v 0.8125 -1.875 2.3125
v 0.8125 -1.875 2.1875
v 0.625 -1.75 2.3125
v 0.625 -1.75 2.1875
v 0.625 -1.875 2.3125
v 0.625 -1.875 2.1875
v 0.96875 -1.875 2.34375
v 0.96875 -1.875 2.15625
v 0.96875 -1.9375 2.34375
v 0.96875 -1.9375 2.15625
v 0.78125 -1.875 2.34375
v 0.78125 -1.875 2.15625
v 0.78125 -1.9375 2.34375
v 0.78125 -1.9375 2.15625
v 0.65625 -1.71875 2.34375
v 0.65625 -1.71875 2.15625
v 0.71875 -1.71875 2.34375
v 0.71875 -1.71875 2.15625
v 0.65625 -1.90625 2.34375
v 0.65625 -1.90625 2.15625
v 0.71875 -1.90625 2.34375
v 0.71875 -1.90625 2.15625
v 0.09375 -1.6249999999999998 2.34375
v 0.09375 -1.6249999999999998 2.15625
v 0.09375 -1.6874999999999998 2.34375
v 0.09375 -1.6874999999999998 2.15625
v -0.09375 -1.6249999999999998 2.34375
v -0.09375 -1.6249999999999998 2.15625
v -0.09375 -1.6874999999999998 2.34375
v -0.09375 -1.6874999999999998 2.15625
v 0.031250000000000444 2.220446049250313e-16 2.28125
v 0.031250000000000444 2.220446049250313e-16 2.21875
v 0.03125 -1.6249999999999998 2.28125
v 0.03125 -1.6249999999999998 2.21875
v -0.031249999999999556 2.220446049250313e-16 2.28125
v -0.031249999999999556 2.220446049250313e-16 2.21875
v -0.03125 -1.6249999999999998 2.28125
v -0.03125 -1.6249999999999998 2.21875
v 1.3125 -2.375 1.90625
v 1.3125 -2.375 0.65625
v 1.3124999999999998 -2.75 1.90625
v 1.3124999999999998 -2.75 0.65625
v -0.3125000000000002 -2.375 1.90625
v -0.3125000000000002 -2.375 0.65625
v -0.3125000000000002 -2.75 1.90625
v -0.3125000000000002 -2.75 0.65625
v -0.3125000000000002 -2.5625 0.65625
v 1.3124999999999998 -2.5625 0.65625
v 1.3124999999999998 -2.5625 1.90625
v -0.3125000000000002 -2.5625 1.90625
v 1.3124999999999998 -2.5625 1.28125
v 1.3125 -2.375 1.28125
v -0.3125000000000002 -2.375 1.28125
v -0.3125000000000002 -2.5625 1.28125
v -0.3125000000000002 -2.75 1.28125
v 1.3124999999999998 -2.75 1.28125
v -0.3437500000000002 -2.4999999999999996 1.4375
v -0.3437500000000002 -2.4999999999999996 1.3125
v -0.3437500000000002 -2.7499999999999996 1.4375
v -0.3437500000000002 -2.7499999999999996 1.3125
v -0.4687500000000002 -2.5624999999999996 1.4375
v -0.4687500000000002 -2.5624999999999996 1.3125
v -0.4687500000000002 -2.7499999999999996 1.4375
v -0.4687500000000002 -2.7499999999999996 1.3125
v -0.3437500000000002 -2.4999999999999996 1.6875
v -0.3437500000000002 -2.4999999999999996 1.5625
v -0.3437500000000002 -2.7499999999999996 1.6875
v -0.3437500000000002 -2.7499999999999996 1.5625
v -0.4687500000000002 -2.5624999999999996 1.6875
v -0.4687500000000002 -2.5624999999999996 1.5625
v -0.4687500000000002 -2.7499999999999996 1.6875
v -0.4687500000000002 -2.7499999999999996 1.5625
v -0.3437500000000002 -2.5624999999999996 1.0625
v -0.3437500000000002 -2.5624999999999996 1
v -0.3437500000000002 -2.6874999999999996 1.0625
v -0.3437500000000002 -2.6874999999999996 1
v -0.4687500000000002 -2.5624999999999996 1.0625
v -0.4687500000000002 -2.5624999999999996 1
v -0.4687500000000002 -2.6874999999999996 1.0625
v -0.4687500000000002 -2.6874999999999996 1
v -0.3437500000000002 -2.5624999999999996 1
v -0.3437500000000002 -2.5624999999999996 0.9375
v -0.3437500000000002 -2.6874999999999996 1
v -0.3437500000000002 -2.6874999999999996 0.9375
v -0.4687500000000002 -2.5624999999999996 1
v -0.4687500000000002 -2.5624999999999996 0.9375
v -0.4687500000000002 -2.6874999999999996 1
v -0.4687500000000002 -2.6874999999999996 0.9375
v -0.3437500000000002 -2.4999999999999996 1.1875
v -0.3437500000000002 -2.4999999999999996 1.0625
v -0.3437500000000002 -2.5624999999999996 1.1875
v -0.3437500000000002 -2.5624999999999996 1.0625
v -0.4062500000000002 -2.4999999999999996 1.1875
v -0.4062500000000002 -2.4999999999999996 1.0625
v -0.4687500000000002 -2.5624999999999996 1.1875
v -0.4687500000000002 -2.5624999999999996 1.0625
v -0.3437500000000002 -2.5624999999999996 1.1875
v -0.3437500000000002 -2.6249999999999996 1.1875
v -0.4687500000000002 -2.5624999999999996 1.1875
v -0.4687500000000002 -2.5624999999999996 1.0625
v -0.4687500000000002 -2.6249999999999996 1.1875
v -0.4687500000000002 -2.6249999999999996 1.0625
v -0.4687500000000002 -2.6874999999999996 1.0625
v -0.3437500000000002 -2.6874999999999996 1.0625
v -0.4687500000000002 -2.6249999999999996 1.0625
v -0.3437500000000002 -2.6249999999999996 1.0625
v -0.4687500000000002 -2.6874999999999996 1.125
v -0.3437500000000002 -2.6874999999999996 1.125
v -0.4687500000000002 -2.6249999999999996 1.1875
v -0.3437500000000002 -2.6249999999999996 1.1875
v -0.3437500000000002 -2.5624999999999996 0.9375
v -0.3437500000000002 -2.5624999999999996 0.875
v -0.3437500000000002 -2.6874999999999996 0.9375
v -0.3437500000000002 -2.6874999999999996 0.8125
v -0.4687500000000002 -2.5624999999999996 0.9375
v -0.4687500000000002 -2.5624999999999996 0.875
v -0.4687500000000002 -2.6874999999999996 0.9375
v -0.4687500000000002 -2.6874999999999996 0.8125
v -0.3437500000000002 -2.6874999999999996 0.9375
v -0.3437500000000002 -2.6874999999999996 0.8125
v -0.3437500000000002 -2.7499999999999996 0.9375
v -0.3437500000000002 -2.7499999999999996 0.8125
v -0.4687500000000002 -2.6874999999999996 0.9375
v -0.4687500000000002 -2.6874999999999996 0.8125
v -0.4687500000000002 -2.7499999999999996 0.9375
v -0.4687500000000002 -2.7499999999999996 0.8125
vt 0.937500 0.765625
vt 0.937500 0.781250
vt 0.890625 0.781250
vt 0.890625 0.765625
vt 0.859375 0.765625
vt 0.859375 0.781250
vt 0.812500 0.781250
vt 0.812500 0.765625
vt 0.906250 0.765625
vt 0.906250 0.812500
vt 0.859375 0.812500
vt 0.859375 0.765625
vt 0.937500 0.765625
vt 0.937500 0.781250
vt 0.890625 0.781250
vt 0.890625 0.765625
vt 0.921875 0.765625
vt 0.921875 0.781250
vt 0.875000 0.781250
vt 0.875000 0.765625
vt 0.937500 0.765625
vt 0.937500 0.781250
vt 0.890625 0.781250
vt 0.890625 0.765625
vt 0.859375 0.765625
vt 0.859375 0.781250
vt 0.812500 0.781250
vt 0.812500 0.765625
vt 0.906250 0.765625
vt 0.906250 0.812500
vt 0.859375 0.812500
vt 0.859375 0.765625
vt 0.937500 0.765625
vt 0.937500 0.781250
vt 0.890625 0.781250
vt 0.890625 0.765625
vt 0.921875 0.765625
vt 0.921875 0.781250
vt 0.875000 0.781250
vt 0.875000 0.765625
vt 0.937500 0.765625
vt 0.937500 0.781250
vt 0.890625 0.781250
vt 0.890625 0.765625
vt 0.859375 0.765625
vt 0.859375 0.781250
vt 0.812500 0.781250
vt 0.812500 0.765625
vt 0.906250 0.765625
vt 0.906250 0.812500
vt 0.859375 0.812500
vt 0.859375 0.765625
vt 0.937500 0.765625
vt 0.937500 0.781250
vt 0.890625 0.781250
vt 0.890625 0.765625
vt 0.921875 0.765625
vt 0.921875 0.781250
vt 0.875000 0.781250
vt 0.875000 0.765625
vt 0.312500 0.062500
vt 0.234375 0.062500
vt 0.234375 0.000000
vt 0.281250 0.000000
vt 0.187500 0.000000
vt 0.234375 0.000000
vt 0.234375 0.062500
vt 0.156250 0.062500
vt 0.312500 0.171875
vt 0.312500 0.218750
vt 0.281250 0.218750
vt 0.281250 0.171875
vt 0.312500 0.180122
vt 0.312500 0.250000
vt 0.281250 0.250000
vt 0.281250 0.180122
vt 0.171875 0.281250
vt 0.140625 0.281250
vt 0.140625 0.211373
vt 0.171875 0.211373
vt 0.187500 0.000000
vt 0.234375 0.000000
vt 0.234375 0.062500
vt 0.156250 0.062500
vt 0.312500 0.062500
vt 0.234375 0.062500
vt 0.234375 0.000000
vt 0.281250 0.000000
vt 0.281250 0.171875
vt 0.281250 0.125000
vt 0.312500 0.125000
vt 0.312500 0.171875
vt 0.312500 0.312500
vt 0.234375 0.312500
vt 0.234375 0.062500
vt 0.312500 0.062500
vt 0.156250 0.062500
vt 0.234375 0.062500
vt 0.234375 0.312500
vt 0.156250 0.312500
vt 0.312500 0.000000
vt 0.312500 0.250000
vt 0.281250 0.250000
vt 0.281250 0.000000
vt 0.281250 0.281250
vt 0.281250 0.031250
vt 0.312500 0.031250
vt 0.312500 0.281250
vt 0.140625 0.062500
vt 0.218750 0.062500
vt 0.218750 0.312500
vt 0.140625 0.312500
vt 0.312500 0.312500
vt 0.234375 0.312500
vt 0.234375 0.062500
vt 0.312500 0.062500
vt 0.312500 0.062500
vt 0.234375 0.062500
vt 0.234375 0.000000
vt 0.281250 0.000000
vt 0.187500 0.000000
vt 0.234375 0.000000
vt 0.234375 0.062500
vt 0.156250 0.062500
vt 0.312500 0.171875
vt 0.312500 0.218750
vt 0.281250 0.218750
vt 0.281250 0.171875
vt 0.343750 0.625000
vt 0.343750 0.546875
vt 0.375000 0.546875
vt 0.375000 0.625000
vt 0.312500 0.180122
vt 0.312500 0.250000
vt 0.281250 0.250000
vt 0.281250 0.180122
vt 0.171875 0.281250
vt 0.140625 0.281250
vt 0.140625 0.211373
vt 0.171875 0.211373
vt 0.187500 0.000000
vt 0.234375 0.000000
vt 0.234375 0.062500
vt 0.156250 0.062500
vt 0.375000 0.468750
vt 0.375000 0.546875
vt 0.343750 0.546875
vt 0.343750 0.468750
vt 0.312500 0.062500
vt 0.234375 0.062500
vt 0.234375 0.000000
vt 0.281250 0.000000
vt 0.281250 0.171875
vt 0.281250 0.125000
vt 0.312500 0.125000
vt 0.312500 0.171875
vt 0.312500 0.312500
vt 0.234375 0.312500
vt 0.234375 0.062500
vt 0.312500 0.062500
vt 0.156250 0.062500
vt 0.234375 0.062500
vt 0.234375 0.312500
vt 0.156250 0.312500
vt 0.312500 0.000000
vt 0.312500 0.250000
vt 0.281250 0.250000
vt 0.281250 0.000000
vt 0.281250 0.281250
vt 0.281250 0.031250
vt 0.312500 0.031250
vt 0.312500 0.281250
vt 0.140625 0.062500
vt 0.218750 0.062500
vt 0.218750 0.312500
vt 0.140625 0.312500
vt 0.312500 0.312500
vt 0.234375 0.312500
vt 0.234375 0.062500
vt 0.312500 0.062500
vt 1.000000 0.640625
vt 1.000000 0.734375
vt 0.984375 0.734375
vt 0.984375 0.640625
vt 1.000000 0.640625
vt 1.000000 0.734375
vt 0.984375 0.734375
vt 0.984375 0.640625
vt 1.000000 0.718750
vt 1.000000 0.734375
vt 0.906250 0.734375
vt 0.906250 0.718750
vt 1.000000 0.718750
vt 1.000000 0.734375
vt 0.906250 0.734375
vt 0.906250 0.718750
vt 1.000000 0.640625
vt 1.000000 0.734375
vt 0.906250 0.734375
vt 0.906250 0.640625
vt 1.000000 0.640625
vt 1.000000 0.734375
vt 0.984375 0.734375
vt 0.984375 0.640625
vt 1.000000 0.640625
vt 1.000000 0.734375
vt 0.984375 0.734375
vt 0.984375 0.640625
vt 1.000000 0.718750
vt 1.000000 0.734375
vt 0.906250 0.734375
vt 0.906250 0.718750
vt 1.000000 0.718750
vt 1.000000 0.734375
vt 0.906250 0.734375
vt 0.906250 0.718750
vt 1.000000 0.640625
vt 1.000000 0.734375
vt 0.906250 0.734375
vt 0.906250 0.640625
vt 0.562500 0.312500
vt 0.687500 0.312500
vt 0.687500 0.375000
vt 0.562500 0.375000
vt 0.688038 0.875543
vt 0.686957 1.000000
vt 0.561962 0.999457
vt 0.563043 0.874462
vt 0.874457 0.125538
vt 0.749462 0.124457
vt 0.750543 0.000000
vt 0.875538 0.000543
vt 0.875000 0.125000
vt 0.750000 0.125000
vt 0.750000 0.000000
vt 0.875000 0.000000
vt 0.625000 0.250000
vt 0.625000 0.375000
vt 0.562500 0.375000
vt 0.562500 0.250000
vt 0.625000 0.250000
vt 0.625000 0.375000
vt 0.562500 0.375000
vt 0.562500 0.250000
vt 0.687500 0.250000
vt 0.687500 0.312500
vt 0.562500 0.312500
vt 0.562500 0.250000
vt 0.687500 0.250000
vt 0.687500 0.312500
vt 0.562500 0.312500
vt 0.562500 0.250000
vt 0.687500 0.562500
vt 0.562500 0.562500
vt 0.562500 0.312500
vt 0.687500 0.312500
vt 0.687500 0.562500
vt 0.562500 0.562500
vt 0.562500 0.312500
vt 0.687500 0.312500
vt 0.687500 0.562500
vt 0.562500 0.562500
vt 0.562500 0.312500
vt 0.687500 0.312500
vt 0.687500 0.625000
vt 0.562500 0.625000
vt 0.562500 0.375000
vt 0.687500 0.375000
vt 0.687500 0.562500
vt 0.562500 0.562500
vt 0.562500 0.312500
vt 0.687500 0.312500
vt 0.687500 0.562500
vt 0.562500 0.562500
vt 0.562500 0.312500
vt 0.687500 0.312500
vt 0.687500 0.562500
vt 0.562500 0.562500
vt 0.562500 0.312500
vt 0.687500 0.312500
vt 0.687500 0.625000
vt 0.562500 0.625000
vt 0.562500 0.375000
vt 0.687500 0.375000
vt 0.687500 0.562500
vt 0.562500 0.562500
vt 0.562500 0.312500
vt 0.687500 0.312500
vt 0.687500 0.562500
vt 0.562500 0.562500
vt 0.562500 0.312500
vt 0.687500 0.312500
vt 0.687500 0.562500
vt 0.562500 0.562500
vt 0.562500 0.312500
vt 0.687500 0.312500
vt 0.687500 0.625000
vt 0.562500 0.625000
vt 0.562500 0.375000
vt 0.687500 0.375000
vt 0.937500 0.765625
vt 0.937500 0.781250
vt 0.890625 0.781250
vt 0.890625 0.765625
vt 0.859375 0.765625
vt 0.859375 0.781250
vt 0.812500 0.781250
vt 0.812500 0.765625
vt 0.906250 0.765625
vt 0.906250 0.812500
vt 0.859375 0.812500
vt 0.859375 0.765625
vt 0.937500 0.765625
vt 0.937500 0.781250
vt 0.890625 0.781250
vt 0.890625 0.765625
vt 0.921875 0.765625
vt 0.921875 0.781250
vt 0.875000 0.781250
vt 0.875000 0.765625
vt 0.937500 0.765625
vt 0.937500 0.781250
vt 0.890625 0.781250
vt 0.890625 0.765625
vt 0.859375 0.765625
vt 0.859375 0.781250
vt 0.812500 0.781250
vt 0.812500 0.765625
vt 0.906250 0.765625
vt 0.906250 0.812500
vt 0.859375 0.812500
vt 0.859375 0.765625
vt 0.937500 0.765625
vt 0.937500 0.781250
vt 0.890625 0.781250
vt 0.890625 0.765625
vt 0.921875 0.765625
vt 0.921875 0.781250
vt 0.875000 0.781250
vt 0.875000 0.765625
vt 0.687500 0.562500
vt 0.562500 0.562500
vt 0.562500 0.312500
vt 0.687500 0.312500
vt 0.687500 0.562500
vt 0.562500 0.562500
vt 0.562500 0.312500
vt 0.687500 0.312500
vt 0.687500 0.562500
vt 0.562500 0.562500
vt 0.562500 0.312500
vt 0.687500 0.312500
vt 0.687500 0.625000
vt 0.562500 0.625000
vt 0.562500 0.375000
vt 0.687500 0.375000
vt 0.687500 0.562500
vt 0.562500 0.562500
vt 0.562500 0.312500
vt 0.687500 0.312500
vt 0.687500 0.562500
vt 0.562500 0.562500
vt 0.562500 0.312500
vt 0.687500 0.312500
vt 0.687500 0.562500
vt 0.562500 0.562500
vt 0.562500 0.312500
vt 0.687500 0.312500
vt 0.687500 0.625000
vt 0.562500 0.625000
vt 0.562500 0.375000
vt 0.687500 0.375000
vt 0.687500 0.562500
vt 0.562500 0.562500
vt 0.562500 0.312500
vt 0.687500 0.312500
vt 0.687500 0.562500
vt 0.562500 0.562500
vt 0.562500 0.312500
vt 0.687500 0.312500
vt 0.687500 0.562500
vt 0.562500 0.562500
vt 0.562500 0.312500
vt 0.687500 0.312500
vt 0.687500 0.625000
vt 0.562500 0.625000
vt 0.562500 0.375000
vt 0.687500 0.375000
vt 0.562500 0.312500
vt 0.687500 0.312500
vt 0.687500 0.375000
vt 0.562500 0.375000
vt 0.688038 0.875543
vt 0.686957 1.000000
vt 0.561962 0.999457
vt 0.563043 0.874462
vt 0.874457 0.125538
vt 0.749462 0.124457
vt 0.750543 0.000000
vt 0.875538 0.000543
vt 0.875000 0.125000
vt 0.750000 0.125000
vt 0.750000 0.000000
vt 0.875000 0.000000
vt 0.625000 0.250000
vt 0.625000 0.375000
vt 0.562500 0.375000
vt 0.562500 0.250000
vt 0.625000 0.250000
vt 0.625000 0.375000
vt 0.562500 0.375000
vt 0.562500 0.250000
vt 0.687500 0.250000
vt 0.687500 0.312500
vt 0.562500 0.312500
vt 0.562500 0.250000
vt 0.687500 0.250000
vt 0.687500 0.312500
vt 0.562500 0.312500
vt 0.562500 0.250000
vt 0.937500 0.765625
vt 0.937500 0.781250
vt 0.890625 0.781250
vt 0.890625 0.765625
vt 0.859375 0.765625
vt 0.859375 0.781250
vt 0.812500 0.781250
vt 0.812500 0.765625
vt 0.937500 0.765625
vt 0.937500 0.812500
vt 0.890625 0.812500
vt 0.890625 0.765625
vt 0.937500 0.765625
vt 0.937500 0.781250
vt 0.890625 0.781250
vt 0.890625 0.765625
vt 0.921875 0.765625
vt 0.921875 0.781250
vt 0.875000 0.781250
vt 0.875000 0.765625
vt 0.937500 0.765625
vt 0.937500 0.781250
vt 0.890625 0.781250
vt 0.890625 0.765625
vt 0.859375 0.765625
vt 0.859375 0.781250
vt 0.812500 0.781250
vt 0.812500 0.765625
vt 0.906250 0.765625
vt 0.906250 0.812500
vt 0.859375 0.812500
vt 0.859375 0.765625
vt 0.937500 0.765625
vt 0.937500 0.781250
vt 0.890625 0.781250
vt 0.890625 0.765625
vt 0.921875 0.765625
vt 0.921875 0.781250
vt 0.875000 0.781250
vt 0.875000 0.765625
vt 0.937500 0.765625
vt 0.937500 0.781250
vt 0.890625 0.781250
vt 0.890625 0.765625
vt 0.859375 0.765625
vt 0.859375 0.781250
vt 0.812500 0.781250
vt 0.812500 0.765625
vt 0.906250 0.765625
vt 0.906250 0.812500
vt 0.859375 0.812500
vt 0.859375 0.765625
vt 0.937500 0.765625
vt 0.937500 0.781250
vt 0.890625 0.781250
vt 0.890625 0.765625
vt 0.921875 0.765625
vt 0.921875 0.781250
vt 0.875000 0.781250
vt 0.875000 0.765625
vt 0.625000 0.250000
vt 0.625000 0.375000
vt 0.562500 0.375000
vt 0.562500 0.250000
vt 0.625000 0.250000
vt 0.625000 0.375000
vt 0.562500 0.375000
vt 0.562500 0.250000
vt 0.687500 0.250000
vt 0.687500 0.312500
vt 0.562500 0.312500
vt 0.562500 0.250000
vt 0.687500 0.250000
vt 0.687500 0.312500
vt 0.562500 0.312500
vt 0.562500 0.250000
vt 0.750543 0.125538
vt 0.749462 0.000543
vt 0.874457 0.000000
vt 0.875538 0.124457
vt 0.687500 0.000000
vt 0.687500 0.062500
vt 0.562500 0.062500
vt 0.562500 0.000000
vt 0.687500 0.250000
vt 0.687500 0.375000
vt 0.562500 0.375000
vt 0.562500 0.250000
vt 0.625000 0.250000
vt 0.625000 0.375000
vt 0.562500 0.375000
vt 0.562500 0.250000
vt 0.625000 0.250000
vt 0.625000 0.375000
vt 0.562500 0.375000
vt 0.562500 0.250000
vt 0.687500 0.250000
vt 0.687500 0.312500
vt 0.562500 0.312500
vt 0.562500 0.250000
vt 0.687500 0.250000
vt 0.687500 0.312500
vt 0.562500 0.312500
vt 0.562500 0.250000
vt 0.500000 0.250000
vt 0.500000 0.375000
vt 0.375000 0.375000
vt 0.375000 0.250000
vt 0.687500 1.000000
vt 0.562500 1.000000
vt 0.562500 0.875000
vt 0.687500 0.875000
vt 0.687500 0.875000
vt 0.687500 1.000000
vt 0.562500 1.000000
vt 0.562500 0.875000
vt 0.562500 0.875000
vt 0.687500 0.875000
vt 0.687500 1.000000
vt 0.562500 1.000000
vt 0.687500 0.875000
vt 0.687500 1.000000
vt 0.562500 1.000000
vt 0.562500 0.875000
vt 0.687500 0.375000
vt 0.562500 0.375000
vt 0.562500 0.312500
vt 0.687500 0.312500
vt 0.687500 0.250000
vt 0.687500 0.312500
vt 0.562500 0.312500
vt 0.562500 0.250000
vt 0.687500 0.250000
vt 0.687500 0.312500
vt 0.562500 0.312500
vt 0.562500 0.250000
vt 0.687500 0.312500
vt 0.562500 0.312500
vt 0.562500 0.250000
vt 0.687500 0.250000
vt 0.687500 0.250000
vt 0.687500 0.312500
vt 0.562500 0.312500
vt 0.562500 0.250000
vt 0.687500 0.250000
vt 0.687500 0.312500
vt 0.562500 0.312500
vt 0.562500 0.250000
vt 0.687500 0.250000
vt 0.687500 0.375000
vt 0.625000 0.375000
vt 0.625000 0.250000
vt 0.687500 0.250000
vt 0.687500 0.375000
vt 0.562500 0.375000
vt 0.562500 0.250000
vt 0.687500 0.250000
vt 0.687500 0.375000
vt 0.562500 0.375000
vt 0.562500 0.250000
vt 0.687500 0.000000
vt 0.687500 0.125000
vt 0.625000 0.125000
vt 0.625000 0.000000
vt 0.687500 0.250000
vt 0.687500 0.375000
vt 0.562500 0.375000
vt 0.562500 0.250000
vt 0.687500 0.562500
vt 0.687500 0.687500
vt 0.625000 0.687500
vt 0.625000 0.562500
vt 0.687500 0.250000
vt 0.687500 0.375000
vt 0.562500 0.375000
vt 0.562500 0.250000
vt 0.687500 0.250000
vt 0.687500 0.375000
vt 0.625000 0.375000
vt 0.625000 0.250000
vt 0.874866 0.125133
vt 0.749866 0.125133
vt 0.750404 0.000138
vt 0.874866 0.000133
vt 0.687500 0.875000
vt 0.687500 1.000000
vt 0.562500 1.000000
vt 0.562500 0.875000
vt 0.875000 0.125000
vt 0.812500 0.125000
vt 0.875000 0.000000
vt 0.875000 0.000000
vt 0.687500 1.000000
vt 0.562500 1.000000
vt 0.687500 0.875000
vt 0.562500 0.875000
vt 0.687500 1.000000
vt 0.562500 1.000000
vt 0.562500 0.875000
vt 0.687500 0.875000
vt 0.687500 0.375000
vt 0.562500 0.375000
vt 0.562500 0.312500
vt 0.687500 0.312500
vt 0.687500 0.250000
vt 0.687500 0.312500
vt 0.562500 0.312500
vt 0.562500 0.250000
vt 0.687500 0.250000
vt 0.687500 0.312500
vt 0.562500 0.312500
vt 0.562500 0.250000
vt 0.687500 0.375000
vt 0.562500 0.375000
vt 0.562500 0.312500
vt 0.687500 0.312500
vt 0.687500 0.250000
vt 0.687500 0.312500
vt 0.562500 0.312500
vt 0.562500 0.250000
vt 0.687500 0.250000
vt 0.687500 0.312500
vt 0.562500 0.312500
vt 0.562500 0.250000
vt 0.687500 1.000000
vt 0.562500 1.000000
vt 0.562500 0.875000
vt 0.687500 0.875000
vt 0.687500 0.875000
vt 0.687500 1.000000
vt 0.562500 1.000000
vt 0.562500 0.875000
vt 0.562500 0.875000
vt 0.687500 0.875000
vt 0.687500 1.000000
vt 0.562500 1.000000
vt 0.687500 0.875000
vt 0.687500 1.000000
vt 0.562500 1.000000
vt 0.562500 0.875000
vt 0.687500 1.000000
vt 0.562500 1.000000
vt 0.562500 0.875000
vt 0.687500 0.875000
vt 0.625000 0.250000
vt 0.625000 0.375000
vt 0.562500 0.375000
vt 0.562500 0.250000
vt 0.687500 0.375000
vt 0.562500 0.375000
vt 0.562500 0.312500
vt 0.687500 0.312500
vt 0.687500 0.250000
vt 0.687500 0.312500
vt 0.562500 0.312500
vt 0.562500 0.250000
vt 0.687500 0.250000
vt 0.687500 0.312500
vt 0.562500 0.312500
vt 0.562500 0.250000
vt 0.937500 0.765625
vt 0.937500 0.781250
vt 0.890625 0.781250
vt 0.890625 0.765625
vt 0.859375 0.765625
vt 0.859375 0.781250
vt 0.812500 0.781250
vt 0.812500 0.765625
vt 0.906250 0.765625
vt 0.906250 0.812500
vt 0.859375 0.812500
vt 0.859375 0.765625
vt 0.937500 0.765625
vt 0.937500 0.812500
vt 0.890625 0.812500
vt 0.890625 0.765625
vt 0.937500 0.765625
vt 0.937500 0.781250
vt 0.890625 0.781250
vt 0.890625 0.765625
vt 0.921875 0.765625
vt 0.921875 0.781250
vt 0.875000 0.781250
vt 0.875000 0.765625
vt 0.750000 1.000000
vt 0.703125 1.000000
vt 0.703125 0.859375
vt 0.750000 0.859375
vt 0.000000 0.859375
vt 0.046875 0.859375
vt 0.046875 1.000000
vt 0.000000 1.000000
vt 0.500000 0.250000
vt 0.500000 0.203125
vt 0.609375 0.203125
vt 0.609375 0.250000
vt 0.609375 0.015625
vt 0.609375 0.062500
vt 0.500000 0.062500
vt 0.500000 0.015625
vt 0.000000 0.859375
vt 0.109375 0.859375
vt 0.109375 1.000000
vt 0.000000 1.000000
vt 0.750000 1.000000
vt 0.640625 1.000000
vt 0.640625 0.859375
vt 0.750000 0.859375
vt 0.000000 0.250000
vt 0.109375 0.250000
vt 0.109375 0.375000
vt 0.000000 0.375000
vt 0.000000 0.250000
vt 0.046875 0.250000
vt 0.046875 0.375000
vt 0.000000 0.375000
vt 0.750000 0.375000
vt 0.640625 0.375000
vt 0.640625 0.250000
vt 0.750000 0.250000
vt 0.750000 0.375000
vt 0.703125 0.375000
vt 0.703125 0.250000
vt 0.750000 0.250000
vt 0.750000 0.375000
vt 0.656250 0.375000
vt 0.656250 0.250000
vt 0.750000 0.250000
vt 0.750000 0.015625
vt 0.750000 0.062500
vt 0.656250 0.062500
vt 0.656250 0.015625
vt 0.000000 0.250000
vt 0.093750 0.250000
vt 0.093750 0.375000
vt 0.000000 0.375000
vt 0.000000 0.859375
vt 0.093750 0.859375
vt 0.093750 1.000000
vt 0.000000 1.000000
vt 0.640625 0.250000
vt 0.640625 0.203125
vt 0.734375 0.203125
vt 0.734375 0.250000
vt 0.750000 1.000000
vt 0.656250 1.000000
vt 0.656250 0.859375
vt 0.750000 0.859375
vt 0.609375 0.015625
vt 0.609375 0.046875
vt 0.500000 0.046875
vt 0.500000 0.015625
vt 0.750000 1.000000
vt 0.718750 1.000000
vt 0.718750 0.859375
vt 0.750000 0.859375
vt 0.750000 0.375000
vt 0.718750 0.375000
vt 0.718750 0.250000
vt 0.750000 0.250000
vt 0.500000 0.250000
vt 0.500000 0.218750
vt 0.609375 0.218750
vt 0.609375 0.250000
vt 0.640625 0.250000
vt 0.640625 0.218750
vt 0.734375 0.218750
vt 0.734375 0.250000
vt 0.000000 0.250000
vt 0.031250 0.250000
vt 0.031250 0.375000
vt 0.000000 0.375000
vt 0.000000 0.859375
vt 0.031250 0.859375
vt 0.031250 1.000000
vt 0.000000 1.000000
vt 0.734375 0.015625
vt 0.734375 0.046875
vt 0.640625 0.046875
vt 0.640625 0.015625
vt 0.312500 0.093750
vt 0.312500 0.234375
vt 0.390625 0.234375
vt 0.390625 0.093750
vt 0.390625 0.093750
vt 0.390625 0.234375
vt 0.312500 0.234375
vt 0.312500 0.093750
vt 0.390625 0.093750
vt 0.390625 0.234375
vt 0.312500 0.234375
vt 0.312500 0.093750
vt 0.390625 0.093750
vt 0.390625 0.234375
vt 0.312500 0.234375
vt 0.312500 0.093750
vt 0.953125 0.109375
vt 0.953125 0.140625
vt 0.843750 0.140625
vt 0.843750 0.109375
vt 0.953125 0.109375
vt 0.953125 0.140625
vt 0.843750 0.140625
vt 0.843750 0.109375
vt 0.953125 0.000000
vt 0.953125 0.109375
vt 0.843750 0.109375
vt 0.843750 0.000000
vt 0.953125 0.000000
vt 0.953125 0.109375
vt 0.843750 0.109375
vt 0.843750 0.000000
vt 0.953125 0.109375
vt 0.953125 0.140625
vt 0.843750 0.140625
vt 0.843750 0.109375
vt 0.953125 0.109375
vt 0.953125 0.140625
vt 0.843750 0.140625
vt 0.843750 0.109375
vt 0.953125 0.109375
vt 0.953125 0.140625
vt 0.843750 0.140625
vt 0.843750 0.109375
vt 0.953125 0.109375
vt 0.953125 0.140625
vt 0.843750 0.140625
vt 0.843750 0.109375
vt 0.953125 0.000000
vt 0.953125 0.109375
vt 0.843750 0.109375
vt 0.843750 0.000000
vt 0.953125 0.000000
vt 0.953125 0.109375
vt 0.843750 0.109375
vt 0.843750 0.000000
vt 0.953125 0.109375
vt 0.953125 0.140625
vt 0.843750 0.140625
vt 0.843750 0.109375
vt 0.953125 0.109375
vt 0.953125 0.140625
vt 0.843750 0.140625
vt 0.843750 0.109375
vt 0.000000 0.187500
vt 0.078125 0.187500
vt 0.078125 0.093750
vt 0.000000 0.093750
vt 0.750000 0.906250
vt 0.671875 0.906250
vt 0.671875 1.000000
vt 0.750000 1.000000
vt 1.000000 0.250000
vt 0.968750 0.250000
vt 0.968750 0.328125
vt 1.000000 0.328125
vt 1.000000 0.328125
vt 0.968750 0.328125
vt 0.968750 0.250000
vt 1.000000 0.250000
vt 0.000000 1.000000
vt 0.031250 1.000000
vt 0.031250 0.906250
vt 0.000000 0.906250
vt 1.000000 0.906250
vt 0.968750 0.906250
vt 0.968750 1.000000
vt 1.000000 1.000000
vt 0.750000 0.250000
vt 0.671875 0.250000
vt 0.671875 0.343750
vt 0.750000 0.343750
vt 1.000000 0.250000
vt 0.968750 0.250000
vt 0.968750 0.343750
vt 1.000000 0.343750
vt 0.000000 0.093750
vt 0.078125 0.093750
vt 0.078125 0.000000
vt 0.000000 0.000000
vt 0.000000 0.093750
vt 0.031250 0.093750
vt 0.031250 0.000000
vt 0.000000 0.000000
vt 0.000000 0.343750
vt 0.078125 0.343750
vt 0.078125 0.250000
vt 0.000000 0.250000
vt 1.000000 1.000000
vt 0.968750 1.000000
vt 0.968750 0.921875
vt 1.000000 0.921875
vt 0.156250 0.000000
vt 0.078125 0.000000
vt 0.078125 0.093750
vt 0.156250 0.093750
vt 0.156250 0.093750
vt 0.078125 0.093750
vt 0.078125 0.187500
vt 0.156250 0.187500
vt 1.000000 0.921875
vt 0.968750 0.921875
vt 0.968750 1.000000
vt 1.000000 1.000000
vt 0.000000 1.000000
vt 0.078125 1.000000
vt 0.078125 0.906250
vt 0.000000 0.906250
vt 0.015625 0.906250
vt 0.000000 0.906250
vt 0.000000 1.000000
vt 0.015625 1.000000
vt 0.000000 0.312500
vt 0.015625 0.312500
vt 0.015625 0.234375
vt 0.000000 0.234375
vt 0.000000 1.000000
vt 0.015625 1.000000
vt 0.015625 0.921875
vt 0.000000 0.921875
vt 0.000000 1.000000
vt 0.015625 1.000000
vt 0.015625 0.906250
vt 0.000000 0.906250
vt 0.000000 0.375000
vt 0.015625 0.375000
vt 0.015625 0.281250
vt 0.000000 0.281250
vt 0.000000 0.421875
vt 0.015625 0.421875
vt 0.015625 0.500000
vt 0.000000 0.500000
vt 0.000000 0.921875
vt 0.015625 0.921875
vt 0.015625 1.000000
vt 0.000000 1.000000
vt 0.015625 0.000000
vt 0.000000 0.000000
vt 0.000000 0.093750
vt 0.015625 0.093750
vt 0.562500 0.312500
vt 0.687500 0.312500
vt 0.687500 0.375000
vt 0.562500 0.375000
vt 0.688038 0.875543
vt 0.686957 1.000000
vt 0.561962 0.999457
vt 0.563043 0.874462
vt 0.874457 0.125538
vt 0.749462 0.124457
vt 0.750543 0.000000
vt 0.875538 0.000543
vt 0.875000 0.125000
vt 0.750000 0.125000
vt 0.750000 0.000000
vt 0.875000 0.000000
vt 0.687500 0.562500
vt 0.562500 0.562500
vt 0.562500 0.375000
vt 0.687500 0.375000
vt 0.687500 0.875000
vt 0.562500 0.875000
vt 0.562500 0.687500
vt 0.687500 0.687500
vt 0.687500 0.875000
vt 0.562500 0.875000
vt 0.562500 0.687500
vt 0.687500 0.687500
vt 0.687500 0.562500
vt 0.562500 0.562500
vt 0.562500 0.375000
vt 0.687500 0.375000
vt 0.937500 0.765625
vt 0.937500 0.781250
vt 0.890625 0.781250
vt 0.890625 0.765625
vt 0.859375 0.765625
vt 0.859375 0.781250
vt 0.812500 0.781250
vt 0.812500 0.765625
vt 0.906250 0.765625
vt 0.906250 0.812500
vt 0.859375 0.812500
vt 0.859375 0.765625
vt 0.937500 0.765625
vt 0.937500 0.781250
vt 0.890625 0.781250
vt 0.890625 0.765625
vt 0.921875 0.765625
vt 0.921875 0.781250
vt 0.875000 0.781250
vt 0.875000 0.765625
vt 0.937500 0.765625
vt 0.937500 0.781250
vt 0.890625 0.781250
vt 0.890625 0.765625
vt 0.859375 0.765625
vt 0.859375 0.781250
vt 0.812500 0.781250
vt 0.812500 0.765625
vt 0.937500 0.765625
vt 0.937500 0.812500
vt 0.890625 0.812500
vt 0.890625 0.765625
vt 0.937500 0.765625
vt 0.937500 0.781250
vt 0.890625 0.781250
vt 0.890625 0.765625
vt 0.921875 0.765625
vt 0.921875 0.781250
vt 0.875000 0.781250
vt 0.875000 0.765625
vt 0.937500 0.765625
vt 0.937500 0.781250
vt 0.890625 0.781250
vt 0.890625 0.765625
vt 0.859375 0.765625
vt 0.859375 0.781250
vt 0.812500 0.781250
vt 0.812500 0.765625
vt 0.906250 0.765625
vt 0.906250 0.812500
vt 0.859375 0.812500
vt 0.859375 0.765625
vt 0.937500 0.765625
vt 0.937500 0.781250
vt 0.890625 0.781250
vt 0.890625 0.765625
vt 0.921875 0.765625
vt 0.921875 0.781250
vt 0.875000 0.781250
vt 0.875000 0.765625
vt 0.015625 0.500000
vt 0.015625 0.906250
vt 0.000000 0.906250
vt 0.000000 0.500000
vt 0.015625 0.515625
vt 0.015625 0.921875
vt 0.000000 0.921875
vt 0.000000 0.515625
vt 0.015625 0.515625
vt 0.015625 0.531250
vt 0.000000 0.531250
vt 0.000000 0.515625
vt 0.015625 0.515625
vt 0.015625 0.921875
vt 0.000000 0.921875
vt 0.000000 0.515625
vt 0.015625 0.531250
vt 0.015625 0.937500
vt 0.000000 0.937500
vt 0.000000 0.531250
vt 1.000000 0.546875
vt 0.843750 0.546875
vt 0.843750 0.500000
vt 1.000000 0.500000
vt 0.593750 0.500000
vt 0.750000 0.500000
vt 0.750000 0.546875
vt 0.593750 0.546875
vt 0.593750 0.546875
vt 0.593750 0.390625
vt 1.000000 0.390625
vt 1.000000 0.546875
vt 1.000000 0.250000
vt 1.000000 0.406250
vt 0.593750 0.406250
vt 0.593750 0.250000
vt 0.593750 0.546875
vt 0.593750 0.500000
vt 1.000000 0.500000
vt 1.000000 0.546875
vt 0.593750 0.546875
vt 0.593750 0.500000
vt 1.000000 0.500000
vt 1.000000 0.546875
vt 1.000000 0.250000
vt 1.000000 0.296875
vt 0.593750 0.296875
vt 0.593750 0.250000
vt 1.000000 0.296875
vt 0.843750 0.296875
vt 0.843750 0.250000
vt 1.000000 0.250000
vt 1.000000 0.250000
vt 1.000000 0.296875
vt 0.593750 0.296875
vt 0.593750 0.250000
vt 0.593750 0.250000
vt 0.750000 0.250000
vt 0.750000 0.296875
vt 0.593750 0.296875
vt 0.593750 0.500000
vt 0.750000 0.500000
vt 0.750000 0.546875
vt 0.593750 0.546875
vt 1.000000 0.250000
vt 1.000000 0.406250
vt 0.593750 0.406250
vt 0.593750 0.250000
vt 1.000000 0.546875
vt 0.843750 0.546875
vt 0.843750 0.500000
vt 1.000000 0.500000
vt 1.000000 0.296875
vt 0.843750 0.296875
vt 0.843750 0.250000
vt 1.000000 0.250000
vt 0.593750 0.546875
vt 0.593750 0.390625
vt 1.000000 0.390625
vt 1.000000 0.546875
vt 0.593750 0.250000
vt 0.750000 0.250000
vt 0.750000 0.296875
vt 0.593750 0.296875
vt 0.687500 0.937500
vt 0.562500 0.937500
vt 0.562500 0.687500
vt 0.687500 0.687500
vt 0.687500 0.750000
vt 0.687500 0.937500
vt 0.562500 0.937500
vt 0.562500 0.750000
vt 0.687500 0.875000
vt 0.687500 1.000000
vt 0.562500 1.000000
vt 0.562500 0.875000
vt 0.687500 0.750000
vt 0.687500 1.000000
vt 0.562500 0.937500
vt 0.562500 0.750000
vt 0.687500 0.937500
vt 0.562500 1.000000
vt 0.562500 0.750000
vt 0.687500 0.750000
vt 0.687500 0.937500
vt 0.562500 0.937500
vt 0.562500 0.687500
vt 0.687500 0.687500
vt 0.687500 0.750000
vt 0.687500 0.937500
vt 0.562500 0.937500
vt 0.562500 0.750000
vt 0.687500 0.875000
vt 0.687500 1.000000
vt 0.562500 1.000000
vt 0.562500 0.875000
vt 0.687500 0.750000
vt 0.687500 1.000000
vt 0.562500 0.937500
vt 0.562500 0.750000
vt 0.687500 0.937500
vt 0.562500 1.000000
vt 0.562500 0.750000
vt 0.687500 0.750000
vt 0.625000 0.250000
vt 0.625000 0.375000
vt 0.562500 0.375000
vt 0.562500 0.250000
vt 0.687500 0.375000
vt 0.562500 0.375000
vt 0.562500 0.312500
vt 0.687500 0.312500
vt 0.687500 0.250000
vt 0.687500 0.312500
vt 0.562500 0.312500
vt 0.562500 0.250000
vt 0.687500 0.250000
vt 0.687500 0.312500
vt 0.562500 0.312500
vt 0.562500 0.250000
vt 0.500000 0.250000
vt 0.500000 0.375000
vt 0.375000 0.375000
vt 0.375000 0.250000
vt 0.625000 0.250000
vt 0.625000 0.375000
vt 0.562500 0.375000
vt 0.562500 0.250000
vt 0.687500 0.312500
vt 0.562500 0.312500
vt 0.562500 0.250000
vt 0.687500 0.250000
vt 0.687500 0.250000
vt 0.687500 0.312500
vt 0.562500 0.312500
vt 0.562500 0.250000
vt 0.687500 0.250000
vt 0.687500 0.312500
vt 0.562500 0.312500
vt 0.562500 0.250000
vt 0.687500 0.250000
vt 0.687500 0.375000
vt 0.562500 0.375000
vt 0.562500 0.250000
vt 0.687500 0.875000
vt 0.687500 1.000000
vt 0.562500 1.000000
vt 0.562500 0.875000
vt 0.687500 0.875000
vt 0.687500 0.937500
vt 0.562500 0.937500
vt 0.562500 0.875000
vt 0.875000 0.000000
vt 0.875000 0.125000
vt 0.750000 0.125000
vt 0.750000 0.000000
vt 0.749462 0.124457
vt 0.750543 0.000000
vt 0.875538 0.000543
vt 0.874457 0.125538
vt 0.687500 0.875000
vt 0.687500 0.937500
vt 0.562500 0.937500
vt 0.562500 0.875000
vt 0.687500 0.875000
vt 0.687500 0.937500
vt 0.562500 0.937500
vt 0.562500 0.875000
vt 0.687500 0.875000
vt 0.687500 1.000000
vt 0.562500 1.000000
vt 0.562500 0.875000
vt 0.687500 0.875000
vt 0.687500 0.937500
vt 0.562500 0.937500
vt 0.562500 0.875000
vt 0.875000 0.000000
vt 0.875000 0.125000
vt 0.750000 0.125000
vt 0.750000 0.000000
vt 0.749462 0.124457
vt 0.750543 0.000000
vt 0.875538 0.000543
vt 0.874457 0.125538
vt 0.875000 0.125000
vt 0.750000 0.125000
vt 0.750000 0.000000
vt 0.875000 0.000000
vt 0.875000 0.000000
vt 0.875000 0.125000
vt 0.750000 0.125000
vt 0.750000 0.000000
vt 0.687500 0.312500
vt 0.562500 0.312500
vt 0.562500 0.250000
vt 0.687500 0.250000
vt 0.687500 1.000000
vt 0.562500 1.000000
vt 0.562500 0.875000
vt 0.687500 0.875000
vt 0.687500 0.562500
vt 0.687500 0.625000
vt 0.562500 0.625000
vt 0.562500 0.562500
vt 0.687500 0.562500
vt 0.687500 0.625000
vt 0.562500 0.625000
vt 0.562500 0.562500
vt 0.562500 0.562500
vt 0.562500 0.687500
vt 0.437500 0.687500
vt 0.437500 0.562500
vt 0.687500 0.562500
vt 0.687500 0.625000
vt 0.562500 0.625000
vt 0.562500 0.562500
vt 0.687500 0.562500
vt 0.687500 0.625000
vt 0.562500 0.625000
vt 0.562500 0.562500
vn 2.220446049250313e-16 1 0
vn -2.220446049250313e-16 -1 0
vn -1 2.220446049250313e-16 0
vn 0 0 1
vn 0 0 -1
vn 2.220446049250313e-16 1 0
vn -2.220446049250313e-16 -1 0
vn -1 2.220446049250313e-16 0
vn 0 0 1
vn 0 0 -1
vn 2.220446049250313e-16 1 0
vn -2.220446049250313e-16 -1 0
vn -1 2.220446049250313e-16 0
vn 0 0 1
vn 0 0 -1
vn 1 -2.220446049250313e-16 0
vn -1 2.220446049250313e-16 0
vn 2.220446049250313e-16 1 0
vn 9.930136612989094e-17 0.44721359549995804 0.8944271909999161
vn 9.930136612989094e-17 0.44721359549995804 -0.8944271909999161
vn 1 -2.220446049250313e-16 0
vn -1 2.220446049250313e-16 0
vn 2.220446049250313e-16 1 0
vn 1 -2.220446049250313e-16 0
vn -1 2.220446049250313e-16 0
vn 0 0 1
vn 0 0 -1
vn 1 -2.220446049250313e-16 0
vn -1 2.220446049250313e-16 0
vn -1 2.220446049250313e-16 0
vn 1 -2.220446049250313e-16 0
vn 2.220446049250313e-16 1 0
vn -2.220446049250313e-16 -1 0
vn 9.930136612989094e-17 0.44721359549995804 -0.8944271909999161
vn 9.930136612989094e-17 0.44721359549995804 0.8944271909999161
vn -1 2.220446049250313e-16 0
vn -2.220446049250313e-16 -1 0
vn 1 -2.220446049250313e-16 0
vn 2.220446049250313e-16 1 0
vn -1 2.220446049250313e-16 0
vn 1 -2.220446049250313e-16 0
vn 0 0 -1
vn 0 0 1
vn -1 2.220446049250313e-16 0
vn 1 -2.220446049250313e-16 0
vn 1 -2.220446049250313e-16 0
vn -1 2.220446049250313e-16 0
vn 2.220446049250313e-16 1 0
vn -2.220446049250313e-16 -1 0
vn 0 0 1
vn 1 -2.220446049250313e-16 0
vn -1 2.220446049250313e-16 0
vn 2.220446049250313e-16 1 0
vn -2.220446049250313e-16 -1 0
vn 0 0 1
vn 0 0 -1
vn -0.8944271909999161 1.9860273225978188e-16 -0.44721359549995804
vn 2.220446049250313e-16 1 0
vn -2.220446049250313e-16 -1 0
vn 1 -2.220446049250313e-16 0
vn -1 2.220446049250313e-16 0
vn 2.220446049250313e-16 1 0
vn -2.220446049250313e-16 -1 0
vn 2.220446049250313e-16 1 0
vn -2.220446049250313e-16 -1 0
vn 0 0 -1
vn 0 0 1
vn 2.220446049250313e-16 1 0
vn -2.220446049250313e-16 -1 0
vn 0 0 -1
vn 0 0 1
vn 2.220446049250313e-16 1 0
vn -2.220446049250313e-16 -1 0
vn 0 0 -1
vn 0 0 1
vn 2.220446049250313e-16 1 0
vn -2.220446049250313e-16 -1 0
vn -1 2.220446049250313e-16 0
vn 0 0 1
vn 0 0 -1
vn 2.220446049250313e-16 1 0
vn -2.220446049250313e-16 -1 0
vn -1 2.220446049250313e-16 0
vn 0 0 1
vn 0 0 -1
vn 2.220446049250313e-16 1 0
vn -2.220446049250313e-16 -1 0
vn 0 0 -1
vn 0 0 1
vn 2.220446049250313e-16 1 0
vn -2.220446049250313e-16 -1 0
vn 0 0 -1
vn 0 0 1
vn 2.220446049250313e-16 1 0
vn -2.220446049250313e-16 -1 0
vn 0 0 -1
vn 0 0 1
vn 0 0 -1
vn -0.8944271909999161 1.9860273225978188e-16 -0.44721359549995804
vn 2.220446049250313e-16 1 0
vn -2.220446049250313e-16 -1 0
vn 1 -2.220446049250313e-16 0
vn -1 2.220446049250313e-16 0
vn 2.220446049250313e-16 1 0
vn -2.220446049250313e-16 -1 0
vn 2.220446049250313e-16 1 0
vn -2.220446049250313e-16 -1 0
vn 0 0 -1
vn 1 -2.220446049250313e-16 0
vn -1 2.220446049250313e-16 0
vn 2.220446049250313e-16 1 0
vn -2.220446049250313e-16 -1 0
vn 0 0 1
vn 1 -2.220446049250313e-16 0
vn -1 2.220446049250313e-16 0
vn 2.220446049250313e-16 1 0
vn -2.220446049250313e-16 -1 0
vn 0 0 1
vn 1 -2.220446049250313e-16 0
vn -1 2.220446049250313e-16 0
vn 1 -2.220446049250313e-16 0
vn -1 2.220446049250313e-16 0
vn 2.220446049250313e-16 1 0
vn -2.220446049250313e-16 -1 0
vn -1 2.220446049250313e-16 0
vn -2.220446049250313e-16 -1 0
vn -9.930136612989094e-17 -0.44721359549995804 0.8944271909999161
vn 1 -2.220446049250313e-16 0
vn -1 2.220446049250313e-16 0
vn 2.220446049250313e-16 1 0
vn -2.220446049250313e-16 -1 0
vn 0 0 -1
vn 0.8944271909999161 -1.9860273225978188e-16 0.44721359549995804
vn -0.8944271909999161 1.9860273225978188e-16 -0.44721359549995804
vn 2.220446049250313e-16 1 0
vn -2.220446049250313e-16 -1 0
vn -1 2.220446049250313e-16 0
vn 2.220446049250313e-16 1 0
vn -2.220446049250313e-16 -1 0
vn -1 2.220446049250313e-16 0
vn 2.220446049250313e-16 1 0
vn -2.220446049250313e-16 -1 0
vn -1 2.220446049250313e-16 0
vn 0 0 1
vn 0 0 -1
vn -1 2.220446049250313e-16 0
vn 0 0 1
vn -1 2.220446049250313e-16 0
vn 0 0 -1
vn -1 2.220446049250313e-16 0
vn -1 2.220446049250313e-16 0
vn 9.930136612989094e-17 0.44721359549995804 0.8944271909999161
vn -1 2.220446049250313e-16 0
vn 0 0 0
vn -9.930136612989094e-17 -0.44721359549995804 -0.8944271909999161
vn -1 2.220446049250313e-16 0
vn 0 0 -1
vn 0 0 1
vn -1 2.220446049250313e-16 0
vn 0 0 -1
vn 0 0 1
vn 1 -2.220446049250313e-16 0
vn -0.7071067811865475 0.7071067811865477 0
vn 2.220446049250313e-16 1 0
vn 0 0 1
vn 0 0 -1
vn 1 -2.220446049250313e-16 0
vn -1 2.220446049250313e-16 0
vn 0 0 -1
vn 0 0 1
vn 2.220446049250313e-16 1 0
vn -2.220446049250313e-16 -1 0
vn -1 2.220446049250313e-16 0
vn 1 -2.220446049250313e-16 0
vn 0 0 1
vn 0 0 -1
vn 1 -2.220446049250313e-16 0
vn -1 2.220446049250313e-16 0
vn 2.220446049250313e-16 1 0
vn -2.220446049250313e-16 -1 0
vn 0 0 1
vn 0 0 -1
vn 0 0 1
vn -1 2.220446049250313e-16 0
vn 0 0 -1
vn 1 -2.220446049250313e-16 0
vn 0 0 1
vn -2.220446049250313e-16 -1 0
vn 0 0 -1
vn 0 0 -1
vn 2.220446049250313e-16 1 0
vn 0 0 1
vn 2.220446049250313e-16 1 0
vn -1 2.220446049250313e-16 0
vn -1 2.220446049250313e-16 0
vn -2.220446049250313e-16 -1 0
vn -2.220446049250313e-16 -1 0
vn 1 -2.220446049250313e-16 0
vn 1 -2.220446049250313e-16 0
vn 2.220446049250313e-16 1 0
vn 1 -2.220446049250313e-16 0
vn -1 2.220446049250313e-16 0
vn 0 0 1
vn 0 0 -1
vn 1 -2.220446049250313e-16 0
vn -1 2.220446049250313e-16 0
vn 2.220446049250313e-16 1 0
vn -2.220446049250313e-16 -1 0
vn 0 0 1
vn 0 0 -1
vn 1 -2.220446049250313e-16 0
vn -1 2.220446049250313e-16 0
vn 2.220446049250313e-16 1 0
vn -2.220446049250313e-16 -1 0
vn 0 0 1
vn 0 0 -1
vn 1 -2.220446049250313e-16 0
vn -1 2.220446049250313e-16 0
vn 2.220446049250313e-16 1 0
vn -2.220446049250313e-16 -1 0
vn 0 0 1
vn 0 0 -1
vn -1 2.220446049250313e-16 0
vn 0 0 -1
vn 1 -2.220446049250313e-16 0
vn 0 0 1
vn -1 2.220446049250313e-16 0
vn -2.220446049250313e-16 -1 0
vn 1 -2.220446049250313e-16 0
vn 1 -2.220446049250313e-16 0
vn 2.220446049250313e-16 1 0
vn -1 2.220446049250313e-16 0
vn 0 0 1
vn 2.220446049250313e-16 1 0
vn 2.220446049250313e-16 1 0
vn 0 0 -1
vn 0 0 -1
vn -2.220446049250313e-16 -1 0
vn -2.220446049250313e-16 -1 0
vn 0 0 1
vn 1 -2.220446049250313e-16 0
vn 0.44721359549995826 0.894427190999916 0
vn 0 0 1
vn 0 0 -1
vn 2.220446049250313e-16 1 0
vn -2.220446049250313e-16 -1 0
vn 0 0 1
vn 0 0 -1
vn 1 -2.220446049250313e-16 0
vn -1 2.220446049250313e-16 0
vn 2.220446049250313e-16 1 0
vn 0 0 1
vn 0 0 -1
vn 2.220446049250313e-16 1 0
vn -2.220446049250313e-16 -1 0
vn 1 -2.220446049250313e-16 0
vn 0 0 1
vn 0 0 -1
vn 1 -2.220446049250313e-16 0
vn -1 2.220446049250313e-16 0
vn 2.220446049250313e-16 1 0
vn 0 0 1
vn 0 0 -1
vn 1 -2.220446049250313e-16 0
vn -1 2.220446049250313e-16 0
vn 2.220446049250313e-16 1 0
vn 0 0 1
vn 0 0 -1
vn 1 -2.220446049250313e-16 0
vn -1 2.220446049250313e-16 0
vn 2.220446049250313e-16 1 0
vn -2.220446049250313e-16 -1 0
vn 0 0 1
vn 0 0 -1
vn 0 0 -1
vn 1 -2.220446049250313e-16 0
vn 0 0 1
vn -1 2.220446049250313e-16 0
vn 1 -2.220446049250313e-16 0
vn 2.220446049250313e-16 1 0
vn -1 2.220446049250313e-16 0
vn -1 2.220446049250313e-16 0
vn -2.220446049250313e-16 -1 0
vn 1 -2.220446049250313e-16 0
vn 1 -2.220446049250313e-16 0
vn -1 2.220446049250313e-16 0
vn -0.4472135954999577 0.894427190999916 0
vn 0 0 1
vn 0 0 -1
vn 1 -2.220446049250313e-16 0
vn -1 2.220446049250313e-16 0
vn -0.4472135954999577 0.894427190999916 0
vn 0 0 1
vn 0 0 -1
vn 1 -2.220446049250313e-16 0
vn -1 2.220446049250313e-16 0
vn 2.220446049250313e-16 1 0
vn -2.220446049250313e-16 -1 0
vn 0 0 -1
vn 1 -2.220446049250313e-16 0
vn -1 2.220446049250313e-16 0
vn 2.220446049250313e-16 1 0
vn -2.220446049250313e-16 -1 0
vn 0 0 1
vn -0.7071067811865475 0.7071067811865477 0
vn 2.220446049250313e-16 1 0
vn 0 0 1
vn 0 0 -1
vn -1 2.220446049250313e-16 0
vn 0 0 1
vn -1.5700924586837752e-16 -0.7071067811865476 0.7071067811865476
vn -2.220446049250313e-16 -1 0
vn -1 2.220446049250313e-16 0
vn 1 -2.220446049250313e-16 0
vn 1 -2.220446049250313e-16 0
vn -1 2.220446049250313e-16 0
vn 2.220446049250313e-16 1 0
vn 9.930136612989094e-17 0.44721359549995804 -0.8944271909999161
vn 1 -2.220446049250313e-16 0
vn -1 2.220446049250313e-16 0
vn 2.220446049250313e-16 1 0
vn 0 0 1
vn 0 0 -1
usemtl infrared_observer
f 418/1097/275 416/1098/275 415/1099/275
f 418/1097/275 415/1099/275 417/1100/275
f 421/1101/276 419/1102/276 420/1103/276
f 421/1101/276 420/1103/276 422/1104/276
f 415/1105/277 416/1106/277 420/1107/277
f 415/1105/277 420/1107/277 419/1108/277
f 417/1109/278 415/1110/278 419/1111/278
f 417/1109/278 419/1111/278 421/1112/278
f 422/1113/279 420/1114/279 416/1115/279
f 422/1113/279 416/1115/279 418/1116/279
f 426/1117/280 424/1118/280 423/1119/280
f 426/1117/280 423/1119/280 425/1120/280
f 429/1121/281 427/1122/281 428/1123/281
f 429/1121/281 428/1123/281 430/1124/281
f 423/1125/282 424/1126/282 428/1127/282
f 423/1125/282 428/1127/282 427/1128/282
f 425/1129/283 423/1130/283 427/1131/283
f 425/1129/283 427/1131/283 429/1132/283
f 430/1133/284 428/1134/284 424/1135/284
f 430/1133/284 424/1135/284 426/1136/284
f 434/1137/285 432/1138/285 431/1139/285
f 434/1137/285 431/1139/285 433/1140/285
f 437/1141/286 435/1142/286 436/1143/286
f 437/1141/286 436/1143/286 438/1144/286
f 431/1145/287 432/1146/287 436/1147/287
f 431/1145/287 436/1147/287 435/1148/287
f 433/1149/288 431/1150/288 435/1151/288
f 433/1149/288 435/1151/288 437/1152/288
f 438/1153/289 436/1154/289 432/1155/289
f 438/1153/289 432/1155/289 434/1156/289
f 441/1157/290 448/1158/290 447/1159/290
f 441/1157/290 447/1159/290 439/1160/290
f 443/1161/291 450/1162/291 449/1163/291
f 443/1161/291 449/1163/291 445/1164/291
f 439/1165/292 447/1166/292 450/1167/292
f 439/1165/292 450/1167/292 443/1168/292
f 441/1169/293 439/1170/293 443/1171/293
f 441/1169/293 443/1171/293 445/1172/293
f 444/1173/294 440/1174/294 442/1175/294
f 444/1173/294 442/1175/294 446/1176/294
f 440/1177/295 447/1178/295 448/1179/295
f 440/1177/295 448/1179/295 442/1180/295
f 446/1181/296 449/1182/296 450/1183/296
f 446/1181/296 450/1183/296 444/1184/296
f 444/1185/297 450/1186/297 447/1187/297
f 444/1185/297 447/1187/297 440/1188/297
f 453/1189/298 460/1190/298 459/1191/298
f 453/1189/298 459/1191/298 451/1192/298
f 455/1193/299 462/1194/299 461/1195/299
f 455/1193/299 461/1195/299 457/1196/299
f 453/1197/300 451/1198/300 455/1199/300
f 453/1197/300 455/1199/300 457/1200/300
f 458/1201/301 456/1202/301 452/1203/301
f 458/1201/301 452/1203/301 454/1204/301
f 452/1205/302 459/1206/302 460/1207/302
f 452/1205/302 460/1207/302 454/1208/302
f 458/1209/303 461/1210/303 462/1211/303
f 458/1209/303 462/1211/303 456/1212/303
f 465/1213/304 472/1214/304 471/1215/304
f 465/1213/304 471/1215/304 463/1216/304
f 467/1217/305 474/1218/305 473/1219/305
f 467/1217/305 473/1219/305 469/1220/305
f 463/1221/306 471/1222/306 474/1223/306
f 463/1221/306 474/1223/306 467/1224/306
f 469/1225/307 473/1226/307 472/1227/307
f 469/1225/307 472/1227/307 465/1228/307
f 465/1229/308 463/1230/308 467/1231/308
f 465/1229/308 467/1231/308 469/1232/308
f 468/1233/309 464/1234/309 466/1235/309
f 468/1233/309 466/1235/309 470/1236/309
f 464/1237/310 471/1238/310 472/1239/310
f 464/1237/310 472/1239/310 466/1240/310
f 466/1241/311 472/1242/311 473/1243/311
f 466/1241/311 473/1243/311 470/1244/311
f 470/1245/312 473/1246/312 474/1247/312
f 470/1245/312 474/1247/312 468/1248/312
f 468/1249/313 474/1250/313 471/1251/313
f 468/1249/313 471/1251/313 464/1252/313
f 477/1253/314 484/1254/314 483/1255/314
f 477/1253/314 483/1255/314 475/1256/314
f 479/1257/315 486/1258/315 485/1259/315
f 479/1257/315 485/1259/315 481/1260/315
f 477/1261/316 475/1262/316 479/1263/316
f 477/1261/316 479/1263/316 481/1264/316
f 482/1265/317 480/1266/317 476/1267/317
f 482/1265/317 476/1267/317 478/1268/317
f 476/1269/318 483/1270/318 484/1271/318
f 476/1269/318 484/1271/318 478/1272/318
f 482/1273/319 485/1274/319 486/1275/319
f 482/1273/319 486/1275/319 480/1276/319
f 490/1277/320 488/1278/320 487/1279/320
f 490/1277/320 487/1279/320 489/1280/320
f 493/1281/321 491/1282/321 492/1283/321
f 493/1281/321 492/1283/321 494/1284/321
f 487/1285/322 488/1286/322 492/1287/322
f 487/1285/322 492/1287/322 491/1288/322
f 490/1289/323 489/1290/323 493/1291/323
f 490/1289/323 493/1291/323 494/1292/323
f 489/1293/324 487/1294/324 491/1295/324
f 489/1293/324 491/1295/324 493/1296/324
f 498/1297/325 496/1298/325 495/1299/325
f 498/1297/325 495/1299/325 497/1300/325
f 501/1301/326 499/1302/326 500/1303/326
f 501/1301/326 500/1303/326 502/1304/326
f 495/1305/327 496/1306/327 500/1307/327
f 495/1305/327 500/1307/327 499/1308/327
f 498/1309/328 497/1310/328 501/1311/328
f 498/1309/328 501/1311/328 502/1312/328
f 497/1313/329 495/1314/329 499/1315/329
f 497/1313/329 499/1315/329 501/1316/329
usemtl common_copper_cable
f 504/1317/330 503/1318/330 505/1319/330
f 504/1317/330 505/1319/330 506/1320/330
f 507/1321/331 503/1322/331 504/1323/331
f 507/1321/331 504/1323/331 508/1324/331
f 505/1325/332 503/1326/332 507/1327/332
f 505/1325/332 507/1327/332 509/1328/332
f 508/1329/333 504/1330/333 506/1331/333
f 508/1329/333 506/1331/333 510/1332/333
f 514/1333/334 512/1334/334 511/1335/334
f 514/1333/334 511/1335/334 513/1336/334
f 517/1337/335 515/1338/335 516/1339/335
f 517/1337/335 516/1339/335 518/1340/335
f 511/1341/336 512/1342/336 516/1343/336
f 511/1341/336 516/1343/336 515/1344/336
f 514/1345/337 513/1346/337 517/1347/337
f 514/1345/337 517/1347/337 518/1348/337
f 519/1349/338 520/1350/338 524/1351/338
f 519/1349/338 524/1351/338 523/1352/338
f 522/1353/339 521/1354/339 525/1355/339
f 522/1353/339 525/1355/339 526/1356/339
f 521/1357/340 519/1358/340 523/1359/340
f 521/1357/340 523/1359/340 525/1360/340
f 526/1361/341 524/1362/341 520/1363/341
f 526/1361/341 520/1363/341 522/1364/341
f 527/1365/342 528/1366/342 532/1367/342
f 527/1365/342 532/1367/342 531/1368/342
f 530/1369/343 529/1370/343 533/1371/343
f 530/1369/343 533/1371/343 534/1372/343
f 529/1373/344 527/1374/344 531/1375/344
f 529/1373/344 531/1375/344 533/1376/344
f 534/1377/345 532/1378/345 528/1379/345
f 534/1377/345 528/1379/345 530/1380/345
f 535/1381/346 536/1382/346 540/1383/346
f 535/1381/346 540/1383/346 539/1384/346
f 538/1385/347 537/1386/347 541/1387/347
f 538/1385/347 541/1387/347 542/1388/347
f 537/1389/348 535/1390/348 539/1391/348
f 537/1389/348 539/1391/348 541/1392/348
f 542/1393/349 540/1394/349 536/1395/349
f 542/1393/349 536/1395/349 538/1396/349
usemtl infrared_observer
f 546/1397/350 544/1398/350 543/1399/350
f 546/1397/350 543/1399/350 545/1400/350
f 549/1401/351 547/1402/351 548/1403/351
f 549/1401/351 548/1403/351 550/1404/351
f 543/1405/352 544/1406/352 548/1407/352
f 543/1405/352 548/1407/352 547/1408/352
f 545/1409/353 543/1410/353 547/1411/353
f 545/1409/353 547/1411/353 549/1412/353
f 550/1413/354 548/1414/354 544/1415/354
f 550/1413/354 544/1415/354 546/1416/354
f 554/1417/355 552/1418/355 551/1419/355
f 554/1417/355 551/1419/355 553/1420/355
f 557/1421/356 555/1422/356 556/1423/356
f 557/1421/356 556/1423/356 558/1424/356
f 551/1425/357 552/1426/357 556/1427/357
f 551/1425/357 556/1427/357 555/1428/357
f 553/1429/358 551/1430/358 555/1431/358
f 553/1429/358 555/1431/358 557/1432/358
f 558/1433/359 556/1434/359 552/1435/359
f 558/1433/359 552/1435/359 554/1436/359
usemtl common_copper_cable
f 559/1437/360 560/1438/360 564/1439/360
f 559/1437/360 564/1439/360 563/1440/360
f 562/1441/361 561/1442/361 565/1443/361
f 562/1441/361 565/1443/361 566/1444/361
f 561/1445/362 559/1446/362 563/1447/362
f 561/1445/362 563/1447/362 565/1448/362
f 566/1449/363 564/1450/363 560/1451/363
f 566/1449/363 560/1451/363 562/1452/363
f 567/1453/364 568/1454/364 572/1455/364
f 567/1453/364 572/1455/364 571/1456/364
f 570/1457/365 569/1458/365 573/1459/365
f 570/1457/365 573/1459/365 574/1460/365
f 569/1461/366 567/1462/366 571/1463/366
f 569/1461/366 571/1463/366 573/1464/366
f 574/1465/367 572/1466/367 568/1467/367
f 574/1465/367 568/1467/367 570/1468/367
f 575/1469/368 576/1470/368 580/1471/368
f 575/1469/368 580/1471/368 579/1472/368
f 578/1473/369 577/1474/369 581/1475/369
f 578/1473/369 581/1475/369 582/1476/369
f 577/1477/370 575/1478/370 579/1479/370
f 577/1477/370 579/1479/370 581/1480/370
f 582/1481/371 580/1482/371 576/1483/371
f 582/1481/371 576/1483/371 578/1484/371
f 584/1485/372 583/1486/372 585/1487/372
f 584/1485/372 585/1487/372 586/1488/372
f 587/1489/373 583/1490/373 584/1491/373
f 587/1489/373 584/1491/373 588/1492/373
f 585/1493/374 583/1494/374 587/1495/374
f 585/1493/374 587/1495/374 589/1496/374
f 588/1497/375 584/1498/375 586/1499/375
f 588/1497/375 586/1499/375 590/1500/375
f 594/1501/376 592/1502/376 591/1503/376
f 594/1501/376 591/1503/376 593/1504/376
f 597/1505/377 595/1506/377 596/1507/377
f 597/1505/377 596/1507/377 598/1508/377
f 591/1509/378 592/1510/378 596/1511/378
f 591/1509/378 596/1511/378 595/1512/378
f 594/1513/379 593/1514/379 597/1515/379
f 594/1513/379 597/1515/379 598/1516/379
usemtl infrared_observer
f 602/1517/380 600/1518/380 599/1519/380
f 602/1517/380 599/1519/380 601/1520/380
f 605/1521/381 603/1522/381 604/1523/381
f 605/1521/381 604/1523/381 606/1524/381
f 602/1525/382 601/1526/382 605/1527/382
f 602/1525/382 605/1527/382 606/1528/382
f 601/1529/383 599/1530/383 603/1531/383
f 601/1529/383 603/1531/383 605/1532/383
f 606/1533/384 604/1534/384 600/1535/384
f 606/1533/384 600/1535/384 602/1536/384
f 610/1537/385 608/1538/385 607/1539/385
f 610/1537/385 607/1539/385 609/1540/385
f 613/1541/386 611/1542/386 612/1543/386
f 613/1541/386 612/1543/386 614/1544/386
f 607/1545/387 608/1546/387 612/1547/387
f 607/1545/387 612/1547/387 611/1548/387
f 609/1549/388 607/1550/388 611/1551/388
f 609/1549/388 611/1551/388 613/1552/388
f 614/1553/389 612/1554/389 608/1555/389
f 614/1553/389 608/1555/389 610/1556/389
f 618/1557/390 616/1558/390 615/1559/390
f 618/1557/390 615/1559/390 617/1560/390
f 621/1561/391 619/1562/391 620/1563/391
f 621/1561/391 620/1563/391 622/1564/391
f 615/1565/392 616/1566/392 620/1567/392
f 615/1565/392 620/1567/392 619/1568/392
f 617/1569/393 615/1570/393 619/1571/393
f 617/1569/393 619/1571/393 621/1572/393
f 622/1573/394 620/1574/394 616/1575/394
f 622/1573/394 616/1575/394 618/1576/394
usemtl common_copper_cable
f 626/1577/395 624/1578/395 623/1579/395
f 626/1577/395 623/1579/395 625/1580/395
f 629/1581/396 627/1582/396 628/1583/396
f 629/1581/396 628/1583/396 630/1584/396
f 623/1585/397 624/1586/397 628/1587/397
f 623/1585/397 628/1587/397 627/1588/397
f 626/1589/398 625/1590/398 629/1591/398
f 626/1589/398 629/1591/398 630/1592/398
f 636/1593/399 634/1594/399 635/1595/399
f 636/1593/399 635/1595/399 637/1596/399
f 633/1597/400 632/1598/400 636/1599/400
f 633/1597/400 636/1599/400 637/1600/400
f 632/1601/401 631/1602/401 634/1603/401
f 632/1601/401 634/1603/401 636/1604/401
f 641/1605/402 639/1606/402 638/1607/402
f 641/1605/402 638/1607/402 640/1608/402
f 644/1609/403 642/1610/403 643/1611/403
f 644/1609/403 643/1611/403 645/1612/403
f 638/1613/404 639/1614/404 643/1615/404
f 638/1613/404 643/1615/404 642/1616/404
f 641/1617/405 640/1618/405 644/1619/405
f 641/1617/405 644/1619/405 645/1620/405
f 645/1621/406 643/1622/406 639/1623/406
f 645/1621/406 639/1623/406 641/1624/406
f 647/1625/407 646/1626/407 648/1627/407
f 647/1625/407 648/1627/407 649/1628/407
f 652/1629/408 650/1630/408 651/1631/408
f 652/1629/408 651/1631/408 653/1632/408
f 650/1633/409 646/1634/409 647/1635/409
f 650/1633/409 647/1635/409 651/1636/409
f 649/1637/410 648/1638/410 652/1639/410
f 649/1637/410 652/1639/410 653/1640/410
f 660/1641/411 658/1642/411 659/1643/411
f 660/1641/411 659/1643/411 661/1644/411
f 654/1645/412 655/1646/412 659/1647/412
f 654/1645/412 659/1647/412 658/1648/412
f 657/1649/413 656/1650/413 660/1651/413
f 657/1649/413 660/1651/413 661/1652/413
f 668/1653/414 666/1654/414 667/1655/414
f 668/1653/414 667/1655/414 669/1656/414
f 662/1657/415 663/1658/415 667/1659/415
f 662/1657/415 667/1659/415 666/1660/415
f 665/1661/416 664/1662/416 668/1663/416
f 665/1661/416 668/1663/416 669/1664/416
f 674/1665/417 672/1666/417 673/1667/417
f 674/1665/417 673/1667/417 675/1668/417
f 671/1669/418 670/1670/418 672/1671/418
f 671/1669/418 672/1671/418 674/1672/418
f 681/1673/419 679/1674/419 676/1675/419
f 681/1673/419 676/1675/419 677/1676/419
f 686/1677/420 684/1678/420 685/1679/420
f 686/1677/420 685/1679/420 687/1680/420
f 683/1681/421 682/1682/421 684/1683/421
f 683/1681/421 684/1683/421 686/1684/421
f 692/1685/422 690/1686/422 691/1687/422
f 692/1685/422 691/1687/422 693/1688/422
f 693/1689/423 691/1690/423 688/1691/423
f 693/1689/423 688/1691/423 689/1692/423
f 680/1693/424 678/1694/424 679/1695/424
f 680/1693/424 679/1695/424 681/1696/424
f 698/1697/425 696/1698/425 697/1699/425
f 698/1697/425 697/1699/425 699/1700/425
f 695/1701/426 694/1702/426 696/1703/426
f 695/1701/426 696/1703/426 698/1704/426
f 703/1705/427 704/1706/427 705/1707/427
f 703/1705/427 705/1707/427 706/1708/427
f 701/1709/428 705/1710/428 702/1711/428
f 701/1709/428 702/1711/428 706/1712/428
f 704/1713/429 700/1714/429 702/1715/429
f 704/1713/429 702/1715/429 706/1716/429
f 713/1717/430 711/1718/430 712/1719/430
f 713/1717/430 712/1719/430 714/1720/430
f 707/1721/431 708/1722/431 712/1723/431
f 707/1721/431 712/1723/431 711/1724/431
f 710/1725/432 709/1726/432 713/1727/432
f 710/1725/432 713/1727/432 714/1728/432
f 721/1729/433 719/1730/433 720/1731/433
f 721/1729/433 720/1731/433 722/1732/433
f 715/1733/434 716/1734/434 720/1735/434
f 715/1733/434 720/1735/434 719/1736/434
f 718/1737/435 717/1738/435 721/1739/435
f 718/1737/435 721/1739/435 722/1740/435
f 724/1741/436 723/1742/436 725/1743/436
f 724/1741/436 725/1743/436 726/1744/436
f 729/1745/437 727/1746/437 728/1747/437
f 729/1745/437 728/1747/437 730/1748/437
f 727/1749/438 723/1750/438 724/1751/438
f 727/1749/438 724/1751/438 728/1752/438
f 725/1753/439 723/1754/439 727/1755/439
f 725/1753/439 727/1755/439 729/1756/439
f 728/1757/440 724/1758/440 726/1759/440
f 728/1757/440 726/1759/440 730/1760/440
f 734/1761/441 732/1762/441 731/1763/441
f 734/1761/441 731/1763/441 733/1764/441
f 737/1765/442 735/1766/442 736/1767/442
f 737/1765/442 736/1767/442 738/1768/442
f 731/1769/443 732/1770/443 736/1771/443
f 731/1769/443 736/1771/443 735/1772/443
f 734/1773/444 733/1774/444 737/1775/444
f 734/1773/444 737/1775/444 738/1776/444
usemtl infrared_observer
f 742/1777/445 740/1778/445 739/1779/445
f 742/1777/445 739/1779/445 741/1780/445
f 745/1781/446 743/1782/446 744/1783/446
f 745/1781/446 744/1783/446 746/1784/446
f 739/1785/447 740/1786/447 744/1787/447
f 739/1785/447 744/1787/447 743/1788/447
f 742/1789/448 741/1790/448 745/1791/448
f 742/1789/448 745/1791/448 746/1792/448
f 741/1793/449 739/1794/449 743/1795/449
f 741/1793/449 743/1795/449 745/1796/449
f 746/1797/450 744/1798/450 740/1799/450
f 746/1797/450 740/1799/450 742/1800/450
usemtl common_steel_norivets
f 748/1801/451 772/1802/451 771/1803/451
f 748/1801/451 771/1803/451 758/1804/451
f 757/1805/452 767/1806/452 766/1807/452
f 757/1805/452 766/1807/452 752/1808/452
usemtl common_rough_steel
f 752/1809/453 766/1810/453 765/1811/453
f 752/1809/453 765/1811/453 763/1812/453
f 761/1813/454 769/1814/454 768/1815/454
f 761/1813/454 768/1815/454 754/1816/454
f 756/1817/455 759/1818/455 764/1819/455
f 756/1817/455 764/1819/455 751/1820/455
usemtl common_steel
f 752/1821/456 763/1822/456 762/1823/456
f 752/1821/456 762/1823/456 757/1824/456
f 753/1825/457 760/1826/457 759/1827/457
f 753/1825/457 759/1827/457 756/1828/457
usemtl common_steel_norivets
f 754/1829/458 768/1830/458 767/1831/458
f 754/1829/458 767/1831/458 757/1832/458
usemtl common_steel
f 757/1833/459 762/1834/459 761/1835/459
f 757/1833/459 761/1835/459 754/1836/459
usemtl common_steel_norivets
f 758/1837/460 771/1838/460 770/1839/460
f 758/1837/460 770/1839/460 750/1840/460
usemtl common_steel
f 755/1841/461 759/1842/461 760/1843/461
f 755/1841/461 760/1843/461 749/1844/461
f 750/1845/462 770/1846/462 769/1847/462
f 750/1845/462 769/1847/462 761/1848/462
f 750/1849/463 761/1850/463 762/1851/463
f 750/1849/463 762/1851/463 758/1852/463
usemtl common_rough_steel
f 758/1853/464 762/1854/464 763/1855/464
f 758/1853/464 763/1855/464 748/1856/464
usemtl common_steel
f 763/1857/465 765/1858/465 772/1859/465
f 763/1857/465 772/1859/465 748/1860/465
f 747/1861/466 764/1862/466 759/1863/466
f 747/1861/466 759/1863/466 755/1864/466
f 764/1865/467 765/1866/467 766/1867/467
f 764/1865/467 766/1867/467 751/1868/467
usemtl common_steel_norivets
f 751/1869/468 766/1870/468 767/1871/468
f 751/1869/468 767/1871/468 756/1872/468
f 756/1873/469 767/1874/469 768/1875/469
f 756/1873/469 768/1875/469 753/1876/469
usemtl common_steel
f 753/1877/470 768/1878/470 769/1879/470
f 753/1877/470 769/1879/470 760/1880/470
f 760/1881/471 769/1882/471 770/1883/471
f 760/1881/471 770/1883/471 749/1884/471
usemtl common_steel_norivets
f 749/1885/472 770/1886/472 771/1887/472
f 749/1885/472 771/1887/472 755/1888/472
f 755/1889/473 771/1890/473 772/1891/473
f 755/1889/473 772/1891/473 747/1892/473
usemtl common_steel
f 747/1893/474 772/1894/474 765/1895/474
f 747/1893/474 765/1895/474 764/1896/474
usemtl infrared_observer
f 776/1897/475 774/1898/475 773/1899/475
f 776/1897/475 773/1899/475 775/1900/475
f 779/1901/476 777/1902/476 778/1903/476
f 779/1901/476 778/1903/476 780/1904/476
f 775/1905/477 773/1906/477 777/1907/477
f 775/1905/477 777/1907/477 779/1908/477
f 780/1909/478 778/1910/478 774/1911/478
f 780/1909/478 774/1911/478 776/1912/478
f 784/1913/479 782/1914/479 781/1915/479
f 784/1913/479 781/1915/479 783/1916/479
f 787/1917/480 785/1918/480 786/1919/480
f 787/1917/480 786/1919/480 788/1920/480
f 781/1921/481 782/1922/481 786/1923/481
f 781/1921/481 786/1923/481 785/1924/481
f 784/1925/482 783/1926/482 787/1927/482
f 784/1925/482 787/1927/482 788/1928/482
f 783/1929/483 781/1930/483 785/1931/483
f 783/1929/483 785/1931/483 787/1932/483
f 788/1933/484 786/1934/484 782/1935/484
f 788/1933/484 782/1935/484 784/1936/484
f 792/1937/485 790/1938/485 789/1939/485
f 792/1937/485 789/1939/485 791/1940/485
f 795/1941/486 793/1942/486 794/1943/486
f 795/1941/486 794/1943/486 796/1944/486
f 789/1945/487 790/1946/487 794/1947/487
f 789/1945/487 794/1947/487 793/1948/487
f 792/1949/488 791/1950/488 795/1951/488
f 792/1949/488 795/1951/488 796/1952/488
f 791/1953/489 789/1954/489 793/1955/489
f 791/1953/489 793/1955/489 795/1956/489
f 796/1957/490 794/1958/490 790/1959/490
f 796/1957/490 790/1959/490 792/1960/490
f 798/1961/491 813/1962/491 812/1963/491
f 798/1961/491 812/1963/491 807/1964/491
usemtl common_steel_norivets
f 806/1965/492 809/1966/492 814/1967/492
f 806/1965/492 814/1967/492 802/1968/492
f 798/1969/493 818/1970/493 817/1971/493
f 798/1969/493 817/1971/493 813/1972/493
f 811/1973/494 821/1974/494 820/1975/494
f 811/1973/494 820/1975/494 800/1976/494
f 797/1977/495 816/1978/495 815/1979/495
f 797/1977/495 815/1979/495 808/1980/495
f 807/1981/496 819/1982/496 818/1983/496
f 807/1981/496 818/1983/496 798/1984/496
f 804/1985/497 810/1986/497 809/1987/497
f 804/1985/497 809/1987/497 806/1988/497
f 800/1989/498 820/1990/498 819/1991/498
f 800/1989/498 819/1991/498 807/1992/498
usemtl infrared_observer
f 807/1993/499 812/1994/499 811/1995/499
f 807/1993/499 811/1995/499 800/1996/499
usemtl common_steel_norivets
f 808/1997/500 815/1998/500 822/1999/500
f 808/1997/500 822/1999/500 799/2000/500
f 805/2001/501 809/2002/501 810/2003/501
f 805/2001/501 810/2003/501 803/2004/501
f 799/2005/502 822/2006/502 821/2007/502
f 799/2005/502 821/2007/502 811/2008/502
usemtl infrared_observer
f 799/2009/503 811/2010/503 812/2011/503
f 799/2009/503 812/2011/503 808/2012/503
f 808/2013/504 812/2014/504 813/2015/504
f 808/2013/504 813/2015/504 797/2016/504
usemtl common_steel_norivets
f 813/2017/505 817/2018/505 816/2019/505
f 813/2017/505 816/2019/505 797/2020/505
f 801/2021/506 814/2022/506 809/2023/506
f 801/2021/506 809/2023/506 805/2024/506
f 805/2025/507 815/2026/507 816/2027/507
f 805/2025/507 816/2027/507 801/2028/507
f 801/2029/508 816/2030/508 817/2031/508
f 801/2029/508 817/2031/508 814/2032/508
f 814/2033/509 817/2034/509 818/2035/509
f 814/2033/509 818/2035/509 802/2036/509
f 802/2037/510 818/2038/510 819/2039/510
f 802/2037/510 819/2039/510 806/2040/510
f 806/2041/511 819/2042/511 820/2043/511
f 806/2041/511 820/2043/511 804/2044/511
f 804/2045/512 820/2046/512 821/2047/512
f 804/2045/512 821/2047/512 810/2048/512
f 810/2049/513 821/2050/513 822/2051/513
f 810/2049/513 822/2051/513 803/2052/513
f 803/2053/514 822/2054/514 815/2055/514
f 803/2053/514 815/2055/514 805/2056/514
usemtl common_copper_cable
f 824/2057/515 823/2058/515 825/2059/515
f 824/2057/515 825/2059/515 826/2060/515
f 827/2061/516 823/2062/516 824/2063/516
f 827/2061/516 824/2063/516 828/2064/516
f 825/2065/517 823/2066/517 827/2067/517
f 825/2065/517 827/2067/517 829/2068/517
f 828/2069/518 824/2070/518 826/2071/518
f 828/2069/518 826/2071/518 830/2072/518
f 831/2073/519 832/2074/519 836/2075/519
f 831/2073/519 836/2075/519 835/2076/519
f 834/2077/520 833/2078/520 837/2079/520
f 834/2077/520 837/2079/520 838/2080/520
f 833/2081/521 831/2082/521 835/2083/521
f 833/2081/521 835/2083/521 837/2084/521
f 838/2085/522 836/2086/522 832/2087/522
f 838/2085/522 832/2087/522 834/2088/522
usemtl infrared_observer
f 842/2089/523 840/2090/523 839/2091/523
f 842/2089/523 839/2091/523 841/2092/523
f 845/2093/524 843/2094/524 844/2095/524
f 845/2093/524 844/2095/524 846/2096/524
f 839/2097/525 840/2098/525 844/2099/525
f 839/2097/525 844/2099/525 843/2100/525
f 841/2101/526 839/2102/526 843/2103/526
f 841/2101/526 843/2103/526 845/2104/526
f 846/2105/527 844/2106/527 840/2107/527
f 846/2105/527 840/2107/527 842/2108/527
f 850/2109/528 848/2110/528 847/2111/528
f 850/2109/528 847/2111/528 849/2112/528
f 853/2113/529 851/2114/529 852/2115/529
f 853/2113/529 852/2115/529 854/2116/529
f 850/2117/530 849/2118/530 853/2119/530
f 850/2117/530 853/2119/530 854/2120/530
f 849/2121/531 847/2122/531 851/2123/531
f 849/2121/531 851/2123/531 853/2124/531
f 854/2125/532 852/2126/532 848/2127/532
f 854/2125/532 848/2127/532 850/2128/532
f 858/2129/533 856/2130/533 855/2131/533
f 858/2129/533 855/2131/533 857/2132/533
f 861/2133/534 859/2134/534 860/2135/534
f 861/2133/534 860/2135/534 862/2136/534
f 855/2137/535 856/2138/535 860/2139/535
f 855/2137/535 860/2139/535 859/2140/535
f 857/2141/536 855/2142/536 859/2143/536
f 857/2141/536 859/2143/536 861/2144/536
f 862/2145/537 860/2146/537 856/2147/537
f 862/2145/537 856/2147/537 858/2148/537
usemtl common_rough_steel
f 866/2149/538 864/2150/538 863/2151/538
f 866/2149/538 863/2151/538 865/2152/538
f 869/2153/539 867/2154/539 868/2155/539
f 869/2153/539 868/2155/539 870/2156/539
f 863/2157/540 864/2158/540 868/2159/540
f 863/2157/540 868/2159/540 867/2160/540
f 865/2161/541 863/2162/541 867/2163/541
f 865/2161/541 867/2163/541 869/2164/541
f 870/2165/542 868/2166/542 864/2167/542
f 870/2165/542 864/2167/542 866/2168/542
usemtl infrared_observer
f 872/2169/543 884/2170/543 883/2171/543
f 872/2169/543 883/2171/543 880/2172/543
f 879/2173/544 886/2174/544 885/2175/544
f 879/2173/544 885/2175/544 876/2176/544
f 876/2177/545 885/2178/545 884/2179/545
f 876/2177/545 884/2179/545 872/2180/545
f 874/2181/546 888/2182/546 887/2183/546
f 874/2181/546 887/2183/546 878/2184/546
f 875/2185/547 882/2186/547 881/2187/547
f 875/2185/547 881/2187/547 871/2188/547
f 872/2189/548 880/2190/548 879/2191/548
f 872/2189/548 879/2191/548 876/2192/548
f 878/2193/549 879/2194/549 880/2195/549
f 878/2193/549 880/2195/549 874/2196/549
f 880/2197/550 883/2198/550 888/2199/550
f 880/2197/550 888/2199/550 874/2200/550
f 873/2201/551 881/2202/551 882/2203/551
f 873/2201/551 882/2203/551 877/2204/551
f 878/2205/552 887/2206/552 886/2207/552
f 878/2205/552 886/2207/552 879/2208/552
f 881/2209/553 883/2210/553 884/2211/553
f 881/2209/553 884/2211/553 871/2212/553
f 871/2213/554 884/2214/554 885/2215/554
f 871/2213/554 885/2215/554 875/2216/554
f 875/2217/555 885/2218/555 886/2219/555
f 875/2217/555 886/2219/555 882/2220/555
f 882/2221/556 886/2222/556 887/2223/556
f 882/2221/556 887/2223/556 877/2224/556
f 877/2225/557 887/2226/557 888/2227/557
f 877/2225/557 888/2227/557 873/2228/557
f 873/2229/558 888/2230/558 883/2231/558
f 873/2229/558 883/2231/558 881/2232/558
usemtl common_copper_cable
f 890/2233/559 889/2234/559 891/2235/559
f 890/2233/559 891/2235/559 892/2236/559
f 895/2237/560 893/2238/560 894/2239/560
f 895/2237/560 894/2239/560 896/2240/560
f 893/2241/561 889/2242/561 890/2243/561
f 893/2241/561 890/2243/561 894/2244/561
f 891/2245/562 889/2246/562 893/2247/562
f 891/2245/562 893/2247/562 895/2248/562
f 894/2249/563 890/2250/563 892/2251/563
f 894/2249/563 892/2251/563 896/2252/563
f 898/2253/564 897/2254/564 899/2255/564
f 898/2253/564 899/2255/564 900/2256/564
f 903/2257/565 901/2258/565 902/2259/565
f 903/2257/565 902/2259/565 904/2260/565
f 901/2261/566 897/2262/566 898/2263/566
f 901/2261/566 898/2263/566 902/2264/566
f 899/2265/567 897/2266/567 901/2267/567
f 899/2265/567 901/2267/567 903/2268/567
f 902/2269/568 898/2270/568 900/2271/568
f 902/2269/568 900/2271/568 904/2272/568
f 908/2273/569 906/2274/569 905/2275/569
f 908/2273/569 905/2275/569 907/2276/569
f 911/2277/570 909/2278/570 910/2279/570
f 911/2277/570 910/2279/570 912/2280/570
f 905/2281/571 906/2282/571 910/2283/571
f 905/2281/571 910/2283/571 909/2284/571
f 908/2285/572 907/2286/572 911/2287/572
f 908/2285/572 911/2287/572 912/2288/572
f 912/2289/573 910/2290/573 906/2291/573
f 912/2289/573 906/2291/573 908/2292/573
f 916/2293/574 914/2294/574 913/2295/574
f 916/2293/574 913/2295/574 915/2296/574
f 919/2297/575 917/2298/575 918/2299/575
f 919/2297/575 918/2299/575 920/2300/575
f 913/2301/576 914/2302/576 918/2303/576
f 913/2301/576 918/2303/576 917/2304/576
f 916/2305/577 915/2306/577 919/2307/577
f 916/2305/577 919/2307/577 920/2308/577
f 915/2309/578 913/2310/578 917/2311/578
f 915/2309/578 917/2311/578 919/2312/578
f 927/2313/579 925/2314/579 926/2315/579
f 927/2313/579 926/2315/579 928/2316/579
f 925/2317/580 921/2318/580 922/2319/580
f 925/2317/580 922/2319/580 926/2320/580
f 923/2321/581 921/2322/581 925/2323/581
f 923/2321/581 925/2323/581 927/2324/581
f 926/2325/582 922/2326/582 924/2327/582
f 926/2325/582 924/2327/582 928/2328/582
f 933/2329/583 931/2330/583 932/2331/583
f 933/2329/583 932/2331/583 934/2332/583
f 930/2333/584 929/2334/584 931/2335/584
f 930/2333/584 931/2335/584 933/2336/584
f 941/2337/585 939/2338/585 940/2339/585
f 941/2337/585 940/2339/585 942/2340/585
f 939/2341/586 935/2342/586 936/2343/586
f 939/2341/586 936/2343/586 940/2344/586
f 937/2345/587 935/2346/587 939/2347/587
f 937/2345/587 939/2347/587 941/2348/587
f 940/2349/588 936/2350/588 938/2351/588
f 940/2349/588 938/2351/588 942/2352/588
f 944/2353/589 943/2354/589 945/2355/589
f 944/2353/589 945/2355/589 946/2356/589
f 949/2357/590 947/2358/590 948/2359/590
f 949/2357/590 948/2359/590 950/2360/590
f 947/2361/591 943/2362/591 944/2363/591
f 947/2361/591 944/2363/591 948/2364/591
f 948/2365/592 944/2366/592 946/2367/592
f 948/2365/592 946/2367/592 950/2368/592
f 954/2369/593 952/2370/593 951/2371/593
f 954/2369/593 951/2371/593 953/2372/593
f 957/2373/594 955/2374/594 956/2375/594
f 957/2373/594 956/2375/594 958/2376/594
f 951/2377/595 952/2378/595 956/2379/595
f 951/2377/595 956/2379/595 955/2380/595
f 953/2381/596 951/2382/596 955/2383/596
f 953/2381/596 955/2383/596 957/2384/596
f 958/2385/597 956/2386/597 952/2387/597
f 958/2385/597 952/2387/597 954/2388/597