# Made by Pabilo8 with Blockbench
# Exported with IIToolkit Plugin on 16/09/2026
mtllib infrared_observer.mtl

o base
v -0.3438 -2.4687 1.2188
v -0.3438 -2.4687 1.0313
v -0.2813 -2.4687 1.2188
v -0.2813 -2.4687 1.0313
v -0.3438 -2.6562 1.2188
v -0.3438 -2.6562 1.0313
v -0.2813 -2.6562 1.2188
v -0.2813 -2.6562 1.0313
v -0.3438 -2.4687 1.7188
v -0.3438 -2.4687 1.5313
v -0.2813 -2.4687 1.7188
v -0.2813 -2.4687 1.5313
v -0.3438 -2.6562 1.7188
v -0.3438 -2.6562 1.5313
v -0.2813 -2.6562 1.7188
v -0.2813 -2.6562 1.5313
v -0.3438 -2.4687 1.4688
v -0.3438 -2.4687 1.2813
v -0.2813 -2.4687 1.4688
v -0.2813 -2.4687 1.2813
v -0.3438 -2.6562 1.4688
v -0.3438 -2.6562 1.2813
v -0.2813 -2.6562 1.4688
v -0.2813 -2.6562 1.2813
v 1.25 -1.125 1.4688
v 1.25 -1.125 1.0938
v 1.25 -1.375 1.5938
v 1.25 -1.375 0.9688
v 1.125 -1.125 1.4688
v 1.125 -1.125 1.0938
v 1.125 -1.375 1.5938
v 1.125 -1.375 0.9688
v 1.25 -1.125 1.2813
v 1.25 -1.375 1.2813
v 1.125 -1.375 1.2813
v 1.125 -1.125 1.2813
v 1.25 -1.375 1.5938
v 1.25 -1.375 0.9688
v 1.25 -2.375 1.5938
v 1.25 -2.375 0.9688
v 1.125 -1.375 1.5938
v 1.125 -1.375 0.9688
v 1.125 -2.375 1.5938
v 1.125 -2.375 0.9688
v 1.25 -1.375 1.2813
v 1.25 -2.375 1.2813
v 1.125 -2.375 1.2813
v 1.125 -1.375 1.2813
v -0.3125 -1.125 1.0938
v -0.3125 -1.125 1.4688
v -0.3125 -1.375 0.9688
v -0.3125 -1.375 1.5938
v -0.1875 -1.125 1.0938
v -0.1875 -1.125 1.4688
v -0.1875 -1.375 0.9688
v -0.1875 -1.375 1.5938
v -0.3125 -1.125 1.2813
v -0.3125 -1.375 1.2813
v -0.1875 -1.375 1.2813
v -0.1875 -1.125 1.2813
v -0.3125 -1.375 0.9688
v -0.3125 -1.375 1.5938
v -0.3125 -2.375 0.9688
v -0.3125 -2.375 1.5938
v -0.1875 -1.375 0.9688
v -0.1875 -1.375 1.5938
v -0.1875 -2.375 0.9688
v -0.1875 -2.375 1.5938
v -0.3125 -1.375 1.2813
v -0.3125 -2.375 1.2813
v -0.1875 -2.375 1.2813
v -0.1875 -1.375 1.2813
v 0.2812 -2.1875 2.4688
v 0.2812 -2.1875 2.4063
v 0.2812 -2.5625 2.4688
v 0.2812 -2.5625 2.4063
v -0.0937 -2.1875 2.4688
v -0.0937 -2.1875 2.4063
v -0.0938 -2.5625 2.4688
v -0.0938 -2.5625 2.4063
v 0.2813 -1.75 2.4688
v 0.2813 -1.75 2.4063
v 0.2812 -2.125 2.4688
v 0.2812 -2.125 2.4063
v -0.0937 -1.75 2.4688
v -0.0937 -1.75 2.4063
v -0.0937 -2.125 2.4688
v -0.0937 -2.125 2.4063
v 0.4375 -2.5937 1.9063
v 0.4375 -2.7187 1.9063
v 0.5 -2.5937 1.9063
v 0.5 -2.7187 1.9063
v 0.375 -2.5937 2.0313
v 0.375 -2.7187 2.0313
v 0.5 -2.5937 2.0313
v 0.5 -2.7187 2.0313
v 0.5 -2.5937 2.0938
v 0.5 -2.5937 2.0313
v 0.5 -2.7187 2.0938
v 0.5 -2.7187 2.0313
v 0.375 -2.5937 2.0938
v 0.375 -2.5937 2.0313
v 0.375 -2.7187 2.0938
v 0.375 -2.7187 2.0313
v 0.5 -2.5937 1.9063
v 0.5 -2.5937 2.0313
v 0.5 -2.7187 1.9063
v 0.5 -2.7187 2.0313
v 0.75 -2.5937 1.9063
v 0.75 -2.5937 2.0313
v 0.75 -2.7187 1.9063
v 0.75 -2.7187 2.0313
v 1 -2.5937 1.9063
v 1 -2.5937 2.0313
v 1 -2.7187 1.9063
v 1 -2.7187 2.0313
v 1.25 -2.5937 1.9063
v 1.25 -2.5937 2.0313
v 1.25 -2.7187 1.9063
v 1.25 -2.7187 2.0313
v 0.75 -2.5937 1.9063
v 0.75 -2.5937 2.0313
v 0.75 -2.7187 1.9063
v 0.75 -2.7187 2.0313
v 1 -2.5937 1.9063
v 1 -2.5937 2.0313
v 1 -2.7187 1.9063
v 1 -2.7187 2.0313
v 1.25 -2.5625 2.0625
v 1.25 -2.5625 1.875
v 1.3125 -2.5625 2.0625
v 1.3125 -2.5625 1.875
v 1.25 -2.75 2.0625
v 1.25 -2.75 1.875
v 1.3125 -2.75 2.0625
v 1.3125 -2.75 1.875
v 1.25 -2.3125 2.0625
v 1.25 -2.3125 1.875
v 1.3125 -2.3125 2.0625
v 1.3125 -2.3125 1.875
v 1.25 -2.5 2.0625
v 1.25 -2.5 1.875
v 1.3125 -2.5 2.0625
v 1.3125 -2.5 1.875
v 1 -2.3437 1.9063
v 1 -2.3437 2.0313
v 1 -2.4687 1.9063
v 1 -2.4687 2.0313
v 1.25 -2.3437 1.9063
v 1.25 -2.3437 2.0313
v 1.25 -2.4687 1.9063
v 1.25 -2.4687 2.0313
v 0.75 -2.3437 1.9063
v 0.75 -2.3437 2.0313
v 0.75 -2.4687 1.9063
v 0.75 -2.4687 2.0313
v 1 -2.3437 1.9063
v 1 -2.3437 2.0313
v 1 -2.4687 1.9063
v 1 -2.4687 2.0313
v 0.5 -2.3437 1.9063
v 0.5 -2.3437 2.0313
v 0.5 -2.4687 1.9063
v 0.5 -2.4687 2.0313
v 0.75 -2.3437 1.9063
v 0.75 -2.3437 2.0313
v 0.75 -2.4687 1.9063
v 0.75 -2.4687 2.0313
v 0.4375 -2.3437 1.9063
v 0.4375 -2.4687 1.9063
v 0.5 -2.3437 1.9063
v 0.5 -2.4687 1.9063
v 0.375 -2.3437 2.0313
v 0.375 -2.4687 2.0313
v 0.5 -2.3437 2.0313
v 0.5 -2.4687 2.0313
v 0.5 -2.3437 2.0938
v 0.5 -2.3437 2.0313
v 0.5 -2.4687 2.0938
v 0.5 -2.4687 2.0313
v 0.375 -2.3437 2.0938
v 0.375 -2.3437 2.0313
v 0.375 -2.4687 2.0938
v 0.375 -2.4687 2.0313
v 0.1562 -2.4375 2.0938
v -0.0313 -2.4375 2.0938
v 0.1562 -2.4375 2.0313
v -0.0313 -2.4375 2.0313
v 0.1562 -2.625 2.0938
v -0.0313 -2.625 2.0938
v 0.1562 -2.625 2.0313
v -0.0313 -2.625 2.0313
v 0.1562 -2.4375 1.9688
v -0.0313 -2.4375 1.9688
v 0.1562 -2.4375 1.9063
v -0.0313 -2.4375 1.9063
v 0.1562 -2.625 1.9688
v -0.0313 -2.625 1.9688
v 0.1562 -2.625 1.9063
v -0.0313 -2.625 1.9063
v -0.0625 -2.4375 1.9688
v -0.25 -2.4375 1.9688
v -0.0625 -2.4375 1.9063
v -0.25 -2.4375 1.9063
v -0.0625 -2.625 1.9688
v -0.25 -2.625 1.9688
v -0.0625 -2.625 1.9063
v -0.25 -2.625 1.9063
v 0.125 -2.4687 2.0313
v 0.125 -2.4687 1.9688
v 0.125 -2.5937 2.0313
v 0.125 -2.5937 1.9688
v 0 -2.4687 2.0313
v 0 -2.4687 1.9688
v 0 -2.5937 2.0313
v 0 -2.5937 1.9688
v -0.1563 -2.4687 2.375
v -0.1563 -2.5937 2.3125
v -0.1563 -2.5937 2.25
v -0.2813 -2.4687 2.375
v -0.2813 -2.4687 2.25
v -0.2813 -2.5937 2.3125
v -0.2813 -2.5937 2.25
v -0.0938 -2.4687 2
v -0.0938 -2.4687 1.9375
v -0.0938 -2.5937 2
v -0.0938 -2.5937 1.9375
v -0.2188 -2.4687 2
v -0.2188 -2.4687 1.9375
v -0.2188 -2.5937 2
v -0.2188 -2.5937 1.9375
v -0.1563 -2.4687 2.125
v -0.0938 -2.4687 2
v -0.1563 -2.5937 2.125
v -0.0938 -2.5937 2
v -0.2813 -2.4687 2.125
v -0.2188 -2.4687 2
v -0.2813 -2.5937 2.125
v -0.2188 -2.5937 2
v -0.1563 -2.4687 2.25
v -0.1563 -2.4687 2.1875
v -0.1563 -2.5937 2.25
v -0.1563 -2.5937 2.1875
v -0.2813 -2.4687 2.25
v -0.2813 -2.4687 2.1875
v -0.2813 -2.5937 2.25
v -0.2813 -2.5937 2.1875
v -0.1563 -2.4687 2.1875
v -0.1563 -2.4687 2.125
v -0.1563 -2.5937 2.1875
v -0.1563 -2.5937 2.125
v -0.2813 -2.4687 2.1875
v -0.2813 -2.4687 2.125
v -0.2813 -2.5937 2.1875
v -0.2813 -2.5937 2.125
v -0.1562 -2.2187 2.375
v -0.1562 -2.3437 2.375
v -0.2812 -2.2187 2.375
v -0.2812 -2.2187 2.3125
v -0.2812 -2.3437 2.375
v -0.2812 -2.3437 2.3125
v -0.1562 -2.2187 2.25
v -0.1562 -2.3437 2.25
v -0.2812 -2.2187 2.3125
v -0.2812 -2.2187 2.25
v -0.2812 -2.3437 2.3125
v -0.2812 -2.3437 2.25
v -0.1562 -2.3437 2.375
v -0.1563 -2.4687 2.375
v -0.2812 -2.3437 2.375
v -0.2812 -2.3437 2.3125
v -0.2813 -2.4687 2.375
v -0.2813 -2.4687 2.3125
v -0.1562 -2.3437 2.25
v -0.1563 -2.4687 2.25
v -0.2812 -2.3437 2.3125
v -0.2812 -2.3437 2.25
v -0.2813 -2.4687 2.3125
v -0.2813 -2.4687 2.25
v -0.1562 -2.0937 2.3125
v -0.1562 -2.2187 2.375
v -0.2812 -2.0937 2.3125
v -0.2812 -2.0937 2.25
v -0.2812 -2.2187 2.375
v -0.2812 -2.2187 2.25
v -0.1562 -2.0937 2.1875
v -0.1562 -2.2187 2.25
v -0.1562 -2.2187 2.25
v -0.2812 -2.0937 2.25
v -0.2812 -2.0937 2.1875
v -0.2812 -2.2187 2.25
v -0.2812 -2.2187 2.25
v -0.1562 -2.0312 2.1875
v -0.1562 -2.0937 2.1875
v -0.1562 -2.0312 2.3125
v -0.1562 -2.0937 2.3125
v -0.2812 -2.0312 2.1875
v -0.2812 -2.0937 2.1875
v -0.2812 -2.0312 2.3125
v -0.2812 -2.0937 2.3125
v -0.1562 -1.9687 2.1875
v -0.1562 -2.0312 2.1875
v -0.1562 -1.9687 2.3125
v -0.1562 -2.0312 2.3125
v -0.2812 -1.9687 2.1875
v -0.2812 -2.0312 2.1875
v -0.2812 -1.9687 2.3125
v -0.2812 -2.0312 2.3125
v -0.1562 -1.8437 2.3125
v -0.1562 -1.8437 2.1875
v -0.1562 -1.9062 2.3125
v -0.1562 -1.9062 2.1875
v -0.2187 -1.8437 2.3125
v -0.2187 -1.8437 2.1875
v -0.2812 -1.9062 2.3125
v -0.2812 -1.9062 2.1875
v -0.1562 -1.9062 2.1875
v -0.1562 -1.9687 2.1875
v -0.1562 -1.9062 2.3125
v -0.1562 -1.9687 2.3125
v -0.2812 -1.9062 2.1875
v -0.2812 -1.9687 2.1875
v -0.2812 -1.9062 2.3125
v -0.2812 -1.9687 2.3125
v -0.2187 -1.7812 2.3438
v -0.2187 -1.7812 2.1563
v -0.1562 -1.7812 2.3438
v -0.1562 -1.7812 2.1563
v -0.2187 -1.9687 2.3438
v -0.2187 -1.9687 2.1563
v -0.1562 -1.9687 2.3438
v -0.1562 -1.9687 2.1563
v 0.6563 -1.6875 2.4063
v 0.6563 -1.6875 2.0938
v 0.6562 -2.75 2.4063
v 0.6562 -2.75 2.0938
v -0.1562 -1.6875 2.4063
v -0.1562 -1.6875 2.0938
v -0.1563 -2.75 2.4063
v -0.1563 -2.75 2.0938
v 0.6562 -2.25 2.4063
v -0.1562 -2.25 2.4063
v -0.1562 -2.25 2.0938
v 0.6562 -2.25 2.0938
v 0.2812 -2.25 2.4063
v 0.2812 -2.75 2.4063
v 0.2812 -2.75 2.0938
v 0.2812 -2.25 2.0938
v 0.2813 -1.6875 2.0938
v 0.2813 -1.6875 2.4063
v 0.2813 -1.6875 2.2813
v -0.1562 -1.6875 2.2813
v -0.1562 -2.25 2.2813
v -0.1563 -2.75 2.2813
v 0.2812 -2.75 2.2813
v 0.6562 -2.75 2.2813
v 0.6562 -2.25 2.2813
v 0.6563 -1.6875 2.2813
v 1.0313 -2.0625 2.4063
v 1.0313 -2.0625 2.0938
v 1.0312 -2.625 2.4063
v 1.0312 -2.625 2.0938
v 0.7188 -2.0625 2.4063
v 0.7188 -2.0625 2.0938
v 0.7187 -2.625 2.4063
v 0.7187 -2.625 2.0938
v 1.0938 -1.9375 2.4688
v 1.0938 -1.9375 2.0313
v 1.0938 -2.0625 2.4688
v 1.0938 -2.0625 2.0313
v 0.6563 -1.9375 2.4688
v 0.6563 -1.9375 2.0313
v 0.6563 -2.0625 2.4688
v 0.6563 -2.0625 2.0313
v 1.0937 -2.625 2.4688
v 1.0937 -2.625 2.0313
v 1.0937 -2.75 2.4688
v 1.0937 -2.75 2.0313
v 0.6562 -2.625 2.4688
v 0.6562 -2.625 2.0313
v 0.6562 -2.75 2.4688
v 0.6562 -2.75 2.0313
v 1.4688 -2 2.4063
v 1.4688 -2 1.7813
v 1.4687 -2.75 2.4063
v 1.4687 -2.75 1.7813
v 1.2813 -2 2.4063
v 1.2813 -2 1.7813
v 1.2812 -2.75 2.4063
v 1.2812 -2.75 1.7813
v 1.2813 -2.375 2.4063
v 1.2813 -2.375 1.7813
v 1.4688 -2.375 1.7813
v 1.4688 -2.375 2.4063
v 1.2813 -2.375 2.0938
v 1.2812 -2.75 2.0938
v 1.4687 -2.75 2.0938
v 1.4688 -2.375 2.0938
v 1.4688 -2 2.0938
v 1.2813 -2 2.0938
v 1.3438 -2.375 2.4063
v 1.3438 -2 2.4063
v 1.3438 -2 2.0938
v 1.3438 -2 1.7813
v 1.3438 -2.375 1.7813
v 1.3437 -2.75 1.7813
v 1.3437 -2.75 2.0938
v 1.3437 -2.75 2.4063
v 0.9375 -1.8125 2.3125
v 0.9375 -1.8125 2.1875
v 0.9375 -1.875 2.3125
v 0.9375 -1.875 2.1875
v 0.8125 -1.75 2.3125
v 0.8125 -1.75 2.1875
v 0.8125 -1.875 2.3125
v 0.8125 -1.875 2.1875
v 0.8125 -1.75 2.3125
v 0.8125 -1.75 2.1875
v 0.8125 -1.875 2.3125
v 0.8125 -1.875 2.1875
v 0.625 -1.75 2.3125
v 0.625 -1.75 2.1875
v 0.625 -1.875 2.3125
v 0.625 -1.875 2.1875
v 0.9688 -1.875 2.3438
v 0.9688 -1.875 2.1563
v 0.9688 -1.9375 2.3438
v 0.9688 -1.9375 2.1563
v 0.7813 -1.875 2.3438
v 0.7813 -1.875 2.1563
v 0.7813 -1.9375 2.3438
v 0.7813 -1.9375 2.1563
v 0.6563 -1.7187 2.3438
v 0.6563 -1.7187 2.1563
v 0.7188 -1.7187 2.3438
v 0.7188 -1.7187 2.1563
v 0.6563 -1.9062 2.3438
v 0.6563 -1.9062 2.1563
v 0.7188 -1.9062 2.3438
v 0.7188 -1.9062 2.1563
v 0.0938 -1.625 2.3438
v 0.0938 -1.625 2.1563
v 0.0938 -1.6875 2.3438
v 0.0938 -1.6875 2.1563
v -0.0937 -1.625 2.3438
v -0.0937 -1.625 2.1563
v -0.0937 -1.6875 2.3438
v -0.0937 -1.6875 2.1563
v 0.0313 0 2.2813
v 0.0313 0 2.2188
v 0.0313 -1.625 2.2813
v 0.0313 -1.625 2.2188
v -0.0312 0 2.2813
v -0.0312 0 2.2188
v -0.0312 -1.625 2.2813
v -0.0312 -1.625 2.2188
v 1.3125 -2.375 1.9063
v 1.3125 -2.375 0.6563
v 1.3125 -2.75 1.9063
v 1.3125 -2.75 0.6563
v -0.3125 -2.375 1.9063
v -0.3125 -2.375 0.6563
v -0.3125 -2.75 1.9063
v -0.3125 -2.75 0.6563
v -0.3125 -2.5625 0.6563
v 1.3125 -2.5625 0.6563
v 1.3125 -2.5625 1.9063
v -0.3125 -2.5625 1.9063
v 1.3125 -2.5625 1.2813
v 1.3125 -2.375 1.2813
v -0.3125 -2.375 1.2813
v -0.3125 -2.5625 1.2813
v -0.3125 -2.75 1.2813
v 1.3125 -2.75 1.2813
v -0.3438 -2.5 1.4375
v -0.3438 -2.5 1.3125
v -0.3438 -2.75 1.4375
v -0.3438 -2.75 1.3125
v -0.4688 -2.5625 1.4375
v -0.4688 -2.5625 1.3125
v -0.4688 -2.75 1.4375
v -0.4688 -2.75 1.3125
v -0.3438 -2.5 1.6875
v -0.3438 -2.5 1.5625
v -0.3438 -2.75 1.6875
v -0.3438 -2.75 1.5625
v -0.4688 -2.5625 1.6875
v -0.4688 -2.5625 1.5625
v -0.4688 -2.75 1.6875
v -0.4688 -2.75 1.5625
v -0.3438 -2.5625 1.0625
v -0.3438 -2.5625 1
v -0.3438 -2.6875 1.0625
v -0.3438 -2.6875 1
v -0.4688 -2.5625 1.0625
v -0.4688 -2.5625 1
v -0.4688 -2.6875 1.0625
v -0.4688 -2.6875 1
v -0.3438 -2.5625 1
v -0.3438 -2.5625 0.9375
v -0.3438 -2.6875 1
v -0.3438 -2.6875 0.9375
v -0.4688 -2.5625 1
v -0.4688 -2.5625 0.9375
v -0.4688 -2.6875 1
v -0.4688 -2.6875 0.9375
v -0.3438 -2.5 1.1875
v -0.3438 -2.5 1.0625
v -0.3438 -2.5625 1.1875
v -0.3438 -2.5625 1.0625
v -0.4063 -2.5 1.1875
v -0.4063 -2.5 1.0625
v -0.4688 -2.5625 1.1875
v -0.4688 -2.5625 1.0625
v -0.3438 -2.5625 1.1875
v -0.3438 -2.625 1.1875
v -0.4688 -2.5625 1.1875
v -0.4688 -2.5625 1.0625
v -0.4688 -2.625 1.1875
v -0.4688 -2.625 1.0625
v -0.4688 -2.6875 1.0625
v -0.3438 -2.6875 1.0625
v -0.4688 -2.625 1.0625
v -0.3438 -2.625 1.0625
v -0.4688 -2.6875 1.125
v -0.3438 -2.6875 1.125
v -0.4688 -2.625 1.1875
v -0.3438 -2.625 1.1875
v -0.3438 -2.5625 0.9375
v -0.3438 -2.5625 0.875
v -0.3438 -2.6875 0.9375
v -0.3438 -2.6875 0.8125
v -0.4688 -2.5625 0.9375
v -0.4688 -2.5625 0.875
v -0.4688 -2.6875 0.9375
v -0.4688 -2.6875 0.8125
v -0.3438 -2.6875 0.9375
v -0.3438 -2.6875 0.8125
v -0.3438 -2.75 0.9375
v -0.3438 -2.75 0.8125
v -0.4688 -2.6875 0.9375
v -0.4688 -2.6875 0.8125
v -0.4688 -2.75 0.9375
v -0.4688 -2.75 0.8125
vt 0.9375 0.7656
vt 0.9375 0.7813
vt 0.8906 0.7813
vt 0.8906 0.7656
vt 0.8594 0.7656
vt 0.8594 0.7813
vt 0.8125 0.7813
vt 0.8125 0.7656
vt 0.9063 0.7656
vt 0.9063 0.8125
vt 0.8594 0.8125
vt 0.8594 0.7656
vt 0.9375 0.7656
vt 0.9375 0.7813
vt 0.8906 0.7813
vt 0.8906 0.7656
vt 0.9219 0.7656
vt 0.9219 0.7813
vt 0.875 0.7813
vt 0.875 0.7656
vt 0.9375 0.7656
vt 0.9375 0.7813
vt 0.8906 0.7813
vt 0.8906 0.7656
vt 0.8594 0.7656
vt 0.8594 0.7813
vt 0.8125 0.7813
vt 0.8125 0.7656
vt 0.9063 0.7656
vt 0.9063 0.8125
vt 0.8594 0.8125
vt 0.8594 0.7656
vt 0.9375 0.7656
vt 0.9375 0.7813
vt 0.8906 0.7813
vt 0.8906 0.7656
vt 0.9219 0.7656
vt 0.9219 0.7813
vt 0.875 0.7813
vt 0.875 0.7656
vt 0.9375 0.7656
vt 0.9375 0.7813
vt 0.8906 0.7813
vt 0.8906 0.7656
vt 0.8594 0.7656
vt 0.8594 0.7813
vt 0.8125 0.7813
vt 0.8125 0.7656
vt 0.9063 0.7656
vt 0.9063 0.8125
vt 0.8594 0.8125
vt 0.8594 0.7656
vt 0.9375 0.7656
vt 0.9375 0.7813
vt 0.8906 0.7813
vt 0.8906 0.7656
vt 0.9219 0.7656
vt 0.9219 0.7813
vt 0.875 0.7813
vt 0.875 0.7656
vt 0.3125 0.0625
vt 0.2344 0.0625
vt 0.2344 0
vt 0.2813 0
vt 0.1875 0
vt 0.2344 0
vt 0.2344 0.0625
vt 0.1563 0.0625
vt 0.3125 0.1719
vt 0.3125 0.2188
vt 0.2813 0.2188
vt 0.2813 0.1719
vt 0.3125 0.1801
vt 0.3125 0.25
vt 0.2813 0.25
vt 0.2813 0.1801
vt 0.1719 0.2813
vt 0.1406 0.2813
vt 0.1406 0.2114
vt 0.1719 0.2114
vt 0.1875 0
vt 0.2344 0
vt 0.2344 0.0625
vt 0.1563 0.0625
vt 0.3125 0.0625
vt 0.2344 0.0625
vt 0.2344 0
vt 0.2813 0
vt 0.2813 0.1719
vt 0.2813 0.125
vt 0.3125 0.125
vt 0.3125 0.1719
vt 0.3125 0.3125
vt 0.2344 0.3125
vt 0.2344 0.0625
vt 0.3125 0.0625
vt 0.1563 0.0625
vt 0.2344 0.0625
vt 0.2344 0.3125
vt 0.1563 0.3125
vt 0.3125 0
vt 0.3125 0.25
vt 0.2813 0.25
vt 0.2813 0
vt 0.2813 0.2813
vt 0.2813 0.0313
vt 0.3125 0.0313
vt 0.3125 0.2813
vt 0.1406 0.0625
vt 0.2188 0.0625
vt 0.2188 0.3125
vt 0.1406 0.3125
vt 0.3125 0.3125
vt 0.2344 0.3125
vt 0.2344 0.0625
vt 0.3125 0.0625
vt 0.3125 0.0625
vt 0.2344 0.0625
vt 0.2344 0
vt 0.2813 0
vt 0.1875 0
vt 0.2344 0
vt 0.2344 0.0625
vt 0.1563 0.0625
vt 0.3125 0.1719
vt 0.3125 0.2188
vt 0.2813 0.2188
vt 0.2813 0.1719
vt 0.3438 0.625
vt 0.3438 0.5469
vt 0.375 0.5469
vt 0.375 0.625
vt 0.3125 0.1801
vt 0.3125 0.25
vt 0.2813 0.25
vt 0.2813 0.1801
vt 0.1719 0.2813
vt 0.1406 0.2813
vt 0.1406 0.2114
vt 0.1719 0.2114
vt 0.1875 0
vt 0.2344 0
vt 0.2344 0.0625
vt 0.1563 0.0625
vt 0.375 0.4688
vt 0.375 0.5469
vt 0.3438 0.5469
vt 0.3438 0.4688
vt 0.3125 0.0625
vt 0.2344 0.0625
vt 0.2344 0
vt 0.2813 0
vt 0.2813 0.1719
vt 0.2813 0.125
vt 0.3125 0.125
vt 0.3125 0.1719
vt 0.3125 0.3125
vt 0.2344 0.3125
vt 0.2344 0.0625
vt 0.3125 0.0625
vt 0.1563 0.0625
vt 0.2344 0.0625
vt 0.2344 0.3125
vt 0.1563 0.3125
vt 0.3125 0
vt 0.3125 0.25
vt 0.2813 0.25
vt 0.2813 0
vt 0.2813 0.2813
vt 0.2813 0.0313
vt 0.3125 0.0313
vt 0.3125 0.2813
vt 0.1406 0.0625
vt 0.2188 0.0625
vt 0.2188 0.3125
vt 0.1406 0.3125
vt 0.3125 0.3125
vt 0.2344 0.3125
vt 0.2344 0.0625
vt 0.3125 0.0625
vt 1 0.6406
vt 1 0.7344
vt 0.9844 0.7344
vt 0.9844 0.6406
vt 1 0.6406
vt 1 0.7344
vt 0.9844 0.7344
vt 0.9844 0.6406
vt 1 0.7188
vt 1 0.7344
vt 0.9063 0.7344
vt 0.9063 0.7188
vt 1 0.7188
vt 1 0.7344
vt 0.9063 0.7344
vt 0.9063 0.7188
vt 1 0.6406
vt 1 0.7344
vt 0.9063 0.7344
vt 0.9063 0.6406
vt 1 0.6406
vt 1 0.7344
vt 0.9844 0.7344
vt 0.9844 0.6406
vt 1 0.6406
vt 1 0.7344
vt 0.9844 0.7344
vt 0.9844 0.6406
vt 1 0.7188
vt 1 0.7344
vt 0.9063 0.7344
vt 0.9063 0.7188
vt 1 0.7188
vt 1 0.7344
vt 0.9063 0.7344
vt 0.9063 0.7188
vt 1 0.6406
vt 1 0.7344
vt 0.9063 0.7344
vt 0.9063 0.6406
vt 0.5625 0.3125
vt 0.6875 0.3125
vt 0.6875 0.375
vt 0.5625 0.375
vt 0.688 0.8755
vt 0.687 1
vt 0.562 0.9995
vt 0.563 0.8745
vt 0.8745 0.1255
vt 0.7495 0.1245
vt 0.7505 0
vt 0.8755 0.0005
vt 0.875 0.125
vt 0.75 0.125
vt 0.75 0
vt 0.875 0
vt 0.625 0.25
vt 0.625 0.375
vt 0.5625 0.375
vt 0.5625 0.25
vt 0.625 0.25
vt 0.625 0.375
vt 0.5625 0.375
vt 0.5625 0.25
vt 0.6875 0.25
vt 0.6875 0.3125
vt 0.5625 0.3125
vt 0.5625 0.25
vt 0.6875 0.25
vt 0.6875 0.3125
vt 0.5625 0.3125
vt 0.5625 0.25
vt 0.6875 0.5625
vt 0.5625 0.5625
vt 0.5625 0.3125
vt 0.6875 0.3125
vt 0.6875 0.5625
vt 0.5625 0.5625
vt 0.5625 0.3125
vt 0.6875 0.3125
vt 0.6875 0.5625
vt 0.5625 0.5625
vt 0.5625 0.3125
vt 0.6875 0.3125
vt 0.6875 0.625
vt 0.5625 0.625
vt 0.5625 0.375
vt 0.6875 0.375
vt 0.6875 0.5625
vt 0.5625 0.5625
vt 0.5625 0.3125
vt 0.6875 0.3125
vt 0.6875 0.5625
vt 0.5625 0.5625
vt 0.5625 0.3125
vt 0.6875 0.3125
vt 0.6875 0.5625
vt 0.5625 0.5625
vt 0.5625 0.3125
vt 0.6875 0.3125
vt 0.6875 0.625
vt 0.5625 0.625
vt 0.5625 0.375
vt 0.6875 0.375
vt 0.6875 0.5625
vt 0.5625 0.5625
vt 0.5625 0.3125
vt 0.6875 0.3125
vt 0.6875 0.5625
vt 0.5625 0.5625
vt 0.5625 0.3125
vt 0.6875 0.3125
vt 0.6875 0.5625
vt 0.5625 0.5625
vt 0.5625 0.3125
vt 0.6875 0.3125
vt 0.6875 0.625
vt 0.5625 0.625
vt 0.5625 0.375
vt 0.6875 0.375
vt 0.9375 0.7656
vt 0.9375 0.7813
vt 0.8906 0.7813
vt 0.8906 0.7656
vt 0.8594 0.7656
vt 0.8594 0.7813
vt 0.8125 0.7813
vt 0.8125 0.7656
vt 0.9063 0.7656
vt 0.9063 0.8125
vt 0.8594 0.8125
vt 0.8594 0.7656
vt 0.9375 0.7656
vt 0.9375 0.7813
vt 0.8906 0.7813
vt 0.8906 0.7656
vt 0.9219 0.7656
vt 0.9219 0.7813
vt 0.875 0.7813
vt 0.875 0.7656
vt 0.9375 0.7656
vt 0.9375 0.7813
vt 0.8906 0.7813
vt 0.8906 0.7656
vt 0.8594 0.7656
vt 0.8594 0.7813
vt 0.8125 0.7813
vt 0.8125 0.7656
vt 0.9063 0.7656
vt 0.9063 0.8125
vt 0.8594 0.8125
vt 0.8594 0.7656
vt 0.9375 0.7656
vt 0.9375 0.7813
vt 0.8906 0.7813
vt 0.8906 0.7656
vt 0.9219 0.7656
vt 0.9219 0.7813
vt 0.875 0.7813
vt 0.875 0.7656
vt 0.6875 0.5625
vt 0.5625 0.5625
vt 0.5625 0.3125
vt 0.6875 0.3125
vt 0.6875 0.5625
vt 0.5625 0.5625
vt 0.5625 0.3125
vt 0.6875 0.3125
vt 0.6875 0.5625
vt 0.5625 0.5625
vt 0.5625 0.3125
vt 0.6875 0.3125
vt 0.6875 0.625
vt 0.5625 0.625
vt 0.5625 0.375
vt 0.6875 0.375
vt 0.6875 0.5625
vt 0.5625 0.5625
vt 0.5625 0.3125
vt 0.6875 0.3125
vt 0.6875 0.5625
vt 0.5625 0.5625
vt 0.5625 0.3125
vt 0.6875 0.3125
vt 0.6875 0.5625
vt 0.5625 0.5625
vt 0.5625 0.3125
vt 0.6875 0.3125
vt 0.6875 0.625
vt 0.5625 0.625
vt 0.5625 0.375
vt 0.6875 0.375
vt 0.6875 0.5625
vt 0.5625 0.5625
vt 0.5625 0.3125
vt 0.6875 0.3125
vt 0.6875 0.5625
vt 0.5625 0.5625
vt 0.5625 0.3125
vt 0.6875 0.3125
vt 0.6875 0.5625
vt 0.5625 0.5625
vt 0.5625 0.3125
vt 0.6875 0.3125
vt 0.6875 0.625
vt 0.5625 0.625
vt 0.5625 0.375
vt 0.6875 0.375
vt 0.5625 0.3125
vt 0.6875 0.3125
vt 0.6875 0.375
vt 0.5625 0.375
vt 0.688 0.8755
vt 0.687 1
vt 0.562 0.9995
vt 0.563 0.8745
vt 0.8745 0.1255
vt 0.7495 0.1245
vt 0.7505 0
vt 0.8755 0.0005
vt 0.875 0.125
vt 0.75 0.125
vt 0.75 0
vt 0.875 0
vt 0.625 0.25
vt 0.625 0.375
vt 0.5625 0.375
vt 0.5625 0.25
vt 0.625 0.25
vt 0.625 0.375
vt 0.5625 0.375
vt 0.5625 0.25
vt 0.6875 0.25
vt 0.6875 0.3125
vt 0.5625 0.3125
vt 0.5625 0.25
vt 0.6875 0.25
vt 0.6875 0.3125
vt 0.5625 0.3125
vt 0.5625 0.25
vt 0.9375 0.7656
vt 0.9375 0.7813
vt 0.8906 0.7813
vt 0.8906 0.7656
vt 0.8594 0.7656
vt 0.8594 0.7813
vt 0.8125 0.7813
vt 0.8125 0.7656
vt 0.9375 0.7656
vt 0.9375 0.8125
vt 0.8906 0.8125
vt 0.8906 0.7656
vt 0.9375 0.7656
vt 0.9375 0.7813
vt 0.8906 0.7813
vt 0.8906 0.7656
vt 0.9219 0.7656
vt 0.9219 0.7813
vt 0.875 0.7813
vt 0.875 0.7656
vt 0.9375 0.7656
vt 0.9375 0.7813
vt 0.8906 0.7813
vt 0.8906 0.7656
vt 0.8594 0.7656
vt 0.8594 0.7813
vt 0.8125 0.7813
vt 0.8125 0.7656
vt 0.9063 0.7656
vt 0.9063 0.8125
vt 0.8594 0.8125
vt 0.8594 0.7656
vt 0.9375 0.7656
vt 0.9375 0.7813
vt 0.8906 0.7813
vt 0.8906 0.7656
vt 0.9219 0.7656
vt 0.9219 0.7813
vt 0.875 0.7813
vt 0.875 0.7656
vt 0.9375 0.7656
vt 0.9375 0.7813
vt 0.8906 0.7813
vt 0.8906 0.7656
vt 0.8594 0.7656
vt 0.8594 0.7813
vt 0.8125 0.7813
vt 0.8125 0.7656
vt 0.9063 0.7656
vt 0.9063 0.8125
vt 0.8594 0.8125
vt 0.8594 0.7656
vt 0.9375 0.7656
vt 0.9375 0.7813
vt 0.8906 0.7813
vt 0.8906 0.7656
vt 0.9219 0.7656
vt 0.9219 0.7813
vt 0.875 0.7813
vt 0.875 0.7656
vt 0.625 0.25
vt 0.625 0.375
vt 0.5625 0.375
vt 0.5625 0.25
vt 0.625 0.25
vt 0.625 0.375
vt 0.5625 0.375
vt 0.5625 0.25
vt 0.6875 0.25
vt 0.6875 0.3125
vt 0.5625 0.3125
vt 0.5625 0.25
vt 0.6875 0.25
vt 0.6875 0.3125
vt 0.5625 0.3125
vt 0.5625 0.25
vt 0.7505 0.1255
vt 0.7495 0.0005
vt 0.8745 0
vt 0.8755 0.1245
vt 0.6875 0
vt 0.6875 0.0625
vt 0.5625 0.0625
vt 0.5625 0
vt 0.6875 0.25
vt 0.6875 0.375
vt 0.5625 0.375
vt 0.5625 0.25
vt 0.625 0.25
vt 0.625 0.375
vt 0.5625 0.375
vt 0.5625 0.25
vt 0.625 0.25
vt 0.625 0.375
vt 0.5625 0.375
vt 0.5625 0.25
vt 0.6875 0.25
vt 0.6875 0.3125
vt 0.5625 0.3125
vt 0.5625 0.25
vt 0.6875 0.25
vt 0.6875 0.3125
vt 0.5625 0.3125
vt 0.5625 0.25
vt 0.5 0.25
vt 0.5 0.375
vt 0.375 0.375
vt 0.375 0.25
vt 0.6875 1
vt 0.5625 1
vt 0.5625 0.875
vt 0.6875 0.875
vt 0.6875 0.875
vt 0.6875 1
vt 0.5625 1
vt 0.5625 0.875
vt 0.5625 0.875
vt 0.6875 0.875
vt 0.6875 1
vt 0.5625 1
vt 0.6875 0.875
vt 0.6875 1
vt 0.5625 1
vt 0.5625 0.875
vt 0.6875 0.375
vt 0.5625 0.375
vt 0.5625 0.3125
vt 0.6875 0.3125
vt 0.6875 0.25
vt 0.6875 0.3125
vt 0.5625 0.3125
vt 0.5625 0.25
vt 0.6875 0.25
vt 0.6875 0.3125
vt 0.5625 0.3125
vt 0.5625 0.25
vt 0.6875 0.3125
vt 0.5625 0.3125
vt 0.5625 0.25
vt 0.6875 0.25
vt 0.6875 0.25
vt 0.6875 0.3125
vt 0.5625 0.3125
vt 0.5625 0.25
vt 0.6875 0.25
vt 0.6875 0.3125
vt 0.5625 0.3125
vt 0.5625 0.25
vt 0.6875 0.25
vt 0.6875 0.375
vt 0.625 0.375
vt 0.625 0.25
vt 0.6875 0.25
vt 0.6875 0.375
vt 0.5625 0.375
vt 0.5625 0.25
vt 0.6875 0.25
vt 0.6875 0.375
vt 0.5625 0.375
vt 0.5625 0.25
vt 0.6875 0
vt 0.6875 0.125
vt 0.625 0.125
vt 0.625 0
vt 0.6875 0.25
vt 0.6875 0.375
vt 0.5625 0.375
vt 0.5625 0.25
vt 0.6875 0.5625
vt 0.6875 0.6875
vt 0.625 0.6875
vt 0.625 0.5625
vt 0.6875 0.25
vt 0.6875 0.375
vt 0.5625 0.375
vt 0.5625 0.25
vt 0.6875 0.25
vt 0.6875 0.375
vt 0.625 0.375
vt 0.625 0.25
vt 0.8749 0.1251
vt 0.7499 0.1251
vt 0.7504 0.0001
vt 0.8749 0.0001
vt 0.6875 0.875
vt 0.6875 1
vt 0.5625 1
vt 0.5625 0.875
vt 0.875 0.125
vt 0.8125 0.125
vt 0.875 0
vt 0.875 0
vt 0.6875 1
vt 0.5625 1
vt 0.6875 0.875
vt 0.5625 0.875
vt 0.6875 1
vt 0.5625 1
vt 0.5625 0.875
vt 0.6875 0.875
vt 0.6875 0.375
vt 0.5625 0.375
vt 0.5625 0.3125
vt 0.6875 0.3125
vt 0.6875 0.25
vt 0.6875 0.3125
vt 0.5625 0.3125
vt 0.5625 0.25
vt 0.6875 0.25
vt 0.6875 0.3125
vt 0.5625 0.3125
vt 0.5625 0.25
vt 0.6875 0.375
vt 0.5625 0.375
vt 0.5625 0.3125
vt 0.6875 0.3125
vt 0.6875 0.25
vt 0.6875 0.3125
vt 0.5625 0.3125
vt 0.5625 0.25
vt 0.6875 0.25
vt 0.6875 0.3125
vt 0.5625 0.3125
vt 0.5625 0.25
vt 0.6875 1
vt 0.5625 1
vt 0.5625 0.875
vt 0.6875 0.875
vt 0.6875 0.875
vt 0.6875 1
vt 0.5625 1
vt 0.5625 0.875
vt 0.5625 0.875
vt 0.6875 0.875
vt 0.6875 1
vt 0.5625 1
vt 0.6875 0.875
vt 0.6875 1
vt 0.5625 1
vt 0.5625 0.875
vt 0.6875 1
vt 0.5625 1
vt 0.5625 0.875
vt 0.6875 0.875
vt 0.625 0.25
vt 0.625 0.375
vt 0.5625 0.375
vt 0.5625 0.25
vt 0.6875 0.375
vt 0.5625 0.375
vt 0.5625 0.3125
vt 0.6875 0.3125
vt 0.6875 0.25
vt 0.6875 0.3125
vt 0.5625 0.3125
vt 0.5625 0.25
vt 0.6875 0.25
vt 0.6875 0.3125
vt 0.5625 0.3125
vt 0.5625 0.25
vt 0.9375 0.7656
vt 0.9375 0.7813
vt 0.8906 0.7813
vt 0.8906 0.7656
vt 0.8594 0.7656
vt 0.8594 0.7813
vt 0.8125 0.7813
vt 0.8125 0.7656
vt 0.9063 0.7656
vt 0.9063 0.8125
vt 0.8594 0.8125
vt 0.8594 0.7656
vt 0.9375 0.7656
vt 0.9375 0.8125
vt 0.8906 0.8125
vt 0.8906 0.7656
vt 0.9375 0.7656
vt 0.9375 0.7813
vt 0.8906 0.7813
vt 0.8906 0.7656
vt 0.9219 0.7656
vt 0.9219 0.7813
vt 0.875 0.7813
vt 0.875 0.7656
vt 0.75 1
vt 0.7031 1
vt 0.7031 0.8594
vt 0.75 0.8594
vt 0 0.8594
vt 0.0469 0.8594
vt 0.0469 1
vt 0 1
vt 0.5 0.25
vt 0.5 0.2031
vt 0.6094 0.2031
vt 0.6094 0.25
vt 0.6094 0.0156
vt 0.6094 0.0625
vt 0.5 0.0625
vt 0.5 0.0156
vt 0 0.8594
vt 0.1094 0.8594
vt 0.1094 1
vt 0 1
vt 0.75 1
vt 0.6406 1
vt 0.6406 0.8594
vt 0.75 0.8594
vt 0 0.25
vt 0.1094 0.25
vt 0.1094 0.375
vt 0 0.375
vt 0 0.25
vt 0.0469 0.25
vt 0.0469 0.375
vt 0 0.375
vt 0.75 0.375
vt 0.6406 0.375
vt 0.6406 0.25
vt 0.75 0.25
vt 0.75 0.375
vt 0.7031 0.375
vt 0.7031 0.25
vt 0.75 0.25
vt 0.75 0.375
vt 0.6563 0.375
vt 0.6563 0.25
vt 0.75 0.25
vt 0.75 0.0156
vt 0.75 0.0625
vt 0.6563 0.0625
vt 0.6563 0.0156
vt 0 0.25
vt 0.0938 0.25
vt 0.0938 0.375
vt 0 0.375
vt 0 0.8594
vt 0.0938 0.8594
vt 0.0938 1
vt 0 1
vt 0.6406 0.25
vt 0.6406 0.2031
vt 0.7344 0.2031
vt 0.7344 0.25
vt 0.75 1
vt 0.6563 1
vt 0.6563 0.8594
vt 0.75 0.8594
vt 0.6094 0.0156
vt 0.6094 0.0469
vt 0.5 0.0469
vt 0.5 0.0156
vt 0.75 1
vt 0.7188 1
vt 0.7188 0.8594
vt 0.75 0.8594
vt 0.75 0.375
vt 0.7188 0.375
vt 0.7188 0.25
vt 0.75 0.25
vt 0.5 0.25
vt 0.5 0.2188
vt 0.6094 0.2188
vt 0.6094 0.25
vt 0.6406 0.25
vt 0.6406 0.2188
vt 0.7344 0.2188
vt 0.7344 0.25
vt 0 0.25
vt 0.0313 0.25
vt 0.0313 0.375
vt 0 0.375
vt 0 0.8594
vt 0.0313 0.8594
vt 0.0313 1
vt 0 1
vt 0.7344 0.0156
vt 0.7344 0.0469
vt 0.6406 0.0469
vt 0.6406 0.0156
vt 0.3125 0.0938
vt 0.3125 0.2344
vt 0.3906 0.2344
vt 0.3906 0.0938
vt 0.3906 0.0938
vt 0.3906 0.2344
vt 0.3125 0.2344
vt 0.3125 0.0938
vt 0.3906 0.0938
vt 0.3906 0.2344
vt 0.3125 0.2344
vt 0.3125 0.0938
vt 0.3906 0.0938
vt 0.3906 0.2344
vt 0.3125 0.2344
vt 0.3125 0.0938
vt 0.9531 0.1094
vt 0.9531 0.1406
vt 0.8438 0.1406
vt 0.8438 0.1094
vt 0.9531 0.1094
vt 0.9531 0.1406
vt 0.8438 0.1406
vt 0.8438 0.1094
vt 0.9531 0
vt 0.9531 0.1094
vt 0.8438 0.1094
vt 0.8438 0
vt 0.9531 0
vt 0.9531 0.1094
vt 0.8438 0.1094
vt 0.8438 0
vt 0.9531 0.1094
vt 0.9531 0.1406
vt 0.8438 0.1406
vt 0.8438 0.1094
vt 0.9531 0.1094
vt 0.9531 0.1406
vt 0.8438 0.1406
vt 0.8438 0.1094
vt 0.9531 0.1094
vt 0.9531 0.1406
vt 0.8438 0.1406
vt 0.8438 0.1094
vt 0.9531 0.1094
vt 0.9531 0.1406
vt 0.8438 0.1406
vt 0.8438 0.1094
vt 0.9531 0
vt 0.9531 0.1094
vt 0.8438 0.1094
vt 0.8438 0
vt 0.9531 0
vt 0.9531 0.1094
vt 0.8438 0.1094
vt 0.8438 0
vt 0.9531 0.1094
vt 0.9531 0.1406
vt 0.8438 0.1406
vt 0.8438 0.1094
vt 0.9531 0.1094
vt 0.9531 0.1406
vt 0.8438 0.1406
vt 0.8438 0.1094
vt 0 0.1875
vt 0.0781 0.1875
vt 0.0781 0.0938
vt 0 0.0938
vt 0.75 0.9063
vt 0.6719 0.9063
vt 0.6719 1
vt 0.75 1
vt 1 0.25
vt 0.9688 0.25
vt 0.9688 0.3281
vt 1 0.3281
vt 1 0.3281
vt 0.9688 0.3281
vt 0.9688 0.25
vt 1 0.25
vt 0 1
vt 0.0313 1
vt 0.0313 0.9063
vt 0 0.9063
vt 1 0.9063
vt 0.9688 0.9063
vt 0.9688 1
vt 1 1
vt 0.75 0.25
vt 0.6719 0.25
vt 0.6719 0.3438
vt 0.75 0.3438
vt 1 0.25
vt 0.9688 0.25
vt 0.9688 0.3438
vt 1 0.3438
vt 0 0.0938
vt 0.0781 0.0938
vt 0.0781 0
vt 0 0
vt 0 0.0938
vt 0.0313 0.0938
vt 0.0313 0
vt 0 0
vt 0 0.3438
vt 0.0781 0.3438
vt 0.0781 0.25
vt 0 0.25
vt 1 1
vt 0.9688 1
vt 0.9688 0.9219
vt 1 0.9219
vt 0.1563 0
vt 0.0781 0
vt 0.0781 0.0938
vt 0.1563 0.0938
vt 0.1563 0.0938
vt 0.0781 0.0938
vt 0.0781 0.1875
vt 0.1563 0.1875
vt 1 0.9219
vt 0.9688 0.9219
vt 0.9688 1
vt 1 1
vt 0 1
vt 0.0781 1
vt 0.0781 0.9063
vt 0 0.9063
vt 0.0156 0.9063
vt 0 0.9063
vt 0 1
vt 0.0156 1
vt 0 0.3125
vt 0.0156 0.3125
vt 0.0156 0.2344
vt 0 0.2344
vt 0 1
vt 0.0156 1
vt 0.0156 0.9219
vt 0 0.9219
vt 0 1
vt 0.0156 1
vt 0.0156 0.9063
vt 0 0.9063
vt 0 0.375
vt 0.0156 0.375
vt 0.0156 0.2813
vt 0 0.2813
vt 0 0.4219
vt 0.0156 0.4219
vt 0.0156 0.5
vt 0 0.5
vt 0 0.9219
vt 0.0156 0.9219
vt 0.0156 1
vt 0 1
vt 0.0156 0
vt 0 0
vt 0 0.0938
vt 0.0156 0.0938
vt 0.5625 0.3125
vt 0.6875 0.3125
vt 0.6875 0.375
vt 0.5625 0.375
vt 0.688 0.8755
vt 0.687 1
vt 0.562 0.9995
vt 0.563 0.8745
vt 0.8745 0.1255
vt 0.7495 0.1245
vt 0.7505 0
vt 0.8755 0.0005
vt 0.875 0.125
vt 0.75 0.125
vt 0.75 0
vt 0.875 0
vt 0.6875 0.5625
vt 0.5625 0.5625
vt 0.5625 0.375
vt 0.6875 0.375
vt 0.6875 0.875
vt 0.5625 0.875
vt 0.5625 0.6875
vt 0.6875 0.6875
vt 0.6875 0.875
vt 0.5625 0.875
vt 0.5625 0.6875
vt 0.6875 0.6875
vt 0.6875 0.5625
vt 0.5625 0.5625
vt 0.5625 0.375
vt 0.6875 0.375
vt 0.9375 0.7656
vt 0.9375 0.7813
vt 0.8906 0.7813
vt 0.8906 0.7656
vt 0.8594 0.7656
vt 0.8594 0.7813
vt 0.8125 0.7813
vt 0.8125 0.7656
vt 0.9063 0.7656
vt 0.9063 0.8125
vt 0.8594 0.8125
vt 0.8594 0.7656
vt 0.9375 0.7656
vt 0.9375 0.7813
vt 0.8906 0.7813
vt 0.8906 0.7656
vt 0.9219 0.7656
vt 0.9219 0.7813
vt 0.875 0.7813
vt 0.875 0.7656
vt 0.9375 0.7656
vt 0.9375 0.7813
vt 0.8906 0.7813
vt 0.8906 0.7656
vt 0.8594 0.7656
vt 0.8594 0.7813
vt 0.8125 0.7813
vt 0.8125 0.7656
vt 0.9375 0.7656
vt 0.9375 0.8125
vt 0.8906 0.8125
vt 0.8906 0.7656
vt 0.9375 0.7656
vt 0.9375 0.7813
vt 0.8906 0.7813
vt 0.8906 0.7656
vt 0.9219 0.7656
vt 0.9219 0.7813
vt 0.875 0.7813
vt 0.875 0.7656
vt 0.9375 0.7656
vt 0.9375 0.7813
vt 0.8906 0.7813
vt 0.8906 0.7656
vt 0.8594 0.7656
vt 0.8594 0.7813
vt 0.8125 0.7813
vt 0.8125 0.7656
vt 0.9063 0.7656
vt 0.9063 0.8125
vt 0.8594 0.8125
vt 0.8594 0.7656
vt 0.9375 0.7656
vt 0.9375 0.7813
vt 0.8906 0.7813
vt 0.8906 0.7656
vt 0.9219 0.7656
vt 0.9219 0.7813
vt 0.875 0.7813
vt 0.875 0.7656
vt 0.0156 0.5
vt 0.0156 0.9063
vt 0 0.9063
vt 0 0.5
vt 0.0156 0.5156
vt 0.0156 0.9219
vt 0 0.9219
vt 0 0.5156
vt 0.0156 0.5156
vt 0.0156 0.5313
vt 0 0.5313
vt 0 0.5156
vt 0.0156 0.5156
vt 0.0156 0.9219
vt 0 0.9219
vt 0 0.5156
vt 0.0156 0.5313
vt 0.0156 0.9375
vt 0 0.9375
vt 0 0.5313
vt 1 0.5469
vt 0.8438 0.5469
vt 0.8438 0.5
vt 1 0.5
vt 0.5938 0.5
vt 0.75 0.5
vt 0.75 0.5469
vt 0.5938 0.5469
vt 0.5938 0.5469
vt 0.5938 0.3906
vt 1 0.3906
vt 1 0.5469
vt 1 0.25
vt 1 0.4063
vt 0.5938 0.4063
vt 0.5938 0.25
vt 0.5938 0.5469
vt 0.5938 0.5
vt 1 0.5
vt 1 0.5469
vt 0.5938 0.5469
vt 0.5938 0.5
vt 1 0.5
vt 1 0.5469
vt 1 0.25
vt 1 0.2969
vt 0.5938 0.2969
vt 0.5938 0.25
vt 1 0.2969
vt 0.8438 0.2969
vt 0.8438 0.25
vt 1 0.25
vt 1 0.25
vt 1 0.2969
vt 0.5938 0.2969
vt 0.5938 0.25
vt 0.5938 0.25
vt 0.75 0.25
vt 0.75 0.2969
vt 0.5938 0.2969
vt 0.5938 0.5
vt 0.75 0.5
vt 0.75 0.5469
vt 0.5938 0.5469
vt 1 0.25
vt 1 0.4063
vt 0.5938 0.4063
vt 0.5938 0.25
vt 1 0.5469
vt 0.8438 0.5469
vt 0.8438 0.5
vt 1 0.5
vt 1 0.2969
vt 0.8438 0.2969
vt 0.8438 0.25
vt 1 0.25
vt 0.5938 0.5469
vt 0.5938 0.3906
vt 1 0.3906
vt 1 0.5469
vt 0.5938 0.25
vt 0.75 0.25
vt 0.75 0.2969
vt 0.5938 0.2969
vt 0.6875 0.9375
vt 0.5625 0.9375
vt 0.5625 0.6875
vt 0.6875 0.6875
vt 0.6875 0.75
vt 0.6875 0.9375
vt 0.5625 0.9375
vt 0.5625 0.75
vt 0.6875 0.875
vt 0.6875 1
vt 0.5625 1
vt 0.5625 0.875
vt 0.6875 0.75
vt 0.6875 1
vt 0.5625 0.9375
vt 0.5625 0.75
vt 0.6875 0.9375
vt 0.5625 1
vt 0.5625 0.75
vt 0.6875 0.75
vt 0.6875 0.9375
vt 0.5625 0.9375
vt 0.5625 0.6875
vt 0.6875 0.6875
vt 0.6875 0.75
vt 0.6875 0.9375
vt 0.5625 0.9375
vt 0.5625 0.75
vt 0.6875 0.875
vt 0.6875 1
vt 0.5625 1
vt 0.5625 0.875
vt 0.6875 0.75
vt 0.6875 1
vt 0.5625 0.9375
vt 0.5625 0.75
vt 0.6875 0.9375
vt 0.5625 1
vt 0.5625 0.75
vt 0.6875 0.75
vt 0.625 0.25
vt 0.625 0.375
vt 0.5625 0.375
vt 0.5625 0.25
vt 0.6875 0.375
vt 0.5625 0.375
vt 0.5625 0.3125
vt 0.6875 0.3125
vt 0.6875 0.25
vt 0.6875 0.3125
vt 0.5625 0.3125
vt 0.5625 0.25
vt 0.6875 0.25
vt 0.6875 0.3125
vt 0.5625 0.3125
vt 0.5625 0.25
vt 0.5 0.25
vt 0.5 0.375
vt 0.375 0.375
vt 0.375 0.25
vt 0.625 0.25
vt 0.625 0.375
vt 0.5625 0.375
vt 0.5625 0.25
vt 0.6875 0.3125
vt 0.5625 0.3125
vt 0.5625 0.25
vt 0.6875 0.25
vt 0.6875 0.25
vt 0.6875 0.3125
vt 0.5625 0.3125
vt 0.5625 0.25
vt 0.6875 0.25
vt 0.6875 0.3125
vt 0.5625 0.3125
vt 0.5625 0.25
vt 0.6875 0.25
vt 0.6875 0.375
vt 0.5625 0.375
vt 0.5625 0.25
vt 0.6875 0.875
vt 0.6875 1
vt 0.5625 1
vt 0.5625 0.875
vt 0.6875 0.875
vt 0.6875 0.9375
vt 0.5625 0.9375
vt 0.5625 0.875
vt 0.875 0
vt 0.875 0.125
vt 0.75 0.125
vt 0.75 0
vt 0.7495 0.1245
vt 0.7505 0
vt 0.8755 0.0005
vt 0.8745 0.1255
vt 0.6875 0.875
vt 0.6875 0.9375
vt 0.5625 0.9375
vt 0.5625 0.875
vt 0.6875 0.875
vt 0.6875 0.9375
vt 0.5625 0.9375
vt 0.5625 0.875
vt 0.6875 0.875
vt 0.6875 1
vt 0.5625 1
vt 0.5625 0.875
vt 0.6875 0.875
vt 0.6875 0.9375
vt 0.5625 0.9375
vt 0.5625 0.875
vt 0.875 0
vt 0.875 0.125
vt 0.75 0.125
vt 0.75 0
vt 0.7495 0.1245
vt 0.7505 0
vt 0.8755 0.0005
vt 0.8745 0.1255
vt 0.875 0.125
vt 0.75 0.125
vt 0.75 0
vt 0.875 0
vt 0.875 0
vt 0.875 0.125
vt 0.75 0.125
vt 0.75 0
vt 0.6875 0.3125
vt 0.5625 0.3125
vt 0.5625 0.25
vt 0.6875 0.25
vt 0.6875 1
vt 0.5625 1
vt 0.5625 0.875
vt 0.6875 0.875
vt 0.6875 0.5625
vt 0.6875 0.625
vt 0.5625 0.625
vt 0.5625 0.5625
vt 0.6875 0.5625
vt 0.6875 0.625
vt 0.5625 0.625
vt 0.5625 0.5625
vt 0.5625 0.5625
vt 0.5625 0.6875
vt 0.4375 0.6875
vt 0.4375 0.5625
vt 0.6875 0.5625
vt 0.6875 0.625
vt 0.5625 0.625
vt 0.5625 0.5625
vt 0.6875 0.5625
vt 0.6875 0.625
vt 0.5625 0.625
vt 0.5625 0.5625
vn 0 1 0
vn 0 -1 0
vn -1 0 0
vn 0 0 1
vn 0 0 -1
vn 0 1 0
vn 0 -1 0
vn -1 0 0
vn 0 0 1
vn 0 0 -1
vn 0 1 0
vn 0 -1 0
vn -1 0 0
vn 0 0 1
vn 0 0 -1
vn 1 0 0
vn -1 0 0
vn 0 1 0
vn 0 0.45 0.89
vn 0 0.45 -0.89
vn 1 0 0
vn -1 0 0
vn 0 1 0
vn 1 0 0
vn -1 0 0
vn 0 0 1
vn 0 0 -1
vn 1 0 0
vn -1 0 0
vn -1 0 0
vn 1 0 0
vn 0 1 0
vn 0 -1 0
vn 0 0.45 -0.89
vn 0 0.45 0.89
vn -1 0 0
vn 0 -1 0
vn 1 0 0
vn 0 1 0
vn -1 0 0
vn 1 0 0
vn 0 0 -1
vn 0 0 1
vn -1 0 0
vn 1 0 0
vn 1 0 0
vn -1 0 0
vn 0 1 0
vn 0 -1 0
vn 0 0 1
vn 1 0 0
vn -1 0 0
vn 0 1 0
vn 0 -1 0
vn 0 0 1
vn 0 0 -1
vn -0.89 0 -0.45
vn 0 1 0
vn 0 -1 0
vn 1 0 0
vn -1 0 0
vn 0 1 0
vn 0 -1 0
vn 0 1 0
vn 0 -1 0
vn 0 0 -1
vn 0 0 1
vn 0 1 0
vn 0 -1 0
vn 0 0 -1
vn 0 0 1
vn 0 1 0
vn 0 -1 0
vn 0 0 -1
vn 0 0 1
vn 0 1 0
vn 0 -1 0
vn -1 0 0
vn 0 0 1
vn 0 0 -1
vn 0 1 0
vn 0 -1 0
vn -1 0 0
vn 0 0 1
vn 0 0 -1
vn 0 1 0
vn 0 -1 0
vn 0 0 -1
vn 0 0 1
vn 0 1 0
vn 0 -1 0
vn 0 0 -1
vn 0 0 1
vn 0 1 0
vn 0 -1 0
vn 0 0 -1
vn 0 0 1
vn 0 0 -1
vn -0.89 0 -0.45
vn 0 1 0
vn 0 -1 0
vn 1 0 0
vn -1 0 0
vn 0 1 0
vn 0 -1 0
vn 0 1 0
vn 0 -1 0
vn 0 0 -1
vn 1 0 0
vn -1 0 0
vn 0 1 0
vn 0 -1 0
vn 0 0 1
vn 1 0 0
vn -1 0 0
vn 0 1 0
vn 0 -1 0
vn 0 0 1
vn 1 0 0
vn -1 0 0
vn 1 0 0
vn -1 0 0
vn 0 1 0
vn 0 -1 0
vn -1 0 0
vn 0 -1 0
vn 0 -0.45 0.89
vn 1 0 0
vn -1 0 0
vn 0 1 0
vn 0 -1 0
vn 0 0 -1
vn 0.89 0 0.45
vn -0.89 0 -0.45
vn 0 1 0
vn 0 -1 0
vn -1 0 0
vn 0 1 0
vn 0 -1 0
vn -1 0 0
vn 0 1 0
vn 0 -1 0
vn -1 0 0
vn 0 0 1
vn 0 0 -1
vn -1 0 0
vn 0 0 1
vn -1 0 0
vn 0 0 -1
vn -1 0 0
vn -1 0 0
vn 0 0.45 0.89
vn -1 0 0
vn 0 0 0
vn 0 -0.45 -0.89
vn -1 0 0
vn 0 0 -1
vn 0 0 1
vn -1 0 0
vn 0 0 -1
vn 0 0 1
vn 1 0 0
vn -0.71 0.71 0
vn 0 1 0
vn 0 0 1
vn 0 0 -1
vn 1 0 0
vn -1 0 0
vn 0 0 -1
vn 0 0 1
vn 0 1 0
vn 0 -1 0
vn -1 0 0
vn 1 0 0
vn 0 0 1
vn 0 0 -1
vn 1 0 0
vn -1 0 0
vn 0 1 0
vn 0 -1 0
vn 0 0 1
vn 0 0 -1
vn 0 0 1
vn -1 0 0
vn 0 0 -1
vn 1 0 0
vn 0 0 1
vn 0 -1 0
vn 0 0 -1
vn 0 0 -1
vn 0 1 0
vn 0 0 1
vn 0 1 0
vn -1 0 0
vn -1 0 0
vn 0 -1 0
vn 0 -1 0
vn 1 0 0
vn 1 0 0
vn 0 1 0
vn 1 0 0
vn -1 0 0
vn 0 0 1
vn 0 0 -1
vn 1 0 0
vn -1 0 0
vn 0 1 0
vn 0 -1 0
vn 0 0 1
vn 0 0 -1
vn 1 0 0
vn -1 0 0
vn 0 1 0
vn 0 -1 0
vn 0 0 1
vn 0 0 -1
vn 1 0 0
vn -1 0 0
vn 0 1 0
vn 0 -1 0
vn 0 0 1
vn 0 0 -1
vn -1 0 0
vn 0 0 -1
vn 1 0 0
vn 0 0 1
vn -1 0 0
vn 0 -1 0
vn 1 0 0
vn 1 0 0
vn 0 1 0
vn -1 0 0
vn 0 0 1
vn 0 1 0
vn 0 1 0
vn 0 0 -1
vn 0 0 -1
vn 0 -1 0
vn 0 -1 0
vn 0 0 1
vn 1 0 0
vn 0.45 0.89 0
vn 0 0 1
vn 0 0 -1
vn 0 1 0
vn 0 -1 0
vn 0 0 1
vn 0 0 -1
vn 1 0 0
vn -1 0 0
vn 0 1 0
vn 0 0 1
vn 0 0 -1
vn 0 1 0
vn 0 -1 0
vn 1 0 0
vn 0 0 1
vn 0 0 -1
vn 1 0 0
vn -1 0 0
vn 0 1 0
vn 0 0 1
vn 0 0 -1
vn 1 0 0
vn -1 0 0
vn 0 1 0
vn 0 0 1
vn 0 0 -1
vn 1 0 0
vn -1 0 0
vn 0 1 0
vn 0 -1 0
vn 0 0 1
vn 0 0 -1
vn 0 0 -1
vn 1 0 0
vn 0 0 1
vn -1 0 0
vn 1 0 0
vn 0 1 0
vn -1 0 0
vn -1 0 0
vn 0 -1 0
vn 1 0 0
vn 1 0 0
vn -1 0 0
vn -0.45 0.89 0
vn 0 0 1
vn 0 0 -1
vn 1 0 0
vn -1 0 0
vn -0.45 0.89 0
vn 0 0 1
vn 0 0 -1
vn 1 0 0
vn -1 0 0
vn 0 1 0
vn 0 -1 0
vn 0 0 -1
vn 1 0 0
vn -1 0 0
vn 0 1 0
vn 0 -1 0
vn 0 0 1
vn -0.71 0.71 0
vn 0 1 0
vn 0 0 1
vn 0 0 -1
vn -1 0 0
vn 0 0 1
vn 0 -0.71 0.71
vn 0 -1 0
vn -1 0 0
vn 1 0 0
vn 1 0 0
vn -1 0 0
vn 0 1 0
vn 0 0.45 -0.89
vn 1 0 0
vn -1 0 0
vn 0 1 0
vn 0 0 1
vn 0 0 -1
usemtl infrared_observer
f 4/1/1 2/2/1 1/3/1
f 4/1/1 1/3/1 3/4/1
f 7/5/2 5/6/2 6/7/2
f 7/5/2 6/7/2 8/8/2
f 1/9/3 2/10/3 6/11/3
f 1/9/3 6/11/3 5/12/3
f 3/13/4 1/14/4 5/15/4
f 3/13/4 5/15/4 7/16/4
f 8/17/5 6/18/5 2/19/5
f 8/17/5 2/19/5 4/20/5
f 12/21/6 10/22/6 9/23/6
f 12/21/6 9/23/6 11/24/6
f 15/25/7 13/26/7 14/27/7
f 15/25/7 14/27/7 16/28/7
f 9/29/8 10/30/8 14/31/8
f 9/29/8 14/31/8 13/32/8
f 11/33/9 9/34/9 13/35/9
f 11/33/9 13/35/9 15/36/9
f 16/37/10 14/38/10 10/39/10
f 16/37/10 10/39/10 12/40/10
f 20/41/11 18/42/11 17/43/11
f 20/41/11 17/43/11 19/44/11
f 23/45/12 21/46/12 22/47/12
f 23/45/12 22/47/12 24/48/12
f 17/49/13 18/50/13 22/51/13
f 17/49/13 22/51/13 21/52/13
f 19/53/14 17/54/14 21/55/14
f 19/53/14 21/55/14 23/56/14
f 24/57/15 22/58/15 18/59/15
f 24/57/15 18/59/15 20/60/15
f 27/61/16 34/62/16 33/63/16
f 27/61/16 33/63/16 25/64/16
f 29/65/17 36/66/17 35/67/17
f 29/65/17 35/67/17 31/68/17
f 25/69/18 33/70/18 36/71/18
f 25/69/18 36/71/18 29/72/18
f 27/73/19 25/74/19 29/75/19
f 27/73/19 29/75/19 31/76/19
f 30/77/20 26/78/20 28/79/20
f 30/77/20 28/79/20 32/80/20
f 26/81/21 33/82/21 34/83/21
f 26/81/21 34/83/21 28/84/21
f 32/85/22 35/86/22 36/87/22
f 32/85/22 36/87/22 30/88/22
f 30/89/23 36/90/23 33/91/23
f 30/89/23 33/91/23 26/92/23
f 39/93/24 46/94/24 45/95/24
f 39/93/24 45/95/24 37/96/24
f 41/97/25 48/98/25 47/99/25
f 41/97/25 47/99/25 43/100/25
f 39/101/26 37/102/26 41/103/26
f 39/101/26 41/103/26 43/104/26
f 44/105/27 42/106/27 38/107/27
f 44/105/27 38/107/27 40/108/27
f 38/109/28 45/110/28 46/111/28
f 38/109/28 46/111/28 40/112/28
f 44/113/29 47/114/29 48/115/29
f 44/113/29 48/115/29 42/116/29
f 51/117/30 58/118/30 57/119/30
f 51/117/30 57/119/30 49/120/30
f 53/121/31 60/122/31 59/123/31
f 53/121/31 59/123/31 55/124/31
f 49/125/32 57/126/32 60/127/32
f 49/125/32 60/127/32 53/128/32
f 55/129/33 59/130/33 58/131/33
f 55/129/33 58/131/33 51/132/33
f 51/133/34 49/134/34 53/135/34
f 51/133/34 53/135/34 55/136/34
f 54/137/35 50/138/35 52/139/35
f 54/137/35 52/139/35 56/140/35
f 50/141/36 57/142/36 58/143/36
f 50/141/36 58/143/36 52/144/36
f 52/145/37 58/146/37 59/147/37
f 52/145/37 59/147/37 56/148/37
f 56/149/38 59/150/38 60/151/38
f 56/149/38 60/151/38 54/152/38
f 54/153/39 60/154/39 57/155/39
f 54/153/39 57/155/39 50/156/39
f 63/157/40 70/158/40 69/159/40
f 63/157/40 69/159/40 61/160/40
f 65/161/41 72/162/41 71/163/41
f 65/161/41 71/163/41 67/164/41
f 63/165/42 61/166/42 65/167/42
f 63/165/42 65/167/42 67/168/42
f 68/169/43 66/170/43 62/171/43
f 68/169/43 62/171/43 64/172/43
f 62/173/44 69/174/44 70/175/44
f 62/173/44 70/175/44 64/176/44
f 68/177/45 71/178/45 72/179/45
f 68/177/45 72/179/45 66/180/45
f 76/181/46 74/182/46 73/183/46
f 76/181/46 73/183/46 75/184/46
f 79/185/47 77/186/47 78/187/47
f 79/185/47 78/187/47 80/188/47
f 73/189/48 74/190/48 78/191/48
f 73/189/48 78/191/48 77/192/48
f 76/193/49 75/194/49 79/195/49
f 76/193/49 79/195/49 80/196/49
f 75/197/50 73/198/50 77/199/50
f 75/197/50 77/199/50 79/200/50
f 84/201/51 82/202/51 81/203/51
f 84/201/51 81/203/51 83/204/51
f 87/205/52 85/206/52 86/207/52
f 87/205/52 86/207/52 88/208/52
f 81/209/53 82/210/53 86/211/53
f 81/209/53 86/211/53 85/212/53
f 84/213/54 83/214/54 87/215/54
f 84/213/54 87/215/54 88/216/54
f 83/217/55 81/218/55 85/219/55
f 83/217/55 85/219/55 87/220/55
usemtl common_copper_cable
f 90/221/56 89/222/56 91/223/56
f 90/221/56 91/223/56 92/224/56
f 93/225/57 89/226/57 90/227/57
f 93/225/57 90/227/57 94/228/57
f 91/229/58 89/230/58 93/231/58
f 91/229/58 93/231/58 95/232/58
f 94/233/59 90/234/59 92/235/59
f 94/233/59 92/235/59 96/236/59
f 100/237/60 98/238/60 97/239/60
f 100/237/60 97/239/60 99/240/60
f 103/241/61 101/242/61 102/243/61
f 103/241/61 102/243/61 104/244/61
f 97/245/62 98/246/62 102/247/62
f 97/245/62 102/247/62 101/248/62
f 100/249/63 99/250/63 103/251/63
f 100/249/63 103/251/63 104/252/63
f 105/253/64 106/254/64 110/255/64
f 105/253/64 110/255/64 109/256/64
f 108/257/65 107/258/65 111/259/65
f 108/257/65 111/259/65 112/260/65
f 107/261/66 105/262/66 109/263/66
f 107/261/66 109/263/66 111/264/66
f 112/265/67 110/266/67 106/267/67
f 112/265/67 106/267/67 108/268/67
f 113/269/68 114/270/68 118/271/68
f 113/269/68 118/271/68 117/272/68
f 116/273/69 115/274/69 119/275/69
f 116/273/69 119/275/69 120/276/69
f 115/277/70 113/278/70 117/279/70
f 115/277/70 117/279/70 119/280/70
f 120/281/71 118/282/71 114/283/71
f 120/281/71 114/283/71 116/284/71
f 121/285/72 122/286/72 126/287/72
f 121/285/72 126/287/72 125/288/72
f 124/289/73 123/290/73 127/291/73
f 124/289/73 127/291/73 128/292/73
f 123/293/74 121/294/74 125/295/74
f 123/293/74 125/295/74 127/296/74
f 128/297/75 126/298/75 122/299/75
f 128/297/75 122/299/75 124/300/75
usemtl infrared_observer
f 132/301/76 130/302/76 129/303/76
f 132/301/76 129/303/76 131/304/76
f 135/305/77 133/306/77 134/307/77
f 135/305/77 134/307/77 136/308/77
f 129/309/78 130/310/78 134/311/78
f 129/309/78 134/311/78 133/312/78
f 131/313/79 129/314/79 133/315/79
f 131/313/79 133/315/79 135/316/79
f 136/317/80 134/318/80 130/319/80
f 136/317/80 130/319/80 132/320/80
f 140/321/81 138/322/81 137/323/81
f 140/321/81 137/323/81 139/324/81
f 143/325/82 141/326/82 142/327/82
f 143/325/82 142/327/82 144/328/82
f 137/329/83 138/330/83 142/331/83
f 137/329/83 142/331/83 141/332/83
f 139/333/84 137/334/84 141/335/84
f 139/333/84 141/335/84 143/336/84
f 144/337/85 142/338/85 138/339/85
f 144/337/85 138/339/85 140/340/85
usemtl common_copper_cable
f 145/341/86 146/342/86 150/343/86
f 145/341/86 150/343/86 149/344/86
f 148/345/87 147/346/87 151/347/87
f 148/345/87 151/347/87 152/348/87
f 147/349/88 145/350/88 149/351/88
f 147/349/88 149/351/88 151/352/88
f 152/353/89 150/354/89 146/355/89
f 152/353/89 146/355/89 148/356/89
f 153/357/90 154/358/90 158/359/90
f 153/357/90 158/359/90 157/360/90
f 156/361/91 155/362/91 159/363/91
f 156/361/91 159/363/91 160/364/91
f 155/365/92 153/366/92 157/367/92
f 155/365/92 157/367/92 159/368/92
f 160/369/93 158/370/93 154/371/93
f 160/369/93 154/371/93 156/372/93
f 161/373/94 162/374/94 166/375/94
f 161/373/94 166/375/94 165/376/94
f 164/377/95 163/378/95 167/379/95
f 164/377/95 167/379/95 168/380/95
f 163/381/96 161/382/96 165/383/96
f 163/381/96 165/383/96 167/384/96
f 168/385/97 166/386/97 162/387/97
f 168/385/97 162/387/97 164/388/97
f 170/389/98 169/390/98 171/391/98
f 170/389/98 171/391/98 172/392/98
f 173/393/99 169/394/99 170/395/99
f 173/393/99 170/395/99 174/396/99
f 171/397/100 169/398/100 173/399/100
f 171/397/100 173/399/100 175/400/100
f 174/401/101 170/402/101 172/403/101
f 174/401/101 172/403/101 176/404/101
f 180/405/102 178/406/102 177/407/102
f 180/405/102 177/407/102 179/408/102
f 183/409/103 181/410/103 182/411/103
f 183/409/103 182/411/103 184/412/103
f 177/413/104 178/414/104 182/415/104
f 177/413/104 182/415/104 181/416/104
f 180/417/105 179/418/105 183/419/105
f 180/417/105 183/419/105 184/420/105
usemtl infrared_observer
f 188/421/106 186/422/106 185/423/106
f 188/421/106 185/423/106 187/424/106
f 191/425/107 189/426/107 190/427/107
f 191/425/107 190/427/107 192/428/107
f 188/429/108 187/430/108 191/431/108
f 188/429/108 191/431/108 192/432/108
f 187/433/109 185/434/109 189/435/109
f 187/433/109 189/435/109 191/436/109
f 192/437/110 190/438/110 186/439/110
f 192/437/110 186/439/110 188/440/110
f 196/441/111 194/442/111 193/443/111
f 196/441/111 193/443/111 195/444/111
f 199/445/112 197/446/112 198/447/112
f 199/445/112 198/447/112 200/448/112
f 193/449/113 194/450/113 198/451/113
f 193/449/113 198/451/113 197/452/113
f 195/453/114 193/454/114 197/455/114
f 195/453/114 197/455/114 199/456/114
f 200/457/115 198/458/115 194/459/115
f 200/457/115 194/459/115 196/460/115
f 204/461/116 202/462/116 201/463/116
f 204/461/116 201/463/116 203/464/116
f 207/465/117 205/466/117 206/467/117
f 207/465/117 206/467/117 208/468/117
f 201/469/118 202/470/118 206/471/118
f 201/469/118 206/471/118 205/472/118
f 203/473/119 201/474/119 205/475/119
f 203/473/119 205/475/119 207/476/119
f 208/477/120 206/478/120 202/479/120
f 208/477/120 202/479/120 204/480/120
usemtl common_copper_cable
f 212/481/121 210/482/121 209/483/121
f 212/481/121 209/483/121 211/484/121
f 215/485/122 213/486/122 214/487/122
f 215/485/122 214/487/122 216/488/122
f 209/489/123 210/490/123 214/491/123
f 209/489/123 214/491/123 213/492/123
f 212/493/124 211/494/124 215/495/124
f 212/493/124 215/495/124 216/496/124
f 222/497/125 220/498/125 221/499/125
f 222/497/125 221/499/125 223/500/125
f 219/501/126 218/502/126 222/503/126
f 219/501/126 222/503/126 223/504/126
f 218/505/127 217/506/127 220/507/127
f 218/505/127 220/507/127 222/508/127
f 227/509/128 225/510/128 224/511/128
f 227/509/128 224/511/128 226/512/128
f 230/513/129 228/514/129 229/515/129
f 230/513/129 229/515/129 231/516/129
f 224/517/130 225/518/130 229/519/130
f 224/517/130 229/519/130 228/520/130
f 227/521/131 226/522/131 230/523/131
f 227/521/131 230/523/131 231/524/131
f 231/525/132 229/526/132 225/527/132
f 231/525/132 225/527/132 227/528/132
f 233/529/133 232/530/133 234/531/133
f 233/529/133 234/531/133 235/532/133
f 238/533/134 236/534/134 237/535/134
f 238/533/134 237/535/134 239/536/134
f 236/537/135 232/538/135 233/539/135
f 236/537/135 233/539/135 237/540/135
f 235/541/136 234/542/136 238/543/136
f 235/541/136 238/543/136 239/544/136
f 246/545/137 244/546/137 245/547/137
f 246/545/137 245/547/137 247/548/137
f 240/549/138 241/550/138 245/551/138
f 240/549/138 245/551/138 244/552/138
f 243/553/139 242/554/139 246/555/139
f 243/553/139 246/555/139 247/556/139
f 254/557/140 252/558/140 253/559/140
f 254/557/140 253/559/140 255/560/140
f 248/561/141 249/562/141 253/563/141
f 248/561/141 253/563/141 252/564/141
f 251/565/142 250/566/142 254/567/142
f 251/565/142 254/567/142 255/568/142
f 260/569/143 258/570/143 259/571/143
f 260/569/143 259/571/143 261/572/143
f 257/573/144 256/574/144 258/575/144
f 257/573/144 258/575/144 260/576/144
f 267/577/145 265/578/145 262/579/145
f 267/577/145 262/579/145 263/580/145
f 272/581/146 270/582/146 271/583/146
f 272/581/146 271/583/146 273/584/146
f 269/585/147 268/586/147 270/587/147
f 269/585/147 270/587/147 272/588/147
f 278/589/148 276/590/148 277/591/148
f 278/589/148 277/591/148 279/592/148
f 279/593/149 277/594/149 274/595/149
f 279/593/149 274/595/149 275/596/149
f 266/597/150 264/598/150 265/599/150
f 266/597/150 265/599/150 267/600/150
f 284/601/151 282/602/151 283/603/151
f 284/601/151 283/603/151 285/604/151
f 281/605/152 280/606/152 282/607/152
f 281/605/152 282/607/152 284/608/152
f 289/609/153 290/610/153 291/611/153
f 289/609/153 291/611/153 292/612/153
f 287/613/154 291/614/154 288/615/154
f 287/613/154 288/615/154 292/616/154
f 290/617/155 286/618/155 288/619/155
f 290/617/155 288/619/155 292/620/155
f 299/621/156 297/622/156 298/623/156
f 299/621/156 298/623/156 300/624/156
f 293/625/157 294/626/157 298/627/157
f 293/625/157 298/627/157 297/628/157
f 296/629/158 295/630/158 299/631/158
f 296/629/158 299/631/158 300/632/158
f 307/633/159 305/634/159 306/635/159
f 307/633/159 306/635/159 308/636/159
f 301/637/160 302/638/160 306/639/160
f 301/637/160 306/639/160 305/640/160
f 304/641/161 303/642/161 307/643/161
f 304/641/161 307/643/161 308/644/161
f 310/645/162 309/646/162 311/647/162
f 310/645/162 311/647/162 312/648/162
f 315/649/163 313/650/163 314/651/163
f 315/649/163 314/651/163 316/652/163
f 313/653/164 309/654/164 310/655/164
f 313/653/164 310/655/164 314/656/164
f 311/657/165 309/658/165 313/659/165
f 311/657/165 313/659/165 315/660/165
f 314/661/166 310/662/166 312/663/166
f 314/661/166 312/663/166 316/664/166
f 320/665/167 318/666/167 317/667/167
f 320/665/167 317/667/167 319/668/167
f 323/669/168 321/670/168 322/671/168
f 323/669/168 322/671/168 324/672/168
f 317/673/169 318/674/169 322/675/169
f 317/673/169 322/675/169 321/676/169
f 320/677/170 319/678/170 323/679/170
f 320/677/170 323/679/170 324/680/170
usemtl infrared_observer
f 328/681/171 326/682/171 325/683/171
f 328/681/171 325/683/171 327/684/171
f 331/685/172 329/686/172 330/687/172
f 331/685/172 330/687/172 332/688/172
f 325/689/173 326/690/173 330/691/173
f 325/689/173 330/691/173 329/692/173
f 328/693/174 327/694/174 331/695/174
f 328/693/174 331/695/174 332/696/174
f 327/697/175 325/698/175 329/699/175
f 327/697/175 329/699/175 331/700/175
f 332/701/176 330/702/176 326/703/176
f 332/701/176 326/703/176 328/704/176
usemtl common_steel_norivets
f 334/705/177 358/706/177 357/707/177
f 334/705/177 357/707/177 344/708/177
f 343/709/178 353/710/178 352/711/178
f 343/709/178 352/711/178 338/712/178
usemtl common_rough_steel
f 338/713/179 352/714/179 351/715/179
f 338/713/179 351/715/179 349/716/179
f 347/717/180 355/718/180 354/719/180
f 347/717/180 354/719/180 340/720/180
f 342/721/181 345/722/181 350/723/181
f 342/721/181 350/723/181 337/724/181
usemtl common_steel
f 338/725/182 349/726/182 348/727/182
f 338/725/182 348/727/182 343/728/182
f 339/729/183 346/730/183 345/731/183
f 339/729/183 345/731/183 342/732/183
usemtl common_steel_norivets
f 340/733/184 354/734/184 353/735/184
f 340/733/184 353/735/184 343/736/184
usemtl common_steel
f 343/737/185 348/738/185 347/739/185
f 343/737/185 347/739/185 340/740/185
usemtl common_steel_norivets
f 344/741/186 357/742/186 356/743/186
f 344/741/186 356/743/186 336/744/186
usemtl common_steel
f 341/745/187 345/746/187 346/747/187
f 341/745/187 346/747/187 335/748/187
f 336/749/188 356/750/188 355/751/188
f 336/749/188 355/751/188 347/752/188
f 336/753/189 347/754/189 348/755/189
f 336/753/189 348/755/189 344/756/189
usemtl common_rough_steel
f 344/757/190 348/758/190 349/759/190
f 344/757/190 349/759/190 334/760/190
usemtl common_steel
f 349/761/191 351/762/191 358/763/191
f 349/761/191 358/763/191 334/764/191
f 333/765/192 350/766/192 345/767/192
f 333/765/192 345/767/192 341/768/192
f 350/769/193 351/770/193 352/771/193
f 350/769/193 352/771/193 337/772/193
usemtl common_steel_norivets
f 337/773/194 352/774/194 353/775/194
f 337/773/194 353/775/194 342/776/194
f 342/777/195 353/778/195 354/779/195
f 342/777/195 354/779/195 339/780/195
usemtl common_steel
f 339/781/196 354/782/196 355/783/196
f 339/781/196 355/783/196 346/784/196
f 346/785/197 355/786/197 356/787/197
f 346/785/197 356/787/197 335/788/197
usemtl common_steel_norivets
f 335/789/198 356/790/198 357/791/198
f 335/789/198 357/791/198 341/792/198
f 341/793/199 357/794/199 358/795/199
f 341/793/199 358/795/199 333/796/199
usemtl common_steel
f 333/797/200 358/798/200 351/799/200
f 333/797/200 351/799/200 350/800/200
usemtl infrared_observer
f 362/801/201 360/802/201 359/803/201
f 362/801/201 359/803/201 361/804/201
f 365/805/202 363/806/202 364/807/202
f 365/805/202 364/807/202 366/808/202
f 361/809/203 359/810/203 363/811/203
f 361/809/203 363/811/203 365/812/203
f 366/813/204 364/814/204 360/815/204
f 366/813/204 360/815/204 362/816/204
f 370/817/205 368/818/205 367/819/205
f 370/817/205 367/819/205 369/820/205
f 373/821/206 371/822/206 372/823/206
f 373/821/206 372/823/206 374/824/206
f 367/825/207 368/826/207 372/827/207
f 367/825/207 372/827/207 371/828/207
f 370/829/208 369/830/208 373/831/208
f 370/829/208 373/831/208 374/832/208
f 369/833/209 367/834/209 371/835/209
f 369/833/209 371/835/209 373/836/209
f 374/837/210 372/838/210 368/839/210
f 374/837/210 368/839/210 370/840/210
f 378/841/211 376/842/211 375/843/211
f 378/841/211 375/843/211 377/844/211
f 381/845/212 379/846/212 380/847/212
f 381/845/212 380/847/212 382/848/212
f 375/849/213 376/850/213 380/851/213
f 375/849/213 380/851/213 379/852/213
f 378/853/214 377/854/214 381/855/214
f 378/853/214 381/855/214 382/856/214
f 377/857/215 375/858/215 379/859/215
f 377/857/215 379/859/215 381/860/215
f 382/861/216 380/862/216 376/863/216
f 382/861/216 376/863/216 378/864/216
f 384/865/217 399/866/217 398/867/217
f 384/865/217 398/867/217 393/868/217
usemtl common_steel_norivets
f 392/869/218 395/870/218 400/871/218
f 392/869/218 400/871/218 388/872/218
f 384/873/219 404/874/219 403/875/219
f 384/873/219 403/875/219 399/876/219
f 397/877/220 407/878/220 406/879/220
f 397/877/220 406/879/220 386/880/220
f 383/881/221 402/882/221 401/883/221
f 383/881/221 401/883/221 394/884/221
f 393/885/222 405/886/222 404/887/222
f 393/885/222 404/887/222 384/888/222
f 390/889/223 396/890/223 395/891/223
f 390/889/223 395/891/223 392/892/223
f 386/893/224 406/894/224 405/895/224
f 386/893/224 405/895/224 393/896/224
usemtl infrared_observer
f 393/897/225 398/898/225 397/899/225
f 393/897/225 397/899/225 386/900/225
usemtl common_steel_norivets
f 394/901/226 401/902/226 408/903/226
f 394/901/226 408/903/226 385/904/226
f 391/905/227 395/906/227 396/907/227
f 391/905/227 396/907/227 389/908/227
f 385/909/228 408/910/228 407/911/228
f 385/909/228 407/911/228 397/912/228
usemtl infrared_observer
f 385/913/229 397/914/229 398/915/229
f 385/913/229 398/915/229 394/916/229
f 394/917/230 398/918/230 399/919/230
f 394/917/230 399/919/230 383/920/230
usemtl common_steel_norivets
f 399/921/231 403/922/231 402/923/231
f 399/921/231 402/923/231 383/924/231
f 387/925/232 400/926/232 395/927/232
f 387/925/232 395/927/232 391/928/232
f 391/929/233 401/930/233 402/931/233
f 391/929/233 402/931/233 387/932/233
f 387/933/234 402/934/234 403/935/234
f 387/933/234 403/935/234 400/936/234
f 400/937/235 403/938/235 404/939/235
f 400/937/235 404/939/235 388/940/235
f 388/941/236 404/942/236 405/943/236
f 388/941/236 405/943/236 392/944/236
f 392/945/237 405/946/237 406/947/237
f 392/945/237 406/947/237 390/948/237
f 390/949/238 406/950/238 407/951/238
f 390/949/238 407/951/238 396/952/238
f 396/953/239 407/954/239 408/955/239
f 396/953/239 408/955/239 389/956/239
f 389/957/240 408/958/240 401/959/240
f 389/957/240 401/959/240 391/960/240
usemtl common_copper_cable
f 410/961/241 409/962/241 411/963/241
f 410/961/241 411/963/241 412/964/241
f 413/965/242 409/966/242 410/967/242
f 413/965/242 410/967/242 414/968/242
f 411/969/243 409/970/243 413/971/243
f 411/969/243 413/971/243 415/972/243
f 414/973/244 410/974/244 412/975/244
f 414/973/244 412/975/244 416/976/244
f 417/977/245 418/978/245 422/979/245
f 417/977/245 422/979/245 421/980/245
f 420/981/246 419/982/246 423/983/246
f 420/981/246 423/983/246 424/984/246
f 419/985/247 417/986/247 421/987/247
f 419/985/247 421/987/247 423/988/247
f 424/989/248 422/990/248 418/991/248
f 424/989/248 418/991/248 420/992/248
usemtl infrared_observer
f 428/993/249 426/994/249 425/995/249
f 428/993/249 425/995/249 427/996/249
f 431/997/250 429/998/250 430/999/250
f 431/997/250 430/999/250 432/1000/250
f 425/1001/251 426/1002/251 430/1003/251
f 425/1001/251 430/1003/251 429/1004/251
f 427/1005/252 425/1006/252 429/1007/252
f 427/1005/252 429/1007/252 431/1008/252
f 432/1009/253 430/1010/253 426/1011/253
f 432/1009/253 426/1011/253 428/1012/253
f 436/1013/254 434/1014/254 433/1015/254
f 436/1013/254 433/1015/254 435/1016/254
f 439/1017/255 437/1018/255 438/1019/255
f 439/1017/255 438/1019/255 440/1020/255
f 436/1021/256 435/1022/256 439/1023/256
f 436/1021/256 439/1023/256 440/1024/256
f 435/1025/257 433/1026/257 437/1027/257
f 435/1025/257 437/1027/257 439/1028/257
f 440/1029/258 438/1030/258 434/1031/258
f 440/1029/258 434/1031/258 436/1032/258
f 444/1033/259 442/1034/259 441/1035/259
f 444/1033/259 441/1035/259 443/1036/259
f 447/1037/260 445/1038/260 446/1039/260
f 447/1037/260 446/1039/260 448/1040/260
f 441/1041/261 442/1042/261 446/1043/261
f 441/1041/261 446/1043/261 445/1044/261
f 443/1045/262 441/1046/262 445/1047/262
f 443/1045/262 445/1047/262 447/1048/262
f 448/1049/263 446/1050/263 442/1051/263
f 448/1049/263 442/1051/263 444/1052/263
usemtl common_rough_steel
f 452/1053/264 450/1054/264 449/1055/264
f 452/1053/264 449/1055/264 451/1056/264
f 455/1057/265 453/1058/265 454/1059/265
f 455/1057/265 454/1059/265 456/1060/265
f 449/1061/266 450/1062/266 454/1063/266
f 449/1061/266 454/1063/266 453/1064/266
f 451/1065/267 449/1066/267 453/1067/267
f 451/1065/267 453/1067/267 455/1068/267
f 456/1069/268 454/1070/268 450/1071/268
f 456/1069/268 450/1071/268 452/1072/268
usemtl infrared_observer
f 458/1073/269 470/1074/269 469/1075/269
f 458/1073/269 469/1075/269 466/1076/269
f 465/1077/270 472/1078/270 471/1079/270
f 465/1077/270 471/1079/270 462/1080/270
f 462/1081/271 471/1082/271 470/1083/271
f 462/1081/271 470/1083/271 458/1084/271
f 460/1085/272 474/1086/272 473/1087/272
f 460/1085/272 473/1087/272 464/1088/272
f 461/1089/273 468/1090/273 467/1091/273
f 461/1089/273 467/1091/273 457/1092/273
f 458/1093/274 466/1094/274 465/1095/274
f 458/1093/274 465/1095/274 462/1096/274
f 464/1097/275 465/1098/275 466/1099/275
f 464/1097/275 466/1099/275 460/1100/275
f 466/1101/276 469/1102/276 474/1103/276
f 466/1101/276 474/1103/276 460/1104/276
f 459/1105/277 467/1106/277 468/1107/277
f 459/1105/277 468/1107/277 463/1108/277
f 464/1109/278 473/1110/278 472/1111/278
f 464/1109/278 472/1111/278 465/1112/278
f 467/1113/279 469/1114/279 470/1115/279
f 467/1113/279 470/1115/279 457/1116/279
f 457/1117/280 470/1118/280 471/1119/280
f 457/1117/280 471/1119/280 461/1120/280
f 461/1121/281 471/1122/281 472/1123/281
f 461/1121/281 472/1123/281 468/1124/281
f 468/1125/282 472/1126/282 473/1127/282
f 468/1125/282 473/1127/282 463/1128/282
f 463/1129/283 473/1130/283 474/1131/283
f 463/1129/283 474/1131/283 459/1132/283
f 459/1133/284 474/1134/284 469/1135/284
f 459/1133/284 469/1135/284 467/1136/284
usemtl common_copper_cable
f 476/1137/285 475/1138/285 477/1139/285
f 476/1137/285 477/1139/285 478/1140/285
f 481/1141/286 479/1142/286 480/1143/286
f 481/1141/286 480/1143/286 482/1144/286
f 479/1145/287 475/1146/287 476/1147/287
f 479/1145/287 476/1147/287 480/1148/287
f 477/1149/288 475/1150/288 479/1151/288
f 477/1149/288 479/1151/288 481/1152/288
f 480/1153/289 476/1154/289 478/1155/289
f 480/1153/289 478/1155/289 482/1156/289
f 484/1157/290 483/1158/290 485/1159/290
f 484/1157/290 485/1159/290 486/1160/290
f 489/1161/291 487/1162/291 488/1163/291
f 489/1161/291 488/1163/291 490/1164/291
f 487/1165/292 483/1166/292 484/1167/292
f 487/1165/292 484/1167/292 488/1168/292
f 485/1169/293 483/1170/293 487/1171/293
f 485/1169/293 487/1171/293 489/1172/293
f 488/1173/294 484/1174/294 486/1175/294
f 488/1173/294 486/1175/294 490/1176/294
f 494/1177/295 492/1178/295 491/1179/295
f 494/1177/295 491/1179/295 493/1180/295
f 497/1181/296 495/1182/296 496/1183/296
f 497/1181/296 496/1183/296 498/1184/296
f 491/1185/297 492/1186/297 496/1187/297
f 491/1185/297 496/1187/297 495/1188/297
f 494/1189/298 493/1190/298 497/1191/298
f 494/1189/298 497/1191/298 498/1192/298
f 498/1193/299 496/1194/299 492/1195/299
f 498/1193/299 492/1195/299 494/1196/299
f 502/1197/300 500/1198/300 499/1199/300
f 502/1197/300 499/1199/300 501/1200/300
f 505/1201/301 503/1202/301 504/1203/301
f 505/1201/301 504/1203/301 506/1204/301
f 499/1205/302 500/1206/302 504/1207/302
f 499/1205/302 504/1207/302 503/1208/302
f 502/1209/303 501/1210/303 505/1211/303
f 502/1209/303 505/1211/303 506/1212/303
f 501/1213/304 499/1214/304 503/1215/304
f 501/1213/304 503/1215/304 505/1216/304
f 513/1217/305 511/1218/305 512/1219/305
f 513/1217/305 512/1219/305 514/1220/305
f 511/1221/306 507/1222/306 508/1223/306
f 511/1221/306 508/1223/306 512/1224/306
f 509/1225/307 507/1226/307 511/1227/307
f 509/1225/307 511/1227/307 513/1228/307
f 512/1229/308 508/1230/308 510/1231/308
f 512/1229/308 510/1231/308 514/1232/308
f 519/1233/309 517/1234/309 518/1235/309
f 519/1233/309 518/1235/309 520/1236/309
f 516/1237/310 515/1238/310 517/1239/310
f 516/1237/310 517/1239/310 519/1240/310
f 527/1241/311 525/1242/311 526/1243/311
f 527/1241/311 526/1243/311 528/1244/311
f 525/1245/312 521/1246/312 522/1247/312
f 525/1245/312 522/1247/312 526/1248/312
f 523/1249/313 521/1250/313 525/1251/313
f 523/1249/313 525/1251/313 527/1252/313
f 526/1253/314 522/1254/314 524/1255/314
f 526/1253/314 524/1255/314 528/1256/314
f 530/1257/315 529/1258/315 531/1259/315
f 530/1257/315 531/1259/315 532/1260/315
f 535/1261/316 533/1262/316 534/1263/316
f 535/1261/316 534/1263/316 536/1264/316
f 533/1265/317 529/1266/317 530/1267/317
f 533/1265/317 530/1267/317 534/1268/317
f 534/1269/318 530/1270/318 532/1271/318
f 534/1269/318 532/1271/318 536/1272/318
f 540/1273/319 538/1274/319 537/1275/319
f 540/1273/319 537/1275/319 539/1276/319
f 543/1277/320 541/1278/320 542/1279/320
f 543/1277/320 542/1279/320 544/1280/320
f 537/1281/321 538/1282/321 542/1283/321
f 537/1281/321 542/1283/321 541/1284/321
f 539/1285/322 537/1286/322 541/1287/322
f 539/1285/322 541/1287/322 543/1288/322
f 544/1289/323 542/1290/323 538/1291/323
f 544/1289/323 538/1291/323 540/1292/323
o turret
v 1.2813 -1.25 1.375
v 1.2813 -1.25 1.1875
v 1.2813 -1.4375 1.375
v 1.2813 -1.4375 1.1875
v 1.2188 -1.25 1.375
v 1.2188 -1.25 1.1875
v 1.2188 -1.4375 1.375
v 1.2188 -1.4375 1.1875
v -0.2812 -1.25 1.375
v -0.2812 -1.25 1.1875
v -0.2812 -1.4375 1.375
v -0.2812 -1.4375 1.1875
v -0.3437 -1.25 1.375
v -0.3437 -1.25 1.1875
v -0.3437 -1.4375 1.375
v -0.3437 -1.4375 1.1875
v -0.1562 -1.25 1.375
v -0.1562 -1.25 1.1875
v -0.1562 -1.4375 1.375
v -0.1562 -1.4375 1.1875
v -0.2187 -1.25 1.375
v -0.2187 -1.25 1.1875
v -0.2187 -1.4375 1.375
v -0.2187 -1.4375 1.1875
v 1.1563 -1.25 1.375
v 1.1563 -1.25 1.1875
v 1.1563 -1.4375 1.375
v 1.1563 -1.4375 1.1875
v 1.0938 -1.25 1.375
v 1.0938 -1.25 1.1875
v 1.0938 -1.4375 1.375
v 1.0938 -1.4375 1.1875
v 0.4688 -0.75 0.6563
v 0.4688 -0.75 0.0313
v 0.4688 -1.6875 0.6563
v 0.4688 -1.6875 0.0313
v -0.1562 -0.75 0.6563
v -0.1562 -0.75 0.0313
v -0.1562 -1.6875 0.6563
v -0.1562 -1.6875 0.0313
v -0.1562 -1.25 0.6563
v -0.1562 -1.25 0.0313
v 0.4688 -1.25 0.0313
v 0.4688 -1.25 0.6563
v 0.1563 -1.25 0.0313
v 0.1563 -0.75 0.0313
v 0.1563 -0.75 0.6563
v 0.1563 -1.6875 0.6563
v 0.1563 -1.6875 0.0313
v 0.375 -0.8437 0.0313
v 0.375 -0.8437 -0.0937
v 0.375 -1.2812 0.0313
v 0.375 -1.2812 -0.0937
v -0.0625 -0.8437 0.0313
v -0.0625 -0.8437 -0.0937
v -0.0625 -1.2812 0.0313
v -0.0625 -1.2812 -0.0937
v 0.0625 -1.2812 -0.0937
v 0.0625 -1.2812 -0.1562
v -0.0625 -1.2812 -0.0937
v -0.0625 -1.2812 -0.1562
v 0.0625 -1.2187 -0.0937
v 0.0625 -1.2187 -0.1562
v -0.0625 -1.2187 -0.0937
v -0.0625 -1.2187 -0.1562
v 0.375 -0.9062 -0.0937
v 0.375 -0.9062 -0.1562
v 0.25 -0.9062 -0.0937
v 0.25 -0.9062 -0.1562
v 0.375 -0.8437 -0.0937
v 0.375 -0.8437 -0.1562
v 0.25 -0.8437 -0.0937
v 0.25 -0.8437 -0.1562
v 0.375 -0.9062 -0.0937
v 0.375 -0.9062 -0.1562
v 0.375 -0.9687 -0.0937
v 0.375 -0.9687 -0.1562
v 0.3125 -0.9062 -0.0937
v 0.3125 -0.9062 -0.1562
v 0.3125 -0.9687 -0.0937
v 0.3125 -0.9687 -0.1562
v 0.375 -1.1562 -0.0937
v 0.375 -1.1562 -0.1562
v 0.375 -1.2187 -0.0937
v 0.375 -1.2187 -0.1562
v 0.3125 -1.1562 -0.0937
v 0.3125 -1.1562 -0.1562
v 0.3125 -1.2187 -0.0937
v 0.3125 -1.2187 -0.1562
v 0.375 -1.2812 -0.0937
v 0.375 -1.2812 -0.1562
v 0.25 -1.2812 -0.0937
v 0.25 -1.2812 -0.1562
v 0.375 -1.2187 -0.0937
v 0.375 -1.2187 -0.1562
v 0.25 -1.2187 -0.0937
v 0.25 -1.2187 -0.1562
v 0 -1.1562 -0.0937
v 0 -1.1562 -0.1562
v 0 -1.2187 -0.0937
v 0 -1.2187 -0.1562
v -0.0625 -1.1562 -0.0937
v -0.0625 -1.1562 -0.1562
v -0.0625 -1.2187 -0.0937
v -0.0625 -1.2187 -0.1562
v 0.0625 -0.9062 -0.0937
v 0.0625 -0.9062 -0.1562
v -0.0625 -0.9062 -0.0937
v -0.0625 -0.9062 -0.1562
v 0.0625 -0.8437 -0.0937
v 0.0625 -0.8437 -0.1562
v -0.0625 -0.8437 -0.0937
v -0.0625 -0.8437 -0.1562
v 0 -0.9062 -0.0937
v 0 -0.9062 -0.1562
v 0 -0.9687 -0.0937
v 0 -0.9687 -0.1562
v -0.0625 -0.9062 -0.0937
v -0.0625 -0.9062 -0.1562
v -0.0625 -0.9687 -0.0937
v -0.0625 -0.9687 -0.1562
v 0.7175 -1.375 0.9825
v 1.0938 -0.75 1.9063
v 1.0938 -0.75 0.6563
v 1.0938 -1.6875 1.9063
v 1.0938 -1.6875 0.6563
v -0.1562 -0.75 1.9063
v -0.1562 -0.75 0.6563
v -0.1562 -1.6875 1.9063
v -0.1562 -1.6875 0.6563
v -0.1562 -1.25 1.9063
v -0.1562 -1.25 0.6563
v 1.0938 -1.25 0.6563
v 1.0938 -1.25 1.9063
v 0.4688 -1.25 1.9063
v 0.4688 -0.75 1.9063
v 0.4688 -0.75 0.6563
v 0.4688 -1.25 0.6563
v 0.4688 -1.6875 0.6563
v 0.4688 -1.6875 1.9063
v 0.4688 -0.75 1.2813
v 1.0938 -0.75 1.2813
v 1.0938 -1.25 1.2813
v 1.0938 -1.6875 1.2813
v -0.1562 -1.6875 1.2813
v -0.1562 -1.25 1.2813
v -0.1562 -0.75 1.2813
v 0.4063 -1.6875 1.9063
v 0.4063 -1.25 1.9063
v 0.4063 -0.75 1.9063
v 0.4063 -0.75 1.2813
v 0.4063 -0.75 0.6563
v 0.4063 -1.25 0.6563
v 0.4063 -1.6875 0.6563
v -0.0937 -1.875 0.6563
v 0.4063 -1.6875 0.7188
v 0.4063 -1.6875 0.6563
v 0.4063 -2 0.7188
v 0.4063 -2 0.6563
v -0.0937 -1.6875 0.7188
v -0.0937 -1.6875 0.6563
v -0.0937 -2 0.7188
v -0.0937 -2 0.6563
v 0.4063 -1.875 0.6563
v 0.4063 -1.875 0.7188
v -0.0937 -1.875 0.7188
v 0.1563 -1.875 0.6563
v 0.1563 -2 0.6563
v 0.1563 -2 0.7188
v 0.1563 -1.875 0.7188
v 0.1563 -1.6875 0.7188
v 0.1563 -1.6875 0.6563
v -0.0937 -1.6875 1.9063
v -0.0937 -1.6875 0.6563
v -0.0937 -2 1.9063
v -0.0937 -2 0.6563
v -0.1562 -1.6875 1.9063
v -0.1562 -1.6875 0.6563
v -0.1562 -2 1.9063
v -0.1562 -2 0.6563
v -0.1562 -1.875 1.9063
v -0.1562 -1.875 0.6563
v -0.0937 -1.875 0.6563
v -0.0937 -1.875 1.9063
v -0.1562 -1.875 1.2813
v -0.1562 -2 1.2813
v -0.0937 -2 1.2813
v -0.0937 -1.875 1.2813
v -0.0937 -1.6875 1.2813
v -0.1562 -1.6875 1.2813
v 1.0938 -1.6875 1.9063
v 1.0938 -1.6875 0.6563
v 1.0938 -2 1.9063
v 1.0938 -2 0.6563
v 0.4063 -1.6875 1.9063
v 0.4063 -1.6875 0.6563
v 0.4063 -2 1.9063
v 0.4063 -2 0.6563
v 0.4063 -1.875 0.6563
v 1.0938 -1.875 0.6563
v 1.0938 -1.875 1.9063
v 0.4063 -1.875 1.9063
v 0.7188 -1.875 0.6563
v 0.7188 -2 0.6563
v 0.7188 -2 1.9063
v 0.7188 -1.875 1.9063
v 0.7188 -1.6875 1.9063
v 0.7188 -1.6875 0.6563
v 0.7188 -2 1.2813
v 1.0938 -2 1.2813
v 1.0938 -1.875 1.2813
v 1.0938 -1.6875 1.2813
v 0.4063 -1.6875 1.2813
v 0.4063 -1.875 1.2813
v 0.4063 -2 1.2813
v 1.0313 -1.1875 1.2813
v 1.0313 -1.1875 1.2813
v 1.0313 -1.8125 1.2813
v 1.0313 -1.8125 1.2813
v 0.5313 -1.1875 1.2813
v 0.5313 -1.1875 1.2813
v 0.5313 -1.8125 1.2813
v 0.5313 -1.8125 1.2813
v 1.0306 -1.6869 1.2819
v 1.0306 -1.6869 0.6569
v 1.0306 -1.6869 1.2819
v 1.0306 -1.6869 0.6569
v 0.5306 -1.6869 1.2819
v 0.5306 -1.6869 0.6569
v 0.5306 -1.6869 1.2819
v 0.5306 -1.6869 0.6569
v 1.0925 -1.6875 1.2825
v 1.0925 -1.6875 0.6575
v 1.03 -1.1875 1.2825
v 1.03 -1.1875 0.6575
v 1.03 -1.6875 1.2825
v 1.03 -1.6875 0.6575
v 0.53 -1.1875 1.2825
v 0.53 -1.1875 0.6575
v 0.53 -1.6875 1.2825
v 0.53 -1.6875 0.6575
v 0.4675 -1.6875 1.2825
v 0.4675 -1.6875 0.6575
v 0.78 -1.375 1.2325
v 0.78 -1.375 0.9825
v 0.78 -1.6875 1.2325
v 0.78 -1.6875 0.9825
v 0.53 -1.375 1.2325
v 0.53 -1.375 0.9825
v 0.53 -1.6875 1.2325
v 0.53 -1.6875 0.9825
v 0.9675 -1.375 0.9825
v 0.9675 -1.375 0.7325
v 0.9675 -1.6875 0.9825
v 0.9675 -1.6875 0.7325
v 0.7175 -1.375 0.7325
v 0.7175 -1.6875 0.9825
v 0.7175 -1.6875 0.7325
v 1.0306 -1.1869 1.2819
v 1.0306 -1.1869 0.6569
v 1.0306 -1.1869 1.2819
v 1.0306 -1.1869 0.6569
v 0.5306 -1.1869 1.2819
v 0.5306 -1.1869 0.6569
v 0.5306 -1.1869 1.2819
v 0.5306 -1.1869 0.6569
v 0.9688 -0.8437 0.6563
v 0.9688 -0.8437 0.4063
v 0.9688 -1.2187 0.6563
v 0.9688 -1.2187 0.4063
v 0.5938 -0.8437 0.6563
v 0.5938 -0.8437 0.4063
v 0.5938 -1.2187 0.6563
v 0.5938 -1.2187 0.4063
v -0.0937 -1.875 1.8438
v 0.4063 -1.6875 1.9063
v 0.4063 -1.6875 1.8438
v 0.4063 -2 1.9063
v 0.4063 -2 1.8438
v -0.0937 -1.6875 1.9063
v -0.0937 -1.6875 1.8438
v -0.0937 -2 1.9063
v -0.0937 -2 1.8438
v 0.4063 -1.875 1.8438
v 0.4063 -1.875 1.9063
v -0.0937 -1.875 1.9063
v 0.1563 -1.875 1.8438
v 0.1563 -2 1.8438
v 0.1563 -2 1.9063
v 0.1563 -1.875 1.9063
v 0.1563 -1.6875 1.9063
v 0.1563 -1.6875 1.8438
v 0.2188 -0.5312 0.1875
v 0.2188 -0.5312 0.125
v 0.2188 -0.6562 0.1875
v 0.2188 -0.6562 0.125
v 0.0938 -0.5312 0.1875
v 0.0938 -0.5312 0.125
v 0.0938 -0.6562 0.1875
v 0.0938 -0.6562 0.125
v 0.25 -0.5 1.0313
v 0.25 -0.5 0.1563
v 0.25 -0.6875 1.0313
v 0.25 -0.6875 0.1563
v 0.0625 -0.5 1.0313
v 0.0625 -0.5 0.1563
v 0.0625 -0.6875 1.0313
v 0.0625 -0.6875 0.1563
v 0.1875 -0.4687 0.4688
v 0.1875 -0.4687 0.3438
v 0.1875 -0.7812 0.4688
v 0.1875 -0.7812 0.3438
v 0.125 -0.4687 0.4688
v 0.125 -0.4687 0.3438
v 0.125 -0.7812 0.4688
v 0.125 -0.7812 0.3438
v 0.1875 -0.4687 0.9063
v 0.1875 -0.4687 0.7813
v 0.1875 -0.7812 0.9063
v 0.1875 -0.7812 0.7813
v 0.125 -0.4687 0.9063
v 0.125 -0.4687 0.7813
v 0.125 -0.7812 0.9063
v 0.125 -0.7812 0.7813
vt 0.6875 0.7656
vt 0.6875 0.8125
vt 0.6406 0.8125
vt 0.6406 0.7656
vt 0.6875 0.7656
vt 0.6875 0.8125
vt 0.6719 0.8125
vt 0.6719 0.7656
vt 0.6875 0.7656
vt 0.6875 0.8125
vt 0.6719 0.8125
vt 0.6719 0.7656
vt 0.6875 0.7656
vt 0.6875 0.8125
vt 0.6719 0.8125
vt 0.6719 0.7656
vt 0.6875 0.7656
vt 0.6875 0.8125
vt 0.6719 0.8125
vt 0.6719 0.7656
vt 0.6875 0.7656
vt 0.6875 0.8125
vt 0.6406 0.8125
vt 0.6406 0.7656
vt 0.6875 0.7656
vt 0.6875 0.8125
vt 0.6719 0.8125
vt 0.6719 0.7656
vt 0.6875 0.7656
vt 0.6875 0.8125
vt 0.6719 0.8125
vt 0.6719 0.7656
vt 0.6875 0.7656
vt 0.6875 0.8125
vt 0.6719 0.8125
vt 0.6719 0.7656
vt 0.6875 0.7656
vt 0.6875 0.8125
vt 0.6719 0.8125
vt 0.6719 0.7656
vt 0.6875 0.7656
vt 0.6875 0.8125
vt 0.6719 0.8125
vt 0.6719 0.7656
vt 0.6875 0.7656
vt 0.6875 0.8125
vt 0.6719 0.8125
vt 0.6719 0.7656
vt 0.6875 0.7656
vt 0.6875 0.8125
vt 0.6719 0.8125
vt 0.6719 0.7656
vt 0.6875 0.7656
vt 0.6875 0.8125
vt 0.6719 0.8125
vt 0.6719 0.7656
vt 0.6875 0.7656
vt 0.6875 0.8125
vt 0.6719 0.8125
vt 0.6719 0.7656
vt 0.6875 0.7656
vt 0.6875 0.8125
vt 0.6719 0.8125
vt 0.6719 0.7656
vt 0.6875 0.7656
vt 0.6875 0.8125
vt 0.6719 0.8125
vt 0.6719 0.7656
vt 0.6875 0.7656
vt 0.6875 0.8125
vt 0.6719 0.8125
vt 0.6719 0.7656
vt 0.3438 0.25
vt 0.3438 0.125
vt 0.5 0.125
vt 0.5 0.25
vt 0 1
vt 0 0.875
vt 0.1563 0.875
vt 0.1563 1
vt 0 0.8438
vt 0.0781 0.8438
vt 0.0781 1
vt 0 1
vt 0 0
vt 0.0781 0
vt 0.0781 0.1563
vt 0 0.1563
vt 1 1
vt 0.9219 1
vt 0.9219 0.875
vt 1 0.875
vt 0.1563 0
vt 0.1563 0.1094
vt 0 0.1094
vt 0 0
vt 0.5 0.1094
vt 0.4219 0.1094
vt 0.4219 0
vt 0.5 0
vt 1 0.25
vt 1 0.3594
vt 0.8438 0.3594
vt 0.8438 0.25
vt 0.75 0.875
vt 0.8281 0.875
vt 0.8281 1
vt 0.75 1
vt 0.75 1
vt 0.6719 1
vt 0.6719 0.8438
vt 0.75 0.8438
vt 0.5 0.1563
vt 0.4219 0.1563
vt 0.4219 0
vt 0.5 0
vt 0 0
vt 0.0781 0
vt 0.0781 0.1094
vt 0 0.1094
vt 0.2188 0.6094
vt 0.1094 0.6094
vt 0.1094 0.6406
vt 0.2188 0.6406
vt 0.1094 0.6406
vt 0.2188 0.6406
vt 0.2188 0.6094
vt 0.1094 0.6094
vt 0.2188 0.6406
vt 0.2188 0.6094
vt 0.1094 0.6094
vt 0.1094 0.6406
vt 0.2188 0.6094
vt 0.2188 0.6406
vt 0.1094 0.6406
vt 0.1094 0.6094
vt 0.1094 0.5
vt 0.1094 0.6094
vt 0.2188 0.6094
vt 0.2188 0.5
vt 0.1094 0.5313
vt 0.1094 0.5625
vt 0.0938 0.5625
vt 0.0938 0.5313
vt 0.1094 0.5313
vt 0.1094 0.5625
vt 0.0938 0.5625
vt 0.0938 0.5313
vt 0.1094 0.5156
vt 0.1094 0.5313
vt 0.0938 0.5313
vt 0.0938 0.5156
vt 0.1094 0.5156
vt 0.1094 0.5313
vt 0.0938 0.5313
vt 0.0938 0.5156
vt 0.1094 0.5313
vt 0.1094 0.5625
vt 0.0938 0.5625
vt 0.0938 0.5313
vt 0.1094 0.5313
vt 0.1094 0.5625
vt 0.0938 0.5625
vt 0.0938 0.5313
vt 0.1094 0.5313
vt 0.1094 0.5625
vt 0.0938 0.5625
vt 0.0938 0.5313
vt 0.1094 0.5156
vt 0.1094 0.5313
vt 0.0938 0.5313
vt 0.0938 0.5156
vt 0.1094 0.5156
vt 0.1094 0.5313
vt 0.0938 0.5313
vt 0.0938 0.5156
vt 0.1094 0.5313
vt 0.1094 0.5625
vt 0.0938 0.5625
vt 0.0938 0.5313
vt 0.0313 0.5938
vt 0.0313 0.6094
vt 0.0469 0.6094
vt 0.0469 0.5938
vt 0 0.5938
vt 0 0.6094
vt 0.0156 0.6094
vt 0.0156 0.5938
vt 0.0938 0.6094
vt 0.0938 0.5938
vt 0.0781 0.5938
vt 0.0781 0.6094
vt 0.0469 0.5938
vt 0.0469 0.6094
vt 0.0313 0.6094
vt 0.0313 0.5938
vt 0.0156 0.5938
vt 0.0156 0.6094
vt 0.0313 0.6094
vt 0.0313 0.5938
vt 0.0313 0.5938
vt 0.0313 0.6094
vt 0.0469 0.6094
vt 0.0469 0.5938
vt 0 0.5938
vt 0 0.6094
vt 0.0156 0.6094
vt 0.0156 0.5938
vt 0.0938 0.6094
vt 0.0938 0.5938
vt 0.0781 0.5938
vt 0.0781 0.6094
vt 0.0469 0.5938
vt 0.0469 0.6094
vt 0.0313 0.6094
vt 0.0313 0.5938
vt 0.0156 0.5938
vt 0.0156 0.6094
vt 0.0313 0.6094
vt 0.0313 0.5938
vt 0.1094 0.5313
vt 0.1094 0.5625
vt 0.0938 0.5625
vt 0.0938 0.5313
vt 0.1094 0.5313
vt 0.1094 0.5625
vt 0.0938 0.5625
vt 0.0938 0.5313
vt 0.1094 0.5156
vt 0.1094 0.5313
vt 0.0938 0.5313
vt 0.0938 0.5156
vt 0.1094 0.5156
vt 0.1094 0.5313
vt 0.0938 0.5313
vt 0.0938 0.5156
vt 0.1094 0.5313
vt 0.1094 0.5625
vt 0.0938 0.5625
vt 0.0938 0.5313
vt 0.0313 0.5938
vt 0.0313 0.6094
vt 0.0469 0.6094
vt 0.0469 0.5938
vt 0 0.5938
vt 0 0.6094
vt 0.0156 0.6094
vt 0.0156 0.5938
vt 0.0938 0.6094
vt 0.0938 0.5938
vt 0.0781 0.5938
vt 0.0781 0.6094
vt 0.0469 0.5938
vt 0.0469 0.6094
vt 0.0313 0.6094
vt 0.0313 0.5938
vt 0.0156 0.5938
vt 0.0156 0.6094
vt 0.0313 0.6094
vt 0.0313 0.5938
vt 0.1094 0.5313
vt 0.1094 0.5625
vt 0.0938 0.5625
vt 0.0938 0.5313
vt 0.1094 0.5313
vt 0.1094 0.5625
vt 0.0938 0.5625
vt 0.0938 0.5313
vt 0.1094 0.5156
vt 0.1094 0.5313
vt 0.0938 0.5313
vt 0.0938 0.5156
vt 0.1094 0.5156
vt 0.1094 0.5313
vt 0.0938 0.5313
vt 0.0938 0.5156
vt 0.1094 0.5313
vt 0.1094 0.5625
vt 0.0938 0.5625
vt 0.0938 0.5313
vt 0.0313 0.5938
vt 0.0313 0.6094
vt 0.0469 0.6094
vt 0.0469 0.5938
vt 0 0.5938
vt 0 0.6094
vt 0.0156 0.6094
vt 0.0156 0.5938
vt 0.0938 0.6094
vt 0.0938 0.5938
vt 0.0781 0.5938
vt 0.0781 0.6094
vt 0.0469 0.5938
vt 0.0469 0.6094
vt 0.0313 0.6094
vt 0.0313 0.5938
vt 0.0156 0.5938
vt 0.0156 0.6094
vt 0.0313 0.6094
vt 0.0313 0.5938
vt 0 0.125
vt 0.1563 0.125
vt 0.1563 0.25
vt 0 0.25
vt 0.5 0.25
vt 0.3438 0.25
vt 0.3438 0.125
vt 0.5 0.125
vt 1 0.25
vt 1 0.4063
vt 0.8438 0.4063
vt 0.8438 0.25
vt 0.5 0.25
vt 0.3438 0.25
vt 0.3438 0.125
vt 0.5 0.125
vt 0 0.2969
vt 0.1563 0.2969
vt 0.1563 0.4219
vt 0 0.4219
vt 0.5 0.1094
vt 0.3438 0.1094
vt 0.3438 0
vt 0.5 0
vt 0 0.1719
vt 0.1563 0.1719
vt 0.1563 0.2813
vt 0 0.2813
vt 0 0.0625
vt 0.1563 0.0625
vt 0.1563 0.1719
vt 0 0.1719
vt 0.5 0.1875
vt 0.3438 0.1875
vt 0.3438 0.0781
vt 0.5 0.0781
vt 0.1563 0.25
vt 0.1406 0.25
vt 0.1406 0.125
vt 0.1563 0.125
vt 0.9063 0.4063
vt 0.8906 0.4063
vt 0.8906 0.25
vt 0.9063 0.25
vt 0.5781 0.875
vt 0.5938 0.875
vt 0.5938 1
vt 0.5781 1
vt 0.5781 0.375
vt 0.5938 0.375
vt 0.5938 0.4844
vt 0.5781 0.4844
vt 0.1719 0.1719
vt 0.1563 0.1719
vt 0.1563 0.0625
vt 0.1719 0.0625
vt 0.8438 1
vt 0.8438 0.8438
vt 1 0.8438
vt 1 1
vt 0.5 0.25
vt 0.3438 0.25
vt 0.3438 0.125
vt 0.5 0.125
vt 0.5 0.1875
vt 0.3438 0.1875
vt 0.3438 0.0781
vt 0.5 0.0781
vt 0.1875 0
vt 0.3438 0
vt 0.3438 0.1094
vt 0.1875 0.1094
vt 0.1875 0.125
vt 0.3438 0.125
vt 0.3438 0.25
vt 0.1875 0.25
vt 0.9063 0.5625
vt 0.8906 0.5625
vt 0.8906 0.4063
vt 0.9063 0.4063
vt 0 0
vt 0.1406 0
vt 0.1406 0.1094
vt 0 0.1094
vt 0 0.125
vt 0.1406 0.125
vt 0.1406 0.25
vt 0 0.25
vt 0.75 0.25
vt 0.8906 0.25
vt 0.8906 0.4063
vt 0.75 0.4063
vt 0.75 0.4063
vt 0.8906 0.4063
vt 0.8906 0.5625
vt 0.75 0.5625
vt 1 1
vt 0.9375 1
vt 0.9375 0.9844
vt 1 0.9844
vt 0.9531 1
vt 0.8906 1
vt 0.8906 0.9531
vt 0.9531 0.9531
vt 0.875 0.9531
vt 0.9375 0.9531
vt 0.9375 1
vt 0.875 1
vt 0.8125 0.25
vt 0.875 0.25
vt 0.875 0.2813
vt 0.8125 0.2813
vt 0.9688 0.2813
vt 0.9063 0.2813
vt 0.9063 0.25
vt 0.9688 0.25
vt 1 0.2813
vt 0.9375 0.2813
vt 0.9375 0.25
vt 1 0.25
vt 0.9063 0.25
vt 0.9688 0.25
vt 0.9688 0.2656
vt 0.9063 0.2656
vt 0.75 0.25
vt 0.8125 0.25
vt 0.8125 0.2813
vt 0.75 0.2813
vt 0.75 0.9531
vt 0.8125 0.9531
vt 0.8125 1
vt 0.75 1
vt 1 1
vt 0.9375 1
vt 0.9375 0.9531
vt 1 0.9531
vt 1 0.5469
vt 0.8438 0.5469
vt 0.8438 0.5
vt 1 0.5
vt 0.5938 0.5
vt 0.75 0.5
vt 0.75 0.5469
vt 0.5938 0.5469
vt 1 0.3438
vt 1 0.5
vt 0.9844 0.5
vt 0.9844 0.3438
vt 0.9844 0.4219
vt 0.9844 0.375
vt 1 0.375
vt 1 0.4219
vt 0.9844 0.4688
vt 0.9844 0.4219
vt 1 0.4219
vt 1 0.4688
vt 0.5938 0.25
vt 0.75 0.25
vt 0.75 0.2813
vt 0.5938 0.2813
vt 1 0.3125
vt 1 0.3438
vt 0.9844 0.3438
vt 0.9844 0.3125
vt 1 0.2813
vt 0.8438 0.2813
vt 0.8438 0.25
vt 1 0.25
vt 1 0.3125
vt 1 0.3438
vt 0.9844 0.3438
vt 0.9844 0.3125
vt 1 0.2813
vt 0.8438 0.2813
vt 0.8438 0.25
vt 1 0.25
vt 0.9844 0.4063
vt 0.9844 0.25
vt 1 0.25
vt 1 0.4063
vt 0.5938 0.25
vt 0.75 0.25
vt 0.75 0.2813
vt 0.5938 0.2813
vt 0.5938 0.5
vt 0.75 0.5
vt 0.75 0.5469
vt 0.5938 0.5469
vt 1 0.5469
vt 0.8438 0.5469
vt 0.8438 0.5
vt 1 0.5
vt 0.5 0.0781
vt 0.3438 0.0781
vt 0.3438 0.0313
vt 0.5 0.0313
vt 0.6875 0.5781
vt 0.8438 0.5781
vt 0.8438 0.625
vt 0.6875 0.625
vt 1 0.25
vt 1 0.4063
vt 0.9063 0.4063
vt 0.9063 0.25
vt 0.5 0.0781
vt 0.4063 0.0781
vt 0.4063 0.0313
vt 0.5 0.0313
vt 0.75 0.9219
vt 0.8438 0.9219
vt 0.8438 0.9688
vt 0.75 0.9688
vt 0.75 0.25
vt 0.8438 0.25
vt 0.8438 0.2813
vt 0.75 0.2813
vt 0.5 0.0313
vt 0.3438 0.0313
vt 0.3438 0
vt 0.5 0
vt 0.5 0.0313
vt 0.4063 0.0313
vt 0.4063 0
vt 0.5 0
vt 0.6875 0.5469
vt 0.8438 0.5469
vt 0.8438 0.5781
vt 0.6875 0.5781
vt 0.9688 0.2813
vt 0.8906 0.2813
vt 0.8906 0.25
vt 0.9688 0.25
vt 0.8281 0.25
vt 0.8281 0.4063
vt 0.75 0.4063
vt 0.75 0.25
vt 0 0
vt 0.0781 0
vt 0.0781 0.0313
vt 0 0.0313
vt 0 0.0313
vt 0.0781 0.0313
vt 0.0781 0.0781
vt 0 0.0781
vt 0.9688 0.9531
vt 0.8906 0.9531
vt 0.8906 0.9063
vt 0.9688 0.9063
vt 0.9063 1
vt 0.9063 0.8438
vt 1 0.8438
vt 1 1
vt 0 0
vt 0.1563 0
vt 0.1563 0.0313
vt 0 0.0313
vt 0 0.0313
vt 0.1563 0.0313
vt 0.1563 0.0781
vt 0 0.0781
vt 1 0.625
vt 0.8438 0.625
vt 0.8438 0.5781
vt 1 0.5781
vt 1 0.5781
vt 0.8438 0.5781
vt 0.8438 0.5469
vt 1 0.5469
vt 0 1
vt 0 0.8438
vt 0.0781 0.8438
vt 0.0781 1
vt 0.6875 0.7188
vt 0.6875 0.7188
vt 0.6875 0.5625
vt 0.6875 0.5625
vt 0.5625 0.7188
vt 0.5625 0.7188
vt 0.5625 0.5625
vt 0.5625 0.5625
vt 0.6875 0.7188
vt 0.5625 0.7188
vt 0.6875 0.7188
vt 0.5625 0.7188
vt 0.8125 0.7188
vt 0.6875 0.7188
vt 0.8125 0.7188
vt 0.6875 0.7188
vt 0.3281 0.3125
vt 0.3281 0.4688
vt 0.4531 0.4688
vt 0.4531 0.3125
vt 1 0.7813
vt 1 0.7813
vt 1 0.7813
vt 1 0.7813
vt 0.7344 0.7813
vt 0.8906 0.7813
vt 0.7344 0.7813
vt 0.8906 0.7813
vt 0.4531 0.3125
vt 0.4531 0.4688
vt 0.3281 0.4688
vt 0.3281 0.3125
vt 1 0.7813
vt 1 0.7813
vt 1 0.7813
vt 1 0.7813
vt 0.8906 0.7813
vt 0.8906 0.7813
vt 1 0.7813
vt 1 0.7813
vt 0.3125 0.4375
vt 0.3125 0.3125
vt 0.1563 0.3125
vt 0.1563 0.4375
vt 0.4063 0.7188
vt 0.4063 0.875
vt 0.3906 0.875
vt 0.3906 0.7188
vt 0.1719 0.3125
vt 0.1719 0.4375
vt 0.3281 0.4375
vt 0.3281 0.3125
vt 0.4063 0.7188
vt 0.4063 0.875
vt 0.3906 0.875
vt 0.3906 0.7188
vt 0.3906 0.1719
vt 0.3906 0.25
vt 0.4531 0.25
vt 0.4531 0.1719
vt 0.4531 0.3125
vt 0.4531 0.25
vt 0.3906 0.25
vt 0.3906 0.3125
vt 0.3906 0.1719
vt 0.3906 0.25
vt 0.4531 0.25
vt 0.4531 0.1719
vt 0.3906 0.1719
vt 0.3906 0.25
vt 0.4531 0.25
vt 0.4531 0.1719
vt 0.3906 0.1719
vt 0.3906 0.25
vt 0.4531 0.25
vt 0.4531 0.1719
vt 0.3906 0.1719
vt 0.3906 0.25
vt 0.4531 0.25
vt 0.4531 0.1719
vt 0.4531 0.3125
vt 0.4531 0.25
vt 0.3906 0.25
vt 0.3906 0.3125
vt 0.3906 0.1719
vt 0.3906 0.25
vt 0.4531 0.25
vt 0.4531 0.1719
vt 0.3906 0.1719
vt 0.3906 0.25
vt 0.4531 0.25
vt 0.4531 0.1719
vt 1 0.7813
vt 1 0.7813
vt 1 0.7813
vt 1 0.7813
vt 0.7344 0.7813
vt 0.8906 0.7813
vt 0.7344 0.7813
vt 0.8906 0.7813
vt 0.4531 0.3125
vt 0.4531 0.4688
vt 0.3281 0.4688
vt 0.3281 0.3125
vt 1 0.7813
vt 1 0.7813
vt 1 0.7813
vt 1 0.7813
vt 0.8906 0.7813
vt 0.8906 0.7813
vt 1 0.7813
vt 1 0.7813
vt 0.8125 0.7344
vt 0.8125 0.6406
vt 0.75 0.6406
vt 0.75 0.7344
vt 0.75 0.6406
vt 0.75 0.7344
vt 0.8125 0.7344
vt 0.8125 0.6406
vt 0.75 0.7344
vt 0.8125 0.7344
vt 0.8125 0.6406
vt 0.75 0.6406
vt 0.8125 0.7344
vt 0.75 0.7344
vt 0.75 0.6406
vt 0.8125 0.6406
vt 0.8125 0.6406
vt 0.8125 0.7344
vt 0.9063 0.7344
vt 0.9063 0.6406
vt 1 1
vt 0.9375 1
vt 0.9375 0.9844
vt 1 0.9844
vt 0.9531 1
vt 0.8906 1
vt 0.8906 0.9531
vt 0.9531 0.9531
vt 0.875 0.9531
vt 0.9375 0.9531
vt 0.9375 1
vt 0.875 1
vt 0.8125 0.25
vt 0.875 0.25
vt 0.875 0.2813
vt 0.8125 0.2813
vt 0.9688 0.2813
vt 0.9063 0.2813
vt 0.9063 0.25
vt 0.9688 0.25
vt 1 0.2813
vt 0.9375 0.2813
vt 0.9375 0.25
vt 1 0.25
vt 0.9063 0.25
vt 0.9688 0.25
vt 0.9688 0.2656
vt 0.9063 0.2656
vt 0.75 0.25
vt 0.8125 0.25
vt 0.8125 0.2813
vt 0.75 0.2813
vt 0.75 0.9531
vt 0.8125 0.9531
vt 0.8125 1
vt 0.75 1
vt 1 1
vt 0.9375 1
vt 0.9375 0.9531
vt 1 0.9531
vt 0 1
vt 0 1
vt 0 1
vt 0 1
vt 0 1
vt 0 1
vt 0 1
vt 0 1
vt 0 1
vt 0 1
vt 0 1
vt 0 1
vt 0 1
vt 0 1
vt 0 1
vt 0 1
vt 0.7656 0.5469
vt 0.7656 0.25
vt 0.8906 0.2344
vt 0.8906 0.5313
vt 0.7344 0.6406
vt 0.7344 0.6719
vt 0.75 0.6719
vt 0.75 0.6406
vt 0.7188 0.6406
vt 0.7188 0.6719
vt 0.7344 0.6719
vt 0.7344 0.6406
vt 0.75 0.6719
vt 0.75 0.6563
vt 0.7188 0.6563
vt 0.7188 0.6719
vt 0.75 0.6406
vt 0.75 0.6563
vt 0.7188 0.6563
vt 0.7188 0.6406
vt 0.7188 0.6406
vt 0.7188 0.6719
vt 0.75 0.6719
vt 0.75 0.6406
vt 0.6406 0.5469
vt 0.6875 0.5469
vt 0.6875 0.7656
vt 0.6406 0.7656
vt 0.6875 0.7656
vt 0.6406 0.7656
vt 0.6406 0.5469
vt 0.6875 0.5469
vt 0.6875 0.5469
vt 0.6875 0.7656
vt 0.6406 0.7656
vt 0.6406 0.5469
vt 0.6406 0.7656
vt 0.6406 0.5469
vt 0.6875 0.5469
vt 0.6875 0.7656
vt 0.6875 0.7656
vt 0.6875 0.8125
vt 0.6406 0.8125
vt 0.6406 0.7656
vt 0.6406 0.7656
vt 0.6875 0.7656
vt 0.6875 0.8125
vt 0.6406 0.8125
vt 0.25 0.0781
vt 0.25 0.1563
vt 0.2188 0.1563
vt 0.2188 0.0781
vt 0.25 0.0781
vt 0.25 0.1563
vt 0.2188 0.1563
vt 0.2188 0.0781
vt 0.25 0.1563
vt 0.25 0.1875
vt 0.2344 0.1875
vt 0.2344 0.1563
vt 0.25 0.0781
vt 0.25 0.1563
vt 0.2344 0.1563
vt 0.2344 0.0781
vt 0.25 0.0781
vt 0.25 0.1563
vt 0.2344 0.1563
vt 0.2344 0.0781
vt 0.25 0.0781
vt 0.25 0.1563
vt 0.2188 0.1563
vt 0.2188 0.0781
vt 0.25 0.0781
vt 0.25 0.1563
vt 0.2188 0.1563
vt 0.2188 0.0781
vt 0.25 0.1563
vt 0.25 0.1875
vt 0.2344 0.1875
vt 0.2344 0.1563
vt 0.25 0.0781
vt 0.25 0.1563
vt 0.2344 0.1563
vt 0.2344 0.0781
vt 0.25 0.0781
vt 0.25 0.1563
vt 0.2344 0.1563
vt 0.2344 0.0781
vn 1 0 0
vn 0 1 0
vn 0 -1 0
vn 0 0 1
vn 0 0 -1
vn -1 0 0
vn 0 1 0
vn 0 -1 0
vn 0 0 1
vn 0 0 -1
vn 0 1 0
vn 0 -1 0
vn 0 0 1
vn 0 0 -1
vn 0 1 0
vn 0 -1 0
vn 0 0 1
vn 0 0 -1
vn 1 0 0
vn -1 0 0
vn 0 1 0
vn 0 -1 0
vn 0 0 -1
vn -1 0 0
vn 0 0 -1
vn 1 0 0
vn 0 0 -1
vn 0 1 0
vn 0 -1 0
vn 0 0 -1
vn 1 0 0
vn -1 0 0
vn 0 1 0
vn 0 -1 0
vn 0 0 -1
vn 0 -1 0
vn 0 1 0
vn 1 0 0
vn -1 0 0
vn 0 0 -1
vn 0 -1 0
vn 0 1 0
vn 1 0 0
vn -1 0 0
vn 0 0 -1
vn 1 0 0
vn -1 0 0
vn 0 1 0
vn 0 -1 0
vn 0 0 -1
vn 1 0 0
vn -1 0 0
vn 0 1 0
vn 0 -1 0
vn 0 0 -1
vn 0 -1 0
vn 0 1 0
vn 1 0 0
vn -1 0 0
vn 0 0 -1
vn 1 0 0
vn -1 0 0
vn 0 1 0
vn 0 -1 0
vn 0 0 -1
vn 0 -1 0
vn 0 1 0
vn 1 0 0
vn -1 0 0
vn 0 0 -1
vn 1 0 0
vn -1 0 0
vn 0 1 0
vn 0 -1 0
vn 0 0 -1
vn 1 0 0
vn -1 0 0
vn 0 1 0
vn 0 0 1
vn 0 0 -1
vn -1 0 0
vn 0 0 -1
vn 1 0 0
vn 0 0 1
vn 0 0 1
vn 0 1 0
vn 0 0 -1
vn 0 0 -1
vn 0 0 1
vn 0 1 0
vn 1 0 0
vn 1 0 0
vn -1 0 0
vn -1 0 0
vn 0 1 0
vn 0 0 1
vn 0 0 1
vn 0 1 0
vn 0 1 0
vn 0 -1 0
vn 0 0 1
vn 0 0 -1
vn 0 0 -1
vn 0 0 1
vn 0 0 -1
vn 0 -1 0
vn 0 0 1
vn 0 0 1
vn 0 0 -1
vn 1 0 0
vn -1 0 0
vn 0 -1 0
vn 0 0 1
vn 0 0 -1
vn -1 0 0
vn 0 0 -1
vn 1 0 0
vn 0 0 1
vn -1 0 0
vn 0 -1 0
vn 1 0 0
vn 1 0 0
vn -1 0 0
vn 1 0 0
vn -1 0 0
vn 0 -1 0
vn 0 0 1
vn 0 0 -1
vn 0 0 -1
vn 1 0 0
vn 0 0 1
vn -1 0 0
vn 0 0 -1
vn 0 -1 0
vn 0 0 1
vn 0 0 1
vn 0 0 -1
vn 0 -1 0
vn 1 0 0
vn 1 0 0
vn -1 0 0
vn -1 0 0
vn 0 -1 0
vn 0 0 0
vn 0 0 0
vn 0 0 0
vn 0 0 0
vn 0 0 -1
vn 0 0 0
vn 0 0 0
vn 0 -1 0
vn 0 0 0
vn 0 0 0
vn -1 0 0
vn 0 -1 0
vn 1 0 0
vn 0 -1 0
vn 1 0 0
vn 0 1 0
vn 0 0 1
vn 0 0 -1
vn 1 0 0
vn -1 0 0
vn 0 1 0
vn 0 0 1
vn 0 0 -1
vn 0 0 0
vn 0 0 0
vn 0 -1 0
vn 0 0 0
vn 0 0 0
vn 1 0 0
vn -1 0 0
vn 0 1 0
vn 0 -1 0
vn 0 0 -1
vn 0 -1 0
vn 0 0 1
vn 0 0 -1
vn 0 0 -1
vn 0 0 1
vn 0 0 -1
vn 0 -1 0
vn 0 0 1
vn 0 0 1
vn 0 0 -1
vn 0 0 0
vn 0 1 0
vn 0 0 0
vn 0 1 0
vn 0 1 0
vn 1 0 0
vn -1 0 0
vn 0 1 0
vn 0 -1 0
vn 0 0 -1
vn 1 0 0
vn -1 0 0
vn 0 1 0
vn 0 -1 0
vn 0 0 1
vn 0 0 -1
vn 1 0 0
vn -1 0 0
vn 0 1 0
vn 0 0 1
vn 0 0 -1
vn 1 0 0
vn -1 0 0
vn 0 1 0
vn 0 0 1
vn 0 0 -1
usemtl infrared_observer
f 548/1293/324 546/1294/324 545/1295/324
f 548/1293/324 545/1295/324 547/1296/324
f 545/1297/325 546/1298/325 550/1299/325
f 545/1297/325 550/1299/325 549/1300/325
f 548/1301/326 547/1302/326 551/1303/326
f 548/1301/326 551/1303/326 552/1304/326
f 547/1305/327 545/1306/327 549/1307/327
f 547/1305/327 549/1307/327 551/1308/327
f 552/1309/328 550/1310/328 546/1311/328
f 552/1309/328 546/1311/328 548/1312/328
f 559/1313/329 557/1314/329 558/1315/329
f 559/1313/329 558/1315/329 560/1316/329
f 553/1317/330 554/1318/330 558/1319/330
f 553/1317/330 558/1319/330 557/1320/330
f 556/1321/331 555/1322/331 559/1323/331
f 556/1321/331 559/1323/331 560/1324/331
f 555/1325/332 553/1326/332 557/1327/332
f 555/1325/332 557/1327/332 559/1328/332
f 560/1329/333 558/1330/333 554/1331/333
f 560/1329/333 554/1331/333 556/1332/333
f 561/1333/334 562/1334/334 566/1335/334
f 561/1333/334 566/1335/334 565/1336/334
f 564/1337/335 563/1338/335 567/1339/335
f 564/1337/335 567/1339/335 568/1340/335
f 563/1341/336 561/1342/336 565/1343/336
f 563/1341/336 565/1343/336 567/1344/336
f 568/1345/337 566/1346/337 562/1347/337
f 568/1345/337 562/1347/337 564/1348/337
f 569/1349/338 570/1350/338 574/1351/338
f 569/1349/338 574/1351/338 573/1352/338
f 572/1353/339 571/1354/339 575/1355/339
f 572/1353/339 575/1355/339 576/1356/339
f 571/1357/340 569/1358/340 573/1359/340
f 571/1357/340 573/1359/340 575/1360/340
f 576/1361/341 574/1362/341 570/1363/341
f 576/1361/341 570/1363/341 572/1364/341
usemtl common_rough_steel
f 577/1365/342 588/1366/342 587/1367/342
f 577/1365/342 587/1367/342 578/1368/342
f 582/1369/343 586/1370/343 585/1371/343
f 582/1369/343 585/1371/343 581/1372/343
f 581/1373/344 591/1374/344 590/1375/344
f 581/1373/344 590/1375/344 582/1376/344
f 584/1377/345 593/1378/345 592/1379/345
f 584/1377/345 592/1379/345 583/1380/345
usemtl common_steel
f 582/1381/346 590/1382/346 589/1383/346
f 582/1381/346 589/1383/346 586/1384/346
usemtl common_rough_steel
f 583/1385/347 585/1386/347 586/1387/347
f 583/1385/347 586/1387/347 584/1388/347
usemtl common_steel
f 586/1389/348 589/1390/348 593/1391/348
f 586/1389/348 593/1391/348 584/1392/348
f 580/1393/349 587/1394/349 588/1395/349
f 580/1393/349 588/1395/349 579/1396/349
f 587/1397/350 589/1398/350 590/1399/350
f 587/1397/350 590/1399/350 578/1400/350
usemtl common_rough_steel
f 578/1401/351 590/1402/351 591/1403/351
f 578/1401/351 591/1403/351 577/1404/351
usemtl common_steel
f 579/1405/352 592/1406/352 593/1407/352
f 579/1405/352 593/1407/352 580/1408/352
f 580/1409/353 593/1410/353 589/1411/353
f 580/1409/353 589/1411/353 587/1412/353
usemtl infrared_observer
f 597/1413/354 595/1414/354 594/1415/354
f 597/1413/354 594/1415/354 596/1416/354
f 600/1417/355 598/1418/355 599/1419/355
f 600/1417/355 599/1419/355 601/1420/355
f 594/1421/356 595/1422/356 599/1423/356
f 594/1421/356 599/1423/356 598/1424/356
f 597/1425/357 596/1426/357 600/1427/357
f 597/1425/357 600/1427/357 601/1428/357
f 601/1429/358 599/1430/358 595/1431/358
f 601/1429/358 595/1431/358 597/1432/358
f 605/1433/359 603/1434/359 602/1435/359
f 605/1433/359 602/1435/359 604/1436/359
f 608/1437/360 606/1438/360 607/1439/360
f 608/1437/360 607/1439/360 609/1440/360
f 602/1441/361 603/1442/361 607/1443/361
f 602/1441/361 607/1443/361 606/1444/361
f 605/1445/362 604/1446/362 608/1447/362
f 605/1445/362 608/1447/362 609/1448/362
f 609/1449/363 607/1450/363 603/1451/363
f 609/1449/363 603/1451/363 605/1452/363
f 613/1453/364 611/1454/364 610/1455/364
f 613/1453/364 610/1455/364 612/1456/364
f 616/1457/365 614/1458/365 615/1459/365
f 616/1457/365 615/1459/365 617/1460/365
f 610/1461/366 611/1462/366 615/1463/366
f 610/1461/366 615/1463/366 614/1464/366
f 613/1465/367 612/1466/367 616/1467/367
f 613/1465/367 616/1467/367 617/1468/367
f 617/1469/368 615/1470/368 611/1471/368
f 617/1469/368 611/1471/368 613/1472/368
f 621/1473/369 619/1474/369 618/1475/369
f 621/1473/369 618/1475/369 620/1476/369
f 624/1477/370 622/1478/370 623/1479/370
f 624/1477/370 623/1479/370 625/1480/370
f 618/1481/371 619/1482/371 623/1483/371
f 618/1481/371 623/1483/371 622/1484/371
f 621/1485/372 620/1486/372 624/1487/372
f 621/1485/372 624/1487/372 625/1488/372
f 625/1489/373 623/1490/373 619/1491/373
f 625/1489/373 619/1491/373 621/1492/373
f 629/1493/374 627/1494/374 626/1495/374
f 629/1493/374 626/1495/374 628/1496/374
f 632/1497/375 630/1498/375 631/1499/375
f 632/1497/375 631/1499/375 633/1500/375
f 626/1501/376 627/1502/376 631/1503/376
f 626/1501/376 631/1503/376 630/1504/376
f 629/1505/377 628/1506/377 632/1507/377
f 629/1505/377 632/1507/377 633/1508/377
f 633/1509/378 631/1510/378 627/1511/378
f 633/1509/378 627/1511/378 629/1512/378
f 637/1513/379 635/1514/379 634/1515/379
f 637/1513/379 634/1515/379 636/1516/379
f 640/1517/380 638/1518/380 639/1519/380
f 640/1517/380 639/1519/380 641/1520/380
f 634/1521/381 635/1522/381 639/1523/381
f 634/1521/381 639/1523/381 638/1524/381
f 637/1525/382 636/1526/382 640/1527/382
f 637/1525/382 640/1527/382 641/1528/382
f 641/1529/383 639/1530/383 635/1531/383
f 641/1529/383 635/1531/383 637/1532/383
f 645/1533/384 643/1534/384 642/1535/384
f 645/1533/384 642/1535/384 644/1536/384
f 648/1537/385 646/1538/385 647/1539/385
f 648/1537/385 647/1539/385 649/1540/385
f 642/1541/386 643/1542/386 647/1543/386
f 642/1541/386 647/1543/386 646/1544/386
f 645/1545/387 644/1546/387 648/1547/387
f 645/1545/387 648/1547/387 649/1548/387
f 649/1549/388 647/1550/388 643/1551/388
f 649/1549/388 643/1551/388 645/1552/388
f 653/1553/389 651/1554/389 650/1555/389
f 653/1553/389 650/1555/389 652/1556/389
f 656/1557/390 654/1558/390 655/1559/390
f 656/1557/390 655/1559/390 657/1560/390
f 650/1561/391 651/1562/391 655/1563/391
f 650/1561/391 655/1563/391 654/1564/391
f 653/1565/392 652/1566/392 656/1567/392
f 653/1565/392 656/1567/392 657/1568/392
f 657/1569/393 655/1570/393 651/1571/393
f 657/1569/393 651/1571/393 653/1572/393
f 661/1573/394 659/1574/394 658/1575/394
f 661/1573/394 658/1575/394 660/1576/394
f 664/1577/395 662/1578/395 663/1579/395
f 664/1577/395 663/1579/395 665/1580/395
f 658/1581/396 659/1582/396 663/1583/396
f 658/1581/396 663/1583/396 662/1584/396
f 661/1585/397 660/1586/397 664/1587/397
f 661/1585/397 664/1587/397 665/1588/397
f 665/1589/398 663/1590/398 659/1591/398
f 665/1589/398 659/1591/398 661/1592/398
usemtl common_steel
f 678/1593/399 687/1594/399 686/1595/399
f 678/1593/399 686/1595/399 667/1596/399
f 671/1597/400 691/1598/400 690/1599/400
f 671/1597/400 690/1599/400 675/1600/400
f 667/1601/401 686/1602/401 685/1603/401
f 667/1601/401 685/1603/401 680/1604/401
f 667/1605/402 680/1606/402 679/1607/402
f 667/1605/402 679/1607/402 678/1608/402
usemtl infrared_observer
f 677/1609/403 682/1610/403 681/1611/403
f 677/1609/403 681/1611/403 668/1612/403
usemtl common_steel
f 675/1613/404 690/1614/404 689/1615/404
f 675/1613/404 689/1615/404 673/1616/404
usemtl infrared_observer
f 670/1617/405 683/1618/405 682/1619/405
f 670/1617/405 682/1619/405 677/1620/405
usemtl common_steel
f 669/1621/406 688/1622/406 687/1623/406
f 669/1621/406 687/1623/406 678/1624/406
f 678/1625/407 679/1626/407 684/1627/407
f 678/1625/407 684/1627/407 669/1628/407
f 680/1629/408 694/1630/408 693/1631/408
f 680/1629/408 693/1631/408 679/1632/408
f 685/1633/409 695/1634/409 694/1635/409
f 685/1633/409 694/1635/409 680/1636/409
f 682/1637/410 697/1638/410 696/1639/410
f 682/1637/410 696/1639/410 681/1640/410
f 683/1641/411 698/1642/411 697/1643/411
f 683/1641/411 697/1643/411 682/1644/411
f 679/1645/412 693/1646/412 692/1647/412
f 679/1645/412 692/1647/412 684/1648/412
f 681/1649/413 685/1650/413 686/1651/413
f 681/1649/413 686/1651/413 668/1652/413
usemtl common_rough_steel
f 668/1653/414 686/1654/414 687/1655/414
f 668/1653/414 687/1655/414 677/1656/414
usemtl common_steel
f 677/1657/415 687/1658/415 688/1659/415
f 677/1657/415 688/1659/415 670/1660/415
f 674/1661/416 689/1662/416 690/1663/416
f 674/1661/416 690/1663/416 676/1664/416
f 676/1665/417 690/1666/417 691/1667/417
f 676/1665/417 691/1667/417 672/1668/417
f 681/1669/418 696/1670/418 695/1671/418
f 681/1669/418 695/1671/418 685/1672/418
f 673/1673/419 692/1674/419 693/1675/419
f 673/1673/419 693/1675/419 675/1676/419
f 675/1677/420 693/1678/420 694/1679/420
f 675/1677/420 694/1679/420 671/1680/420
f 671/1681/421 694/1682/421 695/1683/421
f 671/1681/421 695/1683/421 691/1684/421
f 691/1685/422 695/1686/422 696/1687/422
f 691/1685/422 696/1687/422 672/1688/422
usemtl common_rough_steel
f 702/1689/423 713/1690/423 712/1691/423
f 702/1689/423 712/1691/423 703/1692/423
f 700/1693/424 715/1694/424 714/1695/424
f 700/1693/424 714/1695/424 709/1696/424
f 708/1697/425 711/1698/425 716/1699/425
f 708/1697/425 716/1699/425 701/1700/425
f 703/1701/426 712/1702/426 711/1703/426
f 703/1701/426 711/1703/426 708/1704/426
f 709/1705/427 714/1706/427 713/1707/427
f 709/1705/427 713/1707/427 702/1708/427
f 699/1709/428 711/1710/428 712/1711/428
f 699/1709/428 712/1711/428 707/1712/428
f 707/1713/429 712/1714/429 713/1715/429
f 707/1713/429 713/1715/429 706/1716/429
f 706/1717/430 713/1718/430 714/1719/430
f 706/1717/430 714/1719/430 710/1720/430
f 710/1721/431 714/1722/431 715/1723/431
f 710/1721/431 715/1723/431 704/1724/431
f 705/1725/432 716/1726/432 711/1727/432
f 705/1725/432 711/1727/432 699/1728/432
usemtl infrared_observer
f 718/1729/433 733/1730/433 732/1731/433
f 718/1729/433 732/1731/433 727/1732/433
f 726/1733/434 729/1734/434 734/1735/434
f 726/1733/434 734/1735/434 722/1736/434
f 720/1737/435 731/1738/435 730/1739/435
f 720/1737/435 730/1739/435 724/1740/435
f 721/1741/436 725/1742/436 728/1743/436
f 721/1741/436 728/1743/436 717/1744/436
f 718/1745/437 727/1746/437 726/1747/437
f 718/1745/437 726/1747/437 722/1748/437
f 724/1749/438 730/1750/438 729/1751/438
f 724/1749/438 729/1751/438 726/1752/438
f 724/1753/439 726/1754/439 727/1755/439
f 724/1753/439 727/1755/439 720/1756/439
f 727/1757/440 732/1758/440 731/1759/440
f 727/1757/440 731/1759/440 720/1760/440
f 719/1761/441 728/1762/441 725/1763/441
f 719/1761/441 725/1763/441 723/1764/441
f 725/1765/442 729/1766/442 730/1767/442
f 725/1765/442 730/1767/442 723/1768/442
f 723/1769/443 730/1770/443 731/1771/443
f 723/1769/443 731/1771/443 719/1772/443
f 719/1773/444 731/1774/444 732/1775/444
f 719/1773/444 732/1775/444 728/1776/444
f 728/1777/445 732/1778/445 733/1779/445
f 728/1777/445 733/1779/445 717/1780/445
f 721/1781/446 734/1782/446 729/1783/446
f 721/1781/446 729/1783/446 725/1784/446
usemtl common_steel
f 736/1785/447 756/1786/447 755/1787/447
f 736/1785/447 755/1787/447 744/1788/447
usemtl infrared_observer
f 743/1789/448 758/1790/448 757/1791/448
f 743/1789/448 757/1791/448 740/1792/448
usemtl common_steel
f 738/1793/449 754/1794/449 753/1795/449
f 738/1793/449 753/1795/449 748/1796/449
f 735/1797/450 751/1798/450 750/1799/450
f 735/1797/450 750/1799/450 745/1800/450
usemtl common_rough_steel
f 744/1801/451 747/1802/451 752/1803/451
f 744/1801/451 752/1803/451 736/1804/451
f 738/1805/452 748/1806/452 747/1807/452
f 738/1805/452 747/1807/452 744/1808/452
usemtl common_steel
f 744/1809/453 755/1810/453 754/1811/453
f 744/1809/453 754/1811/453 738/1812/453
f 745/1813/454 750/1814/454 749/1815/454
f 745/1813/454 749/1815/454 737/1816/454
usemtl infrared_observer
f 742/1817/455 759/1818/455 758/1819/455
f 742/1817/455 758/1819/455 743/1820/455
usemtl common_rough_steel
f 743/1821/456 747/1822/456 748/1823/456
f 743/1821/456 748/1823/456 742/1824/456
usemtl common_steel
f 748/1825/457 753/1826/457 759/1827/457
f 748/1825/457 759/1827/457 742/1828/457
f 741/1829/458 749/1830/458 750/1831/458
f 741/1829/458 750/1831/458 746/1832/458
f 746/1833/459 750/1834/459 751/1835/459
f 746/1833/459 751/1835/459 739/1836/459
usemtl common_rough_steel
f 740/1837/460 752/1838/460 747/1839/460
f 740/1837/460 747/1839/460 743/1840/460
usemtl common_steel
f 749/1841/461 753/1842/461 754/1843/461
f 749/1841/461 754/1843/461 737/1844/461
usemtl common_rough_steel
f 737/1845/462 754/1846/462 755/1847/462
f 737/1845/462 755/1847/462 745/1848/462
f 745/1849/463 755/1850/463 756/1851/463
f 745/1849/463 756/1851/463 735/1852/463
usemtl infrared_observer
f 739/1853/464 757/1854/464 758/1855/464
f 739/1853/464 758/1855/464 746/1856/464
f 746/1857/465 758/1858/465 759/1859/465
f 746/1857/465 759/1859/465 741/1860/465
usemtl common_steel
f 741/1861/466 759/1862/466 753/1863/466
f 741/1861/466 753/1863/466 749/1864/466
usemtl infrared_observer
f 761/1865/467 760/1866/467 763/1867/467
f 761/1865/467 763/1867/467 762/1868/467
f 764/1869/468 765/1870/468 766/1871/468
f 764/1869/468 766/1871/468 767/1872/468
f 761/1873/469 765/1874/469 760/1875/469
f 761/1873/469 760/1875/469 764/1876/469
f 762/1877/470 766/1878/470 763/1879/470
f 762/1877/470 763/1879/470 767/1880/470
f 767/1881/471 765/1882/471 761/1883/471
f 767/1881/471 761/1883/471 763/1884/471
f 769/1885/472 768/1886/472 771/1887/472
f 769/1885/472 771/1887/472 770/1888/472
f 772/1889/473 773/1890/473 774/1891/473
f 772/1889/473 774/1891/473 775/1892/473
f 771/1893/474 770/1894/474 774/1895/474
f 771/1893/474 774/1895/474 775/1896/474
f 768/1897/475 772/1898/475 770/1899/475
f 768/1897/475 770/1899/475 774/1900/475
f 775/1901/476 773/1902/476 769/1903/476
f 775/1901/476 769/1903/476 771/1904/476
f 780/1905/477 778/1906/477 779/1907/477
f 780/1905/477 779/1907/477 781/1908/477
f 777/1909/478 776/1910/478 780/1911/478
f 777/1909/478 780/1911/478 781/1912/478
f 785/1913/479 783/1914/479 782/1915/479
f 785/1913/479 782/1915/479 784/1916/479
f 785/1917/480 784/1918/480 786/1919/480
f 785/1917/480 786/1919/480 787/1920/480
f 791/1921/481 789/1922/481 788/1923/481
f 791/1921/481 788/1923/481 790/1924/481
f 788/1925/482 789/1926/482 793/1927/482
f 788/1925/482 793/1927/482 792/1928/482
f 790/1929/483 788/1930/483 792/1931/483
f 790/1929/483 792/1931/483 794/1932/483
f 795/1933/484 793/1934/484 789/1935/484
f 795/1933/484 789/1935/484 791/1936/484
f 799/1937/485 797/1938/485 796/1939/485
f 799/1937/485 796/1939/485 798/1940/485
f 801/1941/486 666/1942/486 800/1943/486
f 801/1941/486 800/1943/486 802/1944/486
f 796/1945/487 797/1946/487 800/1947/487
f 796/1945/487 800/1947/487 666/1948/487
f 798/1949/488 796/1950/488 666/1951/488
f 798/1949/488 666/1951/488 801/1952/488
f 802/1953/489 800/1954/489 797/1955/489
f 802/1953/489 797/1955/489 799/1956/489
f 804/1957/490 803/1958/490 806/1959/490
f 804/1957/490 806/1959/490 805/1960/490
f 807/1961/491 808/1962/491 809/1963/491
f 807/1961/491 809/1963/491 810/1964/491
f 806/1965/492 805/1966/492 809/1967/492
f 806/1965/492 809/1967/492 810/1968/492
f 803/1969/493 807/1970/493 805/1971/493
f 803/1969/493 805/1971/493 809/1972/493
f 810/1973/494 808/1974/494 804/1975/494
f 810/1973/494 804/1975/494 806/1976/494
f 814/1977/495 812/1978/495 811/1979/495
f 814/1977/495 811/1979/495 813/1980/495
f 817/1981/496 815/1982/496 816/1983/496
f 817/1981/496 816/1983/496 818/1984/496
f 811/1985/497 812/1986/497 816/1987/497
f 811/1985/497 816/1987/497 815/1988/497
f 814/1989/498 813/1990/498 817/1991/498
f 814/1989/498 817/1991/498 818/1992/498
f 818/1993/499 816/1994/499 812/1995/499
f 818/1993/499 812/1995/499 814/1996/499
usemtl common_rough_steel
f 822/1997/500 833/1998/500 832/1999/500
f 822/1997/500 832/1999/500 823/2000/500
f 820/2001/501 835/2002/501 834/2003/501
f 820/2001/501 834/2003/501 829/2004/501
f 828/2005/502 831/2006/502 836/2007/502
f 828/2005/502 836/2007/502 821/2008/502
f 823/2009/503 832/2010/503 831/2011/503
f 823/2009/503 831/2011/503 828/2012/503
f 829/2013/504 834/2014/504 833/2015/504
f 829/2013/504 833/2015/504 822/2016/504
f 819/2017/505 831/2018/505 832/2019/505
f 819/2017/505 832/2019/505 827/2020/505
f 827/2021/506 832/2022/506 833/2023/506
f 827/2021/506 833/2023/506 826/2024/506
f 826/2025/507 833/2026/507 834/2027/507
f 826/2025/507 834/2027/507 830/2028/507
f 830/2029/508 834/2030/508 835/2031/508
f 830/2029/508 835/2031/508 824/2032/508
f 825/2033/509 836/2034/509 831/2035/509
f 825/2033/509 831/2035/509 819/2036/509
f 718/2037/510 704/2038/510 733/2039/510
f 718/2037/510 733/2039/510 825/2040/510
f 836/2041/511 825/2042/511 717/2043/511
f 836/2041/511 717/2043/511 739/2044/511
f 739/2045/512 821/2046/512 757/2047/512
f 739/2045/512 757/2047/512 700/2048/512
f 715/2049/513 700/2050/513 740/2051/513
f 715/2049/513 740/2051/513 718/2052/513
usemtl infrared_observer
f 718/2053/514 825/2054/514 739/2055/514
f 718/2053/514 739/2055/514 700/2056/514
f 840/2057/515 838/2058/515 837/2059/515
f 840/2057/515 837/2059/515 839/2060/515
f 843/2061/516 841/2062/516 842/2063/516
f 843/2061/516 842/2063/516 844/2064/516
f 837/2065/517 838/2066/517 842/2067/517
f 837/2065/517 842/2067/517 841/2068/517
f 840/2069/518 839/2070/518 843/2071/518
f 840/2069/518 843/2071/518 844/2072/518
f 844/2073/519 842/2074/519 838/2075/519
f 844/2073/519 838/2075/519 840/2076/519
f 848/2077/520 846/2078/520 845/2079/520
f 848/2077/520 845/2079/520 847/2080/520
f 851/2081/521 849/2082/521 850/2083/521
f 851/2081/521 850/2083/521 852/2084/521
f 845/2085/522 846/2086/522 850/2087/522
f 845/2085/522 850/2087/522 849/2088/522
f 848/2089/523 847/2090/523 851/2091/523
f 848/2089/523 851/2091/523 852/2092/523
f 847/2093/524 845/2094/524 849/2095/524
f 847/2093/524 849/2095/524 851/2096/524
f 852/2097/525 850/2098/525 846/2099/525
f 852/2097/525 846/2099/525 848/2100/525
f 856/2101/526 854/2102/526 853/2103/526
f 856/2101/526 853/2103/526 855/2104/526
f 859/2105/527 857/2106/527 858/2107/527
f 859/2105/527 858/2107/527 860/2108/527
f 853/2109/528 854/2110/528 858/2111/528
f 853/2109/528 858/2111/528 857/2112/528
f 855/2113/529 853/2114/529 857/2115/529
f 855/2113/529 857/2115/529 859/2116/529
f 860/2117/530 858/2118/530 854/2119/530
f 860/2117/530 854/2119/530 856/2120/530
f 864/2121/531 862/2122/531 861/2123/531
f 864/2121/531 861/2123/531 863/2124/531
f 867/2125/532 865/2126/532 866/2127/532
f 867/2125/532 866/2127/532 868/2128/532
f 861/2129/533 862/2130/533 866/2131/533
f 861/2129/533 866/2131/533 865/2132/533
f 863/2133/534 861/2134/534 865/2135/534
f 863/2133/534 865/2135/534 867/2136/534
f 868/2137/535 866/2138/535 862/2139/535
f 868/2137/535 862/2139/535 864/2140/535
o door
v 0.4063 -2 1.8438
v 0.4063 -1.9375 1.8438
v 0.4063 -2 0.7188
v 0.4063 -1.9375 0.7188
v -0.0937 -2 1.8438
v -0.0937 -1.9375 1.8438
v -0.0937 -2 0.7188
v -0.0937 -1.9375 0.7188
v 0.4063 -2 1.2813
v -0.0937 -2 1.2813
v -0.0937 -1.9375 1.2813
v 0.4063 -1.9375 1.2813
v 0.1563 -2 1.2813
v 0.1563 -2 0.7188
v 0.1563 -1.9375 0.7188
v 0.1563 -1.9375 1.2813
v 0.1563 -1.9375 1.8438
v 0.1563 -2 1.8438
vt 0.9844 1
vt 0.9844 0.8594
vt 1 0.8594
vt 1 1
vt 0.9844 0.9375
vt 0.9844 0.7969
vt 1 0.7969
vt 1 0.9375
vt 0.75 0.75
vt 0.8125 0.75
vt 0.8125 0.7656
vt 0.75 0.7656
vt 0.875 0.75
vt 0.9375 0.75
vt 0.9375 0.7656
vt 0.875 0.7656
vt 1 0.8906
vt 0.9375 0.8906
vt 0.9375 0.75
vt 1 0.75
vt 1 0.8906
vt 0.9375 0.8906
vt 0.9375 0.75
vt 1 0.75
vt 0.7344 0.75
vt 0.7969 0.75
vt 0.7969 0.8906
vt 0.7344 0.8906
vt 1 0.8594
vt 1 1
vt 0.9844 1
vt 0.9844 0.8594
vt 1 0.8906
vt 0.9375 0.8906
vt 0.9375 0.75
vt 1 0.75
vt 1 0.8594
vt 1 1
vt 0.9844 1
vt 0.9844 0.8594
vt 1 0.8906
vt 0.9375 0.8906
vt 0.9375 0.75
vt 1 0.75
vt 0.9531 0.7656
vt 0.8906 0.7656
vt 0.8906 0.75
vt 0.9531 0.75
vt 0.7344 0.75
vt 0.7969 0.75
vt 0.7969 0.8906
vt 0.7344 0.8906
vt 0.7344 0.75
vt 0.7969 0.75
vt 0.7969 0.8906
vt 0.7344 0.8906
vt 0.9219 0.7656
vt 0.8594 0.7656
vt 0.8594 0.75
vt 0.9219 0.75
vt 1 0.8906
vt 0.9375 0.8906
vt 0.9375 0.75
vt 1 0.75
vn 1 0 0
vn -1 0 0
vn 0 0 1
vn 0 0 -1
vn 0 -1 0
vn 0 1 0
vn 0 -1 0
vn -1 0 0
vn 0 1 0
vn 1 0 0
vn 0 -1 0
vn 0 0 -1
vn 0 1 0
vn 0 1 0
vn 0 0 1
vn 0 -1 0
usemtl infrared_observer
f 869/2141/536 877/2142/536 880/2143/536
f 869/2141/536 880/2143/536 870/2144/536
f 874/2145/537 879/2146/537 878/2147/537
f 874/2145/537 878/2147/537 873/2148/537
f 873/2149/538 886/2150/538 885/2151/538
f 873/2149/538 885/2151/538 874/2152/538
f 876/2153/539 883/2154/539 882/2155/539
f 876/2153/539 882/2155/539 875/2156/539
f 878/2157/540 881/2158/540 886/2159/540
f 878/2157/540 886/2159/540 873/2160/540
f 874/2161/541 885/2162/541 884/2163/541
f 874/2161/541 884/2163/541 879/2164/541
f 875/2165/542 882/2166/542 881/2167/542
f 875/2165/542 881/2167/542 878/2168/542
f 875/2169/543 878/2170/543 879/2171/543
f 875/2169/543 879/2171/543 876/2172/543
f 879/2173/544 884/2174/544 883/2175/544
f 879/2173/544 883/2175/544 876/2176/544
f 872/2177/545 880/2178/545 877/2179/545
f 872/2177/545 877/2179/545 871/2180/545
f 877/2181/546 881/2182/546 882/2183/546
f 877/2181/546 882/2183/546 871/2184/546
f 871/2185/547 882/2186/547 883/2187/547
f 871/2185/547 883/2187/547 872/2188/547
f 872/2189/548 883/2190/548 884/2191/548
f 872/2189/548 884/2191/548 880/2192/548
f 880/2193/549 884/2194/549 885/2195/549
f 880/2193/549 885/2195/549 870/2196/549
f 870/2197/550 885/2198/550 886/2199/550
f 870/2197/550 886/2199/550 869/2200/550
f 869/2201/551 886/2202/551 881/2203/551
f 869/2201/551 881/2203/551 877/2204/551
o filter
v 0.25 -0.9062 -0.0937
v 0.25 -0.9062 -0.1562
v 0.0625 -0.9062 -0.0937
v 0.0625 -0.9062 -0.1562
v 0.25 -0.8437 -0.0937
v 0.25 -0.8437 -0.1562
v 0.0625 -0.8437 -0.0937
v 0.0625 -0.8437 -0.1562
v 0 -0.9687 -0.0937
v 0 -0.9687 -0.1562
v 0 -1.1562 -0.0937
v 0 -1.1562 -0.1562
v -0.0625 -0.9687 -0.0937
v -0.0625 -0.9687 -0.1562
v -0.0625 -1.1562 -0.0937
v -0.0625 -1.1562 -0.1562
v 0.25 -1.2812 -0.0937
v 0.25 -1.2812 -0.1562
v 0.0625 -1.2812 -0.0937
v 0.0625 -1.2812 -0.1562
v 0.25 -1.2187 -0.0937
v 0.25 -1.2187 -0.1562
v 0.0625 -1.2187 -0.0937
v 0.0625 -1.2187 -0.1562
v 0.375 -0.9687 -0.0937
v 0.375 -0.9687 -0.1562
v 0.375 -1.1562 -0.0937
v 0.375 -1.1562 -0.1562
v 0.3125 -0.9687 -0.0937
v 0.3125 -0.9687 -0.1562
v 0.3125 -1.1562 -0.0937
v 0.3125 -1.1562 -0.1562
v 0.375 -0.9062 -0.1562
v 0.375 -0.9062 -0.2187
v 0.375 -1.2187 -0.1562
v 0.375 -1.2187 -0.2187
v 0.3125 -0.9062 -0.1562
v 0.3125 -0.9062 -0.2187
v 0.3125 -1.2187 -0.1562
v 0.3125 -1.2187 -0.2187
v 0.375 -0.8437 -0.1562
v 0.375 -0.8437 -0.2187
v 0.375 -0.9062 -0.1562
v 0.375 -0.9062 -0.2187
v -0.0625 -0.8437 -0.1562
v -0.0625 -0.8437 -0.2187
v -0.0625 -0.9062 -0.1562
v -0.0625 -0.9062 -0.2187
v 0.375 -1.2187 -0.1562
v 0.375 -1.2187 -0.2187
v 0.375 -1.2812 -0.1562
v 0.375 -1.2812 -0.2187
v -0.0625 -1.2187 -0.1562
v -0.0625 -1.2187 -0.2187
v -0.0625 -1.2812 -0.1562
v -0.0625 -1.2812 -0.2187
v 0.3125 -0.9062 -0.1875
v 0.3125 -0.9062 -0.1875
v 0.3125 -1.2187 -0.1875
v 0.3125 -1.2187 -0.1875
v 0 -0.9062 -0.1875
v 0 -0.9062 -0.1875
v 0 -1.2187 -0.1875
v 0 -1.2187 -0.1875
v 0 -0.9062 -0.1562
v 0 -0.9062 -0.2187
v 0 -1.2187 -0.1562
v 0 -1.2187 -0.2187
v -0.0625 -0.9062 -0.1562
v -0.0625 -0.9062 -0.2187
v -0.0625 -1.2187 -0.1562
v -0.0625 -1.2187 -0.2187
vt 0.1094 0.5313
vt 0.1094 0.5781
vt 0.0938 0.5781
vt 0.0938 0.5313
vt 0.1094 0.5313
vt 0.1094 0.5781
vt 0.0938 0.5781
vt 0.0938 0.5313
vt 0.1094 0.5313
vt 0.1094 0.5469
vt 0.0938 0.5469
vt 0.0938 0.5313
vt 0.1094 0.5313
vt 0.1094 0.5469
vt 0.0938 0.5469
vt 0.0938 0.5313
vt 0.1094 0.5313
vt 0.1094 0.5781
vt 0.0938 0.5781
vt 0.0938 0.5313
vt 0.1094 0.5313
vt 0.1094 0.5781
vt 0.0938 0.5781
vt 0.0938 0.5313
vt 0.1094 0.5313
vt 0.1094 0.5781
vt 0.0938 0.5781
vt 0.0938 0.5313
vt 0.1094 0.5313
vt 0.1094 0.5469
vt 0.0938 0.5469
vt 0.0938 0.5313
vt 0.1094 0.5313
vt 0.1094 0.5469
vt 0.0938 0.5469
vt 0.0938 0.5313
vt 0.1094 0.5313
vt 0.1094 0.5781
vt 0.0938 0.5781
vt 0.0938 0.5313
vt 0.1094 0.5313
vt 0.1094 0.5781
vt 0.0938 0.5781
vt 0.0938 0.5313
vt 0.1094 0.5313
vt 0.1094 0.5781
vt 0.0938 0.5781
vt 0.0938 0.5313
vt 0.1094 0.5313
vt 0.1094 0.5469
vt 0.0938 0.5469
vt 0.0938 0.5313
vt 0.1094 0.5313
vt 0.1094 0.5469
vt 0.0938 0.5469
vt 0.0938 0.5313
vt 0.1094 0.5313
vt 0.1094 0.5781
vt 0.0938 0.5781
vt 0.0938 0.5313
vt 0.1094 0.5313
vt 0.1094 0.5781
vt 0.0938 0.5781
vt 0.0938 0.5313
vt 0.1094 0.5313
vt 0.1094 0.5781
vt 0.0938 0.5781
vt 0.0938 0.5313
vt 0.1094 0.5313
vt 0.1094 0.5469
vt 0.0938 0.5469
vt 0.0938 0.5313
vt 0.1094 0.5313
vt 0.1094 0.5469
vt 0.0938 0.5469
vt 0.0938 0.5313
vt 0.1094 0.5313
vt 0.1094 0.5781
vt 0.0938 0.5781
vt 0.0938 0.5313
vt 0.2031 0.5156
vt 0.2031 0.5938
vt 0.2188 0.5938
vt 0.2188 0.5156
vt 0.2031 0.5313
vt 0.2031 0.6094
vt 0.2188 0.6094
vt 0.2188 0.5313
vt 0 0.2344
vt 0 0.3125
vt 0.0156 0.3125
vt 0.0156 0.2344
vt 0.1094 0.5
vt 0.1094 0.5781
vt 0.125 0.5781
vt 0.125 0.5
vt 0.2031 0.6094
vt 0.2031 0.625
vt 0.2188 0.625
vt 0.2188 0.6094
vt 0.2031 0.5313
vt 0.2031 0.5469
vt 0.2188 0.5469
vt 0.2188 0.5313
vt 0.2188 0.5156
vt 0.2188 0.5
vt 0.1094 0.5
vt 0.1094 0.5156
vt 0.2344 0.5
vt 0.2344 0.5156
vt 0.125 0.5156
vt 0.125 0.5
vt 0.1094 0.5
vt 0.1094 0.5156
vt 0.2188 0.5156
vt 0.2188 0.5
vt 0.1094 0.5938
vt 0.1094 0.6094
vt 0.2188 0.6094
vt 0.2188 0.5938
vt 0.2031 0.6094
vt 0.2031 0.625
vt 0.2188 0.625
vt 0.2188 0.6094
vt 0.2031 0.5313
vt 0.2031 0.5469
vt 0.2188 0.5469
vt 0.2188 0.5313
vt 0.2188 0.5156
vt 0.2188 0.5
vt 0.1094 0.5
vt 0.1094 0.5156
vt 0.2188 0.5
vt 0.2188 0.5156
vt 0.1094 0.5156
vt 0.1094 0.5
vt 0.1094 0.5
vt 0.1094 0.5156
vt 0.2188 0.5156
vt 0.2188 0.5
vt 0.1094 0.5938
vt 0.1094 0.6094
vt 0.2188 0.6094
vt 0.2188 0.5938
vt 0.0781 0.6094
vt 0.0781 0.6094
vt 0.0781 0.6094
vt 0.0781 0.6094
vt 0 0.6094
vt 0 0.6094
vt 0 0.6094
vt 0 0.6094
vt 0.0781 0.6094
vt 0 0.6094
vt 0.0781 0.6094
vt 0 0.6094
vt 0.0938 0.6094
vt 0.0156 0.6094
vt 0.0938 0.6094
vt 0.0156 0.6094
vt 0.0938 0.6094
vt 0.0938 0.6875
vt 0.0156 0.6875
vt 0.0156 0.6094
vt 0.0781 0.6094
vt 0.0781 0.6875
vt 0 0.6875
vt 0 0.6094
vt 0.2031 0.5156
vt 0.2031 0.5938
vt 0.2188 0.5938
vt 0.2188 0.5156
vt 0.2031 0.5313
vt 0.2031 0.6094
vt 0.2188 0.6094
vt 0.2188 0.5313
vt 0 0.2344
vt 0 0.3125
vt 0.0156 0.3125
vt 0.0156 0.2344
vt 0.2031 0.5313
vt 0.2031 0.6094
vt 0.2188 0.6094
vt 0.2188 0.5313
vn 0 -1 0
vn 0 1 0
vn 1 0 0
vn -1 0 0
vn 0 0 1
vn 1 0 0
vn -1 0 0
vn 0 1 0
vn 0 -1 0
vn 0 0 1
vn 0 -1 0
vn 0 1 0
vn 1 0 0
vn -1 0 0
vn 0 0 1
vn 1 0 0
vn -1 0 0
vn 0 1 0
vn 0 -1 0
vn 0 0 1
vn 1 0 0
vn -1 0 0
vn 0 0 1
vn 0 0 -1
vn 1 0 0
vn -1 0 0
vn 0 1 0
vn 0 -1 0
vn 0 0 1
vn 0 0 -1
vn 1 0 0
vn -1 0 0
vn 0 1 0
vn 0 -1 0
vn 0 0 1
vn 0 0 -1
vn 0 0 0
vn 0 0 0
vn 0 0 0
vn 0 0 0
vn 0 0 1
vn 0 0 -1
vn 1 0 0
vn -1 0 0
vn 0 0 1
vn 0 0 -1
usemtl infrared_observer
f 890/2205/552 888/2206/552 887/2207/552
f 890/2205/552 887/2207/552 889/2208/552
f 893/2209/553 891/2210/553 892/2211/553
f 893/2209/553 892/2211/553 894/2212/553
f 887/2213/554 888/2214/554 892/2215/554
f 887/2213/554 892/2215/554 891/2216/554
f 890/2217/555 889/2218/555 893/2219/555
f 890/2217/555 893/2219/555 894/2220/555
f 889/2221/556 887/2222/556 891/2223/556
f 889/2221/556 891/2223/556 893/2224/556
f 898/2225/557 896/2226/557 895/2227/557
f 898/2225/557 895/2227/557 897/2228/557
f 901/2229/558 899/2230/558 900/2231/558
f 901/2229/558 900/2231/558 902/2232/558
f 895/2233/559 896/2234/559 900/2235/559
f 895/2233/559 900/2235/559 899/2236/559
f 898/2237/560 897/2238/560 901/2239/560
f 898/2237/560 901/2239/560 902/2240/560
f 897/2241/561 895/2242/561 899/2243/561
f 897/2241/561 899/2243/561 901/2244/561
f 906/2245/562 904/2246/562 903/2247/562
f 906/2245/562 903/2247/562 905/2248/562
f 909/2249/563 907/2250/563 908/2251/563
f 909/2249/563 908/2251/563 910/2252/563
f 903/2253/564 904/2254/564 908/2255/564
f 903/2253/564 908/2255/564 907/2256/564
f 906/2257/565 905/2258/565 909/2259/565
f 906/2257/565 909/2259/565 910/2260/565
f 905/2261/566 903/2262/566 907/2263/566
f 905/2261/566 907/2263/566 909/2264/566
f 914/2265/567 912/2266/567 911/2267/567
f 914/2265/567 911/2267/567 913/2268/567
f 917/2269/568 915/2270/568 916/2271/568
f 917/2269/568 916/2271/568 918/2272/568
f 911/2273/569 912/2274/569 916/2275/569
f 911/2273/569 916/2275/569 915/2276/569
f 914/2277/570 913/2278/570 917/2279/570
f 914/2277/570 917/2279/570 918/2280/570
f 913/2281/571 911/2282/571 915/2283/571
f 913/2281/571 915/2283/571 917/2284/571
f 922/2285/572 920/2286/572 919/2287/572
f 922/2285/572 919/2287/572 921/2288/572
f 925/2289/573 923/2290/573 924/2291/573
f 925/2289/573 924/2291/573 926/2292/573
f 921/2293/574 919/2294/574 923/2295/574
f 921/2293/574 923/2295/574 925/2296/574
f 926/2297/575 924/2298/575 920/2299/575
f 926/2297/575 920/2299/575 922/2300/575
f 930/2301/576 928/2302/576 927/2303/576
f 930/2301/576 927/2303/576 929/2304/576
f 933/2305/577 931/2306/577 932/2307/577
f 933/2305/577 932/2307/577 934/2308/577
f 927/2309/578 928/2310/578 932/2311/578
f 927/2309/578 932/2311/578 931/2312/578
f 930/2313/579 929/2314/579 933/2315/579
f 930/2313/579 933/2315/579 934/2316/579
f 929/2317/580 927/2318/580 931/2319/580
f 929/2317/580 931/2319/580 933/2320/580
f 934/2321/581 932/2322/581 928/2323/581
f 934/2321/581 928/2323/581 930/2324/581
f 938/2325/582 936/2326/582 935/2327/582
f 938/2325/582 935/2327/582 937/2328/582
f 941/2329/583 939/2330/583 940/2331/583
f 941/2329/583 940/2331/583 942/2332/583
f 935/2333/584 936/2334/584 940/2335/584
f 935/2333/584 940/2335/584 939/2336/584
f 938/2337/585 937/2338/585 941/2339/585
f 938/2337/585 941/2339/585 942/2340/585
f 937/2341/586 935/2342/586 939/2343/586
f 937/2341/586 939/2343/586 941/2344/586
f 942/2345/587 940/2346/587 936/2347/587
f 942/2345/587 936/2347/587 938/2348/587
f 944/2349/588 943/2350/588 946/2351/588
f 944/2349/588 946/2351/588 945/2352/588
f 947/2353/589 948/2354/589 949/2355/589
f 947/2353/589 949/2355/589 950/2356/589
f 944/2357/590 948/2358/590 943/2359/590
f 944/2357/590 943/2359/590 947/2360/590
f 945/2361/591 949/2362/591 946/2363/591
f 945/2361/591 946/2363/591 950/2364/591
f 945/2365/592 943/2366/592 947/2367/592
f 945/2365/592 947/2367/592 949/2368/592
f 950/2369/593 948/2370/593 944/2371/593
f 950/2369/593 944/2371/593 946/2372/593
f 954/2373/594 952/2374/594 951/2375/594
f 954/2373/594 951/2375/594 953/2376/594
f 957/2377/595 955/2378/595 956/2379/595
f 957/2377/595 956/2379/595 958/2380/595
f 953/2381/596 951/2382/596 955/2383/596
f 953/2381/596 955/2383/596 957/2384/596
f 958/2385/597 956/2386/597 952/2387/597
f 958/2385/597 952/2387/597 954/2388/597
o turntable
v 0.4063 -1.7312 1.4
v 0.4063 -1.7312 1.9
v 0.4063 -1.6687 1.4
v 0.4063 -1.6687 1.9
v -0.0937 -1.7312 1.4
v -0.0937 -1.7312 1.9
v -0.0937 -1.6687 1.4
v -0.0937 -1.6687 1.9
v 0.2813 -1.6687 1.525
v 0.2813 -1.6687 1.775
v 0.2813 -1.6062 1.525
v 0.2813 -1.6062 1.775
v 0.0313 -1.6687 1.525
v 0.0313 -1.6687 1.775
v 0.0313 -1.6062 1.525
v 0.0313 -1.6062 1.775
v -0.0312 -1.9187 1.525
v -0.0312 -1.9187 1.775
v -0.0312 -1.7312 1.525
v -0.0312 -1.7312 1.775
v -0.0937 -1.9187 1.525
v -0.0937 -1.9187 1.775
v -0.0937 -1.7312 1.525
v -0.0937 -1.7312 1.775
v 0.4063 -1.9187 1.525
v 0.4063 -1.9187 1.775
v 0.4063 -1.7312 1.525
v 0.4063 -1.7312 1.775
v 0.3438 -1.9187 1.525
v 0.3438 -1.9187 1.775
v 0.3438 -1.7312 1.525
v 0.3438 -1.7312 1.775
v -0.0312 -1.9812 1.5875
v -0.0312 -1.9812 1.7125
v -0.0937 -1.9812 1.5875
v -0.0937 -1.9812 1.7125
v 0.4063 -1.9812 1.5875
v 0.4063 -1.9812 1.7125
v 0.3438 -1.9812 1.5875
v 0.3438 -1.9812 1.7125
vt 0.5 1
vt 0.4375 1
vt 0.4375 0.5
vt 0.5 0.5
vt 0.0625 1
vt 0 1
vt 0 0.5
vt 0.0625 0.5
vt 0.5 0.5
vt 0.5 1
vt 0 1
vt 0 0.5
vt 0.5 0.5
vt 0.5 1
vt 0 1
vt 0 0.5
vt 0.5 0.9375
vt 0.5 1
vt 0 1
vt 0 0.9375
vt 0 0.5
vt 0 0.5625
vt 0.5 0.5625
vt 0.5 0.5
vt 0.75 0.4375
vt 0.75 0.5
vt 0.5 0.5
vt 0.5 0.4375
vt 0.75 0.375
vt 0.75 0.4375
vt 0.5 0.4375
vt 0.5 0.375
vt 0.75 0.375
vt 0.75 0.4375
vt 0.5 0.4375
vt 0.5 0.375
vt 0.75 0.4375
vt 0.75 0.5
vt 0.5 0.5
vt 0.5 0.4375
vt 0.375 0.5
vt 0.375 0.6875
vt 0.125 0.6875
vt 0.125 0.5
vt 0.375 0.5
vt 0.375 0.6875
vt 0.125 0.6875
vt 0.125 0.5
vt 0.375 0.5
vt 0.375 0.6875
vt 0.3125 0.6875
vt 0.3125 0.5
vt 0.1875 0.5
vt 0.1875 0.6875
vt 0.125 0.6875
vt 0.125 0.5
vt 0.375 0.5
vt 0.375 0.6875
vt 0.125 0.6875
vt 0.125 0.5
vt 0.375 0.5
vt 0.375 0.6875
vt 0.125 0.6875
vt 0.125 0.5
vt 0.375 0.5
vt 0.375 0.6875
vt 0.3125 0.6875
vt 0.3125 0.5
vt 0.1875 0.5
vt 0.1875 0.6875
vt 0.125 0.6875
vt 0.125 0.5
vt 0.3125 0.5625
vt 0.2813 0.5
vt 0.2188 0.5
vt 0.1875 0.5625
vt 0.1875 0.5625
vt 0.2188 0.5
vt 0.2813 0.5
vt 0.3125 0.5625
vt 0.2813 0.5625
vt 0.2188 0.5625
vt 0.2188 0.5
vt 0.2813 0.5
vt 0.3125 0.5
vt 0.3125 0.5625
vt 0.2813 0.5625
vt 0.2813 0.5
vt 0.2188 0.5
vt 0.2188 0.5625
vt 0.1875 0.5625
vt 0.1875 0.5
vt 0.3125 0.5625
vt 0.2813 0.5
vt 0.2188 0.5
vt 0.1875 0.5625
vt 0.1875 0.5625
vt 0.2188 0.5
vt 0.2813 0.5
vt 0.3125 0.5625
vt 0.2813 0.5625
vt 0.2188 0.5625
vt 0.2188 0.5
vt 0.2813 0.5
vt 0.3125 0.5
vt 0.3125 0.5625
vt 0.2813 0.5625
vt 0.2813 0.5
vt 0.2188 0.5
vt 0.2188 0.5625
vt 0.1875 0.5625
vt 0.1875 0.5
vn 1 0 0
vn -1 0 0
vn 0 -1 0
vn 0 1 0
vn 0 0 -1
vn 0 0 1
vn 1 0 0
vn -1 0 0
vn 0 0 -1
vn 0 0 1
vn 1 0 0
vn -1 0 0
vn 0 0 -1
vn 0 0 1
vn 1 0 0
vn -1 0 0
vn 0 0 -1
vn 0 0 1
vn 1 0 0
vn -1 0 0
vn 0 -1 0
vn 0 -0.71 -0.71
vn 0 -0.71 0.71
vn 1 0 0
vn -1 0 0
vn 0 -1 0
vn 0 -0.71 -0.71
vn 0 -0.71 0.71
usemtl inserter_gray
f 962/2389/598 960/2390/598 959/2391/598
f 962/2389/598 959/2391/598 961/2392/598
f 965/2393/599 963/2394/599 964/2395/599
f 965/2393/599 964/2395/599 966/2396/599
f 959/2397/600 960/2398/600 964/2399/600
f 959/2397/600 964/2399/600 963/2400/600
f 962/2401/601 961/2402/601 965/2403/601
f 962/2401/601 965/2403/601 966/2404/601
f 961/2405/602 959/2406/602 963/2407/602
f 961/2405/602 963/2407/602 965/2408/602
f 966/2409/603 964/2410/603 960/2411/603
f 966/2409/603 960/2411/603 962/2412/603
f 970/2413/604 968/2414/604 967/2415/604
f 970/2413/604 967/2415/604 969/2416/604
f 973/2417/605 971/2418/605 972/2419/605
f 973/2417/605 972/2419/605 974/2420/605
f 969/2421/606 967/2422/606 971/2423/606
f 969/2421/606 971/2423/606 973/2424/606
f 974/2425/607 972/2426/607 968/2427/607
f 974/2425/607 968/2427/607 970/2428/607
f 978/2429/608 976/2430/608 975/2431/608
f 978/2429/608 975/2431/608 977/2432/608
f 981/2433/609 979/2434/609 980/2435/609
f 981/2433/609 980/2435/609 982/2436/609
f 977/2437/610 975/2438/610 979/2439/610
f 977/2437/610 979/2439/610 981/2440/610
f 982/2441/611 980/2442/611 976/2443/611
f 982/2441/611 976/2443/611 978/2444/611
f 986/2445/612 984/2446/612 983/2447/612
f 986/2445/612 983/2447/612 985/2448/612
f 989/2449/613 987/2450/613 988/2451/613
f 989/2449/613 988/2451/613 990/2452/613
f 985/2453/614 983/2454/614 987/2455/614
f 985/2453/614 987/2455/614 989/2456/614
f 990/2457/615 988/2458/615 984/2459/615
f 990/2457/615 984/2459/615 986/2460/615
f 976/2461/616 992/2462/616 991/2463/616
f 976/2461/616 991/2463/616 975/2464/616
f 979/2465/617 993/2466/617 994/2467/617
f 979/2465/617 994/2467/617 980/2468/617
f 991/2469/618 992/2470/618 994/2471/618
f 991/2469/618 994/2471/618 993/2472/618
f 975/2473/619 991/2474/619 993/2475/619
f 975/2473/619 993/2475/619 979/2476/619
f 980/2477/620 994/2478/620 992/2479/620
f 980/2477/620 992/2479/620 976/2480/620
f 984/2481/621 996/2482/621 995/2483/621
f 984/2481/621 995/2483/621 983/2484/621
f 987/2485/622 997/2486/622 998/2487/622
f 987/2485/622 998/2487/622 988/2488/622
f 995/2489/623 996/2490/623 998/2491/623
f 995/2489/623 998/2491/623 997/2492/623
f 983/2493/624 995/2494/624 997/2495/624
f 983/2493/624 997/2495/624 987/2496/624
f 988/2497/625 998/2498/625 996/2499/625
f 988/2497/625 996/2499/625 984/2500/625
o lower
v 0.1156 -1.7625 0.7125
v 0.1156 -1.95 0.7125
v 0.1156 -1.7625 0.9
v 0.1156 -1.95 0.9
v -0.0719 -1.7625 0.7125
v -0.0719 -1.95 0.7125
v -0.0719 -1.7625 0.9
v -0.0719 -1.95 0.9
v 0.1969 -1.7625 0.7125
v 0.1969 -1.95 0.7125
v 0.1969 -1.7625 0.9
v 0.1969 -1.95 0.9
v 0.3844 -1.7625 0.7125
v 0.3844 -1.95 0.7125
v 0.3844 -1.7625 0.9
v 0.3844 -1.95 0.9
v 0.3438 -1.7937 1.5875
v 0.3438 -1.9187 1.5875
v 0.3438 -1.7937 1.7125
v 0.3438 -1.9187 1.7125
v -0.0312 -1.7937 1.5875
v -0.0312 -1.9187 1.5875
v -0.0312 -1.7937 1.7125
v -0.0312 -1.9187 1.7125
v 0.3438 -1.8875 0.9625
v 0.3438 -1.95 0.9625
v 0.3438 -1.8875 1.4625
v 0.3438 -1.95 1.4625
v -0.0312 -1.8875 0.9625
v -0.0312 -1.95 0.9625
v -0.0312 -1.8875 1.4625
v -0.0312 -1.95 1.4625
v 0.3125 -1.95 0.9938
v 0.3125 -1.9812 0.9938
v 0.3125 -1.95 1.1813
v 0.3125 -1.9812 1.1813
v 0 -1.95 0.9938
v 0 -1.9812 0.9938
v 0 -1.95 1.1813
v 0 -1.9812 1.1813
v 0.3125 -1.95 1.2125
v 0.3125 -1.9812 1.2125
v 0.3125 -1.95 1.4
v 0.3125 -1.9812 1.4
v 0 -1.95 1.2125
v 0 -1.9812 1.2125
v 0 -1.95 1.4
v 0 -1.9812 1.4
v 0.3125 -1.8094 0.9
v 0.3125 -1.9031 0.9
v 0.3125 -1.8094 1.525
v 0.3125 -1.9031 1.525
v 0.2188 -1.8094 0.9
v 0.2188 -1.9031 0.9
v 0.2188 -1.8094 1.525
v 0.2188 -1.9031 1.525
v 0.3125 -1.9031 1.2125
v 0.3125 -1.8094 1.2125
v 0.2188 -1.8094 1.2125
v 0.2188 -1.9031 1.2125
v 0.0938 -1.8094 0.9
v 0.0938 -1.9031 0.9
v 0.0938 -1.8094 1.525
v 0.0938 -1.9031 1.525
v 0 -1.8094 0.9
v 0 -1.9031 0.9
v 0 -1.8094 1.525
v 0 -1.9031 1.525
v 0.0938 -1.9031 1.2125
v 0.0938 -1.8094 1.2125
v 0 -1.8094 1.2125
v 0 -1.9031 1.2125
v 0.0938 -1.9344 1.5875
v 0.0938 -1.9969 1.5875
v 0.0938 -1.9344 1.7125
v 0.0938 -1.9969 1.7125
v 0 -1.9344 1.5875
v 0 -1.9969 1.5875
v 0 -1.9344 1.7125
v 0 -1.9969 1.7125
v 0.0938 -1.7156 1.5875
v 0.0938 -1.7781 1.5875
v 0.0938 -1.7156 1.7125
v 0.0938 -1.7781 1.7125
v 0 -1.7156 1.5875
v 0 -1.7781 1.5875
v 0 -1.7156 1.7125
v 0 -1.7781 1.7125
v 0.3125 -1.9344 1.5875
v 0.3125 -1.9969 1.5875
v 0.3125 -1.9344 1.7125
v 0.3125 -1.9969 1.7125
v 0.2188 -1.9344 1.5875
v 0.2188 -1.9969 1.5875
v 0.2188 -1.9344 1.7125
v 0.2188 -1.9969 1.7125
v 0.3125 -1.7156 1.5875
v 0.3125 -1.7781 1.5875
v 0.3125 -1.7156 1.7125
v 0.3125 -1.7781 1.7125
v 0.2188 -1.7156 1.5875
v 0.2188 -1.7781 1.5875
v 0.2188 -1.7156 1.7125
v 0.2188 -1.7781 1.7125
vt 0.0938 0.8125
vt 0.0938 1
vt 0 1
vt 0 0.8125
vt 0.8125 0.8125
vt 0.8125 0.625
vt 0.625 0.625
vt 0.625 0.8125
vt 0.8125 0.625
vt 0.8125 0.8125
vt 1 0.8125
vt 1 0.625
vt 0.8125 0.8125
vt 0.8125 0.625
vt 1 0.625
vt 1 0.8125
vt 0.8125 0.625
vt 0.8125 0.8125
vt 1 0.8125
vt 1 0.625
vt 1 0.625
vt 1 0.8125
vt 0.8125 0.8125
vt 0.8125 0.625
vt 0 1
vt 0.0938 1
vt 0.0938 0.8125
vt 0 0.8125
vt 0.625 0.625
vt 0.8125 0.625
vt 0.8125 0.8125
vt 0.625 0.8125
vt 1 0.8125
vt 0.8125 0.8125
vt 0.8125 0.625
vt 1 0.625
vt 1 0.625
vt 0.8125 0.625
vt 0.8125 0.8125
vt 1 0.8125
vt 1 0.8125
vt 0.8125 0.8125
vt 0.8125 0.625
vt 1 0.625
vt 0.8125 0.8125
vt 1 0.8125
vt 1 0.625
vt 0.8125 0.625
vt 0.5 0.625
vt 0.625 0.625
vt 0.625 1
vt 0.5 1
vt 0.625 0.625
vt 0.5 0.625
vt 0.5 1
vt 0.625 1
vt 0.625 0.625
vt 0.5 0.625
vt 0.5 1
vt 0.625 1
vt 0.5 1
vt 0.625 1
vt 0.625 0.625
vt 0.5 0.625
vt 0 0.5
vt 0 0
vt 0.0313 0
vt 0.0313 0.5
vt 0.3438 0
vt 0.3438 0.5
vt 0.375 0.5
vt 0.375 0
vt 0 0.0625
vt 0 0
vt 0.375 0
vt 0.375 0.0625
vt 0 0.5
vt 0 0.4375
vt 0.375 0.4375
vt 0.375 0.5
vt 0.375 0.5
vt 0.375 0
vt 0 0
vt 0 0.5
vt 0.375 0.5
vt 0.375 0
vt 0 0
vt 0 0.5
vt 0.7188 0.8125
vt 0.7188 1
vt 0.6875 1
vt 0.6875 0.8125
vt 1 0.8125
vt 1 1
vt 0.9688 1
vt 0.9688 0.8125
vt 0.6875 0.9375
vt 0.6875 1
vt 1 1
vt 1 0.9375
vt 0.6875 0.8125
vt 0.6875 0.875
vt 1 0.875
vt 1 0.8125
vt 1 0.8125
vt 1 1
vt 0.6875 1
vt 0.6875 0.8125
vt 0.7188 0.8125
vt 0.7188 1
vt 0.6875 1
vt 0.6875 0.8125
vt 1 0.8125
vt 1 1
vt 0.9688 1
vt 0.9688 0.8125
vt 0.6875 0.9375
vt 0.6875 1
vt 1 1
vt 1 0.9375
vt 0.6875 0.8125
vt 0.6875 0.875
vt 1 0.875
vt 1 0.8125
vt 1 0.8125
vt 1 1
vt 0.6875 1
vt 0.6875 0.8125
vt 0.375 0.5
vt 0.375 0.1875
vt 0.5 0.1875
vt 0.5 0.5
vt 0.375 0.5
vt 0.375 0.1875
vt 0.5 0.1875
vt 0.5 0.5
vt 0.0469 0.9063
vt 0.0469 1
vt 0 1
vt 0 0.9063
vt 0.0469 0.9063
vt 0.0469 1
vt 0 1
vt 0 0.9063
vt 0.5 0.5
vt 0.5 0.1875
vt 0.375 0.1875
vt 0.375 0.5
vt 0.375 0.5
vt 0.375 0.1875
vt 0.5 0.1875
vt 0.5 0.5
vt 0.5 0.5
vt 0.5 0.1875
vt 0.375 0.1875
vt 0.375 0.5
vt 0.375 0.5
vt 0.375 0.1875
vt 0.5 0.1875
vt 0.5 0.5
vt 0.5 0.5
vt 0.5 0.1875
vt 0.375 0.1875
vt 0.375 0.5
vt 0.375 0.5
vt 0.375 0.1875
vt 0.5 0.1875
vt 0.5 0.5
vt 0.375 0.5
vt 0.375 0.1875
vt 0.5 0.1875
vt 0.5 0.5
vt 0.375 0.5
vt 0.375 0.1875
vt 0.5 0.1875
vt 0.5 0.5
vt 0.0469 0.9063
vt 0.0469 1
vt 0 1
vt 0 0.9063
vt 0.0469 0.9063
vt 0.0469 1
vt 0 1
vt 0 0.9063
vt 0.5 0.5
vt 0.5 0.1875
vt 0.375 0.1875
vt 0.375 0.5
vt 0.375 0.5
vt 0.375 0.1875
vt 0.5 0.1875
vt 0.5 0.5
vt 0.5 0.5
vt 0.5 0.1875
vt 0.375 0.1875
vt 0.375 0.5
vt 0.375 0.5
vt 0.375 0.1875
vt 0.5 0.1875
vt 0.5 0.5
vt 0.5 0.5
vt 0.5 0.1875
vt 0.375 0.1875
vt 0.375 0.5
vt 0.375 0.5
vt 0.375 0.1875
vt 0.5 0.1875
vt 0.5 0.5
vt 0.4375 0.375
vt 0.4375 0.125
vt 0.375 0.125
vt 0.375 0.375
vt 0.5 0.375
vt 0.5 0.125
vt 0.4375 0.125
vt 0.4375 0.375
vt 0.375 0.25
vt 0.375 0.375
vt 0.5 0.375
vt 0.5 0.25
vt 0.375 0.125
vt 0.375 0.375
vt 0.5 0.375
vt 0.5 0.125
vt 0.5 0.375
vt 0.5 0.125
vt 0.375 0.125
vt 0.375 0.375
vt 0.4375 0.375
vt 0.4375 0.125
vt 0.375 0.125
vt 0.375 0.375
vt 0.5 0.375
vt 0.5 0.125
vt 0.4375 0.125
vt 0.4375 0.375
vt 0.0469 0.9375
vt 0.0469 1
vt 0 1
vt 0 0.9375
vt 0.375 0.125
vt 0.375 0.375
vt 0.5 0.375
vt 0.5 0.125
vt 0.375 0.125
vt 0.375 0.375
vt 0.5 0.375
vt 0.5 0.125
vt 0.3773 0
vt 0.4352 0.1
vt 0.4367 0.1875
vt 0.3773 0.2844
vt 0.4984 0
vt 0.4406 0.1
vt 0.4391 0.1875
vt 0.4984 0.2844
vt 0.375 0.375
vt 0.375 0.125
vt 0.5 0.125
vt 0.5 0.375
vt 0.375 0.375
vt 0.375 0
vt 0.5 0
vt 0.5 0.375
vt 0.5 0.375
vt 0.5 0
vt 0.375 0
vt 0.375 0.375
vt 0.4375 0.375
vt 0.4375 0.125
vt 0.375 0.125
vt 0.375 0.375
vt 0.5 0.375
vt 0.5 0.125
vt 0.4375 0.125
vt 0.4375 0.375
vt 0.375 0.25
vt 0.375 0.375
vt 0.5 0.375
vt 0.5 0.25
vt 0.375 0.125
vt 0.375 0.375
vt 0.5 0.375
vt 0.5 0.125
vt 0.5 0.375
vt 0.5 0.125
vt 0.375 0.125
vt 0.375 0.375
vt 0.4375 0.375
vt 0.4375 0.125
vt 0.375 0.125
vt 0.375 0.375
vt 0.5 0.375
vt 0.5 0.125
vt 0.4375 0.125
vt 0.4375 0.375
vt 0.0469 0.9375
vt 0.0469 1
vt 0 1
vt 0 0.9375
vt 0.375 0.125
vt 0.375 0.375
vt 0.5 0.375
vt 0.5 0.125
vt 0.375 0.125
vt 0.375 0.375
vt 0.5 0.375
vt 0.5 0.125
vt 0.3773 0
vt 0.4352 0.1
vt 0.4367 0.1875
vt 0.3773 0.2844
vt 0.4984 0
vt 0.4406 0.1
vt 0.4391 0.1875
vt 0.4984 0.2844
vt 0.375 0.375
vt 0.375 0.125
vt 0.5 0.125
vt 0.5 0.375
vt 0.375 0.375
vt 0.375 0
vt 0.5 0
vt 0.5 0.375
vt 0.5 0.375
vt 0.5 0
vt 0.375 0
vt 0.375 0.375
vn 1 0 0
vn -1 0 0
vn 0 0 -1
vn 0 0 1
vn 0 1 0
vn 0 -1 0
vn -1 0 0
vn 1 0 0
vn 0 0 -1
vn 0 0 1
vn 0 1 0
vn 0 -1 0
vn 0 0 -1
vn 0 0 1
vn 0 1 0
vn 0 -1 0
vn 1 0 0
vn -1 0 0
vn 0 0 -1
vn 0 0 1
vn 0 1 0
vn 0 -1 0
vn 1 0 0
vn -1 0 0
vn 0 0 -1
vn 0 0 1
vn 0 -1 0
vn 1 0 0
vn -1 0 0
vn 0 0 -1
vn 0 0 1
vn 0 -1 0
vn 1 0 0
vn -1 0 0
vn 0 0 -1
vn 0 0 1
vn 0 1 0
vn 0 -1 0
vn 1 0 0
vn 0 1 0
vn -1 0 0
vn 0 -1 0
vn 1 0 0
vn -1 0 0
vn 0 0 -1
vn 0 0 1
vn 0 1 0
vn 0 -1 0
vn 1 0 0
vn 0 1 0
vn -1 0 0
vn 0 -1 0
vn 1 0 0
vn -1 0 0
vn 0 0 1
vn 0 1 0
vn 0 -1 0
vn 1 0 0
vn -1 0 0
vn 0 0 1
vn 0 1 0
vn 0 -1 0
vn 1 0 0
vn -1 0 0
vn 0 0 -1
vn 0 0.55 -0.83
vn 0 -0.55 -0.83
vn 1 0 0
vn -1 0 0
vn 0 0 1
vn 0 1 0
vn 0 -1 0
vn 1 0 0
vn -1 0 0
vn 0 0 1
vn 0 1 0
vn 0 -1 0
vn 1 0 0
vn -1 0 0
vn 0 0 -1
vn 0 0.55 -0.83
vn 0 -0.55 -0.83
usemtl inserter_gray
f 1002/2501/626 1000/2502/626 999/2503/626
f 1002/2501/626 999/2503/626 1001/2504/626
f 1005/2505/627 1003/2506/627 1004/2507/627
f 1005/2505/627 1004/2507/627 1006/2508/627
f 999/2509/628 1000/2510/628 1004/2511/628
f 999/2509/628 1004/2511/628 1003/2512/628
f 1002/2513/629 1001/2514/629 1005/2515/629
f 1002/2513/629 1005/2515/629 1006/2516/629
f 1001/2517/630 999/2518/630 1003/2519/630
f 1001/2517/630 1003/2519/630 1005/2520/630
f 1006/2521/631 1004/2522/631 1000/2523/631
f 1006/2521/631 1000/2523/631 1002/2524/631
f 1007/2525/632 1008/2526/632 1010/2527/632
f 1007/2525/632 1010/2527/632 1009/2528/632
f 1012/2529/633 1011/2530/633 1013/2531/633
f 1012/2529/633 1013/2531/633 1014/2532/633
f 1012/2533/634 1008/2534/634 1007/2535/634
f 1012/2533/634 1007/2535/634 1011/2536/634
f 1013/2537/635 1009/2538/635 1010/2539/635
f 1013/2537/635 1010/2539/635 1014/2540/635
f 1011/2541/636 1007/2542/636 1009/2543/636
f 1011/2541/636 1009/2543/636 1013/2544/636
f 1008/2545/637 1012/2546/637 1014/2547/637
f 1008/2545/637 1014/2547/637 1010/2548/637
f 1015/2549/638 1016/2550/638 1020/2551/638
f 1015/2549/638 1020/2551/638 1019/2552/638
f 1018/2553/639 1017/2554/639 1021/2555/639
f 1018/2553/639 1021/2555/639 1022/2556/639
f 1017/2557/640 1015/2558/640 1019/2559/640
f 1017/2557/640 1019/2559/640 1021/2560/640
f 1022/2561/641 1020/2562/641 1016/2563/641
f 1022/2561/641 1016/2563/641 1018/2564/641
f 1026/2565/642 1024/2566/642 1023/2567/642
f 1026/2565/642 1023/2567/642 1025/2568/642
f 1029/2569/643 1027/2570/643 1028/2571/643
f 1029/2569/643 1028/2571/643 1030/2572/643
f 1023/2573/644 1024/2574/644 1028/2575/644
f 1023/2573/644 1028/2575/644 1027/2576/644
f 1026/2577/645 1025/2578/645 1029/2579/645
f 1026/2577/645 1029/2579/645 1030/2580/645
f 1025/2581/646 1023/2582/646 1027/2583/646
f 1025/2581/646 1027/2583/646 1029/2584/646
f 1030/2585/647 1028/2586/647 1024/2587/647
f 1030/2585/647 1024/2587/647 1026/2588/647
f 1034/2589/648 1032/2590/648 1031/2591/648
f 1034/2589/648 1031/2591/648 1033/2592/648
f 1037/2593/649 1035/2594/649 1036/2595/649
f 1037/2593/649 1036/2595/649 1038/2596/649
f 1031/2597/650 1032/2598/650 1036/2599/650
f 1031/2597/650 1036/2599/650 1035/2600/650
f 1034/2601/651 1033/2602/651 1037/2603/651
f 1034/2601/651 1037/2603/651 1038/2604/651
f 1038/2605/652 1036/2606/652 1032/2607/652
f 1038/2605/652 1032/2607/652 1034/2608/652
f 1042/2609/653 1040/2610/653 1039/2611/653
f 1042/2609/653 1039/2611/653 1041/2612/653
f 1045/2613/654 1043/2614/654 1044/2615/654
f 1045/2613/654 1044/2615/654 1046/2616/654
f 1039/2617/655 1040/2618/655 1044/2619/655
f 1039/2617/655 1044/2619/655 1043/2620/655
f 1042/2621/656 1041/2622/656 1045/2623/656
f 1042/2621/656 1045/2623/656 1046/2624/656
f 1046/2625/657 1044/2626/657 1040/2627/657
f 1046/2625/657 1040/2627/657 1042/2628/657
f 1047/2629/658 1056/2630/658 1055/2631/658
f 1047/2629/658 1055/2631/658 1048/2632/658
f 1052/2633/659 1058/2634/659 1057/2635/659
f 1052/2633/659 1057/2635/659 1051/2636/659
f 1047/2637/660 1048/2638/660 1052/2639/660
f 1047/2637/660 1052/2639/660 1051/2640/660
f 1050/2641/661 1049/2642/661 1053/2643/661
f 1050/2641/661 1053/2643/661 1054/2644/661
f 1051/2645/662 1057/2646/662 1056/2647/662
f 1051/2645/662 1056/2647/662 1047/2648/662
f 1048/2649/663 1055/2650/663 1058/2651/663
f 1048/2649/663 1058/2651/663 1052/2652/663
f 1050/2653/664 1055/2654/664 1056/2655/664
f 1050/2653/664 1056/2655/664 1049/2656/664
f 1049/2657/665 1056/2658/665 1057/2659/665
f 1049/2657/665 1057/2659/665 1053/2660/665
f 1053/2661/666 1057/2662/666 1058/2663/666
f 1053/2661/666 1058/2663/666 1054/2664/666
f 1054/2665/667 1058/2666/667 1055/2667/667
f 1054/2665/667 1055/2667/667 1050/2668/667
f 1059/2669/668 1068/2670/668 1067/2671/668
f 1059/2669/668 1067/2671/668 1060/2672/668
f 1064/2673/669 1070/2674/669 1069/2675/669
f 1064/2673/669 1069/2675/669 1063/2676/669
f 1059/2677/670 1060/2678/670 1064/2679/670
f 1059/2677/670 1064/2679/670 1063/2680/670
f 1062/2681/671 1061/2682/671 1065/2683/671
f 1062/2681/671 1065/2683/671 1066/2684/671
f 1063/2685/672 1069/2686/672 1068/2687/672
f 1063/2685/672 1068/2687/672 1059/2688/672
f 1060/2689/673 1067/2690/673 1070/2691/673
f 1060/2689/673 1070/2691/673 1064/2692/673
f 1062/2693/674 1067/2694/674 1068/2695/674
f 1062/2693/674 1068/2695/674 1061/2696/674
f 1061/2697/675 1068/2698/675 1069/2699/675
f 1061/2697/675 1069/2699/675 1065/2700/675
f 1065/2701/676 1069/2702/676 1070/2703/676
f 1065/2701/676 1070/2703/676 1066/2704/676
f 1066/2705/677 1070/2706/677 1067/2707/677
f 1066/2705/677 1067/2707/677 1062/2708/677
f 1074/2709/678 1072/2710/678 1071/2711/678
f 1074/2709/678 1071/2711/678 1073/2712/678
f 1077/2713/679 1075/2714/679 1076/2715/679
f 1077/2713/679 1076/2715/679 1078/2716/679
f 1074/2717/680 1073/2718/680 1077/2719/680
f 1074/2717/680 1077/2719/680 1078/2720/680
f 1073/2721/681 1071/2722/681 1075/2723/681
f 1073/2721/681 1075/2723/681 1077/2724/681
f 1078/2725/682 1076/2726/682 1072/2727/682
f 1078/2725/682 1072/2727/682 1074/2728/682
f 1082/2729/683 1080/2730/683 1079/2731/683
f 1082/2729/683 1079/2731/683 1081/2732/683
f 1085/2733/684 1083/2734/684 1084/2735/684
f 1085/2733/684 1084/2735/684 1086/2736/684
f 1082/2737/685 1081/2738/685 1085/2739/685
f 1082/2737/685 1085/2739/685 1086/2740/685
f 1081/2741/686 1079/2742/686 1083/2743/686
f 1081/2741/686 1083/2743/686 1085/2744/686
f 1086/2745/687 1084/2746/687 1080/2747/687
f 1086/2745/687 1080/2747/687 1082/2748/687
f 1072/2749/688 1062/2750/688 1061/2751/688
f 1072/2749/688 1061/2751/688 1079/2752/688
f 1083/2753/689 1065/2754/689 1066/2755/689
f 1083/2753/689 1066/2755/689 1076/2756/689
f 1061/2757/690 1062/2758/690 1066/2759/690
f 1061/2757/690 1066/2759/690 1065/2760/690
f 1079/2761/691 1061/2762/691 1065/2763/691
f 1079/2761/691 1065/2763/691 1083/2764/691
f 1076/2765/692 1066/2766/692 1062/2767/692
f 1076/2765/692 1062/2767/692 1072/2768/692
f 1090/2769/693 1088/2770/693 1087/2771/693
f 1090/2769/693 1087/2771/693 1089/2772/693
f 1093/2773/694 1091/2774/694 1092/2775/694
f 1093/2773/694 1092/2775/694 1094/2776/694
f 1090/2777/695 1089/2778/695 1093/2779/695
f 1090/2777/695 1093/2779/695 1094/2780/695
f 1089/2781/696 1087/2782/696 1091/2783/696
f 1089/2781/696 1091/2783/696 1093/2784/696
f 1094/2785/697 1092/2786/697 1088/2787/697
f 1094/2785/697 1088/2787/697 1090/2788/697
f 1098/2789/698 1096/2790/698 1095/2791/698
f 1098/2789/698 1095/2791/698 1097/2792/698
f 1101/2793/699 1099/2794/699 1100/2795/699
f 1101/2793/699 1100/2795/699 1102/2796/699
f 1098/2797/700 1097/2798/700 1101/2799/700
f 1098/2797/700 1101/2799/700 1102/2800/700
f 1097/2801/701 1095/2802/701 1099/2803/701
f 1097/2801/701 1099/2803/701 1101/2804/701
f 1102/2805/702 1100/2806/702 1096/2807/702
f 1102/2805/702 1096/2807/702 1098/2808/702
f 1088/2809/703 1050/2810/703 1049/2811/703
f 1088/2809/703 1049/2811/703 1095/2812/703
f 1099/2813/704 1053/2814/704 1054/2815/704
f 1099/2813/704 1054/2815/704 1092/2816/704
f 1049/2817/705 1050/2818/705 1054/2819/705
f 1049/2817/705 1054/2819/705 1053/2820/705
f 1095/2821/706 1049/2822/706 1053/2823/706
f 1095/2821/706 1053/2823/706 1099/2824/706
f 1092/2825/707 1054/2826/707 1050/2827/707
f 1092/2825/707 1050/2827/707 1088/2828/707
o upper
v 0.125 -1.825 0.2125
v 0.1875 -1.825 0.2125
v 0.1875 -1.8875 0.2125
v 0.125 -1.8875 0.2125
v 0.125 -1.8875 0.775
v 0.1875 -1.8875 0.775
v 0.1875 -1.825 0.775
v 0.125 -1.825 0.775
v 0 -1.825 0.15
v 0.3125 -1.825 0.15
v 0.3125 -1.8875 0.15
v 0 -1.8875 0.15
v 0.0625 -1.8875 0.2125
v 0.25 -1.8875 0.2125
v 0.25 -1.825 0.2125
v 0.0625 -1.825 0.2125
v 0.2188 -1.7937 0.7438
v 0.2188 -1.9187 0.7438
v 0.2188 -1.7937 0.8688
v 0.2188 -1.9187 0.8688
v 0.0938 -1.7937 0.7438
v 0.0938 -1.9187 0.7438
v 0.0938 -1.7937 0.8688
v 0.0938 -1.9187 0.8688
vt 1 0.25
vt 0.9375 0.25
vt 0.9375 0.3125
vt 1 0.3125
vt 1 0.375
vt 0.9375 0.375
vt 0.9375 0.4375
vt 1 0.4375
vt 0.4375 0.5
vt 0.5 0.5
vt 0.5 0
vt 0.4375 0
vt 0.4375 0.5
vt 0.5 0.5
vt 0.5 0.1875
vt 0.4375 0.1875
vt 0.4375 0.5
vt 0.5 0.5
vt 0.5 0
vt 0.4375 0
vt 0.4375 0.5
vt 0.5 0.5
vt 0.5 0
vt 0.4375 0
vt 0.5 0.5
vt 0.5 0.1875
vt 0.4375 0.1875
vt 0.4375 0.5
vt 0.4375 0.5
vt 0.4375 0.3125
vt 0.375 0.3125
vt 0.375 0.5
vt 0.4375 0
vt 0.4375 0.5
vt 0.5 0.375
vt 0.5 0.125
vt 0.4375 0
vt 0.4375 0.5
vt 0.5 0.4375
vt 0.5 0.125
vt 0.4375 0.5
vt 0.5 0.5
vt 0.5 0.375
vt 0.4375 0.375
vt 0.4375 0.5
vt 0.5 0.5
vt 0.5 0.375
vt 0.4375 0.375
vt 0.625 1
vt 0.625 0.875
vt 0.5 0.875
vt 0.5 1
vt 0.625 1
vt 0.625 0.875
vt 0.5 0.875
vt 0.5 1
vt 0.625 0.875
vt 0.625 1
vt 0.5 1
vt 0.5 0.875
vt 0.5 1
vt 0.5 0.875
vt 0.625 0.875
vt 0.625 1
vn 0 0 -1
vn 0 0 1
vn 0 1 0
vn 0 -1 0
vn 1 0 0
vn -1 0 0
vn 0 0 -1
vn 0 0 1
vn 0 1 0
vn 0 -1 0
vn 0.71 0 0.71
vn -0.71 0 0.71
vn 0 0 -1
vn 0 0 1
vn 0 1 0
vn 0 -1 0
usemtl inserter_gray
f 1103/2829/708 1104/2830/708 1105/2831/708
f 1103/2829/708 1105/2831/708 1106/2832/708
f 1107/2833/709 1108/2834/709 1109/2835/709
f 1107/2833/709 1109/2835/709 1110/2836/709
f 1104/2837/710 1103/2838/710 1110/2839/710
f 1104/2837/710 1110/2839/710 1109/2840/710
f 1106/2841/711 1105/2842/711 1108/2843/711
f 1106/2841/711 1108/2843/711 1107/2844/711
f 1105/2845/712 1104/2846/712 1109/2847/712
f 1105/2845/712 1109/2847/712 1108/2848/712
f 1103/2849/713 1106/2850/713 1107/2851/713
f 1103/2849/713 1107/2851/713 1110/2852/713
f 1111/2853/714 1112/2854/714 1113/2855/714
f 1111/2853/714 1113/2855/714 1114/2856/714
f 1115/2857/715 1116/2858/715 1117/2859/715
f 1115/2857/715 1117/2859/715 1118/2860/715
f 1112/2861/716 1111/2862/716 1118/2863/716
f 1112/2861/716 1118/2863/716 1117/2864/716
f 1114/2865/717 1113/2866/717 1116/2867/717
f 1114/2865/717 1116/2867/717 1115/2868/717
f 1113/2869/718 1112/2870/718 1117/2871/718
f 1113/2869/718 1117/2871/718 1116/2872/718
f 1111/2873/719 1114/2874/719 1115/2875/719
f 1111/2873/719 1115/2875/719 1118/2876/719
f 1119/2877/720 1120/2878/720 1124/2879/720
f 1119/2877/720 1124/2879/720 1123/2880/720
f 1122/2881/721 1121/2882/721 1125/2883/721
f 1122/2881/721 1125/2883/721 1126/2884/721
f 1121/2885/722 1119/2886/722 1123/2887/722
f 1121/2885/722 1123/2887/722 1125/2888/722
f 1126/2889/723 1124/2890/723 1120/2891/723
f 1126/2889/723 1120/2891/723 1122/2892/723
o pickerLeft2
v 0.3125 -1.825 -0.225
v 0.3125 -1.8875 -0.225
v 0.3125 -1.825 -0.0375
v 0.3125 -1.8875 -0.0375
v 0.25 -1.825 -0.225
v 0.25 -1.8875 -0.225
v 0.25 -1.825 -0.0375
v 0.25 -1.8875 -0.0375
vt 0.6875 0.8125
vt 0.6875 1
vt 0.625 1
vt 0.625 0.8125
vt 0.6875 0.8125
vt 0.6875 1
vt 0.625 1
vt 0.625 0.8125
vt 0.6875 0.9375
vt 0.6875 1
vt 0.625 1
vt 0.625 0.9375
vt 0.6875 0.8125
vt 0.6875 0.875
vt 0.625 0.875
vt 0.625 0.8125
vt 0.6875 0.8125
vt 0.6875 1
vt 0.625 1
vt 0.625 0.8125
vt 0.6875 0.8125
vt 0.6875 1
vt 0.625 1
vt 0.625 0.8125
vn 1 0 0
vn -1 0 0
vn 0 0 -1
vn 0 0 1
vn 0 1 0
vn 0 -1 0
usemtl inserter_gray
f 1130/2893/724 1128/2894/724 1127/2895/724
f 1130/2893/724 1127/2895/724 1129/2896/724
f 1133/2897/725 1131/2898/725 1132/2899/725
f 1133/2897/725 1132/2899/725 1134/2900/725
f 1127/2901/726 1128/2902/726 1132/2903/726
f 1127/2901/726 1132/2903/726 1131/2904/726
f 1130/2905/727 1129/2906/727 1133/2907/727
f 1130/2905/727 1133/2907/727 1134/2908/727
f 1129/2909/728 1127/2910/728 1131/2911/728
f 1129/2909/728 1131/2911/728 1133/2912/728
f 1134/2913/729 1132/2914/729 1128/2915/729
f 1134/2913/729 1128/2915/729 1130/2916/729
o pickerLeft
v 0.3125 -1.825 -0.0375
v 0.3125 -1.8875 -0.0375
v 0.3125 -1.825 0.15
v 0.3125 -1.8875 0.15
v 0.25 -1.825 -0.0375
v 0.25 -1.8875 -0.0375
v 0.25 -1.825 0.15
v 0.25 -1.8875 0.15
vt 0.6875 0.8125
vt 0.6875 1
vt 0.625 1
vt 0.625 0.8125
vt 0.6875 0.8125
vt 0.6875 1
vt 0.625 1
vt 0.625 0.8125
vt 0.6875 0.9375
vt 0.6875 1
vt 0.625 1
vt 0.625 0.9375
vt 0.6875 0.8125
vt 0.6875 0.875
vt 0.625 0.875
vt 0.625 0.8125
vt 0.6875 0.8125
vt 0.6875 1
vt 0.625 1
vt 0.625 0.8125
vt 0.6875 0.8125
vt 0.6875 1
vt 0.625 1
vt 0.625 0.8125
vn 1 0 0
vn -1 0 0
vn 0 0 -1
vn 0 0 1
vn 0 1 0
vn 0 -1 0
usemtl inserter_gray
f 1138/2917/730 1136/2918/730 1135/2919/730
f 1138/2917/730 1135/2919/730 1137/2920/730
f 1141/2921/731 1139/2922/731 1140/2923/731
f 1141/2921/731 1140/2923/731 1142/2924/731
f 1135/2925/732 1136/2926/732 1140/2927/732
f 1135/2925/732 1140/2927/732 1139/2928/732
f 1138/2929/733 1137/2930/733 1141/2931/733
f 1138/2929/733 1141/2931/733 1142/2932/733
f 1137/2933/734 1135/2934/734 1139/2935/734
f 1137/2933/734 1139/2935/734 1141/2936/734
f 1142/2937/735 1140/2938/735 1136/2939/735
f 1142/2937/735 1136/2939/735 1138/2940/735
o pickerRight2
v 0.0625 -1.825 -0.225
v 0.0625 -1.8875 -0.225
v 0.0625 -1.825 -0.0375
v 0.0625 -1.8875 -0.0375
v 0 -1.825 -0.225
v 0 -1.8875 -0.225
v 0 -1.825 -0.0375
v 0 -1.8875 -0.0375
vt 0.6875 0.8125
vt 0.6875 1
vt 0.625 1
vt 0.625 0.8125
vt 0.6875 0.8125
vt 0.6875 1
vt 0.625 1
vt 0.625 0.8125
vt 0.6875 0.9375
vt 0.6875 1
vt 0.625 1
vt 0.625 0.9375
vt 0.6875 0.8125
vt 0.6875 0.875
vt 0.625 0.875
vt 0.625 0.8125
vt 0.6875 0.8125
vt 0.6875 1
vt 0.625 1
vt 0.625 0.8125
vt 0.6875 0.8125
vt 0.6875 1
vt 0.625 1
vt 0.625 0.8125
vn 1 0 0
vn -1 0 0
vn 0 0 -1
vn 0 0 1
vn 0 1 0
vn 0 -1 0
usemtl inserter_gray
f 1146/2941/736 1144/2942/736 1143/2943/736
f 1146/2941/736 1143/2943/736 1145/2944/736
f 1149/2945/737 1147/2946/737 1148/2947/737
f 1149/2945/737 1148/2947/737 1150/2948/737
f 1143/2949/738 1144/2950/738 1148/2951/738
f 1143/2949/738 1148/2951/738 1147/2952/738
f 1146/2953/739 1145/2954/739 1149/2955/739
f 1146/2953/739 1149/2955/739 1150/2956/739
f 1145/2957/740 1143/2958/740 1147/2959/740
f 1145/2957/740 1147/2959/740 1149/2960/740
f 1150/2961/741 1148/2962/741 1144/2963/741
f 1150/2961/741 1144/2963/741 1146/2964/741
o pickerRight
v 0.0625 -1.825 -0.0375
v 0.0625 -1.8875 -0.0375
v 0.0625 -1.825 0.15
v 0.0625 -1.8875 0.15
v 0 -1.825 -0.0375
v 0 -1.8875 -0.0375
v 0 -1.825 0.15
v 0 -1.8875 0.15
vt 0.6875 0.8125
vt 0.6875 1
vt 0.625 1
vt 0.625 0.8125
vt 0.6875 0.8125
vt 0.6875 1
vt 0.625 1
vt 0.625 0.8125
vt 0.6875 0.9375
vt 0.6875 1
vt 0.625 1
vt 0.625 0.9375
vt 0.6875 0.8125
vt 0.6875 0.875
vt 0.625 0.875
vt 0.625 0.8125
vt 0.6875 0.8125
vt 0.6875 1
vt 0.625 1
vt 0.625 0.8125
vt 0.6875 0.8125
vt 0.6875 1
vt 0.625 1
vt 0.625 0.8125
vn 1 0 0
vn -1 0 0
vn 0 0 -1
vn 0 0 1
vn 0 1 0
vn 0 -1 0
usemtl inserter_gray
f 1154/2965/742 1152/2966/742 1151/2967/742
f 1154/2965/742 1151/2967/742 1153/2968/742
f 1157/2969/743 1155/2970/743 1156/2971/743
f 1157/2969/743 1156/2971/743 1158/2972/743
f 1151/2973/744 1152/2974/744 1156/2975/744
f 1151/2973/744 1156/2975/744 1155/2976/744
f 1154/2977/745 1153/2978/745 1157/2979/745
f 1154/2977/745 1157/2979/745 1158/2980/745
f 1153/2981/746 1151/2982/746 1155/2983/746
f 1153/2981/746 1155/2983/746 1157/2984/746
f 1158/2985/747 1156/2986/747 1152/2987/747
f 1158/2985/747 1152/2987/747 1154/2988/747