# Made by Pabilo8 with Blockbench
# Exported with IIToolkit Plugin
mtllib machinegun.mtl


o base
v -0.375 -2.247825625 2.337983125
v 0.6875 -2.1875 1.5625
v 0.6875 -2.1875 1.25
v 0.6875 -2.6875 1.5625
v 0.6875 -2.6875 1.25
v 0.3125 -2.1875 1.5625
v 0.3125 -2.1875 1.25
v 0.3125 -2.6875 1.5625
v 0.3125 -2.6875 1.25
v -0.4763949999999999 -2.226119375 1.1409387500000001
v -0.3098818750000001 -2.00162375 0.64093875
v -0.432983125 -1.9799175 0.64093875
v -0.35329374999999996 -2.247825625 0.64093875
v -0.4763949999999999 -2.226119375 0.64093875
v -0.3098818750000001 -2.00162375 1.1409387500000001
v -0.432983125 -1.9799175 1.1409387500000001
v -0.35329374999999996 -2.247825625 1.1409387500000001
v -0.4763949999999999 -2.226119375 1.70343875
v -0.3098818750000001 -2.00162375 1.2034387500000001
v -0.432983125 -1.9799175 1.2034387500000001
v -0.35329374999999996 -2.247825625 1.2034387500000001
v -0.4763949999999999 -2.226119375 1.2034387500000001
v -0.3098818750000001 -2.00162375 1.70343875
v -0.432983125 -1.9799175 1.70343875
v -0.35329374999999996 -2.247825625 1.70343875
v -0.4763949999999999 -2.226119375 2.32843875
v -0.3098818750000001 -2.00162375 1.82843875
v -0.432983125 -1.9799175 1.82843875
v -0.35329374999999996 -2.247825625 1.82843875
v -0.4763949999999999 -2.226119375 1.82843875
v -0.3098818750000001 -2.00162375 2.32843875
v -0.432983125 -1.9799175 2.32843875
v -0.35329374999999996 -2.247825625 2.32843875
v -0.519806875 -2.4723212500000002 2.07843875
v -0.35329374999999996 -2.247825625 1.57843875
v -0.4763949999999999 -2.226119375 1.57843875
v -0.39670625000000004 -2.4940275 1.57843875
v -0.519806875 -2.4723212500000002 1.57843875
v -0.35329374999999996 -2.247825625 2.07843875
v -0.4763949999999999 -2.226119375 2.07843875
v -0.39670625000000004 -2.4940275 2.07843875
v -0.519806875 -2.4723212500000002 1.3909387500000001
v -0.35329374999999996 -2.247825625 0.89093875
v -0.4763949999999999 -2.226119375 0.89093875
v -0.39670625000000004 -2.4940275 0.89093875
v -0.519806875 -2.4723212500000002 0.89093875
v -0.35329374999999996 -2.247825625 1.3909387500000001
v -0.4763949999999999 -2.226119375 1.3909387500000001
v -0.39670625000000004 -2.4940275 1.3909387500000001
v -0.5632187499999999 -2.718523125 1.0784387500000001
v -0.39670625000000004 -2.4940275 0.57843875
v -0.519806875 -2.4723212500000002 0.57843875
v -0.4401181249999999 -2.740229375 0.57843875
v -0.5632187499999999 -2.718523125 0.57843875
v -0.39670625000000004 -2.4940275 1.0784387500000001
v -0.519806875 -2.4723212500000002 1.0784387500000001
v -0.4401181249999999 -2.740229375 1.0784387500000001
v -0.5632187499999999 -2.718523125 1.70343875
v -0.39670625000000004 -2.4940275 1.2034387500000001
v -0.519806875 -2.4723212500000002 1.2034387500000001
v -0.4401181249999999 -2.740229375 1.2034387500000001
v -0.5632187499999999 -2.718523125 1.2034387500000001
v -0.39670625000000004 -2.4940275 1.70343875
v -0.519806875 -2.4723212500000002 1.70343875
v -0.4401181249999999 -2.740229375 1.70343875
v -0.5632187499999999 -2.718523125 2.45343875
v -0.39670625000000004 -2.4940275 1.95343875
v -0.519806875 -2.4723212500000002 1.95343875
v -0.4401181249999999 -2.740229375 1.95343875
v -0.5632187499999999 -2.718523125 1.95343875
v -0.39670625000000004 -2.4940275 2.45343875
v -0.519806875 -2.4723212500000002 2.45343875
v -0.4401181249999999 -2.740229375 2.45343875
v -0.35329374999999996 -2.247825625 2.14093875
v -0.1867812499999999 -2.023329375 1.64093875
v -0.3098818750000001 -2.00162375 1.64093875
v -0.230193125 -2.26953125 1.64093875
v -0.35329374999999996 -2.247825625 1.64093875
v -0.1867812499999999 -2.023329375 2.14093875
v -0.3098818750000001 -2.00162375 2.14093875
v -0.230193125 -2.26953125 2.14093875
v -0.35329374999999996 -2.247825625 1.3909387500000001
v -0.1867812499999999 -2.023329375 0.89093875
v -0.3098818750000001 -2.00162375 0.89093875
v -0.230193125 -2.26953125 0.89093875
v -0.35329374999999996 -2.247825625 0.89093875
v -0.1867812499999999 -2.023329375 1.3909387500000001
v -0.3098818750000001 -2.00162375 1.3909387500000001
v -0.230193125 -2.26953125 1.3909387500000001
v -0.4401181249999999 -2.740229375 2.07843875
v -0.2736050000000001 -2.5157331249999997 1.57843875
v -0.39670625000000004 -2.4940275 1.57843875
v -0.317016875 -2.761935625 1.57843875
v -0.4401181249999999 -2.740229375 1.57843875
v -0.2736050000000001 -2.5157331249999997 2.07843875
v -0.39670625000000004 -2.4940275 2.07843875
v -0.317016875 -2.761935625 2.07843875
v -0.4401181249999999 -2.740229375 1.3909387500000001
v -0.2736050000000001 -2.5157331249999997 0.89093875
v -0.39670625000000004 -2.4940275 0.89093875
v -0.317016875 -2.761935625 0.89093875
v -0.4401181249999999 -2.740229375 0.89093875
v -0.2736050000000001 -2.5157331249999997 1.3909387500000001
v -0.39670625000000004 -2.4940275 1.3909387500000001
v -0.317016875 -2.761935625 1.3909387500000001
v -0.39670625000000004 -2.4940275 1.0784387500000001
v -0.230193125 -2.26953125 0.57843875
v -0.35329374999999996 -2.247825625 0.57843875
v -0.2736050000000001 -2.5157331249999997 0.57843875
v -0.39670625000000004 -2.4940275 0.57843875
v -0.230193125 -2.26953125 1.0784387500000001
v -0.35329374999999996 -2.247825625 1.0784387500000001
v -0.2736050000000001 -2.5157331249999997 1.0784387500000001
v -0.39670625000000004 -2.4940275 1.76593875
v -0.230193125 -2.26953125 1.2659387500000001
v -0.35329374999999996 -2.247825625 1.2659387500000001
v -0.2736050000000001 -2.5157331249999997 1.2659387500000001
v -0.39670625000000004 -2.4940275 1.2659387500000001
v -0.230193125 -2.26953125 1.76593875
v -0.35329374999999996 -2.247825625 1.76593875
v -0.2736050000000001 -2.5157331249999997 1.76593875
v -0.39670625000000004 -2.4940275 2.39093875
v -0.230193125 -2.26953125 1.89093875
v -0.35329374999999996 -2.247825625 1.89093875
v -0.2736050000000001 -2.5157331249999997 1.89093875
v -0.39670625000000004 -2.4940275 1.89093875
v -0.230193125 -2.26953125 2.39093875
v -0.35329374999999996 -2.247825625 2.39093875
v -0.2736050000000001 -2.5157331249999997 2.39093875
v 0.0625 -2.4723212500000002 2.504495625
v -0.4375 -2.247825625 2.337983125
v -0.4375 -2.226119375 2.46108375
v -0.4375 -2.4940275 2.381395
v -0.4375 -2.4723212500000002 2.504495625
v 0.0625 -2.247825625 2.337983125
v 0.0625 -2.226119375 2.46108375
v 0.0625 -2.4940275 2.381395
v 0.0625 -2.740229375 2.424806875
v -0.4375 -2.5157331249999997 2.25829375
v -0.4375 -2.4940275 2.381395
v -0.4375 -2.761935625 2.30170625
v -0.4375 -2.740229375 2.424806875
v 0.0625 -2.5157331249999997 2.25829375
v 0.0625 -2.4940275 2.381395
v 0.0625 -2.761935625 2.30170625
v 0.375 -2.718523125 2.547908125
v -0.125 -2.4940275 2.381395
v -0.125 -2.4723212500000002 2.504495625
v -0.125 -2.740229375 2.424806875
v -0.125 -2.718523125 2.547908125
v 0.375 -2.4940275 2.381395
v 0.375 -2.4723212500000002 2.504495625
v 0.375 -2.740229375 2.424806875
v 0.375 -2.4940275 2.381395
v -0.125 -2.26953125 2.214881875
v -0.125 -2.247825625 2.337983125
v -0.125 -2.5157331249999997 2.25829375
v -0.125 -2.4940275 2.381395
v 0.375 -2.26953125 2.214881875
v 0.375 -2.247825625 2.337983125
v 0.375 -2.5157331249999997 2.25829375
v 0.75 -2.4723212500000002 2.504495625
v 0.25 -2.247825625 2.337983125
v 0.25 -2.226119375 2.46108375
v 0.25 -2.4940275 2.381395
v 0.25 -2.4723212500000002 2.504495625
v 0.75 -2.247825625 2.337983125
v 0.75 -2.226119375 2.46108375
v 0.75 -2.4940275 2.381395
v 0.375 -2.226119375 2.46108375
v -0.125 -2.00162375 2.294570625
v -0.125 -1.9799175 2.417671875
v -0.125 -2.247825625 2.337983125
v -0.125 -2.226119375 2.46108375
v 0.375 -2.00162375 2.294570625
v 0.375 -1.9799175 2.417671875
v 0.375 -2.247825625 2.337983125
v 0.6875 -2.247825625 2.337983125
v 0.1875 -2.023329375 2.1714700000000002
v 0.1875 -2.00162375 2.294570625
v 0.1875 -2.26953125 2.214881875
v 0.1875 -2.247825625 2.337983125
v 0.6875 -2.023329375 2.1714700000000002
v 0.6875 -2.00162375 2.294570625
v 0.6875 -2.26953125 2.214881875
v 0.125 -2.247825625 2.337983125
v -0.375 -2.023329375 2.1714700000000002
v -0.375 -2.00162375 2.294570625
v -0.375 -2.26953125 2.214881875
v 0.125 -2.023329375 2.1714700000000002
v 0.125 -2.00162375 2.294570625
v 0.125 -2.26953125 2.214881875
v 1.0625 -2.4940275 2.381395
v 0.5625 -2.26953125 2.214881875
v 0.5625 -2.247825625 2.337983125
v 0.5625 -2.5157331249999997 2.25829375
v 0.5625 -2.4940275 2.381395
v 1.0625 -2.26953125 2.214881875
v 1.0625 -2.247825625 2.337983125
v 1.0625 -2.5157331249999997 2.25829375
v 1.125 -2.226119375 2.46108375
v 0.625 -2.00162375 2.294570625
v 0.625 -1.9799175 2.417671875
v 0.625 -2.247825625 2.337983125
v 0.625 -2.226119375 2.46108375
v 1.125 -2.00162375 2.294570625
v 1.125 -1.9799175 2.417671875
v 1.125 -2.247825625 2.337983125
v 1.4375 -2.740229375 2.424806875
v 0.9375 -2.5157331249999997 2.25829375
v 0.9375 -2.4940275 2.381395
v 0.9375 -2.761935625 2.30170625
v 0.9375 -2.740229375 2.424806875
v 1.4375 -2.5157331249999997 2.25829375
v 1.4375 -2.4940275 2.381395
v 1.4375 -2.761935625 2.30170625
v 1.0625 -2.718523125 2.547908125
v 0.5625 -2.4940275 2.381395
v 0.5625 -2.4723212500000002 2.504495625
v 0.5625 -2.740229375 2.424806875
v 0.5625 -2.718523125 2.547908125
v 1.0625 -2.4940275 2.381395
v 1.0625 -2.4723212500000002 2.504495625
v 1.0625 -2.740229375 2.424806875
v 0.6875 -2.740229375 2.424806875
v 0.1875 -2.5157331249999997 2.25829375
v 0.1875 -2.4940275 2.381395
v 0.1875 -2.761935625 2.30170625
v 0.1875 -2.740229375 2.424806875
v 0.6875 -2.5157331249999997 2.25829375
v 0.6875 -2.4940275 2.381395
v 0.6875 -2.761935625 2.30170625
v 1.3125 -2.247825625 2.337983125
v 0.8125 -2.023329375 2.1714700000000002
v 0.8125 -2.00162375 2.294570625
v 0.8125 -2.26953125 2.214881875
v 0.8125 -2.247825625 2.337983125
v 1.3125 -2.023329375 2.1714700000000002
v 1.3125 -2.00162375 2.294570625
v 1.3125 -2.26953125 2.214881875
v 1.4375 -2.4723212500000002 2.504495625
v 0.9375 -2.247825625 2.337983125
v 0.9375 -2.226119375 2.46108375
v 0.9375 -2.4940275 2.381395
v 0.9375 -2.4723212500000002 2.504495625
v 1.4375 -2.247825625 2.337983125
v 1.4375 -2.226119375 2.46108375
v 1.4375 -2.4940275 2.381395
v 1.457645 -2.226119375 1.89093875
v 1.291131875 -2.00162375 2.39093875
v 1.414233125 -1.9799175 2.39093875
v 1.33454375 -2.247825625 2.39093875
v 1.457645 -2.226119375 2.39093875
v 1.291131875 -2.00162375 1.89093875
v 1.414233125 -1.9799175 1.89093875
v 1.33454375 -2.247825625 1.89093875
v 1.37795625 -2.4940275 1.95343875
v 1.211443125 -2.26953125 2.45343875
v 1.33454375 -2.247825625 2.45343875
v 1.254855 -2.5157331249999997 2.45343875
v 1.37795625 -2.4940275 2.45343875
v 1.211443125 -2.26953125 1.95343875
v 1.33454375 -2.247825625 1.95343875
v 1.254855 -2.5157331249999997 1.95343875
v 1.54446875 -2.718523125 1.95343875
v 1.37795625 -2.4940275 2.45343875
v 1.501056875 -2.4723212500000002 2.45343875
v 1.421368125 -2.740229375 2.45343875
v 1.54446875 -2.718523125 2.45343875
v 1.37795625 -2.4940275 1.95343875
v 1.501056875 -2.4723212500000002 1.95343875
v 1.421368125 -2.740229375 1.95343875
v 1.501056875 -2.4723212500000002 1.64093875
v 1.33454375 -2.247825625 2.14093875
v 1.457645 -2.226119375 2.14093875
v 1.37795625 -2.4940275 2.14093875
v 1.501056875 -2.4723212500000002 2.14093875
v 1.33454375 -2.247825625 1.64093875
v 1.457645 -2.226119375 1.64093875
v 1.37795625 -2.4940275 1.64093875
v 1.54446875 -2.718523125 1.3284387500000001
v 1.37795625 -2.4940275 1.82843875
v 1.501056875 -2.4723212500000002 1.82843875
v 1.421368125 -2.740229375 1.82843875
v 1.54446875 -2.718523125 1.82843875
v 1.37795625 -2.4940275 1.3284387500000001
v 1.501056875 -2.4723212500000002 1.3284387500000001
v 1.421368125 -2.740229375 1.3284387500000001
v 1.501056875 -2.4723212500000002 0.95343875
v 1.33454375 -2.247825625 1.45343875
v 1.457645 -2.226119375 1.45343875
v 1.37795625 -2.4940275 1.45343875
v 1.501056875 -2.4723212500000002 1.45343875
v 1.33454375 -2.247825625 0.95343875
v 1.457645 -2.226119375 0.95343875
v 1.37795625 -2.4940275 0.95343875
v 1.421368125 -2.740229375 1.64093875
v 1.254855 -2.5157331249999997 2.14093875
v 1.37795625 -2.4940275 2.14093875
v 1.298266875 -2.761935625 2.14093875
v 1.421368125 -2.740229375 2.14093875
v 1.254855 -2.5157331249999997 1.64093875
v 1.37795625 -2.4940275 1.64093875
v 1.298266875 -2.761935625 1.64093875
v 1.33454375 -2.247825625 1.64093875
v 1.16803125 -2.023329375 2.14093875
v 1.291131875 -2.00162375 2.14093875
v 1.211443125 -2.26953125 2.14093875
v 1.33454375 -2.247825625 2.14093875
v 1.16803125 -2.023329375 1.64093875
v 1.291131875 -2.00162375 1.64093875
v 1.211443125 -2.26953125 1.64093875
v 1.37795625 -2.4940275 1.2659387500000001
v 1.211443125 -2.26953125 1.76593875
v 1.33454375 -2.247825625 1.76593875
v 1.254855 -2.5157331249999997 1.76593875
v 1.37795625 -2.4940275 1.76593875
v 1.211443125 -2.26953125 1.2659387500000001
v 1.33454375 -2.247825625 1.2659387500000001
v 1.254855 -2.5157331249999997 1.2659387500000001
v 1.33454375 -2.247825625 0.89093875
v 1.16803125 -2.023329375 1.3909387500000001
v 1.291131875 -2.00162375 1.3909387500000001
v 1.211443125 -2.26953125 1.3909387500000001
v 1.33454375 -2.247825625 1.3909387500000001
v 1.16803125 -2.023329375 0.89093875
v 1.291131875 -2.00162375 0.89093875
v 1.211443125 -2.26953125 0.89093875
v 1.457645 -2.226119375 1.3284387500000001
v 1.291131875 -2.00162375 1.82843875
v 1.414233125 -1.9799175 1.82843875
v 1.33454375 -2.247825625 1.82843875
v 1.457645 -2.226119375 1.82843875
v 1.291131875 -2.00162375 1.3284387500000001
v 1.414233125 -1.9799175 1.3284387500000001
v 1.33454375 -2.247825625 1.3284387500000001
v 1.421368125 -2.740229375 0.95343875
v 1.254855 -2.5157331249999997 1.45343875
v 1.37795625 -2.4940275 1.45343875
v 1.298266875 -2.761935625 1.45343875
v 1.421368125 -2.740229375 1.45343875
v 1.254855 -2.5157331249999997 0.95343875
v 1.37795625 -2.4940275 0.95343875
v 1.298266875 -2.761935625 0.95343875
v 1.54446875 -2.718523125 0.57843875
v 1.37795625 -2.4940275 1.0784387500000001
v 1.501056875 -2.4723212500000002 1.0784387500000001
v 1.421368125 -2.740229375 1.0784387500000001
v 1.54446875 -2.718523125 1.0784387500000001
v 1.37795625 -2.4940275 0.57843875
v 1.501056875 -2.4723212500000002 0.57843875
v 1.421368125 -2.740229375 0.57843875
v 1.37795625 -2.4940275 0.51593875
v 1.211443125 -2.26953125 1.0159387500000001
v 1.33454375 -2.247825625 1.0159387500000001
v 1.254855 -2.5157331249999997 1.0159387500000001
v 1.37795625 -2.4940275 1.0159387500000001
v 1.211443125 -2.26953125 0.51593875
v 1.33454375 -2.247825625 0.51593875
v 1.254855 -2.5157331249999997 0.51593875
v 0.625 -2.718523125 0.39022
v 1.125 -2.4940275 0.556733125
v 1.125 -2.4723212500000002 0.433631875
v 1.125 -2.740229375 0.513320625
v 1.125 -2.718523125 0.39022
v 0.625 -2.4940275 0.556733125
v 0.625 -2.4723212500000002 0.433631875
v 0.625 -2.740229375 0.513320625
v 1.457645 -2.226119375 0.70343875
v 1.291131875 -2.00162375 1.2034387500000001
v 1.414233125 -1.9799175 1.2034387500000001
v 1.33454375 -2.247825625 1.2034387500000001
v 1.457645 -2.226119375 1.2034387500000001
v 1.291131875 -2.00162375 0.70343875
v 1.414233125 -1.9799175 0.70343875
v 1.33454375 -2.247825625 0.70343875
v 0.875 -2.247825625 0.600145
v 1.375 -2.023329375 0.766658125
v 1.375 -2.00162375 0.643556875
v 1.375 -2.26953125 0.723245625
v 1.375 -2.247825625 0.600145
v 0.875 -2.023329375 0.766658125
v 0.875 -2.00162375 0.643556875
v 0.875 -2.26953125 0.723245625
v 0.9375 -2.4723212500000002 0.433631875
v 1.4375 -2.247825625 0.600145
v 1.4375 -2.226119375 0.47704375
v 1.4375 -2.4940275 0.556733125
v 1.4375 -2.4723212500000002 0.433631875
v 0.9375 -2.247825625 0.600145
v 0.9375 -2.226119375 0.47704375
v 0.9375 -2.4940275 0.556733125
v 0.625 -2.226119375 0.47704375
v 1.125 -2.00162375 0.643556875
v 1.125 -1.9799175 0.52045625
v 1.125 -2.247825625 0.600145
v 1.125 -2.226119375 0.47704375
v 0.625 -2.00162375 0.643556875
v 0.625 -1.9799175 0.52045625
v 0.625 -2.247825625 0.600145
v 0.9375 -2.740229375 0.513320625
v 1.4375 -2.5157331249999997 0.67983375
v 1.4375 -2.4940275 0.556733125
v 1.4375 -2.761935625 0.636421875
v 1.4375 -2.740229375 0.513320625
v 0.9375 -2.5157331249999997 0.67983375
v 0.9375 -2.4940275 0.556733125
v 0.9375 -2.761935625 0.636421875
v 0.25 -2.4723212500000002 0.433631875
v 0.75 -2.247825625 0.600145
v 0.75 -2.226119375 0.47704375
v 0.75 -2.4940275 0.556733125
v 0.75 -2.4723212500000002 0.433631875
v 0.25 -2.247825625 0.600145
v 0.25 -2.226119375 0.47704375
v 0.25 -2.4940275 0.556733125
v 0.625 -2.4940275 0.556733125
v 1.125 -2.26953125 0.723245625
v 1.125 -2.247825625 0.600145
v 1.125 -2.5157331249999997 0.67983375
v 1.125 -2.4940275 0.556733125
v 0.625 -2.26953125 0.723245625
v 0.625 -2.247825625 0.600145
v 0.625 -2.5157331249999997 0.67983375
v 0.3125 -2.247825625 0.600145
v 0.8125 -2.023329375 0.766658125
v 0.8125 -2.00162375 0.643556875
v 0.8125 -2.26953125 0.723245625
v 0.8125 -2.247825625 0.600145
v 0.3125 -2.023329375 0.766658125
v 0.3125 -2.00162375 0.643556875
v 0.3125 -2.26953125 0.723245625
v 0.3125 -2.740229375 0.513320625
v 0.8125 -2.5157331249999997 0.67983375
v 0.8125 -2.4940275 0.556733125
v 0.8125 -2.761935625 0.636421875
v 0.8125 -2.740229375 0.513320625
v 0.3125 -2.5157331249999997 0.67983375
v 0.3125 -2.4940275 0.556733125
v 0.3125 -2.761935625 0.636421875
v -0.0625 -2.718523125 0.39022
v 0.4375 -2.4940275 0.556733125
v 0.4375 -2.4723212500000002 0.433631875
v 0.4375 -2.740229375 0.513320625
v 0.4375 -2.718523125 0.39022
v -0.0625 -2.4940275 0.556733125
v -0.0625 -2.4723212500000002 0.433631875
v -0.0625 -2.740229375 0.513320625
v -0.0625 -2.4940275 0.556733125
v 0.4375 -2.26953125 0.723245625
v 0.4375 -2.247825625 0.600145
v 0.4375 -2.5157331249999997 0.67983375
v 0.4375 -2.4940275 0.556733125
v -0.0625 -2.26953125 0.723245625
v -0.0625 -2.247825625 0.600145
v -0.0625 -2.5157331249999997 0.67983375
v -0.125 -2.226119375 0.47704375
v 0.375 -2.00162375 0.643556875
v 0.375 -1.9799175 0.52045625
v 0.375 -2.247825625 0.600145
v 0.375 -2.226119375 0.47704375
v -0.125 -2.00162375 0.643556875
v -0.125 -1.9799175 0.52045625
v -0.125 -2.247825625 0.600145
v -0.4375 -2.4723212500000002 0.433631875
v 0.0625 -2.247825625 0.600145
v 0.0625 -2.226119375 0.47704375
v 0.0625 -2.4940275 0.556733125
v 0.0625 -2.4723212500000002 0.433631875
v -0.4375 -2.247825625 0.600145
v -0.4375 -2.226119375 0.47704375
v -0.4375 -2.4940275 0.556733125
v -0.4375 -2.740229375 0.513320625
v 0.0625 -2.5157331249999997 0.67983375
v 0.0625 -2.4940275 0.556733125
v 0.0625 -2.761935625 0.636421875
v 0.0625 -2.740229375 0.513320625
v -0.4375 -2.5157331249999997 0.67983375
v -0.4375 -2.4940275 0.556733125
v -0.4375 -2.761935625 0.636421875
v -0.3125 -2.247825625 0.600145
v 0.1875 -2.023329375 0.766658125
v 0.1875 -2.00162375 0.643556875
v 0.1875 -2.26953125 0.723245625
v 0.1875 -2.247825625 0.600145
v -0.3125 -2.023329375 0.766658125
v -0.3125 -2.00162375 0.643556875
v -0.3125 -2.26953125 0.723245625
vt 0.359375 0.75
vt 0.359375 0.875
vt 0.28125 0.875
vt 0.28125 0.75
vt 0.359375 0.75
vt 0.359375 0.875
vt 0.28125 0.875
vt 0.28125 0.75
vt 0.453125 0.875
vt 0.453125 0.953125
vt 0.359375 0.953125
vt 0.359375 0.875
vt 0.453125 0.875
vt 0.453125 0.953125
vt 0.359375 0.953125
vt 0.359375 0.875
vt 0.453125 0.75
vt 0.453125 0.875
vt 0.359375 0.875
vt 0.359375 0.75
vt 0.453125 0.75
vt 0.453125 0.875
vt 0.359375 0.875
vt 0.359375 0.75
vt 0.125 0.3125
vt 0.125 0.375
vt 0.09375 0.375
vt 0.09375 0.3125
vt 0.125 0.3125
vt 0.125 0.375
vt 0.09375 0.375
vt 0.09375 0.3125
vt 0.125 0.34375
vt 0.125 0.375
vt 0 0.375
vt 0 0.34375
vt 0.125 0.34375
vt 0.125 0.375
vt 0 0.375
vt 0 0.34375
vt 0.125 0.3125
vt 0.125 0.375
vt 0 0.375
vt 0 0.3125
vt 0.125 0.3125
vt 0.125 0.375
vt 0 0.375
vt 0 0.3125
vt 0.125 0.375
vt 0.125 0.4375
vt 0.09375 0.4375
vt 0.09375 0.375
vt 0.125 0.375
vt 0.125 0.4375
vt 0.09375 0.4375
vt 0.09375 0.375
vt 0.125 0.40625
vt 0.125 0.4375
vt 0 0.4375
vt 0 0.40625
vt 0.125 0.40625
vt 0.125 0.4375
vt 0 0.4375
vt 0 0.40625
vt 0.125 0.375
vt 0.125 0.4375
vt 0 0.4375
vt 0 0.375
vt 0.125 0.375
vt 0.125 0.4375
vt 0 0.4375
vt 0 0.375
vt 0.125 0.3125
vt 0.125 0.375
vt 0.09375 0.375
vt 0.09375 0.3125
vt 0.125 0.3125
vt 0.125 0.375
vt 0.09375 0.375
vt 0.09375 0.3125
vt 0.125 0.34375
vt 0.125 0.375
vt 0 0.375
vt 0 0.34375
vt 0.125 0.34375
vt 0.125 0.375
vt 0 0.375
vt 0 0.34375
vt 0.125 0.3125
vt 0.125 0.375
vt 0 0.375
vt 0 0.3125
vt 0.125 0.3125
vt 0.125 0.375
vt 0 0.375
vt 0 0.3125
vt 0.125 0.3125
vt 0.125 0.375
vt 0.09375 0.375
vt 0.09375 0.3125
vt 0.125 0.3125
vt 0.125 0.375
vt 0.09375 0.375
vt 0.09375 0.3125
vt 0.125 0.34375
vt 0.125 0.375
vt 0 0.375
vt 0 0.34375
vt 0.125 0.34375
vt 0.125 0.375
vt 0 0.375
vt 0 0.34375
vt 0.125 0.3125
vt 0.125 0.375
vt 0 0.375
vt 0 0.3125
vt 0.125 0.3125
vt 0.125 0.375
vt 0 0.375
vt 0 0.3125
vt 0.125 0.3125
vt 0.125 0.375
vt 0.09375 0.375
vt 0.09375 0.3125
vt 0.125 0.3125
vt 0.125 0.375
vt 0.09375 0.375
vt 0.09375 0.3125
vt 0.125 0.34375
vt 0.125 0.375
vt 0 0.375
vt 0 0.34375
vt 0.125 0.34375
vt 0.125 0.375
vt 0 0.375
vt 0 0.34375
vt 0.125 0.3125
vt 0.125 0.375
vt 0 0.375
vt 0 0.3125
vt 0.125 0.3125
vt 0.125 0.375
vt 0 0.375
vt 0 0.3125
vt 0.125 0.375
vt 0.125 0.4375
vt 0.09375 0.4375
vt 0.09375 0.375
vt 0.125 0.375
vt 0.125 0.4375
vt 0.09375 0.4375
vt 0.09375 0.375
vt 0.125 0.40625
vt 0.125 0.4375
vt 0 0.4375
vt 0 0.40625
vt 0.125 0.40625
vt 0.125 0.4375
vt 0 0.4375
vt 0 0.40625
vt 0.125 0.375
vt 0.125 0.4375
vt 0 0.4375
vt 0 0.375
vt 0.125 0.375
vt 0.125 0.4375
vt 0 0.4375
vt 0 0.375
vt 0.125 0.375
vt 0.125 0.4375
vt 0.09375 0.4375
vt 0.09375 0.375
vt 0.125 0.375
vt 0.125 0.4375
vt 0.09375 0.4375
vt 0.09375 0.375
vt 0.125 0.40625
vt 0.125 0.4375
vt 0 0.4375
vt 0 0.40625
vt 0.125 0.40625
vt 0.125 0.4375
vt 0 0.4375
vt 0 0.40625
vt 0.125 0.375
vt 0.125 0.4375
vt 0 0.4375
vt 0 0.375
vt 0.125 0.375
vt 0.125 0.4375
vt 0 0.4375
vt 0 0.375
vt 0.125 0.3125
vt 0.125 0.375
vt 0.09375 0.375
vt 0.09375 0.3125
vt 0.125 0.3125
vt 0.125 0.375
vt 0.09375 0.375
vt 0.09375 0.3125
vt 0.125 0.34375
vt 0.125 0.375
vt 0 0.375
vt 0 0.34375
vt 0.125 0.34375
vt 0.125 0.375
vt 0 0.375
vt 0 0.34375
vt 0.125 0.3125
vt 0.125 0.375
vt 0 0.375
vt 0 0.3125
vt 0.125 0.3125
vt 0.125 0.375
vt 0 0.375
vt 0 0.3125
vt 0.125 0.3125
vt 0.125 0.375
vt 0.09375 0.375
vt 0.09375 0.3125
vt 0.125 0.3125
vt 0.125 0.375
vt 0.09375 0.375
vt 0.09375 0.3125
vt 0.125 0.34375
vt 0.125 0.375
vt 0 0.375
vt 0 0.34375
vt 0.125 0.34375
vt 0.125 0.375
vt 0 0.375
vt 0 0.34375
vt 0.125 0.3125
vt 0.125 0.375
vt 0 0.375
vt 0 0.3125
vt 0.125 0.3125
vt 0.125 0.375
vt 0 0.375
vt 0 0.3125
vt 0.125 0.375
vt 0.125 0.4375
vt 0.09375 0.4375
vt 0.09375 0.375
vt 0.125 0.375
vt 0.125 0.4375
vt 0.09375 0.4375
vt 0.09375 0.375
vt 0.125 0.40625
vt 0.125 0.4375
vt 0 0.4375
vt 0 0.40625
vt 0.125 0.40625
vt 0.125 0.4375
vt 0 0.4375
vt 0 0.40625
vt 0.125 0.375
vt 0.125 0.4375
vt 0 0.4375
vt 0 0.375
vt 0.125 0.375
vt 0.125 0.4375
vt 0 0.4375
vt 0 0.375
vt 0.125 0.375
vt 0.125 0.4375
vt 0.09375 0.4375
vt 0.09375 0.375
vt 0.125 0.375
vt 0.125 0.4375
vt 0.09375 0.4375
vt 0.09375 0.375
vt 0.125 0.40625
vt 0.125 0.4375
vt 0 0.4375
vt 0 0.40625
vt 0.125 0.40625
vt 0.125 0.4375
vt 0 0.4375
vt 0 0.40625
vt 0.125 0.375
vt 0.125 0.4375
vt 0 0.4375
vt 0 0.375
vt 0.125 0.375
vt 0.125 0.4375
vt 0 0.4375
vt 0 0.375
vt 0.25 0.4375
vt 0.25 0.5
vt 0.21875 0.5
vt 0.21875 0.4375
vt 0.25 0.4375
vt 0.25 0.5
vt 0.21875 0.5
vt 0.21875 0.4375
vt 0.25 0.46875
vt 0.25 0.5
vt 0.125 0.5
vt 0.125 0.46875
vt 0.25 0.46875
vt 0.25 0.5
vt 0.125 0.5
vt 0.125 0.46875
vt 0.25 0.4375
vt 0.25 0.5
vt 0.125 0.5
vt 0.125 0.4375
vt 0.25 0.4375
vt 0.25 0.5
vt 0.125 0.5
vt 0.125 0.4375
vt 0.25 0.4375
vt 0.25 0.5
vt 0.21875 0.5
vt 0.21875 0.4375
vt 0.25 0.4375
vt 0.25 0.5
vt 0.21875 0.5
vt 0.21875 0.4375
vt 0.25 0.46875
vt 0.25 0.5
vt 0.125 0.5
vt 0.125 0.46875
vt 0.25 0.46875
vt 0.25 0.5
vt 0.125 0.5
vt 0.125 0.46875
vt 0.25 0.4375
vt 0.25 0.5
vt 0.125 0.5
vt 0.125 0.4375
vt 0.25 0.4375
vt 0.25 0.5
vt 0.125 0.5
vt 0.125 0.4375
vt 0.125 0.375
vt 0.125 0.4375
vt 0.09375 0.4375
vt 0.09375 0.375
vt 0.125 0.375
vt 0.125 0.4375
vt 0.09375 0.4375
vt 0.09375 0.375
vt 0.125 0.40625
vt 0.125 0.4375
vt 0 0.4375
vt 0 0.40625
vt 0.125 0.40625
vt 0.125 0.4375
vt 0 0.4375
vt 0 0.40625
vt 0.125 0.375
vt 0.125 0.4375
vt 0 0.4375
vt 0 0.375
vt 0.125 0.375
vt 0.125 0.4375
vt 0 0.4375
vt 0 0.375
vt 0.25 0.4375
vt 0.25 0.5
vt 0.21875 0.5
vt 0.21875 0.4375
vt 0.25 0.4375
vt 0.25 0.5
vt 0.21875 0.5
vt 0.21875 0.4375
vt 0.25 0.46875
vt 0.25 0.5
vt 0.125 0.5
vt 0.125 0.46875
vt 0.25 0.46875
vt 0.25 0.5
vt 0.125 0.5
vt 0.125 0.46875
vt 0.25 0.4375
vt 0.25 0.5
vt 0.125 0.5
vt 0.125 0.4375
vt 0.25 0.4375
vt 0.25 0.5
vt 0.125 0.5
vt 0.125 0.4375
vt 0.25 0.4375
vt 0.25 0.5
vt 0.21875 0.5
vt 0.21875 0.4375
vt 0.25 0.4375
vt 0.25 0.5
vt 0.21875 0.5
vt 0.21875 0.4375
vt 0.25 0.46875
vt 0.25 0.5
vt 0.125 0.5
vt 0.125 0.46875
vt 0.25 0.46875
vt 0.25 0.5
vt 0.125 0.5
vt 0.125 0.46875
vt 0.25 0.4375
vt 0.25 0.5
vt 0.125 0.5
vt 0.125 0.4375
vt 0.25 0.4375
vt 0.25 0.5
vt 0.125 0.5
vt 0.125 0.4375
vt 0.125 0.375
vt 0.125 0.4375
vt 0.09375 0.4375
vt 0.09375 0.375
vt 0.125 0.375
vt 0.125 0.4375
vt 0.09375 0.4375
vt 0.09375 0.375
vt 0.125 0.40625
vt 0.125 0.4375
vt 0 0.4375
vt 0 0.40625
vt 0.125 0.40625
vt 0.125 0.4375
vt 0 0.4375
vt 0 0.40625
vt 0.125 0.375
vt 0.125 0.4375
vt 0 0.4375
vt 0 0.375
vt 0.125 0.375
vt 0.125 0.4375
vt 0 0.4375
vt 0 0.375
vt 0.25 0.4375
vt 0.25 0.5
vt 0.21875 0.5
vt 0.21875 0.4375
vt 0.25 0.4375
vt 0.25 0.5
vt 0.21875 0.5
vt 0.21875 0.4375
vt 0.25 0.46875
vt 0.25 0.5
vt 0.125 0.5
vt 0.125 0.46875
vt 0.25 0.46875
vt 0.25 0.5
vt 0.125 0.5
vt 0.125 0.46875
vt 0.25 0.4375
vt 0.25 0.5
vt 0.125 0.5
vt 0.125 0.4375
vt 0.25 0.4375
vt 0.25 0.5
vt 0.125 0.5
vt 0.125 0.4375
vt 0.125 0.3125
vt 0.125 0.375
vt 0.09375 0.375
vt 0.09375 0.3125
vt 0.125 0.3125
vt 0.125 0.375
vt 0.09375 0.375
vt 0.09375 0.3125
vt 0.125 0.34375
vt 0.125 0.375
vt 0 0.375
vt 0 0.34375
vt 0.125 0.34375
vt 0.125 0.375
vt 0 0.375
vt 0 0.34375
vt 0.125 0.3125
vt 0.125 0.375
vt 0 0.375
vt 0 0.3125
vt 0.125 0.3125
vt 0.125 0.375
vt 0 0.375
vt 0 0.3125
vt 0.125 0.375
vt 0.125 0.4375
vt 0.09375 0.4375
vt 0.09375 0.375
vt 0.125 0.375
vt 0.125 0.4375
vt 0.09375 0.4375
vt 0.09375 0.375
vt 0.125 0.40625
vt 0.125 0.4375
vt 0 0.4375
vt 0 0.40625
vt 0.125 0.40625
vt 0.125 0.4375
vt 0 0.4375
vt 0 0.40625
vt 0.125 0.375
vt 0.125 0.4375
vt 0 0.4375
vt 0 0.375
vt 0.125 0.375
vt 0.125 0.4375
vt 0 0.4375
vt 0 0.375
vt 0.125 0.375
vt 0.125 0.4375
vt 0.09375 0.4375
vt 0.09375 0.375
vt 0.125 0.375
vt 0.125 0.4375
vt 0.09375 0.4375
vt 0.09375 0.375
vt 0.125 0.40625
vt 0.125 0.4375
vt 0 0.4375
vt 0 0.40625
vt 0.125 0.40625
vt 0.125 0.4375
vt 0 0.4375
vt 0 0.40625
vt 0.125 0.375
vt 0.125 0.4375
vt 0 0.4375
vt 0 0.375
vt 0.125 0.375
vt 0.125 0.4375
vt 0 0.4375
vt 0 0.375
vt 0.125 0.375
vt 0.125 0.4375
vt 0.09375 0.4375
vt 0.09375 0.375
vt 0.125 0.375
vt 0.125 0.4375
vt 0.09375 0.4375
vt 0.09375 0.375
vt 0.125 0.40625
vt 0.125 0.4375
vt 0 0.4375
vt 0 0.40625
vt 0.125 0.40625
vt 0.125 0.4375
vt 0 0.4375
vt 0 0.40625
vt 0.125 0.375
vt 0.125 0.4375
vt 0 0.4375
vt 0 0.375
vt 0.125 0.375
vt 0.125 0.4375
vt 0 0.4375
vt 0 0.375
vt 0.125 0.3125
vt 0.125 0.375
vt 0.09375 0.375
vt 0.09375 0.3125
vt 0.125 0.3125
vt 0.125 0.375
vt 0.09375 0.375
vt 0.09375 0.3125
vt 0.125 0.34375
vt 0.125 0.375
vt 0 0.375
vt 0 0.34375
vt 0.125 0.34375
vt 0.125 0.375
vt 0 0.375
vt 0 0.34375
vt 0.125 0.3125
vt 0.125 0.375
vt 0 0.375
vt 0 0.3125
vt 0.125 0.3125
vt 0.125 0.375
vt 0 0.375
vt 0 0.3125
vt 0.125 0.3125
vt 0.125 0.375
vt 0.09375 0.375
vt 0.09375 0.3125
vt 0.125 0.3125
vt 0.125 0.375
vt 0.09375 0.375
vt 0.09375 0.3125
vt 0.125 0.34375
vt 0.125 0.375
vt 0 0.375
vt 0 0.34375
vt 0.125 0.34375
vt 0.125 0.375
vt 0 0.375
vt 0 0.34375
vt 0.125 0.3125
vt 0.125 0.375
vt 0 0.375
vt 0 0.3125
vt 0.125 0.3125
vt 0.125 0.375
vt 0 0.375
vt 0 0.3125
vt 0.125 0.3125
vt 0.125 0.375
vt 0.09375 0.375
vt 0.09375 0.3125
vt 0.125 0.3125
vt 0.125 0.375
vt 0.09375 0.375
vt 0.09375 0.3125
vt 0.125 0.34375
vt 0.125 0.375
vt 0 0.375
vt 0 0.34375
vt 0.125 0.34375
vt 0.125 0.375
vt 0 0.375
vt 0 0.34375
vt 0.125 0.3125
vt 0.125 0.375
vt 0 0.375
vt 0 0.3125
vt 0.125 0.3125
vt 0.125 0.375
vt 0 0.375
vt 0 0.3125
vt 0.125 0.3125
vt 0.125 0.375
vt 0.09375 0.375
vt 0.09375 0.3125
vt 0.125 0.3125
vt 0.125 0.375
vt 0.09375 0.375
vt 0.09375 0.3125
vt 0.125 0.34375
vt 0.125 0.375
vt 0 0.375
vt 0 0.34375
vt 0.125 0.34375
vt 0.125 0.375
vt 0 0.375
vt 0 0.34375
vt 0.125 0.3125
vt 0.125 0.375
vt 0 0.375
vt 0 0.3125
vt 0.125 0.3125
vt 0.125 0.375
vt 0 0.375
vt 0 0.3125
vt 0.125 0.375
vt 0.125 0.4375
vt 0.09375 0.4375
vt 0.09375 0.375
vt 0.125 0.375
vt 0.125 0.4375
vt 0.09375 0.4375
vt 0.09375 0.375
vt 0.125 0.40625
vt 0.125 0.4375
vt 0 0.4375
vt 0 0.40625
vt 0.125 0.40625
vt 0.125 0.4375
vt 0 0.4375
vt 0 0.40625
vt 0.125 0.375
vt 0.125 0.4375
vt 0 0.4375
vt 0 0.375
vt 0.125 0.375
vt 0.125 0.4375
vt 0 0.4375
vt 0 0.375
vt 0.125 0.375
vt 0.125 0.4375
vt 0.09375 0.4375
vt 0.09375 0.375
vt 0.125 0.375
vt 0.125 0.4375
vt 0.09375 0.4375
vt 0.09375 0.375
vt 0.125 0.40625
vt 0.125 0.4375
vt 0 0.4375
vt 0 0.40625
vt 0.125 0.40625
vt 0.125 0.4375
vt 0 0.4375
vt 0 0.40625
vt 0.125 0.375
vt 0.125 0.4375
vt 0 0.4375
vt 0 0.375
vt 0.125 0.375
vt 0.125 0.4375
vt 0 0.4375
vt 0 0.375
vt 0.125 0.3125
vt 0.125 0.375
vt 0.09375 0.375
vt 0.09375 0.3125
vt 0.125 0.3125
vt 0.125 0.375
vt 0.09375 0.375
vt 0.09375 0.3125
vt 0.125 0.34375
vt 0.125 0.375
vt 0 0.375
vt 0 0.34375
vt 0.125 0.34375
vt 0.125 0.375
vt 0 0.375
vt 0 0.34375
vt 0.125 0.3125
vt 0.125 0.375
vt 0 0.375
vt 0 0.3125
vt 0.125 0.3125
vt 0.125 0.375
vt 0 0.375
vt 0 0.3125
vt 0.25 0.4375
vt 0.25 0.5
vt 0.21875 0.5
vt 0.21875 0.4375
vt 0.25 0.4375
vt 0.25 0.5
vt 0.21875 0.5
vt 0.21875 0.4375
vt 0.25 0.46875
vt 0.25 0.5
vt 0.125 0.5
vt 0.125 0.46875
vt 0.25 0.46875
vt 0.25 0.5
vt 0.125 0.5
vt 0.125 0.46875
vt 0.25 0.4375
vt 0.25 0.5
vt 0.125 0.5
vt 0.125 0.4375
vt 0.25 0.4375
vt 0.25 0.5
vt 0.125 0.5
vt 0.125 0.4375
vt 0.125 0.3125
vt 0.125 0.375
vt 0.09375 0.375
vt 0.09375 0.3125
vt 0.125 0.3125
vt 0.125 0.375
vt 0.09375 0.375
vt 0.09375 0.3125
vt 0.125 0.34375
vt 0.125 0.375
vt 0 0.375
vt 0 0.34375
vt 0.125 0.34375
vt 0.125 0.375
vt 0 0.375
vt 0 0.34375
vt 0.125 0.3125
vt 0.125 0.375
vt 0 0.375
vt 0 0.3125
vt 0.125 0.3125
vt 0.125 0.375
vt 0 0.375
vt 0 0.3125
vt 0.25 0.4375
vt 0.25 0.5
vt 0.21875 0.5
vt 0.21875 0.4375
vt 0.25 0.4375
vt 0.25 0.5
vt 0.21875 0.5
vt 0.21875 0.4375
vt 0.25 0.46875
vt 0.25 0.5
vt 0.125 0.5
vt 0.125 0.46875
vt 0.25 0.46875
vt 0.25 0.5
vt 0.125 0.5
vt 0.125 0.46875
vt 0.25 0.4375
vt 0.25 0.5
vt 0.125 0.5
vt 0.125 0.4375
vt 0.25 0.4375
vt 0.25 0.5
vt 0.125 0.5
vt 0.125 0.4375
vt 0.125 0.375
vt 0.125 0.4375
vt 0.09375 0.4375
vt 0.09375 0.375
vt 0.125 0.375
vt 0.125 0.4375
vt 0.09375 0.4375
vt 0.09375 0.375
vt 0.125 0.40625
vt 0.125 0.4375
vt 0 0.4375
vt 0 0.40625
vt 0.125 0.40625
vt 0.125 0.4375
vt 0 0.4375
vt 0 0.40625
vt 0.125 0.375
vt 0.125 0.4375
vt 0 0.4375
vt 0 0.375
vt 0.125 0.375
vt 0.125 0.4375
vt 0 0.4375
vt 0 0.375
vt 0.125 0.3125
vt 0.125 0.375
vt 0.09375 0.375
vt 0.09375 0.3125
vt 0.125 0.3125
vt 0.125 0.375
vt 0.09375 0.375
vt 0.09375 0.3125
vt 0.125 0.34375
vt 0.125 0.375
vt 0 0.375
vt 0 0.34375
vt 0.125 0.34375
vt 0.125 0.375
vt 0 0.375
vt 0 0.34375
vt 0.125 0.3125
vt 0.125 0.375
vt 0 0.375
vt 0 0.3125
vt 0.125 0.3125
vt 0.125 0.375
vt 0 0.375
vt 0 0.3125
vt 0.125 0.375
vt 0.125 0.4375
vt 0.09375 0.4375
vt 0.09375 0.375
vt 0.125 0.375
vt 0.125 0.4375
vt 0.09375 0.4375
vt 0.09375 0.375
vt 0.125 0.40625
vt 0.125 0.4375
vt 0 0.4375
vt 0 0.40625
vt 0.125 0.40625
vt 0.125 0.4375
vt 0 0.4375
vt 0 0.40625
vt 0.125 0.375
vt 0.125 0.4375
vt 0 0.4375
vt 0 0.375
vt 0.125 0.375
vt 0.125 0.4375
vt 0 0.4375
vt 0 0.375
vt 0.125 0.3125
vt 0.125 0.375
vt 0.09375 0.375
vt 0.09375 0.3125
vt 0.125 0.3125
vt 0.125 0.375
vt 0.09375 0.375
vt 0.09375 0.3125
vt 0.125 0.34375
vt 0.125 0.375
vt 0 0.375
vt 0 0.34375
vt 0.125 0.34375
vt 0.125 0.375
vt 0 0.375
vt 0 0.34375
vt 0.125 0.3125
vt 0.125 0.375
vt 0 0.375
vt 0 0.3125
vt 0.125 0.3125
vt 0.125 0.375
vt 0 0.375
vt 0 0.3125
vt 0.25 0.4375
vt 0.25 0.5
vt 0.21875 0.5
vt 0.21875 0.4375
vt 0.25 0.4375
vt 0.25 0.5
vt 0.21875 0.5
vt 0.21875 0.4375
vt 0.25 0.46875
vt 0.25 0.5
vt 0.125 0.5
vt 0.125 0.46875
vt 0.25 0.46875
vt 0.25 0.5
vt 0.125 0.5
vt 0.125 0.46875
vt 0.25 0.4375
vt 0.25 0.5
vt 0.125 0.5
vt 0.125 0.4375
vt 0.25 0.4375
vt 0.25 0.5
vt 0.125 0.5
vt 0.125 0.4375
vt 0.125 0.375
vt 0.125 0.4375
vt 0.09375 0.4375
vt 0.09375 0.375
vt 0.125 0.375
vt 0.125 0.4375
vt 0.09375 0.4375
vt 0.09375 0.375
vt 0.125 0.40625
vt 0.125 0.4375
vt 0 0.4375
vt 0 0.40625
vt 0.125 0.40625
vt 0.125 0.4375
vt 0 0.4375
vt 0 0.40625
vt 0.125 0.375
vt 0.125 0.4375
vt 0 0.4375
vt 0 0.375
vt 0.125 0.375
vt 0.125 0.4375
vt 0 0.4375
vt 0 0.375
vt 0.125 0.375
vt 0.125 0.4375
vt 0.09375 0.4375
vt 0.09375 0.375
vt 0.125 0.375
vt 0.125 0.4375
vt 0.09375 0.4375
vt 0.09375 0.375
vt 0.125 0.40625
vt 0.125 0.4375
vt 0 0.4375
vt 0 0.40625
vt 0.125 0.40625
vt 0.125 0.4375
vt 0 0.4375
vt 0 0.40625
vt 0.125 0.375
vt 0.125 0.4375
vt 0 0.4375
vt 0 0.375
vt 0.125 0.375
vt 0.125 0.4375
vt 0 0.4375
vt 0 0.375
vt 0.125 0.3125
vt 0.125 0.375
vt 0.09375 0.375
vt 0.09375 0.3125
vt 0.125 0.3125
vt 0.125 0.375
vt 0.09375 0.375
vt 0.09375 0.3125
vt 0.125 0.34375
vt 0.125 0.375
vt 0 0.375
vt 0 0.34375
vt 0.125 0.34375
vt 0.125 0.375
vt 0 0.375
vt 0 0.34375
vt 0.125 0.3125
vt 0.125 0.375
vt 0 0.375
vt 0 0.3125
vt 0.125 0.3125
vt 0.125 0.375
vt 0 0.375
vt 0 0.3125
vt 0.125 0.375
vt 0.125 0.4375
vt 0.09375 0.4375
vt 0.09375 0.375
vt 0.125 0.375
vt 0.125 0.4375
vt 0.09375 0.4375
vt 0.09375 0.375
vt 0.125 0.40625
vt 0.125 0.4375
vt 0 0.4375
vt 0 0.40625
vt 0.125 0.40625
vt 0.125 0.4375
vt 0 0.4375
vt 0 0.40625
vt 0.125 0.375
vt 0.125 0.4375
vt 0 0.4375
vt 0 0.375
vt 0.125 0.375
vt 0.125 0.4375
vt 0 0.4375
vt 0 0.375
vt 0.125 0.375
vt 0.125 0.4375
vt 0.09375 0.4375
vt 0.09375 0.375
vt 0.125 0.375
vt 0.125 0.4375
vt 0.09375 0.4375
vt 0.09375 0.375
vt 0.125 0.40625
vt 0.125 0.4375
vt 0 0.4375
vt 0 0.40625
vt 0.125 0.40625
vt 0.125 0.4375
vt 0 0.4375
vt 0 0.40625
vt 0.125 0.375
vt 0.125 0.4375
vt 0 0.4375
vt 0 0.375
vt 0.125 0.375
vt 0.125 0.4375
vt 0 0.4375
vt 0 0.375
vt 0.125 0.3125
vt 0.125 0.375
vt 0.09375 0.375
vt 0.09375 0.3125
vt 0.125 0.3125
vt 0.125 0.375
vt 0.09375 0.375
vt 0.09375 0.3125
vt 0.125 0.34375
vt 0.125 0.375
vt 0 0.375
vt 0 0.34375
vt 0.125 0.34375
vt 0.125 0.375
vt 0 0.375
vt 0 0.34375
vt 0.125 0.3125
vt 0.125 0.375
vt 0 0.375
vt 0 0.3125
vt 0.125 0.3125
vt 0.125 0.375
vt 0 0.375
vt 0 0.3125
vt 0.25 0.4375
vt 0.25 0.5
vt 0.21875 0.5
vt 0.21875 0.4375
vt 0.25 0.4375
vt 0.25 0.5
vt 0.21875 0.5
vt 0.21875 0.4375
vt 0.25 0.46875
vt 0.25 0.5
vt 0.125 0.5
vt 0.125 0.46875
vt 0.25 0.46875
vt 0.25 0.5
vt 0.125 0.5
vt 0.125 0.46875
vt 0.25 0.4375
vt 0.25 0.5
vt 0.125 0.5
vt 0.125 0.4375
vt 0.25 0.4375
vt 0.25 0.5
vt 0.125 0.5
vt 0.125 0.4375
vt 0.25 0.4375
vt 0.25 0.5
vt 0.21875 0.5
vt 0.21875 0.4375
vt 0.25 0.4375
vt 0.25 0.5
vt 0.21875 0.5
vt 0.21875 0.4375
vt 0.25 0.46875
vt 0.25 0.5
vt 0.125 0.5
vt 0.125 0.46875
vt 0.25 0.46875
vt 0.25 0.5
vt 0.125 0.5
vt 0.125 0.46875
vt 0.25 0.4375
vt 0.25 0.5
vt 0.125 0.5
vt 0.125 0.4375
vt 0.25 0.4375
vt 0.25 0.5
vt 0.125 0.5
vt 0.125 0.4375
vt 0.125 0.3125
vt 0.125 0.375
vt 0.09375 0.375
vt 0.09375 0.3125
vt 0.125 0.3125
vt 0.125 0.375
vt 0.09375 0.375
vt 0.09375 0.3125
vt 0.125 0.34375
vt 0.125 0.375
vt 0 0.375
vt 0 0.34375
vt 0.125 0.34375
vt 0.125 0.375
vt 0 0.375
vt 0 0.34375
vt 0.125 0.3125
vt 0.125 0.375
vt 0 0.375
vt 0 0.3125
vt 0.125 0.3125
vt 0.125 0.375
vt 0 0.375
vt 0 0.3125
vt 0.125 0.3125
vt 0.125 0.375
vt 0.09375 0.375
vt 0.09375 0.3125
vt 0.125 0.3125
vt 0.125 0.375
vt 0.09375 0.375
vt 0.09375 0.3125
vt 0.125 0.34375
vt 0.125 0.375
vt 0 0.375
vt 0 0.34375
vt 0.125 0.34375
vt 0.125 0.375
vt 0 0.375
vt 0 0.34375
vt 0.125 0.3125
vt 0.125 0.375
vt 0 0.375
vt 0 0.3125
vt 0.125 0.3125
vt 0.125 0.375
vt 0 0.375
vt 0 0.3125
vt 0.25 0.4375
vt 0.25 0.5
vt 0.21875 0.5
vt 0.21875 0.4375
vt 0.25 0.4375
vt 0.25 0.5
vt 0.21875 0.5
vt 0.21875 0.4375
vt 0.25 0.46875
vt 0.25 0.5
vt 0.125 0.5
vt 0.125 0.46875
vt 0.25 0.46875
vt 0.25 0.5
vt 0.125 0.5
vt 0.125 0.46875
vt 0.25 0.4375
vt 0.25 0.5
vt 0.125 0.5
vt 0.125 0.4375
vt 0.25 0.4375
vt 0.25 0.5
vt 0.125 0.5
vt 0.125 0.4375
vt 0.125 0.375
vt 0.125 0.4375
vt 0.09375 0.4375
vt 0.09375 0.375
vt 0.125 0.375
vt 0.125 0.4375
vt 0.09375 0.4375
vt 0.09375 0.375
vt 0.125 0.40625
vt 0.125 0.4375
vt 0 0.4375
vt 0 0.40625
vt 0.125 0.40625
vt 0.125 0.4375
vt 0 0.4375
vt 0 0.40625
vt 0.125 0.375
vt 0.125 0.4375
vt 0 0.4375
vt 0 0.375
vt 0.125 0.375
vt 0.125 0.4375
vt 0 0.4375
vt 0 0.375
vt 0.125 0.375
vt 0.125 0.4375
vt 0.09375 0.4375
vt 0.09375 0.375
vt 0.125 0.375
vt 0.125 0.4375
vt 0.09375 0.4375
vt 0.09375 0.375
vt 0.125 0.40625
vt 0.125 0.4375
vt 0 0.4375
vt 0 0.40625
vt 0.125 0.40625
vt 0.125 0.4375
vt 0 0.4375
vt 0 0.40625
vt 0.125 0.375
vt 0.125 0.4375
vt 0 0.4375
vt 0 0.375
vt 0.125 0.375
vt 0.125 0.4375
vt 0 0.4375
vt 0 0.375
vt 0.125 0.375
vt 0.125 0.4375
vt 0.09375 0.4375
vt 0.09375 0.375
vt 0.125 0.375
vt 0.125 0.4375
vt 0.09375 0.4375
vt 0.09375 0.375
vt 0.125 0.40625
vt 0.125 0.4375
vt 0 0.4375
vt 0 0.40625
vt 0.125 0.40625
vt 0.125 0.4375
vt 0 0.4375
vt 0 0.40625
vt 0.125 0.375
vt 0.125 0.4375
vt 0 0.4375
vt 0 0.375
vt 0.125 0.375
vt 0.125 0.4375
vt 0 0.4375
vt 0 0.375
vt 0.125 0.3125
vt 0.125 0.375
vt 0.09375 0.375
vt 0.09375 0.3125
vt 0.125 0.3125
vt 0.125 0.375
vt 0.09375 0.375
vt 0.09375 0.3125
vt 0.125 0.34375
vt 0.125 0.375
vt 0 0.375
vt 0 0.34375
vt 0.125 0.34375
vt 0.125 0.375
vt 0 0.375
vt 0 0.34375
vt 0.125 0.3125
vt 0.125 0.375
vt 0 0.375
vt 0 0.3125
vt 0.125 0.3125
vt 0.125 0.375
vt 0 0.375
vt 0 0.3125
vt 0.125 0.375
vt 0.125 0.4375
vt 0.09375 0.4375
vt 0.09375 0.375
vt 0.125 0.375
vt 0.125 0.4375
vt 0.09375 0.4375
vt 0.09375 0.375
vt 0.125 0.40625
vt 0.125 0.4375
vt 0 0.4375
vt 0 0.40625
vt 0.125 0.40625
vt 0.125 0.4375
vt 0 0.4375
vt 0 0.40625
vt 0.125 0.375
vt 0.125 0.4375
vt 0 0.4375
vt 0 0.375
vt 0.125 0.375
vt 0.125 0.4375
vt 0 0.4375
vt 0 0.375
vt 0.125 0.375
vt 0.125 0.4375
vt 0.09375 0.4375
vt 0.09375 0.375
vt 0.125 0.375
vt 0.125 0.4375
vt 0.09375 0.4375
vt 0.09375 0.375
vt 0.125 0.40625
vt 0.125 0.4375
vt 0 0.4375
vt 0 0.40625
vt 0.125 0.40625
vt 0.125 0.4375
vt 0 0.4375
vt 0 0.40625
vt 0.125 0.375
vt 0.125 0.4375
vt 0 0.4375
vt 0 0.375
vt 0.125 0.375
vt 0.125 0.4375
vt 0 0.4375
vt 0 0.375
vt 0.125 0.375
vt 0.125 0.4375
vt 0.09375 0.4375
vt 0.09375 0.375
vt 0.125 0.375
vt 0.125 0.4375
vt 0.09375 0.4375
vt 0.09375 0.375
vt 0.125 0.40625
vt 0.125 0.4375
vt 0 0.4375
vt 0 0.40625
vt 0.125 0.40625
vt 0.125 0.4375
vt 0 0.4375
vt 0 0.40625
vt 0.125 0.375
vt 0.125 0.4375
vt 0 0.4375
vt 0 0.375
vt 0.125 0.375
vt 0.125 0.4375
vt 0 0.4375
vt 0 0.375
vt 0.125 0.3125
vt 0.125 0.375
vt 0.09375 0.375
vt 0.09375 0.3125
vt 0.125 0.3125
vt 0.125 0.375
vt 0.09375 0.375
vt 0.09375 0.3125
vt 0.125 0.34375
vt 0.125 0.375
vt 0 0.375
vt 0 0.34375
vt 0.125 0.34375
vt 0.125 0.375
vt 0 0.375
vt 0 0.34375
vt 0.125 0.3125
vt 0.125 0.375
vt 0 0.375
vt 0 0.3125
vt 0.125 0.3125
vt 0.125 0.375
vt 0 0.375
vt 0 0.3125
vt 0.125 0.3125
vt 0.125 0.375
vt 0.09375 0.375
vt 0.09375 0.3125
vt 0.125 0.3125
vt 0.125 0.375
vt 0.09375 0.375
vt 0.09375 0.3125
vt 0.125 0.34375
vt 0.125 0.375
vt 0 0.375
vt 0 0.34375
vt 0.125 0.34375
vt 0.125 0.375
vt 0 0.375
vt 0 0.34375
vt 0.125 0.3125
vt 0.125 0.375
vt 0 0.375
vt 0 0.3125
vt 0.125 0.3125
vt 0.125 0.375
vt 0 0.375
vt 0 0.3125
vt 0.25 0.4375
vt 0.25 0.5
vt 0.21875 0.5
vt 0.21875 0.4375
vt 0.25 0.4375
vt 0.25 0.5
vt 0.21875 0.5
vt 0.21875 0.4375
vt 0.25 0.46875
vt 0.25 0.5
vt 0.125 0.5
vt 0.125 0.46875
vt 0.25 0.46875
vt 0.25 0.5
vt 0.125 0.5
vt 0.125 0.46875
vt 0.25 0.4375
vt 0.25 0.5
vt 0.125 0.5
vt 0.125 0.4375
vt 0.25 0.4375
vt 0.25 0.5
vt 0.125 0.5
vt 0.125 0.4375
vt 0.125 0.3125
vt 0.125 0.375
vt 0.09375 0.375
vt 0.09375 0.3125
vt 0.125 0.3125
vt 0.125 0.375
vt 0.09375 0.375
vt 0.09375 0.3125
vt 0.125 0.34375
vt 0.125 0.375
vt 0 0.375
vt 0 0.34375
vt 0.125 0.34375
vt 0.125 0.375
vt 0 0.375
vt 0 0.34375
vt 0.125 0.3125
vt 0.125 0.375
vt 0 0.375
vt 0 0.3125
vt 0.125 0.3125
vt 0.125 0.375
vt 0 0.375
vt 0 0.3125
vt 0.125 0.3125
vt 0.125 0.375
vt 0.09375 0.375
vt 0.09375 0.3125
vt 0.125 0.3125
vt 0.125 0.375
vt 0.09375 0.375
vt 0.09375 0.3125
vt 0.125 0.34375
vt 0.125 0.375
vt 0 0.375
vt 0 0.34375
vt 0.125 0.34375
vt 0.125 0.375
vt 0 0.375
vt 0 0.34375
vt 0.125 0.3125
vt 0.125 0.375
vt 0 0.375
vt 0 0.3125
vt 0.125 0.3125
vt 0.125 0.375
vt 0 0.375
vt 0 0.3125
vn 1 0 0
vn -1 0 0
vn 0 1 0
vn 0 -1 0
vn 0 0 1
vn 0 0 -1
vn 0 0 -1
vn 0 0 1
vn 0.17364956078872001 0.9848075091295176 0
vn -0.17364956078872001 -0.9848075091295176 0
vn 0.9848078612706752 -0.17364756370153456 0
vn -0.9848078612706752 0.17364756370153456 0
vn 0 0 -1
vn 0 0 1
vn 0.17364956078872004 0.9848075091295176 0
vn -0.17364956078872004 -0.9848075091295176 0
vn 0.9848078612706752 -0.17364756370153459 0
vn -0.9848078612706752 0.17364756370153459 0
vn 0 0 -1
vn 0 0 1
vn 0.17364956078872001 0.9848075091295176 0
vn -0.17364956078872001 -0.9848075091295176 0
vn 0.9848078612706752 -0.17364756370153456 0
vn -0.9848078612706752 0.17364756370153456 0
vn 0 0 -1
vn 0 0 1
vn 0.17364956078872001 0.9848075091295176 0
vn -0.173650415847661 -0.9848073583579352 0
vn 0.9848074337440046 -0.17364998831715497 0
vn -0.9848078612706751 0.17364756370153558 0
vn 0 0 -1
vn 0 0 1
vn 0.17364956078872001 0.9848075091295176 0
vn -0.173650415847661 -0.9848073583579352 0
vn 0.9848074337440046 -0.17364998831715497 0
vn -0.9848078612706751 0.17364756370153558 0
vn 0 0 -1
vn 0 0 1
vn 0.173650415847661 0.9848073583579352 0
vn -0.173650415847661 -0.9848073583579352 0
vn 0.9848078612706752 -0.17364756370153472 0
vn -0.9848078612706752 0.17364756370153472 0
vn 0 0 -1
vn 0 0 1
vn 0.173650415847661 0.9848073583579351 0
vn -0.173650415847661 -0.9848073583579351 0
vn 0.9848078612706752 -0.17364756370153472 0
vn -0.9848078612706752 0.17364756370153472 0
vn 0 0 -1
vn 0 0 1
vn 0.173650415847661 0.9848073583579353 0
vn -0.173650415847661 -0.9848073583579353 0
vn 0.9848078612706752 -0.17364756370153472 0
vn -0.9848078612706752 0.17364756370153472 0
vn 0 0 -1
vn 0 0 1
vn 0.1736455666020673 0.9848082134098228 0
vn -0.17364556660206762 -0.9848082134098227 0
vn 0.9848078612706751 -0.17364756370153545 0
vn -0.9848078612706752 0.17364756370153456 0
vn 0 0 -1
vn 0 0 1
vn 0.1736455666020673 0.9848082134098228 0
vn -0.17364556660206762 -0.9848082134098227 0
vn 0.9848078612706751 -0.17364756370153545 0
vn -0.9848078612706752 0.17364756370153456 0
vn 0 0 -1
vn 0 0 1
vn 0.17364471156551972 0.9848083641731156 0
vn -0.17364956078872174 -0.9848075091295172 0
vn 0.9848079366541156 -0.17364713617869942 0
vn -0.9848078612706752 0.17364756370153472 0
vn 0 0 -1
vn 0 0 1
vn 0.17364471156551972 0.9848083641731156 0
vn -0.17364956078872174 -0.9848075091295172 0
vn 0.9848079366541156 -0.17364713617869942 0
vn -0.9848078612706752 0.17364756370153472 0
vn 0 0 -1
vn 0 0 1
vn 0.17364556660206762 0.9848082134098227 0
vn -0.17364471156551972 -0.9848083641731156 0
vn 0.9848078612706751 -0.17364756370153558 0
vn -0.9848074337440046 0.17364998831715497 0
vn 0 0 -1
vn 0 0 1
vn 0.17364556660206762 0.9848082134098227 0
vn -0.17364471156551972 -0.9848083641731156 0
vn 0.9848078612706751 -0.1736475637015356 0
vn -0.9848074337440046 0.173649988317155 0
vn 0 0 -1
vn 0 0 1
vn 0.17364556660206762 0.9848082134098227 0
vn -0.17364471156551972 -0.9848083641731156 0
vn 0.9848078612706751 -0.17364756370153558 0
vn -0.9848074337440046 0.17364998831715497 0
vn -1 0 0
vn 1 0 0
vn 0 0.9848073583579355 -0.17365041584765958
vn 0 -0.9848073583579352 0.1736504158476607
vn 0 -0.17364756370153456 -0.9848078612706752
vn 0 0.17364756370153644 0.9848078612706749
vn -1 0 0
vn 1 0 0
vn 0 0.9848083641731156 -0.17364471156551972
vn 0 -0.9848073583579352 0.173650415847661
vn 0 -0.17364956078872157 -0.9848075091295172
vn 0 0.17364756370153558 0.9848078612706751
vn -1 0 0
vn 1 0 0
vn 0 0.9848073583579352 -0.1736504158476607
vn 0 -0.9848075091295174 0.17364956078872146
vn 0 -0.17364756370153558 -0.9848078612706751
vn 0 0.17364998831715514 0.9848074337440046
vn -1 0 0
vn 1 0 0
vn 0 0.9848083641731151 -0.17364471156552141
vn 0 -0.9848083641731156 0.17364471156551972
vn 0 -0.17364756370153472 -0.9848078612706752
vn 0 0.17364756370153456 0.9848078612706752
vn -1 0 0
vn 1 0 0
vn 0 0.9848073583579355 -0.17365041584765958
vn 0 -0.9848073583579352 0.1736504158476607
vn 0 -0.17364756370153456 -0.9848078612706752
vn 0 0.17364756370153644 0.9848078612706749
vn -1 0 0
vn 1 0 0
vn 0 0.9848075091295176 -0.17364956078872001
vn 0 -0.9848073583579355 0.17365041584765958
vn 0 -0.17364998831715497 -0.9848074337440046
vn 0 0.17364756370153456 0.9848078612706752
vn -1 0 0
vn 1 0 0
vn 0 0.9848082134098227 -0.17364556660206762
vn 0 -0.9848083641731151 0.17364471156552141
vn 0 -0.17364756370153545 -0.9848078612706751
vn 0 0.17364998831715497 0.9848074337440046
vn -1 0 0
vn 1 0 0
vn 0 0.9848082134098227 -0.17364556660206762
vn 0 -0.9848083641731151 0.17364471156552141
vn 0 -0.17364756370153545 -0.9848078612706751
vn 0 0.17364998831715497 0.9848074337440046
vn -1 0 0
vn 1 0 0
vn 0 0.9848083641731151 -0.17364471156552141
vn 0 -0.9848083641731156 0.17364471156551972
vn 0 -0.17364756370153472 -0.9848078612706752
vn 0 0.17364756370153456 0.9848078612706752
vn -1 0 0
vn 1 0 0
vn 0 0.9848075091295176 -0.17364956078872001
vn 0 -0.9848073583579355 0.17365041584765958
vn 0 -0.17364998831715497 -0.9848074337440046
vn 0 0.17364756370153456 0.9848078612706752
vn -1 0 0
vn 1 0 0
vn 0 0.9848083641731156 -0.17364471156551972
vn 0 -0.9848073583579352 0.173650415847661
vn 0 -0.17364956078872157 -0.9848075091295172
vn 0 0.17364756370153558 0.9848078612706751
vn -1 0 0
vn 1 0 0
vn 0 0.9848073583579352 -0.1736504158476607
vn 0 -0.9848075091295174 0.17364956078872146
vn 0 -0.17364756370153558 -0.9848078612706751
vn 0 0.17364998831715514 0.9848074337440046
vn -1 0 0
vn 1 0 0
vn 0 0.9848083641731156 -0.17364471156551972
vn 0 -0.9848073583579352 0.173650415847661
vn 0 -0.17364956078872157 -0.9848075091295172
vn 0 0.17364756370153558 0.9848078612706751
vn -1 0 0
vn 1 0 0
vn 0 0.9848082134098227 -0.17364556660206762
vn 0 -0.9848083641731151 0.17364471156552141
vn 0 -0.17364756370153545 -0.9848078612706751
vn 0 0.17364998831715497 0.9848074337440046
vn -1 0 0
vn 1 0 0
vn 0 0.9848073583579355 -0.17365041584765958
vn 0 -0.9848073583579352 0.1736504158476607
vn 0 -0.17364756370153456 -0.9848078612706752
vn 0 0.17364756370153644 0.9848078612706749
vn 0 0 1
vn 0 0 -1
vn -0.17364956078871996 0.9848075091295175 0
vn 0.17364956078871996 -0.9848075091295176 0
vn -0.9848078612706752 -0.173647563701535 0
vn 0.9848078612706751 0.17364756370153508 0
vn 0 0 1
vn 0 0 -1
vn -0.1736455666020676 0.9848082134098227 0
vn 0.17364471156551964 -0.9848083641731156 0
vn -0.9848078612706751 -0.17364756370153517 0
vn 0.9848074337440048 0.17364998831715467 0
vn 0 0 1
vn 0 0 -1
vn -0.17365041584766094 0.9848073583579352 0
vn 0.17365041584766094 -0.9848073583579352 0
vn -0.9848078612706751 -0.17364756370153522 0
vn 0.9848078612706751 0.17364756370153522 0
vn 0 0 1
vn 0 0 -1
vn -0.17364956078871996 0.9848075091295176 0
vn 0.17365041584766094 -0.9848073583579352 0
vn -0.9848074337440048 -0.17364998831715467 0
vn 0.9848078612706751 0.17364756370153517 0
vn 0 0 1
vn 0 0 -1
vn -0.17365041584766094 0.9848073583579352 0
vn 0.17365041584766094 -0.9848073583579352 0
vn -0.9848078612706751 -0.17364756370153522 0
vn 0.9848078612706751 0.17364756370153522 0
vn 0 0 1
vn 0 0 -1
vn -0.17364956078871996 0.9848075091295176 0
vn 0.17365041584766094 -0.9848073583579352 0
vn -0.9848074337440048 -0.1736499883171547 0
vn 0.9848078612706752 0.1736475637015352 0
vn 0 0 1
vn 0 0 -1
vn -0.17364471156551964 0.9848083641731156 0
vn 0.17364956078872165 -0.9848075091295173 0
vn -0.9848079366541154 -0.17364713617869984 0
vn 0.9848078612706751 0.1736475637015352 0
vn 0 0 1
vn 0 0 -1
vn -0.1736455666020676 0.9848082134098227 0
vn 0.1736455666020676 -0.9848082134098227 0
vn -0.9848078612706752 -0.173647563701535 0
vn 0.9848078612706752 0.173647563701535 0
vn 0 0 1
vn 0 0 -1
vn -0.1736455666020676 0.9848082134098227 0
vn 0.17364471156551964 -0.9848083641731156 0
vn -0.9848078612706752 -0.17364756370153517 0
vn 0.9848074337440048 0.1736499883171547 0
vn 0 0 1
vn 0 0 -1
vn -0.1736455666020676 0.9848082134098227 0
vn 0.1736455666020676 -0.9848082134098227 0
vn -0.9848078612706752 -0.173647563701535 0
vn 0.9848078612706752 0.173647563701535 0
vn 0 0 1
vn 0 0 -1
vn -0.17364956078871996 0.9848075091295175 0
vn 0.17364956078871996 -0.9848075091295176 0
vn -0.9848078612706752 -0.17364756370153503 0
vn 0.9848078612706751 0.17364756370153508 0
vn 0 0 1
vn 0 0 -1
vn -0.17364471156551964 0.9848083641731156 0
vn 0.17364956078872165 -0.9848075091295173 0
vn -0.9848079366541154 -0.17364713617869984 0
vn 0.9848078612706751 0.17364756370153522 0
vn 0 0 1
vn 0 0 -1
vn -0.17365041584766094 0.9848073583579352 0
vn 0.17365041584766094 -0.9848073583579352 0
vn -0.9848078612706751 -0.1736475637015352 0
vn 0.9848078612706751 0.1736475637015352 0
vn 0 0 1
vn 0 0 -1
vn -0.1736455666020676 0.9848082134098227 0
vn 0.17364471156551964 -0.9848083641731156 0
vn -0.9848078612706752 -0.17364756370153517 0
vn 0.9848074337440048 0.17364998831715467 0
vn 1 0 0
vn -1 0 0
vn 0 0.9848075091295172 0.17364956078872165
vn 0 -0.9848073583579352 -0.17365041584766094
vn 0 -0.1736499883171548 0.9848074337440046
vn 0 0.1736475637015352 -0.9848078612706751
vn 0 0 1
vn 0 0 -1
vn -0.17364956078871996 0.9848075091295175 0
vn 0.17364956078871996 -0.9848075091295176 0
vn -0.9848078612706752 -0.173647563701535 0
vn 0.9848078612706751 0.17364756370153508 0
vn 1 0 0
vn -1 0 0
vn 0 0.9848083641731151 0.1736447115655213
vn 0 -0.9848082134098227 -0.1736455666020676
vn 0 -0.17364998831715475 0.9848074337440046
vn 0 0.173647563701535 -0.9848078612706752
vn 1 0 0
vn -1 0 0
vn 0 0.9848075091295175 0.1736495607887199
vn 0 -0.9848075091295172 -0.17364956078872165
vn 0 -0.1736475637015351 0.9848078612706751
vn 0 0.1736475637015352 -0.9848078612706751
vn 1 0 0
vn -1 0 0
vn 0 0.9848073583579354 0.1736504158476592
vn 0 -0.9848075091295175 -0.1736495607887199
vn 0 -0.173647563701535 0.9848078612706752
vn 0 0.17364998831715467 -0.9848074337440048
vn 1 0 0
vn -1 0 0
vn 0 0.984808213409823 0.17364556660206587
vn 0 -0.9848075091295172 -0.17364956078872165
vn 0 -0.17364713617869984 0.9848079366541154
vn 0 0.1736499883171548 -0.9848074337440046
vn 1 0 0
vn -1 0 0
vn 0 0.9848075091295175 0.1736495607887199
vn 0 -0.9848075091295172 -0.17364956078872165
vn 0 -0.1736475637015351 0.9848078612706751
vn 0 0.1736475637015352 -0.9848078612706751
vn 1 0 0
vn -1 0 0
vn 0 0.9848082134098227 0.1736455666020676
vn 0 -0.984808213409823 -0.17364556660206587
vn 0 -0.17364756370153525 0.9848078612706751
vn 0 0.1736475637015351 -0.9848078612706751
vn 1 0 0
vn -1 0 0
vn 0 0.9848083641731151 0.1736447115655213
vn 0 -0.9848082134098227 -0.1736455666020676
vn 0 -0.17364998831715475 0.9848074337440046
vn 0 0.173647563701535 -0.9848078612706752
vn 1 0 0
vn -1 0 0
vn 0 0.984808213409823 0.17364556660206587
vn 0 -0.9848075091295172 -0.17364956078872165
vn 0 -0.17364713617869984 0.9848079366541154
vn 0 0.1736499883171548 -0.9848074337440046
vn 1 0 0
vn -1 0 0
vn 0 0.9848075091295172 0.17364956078872165
vn 0 -0.9848073583579352 -0.17365041584766094
vn 0 -0.1736499883171548 0.9848074337440046
vn 0 0.1736475637015352 -0.9848078612706751
vn 1 0 0
vn -1 0 0
vn 0 0.9848082134098227 0.1736455666020676
vn 0 -0.984808213409823 -0.17364556660206587
vn 0 -0.17364756370153525 0.9848078612706751
vn 0 0.1736475637015351 -0.9848078612706751
vn 1 0 0
vn -1 0 0
vn 0 0.9848073583579354 0.1736504158476592
vn 0 -0.9848075091295175 -0.1736495607887199
vn 0 -0.173647563701535 0.9848078612706752
vn 0 0.17364998831715467 -0.9848074337440048
vn 1 0 0
vn -1 0 0
vn 0 0.9848075091295175 0.1736495607887199
vn 0 -0.9848075091295172 -0.17364956078872165
vn 0 -0.1736475637015351 0.9848078612706751
vn 0 0.1736475637015352 -0.9848078612706751
vn 1 0 0
vn -1 0 0
vn 0 0.984808213409823 0.17364556660206587
vn 0 -0.9848075091295172 -0.17364956078872165
vn 0 -0.17364713617869984 0.9848079366541154
vn 0 0.1736499883171548 -0.9848074337440046
vn 1 0 0
vn -1 0 0
vn 0 0.9848083641731151 0.1736447115655213
vn 0 -0.9848082134098227 -0.1736455666020676
vn 0 -0.17364998831715475 0.9848074337440046
vn 0 0.173647563701535 -0.9848078612706752
usemtl weapon_machinegun
f 5/1/1 3/2/1 2/3/1
f 5/1/1 2/3/1 4/4/1
f 8/5/2 6/6/2 7/7/2
f 8/5/2 7/7/2 9/8/2
f 2/9/3 3/10/3 7/11/3
f 2/9/3 7/11/3 6/12/3
f 5/13/4 4/14/4 8/15/4
f 5/13/4 8/15/4 9/16/4
f 4/17/5 2/18/5 6/19/5
f 4/17/5 6/19/5 8/20/5
f 9/21/6 7/22/6 3/23/6
f 9/21/6 3/23/6 5/24/6
f 14/25/7 12/26/7 11/27/7
f 14/25/7 11/27/7 13/28/7
f 17/29/8 15/30/8 16/31/8
f 17/29/8 16/31/8 10/32/8
f 11/33/9 12/34/9 16/35/9
f 11/33/9 16/35/9 15/36/9
f 14/37/10 13/38/10 17/39/10
f 14/37/10 17/39/10 10/40/10
f 13/41/11 11/42/11 15/43/11
f 13/41/11 15/43/11 17/44/11
f 10/45/12 16/46/12 12/47/12
f 10/45/12 12/47/12 14/48/12
f 22/49/13 20/50/13 19/51/13
f 22/49/13 19/51/13 21/52/13
f 25/53/14 23/54/14 24/55/14
f 25/53/14 24/55/14 18/56/14
f 19/57/15 20/58/15 24/59/15
f 19/57/15 24/59/15 23/60/15
f 22/61/16 21/62/16 25/63/16
f 22/61/16 25/63/16 18/64/16
f 21/65/17 19/66/17 23/67/17
f 21/65/17 23/67/17 25/68/17
f 18/69/18 24/70/18 20/71/18
f 18/69/18 20/71/18 22/72/18
f 30/73/19 28/74/19 27/75/19
f 30/73/19 27/75/19 29/76/19
f 33/77/20 31/78/20 32/79/20
f 33/77/20 32/79/20 26/80/20
f 27/81/21 28/82/21 32/83/21
f 27/81/21 32/83/21 31/84/21
f 30/85/22 29/86/22 33/87/22
f 30/85/22 33/87/22 26/88/22
f 29/89/23 27/90/23 31/91/23
f 29/89/23 31/91/23 33/92/23
f 26/93/24 32/94/24 28/95/24
f 26/93/24 28/95/24 30/96/24
f 38/97/25 36/98/25 35/99/25
f 38/97/25 35/99/25 37/100/25
f 41/101/26 39/102/26 40/103/26
f 41/101/26 40/103/26 34/104/26
f 35/105/27 36/106/27 40/107/27
f 35/105/27 40/107/27 39/108/27
f 38/109/28 37/110/28 41/111/28
f 38/109/28 41/111/28 34/112/28
f 37/113/29 35/114/29 39/115/29
f 37/113/29 39/115/29 41/116/29
f 34/117/30 40/118/30 36/119/30
f 34/117/30 36/119/30 38/120/30
f 46/121/31 44/122/31 43/123/31
f 46/121/31 43/123/31 45/124/31
f 49/125/32 47/126/32 48/127/32
f 49/125/32 48/127/32 42/128/32
f 43/129/33 44/130/33 48/131/33
f 43/129/33 48/131/33 47/132/33
f 46/133/34 45/134/34 49/135/34
f 46/133/34 49/135/34 42/136/34
f 45/137/35 43/138/35 47/139/35
f 45/137/35 47/139/35 49/140/35
f 42/141/36 48/142/36 44/143/36
f 42/141/36 44/143/36 46/144/36
f 54/145/37 52/146/37 51/147/37
f 54/145/37 51/147/37 53/148/37
f 57/149/38 55/150/38 56/151/38
f 57/149/38 56/151/38 50/152/38
f 51/153/39 52/154/39 56/155/39
f 51/153/39 56/155/39 55/156/39
f 54/157/40 53/158/40 57/159/40
f 54/157/40 57/159/40 50/160/40
f 53/161/41 51/162/41 55/163/41
f 53/161/41 55/163/41 57/164/41
f 50/165/42 56/166/42 52/167/42
f 50/165/42 52/167/42 54/168/42
f 62/169/43 60/170/43 59/171/43
f 62/169/43 59/171/43 61/172/43
f 65/173/44 63/174/44 64/175/44
f 65/173/44 64/175/44 58/176/44
f 59/177/45 60/178/45 64/179/45
f 59/177/45 64/179/45 63/180/45
f 62/181/46 61/182/46 65/183/46
f 62/181/46 65/183/46 58/184/46
f 61/185/47 59/186/47 63/187/47
f 61/185/47 63/187/47 65/188/47
f 58/189/48 64/190/48 60/191/48
f 58/189/48 60/191/48 62/192/48
f 70/193/49 68/194/49 67/195/49
f 70/193/49 67/195/49 69/196/49
f 73/197/50 71/198/50 72/199/50
f 73/197/50 72/199/50 66/200/50
f 67/201/51 68/202/51 72/203/51
f 67/201/51 72/203/51 71/204/51
f 70/205/52 69/206/52 73/207/52
f 70/205/52 73/207/52 66/208/52
f 69/209/53 67/210/53 71/211/53
f 69/209/53 71/211/53 73/212/53
f 66/213/54 72/214/54 68/215/54
f 66/213/54 68/215/54 70/216/54
f 78/217/55 76/218/55 75/219/55
f 78/217/55 75/219/55 77/220/55
f 81/221/56 79/222/56 80/223/56
f 81/221/56 80/223/56 74/224/56
f 75/225/57 76/226/57 80/227/57
f 75/225/57 80/227/57 79/228/57
f 78/229/58 77/230/58 81/231/58
f 78/229/58 81/231/58 74/232/58
f 77/233/59 75/234/59 79/235/59
f 77/233/59 79/235/59 81/236/59
f 74/237/60 80/238/60 76/239/60
f 74/237/60 76/239/60 78/240/60
f 86/241/61 84/242/61 83/243/61
f 86/241/61 83/243/61 85/244/61
f 89/245/62 87/246/62 88/247/62
f 89/245/62 88/247/62 82/248/62
f 83/249/63 84/250/63 88/251/63
f 83/249/63 88/251/63 87/252/63
f 86/253/64 85/254/64 89/255/64
f 86/253/64 89/255/64 82/256/64
f 85/257/65 83/258/65 87/259/65
f 85/257/65 87/259/65 89/260/65
f 82/261/66 88/262/66 84/263/66
f 82/261/66 84/263/66 86/264/66
f 94/265/67 92/266/67 91/267/67
f 94/265/67 91/267/67 93/268/67
f 97/269/68 95/270/68 96/271/68
f 97/269/68 96/271/68 90/272/68
f 91/273/69 92/274/69 96/275/69
f 91/273/69 96/275/69 95/276/69
f 94/277/70 93/278/70 97/279/70
f 94/277/70 97/279/70 90/280/70
f 93/281/71 91/282/71 95/283/71
f 93/281/71 95/283/71 97/284/71
f 90/285/72 96/286/72 92/287/72
f 90/285/72 92/287/72 94/288/72
f 102/289/73 100/290/73 99/291/73
f 102/289/73 99/291/73 101/292/73
f 105/293/74 103/294/74 104/295/74
f 105/293/74 104/295/74 98/296/74
f 99/297/75 100/298/75 104/299/75
f 99/297/75 104/299/75 103/300/75
f 102/301/76 101/302/76 105/303/76
f 102/301/76 105/303/76 98/304/76
f 101/305/77 99/306/77 103/307/77
f 101/305/77 103/307/77 105/308/77
f 98/309/78 104/310/78 100/311/78
f 98/309/78 100/311/78 102/312/78
f 110/313/79 108/314/79 107/315/79
f 110/313/79 107/315/79 109/316/79
f 113/317/80 111/318/80 112/319/80
f 113/317/80 112/319/80 106/320/80
f 107/321/81 108/322/81 112/323/81
f 107/321/81 112/323/81 111/324/81
f 110/325/82 109/326/82 113/327/82
f 110/325/82 113/327/82 106/328/82
f 109/329/83 107/330/83 111/331/83
f 109/329/83 111/331/83 113/332/83
f 106/333/84 112/334/84 108/335/84
f 106/333/84 108/335/84 110/336/84
f 118/337/85 116/338/85 115/339/85
f 118/337/85 115/339/85 117/340/85
f 121/341/86 119/342/86 120/343/86
f 121/341/86 120/343/86 114/344/86
f 115/345/87 116/346/87 120/347/87
f 115/345/87 120/347/87 119/348/87
f 118/349/88 117/350/88 121/351/88
f 118/349/88 121/351/88 114/352/88
f 117/353/89 115/354/89 119/355/89
f 117/353/89 119/355/89 121/356/89
f 114/357/90 120/358/90 116/359/90
f 114/357/90 116/359/90 118/360/90
f 126/361/91 124/362/91 123/363/91
f 126/361/91 123/363/91 125/364/91
f 129/365/92 127/366/92 128/367/92
f 129/365/92 128/367/92 122/368/92
f 123/369/93 124/370/93 128/371/93
f 123/369/93 128/371/93 127/372/93
f 126/373/94 125/374/94 129/375/94
f 126/373/94 129/375/94 122/376/94
f 125/377/95 123/378/95 127/379/95
f 125/377/95 127/379/95 129/380/95
f 122/381/96 128/382/96 124/383/96
f 122/381/96 124/383/96 126/384/96
f 134/385/97 132/386/97 131/387/97
f 134/385/97 131/387/97 133/388/97
f 137/389/98 135/390/98 136/391/98
f 137/389/98 136/391/98 130/392/98
f 131/393/99 132/394/99 136/395/99
f 131/393/99 136/395/99 135/396/99
f 134/397/100 133/398/100 137/399/100
f 134/397/100 137/399/100 130/400/100
f 133/401/101 131/402/101 135/403/101
f 133/401/101 135/403/101 137/404/101
f 130/405/102 136/406/102 132/407/102
f 130/405/102 132/407/102 134/408/102
f 142/409/103 140/410/103 139/411/103
f 142/409/103 139/411/103 141/412/103
f 145/413/104 143/414/104 144/415/104
f 145/413/104 144/415/104 138/416/104
f 139/417/105 140/418/105 144/419/105
f 139/417/105 144/419/105 143/420/105
f 142/421/106 141/422/106 145/423/106
f 142/421/106 145/423/106 138/424/106
f 141/425/107 139/426/107 143/427/107
f 141/425/107 143/427/107 145/428/107
f 138/429/108 144/430/108 140/431/108
f 138/429/108 140/431/108 142/432/108
f 150/433/109 148/434/109 147/435/109
f 150/433/109 147/435/109 149/436/109
f 153/437/110 151/438/110 152/439/110
f 153/437/110 152/439/110 146/440/110
f 147/441/111 148/442/111 152/443/111
f 147/441/111 152/443/111 151/444/111
f 150/445/112 149/446/112 153/447/112
f 150/445/112 153/447/112 146/448/112
f 149/449/113 147/450/113 151/451/113
f 149/449/113 151/451/113 153/452/113
f 146/453/114 152/454/114 148/455/114
f 146/453/114 148/455/114 150/456/114
f 158/457/115 156/458/115 155/459/115
f 158/457/115 155/459/115 157/460/115
f 161/461/116 159/462/116 160/463/116
f 161/461/116 160/463/116 154/464/116
f 155/465/117 156/466/117 160/467/117
f 155/465/117 160/467/117 159/468/117
f 158/469/118 157/470/118 161/471/118
f 158/469/118 161/471/118 154/472/118
f 157/473/119 155/474/119 159/475/119
f 157/473/119 159/475/119 161/476/119
f 154/477/120 160/478/120 156/479/120
f 154/477/120 156/479/120 158/480/120
f 166/481/121 164/482/121 163/483/121
f 166/481/121 163/483/121 165/484/121
f 169/485/122 167/486/122 168/487/122
f 169/485/122 168/487/122 162/488/122
f 163/489/123 164/490/123 168/491/123
f 163/489/123 168/491/123 167/492/123
f 166/493/124 165/494/124 169/495/124
f 166/493/124 169/495/124 162/496/124
f 165/497/125 163/498/125 167/499/125
f 165/497/125 167/499/125 169/500/125
f 162/501/126 168/502/126 164/503/126
f 162/501/126 164/503/126 166/504/126
f 174/505/127 172/506/127 171/507/127
f 174/505/127 171/507/127 173/508/127
f 177/509/128 175/510/128 176/511/128
f 177/509/128 176/511/128 170/512/128
f 171/513/129 172/514/129 176/515/129
f 171/513/129 176/515/129 175/516/129
f 174/517/130 173/518/130 177/519/130
f 174/517/130 177/519/130 170/520/130
f 173/521/131 171/522/131 175/523/131
f 173/521/131 175/523/131 177/524/131
f 170/525/132 176/526/132 172/527/132
f 170/525/132 172/527/132 174/528/132
f 182/529/133 180/530/133 179/531/133
f 182/529/133 179/531/133 181/532/133
f 185/533/134 183/534/134 184/535/134
f 185/533/134 184/535/134 178/536/134
f 179/537/135 180/538/135 184/539/135
f 179/537/135 184/539/135 183/540/135
f 182/541/136 181/542/136 185/543/136
f 182/541/136 185/543/136 178/544/136
f 181/545/137 179/546/137 183/547/137
f 181/545/137 183/547/137 185/548/137
f 178/549/138 184/550/138 180/551/138
f 178/549/138 180/551/138 182/552/138
f 1/553/139 188/554/139 187/555/139
f 1/553/139 187/555/139 189/556/139
f 192/557/140 190/558/140 191/559/140
f 192/557/140 191/559/140 186/560/140
f 187/561/141 188/562/141 191/563/141
f 187/561/141 191/563/141 190/564/141
f 1/565/142 189/566/142 192/567/142
f 1/565/142 192/567/142 186/568/142
f 189/569/143 187/570/143 190/571/143
f 189/569/143 190/571/143 192/572/143
f 186/573/144 191/574/144 188/575/144
f 186/573/144 188/575/144 1/576/144
f 197/577/145 195/578/145 194/579/145
f 197/577/145 194/579/145 196/580/145
f 200/581/146 198/582/146 199/583/146
f 200/581/146 199/583/146 193/584/146
f 194/585/147 195/586/147 199/587/147
f 194/585/147 199/587/147 198/588/147
f 197/589/148 196/590/148 200/591/148
f 197/589/148 200/591/148 193/592/148
f 196/593/149 194/594/149 198/595/149
f 196/593/149 198/595/149 200/596/149
f 193/597/150 199/598/150 195/599/150
f 193/597/150 195/599/150 197/600/150
f 205/601/151 203/602/151 202/603/151
f 205/601/151 202/603/151 204/604/151
f 208/605/152 206/606/152 207/607/152
f 208/605/152 207/607/152 201/608/152
f 202/609/153 203/610/153 207/611/153
f 202/609/153 207/611/153 206/612/153
f 205/613/154 204/614/154 208/615/154
f 205/613/154 208/615/154 201/616/154
f 204/617/155 202/618/155 206/619/155
f 204/617/155 206/619/155 208/620/155
f 201/621/156 207/622/156 203/623/156
f 201/621/156 203/623/156 205/624/156
f 213/625/157 211/626/157 210/627/157
f 213/625/157 210/627/157 212/628/157
f 216/629/158 214/630/158 215/631/158
f 216/629/158 215/631/158 209/632/158
f 210/633/159 211/634/159 215/635/159
f 210/633/159 215/635/159 214/636/159
f 213/637/160 212/638/160 216/639/160
f 213/637/160 216/639/160 209/640/160
f 212/641/161 210/642/161 214/643/161
f 212/641/161 214/643/161 216/644/161
f 209/645/162 215/646/162 211/647/162
f 209/645/162 211/647/162 213/648/162
f 221/649/163 219/650/163 218/651/163
f 221/649/163 218/651/163 220/652/163
f 224/653/164 222/654/164 223/655/164
f 224/653/164 223/655/164 217/656/164
f 218/657/165 219/658/165 223/659/165
f 218/657/165 223/659/165 222/660/165
f 221/661/166 220/662/166 224/663/166
f 221/661/166 224/663/166 217/664/166
f 220/665/167 218/666/167 222/667/167
f 220/665/167 222/667/167 224/668/167
f 217/669/168 223/670/168 219/671/168
f 217/669/168 219/671/168 221/672/168
f 229/673/169 227/674/169 226/675/169
f 229/673/169 226/675/169 228/676/169
f 232/677/170 230/678/170 231/679/170
f 232/677/170 231/679/170 225/680/170
f 226/681/171 227/682/171 231/683/171
f 226/681/171 231/683/171 230/684/171
f 229/685/172 228/686/172 232/687/172
f 229/685/172 232/687/172 225/688/172
f 228/689/173 226/690/173 230/691/173
f 228/689/173 230/691/173 232/692/173
f 225/693/174 231/694/174 227/695/174
f 225/693/174 227/695/174 229/696/174
f 237/697/175 235/698/175 234/699/175
f 237/697/175 234/699/175 236/700/175
f 240/701/176 238/702/176 239/703/176
f 240/701/176 239/703/176 233/704/176
f 234/705/177 235/706/177 239/707/177
f 234/705/177 239/707/177 238/708/177
f 237/709/178 236/710/178 240/711/178
f 237/709/178 240/711/178 233/712/178
f 236/713/179 234/714/179 238/715/179
f 236/713/179 238/715/179 240/716/179
f 233/717/180 239/718/180 235/719/180
f 233/717/180 235/719/180 237/720/180
f 245/721/181 243/722/181 242/723/181
f 245/721/181 242/723/181 244/724/181
f 248/725/182 246/726/182 247/727/182
f 248/725/182 247/727/182 241/728/182
f 242/729/183 243/730/183 247/731/183
f 242/729/183 247/731/183 246/732/183
f 245/733/184 244/734/184 248/735/184
f 245/733/184 248/735/184 241/736/184
f 244/737/185 242/738/185 246/739/185
f 244/737/185 246/739/185 248/740/185
f 241/741/186 247/742/186 243/743/186
f 241/741/186 243/743/186 245/744/186
f 253/745/187 251/746/187 250/747/187
f 253/745/187 250/747/187 252/748/187
f 256/749/188 254/750/188 255/751/188
f 256/749/188 255/751/188 249/752/188
f 250/753/189 251/754/189 255/755/189
f 250/753/189 255/755/189 254/756/189
f 253/757/190 252/758/190 256/759/190
f 253/757/190 256/759/190 249/760/190
f 252/761/191 250/762/191 254/763/191
f 252/761/191 254/763/191 256/764/191
f 249/765/192 255/766/192 251/767/192
f 249/765/192 251/767/192 253/768/192
f 261/769/193 259/770/193 258/771/193
f 261/769/193 258/771/193 260/772/193
f 264/773/194 262/774/194 263/775/194
f 264/773/194 263/775/194 257/776/194
f 258/777/195 259/778/195 263/779/195
f 258/777/195 263/779/195 262/780/195
f 261/781/196 260/782/196 264/783/196
f 261/781/196 264/783/196 257/784/196
f 260/785/197 258/786/197 262/787/197
f 260/785/197 262/787/197 264/788/197
f 257/789/198 263/790/198 259/791/198
f 257/789/198 259/791/198 261/792/198
f 269/793/199 267/794/199 266/795/199
f 269/793/199 266/795/199 268/796/199
f 272/797/200 270/798/200 271/799/200
f 272/797/200 271/799/200 265/800/200
f 266/801/201 267/802/201 271/803/201
f 266/801/201 271/803/201 270/804/201
f 269/805/202 268/806/202 272/807/202
f 269/805/202 272/807/202 265/808/202
f 268/809/203 266/810/203 270/811/203
f 268/809/203 270/811/203 272/812/203
f 265/813/204 271/814/204 267/815/204
f 265/813/204 267/815/204 269/816/204
f 277/817/205 275/818/205 274/819/205
f 277/817/205 274/819/205 276/820/205
f 280/821/206 278/822/206 279/823/206
f 280/821/206 279/823/206 273/824/206
f 274/825/207 275/826/207 279/827/207
f 274/825/207 279/827/207 278/828/207
f 277/829/208 276/830/208 280/831/208
f 277/829/208 280/831/208 273/832/208
f 276/833/209 274/834/209 278/835/209
f 276/833/209 278/835/209 280/836/209
f 273/837/210 279/838/210 275/839/210
f 273/837/210 275/839/210 277/840/210
f 285/841/211 283/842/211 282/843/211
f 285/841/211 282/843/211 284/844/211
f 288/845/212 286/846/212 287/847/212
f 288/845/212 287/847/212 281/848/212
f 282/849/213 283/850/213 287/851/213
f 282/849/213 287/851/213 286/852/213
f 285/853/214 284/854/214 288/855/214
f 285/853/214 288/855/214 281/856/214
f 284/857/215 282/858/215 286/859/215
f 284/857/215 286/859/215 288/860/215
f 281/861/216 287/862/216 283/863/216
f 281/861/216 283/863/216 285/864/216
f 293/865/217 291/866/217 290/867/217
f 293/865/217 290/867/217 292/868/217
f 296/869/218 294/870/218 295/871/218
f 296/869/218 295/871/218 289/872/218
f 290/873/219 291/874/219 295/875/219
f 290/873/219 295/875/219 294/876/219
f 293/877/220 292/878/220 296/879/220
f 293/877/220 296/879/220 289/880/220
f 292/881/221 290/882/221 294/883/221
f 292/881/221 294/883/221 296/884/221
f 289/885/222 295/886/222 291/887/222
f 289/885/222 291/887/222 293/888/222
f 301/889/223 299/890/223 298/891/223
f 301/889/223 298/891/223 300/892/223
f 304/893/224 302/894/224 303/895/224
f 304/893/224 303/895/224 297/896/224
f 298/897/225 299/898/225 303/899/225
f 298/897/225 303/899/225 302/900/225
f 301/901/226 300/902/226 304/903/226
f 301/901/226 304/903/226 297/904/226
f 300/905/227 298/906/227 302/907/227
f 300/905/227 302/907/227 304/908/227
f 297/909/228 303/910/228 299/911/228
f 297/909/228 299/911/228 301/912/228
f 309/913/229 307/914/229 306/915/229
f 309/913/229 306/915/229 308/916/229
f 312/917/230 310/918/230 311/919/230
f 312/917/230 311/919/230 305/920/230
f 306/921/231 307/922/231 311/923/231
f 306/921/231 311/923/231 310/924/231
f 309/925/232 308/926/232 312/927/232
f 309/925/232 312/927/232 305/928/232
f 308/929/233 306/930/233 310/931/233
f 308/929/233 310/931/233 312/932/233
f 305/933/234 311/934/234 307/935/234
f 305/933/234 307/935/234 309/936/234
f 317/937/235 315/938/235 314/939/235
f 317/937/235 314/939/235 316/940/235
f 320/941/236 318/942/236 319/943/236
f 320/941/236 319/943/236 313/944/236
f 314/945/237 315/946/237 319/947/237
f 314/945/237 319/947/237 318/948/237
f 317/949/238 316/950/238 320/951/238
f 317/949/238 320/951/238 313/952/238
f 316/953/239 314/954/239 318/955/239
f 316/953/239 318/955/239 320/956/239
f 313/957/240 319/958/240 315/959/240
f 313/957/240 315/959/240 317/960/240
f 325/961/241 323/962/241 322/963/241
f 325/961/241 322/963/241 324/964/241
f 328/965/242 326/966/242 327/967/242
f 328/965/242 327/967/242 321/968/242
f 322/969/243 323/970/243 327/971/243
f 322/969/243 327/971/243 326/972/243
f 325/973/244 324/974/244 328/975/244
f 325/973/244 328/975/244 321/976/244
f 324/977/245 322/978/245 326/979/245
f 324/977/245 326/979/245 328/980/245
f 321/981/246 327/982/246 323/983/246
f 321/981/246 323/983/246 325/984/246
f 333/985/247 331/986/247 330/987/247
f 333/985/247 330/987/247 332/988/247
f 336/989/248 334/990/248 335/991/248
f 336/989/248 335/991/248 329/992/248
f 330/993/249 331/994/249 335/995/249
f 330/993/249 335/995/249 334/996/249
f 333/997/250 332/998/250 336/999/250
f 333/997/250 336/999/250 329/1000/250
f 332/1001/251 330/1002/251 334/1003/251
f 332/1001/251 334/1003/251 336/1004/251
f 329/1005/252 335/1006/252 331/1007/252
f 329/1005/252 331/1007/252 333/1008/252
f 341/1009/253 339/1010/253 338/1011/253
f 341/1009/253 338/1011/253 340/1012/253
f 344/1013/254 342/1014/254 343/1015/254
f 344/1013/254 343/1015/254 337/1016/254
f 338/1017/255 339/1018/255 343/1019/255
f 338/1017/255 343/1019/255 342/1020/255
f 341/1021/256 340/1022/256 344/1023/256
f 341/1021/256 344/1023/256 337/1024/256
f 340/1025/257 338/1026/257 342/1027/257
f 340/1025/257 342/1027/257 344/1028/257
f 337/1029/258 343/1030/258 339/1031/258
f 337/1029/258 339/1031/258 341/1032/258
f 349/1033/259 347/1034/259 346/1035/259
f 349/1033/259 346/1035/259 348/1036/259
f 352/1037/260 350/1038/260 351/1039/260
f 352/1037/260 351/1039/260 345/1040/260
f 346/1041/261 347/1042/261 351/1043/261
f 346/1041/261 351/1043/261 350/1044/261
f 349/1045/262 348/1046/262 352/1047/262
f 349/1045/262 352/1047/262 345/1048/262
f 348/1049/263 346/1050/263 350/1051/263
f 348/1049/263 350/1051/263 352/1052/263
f 345/1053/264 351/1054/264 347/1055/264
f 345/1053/264 347/1055/264 349/1056/264
f 357/1057/265 355/1058/265 354/1059/265
f 357/1057/265 354/1059/265 356/1060/265
f 360/1061/266 358/1062/266 359/1063/266
f 360/1061/266 359/1063/266 353/1064/266
f 354/1065/267 355/1066/267 359/1067/267
f 354/1065/267 359/1067/267 358/1068/267
f 357/1069/268 356/1070/268 360/1071/268
f 357/1069/268 360/1071/268 353/1072/268
f 356/1073/269 354/1074/269 358/1075/269
f 356/1073/269 358/1075/269 360/1076/269
f 353/1077/270 359/1078/270 355/1079/270
f 353/1077/270 355/1079/270 357/1080/270
f 365/1081/271 363/1082/271 362/1083/271
f 365/1081/271 362/1083/271 364/1084/271
f 368/1085/272 366/1086/272 367/1087/272
f 368/1085/272 367/1087/272 361/1088/272
f 362/1089/273 363/1090/273 367/1091/273
f 362/1089/273 367/1091/273 366/1092/273
f 365/1093/274 364/1094/274 368/1095/274
f 365/1093/274 368/1095/274 361/1096/274
f 364/1097/275 362/1098/275 366/1099/275
f 364/1097/275 366/1099/275 368/1100/275
f 361/1101/276 367/1102/276 363/1103/276
f 361/1101/276 363/1103/276 365/1104/276
f 373/1105/277 371/1106/277 370/1107/277
f 373/1105/277 370/1107/277 372/1108/277
f 376/1109/278 374/1110/278 375/1111/278
f 376/1109/278 375/1111/278 369/1112/278
f 370/1113/279 371/1114/279 375/1115/279
f 370/1113/279 375/1115/279 374/1116/279
f 373/1117/280 372/1118/280 376/1119/280
f 373/1117/280 376/1119/280 369/1120/280
f 372/1121/281 370/1122/281 374/1123/281
f 372/1121/281 374/1123/281 376/1124/281
f 369/1125/282 375/1126/282 371/1127/282
f 369/1125/282 371/1127/282 373/1128/282
f 381/1129/283 379/1130/283 378/1131/283
f 381/1129/283 378/1131/283 380/1132/283
f 384/1133/284 382/1134/284 383/1135/284
f 384/1133/284 383/1135/284 377/1136/284
f 378/1137/285 379/1138/285 383/1139/285
f 378/1137/285 383/1139/285 382/1140/285
f 381/1141/286 380/1142/286 384/1143/286
f 381/1141/286 384/1143/286 377/1144/286
f 380/1145/287 378/1146/287 382/1147/287
f 380/1145/287 382/1147/287 384/1148/287
f 377/1149/288 383/1150/288 379/1151/288
f 377/1149/288 379/1151/288 381/1152/288
f 389/1153/289 387/1154/289 386/1155/289
f 389/1153/289 386/1155/289 388/1156/289
f 392/1157/290 390/1158/290 391/1159/290
f 392/1157/290 391/1159/290 385/1160/290
f 386/1161/291 387/1162/291 391/1163/291
f 386/1161/291 391/1163/291 390/1164/291
f 389/1165/292 388/1166/292 392/1167/292
f 389/1165/292 392/1167/292 385/1168/292
f 388/1169/293 386/1170/293 390/1171/293
f 388/1169/293 390/1171/293 392/1172/293
f 385/1173/294 391/1174/294 387/1175/294
f 385/1173/294 387/1175/294 389/1176/294
f 397/1177/295 395/1178/295 394/1179/295
f 397/1177/295 394/1179/295 396/1180/295
f 400/1181/296 398/1182/296 399/1183/296
f 400/1181/296 399/1183/296 393/1184/296
f 394/1185/297 395/1186/297 399/1187/297
f 394/1185/297 399/1187/297 398/1188/297
f 397/1189/298 396/1190/298 400/1191/298
f 397/1189/298 400/1191/298 393/1192/298
f 396/1193/299 394/1194/299 398/1195/299
f 396/1193/299 398/1195/299 400/1196/299
f 393/1197/300 399/1198/300 395/1199/300
f 393/1197/300 395/1199/300 397/1200/300
f 405/1201/301 403/1202/301 402/1203/301
f 405/1201/301 402/1203/301 404/1204/301
f 408/1205/302 406/1206/302 407/1207/302
f 408/1205/302 407/1207/302 401/1208/302
f 402/1209/303 403/1210/303 407/1211/303
f 402/1209/303 407/1211/303 406/1212/303
f 405/1213/304 404/1214/304 408/1215/304
f 405/1213/304 408/1215/304 401/1216/304
f 404/1217/305 402/1218/305 406/1219/305
f 404/1217/305 406/1219/305 408/1220/305
f 401/1221/306 407/1222/306 403/1223/306
f 401/1221/306 403/1223/306 405/1224/306
f 413/1225/307 411/1226/307 410/1227/307
f 413/1225/307 410/1227/307 412/1228/307
f 416/1229/308 414/1230/308 415/1231/308
f 416/1229/308 415/1231/308 409/1232/308
f 410/1233/309 411/1234/309 415/1235/309
f 410/1233/309 415/1235/309 414/1236/309
f 413/1237/310 412/1238/310 416/1239/310
f 413/1237/310 416/1239/310 409/1240/310
f 412/1241/311 410/1242/311 414/1243/311
f 412/1241/311 414/1243/311 416/1244/311
f 409/1245/312 415/1246/312 411/1247/312
f 409/1245/312 411/1247/312 413/1248/312
f 421/1249/313 419/1250/313 418/1251/313
f 421/1249/313 418/1251/313 420/1252/313
f 424/1253/314 422/1254/314 423/1255/314
f 424/1253/314 423/1255/314 417/1256/314
f 418/1257/315 419/1258/315 423/1259/315
f 418/1257/315 423/1259/315 422/1260/315
f 421/1261/316 420/1262/316 424/1263/316
f 421/1261/316 424/1263/316 417/1264/316
f 420/1265/317 418/1266/317 422/1267/317
f 420/1265/317 422/1267/317 424/1268/317
f 417/1269/318 423/1270/318 419/1271/318
f 417/1269/318 419/1271/318 421/1272/318
f 429/1273/319 427/1274/319 426/1275/319
f 429/1273/319 426/1275/319 428/1276/319
f 432/1277/320 430/1278/320 431/1279/320
f 432/1277/320 431/1279/320 425/1280/320
f 426/1281/321 427/1282/321 431/1283/321
f 426/1281/321 431/1283/321 430/1284/321
f 429/1285/322 428/1286/322 432/1287/322
f 429/1285/322 432/1287/322 425/1288/322
f 428/1289/323 426/1290/323 430/1291/323
f 428/1289/323 430/1291/323 432/1292/323
f 425/1293/324 431/1294/324 427/1295/324
f 425/1293/324 427/1295/324 429/1296/324
f 437/1297/325 435/1298/325 434/1299/325
f 437/1297/325 434/1299/325 436/1300/325
f 440/1301/326 438/1302/326 439/1303/326
f 440/1301/326 439/1303/326 433/1304/326
f 434/1305/327 435/1306/327 439/1307/327
f 434/1305/327 439/1307/327 438/1308/327
f 437/1309/328 436/1310/328 440/1311/328
f 437/1309/328 440/1311/328 433/1312/328
f 436/1313/329 434/1314/329 438/1315/329
f 436/1313/329 438/1315/329 440/1316/329
f 433/1317/330 439/1318/330 435/1319/330
f 433/1317/330 435/1319/330 437/1320/330
f 445/1321/331 443/1322/331 442/1323/331
f 445/1321/331 442/1323/331 444/1324/331
f 448/1325/332 446/1326/332 447/1327/332
f 448/1325/332 447/1327/332 441/1328/332
f 442/1329/333 443/1330/333 447/1331/333
f 442/1329/333 447/1331/333 446/1332/333
f 445/1333/334 444/1334/334 448/1335/334
f 445/1333/334 448/1335/334 441/1336/334
f 444/1337/335 442/1338/335 446/1339/335
f 444/1337/335 446/1339/335 448/1340/335
f 441/1341/336 447/1342/336 443/1343/336
f 441/1341/336 443/1343/336 445/1344/336
f 453/1345/337 451/1346/337 450/1347/337
f 453/1345/337 450/1347/337 452/1348/337
f 456/1349/338 454/1350/338 455/1351/338
f 456/1349/338 455/1351/338 449/1352/338
f 450/1353/339 451/1354/339 455/1355/339
f 450/1353/339 455/1355/339 454/1356/339
f 453/1357/340 452/1358/340 456/1359/340
f 453/1357/340 456/1359/340 449/1360/340
f 452/1361/341 450/1362/341 454/1363/341
f 452/1361/341 454/1363/341 456/1364/341
f 449/1365/342 455/1366/342 451/1367/342
f 449/1365/342 451/1367/342 453/1368/342
f 461/1369/343 459/1370/343 458/1371/343
f 461/1369/343 458/1371/343 460/1372/343
f 464/1373/344 462/1374/344 463/1375/344
f 464/1373/344 463/1375/344 457/1376/344
f 458/1377/345 459/1378/345 463/1379/345
f 458/1377/345 463/1379/345 462/1380/345
f 461/1381/346 460/1382/346 464/1383/346
f 461/1381/346 464/1383/346 457/1384/346
f 460/1385/347 458/1386/347 462/1387/347
f 460/1385/347 462/1387/347 464/1388/347
f 457/1389/348 463/1390/348 459/1391/348
f 457/1389/348 459/1391/348 461/1392/348
f 469/1393/349 467/1394/349 466/1395/349
f 469/1393/349 466/1395/349 468/1396/349
f 472/1397/350 470/1398/350 471/1399/350
f 472/1397/350 471/1399/350 465/1400/350
f 466/1401/351 467/1402/351 471/1403/351
f 466/1401/351 471/1403/351 470/1404/351
f 469/1405/352 468/1406/352 472/1407/352
f 469/1405/352 472/1407/352 465/1408/352
f 468/1409/353 466/1410/353 470/1411/353
f 468/1409/353 470/1411/353 472/1412/353
f 465/1413/354 471/1414/354 467/1415/354
f 465/1413/354 467/1415/354 469/1416/354
f 477/1417/355 475/1418/355 474/1419/355
f 477/1417/355 474/1419/355 476/1420/355
f 480/1421/356 478/1422/356 479/1423/356
f 480/1421/356 479/1423/356 473/1424/356
f 474/1425/357 475/1426/357 479/1427/357
f 474/1425/357 479/1427/357 478/1428/357
f 477/1429/358 476/1430/358 480/1431/358
f 477/1429/358 480/1431/358 473/1432/358
f 476/1433/359 474/1434/359 478/1435/359
f 476/1433/359 478/1435/359 480/1436/359
f 473/1437/360 479/1438/360 475/1439/360
f 473/1437/360 475/1439/360 477/1440/360
f 485/1441/361 483/1442/361 482/1443/361
f 485/1441/361 482/1443/361 484/1444/361
f 488/1445/362 486/1446/362 487/1447/362
f 488/1445/362 487/1447/362 481/1448/362
f 482/1449/363 483/1450/363 487/1451/363
f 482/1449/363 487/1451/363 486/1452/363
f 485/1453/364 484/1454/364 488/1455/364
f 485/1453/364 488/1455/364 481/1456/364
f 484/1457/365 482/1458/365 486/1459/365
f 484/1457/365 486/1459/365 488/1460/365
f 481/1461/366 487/1462/366 483/1463/366
f 481/1461/366 483/1463/366 485/1464/366
o turen
v 0.875 -1.75 1.5
v 0.875 -1.75 1.125
v 0.875 -2.125 1.5
v 0.875 -2.125 1.125
v 0.8125 -1.75 1.5
v 0.8125 -1.75 1.125
v 0.8125 -2.125 1.5
v 0.8125 -2.125 1.125
v 0.875 -1.6875 1.4375
v 0.875 -1.6875 1.1875
v 0.875 -1.75 1.5
v 0.875 -1.75 1.125
v 0.8125 -1.6875 1.4375
v 0.8125 -1.6875 1.1875
v 0.8125 -1.75 1.5
v 0.8125 -1.75 1.125
v 0.875 -2.125 1.5625
v 0.875 -2.125 1.0625
v 0.875 -2.1875 1.5625
v 0.875 -2.1875 1.0625
v 0.125 -2.125 1.5625
v 0.125 -2.125 1.0625
v 0.125 -2.1875 1.5625
v 0.125 -2.1875 1.0625
v 0.1875 -1.75 1.5
v 0.1875 -1.75 1.125
v 0.1875 -2.125 1.5
v 0.1875 -2.125 1.125
v 0.125 -1.75 1.5
v 0.125 -1.75 1.125
v 0.125 -2.125 1.5
v 0.125 -2.125 1.125
v 0.1875 -1.6875 1.4375
v 0.1875 -1.6875 1.1875
v 0.1875 -1.75 1.5
v 0.1875 -1.75 1.125
v 0.125 -1.6875 1.4375
v 0.125 -1.6875 1.1875
v 0.125 -1.75 1.5
v 0.125 -1.75 1.125
vt 0 0.765625
vt 0 0.859375
vt 0.09375 0.859375
vt 0.09375 0.765625
vt 0 0.765625
vt 0 0.859375
vt 0.09375 0.859375
vt 0.09375 0.765625
vt 0.078125 0.78125
vt 0.078125 0.875
vt 0.09375 0.875
vt 0.09375 0.78125
vt 0 0.78125
vt 0 0.875
vt 0.015625 0.875
vt 0.015625 0.78125
vt 0.078125 0.78125
vt 0.015625 0.78125
vt 0 0.765625
vt 0.09375 0.765625
vt 0.09375 0.765625
vt 0.078125 0.78125
vt 0.015625 0.78125
vt 0 0.765625
vt 0.515625 0.921875
vt 0.53125 0.921875
vt 0.53125 0.984375
vt 0.515625 0.984375
vt 0.03125 0.977903125
vt 0.03125 1
vt 0.015625 1
vt 0.015625 0.977903125
vt 0.03125 0.984375
vt 0.015625 0.984375
vt 0.015625 0.962278125
vt 0.03125 0.962278125
vt 0.28125 0.703125
vt 0.28125 0.71875
vt 0.15625 0.71875
vt 0.15625 0.703125
vt 0.28125 0.71875
vt 0.28125 0.734375
vt 0.15625 0.734375
vt 0.15625 0.71875
vt 0.28125 0.71875
vt 0.28125 0.84375
vt 0.09375 0.84375
vt 0.09375 0.71875
vt 0.28125 0.71875
vt 0.28125 0.84375
vt 0.09375 0.84375
vt 0.09375 0.71875
vt 0.28125 0.71875
vt 0.28125 0.734375
vt 0.09375 0.734375
vt 0.09375 0.71875
vt 0.28125 0.71875
vt 0.28125 0.734375
vt 0.09375 0.734375
vt 0.09375 0.71875
vt 0 0.765625
vt 0 0.859375
vt 0.09375 0.859375
vt 0.09375 0.765625
vt 0 0.765625
vt 0 0.859375
vt 0.09375 0.859375
vt 0.09375 0.765625
vt 0.078125 0.78125
vt 0.078125 0.875
vt 0.09375 0.875
vt 0.09375 0.78125
vt 0 0.78125
vt 0 0.875
vt 0.015625 0.875
vt 0.015625 0.78125
vt 0.078125 0.78125
vt 0.015625 0.78125
vt 0 0.765625
vt 0.09375 0.765625
vt 0.09375 0.765625
vt 0.078125 0.78125
vt 0.015625 0.78125
vt 0 0.765625
vt 0.515625 0.921875
vt 0.53125 0.921875
vt 0.53125 0.984375
vt 0.515625 0.984375
vt 0.03125 0.977903125
vt 0.03125 1
vt 0.015625 1
vt 0.015625 0.977903125
vt 0.03125 0.984375
vt 0.015625 0.984375
vt 0.015625 0.962278125
vt 0.03125 0.962278125
vn 1 0 0
vn -1 0 0
vn 0 0 1
vn 0 0 -1
vn 1 0 0
vn -1 0 0
vn 0 1 0
vn 0 0.7071067811865476 0.7071067811865476
vn 0 0.7071067811865476 -0.7071067811865476
vn 1 0 0
vn -1 0 0
vn 0 1 0
vn 0 -1 0
vn 0 0 1
vn 0 0 -1
vn 1 0 0
vn -1 0 0
vn 0 0 1
vn 0 0 -1
vn 1 0 0
vn -1 0 0
vn 0 1 0
vn 0 0.7071067811865476 0.7071067811865476
vn 0 0.7071067811865476 -0.7071067811865476
usemtl weapon_machinegun
f 492/1465/367 490/1466/367 489/1467/367
f 492/1465/367 489/1467/367 491/1468/367
f 495/1469/368 493/1470/368 494/1471/368
f 495/1469/368 494/1471/368 496/1472/368
f 491/1473/369 489/1474/369 493/1475/369
f 491/1473/369 493/1475/369 495/1476/369
f 496/1477/370 494/1478/370 490/1479/370
f 496/1477/370 490/1479/370 492/1480/370
f 498/1481/371 497/1482/371 499/1483/371
f 498/1481/371 499/1483/371 500/1484/371
f 503/1485/372 501/1486/372 502/1487/372
f 503/1485/372 502/1487/372 504/1488/372
f 501/1489/373 497/1490/373 498/1491/373
f 501/1489/373 498/1491/373 502/1492/373
f 499/1493/374 497/1494/374 501/1495/374
f 499/1493/374 501/1495/374 503/1496/374
f 502/1497/375 498/1498/375 500/1499/375
f 502/1497/375 500/1499/375 504/1500/375
f 508/1501/376 506/1502/376 505/1503/376
f 508/1501/376 505/1503/376 507/1504/376
f 511/1505/377 509/1506/377 510/1507/377
f 511/1505/377 510/1507/377 512/1508/377
f 505/1509/378 506/1510/378 510/1511/378
f 505/1509/378 510/1511/378 509/1512/378
f 508/1513/379 507/1514/379 511/1515/379
f 508/1513/379 511/1515/379 512/1516/379
f 507/1517/380 505/1518/380 509/1519/380
f 507/1517/380 509/1519/380 511/1520/380
f 512/1521/381 510/1522/381 506/1523/381
f 512/1521/381 506/1523/381 508/1524/381
f 516/1525/382 514/1526/382 513/1527/382
f 516/1525/382 513/1527/382 515/1528/382
f 519/1529/383 517/1530/383 518/1531/383
f 519/1529/383 518/1531/383 520/1532/383
f 515/1533/384 513/1534/384 517/1535/384
f 515/1533/384 517/1535/384 519/1536/384
f 520/1537/385 518/1538/385 514/1539/385
f 520/1537/385 514/1539/385 516/1540/385
f 522/1541/386 521/1542/386 523/1543/386
f 522/1541/386 523/1543/386 524/1544/386
f 527/1545/387 525/1546/387 526/1547/387
f 527/1545/387 526/1547/387 528/1548/387
f 525/1549/388 521/1550/388 522/1551/388
f 525/1549/388 522/1551/388 526/1552/388
f 523/1553/389 521/1554/389 525/1555/389
f 523/1553/389 525/1555/389 527/1556/389
f 526/1557/390 522/1558/390 524/1559/390
f 526/1557/390 524/1559/390 528/1560/390
o cannon
v 0.40625 -1.6875 1.125
v 0.40625 -1.6875 0.875
v 0.40625 -2 1.125
v 0.40625 -2 0.875
v 0.21875 -1.6875 1.125
v 0.21875 -1.6875 0.875
v 0.21875 -2 1.125
v 0.21875 -2 0.875
v 0.78125 -1.6875 1.125
v 0.78125 -1.6875 0.875
v 0.78125 -2 1.125
v 0.78125 -2 0.875
v 0.59375 -1.6875 1.125
v 0.59375 -1.6875 0.875
v 0.59375 -2 1.125
v 0.59375 -2 0.875
v 0.4375 -1.5 1.625
v 0.4375 -1.5 1.375
v 0.4375 -1.625 1.625
v 0.4375 -1.625 1.375
v 0.3125 -1.5 1.625
v 0.3125 -1.5 1.375
v 0.3125 -1.625 1.625
v 0.3125 -1.625 1.375
v 0.5 -1.625 1.625
v 0.5 -1.5 1.625
v 0.5 -1.5 1.75
v 0.625 -1.625 1.625
v 0.5625 -1.5 1.625
v 0.625 -1.625 1.75
v 0.5625 -1.5 1.75
v 0.5 -1.5 1.75
v 0.5 -1.5 1.625
v 0.5 -1.625 1.625
v 0.4375 -1.5 1.75
v 0.4375 -1.5 1.625
v 0.4375 -1.625 1.625
v 0.4375 -1.5 1.625
v 0.3125 -1.5 1.625
v 0.3125 -1.625 1.625
v 0.4375 -1.5 1.75
v 0.3125 -1.5 1.6875
v 0.4375 -1.625 1.75
v 0.3125 -1.625 1.6875
v 0.4375 -1.5 1.375
v 0.4375 -1.5 1.25
v 0.4375 -1.625 1.25
v 0.3125 -1.5 1.375
v 0.375 -1.5 1.25
v 0.3125 -1.625 1.375
v 0.375 -1.625 1.25
v 0.5625 -1.5 1.375
v 0.5625 -1.5 1.25
v 0.5625 -1.625 1.375
v 0.5625 -1.625 1.25
v 0.4375 -1.5 1.375
v 0.4375 -1.5 1.25
v 0.4375 -1.625 1.375
v 0.4375 -1.625 1.25
v 0.8125 -1.625 1.75
v 0.8125 -1.625 1.125
v 0.8125 -2 1.75
v 0.8125 -2 1.125
v 0.1875 -1.625 1.75
v 0.1875 -1.625 1.125
v 0.1875 -2 1.75
v 0.1875 -2 1.125
v 0.8125 -1.25 1.4375
v 0.8125 -1.25 1.1875
v 0.8125 -1.625 1.4375
v 0.8125 -1.625 1.1875
v 0.5625 -1.25 1.4375
v 0.5625 -1.25 1.1875
v 0.5625 -1.625 1.4375
v 0.5625 -1.625 1.1875
v 0.926333125 -1.34801 1.1875
v 1.2448831249999999 -1.3574087499999998 1.375
v 1.2448831249999999 -1.3574087499999998 1.25
v 1.2308237499999999 -1.4183068749999999 1.375
v 1.2308237499999999 -1.4183068749999999 1.25
v 0.81859625 -1.258993125 1.375
v 0.81859625 -1.258993125 1.25
v 0.804536875 -1.31989125 1.375
v 0.804536875 -1.31989125 1.25
v 1.2308237499999999 -1.4183068749999999 1.375
v 1.2308237499999999 -1.4183068749999999 1.25
v 1.17458625 -1.661899375 1.375
v 1.17458625 -1.661899375 1.25
v 1.169925625 -1.4042474999999999 1.375
v 1.169925625 -1.4042474999999999 1.25
v 1.113688125 -1.64784 1.375
v 1.113688125 -1.64784 1.25
v 1.17458625 -1.661899375 1.375
v 1.17458625 -1.661899375 1.25
v 1.160526875 -1.7227975 1.375
v 1.160526875 -1.7227975 1.25
v 0.748299375 -1.56348375 1.375
v 0.748299375 -1.56348375 1.25
v 0.73424 -1.624381875 1.375
v 0.73424 -1.624381875 1.25
v 1.169925625 -1.4042474999999999 0.9375
v 1.169925625 -1.4042474999999999 0.875
v 1.113688125 -1.64784 0.9375
v 1.113688125 -1.64784 0.875
v 0.926333125 -1.34801 0.9375
v 0.926333125 -1.34801 0.875
v 0.870095625 -1.5916025 0.9375
v 0.870095625 -1.5916025 0.875
v 1.132446875 -1.427666875 0.875
v 1.132446875 -1.427666875 0.8125
v 1.09026875 -1.61036125 0.875
v 1.09026875 -1.61036125 0.8125
v 0.9497525 -1.38548875 0.875
v 0.9497525 -1.38548875 0.8125
v 0.907574375 -1.568183125 0.875
v 0.907574375 -1.568183125 0.8125
v 1.169925625 -1.4042474999999999 0.8125
v 1.169925625 -1.4042474999999999 0.75
v 1.113688125 -1.64784 0.8125
v 1.113688125 -1.64784 0.75
v 0.926333125 -1.34801 0.8125
v 0.926333125 -1.34801 0.75
v 0.870095625 -1.5916025 0.8125
v 0.870095625 -1.5916025 0.75
v 0.979261875 -1.4243731249999998 1.125
v 0.9558425 -1.3868943749999998 1.1875
v 0.9511425 -1.5461693749999998 1.125
v 0.91366375 -1.5695887499999999 1.1875
v 1.101058125 -1.4524925 1.125
v 1.138536875 -1.429073125 1.1875
v 1.07293875 -1.57428875 1.125
v 1.096358125 -1.6117675 1.1875
v 0.979261875 -1.4243731249999998 1
v 0.9558425 -1.3868943749999998 1.0625
v 0.9511425 -1.5461693749999998 1
v 0.91366375 -1.5695887499999999 1.0625
v 1.101058125 -1.4524925 1
v 1.138536875 -1.429073125 1.0625
v 1.07293875 -1.57428875 1
v 1.096358125 -1.6117675 1.0625
v 1.101058125 -1.4524925 1.125
v 1.138536875 -1.429073125 1.0625
v 1.07293875 -1.57428875 1.125
v 1.096358125 -1.6117675 1.0625
v 0.979261875 -1.4243731249999998 1.125
v 0.9558425 -1.3868943749999998 1.0625
v 0.9511425 -1.5461693749999998 1.125
v 0.91366375 -1.5695887499999999 1.0625
v 1.101058125 -1.4524925 1
v 1.138536875 -1.429073125 0.9375
v 1.07293875 -1.57428875 1
v 1.096358125 -1.6117675 0.9375
v 0.979261875 -1.4243731249999998 1
v 0.9558425 -1.3868943749999998 0.9375
v 0.9511425 -1.5461693749999998 1
v 0.91366375 -1.5695887499999999 0.9375
v 1.169925625 -1.4042474999999999 1.4375
v 1.169925625 -1.4042474999999999 1.1875
v 1.113688125 -1.64784 1.4375
v 1.113688125 -1.64784 1.1875
v 0.926333125 -1.34801 1.4375
v 0.870095625 -1.5916025 1.4375
v 0.870095625 -1.5916025 1.1875
v 0.90625 -1.75 1.375
v 0.90625 -1.75 1.25
v 0.90625 -1.875 1.375
v 0.90625 -1.875 1.25
v 0.09375 -1.75 1.375
v 0.09375 -1.75 1.25
v 0.09375 -1.875 1.375
v 0.09375 -1.875 1.25
v 0.3125 -1.5625 1.71875
v 0.3125 -1.5625 1.46875
v 0.3125 -1.625 1.71875
v 0.3125 -1.625 1.46875
v 0.1875 -1.5625 1.71875
v 0.1875 -1.5625 1.46875
v 0.1875 -1.625 1.71875
v 0.1875 -1.625 1.46875
v 0.8125 -1.5625 1.71875
v 0.8125 -1.5625 1.46875
v 0.8125 -1.625 1.71875
v 0.8125 -1.625 1.46875
v 0.6875 -1.5625 1.71875
v 0.6875 -1.5625 1.46875
v 0.6875 -1.625 1.71875
v 0.6875 -1.625 1.46875
v 0.8125 -1.5 1.8125
v 0.8125 -1.5 1.75
v 0.8125 -2 1.8125
v 0.8125 -2 1.75
v 0.3125 -1.5 1.8125
v 0.3125 -1.5 1.75
v 0.3125 -2 1.8125
v 0.3125 -2 1.75
v 1.125 -1.5625 2
v 1.125 -1.5625 1.5
v 1.125 -1.9375 2
v 1.125 -1.9375 1.5
v 0.8125 -1.5625 2
v 0.8125 -1.5625 1.5
v 0.8125 -1.9375 2
v 0.8125 -1.9375 1.5
v 0.1875 -1.5625 2
v 0.1875 -1.5625 1.5
v 0.1875 -1.9375 2
v 0.1875 -1.9375 1.5
v -0.125 -1.5625 2
v -0.125 -1.5625 1.5
v -0.125 -1.9375 2
v -0.125 -1.9375 1.5
vt 0.9375 0.3125
vt 0.9375 0.234375
vt 1 0.234375
vt 1 0.3125
vt 1 0.234375
vt 1 0.3125
vt 0.9375 0.3125
vt 0.9375 0.234375
vt 0.984375 0.3125
vt 0.984375 0.375
vt 0.9375 0.375
vt 0.9375 0.3125
vt 0.9375 0.375
vt 0.9375 0.3125
vt 0.984375 0.3125
vt 0.984375 0.375
vt 0.9375 0.234375
vt 0.9375 0.3125
vt 0.890625 0.3125
vt 0.890625 0.234375
vt 0.9375 0.3125
vt 0.9375 0.234375
vt 1 0.234375
vt 1 0.3125
vt 1 0.234375
vt 1 0.3125
vt 0.9375 0.3125
vt 0.9375 0.234375
vt 0.984375 0.3125
vt 0.984375 0.375
vt 0.9375 0.375
vt 0.9375 0.3125
vt 0.9375 0.375
vt 0.9375 0.3125
vt 0.984375 0.3125
vt 0.984375 0.375
vt 0.9375 0.234375
vt 0.9375 0.3125
vt 0.890625 0.3125
vt 0.890625 0.234375
vt 0.6875 0.875
vt 0.5625 0.875
vt 0.5625 0.625
vt 0.6875 0.625
vt 0.6875 0.9375
vt 0.5625 0.9375
vt 0.5625 0.6875
vt 0.6875 0.6875
vt 0.6875 0.625
vt 0.6875 0.875
vt 0.5625 0.875
vt 0.5625 0.625
vt 0.6875 0.375
vt 0.6875 0.625
vt 0.5625 0.625
vt 0.5625 0.375
vt 0.5625 0.875
vt 0.6875 0.875
vt 0.6875 1
vt 0.5625 1
vt 0.75 0
vt 0.875 0
vt 0.875 0.125
vt 0.75 0.125
vt 0.625 1
vt 0.5625 1
vt 0.5625 0.875
vt 0.625 0.875
vt 0.6875 0.25
vt 0.6875 0.375
vt 0.625 0.375
vt 0.625 0.25
vt 0.6875 0.25
vt 0.6875 0.375
vt 0.625 0.375
vt 0.625 0.25
vt 0.5625 0.875
vt 0.6875 0.875
vt 0.6875 1
vt 0.5625 1
vt 0.75 0
vt 0.875 0
vt 0.875 0.125
vt 0.75 0.125
vt 0.625 1
vt 0.5625 1
vt 0.5625 0.875
vt 0.625 0.875
vt 0.5625 0.875
vt 0.6875 0.875
vt 0.6875 1
vt 0.5625 1
vt 0.75 0
vt 0.875 0
vt 0.875 0.125
vt 0.75 0.125
vt 0.625 1
vt 0.5625 1
vt 0.5625 0.875
vt 0.625 0.875
vt 0.561961875 0.875543125
vt 0.686956875 0.8744618749999999
vt 0.688038125 0.999456875
vt 0.563043125 1
vt 0.6875 0.875
vt 0.6875 1
vt 0.5625 1
vt 0.5625 0.875
vt 0.6875 0.875
vt 0.6875 1
vt 0.5625 1
vt 0.5625 0.875
vt 0.671875 0.90625
vt 0.671875 1
vt 0.515625 1
vt 0.515625 0.90625
vt 0.671875 0.90625
vt 0.671875 1
vt 0.515625 1
vt 0.515625 0.90625
vt 0.28125 0.84375
vt 0.28125 1
vt 0.125 1
vt 0.125 0.84375
vt 0.28125 0.84375
vt 0.28125 1
vt 0.125 1
vt 0.125 0.84375
vt 0.265625 0.734375
vt 0.265625 0.828125
vt 0.109375 0.828125
vt 0.109375 0.734375
vt 0.265625 0.734375
vt 0.265625 0.828125
vt 0.109375 0.828125
vt 0.109375 0.734375
vt 0.265625 0
vt 0.265625 0.09375
vt 0.328125 0.09375
vt 0.328125 0
vt 0.25 0
vt 0.25 0.09375
vt 0.3125 0.09375
vt 0.3125 0
vt 0.375 0.15625
vt 0.375 0.09375
vt 0.3125 0.09375
vt 0.3125 0.15625
vt 0.3125 0
vt 0.3125 0.09375
vt 0.375 0.09375
vt 0.375 0
vt 0.3125 0
vt 0.3125 0.09375
vt 0.375 0.09375
vt 0.375 0
vt 0.25 0.78125
vt 0.25 0.796875
vt 0.28125 0.796875
vt 0.28125 0.78125
vt 0.15625 0.953125
vt 0.15625 0.96875
vt 0.1875 0.96875
vt 0.1875 0.953125
vt 0.296875 1
vt 0.296875 0.96875
vt 0.1875 0.96875
vt 0.1875 1
vt 0.28125 0.96875
vt 0.28125 1
vt 0.171875 1
vt 0.171875 0.96875
vt 0.171875 0.984375
vt 0.171875 1
vt 0.28125 1
vt 0.28125 0.984375
vt 0.1875 0.953125
vt 0.1875 0.96875
vt 0.296875 0.96875
vt 0.296875 0.953125
vt 0.25 0.75
vt 0.25 0.8125
vt 0.28125 0.8125
vt 0.28125 0.75
vt 0.09375 0.734375
vt 0.09375 0.796875
vt 0.109375 0.796875
vt 0.109375 0.734375
vt 0.125 0.734375
vt 0.125 0.796875
vt 0.140625 0.796875
vt 0.140625 0.734375
vt 0.25 0.78125
vt 0.25 0.796875
vt 0.28125 0.796875
vt 0.28125 0.78125
vt 0.296875 1
vt 0.296875 0.96875
vt 0.1875 0.96875
vt 0.1875 1
vt 0.28125 0.96875
vt 0.28125 1
vt 0.171875 1
vt 0.171875 0.96875
vt 0.171875 0.984375
vt 0.171875 1
vt 0.28125 1
vt 0.28125 0.984375
vt 0.1875 0.953125
vt 0.1875 0.96875
vt 0.296875 0.96875
vt 0.296875 0.953125
vt 0.0625 0
vt 0.0625 0.0625
vt 0.046875 0.0625
vt 0.046875 0
vt 0.0625 0
vt 0.0625 0.0625
vt 0.046875 0.0625
vt 0.046875 0
vt 0.0625 0.046875
vt 0.0625 0.0625
vt 0 0.0625
vt 0 0.046875
vt 0.125 0
vt 0.125 0.015625
vt 0.0625 0.015625
vt 0.0625 0
vt 0.0625 0
vt 0.0625 0.0625
vt 0 0.0625
vt 0 0
vt 0.0625 0
vt 0.0625 0.0625
vt 0 0.0625
vt 0 0
vt 0.125 0.0625
vt 0.125 0.109375
vt 0.109375 0.109375
vt 0.109375 0.0625
vt 0.125 0.0625
vt 0.125 0.109375
vt 0.109375 0.109375
vt 0.109375 0.0625
vt 0.125 0.109375
vt 0.125 0.125
vt 0.078125 0.125
vt 0.078125 0.109375
vt 0.125 0.109375
vt 0.125 0.125
vt 0.078125 0.125
vt 0.078125 0.109375
vt 0.125 0
vt 0.125 0.0625
vt 0.109375 0.0625
vt 0.109375 0
vt 0.125 0
vt 0.125 0.0625
vt 0.109375 0.0625
vt 0.109375 0
vt 0.125 0.046875
vt 0.125 0.0625
vt 0.0625 0.0625
vt 0.0625 0.046875
vt 0.125 0
vt 0.125 0.015625
vt 0.0625 0.015625
vt 0.0625 0
vt 0.125 0
vt 0.125 0.0625
vt 0.0625 0.0625
vt 0.0625 0
vt 0.125 0
vt 0.125 0.0625
vt 0.0625 0.0625
vt 0.0625 0
vt 0.171875 0.046875
vt 0.15625 0.0390625
vt 0.15625 0.0078125
vt 0.171875 0
vt 0.140625 0.0078125
vt 0.140625 0.0390625
vt 0.125 0.046875
vt 0.125 0
vt 0.1328125 0.03125
vt 0.1640625 0.03125
vt 0.171875 0.046875
vt 0.125 0.046875
vt 0.171875 0
vt 0.1640625 0.015625
vt 0.1328125 0.015625
vt 0.125 0
vt 0.171875 0.046875
vt 0.15625 0.0390625
vt 0.15625 0.0078125
vt 0.171875 0
vt 0.140625 0.0078125
vt 0.140625 0.0390625
vt 0.125 0.046875
vt 0.125 0
vt 0.1328125 0.03125
vt 0.1640625 0.03125
vt 0.171875 0.046875
vt 0.125 0.046875
vt 0.171875 0
vt 0.1640625 0.015625
vt 0.1328125 0.015625
vt 0.125 0
vt 0.171875 0.046875
vt 0.15625 0.0390625
vt 0.15625 0.0078125
vt 0.171875 0
vt 0.140625 0.0078125
vt 0.140625 0.0390625
vt 0.125 0.046875
vt 0.125 0
vt 0.1328125 0.03125
vt 0.1640625 0.03125
vt 0.171875 0.046875
vt 0.125 0.046875
vt 0.171875 0
vt 0.1640625 0.015625
vt 0.1328125 0.015625
vt 0.125 0
vt 0.171875 0.046875
vt 0.15625 0.0390625
vt 0.15625 0.0078125
vt 0.171875 0
vt 0.140625 0.0078125
vt 0.140625 0.0390625
vt 0.125 0.046875
vt 0.125 0
vt 0.1328125 0.03125
vt 0.1640625 0.03125
vt 0.171875 0.046875
vt 0.125 0.046875
vt 0.171875 0
vt 0.1640625 0.015625
vt 0.1328125 0.015625
vt 0.125 0
vt 0 0.0625
vt 0.0625 0.0625
vt 0.0625 0.125
vt 0 0.125
vt 0.0625 0.125
vt 0 0.125
vt 0 0.0625
vt 0.0625 0.0625
vt 0 0.125
vt 0 0.0625
vt 0.0625 0.0625
vt 0.0625 0.125
vt 0.0625 0.0625
vt 0.0625 0.125
vt 0 0.125
vt 0 0.0625
vt 0 0
vt 0.0625 0
vt 0.0625 0.0625
vt 0 0.0625
vt 0.0625 0.0625
vt 0.125 0.0625
vt 0.125 0.125
vt 0.0625 0.125
vt 0.59375 0.53125
vt 0.59375 0.5625
vt 0.5625 0.5625
vt 0.5625 0.53125
vt 0.5625 0.53125
vt 0.59375 0.53125
vt 0.59375 0.5625
vt 0.5625 0.5625
vt 0.8125 0.53125
vt 0.8125 0.5625
vt 0.609375 0.5625
vt 0.609375 0.53125
vt 0.796875 0.53125
vt 0.796875 0.5625
vt 0.59375 0.5625
vt 0.59375 0.53125
vt 0.609375 0.5625
vt 0.609375 0.53125
vt 0.8125 0.53125
vt 0.8125 0.5625
vt 0.796875 0.53125
vt 0.796875 0.5625
vt 0.59375 0.5625
vt 0.59375 0.53125
vt 0.171875 0.921875
vt 0.171875 0.9375
vt 0.234375 0.9375
vt 0.234375 0.921875
vt 0.265625 0.984375
vt 0.265625 1
vt 0.328125 1
vt 0.328125 0.984375
vt 1 0.203125
vt 1 0.140625
vt 0.96875 0.140625
vt 0.96875 0.203125
vt 1 0.1875
vt 1 0.171875
vt 0.96875 0.171875
vt 0.96875 0.1875
vt 0.96875 0.09375
vt 0.96875 0.109375
vt 1 0.109375
vt 1 0.09375
vt 0.171875 0.921875
vt 0.171875 0.9375
vt 0.234375 0.9375
vt 0.234375 0.921875
vt 0.265625 0.984375
vt 0.265625 1
vt 0.328125 1
vt 0.328125 0.984375
vt 1 0.203125
vt 1 0.140625
vt 0.96875 0.140625
vt 0.96875 0.203125
vt 1 0.1875
vt 1 0.171875
vt 0.96875 0.171875
vt 0.96875 0.1875
vt 0.96875 0.09375
vt 0.96875 0.109375
vt 1 0.109375
vt 1 0.09375
vt 0 0.875
vt 0 1
vt 0.015625 1
vt 0.015625 0.875
vt 0 0.875
vt 0 1
vt 0.015625 1
vt 0.015625 0.875
vt 0.125 1
vt 0.125 0.984375
vt 0 0.984375
vt 0 1
vt 0.125 0.984375
vt 0.125 1
vt 0 1
vt 0 0.984375
vt 0 0.875
vt 0 1
vt 0.125 1
vt 0.125 0.875
vt 0 0.859375
vt 0 0.984375
vt 0.125 0.984375
vt 0.125 0.859375
vt 0.84375 0.75
vt 0.84375 0.84375
vt 0.71875 0.84375
vt 0.71875 0.75
vt 0.84375 0.75
vt 0.84375 0.84375
vt 0.71875 0.84375
vt 0.71875 0.75
vt 0.921875 0.84375
vt 0.921875 0.96875
vt 0.84375 0.96875
vt 0.84375 0.84375
vt 1 0.84375
vt 1 0.96875
vt 0.921875 0.96875
vt 0.921875 0.84375
vt 0.921875 0.75
vt 0.921875 0.84375
vt 0.84375 0.84375
vt 0.84375 0.75
vt 0.921875 0.75
vt 0.921875 0.84375
vt 0.84375 0.84375
vt 0.84375 0.75
vt 0.84375 0.75
vt 0.84375 0.84375
vt 0.71875 0.84375
vt 0.71875 0.75
vt 0.84375 0.75
vt 0.84375 0.84375
vt 0.71875 0.84375
vt 0.71875 0.75
vt 0.921875 0.84375
vt 0.921875 0.96875
vt 0.84375 0.96875
vt 0.84375 0.84375
vt 1 0.84375
vt 1 0.96875
vt 0.921875 0.96875
vt 0.921875 0.84375
vt 0.921875 0.75
vt 0.921875 0.84375
vt 0.84375 0.84375
vt 0.84375 0.75
vt 0.921875 0.75
vt 0.921875 0.84375
vt 0.84375 0.84375
vt 0.84375 0.75
vn 1 0 0
vn -1 0 0
vn 0 1 0
vn 0 -1 0
vn 0 0 -1
vn 1 0 0
vn -1 0 0
vn 0 1 0
vn 0 -1 0
vn 0 0 -1
vn 1 0 0
vn -1 0 0
vn 0 1 0
vn 0 -1 0
vn 0.8944271909999161 0.44721359549995804 0
vn 0 0 -1
vn 0 1 0
vn 0 1 0
vn 0 0 -1
vn -0.44721359549995804 0 0.8944271909999161
vn 0 1 0
vn -1 0 0
vn -0.8944271909999161 0 -0.44721359549995804
vn 0 1 0
vn 0 0 -1
vn 0 1 0
vn 0 0 1
vn 0 0 -1
vn 1 0 0
vn -1 0 0
vn 0 1 0
vn 0 -1 0
vn 0 0 1
vn 0 0 -1
vn 1 0 0
vn -1 0 0
vn 0 1 0
vn 0 0 1
vn 0 0 -1
vn 0.974370292603443 -0.22495006755251512 0
vn -0.974370292603443 0.22495006755251512 0
vn 0.22495006755251523 0.9743702926034429 0
vn -0.22495006755251523 -0.9743702926034429 0
vn 0 0 1
vn 0 0 -1
vn 0.9743702926034429 -0.22495006755251534 0
vn 0 0 1
vn 0 0 -1
vn 0.974370292603443 -0.22495006755251512 0
vn 0.2249500675525152 0.9743702926034429 0
vn -0.2249500675525152 -0.9743702926034429 0
vn 0 0 1
vn 0 0 -1
vn 0.9743702926034429 -0.22495006755251556 0
vn -0.974370292603443 0.22495006755251512 0
vn 0.22495006755251515 0.9743702926034429 0
vn -0.22495006755251526 -0.9743702926034429 0
vn 0 0 1
vn 0 0 -1
vn 0.974370292603443 -0.22495006755251545 0
vn -0.974370292603443 0.22495006755251512 0
vn 0.2249500675525152 0.974370292603443 0
vn -0.22495006755251526 -0.974370292603443 0
vn 0.9743702926034429 -0.22495006755251556 0
vn -0.974370292603443 0.22495006755251512 0
vn 0.22495006755251515 0.9743702926034429 0
vn -0.22495006755251526 -0.9743702926034429 0
vn 0 0 1
vn 0 0 -1
vn -0.8715015067526937 0.20120551890098398 -0.44721523105946465
vn 0.8715032050824879 -0.20120591099821525 -0.44721174504962347
vn 0.20120591099821636 0.8715032050824876 -0.44721174504962324
vn -0.20120551890098537 -0.8715015067526924 -0.4472152310594666
vn -0.8715015067526937 0.20120551890098398 -0.44721523105946465
vn 0.8715032050824879 -0.20120591099821525 -0.44721174504962347
vn 0.20120591099821636 0.8715032050824876 -0.44721174504962324
vn -0.20120551890098537 -0.8715015067526924 -0.4472152310594666
vn 0.871503205082488 -0.20120591099821528 0.4472117450496236
vn -0.8715015067526937 0.20120551890098398 0.44721523105946465
vn 0.2012055189009853 0.8715015067526924 0.44721523105946653
vn -0.20120591099821653 -0.8715032050824879 0.4472117450496229
vn 0.871503205082488 -0.20120591099821528 0.4472117450496236
vn -0.8715015067526937 0.20120551890098398 0.44721523105946465
vn 0.2012055189009853 0.8715015067526924 0.44721523105946653
vn -0.20120591099821653 -0.8715032050824879 0.4472117450496229
vn 0.9743702926034429 -0.22495006755251556 0
vn -0.974370292603443 0.22495006755251512 0
vn 0.22495006755251515 0.9743702926034429 0
vn -0.22495006755251526 -0.9743702926034429 0
vn 0 0 1
vn 0 0 -1
vn 1 0 0
vn -1 0 0
vn 0 1 0
vn 0 -1 0
vn 0 0 1
vn 0 0 -1
vn 1 0 0
vn -1 0 0
vn 0 1 0
vn 0 0 1
vn 0 0 -1
vn 1 0 0
vn -1 0 0
vn 0 1 0
vn 0 0 1
vn 0 0 -1
vn 1 0 0
vn -1 0 0
vn 0 1 0
vn 0 -1 0
vn 0 0 1
vn 0 0 -1
vn 1 0 0
vn -1 0 0
vn 0 1 0
vn 0 -1 0
vn 0 0 1
vn 0 0 -1
vn 1 0 0
vn -1 0 0
vn 0 1 0
vn 0 -1 0
vn 0 0 1
vn 0 0 -1
usemtl weapon_machinegun
f 532/1561/391 530/1562/391 529/1563/391
f 532/1561/391 529/1563/391 531/1564/391
f 535/1565/392 533/1566/392 534/1567/392
f 535/1565/392 534/1567/392 536/1568/392
f 529/1569/393 530/1570/393 534/1571/393
f 529/1569/393 534/1571/393 533/1572/393
f 532/1573/394 531/1574/394 535/1575/394
f 532/1573/394 535/1575/394 536/1576/394
f 536/1577/395 534/1578/395 530/1579/395
f 536/1577/395 530/1579/395 532/1580/395
f 540/1581/396 538/1582/396 537/1583/396
f 540/1581/396 537/1583/396 539/1584/396
f 543/1585/397 541/1586/397 542/1587/397
f 543/1585/397 542/1587/397 544/1588/397
f 537/1589/398 538/1590/398 542/1591/398
f 537/1589/398 542/1591/398 541/1592/398
f 540/1593/399 539/1594/399 543/1595/399
f 540/1593/399 543/1595/399 544/1596/399
f 544/1597/400 542/1598/400 538/1599/400
f 544/1597/400 538/1599/400 540/1600/400
usemtl common_copper_cable
f 548/1601/401 546/1602/401 545/1603/401
f 548/1601/401 545/1603/401 547/1604/401
f 551/1605/402 549/1606/402 550/1607/402
f 551/1605/402 550/1607/402 552/1608/402
f 545/1609/403 546/1610/403 550/1611/403
f 545/1609/403 550/1611/403 549/1612/403
f 548/1613/404 547/1614/404 551/1615/404
f 548/1613/404 551/1615/404 552/1616/404
f 558/1617/405 556/1618/405 557/1619/405
f 558/1617/405 557/1619/405 559/1620/405
f 556/1621/406 553/1622/406 554/1623/406
f 556/1621/406 554/1623/406 557/1624/406
f 557/1625/407 554/1626/407 555/1627/407
f 557/1625/407 555/1627/407 559/1628/407
f 560/1629/408 561/1630/408 564/1631/408
f 560/1629/408 564/1631/408 563/1632/408
f 565/1633/409 564/1634/409 561/1635/409
f 565/1633/409 561/1635/409 562/1636/409
f 571/1637/410 569/1638/410 570/1639/410
f 571/1637/410 570/1639/410 572/1640/410
f 569/1641/411 566/1642/411 567/1643/411
f 569/1641/411 567/1643/411 570/1644/411
f 570/1645/412 567/1646/412 568/1647/412
f 570/1645/412 568/1647/412 572/1648/412
f 578/1649/413 576/1650/413 577/1651/413
f 578/1649/413 577/1651/413 579/1652/413
f 576/1653/414 573/1654/414 574/1655/414
f 576/1653/414 574/1655/414 577/1656/414
f 577/1657/415 574/1658/415 575/1659/415
f 577/1657/415 575/1659/415 579/1660/415
f 580/1661/416 581/1662/416 585/1663/416
f 580/1661/416 585/1663/416 584/1664/416
f 582/1665/417 580/1666/417 584/1667/417
f 582/1665/417 584/1667/417 586/1668/417
f 587/1669/418 585/1670/418 581/1671/418
f 587/1669/418 581/1671/418 583/1672/418
usemtl weapon_machinegun
f 591/1673/419 589/1674/419 588/1675/419
f 591/1673/419 588/1675/419 590/1676/419
f 594/1677/420 592/1678/420 593/1679/420
f 594/1677/420 593/1679/420 595/1680/420
f 588/1681/421 589/1682/421 593/1683/421
f 588/1681/421 593/1683/421 592/1684/421
f 591/1685/422 590/1686/422 594/1687/422
f 591/1685/422 594/1687/422 595/1688/422
f 590/1689/423 588/1690/423 592/1691/423
f 590/1689/423 592/1691/423 594/1692/423
f 595/1693/424 593/1694/424 589/1695/424
f 595/1693/424 589/1695/424 591/1696/424
f 599/1697/425 597/1698/425 596/1699/425
f 599/1697/425 596/1699/425 598/1700/425
f 602/1701/426 600/1702/426 601/1703/426
f 602/1701/426 601/1703/426 603/1704/426
f 596/1705/427 597/1706/427 601/1707/427
f 596/1705/427 601/1707/427 600/1708/427
f 598/1709/428 596/1710/428 600/1711/428
f 598/1709/428 600/1711/428 602/1712/428
f 603/1713/429 601/1714/429 597/1715/429
f 603/1713/429 597/1715/429 599/1716/429
f 608/1717/430 606/1718/430 605/1719/430
f 608/1717/430 605/1719/430 607/1720/430
f 611/1721/431 609/1722/431 610/1723/431
f 611/1721/431 610/1723/431 612/1724/431
f 605/1725/432 606/1726/432 610/1727/432
f 605/1725/432 610/1727/432 609/1728/432
f 608/1729/433 607/1730/433 611/1731/433
f 608/1729/433 611/1731/433 612/1732/433
f 607/1733/434 605/1734/434 609/1735/434
f 607/1733/434 609/1735/434 611/1736/434
f 612/1737/435 610/1738/435 606/1739/435
f 612/1737/435 606/1739/435 608/1740/435
f 616/1741/436 614/1742/436 613/1743/436
f 616/1741/436 613/1743/436 615/1744/436
f 615/1745/437 613/1746/437 617/1747/437
f 615/1745/437 617/1747/437 619/1748/437
f 620/1749/438 618/1750/438 614/1751/438
f 620/1749/438 614/1751/438 616/1752/438
f 624/1753/439 622/1754/439 621/1755/439
f 624/1753/439 621/1755/439 623/1756/439
f 621/1757/440 622/1758/440 626/1759/440
f 621/1757/440 626/1759/440 625/1760/440
f 624/1761/441 623/1762/441 627/1763/441
f 624/1761/441 627/1763/441 628/1764/441
f 623/1765/442 621/1766/442 625/1767/442
f 623/1765/442 625/1767/442 627/1768/442
f 628/1769/443 626/1770/443 622/1771/443
f 628/1769/443 622/1771/443 624/1772/443
f 632/1773/444 630/1774/444 629/1775/444
f 632/1773/444 629/1775/444 631/1776/444
f 635/1777/445 633/1778/445 634/1779/445
f 635/1777/445 634/1779/445 636/1780/445
f 629/1781/446 630/1782/446 634/1783/446
f 629/1781/446 634/1783/446 633/1784/446
f 632/1785/447 631/1786/447 635/1787/447
f 632/1785/447 635/1787/447 636/1788/447
f 631/1789/448 629/1790/448 633/1791/448
f 631/1789/448 633/1791/448 635/1792/448
f 636/1793/449 634/1794/449 630/1795/449
f 636/1793/449 630/1795/449 632/1796/449
f 640/1797/450 638/1798/450 637/1799/450
f 640/1797/450 637/1799/450 639/1800/450
f 643/1801/451 641/1802/451 642/1803/451
f 643/1801/451 642/1803/451 644/1804/451
f 637/1805/452 638/1806/452 642/1807/452
f 637/1805/452 642/1807/452 641/1808/452
f 640/1809/453 639/1810/453 643/1811/453
f 640/1809/453 643/1811/453 644/1812/453
f 648/1813/454 646/1814/454 645/1815/454
f 648/1813/454 645/1815/454 647/1816/454
f 651/1817/455 649/1818/455 650/1819/455
f 651/1817/455 650/1819/455 652/1820/455
f 645/1821/456 646/1822/456 650/1823/456
f 645/1821/456 650/1823/456 649/1824/456
f 648/1825/457 647/1826/457 651/1827/457
f 648/1825/457 651/1827/457 652/1828/457
f 647/1829/458 645/1830/458 649/1831/458
f 647/1829/458 649/1831/458 651/1832/458
f 652/1833/459 650/1834/459 646/1835/459
f 652/1833/459 646/1835/459 648/1836/459
f 654/1837/460 653/1838/460 655/1839/460
f 654/1837/460 655/1839/460 656/1840/460
f 659/1841/461 657/1842/461 658/1843/461
f 659/1841/461 658/1843/461 660/1844/461
f 657/1845/462 653/1846/462 654/1847/462
f 657/1845/462 654/1847/462 658/1848/462
f 656/1849/463 655/1850/463 659/1851/463
f 656/1849/463 659/1851/463 660/1852/463
f 662/1853/464 661/1854/464 663/1855/464
f 662/1853/464 663/1855/464 664/1856/464
f 667/1857/465 665/1858/465 666/1859/465
f 667/1857/465 666/1859/465 668/1860/465
f 665/1861/466 661/1862/466 662/1863/466
f 665/1861/466 662/1863/466 666/1864/466
f 664/1865/467 663/1866/467 667/1867/467
f 664/1865/467 667/1867/467 668/1868/467
f 670/1869/468 669/1870/468 671/1871/468
f 670/1869/468 671/1871/468 672/1872/468
f 675/1873/469 673/1874/469 674/1875/469
f 675/1873/469 674/1875/469 676/1876/469
f 673/1877/470 669/1878/470 670/1879/470
f 673/1877/470 670/1879/470 674/1880/470
f 672/1881/471 671/1882/471 675/1883/471
f 672/1881/471 675/1883/471 676/1884/471
f 678/1885/472 677/1886/472 679/1887/472
f 678/1885/472 679/1887/472 680/1888/472
f 683/1889/473 681/1890/473 682/1891/473
f 683/1889/473 682/1891/473 684/1892/473
f 681/1893/474 677/1894/474 678/1895/474
f 681/1893/474 678/1895/474 682/1896/474
f 680/1897/475 679/1898/475 683/1899/475
f 680/1897/475 683/1899/475 684/1900/475
f 688/1901/476 686/1902/476 685/1903/476
f 688/1901/476 685/1903/476 687/1904/476
f 690/1905/477 689/1906/477 604/1907/477
f 690/1905/477 604/1907/477 691/1908/477
f 685/1909/478 686/1910/478 604/1911/478
f 685/1909/478 604/1911/478 689/1912/478
f 688/1913/479 687/1914/479 690/1915/479
f 688/1913/479 690/1915/479 691/1916/479
f 687/1917/480 685/1918/480 689/1919/480
f 687/1917/480 689/1919/480 690/1920/480
f 691/1921/481 604/1922/481 686/1923/481
f 691/1921/481 686/1923/481 688/1924/481
f 695/1925/482 693/1926/482 692/1927/482
f 695/1925/482 692/1927/482 694/1928/482
f 698/1929/483 696/1930/483 697/1931/483
f 698/1929/483 697/1931/483 699/1932/483
f 692/1933/484 693/1934/484 697/1935/484
f 692/1933/484 697/1935/484 696/1936/484
f 695/1937/485 694/1938/485 698/1939/485
f 695/1937/485 698/1939/485 699/1940/485
f 694/1941/486 692/1942/486 696/1943/486
f 694/1941/486 696/1943/486 698/1944/486
f 699/1945/487 697/1946/487 693/1947/487
f 699/1945/487 693/1947/487 695/1948/487
f 703/1949/488 701/1950/488 700/1951/488
f 703/1949/488 700/1951/488 702/1952/488
f 706/1953/489 704/1954/489 705/1955/489
f 706/1953/489 705/1955/489 707/1956/489
f 700/1957/490 701/1958/490 705/1959/490
f 700/1957/490 705/1959/490 704/1960/490
f 702/1961/491 700/1962/491 704/1963/491
f 702/1961/491 704/1963/491 706/1964/491
f 707/1965/492 705/1966/492 701/1967/492
f 707/1965/492 701/1967/492 703/1968/492
f 711/1969/493 709/1970/493 708/1971/493
f 711/1969/493 708/1971/493 710/1972/493
f 714/1973/494 712/1974/494 713/1975/494
f 714/1973/494 713/1975/494 715/1976/494
f 708/1977/495 709/1978/495 713/1979/495
f 708/1977/495 713/1979/495 712/1980/495
f 710/1981/496 708/1982/496 712/1983/496
f 710/1981/496 712/1983/496 714/1984/496
f 715/1985/497 713/1986/497 709/1987/497
f 715/1985/497 709/1987/497 711/1988/497
f 719/1989/498 717/1990/498 716/1991/498
f 719/1989/498 716/1991/498 718/1992/498
f 722/1993/499 720/1994/499 721/1995/499
f 722/1993/499 721/1995/499 723/1996/499
f 716/1997/500 717/1998/500 721/1999/500
f 716/1997/500 721/1999/500 720/2000/500
f 719/2001/501 718/2002/501 722/2003/501
f 719/2001/501 722/2003/501 723/2004/501
f 718/2005/502 716/2006/502 720/2007/502
f 718/2005/502 720/2007/502 722/2008/502
f 723/2009/503 721/2010/503 717/2011/503
f 723/2009/503 717/2011/503 719/2012/503
f 727/2013/504 725/2014/504 724/2015/504
f 727/2013/504 724/2015/504 726/2016/504
f 730/2017/505 728/2018/505 729/2019/505
f 730/2017/505 729/2019/505 731/2020/505
f 724/2021/506 725/2022/506 729/2023/506
f 724/2021/506 729/2023/506 728/2024/506
f 727/2025/507 726/2026/507 730/2027/507
f 727/2025/507 730/2027/507 731/2028/507
f 726/2029/508 724/2030/508 728/2031/508
f 726/2029/508 728/2031/508 730/2032/508
f 731/2033/509 729/2034/509 725/2035/509
f 731/2033/509 725/2035/509 727/2036/509
f 735/2037/510 733/2038/510 732/2039/510
f 735/2037/510 732/2039/510 734/2040/510
f 738/2041/511 736/2042/511 737/2043/511
f 738/2041/511 737/2043/511 739/2044/511
f 732/2045/512 733/2046/512 737/2047/512
f 732/2045/512 737/2047/512 736/2048/512
f 735/2049/513 734/2050/513 738/2051/513
f 735/2049/513 738/2051/513 739/2052/513
f 734/2053/514 732/2054/514 736/2055/514
f 734/2053/514 736/2055/514 738/2056/514
f 739/2057/515 737/2058/515 733/2059/515
f 739/2057/515 733/2059/515 735/2060/515
o gun2
v 0.75 -1.75 0.875
v 0.75 -1.75 0.4375
v 0.75 -1.9375 0.875
v 0.75 -1.9375 0.4375
v 0.625 -1.75 0.875
v 0.625 -1.75 0.4375
v 0.625 -1.9375 0.875
v 0.625 -1.9375 0.4375
v 0.75 -1.75 0.4375
v 0.75 -1.75 -0.375
v 0.75 -1.875 0.4375
v 0.75 -1.875 -0.375
v 0.625 -1.75 0.4375
v 0.625 -1.75 -0.375
v 0.625 -1.875 0.4375
v 0.625 -1.875 -0.375
v 0.78125 -1.71875 -0.4375
v 0.78125 -1.71875 -0.5
v 0.78125 -1.90625 -0.4375
v 0.78125 -1.90625 -0.5
v 0.59375 -1.71875 -0.4375
v 0.59375 -1.71875 -0.5
v 0.59375 -1.90625 -0.4375
v 0.59375 -1.90625 -0.5
v 0.75 -1.75 -0.375
v 0.78125 -1.71875 -0.4375
v 0.75 -1.875 -0.375
v 0.78125 -1.90625 -0.4375
v 0.625 -1.75 -0.375
v 0.59375 -1.71875 -0.4375
v 0.625 -1.875 -0.375
v 0.59375 -1.90625 -0.4375
vt 0.28125 0.953125
vt 0.28125 1
vt 0.390625 1
vt 0.390625 0.953125
vt 0.28125 0.953125
vt 0.28125 1
vt 0.390625 1
vt 0.390625 0.953125
vt 0.484375 1
vt 0.484375 0.890625
vt 0.453125 0.890625
vt 0.453125 1
vt 0.515625 0.890625
vt 0.515625 1
vt 0.484375 1
vt 0.484375 0.890625
vt 0.390625 0.578125
vt 0.390625 0.625
vt 0.421875 0.625
vt 0.421875 0.578125
vt 0.328125 0.953125
vt 0.328125 1
vt 0.359375 1
vt 0.359375 0.953125
vt 0.96875 0
vt 1 0
vt 1 0.203125
vt 0.96875 0.203125
vt 1 0.203125
vt 0.96875 0.203125
vt 0.96875 0
vt 1 0
vt 1 0.03125
vt 1 0.234375
vt 0.96875 0.234375
vt 0.96875 0.03125
vt 0.96875 0.203125
vt 0.96875 0
vt 1 0
vt 1 0.203125
vt 0.9375 0
vt 0.9375 0.046875
vt 0.921875 0.046875
vt 0.921875 0
vt 0.96875 0
vt 0.96875 0.046875
vt 0.953125 0.046875
vt 0.953125 0
vt 0.921875 0.046875
vt 0.921875 0.03125
vt 0.96875 0.03125
vt 0.96875 0.046875
vt 0.921875 0.015625
vt 0.921875 0
vt 0.96875 0
vt 0.96875 0.015625
vt 0.96875 0
vt 0.96875 0.046875
vt 0.921875 0.046875
vt 0.921875 0
vt 0.9705953125 0.296875
vt 0.953125 0.2890625
vt 0.953125 0.2578125
vt 0.9705953125 0.25
vt 0.9705953125 0.2578125
vt 0.9705953125 0.2890625
vt 0.953125 0.296875
vt 0.953125 0.25
vt 0.9609375 0.28125
vt 0.9921875 0.28125
vt 1 0.296875
vt 0.953125 0.296875
vt 1 0.28125
vt 0.9921875 0.296875
vt 0.9609375 0.296875
vt 0.953125 0.28125
vn 1 0 0
vn -1 0 0
vn 0 1 0
vn 0 -1 0
vn 0 0 1
vn 0 0 -1
vn 1 0 0
vn -1 0 0
vn 0 1 0
vn 0 -1 0
vn 1 0 0
vn -1 0 0
vn 0 1 0
vn 0 -1 0
vn 0 0 -1
vn 0.8944271909999161 0 0.44721359549995804
vn -0.8944271909999161 0 0.44721359549995804
vn 0 0.8944271909999161 0.44721359549995804
vn 0 -0.8944271909999161 0.44721359549995804
usemtl weapon_machinegun
f 743/2061/516 741/2062/516 740/2063/516
f 743/2061/516 740/2063/516 742/2064/516
f 746/2065/517 744/2066/517 745/2067/517
f 746/2065/517 745/2067/517 747/2068/517
f 740/2069/518 741/2070/518 745/2071/518
f 740/2069/518 745/2071/518 744/2072/518
f 743/2073/519 742/2074/519 746/2075/519
f 743/2073/519 746/2075/519 747/2076/519
f 742/2077/520 740/2078/520 744/2079/520
f 742/2077/520 744/2079/520 746/2080/520
f 747/2081/521 745/2082/521 741/2083/521
f 747/2081/521 741/2083/521 743/2084/521
f 751/2085/522 749/2086/522 748/2087/522
f 751/2085/522 748/2087/522 750/2088/522
f 754/2089/523 752/2090/523 753/2091/523
f 754/2089/523 753/2091/523 755/2092/523
f 748/2093/524 749/2094/524 753/2095/524
f 748/2093/524 753/2095/524 752/2096/524
f 751/2097/525 750/2098/525 754/2099/525
f 751/2097/525 754/2099/525 755/2100/525
f 759/2101/526 757/2102/526 756/2103/526
f 759/2101/526 756/2103/526 758/2104/526
f 762/2105/527 760/2106/527 761/2107/527
f 762/2105/527 761/2107/527 763/2108/527
f 756/2109/528 757/2110/528 761/2111/528
f 756/2109/528 761/2111/528 760/2112/528
f 759/2113/529 758/2114/529 762/2115/529
f 759/2113/529 762/2115/529 763/2116/529
f 763/2117/530 761/2118/530 757/2119/530
f 763/2117/530 757/2119/530 759/2120/530
f 765/2121/531 764/2122/531 766/2123/531
f 765/2121/531 766/2123/531 767/2124/531
f 770/2125/532 768/2126/532 769/2127/532
f 770/2125/532 769/2127/532 771/2128/532
f 768/2129/533 764/2130/533 765/2131/533
f 768/2129/533 765/2131/533 769/2132/533
f 767/2133/534 766/2134/534 770/2135/534
f 767/2133/534 770/2135/534 771/2136/534
o gun1
v 0.375 -1.75 0.875
v 0.375 -1.75 0.4375
v 0.375 -1.9375 0.875
v 0.375 -1.9375 0.4375
v 0.25 -1.75 0.875
v 0.25 -1.75 0.4375
v 0.25 -1.9375 0.875
v 0.25 -1.9375 0.4375
v 0.375 -1.75 0.4375
v 0.375 -1.75 -0.375
v 0.375 -1.875 0.4375
v 0.375 -1.875 -0.375
v 0.25 -1.75 0.4375
v 0.25 -1.75 -0.375
v 0.25 -1.875 0.4375
v 0.25 -1.875 -0.375
v 0.40625 -1.71875 -0.4375
v 0.40625 -1.71875 -0.5
v 0.40625 -1.90625 -0.4375
v 0.40625 -1.90625 -0.5
v 0.21875 -1.71875 -0.4375
v 0.21875 -1.71875 -0.5
v 0.21875 -1.90625 -0.4375
v 0.21875 -1.90625 -0.5
v 0.375 -1.75 -0.375
v 0.40625 -1.71875 -0.4375
v 0.375 -1.875 -0.375
v 0.40625 -1.90625 -0.4375
v 0.25 -1.75 -0.375
v 0.21875 -1.71875 -0.4375
v 0.25 -1.875 -0.375
v 0.21875 -1.90625 -0.4375
vt 0.28125 0.953125
vt 0.28125 1
vt 0.390625 1
vt 0.390625 0.953125
vt 0.28125 0.953125
vt 0.28125 1
vt 0.390625 1
vt 0.390625 0.953125
vt 0.484375 1
vt 0.484375 0.890625
vt 0.453125 0.890625
vt 0.453125 1
vt 0.515625 0.890625
vt 0.515625 1
vt 0.484375 1
vt 0.484375 0.890625
vt 0.375 0.609375
vt 0.375 0.65625
vt 0.40625 0.65625
vt 0.40625 0.609375
vt 0.328125 0.953125
vt 0.328125 1
vt 0.359375 1
vt 0.359375 0.953125
vt 0.96875 0
vt 1 0
vt 1 0.203125
vt 0.96875 0.203125
vt 1 0.203125
vt 0.96875 0.203125
vt 0.96875 0
vt 1 0
vt 1 0.03125
vt 1 0.234375
vt 0.96875 0.234375
vt 0.96875 0.03125
vt 0.96875 0.203125
vt 0.96875 0
vt 1 0
vt 1 0.203125
vt 0.9375 0
vt 0.9375 0.046875
vt 0.921875 0.046875
vt 0.921875 0
vt 0.96875 0
vt 0.96875 0.046875
vt 0.953125 0.046875
vt 0.953125 0
vt 0.921875 0.046875
vt 0.921875 0.03125
vt 0.96875 0.03125
vt 0.96875 0.046875
vt 0.921875 0.015625
vt 0.921875 0
vt 0.96875 0
vt 0.96875 0.015625
vt 0.96875 0
vt 0.96875 0.046875
vt 0.921875 0.046875
vt 0.921875 0
vt 0.9705953125 0.296875
vt 0.953125 0.2890625
vt 0.953125 0.2578125
vt 0.9705953125 0.25
vt 0.9705953125 0.2578125
vt 0.9705953125 0.2890625
vt 0.953125 0.296875
vt 0.953125 0.25
vt 0.9609375 0.28125
vt 0.9921875 0.28125
vt 1 0.296875
vt 0.953125 0.296875
vt 1 0.28125
vt 0.9921875 0.296875
vt 0.9609375 0.296875
vt 0.953125 0.28125
vn 1 0 0
vn -1 0 0
vn 0 1 0
vn 0 -1 0
vn 0 0 1
vn 0 0 -1
vn 1 0 0
vn -1 0 0
vn 0 1 0
vn 0 -1 0
vn 1 0 0
vn -1 0 0
vn 0 1 0
vn 0 -1 0
vn 0 0 -1
vn 0.8944271909999161 0 0.44721359549995804
vn -0.8944271909999161 0 0.44721359549995804
vn 0 0.8944271909999161 0.44721359549995804
vn 0 -0.8944271909999161 0.44721359549995804
usemtl weapon_machinegun
f 775/2137/535 773/2138/535 772/2139/535
f 775/2137/535 772/2139/535 774/2140/535
f 778/2141/536 776/2142/536 777/2143/536
f 778/2141/536 777/2143/536 779/2144/536
f 772/2145/537 773/2146/537 777/2147/537
f 772/2145/537 777/2147/537 776/2148/537
f 775/2149/538 774/2150/538 778/2151/538
f 775/2149/538 778/2151/538 779/2152/538
f 774/2153/539 772/2154/539 776/2155/539
f 774/2153/539 776/2155/539 778/2156/539
f 779/2157/540 777/2158/540 773/2159/540
f 779/2157/540 773/2159/540 775/2160/540
f 783/2161/541 781/2162/541 780/2163/541
f 783/2161/541 780/2163/541 782/2164/541
f 786/2165/542 784/2166/542 785/2167/542
f 786/2165/542 785/2167/542 787/2168/542
f 780/2169/543 781/2170/543 785/2171/543
f 780/2169/543 785/2171/543 784/2172/543
f 783/2173/544 782/2174/544 786/2175/544
f 783/2173/544 786/2175/544 787/2176/544
f 791/2177/545 789/2178/545 788/2179/545
f 791/2177/545 788/2179/545 790/2180/545
f 794/2181/546 792/2182/546 793/2183/546
f 794/2181/546 793/2183/546 795/2184/546
f 788/2185/547 789/2186/547 793/2187/547
f 788/2185/547 793/2187/547 792/2188/547
f 791/2189/548 790/2190/548 794/2191/548
f 791/2189/548 794/2191/548 795/2192/548
f 795/2193/549 793/2194/549 789/2195/549
f 795/2193/549 789/2195/549 791/2196/549
f 797/2197/550 796/2198/550 798/2199/550
f 797/2197/550 798/2199/550 799/2200/550
f 802/2201/551 800/2202/551 801/2203/551
f 802/2201/551 801/2203/551 803/2204/551
f 800/2205/552 796/2206/552 797/2207/552
f 800/2205/552 797/2207/552 801/2208/552
f 799/2209/553 798/2210/553 802/2211/553
f 799/2209/553 802/2211/553 803/2212/553
o pickerLeft2
v 0.5113204011281862 -1.2705259964952953 1.4056429782202315
v 0.5361411044916259 -1.3237541667439927 1.427019240206833
v 0.4842184047187673 -1.2124055785743768 1.5818353413104678
v 0.509039108082207 -1.2656337488230742 1.6032116032970691
v 0.4794968678018353 -1.3501678081027866 1.4270192400661084
v 0.45467616443839576 -1.2969396378540892 1.4056429780795068
v 0.4523948713924164 -1.292047390181868 1.6032116031563444
v 0.42757416802897685 -1.2388192199331707 1.581835341169743
vt 0.625 1
vt 0.6875 1
vt 0.6875 0.8125
vt 0.625 0.8125
vt 0.625 1
vt 0.6875 1
vt 0.6875 0.8125
vt 0.625 0.8125
vt 0.625 1
vt 0.6875 1
vt 0.6875 0.8125
vt 0.625 0.8125
vt 0.625 1
vt 0.6875 1
vt 0.6875 0.8125
vt 0.625 0.8125
vt 0.625 1
vt 0.6875 1
vt 0.6875 0.9375
vt 0.625 0.9375
vt 0.625 0.875
vt 0.6875 0.875
vt 0.6875 0.8125
vt 0.625 0.8125
vn 0.3971312538150334 -0.8516507239791589 0.3420201917856226
vn 0.9063077870366484 0.42261826174070305 2.2515950770518617e-9
vn -0.3971312538150334 0.8516507239791589 -0.3420201917856226
vn -0.9063077870366484 -0.42261826174070305 -2.2515950770518617e-9
vn 0.14454398085023432 -0.3099755622448988 -0.9396926031479262
vn -0.14454398085023432 0.3099755622448988 0.9396926031479262
usemtl inserter
f 810/2215/554 808/2214/554 805/2213/554
f 807/2216/554 810/2215/554 805/2213/554
f 807/2219/555 805/2218/555 804/2217/555
f 806/2220/555 807/2219/555 804/2217/555
f 806/2223/556 804/2222/556 809/2221/556
f 811/2224/556 806/2223/556 809/2221/556
f 811/2227/557 809/2226/557 808/2225/557
f 810/2228/557 811/2227/557 808/2225/557
f 804/2231/558 805/2230/558 808/2229/558
f 809/2232/558 804/2231/558 808/2229/558
f 807/2235/559 806/2234/559 811/2233/559
f 810/2236/559 807/2235/559 811/2233/559
o pickerLeft
v 0.48421840471876737 -1.2124055785743768 1.5818353413104678
v 0.509039108082207 -1.2656337488230742 1.6032116032970691
v 0.4571164083093484 -1.1542851606534583 1.758027704400704
v 0.481937111672788 -1.2075133309021557 1.7794039663873054
v 0.4523948713924164 -1.292047390181868 1.6032116031563444
v 0.42757416802897685 -1.2388192199331707 1.581835341169743
v 0.4252928749829975 -1.2339269722609496 1.7794039662465806
v 0.40047217161955795 -1.1806988020122522 1.7580277042599792
vt 0.625 1
vt 0.6875 1
vt 0.6875 0.8125
vt 0.625 0.8125
vt 0.625 1
vt 0.6875 1
vt 0.6875 0.8125
vt 0.625 0.8125
vt 0.625 1
vt 0.6875 1
vt 0.6875 0.8125
vt 0.625 0.8125
vt 0.625 1
vt 0.6875 1
vt 0.6875 0.8125
vt 0.625 0.8125
vt 0.625 1
vt 0.6875 1
vt 0.6875 0.9375
vt 0.625 0.9375
vt 0.625 0.875
vt 0.6875 0.875
vt 0.6875 0.8125
vt 0.625 0.8125
vn 0.3971312538150334 -0.8516507239791589 0.3420201917856226
vn 0.9063077870366484 0.42261826174070305 2.2515950770518617e-9
vn -0.3971312538150334 0.8516507239791589 -0.3420201917856226
vn -0.9063077870366484 -0.42261826174070305 -2.2515950770518617e-9
vn 0.14454398085023432 -0.3099755622448988 -0.9396926031479262
vn -0.14454398085023432 0.3099755622448988 0.9396926031479262
usemtl inserter
f 818/2239/560 816/2238/560 813/2237/560
f 815/2240/560 818/2239/560 813/2237/560
f 815/2243/561 813/2242/561 812/2241/561
f 814/2244/561 815/2243/561 812/2241/561
f 814/2247/562 812/2246/562 817/2245/562
f 819/2248/562 814/2247/562 817/2245/562
f 819/2251/563 817/2250/563 816/2249/563
f 818/2252/563 819/2251/563 816/2249/563
f 812/2255/564 813/2254/564 816/2253/564
f 817/2256/564 812/2255/564 816/2253/564
f 815/2259/565 814/2258/565 819/2257/565
f 818/2260/565 815/2259/565 819/2257/565
o pickerRight2
v 0.2847434543690242 -1.376180561930471 1.405642977657333
v 0.3095641577324638 -1.4294087321791684 1.4270192396439343
v 0.25764145795960525 -1.3180601440095525 1.5818353407475692
v 0.28246216132304486 -1.37128831425825 1.6032116027341705
v 0.25291992104267325 -1.4558223735379623 1.4270192395032097
v 0.2280992176792337 -1.4025942032892649 1.4056429775166082
v 0.22581792463325434 -1.3977019556170438 1.6032116025934458
v 0.20099722126981476 -1.3444737853683464 1.5818353406068444
vt 0.625 1
vt 0.6875 1
vt 0.6875 0.8125
vt 0.625 0.8125
vt 0.625 1
vt 0.6875 1
vt 0.6875 0.8125
vt 0.625 0.8125
vt 0.625 1
vt 0.6875 1
vt 0.6875 0.8125
vt 0.625 0.8125
vt 0.625 1
vt 0.6875 1
vt 0.6875 0.8125
vt 0.625 0.8125
vt 0.625 1
vt 0.6875 1
vt 0.6875 0.9375
vt 0.625 0.9375
vt 0.625 0.875
vt 0.6875 0.875
vt 0.6875 0.8125
vt 0.625 0.8125
vn 0.3971312538150334 -0.8516507239791589 0.3420201917856226
vn 0.9063077870366484 0.42261826174070305 2.2515950770518617e-9
vn -0.3971312538150334 0.8516507239791589 -0.3420201917856226
vn -0.9063077870366484 -0.42261826174070305 -2.2515950770518617e-9
vn 0.14454398085023432 -0.3099755622448988 -0.9396926031479262
vn -0.14454398085023432 0.3099755622448988 0.9396926031479262
usemtl inserter
f 826/2263/566 824/2262/566 821/2261/566
f 823/2264/566 826/2263/566 821/2261/566
f 823/2267/567 821/2266/567 820/2265/567
f 822/2268/567 823/2267/567 820/2265/567
f 822/2271/568 820/2270/568 825/2269/568
f 827/2272/568 822/2271/568 825/2269/568
f 827/2275/569 825/2274/569 824/2273/569
f 826/2276/569 827/2275/569 824/2273/569
f 820/2279/570 821/2278/570 824/2277/570
f 825/2280/570 820/2279/570 824/2277/570
f 823/2283/571 822/2282/571 827/2281/571
f 826/2284/571 823/2283/571 827/2281/571
o pickerRight
v 0.2576414579596053 -1.3180601440095525 1.581835340747569
v 0.2824621613230449 -1.37128831425825 1.6032116027341703
v 0.23053946155018637 -1.259939726088634 1.7580277038378052
v 0.25536016491362595 -1.3131678963373314 1.7794039658244065
v 0.22581792463325437 -1.3977019556170438 1.6032116025934458
v 0.20099722126981479 -1.3444737853683464 1.5818353406068442
v 0.19871592822383544 -1.3395815376961253 1.7794039656836818
v 0.17389522486039585 -1.286353367447428 1.7580277036970804
vt 0.625 1
vt 0.6875 1
vt 0.6875 0.8125
vt 0.625 0.8125
vt 0.625 1
vt 0.6875 1
vt 0.6875 0.8125
vt 0.625 0.8125
vt 0.625 1
vt 0.6875 1
vt 0.6875 0.8125
vt 0.625 0.8125
vt 0.625 1
vt 0.6875 1
vt 0.6875 0.8125
vt 0.625 0.8125
vt 0.625 1
vt 0.6875 1
vt 0.6875 0.9375
vt 0.625 0.9375
vt 0.625 0.875
vt 0.6875 0.875
vt 0.6875 0.8125
vt 0.625 0.8125
vn 0.3971312538150334 -0.8516507239791589 0.3420201917856226
vn 0.9063077870366484 0.42261826174070305 2.2515950770518617e-9
vn -0.3971312538150334 0.8516507239791589 -0.3420201917856226
vn -0.9063077870366484 -0.42261826174070305 -2.2515950770518617e-9
vn 0.14454398085023432 -0.3099755622448988 -0.9396926031479262
vn -0.14454398085023432 0.3099755622448988 0.9396926031479262
usemtl inserter
f 834/2287/572 832/2286/572 829/2285/572
f 831/2288/572 834/2287/572 829/2285/572
f 831/2291/573 829/2290/573 828/2289/573
f 830/2292/573 831/2291/573 828/2289/573
f 830/2295/574 828/2294/574 833/2293/574
f 835/2296/574 830/2295/574 833/2293/574
f 835/2299/575 833/2298/575 832/2297/575
f 834/2300/575 835/2299/575 832/2297/575
f 828/2303/576 829/2302/576 832/2301/576
f 833/2304/576 828/2303/576 832/2301/576
f 831/2307/577 830/2306/577 835/2305/577
f 834/2308/577 831/2307/577 835/2305/577
o upper
v 0.2781496994368372 -1.2141526120895336 1.8167584916752748
v 0.3347939361266278 -1.1877389707307398 1.8167584918159994
v 0.35961463949006733 -1.2409671409794374 1.838134753802601
v 0.30297040280027676 -1.2673807823382313 1.8381347536618762
v 0.22166441357202005 -1.0930195285754756 2.3667118429325846
v 0.2783086502618106 -1.0666058872166817 2.3667118430733094
v 0.25348794689837106 -1.0133777169679843 2.345335581086708
v 0.1968437102085805 -1.0397913583267782 2.3453355809459833
v 0.17389522486039577 -1.2863533674474277 1.75802770369708
v 0.4571164083093484 -1.1542851606534583 1.7580277044007036
v 0.48193711167278797 -1.2075133309021555 1.7794039663873051
v 0.19871592822383533 -1.3395815376961253 1.7794039656836813
v 0.2463261661104863 -1.2937944236970251 1.8381347535211514
v 0.4162588761798578 -1.2145534996206433 1.8381347539433257
v 0.39143817281641824 -1.1613253293719459 1.8167584919567241
v 0.22150546274704674 -1.2405662534483277 1.81675849153455
v 0.27391671296311637 -0.9832435474843917 2.305282056315397
v 0.3235581196899955 -1.0896998879817865 2.3480345802885996
v 0.25584871535683706 -0.9444966022037794 2.4227436317088875
v 0.3054901220837162 -1.0509529427011741 2.4654961556820902
v 0.16062823958353523 -1.0360708302019797 2.3052820560339473
v 0.21026964631041434 -1.1425271706993745 2.34803458000715
v 0.14256024197725603 -0.9973238849213671 2.422743631427438
v 0.19220164870413514 -1.1037802254187619 2.465496155400641
vt 1 0.25
vt 0.9375 0.25
vt 0.9375 0.3125
vt 1 0.3125
vt 1 0.375
vt 0.9375 0.375
vt 0.9375 0.4375
vt 1 0.4375
vt 0.4375 0.5
vt 0.5 0.5
vt 0.5 0
vt 0.4375 0
vt 0.4375 0.5
vt 0.5 0.5
vt 0.5 0.1875
vt 0.4375 0.1875
vt 0.4375 0.5
vt 0.5 0.5
vt 0.5 0
vt 0.4375 0
vt 0.4375 0.5
vt 0.5 0.5
vt 0.5 0
vt 0.4375 0
vt 0.5 0.5
vt 0.5 0.1875
vt 0.4375 0.1875
vt 0.4375 0.5
vt 0.4375 0.5
vt 0.4375 0.3125
vt 0.375 0.3125
vt 0.375 0.5
vt 0.4375 0
vt 0.4375 0.5
vt 0.5 0.375
vt 0.5 0.125
vt 0.4375 0
vt 0.4375 0.5
vt 0.5 0.4375
vt 0.5 0.125
vt 0.4375 0.5
vt 0.5 0.5
vt 0.5 0.375
vt 0.4375 0.375
vt 0.4375 0.5
vt 0.5 0.5
vt 0.5 0.375
vt 0.4375 0.375
vt 0.625 1
vt 0.625 0.875
vt 0.5 0.875
vt 0.5 1
vt 0.625 1
vt 0.625 0.875
vt 0.5 0.875
vt 0.5 1
vt 0.625 0.875
vt 0.625 1
vt 0.5 1
vt 0.5 0.875
vt 0.5 1
vt 0.5 0.875
vt 0.625 0.875
vt 0.625 1
vn 0.14454398085023432 -0.3099755622448988 -0.9396926031479262
vn -0.14454398085023432 0.3099755622448988 0.9396926031479262
vn -0.3971312538150334 0.8516507239791589 -0.3420201917856226
vn 0.3971312538150334 -0.8516507239791589 0.3420201917856226
vn 0.9063077870366484 0.42261826174070305 2.2515950770518617e-9
vn -0.9063077870366484 -0.42261826174070305 -2.2515950770518617e-9
vn 0.14454398085023432 -0.3099755622448988 -0.9396926031479262
vn -0.14454398085023432 0.3099755622448988 0.9396926031479262
vn -0.3971312538150334 0.8516507239791589 -0.3420201917856226
vn 0.3971312538150334 -0.8516507239791589 0.3420201917856226
vn 0.5386483530168882 0.518022060795603 0.6644630135088562
vn -0.7430644110946865 -0.07965041666464155 0.66446301032462
vn 0.14454398085023432 -0.3099755622448988 -0.9396926031479262
vn -0.14454398085023432 0.3099755622448988 0.9396926031479262
vn -0.3971312538150334 0.8516507239791589 -0.3420201917856226
vn 0.3971312538150334 -0.8516507239791589 0.3420201917856226
usemtl inserter
f 836/2309/578 837/2310/578 838/2311/578
f 836/2309/578 838/2311/578 839/2312/578
f 840/2313/579 841/2314/579 842/2315/579
f 840/2313/579 842/2315/579 843/2316/579
f 837/2317/580 836/2318/580 843/2319/580
f 837/2317/580 843/2319/580 842/2320/580
f 839/2321/581 838/2322/581 841/2323/581
f 839/2321/581 841/2323/581 840/2324/581
f 838/2325/582 837/2326/582 842/2327/582
f 838/2325/582 842/2327/582 841/2328/582
f 836/2329/583 839/2330/583 840/2331/583
f 836/2329/583 840/2331/583 843/2332/583
f 844/2333/584 845/2334/584 846/2335/584
f 844/2333/584 846/2335/584 847/2336/584
f 848/2337/585 849/2338/585 850/2339/585
f 848/2337/585 850/2339/585 851/2340/585
f 845/2341/586 844/2342/586 851/2343/586
f 845/2341/586 851/2343/586 850/2344/586
f 847/2345/587 846/2346/587 849/2347/587
f 847/2345/587 849/2347/587 848/2348/587
f 846/2349/588 845/2350/588 850/2351/588
f 846/2349/588 850/2351/588 849/2352/588
f 844/2353/589 847/2354/589 848/2355/589
f 844/2353/589 848/2355/589 851/2356/589
f 852/2357/590 853/2358/590 857/2359/590
f 852/2357/590 857/2359/590 856/2360/590
f 855/2361/591 854/2362/591 858/2363/591
f 855/2361/591 858/2363/591 859/2364/591
f 854/2365/592 852/2366/592 856/2367/592
f 854/2365/592 856/2367/592 858/2368/592
f 859/2369/593 857/2370/593 853/2371/593
f 859/2369/593 853/2371/593 855/2372/593
o lower
v 0.17479798452463885 -1.0146972877379543 2.5078793811071938
v 0.14447379984419423 -0.9496668629090229 2.334651965061018
v 0.2480070541263295 -1.171694643760563 2.4361262464720785
v 0.21768286944588489 -1.1066642189316318 2.2628988304259026
v 0.00486527445526741 -1.093938211814336 2.50787938068502
v -0.025458910225177322 -1.0289077869854046 2.334651964638844
v 0.07807434405695796 -1.250935567836945 2.4361262460499042
v 0.04775015937651328 -1.1859051430080134 2.2628988300037283
v 0.24843549222136657 -0.9803595539715221 2.507879381290136
v 0.21811130754092195 -0.9153291291425908 2.33465196524396
v 0.32164456182305723 -1.1373569099941307 2.4361262466550206
v 0.2913203771426126 -1.0723264851651995 2.2628988306088447
v 0.4183682022907381 -0.9011186298951402 2.50787938171231
v 0.38804401761029345 -0.836088205066209 2.334651965666134
v 0.4915772718924288 -1.0581159859177491 2.4361262470771945
v 0.4612530872119841 -0.9930855610888177 2.2628988310310185
v 0.71813774247019 -1.640103420745709 2.144160183982604
v 0.6979216193498936 -1.596749804193088 2.02867523995182
v 0.7669437888713172 -1.7447683247607815 2.0963247608925273
v 0.7467276657510207 -1.7014147082081605 1.9808398168617432
v 0.378272322331447 -1.7985852688984727 2.144160183138256
v 0.3580561992111505 -1.7552316523458518 2.028675239107472
v 0.4270783687325741 -1.9032501729135451 2.096324760048179
v 0.40686224561227763 -1.8598965563609242 1.980839816017395
v 0.4589454181243321 -1.0842636882558807 2.296723591409901
v 0.4488373565641839 -1.0625868799795701 2.238981119394509
v 0.6541696037288406 -1.5029233043161707 2.105381899049593
v 0.6440615421686924 -1.4812464960398604 2.047639427034201
v 0.11907999798558899 -1.2427455364086444 2.296723590565553
v 0.10897193642544079 -1.2210687281323338 2.2389811185501607
v 0.3143041835900975 -1.6614051524689344 2.105381898205245
v 0.3041961220299493 -1.639728344192624 2.047639426189853
v 0.43271674981957037 -1.1019599266627351 2.2270222635516275
v 0.42766271903949626 -1.0911215225245798 2.1981510275439313
v 0.505925819421261 -1.2589572826853441 2.155269128916512
v 0.500871788641187 -1.2481188785471888 2.126397892908816
v 0.14949556637061784 -1.2340281334567047 2.227022262848004
v 0.14444153559054368 -1.2231897293185496 2.198151026840308
v 0.22270463597230855 -1.3910254894793137 2.1552691282128884
v 0.2176506051922344 -1.3801870853411584 2.1263978922051923
v 0.5181273310215428 -1.2851235086891122 2.143310273143993
v 0.5130733002414687 -1.274285104550957 2.1144390371362967
v 0.5913364006232336 -1.442120864711721 2.071557138508877
v 0.5862823698431594 -1.4312824605735657 2.0426859025011814
v 0.23490614757259026 -1.4171917154830818 2.1433102724403694
v 0.2298521167925161 -1.4063533113449265 2.1144390364326733
v 0.308115217174281 -1.5741890715056908 2.0715571378052537
v 0.3030611863942068 -1.5633506673675355 2.0426859017975576
v 0.4188553535290585 -1.0722340672731292 2.3928193929038173
v 0.4036932611888362 -1.0397188548586636 2.3062056848807293
v 0.6628855855346942 -1.595558587348492 2.1536422774534323
v 0.6477234931944719 -1.5630433749340265 2.0670285694303443
v 0.3338889984943727 -1.1118545293113202 2.39281939269273
v 0.31872690615415045 -1.0793393168968546 2.306205684669642
v 0.5779192305000084 -1.635179049386683 2.153642277242345
v 0.5627571381597861 -1.6026638369722173 2.067028569219257
v 0.525708377191654 -1.301381114896345 2.186617127155537
v 0.5408704695318763 -1.3338963273108106 2.273230835178625
v 0.4559041144971906 -1.3735167893490017 2.2732308349675376
v 0.4407420221569682 -1.341001576934536 2.1866171269444497
v 0.22060052511479172 -1.164681812028908 2.3928193924112806
v 0.20543843277456936 -1.1321665996144423 2.3062056843881926
v 0.4646307571204274 -1.6880063321042709 2.153642276960896
v 0.44946866478020503 -1.6554911196898052 2.0670285689378076
v 0.13563417008010598 -1.204302274067099 2.392819392200194
v 0.12047207773988361 -1.1717870616526334 2.306205684177106
v 0.3796644020857416 -1.7276267941424617 2.153642276749809
v 0.3645023097455193 -1.695111581727996 2.067028568726721
v 0.3274535487773872 -1.3938288596521238 2.186617126663
v 0.34261564111760956 -1.4263440720665894 2.273230834686088
v 0.25764928608292376 -1.4659645341047804 2.2732308344750014
v 0.2424871937427014 -1.4334493216903148 2.1866171264519134
v 0.4688176572006945 -1.6969851675591863 2.0142396213850735
v 0.45870959564054625 -1.6753083592828757 1.9564971493696812
v 0.5176237036018216 -1.8016500715742587 1.9664041982949962
v 0.5075156420416734 -1.7799732632979484 1.9086617262796044
v 0.3838513021660087 -1.736605629597377 2.0142396211739864
v 0.3737432406058605 -1.7149288213210667 1.9564971491585943
v 0.43265734856713584 -1.8412705336124497 1.9664041980839093
v 0.42254928700698763 -1.8195937253361392 1.9086617260685173
v 0.5041958726612132 -1.7728539965262728 2.2163382734389456
v 0.49408781110106503 -1.7511771882499623 2.1585958014235533
v 0.5530019190623404 -1.8775189005413453 2.1685028503488684
v 0.5428938575021922 -1.855842092265035 2.1107603783334765
v 0.4192295176265275 -1.8124744585644637 2.2163382732278585
v 0.4091214560663793 -1.7907976502881533 2.158595801212466
v 0.4680355640276546 -1.9171393625795363 2.168502850137781
v 0.4579275024675064 -1.8954625543032257 2.1107603781223894
v 0.6670724856149614 -1.6045374228034075 2.0142396218776097
v 0.6569644240548131 -1.582860614527097 1.9564971498622177
v 0.7158785320160884 -1.70920232681848 1.9664041987875327
v 0.7057704704559402 -1.6875255185421696 1.9086617267721406
v 0.5821061305802755 -1.6441578848415983 2.0142396216665226
v 0.5719980690201273 -1.622481076565288 1.9564971496511308
v 0.6309121769814027 -1.748822788856671 1.9664041985764458
v 0.6208041154212545 -1.7271459805803604 1.9086617265610537
v 0.7024507010754801 -1.680406251770494 2.216338273931482
v 0.6923426395153318 -1.6587294434941835 2.15859580191609
v 0.7512567474766072 -1.7850711557855665 2.168502850841405
v 0.741148685916459 -1.7633943475092562 2.1107603788260128
v 0.6174843460407943 -1.7200267138086849 2.2163382737203947
v 0.6073762844806461 -1.6983499055323745 2.158595801705003
v 0.6662903924419215 -1.8246916178237576 2.168502850630318
v 0.6561823308817732 -1.803014809547447 2.1107603786149256
vt 0.09375 0.8125
vt 0.09375 1
vt 0 1
vt 0 0.8125
vt 0.8125 0.8125
vt 0.8125 0.625
vt 0.625 0.625
vt 0.625 0.8125
vt 0.8125 0.625
vt 0.8125 0.8125
vt 1 0.8125
vt 1 0.625
vt 0.8125 0.8125
vt 0.8125 0.625
vt 1 0.625
vt 1 0.8125
vt 0.8125 0.625
vt 0.8125 0.8125
vt 1 0.8125
vt 1 0.625
vt 1 0.625
vt 1 0.8125
vt 0.8125 0.8125
vt 0.8125 0.625
vt 0 1
vt 0.09375 1
vt 0.09375 0.8125
vt 0 0.8125
vt 0.625 0.625
vt 0.8125 0.625
vt 0.8125 0.8125
vt 0.625 0.8125
vt 1 0.8125
vt 0.8125 0.8125
vt 0.8125 0.625
vt 1 0.625
vt 1 0.625
vt 0.8125 0.625
vt 0.8125 0.8125
vt 1 0.8125
vt 1 0.8125
vt 0.8125 0.8125
vt 0.8125 0.625
vt 1 0.625
vt 0.8125 0.8125
vt 1 0.8125
vt 1 0.625
vt 0.8125 0.625
vt 0.0625 0.875
vt 0.0625 1
vt 0 1
vt 0 0.875
vt 0.0625 0.875
vt 0.0625 1
vt 0 1
vt 0 0.875
vt 0.5 0.625
vt 0.625 0.625
vt 0.625 1
vt 0.5 1
vt 0.625 0.625
vt 0.5 0.625
vt 0.5 1
vt 0.625 1
vt 0.625 0.625
vt 0.5 0.625
vt 0.5 1
vt 0.625 1
vt 0.5 1
vt 0.625 1
vt 0.625 0.625
vt 0.5 0.625
vt 0 0.5
vt 0 0
vt 0.03125 0
vt 0.03125 0.5
vt 0.34375 0
vt 0.34375 0.5
vt 0.375 0.5
vt 0.375 0
vt 0 0.0625
vt 0 0
vt 0.375 0
vt 0.375 0.0625
vt 0 0.5
vt 0 0.4375
vt 0.375 0.4375
vt 0.375 0.5
vt 0.375 0.5
vt 0.375 0
vt 0 0
vt 0 0.5
vt 0.375 0.5
vt 0.375 0
vt 0 0
vt 0 0.5
vt 0.71875 0.8125
vt 0.71875 1
vt 0.6875 1
vt 0.6875 0.8125
vt 1 0.8125
vt 1 1
vt 0.96875 1
vt 0.96875 0.8125
vt 0.6875 0.9375
vt 0.6875 1
vt 1 1
vt 1 0.9375
vt 0.6875 0.8125
vt 0.6875 0.875
vt 1 0.875
vt 1 0.8125
vt 1 0.8125
vt 1 1
vt 0.6875 1
vt 0.6875 0.8125
vt 0.71875 0.8125
vt 0.71875 1
vt 0.6875 1
vt 0.6875 0.8125
vt 1 0.8125
vt 1 1
vt 0.96875 1
vt 0.96875 0.8125
vt 0.6875 0.9375
vt 0.6875 1
vt 1 1
vt 1 0.9375
vt 0.6875 0.8125
vt 0.6875 0.875
vt 1 0.875
vt 1 0.8125
vt 1 0.8125
vt 1 1
vt 0.6875 1
vt 0.6875 0.8125
vt 0.375 0.5
vt 0.375 0.1875
vt 0.5 0.1875
vt 0.5 0.5
vt 0.375 0.5
vt 0.375 0.1875
vt 0.5 0.1875
vt 0.5 0.5
vt 0.046875 0.90625
vt 0.046875 1
vt 0 1
vt 0 0.90625
vt 0.046875 0.90625
vt 0.046875 1
vt 0 1
vt 0 0.90625
vt 0.5 0.5
vt 0.5 0.1875
vt 0.375 0.1875
vt 0.375 0.5
vt 0.375 0.5
vt 0.375 0.1875
vt 0.5 0.1875
vt 0.5 0.5
vt 0.5 0.5
vt 0.5 0.1875
vt 0.375 0.1875
vt 0.375 0.5
vt 0.375 0.5
vt 0.375 0.1875
vt 0.5 0.1875
vt 0.5 0.5
vt 0.5 0.5
vt 0.5 0.1875
vt 0.375 0.1875
vt 0.375 0.5
vt 0.375 0.5
vt 0.375 0.1875
vt 0.5 0.1875
vt 0.5 0.5
vt 0.375 0.5
vt 0.375 0.1875
vt 0.5 0.1875
vt 0.5 0.5
vt 0.375 0.5
vt 0.375 0.1875
vt 0.5 0.1875
vt 0.5 0.5
vt 0.046875 0.90625
vt 0.046875 1
vt 0 1
vt 0 0.90625
vt 0.046875 0.90625
vt 0.046875 1
vt 0 1
vt 0 0.90625
vt 0.5 0.5
vt 0.5 0.1875
vt 0.375 0.1875
vt 0.375 0.5
vt 0.375 0.5
vt 0.375 0.1875
vt 0.5 0.1875
vt 0.5 0.5
vt 0.5 0.5
vt 0.5 0.1875
vt 0.375 0.1875
vt 0.375 0.5
vt 0.375 0.5
vt 0.375 0.1875
vt 0.5 0.1875
vt 0.5 0.5
vt 0.5 0.5
vt 0.5 0.1875
vt 0.375 0.1875
vt 0.375 0.5
vt 0.375 0.5
vt 0.375 0.1875
vt 0.5 0.1875
vt 0.5 0.5
vt 0.4375 0.375
vt 0.4375 0.125
vt 0.375 0.125
vt 0.375 0.375
vt 0.5 0.375
vt 0.5 0.125
vt 0.4375 0.125
vt 0.4375 0.375
vt 0.375 0.25
vt 0.375 0.375
vt 0.5 0.375
vt 0.5 0.25
vt 0.375 0.125
vt 0.375 0.375
vt 0.5 0.375
vt 0.5 0.125
vt 0.5 0.375
vt 0.5 0.125
vt 0.375 0.125
vt 0.375 0.375
vt 0.4375 0.375
vt 0.4375 0.125
vt 0.375 0.125
vt 0.375 0.375
vt 0.5 0.375
vt 0.5 0.125
vt 0.4375 0.125
vt 0.4375 0.375
vt 0.046875 0.9375
vt 0.046875 1
vt 0 1
vt 0 0.9375
vt 0.375 0.125
vt 0.375 0.375
vt 0.5 0.375
vt 0.5 0.125
vt 0.375 0.125
vt 0.375 0.375
vt 0.5 0.375
vt 0.5 0.125
vt 0.37734375 0
vt 0.43515625 0.09999999999999998
vt 0.43671875 0.1875
vt 0.37734375 0.28437500000000004
vt 0.4984375 0
vt 0.440625 0.09999999999999998
vt 0.4390625 0.1875
vt 0.4984375 0.28437500000000004
vt 0.375 0.375
vt 0.375 0.125
vt 0.5 0.125
vt 0.5 0.375
vt 0.375 0.375
vt 0.375 0
vt 0.5 0
vt 0.5 0.375
vt 0.5 0.375
vt 0.5 0
vt 0.375 0
vt 0.375 0.375
vt 0.4375 0.375
vt 0.4375 0.125
vt 0.375 0.125
vt 0.375 0.375
vt 0.5 0.375
vt 0.5 0.125
vt 0.4375 0.125
vt 0.4375 0.375
vt 0.375 0.25
vt 0.375 0.375
vt 0.5 0.375
vt 0.5 0.25
vt 0.375 0.125
vt 0.375 0.375
vt 0.5 0.375
vt 0.5 0.125
vt 0.5 0.375
vt 0.5 0.125
vt 0.375 0.125
vt 0.375 0.375
vt 0.4375 0.375
vt 0.4375 0.125
vt 0.375 0.125
vt 0.375 0.375
vt 0.5 0.375
vt 0.5 0.125
vt 0.4375 0.125
vt 0.4375 0.375
vt 0.046875 0.9375
vt 0.046875 1
vt 0 1
vt 0 0.9375
vt 0.375 0.125
vt 0.375 0.375
vt 0.5 0.375
vt 0.5 0.125
vt 0.375 0.125
vt 0.375 0.375
vt 0.5 0.375
vt 0.5 0.125
vt 0.37734375 0
vt 0.43515625 0.09999999999999998
vt 0.43671875 0.1875
vt 0.37734375 0.28437500000000004
vt 0.4984375 0
vt 0.440625 0.09999999999999998
vt 0.4390625 0.1875
vt 0.4984375 0.28437500000000004
vt 0.375 0.375
vt 0.375 0.125
vt 0.5 0.125
vt 0.5 0.375
vt 0.375 0.375
vt 0.375 0
vt 0.5 0
vt 0.5 0.375
vt 0.5 0.375
vt 0.5 0
vt 0.375 0
vt 0.375 0.375
vn 0.9063077870366483 0.42261826174070305 2.2515950770518604e-9
vn -0.9063077870366483 -0.42261826174070305 -2.2515950770518604e-9
vn -0.3904483712090171 0.8373192321205807 0.382683384720616
vn 0.3904483712090171 -0.8373192321205807 -0.382683384720616
vn 0.1617289849623715 -0.3468289324209674 0.9238795522462727
vn -0.1617289849623715 0.3468289324209674 -0.9238795522462727
vn -0.9063077870366483 -0.42261826174070305 -2.2515950770518604e-9
vn 0.9063077870366483 0.42261826174070305 2.2515950770518604e-9
vn -0.3904483712090171 0.8373192321205807 0.382683384720616
vn 0.3904483712090171 -0.8373192321205807 -0.382683384720616
vn 0.1617289849623715 -0.3468289324209674 0.9238795522462727
vn -0.1617289849623715 0.3468289324209674 -0.9238795522462727
vn 0.9063077870366483 0.42261826174070305 2.2515950770518604e-9
vn -0.9063077870366483 -0.42261826174070305 -2.2515950770518604e-9
vn -0.3904483712090171 0.8373192321205807 0.382683384720616
vn 0.3904483712090171 -0.8373192321205807 -0.382683384720616
vn 0.1617289849623715 -0.3468289324209674 0.9238795522462727
vn -0.1617289849623715 0.3468289324209674 -0.9238795522462727
vn 0.9063077870366483 0.42261826174070305 2.2515950770518604e-9
vn -0.9063077870366483 -0.42261826174070305 -2.2515950770518604e-9
vn -0.3904483712090171 0.8373192321205807 0.382683384720616
vn 0.3904483712090171 -0.8373192321205807 -0.382683384720616
vn 0.1617289849623715 -0.3468289324209674 0.9238795522462727
vn -0.1617289849623715 0.3468289324209674 -0.9238795522462727
vn 0.9063077870366483 0.42261826174070305 2.2515950770518604e-9
vn -0.9063077870366483 -0.42261826174070305 -2.2515950770518604e-9
vn -0.3904483712090171 0.8373192321205807 0.382683384720616
vn 0.3904483712090171 -0.8373192321205807 -0.382683384720616
vn -0.1617289849623715 0.3468289324209674 -0.9238795522462727
vn 0.9063077870366483 0.42261826174070305 2.2515950770518604e-9
vn -0.9063077870366483 -0.42261826174070305 -2.2515950770518604e-9
vn -0.3904483712090171 0.8373192321205807 0.382683384720616
vn 0.3904483712090171 -0.8373192321205807 -0.382683384720616
vn -0.1617289849623715 0.3468289324209674 -0.9238795522462727
vn 0.9063077870366483 0.42261826174070305 2.2515950770518604e-9
vn -0.9063077870366483 -0.42261826174070305 -2.2515950770518604e-9
vn -0.3904483712090171 0.8373192321205807 0.382683384720616
vn 0.3904483712090171 -0.8373192321205807 -0.382683384720616
vn 0.1617289849623715 -0.3468289324209674 0.9238795522462727
vn -0.1617289849623715 0.3468289324209674 -0.9238795522462727
vn 0.9063077870366483 0.42261826174070305 2.2515950770518604e-9
vn 0.1617289849623715 -0.3468289324209674 0.9238795522462727
vn -0.9063077870366483 -0.42261826174070305 -2.2515950770518604e-9
vn -0.1617289849623715 0.3468289324209674 -0.9238795522462727
vn 0.9063077870366483 0.42261826174070305 2.2515950770518604e-9
vn -0.9063077870366483 -0.42261826174070305 -2.2515950770518604e-9
vn -0.3904483712090171 0.8373192321205807 0.382683384720616
vn 0.3904483712090171 -0.8373192321205807 -0.382683384720616
vn 0.1617289849623715 -0.3468289324209674 0.9238795522462727
vn -0.1617289849623715 0.3468289324209674 -0.9238795522462727
vn 0.9063077870366483 0.42261826174070305 2.2515950770518604e-9
vn 0.1617289849623715 -0.3468289324209674 0.9238795522462727
vn -0.9063077870366483 -0.42261826174070305 -2.2515950770518604e-9
vn -0.1617289849623715 0.3468289324209674 -0.9238795522462727
vn 0.9063077870366483 0.42261826174070305 2.2515950770518604e-9
vn -0.9063077870366483 -0.42261826174070305 -2.2515950770518604e-9
vn 0.3904483712090171 -0.8373192321205807 -0.382683384720616
vn 0.1617289849623715 -0.3468289324209674 0.9238795522462727
vn -0.1617289849623715 0.3468289324209674 -0.9238795522462727
vn 0.9063077870366483 0.42261826174070305 2.2515950770518604e-9
vn -0.9063077870366483 -0.42261826174070305 -2.2515950770518604e-9
vn 0.3904483712090171 -0.8373192321205807 -0.382683384720616
vn 0.1617289849623715 -0.3468289324209674 0.9238795522462727
vn -0.1617289849623715 0.3468289324209674 -0.9238795522462727
vn 0.9063077870366483 0.42261826174070305 2.2515950770518604e-9
vn -0.9063077870366483 -0.42261826174070305 -2.2515950770518604e-9
vn -0.3904483712090171 0.8373192321205807 0.382683384720616
vn -0.23516158249425972 0.504305636670169 0.830887991814475
vn -0.4145837818821289 0.8890777904111637 -0.1940643460244934
vn 0.9063077870366483 0.42261826174070305 2.2515950770518604e-9
vn -0.9063077870366483 -0.42261826174070305 -2.2515950770518604e-9
vn 0.3904483712090171 -0.8373192321205807 -0.382683384720616
vn 0.1617289849623715 -0.3468289324209674 0.9238795522462727
vn -0.1617289849623715 0.3468289324209674 -0.9238795522462727
vn 0.9063077870366483 0.42261826174070305 2.2515950770518604e-9
vn -0.9063077870366483 -0.42261826174070305 -2.2515950770518604e-9
vn 0.3904483712090171 -0.8373192321205807 -0.382683384720616
vn 0.1617289849623715 -0.3468289324209674 0.9238795522462727
vn -0.1617289849623715 0.3468289324209674 -0.9238795522462727
vn 0.9063077870366483 0.42261826174070305 2.2515950770518604e-9
vn -0.9063077870366483 -0.42261826174070305 -2.2515950770518604e-9
vn -0.3904483712090171 0.8373192321205807 0.382683384720616
vn -0.23516158249425972 0.504305636670169 0.830887991814475
vn -0.4145837818821289 0.8890777904111637 -0.1940643460244934
usemtl inserter
f 863/2373/594 861/2374/594 860/2375/594
f 863/2373/594 860/2375/594 862/2376/594
f 866/2377/595 864/2378/595 865/2379/595
f 866/2377/595 865/2379/595 867/2380/595
f 860/2381/596 861/2382/596 865/2383/596
f 860/2381/596 865/2383/596 864/2384/596
f 863/2385/597 862/2386/597 866/2387/597
f 863/2385/597 866/2387/597 867/2388/597
f 862/2389/598 860/2390/598 864/2391/598
f 862/2389/598 864/2391/598 866/2392/598
f 867/2393/599 865/2394/599 861/2395/599
f 867/2393/599 861/2395/599 863/2396/599
f 868/2397/600 869/2398/600 871/2399/600
f 868/2397/600 871/2399/600 870/2400/600
f 873/2401/601 872/2402/601 874/2403/601
f 873/2401/601 874/2403/601 875/2404/601
f 873/2405/602 869/2406/602 868/2407/602
f 873/2405/602 868/2407/602 872/2408/602
f 874/2409/603 870/2410/603 871/2411/603
f 874/2409/603 871/2411/603 875/2412/603
f 872/2413/604 868/2414/604 870/2415/604
f 872/2413/604 870/2415/604 874/2416/604
f 869/2417/605 873/2418/605 875/2419/605
f 869/2417/605 875/2419/605 871/2420/605
f 879/2421/606 877/2422/606 876/2423/606
f 879/2421/606 876/2423/606 878/2424/606
f 882/2425/607 880/2426/607 881/2427/607
f 882/2425/607 881/2427/607 883/2428/607
f 876/2429/608 877/2430/608 881/2431/608
f 876/2429/608 881/2431/608 880/2432/608
f 879/2433/609 878/2434/609 882/2435/609
f 879/2433/609 882/2435/609 883/2436/609
f 878/2437/610 876/2438/610 880/2439/610
f 878/2437/610 880/2439/610 882/2440/610
f 883/2441/611 881/2442/611 877/2443/611
f 883/2441/611 877/2443/611 879/2444/611
f 887/2445/612 885/2446/612 884/2447/612
f 887/2445/612 884/2447/612 886/2448/612
f 890/2449/613 888/2450/613 889/2451/613
f 890/2449/613 889/2451/613 891/2452/613
f 884/2453/614 885/2454/614 889/2455/614
f 884/2453/614 889/2455/614 888/2456/614
f 887/2457/615 886/2458/615 890/2459/615
f 887/2457/615 890/2459/615 891/2460/615
f 886/2461/616 884/2462/616 888/2463/616
f 886/2461/616 888/2463/616 890/2464/616
f 891/2465/617 889/2466/617 885/2467/617
f 891/2465/617 885/2467/617 887/2468/617
f 895/2469/618 893/2470/618 892/2471/618
f 895/2469/618 892/2471/618 894/2472/618
f 898/2473/619 896/2474/619 897/2475/619
f 898/2473/619 897/2475/619 899/2476/619
f 892/2477/620 893/2478/620 897/2479/620
f 892/2477/620 897/2479/620 896/2480/620
f 895/2481/621 894/2482/621 898/2483/621
f 895/2481/621 898/2483/621 899/2484/621
f 899/2485/622 897/2486/622 893/2487/622
f 899/2485/622 893/2487/622 895/2488/622
f 903/2489/623 901/2490/623 900/2491/623
f 903/2489/623 900/2491/623 902/2492/623
f 906/2493/624 904/2494/624 905/2495/624
f 906/2493/624 905/2495/624 907/2496/624
f 900/2497/625 901/2498/625 905/2499/625
f 900/2497/625 905/2499/625 904/2500/625
f 903/2501/626 902/2502/626 906/2503/626
f 903/2501/626 906/2503/626 907/2504/626
f 907/2505/627 905/2506/627 901/2507/627
f 907/2505/627 901/2507/627 903/2508/627
f 908/2509/628 917/2510/628 916/2511/628
f 908/2509/628 916/2511/628 909/2512/628
f 913/2513/629 919/2514/629 918/2515/629
f 913/2513/629 918/2515/629 912/2516/629
f 908/2517/630 909/2518/630 913/2519/630
f 908/2517/630 913/2519/630 912/2520/630
f 911/2521/631 910/2522/631 914/2523/631
f 911/2521/631 914/2523/631 915/2524/631
f 912/2525/632 918/2526/632 917/2527/632
f 912/2525/632 917/2527/632 908/2528/632
f 909/2529/633 916/2530/633 919/2531/633
f 909/2529/633 919/2531/633 913/2532/633
f 911/2533/634 916/2534/634 917/2535/634
f 911/2533/634 917/2535/634 910/2536/634
f 910/2537/635 917/2538/635 918/2539/635
f 910/2537/635 918/2539/635 914/2540/635
f 914/2541/636 918/2542/636 919/2543/636
f 914/2541/636 919/2543/636 915/2544/636
f 915/2545/637 919/2546/637 916/2547/637
f 915/2545/637 916/2547/637 911/2548/637
f 920/2549/638 929/2550/638 928/2551/638
f 920/2549/638 928/2551/638 921/2552/638
f 925/2553/639 931/2554/639 930/2555/639
f 925/2553/639 930/2555/639 924/2556/639
f 920/2557/640 921/2558/640 925/2559/640
f 920/2557/640 925/2559/640 924/2560/640
f 923/2561/641 922/2562/641 926/2563/641
f 923/2561/641 926/2563/641 927/2564/641
f 924/2565/642 930/2566/642 929/2567/642
f 924/2565/642 929/2567/642 920/2568/642
f 921/2569/643 928/2570/643 931/2571/643
f 921/2569/643 931/2571/643 925/2572/643
f 923/2573/644 928/2574/644 929/2575/644
f 923/2573/644 929/2575/644 922/2576/644
f 922/2577/645 929/2578/645 930/2579/645
f 922/2577/645 930/2579/645 926/2580/645
f 926/2581/646 930/2582/646 931/2583/646
f 926/2581/646 931/2583/646 927/2584/646
f 927/2585/647 931/2586/647 928/2587/647
f 927/2585/647 928/2587/647 923/2588/647
f 935/2589/648 933/2590/648 932/2591/648
f 935/2589/648 932/2591/648 934/2592/648
f 938/2593/649 936/2594/649 937/2595/649
f 938/2593/649 937/2595/649 939/2596/649
f 935/2597/650 934/2598/650 938/2599/650
f 935/2597/650 938/2599/650 939/2600/650
f 934/2601/651 932/2602/651 936/2603/651
f 934/2601/651 936/2603/651 938/2604/651
f 939/2605/652 937/2606/652 933/2607/652
f 939/2605/652 933/2607/652 935/2608/652
f 943/2609/653 941/2610/653 940/2611/653
f 943/2609/653 940/2611/653 942/2612/653
f 946/2613/654 944/2614/654 945/2615/654
f 946/2613/654 945/2615/654 947/2616/654
f 943/2617/655 942/2618/655 946/2619/655
f 943/2617/655 946/2619/655 947/2620/655
f 942/2621/656 940/2622/656 944/2623/656
f 942/2621/656 944/2623/656 946/2624/656
f 947/2625/657 945/2626/657 941/2627/657
f 947/2625/657 941/2627/657 943/2628/657
f 933/2629/658 923/2630/658 922/2631/658
f 933/2629/658 922/2631/658 940/2632/658
f 944/2633/659 926/2634/659 927/2635/659
f 944/2633/659 927/2635/659 937/2636/659
f 922/2637/660 923/2638/660 927/2639/660
f 922/2637/660 927/2639/660 926/2640/660
f 940/2641/661 922/2642/661 926/2643/661
f 940/2641/661 926/2643/661 944/2644/661
f 937/2645/662 927/2646/662 923/2647/662
f 937/2645/662 923/2647/662 933/2648/662
f 951/2649/663 949/2650/663 948/2651/663
f 951/2649/663 948/2651/663 950/2652/663
f 954/2653/664 952/2654/664 953/2655/664
f 954/2653/664 953/2655/664 955/2656/664
f 951/2657/665 950/2658/665 954/2659/665
f 951/2657/665 954/2659/665 955/2660/665
f 950/2661/666 948/2662/666 952/2663/666
f 950/2661/666 952/2663/666 954/2664/666
f 955/2665/667 953/2666/667 949/2667/667
f 955/2665/667 949/2667/667 951/2668/667
f 959/2669/668 957/2670/668 956/2671/668
f 959/2669/668 956/2671/668 958/2672/668
f 962/2673/669 960/2674/669 961/2675/669
f 962/2673/669 961/2675/669 963/2676/669
f 959/2677/670 958/2678/670 962/2679/670
f 959/2677/670 962/2679/670 963/2680/670
f 958/2681/671 956/2682/671 960/2683/671
f 958/2681/671 960/2683/671 962/2684/671
f 963/2685/672 961/2686/672 957/2687/672
f 963/2685/672 957/2687/672 959/2688/672
f 949/2689/673 911/2690/673 910/2691/673
f 949/2689/673 910/2691/673 956/2692/673
f 960/2693/674 914/2694/674 915/2695/674
f 960/2693/674 915/2695/674 953/2696/674
f 910/2697/675 911/2698/675 915/2699/675
f 910/2697/675 915/2699/675 914/2700/675
f 956/2701/676 910/2702/676 914/2703/676
f 956/2701/676 914/2703/676 960/2704/676
f 953/2705/677 915/2706/677 911/2707/677
f 953/2705/677 911/2707/677 949/2708/677
o turntable
v 0.8947315092149546 -1.8709223756006443 1.9375000134554001
v 0.6834223783446034 -1.4177684820823209 1.937499987670397
v 0.8947315107046461 -1.8709223784623152 1.8750000134554003
v 0.6834223798342949 -1.4177684849439918 1.874999987670397
v 0.44157761569663045 -2.082231506470996 1.9375000123296027
v 0.23026848482627926 -1.6290776129526723 1.9374999865445994
v 0.441577617186322 -2.082231509332667 1.8750000123296027
v 0.2302684863159708 -1.6290776158143432 1.8749999865445994
v 0.7286157546074773 -1.8104611878003223 1.8750000067277002
v 0.6229611891723017 -1.5838842410411604 1.8749999938351984
v 0.7286157560971689 -1.810461190661993 1.8125000067277002
v 0.6229611906619932 -1.5838842439028311 1.8124999938351987
v 0.5020388078483152 -1.916115753235498 1.8750000061648013
v 0.39638424241313963 -1.6895388064763361 1.8749999932722998
v 0.5020388093380068 -1.9161157560971689 1.8125000061648013
v 0.39638424390283117 -1.689538809338007 1.8124999932722998
v 0.44539456519975856 -1.9425293831476087 2.1250000060240763
v 0.33973999976458297 -1.7159524363884469 2.1249999931315746
v 0.4453945696688332 -1.942529391732621 1.9375000060240766
v 0.3397400042336576 -1.7159524449734593 1.9374999931315748
v 0.38875032850996805 -1.9689430245064026 2.1250000058833516
v 0.28309576307479245 -1.7423660777472407 2.12499999299085
v 0.38875033297904266 -1.968943033091415 1.9375000058833518
v 0.28309576754386706 -1.7423660863322532 1.9374999929908503
v 0.8419042220282922 -1.757633893636051 2.1250000070091493
v 0.7362496565931166 -1.5310569468768893 2.1249999941166475
v 0.8419042264973668 -1.7576339022210634 1.9375000070091495
v 0.7362496610621911 -1.5310569554619018 1.9374999941166478
v 0.7852599853385016 -1.784047534994845 2.1250000068684245
v 0.6796054199033261 -1.5574705882356832 2.1249999939759228
v 0.7852599898075763 -1.7840475435798575 1.9375000068684247
v 0.6796054243724007 -1.5574705968206957 1.9374999939759232
v 0.41898092235127316 -1.8858851435961472 2.1875000028009506
v 0.3661536396336853 -1.7725966702165665 2.1874999963547
v 0.3623366856614826 -1.9122987849549413 2.187500002660226
v 0.30950940294389484 -1.7990103115753604 2.187499996213975
v 0.8154905791798067 -1.7009896540845897 2.1875000037860235
v 0.762663296462219 -1.5877011807050088 2.187499997339773
v 0.7588463424900163 -1.7274032954433838 2.1875000036452987
v 0.7060190597724284 -1.6141148220638029 2.187499997199048
vt 0.5 1
vt 0.4375 1
vt 0.4375 0.5
vt 0.5 0.5
vt 0.0625 1
vt 0 1
vt 0 0.5
vt 0.0625 0.5
vt 0.5 0.5
vt 0.5 1
vt 0 1
vt 0 0.5
vt 0.5 0.5
vt 0.5 1
vt 0 1
vt 0 0.5
vt 0.5 0.9375
vt 0.5 1
vt 0 1
vt 0 0.9375
vt 0 0.5
vt 0 0.5625
vt 0.5 0.5625
vt 0.5 0.5
vt 0.8125 0.5625
vt 0.8125 0.625
vt 0.5625 0.625
vt 0.5625 0.5625
vt 0.8125 0.5625
vt 0.8125 0.625
vt 0.5625 0.625
vt 0.5625 0.5625
vt 0.8125 0.5625
vt 0.8125 0.625
vt 0.5625 0.625
vt 0.5625 0.5625
vt 0.8125 0.5625
vt 0.8125 0.625
vt 0.5625 0.625
vt 0.5625 0.5625
vt 0.375 0.5
vt 0.375 0.6875
vt 0.125 0.6875
vt 0.125 0.5
vt 0.375 0.5
vt 0.375 0.6875
vt 0.125 0.6875
vt 0.125 0.5
vt 0.375 0.5
vt 0.375 0.6875
vt 0.3125 0.6875
vt 0.3125 0.5
vt 0.1875 0.5
vt 0.1875 0.6875
vt 0.125 0.6875
vt 0.125 0.5
vt 0.375 0.5
vt 0.375 0.6875
vt 0.125 0.6875
vt 0.125 0.5
vt 0.375 0.5
vt 0.375 0.6875
vt 0.125 0.6875
vt 0.125 0.5
vt 0.375 0.5
vt 0.375 0.6875
vt 0.3125 0.6875
vt 0.3125 0.5
vt 0.1875 0.5
vt 0.1875 0.6875
vt 0.125 0.6875
vt 0.125 0.5
vt 0.3125 0.5625
vt 0.28125 0.5
vt 0.21875 0.5
vt 0.1875 0.5625
vt 0.1875 0.5625
vt 0.21875 0.5
vt 0.28125 0.5
vt 0.3125 0.5625
vt 0.28125 0.5625
vt 0.21875 0.5625
vt 0.21875 0.5
vt 0.28125 0.5
vt 0.3125 0.5
vt 0.3125 0.5625
vt 0.28125 0.5625
vt 0.28125 0.5
vt 0.21875 0.5
vt 0.21875 0.5625
vt 0.1875 0.5625
vt 0.1875 0.5
vt 0.3125 0.5625
vt 0.28125 0.5
vt 0.21875 0.5
vt 0.1875 0.5625
vt 0.1875 0.5625
vt 0.21875 0.5
vt 0.28125 0.5
vt 0.3125 0.5625
vt 0.28125 0.5625
vt 0.21875 0.5625
vt 0.21875 0.5
vt 0.28125 0.5
vt 0.3125 0.5
vt 0.3125 0.5625
vt 0.28125 0.5625
vt 0.28125 0.5
vt 0.21875 0.5
vt 0.21875 0.5625
vt 0.1875 0.5625
vt 0.1875 0.5
vn 0.9063077870366483 0.4226182617407031 2.2515950779643664e-9
vn -0.9063077870366483 -0.4226182617407031 -2.2515950779643664e-9
vn -2.3835064679778525e-8 4.5786733123613165e-8 0.9999999999999987
vn 2.3835064679778525e-8 -4.5786733123613165e-8 -0.9999999999999987
vn 0.42261826174070244 -0.9063077870366472 5.157000640310798e-8
vn -0.42261826174070244 0.9063077870366472 -5.157000640310798e-8
vn 0.9063077870366483 0.4226182617407031 2.2515950779643664e-9
vn -0.9063077870366483 -0.4226182617407031 -2.2515950779643664e-9
vn 0.42261826174070244 -0.9063077870366472 5.157000640310798e-8
vn -0.42261826174070244 0.9063077870366472 -5.157000640310798e-8
vn 0.9063077870366483 0.4226182617407031 2.2515950779643664e-9
vn -0.9063077870366483 -0.4226182617407031 -2.2515950779643664e-9
vn 0.42261826174070244 -0.9063077870366472 5.157000640310798e-8
vn -0.42261826174070244 0.9063077870366472 -5.157000640310798e-8
vn 0.9063077870366483 0.4226182617407031 2.2515950779643664e-9
vn -0.9063077870366483 -0.4226182617407031 -2.2515950779643664e-9
vn 0.42261826174070244 -0.9063077870366472 5.157000640310798e-8
vn -0.42261826174070244 0.9063077870366472 -5.157000640310798e-8
vn 0.9063077870366483 0.4226182617407031 2.2515950779643664e-9
vn -0.9063077870366483 -0.4226182617407031 -2.2515950779643664e-9
vn -2.3835064679778525e-8 4.5786733123613165e-8 0.9999999999999987
vn 0.2988362218761861 -0.6408563496796771 0.707106817652048
vn -0.2988362555840578 0.640856414431896 0.7071067447210454
vn 0.9063077870366483 0.4226182617407031 2.2515950779643664e-9
vn -0.9063077870366483 -0.4226182617407031 -2.2515950779643664e-9
vn -2.3835064679778525e-8 4.5786733123613165e-8 0.9999999999999987
vn 0.2988362218761861 -0.6408563496796771 0.707106817652048
vn -0.2988362555840578 0.640856414431896 0.7071067447210454
usemtl inserter
f 967/2709/678 965/2710/678 964/2711/678
f 967/2709/678 964/2711/678 966/2712/678
f 970/2713/679 968/2714/679 969/2715/679
f 970/2713/679 969/2715/679 971/2716/679
f 964/2717/680 965/2718/680 969/2719/680
f 964/2717/680 969/2719/680 968/2720/680
f 967/2721/681 966/2722/681 970/2723/681
f 967/2721/681 970/2723/681 971/2724/681
f 966/2725/682 964/2726/682 968/2727/682
f 966/2725/682 968/2727/682 970/2728/682
f 971/2729/683 969/2730/683 965/2731/683
f 971/2729/683 965/2731/683 967/2732/683
f 975/2733/684 973/2734/684 972/2735/684
f 975/2733/684 972/2735/684 974/2736/684
f 978/2737/685 976/2738/685 977/2739/685
f 978/2737/685 977/2739/685 979/2740/685
f 974/2741/686 972/2742/686 976/2743/686
f 974/2741/686 976/2743/686 978/2744/686
f 979/2745/687 977/2746/687 973/2747/687
f 979/2745/687 973/2747/687 975/2748/687
f 983/2749/688 981/2750/688 980/2751/688
f 983/2749/688 980/2751/688 982/2752/688
f 986/2753/689 984/2754/689 985/2755/689
f 986/2753/689 985/2755/689 987/2756/689
f 982/2757/690 980/2758/690 984/2759/690
f 982/2757/690 984/2759/690 986/2760/690
f 987/2761/691 985/2762/691 981/2763/691
f 987/2761/691 981/2763/691 983/2764/691
f 991/2765/692 989/2766/692 988/2767/692
f 991/2765/692 988/2767/692 990/2768/692
f 994/2769/693 992/2770/693 993/2771/693
f 994/2769/693 993/2771/693 995/2772/693
f 990/2773/694 988/2774/694 992/2775/694
f 990/2773/694 992/2775/694 994/2776/694
f 995/2777/695 993/2778/695 989/2779/695
f 995/2777/695 989/2779/695 991/2780/695
f 981/2781/696 997/2782/696 996/2783/696
f 981/2781/696 996/2783/696 980/2784/696
f 984/2785/697 998/2786/697 999/2787/697
f 984/2785/697 999/2787/697 985/2788/697
f 996/2789/698 997/2790/698 999/2791/698
f 996/2789/698 999/2791/698 998/2792/698
f 980/2793/699 996/2794/699 998/2795/699
f 980/2793/699 998/2795/699 984/2796/699
f 985/2797/700 999/2798/700 997/2799/700
f 985/2797/700 997/2799/700 981/2800/700
f 989/2801/701 1001/2802/701 1000/2803/701
f 989/2801/701 1000/2803/701 988/2804/701
f 992/2805/702 1002/2806/702 1003/2807/702
f 992/2805/702 1003/2807/702 993/2808/702
f 1000/2809/703 1001/2810/703 1003/2811/703
f 1000/2809/703 1003/2811/703 1002/2812/703
f 988/2813/704 1000/2814/704 1002/2815/704
f 988/2813/704 1002/2815/704 992/2816/704
f 993/2817/705 1003/2818/705 1001/2819/705
f 993/2817/705 1001/2819/705 989/2820/705
o door1
v 1.125 -1.5 2
v 1.125 -1.5 1.5
v 1.125 -1.5625 2
v 1.125 -1.5625 1.5
v 0.8125 -1.5 2
v 0.8125 -1.5 1.5
v 0.8125 -1.5625 2
v 0.8125 -1.5625 1.5
vt 0.6875 0.359375
vt 0.671875 0.359375
vt 0.671875 0.484375
vt 0.6875 0.484375
vt 0.6875 0.359375
vt 0.671875 0.359375
vt 0.671875 0.484375
vt 0.6875 0.484375
vt 0.75 0.484375
vt 0.75 0.359375
vt 0.671875 0.359375
vt 0.671875 0.484375
vt 0.75 0.359375
vt 0.75 0.484375
vt 0.671875 0.484375
vt 0.671875 0.359375
vt 0.671875 0.359375
vt 0.671875 0.375
vt 0.75 0.375
vt 0.75 0.359375
vt 0.671875 0.375
vt 0.671875 0.390625
vt 0.75 0.390625
vt 0.75 0.375
vn 1 0 0
vn -1 0 0
vn 0 1 0
vn 0 -1 0
vn 0 0 1
vn 0 0 -1
usemtl weapon_machinegun
f 1007/2821/706 1005/2822/706 1004/2823/706
f 1007/2821/706 1004/2823/706 1006/2824/706
f 1010/2825/707 1008/2826/707 1009/2827/707
f 1010/2825/707 1009/2827/707 1011/2828/707
f 1004/2829/708 1005/2830/708 1009/2831/708
f 1004/2829/708 1009/2831/708 1008/2832/708
f 1007/2833/709 1006/2834/709 1010/2835/709
f 1007/2833/709 1010/2835/709 1011/2836/709
f 1006/2837/710 1004/2838/710 1008/2839/710
f 1006/2837/710 1008/2839/710 1010/2840/710
f 1011/2841/711 1009/2842/711 1005/2843/711
f 1011/2841/711 1005/2843/711 1007/2844/711
o door2
v 0.1875 -1.5 2
v 0.1875 -1.5 1.5
v 0.1875 -1.5625 2
v 0.1875 -1.5625 1.5
v -0.125 -1.5 2
v -0.125 -1.5 1.5
v -0.125 -1.5625 2
v -0.125 -1.5625 1.5
vt 0.6875 0.359375
vt 0.671875 0.359375
vt 0.671875 0.484375
vt 0.6875 0.484375
vt 0.6875 0.359375
vt 0.671875 0.359375
vt 0.671875 0.484375
vt 0.6875 0.484375
vt 0.75 0.484375
vt 0.75 0.359375
vt 0.671875 0.359375
vt 0.671875 0.484375
vt 0.75 0.359375
vt 0.75 0.484375
vt 0.671875 0.484375
vt 0.671875 0.359375
vt 0.671875 0.359375
vt 0.671875 0.375
vt 0.75 0.375
vt 0.75 0.359375
vt 0.671875 0.375
vt 0.671875 0.390625
vt 0.75 0.390625
vt 0.75 0.375
vn 1 0 0
vn -1 0 0
vn 0 1 0
vn 0 -1 0
vn 0 0 1
vn 0 0 -1
usemtl weapon_machinegun
f 1015/2845/712 1013/2846/712 1012/2847/712
f 1015/2845/712 1012/2847/712 1014/2848/712
f 1018/2849/713 1016/2850/713 1017/2851/713
f 1018/2849/713 1017/2851/713 1019/2852/713
f 1012/2853/714 1013/2854/714 1017/2855/714
f 1012/2853/714 1017/2855/714 1016/2856/714
f 1015/2857/715 1014/2858/715 1018/2859/715
f 1015/2857/715 1018/2859/715 1019/2860/715
f 1014/2861/716 1012/2862/716 1016/2863/716
f 1014/2861/716 1016/2863/716 1018/2864/716
f 1019/2865/717 1017/2866/717 1013/2867/717
f 1019/2865/717 1013/2867/717 1015/2868/717