# Made by Pabilo8 with Blockbench
# Exported with IIToolkit Plugin on 28/09/2026
mtllib rocket_launcher.mtl

o base
v -0.6233 -1.875 0.3636
v -0.6233 -2 0.3636
v -0.6233 -1.875 2.5511
v -0.6233 -2 2.5511
v -0.6233 -1.9375 2.6136
v -0.6233 -1.875 1.5511
v 1.6267 -2 2.5511
v 1.6267 -1.875 1.5511
v 1.6267 -1.875 2.5511
v 1.6267 -1.9375 2.6136
v 1.6267 -1.875 0.3636
v 1.6267 -2 0.3636
v -0.6233 -2.75 0.3636
v 1.6267 -2.75 0.3636
v -0.6233 -2.75 1.5511
v 1.6267 -2.75 1.5511
v 0.5017 -2.75 0.3636
v 0.5017 -2.75 1.5511
v -0.5608 -2.0625 0.3636
v -0.5608 -2.6875 0.3636
v 1.0642 -2.6875 0.3636
v 1.0642 -2.0625 0.3636
v 1.1267 -2.6875 0.3636
v 1.5017 -2.6875 0.3636
v 1.5017 -2.0625 0.3636
v 1.1267 -2.0625 0.3636
v -0.5608 -2.0652 0.3853
v -0.5608 -2.6848 0.4669
v 1.0642 -2.6848 0.4669
v 1.0642 -2.0652 0.3853
v 1.1267 -2.0625 0.4261
v 1.1267 -2.6875 0.4261
v 1.5017 -2.0625 0.4261
v 1.5017 -2.6875 0.4261
v -0.6233 -2.6875 1.5518
v 1.6267 -2.6875 1.5518
v -0.6233 -2.6875 2.7386
v 1.6267 -2.6875 2.7386
v -0.6233 -2.75 2.7386
v 1.6267 -2.75 2.7386
v 0.5017 -2.75 2.7386
v 0.5017 -2.6875 2.7386
v 1.2517 -2.6875 1.5525
v 1.4392 -2.6875 1.5525
v 1.2517 -2.625 1.5518
v 1.4392 -2.625 1.5525
v -0.4358 -2.6875 1.5525
v -0.2483 -2.6875 1.5525
v -0.4358 -2.625 1.5525
v -0.2483 -2.625 1.5518
v 1.4392 -2.6875 2.7386
v 1.4392 -2.625 2.7386
v -0.4358 -2.6875 2.7386
v -0.4358 -2.625 2.7386
v -0.2483 -2.6875 2.7386
v 1.2517 -2.6875 2.7386
v -0.2483 -2.625 2.7386
v 1.2517 -2.625 2.7386
v 0.5017 -2.625 2.7386
v 0.5017 -2.625 1.5511
v -0.6233 -2.625 1.5518
v -0.6233 -2.625 2.7386
v 1.6267 -2.625 2.7386
v 1.6267 -2.625 1.5518
v 1.5642 -2 1.5511
v 1.5642 -2.625 1.5511
v 1.5642 -2.0008 2.6136
v 1.5642 -2.625 2.6136
v 1.6267 -2.625 2.6136
v 1.6267 -2 1.5511
v 0.5017 -2 1.5511
v 0.5017 -2.0005 2.6136
v 1.6267 -2 2.6136
v -0.6233 -2 2.6136
v -0.6233 -2 1.5511
v 0.5017 -1.9375 2.6136
v 0.5017 -1.875 2.5511
v -0.5608 -2.0016 2.4886
v 1.5642 -2.0016 2.4886
v -0.5608 -2.0008 2.6136
v 0.5017 -2.0016 2.4886
v 0.5017 -1.875 0.3636
v 0.5017 -1.875 1.5511
v -0.5608 -2 1.5511
v -0.5608 -2.625 1.5511
v -0.6233 -2.625 2.6136
v -0.5608 -2.625 2.6136
v -0.2483 -1.8719 0.6761
v 1.2517 -1.8719 0.6761
v -0.2483 -1.8719 2.1761
v 1.2517 -1.8719 2.1761
vt 0.5625 0.2344
vt 0.5625 0.7969
vt 0.5938 0.7969
vt 0.5938 0.2344
vt 0.4844 0.2344
vt 0.4844 0.2031
vt 0.2344 0.2031
vt 0.2344 0.2344
vt 0.2188 0.375
vt 0.2344 0.375
vt 0.2344 0.0938
vt 0.2188 0.0938
vt 0.1875 0.375
vt 0.2188 0.375
vt 0.2188 0.0938
vt 0.1875 0.0938
vt 0.5 0.2344
vt 0.4844 0.25
vt 0.4844 0.2188
vt 0.5 0.2188
vt 0.2969 0.2031
vt 0.2969 0.2344
vt 0 0.2344
vt 0 0.2031
vt 0.2344 0.2031
vt 0.4844 0.2031
vt 0.4844 0.2344
vt 0.2344 0.2344
vt 0.4844 0.2188
vt 0.4844 0.25
vt 0.5 0.2344
vt 0.5 0.2188
vt 0 0.2344
vt 0.2969 0.2344
vt 0.2969 0.2031
vt 0 0.2031
vt 0.1875 0.0938
vt 0 0.0938
vt 0 0.375
vt 0.1875 0.375
vt 0.75 0.7188
vt 0.4531 0.7188
vt 0.4531 1
vt 0.75 1
vt 0.2969 0.1875
vt 0 0.1875
vt 0 0
vt 0.2969 0
vt 0 0.1875
vt 0.2969 0.1875
vt 0.2969 0
vt 0 0
vt 0.4531 0.5313
vt 0.75 0.5313
vt 0.75 0.25
vt 0.4531 0.25
vt 0 0.0938
vt 0.1875 0.0938
vt 0.1875 0.375
vt 0 0.375
vt 0.7656 0.6563
vt 0.7656 0.25
vt 0.6094 0.25
vt 0.6094 0.6563
vt 0.7656 0.6563
vt 0.6094 0.6563
vt 0.6094 0.6719
vt 0.7656 0.6719
vt 0.7656 0.7656
vt 0.6094 0.7656
vt 0.5938 0.7969
vt 0.7813 0.7969
vt 0.7656 0.6719
vt 0.6094 0.6719
vt 0.6094 0.7656
vt 0.7656 0.7656
vt 0.7813 0.2344
vt 0.5938 0.2344
vt 0.6094 0.25
vt 0.7656 0.25
vt 0.6094 0.7656
vt 0.6094 0.25
vt 0.5938 0.2344
vt 0.5938 0.7969
vt 0.7813 0.7969
vt 0.7813 0.2344
vt 0.7656 0.25
vt 0.7656 0.7656
vt 0.6094 0.2344
vt 0.6094 0.25
vt 0.7656 0.25
vt 0.7656 0.2344
vt 0.7813 0.25
vt 0.7656 0.25
vt 0.7656 0.6563
vt 0.7813 0.6563
vt 0.7656 0.6719
vt 0.7656 0.6563
vt 0.6094 0.6563
vt 0.6094 0.6719
vt 0.6094 0.25
vt 0.5938 0.25
vt 0.5938 0.6563
vt 0.6094 0.6563
vt 0.6094 0.6719
vt 0.5938 0.6719
vt 0.5938 0.7656
vt 0.6094 0.7656
vt 0.6094 0.6719
vt 0.6094 0.6563
vt 0.7656 0.6563
vt 0.7656 0.6719
vt 0.7813 0.6719
vt 0.7656 0.6719
vt 0.7656 0.7656
vt 0.7813 0.7656
vt 0.7656 0.7813
vt 0.7656 0.7656
vt 0.6094 0.7656
vt 0.6094 0.7813
vt 0.0156 0.7188
vt 0 0.7188
vt 0 1
vt 0.0156 1
vt 0.2969 0.7188
vt 0 0.7188
vt 0 1
vt 0.2969 1
vt 0 1
vt 0.2969 1
vt 0.2969 0.9844
vt 0 0.9844
vt 0 0.2656
vt 0.2969 0.2656
vt 0.2969 0.25
vt 0 0.25
vt 0 0.5313
vt 0.2969 0.5313
vt 0.2969 0.25
vt 0 0.25
vt 0 0.5313
vt 0.0156 0.5313
vt 0.0156 0.25
vt 0 0.25
vt 0.9531 0.4844
vt 0.9531 0.4688
vt 1 0.4688
vt 1 0.4844
vt 1 0.4844
vt 1 0.4688
vt 0.9531 0.4688
vt 0.9531 0.4844
vt 0.9531 0.8281
vt 0.9688 0.8281
vt 0.9688 0.4688
vt 0.9531 0.4688
vt 0.9531 0.8281
vt 0.9688 0.8281
vt 0.9688 0.4688
vt 0.9531 0.4688
vt 1 0.8281
vt 0.9531 0.8281
vt 0.9531 0.4688
vt 1 0.4688
vt 0.9531 0.8281
vt 1 0.8281
vt 1 0.4688
vt 0.9531 0.4688
vt 0.1875 0.2656
vt 0.1875 0.25
vt 0 0.25
vt 0 0.2656
vt 0.7344 0.6094
vt 0.75 0.6094
vt 0.75 0.25
vt 0.7344 0.25
vt 0 0.6094
vt 0.0156 0.6094
vt 0.0156 0.25
vt 0 0.25
vt 0.5625 0.25
vt 0.5625 0.2656
vt 0.75 0.2656
vt 0.75 0.25
vt 0 0.5156
vt 0.1875 0.5156
vt 0.1875 0.25
vt 0 0.25
vt 0.5625 0.5156
vt 0.75 0.5156
vt 0.75 0.25
vt 0.5625 0.25
vt 0.3906 0.0156
vt 0.3906 0.0313
vt 0.0313 0.0313
vt 0.0313 0.0156
vt 0.3906 0.0156
vt 0.3906 0.0313
vt 0.0313 0.0313
vt 0.0313 0.0156
vt 0.8438 0.2503
vt 0.8438 0.5469
vt 0.8906 0.5469
vt 0.8906 0.2503
vt 0.8438 0.2503
vt 0.8438 0.5469
vt 0.8906 0.5469
vt 0.8906 0.2503
vt 0.4844 0.1875
vt 0.5 0.1875
vt 0.5 0.0313
vt 0.4844 0.0313
vt 0 0.7656
vt 0.25 0.7656
vt 0.25 0.75
vt 0 0.75
vt 0.5 0.1875
vt 0.25 0.1875
vt 0.25 0.0313
vt 0.5 0.0313
vt 0.25 0.1875
vt 0.5 0.1875
vt 0.5 0.0313
vt 0.25 0.0313
vt 0.2656 0.7188
vt 0 0.7188
vt 0 1
vt 0.2656 1
vt 0 0.5313
vt 0.2656 0.5313
vt 0.2656 0.25
vt 0 0.25
vt 0.2344 0.0938
vt 0.2188 0.0938
vt 0.2188 0.375
vt 0.2344 0.375
vt 0.2188 0.0938
vt 0.1875 0.0938
vt 0.1875 0.375
vt 0.2188 0.375
vt 0.25 0.0781
vt 0.2188 0.0781
vt 0.2188 0.3438
vt 0.25 0.3438
vt 0.2188 0.3594
vt 0.25 0.3594
vt 0.25 0.0938
vt 0.2188 0.0938
vt 0.4531 1
vt 0.4531 0.7188
vt 0.75 0.7188
vt 0.75 1
vt 0.75 0.25
vt 0.75 0.5313
vt 0.4531 0.5313
vt 0.4531 0.25
vt 0 1
vt 0 0.7188
vt 0.25 0.7188
vt 0.25 1
vt 0.25 0.25
vt 0.25 0.5313
vt 0 0.5313
vt 0 0.25
vt 0.4844 0.1875
vt 0.5 0.1875
vt 0.5 0.0313
vt 0.4844 0.0313
vt 0 0.7656
vt 0.25 0.7656
vt 0.25 0.75
vt 0 0.75
vt 0.5 0.1875
vt 0.25 0.1875
vt 0.25 0.0313
vt 0.5 0.0313
vt 0.25 0.1875
vt 0.5 0.1875
vt 0.5 0.0313
vt 0.25 0.0313
vt 0 1
vt 0.375 1
vt 0.375 0.625
vt 0 0.625
vn 0 0 -1
vn -1 0 0
vn 0 0 1
vn 0 0.71 0.71
vn -1 0 0
vn -1 0 0
vn 1 0 0
vn 1 0 0
vn 1 0 0
vn 0 0 1
vn 0 -1 0
vn -1 0 0
vn 1 0 0
vn 0 -1 0
vn 0 0 1
vn 0 -0.13 -0.99
vn 0 0 -1
vn 0 0 -1
vn 0 0 -1
vn 0 0 -1
vn 0 0 -1
vn 0 0 -1
vn 1 0 0
vn 0 1 -0.03
vn -1 0 0
vn 0 -0.99 -0.12
vn 0 -1 0
vn 1 0 0
vn 0 1 0
vn -1 0 0
vn 0 0 1
vn 0 -1 0
vn -1 0 0
vn 1 0 0
vn 0 -1 0
vn 0 0 1
vn 0 0 1
vn 0 0 1
vn -1 0 0
vn 1 0 0
vn 0 1 0
vn 0 1 0
vn 0 0 1
vn -1 0 0
vn 1 0 0
vn 0 0 1
vn 0 1 0
vn 0 1 0
vn -1 0 0
vn 1 0 0
vn 0 1 0
vn 0 1 0
vn 0 0 1
vn 0 -1 0
vn -1 0 0
vn 1 0 0
vn 0 -1 0
vn 0 -1 0
vn 0 0 1
vn 0 0.71 0.71
vn 0 -1 0.01
vn 0 -1 0.01
vn 0 1 0
vn 0 1 0
vn 0 1 0
vn 0 1 0
vn 0 0 1
vn 0 -1 0
vn -1 0 0
vn 1 0 0
vn 0 1 0
usemtl weapon_rocket_launcher2
f 1/1/1 11/2/1 12/3/1
f 1/1/1 12/3/1 2/4/1
usemtl common_bottom
f 6/5/2 75/6/2 4/7/2
f 6/5/2 4/7/2 3/8/2
usemtl weapon_rocket_launcher
f 76/9/3 72/10/3 73/11/3
f 76/9/3 73/11/3 10/12/3
f 77/13/4 76/14/4 10/15/4
f 77/13/4 10/15/4 9/16/4
usemtl common_bottom
f 5/17/5 3/18/5 4/19/5
f 5/17/5 4/19/5 74/20/5
f 75/21/6 6/22/6 1/23/6
f 75/21/6 1/23/6 2/24/6
f 7/25/7 70/26/7 8/27/7
f 7/25/7 8/27/7 9/28/7
f 7/29/8 9/30/8 10/31/8
f 7/29/8 10/31/8 73/32/8
f 11/33/9 8/34/9 70/35/9
f 11/33/9 70/35/9 12/36/9
usemtl weapon_rocket_launcher
f 18/37/10 71/38/10 75/39/10
f 18/37/10 75/39/10 15/40/10
usemtl common_bottom
f 17/41/11 18/42/11 15/43/11
f 17/41/11 15/43/11 13/44/11
f 75/45/12 2/46/12 13/47/12
f 75/45/12 13/47/12 15/48/12
f 12/49/13 70/50/13 16/51/13
f 12/49/13 16/51/13 14/52/13
f 18/53/14 17/54/14 14/55/14
f 18/53/14 14/55/14 16/56/14
usemtl weapon_rocket_launcher
f 71/57/15 18/58/15 16/59/15
f 71/57/15 16/59/15 70/60/15
usemtl weapon_rocket_launcher2
f 29/61/16 28/62/16 27/63/16
f 29/61/16 27/63/16 30/64/16
f 21/65/17 22/66/17 26/67/17
f 21/65/17 26/67/17 23/68/17
f 24/69/18 25/70/18 12/71/18
f 24/69/18 12/71/18 14/72/18
f 32/73/19 31/74/19 33/75/19
f 32/73/19 33/75/19 34/76/19
f 13/77/20 2/78/20 19/79/20
f 13/77/20 19/79/20 20/80/20
f 25/81/21 19/82/21 2/83/21
f 25/81/21 2/83/21 12/84/21
f 14/85/22 13/86/22 20/87/22
f 14/85/22 20/87/22 24/88/22
f 19/89/23 27/90/23 28/91/23
f 19/89/23 28/91/23 20/92/23
f 20/93/24 28/94/24 29/95/24
f 20/93/24 29/95/24 21/96/24
f 21/97/25 29/98/25 30/99/25
f 21/97/25 30/99/25 22/100/25
f 22/101/26 30/102/26 27/103/26
f 22/101/26 27/103/26 19/104/26
f 25/105/27 33/106/27 31/107/27
f 25/105/27 31/107/27 26/108/27
f 26/109/28 31/110/28 32/111/28
f 26/109/28 32/111/28 23/112/28
f 23/113/29 32/114/29 34/115/29
f 23/113/29 34/115/29 24/116/29
f 24/117/30 34/118/30 33/119/30
f 24/117/30 33/119/30 25/120/30
usemtl common_bottom
f 41/121/31 42/122/31 37/123/31
f 41/121/31 37/123/31 39/124/31
f 18/125/32 41/126/32 39/127/32
f 18/125/32 39/127/32 15/128/32
f 37/129/33 35/130/33 15/131/33
f 37/129/33 15/131/33 39/132/33
f 36/133/34 38/134/34 40/135/34
f 36/133/34 40/135/34 16/136/34
f 41/137/35 18/138/35 16/139/35
f 41/137/35 16/139/35 40/140/35
f 42/141/36 41/142/36 40/143/36
f 42/141/36 40/143/36 38/144/36
usemtl common_iron
f 52/145/37 51/146/37 38/147/37
f 52/145/37 38/147/37 63/148/37
f 62/149/38 37/150/38 53/151/38
f 62/149/38 53/151/38 54/152/38
f 46/153/39 44/154/39 51/155/39
f 46/153/39 51/155/39 52/156/39
f 47/157/40 49/158/40 54/159/40
f 47/157/40 54/159/40 53/160/40
f 64/161/41 46/162/41 52/163/41
f 64/161/41 52/163/41 63/164/41
f 49/165/42 61/166/42 62/167/42
f 49/165/42 62/167/42 54/168/42
f 59/169/43 42/170/43 56/171/43
f 59/169/43 56/171/43 58/172/43
f 50/173/44 48/174/44 55/175/44
f 50/173/44 55/175/44 57/176/44
f 43/177/45 45/178/45 58/179/45
f 43/177/45 58/179/45 56/180/45
f 42/181/46 59/182/46 57/183/46
f 42/181/46 57/183/46 55/184/46
f 45/185/47 60/186/47 59/187/47
f 45/185/47 59/187/47 58/188/47
f 60/189/48 50/190/48 57/191/48
f 60/189/48 57/191/48 59/192/48
usemtl common_bottom
f 61/193/49 35/194/49 37/195/49
f 61/193/49 37/195/49 62/196/49
f 36/197/50 64/198/50 63/199/50
f 36/197/50 63/199/50 38/200/50
usemtl common_rough_steel
f 51/201/51 44/202/51 43/203/51
f 51/201/51 43/203/51 56/204/51
f 55/205/52 48/206/52 47/207/52
f 55/205/52 47/207/52 53/208/52
usemtl common_bottom
f 73/209/53 67/210/53 68/211/53
f 73/209/53 68/211/53 69/212/53
f 68/213/54 66/214/54 64/215/54
f 68/213/54 64/215/54 69/216/54
f 67/217/55 65/218/55 66/219/55
f 67/217/55 66/219/55 68/220/55
f 70/221/56 73/222/56 69/223/56
f 70/221/56 69/223/56 64/224/56
usemtl common_rough_steel
f 71/225/57 72/226/57 74/227/57
f 71/225/57 74/227/57 75/228/57
f 72/229/58 71/230/58 70/231/58
f 72/229/58 70/231/58 73/232/58
usemtl weapon_rocket_launcher
f 72/233/59 76/234/59 5/235/59
f 72/233/59 5/235/59 74/236/59
f 76/237/60 77/238/60 3/239/60
f 76/237/60 3/239/60 5/240/60
f 81/241/61 72/242/61 80/243/61
f 81/241/61 80/243/61 78/244/61
f 72/245/62 81/246/62 79/247/62
f 72/245/62 79/247/62 67/248/62
usemtl common_bottom
f 6/249/63 83/250/63 82/251/63
f 6/249/63 82/251/63 1/252/63
f 11/253/64 82/254/64 83/255/64
f 11/253/64 83/255/64 8/256/64
f 3/257/65 77/258/65 83/259/65
f 3/257/65 83/259/65 6/260/65
f 8/261/66 83/262/66 77/263/66
f 8/261/66 77/263/66 9/264/66
f 80/265/67 74/266/67 86/267/67
f 80/265/67 86/267/67 87/268/67
f 86/269/68 61/270/68 85/271/68
f 86/269/68 85/271/68 87/272/68
f 74/273/69 75/274/69 61/275/69
f 74/273/69 61/275/69 86/276/69
f 84/277/70 80/278/70 87/279/70
f 84/277/70 87/279/70 85/280/70
usemtl weapon_rocket_launcher2
f 91/281/71 89/282/71 88/283/71
f 91/281/71 88/283/71 90/284/71
o turret
v -0.1858 -1.8125 0.8011
v 1.1892 -1.8125 0.8011
v -0.1858 -1.9375 0.8011
v 1.1892 -1.9375 0.8011
v -0.1858 -1.8125 2.1761
v 1.1892 -1.8125 2.1761
v -0.1858 -1.9375 2.1761
v 1.1892 -1.9375 2.1761
v -0.7483 -1.6875 0.7386
v 1.7517 -1.6875 0.7386
v -0.7483 -1.8125 0.7386
v 1.7517 -1.8125 0.7386
v -0.7483 -1.6875 2.2386
v 1.7517 -1.6875 2.2386
v -0.7483 -1.8125 2.2386
v 1.7517 -1.8125 2.2386
v 0.5017 -1.6875 0.7386
v 0.5017 -1.6875 2.2386
v 0.5017 -1.8125 2.2386
v 0.5017 -1.8125 0.7386
v 0.5017 -1.6875 1.4886
v 1.7517 -1.6875 1.4886
v 1.7517 -1.8125 1.4886
v 0.5017 -1.8125 1.4886
v -0.7483 -1.8125 1.4886
v -0.7483 -1.6875 1.4886
v -0.7483 -0.1875 0.8636
v -0.6858 -0.1875 0.8636
v -0.6858 -1.6875 0.7386
v -0.7483 -0.1875 2.1136
v -0.6858 -0.1875 2.1136
v -0.6858 -1.6875 2.2386
v -0.6858 -0.3125 2.2386
v -0.6858 -0.3125 0.7386
v -0.7483 -0.3125 0.7386
v -0.7483 -0.3125 2.2386
v -0.6858 -0.3125 1.4886
v -0.6858 -1.6875 1.4886
v -0.7483 -0.3125 1.4886
v -0.7483 -0.1875 1.4886
v -0.6858 -0.1875 1.4886
v -0.6858 -0.875 1.4886
v -0.6858 -0.875 0.7386
v -0.7483 -0.875 0.7386
v -0.7483 -0.875 1.4886
v -0.7483 -0.875 2.2386
v -0.6858 -0.875 2.2386
v 1.6892 -0.1875 0.8636
v 1.7517 -0.1875 0.8636
v 1.6892 -1.6875 0.7386
v 1.6892 -0.1875 2.1136
v 1.7517 -0.1875 2.1136
v 1.6892 -1.6875 2.2386
v 1.7517 -0.3125 2.2386
v 1.7517 -0.3125 0.7386
v 1.6892 -0.3125 0.7386
v 1.6892 -0.3125 2.2386
v 1.7517 -0.3125 1.4886
v 1.6892 -1.6875 1.4886
v 1.6892 -0.3125 1.4886
v 1.6892 -0.1875 1.4886
v 1.7517 -0.1875 1.4886
v 1.7517 -0.875 1.4886
v 1.7517 -0.875 0.7386
v 1.6892 -0.875 0.7386
v 1.6892 -0.875 1.4886
v 1.6892 -0.875 2.2386
v 1.7517 -0.875 2.2386
vt 0.0156 1
vt 0.3594 1
vt 0.3594 0.9688
vt 0.0156 0.9688
vt 0.0156 1
vt 0.3594 1
vt 0.3594 0.9688
vt 0.0156 0.9688
vt 0.0156 1
vt 0.3594 1
vt 0.3594 0.9688
vt 0.0156 0.9688
vt 0.0156 1
vt 0.3594 1
vt 0.3594 0.9688
vt 0.0156 0.9688
vt 0.3125 0.9688
vt 0.3125 1
vt 0.625 1
vt 0.625 0.9688
vt 0.3125 1
vt 0.3125 0.9688
vt 0 0.9688
vt 0 1
vt 0.5625 0.6875
vt 0.5625 1
vt 0.75 1
vt 0.75 0.6875
vt 0.5625 0.25
vt 0.5625 0.5625
vt 0.75 0.5625
vt 0.75 0.25
vt 0.1875 0.9688
vt 0.1875 1
vt 0.375 1
vt 0.375 0.9688
vt 0.1875 1
vt 0.1875 0.9688
vt 0 0.9688
vt 0 1
vt 0.5625 0.25
vt 0.5625 0.5625
vt 0.75 0.5625
vt 0.75 0.25
vt 0.3125 0.9688
vt 0.3125 1
vt 0.625 1
vt 0.625 0.9688
vt 0.5625 0.6875
vt 0.5625 1
vt 0.75 1
vt 0.75 0.6875
vt 0.3125 1
vt 0.3125 0.9688
vt 0 0.9688
vt 0 1
vt 0.1875 1
vt 0.1875 0.6875
vt 0 0.6875
vt 0 1
vt 0.1875 0.9688
vt 0.1875 1
vt 0.375 1
vt 0.375 0.9688
vt 0.1875 0.5625
vt 0.1875 0.25
vt 0 0.25
vt 0 0.5625
vt 0.1875 1
vt 0.1875 0.6875
vt 0 0.6875
vt 0 1
vt 0.1875 1
vt 0.1875 0.9688
vt 0 0.9688
vt 0 1
vt 0.1875 0.5625
vt 0.1875 0.25
vt 0 0.25
vt 0 0.5625
vt 0.0781 0.5027
vt 0.0625 0.5027
vt 0.0625 0.5469
vt 0.0781 0.5469
vt 0.375 0.5027
vt 0.3594 0.5027
vt 0.3594 0.5469
vt 0.375 0.5469
vt 0.0625 0.5313
vt 0.0625 0.5469
vt 0.2188 0.5469
vt 0.2188 0.5313
vt 0.2031 0.5156
vt 0.2031 0.5469
vt 0.3594 0.5469
vt 0.3906 0.5156
vt 0.2344 0.5469
vt 0.2344 0.5156
vt 0.0469 0.5156
vt 0.0781 0.5469
vt 0.2344 0.375
vt 0.0469 0.375
vt 0.0469 0.5156
vt 0.2344 0.5156
vt 0.0625 0.375
vt 0.0469 0.375
vt 0.0469 0.5156
vt 0.0625 0.5156
vt 0.3906 0.375
vt 0.2031 0.375
vt 0.2031 0.5156
vt 0.3906 0.5156
vt 0.3906 0.375
vt 0.375 0.375
vt 0.375 0.5156
vt 0.3906 0.5156
vt 0.3906 0.375
vt 0.2031 0.375
vt 0.2031 0.5156
vt 0.3906 0.5156
vt 0.2344 0.375
vt 0.0469 0.375
vt 0.0469 0.5156
vt 0.2344 0.5156
vt 0.2344 0.5469
vt 0.2344 0.5156
vt 0.0469 0.5156
vt 0.0781 0.5469
vt 0.375 0.5469
vt 0.375 0.5313
vt 0.2188 0.5313
vt 0.2188 0.5469
vt 0.2031 0.5156
vt 0.2031 0.5469
vt 0.3594 0.5469
vt 0.3906 0.5156
vt 0.75 0.4531
vt 0.9375 0.4531
vt 0.9375 0.25
vt 0.75 0.25
vt 0.75 0.4531
vt 0.7656 0.4531
vt 0.7656 0.25
vt 0.75 0.25
vt 0.8125 0.4531
vt 1 0.4531
vt 1 0.25
vt 0.8125 0.25
vt 0.75 0.4531
vt 0.9375 0.4531
vt 0.9375 0.25
vt 0.75 0.25
vt 0.9844 0.4531
vt 1 0.4531
vt 1 0.25
vt 0.9844 0.25
vt 0.8125 0.4531
vt 1 0.4531
vt 1 0.25
vt 0.8125 0.25
vt 0.0781 0.5027
vt 0.0625 0.5027
vt 0.0625 0.5469
vt 0.0781 0.5469
vt 0.375 0.5027
vt 0.3594 0.5027
vt 0.3594 0.5469
vt 0.375 0.5469
vt 0.0625 0.5313
vt 0.0625 0.5469
vt 0.2188 0.5469
vt 0.2188 0.5313
vt 0.2031 0.5156
vt 0.2031 0.5469
vt 0.3594 0.5469
vt 0.3906 0.5156
vt 0.2344 0.5469
vt 0.2344 0.5156
vt 0.0469 0.5156
vt 0.0781 0.5469
vt 0.2344 0.375
vt 0.0469 0.375
vt 0.0469 0.5156
vt 0.2344 0.5156
vt 0.0625 0.375
vt 0.0469 0.375
vt 0.0469 0.5156
vt 0.0625 0.5156
vt 0.3906 0.375
vt 0.2031 0.375
vt 0.2031 0.5156
vt 0.3906 0.5156
vt 0.3906 0.375
vt 0.375 0.375
vt 0.375 0.5156
vt 0.3906 0.5156
vt 0.3906 0.375
vt 0.2031 0.375
vt 0.2031 0.5156
vt 0.3906 0.5156
vt 0.2344 0.375
vt 0.0469 0.375
vt 0.0469 0.5156
vt 0.2344 0.5156
vt 0.2344 0.5469
vt 0.2344 0.5156
vt 0.0469 0.5156
vt 0.0781 0.5469
vt 0.375 0.5469
vt 0.375 0.5313
vt 0.2188 0.5313
vt 0.2188 0.5469
vt 0.2031 0.5156
vt 0.2031 0.5469
vt 0.3594 0.5469
vt 0.3906 0.5156
vt 0.75 0.4531
vt 0.9375 0.4531
vt 0.9375 0.25
vt 0.75 0.25
vt 0.75 0.4531
vt 0.7656 0.4531
vt 0.7656 0.25
vt 0.75 0.25
vt 0.8125 0.4531
vt 1 0.4531
vt 1 0.25
vt 0.8125 0.25
vt 0.75 0.4531
vt 0.9375 0.4531
vt 0.9375 0.25
vt 0.75 0.25
vt 0.9844 0.4531
vt 1 0.4531
vt 1 0.25
vt 0.9844 0.25
vt 0.8125 0.4531
vt 1 0.4531
vt 1 0.25
vt 0.8125 0.25
vn 0 0 -1
vn 0 0 1
vn -1 0 0
vn 1 0 0
vn 0 0 -1
vn 0 0 1
vn 0 1 0
vn 0 -1 0
vn -1 0 0
vn 1 0 0
vn 0 1 0
vn 0 0 1
vn 0 -1 0
vn 0 0 -1
vn 0 1 0
vn 1 0 0
vn 0 -1 0
vn 0 -1 0
vn -1 0 0
vn 0 1 0
vn 0 0.71 -0.71
vn 0 0.71 0.71
vn 0 1 0
vn -1 0 0
vn 1 0 0
vn 1 0 0
vn 0 0 -1
vn -1 0 0
vn 0 0 1
vn 1 0 0
vn -1 0 0
vn -1 0 0
vn 0 1 0
vn 1 0 0
vn 1 0 0
vn 0 0 -1
vn -1 0 0
vn -1 0 0
vn 0 0 1
vn 1 0 0
vn 0 0.71 -0.71
vn 0 0.71 0.71
vn 0 1 0
vn -1 0 0
vn 1 0 0
vn 1 0 0
vn 0 0 -1
vn -1 0 0
vn 0 0 1
vn 1 0 0
vn -1 0 0
vn -1 0 0
vn 0 1 0
vn 1 0 0
vn 1 0 0
vn 0 0 -1
vn -1 0 0
vn -1 0 0
vn 0 0 1
vn 1 0 0
usemtl weapon_rocket_launcher
f 92/285/72 93/286/72 95/287/72
f 92/285/72 95/287/72 94/288/72
f 97/289/73 96/290/73 98/291/73
f 97/289/73 98/291/73 99/292/73
f 96/293/74 92/294/74 94/295/74
f 96/293/74 94/295/74 98/296/74
f 93/297/75 97/298/75 99/299/75
f 93/297/75 99/299/75 95/300/75
usemtl common_rough_steel
f 111/301/76 108/302/76 101/303/76
f 111/301/76 101/303/76 103/304/76
f 109/305/77 110/306/77 107/307/77
f 109/305/77 107/307/77 105/308/77
f 112/309/78 113/310/78 101/311/78
f 112/309/78 101/311/78 108/312/78
f 114/313/79 115/314/79 111/315/79
f 114/313/79 111/315/79 103/316/79
f 116/317/80 117/318/80 100/319/80
f 116/317/80 100/319/80 102/320/80
f 113/321/81 114/322/81 103/323/81
f 113/321/81 103/323/81 101/324/81
f 117/325/82 112/326/82 108/327/82
f 117/325/82 108/327/82 100/328/82
f 110/329/83 109/330/83 104/331/83
f 110/329/83 104/331/83 106/332/83
f 115/333/84 116/334/84 102/335/84
f 115/333/84 102/335/84 111/336/84
f 108/337/85 111/338/85 102/339/85
f 108/337/85 102/339/85 100/340/85
f 113/341/86 112/342/86 109/343/86
f 113/341/86 109/343/86 105/344/86
f 114/345/87 113/346/87 105/347/87
f 114/345/87 105/347/87 107/348/87
f 115/349/88 114/350/88 107/351/88
f 115/349/88 107/351/88 110/352/88
f 116/353/89 115/354/89 110/355/89
f 116/353/89 110/355/89 106/356/89
f 117/357/90 116/358/90 106/359/90
f 117/357/90 106/359/90 104/360/90
f 112/361/91 117/362/91 104/363/91
f 112/361/91 104/363/91 109/364/91
usemtl weapon_rocket_launcher
f 125/365/92 126/366/92 118/367/92
f 125/365/92 118/367/92 119/368/92
f 127/369/93 124/370/93 122/371/93
f 127/369/93 122/371/93 121/372/93
f 131/373/94 132/374/94 119/375/94
f 131/373/94 119/375/94 118/376/94
f 130/377/95 131/378/95 118/379/95
f 130/377/95 118/379/95 126/380/95
f 132/381/96 128/382/96 125/383/96
f 132/381/96 125/383/96 119/384/96
f 133/385/97 134/386/97 125/387/97
f 133/385/97 125/387/97 128/388/97
f 134/389/98 135/390/98 126/391/98
f 134/389/98 126/391/98 125/392/98
f 135/393/99 136/394/99 130/395/99
f 135/393/99 130/395/99 126/396/99
f 137/397/100 138/398/100 124/399/100
f 137/397/100 124/399/100 127/400/100
f 138/401/101 133/402/101 128/403/101
f 138/401/101 128/403/101 124/404/101
f 136/405/102 137/406/102 127/407/102
f 136/405/102 127/407/102 130/408/102
f 131/409/103 130/410/103 127/411/103
f 131/409/103 127/411/103 121/412/103
f 132/413/104 131/414/104 121/415/104
f 132/413/104 121/415/104 122/416/104
f 128/417/105 132/418/105 122/419/105
f 128/417/105 122/419/105 124/420/105
usemtl common_rough_steel
f 134/421/106 133/422/106 129/423/106
f 134/421/106 129/423/106 120/424/106
f 135/425/107 134/426/107 120/427/107
f 135/425/107 120/427/107 100/428/107
f 136/429/108 135/430/108 100/431/108
f 136/429/108 100/431/108 117/432/108
f 137/433/109 136/434/109 117/435/109
f 137/433/109 117/435/109 104/436/109
f 138/437/110 137/438/110 104/439/110
f 138/437/110 104/439/110 123/440/110
f 133/441/111 138/442/111 123/443/111
f 133/441/111 123/443/111 129/444/111
usemtl weapon_rocket_launcher
f 146/445/112 147/446/112 139/447/112
f 146/445/112 139/447/112 140/448/112
f 148/449/113 145/450/113 143/451/113
f 148/449/113 143/451/113 142/452/113
f 152/453/114 153/454/114 140/455/114
f 152/453/114 140/455/114 139/456/114
f 151/457/115 152/458/115 139/459/115
f 151/457/115 139/459/115 147/460/115
f 153/461/116 149/462/116 146/463/116
f 153/461/116 146/463/116 140/464/116
f 154/465/117 155/466/117 146/467/117
f 154/465/117 146/467/117 149/468/117
f 155/469/118 156/470/118 147/471/118
f 155/469/118 147/471/118 146/472/118
f 156/473/119 157/474/119 151/475/119
f 156/473/119 151/475/119 147/476/119
f 158/477/120 159/478/120 145/479/120
f 158/477/120 145/479/120 148/480/120
f 159/481/121 154/482/121 149/483/121
f 159/481/121 149/483/121 145/484/121
f 157/485/122 158/486/122 148/487/122
f 157/485/122 148/487/122 151/488/122
f 152/489/123 151/490/123 148/491/123
f 152/489/123 148/491/123 142/492/123
f 153/493/124 152/494/124 142/495/124
f 153/493/124 142/495/124 143/496/124
f 149/497/125 153/498/125 143/499/125
f 149/497/125 143/499/125 145/500/125
usemtl common_rough_steel
f 155/501/126 154/502/126 113/503/126
f 155/501/126 113/503/126 101/504/126
f 156/505/127 155/506/127 101/507/127
f 156/505/127 101/507/127 141/508/127
f 157/509/128 156/510/128 141/511/128
f 157/509/128 141/511/128 150/512/128
f 158/513/129 157/514/129 150/515/129
f 158/513/129 150/515/129 144/516/129
f 159/517/130 158/518/130 144/519/130
f 159/517/130 144/519/130 105/520/130
f 154/521/131 159/522/131 105/523/131
f 154/521/131 105/523/131 113/524/131
o projector
v 1.5642 -1.2522 0.5578
v 1.6267 -1.2522 0.5578
v 1.5642 -1.2522 2.2453
v 1.6267 -1.2522 2.2453
v 1.5642 0.1228 0.5578
v 1.6267 0.1228 0.5578
v 1.5642 0.1228 2.2453
v 1.6267 0.1228 2.2453
v -0.6233 -1.2522 0.5578
v -0.5608 -1.2522 0.5578
v -0.6233 -1.2522 2.2453
v -0.5608 -1.2522 2.2453
v -0.6233 0.1228 0.5578
v -0.5608 0.1228 0.5578
v -0.6233 0.1228 2.2453
v -0.5608 0.1228 2.2453
v 1.6267 -0.7522 1.3078
v 1.8142 -0.7522 1.3078
v 1.6267 -0.7522 1.6828
v 1.8142 -0.7522 1.6828
v 1.6267 -0.3772 1.3078
v 1.8142 -0.3772 1.3078
v 1.6267 -0.3772 1.6828
v 1.8142 -0.3772 1.6828
v -0.6233 -0.7522 1.3078
v -0.8108 -0.7522 1.3078
v -0.6233 -0.7522 1.6828
v -0.8108 -0.7522 1.6828
v -0.6233 -0.3772 1.3078
v -0.8108 -0.3772 1.3078
v -0.6233 -0.3772 1.6828
v -0.8108 -0.3772 1.6828
v 1.6267 0.1228 0.5578
v -0.6233 0.1228 0.5578
v 1.6267 0.1228 2.2453
v -0.6233 0.1228 2.2453
v 1.6267 0.1853 0.5578
v -0.6233 0.1853 0.5578
v 1.6267 0.1853 2.2453
v -0.6233 0.1853 2.2453
v 1.6267 -1.3147 0.5578
v -0.6233 -1.3147 0.5578
v 1.6267 -1.3147 2.2453
v -0.6233 -1.3147 2.2453
v 1.6267 -1.2522 0.5578
v -0.6233 -1.2522 0.5578
v 1.6267 -1.2522 2.2453
v -0.6233 -1.2522 2.2453
v 1.1892 0.4353 0.8703
v 1.5642 0.4353 0.8703
v 1.1892 0.4353 1.9328
v 1.5642 0.4353 1.9328
v 1.1892 0.4978 1.9328
v 1.5642 0.4978 1.9328
v 1.5017 0.1853 0.8703
v 1.5017 0.1853 2.2453
v 1.5642 0.1853 2.2453
v 1.5017 0.4353 0.8703
v 1.5642 0.4353 0.8703
v 1.5017 0.4353 2.2453
v 1.5642 0.4353 2.2453
v 1.1892 0.1853 0.8078
v 1.5642 0.1853 0.8078
v 1.1892 0.4978 0.8078
v 1.5642 0.4978 0.8078
v 1.2517 0.1853 0.8703
v 1.1892 0.1853 2.2453
v 1.2517 0.1853 2.2453
v 1.1892 0.4353 0.8703
v 1.2517 0.4353 0.8703
v 1.1892 0.4353 2.2453
v 1.2517 0.4353 2.2453
v 1.1892 0.4353 1.9328
v 1.3142 0.4353 1.9328
v 1.1892 0.4353 2.2453
v 1.3142 0.4353 2.2453
v 1.1892 0.4978 1.9328
v 1.3142 0.4978 1.9328
v 1.1892 0.4978 2.2453
v 1.3142 0.4978 2.2453
v 1.4392 0.4353 1.9328
v 1.5642 0.4353 1.9328
v 1.4392 0.4353 2.2453
v 1.5642 0.4353 2.2453
v 1.4392 0.4978 1.9328
v 1.5642 0.4978 1.9328
v 1.4392 0.4978 2.2453
v 1.5642 0.4978 2.2453
v -0.5608 0.4353 0.8703
v -0.1858 0.4353 0.8703
v -0.5608 0.4353 1.9328
v -0.1858 0.4353 1.9328
v -0.5608 0.4978 1.9328
v -0.1858 0.4978 1.9328
v -0.2483 0.1853 0.8703
v -0.2483 0.1853 2.2453
v -0.1858 0.1853 2.2453
v -0.2483 0.4353 0.8703
v -0.1858 0.4353 0.8703
v -0.2483 0.4353 2.2453
v -0.1858 0.4353 2.2453
v -0.5608 0.1853 0.8078
v -0.1858 0.1853 0.8078
v -0.5608 0.4978 0.8078
v -0.1858 0.4978 0.8078
v -0.4983 0.1853 0.8703
v -0.5608 0.1853 2.2453
v -0.4983 0.1853 2.2453
v -0.5608 0.4353 0.8703
v -0.4983 0.4353 0.8703
v -0.5608 0.4353 2.2453
v -0.4983 0.4353 2.2453
v -0.5608 0.4353 1.9328
v -0.4358 0.4353 1.9328
v -0.5608 0.4353 2.2453
v -0.4358 0.4353 2.2453
v -0.5608 0.4978 1.9328
v -0.4358 0.4978 1.9328
v -0.5608 0.4978 2.2453
v -0.4358 0.4978 2.2453
v -0.3108 0.4353 1.9328
v -0.1858 0.4353 1.9328
v -0.3108 0.4353 2.2453
v -0.1858 0.4353 2.2453
v -0.3108 0.4978 1.9328
v -0.1858 0.4978 1.9328
v -0.3108 0.4978 2.2453
v -0.1858 0.4978 2.2453
v -0.0608 0.1853 1.3078
v 0.7517 0.1853 1.3078
v -0.0608 0.1853 2.1203
v 0.7517 0.1853 2.1203
v -0.0608 0.3728 1.3078
v 0.7517 0.3728 1.3078
v -0.0608 0.3728 2.1203
v 0.7517 0.3728 2.1203
v 0.7517 0.1853 1.6828
v 0.8767 0.1853 1.6828
v 0.7517 0.1853 1.8703
v 0.8767 0.1853 1.8703
v 0.7517 0.3103 1.6828
v 0.8767 0.3103 1.6828
v 0.7517 0.3103 1.8703
v 0.8767 0.3103 1.8703
v -0.1858 0.1853 1.1828
v -0.1858 0.1853 0.9953
v 0.2517 0.1853 1.1828
v 0.2517 0.1853 0.9953
v -0.1858 0.3103 1.1828
v -0.1858 0.3103 0.9953
v 0.2517 0.3103 1.1828
v 0.2517 0.3103 0.9953
v 0.2517 0.1853 1.1828
v 0.2517 0.1853 0.9953
v 0.4392 0.1853 1.1828
v 0.3767 0.1853 0.9953
v 0.2517 0.3103 1.1828
v 0.2517 0.3103 0.9953
v 0.4392 0.3103 1.1828
v 0.3767 0.3103 0.9953
v 0.2517 0.1853 1.3078
v 0.2517 0.1853 1.1828
v 0.4392 0.1853 1.3078
v 0.4392 0.1853 1.1828
v 0.2517 0.3103 1.3078
v 0.2517 0.3103 1.1828
v 0.4392 0.3103 1.3078
v 0.4392 0.3103 1.1828
v 0.8767 0.1853 1.6828
v 1.0642 0.1853 1.6828
v 0.8767 0.1853 1.8703
v 1.0642 0.1853 1.8078
v 0.8767 0.3103 1.6828
v 1.0642 0.3103 1.6828
v 0.8767 0.3103 1.8703
v 1.0642 0.3103 1.8078
v 1.1892 0.1853 1.2453
v 1.0642 0.1853 1.2453
v 1.1892 0.1853 1.0578
v 1.0642 0.1853 1.0578
v 1.1892 0.3103 1.2453
v 1.0642 0.3103 1.2453
v 1.1892 0.3103 1.0578
v 1.0642 0.3103 1.0578
v 1.0642 0.1853 1.2453
v 0.8767 0.1853 1.2453
v 1.0642 0.1853 1.0578
v 0.8767 0.1853 1.1203
v 1.0642 0.3103 1.2453
v 0.8767 0.3103 1.2453
v 1.0642 0.3103 1.0578
v 0.8767 0.3103 1.1203
v 0.8767 0.1853 1.2453
v 1.0642 0.1853 1.2453
v 0.8767 0.1853 1.6828
v 1.0642 0.1853 1.6828
v 0.8767 0.3103 1.2453
v 1.0642 0.3103 1.2453
v 0.8767 0.3103 1.6828
v 1.0642 0.3103 1.6828
v -0.1858 0.3728 0.9328
v -0.1233 0.3728 0.9328
v -0.1858 0.1853 0.9328
v -0.1233 0.1853 0.9328
v -0.1858 0.3728 1.2453
v -0.1233 0.3728 1.2453
v -0.1858 0.1853 1.2453
v -0.1233 0.1853 1.2453
v 1.1892 0.3728 1.3078
v 1.1267 0.3728 1.3078
v 1.1892 0.1853 1.3078
v 1.1267 0.1853 1.3078
v 1.1892 0.3728 0.9953
v 1.1267 0.3728 0.9953
v 1.1892 0.1853 0.9953
v 1.1267 0.1853 0.9953
v 1.2517 -1.2522 0.8078
v 1.4392 -1.2522 0.8078
v 1.2517 -1.1897 0.8078
v 1.4392 -1.1897 0.8078
v -0.5608 -1.1897 0.6828
v 1.5642 -1.1897 0.6828
v -0.5608 -1.1897 0.8078
v 1.5642 -1.1897 0.8078
v -0.5608 -1.0647 0.6828
v 1.5642 -1.0647 0.6828
v -0.5608 -1.0647 0.8078
v 1.5642 -1.0647 0.8078
v -0.2483 -1.2522 0.6828
v 1.2517 -1.2522 0.6828
v -0.4358 -1.2522 0.8078
v -0.2483 -1.2522 0.8078
v -0.4358 -1.1897 0.8078
v -0.2483 -1.1897 0.8078
v 1.5642 -1.2522 0.6828
v 1.4392 -1.2522 2.2453
v 1.5642 -1.2522 2.2453
v 1.4392 -1.1897 2.2453
v 1.5642 -1.1897 2.2453
v -0.5608 -1.2522 0.6828
v -0.5608 -1.2522 2.2453
v -0.4358 -1.2522 2.2453
v -0.5608 -1.1897 2.2453
v -0.4358 -1.1897 2.2453
v 1.5642 -1.2522 0.8078
v -0.5608 -1.2522 0.8078
v -0.2483 -1.2522 2.2453
v 1.2517 -1.2522 2.2453
v -0.2483 -1.1897 2.2453
v 1.2517 -1.1897 2.2453
v 0.5017 -1.2522 2.2453
v 0.5017 -1.2522 0.6828
v 0.5017 -1.1897 2.2453
v 0.5017 -1.1897 1.464
v 1.2517 -1.1897 1.464
v -0.2483 -1.1897 1.464
v 0.5017 -1.2522 1.464
v 1.2517 -1.2522 1.464
v -0.2483 -1.2522 1.464
v 0.5017 -1.1897 0.8078
v 1.2517 -0.5647 0.8078
v 1.4392 -0.5647 0.8078
v 1.2517 -0.5022 0.8078
v 1.4392 -0.5022 0.8078
v -0.5608 -0.5022 0.6828
v 1.5642 -0.5022 0.6828
v -0.5608 -0.5022 0.8078
v 1.5642 -0.5022 0.8078
v -0.5608 -0.3772 0.6828
v 1.5642 -0.3772 0.6828
v -0.5608 -0.3772 0.8078
v 1.5642 -0.3772 0.8078
v -0.2483 -0.5647 0.6828
v 1.2517 -0.5647 0.6828
v -0.4358 -0.5647 0.8078
v -0.2483 -0.5647 0.8078
v -0.4358 -0.5022 0.8078
v -0.2483 -0.5022 0.8078
v 1.5642 -0.5647 0.6828
v 1.4392 -0.5647 2.2453
v 1.5642 -0.5647 2.2453
v 1.4392 -0.5022 2.2453
v 1.5642 -0.5022 2.2453
v -0.5608 -0.5647 0.6828
v -0.5608 -0.5647 2.2453
v -0.4358 -0.5647 2.2453
v -0.5608 -0.5022 2.2453
v -0.4358 -0.5022 2.2453
v 1.5642 -0.5647 0.8078
v -0.5608 -0.5647 0.8078
v -0.2483 -0.5647 2.2453
v 1.2517 -0.5647 2.2453
v -0.2483 -0.5022 2.2453
v 1.2517 -0.5022 2.2453
v 0.5017 -0.5647 2.2453
v 0.5017 -0.5647 0.6828
v 0.5017 -0.5022 2.2453
v 0.5017 -0.5022 1.464
v 1.2517 -0.5022 1.464
v -0.2483 -0.5022 1.464
v 0.5017 -0.5647 1.464
v 1.2517 -0.5647 1.464
v -0.2483 -0.5647 1.464
v 0.5017 -0.5022 0.8078
vt 0.5469 0.9688
vt 0.5625 0.9688
vt 0.5625 0.5469
vt 0.5469 0.5469
vt 0.8906 0.9688
vt 0.9063 0.9688
vt 0.9063 0.5469
vt 0.8906 0.5469
vt 0.5625 0.9688
vt 0.9063 0.9688
vt 0.9063 0.9531
vt 0.5625 0.9531
vt 0.5625 0.5625
vt 0.9063 0.5625
vt 0.9063 0.5469
vt 0.5625 0.5469
vt 0.5625 0.4688
vt 0.9063 0.4688
vt 0.9063 0.0469
vt 0.5625 0.0469
vt 0.9063 0.9688
vt 0.5625 0.9688
vt 0.5625 0.5469
vt 0.9063 0.5469
vt 0.5469 0.9688
vt 0.5625 0.9688
vt 0.5625 0.5469
vt 0.5469 0.5469
vt 0.8906 0.9688
vt 0.9063 0.9688
vt 0.9063 0.5469
vt 0.8906 0.5469
vt 0.5625 0.9688
vt 0.9063 0.9688
vt 0.9063 0.9531
vt 0.5625 0.9531
vt 0.5625 0.5625
vt 0.9063 0.5625
vt 0.9063 0.5469
vt 0.5625 0.5469
vt 0.9063 0.9688
vt 0.5625 0.9688
vt 0.5625 0.5469
vt 0.9063 0.5469
vt 0.9063 0.4688
vt 0.5625 0.4688
vt 0.5625 0.0469
vt 0.9063 0.0469
vt 0 0.5469
vt 0.0469 0.5469
vt 0.0469 0.4531
vt 0 0.4531
vt 0 0.5469
vt 0.0469 0.5469
vt 0.0469 0.4531
vt 0 0.4531
vt 0 0.5469
vt 0 0.4531
vt 0.0469 0.4531
vt 0.0469 0.5469
vt 0 0.5469
vt 0 0.4531
vt 0.0469 0.4531
vt 0.0469 0.5469
vt 0.2813 0.4844
vt 0.2813 0.3906
vt 0.375 0.3906
vt 0.375 0.4844
vt 0.375 0.4844
vt 0.2813 0.4844
vt 0.2813 0.3906
vt 0.375 0.3906
vt 0.0469 0.4531
vt 0.0469 0.5469
vt 0 0.5469
vt 0 0.4531
vt 0.0469 0.4531
vt 0.0469 0.5469
vt 0 0.5469
vt 0 0.4531
vt 0.0469 0.4531
vt 0 0.4531
vt 0 0.5469
vt 0.0469 0.5469
vt 0.0469 0.4531
vt 0 0.4531
vt 0 0.5469
vt 0.0469 0.5469
vt 0.375 0.3906
vt 0.2813 0.3906
vt 0.2813 0.4844
vt 0.375 0.4844
vt 0.2813 0.3906
vt 0.2813 0.4844
vt 0.375 0.4844
vt 0.375 0.3906
vt 0.5625 0.2031
vt 0.5625 0.625
vt 0 0.625
vt 0 0.2031
vt 0.5625 0.5469
vt 0.5625 0.9688
vt 0 0.9688
vt 0 0.5469
vt 0.5625 0.9688
vt 0 0.9688
vt 0 0.9531
vt 0.5625 0.9531
vt 0.5625 0.5625
vt 0 0.5625
vt 0 0.5469
vt 0.5625 0.5469
vt 0.5625 0.5469
vt 0.5625 0.9688
vt 0.5469 0.9688
vt 0.5469 0.5469
vt 0.0156 0.5469
vt 0.0156 0.9688
vt 0 0.9688
vt 0 0.5469
vt 0.5625 0.5469
vt 0.5625 0.9688
vt 0 0.9688
vt 0 0.5469
vt 0.5625 0.2031
vt 0.5625 0.625
vt 0 0.625
vt 0 0.2031
vt 0 0.9688
vt 0.5625 0.9688
vt 0.5625 0.9531
vt 0 0.9531
vt 0.5625 0.5625
vt 0 0.5625
vt 0 0.5469
vt 0.5625 0.5469
vt 0.5625 0.5469
vt 0.5625 0.9688
vt 0.5469 0.9688
vt 0.5469 0.5469
vt 0.0156 0.5469
vt 0.0156 0.9688
vt 0 0.9688
vt 0 0.5469
vt 0.6563 0.8125
vt 0.75 0.8125
vt 0.75 0.5469
vt 0.6563 0.5469
vt 0.4688 0.7344
vt 0.4688 0.7188
vt 0.375 0.7188
vt 0.375 0.7344
vt 0.9219 0.125
vt 0.9844 0.125
vt 0.9844 0.1094
vt 0.9219 0.1094
vt 0.5781 0.8906
vt 0.6406 0.8906
vt 0.6406 0.5469
vt 0.5781 0.5469
vt 0 0.0156
vt 0 0.0938
vt 0.0938 0.0938
vt 0.0938 0.0156
vt 0.9219 0.125
vt 0.9844 0.125
vt 0.9844 0.1094
vt 0.9219 0.1094
vt 0.5781 0.5469
vt 0.6406 0.5469
vt 0.6406 0.8906
vt 0.5781 0.8906
vt 0.4688 0.7188
vt 0.4375 0.7188
vt 0.4375 0.6406
vt 0.4688 0.6406
vt 0.4063 0.7188
vt 0.375 0.7188
vt 0.375 0.6406
vt 0.4063 0.6406
vt 0.375 0.6563
vt 0.375 0.6406
vt 0.4063 0.6406
vt 0.4063 0.6563
vt 0.4063 0.7188
vt 0.3906 0.7188
vt 0.3906 0.6406
vt 0.4063 0.6406
vt 0.4688 0.7188
vt 0.4375 0.7188
vt 0.4375 0.6406
vt 0.4688 0.6406
vt 0.4688 0.7188
vt 0.4375 0.7188
vt 0.4375 0.6406
vt 0.4688 0.6406
vt 0.4375 0.6563
vt 0.4375 0.6406
vt 0.4688 0.6406
vt 0.4688 0.6563
vt 0.4531 0.7188
vt 0.4375 0.7188
vt 0.4375 0.6406
vt 0.4531 0.6406
vt 0.375 0.7188
vt 0.375 1
vt 0.4688 1
vt 0.4688 0.7188
vt 0.9063 0.1094
vt 0.9063 0.4688
vt 0.9844 0.4688
vt 0.9844 0.1094
vt 0.9063 0.4688
vt 0.9063 0.1094
vt 0.9844 0.1094
vt 0.9844 0.4688
vt 0.75 0.4688
vt 0.8125 0.4688
vt 0.8125 0.5313
vt 0.75 0.5313
vt 0.6563 0.8125
vt 0.75 0.8125
vt 0.75 0.5469
vt 0.6563 0.5469
vt 0.4688 0.7344
vt 0.4688 0.7188
vt 0.375 0.7188
vt 0.375 0.7344
vt 0.9219 0.125
vt 0.9844 0.125
vt 0.9844 0.1094
vt 0.9219 0.1094
vt 0.5781 0.8906
vt 0.6406 0.8906
vt 0.6406 0.5469
vt 0.5781 0.5469
vt 0 0.0156
vt 0 0.0938
vt 0.0938 0.0938
vt 0.0938 0.0156
vt 0.9219 0.125
vt 0.9844 0.125
vt 0.9844 0.1094
vt 0.9219 0.1094
vt 0.5781 0.5469
vt 0.6406 0.5469
vt 0.6406 0.8906
vt 0.5781 0.8906
vt 0.4688 0.7188
vt 0.4375 0.7188
vt 0.4375 0.6406
vt 0.4688 0.6406
vt 0.4063 0.7188
vt 0.375 0.7188
vt 0.375 0.6406
vt 0.4063 0.6406
vt 0.375 0.6563
vt 0.375 0.6406
vt 0.4063 0.6406
vt 0.4063 0.6563
vt 0.4063 0.7188
vt 0.3906 0.7188
vt 0.3906 0.6406
vt 0.4063 0.6406
vt 0.4688 0.7188
vt 0.4375 0.7188
vt 0.4375 0.6406
vt 0.4688 0.6406
vt 0.4688 0.7188
vt 0.4375 0.7188
vt 0.4375 0.6406
vt 0.4688 0.6406
vt 0.4375 0.6563
vt 0.4375 0.6406
vt 0.4688 0.6406
vt 0.4688 0.6563
vt 0.4531 0.7188
vt 0.4375 0.7188
vt 0.4375 0.6406
vt 0.4531 0.6406
vt 0.375 0.7188
vt 0.375 1
vt 0.4688 1
vt 0.4688 0.7188
vt 0.9063 0.1094
vt 0.9063 0.4688
vt 0.9844 0.4688
vt 0.9844 0.1094
vt 0.9063 0.4688
vt 0.9063 0.1094
vt 0.9844 0.1094
vt 0.9844 0.4688
vt 0.75 0.4688
vt 0.8125 0.4688
vt 0.8125 0.5313
vt 0.75 0.5313
vt 0.7344 1
vt 0.5313 1
vt 0.5313 0.7969
vt 0.7344 0.7969
vt 0.9375 1
vt 0.9375 0.9531
vt 0.7344 0.9531
vt 0.7344 1
vt 0.7344 0.9063
vt 0.7344 0.9531
vt 0.9375 0.9531
vt 0.9375 0.9063
vt 0.9375 0.9531
vt 0.9375 1
vt 0.7344 1
vt 0.7344 0.9531
vt 0.7344 0.9531
vt 0.7344 0.9063
vt 0.9375 0.9063
vt 0.9375 0.9531
vt 0.3125 0.5625
vt 0.3125 0.4375
vt 0.5 0.4375
vt 0.5 0.5625
vt 0.3125 0.5625
vt 0.3125 0.4375
vt 0.5 0.4375
vt 0.5 0.5625
vt 0.5 0.5625
vt 0.375 0.5625
vt 0.375 0.4375
vt 0.5 0.4375
vt 0.4375 0.5625
vt 0.3125 0.5625
vt 0.3125 0.4375
vt 0.4375 0.4375
vt 0.8125 0.5
vt 0.9375 0.5
vt 0.9375 0.3125
vt 0.8125 0.3125
vt 0.9375 0.5
vt 0.8125 0.5
vt 0.8125 0.3125
vt 0.9375 0.3125
vt 0.3125 0.875
vt 0.5 0.875
vt 0.5 0.4375
vt 0.3125 0.4375
vt 0.3125 0.875
vt 0.5 0.875
vt 0.5 0.4375
vt 0.3125 0.4375
vt 0.8125 0.5
vt 0.9375 0.5
vt 0.9375 0.3125
vt 0.8125 0.3125
vt 0.8125 0.5
vt 0.9375 0.5
vt 0.9375 0.3125
vt 0.8125 0.3125
vt 0.3125 0.875
vt 0.4375 0.875
vt 0.4375 0.4375
vt 0.3125 0.4375
vt 0.375 0.875
vt 0.5 0.875
vt 0.5 0.4375
vt 0.375 0.4375
vt 1 0.3125
vt 0.8125 0.3125
vt 0.8125 0.125
vt 1 0.125
vt 0.8125 0.125
vt 1 0.125
vt 1 0.3125
vt 0.8125 0.3125
vt 0.8125 0.5
vt 0.9375 0.5
vt 0.9375 0.3125
vt 0.8125 0.3125
vt 0.3125 0.5625
vt 0.4375 0.5625
vt 0.4375 0.375
vt 0.3125 0.375
vt 0.8125 0.5
vt 0.9375 0.5
vt 0.9375 0.3125
vt 0.8125 0.3125
vt 0.4375 0.5625
vt 0.3125 0.5625
vt 0.3125 0.375
vt 0.4375 0.375
vt 0.3125 0.5625
vt 0.3125 0.4375
vt 0.5 0.4375
vt 0.5 0.5625
vt 0.3125 0.5625
vt 0.3125 0.4375
vt 0.5 0.4375
vt 0.5 0.5625
vt 0.5 0.5625
vt 0.375 0.5625
vt 0.375 0.4375
vt 0.5 0.4375
vt 0.3125 0.5625
vt 0.4375 0.5625
vt 0.4375 0.4375
vt 0.3125 0.4375
vt 0.8125 0.5
vt 0.9375 0.5
vt 0.9375 0.3125
vt 0.8125 0.3125
vt 0.9375 0.5
vt 0.8125 0.5
vt 0.8125 0.3125
vt 0.9375 0.3125
vt 1 0.3125
vt 0.8125 0.3125
vt 0.8125 0.125
vt 1 0.125
vt 0.8125 0.125
vt 1 0.125
vt 1 0.3125
vt 0.8125 0.3125
vt 0.8125 0.5
vt 0.9375 0.5
vt 0.9375 0.3125
vt 0.8125 0.3125
vt 0.3125 0.5625
vt 0.4375 0.5625
vt 0.4375 0.375
vt 0.3125 0.375
vt 0.8125 0.5
vt 0.9375 0.5
vt 0.9375 0.3125
vt 0.8125 0.3125
vt 0.3125 0.5625
vt 0.4375 0.5625
vt 0.4375 0.375
vt 0.3125 0.375
vt 0.3125 0.5625
vt 0.3125 0.4375
vt 0.5 0.4375
vt 0.5 0.5625
vt 0.3125 0.5625
vt 0.3125 0.4375
vt 0.5 0.4375
vt 0.5 0.5625
vt 0.5 0.5625
vt 0.375 0.5625
vt 0.375 0.4375
vt 0.5 0.4375
vt 0.4375 0.5625
vt 0.3125 0.5625
vt 0.3125 0.4375
vt 0.4375 0.4375
vt 0.8125 0.5
vt 0.9375 0.5
vt 0.9375 0.3125
vt 0.8125 0.3125
vt 0.9375 0.5
vt 0.8125 0.5
vt 0.8125 0.3125
vt 0.9375 0.3125
vt 1 0.3125
vt 0.8125 0.3125
vt 0.8125 0.125
vt 1 0.125
vt 0.8125 0.125
vt 1 0.125
vt 1 0.3125
vt 0.8125 0.3125
vt 0.8125 0.5
vt 0.9375 0.5
vt 0.9375 0.3125
vt 0.8125 0.3125
vt 0.3125 0.5625
vt 0.4375 0.5625
vt 0.4375 0.375
vt 0.3125 0.375
vt 0.8125 0.5
vt 0.9375 0.5
vt 0.9375 0.3125
vt 0.8125 0.3125
vt 0.4375 0.5625
vt 0.3125 0.5625
vt 0.3125 0.375
vt 0.4375 0.375
vt 0.3125 0.875
vt 0.5 0.875
vt 0.5 0.4375
vt 0.3125 0.4375
vt 0.3125 0.875
vt 0.5 0.875
vt 0.5 0.4375
vt 0.3125 0.4375
vt 0.8125 0.5
vt 0.9375 0.5
vt 0.9375 0.3125
vt 0.8125 0.3125
vt 0.8125 0.5
vt 0.9375 0.5
vt 0.9375 0.3125
vt 0.8125 0.3125
vt 0.3125 0.875
vt 0.4375 0.875
vt 0.4375 0.4375
vt 0.3125 0.4375
vt 0.375 0.875
vt 0.5 0.875
vt 0.5 0.4375
vt 0.375 0.4375
vt 0.7344 0.9063
vt 0.75 0.9063
vt 0.75 0.8594
vt 0.7344 0.8594
vt 0.7969 0.9063
vt 0.8125 0.9063
vt 0.8125 0.8594
vt 0.7969 0.8594
vt 0.7344 0.9063
vt 0.8125 0.9063
vt 0.8125 0.8906
vt 0.7344 0.8906
vt 0.7344 0.9063
vt 0.8125 0.9063
vt 0.8125 0.8906
vt 0.7344 0.8906
vt 0.7344 0.9063
vt 0.8125 0.9063
vt 0.8125 0.8594
vt 0.7344 0.8594
vt 0.7344 0.9063
vt 0.75 0.9063
vt 0.75 0.8594
vt 0.7344 0.8594
vt 0.7969 0.9063
vt 0.8125 0.9063
vt 0.8125 0.8594
vt 0.7969 0.8594
vt 0.7344 0.9063
vt 0.8125 0.9063
vt 0.8125 0.8906
vt 0.7344 0.8906
vt 0.7344 0.9063
vt 0.8125 0.9063
vt 0.8125 0.8906
vt 0.7344 0.8906
vt 0.7344 0.9063
vt 0.8125 0.9063
vt 0.8125 0.8594
vt 0.7344 0.8594
vt 0.1094 0.25
vt 0.6406 0.25
vt 0.6406 0.2813
vt 0.1094 0.2813
vt 0.1094 0.25
vt 0.1094 0.2813
vt 0.6406 0.2813
vt 0.6406 0.25
vt 0 1
vt 0.0313 1
vt 0.0312 0.9688
vt 0 0.9688
vt 0.0156 1
vt 0.0469 1
vt 0.0469 0.9688
vt 0.0156 0.9688
vt 0.9688 0.4844
vt 0.9688 0.4688
vt 1 0.4688
vt 1 0.4844
vt 0.75 0.8438
vt 0.7656 0.8438
vt 0.7656 0.4531
vt 0.75 0.4531
vt 1 0.4844
vt 1 0.4688
vt 0.9688 0.4688
vt 0.9688 0.4844
vt 0.9844 0.8594
vt 1 0.8594
vt 1 0.4688
vt 0.9844 0.4688
vt 0.6406 0.2969
vt 0.6406 0.25
vt 0.1094 0.25
vt 0.1094 0.2969
vt 0.9688 0.8281
vt 0.9844 0.8281
vt 0.9844 0.4688
vt 0.9688 0.4688
vt 0.9688 0.8281
vt 0.9844 0.8281
vt 0.9844 0.4688
vt 0.9688 0.4688
vt 0.9688 0.8281
vt 1 0.8281
vt 1 0.4688
vt 0.9688 0.4688
vt 1 0.8281
vt 0.9688 0.8281
vt 0.9688 0.4688
vt 1 0.4688
vt 1 0.8281
vt 0.9688 0.8281
vt 0.9688 0.4688
vt 1 0.4688
vt 0.9688 0.8281
vt 1 0.8281
vt 1 0.4688
vt 0.9688 0.4688
vt 0.0781 0.9688
vt 0 0.9688
vt 0 1
vt 0.0781 1
vt 0.75 0.9688
vt 0.6719 0.9688
vt 0.6719 1
vt 0.75 1
vt 0 1
vt 0.0156 1
vt 0.0156 0.9531
vt 0 0.9531
vt 0 1
vt 0.0156 1
vt 0.0156 0.9531
vt 0 0.9531
vt 0.1875 0.4453
vt 0 0.4453
vt 0 0.25
vt 0.1875 0.25
vt 0.1875 0.2656
vt 0.1875 0.25
vt 0 0.25
vt 0 0.2656
vt 0.7344 0.6094
vt 0.75 0.6094
vt 0.75 0.25
vt 0.7344 0.25
vt 0 0.6094
vt 0.0156 0.6094
vt 0.0156 0.25
vt 0 0.25
vt 0.75 0.4453
vt 0.5625 0.4453
vt 0.5625 0.25
vt 0.75 0.25
vt 0.5625 0.25
vt 0.5625 0.2656
vt 0.75 0.2656
vt 0.75 0.25
vt 0 0.4375
vt 0.1875 0.4375
vt 0.1875 0.25
vt 0 0.25
vt 0.5625 0.4375
vt 0.75 0.4375
vt 0.75 0.25
vt 0.5625 0.25
vt 0 0.8047
vt 0.1875 0.8047
vt 0.1875 1
vt 0 1
vt 0.5625 0.8047
vt 0.75 0.8047
vt 0.75 1
vt 0.5625 1
vt 0.1875 0.8438
vt 0 0.8438
vt 0 1
vt 0.1875 1
vt 0.75 0.8438
vt 0.5625 0.8438
vt 0.5625 1
vt 0.75 1
vt 0.1094 0.25
vt 0.6406 0.25
vt 0.6406 0.2813
vt 0.1094 0.2813
vt 0.1094 0.25
vt 0.1094 0.2813
vt 0.6406 0.2813
vt 0.6406 0.25
vt 0 1
vt 0.0313 1
vt 0.0312 0.9688
vt 0 0.9688
vt 0.0156 1
vt 0.0469 1
vt 0.0469 0.9688
vt 0.0156 0.9688
vt 0.9688 0.4844
vt 0.9688 0.4688
vt 1 0.4688
vt 1 0.4844
vt 0.75 0.8438
vt 0.7656 0.8438
vt 0.7656 0.4531
vt 0.75 0.4531
vt 1 0.4844
vt 1 0.4688
vt 0.9688 0.4688
vt 0.9688 0.4844
vt 0.9844 0.8594
vt 1 0.8594
vt 1 0.4688
vt 0.9844 0.4688
vt 0.6406 0.2969
vt 0.6406 0.25
vt 0.1094 0.25
vt 0.1094 0.2969
vt 0.9688 0.8281
vt 0.9844 0.8281
vt 0.9844 0.4688
vt 0.9688 0.4688
vt 0.9688 0.8281
vt 0.9844 0.8281
vt 0.9844 0.4688
vt 0.9688 0.4688
vt 0.9688 0.8281
vt 1 0.8281
vt 1 0.4688
vt 0.9688 0.4688
vt 1 0.8281
vt 0.9688 0.8281
vt 0.9688 0.4688
vt 1 0.4688
vt 1 0.8281
vt 0.9688 0.8281
vt 0.9688 0.4688
vt 1 0.4688
vt 0.9688 0.8281
vt 1 0.8281
vt 1 0.4688
vt 0.9688 0.4688
vt 0.0781 0.9688
vt 0 0.9688
vt 0 1
vt 0.0781 1
vt 0.75 0.9688
vt 0.6719 0.9688
vt 0.6719 1
vt 0.75 1
vt 0 1
vt 0.0156 1
vt 0.0156 0.9531
vt 0 0.9531
vt 0 1
vt 0.0156 1
vt 0.0156 0.9531
vt 0 0.9531
vt 0.1875 0.4453
vt 0 0.4453
vt 0 0.25
vt 0.1875 0.25
vt 0.1875 0.2656
vt 0.1875 0.25
vt 0 0.25
vt 0 0.2656
vt 0.7344 0.6094
vt 0.75 0.6094
vt 0.75 0.25
vt 0.7344 0.25
vt 0 0.6094
vt 0.0156 0.6094
vt 0.0156 0.25
vt 0 0.25
vt 0.75 0.4453
vt 0.5625 0.4453
vt 0.5625 0.25
vt 0.75 0.25
vt 0.5625 0.25
vt 0.5625 0.2656
vt 0.75 0.2656
vt 0.75 0.25
vt 0 0.4375
vt 0.1875 0.4375
vt 0.1875 0.25
vt 0 0.25
vt 0.5625 0.4375
vt 0.75 0.4375
vt 0.75 0.25
vt 0.5625 0.25
vt 0 0.8047
vt 0.1875 0.8047
vt 0.1875 1
vt 0 1
vt 0.5625 0.8047
vt 0.75 0.8047
vt 0.75 1
vt 0.5625 1
vt 0.1875 0.8438
vt 0 0.8438
vt 0 1
vt 0.1875 1
vt 0.75 0.8438
vt 0.5625 0.8438
vt 0.5625 1
vt 0.75 1
vn 0 -1 0
vn 0 1 0
vn 0 0 -1
vn 0 0 1
vn -1 0 0
vn 1 0 0
vn 0 -1 0
vn 0 1 0
vn 0 0 -1
vn 0 0 1
vn -1 0 0
vn 1 0 0
vn 0 -1 0
vn 0 1 0
vn 0 0 -1
vn 0 0 1
vn -1 0 0
vn 1 0 0
vn 0 -1 0
vn 0 1 0
vn 0 0 -1
vn 0 0 1
vn 1 0 0
vn -1 0 0
vn 0 -1 0
vn 0 1 0
vn 0 0 -1
vn 0 0 1
vn 1 0 0
vn -1 0 0
vn 0 -1 0
vn 0 1 0
vn 0 0 -1
vn 0 0 1
vn 1 0 0
vn -1 0 0
vn 0 -1 0
vn 0 0 1
vn 0 0 1
vn -1 0 0
vn 0 0 -1
vn 0 0 1
vn 1 0 0
vn 0 -1 0
vn 0 1 0
vn 0 0 1
vn 1 0 0
vn 0 -1 0
vn 0 1 0
vn 0 0 1
vn -1 0 0
vn 0 1 0
vn 1 0 0
vn -1 0 0
vn 0 0 1
vn 0 -1 0
vn 0 0 1
vn 0 0 1
vn -1 0 0
vn 0 0 -1
vn 0 0 1
vn 1 0 0
vn 0 -1 0
vn 0 1 0
vn 0 0 1
vn 1 0 0
vn 0 -1 0
vn 0 1 0
vn 0 0 1
vn -1 0 0
vn 0 1 0
vn 1 0 0
vn -1 0 0
vn 0 0 1
vn 0 1 0
vn 0 0 -1
vn 0 0 1
vn -1 0 0
vn 1 0 0
vn 0 -1 0
vn 0 1 0
vn 0 0 -1
vn 0 0 1
vn -1 0 0
vn 1 0 0
vn 0 -1 0
vn 0 1 0
vn -1 0 0
vn 1 0 0
vn 0 0 1
vn 0 0 -1
vn 0 -1 0
vn 0 1 0
vn -1 0 0
vn 0.95 0 -0.32
vn 0 0 1
vn 0 0 -1
vn 0 -1 0
vn 0 1 0
vn -1 0 0
vn 1 0 0
vn 0 0 1
vn 0 0 -1
vn 0 -1 0
vn 0 1 0
vn 0 0 -1
vn 0.32 0 0.95
vn -1 0 0
vn 1 0 0
vn 0 -1 0
vn 0 1 0
vn 0 0 1
vn 0 0 -1
vn 1 0 0
vn -1 0 0
vn 0 -1 0
vn 0 1 0
vn 0 0 1
vn -0.32 0 -0.95
vn 1 0 0
vn -1 0 0
vn 0 -1 0
vn 0 1 0
vn 0 0 -1
vn 0 0 1
vn -1 0 0
vn 1 0 0
vn 0 0 -1
vn 0 0 1
vn 0 1 0
vn 0 -1 0
vn 1 0 0
vn 0 0 1
vn 0 0 -1
vn 0 1 0
vn 0 -1 0
vn -1 0 0
vn 0 1 0
vn 0 0 1
vn -1 0 0
vn 1 0 0
vn 0 0 1
vn 1 0 0
vn 0 0 1
vn -1 0 0
vn 0 0 -1
vn -1 0 0
vn 1 0 0
vn 0 -1 0
vn 0 1 0
vn 0 -1 0
vn 0 1 0
vn 0 -1 0
vn 0 -1 0
vn 0 0 1
vn 0 0 1
vn 0 -1 0
vn 0 0 1
vn -1 0 0
vn 1 0 0
vn 0 -1 0
vn 0 0 1
vn 0 1 0
vn 0 1 0
vn 0 -1 0
vn 0 -1 0
vn 0 1 0
vn 0 1 0
vn 0 1 0
vn 0 0 1
vn -1 0 0
vn 1 0 0
vn 0 0 1
vn 1 0 0
vn 0 0 1
vn -1 0 0
vn 0 0 -1
vn -1 0 0
vn 1 0 0
vn 0 -1 0
vn 0 1 0
vn 0 -1 0
vn 0 1 0
vn 0 -1 0
vn 0 -1 0
vn 0 0 1
vn 0 0 1
vn 0 -1 0
vn 0 0 1
vn -1 0 0
vn 1 0 0
vn 0 -1 0
vn 0 0 1
vn 0 1 0
vn 0 1 0
vn 0 -1 0
vn 0 -1 0
vn 0 1 0
vn 0 1 0
usemtl weapon_rocket_launcher
f 160/525/132 161/526/132 163/527/132
f 160/525/132 163/527/132 162/528/132
f 165/529/133 164/530/133 166/531/133
f 165/529/133 166/531/133 167/532/133
f 165/533/134 161/534/134 160/535/134
f 165/533/134 160/535/134 164/536/134
f 166/537/135 162/538/135 163/539/135
f 166/537/135 163/539/135 167/540/135
f 164/541/136 160/542/136 162/543/136
f 164/541/136 162/543/136 166/544/136
f 161/545/137 165/546/137 167/547/137
f 161/545/137 167/547/137 163/548/137
f 168/549/138 169/550/138 171/551/138
f 168/549/138 171/551/138 170/552/138
f 173/553/139 172/554/139 174/555/139
f 173/553/139 174/555/139 175/556/139
f 173/557/140 169/558/140 168/559/140
f 173/557/140 168/559/140 172/560/140
f 174/561/141 170/562/141 171/563/141
f 174/561/141 171/563/141 175/564/141
f 172/565/142 168/566/142 170/567/142
f 172/565/142 170/567/142 174/568/142
f 169/569/143 173/570/143 175/571/143
f 169/569/143 175/571/143 171/572/143
f 176/573/144 177/574/144 179/575/144
f 176/573/144 179/575/144 178/576/144
f 181/577/145 180/578/145 182/579/145
f 181/577/145 182/579/145 183/580/145
f 181/581/146 177/582/146 176/583/146
f 181/581/146 176/583/146 180/584/146
f 182/585/147 178/586/147 179/587/147
f 182/585/147 179/587/147 183/588/147
usemtl common_thingies
f 180/589/148 176/590/148 178/591/148
f 180/589/148 178/591/148 182/592/148
f 177/593/149 181/594/149 183/595/149
f 177/593/149 183/595/149 179/596/149
usemtl weapon_rocket_launcher
f 187/597/150 185/598/150 184/599/150
f 187/597/150 184/599/150 186/600/150
f 190/601/151 188/602/151 189/603/151
f 190/601/151 189/603/151 191/604/151
f 184/605/152 185/606/152 189/607/152
f 184/605/152 189/607/152 188/608/152
f 187/609/153 186/610/153 190/611/153
f 187/609/153 190/611/153 191/612/153
usemtl common_thingies
f 186/613/154 184/614/154 188/615/154
f 186/613/154 188/615/154 190/616/154
f 191/617/155 189/618/155 185/619/155
f 191/617/155 185/619/155 187/620/155
usemtl weapon_rocket_launcher2
f 195/621/156 193/622/156 192/623/156
f 195/621/156 192/623/156 194/624/156
usemtl weapon_rocket_launcher
f 198/625/157 196/626/157 197/627/157
f 198/625/157 197/627/157 199/628/157
f 192/629/158 193/630/158 197/631/158
f 192/629/158 197/631/158 196/632/158
f 195/633/159 194/634/159 198/635/159
f 195/633/159 198/635/159 199/636/159
f 194/637/160 192/638/160 196/639/160
f 194/637/160 196/639/160 198/640/160
f 199/641/161 197/642/161 193/643/161
f 199/641/161 193/643/161 195/644/161
f 203/645/162 201/646/162 200/647/162
f 203/645/162 200/647/162 202/648/162
usemtl weapon_rocket_launcher2
f 206/649/163 204/650/163 205/651/163
f 206/649/163 205/651/163 207/652/163
usemtl weapon_rocket_launcher
f 200/653/164 201/654/164 205/655/164
f 200/653/164 205/655/164 204/656/164
f 203/657/165 202/658/165 206/659/165
f 203/657/165 206/659/165 207/660/165
f 202/661/166 200/662/166 204/663/166
f 202/661/166 204/663/166 206/664/166
f 207/665/167 205/666/167 201/667/167
f 207/665/167 201/667/167 203/668/167
f 208/669/168 209/670/168 211/671/168
f 208/669/168 211/671/168 210/672/168
usemtl weapon_rocket_launcher2
f 212/673/169 210/674/169 211/675/169
f 212/673/169 211/675/169 213/676/169
usemtl weapon_rocket_launcher
f 219/677/170 215/678/170 216/679/170
f 219/677/170 216/679/170 220/680/170
f 217/681/171 214/682/171 215/683/171
f 217/681/171 215/683/171 219/684/171
f 224/685/172 222/686/172 221/687/172
f 224/685/172 221/687/172 223/688/172
f 230/689/173 226/690/173 227/691/173
f 230/689/173 227/691/173 231/692/173
f 225/693/174 229/694/174 231/695/174
f 225/693/174 231/695/174 227/696/174
usemtl weapon_rocket_launcher2
f 232/697/175 233/698/175 235/699/175
f 232/697/175 235/699/175 234/700/175
f 237/701/176 236/702/176 238/703/176
f 237/701/176 238/703/176 239/704/176
f 238/705/177 234/706/177 235/707/177
f 238/705/177 235/707/177 239/708/177
f 233/709/178 237/710/178 239/711/178
f 233/709/178 239/711/178 235/712/178
f 240/713/179 241/714/179 243/715/179
f 240/713/179 243/715/179 242/716/179
f 245/717/180 244/718/180 246/719/180
f 245/717/180 246/719/180 247/720/180
f 246/721/181 242/722/181 243/723/181
f 246/721/181 243/723/181 247/724/181
f 244/725/182 240/726/182 242/727/182
f 244/725/182 242/727/182 246/728/182
f 213/729/183 224/730/183 223/731/183
f 213/729/183 223/731/183 212/732/183
usemtl weapon_rocket_launcher
f 216/733/184 222/734/184 224/735/184
f 216/733/184 224/735/184 247/736/184
f 221/737/185 226/738/185 238/739/185
f 221/737/185 238/739/185 223/740/185
f 217/741/186 229/742/186 225/743/186
f 217/741/186 225/743/186 214/744/186
f 248/745/187 249/746/187 251/747/187
f 248/745/187 251/747/187 250/748/187
usemtl weapon_rocket_launcher2
f 252/749/188 250/750/188 251/751/188
f 252/749/188 251/751/188 253/752/188
usemtl weapon_rocket_launcher
f 259/753/189 255/754/189 256/755/189
f 259/753/189 256/755/189 260/756/189
f 257/757/190 254/758/190 255/759/190
f 257/757/190 255/759/190 259/760/190
f 264/761/191 262/762/191 261/763/191
f 264/761/191 261/763/191 263/764/191
f 270/765/192 266/766/192 267/767/192
f 270/765/192 267/767/192 271/768/192
f 265/769/193 269/770/193 271/771/193
f 265/769/193 271/771/193 267/772/193
usemtl weapon_rocket_launcher2
f 272/773/194 273/774/194 275/775/194
f 272/773/194 275/775/194 274/776/194
f 277/777/195 276/778/195 278/779/195
f 277/777/195 278/779/195 279/780/195
f 278/781/196 274/782/196 275/783/196
f 278/781/196 275/783/196 279/784/196
f 273/785/197 277/786/197 279/787/197
f 273/785/197 279/787/197 275/788/197
f 280/789/198 281/790/198 283/791/198
f 280/789/198 283/791/198 282/792/198
f 285/793/199 284/794/199 286/795/199
f 285/793/199 286/795/199 287/796/199
f 286/797/200 282/798/200 283/799/200
f 286/797/200 283/799/200 287/800/200
f 284/801/201 280/802/201 282/803/201
f 284/801/201 282/803/201 286/804/201
f 253/805/202 264/806/202 263/807/202
f 253/805/202 263/807/202 252/808/202
usemtl weapon_rocket_launcher
f 256/809/203 262/810/203 264/811/203
f 256/809/203 264/811/203 287/812/203
f 261/813/204 266/814/204 278/815/204
f 261/813/204 278/815/204 263/816/204
f 257/817/205 269/818/205 265/819/205
f 257/817/205 265/819/205 254/820/205
usemtl weapon_rocket_launcher2
f 293/821/206 292/822/206 294/823/206
f 293/821/206 294/823/206 295/824/206
f 293/825/207 289/826/207 288/827/207
f 293/825/207 288/827/207 292/828/207
f 294/829/208 290/830/208 291/831/208
f 294/829/208 291/831/208 295/832/208
f 292/833/209 288/834/209 290/835/209
f 292/833/209 290/835/209 294/836/209
f 289/837/210 293/838/210 295/839/210
f 289/837/210 295/839/210 291/840/210
usemtl common_copper_cable
f 296/841/211 297/842/211 299/843/211
f 296/841/211 299/843/211 298/844/211
f 301/845/212 300/846/212 302/847/212
f 301/845/212 302/847/212 303/848/212
f 301/849/213 297/850/213 296/851/213
f 301/849/213 296/851/213 300/852/213
f 302/853/214 298/854/214 299/855/214
f 302/853/214 299/855/214 303/856/214
f 300/857/215 296/858/215 298/859/215
f 300/857/215 298/859/215 302/860/215
f 297/861/216 301/862/216 303/863/216
f 297/861/216 303/863/216 299/864/216
f 304/865/217 305/866/217 307/867/217
f 304/865/217 307/867/217 306/868/217
f 309/869/218 308/870/218 310/871/218
f 309/869/218 310/871/218 311/872/218
f 309/873/219 305/874/219 304/875/219
f 309/873/219 304/875/219 308/876/219
f 310/877/220 306/878/220 307/879/220
f 310/877/220 307/879/220 311/880/220
f 308/881/221 304/882/221 306/883/221
f 308/881/221 306/883/221 310/884/221
f 305/885/222 309/886/222 311/887/222
f 305/885/222 311/887/222 307/888/222
f 312/889/223 313/890/223 315/891/223
f 312/889/223 315/891/223 314/892/223
f 317/893/224 316/894/224 318/895/224
f 317/893/224 318/895/224 319/896/224
f 317/897/225 313/898/225 312/899/225
f 317/897/225 312/899/225 316/900/225
f 318/901/226 314/902/226 315/903/226
f 318/901/226 315/903/226 319/904/226
f 316/905/227 312/906/227 314/907/227
f 316/905/227 314/907/227 318/908/227
f 313/909/228 317/910/228 319/911/228
f 313/909/228 319/911/228 315/912/228
f 320/913/229 321/914/229 323/915/229
f 320/913/229 323/915/229 322/916/229
f 325/917/230 324/918/230 326/919/230
f 325/917/230 326/919/230 327/920/230
f 325/921/231 321/922/231 320/923/231
f 325/921/231 320/923/231 324/924/231
f 326/925/232 322/926/232 323/927/232
f 326/925/232 323/927/232 327/928/232
f 324/929/233 320/930/233 322/931/233
f 324/929/233 322/931/233 326/932/233
f 321/933/234 325/934/234 327/935/234
f 321/933/234 327/935/234 323/936/234
f 328/937/235 329/938/235 331/939/235
f 328/937/235 331/939/235 330/940/235
f 333/941/236 332/942/236 334/943/236
f 333/941/236 334/943/236 335/944/236
f 333/945/237 329/946/237 328/947/237
f 333/945/237 328/947/237 332/948/237
f 334/949/238 330/950/238 331/951/238
f 334/949/238 331/951/238 335/952/238
f 332/953/239 328/954/239 330/955/239
f 332/953/239 330/955/239 334/956/239
f 329/957/240 333/958/240 335/959/240
f 329/957/240 335/959/240 331/960/240
f 336/961/241 337/962/241 339/963/241
f 336/961/241 339/963/241 338/964/241
f 341/965/242 340/966/242 342/967/242
f 341/965/242 342/967/242 343/968/242
f 341/969/243 337/970/243 336/971/243
f 341/969/243 336/971/243 340/972/243
f 342/973/244 338/974/244 339/975/244
f 342/973/244 339/975/244 343/976/244
f 340/977/245 336/978/245 338/979/245
f 340/977/245 338/979/245 342/980/245
f 337/981/246 341/982/246 343/983/246
f 337/981/246 343/983/246 339/984/246
f 344/985/247 345/986/247 347/987/247
f 344/985/247 347/987/247 346/988/247
f 349/989/248 348/990/248 350/991/248
f 349/989/248 350/991/248 351/992/248
f 349/993/249 345/994/249 344/995/249
f 349/993/249 344/995/249 348/996/249
f 350/997/250 346/998/250 347/999/250
f 350/997/250 347/999/250 351/1000/250
f 348/1001/251 344/1002/251 346/1003/251
f 348/1001/251 346/1003/251 350/1004/251
f 345/1005/252 349/1006/252 351/1007/252
f 345/1005/252 351/1007/252 347/1008/252
f 352/1009/253 353/1010/253 355/1011/253
f 352/1009/253 355/1011/253 354/1012/253
f 357/1013/254 356/1014/254 358/1015/254
f 357/1013/254 358/1015/254 359/1016/254
f 357/1017/255 353/1018/255 352/1019/255
f 357/1017/255 352/1019/255 356/1020/255
f 358/1021/256 354/1022/256 355/1023/256
f 358/1021/256 355/1023/256 359/1024/256
f 356/1025/257 352/1026/257 354/1027/257
f 356/1025/257 354/1027/257 358/1028/257
f 353/1029/258 357/1030/258 359/1031/258
f 353/1029/258 359/1031/258 355/1032/258
usemtl weapon_rocket_launcher2
f 360/1033/259 361/1034/259 363/1035/259
f 360/1033/259 363/1035/259 362/1036/259
f 365/1037/260 364/1038/260 366/1039/260
f 365/1037/260 366/1039/260 367/1040/260
f 365/1041/261 361/1042/261 360/1043/261
f 365/1041/261 360/1043/261 364/1044/261
f 366/1045/262 362/1046/262 363/1047/262
f 366/1045/262 363/1047/262 367/1048/262
f 361/1049/263 365/1050/263 367/1051/263
f 361/1049/263 367/1051/263 363/1052/263
f 368/1053/264 369/1054/264 371/1055/264
f 368/1053/264 371/1055/264 370/1056/264
f 373/1057/265 372/1058/265 374/1059/265
f 373/1057/265 374/1059/265 375/1060/265
f 373/1061/266 369/1062/266 368/1063/266
f 373/1061/266 368/1063/266 372/1064/266
f 374/1065/267 370/1066/267 371/1067/267
f 374/1065/267 371/1067/267 375/1068/267
f 369/1069/268 373/1070/268 375/1071/268
f 369/1069/268 375/1071/268 371/1072/268
usemtl common_iron
f 385/1073/269 384/1074/269 386/1075/269
f 385/1073/269 386/1075/269 387/1076/269
f 386/1077/270 382/1078/270 383/1079/270
f 386/1077/270 383/1079/270 387/1080/270
f 384/1081/271 380/1082/271 382/1083/271
f 384/1081/271 382/1083/271 386/1084/271
f 381/1085/272 385/1086/272 387/1087/272
f 381/1085/272 387/1087/272 383/1088/272
f 397/1089/273 395/1090/273 396/1091/273
f 397/1089/273 396/1091/273 398/1092/273
f 394/1093/274 381/1094/274 398/1095/274
f 394/1093/274 398/1095/274 396/1096/274
f 402/1097/275 400/1098/275 401/1099/275
f 402/1097/275 401/1099/275 403/1100/275
f 380/1101/276 399/1102/276 400/1103/276
f 380/1101/276 400/1103/276 402/1104/276
f 399/1105/277 384/1106/277 385/1107/277
f 399/1105/277 385/1107/277 394/1108/277
f 379/1109/278 377/1110/278 395/1111/278
f 379/1109/278 395/1111/278 397/1112/278
f 390/1113/279 392/1114/279 403/1115/279
f 390/1113/279 403/1115/279 401/1116/279
f 377/1117/280 404/1118/280 396/1119/280
f 377/1117/280 396/1119/280 395/1120/280
f 383/1121/281 379/1122/281 397/1123/281
f 383/1121/281 397/1123/281 398/1124/281
f 405/1125/282 390/1126/282 401/1127/282
f 405/1125/282 401/1127/282 400/1128/282
f 392/1129/283 382/1130/283 402/1131/283
f 392/1129/283 402/1131/283 403/1132/283
f 391/1133/284 405/1134/284 399/1135/284
f 391/1133/284 399/1135/284 388/1136/284
f 404/1137/285 376/1138/285 389/1139/285
f 404/1137/285 389/1139/285 394/1140/285
f 377/1141/286 379/1142/286 378/1143/286
f 377/1141/286 378/1143/286 376/1144/286
f 392/1145/287 390/1146/287 391/1147/287
f 392/1145/287 391/1147/287 393/1148/287
f 416/1149/288 417/1150/288 407/1151/288
f 416/1149/288 407/1151/288 410/1152/288
f 412/1153/289 410/1154/289 407/1155/289
f 412/1153/289 407/1155/289 409/1156/289
f 393/1157/290 391/1158/290 406/1159/290
f 393/1157/290 406/1159/290 408/1160/290
f 376/1161/291 378/1162/291 409/1163/291
f 376/1161/291 409/1163/291 407/1164/291
f 418/1165/292 416/1166/292 410/1167/292
f 418/1165/292 410/1167/292 406/1168/292
f 410/1169/293 412/1170/293 408/1171/293
f 410/1169/293 408/1171/293 406/1172/293
f 414/1173/294 413/1174/294 412/1175/294
f 414/1173/294 412/1175/294 409/1176/294
f 413/1177/295 415/1178/295 408/1179/295
f 413/1177/295 408/1179/295 412/1180/295
f 417/1181/296 416/1182/296 411/1183/296
f 417/1181/296 411/1183/296 389/1184/296
f 416/1185/297 418/1186/297 388/1187/297
f 416/1185/297 388/1187/297 411/1188/297
f 413/1189/298 414/1190/298 378/1191/298
f 413/1189/298 378/1191/298 419/1192/298
f 415/1193/299 413/1194/299 419/1195/299
f 415/1193/299 419/1195/299 393/1196/299
f 429/1197/300 428/1198/300 430/1199/300
f 429/1197/300 430/1199/300 431/1200/300
f 430/1201/301 426/1202/301 427/1203/301
f 430/1201/301 427/1203/301 431/1204/301
f 428/1205/302 424/1206/302 426/1207/302
f 428/1205/302 426/1207/302 430/1208/302
f 425/1209/303 429/1210/303 431/1211/303
f 425/1209/303 431/1211/303 427/1212/303
f 441/1213/304 439/1214/304 440/1215/304
f 441/1213/304 440/1215/304 442/1216/304
f 438/1217/305 425/1218/305 442/1219/305
f 438/1217/305 442/1219/305 440/1220/305
f 446/1221/306 444/1222/306 445/1223/306
f 446/1221/306 445/1223/306 447/1224/306
f 424/1225/307 443/1226/307 444/1227/307
f 424/1225/307 444/1227/307 446/1228/307
f 443/1229/308 428/1230/308 429/1231/308
f 443/1229/308 429/1231/308 438/1232/308
f 423/1233/309 421/1234/309 439/1235/309
f 423/1233/309 439/1235/309 441/1236/309
f 434/1237/310 436/1238/310 447/1239/310
f 434/1237/310 447/1239/310 445/1240/310
f 421/1241/311 448/1242/311 440/1243/311
f 421/1241/311 440/1243/311 439/1244/311
f 427/1245/312 423/1246/312 441/1247/312
f 427/1245/312 441/1247/312 442/1248/312
f 449/1249/313 434/1250/313 445/1251/313
f 449/1249/313 445/1251/313 444/1252/313
f 436/1253/314 426/1254/314 446/1255/314
f 436/1253/314 446/1255/314 447/1256/314
f 435/1257/315 449/1258/315 443/1259/315
f 435/1257/315 443/1259/315 432/1260/315
f 448/1261/316 420/1262/316 433/1263/316
f 448/1261/316 433/1263/316 438/1264/316
f 421/1265/317 423/1266/317 422/1267/317
f 421/1265/317 422/1267/317 420/1268/317
f 436/1269/318 434/1270/318 435/1271/318
f 436/1269/318 435/1271/318 437/1272/318
f 460/1273/319 461/1274/319 451/1275/319
f 460/1273/319 451/1275/319 454/1276/319
f 456/1277/320 454/1278/320 451/1279/320
f 456/1277/320 451/1279/320 453/1280/320
f 437/1281/321 435/1282/321 450/1283/321
f 437/1281/321 450/1283/321 452/1284/321
f 420/1285/322 422/1286/322 453/1287/322
f 420/1285/322 453/1287/322 451/1288/322
f 462/1289/323 460/1290/323 454/1291/323
f 462/1289/323 454/1291/323 450/1292/323
f 454/1293/324 456/1294/324 452/1295/324
f 454/1293/324 452/1295/324 450/1296/324
f 458/1297/325 457/1298/325 456/1299/325
f 458/1297/325 456/1299/325 453/1300/325
f 457/1301/326 459/1302/326 452/1303/326
f 457/1301/326 452/1303/326 456/1304/326
f 461/1305/327 460/1306/327 455/1307/327
f 461/1305/327 455/1307/327 433/1308/327
f 460/1309/328 462/1310/328 432/1311/328
f 460/1309/328 432/1311/328 455/1312/328
f 457/1313/329 458/1314/329 422/1315/329
f 457/1313/329 422/1315/329 463/1316/329
f 459/1317/330 457/1318/330 463/1319/330
f 459/1317/330 463/1319/330 437/1320/330
o tray_upper
v -0.5608 0.1228 0.8078
v -0.5608 -0.4397 0.8078
v -0.4983 -0.4397 0.8078
v -0.4983 0.1228 1.3078
v 1.5017 0.1228 1.3078
v 1.5642 -0.4397 0.8078
v 1.5017 -0.4397 0.8078
v 0.0017 -0.2522 0.8078
v 0.0017 -0.4397 0.8078
v 0.0017 -0.2522 2.2453
v 0.0017 -0.4397 2.2453
v 0.5017 -0.2522 0.8078
v 0.5017 -0.4397 0.8078
v 0.5017 -0.2522 2.2453
v 0.5017 -0.4397 2.2453
v 1.0017 -0.2522 0.8078
v 1.0017 -0.4397 0.8078
v 1.0017 -0.2522 2.2453
v 1.0017 -0.4397 2.2453
v 0.4907 -0.2522 2.2453
v 0.4907 -0.2522 0.8078
v 0.4907 -0.4397 2.2453
v 0.4907 -0.4397 0.8078
v -0.0093 -0.2522 2.2453
v -0.0093 -0.2522 0.8078
v -0.0093 -0.4397 2.2453
v -0.0093 -0.4397 0.8078
v 0.9907 -0.2522 2.2453
v 0.9907 -0.2522 0.8078
v 0.9907 -0.4397 2.2453
v 0.9907 -0.4397 0.8078
v 0.5017 -0.4397 1.5265
v 1.5642 -0.4397 1.5265
v -0.5608 -0.4397 1.5265
v -0.5608 0.1228 1.5265
v -0.0296 -0.1897 0.8078
v 0.0329 -0.1897 0.8078
v -0.0296 -0.2522 0.8078
v 0.0329 -0.2522 0.8078
v -0.0296 -0.1897 2.2453
v 0.0329 -0.1897 2.2453
v -0.0296 -0.2522 2.2453
v 0.0329 -0.2522 2.2453
v 0.4704 -0.1897 0.8078
v 0.5329 -0.1897 0.8078
v 0.4704 -0.2522 0.8078
v 0.5329 -0.2522 0.8078
v 0.4704 -0.1897 2.2453
v 0.5329 -0.1897 2.2453
v 0.4704 -0.2522 2.2453
v 0.5329 -0.2522 2.2453
v 0.9704 -0.1897 0.8078
v 1.0329 -0.1897 0.8078
v 0.9704 -0.2522 0.8078
v 1.0329 -0.2522 0.8078
v 0.9704 -0.1897 2.2453
v 1.0329 -0.1897 2.2453
v 0.9704 -0.2522 2.2453
v 1.0329 -0.2522 2.2453
v 0.5017 -0.5022 0.8078
v 0.5017 -0.5022 1.5265
v -0.5608 -0.5022 1.5265
v -0.5608 -0.5022 0.8078
v -0.5608 -0.5022 2.2453
v 0.5017 -0.5022 2.2453
v -0.5608 -0.1897 1.5265
v -0.5608 -0.1897 2.2453
v -0.5608 -0.1897 0.8078
v 1.5642 -0.5022 0.8078
v 1.5642 -0.1897 0.8078
v 1.5642 -0.1897 1.5265
v 1.5642 -0.5022 1.5265
v 1.5642 -0.1897 2.2453
v 1.5642 -0.5022 2.2453
v 1.5642 0.1228 1.5265
v 1.5642 0.1228 0.8078
v -0.4983 -0.1897 1.5265
v -0.4983 -0.1897 2.2453
v -0.4983 0.1228 1.5265
v -0.4983 -0.5022 1.5265
v -0.4983 -0.5022 2.2453
v -0.4983 -0.1897 0.8078
v -0.4983 -0.5022 0.8078
v -0.4983 0.1228 0.8078
v 1.5017 0.1228 1.5265
v 1.5017 -0.1897 0.8078
v 1.5017 -0.1897 1.5265
v 1.5017 0.1228 0.8078
v 1.5017 -0.5022 0.8078
v 1.5017 -0.5022 1.5265
v 1.5017 -0.1897 2.2453
v 1.5017 -0.5022 2.2453
v -0.4983 0.1228 2.2453
v -0.5608 0.1228 2.2453
v -0.4983 -0.4397 2.2453
v -0.5608 -0.4397 2.2453
v 1.5642 0.1228 2.2453
v 1.5017 0.1228 2.2453
v 1.5642 -0.4397 2.2453
v 1.5017 -0.4397 2.2453
v 0.5017 0.1228 0.8078
v 0.5017 0.1228 1.3078
v 0.5017 0.1228 1.0578
v 1.5017 0.1228 1.0578
v -0.4983 0.1228 1.0578
v -0.4983 0.0603 1.3078
v -0.4983 0.0603 1.0578
v 0.5017 0.0603 1.0578
v 0.5017 0.0603 1.3078
v 0.5017 0.0603 0.8078
v -0.4983 0.0603 0.8078
v 1.5017 0.0603 1.0578
v 1.5017 0.0603 1.3078
v 1.5017 0.0603 0.8078
v 1.1267 -0.2522 2.214
v 1.3767 -0.2522 2.214
v 1.1267 -0.4397 2.1828
v 1.3767 -0.4397 2.1828
v 1.1267 -0.2522 2.2765
v 1.3767 -0.2522 2.2765
v 1.1267 -0.4397 2.2453
v 1.3767 -0.4397 2.2453
v 0.6267 -0.2522 2.214
v 0.8767 -0.2522 2.214
v 0.6267 -0.4397 2.1828
v 0.8767 -0.4397 2.1828
v 0.6267 -0.2522 2.2765
v 0.8767 -0.2522 2.2765
v 0.6267 -0.4397 2.2453
v 0.8767 -0.4397 2.2453
v 0.1267 -0.2522 2.214
v 0.3767 -0.2522 2.214
v 0.1267 -0.4397 2.1828
v 0.3767 -0.4397 2.1828
v 0.1267 -0.2522 2.2765
v 0.3767 -0.2522 2.2765
v 0.1267 -0.4397 2.2453
v 0.3767 -0.4397 2.2453
v -0.3733 -0.2522 2.214
v -0.1233 -0.2522 2.214
v -0.3733 -0.4397 2.1828
v -0.1233 -0.4397 2.1828
v -0.3733 -0.2522 2.2765
v -0.1233 -0.2522 2.2765
v -0.3733 -0.4397 2.2453
v -0.1233 -0.4397 2.2453
v 1.2517 -0.5647 0.8078
v 1.4392 -0.5647 0.8078
v 1.2517 -0.5647 2.3078
v 1.4392 -0.5647 2.3078
v -0.4358 -0.5647 0.8078
v -0.2483 -0.5647 0.8078
v -0.4358 -0.5647 2.3078
v -0.2483 -0.5647 2.3078
v 1.2517 -0.5022 0.8078
v 1.2517 -0.5022 2.3078
v 1.4392 -0.5022 0.8078
v 1.4392 -0.5022 2.3078
v -0.4358 -0.5022 0.8078
v -0.4358 -0.5022 2.3078
v -0.2483 -0.5022 0.8078
v -0.2483 -0.5022 2.3078
v 1.3142 -0.5022 2.3703
v 1.2517 -0.5022 2.3703
v 1.3142 -0.5647 2.3703
v 1.2517 -0.5647 2.3703
v 1.3142 -0.5022 2.3078
v 1.2517 -0.5022 2.3078
v 1.3142 -0.5647 2.3078
v 1.2517 -0.5647 2.3078
v 1.4392 -0.5022 2.3703
v 1.3767 -0.5022 2.3703
v 1.4392 -0.5647 2.3703
v 1.3767 -0.5647 2.3703
v 1.4392 -0.5022 2.3078
v 1.3767 -0.5022 2.3078
v 1.4392 -0.5647 2.3078
v 1.3767 -0.5647 2.3078
v 1.4392 -0.5022 2.4328
v 1.2517 -0.5022 2.4328
v 1.4392 -0.5647 2.4328
v 1.2517 -0.5647 2.4328
v 1.4392 -0.5022 2.3703
v 1.2517 -0.5022 2.3703
v 1.4392 -0.5647 2.3703
v 1.2517 -0.5647 2.3703
v -0.3733 -0.5022 2.3703
v -0.4358 -0.5022 2.3703
v -0.3733 -0.5647 2.3703
v -0.4358 -0.5647 2.3703
v -0.3733 -0.5022 2.3078
v -0.4358 -0.5022 2.3078
v -0.3733 -0.5647 2.3078
v -0.4358 -0.5647 2.3078
v -0.2483 -0.5022 2.3703
v -0.3108 -0.5022 2.3703
v -0.2483 -0.5647 2.3703
v -0.3108 -0.5647 2.3703
v -0.2483 -0.5022 2.3078
v -0.3108 -0.5022 2.3078
v -0.2483 -0.5647 2.3078
v -0.3108 -0.5647 2.3078
v -0.2483 -0.5022 2.4328
v -0.4358 -0.5022 2.4328
v -0.2483 -0.5647 2.4328
v -0.4358 -0.5647 2.4328
v -0.2483 -0.5022 2.3703
v -0.4358 -0.5022 2.3703
v -0.2483 -0.5647 2.3703
v -0.4358 -0.5647 2.3703
v -0.3108 0.1228 0.7453
v -0.2483 0.1228 0.7453
v -0.3108 0.0603 0.7453
v -0.2483 0.0603 0.7453
v -0.3108 0.1228 0.8078
v -0.2483 0.1228 0.8078
v -0.3108 0.0603 0.8078
v -0.2483 0.0603 0.8078
v -0.4358 0.1228 0.7453
v -0.3733 0.1228 0.7453
v -0.4358 0.0603 0.7453
v -0.3733 0.0603 0.7453
v -0.4358 0.1228 0.8078
v -0.3733 0.1228 0.8078
v -0.4358 0.0603 0.8078
v -0.3733 0.0603 0.8078
v -0.4358 0.1228 0.6828
v -0.2483 0.1228 0.6828
v -0.4358 0.0603 0.6828
v -0.2483 0.0603 0.6828
v -0.4358 0.1228 0.7453
v -0.2483 0.1228 0.7453
v -0.4358 0.0603 0.7453
v -0.2483 0.0603 0.7453
v 1.3767 0.1228 0.7453
v 1.4392 0.1228 0.7453
v 1.3767 0.0603 0.7453
v 1.4392 0.0603 0.7453
v 1.3767 0.1228 0.8078
v 1.4392 0.1228 0.8078
v 1.3767 0.0603 0.8078
v 1.4392 0.0603 0.8078
v 1.2517 0.1228 0.7453
v 1.3142 0.1228 0.7453
v 1.2517 0.0603 0.7453
v 1.3142 0.0603 0.7453
v 1.2517 0.1228 0.8078
v 1.3142 0.1228 0.8078
v 1.2517 0.0603 0.8078
v 1.3142 0.0603 0.8078
v 1.2517 0.1228 0.6828
v 1.4392 0.1228 0.6828
v 1.2517 0.0603 0.6828
v 1.4392 0.0603 0.6828
v 1.2517 0.1228 0.7453
v 1.4392 0.1228 0.7453
v 1.2517 0.0603 0.7453
v 1.4392 0.0603 0.7453
vt 0 1
vt 0.0156 1
vt 0.0156 0.8594
vt 0 0.8594
vt 0.3125 0.2344
vt 0.3125 0.25
vt 0.5 0.25
vt 0.5 0.2344
vt 0.375 0.25
vt 0.375 0.2344
vt 0.125 0.2344
vt 0.125 0.25
vt 0.375 0.2656
vt 0.375 0.25
vt 0.125 0.25
vt 0.125 0.2656
vt 0.375 0.9375
vt 0.125 0.9375
vt 0.125 1
vt 0.375 1
vt 0.5625 0.3594
vt 0.5625 0.375
vt 0.2969 0.375
vt 0.2969 0.3594
vt 0.5625 0.0313
vt 0.5625 0.0156
vt 0.2969 0.0156
vt 0.2969 0.0313
vt 0.5625 0.1953
vt 0.2969 0.1953
vt 0.2969 0.375
vt 0.5625 0.375
vt 0.7344 0.9844
vt 0.75 0.9844
vt 0.75 0.8438
vt 0.7344 0.8438
vt 0.3125 0.2344
vt 0.3125 0.25
vt 0.5 0.25
vt 0.5 0.2344
vt 0.25 0.0156
vt 0.25 0.375
vt 0.2969 0.375
vt 0.2969 0.0156
vt 0.25 0.0156
vt 0.25 0.375
vt 0.2969 0.375
vt 0.2969 0.0156
vt 0.25 0.0156
vt 0.25 0.375
vt 0.2969 0.375
vt 0.2969 0.0156
vt 0.2969 0.375
vt 0.25 0.375
vt 0.25 0.0156
vt 0.2969 0.0156
vt 0.2969 0.375
vt 0.25 0.375
vt 0.25 0.0156
vt 0.2969 0.0156
vt 0.2969 0.375
vt 0.25 0.375
vt 0.25 0.0156
vt 0.2969 0.0156
vt 0.2969 0.1953
vt 0.5625 0.1953
vt 0.5625 0.0156
vt 0.2969 0.0156
vt 0.2969 0.0156
vt 0.2969 0.0313
vt 0.5625 0.0313
vt 0.5625 0.0156
vt 0.2969 0.375
vt 0.2969 0.3594
vt 0.5625 0.3594
vt 0.5625 0.375
vt 0.2969 0.1953
vt 0.5625 0.1953
vt 0.5625 0.0156
vt 0.2969 0.0156
vt 0.1875 0.25
vt 0.1875 0.2344
vt 0 0.2344
vt 0 0.25
vt 0.5625 0.1953
vt 0.2969 0.1953
vt 0.2969 0.375
vt 0.5625 0.375
vt 0.1875 0.25
vt 0.1875 0.2344
vt 0 0.2344
vt 0 0.25
vt 0 1
vt 0.0156 1
vt 0.0156 0.9844
vt 0 0.9844
vt 0.3438 1
vt 0.3594 1
vt 0.3594 0.9844
vt 0.3438 0.9844
vt 0 1
vt 0.3594 1
vt 0.3594 0.9844
vt 0 0.9844
vt 0 1
vt 0.3594 1
vt 0.3594 0.9844
vt 0 0.9844
vt 0 1
vt 0.3594 1
vt 0.3594 0.9844
vt 0 0.9844
vt 0 1
vt 0.3594 1
vt 0.3594 0.9844
vt 0 0.9844
vt 0 1
vt 0.0156 1
vt 0.0156 0.9844
vt 0 0.9844
vt 0.3438 1
vt 0.3594 1
vt 0.3594 0.9844
vt 0.3438 0.9844
vt 0 1
vt 0.3594 1
vt 0.3594 0.9844
vt 0 0.9844
vt 0 1
vt 0.3594 1
vt 0.3594 0.9844
vt 0 0.9844
vt 0 1
vt 0.3594 1
vt 0.3594 0.9844
vt 0 0.9844
vt 0 1
vt 0.3594 1
vt 0.3594 0.9844
vt 0 0.9844
vt 0 1
vt 0.0156 1
vt 0.0156 0.9844
vt 0 0.9844
vt 0.3438 1
vt 0.3594 1
vt 0.3594 0.9844
vt 0.3438 0.9844
vt 0 1
vt 0.3594 1
vt 0.3594 0.9844
vt 0 0.9844
vt 0 1
vt 0.3594 1
vt 0.3594 0.9844
vt 0 0.9844
vt 0 1
vt 0.3594 1
vt 0.3594 0.9844
vt 0 0.9844
vt 0 1
vt 0.3594 1
vt 0.3594 0.9844
vt 0 0.9844
vt 0 0.8203
vt 0.2656 0.8203
vt 0.2656 1
vt 0 1
vt 0.75 0.4297
vt 0.4844 0.4297
vt 0.4844 0.25
vt 0.75 0.25
vt 0.2656 0.4297
vt 0 0.4297
vt 0 0.25
vt 0.2656 0.25
vt 0.4844 0.8203
vt 0.75 0.8203
vt 0.75 1
vt 0.4844 1
vt 0.1875 0.1719
vt 0 0.1719
vt 0 0.25
vt 0.1875 0.25
vt 0.5 0.1719
vt 0.3125 0.1719
vt 0.3125 0.25
vt 0.5 0.25
vt 0 0.0781
vt 0.1875 0.0781
vt 0.1875 0
vt 0 0
vt 0.3125 0.0781
vt 0.5 0.0781
vt 0.5 0
vt 0.3125 0
vt 0 0.25
vt 0 0.1719
vt 0.1875 0.1719
vt 0.1875 0.25
vt 0.3125 0.25
vt 0.3125 0.1719
vt 0.5 0.1719
vt 0.5 0.25
vt 0.1875 0
vt 0.1875 0.0781
vt 0 0.0781
vt 0 0
vt 0.5 0
vt 0.5 0.0781
vt 0.3125 0.0781
vt 0.3125 0
vt 0 0.25
vt 0 0.1719
vt 0.1875 0.1719
vt 0.1875 0.25
vt 0.3125 0.25
vt 0.3125 0.1719
vt 0.5 0.1719
vt 0.5 0.25
vt 0.1875 0
vt 0.1875 0.0781
vt 0 0.0781
vt 0 0
vt 0.5 0
vt 0.5 0.0781
vt 0.3125 0.0781
vt 0.3125 0
vt 0.1875 0.1719
vt 0 0.1719
vt 0 0.25
vt 0.1875 0.25
vt 0.5 0.1719
vt 0.3125 0.1719
vt 0.3125 0.25
vt 0.5 0.25
vt 0 0.0781
vt 0.1875 0.0781
vt 0.1875 0
vt 0 0
vt 0.3125 0.0781
vt 0.5 0.0781
vt 0.5 0
vt 0.3125 0
vt 0.0156 0.8594
vt 0.0156 1
vt 0 1
vt 0 0.8594
vt 0.75 0.8438
vt 0.75 0.9844
vt 0.7344 0.9844
vt 0.7344 0.8438
vt 0.375 0.9375
vt 0.125 0.9375
vt 0.125 1
vt 0.375 1
vt 0.1094 0.25
vt 0.1094 0.2656
vt 0.3594 0.2656
vt 0.3594 0.25
vt 0.125 0.2344
vt 0.125 0.25
vt 0.375 0.25
vt 0.375 0.2344
vt 0.125 0.3125
vt 0.375 0.3125
vt 0.375 0.25
vt 0.125 0.25
vt 0.125 0.3125
vt 0.375 0.3125
vt 0.375 0.25
vt 0.125 0.25
vt 0.125 1
vt 0.125 0.9375
vt 0.375 0.9375
vt 0.375 1
vt 0.125 1
vt 0.125 0.9375
vt 0.375 0.9375
vt 0.375 1
vt 0.375 0.25
vt 0.375 0.3125
vt 0.125 0.3125
vt 0.125 0.25
vt 0.375 0.25
vt 0.375 0.3125
vt 0.125 0.3125
vt 0.125 0.25
vt 0.0469 0.4375
vt 0.0469 0.375
vt 0 0.375
vt 0 0.4375
vt 0.0469 0.4375
vt 0.0469 0.375
vt 0 0.375
vt 0 0.4375
vt 0.0313 0.4375
vt 0.0469 0.4375
vt 0.0469 0.375
vt 0.0313 0.375
vt 0.0469 0.3906
vt 0.0469 0.375
vt 0 0.375
vt 0 0.3906
vt 0.0469 0.4375
vt 0.0469 0.4219
vt 0 0.4219
vt 0 0.4375
vt 0.0469 0.4375
vt 0.0469 0.375
vt 0 0.375
vt 0 0.4375
vt 0.0469 0.4375
vt 0.0469 0.375
vt 0 0.375
vt 0 0.4375
vt 0.0313 0.4375
vt 0.0469 0.4375
vt 0.0469 0.375
vt 0.0313 0.375
vt 0.0469 0.3906
vt 0.0469 0.375
vt 0 0.375
vt 0 0.3906
vt 0.0469 0.4375
vt 0.0469 0.4219
vt 0 0.4219
vt 0 0.4375
vt 0.0469 0.4375
vt 0.0469 0.375
vt 0 0.375
vt 0 0.4375
vt 0.0469 0.4375
vt 0.0469 0.375
vt 0 0.375
vt 0 0.4375
vt 0.0313 0.4375
vt 0.0469 0.4375
vt 0.0469 0.375
vt 0.0313 0.375
vt 0.0469 0.3906
vt 0.0469 0.375
vt 0 0.375
vt 0 0.3906
vt 0.0469 0.4375
vt 0.0469 0.4219
vt 0 0.4219
vt 0 0.4375
vt 0.0469 0.4375
vt 0.0469 0.375
vt 0 0.375
vt 0 0.4375
vt 0.0469 0.4375
vt 0.0469 0.375
vt 0 0.375
vt 0 0.4375
vt 0.0313 0.4375
vt 0.0469 0.4375
vt 0.0469 0.375
vt 0.0313 0.375
vt 0.0469 0.3906
vt 0.0469 0.375
vt 0 0.375
vt 0 0.3906
vt 0.0469 0.4375
vt 0.0469 0.4219
vt 0 0.4219
vt 0 0.4375
vt 0.75 1
vt 0.7969 1
vt 0.7969 0.9844
vt 0.75 0.9844
vt 0.7969 0.6094
vt 0.75 0.6094
vt 0.75 0.5938
vt 0.7969 0.5938
vt 0.75 0.625
vt 0.75 1
vt 0.7969 1
vt 0.7969 0.625
vt 0.75 1
vt 0.75 0.625
vt 0.7656 0.625
vt 0.7656 1
vt 0.7813 1
vt 0.7813 0.625
vt 0.7969 0.625
vt 0.7969 1
vt 0.75 1
vt 0.7969 1
vt 0.7969 0.9844
vt 0.75 0.9844
vt 0.7969 0.6094
vt 0.75 0.6094
vt 0.75 0.5938
vt 0.7969 0.5938
vt 0.75 0.625
vt 0.75 1
vt 0.7969 1
vt 0.7969 0.625
vt 0.75 1
vt 0.75 0.625
vt 0.7656 0.625
vt 0.7656 1
vt 0.7813 1
vt 0.7813 0.625
vt 0.7969 0.625
vt 0.7969 1
vt 0.7969 1
vt 0.75 1
vt 0.75 0.625
vt 0.7969 0.625
vt 0.7969 1
vt 0.75 1
vt 0.75 0.625
vt 0.7969 0.625
vt 0.9375 0.5313
vt 0.9531 0.5313
vt 0.9531 0.5156
vt 0.9375 0.5156
vt 0.9375 0.5313
vt 0.9531 0.5313
vt 0.9531 0.5156
vt 0.9375 0.5156
vt 0.9375 0.5313
vt 0.9531 0.5313
vt 0.9531 0.5156
vt 0.9375 0.5156
vt 0.9375 0.5313
vt 0.9531 0.5313
vt 0.9531 0.5156
vt 0.9375 0.5156
vt 0.9063 0.5313
vt 0.9219 0.5313
vt 0.9219 0.5156
vt 0.9063 0.5156
vt 0.9063 0.5313
vt 0.9219 0.5313
vt 0.9219 0.5156
vt 0.9063 0.5156
vt 0.9063 0.5313
vt 0.9219 0.5313
vt 0.9219 0.5156
vt 0.9063 0.5156
vt 0.9063 0.5313
vt 0.9219 0.5313
vt 0.9219 0.5156
vt 0.9063 0.5156
vt 0.9063 0.5469
vt 0.9531 0.5469
vt 0.9531 0.5313
vt 0.9063 0.5313
vt 0.9219 0.5313
vt 0.9688 0.5313
vt 0.9688 0.5156
vt 0.9219 0.5156
vt 0.9531 0.5313
vt 0.9531 0.5469
vt 0.9063 0.5469
vt 0.9063 0.5313
vt 0.9063 0.5313
vt 0.9063 0.5469
vt 0.9531 0.5469
vt 0.9531 0.5313
vt 0.9063 0.5469
vt 0.9219 0.5469
vt 0.9219 0.5313
vt 0.9063 0.5313
vt 0.9375 0.5469
vt 0.9531 0.5469
vt 0.9531 0.5313
vt 0.9375 0.5313
vt 0.9375 0.5313
vt 0.9531 0.5313
vt 0.9531 0.5156
vt 0.9375 0.5156
vt 0.9375 0.5313
vt 0.9531 0.5313
vt 0.9531 0.5156
vt 0.9375 0.5156
vt 0.9375 0.5313
vt 0.9531 0.5313
vt 0.9531 0.5156
vt 0.9375 0.5156
vt 0.9375 0.5313
vt 0.9531 0.5313
vt 0.9531 0.5156
vt 0.9375 0.5156
vt 0.9063 0.5313
vt 0.9219 0.5313
vt 0.9219 0.5156
vt 0.9063 0.5156
vt 0.9063 0.5313
vt 0.9219 0.5313
vt 0.9219 0.5156
vt 0.9063 0.5156
vt 0.9063 0.5313
vt 0.9219 0.5313
vt 0.9219 0.5156
vt 0.9063 0.5156
vt 0.9063 0.5313
vt 0.9219 0.5313
vt 0.9219 0.5156
vt 0.9063 0.5156
vt 0.9063 0.5469
vt 0.9531 0.5469
vt 0.9531 0.5313
vt 0.9063 0.5313
vt 0.9219 0.5313
vt 0.9688 0.5313
vt 0.9688 0.5156
vt 0.9219 0.5156
vt 0.9531 0.5313
vt 0.9531 0.5469
vt 0.9063 0.5469
vt 0.9063 0.5313
vt 0.9063 0.5313
vt 0.9063 0.5469
vt 0.9531 0.5469
vt 0.9531 0.5313
vt 0.9063 0.5469
vt 0.9219 0.5469
vt 0.9219 0.5313
vt 0.9063 0.5313
vt 0.9375 0.5469
vt 0.9531 0.5469
vt 0.9531 0.5313
vt 0.9375 0.5313
vt 0.9375 0.5313
vt 0.9531 0.5313
vt 0.9531 0.5156
vt 0.9375 0.5156
vt 0.9375 0.5313
vt 0.9531 0.5313
vt 0.9531 0.5156
vt 0.9375 0.5156
vt 0.9375 0.5313
vt 0.9531 0.5313
vt 0.9531 0.5156
vt 0.9375 0.5156
vt 0.9375 0.5313
vt 0.9531 0.5313
vt 0.9531 0.5156
vt 0.9375 0.5156
vt 0.9063 0.5313
vt 0.9219 0.5313
vt 0.9219 0.5156
vt 0.9063 0.5156
vt 0.9063 0.5313
vt 0.9219 0.5313
vt 0.9219 0.5156
vt 0.9063 0.5156
vt 0.9063 0.5313
vt 0.9219 0.5313
vt 0.9219 0.5156
vt 0.9063 0.5156
vt 0.9063 0.5313
vt 0.9219 0.5313
vt 0.9219 0.5156
vt 0.9063 0.5156
vt 0.9063 0.5469
vt 0.9531 0.5469
vt 0.9531 0.5313
vt 0.9063 0.5313
vt 0.9219 0.5313
vt 0.9688 0.5313
vt 0.9688 0.5156
vt 0.9219 0.5156
vt 0.9531 0.5313
vt 0.9531 0.5469
vt 0.9063 0.5469
vt 0.9063 0.5313
vt 0.9063 0.5313
vt 0.9063 0.5469
vt 0.9531 0.5469
vt 0.9531 0.5313
vt 0.9063 0.5469
vt 0.9219 0.5469
vt 0.9219 0.5313
vt 0.9063 0.5313
vt 0.9375 0.5469
vt 0.9531 0.5469
vt 0.9531 0.5313
vt 0.9375 0.5313
vt 0.9375 0.5313
vt 0.9531 0.5313
vt 0.9531 0.5156
vt 0.9375 0.5156
vt 0.9375 0.5313
vt 0.9531 0.5313
vt 0.9531 0.5156
vt 0.9375 0.5156
vt 0.9375 0.5313
vt 0.9531 0.5313
vt 0.9531 0.5156
vt 0.9375 0.5156
vt 0.9375 0.5313
vt 0.9531 0.5313
vt 0.9531 0.5156
vt 0.9375 0.5156
vt 0.9063 0.5313
vt 0.9219 0.5313
vt 0.9219 0.5156
vt 0.9063 0.5156
vt 0.9063 0.5313
vt 0.9219 0.5313
vt 0.9219 0.5156
vt 0.9063 0.5156
vt 0.9063 0.5313
vt 0.9219 0.5313
vt 0.9219 0.5156
vt 0.9063 0.5156
vt 0.9063 0.5313
vt 0.9219 0.5313
vt 0.9219 0.5156
vt 0.9063 0.5156
vt 0.9063 0.5469
vt 0.9531 0.5469
vt 0.9531 0.5313
vt 0.9063 0.5313
vt 0.9219 0.5313
vt 0.9688 0.5313
vt 0.9688 0.5156
vt 0.9219 0.5156
vt 0.9531 0.5313
vt 0.9531 0.5469
vt 0.9063 0.5469
vt 0.9063 0.5313
vt 0.9063 0.5313
vt 0.9063 0.5469
vt 0.9531 0.5469
vt 0.9531 0.5313
vt 0.9063 0.5469
vt 0.9219 0.5469
vt 0.9219 0.5313
vt 0.9063 0.5313
vt 0.9375 0.5469
vt 0.9531 0.5469
vt 0.9531 0.5313
vt 0.9375 0.5313
vn 0 0 -1
vn 0 1 0
vn 0 0 -1
vn 0 0 1
vn 0 1 0
vn 0 0 -1
vn 0 0 1
vn 0 1 0
vn 0 0 -1
vn 0 1 0
vn 1 0 0
vn 1 0 0
vn 1 0 0
vn -1 0 0
vn -1 0 0
vn -1 0 0
vn 0 1 0
vn 0 0 1
vn 0 0 -1
vn 0 1 0
vn 0 1 0
vn 0 1 0
vn 0 1 0
vn 0 0 -1
vn 0 0 1
vn 0 1 0
vn 0 -1 0
vn -1 0 0
vn 1 0 0
vn 0 0 -1
vn 0 0 1
vn 0 1 0
vn 0 -1 0
vn -1 0 0
vn 1 0 0
vn 0 0 -1
vn 0 0 1
vn 0 1 0
vn 0 -1 0
vn -1 0 0
vn 1 0 0
vn 0 -1 0
vn 0 -1 0
vn 0 -1 0
vn 0 -1 0
vn -1 0 0
vn -1 0 0
vn -1 0 0
vn -1 0 0
vn 1 0 0
vn 1 0 0
vn 1 0 0
vn 1 0 0
vn 1 0 0
vn 1 0 0
vn 1 0 0
vn 1 0 0
vn -1 0 0
vn -1 0 0
vn -1 0 0
vn -1 0 0
vn 0 0 1
vn 0 0 1
vn 0 1 0
vn 0 0 1
vn 0 0 -1
vn 0 1 0
vn 0 1 0
vn 0 -1 0
vn 0 -1 0
vn 0 -1 0
vn 0 -1 0
vn 0 0.16 -0.99
vn 0 -0.16 0.99
vn 0 1 0
vn -1 0 0
vn 1 0 0
vn 0 0.16 -0.99
vn 0 -0.16 0.99
vn 0 1 0
vn -1 0 0
vn 1 0 0
vn 0 0.16 -0.99
vn 0 -0.16 0.99
vn 0 1 0
vn -1 0 0
vn 1 0 0
vn 0 0.16 -0.99
vn 0 -0.16 0.99
vn 0 1 0
vn -1 0 0
vn 1 0 0
vn 0 0 -1
vn 0 0 1
vn 0 -1 0
vn -1 0 0
vn 1 0 0
vn 0 0 -1
vn 0 0 1
vn 0 -1 0
vn -1 0 0
vn 1 0 0
vn 0 1 0
vn 0 1 0
vn 0 1 0
vn 0 -1 0
vn 1 0 0
vn -1 0 0
vn 0 1 0
vn 0 -1 0
vn 1 0 0
vn -1 0 0
vn 0 0 1
vn 0 0 -1
vn 0 1 0
vn 0 -1 0
vn 1 0 0
vn -1 0 0
vn 0 1 0
vn 0 -1 0
vn 1 0 0
vn -1 0 0
vn 0 1 0
vn 0 -1 0
vn 1 0 0
vn -1 0 0
vn 0 0 1
vn 0 0 -1
vn 0 1 0
vn 0 -1 0
vn 1 0 0
vn -1 0 0
vn 0 1 0
vn 0 -1 0
vn -1 0 0
vn 1 0 0
vn 0 1 0
vn 0 -1 0
vn -1 0 0
vn 1 0 0
vn 0 0 -1
vn 0 0 1
vn 0 1 0
vn 0 -1 0
vn -1 0 0
vn 1 0 0
vn 0 1 0
vn 0 -1 0
vn -1 0 0
vn 1 0 0
vn 0 1 0
vn 0 -1 0
vn -1 0 0
vn 1 0 0
vn 0 0 -1
vn 0 0 1
vn 0 1 0
vn 0 -1 0
vn -1 0 0
vn 1 0 0
usemtl common_iron
f 464/1321/331 547/1322/331 466/1323/331
f 464/1321/331 466/1323/331 465/1324/331
f 498/1325/332 542/1326/332 547/1327/332
f 498/1325/332 547/1327/332 464/1328/332
f 573/1329/333 564/1330/333 551/1331/333
f 573/1329/333 551/1331/333 577/1332/333
f 565/1333/334 572/1334/334 576/1335/334
f 565/1333/334 576/1335/334 468/1336/334
f 566/1337/335 567/1338/335 551/1339/335
f 566/1337/335 551/1339/335 564/1340/335
usemtl weapon_rocket_launcher
f 523/1341/336 476/1342/336 469/1343/336
f 523/1341/336 469/1343/336 532/1344/336
f 478/1345/337 528/1346/337 537/1347/337
f 478/1345/337 537/1347/337 562/1348/337
f 495/1349/338 496/1350/338 469/1351/338
f 495/1349/338 469/1351/338 476/1352/338
usemtl common_iron
f 551/1353/339 539/1354/339 469/1355/339
f 551/1353/339 469/1355/339 470/1356/339
f 548/1357/340 538/1358/340 539/1359/340
f 548/1357/340 539/1359/340 551/1360/340
usemtl weapon_rocket_launcher
f 471/1361/341 473/1362/341 474/1363/341
f 471/1361/341 474/1363/341 472/1364/341
f 475/1365/342 477/1366/342 478/1367/342
f 475/1365/342 478/1367/342 476/1368/342
f 479/1369/343 481/1370/343 482/1371/343
f 479/1369/343 482/1371/343 480/1372/343
f 489/1373/344 487/1374/344 488/1375/344
f 489/1373/344 488/1375/344 490/1376/344
f 485/1377/345 483/1378/345 484/1379/345
f 485/1377/345 484/1379/345 486/1380/345
f 493/1381/346 491/1382/346 492/1383/346
f 493/1381/346 492/1383/346 494/1384/346
f 495/1385/347 497/1386/347 559/1387/347
f 495/1385/347 559/1387/347 478/1388/347
f 528/1389/348 478/1390/348 559/1391/348
f 528/1389/348 559/1391/348 527/1392/348
f 476/1393/349 523/1394/349 526/1395/349
f 476/1393/349 526/1395/349 465/1396/349
f 496/1397/350 495/1398/350 478/1399/350
f 496/1397/350 478/1399/350 562/1400/350
usemtl common_iron
f 542/1401/351 498/1402/351 557/1403/351
f 542/1401/351 557/1403/351 556/1404/351
usemtl weapon_rocket_launcher
f 497/1405/352 495/1406/352 476/1407/352
f 497/1405/352 476/1407/352 465/1408/352
usemtl common_iron
f 538/1409/353 548/1410/353 561/1411/353
f 538/1409/353 561/1411/353 560/1412/353
usemtl common_steel_norivets
f 499/1413/354 500/1414/354 502/1415/354
f 499/1413/354 502/1415/354 501/1416/354
f 504/1417/355 503/1418/355 505/1419/355
f 504/1417/355 505/1419/355 506/1420/355
f 504/1421/356 500/1422/356 499/1423/356
f 504/1421/356 499/1423/356 503/1424/356
f 505/1425/357 501/1426/357 502/1427/357
f 505/1425/357 502/1427/357 506/1428/357
f 503/1429/358 499/1430/358 501/1431/358
f 503/1429/358 501/1431/358 505/1432/358
f 500/1433/359 504/1434/359 506/1435/359
f 500/1433/359 506/1435/359 502/1436/359
f 507/1437/360 508/1438/360 510/1439/360
f 507/1437/360 510/1439/360 509/1440/360
f 512/1441/361 511/1442/361 513/1443/361
f 512/1441/361 513/1443/361 514/1444/361
f 512/1445/362 508/1446/362 507/1447/362
f 512/1445/362 507/1447/362 511/1448/362
f 513/1449/363 509/1450/363 510/1451/363
f 513/1449/363 510/1451/363 514/1452/363
f 511/1453/364 507/1454/364 509/1455/364
f 511/1453/364 509/1455/364 513/1456/364
f 508/1457/365 512/1458/365 514/1459/365
f 508/1457/365 514/1459/365 510/1460/365
f 515/1461/366 516/1462/366 518/1463/366
f 515/1461/366 518/1463/366 517/1464/366
f 520/1465/367 519/1466/367 521/1467/367
f 520/1465/367 521/1467/367 522/1468/367
f 520/1469/368 516/1470/368 515/1471/368
f 520/1469/368 515/1471/368 519/1472/368
f 521/1473/369 517/1474/369 518/1475/369
f 521/1473/369 518/1475/369 522/1476/369
f 519/1477/370 515/1478/370 517/1479/370
f 519/1477/370 517/1479/370 521/1480/370
f 516/1481/371 520/1482/371 522/1483/371
f 516/1481/371 522/1483/371 518/1484/371
usemtl common_iron
f 535/1485/372 524/1486/372 523/1487/372
f 535/1485/372 523/1487/372 532/1488/372
f 525/1489/373 524/1490/373 528/1491/373
f 525/1489/373 528/1491/373 527/1492/373
f 524/1493/374 535/1494/374 537/1495/374
f 524/1493/374 537/1495/374 528/1496/374
f 524/1497/375 525/1498/375 526/1499/375
f 524/1497/375 526/1499/375 523/1500/375
f 529/1501/376 530/1502/376 557/1503/376
f 529/1501/376 557/1503/376 498/1504/376
f 531/1505/377 529/1506/377 498/1507/377
f 531/1505/377 498/1507/377 464/1508/377
f 530/1509/378 529/1510/378 525/1511/378
f 530/1509/378 525/1511/378 527/1512/378
f 529/1513/379 531/1514/379 526/1515/379
f 529/1513/379 526/1515/379 525/1516/379
f 560/1517/380 536/1518/380 534/1519/380
f 560/1517/380 534/1519/380 538/1520/380
f 538/1521/381 534/1522/381 533/1523/381
f 538/1521/381 533/1523/381 539/1524/381
f 535/1525/382 534/1526/382 536/1527/382
f 535/1525/382 536/1527/382 537/1528/382
f 532/1529/383 533/1530/383 534/1531/383
f 532/1529/383 534/1531/383 535/1532/383
f 556/1533/384 541/1534/384 540/1535/384
f 556/1533/384 540/1535/384 542/1536/384
f 542/1537/385 540/1538/385 545/1539/385
f 542/1537/385 545/1539/385 547/1540/385
f 543/1541/386 540/1542/386 541/1543/386
f 543/1541/386 541/1543/386 544/1544/386
f 546/1545/387 545/1546/387 540/1547/387
f 546/1545/387 540/1547/387 543/1548/387
f 550/1549/388 554/1550/388 561/1551/388
f 550/1549/388 561/1551/388 548/1552/388
f 549/1553/389 550/1554/389 548/1555/389
f 549/1553/389 548/1555/389 551/1556/389
f 554/1557/390 550/1558/390 553/1559/390
f 554/1557/390 553/1559/390 555/1560/390
f 550/1561/391 549/1562/391 552/1563/391
f 550/1561/391 552/1563/391 553/1564/391
f 558/1565/392 556/1566/392 557/1567/392
f 558/1565/392 557/1567/392 559/1568/392
f 562/1569/393 560/1570/393 561/1571/393
f 562/1569/393 561/1571/393 563/1572/393
f 568/1573/394 566/1574/394 564/1575/394
f 568/1573/394 564/1575/394 547/1576/394
f 572/1577/395 565/1578/395 467/1579/395
f 572/1577/395 467/1579/395 569/1580/395
f 564/1581/396 573/1582/396 574/1583/396
f 564/1581/396 574/1583/396 547/1584/396
f 567/1585/397 566/1586/397 565/1587/397
f 567/1585/397 565/1587/397 468/1588/397
f 566/1589/398 568/1590/398 467/1591/398
f 566/1589/398 467/1591/398 565/1592/398
f 577/1593/399 575/1594/399 571/1595/399
f 577/1593/399 571/1595/399 573/1596/399
f 573/1597/400 571/1598/400 570/1599/400
f 573/1597/400 570/1599/400 574/1600/400
f 572/1601/401 571/1602/401 575/1603/401
f 572/1601/401 575/1603/401 576/1604/401
f 569/1605/402 570/1606/402 571/1607/402
f 569/1605/402 571/1607/402 572/1608/402
usemtl weapon_rocket_launcher
f 578/1609/403 579/1610/403 581/1611/403
f 578/1609/403 581/1611/403 580/1612/403
f 583/1613/404 582/1614/404 584/1615/404
f 583/1613/404 584/1615/404 585/1616/404
f 583/1617/405 579/1618/405 578/1619/405
f 583/1617/405 578/1619/405 582/1620/405
f 582/1621/406 578/1622/406 580/1623/406
f 582/1621/406 580/1623/406 584/1624/406
f 579/1625/407 583/1626/407 585/1627/407
f 579/1625/407 585/1627/407 581/1628/407
f 586/1629/408 587/1630/408 589/1631/408
f 586/1629/408 589/1631/408 588/1632/408
f 591/1633/409 590/1634/409 592/1635/409
f 591/1633/409 592/1635/409 593/1636/409
f 591/1637/410 587/1638/410 586/1639/410
f 591/1637/410 586/1639/410 590/1640/410
f 590/1641/411 586/1642/411 588/1643/411
f 590/1641/411 588/1643/411 592/1644/411
f 587/1645/412 591/1646/412 593/1647/412
f 587/1645/412 593/1647/412 589/1648/412
f 594/1649/413 595/1650/413 597/1651/413
f 594/1649/413 597/1651/413 596/1652/413
f 599/1653/414 598/1654/414 600/1655/414
f 599/1653/414 600/1655/414 601/1656/414
f 599/1657/415 595/1658/415 594/1659/415
f 599/1657/415 594/1659/415 598/1660/415
f 598/1661/416 594/1662/416 596/1663/416
f 598/1661/416 596/1663/416 600/1664/416
f 595/1665/417 599/1666/417 601/1667/417
f 595/1665/417 601/1667/417 597/1668/417
f 602/1669/418 603/1670/418 605/1671/418
f 602/1669/418 605/1671/418 604/1672/418
f 607/1673/419 606/1674/419 608/1675/419
f 607/1673/419 608/1675/419 609/1676/419
f 607/1677/420 603/1678/420 602/1679/420
f 607/1677/420 602/1679/420 606/1680/420
f 606/1681/421 602/1682/421 604/1683/421
f 606/1681/421 604/1683/421 608/1684/421
f 603/1685/422 607/1686/422 609/1687/422
f 603/1685/422 609/1687/422 605/1688/422
usemtl common_rough_steel
f 618/1689/423 620/1690/423 611/1691/423
f 618/1689/423 611/1691/423 610/1692/423
f 621/1693/424 619/1694/424 612/1695/424
f 621/1693/424 612/1695/424 613/1696/424
f 612/1697/425 610/1698/425 611/1699/425
f 612/1697/425 611/1699/425 613/1700/425
f 619/1701/426 618/1702/426 610/1703/426
f 619/1701/426 610/1703/426 612/1704/426
f 620/1705/427 621/1706/427 613/1707/427
f 620/1705/427 613/1707/427 611/1708/427
f 622/1709/428 624/1710/428 615/1711/428
f 622/1709/428 615/1711/428 614/1712/428
f 625/1713/429 623/1714/429 616/1715/429
f 625/1713/429 616/1715/429 617/1716/429
f 616/1717/430 614/1718/430 615/1719/430
f 616/1717/430 615/1719/430 617/1720/430
f 623/1721/431 622/1722/431 614/1723/431
f 623/1721/431 614/1723/431 616/1724/431
f 624/1725/432 625/1726/432 617/1727/432
f 624/1725/432 617/1727/432 615/1728/432
f 620/1729/433 618/1730/433 619/1731/433
f 620/1729/433 619/1731/433 621/1732/433
f 624/1733/434 622/1734/434 623/1735/434
f 624/1733/434 623/1735/434 625/1736/434
usemtl weapon_rocket_launcher
f 631/1737/435 627/1738/435 626/1739/435
f 631/1737/435 626/1739/435 630/1740/435
f 632/1741/436 628/1742/436 629/1743/436
f 632/1741/436 629/1743/436 633/1744/436
f 630/1745/437 626/1746/437 628/1747/437
f 630/1745/437 628/1747/437 632/1748/437
f 627/1749/438 631/1750/438 633/1751/438
f 627/1749/438 633/1751/438 629/1752/438
f 639/1753/439 635/1754/439 634/1755/439
f 639/1753/439 634/1755/439 638/1756/439
f 640/1757/440 636/1758/440 637/1759/440
f 640/1757/440 637/1759/440 641/1760/440
f 638/1761/441 634/1762/441 636/1763/441
f 638/1761/441 636/1763/441 640/1764/441
f 635/1765/442 639/1766/442 641/1767/442
f 635/1765/442 641/1767/442 637/1768/442
f 642/1769/443 643/1770/443 645/1771/443
f 642/1769/443 645/1771/443 644/1772/443
f 647/1773/444 646/1774/444 648/1775/444
f 647/1773/444 648/1775/444 649/1776/444
f 647/1777/445 643/1778/445 642/1779/445
f 647/1777/445 642/1779/445 646/1780/445
f 648/1781/446 644/1782/446 645/1783/446
f 648/1781/446 645/1783/446 649/1784/446
f 646/1785/447 642/1786/447 644/1787/447
f 646/1785/447 644/1787/447 648/1788/447
f 643/1789/448 647/1790/448 649/1791/448
f 643/1789/448 649/1791/448 645/1792/448
f 655/1793/449 651/1794/449 650/1795/449
f 655/1793/449 650/1795/449 654/1796/449
f 656/1797/450 652/1798/450 653/1799/450
f 656/1797/450 653/1799/450 657/1800/450
f 654/1801/451 650/1802/451 652/1803/451
f 654/1801/451 652/1803/451 656/1804/451
f 651/1805/452 655/1806/452 657/1807/452
f 651/1805/452 657/1807/452 653/1808/452
f 663/1809/453 659/1810/453 658/1811/453
f 663/1809/453 658/1811/453 662/1812/453
f 664/1813/454 660/1814/454 661/1815/454
f 664/1813/454 661/1815/454 665/1816/454
f 662/1817/455 658/1818/455 660/1819/455
f 662/1817/455 660/1819/455 664/1820/455
f 659/1821/456 663/1822/456 665/1823/456
f 659/1821/456 665/1823/456 661/1824/456
f 666/1825/457 667/1826/457 669/1827/457
f 666/1825/457 669/1827/457 668/1828/457
f 671/1829/458 670/1830/458 672/1831/458
f 671/1829/458 672/1831/458 673/1832/458
f 671/1833/459 667/1834/459 666/1835/459
f 671/1833/459 666/1835/459 670/1836/459
f 672/1837/460 668/1838/460 669/1839/460
f 672/1837/460 669/1839/460 673/1840/460
f 670/1841/461 666/1842/461 668/1843/461
f 670/1841/461 668/1843/461 672/1844/461
f 667/1845/462 671/1846/462 673/1847/462
f 667/1845/462 673/1847/462 669/1848/462
f 679/1849/463 675/1850/463 674/1851/463
f 679/1849/463 674/1851/463 678/1852/463
f 680/1853/464 676/1854/464 677/1855/464
f 680/1853/464 677/1855/464 681/1856/464
f 678/1857/465 674/1858/465 676/1859/465
f 678/1857/465 676/1859/465 680/1860/465
f 675/1861/466 679/1862/466 681/1863/466
f 675/1861/466 681/1863/466 677/1864/466
f 687/1865/467 683/1866/467 682/1867/467
f 687/1865/467 682/1867/467 686/1868/467
f 688/1869/468 684/1870/468 685/1871/468
f 688/1869/468 685/1871/468 689/1872/468
f 686/1873/469 682/1874/469 684/1875/469
f 686/1873/469 684/1875/469 688/1876/469
f 683/1877/470 687/1878/470 689/1879/470
f 683/1877/470 689/1879/470 685/1880/470
f 690/1881/471 691/1882/471 693/1883/471
f 690/1881/471 693/1883/471 692/1884/471
f 695/1885/472 694/1886/472 696/1887/472
f 695/1885/472 696/1887/472 697/1888/472
f 695/1889/473 691/1890/473 690/1891/473
f 695/1889/473 690/1891/473 694/1892/473
f 696/1893/474 692/1894/474 693/1895/474
f 696/1893/474 693/1895/474 697/1896/474
f 694/1897/475 690/1898/475 692/1899/475
f 694/1897/475 692/1899/475 696/1900/475
f 691/1901/476 695/1902/476 697/1903/476
f 691/1901/476 697/1903/476 693/1904/476
f 703/1905/477 699/1906/477 698/1907/477
f 703/1905/477 698/1907/477 702/1908/477
f 704/1909/478 700/1910/478 701/1911/478
f 704/1909/478 701/1911/478 705/1912/478
f 702/1913/479 698/1914/479 700/1915/479
f 702/1913/479 700/1915/479 704/1916/479
f 699/1917/480 703/1918/480 705/1919/480
f 699/1917/480 705/1919/480 701/1920/480
f 711/1921/481 707/1922/481 706/1923/481
f 711/1921/481 706/1923/481 710/1924/481
f 712/1925/482 708/1926/482 709/1927/482
f 712/1925/482 709/1927/482 713/1928/482
f 710/1929/483 706/1930/483 708/1931/483
f 710/1929/483 708/1931/483 712/1932/483
f 707/1933/484 711/1934/484 713/1935/484
f 707/1933/484 713/1935/484 709/1936/484
f 714/1937/485 715/1938/485 717/1939/485
f 714/1937/485 717/1939/485 716/1940/485
f 719/1941/486 718/1942/486 720/1943/486
f 719/1941/486 720/1943/486 721/1944/486
f 719/1945/487 715/1946/487 714/1947/487
f 719/1945/487 714/1947/487 718/1948/487
f 720/1949/488 716/1950/488 717/1951/488
f 720/1949/488 717/1951/488 721/1952/488
f 718/1953/489 714/1954/489 716/1955/489
f 718/1953/489 716/1955/489 720/1956/489
f 715/1957/490 719/1958/490 721/1959/490
f 715/1957/490 721/1959/490 717/1960/490
o tray_lower
v -0.4984 -0.5647 0.8078
v 1.3142 -1.1897 2.4953
v 1.2517 -1.1897 2.4953
v 1.3142 -1.2522 2.4953
v 1.2517 -1.2522 2.4953
v 1.3142 -1.1897 2.4328
v 1.2517 -1.1897 2.4328
v 1.3142 -1.2522 2.4328
v 1.2517 -1.2522 2.4328
v 1.4392 -1.1897 2.4953
v 1.3767 -1.1897 2.4953
v 1.4392 -1.2522 2.4953
v 1.3767 -1.2522 2.4953
v 1.4392 -1.1897 2.4328
v 1.3767 -1.1897 2.4328
v 1.4392 -1.2522 2.4328
v 1.3767 -1.2522 2.4328
v 1.4392 -1.1897 2.5578
v 1.2517 -1.1897 2.5578
v 1.4392 -1.2522 2.5578
v 1.2517 -1.2522 2.5578
v 1.4392 -1.1897 2.4953
v 1.2517 -1.1897 2.4953
v 1.4392 -1.2522 2.4953
v 1.2517 -1.2522 2.4953
v -0.5609 -0.5647 0.8078
v -0.5609 -1.1272 0.8078
v -0.4984 -1.1272 0.8078
v -0.4984 -0.5647 1.3078
v 1.5017 -0.5647 1.3078
v 1.5642 -1.1272 0.8078
v 1.5017 -1.1272 0.8078
v 0.0016 -0.9397 0.8078
v 0.0016 -1.1272 0.8078
v 0.0016 -0.9397 2.2453
v 0.0016 -1.1272 2.2453
v 0.5016 -0.9397 0.8078
v 0.5016 -1.1272 0.8078
v 0.5016 -0.9397 2.2453
v 0.5016 -1.1272 2.2453
v 1.0017 -0.9397 0.8078
v 1.0017 -1.1272 0.8078
v 1.0017 -0.9397 2.2453
v 1.0017 -1.1272 2.2453
v 0.4907 -0.9397 2.2453
v 0.4907 -0.9397 0.8078
v 0.4907 -1.1272 2.2453
v 0.4907 -1.1272 0.8078
v -0.0093 -0.9397 2.2453
v -0.0093 -0.9397 0.8078
v -0.0093 -1.1272 2.2453
v -0.0093 -1.1272 0.8078
v 0.9907 -0.9397 2.2453
v 0.9907 -0.9397 0.8078
v 0.9907 -1.1272 2.2453
v 0.9907 -1.1272 0.8078
v 0.5016 -1.1272 1.5265
v 1.5642 -1.1272 1.5265
v -0.5609 -1.1272 1.5265
v -0.5609 -0.5647 1.5265
v -0.0296 -0.8772 0.8078
v 0.0329 -0.8772 0.8078
v -0.0296 -0.9397 0.8078
v 0.0329 -0.9397 0.8078
v -0.0296 -0.8772 2.2453
v 0.0329 -0.8772 2.2453
v -0.0296 -0.9397 2.2453
v 0.0329 -0.9397 2.2453
v 0.4704 -0.8772 0.8078
v 0.5329 -0.8772 0.8078
v 0.4704 -0.9397 0.8078
v 0.5329 -0.9397 0.8078
v 0.4704 -0.8772 2.2453
v 0.5329 -0.8772 2.2453
v 0.4704 -0.9397 2.2453
v 0.5329 -0.9397 2.2453
v 0.9704 -0.8772 0.8078
v 1.0329 -0.8772 0.8078
v 0.9704 -0.9397 0.8078
v 1.0329 -0.9397 0.8078
v 0.9704 -0.8772 2.2453
v 1.0329 -0.8772 2.2453
v 0.9704 -0.9397 2.2453
v 1.0329 -0.9397 2.2453
v 0.5016 -1.1897 0.8078
v 0.5016 -1.1897 1.5265
v -0.5609 -1.1897 1.5265
v -0.5609 -1.1897 0.8078
v -0.5609 -1.1897 2.2453
v 0.5016 -1.1897 2.2453
v -0.5609 -0.8772 1.5265
v -0.5609 -0.8772 2.2453
v -0.5609 -0.8772 0.8078
v 1.5642 -1.1897 0.8078
v 1.5642 -0.8772 0.8078
v 1.5642 -0.8772 1.5265
v 1.5642 -1.1897 1.5265
v 1.5642 -0.8772 2.2453
v 1.5642 -1.1897 2.2453
v 1.5642 -0.5647 1.5265
v 1.5642 -0.5647 0.8078
v -0.4984 -0.8772 1.5265
v -0.4984 -0.8772 2.2453
v -0.4984 -0.5647 1.5265
v -0.4984 -1.1897 1.5265
v -0.4984 -1.1897 2.2453
v -0.4984 -0.8772 0.8078
v -0.4984 -1.1897 0.8078
v 1.5017 -0.5647 1.5265
v 1.5017 -0.8772 0.8078
v 1.5017 -0.8772 1.5265
v 1.5017 -0.5647 0.8078
v 1.5017 -1.1897 0.8078
v 1.5017 -1.1897 1.5265
v 1.5017 -0.8772 2.2453
v 1.5017 -1.1897 2.2453
v -0.4984 -0.5647 2.2453
v -0.5609 -0.5647 2.2453
v -0.4984 -1.1272 2.2453
v -0.5609 -1.1272 2.2453
v 1.5642 -0.5647 2.2453
v 1.5017 -0.5647 2.2453
v 1.5642 -1.1272 2.2453
v 1.5017 -1.1272 2.2453
v 0.5016 -0.5647 0.8078
v 0.5016 -0.5647 1.3078
v 0.5016 -0.5647 1.0578
v 1.5017 -0.5647 1.0578
v -0.4984 -0.5647 1.0578
v -0.4984 -0.6272 1.3078
v -0.4984 -0.6272 1.0578
v 0.5016 -0.6272 1.0578
v 0.5016 -0.6272 1.3078
v 0.5016 -0.6272 0.8078
v -0.4984 -0.6272 0.8078
v 1.5017 -0.6272 1.0578
v 1.5017 -0.6272 1.3078
v 1.5017 -0.6272 0.8078
v 1.1267 -0.9397 2.214
v 1.3767 -0.9397 2.214
v 1.1267 -1.1272 2.1828
v 1.3767 -1.1272 2.1828
v 1.1267 -0.9397 2.2765
v 1.3767 -0.9397 2.2765
v 1.1267 -1.1272 2.2453
v 1.3767 -1.1272 2.2453
v 0.6266 -0.9397 2.214
v 0.8767 -0.9397 2.214
v 0.6266 -1.1272 2.1828
v 0.8767 -1.1272 2.1828
v 0.6266 -0.9397 2.2765
v 0.8767 -0.9397 2.2765
v 0.6266 -1.1272 2.2453
v 0.8767 -1.1272 2.2453
v 0.1266 -0.9397 2.214
v 0.3766 -0.9397 2.214
v 0.1266 -1.1272 2.1828
v 0.3766 -1.1272 2.1828
v 0.1266 -0.9397 2.2765
v 0.3766 -0.9397 2.2765
v 0.1266 -1.1272 2.2453
v 0.3766 -1.1272 2.2453
v -0.3734 -0.9397 2.214
v -0.1234 -0.9397 2.214
v -0.3734 -1.1272 2.1828
v -0.1234 -1.1272 2.1828
v -0.3734 -0.9397 2.2765
v -0.1234 -0.9397 2.2765
v -0.3734 -1.1272 2.2453
v -0.1234 -1.1272 2.2453
v 1.2517 -1.1897 0.8078
v 1.4392 -1.1897 0.8078
v 1.2517 -1.2522 0.8078
v 1.4392 -1.2522 0.8078
v 1.2517 -1.1897 2.4328
v 1.4392 -1.1897 2.4328
v 1.2517 -1.2522 2.4328
v 1.4392 -1.2522 2.4328
v -0.4359 -1.1897 0.8078
v -0.2484 -1.1897 0.8078
v -0.4359 -1.2522 0.8078
v -0.2484 -1.2522 0.8078
v -0.4359 -1.1897 2.4328
v -0.2484 -1.1897 2.4328
v -0.4359 -1.2522 2.4328
v -0.2484 -1.2522 2.4328
v -0.3109 -0.5647 0.7453
v -0.2484 -0.5647 0.7453
v -0.3109 -0.6272 0.7453
v -0.2484 -0.6272 0.7453
v -0.3109 -0.5647 0.8078
v -0.2484 -0.5647 0.8078
v -0.3109 -0.6272 0.8078
v -0.2484 -0.6272 0.8078
v -0.4359 -0.5647 0.7453
v -0.3734 -0.5647 0.7453
v -0.4359 -0.6272 0.7453
v -0.3734 -0.6272 0.7453
v -0.4359 -0.5647 0.8078
v -0.3734 -0.5647 0.8078
v -0.4359 -0.6272 0.8078
v -0.3734 -0.6272 0.8078
v -0.4359 -0.5647 0.6828
v -0.2484 -0.5647 0.6828
v -0.4359 -0.6272 0.6828
v -0.2484 -0.6272 0.6828
v -0.4359 -0.5647 0.7453
v -0.2484 -0.5647 0.7453
v -0.4359 -0.6272 0.7453
v -0.2484 -0.6272 0.7453
v 1.3767 -0.5647 0.7453
v 1.4392 -0.5647 0.7453
v 1.3767 -0.6272 0.7453
v 1.4392 -0.6272 0.7453
v 1.3767 -0.5647 0.8078
v 1.4392 -0.5647 0.8078
v 1.3767 -0.6272 0.8078
v 1.4392 -0.6272 0.8078
v 1.2517 -0.5647 0.7453
v 1.3142 -0.5647 0.7453
v 1.2517 -0.6272 0.7453
v 1.3142 -0.6272 0.7453
v 1.2517 -0.5647 0.8078
v 1.3142 -0.5647 0.8078
v 1.2517 -0.6272 0.8078
v 1.3142 -0.6272 0.8078
v 1.2517 -0.5647 0.6828
v 1.4392 -0.5647 0.6828
v 1.2517 -0.6272 0.6828
v 1.4392 -0.6272 0.6828
v 1.2517 -0.5647 0.7453
v 1.4392 -0.5647 0.7453
v 1.2517 -0.6272 0.7453
v 1.4392 -0.6272 0.7453
v -0.3734 -1.1897 2.4953
v -0.4359 -1.1897 2.4953
v -0.3734 -1.2522 2.4953
v -0.4359 -1.2522 2.4953
v -0.3734 -1.1897 2.4328
v -0.4359 -1.1897 2.4328
v -0.3734 -1.2522 2.4328
v -0.4359 -1.2522 2.4328
v -0.2484 -1.1897 2.4953
v -0.3109 -1.1897 2.4953
v -0.2484 -1.2522 2.4953
v -0.3109 -1.2522 2.4953
v -0.2484 -1.1897 2.4328
v -0.3109 -1.1897 2.4328
v -0.2484 -1.2522 2.4328
v -0.3109 -1.2522 2.4328
v -0.2484 -1.1897 2.5578
v -0.4359 -1.1897 2.5578
v -0.2484 -1.2522 2.5578
v -0.4359 -1.2522 2.5578
v -0.2484 -1.1897 2.4953
v -0.4359 -1.1897 2.4953
v -0.2484 -1.2522 2.4953
v -0.4359 -1.2522 2.4953
vt 0.9375 0.5313
vt 0.9531 0.5313
vt 0.9531 0.5156
vt 0.9375 0.5156
vt 0.9375 0.5313
vt 0.9531 0.5313
vt 0.9531 0.5156
vt 0.9375 0.5156
vt 0.9375 0.5313
vt 0.9531 0.5313
vt 0.9531 0.5156
vt 0.9375 0.5156
vt 0.9375 0.5313
vt 0.9531 0.5313
vt 0.9531 0.5156
vt 0.9375 0.5156
vt 0.9063 0.5313
vt 0.9219 0.5313
vt 0.9219 0.5156
vt 0.9063 0.5156
vt 0.9063 0.5313
vt 0.9219 0.5313
vt 0.9219 0.5156
vt 0.9063 0.5156
vt 0.9063 0.5313
vt 0.9219 0.5313
vt 0.9219 0.5156
vt 0.9063 0.5156
vt 0.9063 0.5313
vt 0.9219 0.5313
vt 0.9219 0.5156
vt 0.9063 0.5156
vt 0.9063 0.5469
vt 0.9531 0.5469
vt 0.9531 0.5313
vt 0.9063 0.5313
vt 0.9219 0.5313
vt 0.9688 0.5313
vt 0.9688 0.5156
vt 0.9219 0.5156
vt 0.9531 0.5313
vt 0.9531 0.5469
vt 0.9063 0.5469
vt 0.9063 0.5313
vt 0.9063 0.5313
vt 0.9063 0.5469
vt 0.9531 0.5469
vt 0.9531 0.5313
vt 0.9063 0.5469
vt 0.9219 0.5469
vt 0.9219 0.5313
vt 0.9063 0.5313
vt 0.9375 0.5469
vt 0.9531 0.5469
vt 0.9531 0.5313
vt 0.9375 0.5313
vt 0 1
vt 0.0156 1
vt 0.0156 0.8594
vt 0 0.8594
vt 0.3125 0.2344
vt 0.3125 0.25
vt 0.5 0.25
vt 0.5 0.2344
vt 0.375 0.25
vt 0.375 0.2344
vt 0.125 0.2344
vt 0.125 0.25
vt 0.375 0.2656
vt 0.375 0.25
vt 0.125 0.25
vt 0.125 0.2656
vt 0.375 0.9375
vt 0.125 0.9375
vt 0.125 1
vt 0.375 1
vt 0.5625 0.3594
vt 0.5625 0.375
vt 0.2969 0.375
vt 0.2969 0.3594
vt 0.5625 0.0313
vt 0.5625 0.0156
vt 0.2969 0.0156
vt 0.2969 0.0313
vt 0.5625 0.1953
vt 0.2969 0.1953
vt 0.2969 0.375
vt 0.5625 0.375
vt 0.7344 0.9844
vt 0.75 0.9844
vt 0.75 0.8438
vt 0.7344 0.8438
vt 0.3125 0.2344
vt 0.3125 0.25
vt 0.5 0.25
vt 0.5 0.2344
vt 0.25 0.0156
vt 0.25 0.375
vt 0.2969 0.375
vt 0.2969 0.0156
vt 0.25 0.0156
vt 0.25 0.375
vt 0.2969 0.375
vt 0.2969 0.0156
vt 0.25 0.0156
vt 0.25 0.375
vt 0.2969 0.375
vt 0.2969 0.0156
vt 0.2969 0.375
vt 0.25 0.375
vt 0.25 0.0156
vt 0.2969 0.0156
vt 0.2969 0.375
vt 0.25 0.375
vt 0.25 0.0156
vt 0.2969 0.0156
vt 0.2969 0.375
vt 0.25 0.375
vt 0.25 0.0156
vt 0.2969 0.0156
vt 0.2969 0.1953
vt 0.5625 0.1953
vt 0.5625 0.0156
vt 0.2969 0.0156
vt 0.2969 0.0156
vt 0.2969 0.0313
vt 0.5625 0.0313
vt 0.5625 0.0156
vt 0.2969 0.375
vt 0.2969 0.3594
vt 0.5625 0.3594
vt 0.5625 0.375
vt 0.2969 0.1953
vt 0.5625 0.1953
vt 0.5625 0.0156
vt 0.2969 0.0156
vt 0.1875 0.25
vt 0.1875 0.2344
vt 0 0.2344
vt 0 0.25
vt 0.5625 0.1953
vt 0.2969 0.1953
vt 0.2969 0.375
vt 0.5625 0.375
vt 0.1875 0.25
vt 0.1875 0.2344
vt 0 0.2344
vt 0 0.25
vt 0 1
vt 0.0156 1
vt 0.0156 0.9844
vt 0 0.9844
vt 0.3438 1
vt 0.3594 1
vt 0.3594 0.9844
vt 0.3438 0.9844
vt 0 1
vt 0.3594 1
vt 0.3594 0.9844
vt 0 0.9844
vt 0 1
vt 0.3594 1
vt 0.3594 0.9844
vt 0 0.9844
vt 0 1
vt 0.3594 1
vt 0.3594 0.9844
vt 0 0.9844
vt 0 1
vt 0.3594 1
vt 0.3594 0.9844
vt 0 0.9844
vt 0 1
vt 0.0156 1
vt 0.0156 0.9844
vt 0 0.9844
vt 0.3438 1
vt 0.3594 1
vt 0.3594 0.9844
vt 0.3438 0.9844
vt 0 1
vt 0.3594 1
vt 0.3594 0.9844
vt 0 0.9844
vt 0 1
vt 0.3594 1
vt 0.3594 0.9844
vt 0 0.9844
vt 0 1
vt 0.3594 1
vt 0.3594 0.9844
vt 0 0.9844
vt 0 1
vt 0.3594 1
vt 0.3594 0.9844
vt 0 0.9844
vt 0 1
vt 0.0156 1
vt 0.0156 0.9844
vt 0 0.9844
vt 0.3438 1
vt 0.3594 1
vt 0.3594 0.9844
vt 0.3438 0.9844
vt 0 1
vt 0.3594 1
vt 0.3594 0.9844
vt 0 0.9844
vt 0 1
vt 0.3594 1
vt 0.3594 0.9844
vt 0 0.9844
vt 0 1
vt 0.3594 1
vt 0.3594 0.9844
vt 0 0.9844
vt 0 1
vt 0.3594 1
vt 0.3594 0.9844
vt 0 0.9844
vt 0 0.8203
vt 0.2656 0.8203
vt 0.2656 1
vt 0 1
vt 0.75 0.4297
vt 0.4844 0.4297
vt 0.4844 0.25
vt 0.75 0.25
vt 0.2656 0.4297
vt 0 0.4297
vt 0 0.25
vt 0.2656 0.25
vt 0.4844 0.8203
vt 0.75 0.8203
vt 0.75 1
vt 0.4844 1
vt 0.1875 0.1719
vt 0 0.1719
vt 0 0.25
vt 0.1875 0.25
vt 0.5 0.1719
vt 0.3125 0.1719
vt 0.3125 0.25
vt 0.5 0.25
vt 0 0.0781
vt 0.1875 0.0781
vt 0.1875 0
vt 0 0
vt 0.3125 0.0781
vt 0.5 0.0781
vt 0.5 0
vt 0.3125 0
vt 0 0.25
vt 0 0.1719
vt 0.1875 0.1719
vt 0.1875 0.25
vt 0.3125 0.25
vt 0.3125 0.1719
vt 0.5 0.1719
vt 0.5 0.25
vt 0.1875 0
vt 0.1875 0.0781
vt 0 0.0781
vt 0 0
vt 0.5 0
vt 0.5 0.0781
vt 0.3125 0.0781
vt 0.3125 0
vt 0 0.25
vt 0 0.1719
vt 0.1875 0.1719
vt 0.1875 0.25
vt 0.3125 0.25
vt 0.3125 0.1719
vt 0.5 0.1719
vt 0.5 0.25
vt 0.1875 0
vt 0.1875 0.0781
vt 0 0.0781
vt 0 0
vt 0.5 0
vt 0.5 0.0781
vt 0.3125 0.0781
vt 0.3125 0
vt 0.1875 0.1719
vt 0 0.1719
vt 0 0.25
vt 0.1875 0.25
vt 0.5 0.1719
vt 0.3125 0.1719
vt 0.3125 0.25
vt 0.5 0.25
vt 0 0.0781
vt 0.1875 0.0781
vt 0.1875 0
vt 0 0
vt 0.3125 0.0781
vt 0.5 0.0781
vt 0.5 0
vt 0.3125 0
vt 0.0156 0.8594
vt 0.0156 1
vt 0 1
vt 0 0.8594
vt 0.75 0.8438
vt 0.75 0.9844
vt 0.7344 0.9844
vt 0.7344 0.8438
vt 0.375 0.9375
vt 0.125 0.9375
vt 0.125 1
vt 0.375 1
vt 0.1094 0.25
vt 0.1094 0.2656
vt 0.3594 0.2656
vt 0.3594 0.25
vt 0.125 0.2344
vt 0.125 0.25
vt 0.375 0.25
vt 0.375 0.2344
vt 0.125 0.3125
vt 0.375 0.3125
vt 0.375 0.25
vt 0.125 0.25
vt 0.125 0.3125
vt 0.375 0.3125
vt 0.375 0.25
vt 0.125 0.25
vt 0.125 1
vt 0.125 0.9375
vt 0.375 0.9375
vt 0.375 1
vt 0.125 1
vt 0.125 0.9375
vt 0.375 0.9375
vt 0.375 1
vt 0.375 0.25
vt 0.375 0.3125
vt 0.125 0.3125
vt 0.125 0.25
vt 0.375 0.25
vt 0.375 0.3125
vt 0.125 0.3125
vt 0.125 0.25
vt 0.0469 0.4375
vt 0.0469 0.375
vt 0 0.375
vt 0 0.4375
vt 0.0469 0.4375
vt 0.0469 0.375
vt 0 0.375
vt 0 0.4375
vt 0.0313 0.4375
vt 0.0469 0.4375
vt 0.0469 0.375
vt 0.0313 0.375
vt 0.0469 0.3906
vt 0.0469 0.375
vt 0 0.375
vt 0 0.3906
vt 0.0469 0.4375
vt 0.0469 0.4219
vt 0 0.4219
vt 0 0.4375
vt 0.0469 0.4375
vt 0.0469 0.375
vt 0 0.375
vt 0 0.4375
vt 0.0469 0.4375
vt 0.0469 0.375
vt 0 0.375
vt 0 0.4375
vt 0.0313 0.4375
vt 0.0469 0.4375
vt 0.0469 0.375
vt 0.0313 0.375
vt 0.0469 0.3906
vt 0.0469 0.375
vt 0 0.375
vt 0 0.3906
vt 0.0469 0.4375
vt 0.0469 0.4219
vt 0 0.4219
vt 0 0.4375
vt 0.0469 0.4375
vt 0.0469 0.375
vt 0 0.375
vt 0 0.4375
vt 0.0469 0.4375
vt 0.0469 0.375
vt 0 0.375
vt 0 0.4375
vt 0.0313 0.4375
vt 0.0469 0.4375
vt 0.0469 0.375
vt 0.0313 0.375
vt 0.0469 0.3906
vt 0.0469 0.375
vt 0 0.375
vt 0 0.3906
vt 0.0469 0.4375
vt 0.0469 0.4219
vt 0 0.4219
vt 0 0.4375
vt 0.0469 0.4375
vt 0.0469 0.375
vt 0 0.375
vt 0 0.4375
vt 0.0469 0.4375
vt 0.0469 0.375
vt 0 0.375
vt 0 0.4375
vt 0.0313 0.4375
vt 0.0469 0.4375
vt 0.0469 0.375
vt 0.0313 0.375
vt 0.0469 0.3906
vt 0.0469 0.375
vt 0 0.375
vt 0 0.3906
vt 0.0469 0.4375
vt 0.0469 0.4219
vt 0 0.4219
vt 0 0.4375
vt 0.75 1
vt 0.7969 1
vt 0.7969 0.9844
vt 0.75 0.9844
vt 0.7969 0.6094
vt 0.75 0.6094
vt 0.75 0.5938
vt 0.7969 0.5938
vt 0.75 0.625
vt 0.75 1
vt 0.7969 1
vt 0.7969 0.625
vt 0.75 1
vt 0.75 0.625
vt 0.7656 0.625
vt 0.7656 1
vt 0.7813 1
vt 0.7813 0.625
vt 0.7969 0.625
vt 0.7969 1
vt 0.75 1
vt 0.7969 1
vt 0.7969 0.9844
vt 0.75 0.9844
vt 0.7969 0.6094
vt 0.75 0.6094
vt 0.75 0.5938
vt 0.7969 0.5938
vt 0.75 0.625
vt 0.75 1
vt 0.7969 1
vt 0.7969 0.625
vt 0.75 1
vt 0.75 0.625
vt 0.7656 0.625
vt 0.7656 1
vt 0.7813 1
vt 0.7813 0.625
vt 0.7969 0.625
vt 0.7969 1
vt 0.75 1
vt 0.75 0.625
vt 0.7969 0.625
vt 0.7969 1
vt 0.7969 0.625
vt 0.7969 1
vt 0.75 1
vt 0.75 0.625
vt 0.9375 0.5313
vt 0.9531 0.5313
vt 0.9531 0.5156
vt 0.9375 0.5156
vt 0.9375 0.5313
vt 0.9531 0.5313
vt 0.9531 0.5156
vt 0.9375 0.5156
vt 0.9375 0.5313
vt 0.9531 0.5313
vt 0.9531 0.5156
vt 0.9375 0.5156
vt 0.9375 0.5313
vt 0.9531 0.5313
vt 0.9531 0.5156
vt 0.9375 0.5156
vt 0.9063 0.5313
vt 0.9219 0.5313
vt 0.9219 0.5156
vt 0.9063 0.5156
vt 0.9063 0.5313
vt 0.9219 0.5313
vt 0.9219 0.5156
vt 0.9063 0.5156
vt 0.9063 0.5313
vt 0.9219 0.5313
vt 0.9219 0.5156
vt 0.9063 0.5156
vt 0.9063 0.5313
vt 0.9219 0.5313
vt 0.9219 0.5156
vt 0.9063 0.5156
vt 0.9063 0.5469
vt 0.9531 0.5469
vt 0.9531 0.5313
vt 0.9063 0.5313
vt 0.9219 0.5313
vt 0.9688 0.5313
vt 0.9688 0.5156
vt 0.9219 0.5156
vt 0.9531 0.5313
vt 0.9531 0.5469
vt 0.9063 0.5469
vt 0.9063 0.5313
vt 0.9063 0.5313
vt 0.9063 0.5469
vt 0.9531 0.5469
vt 0.9531 0.5313
vt 0.9063 0.5469
vt 0.9219 0.5469
vt 0.9219 0.5313
vt 0.9063 0.5313
vt 0.9375 0.5469
vt 0.9531 0.5469
vt 0.9531 0.5313
vt 0.9375 0.5313
vt 0.9375 0.5313
vt 0.9531 0.5313
vt 0.9531 0.5156
vt 0.9375 0.5156
vt 0.9375 0.5313
vt 0.9531 0.5313
vt 0.9531 0.5156
vt 0.9375 0.5156
vt 0.9375 0.5313
vt 0.9531 0.5313
vt 0.9531 0.5156
vt 0.9375 0.5156
vt 0.9375 0.5313
vt 0.9531 0.5313
vt 0.9531 0.5156
vt 0.9375 0.5156
vt 0.9063 0.5313
vt 0.9219 0.5313
vt 0.9219 0.5156
vt 0.9063 0.5156
vt 0.9063 0.5313
vt 0.9219 0.5313
vt 0.9219 0.5156
vt 0.9063 0.5156
vt 0.9063 0.5313
vt 0.9219 0.5313
vt 0.9219 0.5156
vt 0.9063 0.5156
vt 0.9063 0.5313
vt 0.9219 0.5313
vt 0.9219 0.5156
vt 0.9063 0.5156
vt 0.9063 0.5469
vt 0.9531 0.5469
vt 0.9531 0.5313
vt 0.9063 0.5313
vt 0.9219 0.5313
vt 0.9688 0.5313
vt 0.9688 0.5156
vt 0.9219 0.5156
vt 0.9531 0.5313
vt 0.9531 0.5469
vt 0.9063 0.5469
vt 0.9063 0.5313
vt 0.9063 0.5313
vt 0.9063 0.5469
vt 0.9531 0.5469
vt 0.9531 0.5313
vt 0.9063 0.5469
vt 0.9219 0.5469
vt 0.9219 0.5313
vt 0.9063 0.5313
vt 0.9375 0.5469
vt 0.9531 0.5469
vt 0.9531 0.5313
vt 0.9375 0.5313
vt 0.9375 0.5313
vt 0.9531 0.5313
vt 0.9531 0.5156
vt 0.9375 0.5156
vt 0.9375 0.5313
vt 0.9531 0.5313
vt 0.9531 0.5156
vt 0.9375 0.5156
vt 0.9375 0.5313
vt 0.9531 0.5313
vt 0.9531 0.5156
vt 0.9375 0.5156
vt 0.9375 0.5313
vt 0.9531 0.5313
vt 0.9531 0.5156
vt 0.9375 0.5156
vt 0.9063 0.5313
vt 0.9219 0.5313
vt 0.9219 0.5156
vt 0.9063 0.5156
vt 0.9063 0.5313
vt 0.9219 0.5313
vt 0.9219 0.5156
vt 0.9063 0.5156
vt 0.9063 0.5313
vt 0.9219 0.5313
vt 0.9219 0.5156
vt 0.9063 0.5156
vt 0.9063 0.5313
vt 0.9219 0.5313
vt 0.9219 0.5156
vt 0.9063 0.5156
vt 0.9063 0.5469
vt 0.9531 0.5469
vt 0.9531 0.5313
vt 0.9063 0.5313
vt 0.9219 0.5313
vt 0.9688 0.5313
vt 0.9688 0.5156
vt 0.9219 0.5156
vt 0.9531 0.5313
vt 0.9531 0.5469
vt 0.9063 0.5469
vt 0.9063 0.5313
vt 0.9063 0.5313
vt 0.9063 0.5469
vt 0.9531 0.5469
vt 0.9531 0.5313
vt 0.9063 0.5469
vt 0.9219 0.5469
vt 0.9219 0.5313
vt 0.9063 0.5313
vt 0.9375 0.5469
vt 0.9531 0.5469
vt 0.9531 0.5313
vt 0.9375 0.5313
vn 0 1 0
vn 0 -1 0
vn 1 0 0
vn -1 0 0
vn 0 1 0
vn 0 -1 0
vn 1 0 0
vn -1 0 0
vn 0 0 1
vn 0 0 -1
vn 0 1 0
vn 0 -1 0
vn 1 0 0
vn -1 0 0
vn 0 0 -1
vn 0 1 0
vn 0 0 -1
vn 0 0 1
vn 0 1 0
vn 0 0 -1
vn 0 0 1
vn 0 1 0
vn 0 0 -1
vn 0 1 0
vn 1 0 0
vn 1 0 0
vn 1 0 0
vn -1 0 0
vn -1 0 0
vn -1 0 0
vn 0 1 0
vn 0 0 1
vn 0 0 -1
vn 0 1 0
vn 0 1 0
vn 0 1 0
vn 0 1 0
vn 0 0 -1
vn 0 0 1
vn 0 1 0
vn 0 -1 0
vn -1 0 0
vn 1 0 0
vn 0 0 -1
vn 0 0 1
vn 0 1 0
vn 0 -1 0
vn -1 0 0
vn 1 0 0
vn 0 0 -1
vn 0 0 1
vn 0 1 0
vn 0 -1 0
vn -1 0 0
vn 1 0 0
vn 0 -1 0
vn 0 -1 0
vn 0 -1 0
vn 0 -1 0
vn -1 0 0
vn -1 0 0
vn -1 0 0
vn -1 0 0
vn 1 0 0
vn 1 0 0
vn 1 0 0
vn 1 0 0
vn 1 0 0
vn 1 0 0
vn 1 0 0
vn 1 0 0
vn -1 0 0
vn -1 0 0
vn -1 0 0
vn -1 0 0
vn 0 0 1
vn 0 0 1
vn 0 1 0
vn 0 0 1
vn 0 0 -1
vn 0 1 0
vn 0 1 0
vn 0 -1 0
vn 0 -1 0
vn 0 -1 0
vn 0 -1 0
vn 0 0.16 -0.99
vn 0 -0.16 0.99
vn 0 1 0
vn -1 0 0
vn 1 0 0
vn 0 0.16 -0.99
vn 0 -0.16 0.99
vn 0 1 0
vn -1 0 0
vn 1 0 0
vn 0 0.16 -0.99
vn 0 -0.16 0.99
vn 0 1 0
vn -1 0 0
vn 1 0 0
vn 0 0.16 -0.99
vn 0 -0.16 0.99
vn 0 1 0
vn -1 0 0
vn 1 0 0
vn 0 0 -1
vn 0 0 1
vn 0 -1 0
vn -1 0 0
vn 1 0 0
vn 0 0 -1
vn 0 0 1
vn 0 -1 0
vn -1 0 0
vn 1 0 0
vn 0 1 0
vn 0 1 0
vn 0 1 0
vn 0 -1 0
vn -1 0 0
vn 1 0 0
vn 0 1 0
vn 0 -1 0
vn -1 0 0
vn 1 0 0
vn 0 0 -1
vn 0 0 1
vn 0 1 0
vn 0 -1 0
vn -1 0 0
vn 1 0 0
vn 0 1 0
vn 0 -1 0
vn -1 0 0
vn 1 0 0
vn 0 1 0
vn 0 -1 0
vn -1 0 0
vn 1 0 0
vn 0 0 -1
vn 0 0 1
vn 0 1 0
vn 0 -1 0
vn -1 0 0
vn 1 0 0
vn 0 1 0
vn 0 -1 0
vn 1 0 0
vn -1 0 0
vn 0 1 0
vn 0 -1 0
vn 1 0 0
vn -1 0 0
vn 0 0 1
vn 0 0 -1
vn 0 1 0
vn 0 -1 0
vn 1 0 0
vn -1 0 0
usemtl weapon_rocket_launcher
f 728/1961/491 724/1962/491 723/1963/491
f 728/1961/491 723/1963/491 727/1964/491
f 729/1965/492 725/1966/492 726/1967/492
f 729/1965/492 726/1967/492 730/1968/492
f 727/1969/493 723/1970/493 725/1971/493
f 727/1969/493 725/1971/493 729/1972/493
f 724/1973/494 728/1974/494 730/1975/494
f 724/1973/494 730/1975/494 726/1976/494
f 736/1977/495 732/1978/495 731/1979/495
f 736/1977/495 731/1979/495 735/1980/495
f 737/1981/496 733/1982/496 734/1983/496
f 737/1981/496 734/1983/496 738/1984/496
f 735/1985/497 731/1986/497 733/1987/497
f 735/1985/497 733/1987/497 737/1988/497
f 732/1989/498 736/1990/498 738/1991/498
f 732/1989/498 738/1991/498 734/1992/498
f 739/1993/499 740/1994/499 742/1995/499
f 739/1993/499 742/1995/499 741/1996/499
f 744/1997/500 743/1998/500 745/1999/500
f 744/1997/500 745/1999/500 746/2000/500
f 744/2001/501 740/2002/501 739/2003/501
f 744/2001/501 739/2003/501 743/2004/501
f 745/2005/502 741/2006/502 742/2007/502
f 745/2005/502 742/2007/502 746/2008/502
f 743/2009/503 739/2010/503 741/2011/503
f 743/2009/503 741/2011/503 745/2012/503
f 740/2013/504 744/2014/504 746/2015/504
f 740/2013/504 746/2015/504 742/2016/504
usemtl common_iron
f 747/2017/505 722/2018/505 749/2019/505
f 747/2017/505 749/2019/505 748/2020/505
f 781/2021/506 825/2022/506 722/2023/506
f 781/2021/506 722/2023/506 747/2024/506
f 855/2025/507 846/2026/507 833/2027/507
f 855/2025/507 833/2027/507 859/2028/507
f 847/2029/508 854/2030/508 858/2031/508
f 847/2029/508 858/2031/508 751/2032/508
f 848/2033/509 849/2034/509 833/2035/509
f 848/2033/509 833/2035/509 846/2036/509
usemtl weapon_rocket_launcher
f 806/2037/510 759/2038/510 752/2039/510
f 806/2037/510 752/2039/510 815/2040/510
f 761/2041/511 811/2042/511 820/2043/511
f 761/2041/511 820/2043/511 844/2044/511
f 778/2045/512 779/2046/512 752/2047/512
f 778/2045/512 752/2047/512 759/2048/512
usemtl common_iron
f 833/2049/513 822/2050/513 752/2051/513
f 833/2049/513 752/2051/513 753/2052/513
f 830/2053/514 821/2054/514 822/2055/514
f 830/2053/514 822/2055/514 833/2056/514
usemtl weapon_rocket_launcher
f 754/2057/515 756/2058/515 757/2059/515
f 754/2057/515 757/2059/515 755/2060/515
f 758/2061/516 760/2062/516 761/2063/516
f 758/2061/516 761/2063/516 759/2064/516
f 762/2065/517 764/2066/517 765/2067/517
f 762/2065/517 765/2067/517 763/2068/517
f 772/2069/518 770/2070/518 771/2071/518
f 772/2069/518 771/2071/518 773/2072/518
f 768/2073/519 766/2074/519 767/2075/519
f 768/2073/519 767/2075/519 769/2076/519
f 776/2077/520 774/2078/520 775/2079/520
f 776/2077/520 775/2079/520 777/2080/520
f 778/2081/521 780/2082/521 841/2083/521
f 778/2081/521 841/2083/521 761/2084/521
f 811/2085/522 761/2086/522 841/2087/522
f 811/2085/522 841/2087/522 810/2088/522
f 759/2089/523 806/2090/523 809/2091/523
f 759/2089/523 809/2091/523 748/2092/523
f 779/2093/524 778/2094/524 761/2095/524
f 779/2093/524 761/2095/524 844/2096/524
usemtl common_iron
f 825/2097/525 781/2098/525 839/2099/525
f 825/2097/525 839/2099/525 838/2100/525
usemtl weapon_rocket_launcher
f 780/2101/526 778/2102/526 759/2103/526
f 780/2101/526 759/2103/526 748/2104/526
usemtl common_iron
f 821/2105/527 830/2106/527 843/2107/527
f 821/2105/527 843/2107/527 842/2108/527
usemtl common_steel_norivets
f 782/2109/528 783/2110/528 785/2111/528
f 782/2109/528 785/2111/528 784/2112/528
f 787/2113/529 786/2114/529 788/2115/529
f 787/2113/529 788/2115/529 789/2116/529
f 787/2117/530 783/2118/530 782/2119/530
f 787/2117/530 782/2119/530 786/2120/530
f 788/2121/531 784/2122/531 785/2123/531
f 788/2121/531 785/2123/531 789/2124/531
f 786/2125/532 782/2126/532 784/2127/532
f 786/2125/532 784/2127/532 788/2128/532
f 783/2129/533 787/2130/533 789/2131/533
f 783/2129/533 789/2131/533 785/2132/533
f 790/2133/534 791/2134/534 793/2135/534
f 790/2133/534 793/2135/534 792/2136/534
f 795/2137/535 794/2138/535 796/2139/535
f 795/2137/535 796/2139/535 797/2140/535
f 795/2141/536 791/2142/536 790/2143/536
f 795/2141/536 790/2143/536 794/2144/536
f 796/2145/537 792/2146/537 793/2147/537
f 796/2145/537 793/2147/537 797/2148/537
f 794/2149/538 790/2150/538 792/2151/538
f 794/2149/538 792/2151/538 796/2152/538
f 791/2153/539 795/2154/539 797/2155/539
f 791/2153/539 797/2155/539 793/2156/539
f 798/2157/540 799/2158/540 801/2159/540
f 798/2157/540 801/2159/540 800/2160/540
f 803/2161/541 802/2162/541 804/2163/541
f 803/2161/541 804/2163/541 805/2164/541
f 803/2165/542 799/2166/542 798/2167/542
f 803/2165/542 798/2167/542 802/2168/542
f 804/2169/543 800/2170/543 801/2171/543
f 804/2169/543 801/2171/543 805/2172/543
f 802/2173/544 798/2174/544 800/2175/544
f 802/2173/544 800/2175/544 804/2176/544
f 799/2177/545 803/2178/545 805/2179/545
f 799/2177/545 805/2179/545 801/2180/545
usemtl common_iron
f 818/2181/546 807/2182/546 806/2183/546
f 818/2181/546 806/2183/546 815/2184/546
f 808/2185/547 807/2186/547 811/2187/547
f 808/2185/547 811/2187/547 810/2188/547
f 807/2189/548 818/2190/548 820/2191/548
f 807/2189/548 820/2191/548 811/2192/548
f 807/2193/549 808/2194/549 809/2195/549
f 807/2193/549 809/2195/549 806/2196/549
f 812/2197/550 813/2198/550 839/2199/550
f 812/2197/550 839/2199/550 781/2200/550
f 814/2201/551 812/2202/551 781/2203/551
f 814/2201/551 781/2203/551 747/2204/551
f 813/2205/552 812/2206/552 808/2207/552
f 813/2205/552 808/2207/552 810/2208/552
f 812/2209/553 814/2210/553 809/2211/553
f 812/2209/553 809/2211/553 808/2212/553
f 842/2213/554 819/2214/554 817/2215/554
f 842/2213/554 817/2215/554 821/2216/554
f 821/2217/555 817/2218/555 816/2219/555
f 821/2217/555 816/2219/555 822/2220/555
f 818/2221/556 817/2222/556 819/2223/556
f 818/2221/556 819/2223/556 820/2224/556
f 815/2225/557 816/2226/557 817/2227/557
f 815/2225/557 817/2227/557 818/2228/557
f 838/2229/558 824/2230/558 823/2231/558
f 838/2229/558 823/2231/558 825/2232/558
f 825/2233/559 823/2234/559 828/2235/559
f 825/2233/559 828/2235/559 722/2236/559
f 826/2237/560 823/2238/560 824/2239/560
f 826/2237/560 824/2239/560 827/2240/560
f 829/2241/561 828/2242/561 823/2243/561
f 829/2241/561 823/2243/561 826/2244/561
f 832/2245/562 836/2246/562 843/2247/562
f 832/2245/562 843/2247/562 830/2248/562
f 831/2249/563 832/2250/563 830/2251/563
f 831/2249/563 830/2251/563 833/2252/563
f 836/2253/564 832/2254/564 835/2255/564
f 836/2253/564 835/2255/564 837/2256/564
f 832/2257/565 831/2258/565 834/2259/565
f 832/2257/565 834/2259/565 835/2260/565
f 840/2261/566 838/2262/566 839/2263/566
f 840/2261/566 839/2263/566 841/2264/566
f 844/2265/567 842/2266/567 843/2267/567
f 844/2265/567 843/2267/567 845/2268/567
f 850/2269/568 848/2270/568 846/2271/568
f 850/2269/568 846/2271/568 722/2272/568
f 854/2273/569 847/2274/569 750/2275/569
f 854/2273/569 750/2275/569 851/2276/569
f 846/2277/570 855/2278/570 856/2279/570
f 846/2277/570 856/2279/570 722/2280/570
f 849/2281/571 848/2282/571 847/2283/571
f 849/2281/571 847/2283/571 751/2284/571
f 848/2285/572 850/2286/572 750/2287/572
f 848/2285/572 750/2287/572 847/2288/572
f 859/2289/573 857/2290/573 853/2291/573
f 859/2289/573 853/2291/573 855/2292/573
f 855/2293/574 853/2294/574 852/2295/574
f 855/2293/574 852/2295/574 856/2296/574
f 854/2297/575 853/2298/575 857/2299/575
f 854/2297/575 857/2299/575 858/2300/575
f 851/2301/576 852/2302/576 853/2303/576
f 851/2301/576 853/2303/576 854/2304/576
usemtl weapon_rocket_launcher
f 860/2305/577 861/2306/577 863/2307/577
f 860/2305/577 863/2307/577 862/2308/577
f 865/2309/578 864/2310/578 866/2311/578
f 865/2309/578 866/2311/578 867/2312/578
f 865/2313/579 861/2314/579 860/2315/579
f 865/2313/579 860/2315/579 864/2316/579
f 864/2317/580 860/2318/580 862/2319/580
f 864/2317/580 862/2319/580 866/2320/580
f 861/2321/581 865/2322/581 867/2323/581
f 861/2321/581 867/2323/581 863/2324/581
f 868/2325/582 869/2326/582 871/2327/582
f 868/2325/582 871/2327/582 870/2328/582
f 873/2329/583 872/2330/583 874/2331/583
f 873/2329/583 874/2331/583 875/2332/583
f 873/2333/584 869/2334/584 868/2335/584
f 873/2333/584 868/2335/584 872/2336/584
f 872/2337/585 868/2338/585 870/2339/585
f 872/2337/585 870/2339/585 874/2340/585
f 869/2341/586 873/2342/586 875/2343/586
f 869/2341/586 875/2343/586 871/2344/586
f 876/2345/587 877/2346/587 879/2347/587
f 876/2345/587 879/2347/587 878/2348/587
f 881/2349/588 880/2350/588 882/2351/588
f 881/2349/588 882/2351/588 883/2352/588
f 881/2353/589 877/2354/589 876/2355/589
f 881/2353/589 876/2355/589 880/2356/589
f 880/2357/590 876/2358/590 878/2359/590
f 880/2357/590 878/2359/590 882/2360/590
f 877/2361/591 881/2362/591 883/2363/591
f 877/2361/591 883/2363/591 879/2364/591
f 884/2365/592 885/2366/592 887/2367/592
f 884/2365/592 887/2367/592 886/2368/592
f 889/2369/593 888/2370/593 890/2371/593
f 889/2369/593 890/2371/593 891/2372/593
f 889/2373/594 885/2374/594 884/2375/594
f 889/2373/594 884/2375/594 888/2376/594
f 888/2377/595 884/2378/595 886/2379/595
f 888/2377/595 886/2379/595 890/2380/595
f 885/2381/596 889/2382/596 891/2383/596
f 885/2381/596 891/2383/596 887/2384/596
usemtl common_rough_steel
f 892/2385/597 893/2386/597 895/2387/597
f 892/2385/597 895/2387/597 894/2388/597
f 897/2389/598 896/2390/598 898/2391/598
f 897/2389/598 898/2391/598 899/2392/598
f 898/2393/599 894/2394/599 895/2395/599
f 898/2393/599 895/2395/599 899/2396/599
f 896/2397/600 892/2398/600 894/2399/600
f 896/2397/600 894/2399/600 898/2400/600
f 893/2401/601 897/2402/601 899/2403/601
f 893/2401/601 899/2403/601 895/2404/601
f 900/2405/602 901/2406/602 903/2407/602
f 900/2405/602 903/2407/602 902/2408/602
f 905/2409/603 904/2410/603 906/2411/603
f 905/2409/603 906/2411/603 907/2412/603
f 906/2413/604 902/2414/604 903/2415/604
f 906/2413/604 903/2415/604 907/2416/604
f 904/2417/605 900/2418/605 902/2419/605
f 904/2417/605 902/2419/605 906/2420/605
f 901/2421/606 905/2422/606 907/2423/606
f 901/2421/606 907/2423/606 903/2424/606
f 892/2425/607 896/2426/607 897/2427/607
f 892/2425/607 897/2427/607 893/2428/607
f 905/2429/608 901/2430/608 900/2431/608
f 905/2429/608 900/2431/608 904/2432/608
usemtl weapon_rocket_launcher
f 913/2433/609 909/2434/609 908/2435/609
f 913/2433/609 908/2435/609 912/2436/609
f 914/2437/610 910/2438/610 911/2439/610
f 914/2437/610 911/2439/610 915/2440/610
f 912/2441/611 908/2442/611 910/2443/611
f 912/2441/611 910/2443/611 914/2444/611
f 909/2445/612 913/2446/612 915/2447/612
f 909/2445/612 915/2447/612 911/2448/612
f 921/2449/613 917/2450/613 916/2451/613
f 921/2449/613 916/2451/613 920/2452/613
f 922/2453/614 918/2454/614 919/2455/614
f 922/2453/614 919/2455/614 923/2456/614
f 920/2457/615 916/2458/615 918/2459/615
f 920/2457/615 918/2459/615 922/2460/615
f 917/2461/616 921/2462/616 923/2463/616
f 917/2461/616 923/2463/616 919/2464/616
f 924/2465/617 925/2466/617 927/2467/617
f 924/2465/617 927/2467/617 926/2468/617
f 929/2469/618 928/2470/618 930/2471/618
f 929/2469/618 930/2471/618 931/2472/618
f 929/2473/619 925/2474/619 924/2475/619
f 929/2473/619 924/2475/619 928/2476/619
f 930/2477/620 926/2478/620 927/2479/620
f 930/2477/620 927/2479/620 931/2480/620
f 928/2481/621 924/2482/621 926/2483/621
f 928/2481/621 926/2483/621 930/2484/621
f 925/2485/622 929/2486/622 931/2487/622
f 925/2485/622 931/2487/622 927/2488/622
f 937/2489/623 933/2490/623 932/2491/623
f 937/2489/623 932/2491/623 936/2492/623
f 938/2493/624 934/2494/624 935/2495/624
f 938/2493/624 935/2495/624 939/2496/624
f 936/2497/625 932/2498/625 934/2499/625
f 936/2497/625 934/2499/625 938/2500/625
f 933/2501/626 937/2502/626 939/2503/626
f 933/2501/626 939/2503/626 935/2504/626
f 945/2505/627 941/2506/627 940/2507/627
f 945/2505/627 940/2507/627 944/2508/627
f 946/2509/628 942/2510/628 943/2511/628
f 946/2509/628 943/2511/628 947/2512/628
f 944/2513/629 940/2514/629 942/2515/629
f 944/2513/629 942/2515/629 946/2516/629
f 941/2517/630 945/2518/630 947/2519/630
f 941/2517/630 947/2519/630 943/2520/630
f 948/2521/631 949/2522/631 951/2523/631
f 948/2521/631 951/2523/631 950/2524/631
f 953/2525/632 952/2526/632 954/2527/632
f 953/2525/632 954/2527/632 955/2528/632
f 953/2529/633 949/2530/633 948/2531/633
f 953/2529/633 948/2531/633 952/2532/633
f 954/2533/634 950/2534/634 951/2535/634
f 954/2533/634 951/2535/634 955/2536/634
f 952/2537/635 948/2538/635 950/2539/635
f 952/2537/635 950/2539/635 954/2540/635
f 949/2541/636 953/2542/636 955/2543/636
f 949/2541/636 955/2543/636 951/2544/636
f 961/2545/637 957/2546/637 956/2547/637
f 961/2545/637 956/2547/637 960/2548/637
f 962/2549/638 958/2550/638 959/2551/638
f 962/2549/638 959/2551/638 963/2552/638
f 960/2553/639 956/2554/639 958/2555/639
f 960/2553/639 958/2555/639 962/2556/639
f 957/2557/640 961/2558/640 963/2559/640
f 957/2557/640 963/2559/640 959/2560/640
f 969/2561/641 965/2562/641 964/2563/641
f 969/2561/641 964/2563/641 968/2564/641
f 970/2565/642 966/2566/642 967/2567/642
f 970/2565/642 967/2567/642 971/2568/642
f 968/2569/643 964/2570/643 966/2571/643
f 968/2569/643 966/2571/643 970/2572/643
f 965/2573/644 969/2574/644 971/2575/644
f 965/2573/644 971/2575/644 967/2576/644
f 972/2577/645 973/2578/645 975/2579/645
f 972/2577/645 975/2579/645 974/2580/645
f 977/2581/646 976/2582/646 978/2583/646
f 977/2581/646 978/2583/646 979/2584/646
f 977/2585/647 973/2586/647 972/2587/647
f 977/2585/647 972/2587/647 976/2588/647
f 978/2589/648 974/2590/648 975/2591/648
f 978/2589/648 975/2591/648 979/2592/648
f 976/2593/649 972/2594/649 974/2595/649
f 976/2593/649 974/2595/649 978/2596/649
f 973/2597/650 977/2598/650 979/2599/650
f 973/2597/650 979/2599/650 975/2600/650
o loader_crane
v -0.4358 0.4353 1.9328
v -0.3108 0.4353 1.9328
v -0.4358 0.4353 2.2453
v -0.3108 0.4353 2.2453
v -0.4358 0.5603 1.9328
v -0.3108 0.5603 1.9328
v -0.4358 0.5603 2.2453
v -0.3108 0.5603 2.2453
v 1.2517 0.1853 0.8703
v 1.5017 0.1853 0.8703
v 1.2517 0.1853 2.2453
v 1.5017 0.1853 2.2453
v 1.2517 0.4353 0.8703
v 1.5017 0.4353 0.8703
v 1.2517 0.4353 2.2453
v 1.5017 0.4353 2.2453
v -0.4983 0.1853 0.8703
v -0.2483 0.1853 0.8703
v -0.4983 0.1853 2.2453
v -0.2483 0.1853 2.2453
v -0.4983 0.4353 0.8703
v -0.2483 0.4353 0.8703
v -0.4983 0.4353 2.2453
v -0.2483 0.4353 2.2453
v 1.3142 0.4353 1.9328
v 1.4392 0.4353 1.9328
v 1.3142 0.4353 2.2453
v 1.4392 0.4353 2.2453
v 1.3142 0.5603 1.9328
v 1.4392 0.5603 1.9328
v 1.3142 0.5603 2.2453
v 1.4392 0.5603 2.2453
vt 0.8438 0.8281
vt 0.8125 0.8281
vt 0.8125 0.75
vt 0.8438 0.75
vt 0.9375 0.8281
vt 0.9375 0.8594
vt 0.9063 0.8594
vt 0.9063 0.8281
vt 0.9375 0.8281
vt 0.9375 0.8594
vt 0.9063 0.8594
vt 0.9063 0.8281
vt 0.8125 0.9063
vt 0.8125 0.875
vt 0.8906 0.875
vt 0.8906 0.9063
vt 0.8125 0.875
vt 0.8125 0.9063
vt 0.8906 0.9063
vt 0.8906 0.875
vt 0.5313 1
vt 0.4688 1
vt 0.4688 0.6563
vt 0.5313 0.6563
vt 0.9688 1
vt 0.9063 1
vt 0.9063 0.6563
vt 0.9688 0.6563
vt 0.9063 0.6563
vt 0.9688 0.6563
vt 0.9688 0.5938
vt 0.9063 0.5938
vt 0.9063 0.6563
vt 0.9688 0.6563
vt 0.9688 0.5938
vt 0.9063 0.5938
vt 0.9063 1
vt 0.9688 1
vt 0.9688 0.6563
vt 0.9063 0.6563
vt 0.9063 1
vt 0.9688 1
vt 0.9688 0.6563
vt 0.9063 0.6563
vt 0.5313 1
vt 0.4688 1
vt 0.4688 0.6563
vt 0.5313 0.6563
vt 0.9688 1
vt 0.9063 1
vt 0.9063 0.6563
vt 0.9688 0.6563
vt 0.9063 0.6563
vt 0.9688 0.6563
vt 0.9688 0.5938
vt 0.9063 0.5938
vt 0.9063 0.6563
vt 0.9688 0.6563
vt 0.9688 0.5938
vt 0.9063 0.5938
vt 0.9063 1
vt 0.9688 1
vt 0.9688 0.6563
vt 0.9063 0.6563
vt 0.9063 1
vt 0.9688 1
vt 0.9688 0.6563
vt 0.9063 0.6563
vt 0.8438 0.8281
vt 0.8125 0.8281
vt 0.8125 0.75
vt 0.8438 0.75
vt 0.9375 0.8281
vt 0.9375 0.8594
vt 0.9063 0.8594
vt 0.9063 0.8281
vt 0.9375 0.8281
vt 0.9375 0.8594
vt 0.9063 0.8594
vt 0.9063 0.8281
vt 0.8125 0.9063
vt 0.8125 0.875
vt 0.8906 0.875
vt 0.8906 0.9063
vt 0.8125 0.875
vt 0.8125 0.9063
vt 0.8906 0.9063
vt 0.8906 0.875
vn 0 1 0
vn 0 0 -1
vn 0 0 1
vn -1 0 0
vn 1 0 0
vn 0 -1 0
vn 0 1 0
vn 0 0 -1
vn 0 0 1
vn -1 0 0
vn 1 0 0
vn 0 -1 0
vn 0 1 0
vn 0 0 -1
vn 0 0 1
vn -1 0 0
vn 1 0 0
vn 0 1 0
vn 0 0 -1
vn 0 0 1
vn -1 0 0
vn 1 0 0
usemtl weapon_rocket_launcher2
f 985/2601/651 984/2602/651 986/2603/651
f 985/2601/651 986/2603/651 987/2604/651
f 985/2605/652 981/2606/652 980/2607/652
f 985/2605/652 980/2607/652 984/2608/652
f 986/2609/653 982/2610/653 983/2611/653
f 986/2609/653 983/2611/653 987/2612/653
f 984/2613/654 980/2614/654 982/2615/654
f 984/2613/654 982/2615/654 986/2616/654
f 981/2617/655 985/2618/655 987/2619/655
f 981/2617/655 987/2619/655 983/2620/655
f 988/2621/656 989/2622/656 991/2623/656
f 988/2621/656 991/2623/656 990/2624/656
usemtl weapon_rocket_launcher
f 993/2625/657 992/2626/657 994/2627/657
f 993/2625/657 994/2627/657 995/2628/657
f 993/2629/658 989/2630/658 988/2631/658
f 993/2629/658 988/2631/658 992/2632/658
f 994/2633/659 990/2634/659 991/2635/659
f 994/2633/659 991/2635/659 995/2636/659
f 992/2637/660 988/2638/660 990/2639/660
f 992/2637/660 990/2639/660 994/2640/660
f 989/2641/661 993/2642/661 995/2643/661
f 989/2641/661 995/2643/661 991/2644/661
usemtl weapon_rocket_launcher2
f 996/2645/662 997/2646/662 999/2647/662
f 996/2645/662 999/2647/662 998/2648/662
usemtl weapon_rocket_launcher
f 1001/2649/663 1000/2650/663 1002/2651/663
f 1001/2649/663 1002/2651/663 1003/2652/663
f 1001/2653/664 997/2654/664 996/2655/664
f 1001/2653/664 996/2655/664 1000/2656/664
f 1002/2657/665 998/2658/665 999/2659/665
f 1002/2657/665 999/2659/665 1003/2660/665
f 1000/2661/666 996/2662/666 998/2663/666
f 1000/2661/666 998/2663/666 1002/2664/666
f 997/2665/667 1001/2666/667 1003/2667/667
f 997/2665/667 1003/2667/667 999/2668/667
usemtl weapon_rocket_launcher2
f 1009/2669/668 1008/2670/668 1010/2671/668
f 1009/2669/668 1010/2671/668 1011/2672/668
f 1009/2673/669 1005/2674/669 1004/2675/669
f 1009/2673/669 1004/2675/669 1008/2676/669
f 1010/2677/670 1006/2678/670 1007/2679/670
f 1010/2677/670 1007/2679/670 1011/2680/670
f 1008/2681/671 1004/2682/671 1006/2683/671
f 1008/2681/671 1006/2683/671 1010/2684/671
f 1005/2685/672 1009/2686/672 1011/2687/672
f 1005/2685/672 1011/2687/672 1007/2688/672
o loader_crane2
v 1.2829 0.154 2.2453
v 1.4704 0.154 2.2453
v 1.2829 0.154 2.5578
v 1.4704 0.154 2.5578
v 1.2829 0.4665 2.2453
v 1.4704 0.4665 2.2453
v 1.2829 0.4665 2.5578
v 1.4704 0.4665 2.5578
v 1.2829 0.2165 0.8781
v 1.4704 0.2165 0.8781
v 1.2829 0.2165 2.2531
v 1.4704 0.2165 2.2531
v 1.2829 0.404 0.8781
v 1.4704 0.404 0.8781
v 1.2829 0.404 2.2531
v 1.4704 0.404 2.2531
v -0.4671 0.2165 0.8781
v -0.2796 0.2165 0.8781
v -0.4671 0.2165 2.2531
v -0.2796 0.2165 2.2531
v -0.4671 0.404 0.8781
v -0.2796 0.404 0.8781
v -0.4671 0.404 2.2531
v -0.2796 0.404 2.2531
v -0.2796 0.2165 2.3078
v 1.2829 0.2165 2.3078
v -0.2796 0.2165 2.4953
v 1.2829 0.2165 2.4953
v -0.2796 0.404 2.3078
v 1.2829 0.404 2.3078
v -0.2796 0.404 2.4953
v 1.2829 0.404 2.4953
v -0.4671 0.154 2.2453
v -0.2796 0.154 2.2453
v -0.4671 0.154 2.5578
v -0.2796 0.154 2.5578
v -0.4671 0.4665 2.2453
v -0.2796 0.4665 2.2453
v -0.4671 0.4665 2.5578
v -0.2796 0.4665 2.5578
vt 0.8594 0.8281
vt 0.9063 0.8281
vt 0.9063 0.75
vt 0.8594 0.75
vt 0.8125 0.8281
vt 0.8594 0.8281
vt 0.8594 0.75
vt 0.8125 0.75
vt 0.8906 0.9063
vt 0.8906 0.8281
vt 0.9375 0.8281
vt 0.9375 0.9063
vt 0.8906 0.9063
vt 0.8906 0.8281
vt 0.9375 0.8281
vt 0.9375 0.9063
vt 0.8125 0.9063
vt 0.8125 0.8281
vt 0.8906 0.8281
vt 0.8906 0.9063
vt 0.8125 0.9063
vt 0.8125 0.8281
vt 0.8906 0.8281
vt 0.8906 0.9063
vt 0.9531 1
vt 0.9063 1
vt 0.9063 0.75
vt 0.9531 0.75
vt 0.9531 1
vt 0.9063 1
vt 0.9063 0.75
vt 0.9531 0.75
vt 0.9531 0.5938
vt 0.9063 0.5938
vt 0.9063 0.5469
vt 0.9531 0.5469
vt 0.9531 0.5938
vt 0.9063 0.5938
vt 0.9063 0.5469
vt 0.9531 0.5469
vt 0.9531 1
vt 0.9063 1
vt 0.9063 0.75
vt 0.9531 0.75
vt 0.9531 1
vt 0.9063 1
vt 0.9063 0.75
vt 0.9531 0.75
vt 0.9531 1
vt 0.9063 1
vt 0.9063 0.75
vt 0.9531 0.75
vt 0.9531 1
vt 0.9063 1
vt 0.9063 0.75
vt 0.9531 0.75
vt 0.9531 0.5938
vt 0.9063 0.5938
vt 0.9063 0.5469
vt 0.9531 0.5469
vt 0.9531 0.5938
vt 0.9063 0.5938
vt 0.9063 0.5469
vt 0.9531 0.5469
vt 0.9531 1
vt 0.9063 1
vt 0.9063 0.75
vt 0.9531 0.75
vt 0.9531 1
vt 0.9063 1
vt 0.9063 0.75
vt 0.9531 0.75
vt 0.9531 0.6094
vt 0.9531 1
vt 0.9063 1
vt 0.9063 0.6094
vt 0.9063 0.6094
vt 0.9063 1
vt 0.9531 1
vt 0.9531 0.6094
vt 0.9063 1
vt 0.9531 1
vt 0.9531 0.6094
vt 0.9063 0.6094
vt 0.9531 1
vt 0.9063 1
vt 0.9063 0.6094
vt 0.9531 0.6094
vt 0.9063 0.5469
vt 0.9063 0.5938
vt 0.9531 0.5938
vt 0.9531 0.5469
vt 0.9531 0.5469
vt 0.9063 0.5469
vt 0.9063 0.5938
vt 0.9531 0.5938
vt 0.8594 0.8281
vt 0.9063 0.8281
vt 0.9063 0.75
vt 0.8594 0.75
vt 0.8125 0.8281
vt 0.8594 0.8281
vt 0.8594 0.75
vt 0.8125 0.75
vt 0.8906 0.9063
vt 0.8906 0.8281
vt 0.9375 0.8281
vt 0.9375 0.9063
vt 0.8906 0.9063
vt 0.8906 0.8281
vt 0.9375 0.8281
vt 0.9375 0.9063
vt 0.8125 0.9063
vt 0.8125 0.8281
vt 0.8906 0.8281
vt 0.8906 0.9063
vt 0.8125 0.9063
vt 0.8125 0.8281
vt 0.8906 0.8281
vt 0.8906 0.9063
vn 0 -1 0
vn 0 1 0
vn 0 0 -1
vn 0 0 1
vn -1 0 0
vn 1 0 0
vn 0 -1 0
vn 0 1 0
vn 0 0 -1
vn 0 0 1
vn -1 0 0
vn 1 0 0
vn 0 -1 0
vn 0 1 0
vn 0 0 -1
vn 0 0 1
vn -1 0 0
vn 1 0 0
vn 0 -1 0
vn 0 1 0
vn 0 0 -1
vn 0 0 1
vn -1 0 0
vn 1 0 0
vn 0 -1 0
vn 0 1 0
vn 0 0 -1
vn 0 0 1
vn -1 0 0
vn 1 0 0
usemtl weapon_rocket_launcher2
f 1012/2689/673 1013/2690/673 1015/2691/673
f 1012/2689/673 1015/2691/673 1014/2692/673
f 1017/2693/674 1016/2694/674 1018/2695/674
f 1017/2693/674 1018/2695/674 1019/2696/674
f 1017/2697/675 1013/2698/675 1012/2699/675
f 1017/2697/675 1012/2699/675 1016/2700/675
f 1018/2701/676 1014/2702/676 1015/2703/676
f 1018/2701/676 1015/2703/676 1019/2704/676
f 1016/2705/677 1012/2706/677 1014/2707/677
f 1016/2705/677 1014/2707/677 1018/2708/677
f 1013/2709/678 1017/2710/678 1019/2711/678
f 1013/2709/678 1019/2711/678 1015/2712/678
usemtl weapon_rocket_launcher
f 1020/2713/679 1021/2714/679 1023/2715/679
f 1020/2713/679 1023/2715/679 1022/2716/679
f 1025/2717/680 1024/2718/680 1026/2719/680
f 1025/2717/680 1026/2719/680 1027/2720/680
f 1025/2721/681 1021/2722/681 1020/2723/681
f 1025/2721/681 1020/2723/681 1024/2724/681
f 1026/2725/682 1022/2726/682 1023/2727/682
f 1026/2725/682 1023/2727/682 1027/2728/682
f 1024/2729/683 1020/2730/683 1022/2731/683
f 1024/2729/683 1022/2731/683 1026/2732/683
f 1021/2733/684 1025/2734/684 1027/2735/684
f 1021/2733/684 1027/2735/684 1023/2736/684
f 1028/2737/685 1029/2738/685 1031/2739/685
f 1028/2737/685 1031/2739/685 1030/2740/685
f 1033/2741/686 1032/2742/686 1034/2743/686
f 1033/2741/686 1034/2743/686 1035/2744/686
f 1033/2745/687 1029/2746/687 1028/2747/687
f 1033/2745/687 1028/2747/687 1032/2748/687
f 1034/2749/688 1030/2750/688 1031/2751/688
f 1034/2749/688 1031/2751/688 1035/2752/688
f 1032/2753/689 1028/2754/689 1030/2755/689
f 1032/2753/689 1030/2755/689 1034/2756/689
f 1029/2757/690 1033/2758/690 1035/2759/690
f 1029/2757/690 1035/2759/690 1031/2760/690
f 1036/2761/691 1037/2762/691 1039/2763/691
f 1036/2761/691 1039/2763/691 1038/2764/691
f 1041/2765/692 1040/2766/692 1042/2767/692
f 1041/2765/692 1042/2767/692 1043/2768/692
f 1041/2769/693 1037/2770/693 1036/2771/693
f 1041/2769/693 1036/2771/693 1040/2772/693
f 1042/2773/694 1038/2774/694 1039/2775/694
f 1042/2773/694 1039/2775/694 1043/2776/694
f 1040/2777/695 1036/2778/695 1038/2779/695
f 1040/2777/695 1038/2779/695 1042/2780/695
f 1037/2781/696 1041/2782/696 1043/2783/696
f 1037/2781/696 1043/2783/696 1039/2784/696
usemtl weapon_rocket_launcher2
f 1044/2785/697 1045/2786/697 1047/2787/697
f 1044/2785/697 1047/2787/697 1046/2788/697
f 1049/2789/698 1048/2790/698 1050/2791/698
f 1049/2789/698 1050/2791/698 1051/2792/698
f 1049/2793/699 1045/2794/699 1044/2795/699
f 1049/2793/699 1044/2795/699 1048/2796/699
f 1050/2797/700 1046/2798/700 1047/2799/700
f 1050/2797/700 1047/2799/700 1051/2800/700
f 1048/2801/701 1044/2802/701 1046/2803/701
f 1048/2801/701 1046/2803/701 1050/2804/701
f 1045/2805/702 1049/2806/702 1051/2807/702
f 1045/2805/702 1051/2807/702 1047/2808/702
o loader_winch1
v 1.3454 0.1853 2.4172
v 1.4079 0.1853 2.4172
v 1.3454 -0.0022 2.4172
v 1.4079 -0.0022 2.4172
v 1.3454 0.1853 2.2922
v 1.4079 0.1853 2.2922
v 1.3454 -0.0022 2.2922
v 1.4079 -0.0022 2.2922
v -0.4046 0.1853 2.4172
v -0.3421 0.1853 2.4172
v -0.4046 -0.0022 2.4172
v -0.3421 -0.0022 2.4172
v -0.4046 0.1853 2.2922
v -0.3421 0.1853 2.2922
v -0.4046 -0.0022 2.2922
v -0.3421 -0.0022 2.2922
vt 0.7656 0.8125
vt 0.7656 0.8594
vt 0.75 0.8594
vt 0.75 0.8125
vt 0.75 0.8125
vt 0.75 0.8594
vt 0.7344 0.8594
vt 0.7344 0.8125
vt 0.7656 0.8438
vt 0.7656 0.8594
vt 0.7344 0.8594
vt 0.7344 0.8438
vt 0.7656 0.8125
vt 0.7656 0.8281
vt 0.7344 0.8281
vt 0.7344 0.8125
vt 0.7656 0.8125
vt 0.7656 0.8594
vt 0.7344 0.8594
vt 0.7344 0.8125
vt 0.7344 0.8125
vt 0.7344 0.8594
vt 0.7656 0.8594
vt 0.7656 0.8125
vt 0.7656 0.8125
vt 0.7656 0.8594
vt 0.75 0.8594
vt 0.75 0.8125
vt 0.75 0.8125
vt 0.75 0.8594
vt 0.7344 0.8594
vt 0.7344 0.8125
vt 0.7656 0.8438
vt 0.7656 0.8594
vt 0.7344 0.8594
vt 0.7344 0.8438
vt 0.7656 0.8125
vt 0.7656 0.8281
vt 0.7344 0.8281
vt 0.7344 0.8125
vt 0.7656 0.8125
vt 0.7656 0.8594
vt 0.7344 0.8594
vt 0.7344 0.8125
vt 0.7344 0.8125
vt 0.7344 0.8594
vt 0.7656 0.8594
vt 0.7656 0.8125
vn 0 0 1
vn 0 0 -1
vn 0 1 0
vn 0 -1 0
vn -1 0 0
vn 1 0 0
vn 0 0 1
vn 0 0 -1
vn 0 1 0
vn 0 -1 0
vn -1 0 0
vn 1 0 0
usemtl weapon_rocket_launcher2
f 1055/2809/703 1053/2810/703 1052/2811/703
f 1055/2809/703 1052/2811/703 1054/2812/703
f 1058/2813/704 1056/2814/704 1057/2815/704
f 1058/2813/704 1057/2815/704 1059/2816/704
f 1052/2817/705 1053/2818/705 1057/2819/705
f 1052/2817/705 1057/2819/705 1056/2820/705
f 1055/2821/706 1054/2822/706 1058/2823/706
f 1055/2821/706 1058/2823/706 1059/2824/706
f 1054/2825/707 1052/2826/707 1056/2827/707
f 1054/2825/707 1056/2827/707 1058/2828/707
f 1059/2829/708 1057/2830/708 1053/2831/708
f 1059/2829/708 1053/2831/708 1055/2832/708
f 1063/2833/709 1061/2834/709 1060/2835/709
f 1063/2833/709 1060/2835/709 1062/2836/709
f 1066/2837/710 1064/2838/710 1065/2839/710
f 1066/2837/710 1065/2839/710 1067/2840/710
f 1060/2841/711 1061/2842/711 1065/2843/711
f 1060/2841/711 1065/2843/711 1064/2844/711
f 1063/2845/712 1062/2846/712 1066/2847/712
f 1063/2845/712 1066/2847/712 1067/2848/712
f 1062/2849/713 1060/2850/713 1064/2851/713
f 1062/2849/713 1064/2851/713 1066/2852/713
f 1067/2853/714 1065/2854/714 1061/2855/714
f 1067/2853/714 1061/2855/714 1063/2856/714
o loader_rope_coil
v -0.2171 0.291 2.1814
v 1.2204 0.291 2.1814
v -0.2171 0.0901 2.4208
v 1.2204 0.0901 2.4208
v -0.2171 0.5304 2.3823
v 1.2204 0.5304 2.3823
v -0.2171 0.3295 2.6217
v 1.2204 0.3295 2.6217
vt 0.3906 0.5469
vt 0.75 0.5469
vt 0.75 0.4688
vt 0.3906 0.4688
vt 0.75 0.5469
vt 0.3906 0.5469
vt 0.3906 0.4688
vt 0.75 0.4688
vt 0.3906 0.4688
vt 0.3906 0.5469
vt 0.75 0.5469
vt 0.75 0.4688
vt 0.3906 0.4688
vt 0.3906 0.5469
vt 0.75 0.5469
vt 0.75 0.4688
vt 0.75 0.5469
vt 0.8281 0.5469
vt 0.8281 0.4688
vt 0.75 0.4688
vt 0.75 0.5469
vt 0.8281 0.5469
vt 0.8281 0.4688
vt 0.75 0.4688
vn 0 -0.77 -0.64
vn 0 0.77 0.64
vn 0 0.64 -0.77
vn 0 -0.64 0.77
vn -1 0 0
vn 1 0 0
usemtl weapon_rocket_launcher
f 1068/2857/715 1069/2858/715 1071/2859/715
f 1068/2857/715 1071/2859/715 1070/2860/715
f 1073/2861/716 1072/2862/716 1074/2863/716
f 1073/2861/716 1074/2863/716 1075/2864/716
f 1073/2865/717 1069/2866/717 1068/2867/717
f 1073/2865/717 1068/2867/717 1072/2868/717
f 1074/2869/718 1070/2870/718 1071/2871/718
f 1074/2869/718 1071/2871/718 1075/2872/718
f 1072/2873/719 1068/2874/719 1070/2875/719
f 1072/2873/719 1070/2875/719 1074/2876/719
f 1069/2877/720 1073/2878/720 1075/2879/720
f 1069/2877/720 1075/2879/720 1071/2880/720
o wire1
v -0.3418 0.2031 2.3421
v -0.3418 -0.2344 2.3421
v -0.4043 0.2031 2.3421
v -0.4043 -0.2344 2.3421
v 1.4082 0.2031 2.3421
v 1.4082 -0.2344 2.3421
v 1.3457 0.2031 2.3421
v 1.3457 -0.2344 2.3421
v -0.373 -0.2344 2.3733
v -0.373 0.2031 2.3733
v -0.373 0.2031 2.3109
v -0.373 -0.2344 2.3109
v 1.377 -0.2344 2.3733
v 1.377 0.2031 2.3733
v 1.377 0.2031 2.3109
v 1.377 -0.2344 2.3109
v -0.348 0.2031 2.3343
v -0.348 -0.2344 2.3343
v -0.4105 0.2031 2.3343
v -0.4105 -0.2344 2.3343
v 1.402 0.2031 2.3343
v 1.402 -0.2344 2.3343
v 1.3395 0.2031 2.3343
v 1.3395 -0.2344 2.3343
v -0.3793 -0.2344 2.3655
v -0.3793 0.2031 2.3655
v -0.3793 0.2031 2.303
v -0.3793 -0.2344 2.303
v 1.3707 -0.2344 2.3655
v 1.3707 0.2031 2.3655
v 1.3707 0.2031 2.303
v 1.3707 -0.2344 2.303
vt 0.7969 0.5313
vt 0.7969 0.6406
vt 0.7813 0.6406
vt 0.7813 0.5313
vt 0.7969 0.5313
vt 0.7969 0.6406
vt 0.7813 0.6406
vt 0.7813 0.5313
vt 0.7969 0.5313
vt 0.7969 0.6406
vt 0.7813 0.6406
vt 0.7813 0.5313
vt 0.7969 0.5313
vt 0.7969 0.6406
vt 0.7813 0.6406
vt 0.7813 0.5313
vt 0.7813 0.6406
vt 0.7969 0.6406
vt 0.7969 0.5313
vt 0.7813 0.5313
vt 0.7813 0.6406
vt 0.7969 0.6406
vt 0.7969 0.5313
vt 0.7813 0.5313
vt 0.7813 0.6406
vt 0.7969 0.6406
vt 0.7969 0.5313
vt 0.7813 0.5313
vt 0.7813 0.6406
vt 0.7969 0.6406
vt 0.7969 0.5313
vt 0.7813 0.5313
vn 0 0 -1
vn 0 0 -1
vn -1 0 0
vn -1 0 0
vn 0 0 1
vn 0 0 1
vn 1 0 0
vn 1 0 0
usemtl common_iron
f 1079/2881/721 1078/2882/721 1076/2883/721
f 1079/2881/721 1076/2883/721 1077/2884/721
f 1083/2885/722 1082/2886/722 1080/2887/722
f 1083/2885/722 1080/2887/722 1081/2888/722
f 1084/2889/723 1085/2890/723 1086/2891/723
f 1084/2889/723 1086/2891/723 1087/2892/723
f 1088/2893/724 1089/2894/724 1090/2895/724
f 1088/2893/724 1090/2895/724 1091/2896/724
f 1092/2897/725 1094/2898/725 1095/2899/725
f 1092/2897/725 1095/2899/725 1093/2900/725
f 1096/2901/726 1098/2902/726 1099/2903/726
f 1096/2901/726 1099/2903/726 1097/2904/726
f 1102/2905/727 1101/2906/727 1100/2907/727
f 1102/2905/727 1100/2907/727 1103/2908/727
f 1106/2909/728 1105/2910/728 1104/2911/728
f 1106/2909/728 1104/2911/728 1107/2912/728
o loader_winch2
v -0.4046 0.3728 2.1672
v -0.3421 0.3728 2.1672
v -0.4046 0.1853 2.1672
v -0.3421 0.1853 2.1672
v -0.4046 0.3728 2.0422
v -0.3421 0.3728 2.0422
v -0.4046 0.1853 2.0422
v -0.3421 0.1853 2.0422
v 1.3454 0.3728 2.1672
v 1.4079 0.3728 2.1672
v 1.3454 0.1853 2.1672
v 1.4079 0.1853 2.1672
v 1.3454 0.3728 2.0422
v 1.4079 0.3728 2.0422
v 1.3454 0.1853 2.0422
v 1.4079 0.1853 2.0422
vt 0.7656 0.8125
vt 0.7656 0.8594
vt 0.75 0.8594
vt 0.75 0.8125
vt 0.75 0.8125
vt 0.75 0.8594
vt 0.7344 0.8594
vt 0.7344 0.8125
vt 0.7656 0.8438
vt 0.7656 0.8594
vt 0.7344 0.8594
vt 0.7344 0.8438
vt 0.7656 0.8125
vt 0.7656 0.8281
vt 0.7344 0.8281
vt 0.7344 0.8125
vt 0.7656 0.8125
vt 0.7656 0.8594
vt 0.7344 0.8594
vt 0.7344 0.8125
vt 0.7344 0.8125
vt 0.7344 0.8594
vt 0.7656 0.8594
vt 0.7656 0.8125
vt 0.7656 0.8125
vt 0.7656 0.8594
vt 0.75 0.8594
vt 0.75 0.8125
vt 0.75 0.8125
vt 0.75 0.8594
vt 0.7344 0.8594
vt 0.7344 0.8125
vt 0.7656 0.8438
vt 0.7656 0.8594
vt 0.7344 0.8594
vt 0.7344 0.8438
vt 0.7656 0.8125
vt 0.7656 0.8281
vt 0.7344 0.8281
vt 0.7344 0.8125
vt 0.7656 0.8125
vt 0.7656 0.8594
vt 0.7344 0.8594
vt 0.7344 0.8125
vt 0.7344 0.8125
vt 0.7344 0.8594
vt 0.7656 0.8594
vt 0.7656 0.8125
vn 0 0 1
vn 0 0 -1
vn 0 1 0
vn 0 -1 0
vn -1 0 0
vn 1 0 0
vn 0 0 1
vn 0 0 -1
vn 0 1 0
vn 0 -1 0
vn -1 0 0
vn 1 0 0
usemtl weapon_rocket_launcher2
f 1111/2913/729 1109/2914/729 1108/2915/729
f 1111/2913/729 1108/2915/729 1110/2916/729
f 1114/2917/730 1112/2918/730 1113/2919/730
f 1114/2917/730 1113/2919/730 1115/2920/730
f 1108/2921/731 1109/2922/731 1113/2923/731
f 1108/2921/731 1113/2923/731 1112/2924/731
f 1111/2925/732 1110/2926/732 1114/2927/732
f 1111/2925/732 1114/2927/732 1115/2928/732
f 1110/2929/733 1108/2930/733 1112/2931/733
f 1110/2929/733 1112/2931/733 1114/2932/733
f 1115/2933/734 1113/2934/734 1109/2935/734
f 1115/2933/734 1109/2935/734 1111/2936/734
f 1119/2937/735 1117/2938/735 1116/2939/735
f 1119/2937/735 1116/2939/735 1118/2940/735
f 1122/2941/736 1120/2942/736 1121/2943/736
f 1122/2941/736 1121/2943/736 1123/2944/736
f 1116/2945/737 1117/2946/737 1121/2947/737
f 1116/2945/737 1121/2947/737 1120/2948/737
f 1119/2949/738 1118/2950/738 1122/2951/738
f 1119/2949/738 1122/2951/738 1123/2952/738
f 1118/2953/739 1116/2954/739 1120/2955/739
f 1118/2953/739 1120/2955/739 1122/2956/739
f 1123/2957/740 1121/2958/740 1117/2959/740
f 1123/2957/740 1117/2959/740 1119/2960/740
o wire2
v -0.3418 0.2031 2.0921
v -0.3418 -0.2344 2.0921
v -0.4043 0.2031 2.0921
v -0.4043 -0.2344 2.0921
v 1.4082 0.2031 2.0921
v 1.4082 -0.2344 2.0921
v 1.3457 0.2031 2.0921
v 1.3457 -0.2344 2.0921
v -0.373 -0.2344 2.1233
v -0.373 0.2031 2.1233
v -0.373 0.2031 2.0609
v -0.373 -0.2344 2.0609
v 1.377 -0.2344 2.1233
v 1.377 0.2031 2.1233
v 1.377 0.2031 2.0609
v 1.377 -0.2344 2.0609
v -0.348 0.2031 2.0843
v -0.348 -0.2344 2.0843
v -0.4105 0.2031 2.0843
v -0.4105 -0.2344 2.0843
v 1.402 0.2031 2.0843
v 1.402 -0.2344 2.0843
v 1.3395 0.2031 2.0843
v 1.3395 -0.2344 2.0843
v -0.3793 -0.2344 2.1155
v -0.3793 0.2031 2.1155
v -0.3793 0.2031 2.053
v -0.3793 -0.2344 2.053
v 1.3707 -0.2344 2.1155
v 1.3707 0.2031 2.1155
v 1.3707 0.2031 2.053
v 1.3707 -0.2344 2.053
vt 0.7969 0.5313
vt 0.7969 0.6406
vt 0.7813 0.6406
vt 0.7813 0.5313
vt 0.7969 0.5313
vt 0.7969 0.6406
vt 0.7813 0.6406
vt 0.7813 0.5313
vt 0.7969 0.5313
vt 0.7969 0.6406
vt 0.7813 0.6406
vt 0.7813 0.5313
vt 0.7969 0.5313
vt 0.7969 0.6406
vt 0.7813 0.6406
vt 0.7813 0.5313
vt 0.7813 0.6406
vt 0.7969 0.6406
vt 0.7969 0.5313
vt 0.7813 0.5313
vt 0.7813 0.6406
vt 0.7969 0.6406
vt 0.7969 0.5313
vt 0.7813 0.5313
vt 0.7813 0.6406
vt 0.7969 0.6406
vt 0.7969 0.5313
vt 0.7813 0.5313
vt 0.7813 0.6406
vt 0.7969 0.6406
vt 0.7969 0.5313
vt 0.7813 0.5313
vn 0 0 -1
vn 0 0 -1
vn -1 0 0
vn -1 0 0
vn 0 0 1
vn 0 0 1
vn 1 0 0
vn 1 0 0
usemtl common_iron
f 1127/2961/741 1126/2962/741 1124/2963/741
f 1127/2961/741 1124/2963/741 1125/2964/741
f 1131/2965/742 1130/2966/742 1128/2967/742
f 1131/2965/742 1128/2967/742 1129/2968/742
f 1132/2969/743 1133/2970/743 1134/2971/743
f 1132/2969/743 1134/2971/743 1135/2972/743
f 1136/2973/744 1137/2974/744 1138/2975/744
f 1136/2973/744 1138/2975/744 1139/2976/744
f 1140/2977/745 1142/2978/745 1143/2979/745
f 1140/2977/745 1143/2979/745 1141/2980/745
f 1144/2981/746 1146/2982/746 1147/2983/746
f 1144/2981/746 1147/2983/746 1145/2984/746
f 1150/2985/747 1149/2986/747 1148/2987/747
f 1150/2985/747 1148/2987/747 1151/2988/747
f 1154/2989/748 1153/2990/748 1152/2991/748
f 1154/2989/748 1152/2991/748 1155/2992/748