# Made by Pabilo8 with Blockbench
# Exported with IIToolkit Plugin
mtllib spotlight_tower.mtl


o base
v 0.125 0.5625 2.03125
v 0.9375 0.5625 2.03125
v 0.125 -2.1875 2.03125
v 0.9375 -2.1875 2.03125
v 0.125 0.5625 0.90625
v 0.9375 0.5625 0.90625
v 0.125 -2.1875 0.90625
v 0.9375 -2.1875 0.90625
v 1.09375 0.5625 1.875
v 1.09375 0.5625 1.0625
v 1.09375 -2.1875 1.875
v 1.09375 -2.1875 1.0625
v -0.03125 0.5625 1.875
v -0.03125 0.5625 1.0625
v -0.03125 -2.1875 1.875
v -0.03125 -2.1875 1.0625
v 1.5 -2.25 2.5
v 1.5 -2.25 0.5
v 1.5 -2.75 2.5
v 1.5 -2.75 0.5
v -0.5 -2.25 2.5
v -0.5 -2.25 0.5
v -0.5 -2.75 2.5
v -0.5 -2.75 0.5
v -0.5 -2.5 0.5
v 1.5 -2.5 0.5
v 1.5 -2.5 2.5
v -0.5 -2.5 2.5
v 1.5 -2.25 1.5
v -0.5 -2.25 1.5
v -0.5 -2.5 1.5
v -0.5 -2.75 1.5
v 1.5 -2.75 1.5
v 1.5 -2.5 1.5
v 0.5 -2.25 1.5
v 0.5 -2.25 2.5
v 0.5 -2.5 2.5
v 0.5 -2.75 2.5
v 0.5 -2.75 1.5
v 0.5 -2.75 0.5
v 0.5 -2.5 0.5
v 0.5 -2.25 0.5
v -0.0625 0.625 1.875
v -0.0625 0.625 2.0625
v -0.0625 -2.25 1.875
v -0.0625 -2.25 2.0625
v 0.125 0.625 1.875
v 0.125 0.625 2.0625
v 0.125 -2.25 1.875
v 0.125 -2.25 2.0625
v 0.125 -1.291666666666667 2.0625
v -0.0625 -1.291666666666667 2.0625
v 0.125 -0.3333333333333335 2.0625
v -0.0625 -0.3333333333333335 2.0625
v -0.0625 -1.291666666666667 1.875
v -0.0625 -0.3333333333333335 1.875
v 0.125 -1.291666666666667 1.875
v 0.125 -0.3333333333333335 1.875
v 1.125 0.625 1.875
v 1.125 0.625 2.0625
v 1.125 -2.25 1.875
v 1.125 -2.25 2.0625
v 0.9375 0.625 1.875
v 0.9375 0.625 2.0625
v 0.9375 -2.25 1.875
v 0.9375 -2.25 2.0625
v 0.9375 -1.291666666666667 2.0625
v 1.125 -1.291666666666667 2.0625
v 0.9375 -0.3333333333333335 2.0625
v 1.125 -0.3333333333333335 2.0625
v 1.125 -1.291666666666667 1.875
v 1.125 -0.3333333333333335 1.875
v 0.9375 -1.291666666666667 1.875
v 0.9375 -0.3333333333333335 1.875
v -0.0625 0.625 1.0625
v -0.0625 0.625 0.875
v -0.0625 -2.25 1.0625
v -0.0625 -2.25 0.875
v 0.125 0.625 1.0625
v 0.125 0.625 0.875
v 0.125 -2.25 1.0625
v 0.125 -2.25 0.875
v 0.125 -1.291666666666667 0.875
v -0.0625 -1.291666666666667 0.875
v 0.125 -0.3333333333333335 0.875
v -0.0625 -0.3333333333333335 0.875
v -0.0625 -1.291666666666667 1.0625
v -0.0625 -0.3333333333333335 1.0625
v 0.125 -1.291666666666667 1.0625
v 0.125 -0.3333333333333335 1.0625
v 1.125 0.625 1.0625
v 1.125 0.625 0.875
v 1.125 -2.25 1.0625
v 1.125 -2.25 0.875
v 0.9375 0.625 1.0625
v 0.9375 0.625 0.875
v 0.9375 -2.25 1.0625
v 0.9375 -2.25 0.875
v 0.9375 -1.291666666666667 0.875
v 1.125 -1.291666666666667 0.875
v 0.9375 -0.3333333333333335 0.875
v 1.125 -0.3333333333333335 0.875
v 1.125 -1.291666666666667 1.0625
v 1.125 -0.3333333333333335 1.0625
v 0.9375 -1.291666666666667 1.0625
v 0.9375 -0.3333333333333335 1.0625
v 0.9375 0.6187500000000004 1.1875
v 0.9375 0.6187500000000004 1.0625
v 0.9375 -2.2562499999999996 1.1875
v 0.9375 -2.2562499999999996 1.0625
v 0.8125 0.6187500000000004 1.1875
v 0.8125 0.6187500000000004 1.0625
v 0.8125 -2.2562499999999996 1.1875
v 0.8125 -2.2562499999999996 1.0625
v 0.9375 0.6187500000000004 1.875
v 0.9375 0.6187500000000004 1.75
v 0.9375 -2.2562499999999996 1.875
v 0.9375 -2.2562499999999996 1.75
v 0.8125 0.6187500000000004 1.875
v 0.8125 0.6187500000000004 1.75
v 0.8125 -2.2562499999999996 1.875
v 0.8125 -2.2562499999999996 1.75
v 0.25 0.6187500000000004 1.875
v 0.25 0.6187500000000004 1.75
v 0.25 -2.2562499999999996 1.875
v 0.25 -2.2562499999999996 1.75
v 0.125 0.6187500000000004 1.875
v 0.125 0.6187500000000004 1.75
v 0.125 -2.2562499999999996 1.875
v 0.125 -2.2562499999999996 1.75
v 0.25 0.6187500000000004 1.1875
v 0.25 0.6187500000000004 1.0625
v 0.25 -2.2562499999999996 1.1875
v 0.25 -2.2562499999999996 1.0625
v 0.125 0.6187500000000004 1.1875
v 0.125 0.6187500000000004 1.0625
v 0.125 -2.2562499999999996 1.1875
v 0.125 -2.2562499999999996 1.0625
v 0.875 0.5625 2.275
v -0.3312499999999998 0.5625 1.8125
v -0.2687499999999998 0.5625 1.8125
v -0.3312499999999998 0.4375 1.8125
v -0.2687499999999998 0.4375 1.8125
v -0.3312499999999998 0.5625 1.125
v -0.2687499999999998 0.5625 1.125
v -0.3312499999999998 0.4375 1.125
v -0.2687499999999998 0.4375 1.125
v -0.2687499999999998 0.5625 1.53125
v -0.018749999999999822 0.5625 1.53125
v -0.2687499999999998 0.4375 1.53125
v -0.018749999999999822 0.4375 1.53125
v -0.2687499999999998 0.5625 1.40625
v -0.018749999999999822 0.5625 1.40625
v -0.2687499999999998 0.4375 1.40625
v -0.018749999999999822 0.4375 1.40625
v -0.39375000000000027 0.7812499999999982 1.8125
v -0.33125000000000027 0.7812499999999982 1.8125
v -0.39375000000000027 0.21874999999999822 1.8125
v -0.33125000000000027 0.21874999999999822 1.8125
v -0.39375000000000027 0.7812499999999982 1.75
v -0.33125000000000027 0.7812499999999982 1.75
v -0.39375000000000027 0.21874999999999822 1.75
v -0.33125000000000027 0.21874999999999822 1.75
v -0.39375000000000027 0.7812499999999982 1.6875
v -0.33125000000000027 0.7812499999999982 1.6875
v -0.39375000000000027 0.21874999999999822 1.6875
v -0.33125000000000027 0.21874999999999822 1.6875
v -0.39375000000000027 0.7812499999999982 1.625
v -0.33125000000000027 0.7812499999999982 1.625
v -0.39375000000000027 0.21874999999999822 1.625
v -0.33125000000000027 0.21874999999999822 1.625
v -0.39375000000000027 0.7812499999999982 1.5625
v -0.33125000000000027 0.7812499999999982 1.5625
v -0.39375000000000027 0.21874999999999822 1.5625
v -0.33125000000000027 0.21874999999999822 1.5625
v -0.39375000000000027 0.7812499999999982 1.5
v -0.33125000000000027 0.7812499999999982 1.5
v -0.39375000000000027 0.21874999999999822 1.5
v -0.33125000000000027 0.21874999999999822 1.5
v -0.39375000000000027 0.7812499999999982 1.4375
v -0.33125000000000027 0.7812499999999982 1.4375
v -0.39375000000000027 0.21874999999999822 1.4375
v -0.33125000000000027 0.21874999999999822 1.4375
v -0.39375000000000027 0.7812499999999982 1.375
v -0.33125000000000027 0.7812499999999982 1.375
v -0.39375000000000027 0.21874999999999822 1.375
v -0.33125000000000027 0.21874999999999822 1.375
v -0.39375000000000027 0.7812499999999982 1.3125
v -0.33125000000000027 0.7812499999999982 1.3125
v -0.39375000000000027 0.21874999999999822 1.3125
v -0.33125000000000027 0.21874999999999822 1.3125
v -0.39375000000000027 0.7812499999999982 1.25
v -0.33125000000000027 0.7812499999999982 1.25
v -0.39375000000000027 0.21874999999999822 1.25
v -0.33125000000000027 0.21874999999999822 1.25
v -0.39375000000000027 0.7812499999999982 1.1875
v -0.33125000000000027 0.7812499999999982 1.1875
v -0.39375000000000027 0.21874999999999822 1.1875
v -0.33125000000000027 0.21874999999999822 1.1875
v -0.39375000000000027 0.7812499999999982 1.125
v -0.33125000000000027 0.7812499999999982 1.125
v -0.39375000000000027 0.21874999999999822 1.125
v -0.33125000000000027 0.21874999999999822 1.125
v 0.875 0.5625 2.3375
v 0.875 0.4375 2.3375
v 0.875 0.4375 2.275
v 0.1875 0.5625 2.3375
v 0.1875 0.5625 2.275
v 0.1875 0.4375 2.3375
v 0.1875 0.4375 2.275
v 0.59375 0.5625 2.275
v 0.59375 0.5625 2.025
v 0.59375 0.4375 2.275
v 0.59375 0.4375 2.025
v 0.46875 0.5625 2.275
v 0.46875 0.5625 2.025
v 0.46875 0.4375 2.275
v 0.46875 0.4375 2.025
v 0.875 0.7812499999999982 2.4000000000000004
v 0.875 0.7812499999999982 2.3375000000000004
v 0.875 0.21874999999999822 2.4000000000000004
v 0.875 0.21874999999999822 2.3375000000000004
v 0.8125 0.7812499999999982 2.4000000000000004
v 0.8125 0.7812499999999982 2.3375000000000004
v 0.8125 0.21874999999999822 2.4000000000000004
v 0.8125 0.21874999999999822 2.3375000000000004
v 0.75 0.7812499999999982 2.4000000000000004
v 0.75 0.7812499999999982 2.3375000000000004
v 0.75 0.21874999999999822 2.4000000000000004
v 0.75 0.21874999999999822 2.3375000000000004
v 0.6875 0.7812499999999982 2.4000000000000004
v 0.6875 0.7812499999999982 2.3375000000000004
v 0.6875 0.21874999999999822 2.4000000000000004
v 0.6875 0.21874999999999822 2.3375000000000004
v 0.625 0.7812499999999982 2.4000000000000004
v 0.625 0.7812499999999982 2.3375000000000004
v 0.625 0.21874999999999822 2.4000000000000004
v 0.625 0.21874999999999822 2.3375000000000004
v 0.5625 0.7812499999999982 2.4000000000000004
v 0.5625 0.7812499999999982 2.3375000000000004
v 0.5625 0.21874999999999822 2.4000000000000004
v 0.5625 0.21874999999999822 2.3375000000000004
v 0.5 0.7812499999999982 2.4000000000000004
v 0.5 0.7812499999999982 2.3375000000000004
v 0.5 0.21874999999999822 2.4000000000000004
v 0.5 0.21874999999999822 2.3375000000000004
v 0.4375 0.7812499999999982 2.4000000000000004
v 0.4375 0.7812499999999982 2.3375000000000004
v 0.4375 0.21874999999999822 2.4000000000000004
v 0.4375 0.21874999999999822 2.3375000000000004
v 0.375 0.7812499999999982 2.4000000000000004
v 0.375 0.7812499999999982 2.3375000000000004
v 0.375 0.21874999999999822 2.4000000000000004
v 0.375 0.21874999999999822 2.3375000000000004
v 0.3125 0.7812499999999982 2.4000000000000004
v 0.3125 0.7812499999999982 2.3375000000000004
v 0.3125 0.21874999999999822 2.4000000000000004
v 0.3125 0.21874999999999822 2.3375000000000004
v 0.25 0.7812499999999982 2.4000000000000004
v 0.25 0.7812499999999982 2.3375000000000004
v 0.25 0.21874999999999822 2.4000000000000004
v 0.25 0.21874999999999822 2.3375000000000004
v 0.1875 0.7812499999999982 2.4000000000000004
v 0.1875 0.7812499999999982 2.3375000000000004
v 0.1875 0.21874999999999822 2.4000000000000004
v 0.1875 0.21874999999999822 2.3375000000000004
v 0.875 0.5625 0.6000000000000001
v 0.875 0.5625 0.6625000000000001
v 0.875 0.4375 0.6000000000000001
v 0.875 0.4375 0.6625000000000001
v 0.1875 0.5625 0.6000000000000001
v 0.1875 0.5625 0.6625000000000001
v 0.1875 0.4375 0.6000000000000001
v 0.1875 0.4375 0.6625000000000001
v 0.59375 0.5625 0.6625000000000001
v 0.59375 0.5625 0.9125000000000001
v 0.59375 0.4375 0.6625000000000001
v 0.59375 0.4375 0.9125000000000001
v 0.46875 0.5625 0.6625000000000001
v 0.46875 0.5625 0.9125000000000001
v 0.46875 0.4375 0.6625000000000001
v 0.46875 0.4375 0.9125000000000001
v 0.875 0.7812499999999982 0.5374999999999996
v 0.875 0.7812499999999982 0.5999999999999996
v 0.875 0.21874999999999822 0.5374999999999996
v 0.875 0.21874999999999822 0.5999999999999996
v 0.8125 0.7812499999999982 0.5374999999999996
v 0.8125 0.7812499999999982 0.5999999999999996
v 0.8125 0.21874999999999822 0.5374999999999996
v 0.8125 0.21874999999999822 0.5999999999999996
v 0.75 0.7812499999999982 0.5374999999999996
v 0.75 0.7812499999999982 0.5999999999999996
v 0.75 0.21874999999999822 0.5374999999999996
v 0.75 0.21874999999999822 0.5999999999999996
v 0.6875 0.7812499999999982 0.5374999999999996
v 0.6875 0.7812499999999982 0.5999999999999996
v 0.6875 0.21874999999999822 0.5374999999999996
v 0.6875 0.21874999999999822 0.5999999999999996
v 0.625 0.7812499999999982 0.5374999999999996
v 0.625 0.7812499999999982 0.5999999999999996
v 0.625 0.21874999999999822 0.5374999999999996
v 0.625 0.21874999999999822 0.5999999999999996
v 0.5625 0.7812499999999982 0.5374999999999996
v 0.5625 0.7812499999999982 0.5999999999999996
v 0.5625 0.21874999999999822 0.5374999999999996
v 0.5625 0.21874999999999822 0.5999999999999996
v 0.5 0.7812499999999982 0.5374999999999996
v 0.5 0.7812499999999982 0.5999999999999996
v 0.5 0.21874999999999822 0.5374999999999996
v 0.5 0.21874999999999822 0.5999999999999996
v 0.4375 0.7812499999999982 0.5374999999999996
v 0.4375 0.7812499999999982 0.5999999999999996
v 0.4375 0.21874999999999822 0.5374999999999996
v 0.4375 0.21874999999999822 0.5999999999999996
v 0.375 0.7812499999999982 0.5374999999999996
v 0.375 0.7812499999999982 0.5999999999999996
v 0.375 0.21874999999999822 0.5374999999999996
v 0.375 0.21874999999999822 0.5999999999999996
v 0.3125 0.7812499999999982 0.5374999999999996
v 0.3125 0.7812499999999982 0.5999999999999996
v 0.3125 0.21874999999999822 0.5374999999999996
v 0.3125 0.21874999999999822 0.5999999999999996
v 0.25 0.7812499999999982 0.5374999999999996
v 0.25 0.7812499999999982 0.5999999999999996
v 0.25 0.21874999999999822 0.5374999999999996
v 0.25 0.21874999999999822 0.5999999999999996
v 0.1875 0.7812499999999982 0.5374999999999996
v 0.1875 0.7812499999999982 0.5999999999999996
v 0.1875 0.21874999999999822 0.5374999999999996
v 0.1875 0.21874999999999822 0.5999999999999996
v 1.3937499999999998 0.5625 1.8125
v 1.3312499999999998 0.5625 1.8125
v 1.3937499999999998 0.4375 1.8125
v 1.3312499999999998 0.4375 1.8125
v 1.3937499999999998 0.5625 1.125
v 1.3312499999999998 0.5625 1.125
v 1.3937499999999998 0.4375 1.125
v 1.3312499999999998 0.4375 1.125
v 1.3312499999999998 0.5625 1.53125
v 1.0812499999999998 0.5625 1.53125
v 1.3312499999999998 0.4375 1.53125
v 1.0812499999999998 0.4375 1.53125
v 1.3312499999999998 0.5625 1.40625
v 1.0812499999999998 0.5625 1.40625
v 1.3312499999999998 0.4375 1.40625
v 1.0812499999999998 0.4375 1.40625
v 1.4562500000000003 0.7812499999999982 1.8125
v 1.3937500000000003 0.7812499999999982 1.8125
v 1.4562500000000003 0.21874999999999822 1.8125
v 1.3937500000000003 0.21874999999999822 1.8125
v 1.4562500000000003 0.7812499999999982 1.75
v 1.3937500000000003 0.7812499999999982 1.75
v 1.4562500000000003 0.21874999999999822 1.75
v 1.3937500000000003 0.21874999999999822 1.75
v 1.4562500000000003 0.7812499999999982 1.6875
v 1.3937500000000003 0.7812499999999982 1.6875
v 1.4562500000000003 0.21874999999999822 1.6875
v 1.3937500000000003 0.21874999999999822 1.6875
v 1.4562500000000003 0.7812499999999982 1.625
v 1.3937500000000003 0.7812499999999982 1.625
v 1.4562500000000003 0.21874999999999822 1.625
v 1.3937500000000003 0.21874999999999822 1.625
v 1.4562500000000003 0.7812499999999982 1.5625
v 1.3937500000000003 0.7812499999999982 1.5625
v 1.4562500000000003 0.21874999999999822 1.5625
v 1.3937500000000003 0.21874999999999822 1.5625
v 1.4562500000000003 0.7812499999999982 1.5
v 1.3937500000000003 0.7812499999999982 1.5
v 1.4562500000000003 0.21874999999999822 1.5
v 1.3937500000000003 0.21874999999999822 1.5
v 1.4562500000000003 0.7812499999999982 1.4375
v 1.3937500000000003 0.7812499999999982 1.4375
v 1.4562500000000003 0.21874999999999822 1.4375
v 1.3937500000000003 0.21874999999999822 1.4375
v 1.4562500000000003 0.7812499999999982 1.375
v 1.3937500000000003 0.7812499999999982 1.375
v 1.4562500000000003 0.21874999999999822 1.375
v 1.3937500000000003 0.21874999999999822 1.375
v 1.4562500000000003 0.7812499999999982 1.3125
v 1.3937500000000003 0.7812499999999982 1.3125
v 1.4562500000000003 0.21874999999999822 1.3125
v 1.3937500000000003 0.21874999999999822 1.3125
v 1.4562500000000003 0.7812499999999982 1.25
v 1.3937500000000003 0.7812499999999982 1.25
v 1.4562500000000003 0.21874999999999822 1.25
v 1.3937500000000003 0.21874999999999822 1.25
v 1.4562500000000003 0.7812499999999982 1.1875
v 1.3937500000000003 0.7812499999999982 1.1875
v 1.4562500000000003 0.21874999999999822 1.1875
v 1.3937500000000003 0.21874999999999822 1.1875
v 1.4562500000000003 0.7812499999999982 1.125
v 1.3937500000000003 0.7812499999999982 1.125
v 1.4562500000000003 0.21874999999999822 1.125
v 1.3937500000000003 0.21874999999999822 1.125
v -0.27850086220615666 -0.25 1.4648425683276898
v -0.27850086220615666 -0.25 1.2148425683276898
v -0.27850086220615666 -0.5 1.4648425683276898
v -0.27850086220615666 -0.5 1.2148425683276898
v -0.40350086220615666 -0.1875 1.5273425683276898
v -0.40350086220615666 -0.1875 1.1523425683276898
v -0.40350086220615666 -0.5625 1.5273425683276898
v -0.40350086220615666 -0.5625 1.1523425683276898
v -0.031249999999999556 -0.3125 1.40625
v -0.031249999999999556 -0.3125 1.28125
v -0.031249999999999556 -0.4375 1.40625
v -0.031249999999999556 -0.4375 1.28125
v -0.28124999999999956 -0.3125 1.40625
v -0.28124999999999956 -0.3125 1.28125
v -0.28124999999999956 -0.4375 1.40625
v -0.28124999999999956 -0.4375 1.28125
v 1.3005074129589982 -0.1875 0.8451780261720483
v 1.1237307176623612 -0.1875 0.6684013308754113
v 1.3005074129589982 -0.4375 0.8451780261720483
v 1.1237307176623612 -0.4375 0.6684013308754113
v 1.4330899344314758 -0.125 0.8009838523478892
v 1.1679248914865203 -0.125 0.5358188094029337
v 1.4330899344314758 -0.5 0.8009838523478892
v 1.1679248914865203 -0.5 0.5358188094029337
v 1.0842434492471582 -0.25 0.9785795851005972
v 0.9958551015988397 -0.25 0.8901912374522787
v 1.0842434492471582 -0.375 0.9785795851005972
v 0.9958551015988397 -0.375 0.8901912374522787
v 1.2610201445437952 -0.25 0.8018028898039602
v 1.1726317968954767 -0.25 0.7134145421556417
v 1.2610201445437952 -0.375 0.8018028898039602
v 1.1726317968954767 -0.375 0.7134145421556417
v 1.3005074129589982 -0.1875 2.0923219738279517
v 1.1237307176623612 -0.1875 2.2690986691245887
v 1.3005074129589982 -0.4375 2.0923219738279517
v 1.1237307176623612 -0.4375 2.2690986691245887
v 1.4330899344314758 -0.125 2.136516147652111
v 1.1679248914865203 -0.125 2.401681190597066
v 1.4330899344314758 -0.5 2.136516147652111
v 1.1679248914865203 -0.5 2.401681190597066
v 1.0842434492471582 -0.25 1.9589204148994028
v 0.9958551015988397 -0.25 2.047308762547721
v 1.0842434492471582 -0.375 1.9589204148994028
v 0.9958551015988397 -0.375 2.047308762547721
v 1.2610201445437952 -0.25 2.13569711019604
v 1.1726317968954767 -0.25 2.2240854578443585
v 1.2610201445437952 -0.375 2.13569711019604
v 1.1726317968954767 -0.375 2.2240854578443585
v 1.073223304703363 -0.5625 0.7562815664617708
v 1.25 -0.5625 0.9330582617584078
v 1.073223304703363 -1.25 0.7562815664617708
v 1.25 -1.25 0.9330582617584078
v 0.9848349570550446 -0.5625 0.8446699141100893
v 1.1616116523516815 -0.5625 1.0214466094067263
v 0.9848349570550446 -1.25 0.8446699141100893
v 1.1616116523516815 -1.25 1.0214466094067263
v 1.073223304703363 -0.5625 2.181218433538229
v 1.25 -0.5625 2.004441738241592
v 1.073223304703363 -1.25 2.181218433538229
v 1.25 -1.25 2.004441738241592
v 0.9848349570550446 -0.5625 2.0928300858899105
v 1.1616116523516813 -0.5625 1.916053390593274
v 0.9848349570550446 -1.25 2.0928300858899105
v 1.1616116523516813 -1.25 1.916053390593274
v -0.010723304703363024 -0.5625 0.756281566461771
v -0.18750000000000022 -0.5625 0.9330582617584078
v -0.010723304703363024 -1.25 0.756281566461771
v -0.18750000000000022 -1.25 0.9330582617584078
v 0.07766504294495524 -0.5625 0.8446699141100891
v -0.09911165235168151 -0.5625 1.0214466094067263
v 0.07766504294495524 -1.25 0.8446699141100891
v -0.09911165235168151 -1.25 1.0214466094067263
v -0.010723304703362802 -0.5625 2.1812184335382288
v -0.1875 -0.5625 2.004441738241592
v -0.010723304703362802 -1.25 2.1812184335382288
v -0.1875 -1.25 2.004441738241592
v 0.07766504294495546 -0.5625 2.0928300858899105
v -0.09911165235168107 -0.5625 1.916053390593274
v 0.07766504294495546 -1.25 2.0928300858899105
v -0.09911165235168107 -1.25 1.916053390593274
vt 0.203125 0.3125
vt 0.203125 1
vt 0 1
vt 0 0.3125
vt 0 1
vt 0.203125 1
vt 0.203125 0.3125
vt 0 0.3125
vt 0.203125 0.3125
vt 0.203125 1
vt 0 1
vt 0 0.3125
vt 0 1
vt 0.203125 1
vt 0.203125 0.3125
vt 0 0.3125
vt 0.75 1
vt 0.5 1
vt 0.5 0.9375
vt 0.75 0.9375
vt 0 0.9375
vt 0.25 0.9375
vt 0.25 1
vt 0 1
vt 0 0.75
vt 0.25 0.75
vt 0.25 1
vt 0 1
vt 0 0.25
vt 0.25 0.25
vt 0.25 0.5
vt 0 0.5
vt 0 0.9375
vt 0.25 0.9375
vt 0.25 1
vt 0 1
vt 0.75 1
vt 0.5 1
vt 0.5 0.9375
vt 0.75 0.9375
vt 0.75 0.3125
vt 0.5 0.3125
vt 0.5 0.25
vt 0.75 0.25
vt 0.75 0.3125
vt 0.5 0.3125
vt 0.5 0.25
vt 0.75 0.25
vt 0 0.25
vt 0.25 0.25
vt 0.25 0.3125
vt 0 0.3125
vt 0 0.25
vt 0.25 0.25
vt 0.25 0.3125
vt 0 0.3125
vt 0 0.25
vt 0.25 0.25
vt 0.25 0.5
vt 0 0.5
vt 0.75 1
vt 0.5 1
vt 0.5 0.9375
vt 0.75 0.9375
vt 0.75 0.3125
vt 0.5 0.3125
vt 0.5 0.25
vt 0.75 0.25
vt 0 0.75
vt 0.25 0.75
vt 0.25 1
vt 0 1
vt 0 0.25
vt 0.25 0.25
vt 0.25 0.3125
vt 0 0.3125
vt 0 0.9375
vt 0.25 0.9375
vt 0.25 1
vt 0 1
vt 0.75 0.5
vt 0.5 0.5
vt 0.5 0.25
vt 0.75 0.25
vt 0.75 1
vt 0.5 1
vt 0.5 0.9375
vt 0.75 0.9375
vt 0.75 0.3125
vt 0.5 0.3125
vt 0.5 0.25
vt 0.75 0.25
vt 0.75 1
vt 0.5 1
vt 0.5 0.75
vt 0.75 0.75
vt 0.75 0.5
vt 0.5 0.5
vt 0.5 0.25
vt 0.75 0.25
vt 0 0.25
vt 0.25 0.25
vt 0.25 0.3125
vt 0 0.3125
vt 0 0.9375
vt 0.25 0.9375
vt 0.25 1
vt 0 1
vt 0.75 1
vt 0.5 1
vt 0.5 0.75
vt 0.75 0.75
vt 0.859375 0.234375
vt 0.859375 0
vt 0.8125 0
vt 0.8125 0.234375
vt 0.8125 0.234375
vt 0.8125 0
vt 0.859375 0
vt 0.859375 0.234375
vt 0.96875 0.265625
vt 0.96875 0.3125
vt 0.921875 0.3125
vt 0.921875 0.265625
vt 0.859375 0.234375
vt 0.859375 0
vt 0.8125 0
vt 0.8125 0.234375
vt 0.8125 0.234375
vt 0.8125 0
vt 0.859375 0
vt 0.859375 0.234375
vt 0.859375 0
vt 0.859375 0.234375
vt 0.8125 0.234375
vt 0.8125 0
vt 0.859375 0.015625
vt 0.859375 0.25
vt 0.8125 0.25
vt 0.8125 0.015625
vt 0.8125 0
vt 0.8125 0.234375
vt 0.859375 0.234375
vt 0.859375 0
vt 0.8125 0.015625
vt 0.8125 0.25
vt 0.859375 0.25
vt 0.859375 0.015625
vt 0.8125 0
vt 0.8125 0.234375
vt 0.859375 0.234375
vt 0.859375 0
vt 0.8125 0.015625
vt 0.8125 0.25
vt 0.859375 0.25
vt 0.859375 0.015625
vt 0.859375 0
vt 0.859375 0.234375
vt 0.8125 0.234375
vt 0.8125 0
vt 0.859375 0.015625
vt 0.859375 0.25
vt 0.8125 0.25
vt 0.8125 0.015625
vt 0.8125 0
vt 0.859375 0
vt 0.859375 0.234375
vt 0.8125 0.234375
vt 0.859375 0
vt 0.8125 0
vt 0.8125 0.234375
vt 0.859375 0.234375
vt 0.921875 0.3125
vt 0.96875 0.3125
vt 0.96875 0.265625
vt 0.921875 0.265625
vt 0.8125 0
vt 0.859375 0
vt 0.859375 0.234375
vt 0.8125 0.234375
vt 0.859375 0
vt 0.8125 0
vt 0.8125 0.234375
vt 0.859375 0.234375
vt 0.8125 0.234375
vt 0.859375 0.234375
vt 0.859375 0
vt 0.8125 0
vt 0.8125 0.25
vt 0.859375 0.25
vt 0.859375 0.015625
vt 0.8125 0.015625
vt 0.859375 0.234375
vt 0.8125 0.234375
vt 0.8125 0
vt 0.859375 0
vt 0.859375 0.25
vt 0.8125 0.25
vt 0.8125 0.015625
vt 0.859375 0.015625
vt 0.859375 0.234375
vt 0.8125 0.234375
vt 0.8125 0
vt 0.859375 0
vt 0.859375 0.25
vt 0.8125 0.25
vt 0.8125 0.015625
vt 0.859375 0.015625
vt 0.8125 0.234375
vt 0.859375 0.234375
vt 0.859375 0
vt 0.8125 0
vt 0.8125 0.25
vt 0.859375 0.25
vt 0.859375 0.015625
vt 0.8125 0.015625
vt 0.8125 0
vt 0.859375 0
vt 0.859375 0.234375
vt 0.8125 0.234375
vt 0.859375 0
vt 0.8125 0
vt 0.8125 0.234375
vt 0.859375 0.234375
vt 0.921875 0.3125
vt 0.96875 0.3125
vt 0.96875 0.265625
vt 0.921875 0.265625
vt 0.8125 0
vt 0.859375 0
vt 0.859375 0.234375
vt 0.8125 0.234375
vt 0.859375 0
vt 0.8125 0
vt 0.8125 0.234375
vt 0.859375 0.234375
vt 0.8125 0.234375
vt 0.859375 0.234375
vt 0.859375 0
vt 0.8125 0
vt 0.8125 0.25
vt 0.859375 0.25
vt 0.859375 0.015625
vt 0.8125 0.015625
vt 0.859375 0.234375
vt 0.8125 0.234375
vt 0.8125 0
vt 0.859375 0
vt 0.859375 0.25
vt 0.8125 0.25
vt 0.8125 0.015625
vt 0.859375 0.015625
vt 0.859375 0.234375
vt 0.8125 0.234375
vt 0.8125 0
vt 0.859375 0
vt 0.859375 0.25
vt 0.8125 0.25
vt 0.8125 0.015625
vt 0.859375 0.015625
vt 0.8125 0.234375
vt 0.859375 0.234375
vt 0.859375 0
vt 0.8125 0
vt 0.8125 0.25
vt 0.859375 0.25
vt 0.859375 0.015625
vt 0.8125 0.015625
vt 0.859375 0.234375
vt 0.859375 0
vt 0.8125 0
vt 0.8125 0.234375
vt 0.8125 0.234375
vt 0.8125 0
vt 0.859375 0
vt 0.859375 0.234375
vt 0.96875 0.265625
vt 0.96875 0.3125
vt 0.921875 0.3125
vt 0.921875 0.265625
vt 0.859375 0.234375
vt 0.859375 0
vt 0.8125 0
vt 0.8125 0.234375
vt 0.8125 0.234375
vt 0.8125 0
vt 0.859375 0
vt 0.859375 0.234375
vt 0.859375 0
vt 0.859375 0.234375
vt 0.8125 0.234375
vt 0.8125 0
vt 0.859375 0.015625
vt 0.859375 0.25
vt 0.8125 0.25
vt 0.8125 0.015625
vt 0.8125 0
vt 0.8125 0.234375
vt 0.859375 0.234375
vt 0.859375 0
vt 0.8125 0.015625
vt 0.8125 0.25
vt 0.859375 0.25
vt 0.859375 0.015625
vt 0.8125 0
vt 0.8125 0.234375
vt 0.859375 0.234375
vt 0.859375 0
vt 0.8125 0.015625
vt 0.8125 0.25
vt 0.859375 0.25
vt 0.859375 0.015625
vt 0.859375 0
vt 0.859375 0.234375
vt 0.8125 0.234375
vt 0.8125 0
vt 0.859375 0.015625
vt 0.859375 0.25
vt 0.8125 0.25
vt 0.8125 0.015625
vt 0 0.28125
vt 0 1
vt 0.03125 1
vt 0.03125 0.28125
vt 0 0.28125
vt 0 1
vt 0.03125 1
vt 0.03125 0.28125
vt 0.0625 0.96875
vt 0.0625 0.9375
vt 0.03125 0.9375
vt 0.03125 0.96875
vt 0 0.28125
vt 0 1
vt 0.03125 1
vt 0.03125 0.28125
vt 0 0.28125
vt 0 1
vt 0.03125 1
vt 0.03125 0.28125
vt 0 0.28125
vt 0 1
vt 0.03125 1
vt 0.03125 0.28125
vt 0 0.28125
vt 0 1
vt 0.03125 1
vt 0.03125 0.28125
vt 0.0625 0.96875
vt 0.0625 0.9375
vt 0.03125 0.9375
vt 0.03125 0.96875
vt 0 0.28125
vt 0 1
vt 0.03125 1
vt 0.03125 0.28125
vt 0 0.28125
vt 0 1
vt 0.03125 1
vt 0.03125 0.28125
vt 0 0.28125
vt 0 1
vt 0.03125 1
vt 0.03125 0.28125
vt 0 0.28125
vt 0 1
vt 0.03125 1
vt 0.03125 0.28125
vt 0.0625 0.96875
vt 0.0625 0.9375
vt 0.03125 0.9375
vt 0.03125 0.96875
vt 0 0.28125
vt 0 1
vt 0.03125 1
vt 0.03125 0.28125
vt 0 0.28125
vt 0 1
vt 0.03125 1
vt 0.03125 0.28125
vt 0 0.28125
vt 0 1
vt 0.03125 1
vt 0.03125 0.28125
vt 0 0.28125
vt 0 1
vt 0.03125 1
vt 0.03125 0.28125
vt 0.0625 0.96875
vt 0.0625 0.9375
vt 0.03125 0.9375
vt 0.03125 0.96875
vt 0 0.28125
vt 0 1
vt 0.03125 1
vt 0.03125 0.28125
vt 0 0.28125
vt 0 1
vt 0.03125 1
vt 0.03125 0.28125
vt 0.53125 0.96875
vt 0.53125 1
vt 0.515625 1
vt 0.515625 0.96875
vt 0.390625 0.96875
vt 0.390625 1
vt 0.375 1
vt 0.375 0.96875
vt 0.53125 0.984375
vt 0.53125 1
vt 0.359375 1
vt 0.359375 0.984375
vt 0.515625 0.984375
vt 0.515625 1
vt 0.34375 1
vt 0.34375 0.984375
vt 0.53125 0.96875
vt 0.53125 1
vt 0.359375 1
vt 0.359375 0.96875
vt 0.515625 0.96875
vt 0.515625 1
vt 0.34375 1
vt 0.34375 0.96875
vt 0.546875 0.96875
vt 0.546875 1
vt 0.484375 1
vt 0.484375 0.96875
vt 0.53125 0.96875
vt 0.53125 1
vt 0.46875 1
vt 0.46875 0.96875
vt 0.734375 0.8125
vt 0.734375 0.875
vt 0.703125 0.875
vt 0.703125 0.8125
vt 0.734375 0.796875
vt 0.734375 0.859375
vt 0.703125 0.859375
vt 0.703125 0.796875
vt 0.0625 0.9375
vt 0.0625 0.96875
vt 0.03125 0.96875
vt 0.03125 0.9375
vt 0.265625 1
vt 0.25 1
vt 0.25 0.859375
vt 0.265625 0.859375
vt 0.265625 0.859375
vt 0.265625 1
vt 0.25 1
vt 0.25 0.859375
vt 0.25 0.96875
vt 0.265625 0.96875
vt 0.265625 0.984375
vt 0.25 0.984375
vt 0.265625 0.96875
vt 0.265625 0.984375
vt 0.25 0.984375
vt 0.25 0.96875
vt 0.265625 0.859375
vt 0.265625 1
vt 0.25 1
vt 0.25 0.859375
vt 0.265625 1
vt 0.25 1
vt 0.25 0.859375
vt 0.265625 0.859375
vt 0.265625 1
vt 0.25 1
vt 0.25 0.859375
vt 0.265625 0.859375
vt 0.265625 0.859375
vt 0.265625 1
vt 0.25 1
vt 0.25 0.859375
vt 0.25 0.96875
vt 0.265625 0.96875
vt 0.265625 0.984375
vt 0.25 0.984375
vt 0.265625 0.96875
vt 0.265625 0.984375
vt 0.25 0.984375
vt 0.25 0.96875
vt 0.265625 0.859375
vt 0.265625 1
vt 0.25 1
vt 0.25 0.859375
vt 0.265625 1
vt 0.25 1
vt 0.25 0.859375
vt 0.265625 0.859375
vt 0.265625 1
vt 0.25 1
vt 0.25 0.859375
vt 0.265625 0.859375
vt 0.265625 0.859375
vt 0.265625 1
vt 0.25 1
vt 0.25 0.859375
vt 0.25 0.96875
vt 0.265625 0.96875
vt 0.265625 0.984375
vt 0.25 0.984375
vt 0.265625 0.96875
vt 0.265625 0.984375
vt 0.25 0.984375
vt 0.25 0.96875
vt 0.265625 0.859375
vt 0.265625 1
vt 0.25 1
vt 0.25 0.859375
vt 0.265625 1
vt 0.25 1
vt 0.25 0.859375
vt 0.265625 0.859375
vt 0.265625 1
vt 0.25 1
vt 0.25 0.859375
vt 0.265625 0.859375
vt 0.265625 0.859375
vt 0.265625 1
vt 0.25 1
vt 0.25 0.859375
vt 0.25 0.96875
vt 0.265625 0.96875
vt 0.265625 0.984375
vt 0.25 0.984375
vt 0.265625 0.96875
vt 0.265625 0.984375
vt 0.25 0.984375
vt 0.25 0.96875
vt 0.265625 0.859375
vt 0.265625 1
vt 0.25 1
vt 0.25 0.859375
vt 0.265625 1
vt 0.25 1
vt 0.25 0.859375
vt 0.265625 0.859375
vt 0.265625 1
vt 0.25 1
vt 0.25 0.859375
vt 0.265625 0.859375
vt 0.265625 0.859375
vt 0.265625 1
vt 0.25 1
vt 0.25 0.859375
vt 0.25 0.96875
vt 0.265625 0.96875
vt 0.265625 0.984375
vt 0.25 0.984375
vt 0.265625 0.96875
vt 0.265625 0.984375
vt 0.25 0.984375
vt 0.25 0.96875
vt 0.265625 0.859375
vt 0.265625 1
vt 0.25 1
vt 0.25 0.859375
vt 0.265625 1
vt 0.25 1
vt 0.25 0.859375
vt 0.265625 0.859375
vt 0.265625 1
vt 0.25 1
vt 0.25 0.859375
vt 0.265625 0.859375
vt 0.265625 0.859375
vt 0.265625 1
vt 0.25 1
vt 0.25 0.859375
vt 0.25 0.96875
vt 0.265625 0.96875
vt 0.265625 0.984375
vt 0.25 0.984375
vt 0.265625 0.96875
vt 0.265625 0.984375
vt 0.25 0.984375
vt 0.25 0.96875
vt 0.265625 0.859375
vt 0.265625 1
vt 0.25 1
vt 0.25 0.859375
vt 0.265625 1
vt 0.25 1
vt 0.25 0.859375
vt 0.265625 0.859375
vt 0.53125 0.96875
vt 0.53125 1
vt 0.515625 1
vt 0.515625 0.96875
vt 0.390625 0.96875
vt 0.390625 1
vt 0.375 1
vt 0.375 0.96875
vt 0.53125 0.984375
vt 0.53125 1
vt 0.359375 1
vt 0.359375 0.984375
vt 0.515625 0.984375
vt 0.515625 1
vt 0.34375 1
vt 0.34375 0.984375
vt 0.53125 0.96875
vt 0.53125 1
vt 0.359375 1
vt 0.359375 0.96875
vt 0.515625 0.96875
vt 0.515625 1
vt 0.34375 1
vt 0.34375 0.96875
vt 0.546875 0.96875
vt 0.546875 1
vt 0.484375 1
vt 0.484375 0.96875
vt 0.53125 0.96875
vt 0.53125 1
vt 0.46875 1
vt 0.46875 0.96875
vt 0.734375 0.8125
vt 0.734375 0.875
vt 0.703125 0.875
vt 0.703125 0.8125
vt 0.734375 0.796875
vt 0.734375 0.859375
vt 0.703125 0.859375
vt 0.703125 0.796875
vt 0.0625 0.9375
vt 0.0625 0.96875
vt 0.03125 0.96875
vt 0.03125 0.9375
vt 0.265625 1
vt 0.25 1
vt 0.25 0.859375
vt 0.265625 0.859375
vt 0.265625 0.859375
vt 0.265625 1
vt 0.25 1
vt 0.25 0.859375
vt 0.25 0.96875
vt 0.265625 0.96875
vt 0.265625 0.984375
vt 0.25 0.984375
vt 0.265625 0.96875
vt 0.265625 0.984375
vt 0.25 0.984375
vt 0.25 0.96875
vt 0.265625 0.859375
vt 0.265625 1
vt 0.25 1
vt 0.25 0.859375
vt 0.265625 1
vt 0.25 1
vt 0.25 0.859375
vt 0.265625 0.859375
vt 0.265625 1
vt 0.25 1
vt 0.25 0.859375
vt 0.265625 0.859375
vt 0.265625 0.859375
vt 0.265625 1
vt 0.25 1
vt 0.25 0.859375
vt 0.25 0.96875
vt 0.265625 0.96875
vt 0.265625 0.984375
vt 0.25 0.984375
vt 0.265625 0.96875
vt 0.265625 0.984375
vt 0.25 0.984375
vt 0.25 0.96875
vt 0.265625 0.859375
vt 0.265625 1
vt 0.25 1
vt 0.25 0.859375
vt 0.265625 1
vt 0.25 1
vt 0.25 0.859375
vt 0.265625 0.859375
vt 0.265625 1
vt 0.25 1
vt 0.25 0.859375
vt 0.265625 0.859375
vt 0.265625 0.859375
vt 0.265625 1
vt 0.25 1
vt 0.25 0.859375
vt 0.25 0.96875
vt 0.265625 0.96875
vt 0.265625 0.984375
vt 0.25 0.984375
vt 0.265625 0.96875
vt 0.265625 0.984375
vt 0.25 0.984375
vt 0.25 0.96875
vt 0.265625 0.859375
vt 0.265625 1
vt 0.25 1
vt 0.25 0.859375
vt 0.265625 1
vt 0.25 1
vt 0.25 0.859375
vt 0.265625 0.859375
vt 0.265625 1
vt 0.25 1
vt 0.25 0.859375
vt 0.265625 0.859375
vt 0.265625 0.859375
vt 0.265625 1
vt 0.25 1
vt 0.25 0.859375
vt 0.25 0.96875
vt 0.265625 0.96875
vt 0.265625 0.984375
vt 0.25 0.984375
vt 0.265625 0.96875
vt 0.265625 0.984375
vt 0.25 0.984375
vt 0.25 0.96875
vt 0.265625 0.859375
vt 0.265625 1
vt 0.25 1
vt 0.25 0.859375
vt 0.265625 1
vt 0.25 1
vt 0.25 0.859375
vt 0.265625 0.859375
vt 0.265625 1
vt 0.25 1
vt 0.25 0.859375
vt 0.265625 0.859375
vt 0.265625 0.859375
vt 0.265625 1
vt 0.25 1
vt 0.25 0.859375
vt 0.25 0.96875
vt 0.265625 0.96875
vt 0.265625 0.984375
vt 0.25 0.984375
vt 0.265625 0.96875
vt 0.265625 0.984375
vt 0.25 0.984375
vt 0.25 0.96875
vt 0.265625 0.859375
vt 0.265625 1
vt 0.25 1
vt 0.25 0.859375
vt 0.265625 1
vt 0.25 1
vt 0.25 0.859375
vt 0.265625 0.859375
vt 0.265625 1
vt 0.25 1
vt 0.25 0.859375
vt 0.265625 0.859375
vt 0.265625 0.859375
vt 0.265625 1
vt 0.25 1
vt 0.25 0.859375
vt 0.25 0.96875
vt 0.265625 0.96875
vt 0.265625 0.984375
vt 0.25 0.984375
vt 0.265625 0.96875
vt 0.265625 0.984375
vt 0.25 0.984375
vt 0.25 0.96875
vt 0.265625 0.859375
vt 0.265625 1
vt 0.25 1
vt 0.25 0.859375
vt 0.265625 1
vt 0.25 1
vt 0.25 0.859375
vt 0.265625 0.859375
vt 0.515625 1
vt 0.53125 1
vt 0.53125 0.96875
vt 0.515625 0.96875
vt 0.375 1
vt 0.390625 1
vt 0.390625 0.96875
vt 0.375 0.96875
vt 0.359375 1
vt 0.53125 1
vt 0.53125 0.984375
vt 0.359375 0.984375
vt 0.34375 1
vt 0.515625 1
vt 0.515625 0.984375
vt 0.34375 0.984375
vt 0.359375 1
vt 0.53125 1
vt 0.53125 0.96875
vt 0.359375 0.96875
vt 0.34375 1
vt 0.515625 1
vt 0.515625 0.96875
vt 0.34375 0.96875
vt 0.484375 1
vt 0.546875 1
vt 0.546875 0.96875
vt 0.484375 0.96875
vt 0.46875 1
vt 0.53125 1
vt 0.53125 0.96875
vt 0.46875 0.96875
vt 0.703125 0.875
vt 0.734375 0.875
vt 0.734375 0.8125
vt 0.703125 0.8125
vt 0.703125 0.859375
vt 0.734375 0.859375
vt 0.734375 0.796875
vt 0.703125 0.796875
vt 0.03125 0.96875
vt 0.0625 0.96875
vt 0.0625 0.9375
vt 0.03125 0.9375
vt 0.25 0.859375
vt 0.25 1
vt 0.265625 1
vt 0.265625 0.859375
vt 0.25 1
vt 0.265625 1
vt 0.265625 0.859375
vt 0.25 0.859375
vt 0.265625 0.984375
vt 0.265625 0.96875
vt 0.25 0.96875
vt 0.25 0.984375
vt 0.25 0.984375
vt 0.265625 0.984375
vt 0.265625 0.96875
vt 0.25 0.96875
vt 0.25 1
vt 0.265625 1
vt 0.265625 0.859375
vt 0.25 0.859375
vt 0.25 0.859375
vt 0.25 1
vt 0.265625 1
vt 0.265625 0.859375
vt 0.25 0.859375
vt 0.25 1
vt 0.265625 1
vt 0.265625 0.859375
vt 0.25 1
vt 0.265625 1
vt 0.265625 0.859375
vt 0.25 0.859375
vt 0.265625 0.984375
vt 0.265625 0.96875
vt 0.25 0.96875
vt 0.25 0.984375
vt 0.25 0.984375
vt 0.265625 0.984375
vt 0.265625 0.96875
vt 0.25 0.96875
vt 0.25 1
vt 0.265625 1
vt 0.265625 0.859375
vt 0.25 0.859375
vt 0.25 0.859375
vt 0.25 1
vt 0.265625 1
vt 0.265625 0.859375
vt 0.25 0.859375
vt 0.25 1
vt 0.265625 1
vt 0.265625 0.859375
vt 0.25 1
vt 0.265625 1
vt 0.265625 0.859375
vt 0.25 0.859375
vt 0.265625 0.984375
vt 0.265625 0.96875
vt 0.25 0.96875
vt 0.25 0.984375
vt 0.25 0.984375
vt 0.265625 0.984375
vt 0.265625 0.96875
vt 0.25 0.96875
vt 0.25 1
vt 0.265625 1
vt 0.265625 0.859375
vt 0.25 0.859375
vt 0.25 0.859375
vt 0.25 1
vt 0.265625 1
vt 0.265625 0.859375
vt 0.25 0.859375
vt 0.25 1
vt 0.265625 1
vt 0.265625 0.859375
vt 0.25 1
vt 0.265625 1
vt 0.265625 0.859375
vt 0.25 0.859375
vt 0.265625 0.984375
vt 0.265625 0.96875
vt 0.25 0.96875
vt 0.25 0.984375
vt 0.25 0.984375
vt 0.265625 0.984375
vt 0.265625 0.96875
vt 0.25 0.96875
vt 0.25 1
vt 0.265625 1
vt 0.265625 0.859375
vt 0.25 0.859375
vt 0.25 0.859375
vt 0.25 1
vt 0.265625 1
vt 0.265625 0.859375
vt 0.25 0.859375
vt 0.25 1
vt 0.265625 1
vt 0.265625 0.859375
vt 0.25 1
vt 0.265625 1
vt 0.265625 0.859375
vt 0.25 0.859375
vt 0.265625 0.984375
vt 0.265625 0.96875
vt 0.25 0.96875
vt 0.25 0.984375
vt 0.25 0.984375
vt 0.265625 0.984375
vt 0.265625 0.96875
vt 0.25 0.96875
vt 0.25 1
vt 0.265625 1
vt 0.265625 0.859375
vt 0.25 0.859375
vt 0.25 0.859375
vt 0.25 1
vt 0.265625 1
vt 0.265625 0.859375
vt 0.25 0.859375
vt 0.25 1
vt 0.265625 1
vt 0.265625 0.859375
vt 0.25 1
vt 0.265625 1
vt 0.265625 0.859375
vt 0.25 0.859375
vt 0.265625 0.984375
vt 0.265625 0.96875
vt 0.25 0.96875
vt 0.25 0.984375
vt 0.25 0.984375
vt 0.265625 0.984375
vt 0.265625 0.96875
vt 0.25 0.96875
vt 0.25 1
vt 0.265625 1
vt 0.265625 0.859375
vt 0.25 0.859375
vt 0.25 0.859375
vt 0.25 1
vt 0.265625 1
vt 0.265625 0.859375
vt 0.515625 1
vt 0.53125 1
vt 0.53125 0.96875
vt 0.515625 0.96875
vt 0.375 1
vt 0.390625 1
vt 0.390625 0.96875
vt 0.375 0.96875
vt 0.359375 1
vt 0.53125 1
vt 0.53125 0.984375
vt 0.359375 0.984375
vt 0.34375 1
vt 0.515625 1
vt 0.515625 0.984375
vt 0.34375 0.984375
vt 0.359375 1
vt 0.53125 1
vt 0.53125 0.96875
vt 0.359375 0.96875
vt 0.34375 1
vt 0.515625 1
vt 0.515625 0.96875
vt 0.34375 0.96875
vt 0.484375 1
vt 0.546875 1
vt 0.546875 0.96875
vt 0.484375 0.96875
vt 0.46875 1
vt 0.53125 1
vt 0.53125 0.96875
vt 0.46875 0.96875
vt 0.703125 0.875
vt 0.734375 0.875
vt 0.734375 0.8125
vt 0.703125 0.8125
vt 0.703125 0.859375
vt 0.734375 0.859375
vt 0.734375 0.796875
vt 0.703125 0.796875
vt 0.03125 0.96875
vt 0.0625 0.96875
vt 0.0625 0.9375
vt 0.03125 0.9375
vt 0.25 0.859375
vt 0.25 1
vt 0.265625 1
vt 0.265625 0.859375
vt 0.25 1
vt 0.265625 1
vt 0.265625 0.859375
vt 0.25 0.859375
vt 0.265625 0.984375
vt 0.265625 0.96875
vt 0.25 0.96875
vt 0.25 0.984375
vt 0.25 0.984375
vt 0.265625 0.984375
vt 0.265625 0.96875
vt 0.25 0.96875
vt 0.25 1
vt 0.265625 1
vt 0.265625 0.859375
vt 0.25 0.859375
vt 0.25 0.859375
vt 0.25 1
vt 0.265625 1
vt 0.265625 0.859375
vt 0.25 0.859375
vt 0.25 1
vt 0.265625 1
vt 0.265625 0.859375
vt 0.25 1
vt 0.265625 1
vt 0.265625 0.859375
vt 0.25 0.859375
vt 0.265625 0.984375
vt 0.265625 0.96875
vt 0.25 0.96875
vt 0.25 0.984375
vt 0.25 0.984375
vt 0.265625 0.984375
vt 0.265625 0.96875
vt 0.25 0.96875
vt 0.25 1
vt 0.265625 1
vt 0.265625 0.859375
vt 0.25 0.859375
vt 0.25 0.859375
vt 0.25 1
vt 0.265625 1
vt 0.265625 0.859375
vt 0.25 0.859375
vt 0.25 1
vt 0.265625 1
vt 0.265625 0.859375
vt 0.25 1
vt 0.265625 1
vt 0.265625 0.859375
vt 0.25 0.859375
vt 0.265625 0.984375
vt 0.265625 0.96875
vt 0.25 0.96875
vt 0.25 0.984375
vt 0.25 0.984375
vt 0.265625 0.984375
vt 0.265625 0.96875
vt 0.25 0.96875
vt 0.25 1
vt 0.265625 1
vt 0.265625 0.859375
vt 0.25 0.859375
vt 0.25 0.859375
vt 0.25 1
vt 0.265625 1
vt 0.265625 0.859375
vt 0.25 0.859375
vt 0.25 1
vt 0.265625 1
vt 0.265625 0.859375
vt 0.25 1
vt 0.265625 1
vt 0.265625 0.859375
vt 0.25 0.859375
vt 0.265625 0.984375
vt 0.265625 0.96875
vt 0.25 0.96875
vt 0.25 0.984375
vt 0.25 0.984375
vt 0.265625 0.984375
vt 0.265625 0.96875
vt 0.25 0.96875
vt 0.25 1
vt 0.265625 1
vt 0.265625 0.859375
vt 0.25 0.859375
vt 0.25 0.859375
vt 0.25 1
vt 0.265625 1
vt 0.265625 0.859375
vt 0.25 0.859375
vt 0.25 1
vt 0.265625 1
vt 0.265625 0.859375
vt 0.25 1
vt 0.265625 1
vt 0.265625 0.859375
vt 0.25 0.859375
vt 0.265625 0.984375
vt 0.265625 0.96875
vt 0.25 0.96875
vt 0.25 0.984375
vt 0.25 0.984375
vt 0.265625 0.984375
vt 0.265625 0.96875
vt 0.25 0.96875
vt 0.25 1
vt 0.265625 1
vt 0.265625 0.859375
vt 0.25 0.859375
vt 0.25 0.859375
vt 0.25 1
vt 0.265625 1
vt 0.265625 0.859375
vt 0.25 0.859375
vt 0.25 1
vt 0.265625 1
vt 0.265625 0.859375
vt 0.25 1
vt 0.265625 1
vt 0.265625 0.859375
vt 0.25 0.859375
vt 0.265625 0.984375
vt 0.265625 0.96875
vt 0.25 0.96875
vt 0.25 0.984375
vt 0.25 0.984375
vt 0.265625 0.984375
vt 0.265625 0.96875
vt 0.25 0.96875
vt 0.25 1
vt 0.265625 1
vt 0.265625 0.859375
vt 0.25 0.859375
vt 0.25 0.859375
vt 0.25 1
vt 0.265625 1
vt 0.265625 0.859375
vt 0.421875 0.875
vt 0.359375 0.875
vt 0.359375 0.8125
vt 0.421875 0.8125
vt 0.4375 0.890625
vt 0.4375 0.984375
vt 0.34375 0.984375
vt 0.34375 0.890625
vt 0.4375 0.96875
vt 0.46875 0.953125
vt 0.46875 0.890625
vt 0.4375 0.875
vt 0.46875 0.890625
vt 0.46875 0.953125
vt 0.4375 0.96875
vt 0.4375 0.875
vt 0.46875 0.890625
vt 0.46875 0.953125
vt 0.4375 0.96875
vt 0.4375 0.875
vt 0.4375 0.96875
vt 0.46875 0.953125
vt 0.46875 0.890625
vt 0.4375 0.875
vt 0.296875 0.96875
vt 0.296875 1
vt 0.234375 1
vt 0.234375 0.96875
vt 0.359375 0.96875
vt 0.359375 1
vt 0.296875 1
vt 0.296875 0.96875
vt 0.390625 0.953125
vt 0.390625 0.984375
vt 0.328125 0.984375
vt 0.328125 0.953125
vt 0.296875 0.953125
vt 0.296875 0.984375
vt 0.234375 0.984375
vt 0.234375 0.953125
vt 0.359375 0.8125
vt 0.359375 0.875
vt 0.421875 0.875
vt 0.421875 0.8125
vt 0.34375 0.984375
vt 0.4375 0.984375
vt 0.4375 0.890625
vt 0.34375 0.890625
vt 0.46875 0.890625
vt 0.46875 0.953125
vt 0.4375 0.96875
vt 0.4375 0.875
vt 0.4375 0.96875
vt 0.46875 0.953125
vt 0.46875 0.890625
vt 0.4375 0.875
vt 0.4375 0.96875
vt 0.46875 0.953125
vt 0.46875 0.890625
vt 0.4375 0.875
vt 0.46875 0.890625
vt 0.46875 0.953125
vt 0.4375 0.96875
vt 0.4375 0.875
vt 0.234375 1
vt 0.296875 1
vt 0.296875 0.96875
vt 0.234375 0.96875
vt 0.296875 1
vt 0.359375 1
vt 0.359375 0.96875
vt 0.296875 0.96875
vt 0.328125 0.984375
vt 0.390625 0.984375
vt 0.390625 0.953125
vt 0.328125 0.953125
vt 0.234375 0.984375
vt 0.296875 0.984375
vt 0.296875 0.953125
vt 0.234375 0.953125
vt 0.421875 0.875
vt 0.359375 0.875
vt 0.359375 0.8125
vt 0.421875 0.8125
vt 0.4375 0.890625
vt 0.4375 0.984375
vt 0.34375 0.984375
vt 0.34375 0.890625
vt 0.4375 0.96875
vt 0.46875 0.953125
vt 0.46875 0.890625
vt 0.4375 0.875
vt 0.46875 0.890625
vt 0.46875 0.953125
vt 0.4375 0.96875
vt 0.4375 0.875
vt 0.46875 0.890625
vt 0.46875 0.953125
vt 0.4375 0.96875
vt 0.4375 0.875
vt 0.4375 0.96875
vt 0.46875 0.953125
vt 0.46875 0.890625
vt 0.4375 0.875
vt 0.296875 0.96875
vt 0.296875 1
vt 0.234375 1
vt 0.234375 0.96875
vt 0.359375 0.96875
vt 0.359375 1
vt 0.296875 1
vt 0.296875 0.96875
vt 0.390625 0.953125
vt 0.390625 0.984375
vt 0.328125 0.984375
vt 0.328125 0.953125
vt 0.296875 0.953125
vt 0.296875 0.984375
vt 0.234375 0.984375
vt 0.234375 0.953125
vt 0.265625 0.78125
vt 0.328125 0.78125
vt 0.328125 0.609375
vt 0.265625 0.609375
vt 0.265625 0.78125
vt 0.328125 0.78125
vt 0.328125 0.609375
vt 0.265625 0.609375
vt 0.265625 1
vt 0.296875 1
vt 0.296875 0.9375
vt 0.265625 0.9375
vt 0.265625 1
vt 0.296875 1
vt 0.296875 0.9375
vt 0.265625 0.9375
vt 0.265625 0.78125
vt 0.296875 0.78125
vt 0.296875 0.609375
vt 0.265625 0.609375
vt 0.296875 0.78125
vt 0.328125 0.78125
vt 0.328125 0.609375
vt 0.296875 0.609375
vt 0.328125 0.609375
vt 0.328125 0.78125
vt 0.265625 0.78125
vt 0.265625 0.609375
vt 0.328125 0.609375
vt 0.328125 0.78125
vt 0.265625 0.78125
vt 0.265625 0.609375
vt 0.296875 0.9375
vt 0.296875 1
vt 0.265625 1
vt 0.265625 0.9375
vt 0.296875 0.9375
vt 0.296875 1
vt 0.265625 1
vt 0.265625 0.9375
vt 0.296875 0.609375
vt 0.296875 0.78125
vt 0.265625 0.78125
vt 0.265625 0.609375
vt 0.328125 0.609375
vt 0.328125 0.78125
vt 0.296875 0.78125
vt 0.296875 0.609375
vt 0.328125 0.609375
vt 0.328125 0.78125
vt 0.265625 0.78125
vt 0.265625 0.609375
vt 0.328125 0.609375
vt 0.328125 0.78125
vt 0.265625 0.78125
vt 0.265625 0.609375
vt 0.296875 0.9375
vt 0.296875 1
vt 0.265625 1
vt 0.265625 0.9375
vt 0.296875 0.9375
vt 0.296875 1
vt 0.265625 1
vt 0.265625 0.9375
vt 0.296875 0.609375
vt 0.296875 0.78125
vt 0.265625 0.78125
vt 0.265625 0.609375
vt 0.328125 0.609375
vt 0.328125 0.78125
vt 0.296875 0.78125
vt 0.296875 0.609375
vt 0.265625 0.78125
vt 0.328125 0.78125
vt 0.328125 0.609375
vt 0.265625 0.609375
vt 0.265625 0.78125
vt 0.328125 0.78125
vt 0.328125 0.609375
vt 0.265625 0.609375
vt 0.265625 1
vt 0.296875 1
vt 0.296875 0.9375
vt 0.265625 0.9375
vt 0.265625 1
vt 0.296875 1
vt 0.296875 0.9375
vt 0.265625 0.9375
vt 0.265625 0.78125
vt 0.296875 0.78125
vt 0.296875 0.609375
vt 0.265625 0.609375
vt 0.296875 0.78125
vt 0.328125 0.78125
vt 0.328125 0.609375
vt 0.296875 0.609375
vn 0 0 1
vn 0 0 -1
vn 1 0 0
vn -1 0 0
vn 1 0 0
vn -1 0 0
vn 0 1 0
vn 0 -1 0
vn 0 0 1
vn 0 0 -1
vn 0 0 -1
vn 1 0 0
vn 0 0 1
vn -1 0 0
vn 0 1 0
vn -1 0 0
vn -1 0 0
vn 0 -1 0
vn 1 0 0
vn 1 0 0
vn 0 1 0
vn 0 0 1
vn 0 0 1
vn 0 -1 0
vn 0 -1 0
vn 0 0 -1
vn 0 0 -1
vn 0 1 0
vn -1 0 0
vn 1 0 0
vn 0 1 0
vn 0 0 -1
vn 0 0 1
vn 0 0 1
vn 0 0 1
vn -1 0 0
vn -1 0 0
vn 0 0 -1
vn 0 0 -1
vn 1 0 0
vn 1 0 0
vn 1 0 0
vn -1 0 0
vn 0 1 0
vn 0 0 -1
vn 0 0 1
vn 0 0 1
vn 0 0 1
vn 1 0 0
vn 1 0 0
vn 0 0 -1
vn 0 0 -1
vn -1 0 0
vn -1 0 0
vn -1 0 0
vn 1 0 0
vn 0 1 0
vn 0 0 1
vn 0 0 -1
vn 0 0 -1
vn 0 0 -1
vn -1 0 0
vn -1 0 0
vn 0 0 1
vn 0 0 1
vn 1 0 0
vn 1 0 0
vn 1 0 0
vn -1 0 0
vn 0 1 0
vn 0 0 1
vn 0 0 -1
vn 0 0 -1
vn 0 0 -1
vn 1 0 0
vn 1 0 0
vn 0 0 1
vn 0 0 1
vn -1 0 0
vn -1 0 0
vn 1 0 0
vn -1 0 0
vn 0 1 0
vn 0 0 1
vn 0 0 -1
vn 1 0 0
vn -1 0 0
vn 0 1 0
vn 0 0 1
vn 0 0 -1
vn 1 0 0
vn -1 0 0
vn 0 1 0
vn 0 0 1
vn 0 0 -1
vn 1 0 0
vn -1 0 0
vn 0 1 0
vn 0 0 1
vn 0 0 -1
vn 0 0 1
vn 0 0 -1
vn 0 1 0
vn 0 -1 0
vn -1 0 0
vn 1 0 0
vn 0 0 1
vn 0 0 -1
vn 0 1 0
vn 0 -1 0
vn 1 0 0
vn 0 0 1
vn 0 0 -1
vn 0 1 0
vn 0 -1 0
vn -1 0 0
vn 1 0 0
vn 0 0 1
vn 0 0 -1
vn 0 1 0
vn 0 -1 0
vn -1 0 0
vn 1 0 0
vn 0 0 1
vn 0 0 -1
vn 0 1 0
vn 0 -1 0
vn -1 0 0
vn 1 0 0
vn 0 0 1
vn 0 0 -1
vn 0 1 0
vn 0 -1 0
vn -1 0 0
vn 1 0 0
vn 0 0 1
vn 0 0 -1
vn 0 1 0
vn 0 -1 0
vn -1 0 0
vn 1 0 0
vn 0 0 1
vn 0 0 -1
vn 0 1 0
vn 0 -1 0
vn -1 0 0
vn 1 0 0
vn 1 0 0
vn -1 0 0
vn 0 1 0
vn 0 -1 0
vn 0 0 1
vn 0 0 -1
vn 1 0 0
vn -1 0 0
vn 0 1 0
vn 0 -1 0
vn 0 0 -1
vn 1 0 0
vn -1 0 0
vn 0 1 0
vn 0 -1 0
vn 0 0 1
vn 0 0 -1
vn 1 0 0
vn -1 0 0
vn 0 1 0
vn 0 -1 0
vn 0 0 1
vn 0 0 -1
vn 1 0 0
vn -1 0 0
vn 0 1 0
vn 0 -1 0
vn 0 0 1
vn 0 0 -1
vn 1 0 0
vn -1 0 0
vn 0 1 0
vn 0 -1 0
vn 0 0 1
vn 0 0 -1
vn 1 0 0
vn -1 0 0
vn 0 1 0
vn 0 -1 0
vn 0 0 1
vn 0 0 -1
vn 1 0 0
vn -1 0 0
vn 0 1 0
vn 0 -1 0
vn 0 0 1
vn 0 0 -1
vn 1 0 0
vn -1 0 0
vn 0 1 0
vn 0 -1 0
vn 0 0 -1
vn 0 0 1
vn 1 0 0
vn -1 0 0
vn 0 1 0
vn 0 -1 0
vn 0 0 1
vn 1 0 0
vn -1 0 0
vn 0 1 0
vn 0 -1 0
vn 0 0 -1
vn 0 0 1
vn 1 0 0
vn -1 0 0
vn 0 1 0
vn 0 -1 0
vn 0 0 -1
vn 0 0 1
vn 1 0 0
vn -1 0 0
vn 0 1 0
vn 0 -1 0
vn 0 0 -1
vn 0 0 1
vn 1 0 0
vn -1 0 0
vn 0 1 0
vn 0 -1 0
vn 0 0 -1
vn 0 0 1
vn 1 0 0
vn -1 0 0
vn 0 1 0
vn 0 -1 0
vn 0 0 -1
vn 0 0 1
vn 1 0 0
vn -1 0 0
vn 0 1 0
vn 0 -1 0
vn 0 0 -1
vn 0 0 1
vn 0 0 1
vn 0 0 -1
vn 0 1 0
vn 0 -1 0
vn 1 0 0
vn -1 0 0
vn 0 0 1
vn 0 0 -1
vn 0 1 0
vn 0 -1 0
vn -1 0 0
vn 0 0 1
vn 0 0 -1
vn 0 1 0
vn 0 -1 0
vn 1 0 0
vn -1 0 0
vn 0 0 1
vn 0 0 -1
vn 0 1 0
vn 0 -1 0
vn 1 0 0
vn -1 0 0
vn 0 0 1
vn 0 0 -1
vn 0 1 0
vn 0 -1 0
vn 1 0 0
vn -1 0 0
vn 0 0 1
vn 0 0 -1
vn 0 1 0
vn 0 -1 0
vn 1 0 0
vn -1 0 0
vn 0 0 1
vn 0 0 -1
vn 0 1 0
vn 0 -1 0
vn 1 0 0
vn -1 0 0
vn 0 0 1
vn 0 0 -1
vn 0 1 0
vn 0 -1 0
vn 1 0 0
vn -1 0 0
vn 1 0 0
vn -1 0 0
vn 0.44721359549995804 0.8944271909999161 0
vn 0.44721359549995804 -0.8944271909999161 0
vn 0.44721359549995804 0 0.8944271909999161
vn 0.44721359549995804 0 -0.8944271909999161
vn 0 1 0
vn 0 -1 0
vn 0 0 1
vn 0 0 -1
vn -0.7071067811865476 0 0.7071067811865476
vn 0.7071067811865476 0 -0.7071067811865476
vn -0.31622776601683816 0.894427190999916 0.31622776601683816
vn -0.31622776601683816 -0.8944271909999159 0.31622776601683816
vn 0.3162277660168375 0 0.9486832980505141
vn -0.9486832980505141 0 -0.3162277660168375
vn 0 1 0
vn 0 -1 0
vn 0.7071067811865476 0 0.7071067811865476
vn -0.7071067811865476 0 -0.7071067811865476
vn -0.7071067811865476 0 -0.7071067811865476
vn 0.7071067811865476 0 0.7071067811865476
vn -0.31622776601683816 0.8944271909999159 -0.31622776601683816
vn -0.31622776601683816 -0.894427190999916 -0.31622776601683816
vn 0.3162277660168375 0 -0.9486832980505141
vn -0.9486832980505141 0 0.3162277660168375
vn 0 1 0
vn 0 -1 0
vn 0.7071067811865476 0 -0.7071067811865476
vn -0.7071067811865476 0 0.7071067811865476
vn 0.7071067811865476 0 -0.7071067811865476
vn -0.7071067811865478 0 0.7071067811865474
vn 0 1 0
vn 0 -1 0
vn -0.707106781186548 0 -0.7071067811865471
vn 0.7071067811865476 0 0.7071067811865476
vn 0.7071067811865476 0 0.7071067811865476
vn -0.7071067811865472 0 -0.7071067811865479
vn 0 1 0
vn 0 -1 0
vn -0.7071067811865487 0 0.7071067811865464
vn 0.7071067811865458 0 -0.7071067811865493
vn -0.7071067811865467 0 -0.7071067811865485
vn 0.7071067811865485 0 0.7071067811865467
vn 0 1 0
vn 0 -1 0
vn 0.7071067811865467 0 -0.7071067811865485
vn -0.7071067811865467 0 0.7071067811865485
vn -0.7071067811865471 0 0.707106781186548
vn 0.7071067811865476 0 -0.7071067811865476
vn 0 1 0
vn 0 -1 0
vn 0.7071067811865485 0 0.7071067811865467
vn -0.707106781186544 0 -0.7071067811865511
usemtl weapon_spotlight_tower
f 4/1/1 2/2/1 1/3/1
f 4/1/1 1/3/1 3/4/1
f 5/5/2 6/6/2 8/7/2
f 5/5/2 8/7/2 7/8/2
f 12/9/3 10/10/3 9/11/3
f 12/9/3 9/11/3 11/12/3
f 13/13/4 14/14/4 16/15/4
f 13/13/4 16/15/4 15/16/4
usemtl common_concrete_volks
f 18/17/5 29/18/5 34/19/5
f 18/17/5 34/19/5 26/20/5
f 25/21/6 31/22/6 30/23/6
f 25/21/6 30/23/6 22/24/6
f 30/25/7 35/26/7 42/27/7
f 30/25/7 42/27/7 22/28/7
f 24/29/8 40/30/8 39/31/8
f 24/29/8 39/31/8 32/32/8
f 28/33/9 37/34/9 36/35/9
f 28/33/9 36/35/9 21/36/9
f 22/37/10 42/38/10 41/39/10
f 22/37/10 41/39/10 25/40/10
f 25/41/11 41/42/11 40/43/11
f 25/41/11 40/43/11 24/44/11
f 26/45/12 34/46/12 33/47/12
f 26/45/12 33/47/12 20/48/12
f 23/49/13 38/50/13 37/51/13
f 23/49/13 37/51/13 28/52/13
f 24/53/14 32/54/14 31/55/14
f 24/53/14 31/55/14 25/56/14
f 21/57/15 36/58/15 35/59/15
f 21/57/15 35/59/15 30/60/15
f 21/61/16 30/62/16 31/63/16
f 21/61/16 31/63/16 28/64/16
f 28/65/17 31/66/17 32/67/17
f 28/65/17 32/67/17 23/68/17
f 32/69/18 39/70/18 38/71/18
f 32/69/18 38/71/18 23/72/18
f 19/73/19 33/74/19 34/75/19
f 19/73/19 34/75/19 27/76/19
f 27/77/20 34/78/20 29/79/20
f 27/77/20 29/79/20 17/80/20
f 29/81/21 35/82/21 36/83/21
f 29/81/21 36/83/21 17/84/21
f 17/85/22 36/86/22 37/87/22
f 17/85/22 37/87/22 27/88/22
f 27/89/23 37/90/23 38/91/23
f 27/89/23 38/91/23 19/92/23
f 19/93/24 38/94/24 39/95/24
f 19/93/24 39/95/24 33/96/24
f 33/97/25 39/98/25 40/99/25
f 33/97/25 40/99/25 20/100/25
f 20/101/26 40/102/26 41/103/26
f 20/101/26 41/103/26 26/104/26
f 26/105/27 41/106/27 42/107/27
f 26/105/27 42/107/27 18/108/27
f 18/109/28 42/110/28 35/111/28
f 18/109/28 35/111/28 29/112/28
usemtl common_cable_and_pipe
f 43/113/29 56/114/29 54/115/29
f 43/113/29 54/115/29 44/116/29
f 48/117/30 53/118/30 58/119/30
f 48/117/30 58/119/30 47/120/30
f 43/121/31 44/122/31 48/123/31
f 43/121/31 48/123/31 47/124/31
f 47/125/32 58/126/32 56/127/32
f 47/125/32 56/127/32 43/128/32
f 44/129/33 54/130/33 53/131/33
f 44/129/33 53/131/33 48/132/33
f 50/133/34 51/134/34 52/135/34
f 50/133/34 52/135/34 46/136/34
f 51/137/35 53/138/35 54/139/35
f 51/137/35 54/139/35 52/140/35
f 46/141/36 52/142/36 55/143/36
f 46/141/36 55/143/36 45/144/36
f 52/145/37 54/146/37 56/147/37
f 52/145/37 56/147/37 55/148/37
f 45/149/38 55/150/38 57/151/38
f 45/149/38 57/151/38 49/152/38
f 55/153/39 56/154/39 58/155/39
f 55/153/39 58/155/39 57/156/39
f 49/157/40 57/158/40 51/159/40
f 49/157/40 51/159/40 50/160/40
f 57/161/41 58/162/41 53/163/41
f 57/161/41 53/163/41 51/164/41
f 70/165/42 72/166/42 59/167/42
f 70/165/42 59/167/42 60/168/42
f 74/169/43 69/170/43 64/171/43
f 74/169/43 64/171/43 63/172/43
f 64/173/44 60/174/44 59/175/44
f 64/173/44 59/175/44 63/176/44
f 72/177/45 74/178/45 63/179/45
f 72/177/45 63/179/45 59/180/45
f 69/181/46 70/182/46 60/183/46
f 69/181/46 60/183/46 64/184/46
f 68/185/47 67/186/47 66/187/47
f 68/185/47 66/187/47 62/188/47
f 70/189/48 69/190/48 67/191/48
f 70/189/48 67/191/48 68/192/48
f 71/193/49 68/194/49 62/195/49
f 71/193/49 62/195/49 61/196/49
f 72/197/50 70/198/50 68/199/50
f 72/197/50 68/199/50 71/200/50
f 73/201/51 71/202/51 61/203/51
f 73/201/51 61/203/51 65/204/51
f 74/205/52 72/206/52 71/207/52
f 74/205/52 71/207/52 73/208/52
f 67/209/53 73/210/53 65/211/53
f 67/209/53 65/211/53 66/212/53
f 69/213/54 74/214/54 73/215/54
f 69/213/54 73/215/54 67/216/54
f 86/217/55 88/218/55 75/219/55
f 86/217/55 75/219/55 76/220/55
f 90/221/56 85/222/56 80/223/56
f 90/221/56 80/223/56 79/224/56
f 80/225/57 76/226/57 75/227/57
f 80/225/57 75/227/57 79/228/57
f 88/229/58 90/230/58 79/231/58
f 88/229/58 79/231/58 75/232/58
f 85/233/59 86/234/59 76/235/59
f 85/233/59 76/235/59 80/236/59
f 84/237/60 83/238/60 82/239/60
f 84/237/60 82/239/60 78/240/60
f 86/241/61 85/242/61 83/243/61
f 86/241/61 83/243/61 84/244/61
f 87/245/62 84/246/62 78/247/62
f 87/245/62 78/247/62 77/248/62
f 88/249/63 86/250/63 84/251/63
f 88/249/63 84/251/63 87/252/63
f 89/253/64 87/254/64 77/255/64
f 89/253/64 77/255/64 81/256/64
f 90/257/65 88/258/65 87/259/65
f 90/257/65 87/259/65 89/260/65
f 83/261/66 89/262/66 81/263/66
f 83/261/66 81/263/66 82/264/66
f 85/265/67 90/266/67 89/267/67
f 85/265/67 89/267/67 83/268/67
f 91/269/68 104/270/68 102/271/68
f 91/269/68 102/271/68 92/272/68
f 96/273/69 101/274/69 106/275/69
f 96/273/69 106/275/69 95/276/69
f 91/277/70 92/278/70 96/279/70
f 91/277/70 96/279/70 95/280/70
f 95/281/71 106/282/71 104/283/71
f 95/281/71 104/283/71 91/284/71
f 92/285/72 102/286/72 101/287/72
f 92/285/72 101/287/72 96/288/72
f 98/289/73 99/290/73 100/291/73
f 98/289/73 100/291/73 94/292/73
f 99/293/74 101/294/74 102/295/74
f 99/293/74 102/295/74 100/296/74
f 94/297/75 100/298/75 103/299/75
f 94/297/75 103/299/75 93/300/75
f 100/301/76 102/302/76 104/303/76
f 100/301/76 104/303/76 103/304/76
f 93/305/77 103/306/77 105/307/77
f 93/305/77 105/307/77 97/308/77
f 103/309/78 104/310/78 106/311/78
f 103/309/78 106/311/78 105/312/78
f 97/313/79 105/314/79 99/315/79
f 97/313/79 99/315/79 98/316/79
f 105/317/80 106/318/80 101/319/80
f 105/317/80 101/319/80 99/320/80
usemtl common_rough_steel
f 110/321/81 108/322/81 107/323/81
f 110/321/81 107/323/81 109/324/81
f 113/325/82 111/326/82 112/327/82
f 113/325/82 112/327/82 114/328/82
f 107/329/83 108/330/83 112/331/83
f 107/329/83 112/331/83 111/332/83
f 109/333/84 107/334/84 111/335/84
f 109/333/84 111/335/84 113/336/84
f 114/337/85 112/338/85 108/339/85
f 114/337/85 108/339/85 110/340/85
f 118/341/86 116/342/86 115/343/86
f 118/341/86 115/343/86 117/344/86
f 121/345/87 119/346/87 120/347/87
f 121/345/87 120/347/87 122/348/87
f 115/349/88 116/350/88 120/351/88
f 115/349/88 120/351/88 119/352/88
f 117/353/89 115/354/89 119/355/89
f 117/353/89 119/355/89 121/356/89
f 122/357/90 120/358/90 116/359/90
f 122/357/90 116/359/90 118/360/90
f 126/361/91 124/362/91 123/363/91
f 126/361/91 123/363/91 125/364/91
f 129/365/92 127/366/92 128/367/92
f 129/365/92 128/367/92 130/368/92
f 123/369/93 124/370/93 128/371/93
f 123/369/93 128/371/93 127/372/93
f 125/373/94 123/374/94 127/375/94
f 125/373/94 127/375/94 129/376/94
f 130/377/95 128/378/95 124/379/95
f 130/377/95 124/379/95 126/380/95
f 134/381/96 132/382/96 131/383/96
f 134/381/96 131/383/96 133/384/96
f 137/385/97 135/386/97 136/387/97
f 137/385/97 136/387/97 138/388/97
f 131/389/98 132/390/98 136/391/98
f 131/389/98 136/391/98 135/392/98
f 133/393/99 131/394/99 135/395/99
f 133/393/99 135/395/99 137/396/99
f 138/397/100 136/398/100 132/399/100
f 138/397/100 132/399/100 134/400/100
usemtl common_steel
f 143/401/101 141/402/101 140/403/101
f 143/401/101 140/403/101 142/404/101
f 146/405/102 144/406/102 145/407/102
f 146/405/102 145/407/102 147/408/102
f 140/409/103 141/410/103 145/411/103
f 140/409/103 145/411/103 144/412/103
f 143/413/104 142/414/104 146/415/104
f 143/413/104 146/415/104 147/416/104
f 142/417/105 140/418/105 144/419/105
f 142/417/105 144/419/105 146/420/105
f 147/421/106 145/422/106 141/423/106
f 147/421/106 141/423/106 143/424/106
f 151/425/107 149/426/107 148/427/107
f 151/425/107 148/427/107 150/428/107
f 154/429/108 152/430/108 153/431/108
f 154/429/108 153/431/108 155/432/108
f 148/433/109 149/434/109 153/435/109
f 148/433/109 153/435/109 152/436/109
f 151/437/110 150/438/110 154/439/110
f 151/437/110 154/439/110 155/440/110
f 155/441/111 153/442/111 149/443/111
f 155/441/111 149/443/111 151/444/111
usemtl weapon_spotlight_tower
f 157/445/112 156/446/112 158/447/112
f 157/445/112 158/447/112 159/448/112
f 162/449/113 160/450/113 161/451/113
f 162/449/113 161/451/113 163/452/113
f 160/453/114 156/454/114 157/455/114
f 160/453/114 157/455/114 161/456/114
f 159/457/115 158/458/115 162/459/115
f 159/457/115 162/459/115 163/460/115
f 158/461/116 156/462/116 160/463/116
f 158/461/116 160/463/116 162/464/116
f 161/465/117 157/466/117 159/467/117
f 161/465/117 159/467/117 163/468/117
f 165/469/118 164/470/118 166/471/118
f 165/469/118 166/471/118 167/472/118
f 170/473/119 168/474/119 169/475/119
f 170/473/119 169/475/119 171/476/119
f 168/477/120 164/478/120 165/479/120
f 168/477/120 165/479/120 169/480/120
f 167/481/121 166/482/121 170/483/121
f 167/481/121 170/483/121 171/484/121
f 166/485/122 164/486/122 168/487/122
f 166/485/122 168/487/122 170/488/122
f 169/489/123 165/490/123 167/491/123
f 169/489/123 167/491/123 171/492/123
f 173/493/124 172/494/124 174/495/124
f 173/493/124 174/495/124 175/496/124
f 178/497/125 176/498/125 177/499/125
f 178/497/125 177/499/125 179/500/125
f 176/501/126 172/502/126 173/503/126
f 176/501/126 173/503/126 177/504/126
f 175/505/127 174/506/127 178/507/127
f 175/505/127 178/507/127 179/508/127
f 174/509/128 172/510/128 176/511/128
f 174/509/128 176/511/128 178/512/128
f 177/513/129 173/514/129 175/515/129
f 177/513/129 175/515/129 179/516/129
f 181/517/130 180/518/130 182/519/130
f 181/517/130 182/519/130 183/520/130
f 186/521/131 184/522/131 185/523/131
f 186/521/131 185/523/131 187/524/131
f 184/525/132 180/526/132 181/527/132
f 184/525/132 181/527/132 185/528/132
f 183/529/133 182/530/133 186/531/133
f 183/529/133 186/531/133 187/532/133
f 182/533/134 180/534/134 184/535/134
f 182/533/134 184/535/134 186/536/134
f 185/537/135 181/538/135 183/539/135
f 185/537/135 183/539/135 187/540/135
f 189/541/136 188/542/136 190/543/136
f 189/541/136 190/543/136 191/544/136
f 194/545/137 192/546/137 193/547/137
f 194/545/137 193/547/137 195/548/137
f 192/549/138 188/550/138 189/551/138
f 192/549/138 189/551/138 193/552/138
f 191/553/139 190/554/139 194/555/139
f 191/553/139 194/555/139 195/556/139
f 190/557/140 188/558/140 192/559/140
f 190/557/140 192/559/140 194/560/140
f 193/561/141 189/562/141 191/563/141
f 193/561/141 191/563/141 195/564/141
f 197/565/142 196/566/142 198/567/142
f 197/565/142 198/567/142 199/568/142
f 202/569/143 200/570/143 201/571/143
f 202/569/143 201/571/143 203/572/143
f 200/573/144 196/574/144 197/575/144
f 200/573/144 197/575/144 201/576/144
f 199/577/145 198/578/145 202/579/145
f 199/577/145 202/579/145 203/580/145
f 198/581/146 196/582/146 200/583/146
f 198/581/146 200/583/146 202/584/146
f 201/585/147 197/586/147 199/587/147
f 201/585/147 199/587/147 203/588/147
usemtl common_steel
f 206/589/148 139/590/148 204/591/148
f 206/589/148 204/591/148 205/592/148
f 209/593/149 207/594/149 208/595/149
f 209/593/149 208/595/149 210/596/149
f 204/597/150 139/598/150 208/599/150
f 204/597/150 208/599/150 207/600/150
f 206/601/151 205/602/151 209/603/151
f 206/601/151 209/603/151 210/604/151
f 205/605/152 204/606/152 207/607/152
f 205/605/152 207/607/152 209/608/152
f 210/609/153 208/610/153 139/611/153
f 210/609/153 139/611/153 206/612/153
f 214/613/154 212/614/154 211/615/154
f 214/613/154 211/615/154 213/616/154
f 217/617/155 215/618/155 216/619/155
f 217/617/155 216/619/155 218/620/155
f 211/621/156 212/622/156 216/623/156
f 211/621/156 216/623/156 215/624/156
f 214/625/157 213/626/157 217/627/157
f 214/625/157 217/627/157 218/628/157
f 218/629/158 216/630/158 212/631/158
f 218/629/158 212/631/158 214/632/158
usemtl weapon_spotlight_tower
f 220/633/159 219/634/159 221/635/159
f 220/633/159 221/635/159 222/636/159
f 225/637/160 223/638/160 224/639/160
f 225/637/160 224/639/160 226/640/160
f 223/641/161 219/642/161 220/643/161
f 223/641/161 220/643/161 224/644/161
f 222/645/162 221/646/162 225/647/162
f 222/645/162 225/647/162 226/648/162
f 221/649/163 219/650/163 223/651/163
f 221/649/163 223/651/163 225/652/163
f 224/653/164 220/654/164 222/655/164
f 224/653/164 222/655/164 226/656/164
f 228/657/165 227/658/165 229/659/165
f 228/657/165 229/659/165 230/660/165
f 233/661/166 231/662/166 232/663/166
f 233/661/166 232/663/166 234/664/166
f 231/665/167 227/666/167 228/667/167
f 231/665/167 228/667/167 232/668/167
f 230/669/168 229/670/168 233/671/168
f 230/669/168 233/671/168 234/672/168
f 229/673/169 227/674/169 231/675/169
f 229/673/169 231/675/169 233/676/169
f 232/677/170 228/678/170 230/679/170
f 232/677/170 230/679/170 234/680/170
f 236/681/171 235/682/171 237/683/171
f 236/681/171 237/683/171 238/684/171
f 241/685/172 239/686/172 240/687/172
f 241/685/172 240/687/172 242/688/172
f 239/689/173 235/690/173 236/691/173
f 239/689/173 236/691/173 240/692/173
f 238/693/174 237/694/174 241/695/174
f 238/693/174 241/695/174 242/696/174
f 237/697/175 235/698/175 239/699/175
f 237/697/175 239/699/175 241/700/175
f 240/701/176 236/702/176 238/703/176
f 240/701/176 238/703/176 242/704/176
f 244/705/177 243/706/177 245/707/177
f 244/705/177 245/707/177 246/708/177
f 249/709/178 247/710/178 248/711/178
f 249/709/178 248/711/178 250/712/178
f 247/713/179 243/714/179 244/715/179
f 247/713/179 244/715/179 248/716/179
f 246/717/180 245/718/180 249/719/180
f 246/717/180 249/719/180 250/720/180
f 245/721/181 243/722/181 247/723/181
f 245/721/181 247/723/181 249/724/181
f 248/725/182 244/726/182 246/727/182
f 248/725/182 246/727/182 250/728/182
f 252/729/183 251/730/183 253/731/183
f 252/729/183 253/731/183 254/732/183
f 257/733/184 255/734/184 256/735/184
f 257/733/184 256/735/184 258/736/184
f 255/737/185 251/738/185 252/739/185
f 255/737/185 252/739/185 256/740/185
f 254/741/186 253/742/186 257/743/186
f 254/741/186 257/743/186 258/744/186
f 253/745/187 251/746/187 255/747/187
f 253/745/187 255/747/187 257/748/187
f 256/749/188 252/750/188 254/751/188
f 256/749/188 254/751/188 258/752/188
f 260/753/189 259/754/189 261/755/189
f 260/753/189 261/755/189 262/756/189
f 265/757/190 263/758/190 264/759/190
f 265/757/190 264/759/190 266/760/190
f 263/761/191 259/762/191 260/763/191
f 263/761/191 260/763/191 264/764/191
f 262/765/192 261/766/192 265/767/192
f 262/765/192 265/767/192 266/768/192
f 261/769/193 259/770/193 263/771/193
f 261/769/193 263/771/193 265/772/193
f 264/773/194 260/774/194 262/775/194
f 264/773/194 262/775/194 266/776/194
usemtl common_steel
f 267/777/195 268/778/195 270/779/195
f 267/777/195 270/779/195 269/780/195
f 272/781/196 271/782/196 273/783/196
f 272/781/196 273/783/196 274/784/196
f 272/785/197 268/786/197 267/787/197
f 272/785/197 267/787/197 271/788/197
f 273/789/198 269/790/198 270/791/198
f 273/789/198 270/791/198 274/792/198
f 271/793/199 267/794/199 269/795/199
f 271/793/199 269/795/199 273/796/199
f 268/797/200 272/798/200 274/799/200
f 268/797/200 274/799/200 270/800/200
f 275/801/201 276/802/201 278/803/201
f 275/801/201 278/803/201 277/804/201
f 280/805/202 279/806/202 281/807/202
f 280/805/202 281/807/202 282/808/202
f 280/809/203 276/810/203 275/811/203
f 280/809/203 275/811/203 279/812/203
f 281/813/204 277/814/204 278/815/204
f 281/813/204 278/815/204 282/816/204
f 276/817/205 280/818/205 282/819/205
f 276/817/205 282/819/205 278/820/205
usemtl weapon_spotlight_tower
f 285/821/206 283/822/206 284/823/206
f 285/821/206 284/823/206 286/824/206
f 288/825/207 287/826/207 289/827/207
f 288/825/207 289/827/207 290/828/207
f 284/829/208 283/830/208 287/831/208
f 284/829/208 287/831/208 288/832/208
f 289/833/209 285/834/209 286/835/209
f 289/833/209 286/835/209 290/836/209
f 287/837/210 283/838/210 285/839/210
f 287/837/210 285/839/210 289/840/210
f 286/841/211 284/842/211 288/843/211
f 286/841/211 288/843/211 290/844/211
f 293/845/212 291/846/212 292/847/212
f 293/845/212 292/847/212 294/848/212
f 296/849/213 295/850/213 297/851/213
f 296/849/213 297/851/213 298/852/213
f 292/853/214 291/854/214 295/855/214
f 292/853/214 295/855/214 296/856/214
f 297/857/215 293/858/215 294/859/215
f 297/857/215 294/859/215 298/860/215
f 295/861/216 291/862/216 293/863/216
f 295/861/216 293/863/216 297/864/216
f 294/865/217 292/866/217 296/867/217
f 294/865/217 296/867/217 298/868/217
f 301/869/218 299/870/218 300/871/218
f 301/869/218 300/871/218 302/872/218
f 304/873/219 303/874/219 305/875/219
f 304/873/219 305/875/219 306/876/219
f 300/877/220 299/878/220 303/879/220
f 300/877/220 303/879/220 304/880/220
f 305/881/221 301/882/221 302/883/221
f 305/881/221 302/883/221 306/884/221
f 303/885/222 299/886/222 301/887/222
f 303/885/222 301/887/222 305/888/222
f 302/889/223 300/890/223 304/891/223
f 302/889/223 304/891/223 306/892/223
f 309/893/224 307/894/224 308/895/224
f 309/893/224 308/895/224 310/896/224
f 312/897/225 311/898/225 313/899/225
f 312/897/225 313/899/225 314/900/225
f 308/901/226 307/902/226 311/903/226
f 308/901/226 311/903/226 312/904/226
f 313/905/227 309/906/227 310/907/227
f 313/905/227 310/907/227 314/908/227
f 311/909/228 307/910/228 309/911/228
f 311/909/228 309/911/228 313/912/228
f 310/913/229 308/914/229 312/915/229
f 310/913/229 312/915/229 314/916/229
f 317/917/230 315/918/230 316/919/230
f 317/917/230 316/919/230 318/920/230
f 320/921/231 319/922/231 321/923/231
f 320/921/231 321/923/231 322/924/231
f 316/925/232 315/926/232 319/927/232
f 316/925/232 319/927/232 320/928/232
f 321/929/233 317/930/233 318/931/233
f 321/929/233 318/931/233 322/932/233
f 319/933/234 315/934/234 317/935/234
f 319/933/234 317/935/234 321/936/234
f 318/937/235 316/938/235 320/939/235
f 318/937/235 320/939/235 322/940/235
f 325/941/236 323/942/236 324/943/236
f 325/941/236 324/943/236 326/944/236
f 328/945/237 327/946/237 329/947/237
f 328/945/237 329/947/237 330/948/237
f 324/949/238 323/950/238 327/951/238
f 324/949/238 327/951/238 328/952/238
f 329/953/239 325/954/239 326/955/239
f 329/953/239 326/955/239 330/956/239
f 327/957/240 323/958/240 325/959/240
f 327/957/240 325/959/240 329/960/240
f 326/961/241 324/962/241 328/963/241
f 326/961/241 328/963/241 330/964/241
usemtl common_steel
f 331/965/242 332/966/242 334/967/242
f 331/965/242 334/967/242 333/968/242
f 336/969/243 335/970/243 337/971/243
f 336/969/243 337/971/243 338/972/243
f 336/973/244 332/974/244 331/975/244
f 336/973/244 331/975/244 335/976/244
f 337/977/245 333/978/245 334/979/245
f 337/977/245 334/979/245 338/980/245
f 335/981/246 331/982/246 333/983/246
f 335/981/246 333/983/246 337/984/246
f 332/985/247 336/986/247 338/987/247
f 332/985/247 338/987/247 334/988/247
f 339/989/248 340/990/248 342/991/248
f 339/989/248 342/991/248 341/992/248
f 344/993/249 343/994/249 345/995/249
f 344/993/249 345/995/249 346/996/249
f 344/997/250 340/998/250 339/999/250
f 344/997/250 339/999/250 343/1000/250
f 345/1001/251 341/1002/251 342/1003/251
f 345/1001/251 342/1003/251 346/1004/251
f 340/1005/252 344/1006/252 346/1007/252
f 340/1005/252 346/1007/252 342/1008/252
usemtl weapon_spotlight_tower
f 349/1009/253 347/1010/253 348/1011/253
f 349/1009/253 348/1011/253 350/1012/253
f 352/1013/254 351/1014/254 353/1015/254
f 352/1013/254 353/1015/254 354/1016/254
f 348/1017/255 347/1018/255 351/1019/255
f 348/1017/255 351/1019/255 352/1020/255
f 353/1021/256 349/1022/256 350/1023/256
f 353/1021/256 350/1023/256 354/1024/256
f 351/1025/257 347/1026/257 349/1027/257
f 351/1025/257 349/1027/257 353/1028/257
f 350/1029/258 348/1030/258 352/1031/258
f 350/1029/258 352/1031/258 354/1032/258
f 357/1033/259 355/1034/259 356/1035/259
f 357/1033/259 356/1035/259 358/1036/259
f 360/1037/260 359/1038/260 361/1039/260
f 360/1037/260 361/1039/260 362/1040/260
f 356/1041/261 355/1042/261 359/1043/261
f 356/1041/261 359/1043/261 360/1044/261
f 361/1045/262 357/1046/262 358/1047/262
f 361/1045/262 358/1047/262 362/1048/262
f 359/1049/263 355/1050/263 357/1051/263
f 359/1049/263 357/1051/263 361/1052/263
f 358/1053/264 356/1054/264 360/1055/264
f 358/1053/264 360/1055/264 362/1056/264
f 365/1057/265 363/1058/265 364/1059/265
f 365/1057/265 364/1059/265 366/1060/265
f 368/1061/266 367/1062/266 369/1063/266
f 368/1061/266 369/1063/266 370/1064/266
f 364/1065/267 363/1066/267 367/1067/267
f 364/1065/267 367/1067/267 368/1068/267
f 369/1069/268 365/1070/268 366/1071/268
f 369/1069/268 366/1071/268 370/1072/268
f 367/1073/269 363/1074/269 365/1075/269
f 367/1073/269 365/1075/269 369/1076/269
f 366/1077/270 364/1078/270 368/1079/270
f 366/1077/270 368/1079/270 370/1080/270
f 373/1081/271 371/1082/271 372/1083/271
f 373/1081/271 372/1083/271 374/1084/271
f 376/1085/272 375/1086/272 377/1087/272
f 376/1085/272 377/1087/272 378/1088/272
f 372/1089/273 371/1090/273 375/1091/273
f 372/1089/273 375/1091/273 376/1092/273
f 377/1093/274 373/1094/274 374/1095/274
f 377/1093/274 374/1095/274 378/1096/274
f 375/1097/275 371/1098/275 373/1099/275
f 375/1097/275 373/1099/275 377/1100/275
f 374/1101/276 372/1102/276 376/1103/276
f 374/1101/276 376/1103/276 378/1104/276
f 381/1105/277 379/1106/277 380/1107/277
f 381/1105/277 380/1107/277 382/1108/277
f 384/1109/278 383/1110/278 385/1111/278
f 384/1109/278 385/1111/278 386/1112/278
f 380/1113/279 379/1114/279 383/1115/279
f 380/1113/279 383/1115/279 384/1116/279
f 385/1117/280 381/1118/280 382/1119/280
f 385/1117/280 382/1119/280 386/1120/280
f 383/1121/281 379/1122/281 381/1123/281
f 383/1121/281 381/1123/281 385/1124/281
f 382/1125/282 380/1126/282 384/1127/282
f 382/1125/282 384/1127/282 386/1128/282
f 389/1129/283 387/1130/283 388/1131/283
f 389/1129/283 388/1131/283 390/1132/283
f 392/1133/284 391/1134/284 393/1135/284
f 392/1133/284 393/1135/284 394/1136/284
f 388/1137/285 387/1138/285 391/1139/285
f 388/1137/285 391/1139/285 392/1140/285
f 393/1141/286 389/1142/286 390/1143/286
f 393/1141/286 390/1143/286 394/1144/286
f 391/1145/287 387/1146/287 389/1147/287
f 391/1145/287 389/1147/287 393/1148/287
f 390/1149/288 388/1150/288 392/1151/288
f 390/1149/288 392/1151/288 394/1152/288
f 396/1153/289 395/1154/289 397/1155/289
f 396/1153/289 397/1155/289 398/1156/289
f 401/1157/290 399/1158/290 400/1159/290
f 401/1157/290 400/1159/290 402/1160/290
f 399/1161/291 395/1162/291 396/1163/291
f 399/1161/291 396/1163/291 400/1164/291
f 398/1165/292 397/1166/292 401/1167/292
f 398/1165/292 401/1167/292 402/1168/292
f 397/1169/293 395/1170/293 399/1171/293
f 397/1169/293 399/1171/293 401/1172/293
f 400/1173/294 396/1174/294 398/1175/294
f 400/1173/294 398/1175/294 402/1176/294
usemtl common_steel
f 403/1177/295 404/1178/295 408/1179/295
f 403/1177/295 408/1179/295 407/1180/295
f 406/1181/296 405/1182/296 409/1183/296
f 406/1181/296 409/1183/296 410/1184/296
f 405/1185/297 403/1186/297 407/1187/297
f 405/1185/297 407/1187/297 409/1188/297
f 410/1189/298 408/1190/298 404/1191/298
f 410/1189/298 404/1191/298 406/1192/298
usemtl weapon_spotlight_tower
f 413/1193/299 411/1194/299 412/1195/299
f 413/1193/299 412/1195/299 414/1196/299
f 416/1197/300 415/1198/300 417/1199/300
f 416/1197/300 417/1199/300 418/1200/300
f 412/1201/301 411/1202/301 415/1203/301
f 412/1201/301 415/1203/301 416/1204/301
f 417/1205/302 413/1206/302 414/1207/302
f 417/1205/302 414/1207/302 418/1208/302
f 415/1209/303 411/1210/303 413/1211/303
f 415/1209/303 413/1211/303 417/1212/303
f 414/1213/304 412/1214/304 416/1215/304
f 414/1213/304 416/1215/304 418/1216/304
usemtl common_steel
f 424/1217/305 420/1218/305 419/1219/305
f 424/1217/305 419/1219/305 423/1220/305
f 425/1221/306 421/1222/306 422/1223/306
f 425/1221/306 422/1223/306 426/1224/306
f 423/1225/307 419/1226/307 421/1227/307
f 423/1225/307 421/1227/307 425/1228/307
f 420/1229/308 424/1230/308 426/1231/308
f 420/1229/308 426/1231/308 422/1232/308
usemtl weapon_spotlight_tower
f 428/1233/309 427/1234/309 429/1235/309
f 428/1233/309 429/1235/309 430/1236/309
f 433/1237/310 431/1238/310 432/1239/310
f 433/1237/310 432/1239/310 434/1240/310
f 431/1241/311 427/1242/311 428/1243/311
f 431/1241/311 428/1243/311 432/1244/311
f 430/1245/312 429/1246/312 433/1247/312
f 430/1245/312 433/1247/312 434/1248/312
f 429/1249/313 427/1250/313 431/1251/313
f 429/1249/313 431/1251/313 433/1252/313
f 432/1253/314 428/1254/314 430/1255/314
f 432/1253/314 430/1255/314 434/1256/314
usemtl common_steel
f 435/1257/315 436/1258/315 440/1259/315
f 435/1257/315 440/1259/315 439/1260/315
f 438/1261/316 437/1262/316 441/1263/316
f 438/1261/316 441/1263/316 442/1264/316
f 437/1265/317 435/1266/317 439/1267/317
f 437/1265/317 439/1267/317 441/1268/317
f 442/1269/318 440/1270/318 436/1271/318
f 442/1269/318 436/1271/318 438/1272/318
usemtl weapon_spotlight_tower
f 443/1273/319 444/1274/319 446/1275/319
f 443/1273/319 446/1275/319 445/1276/319
f 448/1277/320 447/1278/320 449/1279/320
f 448/1277/320 449/1279/320 450/1280/320
f 448/1281/321 444/1282/321 443/1283/321
f 448/1281/321 443/1283/321 447/1284/321
f 449/1285/322 445/1286/322 446/1287/322
f 449/1285/322 446/1287/322 450/1288/322
f 447/1289/323 443/1290/323 445/1291/323
f 447/1289/323 445/1291/323 449/1292/323
f 444/1293/324 448/1294/324 450/1295/324
f 444/1293/324 450/1295/324 446/1296/324
f 454/1297/325 452/1298/325 451/1299/325
f 454/1297/325 451/1299/325 453/1300/325
f 457/1301/326 455/1302/326 456/1303/326
f 457/1301/326 456/1303/326 458/1304/326
f 451/1305/327 452/1306/327 456/1307/327
f 451/1305/327 456/1307/327 455/1308/327
f 454/1309/328 453/1310/328 457/1311/328
f 454/1309/328 457/1311/328 458/1312/328
f 453/1313/329 451/1314/329 455/1315/329
f 453/1313/329 455/1315/329 457/1316/329
f 458/1317/330 456/1318/330 452/1319/330
f 458/1317/330 452/1319/330 454/1320/330
f 462/1321/331 460/1322/331 459/1323/331
f 462/1321/331 459/1323/331 461/1324/331
f 465/1325/332 463/1326/332 464/1327/332
f 465/1325/332 464/1327/332 466/1328/332
f 459/1329/333 460/1330/333 464/1331/333
f 459/1329/333 464/1331/333 463/1332/333
f 462/1333/334 461/1334/334 465/1335/334
f 462/1333/334 465/1335/334 466/1336/334
f 461/1337/335 459/1338/335 463/1339/335
f 461/1337/335 463/1339/335 465/1340/335
f 466/1341/336 464/1342/336 460/1343/336
f 466/1341/336 460/1343/336 462/1344/336
f 467/1345/337 468/1346/337 470/1347/337
f 467/1345/337 470/1347/337 469/1348/337
f 472/1349/338 471/1350/338 473/1351/338
f 472/1349/338 473/1351/338 474/1352/338
f 472/1353/339 468/1354/339 467/1355/339
f 472/1353/339 467/1355/339 471/1356/339
f 473/1357/340 469/1358/340 470/1359/340
f 473/1357/340 470/1359/340 474/1360/340
f 471/1361/341 467/1362/341 469/1363/341
f 471/1361/341 469/1363/341 473/1364/341
f 468/1365/342 472/1366/342 474/1367/342
f 468/1365/342 474/1367/342 470/1368/342
o stage2
v 0.6875 2.0625 1.625
v 0.6875 2.0625 1.3125
v 0.625 2 1.5625
v 0.625 2 1.375
v 0.375 2.0625 1.625
v 0.375 2.0625 1.3125
v 0.4375 2 1.5625
v 0.4375 2 1.375
v 0.6875 2.75 1.625
v 0.6875 2.75 1.3125
v 0.6875 2.0625 1.625
v 0.6875 2.0625 1.3125
v 0.375 2.75 1.625
v 0.375 2.75 1.3125
v 0.375 2.0625 1.625
v 0.375 2.0625 1.3125
v 0.9375 3 1.6875
v 0.9375 3 1.25
v 0.9375 2.75 1.6875
v 0.9375 2.75 1.25
v 0.125 3 1.6875
v 0.125 3 1.25
v 0.125 2.75 1.6875
v 0.125 2.75 1.25
v 0.53125 3 1.6875
v 0.53125 2.75 1.6875
v 0.53125 2.75 1.25
v 0.53125 3 1.25
v 0.9375 3 1.46875
v 0.9375 2.75 1.46875
v 0.53125 2.75 1.46875
v 0.125 2.75 1.46875
v 0.125 3 1.46875
v 0.53125 3 1.46875
v 1.135723304703363 3.9375 0.6937815664617708
v 1.3125 3.9375 0.8705582617584078
v 1.135723304703363 3.25 0.6937815664617708
v 1.3125 3.25 0.8705582617584078
v 1.0473349570550448 3.9375 0.7821699141100893
v 1.2241116523516815 3.9375 0.9589466094067263
v 1.0473349570550448 3.25 0.7821699141100893
v 1.2241116523516815 3.25 0.9589466094067263
v 1.135723304703363 3.9375 2.243718433538229
v 1.3125 3.9375 2.066941738241592
v 1.135723304703363 3.25 2.243718433538229
v 1.3125 3.25 2.066941738241592
v 1.0473349570550448 3.9375 2.1553300858899105
v 1.2241116523516813 3.9375 1.978553390593274
v 1.0473349570550448 3.25 2.1553300858899105
v 1.2241116523516813 3.25 1.978553390593274
v -0.07322330470336302 3.9375 0.693781566461771
v -0.2500000000000002 3.9375 0.8705582617584078
v -0.07322330470336302 3.25 0.693781566461771
v -0.2500000000000002 3.25 0.8705582617584078
v 0.015165042944955243 3.9375 0.7821699141100891
v -0.1616116523516815 3.9375 0.9589466094067263
v 0.015165042944955243 3.25 0.7821699141100891
v -0.1616116523516815 3.25 0.9589466094067263
v -0.07322330470336191 3.9375 2.2437184335382288
v -0.2499999999999991 3.9375 2.066941738241592
v -0.07322330470336191 3.25 2.2437184335382288
v -0.2499999999999991 3.25 2.066941738241592
v 0.015165042944956353 3.9375 2.1553300858899105
v -0.16161165235168018 3.9375 1.978553390593274
v 0.015165042944956353 3.25 2.1553300858899105
v -0.16161165235168018 3.25 1.978553390593274
v 1.03125 0.625 1.96875
v 1.03125 0.625 1.78125
v 0.96875 0.5625 1.90625
v 0.96875 0.5625 1.84375
v 0.84375 0.625 1.96875
v 0.84375 0.625 1.78125
v 0.90625 0.5625 1.90625
v 0.90625 0.5625 1.84375
v 1.03125 3.9375 1.96875
v 1.03125 3.9375 1.78125
v 1.03125 0.625 1.96875
v 1.03125 0.625 1.78125
v 0.84375 3.9375 1.96875
v 0.84375 3.9375 1.78125
v 0.84375 0.625 1.96875
v 0.84375 0.625 1.78125
v 0.84375 1.453125 1.78125
v 1.03125 1.453125 1.78125
v 0.84375 2.28125 1.78125
v 1.03125 2.28125 1.78125
v 0.84375 3.109375 1.78125
v 1.03125 3.109375 1.78125
v 1.03125 1.453125 1.96875
v 1.03125 2.28125 1.96875
v 1.03125 3.109375 1.96875
v 0.84375 1.453125 1.96875
v 0.84375 2.28125 1.96875
v 0.84375 3.109375 1.96875
v 1.03125 0.625 1.15625
v 1.03125 0.625 0.96875
v 0.96875 0.5625 1.09375
v 0.96875 0.5625 1.03125
v 0.84375 0.625 1.15625
v 0.84375 0.625 0.96875
v 0.90625 0.5625 1.09375
v 0.90625 0.5625 1.03125
v 1.03125 3.9375 1.15625
v 1.03125 3.9375 0.96875
v 1.03125 0.625 1.15625
v 1.03125 0.625 0.96875
v 0.84375 3.9375 1.15625
v 0.84375 3.9375 0.96875
v 0.84375 0.625 1.15625
v 0.84375 0.625 0.96875
v 0.84375 1.453125 0.96875
v 1.03125 1.453125 0.96875
v 0.84375 2.28125 0.96875
v 1.03125 2.28125 0.96875
v 0.84375 3.109375 0.96875
v 1.03125 3.109375 0.96875
v 1.03125 1.453125 1.15625
v 1.03125 2.28125 1.15625
v 1.03125 3.109375 1.15625
v 0.84375 1.453125 1.15625
v 0.84375 2.28125 1.15625
v 0.84375 3.109375 1.15625
v 0.21875 0.625 1.96875
v 0.21875 0.625 1.78125
v 0.15625 0.5625 1.90625
v 0.15625 0.5625 1.84375
v 0.03125 0.625 1.96875
v 0.03125 0.625 1.78125
v 0.09375 0.5625 1.90625
v 0.09375 0.5625 1.84375
v 0.21875 3.9375 1.96875
v 0.21875 3.9375 1.78125
v 0.21875 0.625 1.96875
v 0.21875 0.625 1.78125
v 0.03125 3.9375 1.96875
v 0.03125 3.9375 1.78125
v 0.03125 0.625 1.96875
v 0.03125 0.625 1.78125
v 0.03125 1.453125 1.78125
v 0.21875 1.453125 1.78125
v 0.03125 2.28125 1.78125
v 0.21875 2.28125 1.78125
v 0.03125 3.109375 1.78125
v 0.21875 3.109375 1.78125
v 0.21875 1.453125 1.96875
v 0.21875 2.28125 1.96875
v 0.21875 3.109375 1.96875
v 0.03125 1.453125 1.96875
v 0.03125 2.28125 1.96875
v 0.03125 3.109375 1.96875
v 0.21875 0.625 1.15625
v 0.21875 0.625 0.96875
v 0.15625 0.5625 1.09375
v 0.15625 0.5625 1.03125
v 0.03125 0.625 1.15625
v 0.03125 0.625 0.96875
v 0.09375 0.5625 1.09375
v 0.09375 0.5625 1.03125
v 0.21875 3.9375 1.15625
v 0.21875 3.9375 0.96875
v 0.21875 0.625 1.15625
v 0.21875 0.625 0.96875
v 0.03125 3.9375 1.15625
v 0.03125 3.9375 0.96875
v 0.03125 0.625 1.15625
v 0.03125 0.625 0.96875
v 0.03125 1.453125 0.96875
v 0.21875 1.453125 0.96875
v 0.03125 2.28125 0.96875
v 0.21875 2.28125 0.96875
v 0.03125 3.109375 0.96875
v 0.21875 3.109375 0.96875
v 0.21875 1.453125 1.15625
v 0.21875 2.28125 1.15625
v 0.21875 3.109375 1.15625
v 0.03125 1.453125 1.15625
v 0.03125 2.28125 1.15625
v 0.03125 3.109375 1.15625
v 0.21875 3.9375 1.88125
v 0.84375 3.9375 1.88125
v 0.21875 1.1875 1.88125
v 0.84375 1.1875 1.88125
v 0.21875 3.9375 1.05625
v 0.84375 3.9375 1.05625
v 0.21875 1.1875 1.05625
v 0.84375 1.1875 1.05625
v 0.94375 3.9375 1.78125
v 0.94375 3.9375 1.15625
v 0.94375 1.1875 1.78125
v 0.94375 1.1875 1.15625
v 0.11874999999999991 3.9375 1.78125
v 0.11874999999999991 3.9375 1.15625
v 0.11874999999999991 1.1875 1.78125
v 0.11874999999999991 1.1875 1.15625
v 0.125 4.0625 1.875
v 0.125 4.0625 2.1875
v 0.125 3.9375 1.875
v 0.125 3.9375 2.1875
v 0.9375 4.0625 1.875
v 0.9375 4.0625 2.1875
v 0.9375 3.9375 1.875
v 0.9375 3.9375 2.1875
v 0.9375 4.0625 0.75
v 0.9375 4.0625 2.1875
v 0.9375 3.9375 0.75
v 0.9375 3.9375 2.1875
v 1.25 4.0625 0.75
v 1.25 4.0625 2.1875
v 1.25 3.9375 0.75
v 1.25 3.9375 2.1875
v 0.9375 4.0625 1.46875
v 1.25 4.0625 1.46875
v 1.25 3.9375 1.46875
v 0.9375 3.9375 1.46875
v 0.9375 4.0625 1.0625
v 0.9375 4.0625 0.75
v 0.9375 3.9375 1.0625
v 0.9375 3.9375 0.75
v 0.125 4.0625 1.0625
v 0.125 4.0625 0.75
v 0.125 3.9375 1.0625
v 0.125 3.9375 0.75
v 0.125 4.0625 2.1875
v 0.125 4.0625 0.75
v 0.125 3.9375 2.1875
v 0.125 3.9375 0.75
v -0.1875 4.0625 2.1875
v -0.1875 4.0625 0.75
v -0.1875 3.9375 2.1875
v -0.1875 3.9375 0.75
v 0.125 4.0625 1.46875
v -0.1875 4.0625 1.46875
v -0.1875 3.9375 1.46875
v 0.125 3.9375 1.46875
vt 0.671875 0.15625
vt 0.59375 0.15625
vt 0.609375 0.140625
vt 0.65625 0.140625
vt 0.65625 0.125
vt 0.671875 0.140625
vt 0.59375 0.140625
vt 0.609375 0.125
vt 0.640625 0.109375
vt 0.640625 0.15625
vt 0.59375 0.15625
vt 0.59375 0.109375
vt 0.65625 0.125
vt 0.671875 0.140625
vt 0.59375 0.140625
vt 0.609375 0.125
vt 0.671875 0.15625
vt 0.59375 0.15625
vt 0.609375 0.140625
vt 0.65625 0.140625
vt 0.578125 0.03125
vt 0.578125 0.203125
vt 0.65625 0.203125
vt 0.65625 0.03125
vt 0.609375 0.03125
vt 0.609375 0.203125
vt 0.6875 0.203125
vt 0.6875 0.03125
vt 0.59375 0.03125
vt 0.59375 0.203125
vt 0.671875 0.203125
vt 0.671875 0.03125
vt 0.609375 0.046875
vt 0.609375 0.21875
vt 0.6875 0.21875
vt 0.6875 0.046875
vt 0.515625 0.171875
vt 0.578125 0.171875
vt 0.578125 0.234375
vt 0.515625 0.234375
vt 0.734375 0.234375
vt 0.671875 0.234375
vt 0.671875 0.171875
vt 0.734375 0.171875
vt 0.890625 0.03125
vt 0.890625 0.09375
vt 0.78125 0.09375
vt 0.78125 0.03125
vt 0.78125 0.21875
vt 0.78125 0.15625
vt 0.890625 0.15625
vt 0.890625 0.21875
vt 0.515625 0.171875
vt 0.625 0.171875
vt 0.625 0.234375
vt 0.515625 0.234375
vt 0.734375 0.234375
vt 0.625 0.234375
vt 0.625 0.171875
vt 0.734375 0.171875
vt 0.734375 0.234375
vt 0.640625 0.234375
vt 0.640625 0.171875
vt 0.734375 0.171875
vt 0.859375 0.21875
vt 0.859375 0.15625
vt 0.96875 0.15625
vt 0.96875 0.21875
vt 0.515625 0.171875
vt 0.625 0.171875
vt 0.625 0.234375
vt 0.515625 0.234375
vt 0.96875 0.03125
vt 0.96875 0.09375
vt 0.859375 0.09375
vt 0.859375 0.03125
vt 0.734375 0.234375
vt 0.671875 0.234375
vt 0.671875 0.171875
vt 0.734375 0.171875
vt 0.96875 0.03125
vt 0.96875 0.09375
vt 0.859375 0.09375
vt 0.859375 0.03125
vt 0.890625 0.03125
vt 0.890625 0.09375
vt 0.78125 0.09375
vt 0.78125 0.03125
vt 0.515625 0.171875
vt 0.578125 0.171875
vt 0.578125 0.234375
vt 0.515625 0.234375
vt 0.78125 0.21875
vt 0.78125 0.15625
vt 0.890625 0.15625
vt 0.890625 0.21875
vt 0.859375 0.21875
vt 0.859375 0.15625
vt 0.96875 0.15625
vt 0.96875 0.21875
vt 0.265625 0.78125
vt 0.328125 0.78125
vt 0.328125 0.609375
vt 0.265625 0.609375
vt 0.265625 0.78125
vt 0.328125 0.78125
vt 0.328125 0.609375
vt 0.265625 0.609375
vt 0.265625 1
vt 0.296875 1
vt 0.296875 0.9375
vt 0.265625 0.9375
vt 0.265625 1
vt 0.296875 1
vt 0.296875 0.9375
vt 0.265625 0.9375
vt 0.265625 0.78125
vt 0.296875 0.78125
vt 0.296875 0.609375
vt 0.265625 0.609375
vt 0.296875 0.78125
vt 0.328125 0.78125
vt 0.328125 0.609375
vt 0.296875 0.609375
vt 0.328125 0.609375
vt 0.328125 0.78125
vt 0.265625 0.78125
vt 0.265625 0.609375
vt 0.328125 0.609375
vt 0.328125 0.78125
vt 0.265625 0.78125
vt 0.265625 0.609375
vt 0.296875 0.9375
vt 0.296875 1
vt 0.265625 1
vt 0.265625 0.9375
vt 0.296875 0.9375
vt 0.296875 1
vt 0.265625 1
vt 0.265625 0.9375
vt 0.296875 0.609375
vt 0.296875 0.78125
vt 0.265625 0.78125
vt 0.265625 0.609375
vt 0.328125 0.609375
vt 0.328125 0.78125
vt 0.296875 0.78125
vt 0.296875 0.609375
vt 0.328125 0.609375
vt 0.328125 0.78125
vt 0.265625 0.78125
vt 0.265625 0.609375
vt 0.328125 0.609375
vt 0.328125 0.78125
vt 0.265625 0.78125
vt 0.265625 0.609375
vt 0.296875 0.9375
vt 0.296875 1
vt 0.265625 1
vt 0.265625 0.9375
vt 0.296875 0.9375
vt 0.296875 1
vt 0.265625 1
vt 0.265625 0.9375
vt 0.296875 0.609375
vt 0.296875 0.78125
vt 0.265625 0.78125
vt 0.265625 0.609375
vt 0.328125 0.609375
vt 0.328125 0.78125
vt 0.296875 0.78125
vt 0.296875 0.609375
vt 0.265625 0.78125
vt 0.328125 0.78125
vt 0.328125 0.609375
vt 0.265625 0.609375
vt 0.265625 0.78125
vt 0.328125 0.78125
vt 0.328125 0.609375
vt 0.265625 0.609375
vt 0.265625 1
vt 0.296875 1
vt 0.296875 0.9375
vt 0.265625 0.9375
vt 0.265625 1
vt 0.296875 1
vt 0.296875 0.9375
vt 0.265625 0.9375
vt 0.265625 0.78125
vt 0.296875 0.78125
vt 0.296875 0.609375
vt 0.265625 0.609375
vt 0.296875 0.78125
vt 0.328125 0.78125
vt 0.328125 0.609375
vt 0.296875 0.609375
vt 0.96875 0.421875
vt 0.921875 0.421875
vt 0.9375 0.40625
vt 0.953125 0.40625
vt 0.953125 0.421875
vt 0.96875 0.4375
vt 0.921875 0.4375
vt 0.9375 0.421875
vt 0.953125 0.40625
vt 0.953125 0.421875
vt 0.9375 0.421875
vt 0.9375 0.40625
vt 0.953125 0.421875
vt 0.96875 0.4375
vt 0.921875 0.4375
vt 0.9375 0.421875
vt 0.96875 0.421875
vt 0.921875 0.421875
vt 0.9375 0.40625
vt 0.953125 0.40625
vt 0.8125 0.203125
vt 0.8125 0
vt 0.859375 0
vt 0.859375 0.203125
vt 0.8125 0.203125
vt 0.8125 0
vt 0.859375 0
vt 0.859375 0.203125
vt 0.96875 0.359375
vt 0.96875 0.3125
vt 0.921875 0.3125
vt 0.921875 0.359375
vt 0.8125 0.203125
vt 0.8125 0
vt 0.859375 0
vt 0.859375 0.203125
vt 0.8125 0.203125
vt 0.8125 0
vt 0.859375 0
vt 0.859375 0.203125
vt 0.859375 0
vt 0.859375 0.203125
vt 0.8125 0.203125
vt 0.8125 0
vt 0.859375 0.046875
vt 0.859375 0.25
vt 0.8125 0.25
vt 0.8125 0.046875
vt 0.859375 0.03125
vt 0.859375 0.234375
vt 0.8125 0.234375
vt 0.8125 0.03125
vt 0.859375 0
vt 0.859375 0.203125
vt 0.8125 0.203125
vt 0.8125 0
vt 0.859375 0.046875
vt 0.859375 0.25
vt 0.8125 0.25
vt 0.8125 0.046875
vt 0.859375 0.03125
vt 0.859375 0.234375
vt 0.8125 0.234375
vt 0.8125 0.03125
vt 0.859375 0
vt 0.859375 0.203125
vt 0.8125 0.203125
vt 0.8125 0
vt 0.859375 0.046875
vt 0.859375 0.25
vt 0.8125 0.25
vt 0.8125 0.046875
vt 0.859375 0.03125
vt 0.859375 0.234375
vt 0.8125 0.234375
vt 0.8125 0.03125
vt 0.859375 0
vt 0.859375 0.203125
vt 0.8125 0.203125
vt 0.8125 0
vt 0.859375 0.046875
vt 0.859375 0.25
vt 0.8125 0.25
vt 0.8125 0.046875
vt 0.859375 0.03125
vt 0.859375 0.234375
vt 0.8125 0.234375
vt 0.8125 0.03125
vt 0.96875 0.421875
vt 0.921875 0.421875
vt 0.9375 0.40625
vt 0.953125 0.40625
vt 0.953125 0.421875
vt 0.96875 0.4375
vt 0.921875 0.4375
vt 0.9375 0.421875
vt 0.953125 0.40625
vt 0.953125 0.421875
vt 0.9375 0.421875
vt 0.9375 0.40625
vt 0.953125 0.421875
vt 0.96875 0.4375
vt 0.921875 0.4375
vt 0.9375 0.421875
vt 0.96875 0.421875
vt 0.921875 0.421875
vt 0.9375 0.40625
vt 0.953125 0.40625
vt 0.8125 0.203125
vt 0.8125 0
vt 0.859375 0
vt 0.859375 0.203125
vt 0.8125 0.203125
vt 0.8125 0
vt 0.859375 0
vt 0.859375 0.203125
vt 0.96875 0.359375
vt 0.96875 0.3125
vt 0.921875 0.3125
vt 0.921875 0.359375
vt 0.8125 0.203125
vt 0.8125 0
vt 0.859375 0
vt 0.859375 0.203125
vt 0.8125 0.203125
vt 0.8125 0
vt 0.859375 0
vt 0.859375 0.203125
vt 0.859375 0
vt 0.859375 0.203125
vt 0.8125 0.203125
vt 0.8125 0
vt 0.859375 0.046875
vt 0.859375 0.25
vt 0.8125 0.25
vt 0.8125 0.046875
vt 0.859375 0.03125
vt 0.859375 0.234375
vt 0.8125 0.234375
vt 0.8125 0.03125
vt 0.859375 0
vt 0.859375 0.203125
vt 0.8125 0.203125
vt 0.8125 0
vt 0.859375 0.046875
vt 0.859375 0.25
vt 0.8125 0.25
vt 0.8125 0.046875
vt 0.859375 0.03125
vt 0.859375 0.234375
vt 0.8125 0.234375
vt 0.8125 0.03125
vt 0.859375 0
vt 0.859375 0.203125
vt 0.8125 0.203125
vt 0.8125 0
vt 0.859375 0.046875
vt 0.859375 0.25
vt 0.8125 0.25
vt 0.8125 0.046875
vt 0.859375 0.03125
vt 0.859375 0.234375
vt 0.8125 0.234375
vt 0.8125 0.03125
vt 0.859375 0
vt 0.859375 0.203125
vt 0.8125 0.203125
vt 0.8125 0
vt 0.859375 0.046875
vt 0.859375 0.25
vt 0.8125 0.25
vt 0.8125 0.046875
vt 0.859375 0.03125
vt 0.859375 0.234375
vt 0.8125 0.234375
vt 0.8125 0.03125
vt 0.96875 0.421875
vt 0.921875 0.421875
vt 0.9375 0.40625
vt 0.953125 0.40625
vt 0.953125 0.421875
vt 0.96875 0.4375
vt 0.921875 0.4375
vt 0.9375 0.421875
vt 0.953125 0.40625
vt 0.953125 0.421875
vt 0.9375 0.421875
vt 0.9375 0.40625
vt 0.953125 0.421875
vt 0.96875 0.4375
vt 0.921875 0.4375
vt 0.9375 0.421875
vt 0.96875 0.421875
vt 0.921875 0.421875
vt 0.9375 0.40625
vt 0.953125 0.40625
vt 0.8125 0.203125
vt 0.8125 0
vt 0.859375 0
vt 0.859375 0.203125
vt 0.8125 0.203125
vt 0.8125 0
vt 0.859375 0
vt 0.859375 0.203125
vt 0.96875 0.359375
vt 0.96875 0.3125
vt 0.921875 0.3125
vt 0.921875 0.359375
vt 0.8125 0.203125
vt 0.8125 0
vt 0.859375 0
vt 0.859375 0.203125
vt 0.8125 0.203125
vt 0.8125 0
vt 0.859375 0
vt 0.859375 0.203125
vt 0.859375 0
vt 0.859375 0.203125
vt 0.8125 0.203125
vt 0.8125 0
vt 0.859375 0.046875
vt 0.859375 0.25
vt 0.8125 0.25
vt 0.8125 0.046875
vt 0.859375 0.03125
vt 0.859375 0.234375
vt 0.8125 0.234375
vt 0.8125 0.03125
vt 0.859375 0
vt 0.859375 0.203125
vt 0.8125 0.203125
vt 0.8125 0
vt 0.859375 0.046875
vt 0.859375 0.25
vt 0.8125 0.25
vt 0.8125 0.046875
vt 0.859375 0.03125
vt 0.859375 0.234375
vt 0.8125 0.234375
vt 0.8125 0.03125
vt 0.859375 0
vt 0.859375 0.203125
vt 0.8125 0.203125
vt 0.8125 0
vt 0.859375 0.046875
vt 0.859375 0.25
vt 0.8125 0.25
vt 0.8125 0.046875
vt 0.859375 0.03125
vt 0.859375 0.234375
vt 0.8125 0.234375
vt 0.8125 0.03125
vt 0.859375 0
vt 0.859375 0.203125
vt 0.8125 0.203125
vt 0.8125 0
vt 0.859375 0.046875
vt 0.859375 0.25
vt 0.8125 0.25
vt 0.8125 0.046875
vt 0.859375 0.03125
vt 0.859375 0.234375
vt 0.8125 0.234375
vt 0.8125 0.03125
vt 0.96875 0.421875
vt 0.921875 0.421875
vt 0.9375 0.40625
vt 0.953125 0.40625
vt 0.953125 0.421875
vt 0.96875 0.4375
vt 0.921875 0.4375
vt 0.9375 0.421875
vt 0.953125 0.40625
vt 0.953125 0.421875
vt 0.9375 0.421875
vt 0.9375 0.40625
vt 0.953125 0.421875
vt 0.96875 0.4375
vt 0.921875 0.4375
vt 0.9375 0.421875
vt 0.96875 0.421875
vt 0.921875 0.421875
vt 0.9375 0.40625
vt 0.953125 0.40625
vt 0.8125 0.203125
vt 0.8125 0
vt 0.859375 0
vt 0.859375 0.203125
vt 0.8125 0.203125
vt 0.8125 0
vt 0.859375 0
vt 0.859375 0.203125
vt 0.96875 0.359375
vt 0.96875 0.3125
vt 0.921875 0.3125
vt 0.921875 0.359375
vt 0.8125 0.203125
vt 0.8125 0
vt 0.859375 0
vt 0.859375 0.203125
vt 0.8125 0.203125
vt 0.8125 0
vt 0.859375 0
vt 0.859375 0.203125
vt 0.859375 0
vt 0.859375 0.203125
vt 0.8125 0.203125
vt 0.8125 0
vt 0.859375 0.046875
vt 0.859375 0.25
vt 0.8125 0.25
vt 0.8125 0.046875
vt 0.859375 0.03125
vt 0.859375 0.234375
vt 0.8125 0.234375
vt 0.8125 0.03125
vt 0.859375 0
vt 0.859375 0.203125
vt 0.8125 0.203125
vt 0.8125 0
vt 0.859375 0.046875
vt 0.859375 0.25
vt 0.8125 0.25
vt 0.8125 0.046875
vt 0.859375 0.03125
vt 0.859375 0.234375
vt 0.8125 0.234375
vt 0.8125 0.03125
vt 0.859375 0
vt 0.859375 0.203125
vt 0.8125 0.203125
vt 0.8125 0
vt 0.859375 0.046875
vt 0.859375 0.25
vt 0.8125 0.25
vt 0.8125 0.046875
vt 0.859375 0.03125
vt 0.859375 0.234375
vt 0.8125 0.234375
vt 0.8125 0.03125
vt 0.859375 0
vt 0.859375 0.203125
vt 0.8125 0.203125
vt 0.8125 0
vt 0.859375 0.046875
vt 0.859375 0.25
vt 0.8125 0.25
vt 0.8125 0.046875
vt 0.859375 0.03125
vt 0.859375 0.234375
vt 0.8125 0.234375
vt 0.8125 0.03125
vt 0.484375 1
vt 0.640625 1
vt 0.640625 0.3125
vt 0.484375 0.3125
vt 0.640625 0.3125
vt 0.640625 1
vt 0.484375 1
vt 0.484375 0.3125
vt 0.484375 1
vt 0.640625 1
vt 0.640625 0.3125
vt 0.484375 0.3125
vt 0.640625 0.3125
vt 0.640625 1
vt 0.484375 1
vt 0.484375 0.3125
vt 0.390625 0.921875
vt 0.390625 1
vt 0.1875 1
vt 0.1875 0.921875
vt 0.390625 0.25
vt 0.390625 0.328125
vt 0.1875 0.328125
vt 0.1875 0.25
vt 0.40625 0.96875
vt 0.40625 1
vt 0.609375 1
vt 0.609375 0.96875
vt 0.125 0.96875
vt 0.125 1
vt 0.328125 1
vt 0.328125 0.96875
vt 0.5 1
vt 0.6875 1
vt 0.6875 0.96875
vt 0.5 0.96875
vt 0.421875 0.96875
vt 0.25 0.96875
vt 0.25 1
vt 0.421875 1
vt 0 1
vt 0 0.8125
vt 0.078125 0.8125
vt 0.078125 1
vt 0.078125 0.25
vt 0.078125 0.421875
vt 0 0.421875
vt 0 0.25
vt 0.484375 0.96875
vt 0.484375 1
vt 0.5625 1
vt 0.5625 0.96875
vt 0.421875 0.96875
vt 0.421875 1
vt 0.5 1
vt 0.5 0.96875
vt 0.078125 0.25
vt 0.078125 0.4375
vt 0 0.4375
vt 0 0.25
vt 0.0625 1
vt 0.25 1
vt 0.25 0.96875
vt 0.0625 0.96875
vt 0 1
vt 0 0.8125
vt 0.078125 0.8125
vt 0.078125 1
vt 0.484375 0.96875
vt 0.3125 0.96875
vt 0.3125 1
vt 0.484375 1
vt 0.390625 0.921875
vt 0.390625 1
vt 0.1875 1
vt 0.1875 0.921875
vt 0.390625 0.25
vt 0.390625 0.328125
vt 0.1875 0.328125
vt 0.1875 0.25
vt 0.40625 0.96875
vt 0.40625 1
vt 0.609375 1
vt 0.609375 0.96875
vt 0.125 0.96875
vt 0.125 1
vt 0.328125 1
vt 0.328125 0.96875
vt 0.5 1
vt 0.6875 1
vt 0.6875 0.96875
vt 0.5 0.96875
vt 0.421875 0.96875
vt 0.25 0.96875
vt 0.25 1
vt 0.421875 1
vt 0 1
vt 0 0.8125
vt 0.078125 0.8125
vt 0.078125 1
vt 0.078125 0.25
vt 0.078125 0.421875
vt 0 0.421875
vt 0 0.25
vt 0.484375 0.96875
vt 0.484375 1
vt 0.5625 1
vt 0.5625 0.96875
vt 0.421875 0.96875
vt 0.421875 1
vt 0.5 1
vt 0.5 0.96875
vt 0.078125 0.25
vt 0.078125 0.4375
vt 0 0.4375
vt 0 0.25
vt 0.0625 1
vt 0.25 1
vt 0.25 0.96875
vt 0.0625 0.96875
vt 0 1
vt 0 0.8125
vt 0.078125 0.8125
vt 0.078125 1
vt 0.484375 0.96875
vt 0.3125 0.96875
vt 0.3125 1
vt 0.484375 1
vn 0.7071067811865476 -0.7071067811865476 0
vn -0.7071067811865476 -0.7071067811865476 0
vn 0 -1 0
vn 0 -0.7071067811865476 0.7071067811865476
vn 0 -0.7071067811865476 -0.7071067811865476
vn 1 0 0
vn -1 0 0
vn 0 0 1
vn 0 0 -1
vn 1 0 0
vn -1 0 0
vn 0 1 0
vn 0 -1 0
vn 0 0 1
vn 0 0 -1
vn 0 0 1
vn 0 -1 0
vn 0 0 -1
vn 0 1 0
vn 1 0 0
vn 0 -1 0
vn 0 -1 0
vn -1 0 0
vn 0 1 0
vn 0 1 0
vn 0.7071067811865476 0 -0.7071067811865476
vn -0.7071067811865478 0 0.7071067811865474
vn 0 1 0
vn 0 -1 0
vn -0.707106781186548 0 -0.7071067811865471
vn 0.7071067811865476 0 0.7071067811865476
vn 0.7071067811865476 0 0.7071067811865476
vn -0.7071067811865472 0 -0.7071067811865478
vn 0 1 0
vn 0 -1 0
vn -0.7071067811865489 0 0.7071067811865462
vn 0.7071067811865458 0 -0.7071067811865493
vn -0.7071067811865467 0 -0.7071067811865485
vn 0.7071067811865485 0 0.7071067811865467
vn 0 1 0
vn 0 -1 0
vn 0.7071067811865467 0 -0.7071067811865485
vn -0.7071067811865467 0 0.7071067811865485
vn -0.7071067811865471 0 0.707106781186548
vn 0.7071067811865476 0 -0.7071067811865476
vn 0 1 0
vn 0 -1 0
vn 0.7071067811865485 0 0.7071067811865467
vn -0.707106781186544 0 -0.7071067811865511
vn 0.7071067811865476 -0.7071067811865476 0
vn -0.7071067811865476 -0.7071067811865476 0
vn 0 -1 0
vn 0 -0.7071067811865476 0.7071067811865476
vn 0 -0.7071067811865476 -0.7071067811865476
vn 1 0 0
vn -1 0 0
vn 0 1 0
vn 0 0 1
vn 0 0 -1
vn 0 0 -1
vn 0 0 -1
vn 0 0 -1
vn 1 0 0
vn 1 0 0
vn 1 0 0
vn 0 0 1
vn 0 0 1
vn 0 0 1
vn -1 0 0
vn -1 0 0
vn -1 0 0
vn 0.7071067811865476 -0.7071067811865476 0
vn -0.7071067811865476 -0.7071067811865476 0
vn 0 -1 0
vn 0 -0.7071067811865476 0.7071067811865476
vn 0 -0.7071067811865476 -0.7071067811865476
vn 1 0 0
vn -1 0 0
vn 0 1 0
vn 0 0 1
vn 0 0 -1
vn 0 0 -1
vn 0 0 -1
vn 0 0 -1
vn 1 0 0
vn 1 0 0
vn 1 0 0
vn 0 0 1
vn 0 0 1
vn 0 0 1
vn -1 0 0
vn -1 0 0
vn -1 0 0
vn 0.7071067811865476 -0.7071067811865476 0
vn -0.7071067811865476 -0.7071067811865476 0
vn 0 -1 0
vn 0 -0.7071067811865476 0.7071067811865476
vn 0 -0.7071067811865476 -0.7071067811865476
vn 1 0 0
vn -1 0 0
vn 0 1 0
vn 0 0 1
vn 0 0 -1
vn 0 0 -1
vn 0 0 -1
vn 0 0 -1
vn 1 0 0
vn 1 0 0
vn 1 0 0
vn 0 0 1
vn 0 0 1
vn 0 0 1
vn -1 0 0
vn -1 0 0
vn -1 0 0
vn 0.7071067811865476 -0.7071067811865476 0
vn -0.7071067811865476 -0.7071067811865476 0
vn 0 -1 0
vn 0 -0.7071067811865476 0.7071067811865476
vn 0 -0.7071067811865476 -0.7071067811865476
vn 1 0 0
vn -1 0 0
vn 0 1 0
vn 0 0 1
vn 0 0 -1
vn 0 0 -1
vn 0 0 -1
vn 0 0 -1
vn 1 0 0
vn 1 0 0
vn 1 0 0
vn 0 0 1
vn 0 0 1
vn 0 0 1
vn -1 0 0
vn -1 0 0
vn -1 0 0
vn 0 0 1
vn 0 0 -1
vn 1 0 0
vn -1 0 0
vn 0 1 0
vn 0 -1 0
vn 0 0 -1
vn 0 0 1
vn -1 0 0
vn 1 0 0
vn 0 1 0
vn 0 -1 0
vn 0 0 -1
vn 0 0 1
vn 0 1 0
vn 1 0 0
vn 0 -1 0
vn -1 0 0
vn 0 1 0
vn 0 -1 0
vn 0 0 1
vn 0 0 -1
vn 1 0 0
vn -1 0 0
vn 0 1 0
vn 0 -1 0
vn 0 0 1
vn 0 0 -1
vn 0 1 0
vn -1 0 0
vn 0 -1 0
vn 1 0 0
usemtl common_steel
f 476/1369/343 475/1370/343 477/1371/343
f 476/1369/343 477/1371/343 478/1372/343
f 481/1373/344 479/1374/344 480/1375/344
f 481/1373/344 480/1375/344 482/1376/344
f 478/1377/345 477/1378/345 481/1379/345
f 478/1377/345 481/1379/345 482/1380/345
f 477/1381/346 475/1382/346 479/1383/346
f 477/1381/346 479/1383/346 481/1384/346
f 480/1385/347 476/1386/347 478/1387/347
f 480/1385/347 478/1387/347 482/1388/347
f 486/1389/348 484/1390/348 483/1391/348
f 486/1389/348 483/1391/348 485/1392/348
f 489/1393/349 487/1394/349 488/1395/349
f 489/1393/349 488/1395/349 490/1396/349
f 485/1397/350 483/1398/350 487/1399/350
f 485/1397/350 487/1399/350 489/1400/350
f 490/1401/351 488/1402/351 484/1403/351
f 490/1401/351 484/1403/351 486/1404/351
f 493/1405/352 504/1406/352 503/1407/352
f 493/1405/352 503/1407/352 491/1408/352
f 495/1409/353 507/1410/353 506/1411/353
f 495/1409/353 506/1411/353 497/1412/353
f 499/1413/354 508/1414/354 507/1415/354
f 499/1413/354 507/1415/354 495/1416/354
f 497/1417/355 506/1418/355 505/1419/355
f 497/1417/355 505/1419/355 500/1420/355
f 497/1421/356 500/1422/356 499/1423/356
f 497/1421/356 499/1423/356 495/1424/356
f 496/1425/357 502/1426/357 501/1427/357
f 496/1425/357 501/1427/357 498/1428/357
f 491/1429/358 499/1430/358 500/1431/358
f 491/1429/358 500/1431/358 493/1432/358
f 500/1433/359 505/1434/359 504/1435/359
f 500/1433/359 504/1435/359 493/1436/359
f 494/1437/360 501/1438/360 502/1439/360
f 494/1437/360 502/1439/360 492/1440/360
f 491/1441/361 503/1442/361 508/1443/361
f 491/1441/361 508/1443/361 499/1444/361
f 492/1445/362 503/1446/362 504/1447/362
f 492/1445/362 504/1447/362 494/1448/362
f 494/1449/363 504/1450/363 505/1451/363
f 494/1449/363 505/1451/363 501/1452/363
f 501/1453/364 505/1454/364 506/1455/364
f 501/1453/364 506/1455/364 498/1456/364
f 498/1457/365 506/1458/365 507/1459/365
f 498/1457/365 507/1459/365 496/1460/365
f 496/1461/366 507/1462/366 508/1463/366
f 496/1461/366 508/1463/366 502/1464/366
f 502/1465/367 508/1466/367 503/1467/367
f 502/1465/367 503/1467/367 492/1468/367
usemtl weapon_spotlight_tower
f 509/1469/368 510/1470/368 512/1471/368
f 509/1469/368 512/1471/368 511/1472/368
f 514/1473/369 513/1474/369 515/1475/369
f 514/1473/369 515/1475/369 516/1476/369
f 514/1477/370 510/1478/370 509/1479/370
f 514/1477/370 509/1479/370 513/1480/370
f 515/1481/371 511/1482/371 512/1483/371
f 515/1481/371 512/1483/371 516/1484/371
f 513/1485/372 509/1486/372 511/1487/372
f 513/1485/372 511/1487/372 515/1488/372
f 510/1489/373 514/1490/373 516/1491/373
f 510/1489/373 516/1491/373 512/1492/373
f 520/1493/374 518/1494/374 517/1495/374
f 520/1493/374 517/1495/374 519/1496/374
f 523/1497/375 521/1498/375 522/1499/375
f 523/1497/375 522/1499/375 524/1500/375
f 517/1501/376 518/1502/376 522/1503/376
f 517/1501/376 522/1503/376 521/1504/376
f 520/1505/377 519/1506/377 523/1507/377
f 520/1505/377 523/1507/377 524/1508/377
f 519/1509/378 517/1510/378 521/1511/378
f 519/1509/378 521/1511/378 523/1512/378
f 524/1513/379 522/1514/379 518/1515/379
f 524/1513/379 518/1515/379 520/1516/379
f 528/1517/380 526/1518/380 525/1519/380
f 528/1517/380 525/1519/380 527/1520/380
f 531/1521/381 529/1522/381 530/1523/381
f 531/1521/381 530/1523/381 532/1524/381
f 525/1525/382 526/1526/382 530/1527/382
f 525/1525/382 530/1527/382 529/1528/382
f 528/1529/383 527/1530/383 531/1531/383
f 528/1529/383 531/1531/383 532/1532/383
f 527/1533/384 525/1534/384 529/1535/384
f 527/1533/384 529/1535/384 531/1536/384
f 532/1537/385 530/1538/385 526/1539/385
f 532/1537/385 526/1539/385 528/1540/385
f 533/1541/386 534/1542/386 536/1543/386
f 533/1541/386 536/1543/386 535/1544/386
f 538/1545/387 537/1546/387 539/1547/387
f 538/1545/387 539/1547/387 540/1548/387
f 538/1549/388 534/1550/388 533/1551/388
f 538/1549/388 533/1551/388 537/1552/388
f 539/1553/389 535/1554/389 536/1555/389
f 539/1553/389 536/1555/389 540/1556/389
f 537/1557/390 533/1558/390 535/1559/390
f 537/1557/390 535/1559/390 539/1560/390
f 534/1561/391 538/1562/391 540/1563/391
f 534/1561/391 540/1563/391 536/1564/391
usemtl common_cable_and_pipe
f 542/1565/392 541/1566/392 543/1567/392
f 542/1565/392 543/1567/392 544/1568/392
f 547/1569/393 545/1570/393 546/1571/393
f 547/1569/393 546/1571/393 548/1572/393
f 544/1573/394 543/1574/394 547/1575/394
f 544/1573/394 547/1575/394 548/1576/394
f 543/1577/395 541/1578/395 545/1579/395
f 543/1577/395 545/1579/395 547/1580/395
f 546/1581/396 542/1582/396 544/1583/396
f 546/1581/396 544/1583/396 548/1584/396
f 549/1585/397 565/1586/397 562/1587/397
f 549/1585/397 562/1587/397 550/1588/397
f 554/1589/398 561/1590/398 568/1591/398
f 554/1589/398 568/1591/398 553/1592/398
f 549/1593/399 550/1594/399 554/1595/399
f 549/1593/399 554/1595/399 553/1596/399
f 553/1597/400 568/1598/400 565/1599/400
f 553/1597/400 565/1599/400 549/1600/400
f 550/1601/401 562/1602/401 561/1603/401
f 550/1601/401 561/1603/401 554/1604/401
f 556/1605/402 557/1606/402 558/1607/402
f 556/1605/402 558/1607/402 552/1608/402
f 557/1609/403 559/1610/403 560/1611/403
f 557/1609/403 560/1611/403 558/1612/403
f 559/1613/404 561/1614/404 562/1615/404
f 559/1613/404 562/1615/404 560/1616/404
f 552/1617/405 558/1618/405 563/1619/405
f 552/1617/405 563/1619/405 551/1620/405
f 558/1621/406 560/1622/406 564/1623/406
f 558/1621/406 564/1623/406 563/1624/406
f 560/1625/407 562/1626/407 565/1627/407
f 560/1625/407 565/1627/407 564/1628/407
f 551/1629/408 563/1630/408 566/1631/408
f 551/1629/408 566/1631/408 555/1632/408
f 563/1633/409 564/1634/409 567/1635/409
f 563/1633/409 567/1635/409 566/1636/409
f 564/1637/410 565/1638/410 568/1639/410
f 564/1637/410 568/1639/410 567/1640/410
f 555/1641/411 566/1642/411 557/1643/411
f 555/1641/411 557/1643/411 556/1644/411
f 566/1645/412 567/1646/412 559/1647/412
f 566/1645/412 559/1647/412 557/1648/412
f 567/1649/413 568/1650/413 561/1651/413
f 567/1649/413 561/1651/413 559/1652/413
f 570/1653/414 569/1654/414 571/1655/414
f 570/1653/414 571/1655/414 572/1656/414
f 575/1657/415 573/1658/415 574/1659/415
f 575/1657/415 574/1659/415 576/1660/415
f 572/1661/416 571/1662/416 575/1663/416
f 572/1661/416 575/1663/416 576/1664/416
f 571/1665/417 569/1666/417 573/1667/417
f 571/1665/417 573/1667/417 575/1668/417
f 574/1669/418 570/1670/418 572/1671/418
f 574/1669/418 572/1671/418 576/1672/418
f 577/1673/419 593/1674/419 590/1675/419
f 577/1673/419 590/1675/419 578/1676/419
f 582/1677/420 589/1678/420 596/1679/420
f 582/1677/420 596/1679/420 581/1680/420
f 577/1681/421 578/1682/421 582/1683/421
f 577/1681/421 582/1683/421 581/1684/421
f 581/1685/422 596/1686/422 593/1687/422
f 581/1685/422 593/1687/422 577/1688/422
f 578/1689/423 590/1690/423 589/1691/423
f 578/1689/423 589/1691/423 582/1692/423
f 584/1693/424 585/1694/424 586/1695/424
f 584/1693/424 586/1695/424 580/1696/424
f 585/1697/425 587/1698/425 588/1699/425
f 585/1697/425 588/1699/425 586/1700/425
f 587/1701/426 589/1702/426 590/1703/426
f 587/1701/426 590/1703/426 588/1704/426
f 580/1705/427 586/1706/427 591/1707/427
f 580/1705/427 591/1707/427 579/1708/427
f 586/1709/428 588/1710/428 592/1711/428
f 586/1709/428 592/1711/428 591/1712/428
f 588/1713/429 590/1714/429 593/1715/429
f 588/1713/429 593/1715/429 592/1716/429
f 579/1717/430 591/1718/430 594/1719/430
f 579/1717/430 594/1719/430 583/1720/430
f 591/1721/431 592/1722/431 595/1723/431
f 591/1721/431 595/1723/431 594/1724/431
f 592/1725/432 593/1726/432 596/1727/432
f 592/1725/432 596/1727/432 595/1728/432
f 583/1729/433 594/1730/433 585/1731/433
f 583/1729/433 585/1731/433 584/1732/433
f 594/1733/434 595/1734/434 587/1735/434
f 594/1733/434 587/1735/434 585/1736/434
f 595/1737/435 596/1738/435 589/1739/435
f 595/1737/435 589/1739/435 587/1740/435
f 598/1741/436 597/1742/436 599/1743/436
f 598/1741/436 599/1743/436 600/1744/436
f 603/1745/437 601/1746/437 602/1747/437
f 603/1745/437 602/1747/437 604/1748/437
f 600/1749/438 599/1750/438 603/1751/438
f 600/1749/438 603/1751/438 604/1752/438
f 599/1753/439 597/1754/439 601/1755/439
f 599/1753/439 601/1755/439 603/1756/439
f 602/1757/440 598/1758/440 600/1759/440
f 602/1757/440 600/1759/440 604/1760/440
f 605/1761/441 621/1762/441 618/1763/441
f 605/1761/441 618/1763/441 606/1764/441
f 610/1765/442 617/1766/442 624/1767/442
f 610/1765/442 624/1767/442 609/1768/442
f 605/1769/443 606/1770/443 610/1771/443
f 605/1769/443 610/1771/443 609/1772/443
f 609/1773/444 624/1774/444 621/1775/444
f 609/1773/444 621/1775/444 605/1776/444
f 606/1777/445 618/1778/445 617/1779/445
f 606/1777/445 617/1779/445 610/1780/445
f 612/1781/446 613/1782/446 614/1783/446
f 612/1781/446 614/1783/446 608/1784/446
f 613/1785/447 615/1786/447 616/1787/447
f 613/1785/447 616/1787/447 614/1788/447
f 615/1789/448 617/1790/448 618/1791/448
f 615/1789/448 618/1791/448 616/1792/448
f 608/1793/449 614/1794/449 619/1795/449
f 608/1793/449 619/1795/449 607/1796/449
f 614/1797/450 616/1798/450 620/1799/450
f 614/1797/450 620/1799/450 619/1800/450
f 616/1801/451 618/1802/451 621/1803/451
f 616/1801/451 621/1803/451 620/1804/451
f 607/1805/452 619/1806/452 622/1807/452
f 607/1805/452 622/1807/452 611/1808/452
f 619/1809/453 620/1810/453 623/1811/453
f 619/1809/453 623/1811/453 622/1812/453
f 620/1813/454 621/1814/454 624/1815/454
f 620/1813/454 624/1815/454 623/1816/454
f 611/1817/455 622/1818/455 613/1819/455
f 611/1817/455 613/1819/455 612/1820/455
f 622/1821/456 623/1822/456 615/1823/456
f 622/1821/456 615/1823/456 613/1824/456
f 623/1825/457 624/1826/457 617/1827/457
f 623/1825/457 617/1827/457 615/1828/457
f 626/1829/458 625/1830/458 627/1831/458
f 626/1829/458 627/1831/458 628/1832/458
f 631/1833/459 629/1834/459 630/1835/459
f 631/1833/459 630/1835/459 632/1836/459
f 628/1837/460 627/1838/460 631/1839/460
f 628/1837/460 631/1839/460 632/1840/460
f 627/1841/461 625/1842/461 629/1843/461
f 627/1841/461 629/1843/461 631/1844/461
f 630/1845/462 626/1846/462 628/1847/462
f 630/1845/462 628/1847/462 632/1848/462
f 633/1849/463 649/1850/463 646/1851/463
f 633/1849/463 646/1851/463 634/1852/463
f 638/1853/464 645/1854/464 652/1855/464
f 638/1853/464 652/1855/464 637/1856/464
f 633/1857/465 634/1858/465 638/1859/465
f 633/1857/465 638/1859/465 637/1860/465
f 637/1861/466 652/1862/466 649/1863/466
f 637/1861/466 649/1863/466 633/1864/466
f 634/1865/467 646/1866/467 645/1867/467
f 634/1865/467 645/1867/467 638/1868/467
f 640/1869/468 641/1870/468 642/1871/468
f 640/1869/468 642/1871/468 636/1872/468
f 641/1873/469 643/1874/469 644/1875/469
f 641/1873/469 644/1875/469 642/1876/469
f 643/1877/470 645/1878/470 646/1879/470
f 643/1877/470 646/1879/470 644/1880/470
f 636/1881/471 642/1882/471 647/1883/471
f 636/1881/471 647/1883/471 635/1884/471
f 642/1885/472 644/1886/472 648/1887/472
f 642/1885/472 648/1887/472 647/1888/472
f 644/1889/473 646/1890/473 649/1891/473
f 644/1889/473 649/1891/473 648/1892/473
f 635/1893/474 647/1894/474 650/1895/474
f 635/1893/474 650/1895/474 639/1896/474
f 647/1897/475 648/1898/475 651/1899/475
f 647/1897/475 651/1899/475 650/1900/475
f 648/1901/476 649/1902/476 652/1903/476
f 648/1901/476 652/1903/476 651/1904/476
f 639/1905/477 650/1906/477 641/1907/477
f 639/1905/477 641/1907/477 640/1908/477
f 650/1909/478 651/1910/478 643/1911/478
f 650/1909/478 643/1911/478 641/1912/478
f 651/1913/479 652/1914/479 645/1915/479
f 651/1913/479 645/1915/479 643/1916/479
usemtl weapon_spotlight_tower
f 654/1917/480 653/1918/480 655/1919/480
f 654/1917/480 655/1919/480 656/1920/480
f 659/1921/481 657/1922/481 658/1923/481
f 659/1921/481 658/1923/481 660/1924/481
f 662/1925/482 661/1926/482 663/1927/482
f 662/1925/482 663/1927/482 664/1928/482
f 667/1929/483 665/1930/483 666/1931/483
f 667/1929/483 666/1931/483 668/1932/483
usemtl common_rough_steel
f 669/1933/484 670/1934/484 674/1935/484
f 669/1933/484 674/1935/484 673/1936/484
f 672/1937/485 671/1938/485 675/1939/485
f 672/1937/485 675/1939/485 676/1940/485
f 671/1941/486 669/1942/486 673/1943/486
f 671/1941/486 673/1943/486 675/1944/486
f 676/1945/487 674/1946/487 670/1947/487
f 676/1945/487 670/1947/487 672/1948/487
f 678/1949/488 685/1950/488 688/1951/488
f 678/1949/488 688/1951/488 680/1952/488
f 684/1953/489 687/1954/489 686/1955/489
f 684/1953/489 686/1955/489 682/1956/489
f 682/1957/490 686/1958/490 685/1959/490
f 682/1957/490 685/1959/490 678/1960/490
f 680/1961/491 688/1962/491 687/1963/491
f 680/1961/491 687/1963/491 684/1964/491
f 679/1965/492 677/1966/492 681/1967/492
f 679/1965/492 681/1967/492 683/1968/492
f 684/1969/493 682/1970/493 678/1971/493
f 684/1969/493 678/1971/493 680/1972/493
f 677/1973/494 685/1974/494 686/1975/494
f 677/1973/494 686/1975/494 681/1976/494
f 681/1977/495 686/1978/495 687/1979/495
f 681/1977/495 687/1979/495 683/1980/495
f 683/1981/496 687/1982/496 688/1983/496
f 683/1981/496 688/1983/496 679/1984/496
f 679/1985/497 688/1986/497 685/1987/497
f 679/1985/497 685/1987/497 677/1988/497
f 689/1989/498 690/1990/498 694/1991/498
f 689/1989/498 694/1991/498 693/1992/498
f 692/1993/499 691/1994/499 695/1995/499
f 692/1993/499 695/1995/499 696/1996/499
f 691/1997/500 689/1998/500 693/1999/500
f 691/1997/500 693/1999/500 695/2000/500
f 696/2001/501 694/2002/501 690/2003/501
f 696/2001/501 690/2003/501 692/2004/501
f 698/2005/502 705/2006/502 708/2007/502
f 698/2005/502 708/2007/502 700/2008/502
f 704/2009/503 707/2010/503 706/2011/503
f 704/2009/503 706/2011/503 702/2012/503
f 702/2013/504 706/2014/504 705/2015/504
f 702/2013/504 705/2015/504 698/2016/504
f 700/2017/505 708/2018/505 707/2019/505
f 700/2017/505 707/2019/505 704/2020/505
f 699/2021/506 697/2022/506 701/2023/506
f 699/2021/506 701/2023/506 703/2024/506
f 704/2025/507 702/2026/507 698/2027/507
f 704/2025/507 698/2027/507 700/2028/507
f 697/2029/508 705/2030/508 706/2031/508
f 697/2029/508 706/2031/508 701/2032/508
f 701/2033/509 706/2034/509 707/2035/509
f 701/2033/509 707/2035/509 703/2036/509
f 703/2037/510 707/2038/510 708/2039/510
f 703/2037/510 708/2039/510 699/2040/510
f 699/2041/511 708/2042/511 705/2043/511
f 699/2041/511 705/2043/511 697/2044/511
o stage3lamp
v 0.5898268292059485 4 1.8850609204568487
v 0.9513948596546269 4 1.4541609212024236
v 0.5898268292059485 3.9375 1.8850609204568487
v 0.9513948596546269 3.9375 1.4541609212024236
v 0.11104905225658723 4 1.4833186644027614
v 0.4726170827052656 4 1.0524186651483363
v 0.11104905225658723 3.9375 1.4833186644027614
v 0.4726170827052656 3.9375 1.0524186651483363
v 0.7706108444302877 4 1.6696109208296361
v 0.2918330674809264 4 1.2678686647755488
v 0.2918330674809264 3.9375 1.2678686647755488
v 0.7706108444302877 3.9375 1.6696109208296361
v 0.5312219559556071 4 1.4687397928025925
v 0.3504379407312679 4 1.684189792429805
v 0.3504379407312679 3.9375 1.684189792429805
v 0.5312219559556071 3.9375 1.4687397928025925
v 0.7120059711799462 3.9375 1.25328979317538
v 0.7120059711799462 4 1.25328979317538
v 0.6663235043720022 4.71875 1.7452793634168038
v 0.8270204067936371 4.71875 1.5537682526370595
v 0.6663235043720022 3.96875 1.7452793634168038
v 0.8270204067936371 3.96875 1.5537682526370595
v 0.7142012820669383 4.71875 1.7854535890222127
v 0.8748981844885733 4.71875 1.593942478242468
v 0.7142012820669383 3.96875 1.7854535890222127
v 0.8748981844885733 3.96875 1.593942478242468
v 0.8350394733471953 4.655380775492294 1.64144424044138
v 0.7533511087931899 4.6553944438890635 1.7387966423717618
v 0.7540145337689896 4.529351584112675 1.7380060032734355
v 0.8350075937661856 4.528862367071655 1.6414822330465788
v 0.7062430069247785 4.656684935516285 1.697705152834959
v 0.7879458406042499 4.6563226814921315 1.6003355072723218
v 0.7876671690542929 4.531725779517311 1.600667615093137
v 0.7061806933727395 4.531283533641542 1.6977794152344687
v 0.7064977299774109 4.78125 1.6974015857218678
v 0.7868461811882284 4.78125 1.6016460303319957
v 0.6663235043720022 4.71875 1.7452793634168038
v 0.8270204067936371 4.71875 1.5537682526370595
v 0.7543755076723471 4.78125 1.7375758113272766
v 0.8347239588831645 4.78125 1.6418202559374042
v 0.7142012820669383 4.71875 1.7854535890222127
v 0.8748981844885733 4.71875 1.593942478242468
v 0.23542350511757704 4.71875 1.3837113329681254
v 0.39612040753921196 4.71875 1.1922002221883812
v 0.23542350511757704 3.96875 1.3837113329681254
v 0.39612040753921196 3.96875 1.1922002221883812
v 0.18754572742264086 4.71875 1.343537107362717
v 0.3482426298442758 4.71875 1.1520259965829722
v 0.18754572742264086 3.96875 1.343537107362717
v 0.3482426298442758 3.96875 1.1520259965829722
v 0.30838391870289783 4.655380775492294 1.1995277587818842
v 0.22669555414889242 4.6553944438890635 1.296880160712266
v 0.22735897912469216 4.529351584112675 1.2960895216139396
v 0.30835203912188813 4.528862367071655 1.199565751387083
v 0.27534300767035336 4.656684935516285 1.3361371223862806
v 0.35704584134982476 4.6563226814921315 1.2387674768236434
v 0.3567671697998678 4.531725779517311 1.2390995846444586
v 0.27528069411831435 4.531283533641542 1.3362113847857904
v 0.27559773072298577 4.78125 1.3358335552731895
v 0.35594618193380323 4.78125 1.2400779998833174
v 0.23542350511757704 4.71875 1.3837113329681254
v 0.39612040753921196 4.71875 1.1922002221883812
v 0.2277199530280496 4.78125 1.2956593296677807
v 0.30806840423886706 4.78125 1.1999037742779084
v 0.18754572742264086 4.71875 1.343537107362717
v 0.3482426298442758 4.71875 1.1520259965829722
v 0.546629060134662 3.9375 1.644843799403282
v 0.7073259625562969 3.9375 1.4533326886235378
v 0.546629060134662 3 1.644843799403282
v 0.7073259625562969 3 1.4533326886235378
v 0.35511794935491725 3.9375 1.4841468969816471
v 0.5158148517765522 3.9375 1.292635786201903
v 0.35511794935491725 3 1.4841468969816471
v 0.5158148517765522 3 1.292635786201903
v 0.2749561882406777 4.000601431955975 1.336598115831282
v 0.3568115571848707 4.000887713883168 1.2390466858189155
v 0.7059381079051634 4.002451262335297 1.6980685173369638
v 0.7882440775757242 4.002751682802076 1.5999800822901231
vt 0.546875 1
vt 0.4765625 1
vt 0.4765625 0.984375
vt 0.546875 0.984375
vt 0.109375 0.984375
vt 0.1796875 0.984375
vt 0.1796875 1
vt 0.109375 1
vt 0 0.25
vt 0.078125 0.25
vt 0.078125 0.3125
vt 0 0.3125
vt 0.5625 0.984375
vt 0.640625 0.984375
vt 0.640625 1
vt 0.5625 1
vt 0.421875 1
vt 0.34375 1
vt 0.34375 0.984375
vt 0.421875 0.984375
vt 0 0.25
vt 0.078125 0.25
vt 0.078125 0.3125
vt 0 0.3125
vt 0.25 1
vt 0.1796875 1
vt 0.1796875 0.984375
vt 0.25 0.984375
vt 0 0.921875
vt 0.078125 0.921875
vt 0.078125 1
vt 0 1
vt 0.40625 0.984375
vt 0.4765625 0.984375
vt 0.4765625 1
vt 0.40625 1
vt 0.75 0.3125
vt 0.671875 0.3125
vt 0.671875 0.25
vt 0.75 0.25
vt 0.71875 1
vt 0.640625 1
vt 0.640625 0.984375
vt 0.71875 0.984375
vt 0.75 1
vt 0.671875 1
vt 0.671875 0.921875
vt 0.75 0.921875
vt 0.75 0.3125
vt 0.671875 0.3125
vt 0.671875 0.25
vt 0.75 0.25
vt 0.265625 0.984375
vt 0.34375 0.984375
vt 0.34375 1
vt 0.265625 1
vt 0.75 1
vt 0.671875 1
vt 0.671875 0.921875
vt 0.75 0.921875
vt 0 0.828125
vt 0.015625 0.828125
vt 0.015625 0.765625
vt 0 0.765625
vt 0.453125 1
vt 0.4375 1
vt 0.4375 0.8125
vt 0.453125 0.8125
vt 0.375 1
vt 0.359375 1
vt 0.359375 0.8125
vt 0.375 0.8125
vt 0.296875 1
vt 0.296875 0.8125
vt 0.31235960607441804 0.9526503960281687
vt 0.3121015795638715 0.9841611109722659
vt 0.359375 1
vt 0.296875 1
vt 0.34387271334235303 0.9841576938730734
vt 0.34387271334235303 0.9841576938730734
vt 0.34386031438641124 0.9525280917679138
vt 0.359375 0.8125
vt 0.359375 1
vt 0.34387271334235303 0.9841576938730734
vt 0.296875 0.8125
vt 0.359375 0.8125
vt 0.34386031438641124 0.9525280917679138
vt 0.31235960607441804 0.9526503960281687
vt 0.06262271334235303 0.9685326938730734
vt 0.030851579563871523 0.9685361109722659
vt 0.03110960607441804 0.9370253960281687
vt 0.06261031438641124 0.9369030917679138
vt 0.3121015795638715 0.9841611109722659
vt 0.34387271334235303 0.9841576938730734
vt 0.296875 1
vt 0.4375 1
vt 0.375 1
vt 0.42197406968055773 0.9844837338790713
vt 0.42197406968055773 0.9844837338790713
vt 0.4219983053499685 0.9531333834103854
vt 0.4375 0.8125
vt 0.4375 1
vt 0.42197406968055773 0.9844837338790713
vt 0.390197308411266 0.9843931703730329
vt 0.42197406968055773 0.9844837338790713
vt 0.375 1
vt 0.21875 0.96875
vt 0.234375 0.984375
vt 0.265625 0.984375
vt 0.28125 0.96875
vt 0.234375 0.984375
vt 0.265625 0.984375
vt 0.28125 0.96875
vt 0.21875 0.96875
vt 0.25 1
vt 0.25 0.96875
vt 0.234375 0.96875
vt 0.234375 1
vt 0.234375 1
vt 0.25 1
vt 0.25 0.984375
vt 0.234375 0.984375
vt 0.234375 0.984375
vt 0.234375 1
vt 0.25 1
vt 0.25 0.984375
vt 0.015625 0.765625
vt 0.015625 0.828125
vt 0 0.828125
vt 0 0.765625
vt 0.4375 0.8125
vt 0.4375 1
vt 0.453125 1
vt 0.453125 0.8125
vt 0.359375 0.8125
vt 0.359375 1
vt 0.375 1
vt 0.375 0.8125
vt 0.31235960607441804 0.9526503960281687
vt 0.296875 0.8125
vt 0.296875 1
vt 0.3121015795638715 0.9841611109722659
vt 0.296875 1
vt 0.359375 1
vt 0.34387271334235303 0.9841576938730734
vt 0.34387271334235303 0.9841576938730734
vt 0.359375 1
vt 0.359375 0.8125
vt 0.34386031438641124 0.9525280917679138
vt 0.34387271334235303 0.9841576938730734
vt 0.34386031438641124 0.9525280917679138
vt 0.359375 0.8125
vt 0.296875 0.8125
vt 0.31235960607441804 0.9526503960281687
vt 0.03110960607441804 0.9370253960281687
vt 0.030851579563871523 0.9685361109722659
vt 0.06262271334235303 0.9685326938730734
vt 0.06261031438641124 0.9369030917679138
vt 0.34387271334235303 0.9841576938730734
vt 0.3121015795638715 0.9841611109722659
vt 0.296875 1
vt 0.375 1
vt 0.4375 1
vt 0.42197406968055773 0.9844837338790713
vt 0.42197406968055773 0.9844837338790713
vt 0.42197406968055773 0.9844837338790713
vt 0.390197308411266 0.9843931703730329
vt 0.375 1
vt 0.265625 0.984375
vt 0.234375 0.984375
vt 0.21875 0.96875
vt 0.28125 0.96875
vt 0.28125 0.96875
vt 0.265625 0.984375
vt 0.234375 0.984375
vt 0.21875 0.96875
vt 0.234375 0.96875
vt 0.25 0.96875
vt 0.25 1
vt 0.234375 1
vt 0.25 0.984375
vt 0.25 1
vt 0.234375 1
vt 0.234375 0.984375
vt 0.25 1
vt 0.234375 1
vt 0.234375 0.984375
vt 0.25 0.984375
vt 0.796875 0.015625
vt 0.796875 0.25
vt 0.734375 0.25
vt 0.734375 0.015625
vt 0.796875 0
vt 0.796875 0.234375
vt 0.734375 0.234375
vt 0.734375 0
vt 0.921875 0.1875
vt 0.921875 0.25
vt 0.859375 0.25
vt 0.859375 0.1875
vt 0.796875 0
vt 0.796875 0.234375
vt 0.734375 0.234375
vt 0.734375 0
vt 0.796875 0
vt 0.796875 0.234375
vt 0.734375 0.234375
vt 0.734375 0
vt 0 0.921875
vt 0.078125 0.921875
vt 0.078125 1
vt 0 1
vt 0.4375 1
vt 0.4375 0.8125
vt 0.4219983053499685 0.9531333834103854
vt 0.42197406968055773 0.9844837338790713
vt 0.390197308411266 0.9843931703730329
vt 0.3903056924038001 0.9532439448793277
vt 0.375 0.8125
vt 0.375 1
vt 0.4219983053499685 0.9531333834103854
vt 0.4375 0.8125
vt 0.42212451573141757 0.8204628579889937
vt 0.42212451573141757 0.8204628579889937
vt 0.4375 0.8125
vt 0.375 0.8125
vt 0.3902884287756848 0.820534428470792
vt 0.375 0.8125
vt 0.3903056924038001 0.9532439448793277
vt 0.3902884287756848 0.820534428470792
vt 0.7184134287756848 0.023659428470792054
vt 0.7184306924038001 0.15636894487932773
vt 0.7501233053499685 0.15625838341038545
vt 0.7502495157314175 0.023587857988993655
vt 0.030930692403800086 0.9376189448793277
vt 0.030822308411265986 0.9687681703730329
vt 0.06259906968055773 0.9688587338790713
vt 0.06262330534996852 0.9375083834103854
vt 0.375 1
vt 0.375 0.8125
vt 0.3903056924038001 0.9532439448793277
vt 0.390197308411266 0.9843931703730329
vt 0.375 0.8125
vt 0.4375 0.8125
vt 0.4220926543479581 0.8209253155838243
vt 0.3900813148206227 0.821000420700519
vt 0.4375 0.8125
vt 0.4219983053499685 0.9531333834103854
vt 0.4220926543479581 0.8209253155838243
vt 0.7501233053499685 0.15625838341038545
vt 0.7184306924038001 0.15636894487932773
vt 0.7182063148206227 0.02412542070051904
vt 0.7502176543479582 0.02405031558382431
vt 0.3903056924038001 0.9532439448793277
vt 0.375 0.8125
vt 0.3900813148206227 0.821000420700519
vt 0.06259906968055773 0.9688587338790713
vt 0.030822308411265986 0.9687681703730329
vt 0.030930692403800086 0.9376189448793277
vt 0.06262330534996852 0.9375083834103854
vn 0.7660444431189781 0 0.6427876096865394
vn -0.7660444431189781 0 -0.6427876096865394
vn 0 -1 0
vn -0.6427876096865394 0 0.7660444431189781
vn 0.6427876096865394 0 -0.7660444431189781
vn 0 1 0
vn -0.7660444431189781 0 -0.6427876096865394
vn 0 -1 0
vn 0.7660444431189781 0 0.6427876096865394
vn 0 1 0
vn -0.6427876096865394 0 0.7660444431189781
vn 0 -1 0
vn 0 -1 0
vn 0.6427876096865394 0 -0.7660444431189781
vn 0 1 0
vn 0 -1 0
vn -0.6427876096865394 0 0.7660444431189781
vn 0.6427876096865394 0 -0.7660444431189781
vn 0.7660444431189781 0 0.6427876096865394
vn 0.7660444431189781 0 0.6427876096865394
vn 0.7660444431189781 0 0.6427876096865394
vn 0.7660444431189781 0 0.6427876096865394
vn 0.7660444431189781 0 0.6427876096865394
vn 0.7660444431189781 0 0.6427876096865394
vn -0.7660444431189781 0 -0.6427876096865394
vn -0.7660444431189781 0 -0.6427876096865394
vn -0.7660444431189781 0 -0.6427876096865394
vn -0.7660444431189781 0 -0.6427876096865394
vn 0.7660444431189781 0 0.6427876096865394
vn 0 1 0
vn -0.45451947767204376 0.7071067811865476 0.541675220419702
vn 0.45451947767204376 0.7071067811865476 -0.541675220419702
vn 0 -1 0
vn -0.6427876096865394 0 0.7660444431189781
vn 0.6427876096865394 0 -0.7660444431189781
vn -0.7660444431189781 0 -0.6427876096865394
vn -0.7660444431189781 0 -0.6427876096865394
vn -0.7660444431189781 0 -0.6427876096865394
vn -0.7660444431189781 0 -0.6427876096865394
vn -0.7660444431189781 0 -0.6427876096865394
vn -0.7660444431189781 0 -0.6427876096865394
vn 0.7660444431189781 0 0.6427876096865394
vn 0.7660444431189781 0 0.6427876096865394
vn 0.7660444431189781 0 0.6427876096865394
vn -0.7660444431189781 0 -0.6427876096865394
vn 0 1 0
vn -0.45451947767204376 0.7071067811865476 0.541675220419702
vn 0.45451947767204376 0.7071067811865476 -0.541675220419702
vn 0.7660444431189781 0 0.6427876096865394
vn -0.7660444431189781 0 -0.6427876096865394
vn 0 -1 0
vn -0.6427876096865394 0 0.7660444431189781
vn 0.6427876096865394 0 -0.7660444431189781
vn 0 1 0
vn 0.7660444431189781 0 0.6427876096865394
vn 0.7660444431189781 0 0.6427876096865394
vn 0.7660444431189781 0 0.6427876096865394
vn 0.7660444431189781 0 0.6427876096865394
vn 0.7660444431189781 0 0.6427876096865394
vn 0.7660444431189781 0 0.6427876096865394
vn 0.7660444431189781 0 0.6427876096865394
vn -0.7660444431189781 0 -0.6427876096865394
vn -0.7660444431189781 0 -0.6427876096865394
vn -0.7660444431189781 0 -0.6427876096865394
vn -0.7660444431189781 -2.098810622506417e-16 -0.6427876096865394
vn -0.7660444431189793 -2.1320879985415975e-16 -0.6427876096865378
vn -0.7660444431189781 0 -0.6427876096865394
usemtl common_rough_steel
f 710/2045/512 717/2046/512 720/2047/512
f 710/2045/512 720/2047/512 712/2048/512
f 716/2049/513 719/2050/513 718/2051/513
f 716/2049/513 718/2051/513 714/2052/513
f 716/2053/514 725/2054/514 724/2055/514
f 716/2053/514 724/2055/514 719/2056/514
f 715/2057/515 723/2058/515 722/2059/515
f 715/2057/515 722/2059/515 713/2060/515
f 714/2061/516 726/2062/516 725/2063/516
f 714/2061/516 725/2063/516 716/2064/516
f 713/2065/517 722/2066/517 721/2067/517
f 713/2065/517 721/2067/517 718/2068/517
f 713/2069/518 718/2070/518 719/2071/518
f 713/2069/518 719/2071/518 715/2072/518
f 719/2073/519 724/2074/519 723/2075/519
f 719/2073/519 723/2075/519 715/2076/519
f 711/2077/520 720/2078/520 717/2079/520
f 711/2077/520 717/2079/520 709/2080/520
f 717/2081/521 721/2082/521 722/2083/521
f 717/2081/521 722/2083/521 709/2084/521
f 709/2085/522 722/2086/522 723/2087/522
f 709/2085/522 723/2087/522 711/2088/522
f 711/2089/523 723/2090/523 724/2091/523
f 711/2089/523 724/2091/523 720/2092/523
f 720/2093/524 724/2094/524 725/2095/524
f 720/2093/524 725/2095/524 712/2096/524
f 712/2097/525 725/2098/525 726/2099/525
f 712/2097/525 726/2099/525 710/2100/525
f 710/2101/526 726/2102/526 721/2103/526
f 710/2101/526 721/2103/526 717/2104/526
usemtl common_steel
f 733/2105/527 729/2106/527 730/2107/527
f 733/2105/527 730/2107/527 734/2108/527
f 731/2109/528 727/2110/528 729/2111/528
f 731/2109/528 729/2111/528 733/2112/528
f 728/2113/529 732/2114/529 734/2115/529
f 728/2113/529 734/2115/529 730/2116/529
f 731/2117/530 733/2118/530 737/2119/530
f 731/2117/530 737/2119/530 736/2120/530
f 732/2121/531 731/2122/531 735/2123/531
f 732/2121/531 735/2123/531 735/2124/531
f 738/2125/532 734/2126/532 732/2127/532
f 738/2125/532 732/2127/532 735/2128/532
f 733/2129/533 734/2130/533 738/2131/533
f 733/2129/533 738/2131/533 737/2132/533
f 735/2133/534 736/2134/534 737/2135/534
f 735/2133/534 737/2135/534 738/2136/534
f 736/2137/535 735/2138/535 731/2139/535
f 727/2140/536 728/2141/536 739/2142/536
f 727/2140/536 739/2142/536 739/2143/536
f 742/2144/537 729/2145/537 727/2146/537
f 742/2144/537 727/2146/537 739/2147/537
f 740/2148/538 739/2149/538 728/2150/538
f 745/2151/539 743/2152/539 744/2153/539
f 745/2151/539 744/2153/539 746/2154/539
f 748/2155/540 747/2156/540 749/2157/540
f 748/2155/540 749/2157/540 750/2158/540
f 744/2159/541 743/2160/541 747/2161/541
f 744/2159/541 747/2161/541 748/2162/541
f 747/2163/542 743/2164/542 745/2165/542
f 747/2163/542 745/2165/542 749/2166/542
f 746/2167/543 744/2168/543 748/2169/543
f 746/2167/543 748/2169/543 750/2170/543
f 754/2171/544 753/2172/544 757/2173/544
f 754/2171/544 757/2173/544 758/2174/544
f 753/2175/545 751/2176/545 755/2177/545
f 753/2175/545 755/2177/545 757/2178/545
f 758/2179/546 756/2180/546 752/2181/546
f 758/2179/546 752/2181/546 754/2182/546
f 761/2183/547 757/2184/547 755/2185/547
f 761/2183/547 755/2185/547 760/2186/547
f 755/2187/548 756/2188/548 759/2189/548
f 755/2187/548 759/2189/548 759/2190/548
f 756/2191/549 758/2192/549 762/2193/549
f 756/2191/549 762/2193/549 759/2194/549
f 762/2195/550 758/2196/550 757/2197/550
f 762/2195/550 757/2197/550 761/2198/550
f 761/2199/551 760/2200/551 759/2201/551
f 761/2199/551 759/2201/551 762/2202/551
f 759/2203/552 760/2204/552 755/2205/552
f 752/2206/553 751/2207/553 763/2208/553
f 752/2206/553 763/2208/553 763/2209/553
f 763/2210/554 764/2211/554 752/2212/554
f 768/2213/555 767/2214/555 769/2215/555
f 768/2213/555 769/2215/555 770/2216/555
f 773/2217/556 771/2218/556 772/2219/556
f 773/2217/556 772/2219/556 774/2220/556
f 771/2221/557 767/2222/557 768/2223/557
f 771/2221/557 768/2223/557 772/2224/557
f 769/2225/558 767/2226/558 771/2227/558
f 769/2225/558 771/2227/558 773/2228/558
f 772/2229/559 768/2230/559 770/2231/559
f 772/2229/559 770/2231/559 774/2232/559
usemtl common_cable_and_pipe
f 778/2233/560 776/2234/560 775/2235/560
f 778/2233/560 775/2235/560 777/2236/560
f 781/2237/561 779/2238/561 780/2239/561
f 781/2237/561 780/2239/561 782/2240/561
f 778/2241/562 777/2242/562 781/2243/562
f 778/2241/562 781/2243/562 782/2244/562
f 777/2245/563 775/2246/563 779/2247/563
f 777/2245/563 779/2247/563 781/2248/563
f 782/2249/564 780/2250/564 776/2251/564
f 782/2249/564 776/2251/564 778/2252/564
usemtl common_rough_steel
f 718/2253/565 721/2254/565 726/2255/565
f 718/2253/565 726/2255/565 714/2256/565
usemtl common_steel
f 751/2257/566 753/2258/566 766/2259/566
f 751/2257/566 766/2259/566 763/2260/566
f 764/2261/567 765/2262/567 754/2263/567
f 764/2261/567 754/2263/567 752/2264/567
f 766/2265/568 753/2266/568 783/2267/568
f 783/2268/569 753/2269/569 754/2270/569
f 783/2268/569 754/2270/569 784/2271/569
f 754/2272/570 765/2273/570 784/2274/570
usemtl weapon_spotlight_tower
f 784/2275/571 765/2276/571 766/2277/571
f 784/2275/571 766/2277/571 783/2278/571
usemtl common_steel
f 765/2279/572 764/2280/572 763/2281/572
f 765/2279/572 763/2281/572 766/2282/572
f 728/2283/573 730/2284/573 741/2285/573
f 728/2283/573 741/2285/573 740/2286/573
f 730/2287/574 729/2288/574 785/2289/574
f 730/2287/574 785/2289/574 786/2290/574
f 729/2291/575 742/2292/575 785/2293/575
usemtl weapon_spotlight_tower
f 742/2294/576 741/2295/576 786/2296/576
f 742/2294/576 786/2296/576 785/2297/576
usemtl common_steel
f 741/2298/577 730/2299/577 786/2300/577
f 739/2301/578 740/2302/578 741/2303/578
f 739/2301/578 741/2303/578 742/2304/578
o lamp
v 0.17266365605653256 4.410882337341128 1.458505608557296
v 0.6663492849009918 4.964836698410496 1.7452486393787618
v 0.9432965068332683 4.888865620681214 1.4151957926819854
v 0.6035636553109577 4.410882337341128 1.8200736390059744
v 0.8805108772432342 4.334911259611847 1.490020792309198
v 0.23544928564656664 4.964836698410496 1.3836806089300835
v 0.5123965075788431 4.888865620681214 1.053627762233307
v 0.17266365605653256 4.410882337341128 1.458505608557296
v 0.44961087798880905 4.334911259611847 1.1284527618605196
v 0.8335885893122774 4.765764651554688 1.3514751191661039
v 0.8731524781597455 4.754911640450505 1.3043247124951358
v 0.7987076839844806 4.458012228738372 1.3930445634034443
v 0.8382715728319486 4.447159217634189 1.3458941567324763
v 0.5941997008375968 4.765764651554688 1.1506039911390604
v 0.6337635896850649 4.754911640450505 1.1034535844680924
v 0.5593187955097999 4.458012228738372 1.1921734353764006
v 0.598882684357268 4.447159217634189 1.1450230287054326
v 0.9941940767090169 4.951501406354895 1.4517711701070228
v 1.0733218544039531 4.929795384146528 1.3574703567650868
v 0.9174560849878641 4.274446076159002 1.5432239474291716
v 0.9965838626828003 4.252740053950635 1.4489231340872355
v 0.4675385220647195 4.951501406354895 1.0098546884475268
v 0.5466662997596556 4.929795384146528 0.9155538751055907
v 0.39080053034356654 4.274446076159002 1.1013074657696758
v 0.4699283080385028 4.252740053950635 1.0070066524277397
v 0.6198092149879645 4.914139224951416 1.800712934897198
v 0.6663492849009918 4.964836698410496 1.7452486393787618
v 0.570975947529049 4.4832858330085745 1.8589101568294744
v 0.6035636553109577 4.410882337341128 1.8200736390059744
v 0.18890921573353936 4.914139224951416 1.4391449044485196
v 0.23544928564656664 4.964836698410496 1.3836806089300835
v 0.14007594827462388 4.4832858330085745 1.497342126380796
vt 0.546875 0.03125
vt 0.6875 0.03125
vt 0.6875 0.140625
vt 0.546875 0.140625
vt 0.6875 0.140625
vt 0.546875 0.140625
vt 0.546875 0.03125
vt 0.6875 0.03125
vt 0.6875 0.03125
vt 0.6875 0.140625
vt 0.546875 0.140625
vt 0.546875 0.03125
vt 0.6875 0.03125
vt 0.6875 0.140625
vt 0.546875 0.140625
vt 0.546875 0.03125
vt 0.53125 0.015625
vt 0.53125 0.15625
vt 0.390625 0.15625
vt 0.390625 0.015625
vt 0.015625 0.171875
vt 0.015625 0.25
vt 0 0.25
vt 0 0.171875
vt 0.015625 0.171875
vt 0.015625 0.25
vt 0 0.25
vt 0 0.171875
vt 0.09375 0.203125
vt 0.09375 0.21875
vt 0.015625 0.21875
vt 0.015625 0.203125
vt 0.09375 0.203125
vt 0.09375 0.21875
vt 0.015625 0.21875
vt 0.015625 0.203125
vt 0.09375 0.171875
vt 0.09375 0.25
vt 0.015625 0.25
vt 0.015625 0.171875
vt 0.34375 0
vt 0.34375 0.171875
vt 0.375 0.171875
vt 0.375 0
vt 0.375 0
vt 0.375 0.171875
vt 0.34375 0.171875
vt 0.34375 0
vt 0.375 0.171875
vt 0.34375 0.171875
vt 0.34375 0
vt 0.375 0
vt 0.34375 0.171875
vt 0.375 0.171875
vt 0.375 0
vt 0.34375 0
vt 0.171875 0
vt 0.171875 0.171875
vt 0 0.171875
vt 0 0
vt 0.34375 0
vt 0.34375 0.171875
vt 0.171875 0.171875
vt 0.171875 0
vt 0.546875 0.03125
vt 0.5625 0.015625
vt 0.671875 0.015625
vt 0.6875 0.03125
vt 0.671875 0.15625
vt 0.5625 0.15625
vt 0.546875 0.140625
vt 0.6875 0.140625
vt 0.546875 0.109375
vt 0.6875 0.109375
vt 0.6875 0.125
vt 0.546875 0.125
vt 0.6875 0.046875
vt 0.6875 0.0625
vt 0.546875 0.0625
vt 0.546875 0.046875
vt 0.53125 0.03125
vt 0.53125 0.140625
vt 0.390625 0.140625
vt 0.390625 0.03125
vn 0.7660444431189781 -1.3877787807814457e-17 0.6427876096865394
vn -0.7660444431189781 1.3877787807814457e-17 -0.6427876096865394
vn 0.11161889704894966 0.9848077530122081 -0.133022221559489
vn -0.11161889704894966 -0.9848077530122081 0.133022221559489
vn 0.6330222215594891 -0.17364817766693036 -0.754406506735489
vn 0.7660444431189781 -1.3877787807814457e-17 0.6427876096865394
vn -0.7660444431189781 1.3877787807814457e-17 -0.6427876096865394
vn 0.11161889704894966 0.9848077530122081 -0.133022221559489
vn -0.11161889704894966 -0.9848077530122081 0.133022221559489
vn 0.6330222215594891 -0.17364817766693036 -0.754406506735489
vn 0.7660444431189781 -1.3877787807814457e-17 0.6427876096865394
vn -0.7660444431189781 1.3877787807814457e-17 -0.6427876096865394
vn 0.11161889704894966 0.9848077530122081 -0.133022221559489
vn -0.11161889704894966 -0.9848077530122081 0.133022221559489
vn -0.6330222215594891 0.17364817766693036 0.754406506735489
vn 0.6330222215594891 -0.17364817766693036 -0.754406506735489
vn 0.7660444431189781 -1.3877787807814457e-17 0.6427876096865394
vn -0.7660444431189781 1.3877787807814457e-17 -0.6427876096865394
vn -0.36868782649461246 0.8191520442889919 0.4393850417707051
vn -0.5265407845183632 -0.5735764363510462 0.627506871597133
vn -0.6330222215594891 0.17364817766693036 0.754406506735489
usemtl weapon_spotlight_tower
f 791/2305/579 789/2306/579 788/2307/579
f 791/2305/579 788/2307/579 790/2308/579
f 794/2309/580 792/2310/580 793/2311/580
f 794/2309/580 793/2311/580 795/2312/580
f 788/2313/581 789/2314/581 793/2315/581
f 788/2313/581 793/2315/581 792/2316/581
f 791/2317/582 790/2318/582 794/2319/582
f 791/2317/582 794/2319/582 795/2320/582
f 795/2321/583 793/2322/583 789/2323/583
f 795/2321/583 789/2323/583 791/2324/583
f 799/2325/584 797/2326/584 796/2327/584
f 799/2325/584 796/2327/584 798/2328/584
f 802/2329/585 800/2330/585 801/2331/585
f 802/2329/585 801/2331/585 803/2332/585
f 796/2333/586 797/2334/586 801/2335/586
f 796/2333/586 801/2335/586 800/2336/586
f 799/2337/587 798/2338/587 802/2339/587
f 799/2337/587 802/2339/587 803/2340/587
f 803/2341/588 801/2342/588 797/2343/588
f 803/2341/588 797/2343/588 799/2344/588
f 807/2345/589 805/2346/589 804/2347/589
f 807/2345/589 804/2347/589 806/2348/589
f 810/2349/590 808/2350/590 809/2351/590
f 810/2349/590 809/2351/590 811/2352/590
f 804/2353/591 805/2354/591 809/2355/591
f 804/2353/591 809/2355/591 808/2356/591
f 807/2357/592 806/2358/592 810/2359/592
f 807/2357/592 810/2359/592 811/2360/592
f 806/2361/593 804/2362/593 808/2363/593
f 806/2361/593 808/2363/593 810/2364/593
f 811/2365/594 809/2366/594 805/2367/594
f 811/2365/594 805/2367/594 807/2368/594
f 813/2369/595 812/2370/595 814/2371/595
f 813/2369/595 814/2371/595 815/2372/595
f 818/2373/596 816/2374/596 817/2375/596
f 818/2373/596 817/2375/596 787/2376/596
f 816/2377/597 812/2378/597 813/2379/597
f 816/2377/597 813/2379/597 817/2380/597
f 815/2381/598 814/2382/598 818/2383/598
f 815/2381/598 818/2383/598 787/2384/598
f 814/2385/599 812/2386/599 816/2387/599
f 814/2385/599 816/2387/599 818/2388/599