# Made by Pabilo8 with Blockbench
# Exported with IIToolkit Plugin
mtllib spotlight_tower.mtl


o lamp
v 0.25 0.125 1.65625
v 0.8125 0.6875 1.65625
v 0.8125 0.6875 1.21875
v 0.8125 0.125 1.65625
v 0.8125 0.125 1.21875
v 0.25 0.6875 1.65625
v 0.25 0.6875 1.21875
v 0.25 0.125 1.65625
v 0.25 0.125 1.21875
v 0.6875 0.5625 1.21875
v 0.6875 0.5625 1.15625
v 0.6875 0.25 1.21875
v 0.6875 0.25 1.15625
v 0.375 0.5625 1.21875
v 0.375 0.5625 1.15625
v 0.375 0.25 1.21875
v 0.375 0.25 1.15625
v 0.875 0.75 1.225
v 0.875 0.75 1.1
v 0.875 0.0625 1.225
v 0.875 0.0625 1.1
v 0.1875 0.75 1.225
v 0.1875 0.75 1.1
v 0.1875 0.0625 1.225
v 0.1875 0.0625 1.1
v 0.8125 0.625 1.71875
v 0.8125 0.6875 1.65625
v 0.8125 0.1875 1.71875
v 0.8125 0.125 1.65625
v 0.25 0.625 1.71875
v 0.25 0.6875 1.65625
v 0.25 0.1875 1.71875
vt 0.546875 0.03125
vt 0.6875 0.03125
vt 0.6875 0.140625
vt 0.546875 0.140625
vt 0.6875 0.140625
vt 0.546875 0.140625
vt 0.546875 0.03125
vt 0.6875 0.03125
vt 0.6875 0.03125
vt 0.6875 0.140625
vt 0.546875 0.140625
vt 0.546875 0.03125
vt 0.6875 0.03125
vt 0.6875 0.140625
vt 0.546875 0.140625
vt 0.546875 0.03125
vt 0.53125 0.015625
vt 0.53125 0.15625
vt 0.390625 0.15625
vt 0.390625 0.015625
vt 0.015625 0.171875
vt 0.015625 0.25
vt 0 0.25
vt 0 0.171875
vt 0.015625 0.171875
vt 0.015625 0.25
vt 0 0.25
vt 0 0.171875
vt 0.09375 0.203125
vt 0.09375 0.21875
vt 0.015625 0.21875
vt 0.015625 0.203125
vt 0.09375 0.203125
vt 0.09375 0.21875
vt 0.015625 0.21875
vt 0.015625 0.203125
vt 0.09375 0.171875
vt 0.09375 0.25
vt 0.015625 0.25
vt 0.015625 0.171875
vt 0.34375 0
vt 0.34375 0.171875
vt 0.375 0.171875
vt 0.375 0
vt 0.375 0
vt 0.375 0.171875
vt 0.34375 0.171875
vt 0.34375 0
vt 0.375 0.171875
vt 0.34375 0.171875
vt 0.34375 0
vt 0.375 0
vt 0.34375 0.171875
vt 0.375 0.171875
vt 0.375 0
vt 0.34375 0
vt 0.171875 0
vt 0.171875 0.171875
vt 0 0.171875
vt 0 0
vt 0.34375 0
vt 0.34375 0.171875
vt 0.171875 0.171875
vt 0.171875 0
vt 0.546875 0.03125
vt 0.5625 0.015625
vt 0.671875 0.015625
vt 0.6875 0.03125
vt 0.671875 0.15625
vt 0.5625 0.15625
vt 0.546875 0.140625
vt 0.6875 0.140625
vt 0.546875 0.109375
vt 0.6875 0.109375
vt 0.6875 0.125
vt 0.546875 0.125
vt 0.6875 0.046875
vt 0.6875 0.0625
vt 0.546875 0.0625
vt 0.546875 0.046875
vt 0.53125 0.03125
vt 0.53125 0.140625
vt 0.390625 0.140625
vt 0.390625 0.03125
vn 1 0 0
vn -1 0 0
vn 0 1 0
vn 0 -1 0
vn 0 0 -1
vn 1 0 0
vn -1 0 0
vn 0 1 0
vn 0 -1 0
vn 0 0 -1
vn 1 0 0
vn -1 0 0
vn 0 1 0
vn 0 -1 0
vn 0 0 1
vn 0 0 -1
vn 1 0 0
vn -1 0 0
vn 0 0.7071067811865476 0.7071067811865476
vn 0 -0.7071067811865476 0.7071067811865476
vn 0 0 1
usemtl weapon_spotlight_tower
f 5/1/1 3/2/1 2/3/1
f 5/1/1 2/3/1 4/4/1
f 8/5/2 6/6/2 7/7/2
f 8/5/2 7/7/2 9/8/2
f 2/9/3 3/10/3 7/11/3
f 2/9/3 7/11/3 6/12/3
f 5/13/4 4/14/4 8/15/4
f 5/13/4 8/15/4 9/16/4
f 9/17/5 7/18/5 3/19/5
f 9/17/5 3/19/5 5/20/5
f 13/21/6 11/22/6 10/23/6
f 13/21/6 10/23/6 12/24/6
f 16/25/7 14/26/7 15/27/7
f 16/25/7 15/27/7 17/28/7
f 10/29/8 11/30/8 15/31/8
f 10/29/8 15/31/8 14/32/8
f 13/33/9 12/34/9 16/35/9
f 13/33/9 16/35/9 17/36/9
f 17/37/10 15/38/10 11/39/10
f 17/37/10 11/39/10 13/40/10
f 21/41/11 19/42/11 18/43/11
f 21/41/11 18/43/11 20/44/11
f 24/45/12 22/46/12 23/47/12
f 24/45/12 23/47/12 25/48/12
f 18/49/13 19/50/13 23/51/13
f 18/49/13 23/51/13 22/52/13
f 21/53/14 20/54/14 24/55/14
f 21/53/14 24/55/14 25/56/14
f 20/57/15 18/58/15 22/59/15
f 20/57/15 22/59/15 24/60/15
f 25/61/16 23/62/16 19/63/16
f 25/61/16 19/63/16 21/64/16
f 27/65/17 26/66/17 28/67/17
f 27/65/17 28/67/17 29/68/17
f 32/69/18 30/70/18 31/71/18
f 32/69/18 31/71/18 1/72/18
f 30/73/19 26/74/19 27/75/19
f 30/73/19 27/75/19 31/76/19
f 29/77/20 28/78/20 32/79/20
f 29/77/20 32/79/20 1/80/20
f 28/81/21 26/82/21 30/83/21
f 28/81/21 30/83/21 32/84/21
o stage3lamp
v 0.84375 -0.25 1.75
v 0.84375 -0.25 1.1875
v 0.84375 -0.3125 1.75
v 0.84375 -0.3125 1.1875
v 0.21875 -0.25 1.75
v 0.21875 -0.25 1.1875
v 0.21875 -0.3125 1.75
v 0.21875 -0.3125 1.1875
v 0.84375 -0.25 1.46875
v 0.21875 -0.25 1.46875
v 0.21875 -0.3125 1.46875
v 0.84375 -0.3125 1.46875
v 0.53125 -0.25 1.46875
v 0.53125 -0.25 1.75
v 0.53125 -0.3125 1.75
v 0.53125 -0.3125 1.46875
v 0.53125 -0.3125 1.1875
v 0.53125 -0.25 1.1875
v 0.8125 0.46875 1.59375
v 0.8125 0.46875 1.34375
v 0.8125 -0.28125 1.59375
v 0.8125 -0.28125 1.34375
v 0.875 0.46875 1.59375
v 0.875 0.46875 1.34375
v 0.875 -0.28125 1.59375
v 0.875 -0.28125 1.34375
v 0.875 0.4053806249999994 1.4057593750000001
v 0.875 0.4053943750000002 1.53284375
v 0.875 0.2793518749999997 1.531811875
v 0.875 0.2788625000000007 1.40580875
v 0.8125 0.4066849999999995 1.53164625
v 0.8125 0.4063224999999999 1.4045393750000001
v 0.8125 0.281725625 1.4049725
v 0.8125 0.28128375000000005 1.531743125
v 0.8125 0.53125 1.53125
v 0.8125 0.53125 1.40625
v 0.8125 0.46875 1.59375
v 0.8125 0.46875 1.34375
v 0.875 0.53125 1.53125
v 0.875 0.53125 1.40625
v 0.875 0.46875 1.59375
v 0.875 0.46875 1.34375
v 0.25 0.46875 1.59375
v 0.25 0.46875 1.34375
v 0.25 -0.28125 1.59375
v 0.25 -0.28125 1.34375
v 0.1875 0.46875 1.59375
v 0.1875 0.46875 1.34375
v 0.1875 -0.28125 1.59375
v 0.1875 -0.28125 1.34375
v 0.1875 0.4053806249999994 1.4057593750000001
v 0.1875 0.4053943750000002 1.53284375
v 0.1875 0.2793518749999997 1.531811875
v 0.1875 0.2788625000000007 1.40580875
v 0.25 0.4066849999999995 1.53164625
v 0.25 0.4063224999999999 1.4045393750000001
v 0.25 0.281725625 1.4049725
v 0.25 0.28128375000000005 1.531743125
v 0.25 0.53125 1.53125
v 0.25 0.53125 1.40625
v 0.25 0.46875 1.59375
v 0.25 0.46875 1.34375
v 0.1875 0.53125 1.53125
v 0.1875 0.53125 1.40625
v 0.1875 0.46875 1.59375
v 0.1875 0.46875 1.34375
v 0.65625 -0.3125 1.59375
v 0.65625 -0.3125 1.34375
v 0.65625 -1.25 1.59375
v 0.65625 -1.25 1.34375
v 0.40625 -0.3125 1.59375
v 0.40625 -0.3125 1.34375
v 0.40625 -1.25 1.59375
v 0.40625 -1.25 1.34375
v 0.25 -0.24939874999999923 1.532248125
v 0.25 -0.24911250000000074 1.40490375
v 0.8125 -0.24754874999999998 1.532120625
v 0.8125 -0.24724812500000048 1.404075
vt 0.546875 1
vt 0.4765625 1
vt 0.4765625 0.984375
vt 0.546875 0.984375
vt 0.109375 0.984375
vt 0.1796875 0.984375
vt 0.1796875 1
vt 0.109375 1
vt 0 0.25
vt 0.078125 0.25
vt 0.078125 0.3125
vt 0 0.3125
vt 0.5625 0.984375
vt 0.640625 0.984375
vt 0.640625 1
vt 0.5625 1
vt 0.421875 1
vt 0.34375 1
vt 0.34375 0.984375
vt 0.421875 0.984375
vt 0 0.25
vt 0.078125 0.25
vt 0.078125 0.3125
vt 0 0.3125
vt 0.25 1
vt 0.1796875 1
vt 0.1796875 0.984375
vt 0.25 0.984375
vt 0 0.921875
vt 0.078125 0.921875
vt 0.078125 1
vt 0 1
vt 0.40625 0.984375
vt 0.4765625 0.984375
vt 0.4765625 1
vt 0.40625 1
vt 0.75 0.3125
vt 0.671875 0.3125
vt 0.671875 0.25
vt 0.75 0.25
vt 0.71875 1
vt 0.640625 1
vt 0.640625 0.984375
vt 0.71875 0.984375
vt 0.75 1
vt 0.671875 1
vt 0.671875 0.921875
vt 0.75 0.921875
vt 0.75 0.3125
vt 0.671875 0.3125
vt 0.671875 0.25
vt 0.75 0.25
vt 0.265625 0.984375
vt 0.34375 0.984375
vt 0.34375 1
vt 0.265625 1
vt 0.75 1
vt 0.671875 1
vt 0.671875 0.921875
vt 0.75 0.921875
vt 0 0.828125
vt 0.015625 0.828125
vt 0.015625 0.765625
vt 0 0.765625
vt 0.453125 1
vt 0.4375 1
vt 0.4375 0.8125
vt 0.453125 0.8125
vt 0.375 1
vt 0.359375 1
vt 0.359375 0.8125
vt 0.375 0.8125
vt 0.296875 1
vt 0.296875 0.8125
vt 0.31235953125 0.95265046875
vt 0.3121015625 0.98416109375
vt 0.359375 1
vt 0.296875 1
vt 0.34387265625 0.98415765625
vt 0.34387265625 0.98415765625
vt 0.3438603125 0.952528125
vt 0.359375 0.8125
vt 0.359375 1
vt 0.34387265625 0.98415765625
vt 0.296875 0.8125
vt 0.359375 0.8125
vt 0.3438603125 0.952528125
vt 0.31235953125 0.95265046875
vt 0.06262265625 0.96853265625
vt 0.0308515625 0.96853609375
vt 0.03110953125 0.93702546875
vt 0.0626103125 0.936903125
vt 0.3121015625 0.98416109375
vt 0.34387265625 0.98415765625
vt 0.296875 1
vt 0.4375 1
vt 0.375 1
vt 0.4219740625 0.98448375
vt 0.4219740625 0.98448375
vt 0.42199828125 0.9531334375
vt 0.4375 0.8125
vt 0.4375 1
vt 0.4219740625 0.98448375
vt 0.39019734375 0.984393125
vt 0.4219740625 0.98448375
vt 0.375 1
vt 0.21875 0.96875
vt 0.234375 0.984375
vt 0.265625 0.984375
vt 0.28125 0.96875
vt 0.234375 0.984375
vt 0.265625 0.984375
vt 0.28125 0.96875
vt 0.21875 0.96875
vt 0.25 1
vt 0.25 0.96875
vt 0.234375 0.96875
vt 0.234375 1
vt 0.234375 1
vt 0.25 1
vt 0.25 0.984375
vt 0.234375 0.984375
vt 0.234375 0.984375
vt 0.234375 1
vt 0.25 1
vt 0.25 0.984375
vt 0.015625 0.765625
vt 0.015625 0.828125
vt 0 0.828125
vt 0 0.765625
vt 0.4375 0.8125
vt 0.4375 1
vt 0.453125 1
vt 0.453125 0.8125
vt 0.359375 0.8125
vt 0.359375 1
vt 0.375 1
vt 0.375 0.8125
vt 0.31235953125 0.95265046875
vt 0.296875 0.8125
vt 0.296875 1
vt 0.3121015625 0.98416109375
vt 0.296875 1
vt 0.359375 1
vt 0.34387265625 0.98415765625
vt 0.34387265625 0.98415765625
vt 0.359375 1
vt 0.359375 0.8125
vt 0.3438603125 0.952528125
vt 0.34387265625 0.98415765625
vt 0.3438603125 0.952528125
vt 0.359375 0.8125
vt 0.296875 0.8125
vt 0.31235953125 0.95265046875
vt 0.03110953125 0.93702546875
vt 0.0308515625 0.96853609375
vt 0.06262265625 0.96853265625
vt 0.0626103125 0.936903125
vt 0.34387265625 0.98415765625
vt 0.3121015625 0.98416109375
vt 0.296875 1
vt 0.375 1
vt 0.4375 1
vt 0.4219740625 0.98448375
vt 0.4219740625 0.98448375
vt 0.4219740625 0.98448375
vt 0.39019734375 0.984393125
vt 0.375 1
vt 0.265625 0.984375
vt 0.234375 0.984375
vt 0.21875 0.96875
vt 0.28125 0.96875
vt 0.28125 0.96875
vt 0.265625 0.984375
vt 0.234375 0.984375
vt 0.21875 0.96875
vt 0.234375 0.96875
vt 0.25 0.96875
vt 0.25 1
vt 0.234375 1
vt 0.25 0.984375
vt 0.25 1
vt 0.234375 1
vt 0.234375 0.984375
vt 0.25 1
vt 0.234375 1
vt 0.234375 0.984375
vt 0.25 0.984375
vt 0.796875 0.015625
vt 0.796875 0.25
vt 0.734375 0.25
vt 0.734375 0.015625
vt 0.796875 0
vt 0.796875 0.234375
vt 0.734375 0.234375
vt 0.734375 0
vt 0.921875 0.1875
vt 0.921875 0.25
vt 0.859375 0.25
vt 0.859375 0.1875
vt 0.796875 0
vt 0.796875 0.234375
vt 0.734375 0.234375
vt 0.734375 0
vt 0.796875 0
vt 0.796875 0.234375
vt 0.734375 0.234375
vt 0.734375 0
vt 0 0.921875
vt 0.078125 0.921875
vt 0.078125 1
vt 0 1
vt 0.4375 1
vt 0.4375 0.8125
vt 0.42199828125 0.9531334375
vt 0.4219740625 0.98448375
vt 0.39019734375 0.984393125
vt 0.390305625 0.95324390625
vt 0.375 0.8125
vt 0.375 1
vt 0.42199828125 0.9531334375
vt 0.4375 0.8125
vt 0.42212453125 0.8204628125
vt 0.42212453125 0.8204628125
vt 0.4375 0.8125
vt 0.375 0.8125
vt 0.3902884375 0.820534375
vt 0.375 0.8125
vt 0.390305625 0.95324390625
vt 0.3902884375 0.820534375
vt 0.7184134375 0.023659375000000038
vt 0.718430625 0.15636890625
vt 0.75012328125 0.1562584375
vt 0.75024953125 0.02358781249999997
vt 0.030930625 0.93761890625
vt 0.03082234375 0.968768125
vt 0.0625990625 0.96885875
vt 0.06262328125 0.9375084375
vt 0.375 1
vt 0.375 0.8125
vt 0.390305625 0.95324390625
vt 0.39019734375 0.984393125
vt 0.375 0.8125
vt 0.4375 0.8125
vt 0.42209265625 0.8209253125
vt 0.39008125 0.82100046875
vt 0.4375 0.8125
vt 0.42199828125 0.9531334375
vt 0.42209265625 0.8209253125
vt 0.75012328125 0.1562584375
vt 0.718430625 0.15636890625
vt 0.71820625 0.02412546874999999
vt 0.75021765625 0.024050312500000004
vt 0.390305625 0.95324390625
vt 0.375 0.8125
vt 0.39008125 0.82100046875
vt 0.0625990625 0.96885875
vt 0.03082234375 0.968768125
vt 0.030930625 0.93761890625
vt 0.06262328125 0.9375084375
vn 1 0 0
vn -1 0 0
vn 0 -1 0
vn 0 0 1
vn 0 0 -1
vn 0 1 0
vn -1 0 0
vn 0 -1 0
vn 1 0 0
vn 0 1 0
vn 0 0 1
vn 0 -1 0
vn 0 -1 0
vn 0 0 -1
vn 0 1 0
vn 0 -1 0
vn 0 0 1
vn 0 0 -1
vn 1 0 0
vn 1 0 0
vn 1 0 0
vn 1 0 0
vn 1 0 0
vn 1 0 0
vn -1 0 0
vn -1 0 0
vn -1 0 0
vn -1 0 0
vn 1 0 0
vn 0 1 0
vn 0 0.7071067811865476 0.7071067811865476
vn 0 0.7071067811865476 -0.7071067811865476
vn 0 -1 0
vn 0 0 1
vn 0 0 -1
vn -1 0 0
vn -1 0 0
vn -1 0 0
vn -1 0 0
vn -1 0 0
vn -1 0 0
vn 1 0 0
vn 1 0 0
vn 1 0 0
vn -1 0 0
vn 0 1 0
vn 0 0.7071067811865476 0.7071067811865476
vn 0 0.7071067811865476 -0.7071067811865476
vn 1 0 0
vn -1 0 0
vn 0 -1 0
vn 0 0 1
vn 0 0 -1
vn 0 1 0
vn 1 0 0
vn 1 0 0
vn 1 0 0
vn 1 0 0
vn 1 0 0
vn 1 0 0
vn 1 0 0
vn -1 0 0
vn -1 0 0
vn -1 0 0
vn -1 0 0
vn -1 0 0
vn -1 0 0
usemtl common_rough_steel
f 34/85/22 41/86/22 44/87/22
f 34/85/22 44/87/22 36/88/22
f 40/89/23 43/90/23 42/91/23
f 40/89/23 42/91/23 38/92/23
f 40/93/24 49/94/24 48/95/24
f 40/93/24 48/95/24 43/96/24
f 39/97/25 47/98/25 46/99/25
f 39/97/25 46/99/25 37/100/25
f 38/101/26 50/102/26 49/103/26
f 38/101/26 49/103/26 40/104/26
f 37/105/27 46/106/27 45/107/27
f 37/105/27 45/107/27 42/108/27
f 37/109/28 42/110/28 43/111/28
f 37/109/28 43/111/28 39/112/28
f 43/113/29 48/114/29 47/115/29
f 43/113/29 47/115/29 39/116/29
f 35/117/30 44/118/30 41/119/30
f 35/117/30 41/119/30 33/120/30
f 41/121/31 45/122/31 46/123/31
f 41/121/31 46/123/31 33/124/31
f 33/125/32 46/126/32 47/127/32
f 33/125/32 47/127/32 35/128/32
f 35/129/33 47/130/33 48/131/33
f 35/129/33 48/131/33 44/132/33
f 44/133/34 48/134/34 49/135/34
f 44/133/34 49/135/34 36/136/34
f 36/137/35 49/138/35 50/139/35
f 36/137/35 50/139/35 34/140/35
f 34/141/36 50/142/36 45/143/36
f 34/141/36 45/143/36 41/144/36
usemtl common_steel
f 57/145/37 53/146/37 54/147/37
f 57/145/37 54/147/37 58/148/37
f 55/149/38 51/150/38 53/151/38
f 55/149/38 53/151/38 57/152/38
f 52/153/39 56/154/39 58/155/39
f 52/153/39 58/155/39 54/156/39
f 55/157/40 57/158/40 61/159/40
f 55/157/40 61/159/40 60/160/40
f 56/161/41 55/162/41 59/163/41
f 56/161/41 59/163/41 59/164/41
f 62/165/42 58/166/42 56/167/42
f 62/165/42 56/167/42 59/168/42
f 57/169/43 58/170/43 62/171/43
f 57/169/43 62/171/43 61/172/43
f 59/173/44 60/174/44 61/175/44
f 59/173/44 61/175/44 62/176/44
f 60/177/45 59/178/45 55/179/45
f 51/180/46 52/181/46 63/182/46
f 51/180/46 63/182/46 63/183/46
f 66/184/47 53/185/47 51/186/47
f 66/184/47 51/186/47 63/187/47
f 64/188/48 63/189/48 52/190/48
f 69/191/49 67/192/49 68/193/49
f 69/191/49 68/193/49 70/194/49
f 72/195/50 71/196/50 73/197/50
f 72/195/50 73/197/50 74/198/50
f 68/199/51 67/200/51 71/201/51
f 68/199/51 71/201/51 72/202/51
f 71/203/52 67/204/52 69/205/52
f 71/203/52 69/205/52 73/206/52
f 70/207/53 68/208/53 72/209/53
f 70/207/53 72/209/53 74/210/53
f 78/211/54 77/212/54 81/213/54
f 78/211/54 81/213/54 82/214/54
f 77/215/55 75/216/55 79/217/55
f 77/215/55 79/217/55 81/218/55
f 82/219/56 80/220/56 76/221/56
f 82/219/56 76/221/56 78/222/56
f 85/223/57 81/224/57 79/225/57
f 85/223/57 79/225/57 84/226/57
f 79/227/58 80/228/58 83/229/58
f 79/227/58 83/229/58 83/230/58
f 80/231/59 82/232/59 86/233/59
f 80/231/59 86/233/59 83/234/59
f 86/235/60 82/236/60 81/237/60
f 86/235/60 81/237/60 85/238/60
f 85/239/61 84/240/61 83/241/61
f 85/239/61 83/241/61 86/242/61
f 83/243/62 84/244/62 79/245/62
f 76/246/63 75/247/63 87/248/63
f 76/246/63 87/248/63 87/249/63
f 87/250/64 88/251/64 76/252/64
f 92/253/65 91/254/65 93/255/65
f 92/253/65 93/255/65 94/256/65
f 97/257/66 95/258/66 96/259/66
f 97/257/66 96/259/66 98/260/66
f 95/261/67 91/262/67 92/263/67
f 95/261/67 92/263/67 96/264/67
f 93/265/68 91/266/68 95/267/68
f 93/265/68 95/267/68 97/268/68
f 96/269/69 92/270/69 94/271/69
f 96/269/69 94/271/69 98/272/69
usemtl common_cable_and_pipe
f 102/273/70 100/274/70 99/275/70
f 102/273/70 99/275/70 101/276/70
f 105/277/71 103/278/71 104/279/71
f 105/277/71 104/279/71 106/280/71
f 102/281/72 101/282/72 105/283/72
f 102/281/72 105/283/72 106/284/72
f 101/285/73 99/286/73 103/287/73
f 101/285/73 103/287/73 105/288/73
f 106/289/74 104/290/74 100/291/74
f 106/289/74 100/291/74 102/292/74
usemtl common_rough_steel
f 42/293/75 45/294/75 50/295/75
f 42/293/75 50/295/75 38/296/75
usemtl common_steel
f 75/297/76 77/298/76 90/299/76
f 75/297/76 90/299/76 87/300/76
f 88/301/77 89/302/77 78/303/77
f 88/301/77 78/303/77 76/304/77
f 90/305/78 77/306/78 107/307/78
f 107/308/79 77/309/79 78/310/79
f 107/308/79 78/310/79 108/311/79
f 78/312/80 89/313/80 108/314/80
usemtl weapon_spotlight_tower
f 108/315/81 89/316/81 90/317/81
f 108/315/81 90/317/81 107/318/81
usemtl common_steel
f 89/319/82 88/320/82 87/321/82
f 89/319/82 87/321/82 90/322/82
f 52/323/83 54/324/83 65/325/83
f 52/323/83 65/325/83 64/326/83
f 54/327/84 53/328/84 109/329/84
f 54/327/84 109/329/84 110/330/84
f 53/331/85 66/332/85 109/333/85
usemtl weapon_spotlight_tower
f 66/334/86 65/335/86 110/336/86
f 66/334/86 110/336/86 109/337/86
usemtl common_steel
f 65/338/87 54/339/87 110/340/87
f 63/341/88 64/342/88 65/343/88
f 63/341/88 65/343/88 66/344/88
o stage2
v 0.6875 -1.25 1.625
v 0.6875 -1.25 1.3125
v 0.625 -1.3125 1.5625
v 0.625 -1.3125 1.375
v 0.375 -1.25 1.625
v 0.375 -1.25 1.3125
v 0.4375 -1.3125 1.5625
v 0.4375 -1.3125 1.375
v 0.6875 -0.5625 1.625
v 0.6875 -0.5625 1.3125
v 0.6875 -1.25 1.625
v 0.6875 -1.25 1.3125
v 0.375 -0.5625 1.625
v 0.375 -0.5625 1.3125
v 0.375 -1.25 1.625
v 0.375 -1.25 1.3125
v 0.9375 -0.3125 1.6875
v 0.9375 -0.3125 1.25
v 0.9375 -0.5625 1.6875
v 0.9375 -0.5625 1.25
v 0.125 -0.3125 1.6875
v 0.125 -0.3125 1.25
v 0.125 -0.5625 1.6875
v 0.125 -0.5625 1.25
v 0.53125 -0.3125 1.6875
v 0.53125 -0.5625 1.6875
v 0.53125 -0.5625 1.25
v 0.53125 -0.3125 1.25
v 0.9375 -0.3125 1.46875
v 0.9375 -0.5625 1.46875
v 0.53125 -0.5625 1.46875
v 0.125 -0.5625 1.46875
v 0.125 -0.3125 1.46875
v 0.53125 -0.3125 1.46875
v 1.135723125 0.625 0.693781875
v 1.3125 0.625 0.870558125
v 1.135723125 -0.0625 0.693781875
v 1.3125 -0.0625 0.870558125
v 1.047335 0.625 0.78217
v 1.224111875 0.625 0.958946875
v 1.047335 -0.0625 0.78217
v 1.224111875 -0.0625 0.958946875
v 1.135723125 0.625 2.243718125
v 1.3125 0.625 2.066941875
v 1.135723125 -0.0625 2.243718125
v 1.3125 -0.0625 2.066941875
v 1.047335 0.625 2.15533
v 1.224111875 0.625 1.978553125
v 1.047335 -0.0625 2.15533
v 1.224111875 -0.0625 1.978553125
v -0.07322312499999994 0.625 0.693781875
v -0.25 0.625 0.870558125
v -0.07322312499999994 -0.0625 0.693781875
v -0.25 -0.0625 0.870558125
v 0.015164999999999984 0.625 0.78217
v -0.16161187499999996 0.625 0.958946875
v 0.015164999999999984 -0.0625 0.78217
v -0.16161187499999996 -0.0625 0.958946875
v -0.07322312499999994 0.625 2.243718125
v -0.25 0.625 2.066941875
v -0.07322312499999994 -0.0625 2.243718125
v -0.25 -0.0625 2.066941875
v 0.015164999999999984 0.625 2.15533
v -0.16161187499999996 0.625 1.978553125
v 0.015164999999999984 -0.0625 2.15533
v -0.16161187499999996 -0.0625 1.978553125
v 1.03125 -2.6875 1.96875
v 1.03125 -2.6875 1.78125
v 0.96875 -2.75 1.90625
v 0.96875 -2.75 1.84375
v 0.84375 -2.6875 1.96875
v 0.84375 -2.6875 1.78125
v 0.90625 -2.75 1.90625
v 0.90625 -2.75 1.84375
v 1.03125 0.625 1.96875
v 1.03125 0.625 1.78125
v 1.03125 -2.6875 1.96875
v 1.03125 -2.6875 1.78125
v 0.84375 0.625 1.96875
v 0.84375 0.625 1.78125
v 0.84375 -2.6875 1.96875
v 0.84375 -2.6875 1.78125
v 0.84375 -1.859375 1.78125
v 1.03125 -1.859375 1.78125
v 0.84375 -1.03125 1.78125
v 1.03125 -1.03125 1.78125
v 0.84375 -0.203125 1.78125
v 1.03125 -0.203125 1.78125
v 1.03125 -1.859375 1.96875
v 1.03125 -1.03125 1.96875
v 1.03125 -0.203125 1.96875
v 0.84375 -1.859375 1.96875
v 0.84375 -1.03125 1.96875
v 0.84375 -0.203125 1.96875
v 1.03125 -2.6875 1.15625
v 1.03125 -2.6875 0.96875
v 0.96875 -2.75 1.09375
v 0.96875 -2.75 1.03125
v 0.84375 -2.6875 1.15625
v 0.84375 -2.6875 0.96875
v 0.90625 -2.75 1.09375
v 0.90625 -2.75 1.03125
v 1.03125 0.625 1.15625
v 1.03125 0.625 0.96875
v 1.03125 -2.6875 1.15625
v 1.03125 -2.6875 0.96875
v 0.84375 0.625 1.15625
v 0.84375 0.625 0.96875
v 0.84375 -2.6875 1.15625
v 0.84375 -2.6875 0.96875
v 0.84375 -1.859375 0.96875
v 1.03125 -1.859375 0.96875
v 0.84375 -1.03125 0.96875
v 1.03125 -1.03125 0.96875
v 0.84375 -0.203125 0.96875
v 1.03125 -0.203125 0.96875
v 1.03125 -1.859375 1.15625
v 1.03125 -1.03125 1.15625
v 1.03125 -0.203125 1.15625
v 0.84375 -1.859375 1.15625
v 0.84375 -1.03125 1.15625
v 0.84375 -0.203125 1.15625
v 0.21875 -2.6875 1.96875
v 0.21875 -2.6875 1.78125
v 0.15625 -2.75 1.90625
v 0.15625 -2.75 1.84375
v 0.03125 -2.6875 1.96875
v 0.03125 -2.6875 1.78125
v 0.09375 -2.75 1.90625
v 0.09375 -2.75 1.84375
v 0.21875 0.625 1.96875
v 0.21875 0.625 1.78125
v 0.21875 -2.6875 1.96875
v 0.21875 -2.6875 1.78125
v 0.03125 0.625 1.96875
v 0.03125 0.625 1.78125
v 0.03125 -2.6875 1.96875
v 0.03125 -2.6875 1.78125
v 0.03125 -1.859375 1.78125
v 0.21875 -1.859375 1.78125
v 0.03125 -1.03125 1.78125
v 0.21875 -1.03125 1.78125
v 0.03125 -0.203125 1.78125
v 0.21875 -0.203125 1.78125
v 0.21875 -1.859375 1.96875
v 0.21875 -1.03125 1.96875
v 0.21875 -0.203125 1.96875
v 0.03125 -1.859375 1.96875
v 0.03125 -1.03125 1.96875
v 0.03125 -0.203125 1.96875
v 0.21875 -2.6875 1.15625
v 0.21875 -2.6875 0.96875
v 0.15625 -2.75 1.09375
v 0.15625 -2.75 1.03125
v 0.03125 -2.6875 1.15625
v 0.03125 -2.6875 0.96875
v 0.09375 -2.75 1.09375
v 0.09375 -2.75 1.03125
v 0.21875 0.625 1.15625
v 0.21875 0.625 0.96875
v 0.21875 -2.6875 1.15625
v 0.21875 -2.6875 0.96875
v 0.03125 0.625 1.15625
v 0.03125 0.625 0.96875
v 0.03125 -2.6875 1.15625
v 0.03125 -2.6875 0.96875
v 0.03125 -1.859375 0.96875
v 0.21875 -1.859375 0.96875
v 0.03125 -1.03125 0.96875
v 0.21875 -1.03125 0.96875
v 0.03125 -0.203125 0.96875
v 0.21875 -0.203125 0.96875
v 0.21875 -1.859375 1.15625
v 0.21875 -1.03125 1.15625
v 0.21875 -0.203125 1.15625
v 0.03125 -1.859375 1.15625
v 0.03125 -1.03125 1.15625
v 0.03125 -0.203125 1.15625
v 0.21875 0.625 1.88125
v 0.84375 0.625 1.88125
v 0.21875 -2.125 1.88125
v 0.84375 -2.125 1.88125
v 0.21875 0.625 1.05625
v 0.84375 0.625 1.05625
v 0.21875 -2.125 1.05625
v 0.84375 -2.125 1.05625
v 0.94375 0.625 1.78125
v 0.94375 0.625 1.15625
v 0.94375 -2.125 1.78125
v 0.94375 -2.125 1.15625
v 0.11875000000000002 0.625 1.78125
v 0.11875000000000002 0.625 1.15625
v 0.11875000000000002 -2.125 1.78125
v 0.11875000000000002 -2.125 1.15625
v 0.125 0.75 1.875
v 0.125 0.75 2.1875
v 0.125 0.625 1.875
v 0.125 0.625 2.1875
v 0.9375 0.75 1.875
v 0.9375 0.75 2.1875
v 0.9375 0.625 1.875
v 0.9375 0.625 2.1875
v 0.9375 0.75 0.75
v 0.9375 0.75 2.1875
v 0.9375 0.625 0.75
v 0.9375 0.625 2.1875
v 1.25 0.75 0.75
v 1.25 0.75 2.1875
v 1.25 0.625 0.75
v 1.25 0.625 2.1875
v 0.9375 0.75 1.46875
v 1.25 0.75 1.46875
v 1.25 0.625 1.46875
v 0.9375 0.625 1.46875
v 0.9375 0.75 1.0625
v 0.9375 0.75 0.75
v 0.9375 0.625 1.0625
v 0.9375 0.625 0.75
v 0.125 0.75 1.0625
v 0.125 0.75 0.75
v 0.125 0.625 1.0625
v 0.125 0.625 0.75
v 0.125 0.75 2.1875
v 0.125 0.75 0.75
v 0.125 0.625 2.1875
v 0.125 0.625 0.75
v -0.1875 0.75 2.1875
v -0.1875 0.75 0.75
v -0.1875 0.625 2.1875
v -0.1875 0.625 0.75
v 0.125 0.75 1.46875
v -0.1875 0.75 1.46875
v -0.1875 0.625 1.46875
v 0.125 0.625 1.46875
vt 0.671875 0.15625
vt 0.59375 0.15625
vt 0.609375 0.140625
vt 0.65625 0.140625
vt 0.65625 0.125
vt 0.671875 0.140625
vt 0.59375 0.140625
vt 0.609375 0.125
vt 0.640625 0.109375
vt 0.640625 0.15625
vt 0.59375 0.15625
vt 0.59375 0.109375
vt 0.65625 0.125
vt 0.671875 0.140625
vt 0.59375 0.140625
vt 0.609375 0.125
vt 0.671875 0.15625
vt 0.59375 0.15625
vt 0.609375 0.140625
vt 0.65625 0.140625
vt 0.578125 0.03125
vt 0.578125 0.203125
vt 0.65625 0.203125
vt 0.65625 0.03125
vt 0.609375 0.03125
vt 0.609375 0.203125
vt 0.6875 0.203125
vt 0.6875 0.03125
vt 0.59375 0.03125
vt 0.59375 0.203125
vt 0.671875 0.203125
vt 0.671875 0.03125
vt 0.609375 0.046875
vt 0.609375 0.21875
vt 0.6875 0.21875
vt 0.6875 0.046875
vt 0.515625 0.171875
vt 0.578125 0.171875
vt 0.578125 0.234375
vt 0.515625 0.234375
vt 0.734375 0.234375
vt 0.671875 0.234375
vt 0.671875 0.171875
vt 0.734375 0.171875
vt 0.890625 0.03125
vt 0.890625 0.09375
vt 0.78125 0.09375
vt 0.78125 0.03125
vt 0.78125 0.21875
vt 0.78125 0.15625
vt 0.890625 0.15625
vt 0.890625 0.21875
vt 0.515625 0.171875
vt 0.625 0.171875
vt 0.625 0.234375
vt 0.515625 0.234375
vt 0.734375 0.234375
vt 0.625 0.234375
vt 0.625 0.171875
vt 0.734375 0.171875
vt 0.734375 0.234375
vt 0.640625 0.234375
vt 0.640625 0.171875
vt 0.734375 0.171875
vt 0.859375 0.21875
vt 0.859375 0.15625
vt 0.96875 0.15625
vt 0.96875 0.21875
vt 0.515625 0.171875
vt 0.625 0.171875
vt 0.625 0.234375
vt 0.515625 0.234375
vt 0.96875 0.03125
vt 0.96875 0.09375
vt 0.859375 0.09375
vt 0.859375 0.03125
vt 0.734375 0.234375
vt 0.671875 0.234375
vt 0.671875 0.171875
vt 0.734375 0.171875
vt 0.96875 0.03125
vt 0.96875 0.09375
vt 0.859375 0.09375
vt 0.859375 0.03125
vt 0.890625 0.03125
vt 0.890625 0.09375
vt 0.78125 0.09375
vt 0.78125 0.03125
vt 0.515625 0.171875
vt 0.578125 0.171875
vt 0.578125 0.234375
vt 0.515625 0.234375
vt 0.78125 0.21875
vt 0.78125 0.15625
vt 0.890625 0.15625
vt 0.890625 0.21875
vt 0.859375 0.21875
vt 0.859375 0.15625
vt 0.96875 0.15625
vt 0.96875 0.21875
vt 0.265625 0.78125
vt 0.328125 0.78125
vt 0.328125 0.609375
vt 0.265625 0.609375
vt 0.265625 0.78125
vt 0.328125 0.78125
vt 0.328125 0.609375
vt 0.265625 0.609375
vt 0.265625 1
vt 0.296875 1
vt 0.296875 0.9375
vt 0.265625 0.9375
vt 0.265625 1
vt 0.296875 1
vt 0.296875 0.9375
vt 0.265625 0.9375
vt 0.265625 0.78125
vt 0.296875 0.78125
vt 0.296875 0.609375
vt 0.265625 0.609375
vt 0.296875 0.78125
vt 0.328125 0.78125
vt 0.328125 0.609375
vt 0.296875 0.609375
vt 0.328125 0.609375
vt 0.328125 0.78125
vt 0.265625 0.78125
vt 0.265625 0.609375
vt 0.328125 0.609375
vt 0.328125 0.78125
vt 0.265625 0.78125
vt 0.265625 0.609375
vt 0.296875 0.9375
vt 0.296875 1
vt 0.265625 1
vt 0.265625 0.9375
vt 0.296875 0.9375
vt 0.296875 1
vt 0.265625 1
vt 0.265625 0.9375
vt 0.296875 0.609375
vt 0.296875 0.78125
vt 0.265625 0.78125
vt 0.265625 0.609375
vt 0.328125 0.609375
vt 0.328125 0.78125
vt 0.296875 0.78125
vt 0.296875 0.609375
vt 0.328125 0.609375
vt 0.328125 0.78125
vt 0.265625 0.78125
vt 0.265625 0.609375
vt 0.328125 0.609375
vt 0.328125 0.78125
vt 0.265625 0.78125
vt 0.265625 0.609375
vt 0.296875 0.9375
vt 0.296875 1
vt 0.265625 1
vt 0.265625 0.9375
vt 0.296875 0.9375
vt 0.296875 1
vt 0.265625 1
vt 0.265625 0.9375
vt 0.296875 0.609375
vt 0.296875 0.78125
vt 0.265625 0.78125
vt 0.265625 0.609375
vt 0.328125 0.609375
vt 0.328125 0.78125
vt 0.296875 0.78125
vt 0.296875 0.609375
vt 0.265625 0.78125
vt 0.328125 0.78125
vt 0.328125 0.609375
vt 0.265625 0.609375
vt 0.265625 0.78125
vt 0.328125 0.78125
vt 0.328125 0.609375
vt 0.265625 0.609375
vt 0.265625 1
vt 0.296875 1
vt 0.296875 0.9375
vt 0.265625 0.9375
vt 0.265625 1
vt 0.296875 1
vt 0.296875 0.9375
vt 0.265625 0.9375
vt 0.265625 0.78125
vt 0.296875 0.78125
vt 0.296875 0.609375
vt 0.265625 0.609375
vt 0.296875 0.78125
vt 0.328125 0.78125
vt 0.328125 0.609375
vt 0.296875 0.609375
vt 0.96875 0.421875
vt 0.921875 0.421875
vt 0.9375 0.40625
vt 0.953125 0.40625
vt 0.953125 0.421875
vt 0.96875 0.4375
vt 0.921875 0.4375
vt 0.9375 0.421875
vt 0.953125 0.40625
vt 0.953125 0.421875
vt 0.9375 0.421875
vt 0.9375 0.40625
vt 0.953125 0.421875
vt 0.96875 0.4375
vt 0.921875 0.4375
vt 0.9375 0.421875
vt 0.96875 0.421875
vt 0.921875 0.421875
vt 0.9375 0.40625
vt 0.953125 0.40625
vt 0.8125 0.203125
vt 0.8125 0
vt 0.859375 0
vt 0.859375 0.203125
vt 0.8125 0.203125
vt 0.8125 0
vt 0.859375 0
vt 0.859375 0.203125
vt 0.96875 0.359375
vt 0.96875 0.3125
vt 0.921875 0.3125
vt 0.921875 0.359375
vt 0.8125 0.203125
vt 0.8125 0
vt 0.859375 0
vt 0.859375 0.203125
vt 0.8125 0.203125
vt 0.8125 0
vt 0.859375 0
vt 0.859375 0.203125
vt 0.859375 0
vt 0.859375 0.203125
vt 0.8125 0.203125
vt 0.8125 0
vt 0.859375 0.046875
vt 0.859375 0.25
vt 0.8125 0.25
vt 0.8125 0.046875
vt 0.859375 0.03125
vt 0.859375 0.234375
vt 0.8125 0.234375
vt 0.8125 0.03125
vt 0.859375 0
vt 0.859375 0.203125
vt 0.8125 0.203125
vt 0.8125 0
vt 0.859375 0.046875
vt 0.859375 0.25
vt 0.8125 0.25
vt 0.8125 0.046875
vt 0.859375 0.03125
vt 0.859375 0.234375
vt 0.8125 0.234375
vt 0.8125 0.03125
vt 0.859375 0
vt 0.859375 0.203125
vt 0.8125 0.203125
vt 0.8125 0
vt 0.859375 0.046875
vt 0.859375 0.25
vt 0.8125 0.25
vt 0.8125 0.046875
vt 0.859375 0.03125
vt 0.859375 0.234375
vt 0.8125 0.234375
vt 0.8125 0.03125
vt 0.859375 0
vt 0.859375 0.203125
vt 0.8125 0.203125
vt 0.8125 0
vt 0.859375 0.046875
vt 0.859375 0.25
vt 0.8125 0.25
vt 0.8125 0.046875
vt 0.859375 0.03125
vt 0.859375 0.234375
vt 0.8125 0.234375
vt 0.8125 0.03125
vt 0.96875 0.421875
vt 0.921875 0.421875
vt 0.9375 0.40625
vt 0.953125 0.40625
vt 0.953125 0.421875
vt 0.96875 0.4375
vt 0.921875 0.4375
vt 0.9375 0.421875
vt 0.953125 0.40625
vt 0.953125 0.421875
vt 0.9375 0.421875
vt 0.9375 0.40625
vt 0.953125 0.421875
vt 0.96875 0.4375
vt 0.921875 0.4375
vt 0.9375 0.421875
vt 0.96875 0.421875
vt 0.921875 0.421875
vt 0.9375 0.40625
vt 0.953125 0.40625
vt 0.8125 0.203125
vt 0.8125 0
vt 0.859375 0
vt 0.859375 0.203125
vt 0.8125 0.203125
vt 0.8125 0
vt 0.859375 0
vt 0.859375 0.203125
vt 0.96875 0.359375
vt 0.96875 0.3125
vt 0.921875 0.3125
vt 0.921875 0.359375
vt 0.8125 0.203125
vt 0.8125 0
vt 0.859375 0
vt 0.859375 0.203125
vt 0.8125 0.203125
vt 0.8125 0
vt 0.859375 0
vt 0.859375 0.203125
vt 0.859375 0
vt 0.859375 0.203125
vt 0.8125 0.203125
vt 0.8125 0
vt 0.859375 0.046875
vt 0.859375 0.25
vt 0.8125 0.25
vt 0.8125 0.046875
vt 0.859375 0.03125
vt 0.859375 0.234375
vt 0.8125 0.234375
vt 0.8125 0.03125
vt 0.859375 0
vt 0.859375 0.203125
vt 0.8125 0.203125
vt 0.8125 0
vt 0.859375 0.046875
vt 0.859375 0.25
vt 0.8125 0.25
vt 0.8125 0.046875
vt 0.859375 0.03125
vt 0.859375 0.234375
vt 0.8125 0.234375
vt 0.8125 0.03125
vt 0.859375 0
vt 0.859375 0.203125
vt 0.8125 0.203125
vt 0.8125 0
vt 0.859375 0.046875
vt 0.859375 0.25
vt 0.8125 0.25
vt 0.8125 0.046875
vt 0.859375 0.03125
vt 0.859375 0.234375
vt 0.8125 0.234375
vt 0.8125 0.03125
vt 0.859375 0
vt 0.859375 0.203125
vt 0.8125 0.203125
vt 0.8125 0
vt 0.859375 0.046875
vt 0.859375 0.25
vt 0.8125 0.25
vt 0.8125 0.046875
vt 0.859375 0.03125
vt 0.859375 0.234375
vt 0.8125 0.234375
vt 0.8125 0.03125
vt 0.96875 0.421875
vt 0.921875 0.421875
vt 0.9375 0.40625
vt 0.953125 0.40625
vt 0.953125 0.421875
vt 0.96875 0.4375
vt 0.921875 0.4375
vt 0.9375 0.421875
vt 0.953125 0.40625
vt 0.953125 0.421875
vt 0.9375 0.421875
vt 0.9375 0.40625
vt 0.953125 0.421875
vt 0.96875 0.4375
vt 0.921875 0.4375
vt 0.9375 0.421875
vt 0.96875 0.421875
vt 0.921875 0.421875
vt 0.9375 0.40625
vt 0.953125 0.40625
vt 0.8125 0.203125
vt 0.8125 0
vt 0.859375 0
vt 0.859375 0.203125
vt 0.8125 0.203125
vt 0.8125 0
vt 0.859375 0
vt 0.859375 0.203125
vt 0.96875 0.359375
vt 0.96875 0.3125
vt 0.921875 0.3125
vt 0.921875 0.359375
vt 0.8125 0.203125
vt 0.8125 0
vt 0.859375 0
vt 0.859375 0.203125
vt 0.8125 0.203125
vt 0.8125 0
vt 0.859375 0
vt 0.859375 0.203125
vt 0.859375 0
vt 0.859375 0.203125
vt 0.8125 0.203125
vt 0.8125 0
vt 0.859375 0.046875
vt 0.859375 0.25
vt 0.8125 0.25
vt 0.8125 0.046875
vt 0.859375 0.03125
vt 0.859375 0.234375
vt 0.8125 0.234375
vt 0.8125 0.03125
vt 0.859375 0
vt 0.859375 0.203125
vt 0.8125 0.203125
vt 0.8125 0
vt 0.859375 0.046875
vt 0.859375 0.25
vt 0.8125 0.25
vt 0.8125 0.046875
vt 0.859375 0.03125
vt 0.859375 0.234375
vt 0.8125 0.234375
vt 0.8125 0.03125
vt 0.859375 0
vt 0.859375 0.203125
vt 0.8125 0.203125
vt 0.8125 0
vt 0.859375 0.046875
vt 0.859375 0.25
vt 0.8125 0.25
vt 0.8125 0.046875
vt 0.859375 0.03125
vt 0.859375 0.234375
vt 0.8125 0.234375
vt 0.8125 0.03125
vt 0.859375 0
vt 0.859375 0.203125
vt 0.8125 0.203125
vt 0.8125 0
vt 0.859375 0.046875
vt 0.859375 0.25
vt 0.8125 0.25
vt 0.8125 0.046875
vt 0.859375 0.03125
vt 0.859375 0.234375
vt 0.8125 0.234375
vt 0.8125 0.03125
vt 0.96875 0.421875
vt 0.921875 0.421875
vt 0.9375 0.40625
vt 0.953125 0.40625
vt 0.953125 0.421875
vt 0.96875 0.4375
vt 0.921875 0.4375
vt 0.9375 0.421875
vt 0.953125 0.40625
vt 0.953125 0.421875
vt 0.9375 0.421875
vt 0.9375 0.40625
vt 0.953125 0.421875
vt 0.96875 0.4375
vt 0.921875 0.4375
vt 0.9375 0.421875
vt 0.96875 0.421875
vt 0.921875 0.421875
vt 0.9375 0.40625
vt 0.953125 0.40625
vt 0.8125 0.203125
vt 0.8125 0
vt 0.859375 0
vt 0.859375 0.203125
vt 0.8125 0.203125
vt 0.8125 0
vt 0.859375 0
vt 0.859375 0.203125
vt 0.96875 0.359375
vt 0.96875 0.3125
vt 0.921875 0.3125
vt 0.921875 0.359375
vt 0.8125 0.203125
vt 0.8125 0
vt 0.859375 0
vt 0.859375 0.203125
vt 0.8125 0.203125
vt 0.8125 0
vt 0.859375 0
vt 0.859375 0.203125
vt 0.859375 0
vt 0.859375 0.203125
vt 0.8125 0.203125
vt 0.8125 0
vt 0.859375 0.046875
vt 0.859375 0.25
vt 0.8125 0.25
vt 0.8125 0.046875
vt 0.859375 0.03125
vt 0.859375 0.234375
vt 0.8125 0.234375
vt 0.8125 0.03125
vt 0.859375 0
vt 0.859375 0.203125
vt 0.8125 0.203125
vt 0.8125 0
vt 0.859375 0.046875
vt 0.859375 0.25
vt 0.8125 0.25
vt 0.8125 0.046875
vt 0.859375 0.03125
vt 0.859375 0.234375
vt 0.8125 0.234375
vt 0.8125 0.03125
vt 0.859375 0
vt 0.859375 0.203125
vt 0.8125 0.203125
vt 0.8125 0
vt 0.859375 0.046875
vt 0.859375 0.25
vt 0.8125 0.25
vt 0.8125 0.046875
vt 0.859375 0.03125
vt 0.859375 0.234375
vt 0.8125 0.234375
vt 0.8125 0.03125
vt 0.859375 0
vt 0.859375 0.203125
vt 0.8125 0.203125
vt 0.8125 0
vt 0.859375 0.046875
vt 0.859375 0.25
vt 0.8125 0.25
vt 0.8125 0.046875
vt 0.859375 0.03125
vt 0.859375 0.234375
vt 0.8125 0.234375
vt 0.8125 0.03125
vt 0.484375 1
vt 0.640625 1
vt 0.640625 0.3125
vt 0.484375 0.3125
vt 0.640625 0.3125
vt 0.640625 1
vt 0.484375 1
vt 0.484375 0.3125
vt 0.484375 1
vt 0.640625 1
vt 0.640625 0.3125
vt 0.484375 0.3125
vt 0.640625 0.3125
vt 0.640625 1
vt 0.484375 1
vt 0.484375 0.3125
vt 0.390625 0.921875
vt 0.390625 1
vt 0.1875 1
vt 0.1875 0.921875
vt 0.390625 0.25
vt 0.390625 0.328125
vt 0.1875 0.328125
vt 0.1875 0.25
vt 0.40625 0.96875
vt 0.40625 1
vt 0.609375 1
vt 0.609375 0.96875
vt 0.125 0.96875
vt 0.125 1
vt 0.328125 1
vt 0.328125 0.96875
vt 0.5 1
vt 0.6875 1
vt 0.6875 0.96875
vt 0.5 0.96875
vt 0.421875 0.96875
vt 0.25 0.96875
vt 0.25 1
vt 0.421875 1
vt 0 1
vt 0 0.8125
vt 0.078125 0.8125
vt 0.078125 1
vt 0.078125 0.25
vt 0.078125 0.421875
vt 0 0.421875
vt 0 0.25
vt 0.484375 0.96875
vt 0.484375 1
vt 0.5625 1
vt 0.5625 0.96875
vt 0.421875 0.96875
vt 0.421875 1
vt 0.5 1
vt 0.5 0.96875
vt 0.078125 0.25
vt 0.078125 0.4375
vt 0 0.4375
vt 0 0.25
vt 0.0625 1
vt 0.25 1
vt 0.25 0.96875
vt 0.0625 0.96875
vt 0 1
vt 0 0.8125
vt 0.078125 0.8125
vt 0.078125 1
vt 0.484375 0.96875
vt 0.3125 0.96875
vt 0.3125 1
vt 0.484375 1
vt 0.390625 0.921875
vt 0.390625 1
vt 0.1875 1
vt 0.1875 0.921875
vt 0.390625 0.25
vt 0.390625 0.328125
vt 0.1875 0.328125
vt 0.1875 0.25
vt 0.40625 0.96875
vt 0.40625 1
vt 0.609375 1
vt 0.609375 0.96875
vt 0.125 0.96875
vt 0.125 1
vt 0.328125 1
vt 0.328125 0.96875
vt 0.5 1
vt 0.6875 1
vt 0.6875 0.96875
vt 0.5 0.96875
vt 0.421875 0.96875
vt 0.25 0.96875
vt 0.25 1
vt 0.421875 1
vt 0 1
vt 0 0.8125
vt 0.078125 0.8125
vt 0.078125 1
vt 0.078125 0.25
vt 0.078125 0.421875
vt 0 0.421875
vt 0 0.25
vt 0.484375 0.96875
vt 0.484375 1
vt 0.5625 1
vt 0.5625 0.96875
vt 0.421875 0.96875
vt 0.421875 1
vt 0.5 1
vt 0.5 0.96875
vt 0.078125 0.25
vt 0.078125 0.4375
vt 0 0.4375
vt 0 0.25
vt 0.0625 1
vt 0.25 1
vt 0.25 0.96875
vt 0.0625 0.96875
vt 0 1
vt 0 0.8125
vt 0.078125 0.8125
vt 0.078125 1
vt 0.484375 0.96875
vt 0.3125 0.96875
vt 0.3125 1
vt 0.484375 1
vn 0.7071067811865476 -0.7071067811865476 0
vn -0.7071067811865476 -0.7071067811865476 0
vn 0 -1 0
vn 0 -0.7071067811865476 0.7071067811865476
vn 0 -0.7071067811865476 -0.7071067811865476
vn 1 0 0
vn -1 0 0
vn 0 0 1
vn 0 0 -1
vn 1 0 0
vn -1 0 0
vn 0 1 0
vn 0 -1 0
vn 0 0 1
vn 0 0 -1
vn 0 0 1
vn 0 -1 0
vn 0 0 -1
vn 0 1 0
vn 1 0 0
vn 0 -1 0
vn 0 -1 0
vn -1 0 0
vn 0 1 0
vn 0 1 0
vn 0.7071055311845035 0 -0.7071080311863819
vn -0.7071067811865476 0 0.7071067811865476
vn 0 1 0
vn 0 -1 0
vn -0.707106781186548 0 -0.7071067811865471
vn 0.7071092811795866 0 0.7071042811846696
vn 0.7071055311845035 0 0.7071080311863819
vn -0.7071067811865476 0 -0.7071067811865476
vn 0 1 0
vn 0 -1 0
vn -0.707106781186548 0 0.7071067811865471
vn 0.7071092811795866 0 -0.7071042811846696
vn -0.7071055311845035 0 -0.7071080311863819
vn 0.7071067811865476 0 0.7071067811865476
vn 0 1 0
vn 0 -1 0
vn 0.707106781186548 0 -0.7071067811865471
vn -0.7071092811795866 0 0.7071042811846696
vn -0.7071055311845035 0 0.7071080311863819
vn 0.7071067811865476 0 -0.7071067811865476
vn 0 1 0
vn 0 -1 0
vn 0.707106781186548 0 0.7071067811865471
vn -0.7071092811795866 0 -0.7071042811846696
vn 0.7071067811865476 -0.7071067811865476 0
vn -0.7071067811865476 -0.7071067811865476 0
vn 0 -1 0
vn 0 -0.7071067811865476 0.7071067811865476
vn 0 -0.7071067811865476 -0.7071067811865476
vn 1 0 0
vn -1 0 0
vn 0 1 0
vn 0 0 1
vn 0 0 -1
vn 0 0 -1
vn 0 0 -1
vn 0 0 -1
vn 1 0 0
vn 1 0 0
vn 1 0 0
vn 0 0 1
vn 0 0 1
vn 0 0 1
vn -1 0 0
vn -1 0 0
vn -1 0 0
vn 0.7071067811865476 -0.7071067811865476 0
vn -0.7071067811865476 -0.7071067811865476 0
vn 0 -1 0
vn 0 -0.7071067811865476 0.7071067811865476
vn 0 -0.7071067811865476 -0.7071067811865476
vn 1 0 0
vn -1 0 0
vn 0 1 0
vn 0 0 1
vn 0 0 -1
vn 0 0 -1
vn 0 0 -1
vn 0 0 -1
vn 1 0 0
vn 1 0 0
vn 1 0 0
vn 0 0 1
vn 0 0 1
vn 0 0 1
vn -1 0 0
vn -1 0 0
vn -1 0 0
vn 0.7071067811865476 -0.7071067811865476 0
vn -0.7071067811865476 -0.7071067811865476 0
vn 0 -1 0
vn 0 -0.7071067811865476 0.7071067811865476
vn 0 -0.7071067811865476 -0.7071067811865476
vn 1 0 0
vn -1 0 0
vn 0 1 0
vn 0 0 1
vn 0 0 -1
vn 0 0 -1
vn 0 0 -1
vn 0 0 -1
vn 1 0 0
vn 1 0 0
vn 1 0 0
vn 0 0 1
vn 0 0 1
vn 0 0 1
vn -1 0 0
vn -1 0 0
vn -1 0 0
vn 0.7071067811865476 -0.7071067811865476 0
vn -0.7071067811865476 -0.7071067811865476 0
vn 0 -1 0
vn 0 -0.7071067811865476 0.7071067811865476
vn 0 -0.7071067811865476 -0.7071067811865476
vn 1 0 0
vn -1 0 0
vn 0 1 0
vn 0 0 1
vn 0 0 -1
vn 0 0 -1
vn 0 0 -1
vn 0 0 -1
vn 1 0 0
vn 1 0 0
vn 1 0 0
vn 0 0 1
vn 0 0 1
vn 0 0 1
vn -1 0 0
vn -1 0 0
vn -1 0 0
vn 0 0 1
vn 0 0 -1
vn 1 0 0
vn -1 0 0
vn 0 1 0
vn 0 -1 0
vn 0 0 -1
vn 0 0 1
vn -1 0 0
vn 1 0 0
vn 0 1 0
vn 0 -1 0
vn 0 0 -1
vn 0 0 1
vn 0 1 0
vn 1 0 0
vn 0 -1 0
vn -1 0 0
vn 0 1 0
vn 0 -1 0
vn 0 0 1
vn 0 0 -1
vn 1 0 0
vn -1 0 0
vn 0 1 0
vn 0 -1 0
vn 0 0 1
vn 0 0 -1
vn 0 1 0
vn -1 0 0
vn 0 -1 0
vn 1 0 0
usemtl common_steel
f 112/345/89 111/346/89 113/347/89
f 112/345/89 113/347/89 114/348/89
f 117/349/90 115/350/90 116/351/90
f 117/349/90 116/351/90 118/352/90
f 114/353/91 113/354/91 117/355/91
f 114/353/91 117/355/91 118/356/91
f 113/357/92 111/358/92 115/359/92
f 113/357/92 115/359/92 117/360/92
f 116/361/93 112/362/93 114/363/93
f 116/361/93 114/363/93 118/364/93
f 122/365/94 120/366/94 119/367/94
f 122/365/94 119/367/94 121/368/94
f 125/369/95 123/370/95 124/371/95
f 125/369/95 124/371/95 126/372/95
f 121/373/96 119/374/96 123/375/96
f 121/373/96 123/375/96 125/376/96
f 126/377/97 124/378/97 120/379/97
f 126/377/97 120/379/97 122/380/97
f 129/381/98 140/382/98 139/383/98
f 129/381/98 139/383/98 127/384/98
f 131/385/99 143/386/99 142/387/99
f 131/385/99 142/387/99 133/388/99
f 135/389/100 144/390/100 143/391/100
f 135/389/100 143/391/100 131/392/100
f 133/393/101 142/394/101 141/395/101
f 133/393/101 141/395/101 136/396/101
f 133/397/102 136/398/102 135/399/102
f 133/397/102 135/399/102 131/400/102
f 132/401/103 138/402/103 137/403/103
f 132/401/103 137/403/103 134/404/103
f 127/405/104 135/406/104 136/407/104
f 127/405/104 136/407/104 129/408/104
f 136/409/105 141/410/105 140/411/105
f 136/409/105 140/411/105 129/412/105
f 130/413/106 137/414/106 138/415/106
f 130/413/106 138/415/106 128/416/106
f 127/417/107 139/418/107 144/419/107
f 127/417/107 144/419/107 135/420/107
f 128/421/108 139/422/108 140/423/108
f 128/421/108 140/423/108 130/424/108
f 130/425/109 140/426/109 141/427/109
f 130/425/109 141/427/109 137/428/109
f 137/429/110 141/430/110 142/431/110
f 137/429/110 142/431/110 134/432/110
f 134/433/111 142/434/111 143/435/111
f 134/433/111 143/435/111 132/436/111
f 132/437/112 143/438/112 144/439/112
f 132/437/112 144/439/112 138/440/112
f 138/441/113 144/442/113 139/443/113
f 138/441/113 139/443/113 128/444/113
usemtl weapon_spotlight_tower
f 145/445/114 146/446/114 148/447/114
f 145/445/114 148/447/114 147/448/114
f 150/449/115 149/450/115 151/451/115
f 150/449/115 151/451/115 152/452/115
f 150/453/116 146/454/116 145/455/116
f 150/453/116 145/455/116 149/456/116
f 151/457/117 147/458/117 148/459/117
f 151/457/117 148/459/117 152/460/117
f 149/461/118 145/462/118 147/463/118
f 149/461/118 147/463/118 151/464/118
f 146/465/119 150/466/119 152/467/119
f 146/465/119 152/467/119 148/468/119
f 156/469/120 154/470/120 153/471/120
f 156/469/120 153/471/120 155/472/120
f 159/473/121 157/474/121 158/475/121
f 159/473/121 158/475/121 160/476/121
f 153/477/122 154/478/122 158/479/122
f 153/477/122 158/479/122 157/480/122
f 156/481/123 155/482/123 159/483/123
f 156/481/123 159/483/123 160/484/123
f 155/485/124 153/486/124 157/487/124
f 155/485/124 157/487/124 159/488/124
f 160/489/125 158/490/125 154/491/125
f 160/489/125 154/491/125 156/492/125
f 164/493/126 162/494/126 161/495/126
f 164/493/126 161/495/126 163/496/126
f 167/497/127 165/498/127 166/499/127
f 167/497/127 166/499/127 168/500/127
f 161/501/128 162/502/128 166/503/128
f 161/501/128 166/503/128 165/504/128
f 164/505/129 163/506/129 167/507/129
f 164/505/129 167/507/129 168/508/129
f 163/509/130 161/510/130 165/511/130
f 163/509/130 165/511/130 167/512/130
f 168/513/131 166/514/131 162/515/131
f 168/513/131 162/515/131 164/516/131
f 169/517/132 170/518/132 172/519/132
f 169/517/132 172/519/132 171/520/132
f 174/521/133 173/522/133 175/523/133
f 174/521/133 175/523/133 176/524/133
f 174/525/134 170/526/134 169/527/134
f 174/525/134 169/527/134 173/528/134
f 175/529/135 171/530/135 172/531/135
f 175/529/135 172/531/135 176/532/135
f 173/533/136 169/534/136 171/535/136
f 173/533/136 171/535/136 175/536/136
f 170/537/137 174/538/137 176/539/137
f 170/537/137 176/539/137 172/540/137
usemtl common_cable_and_pipe
f 178/541/138 177/542/138 179/543/138
f 178/541/138 179/543/138 180/544/138
f 183/545/139 181/546/139 182/547/139
f 183/545/139 182/547/139 184/548/139
f 180/549/140 179/550/140 183/551/140
f 180/549/140 183/551/140 184/552/140
f 179/553/141 177/554/141 181/555/141
f 179/553/141 181/555/141 183/556/141
f 182/557/142 178/558/142 180/559/142
f 182/557/142 180/559/142 184/560/142
f 185/561/143 201/562/143 198/563/143
f 185/561/143 198/563/143 186/564/143
f 190/565/144 197/566/144 204/567/144
f 190/565/144 204/567/144 189/568/144
f 185/569/145 186/570/145 190/571/145
f 185/569/145 190/571/145 189/572/145
f 189/573/146 204/574/146 201/575/146
f 189/573/146 201/575/146 185/576/146
f 186/577/147 198/578/147 197/579/147
f 186/577/147 197/579/147 190/580/147
f 192/581/148 193/582/148 194/583/148
f 192/581/148 194/583/148 188/584/148
f 193/585/149 195/586/149 196/587/149
f 193/585/149 196/587/149 194/588/149
f 195/589/150 197/590/150 198/591/150
f 195/589/150 198/591/150 196/592/150
f 188/593/151 194/594/151 199/595/151
f 188/593/151 199/595/151 187/596/151
f 194/597/152 196/598/152 200/599/152
f 194/597/152 200/599/152 199/600/152
f 196/601/153 198/602/153 201/603/153
f 196/601/153 201/603/153 200/604/153
f 187/605/154 199/606/154 202/607/154
f 187/605/154 202/607/154 191/608/154
f 199/609/155 200/610/155 203/611/155
f 199/609/155 203/611/155 202/612/155
f 200/613/156 201/614/156 204/615/156
f 200/613/156 204/615/156 203/616/156
f 191/617/157 202/618/157 193/619/157
f 191/617/157 193/619/157 192/620/157
f 202/621/158 203/622/158 195/623/158
f 202/621/158 195/623/158 193/624/158
f 203/625/159 204/626/159 197/627/159
f 203/625/159 197/627/159 195/628/159
f 206/629/160 205/630/160 207/631/160
f 206/629/160 207/631/160 208/632/160
f 211/633/161 209/634/161 210/635/161
f 211/633/161 210/635/161 212/636/161
f 208/637/162 207/638/162 211/639/162
f 208/637/162 211/639/162 212/640/162
f 207/641/163 205/642/163 209/643/163
f 207/641/163 209/643/163 211/644/163
f 210/645/164 206/646/164 208/647/164
f 210/645/164 208/647/164 212/648/164
f 213/649/165 229/650/165 226/651/165
f 213/649/165 226/651/165 214/652/165
f 218/653/166 225/654/166 232/655/166
f 218/653/166 232/655/166 217/656/166
f 213/657/167 214/658/167 218/659/167
f 213/657/167 218/659/167 217/660/167
f 217/661/168 232/662/168 229/663/168
f 217/661/168 229/663/168 213/664/168
f 214/665/169 226/666/169 225/667/169
f 214/665/169 225/667/169 218/668/169
f 220/669/170 221/670/170 222/671/170
f 220/669/170 222/671/170 216/672/170
f 221/673/171 223/674/171 224/675/171
f 221/673/171 224/675/171 222/676/171
f 223/677/172 225/678/172 226/679/172
f 223/677/172 226/679/172 224/680/172
f 216/681/173 222/682/173 227/683/173
f 216/681/173 227/683/173 215/684/173
f 222/685/174 224/686/174 228/687/174
f 222/685/174 228/687/174 227/688/174
f 224/689/175 226/690/175 229/691/175
f 224/689/175 229/691/175 228/692/175
f 215/693/176 227/694/176 230/695/176
f 215/693/176 230/695/176 219/696/176
f 227/697/177 228/698/177 231/699/177
f 227/697/177 231/699/177 230/700/177
f 228/701/178 229/702/178 232/703/178
f 228/701/178 232/703/178 231/704/178
f 219/705/179 230/706/179 221/707/179
f 219/705/179 221/707/179 220/708/179
f 230/709/180 231/710/180 223/711/180
f 230/709/180 223/711/180 221/712/180
f 231/713/181 232/714/181 225/715/181
f 231/713/181 225/715/181 223/716/181
f 234/717/182 233/718/182 235/719/182
f 234/717/182 235/719/182 236/720/182
f 239/721/183 237/722/183 238/723/183
f 239/721/183 238/723/183 240/724/183
f 236/725/184 235/726/184 239/727/184
f 236/725/184 239/727/184 240/728/184
f 235/729/185 233/730/185 237/731/185
f 235/729/185 237/731/185 239/732/185
f 238/733/186 234/734/186 236/735/186
f 238/733/186 236/735/186 240/736/186
f 241/737/187 257/738/187 254/739/187
f 241/737/187 254/739/187 242/740/187
f 246/741/188 253/742/188 260/743/188
f 246/741/188 260/743/188 245/744/188
f 241/745/189 242/746/189 246/747/189
f 241/745/189 246/747/189 245/748/189
f 245/749/190 260/750/190 257/751/190
f 245/749/190 257/751/190 241/752/190
f 242/753/191 254/754/191 253/755/191
f 242/753/191 253/755/191 246/756/191
f 248/757/192 249/758/192 250/759/192
f 248/757/192 250/759/192 244/760/192
f 249/761/193 251/762/193 252/763/193
f 249/761/193 252/763/193 250/764/193
f 251/765/194 253/766/194 254/767/194
f 251/765/194 254/767/194 252/768/194
f 244/769/195 250/770/195 255/771/195
f 244/769/195 255/771/195 243/772/195
f 250/773/196 252/774/196 256/775/196
f 250/773/196 256/775/196 255/776/196
f 252/777/197 254/778/197 257/779/197
f 252/777/197 257/779/197 256/780/197
f 243/781/198 255/782/198 258/783/198
f 243/781/198 258/783/198 247/784/198
f 255/785/199 256/786/199 259/787/199
f 255/785/199 259/787/199 258/788/199
f 256/789/200 257/790/200 260/791/200
f 256/789/200 260/791/200 259/792/200
f 247/793/201 258/794/201 249/795/201
f 247/793/201 249/795/201 248/796/201
f 258/797/202 259/798/202 251/799/202
f 258/797/202 251/799/202 249/800/202
f 259/801/203 260/802/203 253/803/203
f 259/801/203 253/803/203 251/804/203
f 262/805/204 261/806/204 263/807/204
f 262/805/204 263/807/204 264/808/204
f 267/809/205 265/810/205 266/811/205
f 267/809/205 266/811/205 268/812/205
f 264/813/206 263/814/206 267/815/206
f 264/813/206 267/815/206 268/816/206
f 263/817/207 261/818/207 265/819/207
f 263/817/207 265/819/207 267/820/207
f 266/821/208 262/822/208 264/823/208
f 266/821/208 264/823/208 268/824/208
f 269/825/209 285/826/209 282/827/209
f 269/825/209 282/827/209 270/828/209
f 274/829/210 281/830/210 288/831/210
f 274/829/210 288/831/210 273/832/210
f 269/833/211 270/834/211 274/835/211
f 269/833/211 274/835/211 273/836/211
f 273/837/212 288/838/212 285/839/212
f 273/837/212 285/839/212 269/840/212
f 270/841/213 282/842/213 281/843/213
f 270/841/213 281/843/213 274/844/213
f 276/845/214 277/846/214 278/847/214
f 276/845/214 278/847/214 272/848/214
f 277/849/215 279/850/215 280/851/215
f 277/849/215 280/851/215 278/852/215
f 279/853/216 281/854/216 282/855/216
f 279/853/216 282/855/216 280/856/216
f 272/857/217 278/858/217 283/859/217
f 272/857/217 283/859/217 271/860/217
f 278/861/218 280/862/218 284/863/218
f 278/861/218 284/863/218 283/864/218
f 280/865/219 282/866/219 285/867/219
f 280/865/219 285/867/219 284/868/219
f 271/869/220 283/870/220 286/871/220
f 271/869/220 286/871/220 275/872/220
f 283/873/221 284/874/221 287/875/221
f 283/873/221 287/875/221 286/876/221
f 284/877/222 285/878/222 288/879/222
f 284/877/222 288/879/222 287/880/222
f 275/881/223 286/882/223 277/883/223
f 275/881/223 277/883/223 276/884/223
f 286/885/224 287/886/224 279/887/224
f 286/885/224 279/887/224 277/888/224
f 287/889/225 288/890/225 281/891/225
f 287/889/225 281/891/225 279/892/225
usemtl weapon_spotlight_tower
f 290/893/226 289/894/226 291/895/226
f 290/893/226 291/895/226 292/896/226
f 295/897/227 293/898/227 294/899/227
f 295/897/227 294/899/227 296/900/227
f 298/901/228 297/902/228 299/903/228
f 298/901/228 299/903/228 300/904/228
f 303/905/229 301/906/229 302/907/229
f 303/905/229 302/907/229 304/908/229
usemtl common_rough_steel
f 305/909/230 306/910/230 310/911/230
f 305/909/230 310/911/230 309/912/230
f 308/913/231 307/914/231 311/915/231
f 308/913/231 311/915/231 312/916/231
f 307/917/232 305/918/232 309/919/232
f 307/917/232 309/919/232 311/920/232
f 312/921/233 310/922/233 306/923/233
f 312/921/233 306/923/233 308/924/233
f 314/925/234 321/926/234 324/927/234
f 314/925/234 324/927/234 316/928/234
f 320/929/235 323/930/235 322/931/235
f 320/929/235 322/931/235 318/932/235
f 318/933/236 322/934/236 321/935/236
f 318/933/236 321/935/236 314/936/236
f 316/937/237 324/938/237 323/939/237
f 316/937/237 323/939/237 320/940/237
f 315/941/238 313/942/238 317/943/238
f 315/941/238 317/943/238 319/944/238
f 320/945/239 318/946/239 314/947/239
f 320/945/239 314/947/239 316/948/239
f 313/949/240 321/950/240 322/951/240
f 313/949/240 322/951/240 317/952/240
f 317/953/241 322/954/241 323/955/241
f 317/953/241 323/955/241 319/956/241
f 319/957/242 323/958/242 324/959/242
f 319/957/242 324/959/242 315/960/242
f 315/961/243 324/962/243 321/963/243
f 315/961/243 321/963/243 313/964/243
f 325/965/244 326/966/244 330/967/244
f 325/965/244 330/967/244 329/968/244
f 328/969/245 327/970/245 331/971/245
f 328/969/245 331/971/245 332/972/245
f 327/973/246 325/974/246 329/975/246
f 327/973/246 329/975/246 331/976/246
f 332/977/247 330/978/247 326/979/247
f 332/977/247 326/979/247 328/980/247
f 334/981/248 341/982/248 344/983/248
f 334/981/248 344/983/248 336/984/248
f 340/985/249 343/986/249 342/987/249
f 340/985/249 342/987/249 338/988/249
f 338/989/250 342/990/250 341/991/250
f 338/989/250 341/991/250 334/992/250
f 336/993/251 344/994/251 343/995/251
f 336/993/251 343/995/251 340/996/251
f 335/997/252 333/998/252 337/999/252
f 335/997/252 337/999/252 339/1000/252
f 340/1001/253 338/1002/253 334/1003/253
f 340/1001/253 334/1003/253 336/1004/253
f 333/1005/254 341/1006/254 342/1007/254
f 333/1005/254 342/1007/254 337/1008/254
f 337/1009/255 342/1010/255 343/1011/255
f 337/1009/255 343/1011/255 339/1012/255
f 339/1013/256 343/1014/256 344/1015/256
f 339/1013/256 344/1015/256 335/1016/256
f 335/1017/257 344/1018/257 341/1019/257
f 335/1017/257 341/1019/257 333/1020/257
o base
v 0.125 0.5625 2.03125
v 0.9375 0.5625 2.03125
v 0.125 -2.1875 2.03125
v 0.9375 -2.1875 2.03125
v 0.125 0.5625 0.90625
v 0.9375 0.5625 0.90625
v 0.125 -2.1875 0.90625
v 0.9375 -2.1875 0.90625
v 1.09375 0.5625 1.875
v 1.09375 0.5625 1.0625
v 1.09375 -2.1875 1.875
v 1.09375 -2.1875 1.0625
v -0.03125 0.5625 1.875
v -0.03125 0.5625 1.0625
v -0.03125 -2.1875 1.875
v -0.03125 -2.1875 1.0625
v 1.5 -2.25 2.5
v 1.5 -2.25 0.5
v 1.5 -2.75 2.5
v 1.5 -2.75 0.5
v -0.5 -2.25 2.5
v -0.5 -2.25 0.5
v -0.5 -2.75 2.5
v -0.5 -2.75 0.5
v -0.5 -2.5 0.5
v 1.5 -2.5 0.5
v 1.5 -2.5 2.5
v -0.5 -2.5 2.5
v 1.5 -2.25 1.5
v -0.5 -2.25 1.5
v -0.5 -2.5 1.5
v -0.5 -2.75 1.5
v 1.5 -2.75 1.5
v 1.5 -2.5 1.5
v 0.5 -2.25 1.5
v 0.5 -2.25 2.5
v 0.5 -2.5 2.5
v 0.5 -2.75 2.5
v 0.5 -2.75 1.5
v 0.5 -2.75 0.5
v 0.5 -2.5 0.5
v 0.5 -2.25 0.5
v -0.0625 0.625 1.875
v -0.0625 0.625 2.0625
v -0.0625 -2.25 1.875
v -0.0625 -2.25 2.0625
v 0.125 0.625 1.875
v 0.125 0.625 2.0625
v 0.125 -2.25 1.875
v 0.125 -2.25 2.0625
v 0.125 -1.2916668750000002 2.0625
v -0.0625 -1.2916668750000002 2.0625
v 0.125 -0.3333331249999998 2.0625
v -0.0625 -0.3333331249999998 2.0625
v -0.0625 -1.2916668750000002 1.875
v -0.0625 -0.3333331249999998 1.875
v 0.125 -1.2916668750000002 1.875
v 0.125 -0.3333331249999998 1.875
v 1.125 0.625 1.875
v 1.125 0.625 2.0625
v 1.125 -2.25 1.875
v 1.125 -2.25 2.0625
v 0.9375 0.625 1.875
v 0.9375 0.625 2.0625
v 0.9375 -2.25 1.875
v 0.9375 -2.25 2.0625
v 0.9375 -1.2916668750000002 2.0625
v 1.125 -1.2916668750000002 2.0625
v 0.9375 -0.3333331249999998 2.0625
v 1.125 -0.3333331249999998 2.0625
v 1.125 -1.2916668750000002 1.875
v 1.125 -0.3333331249999998 1.875
v 0.9375 -1.2916668750000002 1.875
v 0.9375 -0.3333331249999998 1.875
v -0.0625 0.625 1.0625
v -0.0625 0.625 0.875
v -0.0625 -2.25 1.0625
v -0.0625 -2.25 0.875
v 0.125 0.625 1.0625
v 0.125 0.625 0.875
v 0.125 -2.25 1.0625
v 0.125 -2.25 0.875
v 0.125 -1.2916668750000002 0.875
v -0.0625 -1.2916668750000002 0.875
v 0.125 -0.3333331249999998 0.875
v -0.0625 -0.3333331249999998 0.875
v -0.0625 -1.2916668750000002 1.0625
v -0.0625 -0.3333331249999998 1.0625
v 0.125 -1.2916668750000002 1.0625
v 0.125 -0.3333331249999998 1.0625
v 1.125 0.625 1.0625
v 1.125 0.625 0.875
v 1.125 -2.25 1.0625
v 1.125 -2.25 0.875
v 0.9375 0.625 1.0625
v 0.9375 0.625 0.875
v 0.9375 -2.25 1.0625
v 0.9375 -2.25 0.875
v 0.9375 -1.2916668750000002 0.875
v 1.125 -1.2916668750000002 0.875
v 0.9375 -0.3333331249999998 0.875
v 1.125 -0.3333331249999998 0.875
v 1.125 -1.2916668750000002 1.0625
v 1.125 -0.3333331249999998 1.0625
v 0.9375 -1.2916668750000002 1.0625
v 0.9375 -0.3333331249999998 1.0625
v 0.9375 0.6187500000000004 1.1875
v 0.9375 0.6187500000000004 1.0625
v 0.9375 -2.25625 1.1875
v 0.9375 -2.25625 1.0625
v 0.8125 0.6187500000000004 1.1875
v 0.8125 0.6187500000000004 1.0625
v 0.8125 -2.25625 1.1875
v 0.8125 -2.25625 1.0625
v 0.9375 0.6187500000000004 1.875
v 0.9375 0.6187500000000004 1.75
v 0.9375 -2.25625 1.875
v 0.9375 -2.25625 1.75
v 0.8125 0.6187500000000004 1.875
v 0.8125 0.6187500000000004 1.75
v 0.8125 -2.25625 1.875
v 0.8125 -2.25625 1.75
v 0.25 0.6187500000000004 1.875
v 0.25 0.6187500000000004 1.75
v 0.25 -2.25625 1.875
v 0.25 -2.25625 1.75
v 0.125 0.6187500000000004 1.875
v 0.125 0.6187500000000004 1.75
v 0.125 -2.25625 1.875
v 0.125 -2.25625 1.75
v 0.25 0.6187500000000004 1.1875
v 0.25 0.6187500000000004 1.0625
v 0.25 -2.25625 1.1875
v 0.25 -2.25625 1.0625
v 0.125 0.6187500000000004 1.1875
v 0.125 0.6187500000000004 1.0625
v 0.125 -2.25625 1.1875
v 0.125 -2.25625 1.0625
v 0.875 0.5625 2.275
v -0.33125000000000004 0.5625 1.8125
v -0.26875000000000004 0.5625 1.8125
v -0.33125000000000004 0.4375 1.8125
v -0.26875000000000004 0.4375 1.8125
v -0.33125000000000004 0.5625 1.125
v -0.26875000000000004 0.5625 1.125
v -0.33125000000000004 0.4375 1.125
v -0.26875000000000004 0.4375 1.125
v -0.26875000000000004 0.5625 1.53125
v -0.018750000000000044 0.5625 1.53125
v -0.26875000000000004 0.4375 1.53125
v -0.018750000000000044 0.4375 1.53125
v -0.26875000000000004 0.5625 1.40625
v -0.018750000000000044 0.5625 1.40625
v -0.26875000000000004 0.4375 1.40625
v -0.018750000000000044 0.4375 1.40625
v -0.39375000000000004 0.78125 1.8125
v -0.33125000000000004 0.78125 1.8125
v -0.39375000000000004 0.21875 1.8125
v -0.33125000000000004 0.21875 1.8125
v -0.39375000000000004 0.78125 1.75
v -0.33125000000000004 0.78125 1.75
v -0.39375000000000004 0.21875 1.75
v -0.33125000000000004 0.21875 1.75
v -0.39375000000000004 0.78125 1.6875
v -0.33125000000000004 0.78125 1.6875
v -0.39375000000000004 0.21875 1.6875
v -0.33125000000000004 0.21875 1.6875
v -0.39375000000000004 0.78125 1.625
v -0.33125000000000004 0.78125 1.625
v -0.39375000000000004 0.21875 1.625
v -0.33125000000000004 0.21875 1.625
v -0.39375000000000004 0.78125 1.5625
v -0.33125000000000004 0.78125 1.5625
v -0.39375000000000004 0.21875 1.5625
v -0.33125000000000004 0.21875 1.5625
v -0.39375000000000004 0.78125 1.5
v -0.33125000000000004 0.78125 1.5
v -0.39375000000000004 0.21875 1.5
v -0.33125000000000004 0.21875 1.5
v -0.39375000000000004 0.78125 1.4375
v -0.33125000000000004 0.78125 1.4375
v -0.39375000000000004 0.21875 1.4375
v -0.33125000000000004 0.21875 1.4375
v -0.39375000000000004 0.78125 1.375
v -0.33125000000000004 0.78125 1.375
v -0.39375000000000004 0.21875 1.375
v -0.33125000000000004 0.21875 1.375
v -0.39375000000000004 0.78125 1.3125
v -0.33125000000000004 0.78125 1.3125
v -0.39375000000000004 0.21875 1.3125
v -0.33125000000000004 0.21875 1.3125
v -0.39375000000000004 0.78125 1.25
v -0.33125000000000004 0.78125 1.25
v -0.39375000000000004 0.21875 1.25
v -0.33125000000000004 0.21875 1.25
v -0.39375000000000004 0.78125 1.1875
v -0.33125000000000004 0.78125 1.1875
v -0.39375000000000004 0.21875 1.1875
v -0.33125000000000004 0.21875 1.1875
v -0.39375000000000004 0.78125 1.125
v -0.33125000000000004 0.78125 1.125
v -0.39375000000000004 0.21875 1.125
v -0.33125000000000004 0.21875 1.125
v 0.875 0.5625 2.3375
v 0.875 0.4375 2.3375
v 0.875 0.4375 2.275
v 0.1875 0.5625 2.3375
v 0.1875 0.5625 2.275
v 0.1875 0.4375 2.3375
v 0.1875 0.4375 2.275
v 0.59375 0.5625 2.275
v 0.59375 0.5625 2.025
v 0.59375 0.4375 2.275
v 0.59375 0.4375 2.025
v 0.46875 0.5625 2.275
v 0.46875 0.5625 2.025
v 0.46875 0.4375 2.275
v 0.46875 0.4375 2.025
v 0.875 0.78125 2.4
v 0.875 0.78125 2.3375
v 0.875 0.21875 2.4
v 0.875 0.21875 2.3375
v 0.8125 0.78125 2.4
v 0.8125 0.78125 2.3375
v 0.8125 0.21875 2.4
v 0.8125 0.21875 2.3375
v 0.75 0.78125 2.4
v 0.75 0.78125 2.3375
v 0.75 0.21875 2.4
v 0.75 0.21875 2.3375
v 0.6875 0.78125 2.4
v 0.6875 0.78125 2.3375
v 0.6875 0.21875 2.4
v 0.6875 0.21875 2.3375
v 0.625 0.78125 2.4
v 0.625 0.78125 2.3375
v 0.625 0.21875 2.4
v 0.625 0.21875 2.3375
v 0.5625 0.78125 2.4
v 0.5625 0.78125 2.3375
v 0.5625 0.21875 2.4
v 0.5625 0.21875 2.3375
v 0.5 0.78125 2.4
v 0.5 0.78125 2.3375
v 0.5 0.21875 2.4
v 0.5 0.21875 2.3375
v 0.4375 0.78125 2.4
v 0.4375 0.78125 2.3375
v 0.4375 0.21875 2.4
v 0.4375 0.21875 2.3375
v 0.375 0.78125 2.4
v 0.375 0.78125 2.3375
v 0.375 0.21875 2.4
v 0.375 0.21875 2.3375
v 0.3125 0.78125 2.4
v 0.3125 0.78125 2.3375
v 0.3125 0.21875 2.4
v 0.3125 0.21875 2.3375
v 0.25 0.78125 2.4
v 0.25 0.78125 2.3375
v 0.25 0.21875 2.4
v 0.25 0.21875 2.3375
v 0.1875 0.78125 2.4
v 0.1875 0.78125 2.3375
v 0.1875 0.21875 2.4
v 0.1875 0.21875 2.3375
v 0.875 0.5625 0.6000000000000001
v 0.875 0.5625 0.6625000000000001
v 0.875 0.4375 0.6000000000000001
v 0.875 0.4375 0.6625000000000001
v 0.1875 0.5625 0.6000000000000001
v 0.1875 0.5625 0.6625000000000001
v 0.1875 0.4375 0.6000000000000001
v 0.1875 0.4375 0.6625000000000001
v 0.59375 0.5625 0.6625000000000001
v 0.59375 0.5625 0.9125000000000001
v 0.59375 0.4375 0.6625000000000001
v 0.59375 0.4375 0.9125000000000001
v 0.46875 0.5625 0.6625000000000001
v 0.46875 0.5625 0.9125000000000001
v 0.46875 0.4375 0.6625000000000001
v 0.46875 0.4375 0.9125000000000001
v 0.875 0.78125 0.5375000000000001
v 0.875 0.78125 0.6000000000000001
v 0.875 0.21875 0.5375000000000001
v 0.875 0.21875 0.6000000000000001
v 0.8125 0.78125 0.5375000000000001
v 0.8125 0.78125 0.6000000000000001
v 0.8125 0.21875 0.5375000000000001
v 0.8125 0.21875 0.6000000000000001
v 0.75 0.78125 0.5375000000000001
v 0.75 0.78125 0.6000000000000001
v 0.75 0.21875 0.5375000000000001
v 0.75 0.21875 0.6000000000000001
v 0.6875 0.78125 0.5375000000000001
v 0.6875 0.78125 0.6000000000000001
v 0.6875 0.21875 0.5375000000000001
v 0.6875 0.21875 0.6000000000000001
v 0.625 0.78125 0.5375000000000001
v 0.625 0.78125 0.6000000000000001
v 0.625 0.21875 0.5375000000000001
v 0.625 0.21875 0.6000000000000001
v 0.5625 0.78125 0.5375000000000001
v 0.5625 0.78125 0.6000000000000001
v 0.5625 0.21875 0.5375000000000001
v 0.5625 0.21875 0.6000000000000001
v 0.5 0.78125 0.5375000000000001
v 0.5 0.78125 0.6000000000000001
v 0.5 0.21875 0.5375000000000001
v 0.5 0.21875 0.6000000000000001
v 0.4375 0.78125 0.5375000000000001
v 0.4375 0.78125 0.6000000000000001
v 0.4375 0.21875 0.5375000000000001
v 0.4375 0.21875 0.6000000000000001
v 0.375 0.78125 0.5375000000000001
v 0.375 0.78125 0.6000000000000001
v 0.375 0.21875 0.5375000000000001
v 0.375 0.21875 0.6000000000000001
v 0.3125 0.78125 0.5375000000000001
v 0.3125 0.78125 0.6000000000000001
v 0.3125 0.21875 0.5375000000000001
v 0.3125 0.21875 0.6000000000000001
v 0.25 0.78125 0.5375000000000001
v 0.25 0.78125 0.6000000000000001
v 0.25 0.21875 0.5375000000000001
v 0.25 0.21875 0.6000000000000001
v 0.1875 0.78125 0.5375000000000001
v 0.1875 0.78125 0.6000000000000001
v 0.1875 0.21875 0.5375000000000001
v 0.1875 0.21875 0.6000000000000001
v 1.39375 0.5625 1.8125
v 1.33125 0.5625 1.8125
v 1.39375 0.4375 1.8125
v 1.33125 0.4375 1.8125
v 1.39375 0.5625 1.125
v 1.33125 0.5625 1.125
v 1.39375 0.4375 1.125
v 1.33125 0.4375 1.125
v 1.33125 0.5625 1.53125
v 1.08125 0.5625 1.53125
v 1.33125 0.4375 1.53125
v 1.08125 0.4375 1.53125
v 1.33125 0.5625 1.40625
v 1.08125 0.5625 1.40625
v 1.33125 0.4375 1.40625
v 1.08125 0.4375 1.40625
v 1.45625 0.78125 1.8125
v 1.39375 0.78125 1.8125
v 1.45625 0.21875 1.8125
v 1.39375 0.21875 1.8125
v 1.45625 0.78125 1.75
v 1.39375 0.78125 1.75
v 1.45625 0.21875 1.75
v 1.39375 0.21875 1.75
v 1.45625 0.78125 1.6875
v 1.39375 0.78125 1.6875
v 1.45625 0.21875 1.6875
v 1.39375 0.21875 1.6875
v 1.45625 0.78125 1.625
v 1.39375 0.78125 1.625
v 1.45625 0.21875 1.625
v 1.39375 0.21875 1.625
v 1.45625 0.78125 1.5625
v 1.39375 0.78125 1.5625
v 1.45625 0.21875 1.5625
v 1.39375 0.21875 1.5625
v 1.45625 0.78125 1.5
v 1.39375 0.78125 1.5
v 1.45625 0.21875 1.5
v 1.39375 0.21875 1.5
v 1.45625 0.78125 1.4375
v 1.39375 0.78125 1.4375
v 1.45625 0.21875 1.4375
v 1.39375 0.21875 1.4375
v 1.45625 0.78125 1.375
v 1.39375 0.78125 1.375
v 1.45625 0.21875 1.375
v 1.39375 0.21875 1.375
v 1.45625 0.78125 1.3125
v 1.39375 0.78125 1.3125
v 1.45625 0.21875 1.3125
v 1.39375 0.21875 1.3125
v 1.45625 0.78125 1.25
v 1.39375 0.78125 1.25
v 1.45625 0.21875 1.25
v 1.39375 0.21875 1.25
v 1.45625 0.78125 1.1875
v 1.39375 0.78125 1.1875
v 1.45625 0.21875 1.1875
v 1.39375 0.21875 1.1875
v 1.45625 0.78125 1.125
v 1.39375 0.78125 1.125
v 1.45625 0.21875 1.125
v 1.39375 0.21875 1.125
v -0.27850062499999995 -0.25 1.4648425
v -0.27850062499999995 -0.25 1.2148425
v -0.27850062499999995 -0.5 1.4648425
v -0.27850062499999995 -0.5 1.2148425
v -0.40350062499999995 -0.1875 1.5273425
v -0.40350062499999995 -0.1875 1.1523425
v -0.40350062499999995 -0.5625 1.5273425
v -0.40350062499999995 -0.5625 1.1523425
v -0.03125 -0.3125 1.40625
v -0.03125 -0.3125 1.28125
v -0.03125 -0.4375 1.40625
v -0.03125 -0.4375 1.28125
v -0.28125 -0.3125 1.40625
v -0.28125 -0.3125 1.28125
v -0.28125 -0.4375 1.40625
v -0.28125 -0.4375 1.28125
v 1.3005075 -0.1875 0.8451781249999999
v 1.1237306249999999 -0.1875 0.6684012500000001
v 1.3005075 -0.4375 0.8451781249999999
v 1.1237306249999999 -0.4375 0.6684012500000001
v 1.43309 -0.125 0.8009837500000001
v 1.1679249999999999 -0.125 0.53581875
v 1.43309 -0.5 0.8009837500000001
v 1.1679249999999999 -0.5 0.53581875
v 1.08424375 -0.25 0.978579375
v 0.995855 -0.25 0.89019125
v 1.08424375 -0.375 0.978579375
v 0.995855 -0.375 0.89019125
v 1.26102 -0.25 0.801803125
v 1.172631875 -0.25 0.7134143749999999
v 1.26102 -0.375 0.801803125
v 1.172631875 -0.375 0.7134143749999999
v 1.3005075 -0.1875 2.092321875
v 1.1237306249999999 -0.1875 2.26909875
v 1.3005075 -0.4375 2.092321875
v 1.1237306249999999 -0.4375 2.26909875
v 1.43309 -0.125 2.13651625
v 1.1679249999999999 -0.125 2.40168125
v 1.43309 -0.5 2.13651625
v 1.1679249999999999 -0.5 2.40168125
v 1.08424375 -0.25 1.958920625
v 0.995855 -0.25 2.04730875
v 1.08424375 -0.375 1.958920625
v 0.995855 -0.375 2.04730875
v 1.26102 -0.25 2.135696875
v 1.172631875 -0.25 2.224085625
v 1.26102 -0.375 2.135696875
v 1.172631875 -0.375 2.224085625
v 1.073223125 -0.5625 0.756281875
v 1.25 -0.5625 0.9330581250000001
v 1.073223125 -1.25 0.756281875
v 1.25 -1.25 0.9330581250000001
v 0.984835 -0.5625 0.84467
v 1.161611875 -0.5625 1.021446875
v 0.984835 -1.25 0.84467
v 1.161611875 -1.25 1.021446875
v 1.073223125 -0.5625 2.181218125
v 1.25 -0.5625 2.004441875
v 1.073223125 -1.25 2.181218125
v 1.25 -1.25 2.004441875
v 0.984835 -0.5625 2.09283
v 1.161611875 -0.5625 1.916053125
v 0.984835 -1.25 2.09283
v 1.161611875 -1.25 1.916053125
v -0.010723124999999945 -0.5625 0.756281875
v -0.1875 -0.5625 0.9330581250000001
v -0.010723124999999945 -1.25 0.756281875
v -0.1875 -1.25 0.9330581250000001
v 0.0776650000000001 -0.5625 0.84467
v -0.09911187499999996 -0.5625 1.021446875
v 0.0776650000000001 -1.25 0.84467
v -0.09911187499999996 -1.25 1.021446875
v -0.010723124999999945 -0.5625 2.181218125
v -0.1875 -0.5625 2.004441875
v -0.010723124999999945 -1.25 2.181218125
v -0.1875 -1.25 2.004441875
v 0.0776650000000001 -0.5625 2.09283
v -0.09911187499999996 -0.5625 1.916053125
v 0.0776650000000001 -1.25 2.09283
v -0.09911187499999996 -1.25 1.916053125
vt 0.203125 0.3125
vt 0.203125 1
vt 0 1
vt 0 0.3125
vt 0 1
vt 0.203125 1
vt 0.203125 0.3125
vt 0 0.3125
vt 0.203125 0.3125
vt 0.203125 1
vt 0 1
vt 0 0.3125
vt 0 1
vt 0.203125 1
vt 0.203125 0.3125
vt 0 0.3125
vt 0.75 1
vt 0.5 1
vt 0.5 0.9375
vt 0.75 0.9375
vt 0 0.9375
vt 0.25 0.9375
vt 0.25 1
vt 0 1
vt 0 0.75
vt 0.25 0.75
vt 0.25 1
vt 0 1
vt 0 0.25
vt 0.25 0.25
vt 0.25 0.5
vt 0 0.5
vt 0 0.9375
vt 0.25 0.9375
vt 0.25 1
vt 0 1
vt 0.75 1
vt 0.5 1
vt 0.5 0.9375
vt 0.75 0.9375
vt 0.75 0.3125
vt 0.5 0.3125
vt 0.5 0.25
vt 0.75 0.25
vt 0.75 0.3125
vt 0.5 0.3125
vt 0.5 0.25
vt 0.75 0.25
vt 0 0.25
vt 0.25 0.25
vt 0.25 0.3125
vt 0 0.3125
vt 0 0.25
vt 0.25 0.25
vt 0.25 0.3125
vt 0 0.3125
vt 0 0.25
vt 0.25 0.25
vt 0.25 0.5
vt 0 0.5
vt 0.75 1
vt 0.5 1
vt 0.5 0.9375
vt 0.75 0.9375
vt 0.75 0.3125
vt 0.5 0.3125
vt 0.5 0.25
vt 0.75 0.25
vt 0 0.75
vt 0.25 0.75
vt 0.25 1
vt 0 1
vt 0 0.25
vt 0.25 0.25
vt 0.25 0.3125
vt 0 0.3125
vt 0 0.9375
vt 0.25 0.9375
vt 0.25 1
vt 0 1
vt 0.75 0.5
vt 0.5 0.5
vt 0.5 0.25
vt 0.75 0.25
vt 0.75 1
vt 0.5 1
vt 0.5 0.9375
vt 0.75 0.9375
vt 0.75 0.3125
vt 0.5 0.3125
vt 0.5 0.25
vt 0.75 0.25
vt 0.75 1
vt 0.5 1
vt 0.5 0.75
vt 0.75 0.75
vt 0.75 0.5
vt 0.5 0.5
vt 0.5 0.25
vt 0.75 0.25
vt 0 0.25
vt 0.25 0.25
vt 0.25 0.3125
vt 0 0.3125
vt 0 0.9375
vt 0.25 0.9375
vt 0.25 1
vt 0 1
vt 0.75 1
vt 0.5 1
vt 0.5 0.75
vt 0.75 0.75
vt 0.859375 0.234375
vt 0.859375 0
vt 0.8125 0
vt 0.8125 0.234375
vt 0.8125 0.234375
vt 0.8125 0
vt 0.859375 0
vt 0.859375 0.234375
vt 0.96875 0.265625
vt 0.96875 0.3125
vt 0.921875 0.3125
vt 0.921875 0.265625
vt 0.859375 0.234375
vt 0.859375 0
vt 0.8125 0
vt 0.8125 0.234375
vt 0.8125 0.234375
vt 0.8125 0
vt 0.859375 0
vt 0.859375 0.234375
vt 0.859375 0
vt 0.859375 0.234375
vt 0.8125 0.234375
vt 0.8125 0
vt 0.859375 0.015625
vt 0.859375 0.25
vt 0.8125 0.25
vt 0.8125 0.015625
vt 0.8125 0
vt 0.8125 0.234375
vt 0.859375 0.234375
vt 0.859375 0
vt 0.8125 0.015625
vt 0.8125 0.25
vt 0.859375 0.25
vt 0.859375 0.015625
vt 0.8125 0
vt 0.8125 0.234375
vt 0.859375 0.234375
vt 0.859375 0
vt 0.8125 0.015625
vt 0.8125 0.25
vt 0.859375 0.25
vt 0.859375 0.015625
vt 0.859375 0
vt 0.859375 0.234375
vt 0.8125 0.234375
vt 0.8125 0
vt 0.859375 0.015625
vt 0.859375 0.25
vt 0.8125 0.25
vt 0.8125 0.015625
vt 0.8125 0
vt 0.859375 0
vt 0.859375 0.234375
vt 0.8125 0.234375
vt 0.859375 0
vt 0.8125 0
vt 0.8125 0.234375
vt 0.859375 0.234375
vt 0.921875 0.3125
vt 0.96875 0.3125
vt 0.96875 0.265625
vt 0.921875 0.265625
vt 0.8125 0
vt 0.859375 0
vt 0.859375 0.234375
vt 0.8125 0.234375
vt 0.859375 0
vt 0.8125 0
vt 0.8125 0.234375
vt 0.859375 0.234375
vt 0.8125 0.234375
vt 0.859375 0.234375
vt 0.859375 0
vt 0.8125 0
vt 0.8125 0.25
vt 0.859375 0.25
vt 0.859375 0.015625
vt 0.8125 0.015625
vt 0.859375 0.234375
vt 0.8125 0.234375
vt 0.8125 0
vt 0.859375 0
vt 0.859375 0.25
vt 0.8125 0.25
vt 0.8125 0.015625
vt 0.859375 0.015625
vt 0.859375 0.234375
vt 0.8125 0.234375
vt 0.8125 0
vt 0.859375 0
vt 0.859375 0.25
vt 0.8125 0.25
vt 0.8125 0.015625
vt 0.859375 0.015625
vt 0.8125 0.234375
vt 0.859375 0.234375
vt 0.859375 0
vt 0.8125 0
vt 0.8125 0.25
vt 0.859375 0.25
vt 0.859375 0.015625
vt 0.8125 0.015625
vt 0.8125 0
vt 0.859375 0
vt 0.859375 0.234375
vt 0.8125 0.234375
vt 0.859375 0
vt 0.8125 0
vt 0.8125 0.234375
vt 0.859375 0.234375
vt 0.921875 0.3125
vt 0.96875 0.3125
vt 0.96875 0.265625
vt 0.921875 0.265625
vt 0.8125 0
vt 0.859375 0
vt 0.859375 0.234375
vt 0.8125 0.234375
vt 0.859375 0
vt 0.8125 0
vt 0.8125 0.234375
vt 0.859375 0.234375
vt 0.8125 0.234375
vt 0.859375 0.234375
vt 0.859375 0
vt 0.8125 0
vt 0.8125 0.25
vt 0.859375 0.25
vt 0.859375 0.015625
vt 0.8125 0.015625
vt 0.859375 0.234375
vt 0.8125 0.234375
vt 0.8125 0
vt 0.859375 0
vt 0.859375 0.25
vt 0.8125 0.25
vt 0.8125 0.015625
vt 0.859375 0.015625
vt 0.859375 0.234375
vt 0.8125 0.234375
vt 0.8125 0
vt 0.859375 0
vt 0.859375 0.25
vt 0.8125 0.25
vt 0.8125 0.015625
vt 0.859375 0.015625
vt 0.8125 0.234375
vt 0.859375 0.234375
vt 0.859375 0
vt 0.8125 0
vt 0.8125 0.25
vt 0.859375 0.25
vt 0.859375 0.015625
vt 0.8125 0.015625
vt 0.859375 0.234375
vt 0.859375 0
vt 0.8125 0
vt 0.8125 0.234375
vt 0.8125 0.234375
vt 0.8125 0
vt 0.859375 0
vt 0.859375 0.234375
vt 0.96875 0.265625
vt 0.96875 0.3125
vt 0.921875 0.3125
vt 0.921875 0.265625
vt 0.859375 0.234375
vt 0.859375 0
vt 0.8125 0
vt 0.8125 0.234375
vt 0.8125 0.234375
vt 0.8125 0
vt 0.859375 0
vt 0.859375 0.234375
vt 0.859375 0
vt 0.859375 0.234375
vt 0.8125 0.234375
vt 0.8125 0
vt 0.859375 0.015625
vt 0.859375 0.25
vt 0.8125 0.25
vt 0.8125 0.015625
vt 0.8125 0
vt 0.8125 0.234375
vt 0.859375 0.234375
vt 0.859375 0
vt 0.8125 0.015625
vt 0.8125 0.25
vt 0.859375 0.25
vt 0.859375 0.015625
vt 0.8125 0
vt 0.8125 0.234375
vt 0.859375 0.234375
vt 0.859375 0
vt 0.8125 0.015625
vt 0.8125 0.25
vt 0.859375 0.25
vt 0.859375 0.015625
vt 0.859375 0
vt 0.859375 0.234375
vt 0.8125 0.234375
vt 0.8125 0
vt 0.859375 0.015625
vt 0.859375 0.25
vt 0.8125 0.25
vt 0.8125 0.015625
vt 0 0.28125
vt 0 1
vt 0.03125 1
vt 0.03125 0.28125
vt 0 0.28125
vt 0 1
vt 0.03125 1
vt 0.03125 0.28125
vt 0.0625 0.96875
vt 0.0625 0.9375
vt 0.03125 0.9375
vt 0.03125 0.96875
vt 0 0.28125
vt 0 1
vt 0.03125 1
vt 0.03125 0.28125
vt 0 0.28125
vt 0 1
vt 0.03125 1
vt 0.03125 0.28125
vt 0 0.28125
vt 0 1
vt 0.03125 1
vt 0.03125 0.28125
vt 0 0.28125
vt 0 1
vt 0.03125 1
vt 0.03125 0.28125
vt 0.0625 0.96875
vt 0.0625 0.9375
vt 0.03125 0.9375
vt 0.03125 0.96875
vt 0 0.28125
vt 0 1
vt 0.03125 1
vt 0.03125 0.28125
vt 0 0.28125
vt 0 1
vt 0.03125 1
vt 0.03125 0.28125
vt 0 0.28125
vt 0 1
vt 0.03125 1
vt 0.03125 0.28125
vt 0 0.28125
vt 0 1
vt 0.03125 1
vt 0.03125 0.28125
vt 0.0625 0.96875
vt 0.0625 0.9375
vt 0.03125 0.9375
vt 0.03125 0.96875
vt 0 0.28125
vt 0 1
vt 0.03125 1
vt 0.03125 0.28125
vt 0 0.28125
vt 0 1
vt 0.03125 1
vt 0.03125 0.28125
vt 0 0.28125
vt 0 1
vt 0.03125 1
vt 0.03125 0.28125
vt 0 0.28125
vt 0 1
vt 0.03125 1
vt 0.03125 0.28125
vt 0.0625 0.96875
vt 0.0625 0.9375
vt 0.03125 0.9375
vt 0.03125 0.96875
vt 0 0.28125
vt 0 1
vt 0.03125 1
vt 0.03125 0.28125
vt 0 0.28125
vt 0 1
vt 0.03125 1
vt 0.03125 0.28125
vt 0.53125 0.96875
vt 0.53125 1
vt 0.515625 1
vt 0.515625 0.96875
vt 0.390625 0.96875
vt 0.390625 1
vt 0.375 1
vt 0.375 0.96875
vt 0.53125 0.984375
vt 0.53125 1
vt 0.359375 1
vt 0.359375 0.984375
vt 0.515625 0.984375
vt 0.515625 1
vt 0.34375 1
vt 0.34375 0.984375
vt 0.53125 0.96875
vt 0.53125 1
vt 0.359375 1
vt 0.359375 0.96875
vt 0.515625 0.96875
vt 0.515625 1
vt 0.34375 1
vt 0.34375 0.96875
vt 0.546875 0.96875
vt 0.546875 1
vt 0.484375 1
vt 0.484375 0.96875
vt 0.53125 0.96875
vt 0.53125 1
vt 0.46875 1
vt 0.46875 0.96875
vt 0.734375 0.8125
vt 0.734375 0.875
vt 0.703125 0.875
vt 0.703125 0.8125
vt 0.734375 0.796875
vt 0.734375 0.859375
vt 0.703125 0.859375
vt 0.703125 0.796875
vt 0.0625 0.9375
vt 0.0625 0.96875
vt 0.03125 0.96875
vt 0.03125 0.9375
vt 0.265625 1
vt 0.25 1
vt 0.25 0.859375
vt 0.265625 0.859375
vt 0.265625 0.859375
vt 0.265625 1
vt 0.25 1
vt 0.25 0.859375
vt 0.25 0.96875
vt 0.265625 0.96875
vt 0.265625 0.984375
vt 0.25 0.984375
vt 0.265625 0.96875
vt 0.265625 0.984375
vt 0.25 0.984375
vt 0.25 0.96875
vt 0.265625 0.859375
vt 0.265625 1
vt 0.25 1
vt 0.25 0.859375
vt 0.265625 1
vt 0.25 1
vt 0.25 0.859375
vt 0.265625 0.859375
vt 0.265625 1
vt 0.25 1
vt 0.25 0.859375
vt 0.265625 0.859375
vt 0.265625 0.859375
vt 0.265625 1
vt 0.25 1
vt 0.25 0.859375
vt 0.25 0.96875
vt 0.265625 0.96875
vt 0.265625 0.984375
vt 0.25 0.984375
vt 0.265625 0.96875
vt 0.265625 0.984375
vt 0.25 0.984375
vt 0.25 0.96875
vt 0.265625 0.859375
vt 0.265625 1
vt 0.25 1
vt 0.25 0.859375
vt 0.265625 1
vt 0.25 1
vt 0.25 0.859375
vt 0.265625 0.859375
vt 0.265625 1
vt 0.25 1
vt 0.25 0.859375
vt 0.265625 0.859375
vt 0.265625 0.859375
vt 0.265625 1
vt 0.25 1
vt 0.25 0.859375
vt 0.25 0.96875
vt 0.265625 0.96875
vt 0.265625 0.984375
vt 0.25 0.984375
vt 0.265625 0.96875
vt 0.265625 0.984375
vt 0.25 0.984375
vt 0.25 0.96875
vt 0.265625 0.859375
vt 0.265625 1
vt 0.25 1
vt 0.25 0.859375
vt 0.265625 1
vt 0.25 1
vt 0.25 0.859375
vt 0.265625 0.859375
vt 0.265625 1
vt 0.25 1
vt 0.25 0.859375
vt 0.265625 0.859375
vt 0.265625 0.859375
vt 0.265625 1
vt 0.25 1
vt 0.25 0.859375
vt 0.25 0.96875
vt 0.265625 0.96875
vt 0.265625 0.984375
vt 0.25 0.984375
vt 0.265625 0.96875
vt 0.265625 0.984375
vt 0.25 0.984375
vt 0.25 0.96875
vt 0.265625 0.859375
vt 0.265625 1
vt 0.25 1
vt 0.25 0.859375
vt 0.265625 1
vt 0.25 1
vt 0.25 0.859375
vt 0.265625 0.859375
vt 0.265625 1
vt 0.25 1
vt 0.25 0.859375
vt 0.265625 0.859375
vt 0.265625 0.859375
vt 0.265625 1
vt 0.25 1
vt 0.25 0.859375
vt 0.25 0.96875
vt 0.265625 0.96875
vt 0.265625 0.984375
vt 0.25 0.984375
vt 0.265625 0.96875
vt 0.265625 0.984375
vt 0.25 0.984375
vt 0.25 0.96875
vt 0.265625 0.859375
vt 0.265625 1
vt 0.25 1
vt 0.25 0.859375
vt 0.265625 1
vt 0.25 1
vt 0.25 0.859375
vt 0.265625 0.859375
vt 0.265625 1
vt 0.25 1
vt 0.25 0.859375
vt 0.265625 0.859375
vt 0.265625 0.859375
vt 0.265625 1
vt 0.25 1
vt 0.25 0.859375
vt 0.25 0.96875
vt 0.265625 0.96875
vt 0.265625 0.984375
vt 0.25 0.984375
vt 0.265625 0.96875
vt 0.265625 0.984375
vt 0.25 0.984375
vt 0.25 0.96875
vt 0.265625 0.859375
vt 0.265625 1
vt 0.25 1
vt 0.25 0.859375
vt 0.265625 1
vt 0.25 1
vt 0.25 0.859375
vt 0.265625 0.859375
vt 0.53125 0.96875
vt 0.53125 1
vt 0.515625 1
vt 0.515625 0.96875
vt 0.390625 0.96875
vt 0.390625 1
vt 0.375 1
vt 0.375 0.96875
vt 0.53125 0.984375
vt 0.53125 1
vt 0.359375 1
vt 0.359375 0.984375
vt 0.515625 0.984375
vt 0.515625 1
vt 0.34375 1
vt 0.34375 0.984375
vt 0.53125 0.96875
vt 0.53125 1
vt 0.359375 1
vt 0.359375 0.96875
vt 0.515625 0.96875
vt 0.515625 1
vt 0.34375 1
vt 0.34375 0.96875
vt 0.546875 0.96875
vt 0.546875 1
vt 0.484375 1
vt 0.484375 0.96875
vt 0.53125 0.96875
vt 0.53125 1
vt 0.46875 1
vt 0.46875 0.96875
vt 0.734375 0.8125
vt 0.734375 0.875
vt 0.703125 0.875
vt 0.703125 0.8125
vt 0.734375 0.796875
vt 0.734375 0.859375
vt 0.703125 0.859375
vt 0.703125 0.796875
vt 0.0625 0.9375
vt 0.0625 0.96875
vt 0.03125 0.96875
vt 0.03125 0.9375
vt 0.265625 1
vt 0.25 1
vt 0.25 0.859375
vt 0.265625 0.859375
vt 0.265625 0.859375
vt 0.265625 1
vt 0.25 1
vt 0.25 0.859375
vt 0.25 0.96875
vt 0.265625 0.96875
vt 0.265625 0.984375
vt 0.25 0.984375
vt 0.265625 0.96875
vt 0.265625 0.984375
vt 0.25 0.984375
vt 0.25 0.96875
vt 0.265625 0.859375
vt 0.265625 1
vt 0.25 1
vt 0.25 0.859375
vt 0.265625 1
vt 0.25 1
vt 0.25 0.859375
vt 0.265625 0.859375
vt 0.265625 1
vt 0.25 1
vt 0.25 0.859375
vt 0.265625 0.859375
vt 0.265625 0.859375
vt 0.265625 1
vt 0.25 1
vt 0.25 0.859375
vt 0.25 0.96875
vt 0.265625 0.96875
vt 0.265625 0.984375
vt 0.25 0.984375
vt 0.265625 0.96875
vt 0.265625 0.984375
vt 0.25 0.984375
vt 0.25 0.96875
vt 0.265625 0.859375
vt 0.265625 1
vt 0.25 1
vt 0.25 0.859375
vt 0.265625 1
vt 0.25 1
vt 0.25 0.859375
vt 0.265625 0.859375
vt 0.265625 1
vt 0.25 1
vt 0.25 0.859375
vt 0.265625 0.859375
vt 0.265625 0.859375
vt 0.265625 1
vt 0.25 1
vt 0.25 0.859375
vt 0.25 0.96875
vt 0.265625 0.96875
vt 0.265625 0.984375
vt 0.25 0.984375
vt 0.265625 0.96875
vt 0.265625 0.984375
vt 0.25 0.984375
vt 0.25 0.96875
vt 0.265625 0.859375
vt 0.265625 1
vt 0.25 1
vt 0.25 0.859375
vt 0.265625 1
vt 0.25 1
vt 0.25 0.859375
vt 0.265625 0.859375
vt 0.265625 1
vt 0.25 1
vt 0.25 0.859375
vt 0.265625 0.859375
vt 0.265625 0.859375
vt 0.265625 1
vt 0.25 1
vt 0.25 0.859375
vt 0.25 0.96875
vt 0.265625 0.96875
vt 0.265625 0.984375
vt 0.25 0.984375
vt 0.265625 0.96875
vt 0.265625 0.984375
vt 0.25 0.984375
vt 0.25 0.96875
vt 0.265625 0.859375
vt 0.265625 1
vt 0.25 1
vt 0.25 0.859375
vt 0.265625 1
vt 0.25 1
vt 0.25 0.859375
vt 0.265625 0.859375
vt 0.265625 1
vt 0.25 1
vt 0.25 0.859375
vt 0.265625 0.859375
vt 0.265625 0.859375
vt 0.265625 1
vt 0.25 1
vt 0.25 0.859375
vt 0.25 0.96875
vt 0.265625 0.96875
vt 0.265625 0.984375
vt 0.25 0.984375
vt 0.265625 0.96875
vt 0.265625 0.984375
vt 0.25 0.984375
vt 0.25 0.96875
vt 0.265625 0.859375
vt 0.265625 1
vt 0.25 1
vt 0.25 0.859375
vt 0.265625 1
vt 0.25 1
vt 0.25 0.859375
vt 0.265625 0.859375
vt 0.265625 1
vt 0.25 1
vt 0.25 0.859375
vt 0.265625 0.859375
vt 0.265625 0.859375
vt 0.265625 1
vt 0.25 1
vt 0.25 0.859375
vt 0.25 0.96875
vt 0.265625 0.96875
vt 0.265625 0.984375
vt 0.25 0.984375
vt 0.265625 0.96875
vt 0.265625 0.984375
vt 0.25 0.984375
vt 0.25 0.96875
vt 0.265625 0.859375
vt 0.265625 1
vt 0.25 1
vt 0.25 0.859375
vt 0.265625 1
vt 0.25 1
vt 0.25 0.859375
vt 0.265625 0.859375
vt 0.515625 1
vt 0.53125 1
vt 0.53125 0.96875
vt 0.515625 0.96875
vt 0.375 1
vt 0.390625 1
vt 0.390625 0.96875
vt 0.375 0.96875
vt 0.359375 1
vt 0.53125 1
vt 0.53125 0.984375
vt 0.359375 0.984375
vt 0.34375 1
vt 0.515625 1
vt 0.515625 0.984375
vt 0.34375 0.984375
vt 0.359375 1
vt 0.53125 1
vt 0.53125 0.96875
vt 0.359375 0.96875
vt 0.34375 1
vt 0.515625 1
vt 0.515625 0.96875
vt 0.34375 0.96875
vt 0.484375 1
vt 0.546875 1
vt 0.546875 0.96875
vt 0.484375 0.96875
vt 0.46875 1
vt 0.53125 1
vt 0.53125 0.96875
vt 0.46875 0.96875
vt 0.703125 0.875
vt 0.734375 0.875
vt 0.734375 0.8125
vt 0.703125 0.8125
vt 0.703125 0.859375
vt 0.734375 0.859375
vt 0.734375 0.796875
vt 0.703125 0.796875
vt 0.03125 0.96875
vt 0.0625 0.96875
vt 0.0625 0.9375
vt 0.03125 0.9375
vt 0.25 0.859375
vt 0.25 1
vt 0.265625 1
vt 0.265625 0.859375
vt 0.25 1
vt 0.265625 1
vt 0.265625 0.859375
vt 0.25 0.859375
vt 0.265625 0.984375
vt 0.265625 0.96875
vt 0.25 0.96875
vt 0.25 0.984375
vt 0.25 0.984375
vt 0.265625 0.984375
vt 0.265625 0.96875
vt 0.25 0.96875
vt 0.25 1
vt 0.265625 1
vt 0.265625 0.859375
vt 0.25 0.859375
vt 0.25 0.859375
vt 0.25 1
vt 0.265625 1
vt 0.265625 0.859375
vt 0.25 0.859375
vt 0.25 1
vt 0.265625 1
vt 0.265625 0.859375
vt 0.25 1
vt 0.265625 1
vt 0.265625 0.859375
vt 0.25 0.859375
vt 0.265625 0.984375
vt 0.265625 0.96875
vt 0.25 0.96875
vt 0.25 0.984375
vt 0.25 0.984375
vt 0.265625 0.984375
vt 0.265625 0.96875
vt 0.25 0.96875
vt 0.25 1
vt 0.265625 1
vt 0.265625 0.859375
vt 0.25 0.859375
vt 0.25 0.859375
vt 0.25 1
vt 0.265625 1
vt 0.265625 0.859375
vt 0.25 0.859375
vt 0.25 1
vt 0.265625 1
vt 0.265625 0.859375
vt 0.25 1
vt 0.265625 1
vt 0.265625 0.859375
vt 0.25 0.859375
vt 0.265625 0.984375
vt 0.265625 0.96875
vt 0.25 0.96875
vt 0.25 0.984375
vt 0.25 0.984375
vt 0.265625 0.984375
vt 0.265625 0.96875
vt 0.25 0.96875
vt 0.25 1
vt 0.265625 1
vt 0.265625 0.859375
vt 0.25 0.859375
vt 0.25 0.859375
vt 0.25 1
vt 0.265625 1
vt 0.265625 0.859375
vt 0.25 0.859375
vt 0.25 1
vt 0.265625 1
vt 0.265625 0.859375
vt 0.25 1
vt 0.265625 1
vt 0.265625 0.859375
vt 0.25 0.859375
vt 0.265625 0.984375
vt 0.265625 0.96875
vt 0.25 0.96875
vt 0.25 0.984375
vt 0.25 0.984375
vt 0.265625 0.984375
vt 0.265625 0.96875
vt 0.25 0.96875
vt 0.25 1
vt 0.265625 1
vt 0.265625 0.859375
vt 0.25 0.859375
vt 0.25 0.859375
vt 0.25 1
vt 0.265625 1
vt 0.265625 0.859375
vt 0.25 0.859375
vt 0.25 1
vt 0.265625 1
vt 0.265625 0.859375
vt 0.25 1
vt 0.265625 1
vt 0.265625 0.859375
vt 0.25 0.859375
vt 0.265625 0.984375
vt 0.265625 0.96875
vt 0.25 0.96875
vt 0.25 0.984375
vt 0.25 0.984375
vt 0.265625 0.984375
vt 0.265625 0.96875
vt 0.25 0.96875
vt 0.25 1
vt 0.265625 1
vt 0.265625 0.859375
vt 0.25 0.859375
vt 0.25 0.859375
vt 0.25 1
vt 0.265625 1
vt 0.265625 0.859375
vt 0.25 0.859375
vt 0.25 1
vt 0.265625 1
vt 0.265625 0.859375
vt 0.25 1
vt 0.265625 1
vt 0.265625 0.859375
vt 0.25 0.859375
vt 0.265625 0.984375
vt 0.265625 0.96875
vt 0.25 0.96875
vt 0.25 0.984375
vt 0.25 0.984375
vt 0.265625 0.984375
vt 0.265625 0.96875
vt 0.25 0.96875
vt 0.25 1
vt 0.265625 1
vt 0.265625 0.859375
vt 0.25 0.859375
vt 0.25 0.859375
vt 0.25 1
vt 0.265625 1
vt 0.265625 0.859375
vt 0.515625 1
vt 0.53125 1
vt 0.53125 0.96875
vt 0.515625 0.96875
vt 0.375 1
vt 0.390625 1
vt 0.390625 0.96875
vt 0.375 0.96875
vt 0.359375 1
vt 0.53125 1
vt 0.53125 0.984375
vt 0.359375 0.984375
vt 0.34375 1
vt 0.515625 1
vt 0.515625 0.984375
vt 0.34375 0.984375
vt 0.359375 1
vt 0.53125 1
vt 0.53125 0.96875
vt 0.359375 0.96875
vt 0.34375 1
vt 0.515625 1
vt 0.515625 0.96875
vt 0.34375 0.96875
vt 0.484375 1
vt 0.546875 1
vt 0.546875 0.96875
vt 0.484375 0.96875
vt 0.46875 1
vt 0.53125 1
vt 0.53125 0.96875
vt 0.46875 0.96875
vt 0.703125 0.875
vt 0.734375 0.875
vt 0.734375 0.8125
vt 0.703125 0.8125
vt 0.703125 0.859375
vt 0.734375 0.859375
vt 0.734375 0.796875
vt 0.703125 0.796875
vt 0.03125 0.96875
vt 0.0625 0.96875
vt 0.0625 0.9375
vt 0.03125 0.9375
vt 0.25 0.859375
vt 0.25 1
vt 0.265625 1
vt 0.265625 0.859375
vt 0.25 1
vt 0.265625 1
vt 0.265625 0.859375
vt 0.25 0.859375
vt 0.265625 0.984375
vt 0.265625 0.96875
vt 0.25 0.96875
vt 0.25 0.984375
vt 0.25 0.984375
vt 0.265625 0.984375
vt 0.265625 0.96875
vt 0.25 0.96875
vt 0.25 1
vt 0.265625 1
vt 0.265625 0.859375
vt 0.25 0.859375
vt 0.25 0.859375
vt 0.25 1
vt 0.265625 1
vt 0.265625 0.859375
vt 0.25 0.859375
vt 0.25 1
vt 0.265625 1
vt 0.265625 0.859375
vt 0.25 1
vt 0.265625 1
vt 0.265625 0.859375
vt 0.25 0.859375
vt 0.265625 0.984375
vt 0.265625 0.96875
vt 0.25 0.96875
vt 0.25 0.984375
vt 0.25 0.984375
vt 0.265625 0.984375
vt 0.265625 0.96875
vt 0.25 0.96875
vt 0.25 1
vt 0.265625 1
vt 0.265625 0.859375
vt 0.25 0.859375
vt 0.25 0.859375
vt 0.25 1
vt 0.265625 1
vt 0.265625 0.859375
vt 0.25 0.859375
vt 0.25 1
vt 0.265625 1
vt 0.265625 0.859375
vt 0.25 1
vt 0.265625 1
vt 0.265625 0.859375
vt 0.25 0.859375
vt 0.265625 0.984375
vt 0.265625 0.96875
vt 0.25 0.96875
vt 0.25 0.984375
vt 0.25 0.984375
vt 0.265625 0.984375
vt 0.265625 0.96875
vt 0.25 0.96875
vt 0.25 1
vt 0.265625 1
vt 0.265625 0.859375
vt 0.25 0.859375
vt 0.25 0.859375
vt 0.25 1
vt 0.265625 1
vt 0.265625 0.859375
vt 0.25 0.859375
vt 0.25 1
vt 0.265625 1
vt 0.265625 0.859375
vt 0.25 1
vt 0.265625 1
vt 0.265625 0.859375
vt 0.25 0.859375
vt 0.265625 0.984375
vt 0.265625 0.96875
vt 0.25 0.96875
vt 0.25 0.984375
vt 0.25 0.984375
vt 0.265625 0.984375
vt 0.265625 0.96875
vt 0.25 0.96875
vt 0.25 1
vt 0.265625 1
vt 0.265625 0.859375
vt 0.25 0.859375
vt 0.25 0.859375
vt 0.25 1
vt 0.265625 1
vt 0.265625 0.859375
vt 0.25 0.859375
vt 0.25 1
vt 0.265625 1
vt 0.265625 0.859375
vt 0.25 1
vt 0.265625 1
vt 0.265625 0.859375
vt 0.25 0.859375
vt 0.265625 0.984375
vt 0.265625 0.96875
vt 0.25 0.96875
vt 0.25 0.984375
vt 0.25 0.984375
vt 0.265625 0.984375
vt 0.265625 0.96875
vt 0.25 0.96875
vt 0.25 1
vt 0.265625 1
vt 0.265625 0.859375
vt 0.25 0.859375
vt 0.25 0.859375
vt 0.25 1
vt 0.265625 1
vt 0.265625 0.859375
vt 0.25 0.859375
vt 0.25 1
vt 0.265625 1
vt 0.265625 0.859375
vt 0.25 1
vt 0.265625 1
vt 0.265625 0.859375
vt 0.25 0.859375
vt 0.265625 0.984375
vt 0.265625 0.96875
vt 0.25 0.96875
vt 0.25 0.984375
vt 0.25 0.984375
vt 0.265625 0.984375
vt 0.265625 0.96875
vt 0.25 0.96875
vt 0.25 1
vt 0.265625 1
vt 0.265625 0.859375
vt 0.25 0.859375
vt 0.25 0.859375
vt 0.25 1
vt 0.265625 1
vt 0.265625 0.859375
vt 0.421875 0.875
vt 0.359375 0.875
vt 0.359375 0.8125
vt 0.421875 0.8125
vt 0.4375 0.890625
vt 0.4375 0.984375
vt 0.34375 0.984375
vt 0.34375 0.890625
vt 0.4375 0.96875
vt 0.46875 0.953125
vt 0.46875 0.890625
vt 0.4375 0.875
vt 0.46875 0.890625
vt 0.46875 0.953125
vt 0.4375 0.96875
vt 0.4375 0.875
vt 0.46875 0.890625
vt 0.46875 0.953125
vt 0.4375 0.96875
vt 0.4375 0.875
vt 0.4375 0.96875
vt 0.46875 0.953125
vt 0.46875 0.890625
vt 0.4375 0.875
vt 0.296875 0.96875
vt 0.296875 1
vt 0.234375 1
vt 0.234375 0.96875
vt 0.359375 0.96875
vt 0.359375 1
vt 0.296875 1
vt 0.296875 0.96875
vt 0.390625 0.953125
vt 0.390625 0.984375
vt 0.328125 0.984375
vt 0.328125 0.953125
vt 0.296875 0.953125
vt 0.296875 0.984375
vt 0.234375 0.984375
vt 0.234375 0.953125
vt 0.359375 0.8125
vt 0.359375 0.875
vt 0.421875 0.875
vt 0.421875 0.8125
vt 0.34375 0.984375
vt 0.4375 0.984375
vt 0.4375 0.890625
vt 0.34375 0.890625
vt 0.46875 0.890625
vt 0.46875 0.953125
vt 0.4375 0.96875
vt 0.4375 0.875
vt 0.4375 0.96875
vt 0.46875 0.953125
vt 0.46875 0.890625
vt 0.4375 0.875
vt 0.4375 0.96875
vt 0.46875 0.953125
vt 0.46875 0.890625
vt 0.4375 0.875
vt 0.46875 0.890625
vt 0.46875 0.953125
vt 0.4375 0.96875
vt 0.4375 0.875
vt 0.234375 1
vt 0.296875 1
vt 0.296875 0.96875
vt 0.234375 0.96875
vt 0.296875 1
vt 0.359375 1
vt 0.359375 0.96875
vt 0.296875 0.96875
vt 0.328125 0.984375
vt 0.390625 0.984375
vt 0.390625 0.953125
vt 0.328125 0.953125
vt 0.234375 0.984375
vt 0.296875 0.984375
vt 0.296875 0.953125
vt 0.234375 0.953125
vt 0.421875 0.875
vt 0.359375 0.875
vt 0.359375 0.8125
vt 0.421875 0.8125
vt 0.4375 0.890625
vt 0.4375 0.984375
vt 0.34375 0.984375
vt 0.34375 0.890625
vt 0.4375 0.96875
vt 0.46875 0.953125
vt 0.46875 0.890625
vt 0.4375 0.875
vt 0.46875 0.890625
vt 0.46875 0.953125
vt 0.4375 0.96875
vt 0.4375 0.875
vt 0.46875 0.890625
vt 0.46875 0.953125
vt 0.4375 0.96875
vt 0.4375 0.875
vt 0.4375 0.96875
vt 0.46875 0.953125
vt 0.46875 0.890625
vt 0.4375 0.875
vt 0.296875 0.96875
vt 0.296875 1
vt 0.234375 1
vt 0.234375 0.96875
vt 0.359375 0.96875
vt 0.359375 1
vt 0.296875 1
vt 0.296875 0.96875
vt 0.390625 0.953125
vt 0.390625 0.984375
vt 0.328125 0.984375
vt 0.328125 0.953125
vt 0.296875 0.953125
vt 0.296875 0.984375
vt 0.234375 0.984375
vt 0.234375 0.953125
vt 0.265625 0.78125
vt 0.328125 0.78125
vt 0.328125 0.609375
vt 0.265625 0.609375
vt 0.265625 0.78125
vt 0.328125 0.78125
vt 0.328125 0.609375
vt 0.265625 0.609375
vt 0.265625 1
vt 0.296875 1
vt 0.296875 0.9375
vt 0.265625 0.9375
vt 0.265625 1
vt 0.296875 1
vt 0.296875 0.9375
vt 0.265625 0.9375
vt 0.265625 0.78125
vt 0.296875 0.78125
vt 0.296875 0.609375
vt 0.265625 0.609375
vt 0.296875 0.78125
vt 0.328125 0.78125
vt 0.328125 0.609375
vt 0.296875 0.609375
vt 0.328125 0.609375
vt 0.328125 0.78125
vt 0.265625 0.78125
vt 0.265625 0.609375
vt 0.328125 0.609375
vt 0.328125 0.78125
vt 0.265625 0.78125
vt 0.265625 0.609375
vt 0.296875 0.9375
vt 0.296875 1
vt 0.265625 1
vt 0.265625 0.9375
vt 0.296875 0.9375
vt 0.296875 1
vt 0.265625 1
vt 0.265625 0.9375
vt 0.296875 0.609375
vt 0.296875 0.78125
vt 0.265625 0.78125
vt 0.265625 0.609375
vt 0.328125 0.609375
vt 0.328125 0.78125
vt 0.296875 0.78125
vt 0.296875 0.609375
vt 0.328125 0.609375
vt 0.328125 0.78125
vt 0.265625 0.78125
vt 0.265625 0.609375
vt 0.328125 0.609375
vt 0.328125 0.78125
vt 0.265625 0.78125
vt 0.265625 0.609375
vt 0.296875 0.9375
vt 0.296875 1
vt 0.265625 1
vt 0.265625 0.9375
vt 0.296875 0.9375
vt 0.296875 1
vt 0.265625 1
vt 0.265625 0.9375
vt 0.296875 0.609375
vt 0.296875 0.78125
vt 0.265625 0.78125
vt 0.265625 0.609375
vt 0.328125 0.609375
vt 0.328125 0.78125
vt 0.296875 0.78125
vt 0.296875 0.609375
vt 0.265625 0.78125
vt 0.328125 0.78125
vt 0.328125 0.609375
vt 0.265625 0.609375
vt 0.265625 0.78125
vt 0.328125 0.78125
vt 0.328125 0.609375
vt 0.265625 0.609375
vt 0.265625 1
vt 0.296875 1
vt 0.296875 0.9375
vt 0.265625 0.9375
vt 0.265625 1
vt 0.296875 1
vt 0.296875 0.9375
vt 0.265625 0.9375
vt 0.265625 0.78125
vt 0.296875 0.78125
vt 0.296875 0.609375
vt 0.265625 0.609375
vt 0.296875 0.78125
vt 0.328125 0.78125
vt 0.328125 0.609375
vt 0.296875 0.609375
vn 0 0 1
vn 0 0 -1
vn 1 0 0
vn -1 0 0
vn 1 0 0
vn -1 0 0
vn 0 1 0
vn 0 -1 0
vn 0 0 1
vn 0 0 -1
vn 0 0 -1
vn 1 0 0
vn 0 0 1
vn -1 0 0
vn 0 1 0
vn -1 0 0
vn -1 0 0
vn 0 -1 0
vn 1 0 0
vn 1 0 0
vn 0 1 0
vn 0 0 1
vn 0 0 1
vn 0 -1 0
vn 0 -1 0
vn 0 0 -1
vn 0 0 -1
vn 0 1 0
vn -1 0 0
vn 1 0 0
vn 0 1 0
vn 0 0 -1
vn 0 0 1
vn 0 0 1
vn 0 0 1
vn -1 0 0
vn -1 0 0
vn 0 0 -1
vn 0 0 -1
vn 1 0 0
vn 1 0 0
vn 1 0 0
vn -1 0 0
vn 0 1 0
vn 0 0 -1
vn 0 0 1
vn 0 0 1
vn 0 0 1
vn 1 0 0
vn 1 0 0
vn 0 0 -1
vn 0 0 -1
vn -1 0 0
vn -1 0 0
vn -1 0 0
vn 1 0 0
vn 0 1 0
vn 0 0 1
vn 0 0 -1
vn 0 0 -1
vn 0 0 -1
vn -1 0 0
vn -1 0 0
vn 0 0 1
vn 0 0 1
vn 1 0 0
vn 1 0 0
vn 1 0 0
vn -1 0 0
vn 0 1 0
vn 0 0 1
vn 0 0 -1
vn 0 0 -1
vn 0 0 -1
vn 1 0 0
vn 1 0 0
vn 0 0 1
vn 0 0 1
vn -1 0 0
vn -1 0 0
vn 1 0 0
vn -1 0 0
vn 0 1 0
vn 0 0 1
vn 0 0 -1
vn 1 0 0
vn -1 0 0
vn 0 1 0
vn 0 0 1
vn 0 0 -1
vn 1 0 0
vn -1 0 0
vn 0 1 0
vn 0 0 1
vn 0 0 -1
vn 1 0 0
vn -1 0 0
vn 0 1 0
vn 0 0 1
vn 0 0 -1
vn 0 0 1
vn 0 0 -1
vn 0 1 0
vn 0 -1 0
vn -1 0 0
vn 1 0 0
vn 0 0 1
vn 0 0 -1
vn 0 1 0
vn 0 -1 0
vn 1 0 0
vn 0 0 1
vn 0 0 -1
vn 0 1 0
vn 0 -1 0
vn -1 0 0
vn 1 0 0
vn 0 0 1
vn 0 0 -1
vn 0 1 0
vn 0 -1 0
vn -1 0 0
vn 1 0 0
vn 0 0 1
vn 0 0 -1
vn 0 1 0
vn 0 -1 0
vn -1 0 0
vn 1 0 0
vn 0 0 1
vn 0 0 -1
vn 0 1 0
vn 0 -1 0
vn -1 0 0
vn 1 0 0
vn 0 0 1
vn 0 0 -1
vn 0 1 0
vn 0 -1 0
vn -1 0 0
vn 1 0 0
vn 0 0 1
vn 0 0 -1
vn 0 1 0
vn 0 -1 0
vn -1 0 0
vn 1 0 0
vn 1 0 0
vn -1 0 0
vn 0 1 0
vn 0 -1 0
vn 0 0 1
vn 0 0 -1
vn 1 0 0
vn -1 0 0
vn 0 1 0
vn 0 -1 0
vn 0 0 -1
vn 1 0 0
vn -1 0 0
vn 0 1 0
vn 0 -1 0
vn 0 0 1
vn 0 0 -1
vn 1 0 0
vn -1 0 0
vn 0 1 0
vn 0 -1 0
vn 0 0 1
vn 0 0 -1
vn 1 0 0
vn -1 0 0
vn 0 1 0
vn 0 -1 0
vn 0 0 1
vn 0 0 -1
vn 1 0 0
vn -1 0 0
vn 0 1 0
vn 0 -1 0
vn 0 0 1
vn 0 0 -1
vn 1 0 0
vn -1 0 0
vn 0 1 0
vn 0 -1 0
vn 0 0 1
vn 0 0 -1
vn 1 0 0
vn -1 0 0
vn 0 1 0
vn 0 -1 0
vn 0 0 1
vn 0 0 -1
vn 1 0 0
vn -1 0 0
vn 0 1 0
vn 0 -1 0
vn 0 0 -1
vn 0 0 1
vn 1 0 0
vn -1 0 0
vn 0 1 0
vn 0 -1 0
vn 0 0 1
vn 1 0 0
vn -1 0 0
vn 0 1 0
vn 0 -1 0
vn 0 0 -1
vn 0 0 1
vn 1 0 0
vn -1 0 0
vn 0 1 0
vn 0 -1 0
vn 0 0 -1
vn 0 0 1
vn 1 0 0
vn -1 0 0
vn 0 1 0
vn 0 -1 0
vn 0 0 -1
vn 0 0 1
vn 1 0 0
vn -1 0 0
vn 0 1 0
vn 0 -1 0
vn 0 0 -1
vn 0 0 1
vn 1 0 0
vn -1 0 0
vn 0 1 0
vn 0 -1 0
vn 0 0 -1
vn 0 0 1
vn 1 0 0
vn -1 0 0
vn 0 1 0
vn 0 -1 0
vn 0 0 -1
vn 0 0 1
vn 0 0 1
vn 0 0 -1
vn 0 1 0
vn 0 -1 0
vn 1 0 0
vn -1 0 0
vn 0 0 1
vn 0 0 -1
vn 0 1 0
vn 0 -1 0
vn -1 0 0
vn 0 0 1
vn 0 0 -1
vn 0 1 0
vn 0 -1 0
vn 1 0 0
vn -1 0 0
vn 0 0 1
vn 0 0 -1
vn 0 1 0
vn 0 -1 0
vn 1 0 0
vn -1 0 0
vn 0 0 1
vn 0 0 -1
vn 0 1 0
vn 0 -1 0
vn 1 0 0
vn -1 0 0
vn 0 0 1
vn 0 0 -1
vn 0 1 0
vn 0 -1 0
vn 1 0 0
vn -1 0 0
vn 0 0 1
vn 0 0 -1
vn 0 1 0
vn 0 -1 0
vn 1 0 0
vn -1 0 0
vn 0 0 1
vn 0 0 -1
vn 0 1 0
vn 0 -1 0
vn 1 0 0
vn -1 0 0
vn 1 0 0
vn -1 0 0
vn 0.44721359549995804 0.8944271909999161 0
vn 0.44721359549995804 -0.8944271909999161 0
vn 0.44721359549995804 0 0.8944271909999161
vn 0.44721359549995804 0 -0.8944271909999161
vn 0 1 0
vn 0 -1 0
vn 0 0 1
vn 0 0 -1
vn -0.7071067811865471 0 0.7071067811865479
vn 0.7071067811865477 0 -0.7071067811865474
vn -0.31622750884650236 0.8944273728467116 0.3162275088465027
vn -0.31622750884650236 -0.8944273728467116 0.31622750884650264
vn 0.3162291076568917 0 0.9486828508361086
vn -0.948682850836108 0 -0.316229107656893
vn 0 1 0
vn 0 -1 0
vn 0.7071067811865477 0 0.7071067811865474
vn -0.7071067811865478 0 -0.7071067811865474
vn -0.7071067811865475 0 -0.7071067811865476
vn 0.7071067811865476 0 0.7071067811865476
vn -0.31622750884650214 0.894427372846712 -0.31622750884650214
vn -0.31622750884650214 -0.8944273728467118 -0.3162275088465022
vn 0.31622910765689316 0 -0.9486828508361081
vn -0.9486828508361081 0 0.31622910765689316
vn 0 1 0
vn 0 -1 0
vn 0.7071067811865475 0 -0.7071067811865476
vn -0.7071067811865477 0 0.7071067811865475
vn 0.7071055311845039 0 -0.7071080311863815
vn -0.7071067811865477 0 0.7071067811865475
vn 0 1 0
vn 0 -1 0
vn -0.7071067811865478 0 -0.7071067811865474
vn 0.7071092811795869 0 0.7071042811846694
vn 0.7071055311845038 0 0.7071080311863817
vn -0.7071067811865476 0 -0.7071067811865476
vn 0 1 0
vn 0 -1 0
vn -0.7071067811865476 0 0.7071067811865476
vn 0.7071092811795866 0 -0.7071042811846696
vn -0.7071055311845037 0 -0.7071080311863817
vn 0.7071067811865476 0 0.7071067811865476
vn 0 1 0
vn 0 -1 0
vn 0.7071067811865476 0 -0.7071067811865476
vn -0.7071092811795866 0 0.7071042811846696
vn -0.7071055311845036 0 0.7071080311863818
vn 0.7071067811865475 0 -0.7071067811865477
vn 0 1 0
vn 0 -1 0
vn 0.7071067811865474 0 0.7071067811865478
vn -0.7071092811795864 0 -0.70710428118467
usemtl weapon_spotlight_tower
f 348/1021/258 346/1022/258 345/1023/258
f 348/1021/258 345/1023/258 347/1024/258
f 349/1025/259 350/1026/259 352/1027/259
f 349/1025/259 352/1027/259 351/1028/259
f 356/1029/260 354/1030/260 353/1031/260
f 356/1029/260 353/1031/260 355/1032/260
f 357/1033/261 358/1034/261 360/1035/261
f 357/1033/261 360/1035/261 359/1036/261
usemtl common_concrete_volks
f 362/1037/262 373/1038/262 378/1039/262
f 362/1037/262 378/1039/262 370/1040/262
f 369/1041/263 375/1042/263 374/1043/263
f 369/1041/263 374/1043/263 366/1044/263
f 374/1045/264 379/1046/264 386/1047/264
f 374/1045/264 386/1047/264 366/1048/264
f 368/1049/265 384/1050/265 383/1051/265
f 368/1049/265 383/1051/265 376/1052/265
f 372/1053/266 381/1054/266 380/1055/266
f 372/1053/266 380/1055/266 365/1056/266
f 366/1057/267 386/1058/267 385/1059/267
f 366/1057/267 385/1059/267 369/1060/267
f 369/1061/268 385/1062/268 384/1063/268
f 369/1061/268 384/1063/268 368/1064/268
f 370/1065/269 378/1066/269 377/1067/269
f 370/1065/269 377/1067/269 364/1068/269
f 367/1069/270 382/1070/270 381/1071/270
f 367/1069/270 381/1071/270 372/1072/270
f 368/1073/271 376/1074/271 375/1075/271
f 368/1073/271 375/1075/271 369/1076/271
f 365/1077/272 380/1078/272 379/1079/272
f 365/1077/272 379/1079/272 374/1080/272
f 365/1081/273 374/1082/273 375/1083/273
f 365/1081/273 375/1083/273 372/1084/273
f 372/1085/274 375/1086/274 376/1087/274
f 372/1085/274 376/1087/274 367/1088/274
f 376/1089/275 383/1090/275 382/1091/275
f 376/1089/275 382/1091/275 367/1092/275
f 363/1093/276 377/1094/276 378/1095/276
f 363/1093/276 378/1095/276 371/1096/276
f 371/1097/277 378/1098/277 373/1099/277
f 371/1097/277 373/1099/277 361/1100/277
f 373/1101/278 379/1102/278 380/1103/278
f 373/1101/278 380/1103/278 361/1104/278
f 361/1105/279 380/1106/279 381/1107/279
f 361/1105/279 381/1107/279 371/1108/279
f 371/1109/280 381/1110/280 382/1111/280
f 371/1109/280 382/1111/280 363/1112/280
f 363/1113/281 382/1114/281 383/1115/281
f 363/1113/281 383/1115/281 377/1116/281
f 377/1117/282 383/1118/282 384/1119/282
f 377/1117/282 384/1119/282 364/1120/282
f 364/1121/283 384/1122/283 385/1123/283
f 364/1121/283 385/1123/283 370/1124/283
f 370/1125/284 385/1126/284 386/1127/284
f 370/1125/284 386/1127/284 362/1128/284
f 362/1129/285 386/1130/285 379/1131/285
f 362/1129/285 379/1131/285 373/1132/285
usemtl common_cable_and_pipe
f 387/1133/286 400/1134/286 398/1135/286
f 387/1133/286 398/1135/286 388/1136/286
f 392/1137/287 397/1138/287 402/1139/287
f 392/1137/287 402/1139/287 391/1140/287
f 387/1141/288 388/1142/288 392/1143/288
f 387/1141/288 392/1143/288 391/1144/288
f 391/1145/289 402/1146/289 400/1147/289
f 391/1145/289 400/1147/289 387/1148/289
f 388/1149/290 398/1150/290 397/1151/290
f 388/1149/290 397/1151/290 392/1152/290
f 394/1153/291 395/1154/291 396/1155/291
f 394/1153/291 396/1155/291 390/1156/291
f 395/1157/292 397/1158/292 398/1159/292
f 395/1157/292 398/1159/292 396/1160/292
f 390/1161/293 396/1162/293 399/1163/293
f 390/1161/293 399/1163/293 389/1164/293
f 396/1165/294 398/1166/294 400/1167/294
f 396/1165/294 400/1167/294 399/1168/294
f 389/1169/295 399/1170/295 401/1171/295
f 389/1169/295 401/1171/295 393/1172/295
f 399/1173/296 400/1174/296 402/1175/296
f 399/1173/296 402/1175/296 401/1176/296
f 393/1177/297 401/1178/297 395/1179/297
f 393/1177/297 395/1179/297 394/1180/297
f 401/1181/298 402/1182/298 397/1183/298
f 401/1181/298 397/1183/298 395/1184/298
f 414/1185/299 416/1186/299 403/1187/299
f 414/1185/299 403/1187/299 404/1188/299
f 418/1189/300 413/1190/300 408/1191/300
f 418/1189/300 408/1191/300 407/1192/300
f 408/1193/301 404/1194/301 403/1195/301
f 408/1193/301 403/1195/301 407/1196/301
f 416/1197/302 418/1198/302 407/1199/302
f 416/1197/302 407/1199/302 403/1200/302
f 413/1201/303 414/1202/303 404/1203/303
f 413/1201/303 404/1203/303 408/1204/303
f 412/1205/304 411/1206/304 410/1207/304
f 412/1205/304 410/1207/304 406/1208/304
f 414/1209/305 413/1210/305 411/1211/305
f 414/1209/305 411/1211/305 412/1212/305
f 415/1213/306 412/1214/306 406/1215/306
f 415/1213/306 406/1215/306 405/1216/306
f 416/1217/307 414/1218/307 412/1219/307
f 416/1217/307 412/1219/307 415/1220/307
f 417/1221/308 415/1222/308 405/1223/308
f 417/1221/308 405/1223/308 409/1224/308
f 418/1225/309 416/1226/309 415/1227/309
f 418/1225/309 415/1227/309 417/1228/309
f 411/1229/310 417/1230/310 409/1231/310
f 411/1229/310 409/1231/310 410/1232/310
f 413/1233/311 418/1234/311 417/1235/311
f 413/1233/311 417/1235/311 411/1236/311
f 430/1237/312 432/1238/312 419/1239/312
f 430/1237/312 419/1239/312 420/1240/312
f 434/1241/313 429/1242/313 424/1243/313
f 434/1241/313 424/1243/313 423/1244/313
f 424/1245/314 420/1246/314 419/1247/314
f 424/1245/314 419/1247/314 423/1248/314
f 432/1249/315 434/1250/315 423/1251/315
f 432/1249/315 423/1251/315 419/1252/315
f 429/1253/316 430/1254/316 420/1255/316
f 429/1253/316 420/1255/316 424/1256/316
f 428/1257/317 427/1258/317 426/1259/317
f 428/1257/317 426/1259/317 422/1260/317
f 430/1261/318 429/1262/318 427/1263/318
f 430/1261/318 427/1263/318 428/1264/318
f 431/1265/319 428/1266/319 422/1267/319
f 431/1265/319 422/1267/319 421/1268/319
f 432/1269/320 430/1270/320 428/1271/320
f 432/1269/320 428/1271/320 431/1272/320
f 433/1273/321 431/1274/321 421/1275/321
f 433/1273/321 421/1275/321 425/1276/321
f 434/1277/322 432/1278/322 431/1279/322
f 434/1277/322 431/1279/322 433/1280/322
f 427/1281/323 433/1282/323 425/1283/323
f 427/1281/323 425/1283/323 426/1284/323
f 429/1285/324 434/1286/324 433/1287/324
f 429/1285/324 433/1287/324 427/1288/324
f 435/1289/325 448/1290/325 446/1291/325
f 435/1289/325 446/1291/325 436/1292/325
f 440/1293/326 445/1294/326 450/1295/326
f 440/1293/326 450/1295/326 439/1296/326
f 435/1297/327 436/1298/327 440/1299/327
f 435/1297/327 440/1299/327 439/1300/327
f 439/1301/328 450/1302/328 448/1303/328
f 439/1301/328 448/1303/328 435/1304/328
f 436/1305/329 446/1306/329 445/1307/329
f 436/1305/329 445/1307/329 440/1308/329
f 442/1309/330 443/1310/330 444/1311/330
f 442/1309/330 444/1311/330 438/1312/330
f 443/1313/331 445/1314/331 446/1315/331
f 443/1313/331 446/1315/331 444/1316/331
f 438/1317/332 444/1318/332 447/1319/332
f 438/1317/332 447/1319/332 437/1320/332
f 444/1321/333 446/1322/333 448/1323/333
f 444/1321/333 448/1323/333 447/1324/333
f 437/1325/334 447/1326/334 449/1327/334
f 437/1325/334 449/1327/334 441/1328/334
f 447/1329/335 448/1330/335 450/1331/335
f 447/1329/335 450/1331/335 449/1332/335
f 441/1333/336 449/1334/336 443/1335/336
f 441/1333/336 443/1335/336 442/1336/336
f 449/1337/337 450/1338/337 445/1339/337
f 449/1337/337 445/1339/337 443/1340/337
usemtl common_rough_steel
f 454/1341/338 452/1342/338 451/1343/338
f 454/1341/338 451/1343/338 453/1344/338
f 457/1345/339 455/1346/339 456/1347/339
f 457/1345/339 456/1347/339 458/1348/339
f 451/1349/340 452/1350/340 456/1351/340
f 451/1349/340 456/1351/340 455/1352/340
f 453/1353/341 451/1354/341 455/1355/341
f 453/1353/341 455/1355/341 457/1356/341
f 458/1357/342 456/1358/342 452/1359/342
f 458/1357/342 452/1359/342 454/1360/342
f 462/1361/343 460/1362/343 459/1363/343
f 462/1361/343 459/1363/343 461/1364/343
f 465/1365/344 463/1366/344 464/1367/344
f 465/1365/344 464/1367/344 466/1368/344
f 459/1369/345 460/1370/345 464/1371/345
f 459/1369/345 464/1371/345 463/1372/345
f 461/1373/346 459/1374/346 463/1375/346
f 461/1373/346 463/1375/346 465/1376/346
f 466/1377/347 464/1378/347 460/1379/347
f 466/1377/347 460/1379/347 462/1380/347
f 470/1381/348 468/1382/348 467/1383/348
f 470/1381/348 467/1383/348 469/1384/348
f 473/1385/349 471/1386/349 472/1387/349
f 473/1385/349 472/1387/349 474/1388/349
f 467/1389/350 468/1390/350 472/1391/350
f 467/1389/350 472/1391/350 471/1392/350
f 469/1393/351 467/1394/351 471/1395/351
f 469/1393/351 471/1395/351 473/1396/351
f 474/1397/352 472/1398/352 468/1399/352
f 474/1397/352 468/1399/352 470/1400/352
f 478/1401/353 476/1402/353 475/1403/353
f 478/1401/353 475/1403/353 477/1404/353
f 481/1405/354 479/1406/354 480/1407/354
f 481/1405/354 480/1407/354 482/1408/354
f 475/1409/355 476/1410/355 480/1411/355
f 475/1409/355 480/1411/355 479/1412/355
f 477/1413/356 475/1414/356 479/1415/356
f 477/1413/356 479/1415/356 481/1416/356
f 482/1417/357 480/1418/357 476/1419/357
f 482/1417/357 476/1419/357 478/1420/357
usemtl common_steel
f 487/1421/358 485/1422/358 484/1423/358
f 487/1421/358 484/1423/358 486/1424/358
f 490/1425/359 488/1426/359 489/1427/359
f 490/1425/359 489/1427/359 491/1428/359
f 484/1429/360 485/1430/360 489/1431/360
f 484/1429/360 489/1431/360 488/1432/360
f 487/1433/361 486/1434/361 490/1435/361
f 487/1433/361 490/1435/361 491/1436/361
f 486/1437/362 484/1438/362 488/1439/362
f 486/1437/362 488/1439/362 490/1440/362
f 491/1441/363 489/1442/363 485/1443/363
f 491/1441/363 485/1443/363 487/1444/363
f 495/1445/364 493/1446/364 492/1447/364
f 495/1445/364 492/1447/364 494/1448/364
f 498/1449/365 496/1450/365 497/1451/365
f 498/1449/365 497/1451/365 499/1452/365
f 492/1453/366 493/1454/366 497/1455/366
f 492/1453/366 497/1455/366 496/1456/366
f 495/1457/367 494/1458/367 498/1459/367
f 495/1457/367 498/1459/367 499/1460/367
f 499/1461/368 497/1462/368 493/1463/368
f 499/1461/368 493/1463/368 495/1464/368
usemtl weapon_spotlight_tower
f 501/1465/369 500/1466/369 502/1467/369
f 501/1465/369 502/1467/369 503/1468/369
f 506/1469/370 504/1470/370 505/1471/370
f 506/1469/370 505/1471/370 507/1472/370
f 504/1473/371 500/1474/371 501/1475/371
f 504/1473/371 501/1475/371 505/1476/371
f 503/1477/372 502/1478/372 506/1479/372
f 503/1477/372 506/1479/372 507/1480/372
f 502/1481/373 500/1482/373 504/1483/373
f 502/1481/373 504/1483/373 506/1484/373
f 505/1485/374 501/1486/374 503/1487/374
f 505/1485/374 503/1487/374 507/1488/374
f 509/1489/375 508/1490/375 510/1491/375
f 509/1489/375 510/1491/375 511/1492/375
f 514/1493/376 512/1494/376 513/1495/376
f 514/1493/376 513/1495/376 515/1496/376
f 512/1497/377 508/1498/377 509/1499/377
f 512/1497/377 509/1499/377 513/1500/377
f 511/1501/378 510/1502/378 514/1503/378
f 511/1501/378 514/1503/378 515/1504/378
f 510/1505/379 508/1506/379 512/1507/379
f 510/1505/379 512/1507/379 514/1508/379
f 513/1509/380 509/1510/380 511/1511/380
f 513/1509/380 511/1511/380 515/1512/380
f 517/1513/381 516/1514/381 518/1515/381
f 517/1513/381 518/1515/381 519/1516/381
f 522/1517/382 520/1518/382 521/1519/382
f 522/1517/382 521/1519/382 523/1520/382
f 520/1521/383 516/1522/383 517/1523/383
f 520/1521/383 517/1523/383 521/1524/383
f 519/1525/384 518/1526/384 522/1527/384
f 519/1525/384 522/1527/384 523/1528/384
f 518/1529/385 516/1530/385 520/1531/385
f 518/1529/385 520/1531/385 522/1532/385
f 521/1533/386 517/1534/386 519/1535/386
f 521/1533/386 519/1535/386 523/1536/386
f 525/1537/387 524/1538/387 526/1539/387
f 525/1537/387 526/1539/387 527/1540/387
f 530/1541/388 528/1542/388 529/1543/388
f 530/1541/388 529/1543/388 531/1544/388
f 528/1545/389 524/1546/389 525/1547/389
f 528/1545/389 525/1547/389 529/1548/389
f 527/1549/390 526/1550/390 530/1551/390
f 527/1549/390 530/1551/390 531/1552/390
f 526/1553/391 524/1554/391 528/1555/391
f 526/1553/391 528/1555/391 530/1556/391
f 529/1557/392 525/1558/392 527/1559/392
f 529/1557/392 527/1559/392 531/1560/392
f 533/1561/393 532/1562/393 534/1563/393
f 533/1561/393 534/1563/393 535/1564/393
f 538/1565/394 536/1566/394 537/1567/394
f 538/1565/394 537/1567/394 539/1568/394
f 536/1569/395 532/1570/395 533/1571/395
f 536/1569/395 533/1571/395 537/1572/395
f 535/1573/396 534/1574/396 538/1575/396
f 535/1573/396 538/1575/396 539/1576/396
f 534/1577/397 532/1578/397 536/1579/397
f 534/1577/397 536/1579/397 538/1580/397
f 537/1581/398 533/1582/398 535/1583/398
f 537/1581/398 535/1583/398 539/1584/398
f 541/1585/399 540/1586/399 542/1587/399
f 541/1585/399 542/1587/399 543/1588/399
f 546/1589/400 544/1590/400 545/1591/400
f 546/1589/400 545/1591/400 547/1592/400
f 544/1593/401 540/1594/401 541/1595/401
f 544/1593/401 541/1595/401 545/1596/401
f 543/1597/402 542/1598/402 546/1599/402
f 543/1597/402 546/1599/402 547/1600/402
f 542/1601/403 540/1602/403 544/1603/403
f 542/1601/403 544/1603/403 546/1604/403
f 545/1605/404 541/1606/404 543/1607/404
f 545/1605/404 543/1607/404 547/1608/404
usemtl common_steel
f 550/1609/405 483/1610/405 548/1611/405
f 550/1609/405 548/1611/405 549/1612/405
f 553/1613/406 551/1614/406 552/1615/406
f 553/1613/406 552/1615/406 554/1616/406
f 548/1617/407 483/1618/407 552/1619/407
f 548/1617/407 552/1619/407 551/1620/407
f 550/1621/408 549/1622/408 553/1623/408
f 550/1621/408 553/1623/408 554/1624/408
f 549/1625/409 548/1626/409 551/1627/409
f 549/1625/409 551/1627/409 553/1628/409
f 554/1629/410 552/1630/410 483/1631/410
f 554/1629/410 483/1631/410 550/1632/410
f 558/1633/411 556/1634/411 555/1635/411
f 558/1633/411 555/1635/411 557/1636/411
f 561/1637/412 559/1638/412 560/1639/412
f 561/1637/412 560/1639/412 562/1640/412
f 555/1641/413 556/1642/413 560/1643/413
f 555/1641/413 560/1643/413 559/1644/413
f 558/1645/414 557/1646/414 561/1647/414
f 558/1645/414 561/1647/414 562/1648/414
f 562/1649/415 560/1650/415 556/1651/415
f 562/1649/415 556/1651/415 558/1652/415
usemtl weapon_spotlight_tower
f 564/1653/416 563/1654/416 565/1655/416
f 564/1653/416 565/1655/416 566/1656/416
f 569/1657/417 567/1658/417 568/1659/417
f 569/1657/417 568/1659/417 570/1660/417
f 567/1661/418 563/1662/418 564/1663/418
f 567/1661/418 564/1663/418 568/1664/418
f 566/1665/419 565/1666/419 569/1667/419
f 566/1665/419 569/1667/419 570/1668/419
f 565/1669/420 563/1670/420 567/1671/420
f 565/1669/420 567/1671/420 569/1672/420
f 568/1673/421 564/1674/421 566/1675/421
f 568/1673/421 566/1675/421 570/1676/421
f 572/1677/422 571/1678/422 573/1679/422
f 572/1677/422 573/1679/422 574/1680/422
f 577/1681/423 575/1682/423 576/1683/423
f 577/1681/423 576/1683/423 578/1684/423
f 575/1685/424 571/1686/424 572/1687/424
f 575/1685/424 572/1687/424 576/1688/424
f 574/1689/425 573/1690/425 577/1691/425
f 574/1689/425 577/1691/425 578/1692/425
f 573/1693/426 571/1694/426 575/1695/426
f 573/1693/426 575/1695/426 577/1696/426
f 576/1697/427 572/1698/427 574/1699/427
f 576/1697/427 574/1699/427 578/1700/427
f 580/1701/428 579/1702/428 581/1703/428
f 580/1701/428 581/1703/428 582/1704/428
f 585/1705/429 583/1706/429 584/1707/429
f 585/1705/429 584/1707/429 586/1708/429
f 583/1709/430 579/1710/430 580/1711/430
f 583/1709/430 580/1711/430 584/1712/430
f 582/1713/431 581/1714/431 585/1715/431
f 582/1713/431 585/1715/431 586/1716/431
f 581/1717/432 579/1718/432 583/1719/432
f 581/1717/432 583/1719/432 585/1720/432
f 584/1721/433 580/1722/433 582/1723/433
f 584/1721/433 582/1723/433 586/1724/433
f 588/1725/434 587/1726/434 589/1727/434
f 588/1725/434 589/1727/434 590/1728/434
f 593/1729/435 591/1730/435 592/1731/435
f 593/1729/435 592/1731/435 594/1732/435
f 591/1733/436 587/1734/436 588/1735/436
f 591/1733/436 588/1735/436 592/1736/436
f 590/1737/437 589/1738/437 593/1739/437
f 590/1737/437 593/1739/437 594/1740/437
f 589/1741/438 587/1742/438 591/1743/438
f 589/1741/438 591/1743/438 593/1744/438
f 592/1745/439 588/1746/439 590/1747/439
f 592/1745/439 590/1747/439 594/1748/439
f 596/1749/440 595/1750/440 597/1751/440
f 596/1749/440 597/1751/440 598/1752/440
f 601/1753/441 599/1754/441 600/1755/441
f 601/1753/441 600/1755/441 602/1756/441
f 599/1757/442 595/1758/442 596/1759/442
f 599/1757/442 596/1759/442 600/1760/442
f 598/1761/443 597/1762/443 601/1763/443
f 598/1761/443 601/1763/443 602/1764/443
f 597/1765/444 595/1766/444 599/1767/444
f 597/1765/444 599/1767/444 601/1768/444
f 600/1769/445 596/1770/445 598/1771/445
f 600/1769/445 598/1771/445 602/1772/445
f 604/1773/446 603/1774/446 605/1775/446
f 604/1773/446 605/1775/446 606/1776/446
f 609/1777/447 607/1778/447 608/1779/447
f 609/1777/447 608/1779/447 610/1780/447
f 607/1781/448 603/1782/448 604/1783/448
f 607/1781/448 604/1783/448 608/1784/448
f 606/1785/449 605/1786/449 609/1787/449
f 606/1785/449 609/1787/449 610/1788/449
f 605/1789/450 603/1790/450 607/1791/450
f 605/1789/450 607/1791/450 609/1792/450
f 608/1793/451 604/1794/451 606/1795/451
f 608/1793/451 606/1795/451 610/1796/451
usemtl common_steel
f 611/1797/452 612/1798/452 614/1799/452
f 611/1797/452 614/1799/452 613/1800/452
f 616/1801/453 615/1802/453 617/1803/453
f 616/1801/453 617/1803/453 618/1804/453
f 616/1805/454 612/1806/454 611/1807/454
f 616/1805/454 611/1807/454 615/1808/454
f 617/1809/455 613/1810/455 614/1811/455
f 617/1809/455 614/1811/455 618/1812/455
f 615/1813/456 611/1814/456 613/1815/456
f 615/1813/456 613/1815/456 617/1816/456
f 612/1817/457 616/1818/457 618/1819/457
f 612/1817/457 618/1819/457 614/1820/457
f 619/1821/458 620/1822/458 622/1823/458
f 619/1821/458 622/1823/458 621/1824/458
f 624/1825/459 623/1826/459 625/1827/459
f 624/1825/459 625/1827/459 626/1828/459
f 624/1829/460 620/1830/460 619/1831/460
f 624/1829/460 619/1831/460 623/1832/460
f 625/1833/461 621/1834/461 622/1835/461
f 625/1833/461 622/1835/461 626/1836/461
f 620/1837/462 624/1838/462 626/1839/462
f 620/1837/462 626/1839/462 622/1840/462
usemtl weapon_spotlight_tower
f 629/1841/463 627/1842/463 628/1843/463
f 629/1841/463 628/1843/463 630/1844/463
f 632/1845/464 631/1846/464 633/1847/464
f 632/1845/464 633/1847/464 634/1848/464
f 628/1849/465 627/1850/465 631/1851/465
f 628/1849/465 631/1851/465 632/1852/465
f 633/1853/466 629/1854/466 630/1855/466
f 633/1853/466 630/1855/466 634/1856/466
f 631/1857/467 627/1858/467 629/1859/467
f 631/1857/467 629/1859/467 633/1860/467
f 630/1861/468 628/1862/468 632/1863/468
f 630/1861/468 632/1863/468 634/1864/468
f 637/1865/469 635/1866/469 636/1867/469
f 637/1865/469 636/1867/469 638/1868/469
f 640/1869/470 639/1870/470 641/1871/470
f 640/1869/470 641/1871/470 642/1872/470
f 636/1873/471 635/1874/471 639/1875/471
f 636/1873/471 639/1875/471 640/1876/471
f 641/1877/472 637/1878/472 638/1879/472
f 641/1877/472 638/1879/472 642/1880/472
f 639/1881/473 635/1882/473 637/1883/473
f 639/1881/473 637/1883/473 641/1884/473
f 638/1885/474 636/1886/474 640/1887/474
f 638/1885/474 640/1887/474 642/1888/474
f 645/1889/475 643/1890/475 644/1891/475
f 645/1889/475 644/1891/475 646/1892/475
f 648/1893/476 647/1894/476 649/1895/476
f 648/1893/476 649/1895/476 650/1896/476
f 644/1897/477 643/1898/477 647/1899/477
f 644/1897/477 647/1899/477 648/1900/477
f 649/1901/478 645/1902/478 646/1903/478
f 649/1901/478 646/1903/478 650/1904/478
f 647/1905/479 643/1906/479 645/1907/479
f 647/1905/479 645/1907/479 649/1908/479
f 646/1909/480 644/1910/480 648/1911/480
f 646/1909/480 648/1911/480 650/1912/480
f 653/1913/481 651/1914/481 652/1915/481
f 653/1913/481 652/1915/481 654/1916/481
f 656/1917/482 655/1918/482 657/1919/482
f 656/1917/482 657/1919/482 658/1920/482
f 652/1921/483 651/1922/483 655/1923/483
f 652/1921/483 655/1923/483 656/1924/483
f 657/1925/484 653/1926/484 654/1927/484
f 657/1925/484 654/1927/484 658/1928/484
f 655/1929/485 651/1930/485 653/1931/485
f 655/1929/485 653/1931/485 657/1932/485
f 654/1933/486 652/1934/486 656/1935/486
f 654/1933/486 656/1935/486 658/1936/486
f 661/1937/487 659/1938/487 660/1939/487
f 661/1937/487 660/1939/487 662/1940/487
f 664/1941/488 663/1942/488 665/1943/488
f 664/1941/488 665/1943/488 666/1944/488
f 660/1945/489 659/1946/489 663/1947/489
f 660/1945/489 663/1947/489 664/1948/489
f 665/1949/490 661/1950/490 662/1951/490
f 665/1949/490 662/1951/490 666/1952/490
f 663/1953/491 659/1954/491 661/1955/491
f 663/1953/491 661/1955/491 665/1956/491
f 662/1957/492 660/1958/492 664/1959/492
f 662/1957/492 664/1959/492 666/1960/492
f 669/1961/493 667/1962/493 668/1963/493
f 669/1961/493 668/1963/493 670/1964/493
f 672/1965/494 671/1966/494 673/1967/494
f 672/1965/494 673/1967/494 674/1968/494
f 668/1969/495 667/1970/495 671/1971/495
f 668/1969/495 671/1971/495 672/1972/495
f 673/1973/496 669/1974/496 670/1975/496
f 673/1973/496 670/1975/496 674/1976/496
f 671/1977/497 667/1978/497 669/1979/497
f 671/1977/497 669/1979/497 673/1980/497
f 670/1981/498 668/1982/498 672/1983/498
f 670/1981/498 672/1983/498 674/1984/498
usemtl common_steel
f 675/1985/499 676/1986/499 678/1987/499
f 675/1985/499 678/1987/499 677/1988/499
f 680/1989/500 679/1990/500 681/1991/500
f 680/1989/500 681/1991/500 682/1992/500
f 680/1993/501 676/1994/501 675/1995/501
f 680/1993/501 675/1995/501 679/1996/501
f 681/1997/502 677/1998/502 678/1999/502
f 681/1997/502 678/1999/502 682/2000/502
f 679/2001/503 675/2002/503 677/2003/503
f 679/2001/503 677/2003/503 681/2004/503
f 676/2005/504 680/2006/504 682/2007/504
f 676/2005/504 682/2007/504 678/2008/504
f 683/2009/505 684/2010/505 686/2011/505
f 683/2009/505 686/2011/505 685/2012/505
f 688/2013/506 687/2014/506 689/2015/506
f 688/2013/506 689/2015/506 690/2016/506
f 688/2017/507 684/2018/507 683/2019/507
f 688/2017/507 683/2019/507 687/2020/507
f 689/2021/508 685/2022/508 686/2023/508
f 689/2021/508 686/2023/508 690/2024/508
f 684/2025/509 688/2026/509 690/2027/509
f 684/2025/509 690/2027/509 686/2028/509
usemtl weapon_spotlight_tower
f 693/2029/510 691/2030/510 692/2031/510
f 693/2029/510 692/2031/510 694/2032/510
f 696/2033/511 695/2034/511 697/2035/511
f 696/2033/511 697/2035/511 698/2036/511
f 692/2037/512 691/2038/512 695/2039/512
f 692/2037/512 695/2039/512 696/2040/512
f 697/2041/513 693/2042/513 694/2043/513
f 697/2041/513 694/2043/513 698/2044/513
f 695/2045/514 691/2046/514 693/2047/514
f 695/2045/514 693/2047/514 697/2048/514
f 694/2049/515 692/2050/515 696/2051/515
f 694/2049/515 696/2051/515 698/2052/515
f 701/2053/516 699/2054/516 700/2055/516
f 701/2053/516 700/2055/516 702/2056/516
f 704/2057/517 703/2058/517 705/2059/517
f 704/2057/517 705/2059/517 706/2060/517
f 700/2061/518 699/2062/518 703/2063/518
f 700/2061/518 703/2063/518 704/2064/518
f 705/2065/519 701/2066/519 702/2067/519
f 705/2065/519 702/2067/519 706/2068/519
f 703/2069/520 699/2070/520 701/2071/520
f 703/2069/520 701/2071/520 705/2072/520
f 702/2073/521 700/2074/521 704/2075/521
f 702/2073/521 704/2075/521 706/2076/521
f 709/2077/522 707/2078/522 708/2079/522
f 709/2077/522 708/2079/522 710/2080/522
f 712/2081/523 711/2082/523 713/2083/523
f 712/2081/523 713/2083/523 714/2084/523
f 708/2085/524 707/2086/524 711/2087/524
f 708/2085/524 711/2087/524 712/2088/524
f 713/2089/525 709/2090/525 710/2091/525
f 713/2089/525 710/2091/525 714/2092/525
f 711/2093/526 707/2094/526 709/2095/526
f 711/2093/526 709/2095/526 713/2096/526
f 710/2097/527 708/2098/527 712/2099/527
f 710/2097/527 712/2099/527 714/2100/527
f 717/2101/528 715/2102/528 716/2103/528
f 717/2101/528 716/2103/528 718/2104/528
f 720/2105/529 719/2106/529 721/2107/529
f 720/2105/529 721/2107/529 722/2108/529
f 716/2109/530 715/2110/530 719/2111/530
f 716/2109/530 719/2111/530 720/2112/530
f 721/2113/531 717/2114/531 718/2115/531
f 721/2113/531 718/2115/531 722/2116/531
f 719/2117/532 715/2118/532 717/2119/532
f 719/2117/532 717/2119/532 721/2120/532
f 718/2121/533 716/2122/533 720/2123/533
f 718/2121/533 720/2123/533 722/2124/533
f 725/2125/534 723/2126/534 724/2127/534
f 725/2125/534 724/2127/534 726/2128/534
f 728/2129/535 727/2130/535 729/2131/535
f 728/2129/535 729/2131/535 730/2132/535
f 724/2133/536 723/2134/536 727/2135/536
f 724/2133/536 727/2135/536 728/2136/536
f 729/2137/537 725/2138/537 726/2139/537
f 729/2137/537 726/2139/537 730/2140/537
f 727/2141/538 723/2142/538 725/2143/538
f 727/2141/538 725/2143/538 729/2144/538
f 726/2145/539 724/2146/539 728/2147/539
f 726/2145/539 728/2147/539 730/2148/539
f 733/2149/540 731/2150/540 732/2151/540
f 733/2149/540 732/2151/540 734/2152/540
f 736/2153/541 735/2154/541 737/2155/541
f 736/2153/541 737/2155/541 738/2156/541
f 732/2157/542 731/2158/542 735/2159/542
f 732/2157/542 735/2159/542 736/2160/542
f 737/2161/543 733/2162/543 734/2163/543
f 737/2161/543 734/2163/543 738/2164/543
f 735/2165/544 731/2166/544 733/2167/544
f 735/2165/544 733/2167/544 737/2168/544
f 734/2169/545 732/2170/545 736/2171/545
f 734/2169/545 736/2171/545 738/2172/545
f 740/2173/546 739/2174/546 741/2175/546
f 740/2173/546 741/2175/546 742/2176/546
f 745/2177/547 743/2178/547 744/2179/547
f 745/2177/547 744/2179/547 746/2180/547
f 743/2181/548 739/2182/548 740/2183/548
f 743/2181/548 740/2183/548 744/2184/548
f 742/2185/549 741/2186/549 745/2187/549
f 742/2185/549 745/2187/549 746/2188/549
f 741/2189/550 739/2190/550 743/2191/550
f 741/2189/550 743/2191/550 745/2192/550
f 744/2193/551 740/2194/551 742/2195/551
f 744/2193/551 742/2195/551 746/2196/551
usemtl common_steel
f 747/2197/552 748/2198/552 752/2199/552
f 747/2197/552 752/2199/552 751/2200/552
f 750/2201/553 749/2202/553 753/2203/553
f 750/2201/553 753/2203/553 754/2204/553
f 749/2205/554 747/2206/554 751/2207/554
f 749/2205/554 751/2207/554 753/2208/554
f 754/2209/555 752/2210/555 748/2211/555
f 754/2209/555 748/2211/555 750/2212/555
usemtl weapon_spotlight_tower
f 757/2213/556 755/2214/556 756/2215/556
f 757/2213/556 756/2215/556 758/2216/556
f 760/2217/557 759/2218/557 761/2219/557
f 760/2217/557 761/2219/557 762/2220/557
f 756/2221/558 755/2222/558 759/2223/558
f 756/2221/558 759/2223/558 760/2224/558
f 761/2225/559 757/2226/559 758/2227/559
f 761/2225/559 758/2227/559 762/2228/559
f 759/2229/560 755/2230/560 757/2231/560
f 759/2229/560 757/2231/560 761/2232/560
f 758/2233/561 756/2234/561 760/2235/561
f 758/2233/561 760/2235/561 762/2236/561
usemtl common_steel
f 768/2237/562 764/2238/562 763/2239/562
f 768/2237/562 763/2239/562 767/2240/562
f 769/2241/563 765/2242/563 766/2243/563
f 769/2241/563 766/2243/563 770/2244/563
f 767/2245/564 763/2246/564 765/2247/564
f 767/2245/564 765/2247/564 769/2248/564
f 764/2249/565 768/2250/565 770/2251/565
f 764/2249/565 770/2251/565 766/2252/565
usemtl weapon_spotlight_tower
f 772/2253/566 771/2254/566 773/2255/566
f 772/2253/566 773/2255/566 774/2256/566
f 777/2257/567 775/2258/567 776/2259/567
f 777/2257/567 776/2259/567 778/2260/567
f 775/2261/568 771/2262/568 772/2263/568
f 775/2261/568 772/2263/568 776/2264/568
f 774/2265/569 773/2266/569 777/2267/569
f 774/2265/569 777/2267/569 778/2268/569
f 773/2269/570 771/2270/570 775/2271/570
f 773/2269/570 775/2271/570 777/2272/570
f 776/2273/571 772/2274/571 774/2275/571
f 776/2273/571 774/2275/571 778/2276/571
usemtl common_steel
f 779/2277/572 780/2278/572 784/2279/572
f 779/2277/572 784/2279/572 783/2280/572
f 782/2281/573 781/2282/573 785/2283/573
f 782/2281/573 785/2283/573 786/2284/573
f 781/2285/574 779/2286/574 783/2287/574
f 781/2285/574 783/2287/574 785/2288/574
f 786/2289/575 784/2290/575 780/2291/575
f 786/2289/575 780/2291/575 782/2292/575
usemtl weapon_spotlight_tower
f 787/2293/576 788/2294/576 790/2295/576
f 787/2293/576 790/2295/576 789/2296/576
f 792/2297/577 791/2298/577 793/2299/577
f 792/2297/577 793/2299/577 794/2300/577
f 792/2301/578 788/2302/578 787/2303/578
f 792/2301/578 787/2303/578 791/2304/578
f 793/2305/579 789/2306/579 790/2307/579
f 793/2305/579 790/2307/579 794/2308/579
f 791/2309/580 787/2310/580 789/2311/580
f 791/2309/580 789/2311/580 793/2312/580
f 788/2313/581 792/2314/581 794/2315/581
f 788/2313/581 794/2315/581 790/2316/581
f 798/2317/582 796/2318/582 795/2319/582
f 798/2317/582 795/2319/582 797/2320/582
f 801/2321/583 799/2322/583 800/2323/583
f 801/2321/583 800/2323/583 802/2324/583
f 795/2325/584 796/2326/584 800/2327/584
f 795/2325/584 800/2327/584 799/2328/584
f 798/2329/585 797/2330/585 801/2331/585
f 798/2329/585 801/2331/585 802/2332/585
f 797/2333/586 795/2334/586 799/2335/586
f 797/2333/586 799/2335/586 801/2336/586
f 802/2337/587 800/2338/587 796/2339/587
f 802/2337/587 796/2339/587 798/2340/587
f 806/2341/588 804/2342/588 803/2343/588
f 806/2341/588 803/2343/588 805/2344/588
f 809/2345/589 807/2346/589 808/2347/589
f 809/2345/589 808/2347/589 810/2348/589
f 803/2349/590 804/2350/590 808/2351/590
f 803/2349/590 808/2351/590 807/2352/590
f 806/2353/591 805/2354/591 809/2355/591
f 806/2353/591 809/2355/591 810/2356/591
f 805/2357/592 803/2358/592 807/2359/592
f 805/2357/592 807/2359/592 809/2360/592
f 810/2361/593 808/2362/593 804/2363/593
f 810/2361/593 804/2363/593 806/2364/593
f 811/2365/594 812/2366/594 814/2367/594
f 811/2365/594 814/2367/594 813/2368/594
f 816/2369/595 815/2370/595 817/2371/595
f 816/2369/595 817/2371/595 818/2372/595
f 816/2373/596 812/2374/596 811/2375/596
f 816/2373/596 811/2375/596 815/2376/596
f 817/2377/597 813/2378/597 814/2379/597
f 817/2377/597 814/2379/597 818/2380/597
f 815/2381/598 811/2382/598 813/2383/598
f 815/2381/598 813/2383/598 817/2384/598
f 812/2385/599 816/2386/599 818/2387/599
f 812/2385/599 818/2387/599 814/2388/599