# Made by Pabilo8 with Blockbench
# Exported with IIToolkit Plugin on 09/10/2026
mtllib vulcanizer.mtl

o main
v -0.9375 1.5625 2
v 0.625 1.5 -0.6875
v 2 1.5 -0.6875
v 0.625 1 -0.6875
v 2 1 -0.6875
v 0.625 1.5 0.6875
v 2 1.5 0.6875
v 0.625 1 0.6875
v 2 1 0.6875
v 1.3125 1.5 -0.6875
v 1.3125 1.5 0.6875
v 1.3125 1 0.6875
v 1.3125 1 -0.6875
v 1.3125 1.5 0
v 0.625 1.5 0
v 0.625 1 0
v 2 1.5 0
v 2 1 0
v 1.9375 1.5625 -0.625
v 2.125 1.5625 -0.625
v 1.9375 1.375 -0.625
v 2.125 1.375 -0.625
v 1.9375 1.5625 0.625
v 2.125 1.5625 0.625
v 1.9375 1.375 0.625
v 2.125 1.375 0.625
v 0.5 1.5625 -0.625
v 0.6875 1.5625 -0.625
v 0.5 1.375 -0.625
v 0.6875 1.375 -0.625
v 0.5 1.5625 0.625
v 0.6875 1.5625 0.625
v 0.5 1.375 0.625
v 0.6875 1.375 0.625
v 0.5 1.5625 -0.8125
v 2.125 1.5625 -0.8125
v 0.5 1.375 -0.8125
v 2.125 1.375 -0.8125
v 0.5 1.375 0.8125
v 2.125 1.375 0.8125
v 0.5 1.5625 0.8125
v 2.125 1.5625 0.8125
v 0.75 1.5625 -0.5625
v 1.875 1.5625 -0.5625
v 0.75 1.5 -0.5625
v 1.875 1.5 -0.5625
v 0.75 1.5625 0.5625
v 1.875 1.5625 0.5625
v 0.75 1.5 0.5625
v 1.875 1.5 0.5625
v 1.3125 1.5625 -0.5625
v 1.3125 1.5625 0.5625
v 1.3125 1.5 0.5625
v 1.3125 1.5 -0.5625
v 1.3125 1.5625 0
v 0.75 1.5625 0
v 0.75 1.5 0
v 1.875 1.5 0
v 1.875 1.5625 0
v 0.9375 1.25 1.4375
v 1.1875 1.25 1.4375
v 0.9375 1 1.4375
v 1.0625 1.25 1.6875
v 1.1875 1.25 1.6875
v 1.0625 1 1.6875
v 1.1875 1 1.6875
v 2.4375 1.25 -0.4375
v 2.6875 1.125 -0.4375
v 2.4375 1 -0.4375
v 2.6875 1 -0.4375
v 2.4375 1.25 -0.1875
v 2.6875 1.125 -0.1875
v 2.4375 1 -0.1875
v 2.6875 1 -0.1875
v 2.0625 1.25 -0.4375
v 2.0625 1 -0.4375
v 2.0625 1.25 -0.1875
v 2.0625 1 -0.1875
v 1.4375 1.25 0.6875
v 1.6875 1.25 0.6875
v 1.4375 1 0.6875
v 1.6875 1 0.6875
v 1.4375 1.25 0.9375
v 1.6875 1.25 0.9375
v 1.4375 1 0.9375
v 1.6875 1 0.9375
v 0.9375 1.25 0.6875
v 1.1875 1.25 0.6875
v 0.9375 1 0.6875
v 1.1875 1 0.6875
v 1.1875 1 1.4375
v 2.0625 1.25 0.1875
v 2.4375 1.25 0.1875
v 2.0625 1 0.1875
v 2.4375 1 0.1875
v 2.0625 1.25 0.4375
v 2.4375 1.25 0.4375
v 2.0625 1 0.4375
v 2.4375 1 0.4375
v 2.6875 1.125 0.1875
v 2.6875 1 0.1875
v 2.6875 1.125 0.4375
v 2.6875 1 0.4375
v 2.0625 1.25 0.9375
v 2.4375 1.25 0.9375
v 2.0625 1 0.9375
v 2.4375 1 0.9375
v 2.0625 1.25 1.1875
v 2.4375 1.25 1.1875
v 2.0625 1 1.1875
v 2.4375 1 1.1875
v 2.6875 1.125 0.9375
v 2.6875 1 0.9375
v 2.6875 1.125 1.1875
v 2.6875 1 1.1875
v 1.75 1.25 1.4375
v 2.125 1.25 1.4375
v 1.75 1 1.4375
v 2.125 1 1.4375
v 1.75 1.25 1.6875
v 2.125 1.25 1.6875
v 1.75 1 1.6875
v 2.125 1 1.6875
v 2.375 1.125 1.4375
v 2.375 1 1.4375
v 2.375 1.125 1.6875
v 2.375 1 1.6875
v 1.6875 1.25 1.1875
v 1.6875 1 1.1875
v 1.5625 1.25 1.4375
v 1.5625 1 1.4375
v 1.5625 1.25 1.6875
v 1.5625 1 1.6875
v 1.5625 1.25 1.1875
v 1.5625 1 1.1875
v -3 0.5 0
v -2 0.5 0
v -3 0 0
v -2 0 0
v -3 0.5 2
v -2 0.5 2
v -3 0 2
v -2 0 2
v 2.875 0.9375 -2
v 3 0.9375 -2
v 2.875 0.5 -2
v 3 0.5 -2
v 2.875 0.9375 -1.875
v 3 0.9375 -1.875
v 2.875 0.5 -1.875
v 3 0.5 -1.875
v 1 0.5 0
v 3 0.5 0
v 1 0 0
v 3 0 0
v 1 0.5 2
v 3 0.5 2
v 1 0 2
v 3 0 2
v 1 0.5 -2
v 1 0 -2
v 3 0 -2
v -1 0.5 -2
v -1 0 -2
v -1 0.5 0
v -1 0 0
v -1 0.5 2
v -1 0 2
v 2 1 -2
v 3 1 -2
v 2 0.9375 -2
v 3 1 0
v 2 0.9375 0
v 3 0.9375 0
v -1 1 -2
v 0 1 -2
v -1 0.9375 -2
v 0 0.9375 -2
v -1 1 0
v 0 1 0
v -1 0.9375 0
v 0 0.9375 0
v 1 1 -2
v 1 0.9375 -2
v 1 1 0
v 1 0.9375 0
v -1 1 2
v 0 1 2
v -1 0.9375 2
v 0 0.9375 2
v 1 1 2
v 1 0.9375 2
v 2 1 2
v 2 0.9375 2
v 3 1 2
v 3 0.9375 2
v 1 0.9375 -1.9375
v 2.9375 0.9375 -1.9375
v 1 0.5 -1.9375
v 2.9375 0.5 -1.9375
v 2.9375 0.9375 0
v 2.9375 0.5 0
v -1 0.9375 -1.9375
v -1 0.5 -1.9375
v 1 0.9375 1.9375
v 2.9375 0.9375 1.9375
v 1 0.5 1.9375
v 2.9375 0.5 1.9375
v -1 0.9375 1.9375
v -1 0.5 1.9375
v 2.875 0.9375 1.875
v 3 0.9375 1.875
v 2.875 0.5 1.875
v 3 0.5 1.875
v 2.875 0.9375 2
v 2.875 0.5 2
v -2 0.9375 1.9375
v -2 0 1.9375
v -1 0 1.9375
v -1.75 0.6875 1.9375
v -1.25 0.6875 1.9375
v -1.75 0.1875 1.9375
v -1.25 0.1875 1.9375
v -1.75 0.6875 2
v -1.25 0.6875 2
v -1.75 0.1875 2
v -1.25 0.1875 2
v -2 1 0
v -2 0.9375 0
v -2 1 2
v -2 0.9375 2
v -3 1 0
v -3 0.9375 0
v -3 1 2
v -3 0.9375 2
v -3 1 -2
v -2 1 -2
v -3 0.9375 -2
v -2 0.9375 -2
v -2.9375 0.9375 0
v -2.9375 0.5 0
v -2.9375 0.9375 1.9375
v -2.9375 0.5 1.9375
v -2 0.5 1.9375
v -2.9375 0.9375 -1.9375
v -2 0.9375 -1.9375
v -2.9375 0.5 -1.9375
v -2 0.5 -1.9375
v -3 0.9375 1.875
v -2.875 0.9375 1.875
v -3 0.5 1.875
v -2.875 0.5 1.875
v -2.875 0.9375 2
v -2.875 0.5 2
v -2.875 0.9375 -2
v -3 0.5 -2
v -2.875 0.5 -2
v -3 0.9375 -1.875
v -2.875 0.9375 -1.875
v -3 0.5 -1.875
v -2.875 0.5 -1.875
v -1.75 0.6875 -2
v -1.25 0.6875 -2
v -1.75 0.1875 -2
v -1.25 0.1875 -2
v -1.75 0.6875 -1.9375
v -1.25 0.6875 -1.9375
v -1.75 0.1875 -1.9375
v -1.25 0.1875 -1.9375
v -2 0 -1.9375
v -1 0 -1.9375
v -2.875 1.1875 1.8125
v -2.75 1.1875 1.8125
v -2.875 1 1.8125
v -2.75 1 1.8125
v -2.875 1.1875 1.9375
v -2.75 1.1875 1.9375
v -2.875 1 1.9375
v -2.75 1 1.9375
v -2.9375 3.8125 1
v -1.9375 3.8125 1
v -2.9375 1.1875 1
v -1.9375 1.1875 1
v -2.9375 3.8125 2
v -1.9375 3.8125 2
v -2.9375 1.1875 2
v -1.9375 1.1875 2
v -3 2.9375 1.375
v -2.9375 2.9375 1.375
v -3 2.75 1.375
v -2.9375 2.75 1.375
v -3 2.9375 1.625
v -2.9375 2.9375 1.625
v -3 2.75 1.625
v -2.9375 2.75 1.625
v -3 2.75 1.25
v -2.9375 2.75 1.25
v -3 2.25 1.25
v -2.9375 2.25 1.25
v -3 2.75 1.75
v -2.9375 2.75 1.75
v -3 2.25 1.75
v -2.9375 2.25 1.75
v -2.875 1.1875 1.0625
v -2.75 1.1875 1.0625
v -2.875 1 1.0625
v -2.75 1 1.0625
v -2.875 1.1875 1.1875
v -2.75 1.1875 1.1875
v -2.875 1 1.1875
v -2.75 1 1.1875
v -1.9375 3.4375 1.0625
v -0.9375 3.4375 1.0625
v -0.9375 3.8125 2
v -1.9375 3.4375 2
v -0.9375 3.4375 2
v -0.9375 3.8125 1
v -0.9375 3.8125 1.0625
v -0.9375 1.1875 1
v -1.9375 3.8125 1.0625
v -0.9375 3.3125 1.9375
v -0.9375 3.3125 2
v -0.9375 2.9375 1.9375
v -0.9375 2.9375 2
v -1.9375 3.3125 1.9375
v -1.9375 3.3125 2
v -1.9375 2.9375 1.9375
v -1.9375 2.9375 2
v -1.3125 2.75 1.1875
v -1.0625 2.75 1.1875
v -1.3125 2.6875 1.1875
v -1.0625 2.6875 1.1875
v -1.3125 2.75 1.9375
v -1.0625 2.75 1.9375
v -1.3125 2.6875 1.9375
v -1.0625 2.6875 1.9375
v -1.875 2.3125 1.1875
v -1.625 2.3125 1.1875
v -1.875 2.25 1.1875
v -1.625 2.25 1.1875
v -1.875 2.3125 1.9375
v -1.625 2.3125 1.9375
v -1.875 2.25 1.9375
v -1.625 2.25 1.9375
v -1.9375 2.6875 1.0625
v -0.9375 2.6875 1.0625
v -1.9375 2.3125 1.0625
v -0.9375 2.3125 1.0625
v -1.9375 2.6875 2
v -0.9375 2.6875 2
v -1.9375 2.3125 2
v -0.9375 2.3125 2
v -1.9375 1.5625 1.0625
v -0.9375 1.5625 1.0625
v -1.9375 1.1875 1.0625
v -0.9375 1.1875 1.0625
v -1.9375 1.5625 2
v -0.9375 1.1875 2
v -1.3125 1.625 1.1875
v -1.0625 1.625 1.1875
v -1.3125 1.5625 1.1875
v -1.0625 1.5625 1.1875
v -1.3125 1.625 1.9375
v -1.0625 1.625 1.9375
v -1.3125 1.5625 1.9375
v -1.0625 1.5625 1.9375
v -0.9375 2.0625 1.9375
v -0.9375 2.0625 2
v -0.9375 1.6875 1.9375
v -0.9375 1.6875 2
v -1.9375 2.0625 1.9375
v -1.9375 2.0625 2
v -1.9375 1.6875 1.9375
v -1.9375 1.6875 2
v -1.625 1.1875 1.125
v -1.375 1.1875 1.125
v -1.625 1 1.125
v -1.375 1 1.125
v -1.625 1.1875 1.875
v -1.375 1.1875 1.875
v -1.625 1 1.875
v -1.375 1 1.875
v -1.1875 1.1875 1.8125
v -1.0625 1.1875 1.8125
v -1.1875 1 1.8125
v -1.0625 1 1.8125
v -1.1875 1.1875 1.9375
v -1.0625 1.1875 1.9375
v -1.1875 1 1.9375
v -1.0625 1 1.9375
v -1.1875 1.1875 1.0625
v -1.0625 1.1875 1.0625
v -1.1875 1 1.0625
v -1.0625 1 1.0625
v -1.1875 1.1875 1.1875
v -1.0625 1.1875 1.1875
v -1.1875 1 1.1875
v -1.0625 1 1.1875
v -2.9375 3.8125 -1.9375
v -1.0625 3.8125 -1.9375
v -2.9375 1.1875 -1.9375
v -1.0625 1.1875 -1.9375
v -2.9375 3.8125 -0.0625
v -1.0625 3.8125 -0.0625
v -2.9375 1.1875 -0.0625
v -1.0625 1.1875 -0.0625
v -3 2.75 -1.75
v -2.9375 2.75 -1.75
v -3 2.25 -1.75
v -2.9375 2.25 -1.75
v -3 2.75 -1.25
v -2.9375 2.75 -1.25
v -3 2.25 -1.25
v -2.9375 2.25 -1.25
v -3 2.9375 -1.625
v -2.9375 2.9375 -1.625
v -3 2.75 -1.625
v -2.9375 2.75 -1.625
v -3 2.9375 -1.375
v -2.9375 2.9375 -1.375
v -3 2.75 -1.375
v -2.9375 2.75 -1.375
v -1.25 1.1875 -1.875
v -1.125 1.1875 -1.875
v -1.25 1 -1.875
v -1.125 1 -1.875
v -1.25 1.1875 -1.75
v -1.125 1.1875 -1.75
v -1.25 1 -1.75
v -1.125 1 -1.75
v -2.875 1.1875 -1.875
v -2.75 1.1875 -1.875
v -2.875 1 -1.875
v -2.75 1 -1.875
v -2.875 1.1875 -1.75
v -2.75 1.1875 -1.75
v -2.875 1 -1.75
v -2.75 1 -1.75
v -2.875 1.1875 -0.25
v -2.75 1.1875 -0.25
v -2.875 1 -0.25
v -2.75 1 -0.25
v -2.875 1.1875 -0.125
v -2.75 1.1875 -0.125
v -2.875 1 -0.125
v -2.75 1 -0.125
v -1.25 1.1875 -0.25
v -1.125 1.1875 -0.25
v -1.25 1 -0.25
v -1.125 1 -0.25
v -1.25 1.1875 -0.125
v -1.125 1.1875 -0.125
v -1.25 1 -0.125
v -1.125 1 -0.125
v -2.5 1.1875 -1.5
v -1.5 1.1875 -1.5
v -2.5 1 -1.5
v -1.5 1 -1.5
v -2.5 1.1875 -0.5
v -1.5 1.1875 -0.5
v -2.5 1 -0.5
v -1.5 1 -0.5
v -2 0.5 -2
v -3 0 -2
v -2 0 -2
v -1.25 3.125 -2
v -1.25 3.125 -1.9375
v -1.25 2.125 -2
v -1.25 2.125 -1.9375
v -2.75 3.125 -2
v -2.75 3.125 -1.9375
v -2.75 2.125 -2
v -2.75 2.125 -1.9375
v -3 3.5625 1.125
v -2.9375 3.5625 1.125
v -3 3.3125 1.125
v -2.9375 3.3125 1.125
v -3 3.5625 1.875
v -2.9375 3.5625 1.875
v -3 3.3125 1.875
v -2.9375 3.3125 1.875
v -3 3.75 1.375
v -2.9375 3.75 1.375
v -3 3.5625 1.375
v -2.9375 3.5625 1.375
v -3 3.75 1.625
v -2.9375 3.75 1.625
v -3 3.5625 1.625
v -2.9375 3.5625 1.625
v -2 1.25 0.3125
v -1.625 1.375 0.3125
v -2 1 0.3125
v -1.625 1 0.3125
v -2 1.25 0.6875
v -1.625 1.375 0.6875
v -2 1 0.6875
v -1.625 1 0.6875
v 0.125 1.375 -0.3125
v 0.625 1.375 -0.3125
v 0.125 1 -0.3125
v 0.625 1 -0.3125
v 0.125 1.375 0.0625
v 0.625 1.375 0.0625
v 0.125 1 0.0625
v 0.625 1 0.0625
v -0.3125 1.375 -0.3125
v -0.3125 1 -0.3125
v -0.3125 1.375 0.0625
v -0.3125 1 0.0625
v -0.6875 1.375 0.0625
v -0.6875 1 0.0625
v -0.625 1.375 -0.3125
v -0.625 1 -0.3125
v -0.6875 1.375 0.3125
v -0.3125 1.375 0.3125
v -0.6875 1 0.3125
v -0.3125 1 0.3125
v -0.6875 1.375 0.6875
v -0.375 1.375 0.6875
v -0.6875 1 0.6875
v -0.375 1 0.6875
v -1.125 1.375 0.3125
v -1.125 1 0.3125
v -1.125 1.375 0.6875
v -1.125 1 0.6875
v -1.625 3.375 1.1875
v -1.875 3.375 1.1875
v -1.625 3.4375 1.1875
v -1.875 3.4375 1.1875
v -1.625 3.375 1.9375
v -1.875 3.375 1.9375
v -1.625 3.4375 1.9375
v -1.875 3.4375 1.9375
vt 0.1875 0.2344
vt 0.1875 0.3594
vt 0.3594 0.3594
vt 0.3594 0.2344
vt 0.1875 0.2344
vt 0.1875 0.1094
vt 0.0156 0.1094
vt 0.0156 0.2344
vt 0.9219 1
vt 0.9219 0.8281
vt 0.75 0.8281
vt 0.75 1
vt 0.5313 0.3594
vt 0.5313 0.2344
vt 0.3594 0.2344
vt 0.3594 0.3594
vt 0.5313 0.1094
vt 0.5313 0.2344
vt 0.7031 0.2344
vt 0.7031 0.1094
vt 0.9219 0.4219
vt 0.9219 0.25
vt 0.75 0.25
vt 0.75 0.4219
vt 0.1875 0.1094
vt 0.1875 0.2344
vt 0.3594 0.2344
vt 0.3594 0.1094
vt 0.1875 0.3594
vt 0.1875 0.2344
vt 0.0156 0.2344
vt 0.0156 0.3594
vt 0.8281 0.25
vt 0.8281 0.4219
vt 1 0.4219
vt 1 0.25
vt 0.5313 0.2344
vt 0.5313 0.3594
vt 0.7031 0.3594
vt 0.7031 0.2344
vt 0.8281 0.8281
vt 0.8281 1
vt 1 1
vt 1 0.8281
vt 0.5313 0.2344
vt 0.5313 0.1094
vt 0.3594 0.1094
vt 0.3594 0.2344
vt 0.1094 0.9375
vt 0.1094 0.625
vt 0.0625 0.625
vt 0.0625 0.9375
vt 0.1094 0.9375
vt 0.1094 0.625
vt 0.0625 0.625
vt 0.0625 0.9375
vt 0.1094 0.9391
vt 0.1094 0.6266
vt 0.0625 0.6266
vt 0.0625 0.9391
vt 0.1094 0.9375
vt 0.1094 0.625
vt 0.0625 0.625
vt 0.0625 0.9375
vt 0.1094 0.9375
vt 0.1094 0.625
vt 0.0625 0.625
vt 0.0625 0.9375
vt 0.1094 0.9375
vt 0.1094 0.625
vt 0.0625 0.625
vt 0.0625 0.9375
vt 0.1094 0.9391
vt 0.1094 0.6266
vt 0.0625 0.6266
vt 0.0625 0.9391
vt 0.1094 0.9375
vt 0.1094 0.625
vt 0.0625 0.625
vt 0.0625 0.9375
vt 0.1094 0.9766
vt 0.1094 0.5703
vt 0.0625 0.5703
vt 0.0625 0.9766
vt 0.1094 0.9781
vt 0.1094 0.5719
vt 0.0625 0.5719
vt 0.0625 0.9781
vt 0 1
vt 0.0469 1
vt 0.0469 0.5938
vt 0 0.5938
vt 0 1
vt 0.0469 1
vt 0.0469 0.5938
vt 0 0.5938
vt 0.0625 0.6094
vt 0.0625 0.6563
vt 0.1094 0.6563
vt 0.1094 0.6094
vt 0.0625 0.6406
vt 0.0625 0.6875
vt 0.1094 0.6875
vt 0.1094 0.6406
vt 0.1094 0.9766
vt 0.1094 0.5703
vt 0.0625 0.5703
vt 0.0625 0.9766
vt 0.1094 0.9781
vt 0.1094 0.5719
vt 0.0625 0.5719
vt 0.0625 0.9781
vt 0 1
vt 0.0469 1
vt 0.0469 0.5938
vt 0 0.5938
vt 0 1
vt 0.0469 1
vt 0.0469 0.5938
vt 0 0.5938
vt 0.0625 0.6094
vt 0.0625 0.6563
vt 0.1094 0.6563
vt 0.1094 0.6094
vt 0.0625 0.6406
vt 0.0625 0.6875
vt 0.1094 0.6875
vt 0.1094 0.6406
vt 0.2969 0.25
vt 0.2969 0.2656
vt 0.4375 0.2656
vt 0.4375 0.25
vt 0.2656 0.25
vt 0.2656 0.2344
vt 0.125 0.2344
vt 0.125 0.25
vt 0.8906 1
vt 0.8906 0.8594
vt 0.75 0.8594
vt 0.75 1
vt 0.2188 0.2656
vt 0.2188 0.25
vt 0.0781 0.25
vt 0.0781 0.2656
vt 0.25 0.25
vt 0.25 0.2656
vt 0.3906 0.2656
vt 0.3906 0.25
vt 0.8906 0.3906
vt 0.8906 0.25
vt 0.75 0.25
vt 0.75 0.3906
vt 0.2656 0.2344
vt 0.2656 0.25
vt 0.4063 0.25
vt 0.4063 0.2344
vt 0.2969 0.2656
vt 0.2969 0.25
vt 0.1563 0.25
vt 0.1563 0.2656
vt 0.8594 0.25
vt 0.8594 0.3906
vt 1 0.3906
vt 1 0.25
vt 0.2188 0.25
vt 0.2188 0.2656
vt 0.3594 0.2656
vt 0.3594 0.25
vt 0.25 0.2656
vt 0.25 0.25
vt 0.1094 0.25
vt 0.1094 0.2656
vt 0.8594 0.8594
vt 0.8594 1
vt 1 1
vt 1 0.8594
vt 0.0625 0.4688
vt 0.0625 0.4375
vt 0 0.4375
vt 0 0.4688
vt 0.1875 0.375
vt 0.25 0.375
vt 0.25 0.4375
vt 0.1875 0.4063
vt 0.0625 0.499
vt 0.0625 0.4385
vt 0 0.4385
vt 0 0.499
vt 0.25 0.4375
vt 0.1875 0.4063
vt 0.1875 0.375
vt 0.25 0.375
vt 0.1875 0.4063
vt 0.25 0.4375
vt 0.25 0.375
vt 0.1875 0.375
vt 0.0625 0.4379
vt 0 0.4379
vt 0 0.5
vt 0.0625 0.5
vt 0 0.4688
vt 0.0625 0.4688
vt 0.0625 0.4375
vt 0 0.4375
vt 0.0625 0.375
vt 0.0625 0.4688
vt 0 0.4688
vt 0 0.375
vt 0.0625 0.4688
vt 0.0625 0.375
vt 0 0.375
vt 0 0.4688
vt 0 0.4688
vt 0.0625 0.4688
vt 0.0625 0.375
vt 0 0.375
vt 0.063 0.4994
vt 0.0619 0.437
vt 0 0.4381
vt 0.0006 0.5005
vt 0.063 0.4994
vt 0.0619 0.437
vt 0 0.4381
vt 0.0006 0.5005
vt 0.063 0.4994
vt 0.0619 0.437
vt 0 0.4381
vt 0.0006 0.5005
vt 0.0625 0.4531
vt 0.0625 0.2656
vt 0 0.2656
vt 0 0.4531
vt 0.0625 0.4531
vt 0.0625 0.2656
vt 0 0.2656
vt 0 0.4531
vt 0.0625 0.4531
vt 0.0625 0.2656
vt 0 0.2656
vt 0 0.4531
vt 0.0625 0.375
vt 0.0625 0.4688
vt 0 0.4688
vt 0 0.375
vt 0.0625 0.4688
vt 0.0625 0.375
vt 0 0.375
vt 0 0.4688
vt 0 0.4688
vt 0.0625 0.4688
vt 0.0625 0.375
vt 0 0.375
vt 0.25 0.4375
vt 0.1875 0.4063
vt 0.1875 0.375
vt 0.25 0.375
vt 0.1875 0.4063
vt 0.25 0.4375
vt 0.25 0.375
vt 0.1875 0.375
vt 0.0625 0.4379
vt 0 0.4379
vt 0 0.5
vt 0.0625 0.5
vt 0 0.4688
vt 0.0625 0.4688
vt 0.0625 0.4375
vt 0 0.4375
vt 0.0625 0.375
vt 0.0625 0.4688
vt 0 0.4688
vt 0 0.375
vt 0.0625 0.4688
vt 0.0625 0.375
vt 0 0.375
vt 0 0.4688
vt 0 0.4688
vt 0.0625 0.4688
vt 0.0625 0.375
vt 0 0.375
vt 0.25 0.4375
vt 0.1875 0.4063
vt 0.1875 0.375
vt 0.25 0.375
vt 0.1875 0.4063
vt 0.25 0.4375
vt 0.25 0.375
vt 0.1875 0.375
vt 0.0625 0.4379
vt 0 0.4379
vt 0 0.5
vt 0.0625 0.5
vt 0 0.4688
vt 0.0625 0.4688
vt 0.0625 0.4375
vt 0 0.4375
vt 0.0625 0.375
vt 0.0625 0.4688
vt 0 0.4688
vt 0 0.375
vt 0.0625 0.4688
vt 0.0625 0.375
vt 0 0.375
vt 0 0.4688
vt 0 0.4688
vt 0.0625 0.4688
vt 0.0625 0.375
vt 0 0.375
vt 0.25 0.4375
vt 0.1875 0.4063
vt 0.1875 0.375
vt 0.25 0.375
vt 0.1875 0.4063
vt 0.25 0.4375
vt 0.25 0.375
vt 0.1875 0.375
vt 0.0625 0.4379
vt 0 0.4379
vt 0 0.5
vt 0.0625 0.5
vt 0 0.4688
vt 0.0625 0.4688
vt 0.0625 0.4375
vt 0 0.4375
vt 0.0625 0.375
vt 0.0625 0.4688
vt 0 0.4688
vt 0 0.375
vt 0.0625 0.4688
vt 0.0625 0.375
vt 0 0.375
vt 0 0.4688
vt 0 0.4688
vt 0.0625 0.4688
vt 0.0625 0.375
vt 0 0.375
vt 0.0625 0.375
vt 0.0625 0.4688
vt 0 0.4688
vt 0 0.375
vt 0.0625 0.4688
vt 0.0625 0.375
vt 0 0.375
vt 0 0.4688
vt 0 0.4688
vt 0.0625 0.4688
vt 0.0625 0.375
vt 0 0.375
vt 0.0625 0.4688
vt 0.0625 0.4375
vt 0 0.4375
vt 0 0.4688
vt 0.1875 0.375
vt 0.25 0.375
vt 0.25 0.4375
vt 0.1875 0.4063
vt 0.0625 0.499
vt 0.0625 0.4385
vt 0 0.4385
vt 0 0.499
vt 0.0625 0.5
vt 0.0625 0.4531
vt 0 0.4531
vt 0 0.5
vt 0.0625 0.5
vt 0.0625 0.4531
vt 0 0.4531
vt 0 0.5
vt 0 0.5
vt 0.0625 0.5
vt 0.0625 0.4531
vt 0 0.4531
vt 0.75 0.875
vt 1 0.875
vt 1 0.75
vt 0.75 0.75
vt 0 0.5
vt 0.5 0.5
vt 0.5 0.25
vt 0 0.25
vt 0 1
vt 0.5 1
vt 0.5 0.75
vt 0 0.75
vt 0 1
vt 0.5 1
vt 0.5 0.875
vt 0 0.875
vt 0.5 1
vt 1 1
vt 1 0.875
vt 0.5 0.875
vt 0.7344 1
vt 0.7656 1
vt 0.7656 0.8906
vt 0.7344 0.8906
vt 0.7344 1
vt 0.7656 1
vt 0.7656 0.8906
vt 0.7344 0.8906
vt 0.7344 1
vt 0.7656 1
vt 0.7656 0.8906
vt 0.7344 0.8906
vt 0.7344 1
vt 0.7656 1
vt 0.7656 0.8906
vt 0.7344 0.8906
vt 0 1
vt 0.5 1
vt 0.5 0.875
vt 0 0.875
vt 0 1
vt 0.5 1
vt 0.5 0.5
vt 0 0.5
vt 0 0.75
vt 0.5 0.75
vt 0.5 0.25
vt 0 0.25
vt 0.5 1
vt 1 1
vt 1 0.875
vt 0.5 0.875
vt 0.5 1
vt 1 1
vt 1 0.875
vt 0.5 0.875
vt 0.25 1
vt 0.75 1
vt 0.75 0.5
vt 0.25 0.5
vt 0.25 0.75
vt 0.75 0.75
vt 0.75 0.25
vt 0.25 0.25
vt 0 1
vt 0.5 1
vt 0.5 0.875
vt 0 0.875
vt 0 1
vt 0.5 1
vt 0.5 0.875
vt 0 0.875
vt 0.25 0.75
vt 0.75 0.75
vt 0.75 0.25
vt 0.25 0.25
vt 0.25 1
vt 0.75 1
vt 0.75 0.5
vt 0.25 0.5
vt 0.5 1
vt 1 1
vt 1 0.875
vt 0.5 0.875
vt 0.5 1
vt 1 1
vt 1 0.875
vt 0.5 0.875
vt 0 0.75
vt 0.5 0.75
vt 0.5 0.25
vt 0 0.25
vt 0 1
vt 0.5 1
vt 0.5 0.5
vt 0 0.5
vt 0 1
vt 0.5 1
vt 0.5 0.875
vt 0 0.875
vt 0 1
vt 0.25 1
vt 0.25 0.9844
vt 0 0.9844
vt 0.25 1
vt 0.75 1
vt 0.75 0.75
vt 0.25 0.75
vt 0 1
vt 0.5 1
vt 0.5 0.75
vt 0 0.75
vt 0 1
vt 0.5 1
vt 0.5 0.9844
vt 0 0.9844
vt 0 1
vt 0.25 1
vt 0.25 0.9844
vt 0 0.9844
vt 0.25 0.5
vt 0.75 0.5
vt 0.75 0.25
vt 0.25 0.25
vt 0 1
vt 0.5 1
vt 0.5 0.75
vt 0 0.75
vt 0 1
vt 0.25 1
vt 0.25 0.9844
vt 0 0.9844
vt 0.2656 0.5781
vt 0.7656 0.5781
vt 0.7656 0.3281
vt 0.2656 0.3281
vt 0 1
vt 0.5 1
vt 0.5 0.75
vt 0 0.75
vt 0 1
vt 0.5 1
vt 0.5 0.9844
vt 0 0.9844
vt 0 1
vt 0.25 1
vt 0.25 0.9844
vt 0 0.9844
vt 0.2656 0.5781
vt 0.7656 0.5781
vt 0.7656 0.3281
vt 0.2656 0.3281
vt 0 1
vt 0.5 1
vt 0.5 0.75
vt 0 0.75
vt 0 1
vt 0.5 1
vt 0.5 0.9844
vt 0 0.9844
vt 0 1
vt 0.5 1
vt 0.5 0.9844
vt 0 0.9844
vt 0 1
vt 0.25 1
vt 0.25 0.9844
vt 0 0.9844
vt 0 1
vt 0.25 1
vt 0.25 0.9844
vt 0 0.9844
vt 0 0.5
vt 0.5 0.5
vt 0.5 0.25
vt 0 0.25
vt 0 1
vt 0.5 1
vt 0.5 0.75
vt 0 0.75
vt 0 1
vt 0.25 1
vt 0.25 0.9844
vt 0 0.9844
vt 0 1
vt 0.25 1
vt 0.25 0.9844
vt 0 0.9844
vt 0 0.625
vt 0.5 0.625
vt 0.5 0.375
vt 0 0.375
vt 0 1
vt 0.5 1
vt 0.5 0.75
vt 0 0.75
vt 0 1
vt 0.5 1
vt 0.5 0.9844
vt 0 0.9844
vt 0 1
vt 0.25 1
vt 0.25 0.9844
vt 0 0.9844
vt 0 1
vt 0.25 1
vt 0.25 0.9844
vt 0 0.9844
vt 0 0.625
vt 0.5 0.625
vt 0.5 0.375
vt 0 0.375
vt 0 1
vt 0.5 1
vt 0.5 0.75
vt 0 0.75
vt 0 1
vt 0.5 1
vt 0.5 0.9844
vt 0 0.9844
vt 0 1
vt 0.25 1
vt 0.25 0.9844
vt 0 0.9844
vt 0 1
vt 0.25 1
vt 0.25 0.9844
vt 0 0.9844
vt 0 1
vt 0.5 1
vt 0.5 0.75
vt 0 0.75
vt 0 1
vt 0.5 1
vt 0.5 0.75
vt 0 0.75
vt 0 1
vt 0.5 1
vt 0.5 0.9844
vt 0 0.9844
vt 0 1
vt 0.5 1
vt 0.5 0.9844
vt 0 0.9844
vt 0.25 1
vt 0.7344 1
vt 0.7344 0.8906
vt 0.25 0.8906
vt 0.0156 1
vt 0.5 1
vt 0.5 0.8906
vt 0.0156 0.8906
vt 0.0156 1
vt 0.5156 1
vt 0.5156 0.8906
vt 0.0156 0.8906
vt 0.2656 1
vt 0.75 1
vt 0.75 0.8906
vt 0.2656 0.8906
vt 0.0156 1
vt 0.5 1
vt 0.5 0.8906
vt 0.0156 0.8906
vt 0.25 1
vt 0.7344 1
vt 0.7344 0.8906
vt 0.25 0.8906
vt 0.2344 1
vt 0.7344 1
vt 0.7344 0.8906
vt 0.2344 0.8906
vt 0 1
vt 0.4844 1
vt 0.4844 0.8906
vt 0 0.8906
vt 0.7344 1
vt 0.7656 1
vt 0.7656 0.8906
vt 0.7344 0.8906
vt 0.7344 1
vt 0.7656 1
vt 0.7656 0.8906
vt 0.7344 0.8906
vt 0.7344 1
vt 0.7656 1
vt 0.7656 0.8906
vt 0.7344 0.8906
vt 0.7344 1
vt 0.7656 1
vt 0.7656 0.8906
vt 0.7344 0.8906
vt 0.75 0.25
vt 0.5 0.25
vt 0.5 0.0156
vt 0.75 0.0156
vt 0.0156 0.5
vt 0.5 0.5
vt 0.5 0.25
vt 0.0156 0.25
vt 0 0.6094
vt 0.125 0.6094
vt 0.125 0.4844
vt 0 0.4844
vt 0.75 0.5938
vt 0.75 0.6094
vt 0.625 0.6094
vt 0.625 0.5938
vt 0.625 0.5
vt 0.625 0.4844
vt 0.75 0.4844
vt 0.75 0.5
vt 0.625 0.6094
vt 0.6406 0.6094
vt 0.6406 0.4844
vt 0.625 0.4844
vt 0.7344 0.6094
vt 0.75 0.6094
vt 0.75 0.4844
vt 0.7344 0.4844
vt 0 1
vt 0.25 1
vt 0.25 0.9844
vt 0 0.9844
vt 0 1
vt 0.5 1
vt 0.5 0.75
vt 0 0.75
vt 0 1
vt 0.5 1
vt 0.5 0.75
vt 0 0.75
vt 0 1
vt 0.5 1
vt 0.5 0.9844
vt 0 0.9844
vt 0 1
vt 0.25 1
vt 0.25 0.9844
vt 0 0.9844
vt 0 0.5
vt 0.5 0.5
vt 0.5 0.25
vt 0 0.25
vt 0 1
vt 0.5 1
vt 0.5 0.75
vt 0 0.75
vt 0 1
vt 0.5 1
vt 0.5 0.9844
vt 0 0.9844
vt 0 1
vt 0.5 1
vt 0.5 0.9844
vt 0 0.9844
vt 0 1
vt 0.25 1
vt 0.25 0.9844
vt 0 0.9844
vt 0 1
vt 0.25 1
vt 0.25 0.9844
vt 0 0.9844
vt 0.25 0.5
vt 0.75 0.5
vt 0.75 0.25
vt 0.25 0.25
vt 0 1
vt 0.5 1
vt 0.5 0.75
vt 0 0.75
vt 0 1
vt 0.5 1
vt 0.5 0.9844
vt 0 0.9844
vt 0 1
vt 0.25 1
vt 0.25 0.9844
vt 0 0.9844
vt 0 1
vt 0.25 1
vt 0.25 0.9844
vt 0 0.9844
vt 0.25 1
vt 0.75 1
vt 0.75 0.75
vt 0.25 0.75
vt 0 1
vt 0.5 1
vt 0.5 0.75
vt 0 0.75
vt 0 1
vt 0.5 1
vt 0.5 0.9844
vt 0 0.9844
vt 0 1
vt 0.5 1
vt 0.5 0.9844
vt 0 0.9844
vt 0.5 1
vt 0.7344 1
vt 0.7344 0.8906
vt 0.5 0.8906
vt 0.0156 1
vt 0.5 1
vt 0.5 0.8906
vt 0.0156 0.8906
vt 0.0156 1
vt 0.25 1
vt 0.25 0.8906
vt 0.0156 0.8906
vt 0.25 1
vt 0.7344 1
vt 0.7344 0.8906
vt 0.25 0.8906
vt 0.7344 1
vt 0.7656 1
vt 0.7656 0.8906
vt 0.7344 0.8906
vt 0.7344 1
vt 0.7656 1
vt 0.7656 0.8906
vt 0.7344 0.8906
vt 0.7344 1
vt 0.7656 1
vt 0.7656 0.8906
vt 0.7344 0.8906
vt 0.7344 1
vt 0.7656 1
vt 0.7656 0.8906
vt 0.7344 0.8906
vt 0.7344 1
vt 0.7656 1
vt 0.7656 0.8906
vt 0.7344 0.8906
vt 0.7344 1
vt 0.7656 1
vt 0.7656 0.8906
vt 0.7344 0.8906
vt 0.7344 1
vt 0.7656 1
vt 0.7656 0.8906
vt 0.7344 0.8906
vt 0.7344 1
vt 0.7656 1
vt 0.7656 0.8906
vt 0.7344 0.8906
vt 0.625 0.6094
vt 0.75 0.6094
vt 0.75 0.4844
vt 0.625 0.4844
vt 0.75 0.5938
vt 0.75 0.6094
vt 0.625 0.6094
vt 0.625 0.5938
vt 0.625 0.5
vt 0.625 0.4844
vt 0.75 0.4844
vt 0.75 0.5
vt 0.625 0.6094
vt 0.6406 0.6094
vt 0.6406 0.4844
vt 0.625 0.4844
vt 0.7344 0.6094
vt 0.75 0.6094
vt 0.75 0.4844
vt 0.7344 0.4844
vt 0.75 0.25
vt 0.5 0.25
vt 0.5 0.0156
vt 0.75 0.0156
vt 0.25 0.5
vt 0.7344 0.5
vt 0.7344 0.25
vt 0.25 0.25
vt 0.7344 0.6406
vt 0.7656 0.6406
vt 0.7656 0.5938
vt 0.7344 0.5938
vt 0.7344 0.6406
vt 0.7656 0.6406
vt 0.7656 0.5938
vt 0.7344 0.5938
vt 0.7344 0.625
vt 0.7656 0.625
vt 0.7656 0.5938
vt 0.7344 0.5938
vt 0.7344 0.625
vt 0.7656 0.625
vt 0.7656 0.5938
vt 0.7344 0.5938
vt 0.7344 0.6406
vt 0.7656 0.6406
vt 0.7656 0.5938
vt 0.7344 0.5938
vt 0.7344 0.6406
vt 0.7656 0.6406
vt 0.7656 0.5938
vt 0.7344 0.5938
vt 0 0.9063
vt 0.25 0.9063
vt 0.25 0.25
vt 0 0.25
vt 0 0.9063
vt 0.25 0.9063
vt 0.25 0.25
vt 0 0.25
vt 0 0.25
vt 0.25 0.25
vt 0.25 0
vt 0 0
vt 0 0.25
vt 0.25 0.25
vt 0.25 0
vt 0 0
vt 0 0.9063
vt 0.25 0.9063
vt 0.25 0.25
vt 0 0.25
vt 0 0.9063
vt 0.25 0.9063
vt 0.25 0.25
vt 0 0.25
vt 0.3594 0.7344
vt 0.375 0.7344
vt 0.375 0.6875
vt 0.3594 0.6875
vt 0.3125 0.7344
vt 0.3281 0.7344
vt 0.3281 0.6875
vt 0.3125 0.6875
vt 0.3125 0.7344
vt 0.375 0.7344
vt 0.375 0.7188
vt 0.3125 0.7188
vt 0.3125 0.7344
vt 0.375 0.7344
vt 0.375 0.6875
vt 0.3125 0.6875
vt 0.4844 0.6094
vt 0.5 0.6094
vt 0.5 0.4844
vt 0.4844 0.4844
vt 0.375 0.6094
vt 0.3906 0.6094
vt 0.3906 0.4844
vt 0.375 0.4844
vt 0.375 0.6094
vt 0.5 0.6094
vt 0.5 0.5938
vt 0.375 0.5938
vt 0.375 0.5
vt 0.5 0.5
vt 0.5 0.4844
vt 0.375 0.4844
vt 0.375 0.6094
vt 0.5 0.6094
vt 0.5 0.4844
vt 0.375 0.4844
vt 0.7344 0.6406
vt 0.7656 0.6406
vt 0.7656 0.5938
vt 0.7344 0.5938
vt 0.7344 0.6406
vt 0.7656 0.6406
vt 0.7656 0.5938
vt 0.7344 0.5938
vt 0.7344 0.625
vt 0.7656 0.625
vt 0.7656 0.5938
vt 0.7344 0.5938
vt 0.7344 0.625
vt 0.7656 0.625
vt 0.7656 0.5938
vt 0.7344 0.5938
vt 0.7344 0.6406
vt 0.7656 0.6406
vt 0.7656 0.5938
vt 0.7344 0.5938
vt 0.7344 0.6406
vt 0.7656 0.6406
vt 0.7656 0.5938
vt 0.7344 0.5938
vt 0 1
vt 0.25 1
vt 0.25 0.9063
vt 0 0.9063
vt 0.7656 0.9219
vt 1 0.9219
vt 1 0.6719
vt 0.7656 0.6719
vt 0.7656 0.9219
vt 1 0.9219
vt 1 0.6719
vt 0.7656 0.6719
vt 0.2344 1
vt 0 1
vt 0 0.9063
vt 0.2344 0.9063
vt 0.9844 0.6563
vt 1 0.6563
vt 1 0
vt 0.9844 0
vt 0.75 0.0156
vt 1 0.0156
vt 1 0
vt 0.75 0
vt 0.75 0.0156
vt 1 0.0156
vt 1 0
vt 0.75 0
vt 0.75 0.6563
vt 1 0.6563
vt 1 0
vt 0.75 0
vt 0.75 0.6563
vt 1 0.6563
vt 1 0
vt 0.75 0
vt 0 1
vt 0.0156 1
vt 0.0156 0.9063
vt 0 0.9063
vt 0 1
vt 0.25 1
vt 0.25 0.9844
vt 0 0.9844
vt 0 1
vt 0.25 1
vt 0.25 0.9844
vt 0 0.9844
vt 0 1
vt 0.25 1
vt 0.25 0.9063
vt 0 0.9063
vt 0 1
vt 0.25 1
vt 0.25 0.9063
vt 0 0.9063
vt 0.3125 0.1875
vt 0.375 0.1875
vt 0.375 0.1719
vt 0.3125 0.1719
vt 0.3109 0.1875
vt 0.3734 0.1875
vt 0.3734 0.1719
vt 0.3109 0.1719
vt 0.25 0.1875
vt 0.4375 0.1875
vt 0.4375 0.125
vt 0.25 0.125
vt 0.25 0.1875
vt 0.4375 0.1875
vt 0.4375 0.1719
vt 0.25 0.1719
vt 0.25 0.1875
vt 0.4375 0.1875
vt 0.4375 0.1719
vt 0.25 0.1719
vt 0.3438 0.1875
vt 0.4063 0.1875
vt 0.4063 0.1719
vt 0.3438 0.1719
vt 0.3109 0.1875
vt 0.3734 0.1875
vt 0.3734 0.1719
vt 0.3109 0.1719
vt 0.25 0.1875
vt 0.4375 0.1875
vt 0.4375 0.125
vt 0.25 0.125
vt 0.25 0.1875
vt 0.4375 0.1875
vt 0.4375 0.1719
vt 0.25 0.1719
vt 0.25 0.1875
vt 0.4375 0.1875
vt 0.4375 0.1719
vt 0.25 0.1719
vt 0 1
vt 0.25 1
vt 0.25 0.9063
vt 0 0.9063
vt 0.7656 0.9219
vt 1 0.9219
vt 1 0.6719
vt 0.7656 0.6719
vt 0.7656 0.9219
vt 1 0.9219
vt 1 0.6719
vt 0.7656 0.6719
vt 0.2344 1
vt 0 1
vt 0 0.9063
vt 0.2344 0.9063
vt 0 1
vt 0.25 1
vt 0.25 0.9063
vt 0 0.9063
vt 0.7656 0.9219
vt 1 0.9219
vt 1 0.6719
vt 0.7656 0.6719
vt 0.7656 0.9219
vt 1 0.9219
vt 1 0.6719
vt 0.7656 0.6719
vt 0.2344 1
vt 0 1
vt 0 0.9063
vt 0.2344 0.9063
vt 0.2969 0.1875
vt 0.3594 0.1875
vt 0.3594 0.1719
vt 0.2969 0.1719
vt 0.3109 0.1875
vt 0.3734 0.1875
vt 0.3734 0.1719
vt 0.3109 0.1719
vt 0.25 0.1875
vt 0.4375 0.1875
vt 0.4375 0.125
vt 0.25 0.125
vt 0.25 0.1875
vt 0.4375 0.1875
vt 0.4375 0.1719
vt 0.25 0.1719
vt 0.25 0.1875
vt 0.4375 0.1875
vt 0.4375 0.1719
vt 0.25 0.1719
vt 0 1
vt 0.0156 1
vt 0.0156 0.9063
vt 0 0.9063
vt 0 1
vt 0.25 1
vt 0.25 0.9844
vt 0 0.9844
vt 0 1
vt 0.25 1
vt 0.25 0.9844
vt 0 0.9844
vt 0 1
vt 0.25 1
vt 0.25 0.9063
vt 0 0.9063
vt 0 1
vt 0.25 1
vt 0.25 0.9063
vt 0 0.9063
vt 0.5313 1
vt 0.5938 1
vt 0.5938 0.9531
vt 0.5313 0.9531
vt 0.4063 1
vt 0.4688 1
vt 0.4688 0.9531
vt 0.4063 0.9531
vt 0.2188 1
vt 0.4063 1
vt 0.4063 0.9531
vt 0.2188 0.9531
vt 0.2188 0.9844
vt 0.4063 0.9844
vt 0.4063 0.9375
vt 0.2188 0.9375
vt 0.7344 0.6406
vt 0.7656 0.6406
vt 0.7656 0.5938
vt 0.7344 0.5938
vt 0.7344 0.6406
vt 0.7656 0.6406
vt 0.7656 0.5938
vt 0.7344 0.5938
vt 0.7344 0.6406
vt 0.7656 0.6406
vt 0.7656 0.5938
vt 0.7344 0.5938
vt 0.7344 0.6406
vt 0.7656 0.6406
vt 0.7656 0.5938
vt 0.7344 0.5938
vt 0.7344 0.6406
vt 0.7656 0.6406
vt 0.7656 0.5938
vt 0.7344 0.5938
vt 0.7344 0.6406
vt 0.7656 0.6406
vt 0.7656 0.5938
vt 0.7344 0.5938
vt 0.7344 0.6406
vt 0.7656 0.6406
vt 0.7656 0.5938
vt 0.7344 0.5938
vt 0.7344 0.6406
vt 0.7656 0.6406
vt 0.7656 0.5938
vt 0.7344 0.5938
vt 0.25 1
vt 0.7188 1
vt 0.7188 0.3438
vt 0.25 0.3438
vt 0.25 1
vt 0.7188 1
vt 0.7188 0.3438
vt 0.25 0.3438
vt 0 1
vt 0.4688 1
vt 0.4688 0.5313
vt 0 0.5313
vt 0 1
vt 0.4688 1
vt 0.4688 0.5313
vt 0 0.5313
vt 0.25 1
vt 0.7188 1
vt 0.7188 0.3438
vt 0.25 0.3438
vt 0.25 1
vt 0.7188 1
vt 0.7188 0.3438
vt 0.25 0.3438
vt 0.4844 0.6094
vt 0.5 0.6094
vt 0.5 0.4844
vt 0.4844 0.4844
vt 0.375 0.6094
vt 0.3906 0.6094
vt 0.3906 0.4844
vt 0.375 0.4844
vt 0.375 0.6094
vt 0.5 0.6094
vt 0.5 0.5938
vt 0.375 0.5938
vt 0.375 0.5
vt 0.5 0.5
vt 0.5 0.4844
vt 0.375 0.4844
vt 0.375 0.6094
vt 0.5 0.6094
vt 0.5 0.4844
vt 0.375 0.4844
vt 0.4844 0.7344
vt 0.5 0.7344
vt 0.5 0.6875
vt 0.4844 0.6875
vt 0.4375 0.7344
vt 0.4531 0.7344
vt 0.4531 0.6875
vt 0.4375 0.6875
vt 0.4375 0.7344
vt 0.5 0.7344
vt 0.5 0.7188
vt 0.4375 0.7188
vt 0.4375 0.7344
vt 0.5 0.7344
vt 0.5 0.6875
vt 0.4375 0.6875
vt 0.7344 0.6406
vt 0.7656 0.6406
vt 0.7656 0.5938
vt 0.7344 0.5938
vt 0.7344 0.6406
vt 0.7656 0.6406
vt 0.7656 0.5938
vt 0.7344 0.5938
vt 0.7344 0.6406
vt 0.7656 0.6406
vt 0.7656 0.5938
vt 0.7344 0.5938
vt 0.7344 0.6406
vt 0.7656 0.6406
vt 0.7656 0.5938
vt 0.7344 0.5938
vt 0.7344 0.6406
vt 0.7656 0.6406
vt 0.7656 0.5938
vt 0.7344 0.5938
vt 0.7344 0.6406
vt 0.7656 0.6406
vt 0.7656 0.5938
vt 0.7344 0.5938
vt 0.7344 0.6406
vt 0.7656 0.6406
vt 0.7656 0.5938
vt 0.7344 0.5938
vt 0.7344 0.6406
vt 0.7656 0.6406
vt 0.7656 0.5938
vt 0.7344 0.5938
vt 0.7344 0.6406
vt 0.7656 0.6406
vt 0.7656 0.5938
vt 0.7344 0.5938
vt 0.7344 0.6406
vt 0.7656 0.6406
vt 0.7656 0.5938
vt 0.7344 0.5938
vt 0.7344 0.6406
vt 0.7656 0.6406
vt 0.7656 0.5938
vt 0.7344 0.5938
vt 0.7344 0.6406
vt 0.7656 0.6406
vt 0.7656 0.5938
vt 0.7344 0.5938
vt 0.7344 0.6406
vt 0.7656 0.6406
vt 0.7656 0.5938
vt 0.7344 0.5938
vt 0.7344 0.6406
vt 0.7656 0.6406
vt 0.7656 0.5938
vt 0.7344 0.5938
vt 0.7344 0.6406
vt 0.7656 0.6406
vt 0.7656 0.5938
vt 0.7344 0.5938
vt 0.7344 0.6406
vt 0.7656 0.6406
vt 0.7656 0.5938
vt 0.7344 0.5938
vt 0 0.3906
vt 0.25 0.3906
vt 0.25 0.3438
vt 0 0.3438
vt 0 0.3906
vt 0.25 0.3906
vt 0.25 0.3438
vt 0 0.3438
vt 0 0.3906
vt 0.25 0.3906
vt 0.25 0.3438
vt 0 0.3438
vt 0 0.3906
vt 0.25 0.3906
vt 0.25 0.3438
vt 0 0.3438
vt 0.75 0.875
vt 1 0.875
vt 1 0.75
vt 0.75 0.75
vt 0.25 0.5
vt 0.75 0.5
vt 0.75 0.25
vt 0.25 0.25
vt 0.25 1
vt 0.75 1
vt 0.75 0.75
vt 0.25 0.75
vt 0.5 1
vt 1 1
vt 1 0.875
vt 0.5 0.875
vt 0 1
vt 0.5 1
vt 0.5 0.875
vt 0 0.875
vt 0.6094 0.3438
vt 0.625 0.3438
vt 0.625 0.0938
vt 0.6094 0.0938
vt 0.25 0.3438
vt 0.2656 0.3438
vt 0.2656 0.0938
vt 0.25 0.0938
vt 0.25 0.3438
vt 0.625 0.3438
vt 0.625 0.3281
vt 0.25 0.3281
vt 0.25 0.1094
vt 0.625 0.1094
vt 0.625 0.0938
vt 0.25 0.0938
vt 0.25 0.3438
vt 0.625 0.3438
vt 0.625 0.0938
vt 0.25 0.0938
vt 0.4219 0.1875
vt 0.4375 0.1875
vt 0.4375 0.125
vt 0.4219 0.125
vt 0.25 0.1875
vt 0.2656 0.1875
vt 0.2656 0.125
vt 0.25 0.125
vt 0.25 0.1875
vt 0.4375 0.1875
vt 0.4375 0.1719
vt 0.25 0.1719
vt 0.25 0.1406
vt 0.4375 0.1406
vt 0.4375 0.125
vt 0.25 0.125
vt 0.25 0.1875
vt 0.4375 0.1875
vt 0.4375 0.125
vt 0.25 0.125
vt 0.0469 0.7344
vt 0.0625 0.7344
vt 0.0625 0.6875
vt 0.0469 0.6875
vt 0 0.7344
vt 0.0156 0.7344
vt 0.0156 0.6875
vt 0 0.6875
vt 0 0.7344
vt 0.0625 0.7344
vt 0.0625 0.7188
vt 0 0.7188
vt 0 0.7344
vt 0.0625 0.7344
vt 0.0625 0.6875
vt 0 0.6875
vt 0.1094 0.8281
vt 0.0156 0.8594
vt 0.0156 0.7656
vt 0.1094 0.7656
vt 0.0156 0.8594
vt 0.1094 0.8281
vt 0.1094 0.7656
vt 0.0156 0.7656
vt 0.1406 0.7031
vt 0.2344 0.7031
vt 0.2344 0.6043
vt 0.1406 0.6043
vt 0.1406 0.7031
vt 0.2344 0.7031
vt 0.2344 0.6406
vt 0.1406 0.6406
vt 0.2344 0.7344
vt 0.2344 0.6094
vt 0.1406 0.6094
vt 0.1406 0.7344
vt 0.2344 0.7344
vt 0.2344 0.6094
vt 0.1406 0.6094
vt 0.1406 0.7344
vt 0.1406 0.7344
vt 0.2344 0.7344
vt 0.2344 0.6094
vt 0.1406 0.6094
vt 0.1094 0.7031
vt 0.1094 0.5938
vt 0.0156 0.5938
vt 0.0156 0.7031
vt 0.0156 0.5938
vt 0.0156 0.7031
vt 0.1094 0.7031
vt 0.1094 0.5938
vt 0.0156 0.6563
vt 0.1094 0.6563
vt 0.1094 0.5469
vt 0.0156 0.5469
vt 0.1406 0.6328
vt 0.1406 0.6797
vt 0.2344 0.6797
vt 0.2344 0.6328
vt 0.1094 0.8438
vt 0.0156 0.8594
vt 0.0156 0.7656
vt 0.1094 0.7656
vt 0.2352 0.7087
vt 0.2352 0.6038
vt 0.1415 0.6038
vt 0.1415 0.7087
vt 0.1094 0.6563
vt 0.1094 0.5938
vt 0.0156 0.5938
vt 0.0156 0.6563
vt 0.1094 0.6563
vt 0.1094 0.5938
vt 0.0156 0.5938
vt 0.0156 0.6563
vt 0.0156 0.5938
vt 0.0156 0.6563
vt 0.1094 0.6563
vt 0.1094 0.5938
vt 0.1406 0.6328
vt 0.1406 0.6797
vt 0.2344 0.6797
vt 0.2344 0.6328
vt 0.1094 0.8438
vt 0.0156 0.8594
vt 0.0156 0.7656
vt 0.1094 0.7656
vt 0.2352 0.7087
vt 0.2352 0.6038
vt 0.1415 0.6038
vt 0.1415 0.7087
vt 0.2344 0.7188
vt 0.2344 0.6094
vt 0.1406 0.6094
vt 0.1406 0.7188
vt 0.1406 0.6094
vt 0.1406 0.7188
vt 0.2344 0.7188
vt 0.2344 0.6094
vt 0.1406 0.7188
vt 0.2344 0.7188
vt 0.2344 0.6094
vt 0.1406 0.6094
vt 0.1094 0.6875
vt 0.1094 0.5625
vt 0.0156 0.5625
vt 0.0156 0.6875
vt 0.1094 0.6875
vt 0.1094 0.5625
vt 0.0156 0.5625
vt 0.0156 0.6875
vt 0.0156 0.6875
vt 0.1094 0.6875
vt 0.1094 0.5625
vt 0.0156 0.5625
vt 0.2969 0.1875
vt 0.3594 0.1875
vt 0.3594 0.1719
vt 0.2969 0.1719
vt 0.3109 0.1875
vt 0.3734 0.1875
vt 0.3734 0.1719
vt 0.3109 0.1719
vt 0.25 0.1875
vt 0.4375 0.1875
vt 0.4375 0.125
vt 0.25 0.125
vt 0.25 0.1875
vt 0.4375 0.1875
vt 0.4375 0.1719
vt 0.25 0.1719
vt 0.25 0.1875
vt 0.4375 0.1875
vt 0.4375 0.1719
vt 0.25 0.1719
vn 0 0 -1
vn 0 0 1
vn 0 1 0
vn -1 0 0
vn 1 0 0
vn 0 1 0
vn 0 0 1
vn 0 0 -1
vn 0 1 0
vn -1 0 0
vn 0 1 0
vn 1 0 0
vn 0 1 0
vn 0 -1 0
vn -1 0 0
vn 1 0 0
vn 0 1 0
vn 0 -1 0
vn -1 0 0
vn 1 0 0
vn 0 0 -1
vn 0 0 1
vn 0 1 0
vn 0 -1 0
vn -1 0 0
vn 1 0 0
vn 0 0 1
vn 0 0 -1
vn 0 -1 0
vn 0 1 0
vn -1 0 0
vn 1 0 0
vn 0 0 -1
vn 0 0 1
vn 0 1 0
vn -1 0 0
vn 1 0 0
vn 0 1 0
vn 0 0 1
vn 0 0 -1
vn 0 1 0
vn -1 0 0
vn 1 0 0
vn 0 1 0
vn 0 0 1
vn 0 1 0
vn -0.89 0 0.45
vn 0 0 -1
vn 0 0 1
vn 0.45 0.89 0
vn 1 0 0
vn 0 0 -1
vn 0 0 1
vn 0 1 0
vn 0 1 0
vn -1 0 0
vn 1 0 0
vn 0 1 0
vn -1 0 0
vn 1 0 0
vn 0 0 -1
vn 0 0 1
vn 0 1 0
vn 0 0 -1
vn 0 0 1
vn 0.45 0.89 0
vn 1 0 0
vn 0 0 -1
vn 0 0 1
vn 0 1 0
vn 0 0 -1
vn 0 0 1
vn 0.45 0.89 0
vn 1 0 0
vn 0 0 -1
vn 0 0 1
vn 0 1 0
vn 0 0 -1
vn 0 0 1
vn 0.45 0.89 0
vn 1 0 0
vn 0 0 -1
vn 0 0 1
vn 0 1 0
vn 0 0 -1
vn 0 0 1
vn 0 1 0
vn 0 0 1
vn 0 1 0
vn -0.89 0 0.45
vn 0 0 -1
vn 0 0 1
vn 0 1 0
vn 0 0 1
vn 0 1 0
vn 0 -1 0
vn -1 0 0
vn 1 0 0
vn 0 0 -1
vn 0 0 1
vn -1 0 0
vn 1 0 0
vn 0 0 1
vn 0 1 0
vn 0 -1 0
vn 1 0 0
vn 0 0 -1
vn 0 1 0
vn 0 -1 0
vn 1 0 0
vn 0 0 -1
vn 0 1 0
vn 0 -1 0
vn -1 0 0
vn 0 0 1
vn 0 1 0
vn 0 -1 0
vn -1 0 0
vn 0 0 -1
vn 0 1 0
vn 0 -1 0
vn 1 0 0
vn 0 0 -1
vn 0 1 0
vn 0 -1 0
vn 0 0 -1
vn 0 1 0
vn 0 -1 0
vn -1 0 0
vn 0 0 -1
vn 0 1 0
vn 0 -1 0
vn -1 0 0
vn 1 0 0
vn 0 0 -1
vn 0 0 1
vn 0 1 0
vn 0 -1 0
vn 0 0 -1
vn 0 0 1
vn 0 1 0
vn 0 -1 0
vn -1 0 0
vn 0 0 -1
vn 0 0 1
vn 0 1 0
vn 0 -1 0
vn -1 0 0
vn 0 0 -1
vn 0 0 1
vn 0 1 0
vn 0 -1 0
vn -1 0 0
vn 1 0 0
vn 0 0 -1
vn 1 0 0
vn 0 0 -1
vn -1 0 0
vn 0 0 1
vn 1 0 0
vn 0 0 1
vn -1 0 0
vn 0 0 -1
vn 0 0 1
vn -1 0 0
vn 1 0 0
vn 0 0 1
vn 0 -1 0
vn 0 0 1
vn 0 1 0
vn 0 -1 0
vn -1 0 0
vn 1 0 0
vn 0 0 1
vn 0 1 0
vn 0 -1 0
vn 1 0 0
vn 0 0 1
vn 0 1 0
vn 0 -1 0
vn -1 0 0
vn 1 0 0
vn 0 0 -1
vn 0 0 1
vn 0 1 0
vn 0 -1 0
vn -1 0 0
vn 0 0 -1
vn 0 0 1
vn 0 1 0
vn 0 -1 0
vn -1 0 0
vn 1 0 0
vn 0 0 1
vn -1 0 0
vn 0 0 -1
vn -1 0 0
vn 0 0 -1
vn 0 0 1
vn -1 0 0
vn 1 0 0
vn 0 0 -1
vn 0 0 1
vn -1 0 0
vn 1 0 0
vn 0 0 -1
vn 0 1 0
vn 0 -1 0
vn -1 0 0
vn 1 0 0
vn 0 0 -1
vn 0 -1 0
vn 0 0 -1
vn 0 0 1
vn 0 1 0
vn 0 -1 0
vn -1 0 0
vn 1 0 0
vn 0 0 -1
vn 0 0 1
vn 0 1 0
vn 0 -1 0
vn -1 0 0
vn 1 0 0
vn 0 0 -1
vn 0 0 1
vn 0 1 0
vn -1 0 0
vn 0 0 -1
vn 0 0 1
vn 0 1 0
vn 0 -1 0
vn -1 0 0
vn 0 0 -1
vn 0 0 1
vn 0 1 0
vn 0 -1 0
vn -1 0 0
vn 1 0 0
vn 0 0 1
vn 0 1 0
vn 0 -1 0
vn 1 0 0
vn 1 0 0
vn 0 1 0
vn 0 -1 0
vn 0 0 -1
vn 0 0 1
vn 1 0 0
vn 0 1 0
vn 0 -1 0
vn 0 0 -1
vn 0 0 1
vn 0 0 -1
vn 0 0 1
vn 0 1 0
vn -1 0 0
vn 1 0 0
vn 0 0 -1
vn 0 0 1
vn 0 -1 0
vn -1 0 0
vn 1 0 0
vn 0 0 1
vn 0 1 0
vn 0 -1 0
vn 1 0 0
vn 0 0 1
vn 0 1 0
vn 0 -1 0
vn 1 0 0
vn 0 0 -1
vn 0 0 1
vn 0 1 0
vn -1 0 0
vn 1 0 0
vn 1 0 0
vn 0 1 0
vn 0 -1 0
vn 0 0 -1
vn 0 0 1
vn 0 0 -1
vn 0 0 1
vn -1 0 0
vn 1 0 0
vn 0 0 -1
vn 0 0 1
vn -1 0 0
vn 1 0 0
vn 0 0 -1
vn 0 0 1
vn -1 0 0
vn 1 0 0
vn 0 0 -1
vn 0 0 1
vn 0 1 0
vn 0 -1 0
vn -1 0 0
vn 1 0 0
vn 0 0 -1
vn 0 0 1
vn 0 1 0
vn 0 -1 0
vn -1 0 0
vn 0 0 -1
vn 0 0 1
vn 0 1 0
vn -1 0 0
vn 0 0 -1
vn 0 0 1
vn -1 0 0
vn 1 0 0
vn 0 0 -1
vn 0 0 1
vn -1 0 0
vn 1 0 0
vn 0 0 -1
vn 0 0 1
vn -1 0 0
vn 1 0 0
vn 0 0 -1
vn 0 0 1
vn -1 0 0
vn 1 0 0
vn 0 0 -1
vn 0 0 1
vn -1 0 0
vn 1 0 0
vn 0 0 -1
vn 0 1 0
vn 0 -1 0
vn -1 0 0
vn 1 0 0
vn 1 0 0
vn -1 0 0
vn 0 1 0
vn 0 -1 0
vn 0 0 -1
vn 0 0 -1
vn 0 0 1
vn 0 1 0
vn 0 -1 0
vn -1 0 0
vn 0 0 -1
vn 0 0 1
vn 0 1 0
vn -1 0 0
vn 0 0 -1
vn 0 0 1
vn -0.32 0.95 0
vn -1 0 0
vn 0 0 -1
vn 0 0 1
vn 0 1 0
vn 0 0 -1
vn 0 0 1
vn 0 1 0
vn 0 0 -1
vn 0 1 0
vn -0.99 0 -0.16
vn 0 1 0
vn -1 0 0
vn 1 0 0
vn 0 0 1
vn 0 1 0
vn 0.99 0 0.16
vn 0 0 -1
vn 0 0 1
vn 0 1 0
vn 0 0 -1
vn 0 0 1
vn 0 1 0
vn 0 0 -1
vn 0 0 1
vn 0 -1 0
vn 1 0 0
vn -1 0 0
usemtl vulcanizer_base1
f 13/1/1 10/2/1 3/3/1
f 13/1/1 3/3/1 5/4/1
f 11/5/2 12/6/2 9/7/2
f 11/5/2 9/7/2 7/8/2
usemtl common_rough_steel
f 17/9/3 14/10/3 11/11/3
f 17/9/3 11/11/3 7/12/3
usemtl vulcanizer_base1
f 15/13/4 16/14/4 8/15/4
f 15/13/4 8/15/4 6/16/4
f 18/17/5 17/18/5 7/19/5
f 18/17/5 7/19/5 9/20/5
usemtl common_rough_steel
f 14/21/6 15/22/6 6/23/6
f 14/21/6 6/23/6 11/24/6
usemtl vulcanizer_base1
f 12/25/7 11/26/7 6/27/7
f 12/25/7 6/27/7 8/28/7
f 10/29/8 13/30/8 4/31/8
f 10/29/8 4/31/8 2/32/8
usemtl common_rough_steel
f 15/33/9 14/34/9 10/35/9
f 15/33/9 10/35/9 2/36/9
usemtl vulcanizer_base1
f 16/37/10 15/38/10 2/39/10
f 16/37/10 2/39/10 4/40/10
usemtl common_rough_steel
f 14/41/11 17/42/11 3/43/11
f 14/41/11 3/43/11 10/44/11
usemtl vulcanizer_base1
f 17/45/12 18/46/12 5/47/12
f 17/45/12 5/47/12 3/48/12
f 24/49/13 20/50/13 19/51/13
f 24/49/13 19/51/13 23/52/13
f 25/53/14 21/54/14 22/55/14
f 25/53/14 22/55/14 26/56/14
f 23/57/15 19/58/15 21/59/15
f 23/57/15 21/59/15 25/60/15
f 20/61/16 24/62/16 26/63/16
f 20/61/16 26/63/16 22/64/16
f 32/65/17 28/66/17 27/67/17
f 32/65/17 27/67/17 31/68/17
f 33/69/18 29/70/18 30/71/18
f 33/69/18 30/71/18 34/72/18
f 31/73/19 27/74/19 29/75/19
f 31/73/19 29/75/19 33/76/19
f 28/77/20 32/78/20 34/79/20
f 28/77/20 34/79/20 30/80/20
f 35/81/21 36/82/21 38/83/21
f 35/81/21 38/83/21 37/84/21
f 20/85/22 27/86/22 29/87/22
f 20/85/22 29/87/22 22/88/22
f 20/89/23 36/90/23 35/91/23
f 20/89/23 35/91/23 27/92/23
f 29/93/24 37/94/24 38/95/24
f 29/93/24 38/95/24 22/96/24
f 27/97/25 35/98/25 37/99/25
f 27/97/25 37/99/25 29/100/25
f 36/101/26 20/102/26 22/103/26
f 36/101/26 22/103/26 38/104/26
f 39/105/27 40/106/27 42/107/27
f 39/105/27 42/107/27 41/108/27
f 26/109/28 33/110/28 31/111/28
f 26/109/28 31/111/28 24/112/28
f 26/113/29 40/114/29 39/115/29
f 26/113/29 39/115/29 33/116/29
f 31/117/30 41/118/30 42/119/30
f 31/117/30 42/119/30 24/120/30
f 33/121/31 39/122/31 41/123/31
f 33/121/31 41/123/31 31/124/31
f 40/125/32 26/126/32 24/127/32
f 40/125/32 24/127/32 42/128/32
usemtl common_steel_norivets
f 54/129/33 51/130/33 44/131/33
f 54/129/33 44/131/33 46/132/33
f 52/133/34 53/134/34 50/135/34
f 52/133/34 50/135/34 48/136/34
f 59/137/35 55/138/35 52/139/35
f 59/137/35 52/139/35 48/140/35
f 56/141/36 57/142/36 49/143/36
f 56/141/36 49/143/36 47/144/36
f 58/145/37 59/146/37 48/147/37
f 58/145/37 48/147/37 50/148/37
f 55/149/38 56/150/38 47/151/38
f 55/149/38 47/151/38 52/152/38
f 53/153/39 52/154/39 47/155/39
f 53/153/39 47/155/39 49/156/39
f 51/157/40 54/158/40 45/159/40
f 51/157/40 45/159/40 43/160/40
f 56/161/41 55/162/41 51/163/41
f 56/161/41 51/163/41 43/164/41
f 57/165/42 56/166/42 43/167/42
f 57/165/42 43/167/42 45/168/42
f 59/169/43 58/170/43 46/171/43
f 59/169/43 46/171/43 44/172/43
f 55/173/44 59/174/44 44/175/44
f 55/173/44 44/175/44 51/176/44
usemtl common_cable_and_pipe
f 64/177/45 63/178/45 65/179/45
f 64/177/45 65/179/45 66/180/45
f 64/181/46 61/182/46 60/183/46
f 64/181/46 60/183/46 63/184/46
f 63/185/47 60/186/47 62/187/47
f 63/185/47 62/187/47 65/188/47
f 67/189/48 68/190/48 70/191/48
f 67/189/48 70/191/48 69/192/48
f 72/193/49 71/194/49 73/195/49
f 72/193/49 73/195/49 74/196/49
f 72/197/50 68/198/50 67/199/50
f 72/197/50 67/199/50 71/200/50
f 68/201/51 72/202/51 74/203/51
f 68/201/51 74/203/51 70/204/51
f 75/205/52 67/206/52 69/207/52
f 75/205/52 69/207/52 76/208/52
f 71/209/53 77/210/53 78/211/53
f 71/209/53 78/211/53 73/212/53
f 71/213/54 67/214/54 75/215/54
f 71/213/54 75/215/54 77/216/54
f 84/217/55 80/218/55 79/219/55
f 84/217/55 79/219/55 83/220/55
f 83/221/56 79/222/56 81/223/56
f 83/221/56 81/223/56 85/224/56
f 80/225/57 84/226/57 86/227/57
f 80/225/57 86/227/57 82/228/57
f 61/229/58 88/230/58 87/231/58
f 61/229/58 87/231/58 60/232/58
f 60/233/59 87/234/59 89/235/59
f 60/233/59 89/235/59 62/236/59
f 88/237/60 61/238/60 91/239/60
f 88/237/60 91/239/60 90/240/60
f 92/241/61 93/242/61 95/243/61
f 92/241/61 95/243/61 94/244/61
f 97/245/62 96/246/62 98/247/62
f 97/245/62 98/247/62 99/248/62
f 97/249/63 93/250/63 92/251/63
f 97/249/63 92/251/63 96/252/63
f 93/253/64 100/254/64 101/255/64
f 93/253/64 101/255/64 95/256/64
f 102/257/65 97/258/65 99/259/65
f 102/257/65 99/259/65 103/260/65
f 102/261/66 100/262/66 93/263/66
f 102/261/66 93/263/66 97/264/66
f 100/265/67 102/266/67 103/267/67
f 100/265/67 103/267/67 101/268/67
f 104/269/68 105/270/68 107/271/68
f 104/269/68 107/271/68 106/272/68
f 109/273/69 108/274/69 110/275/69
f 109/273/69 110/275/69 111/276/69
f 109/277/70 105/278/70 104/279/70
f 109/277/70 104/279/70 108/280/70
f 105/281/71 112/282/71 113/283/71
f 105/281/71 113/283/71 107/284/71
f 114/285/72 109/286/72 111/287/72
f 114/285/72 111/287/72 115/288/72
f 114/289/73 112/290/73 105/291/73
f 114/289/73 105/291/73 109/292/73
f 112/293/74 114/294/74 115/295/74
f 112/293/74 115/295/74 113/296/74
f 116/297/75 117/298/75 119/299/75
f 116/297/75 119/299/75 118/300/75
f 121/301/76 120/302/76 122/303/76
f 121/301/76 122/303/76 123/304/76
f 121/305/77 117/306/77 116/307/77
f 121/305/77 116/307/77 120/308/77
f 117/309/78 124/310/78 125/311/78
f 117/309/78 125/311/78 119/312/78
f 126/313/79 121/314/79 123/315/79
f 126/313/79 123/315/79 127/316/79
f 126/317/80 124/318/80 117/319/80
f 126/317/80 117/319/80 121/320/80
f 124/321/81 126/322/81 127/323/81
f 124/321/81 127/323/81 125/324/81
f 84/325/82 104/326/82 106/327/82
f 84/325/82 106/327/82 86/328/82
f 108/329/83 128/330/83 129/331/83
f 108/329/83 129/331/83 110/332/83
f 108/333/84 104/334/84 84/335/84
f 108/333/84 84/335/84 128/336/84
f 61/337/85 130/338/85 131/339/85
f 61/337/85 131/339/85 91/340/85
f 132/341/86 64/342/86 66/343/86
f 132/341/86 66/343/86 133/344/86
f 132/345/87 130/346/87 61/347/87
f 132/345/87 61/347/87 64/348/87
f 128/349/88 134/350/88 135/351/88
f 128/349/88 135/351/88 129/352/88
f 128/353/89 84/354/89 83/355/89
f 128/353/89 83/355/89 134/356/89
f 134/357/90 83/358/90 85/359/90
f 134/357/90 85/359/90 135/360/90
f 130/361/91 116/362/91 118/363/91
f 130/361/91 118/363/91 131/364/91
f 120/365/92 132/366/92 133/367/92
f 120/365/92 133/367/92 122/368/92
f 120/369/93 116/370/93 130/371/93
f 120/369/93 130/371/93 132/372/93
usemtl common_machinebase
f 141/373/94 140/374/94 142/375/94
f 141/373/94 142/375/94 143/376/94
usemtl common_steel
f 141/377/95 137/378/95 136/379/95
f 141/377/95 136/379/95 140/380/95
usemtl common_bottom
f 142/381/96 138/382/96 139/383/96
f 142/381/96 139/383/96 143/384/96
usemtl common_machinebase
f 140/385/97 136/386/97 138/387/97
f 140/385/97 138/387/97 142/388/97
f 137/389/98 141/390/98 143/391/98
f 137/389/98 143/391/98 139/392/98
usemtl common_steel_norivets
f 144/393/99 145/394/99 147/395/99
f 144/393/99 147/395/99 146/396/99
f 149/397/100 148/398/100 150/399/100
f 149/397/100 150/399/100 151/400/100
f 148/401/101 144/402/101 146/403/101
f 148/401/101 146/403/101 150/404/101
f 145/405/102 149/406/102 151/407/102
f 145/405/102 151/407/102 147/408/102
usemtl common_machinebase
f 157/409/103 156/410/103 158/411/103
f 157/409/103 158/411/103 159/412/103
usemtl common_rough_steel
f 157/413/104 153/414/104 152/415/104
f 157/413/104 152/415/104 156/416/104
usemtl common_bottom
f 158/417/105 154/418/105 155/419/105
f 158/417/105 155/419/105 159/420/105
usemtl common_machinebase
f 153/421/106 157/422/106 159/423/106
f 153/421/106 159/423/106 155/424/106
f 160/425/107 147/426/107 162/427/107
f 160/425/107 162/427/107 161/428/107
usemtl common_rough_steel
f 153/429/108 147/430/108 160/431/108
f 153/429/108 160/431/108 152/432/108
usemtl common_bottom
f 154/433/109 161/434/109 162/435/109
f 154/433/109 162/435/109 155/436/109
usemtl common_machinebase
f 147/437/110 153/438/110 155/439/110
f 147/437/110 155/439/110 162/440/110
f 163/441/111 160/442/111 161/443/111
f 163/441/111 161/443/111 164/444/111
usemtl common_rough_steel
f 152/445/112 160/446/112 163/447/112
f 152/445/112 163/447/112 165/448/112
usemtl common_bottom
f 166/449/113 164/450/113 161/451/113
f 166/449/113 161/451/113 154/452/113
usemtl common_machinebase
f 165/453/114 163/454/114 164/455/114
f 165/453/114 164/455/114 166/456/114
f 156/457/115 167/458/115 168/459/115
f 156/457/115 168/459/115 158/460/115
usemtl common_rough_steel
f 156/461/116 152/462/116 165/463/116
f 156/461/116 165/463/116 167/464/116
usemtl common_bottom
f 168/465/117 166/466/117 154/467/117
f 168/465/117 154/467/117 158/468/117
usemtl common_machinebase
f 167/469/118 165/470/118 166/471/118
f 167/469/118 166/471/118 168/472/118
usemtl common_rough_steel
f 169/473/119 170/474/119 145/475/119
f 169/473/119 145/475/119 171/476/119
f 172/477/120 170/478/120 169/479/120
f 172/477/120 169/479/120 18/480/120
f 173/481/121 171/482/121 145/483/121
f 173/481/121 145/483/121 174/484/121
f 170/485/122 172/486/122 174/487/122
f 170/485/122 174/487/122 145/488/122
f 175/489/123 176/490/123 178/491/123
f 175/489/123 178/491/123 177/492/123
f 180/493/124 176/494/124 175/495/124
f 180/493/124 175/495/124 179/496/124
f 181/497/125 177/498/125 178/499/125
f 181/497/125 178/499/125 182/500/125
f 176/501/126 183/502/126 184/503/126
f 176/501/126 184/503/126 178/504/126
f 185/505/127 183/506/127 176/507/127
f 185/505/127 176/507/127 180/508/127
f 182/509/128 178/510/128 184/511/128
f 182/509/128 184/511/128 186/512/128
f 180/513/129 176/514/129 178/515/129
f 180/513/129 178/515/129 182/516/129
f 183/517/130 169/518/130 171/519/130
f 183/517/130 171/519/130 184/520/130
f 18/521/131 169/522/131 183/523/131
f 18/521/131 183/523/131 185/524/131
f 186/525/132 184/526/132 171/527/132
f 186/525/132 171/527/132 173/528/132
f 185/529/133 183/530/133 184/531/133
f 185/529/133 184/531/133 186/532/133
f 169/533/134 18/534/134 173/535/134
f 169/533/134 173/535/134 171/536/134
f 179/537/135 180/538/135 182/539/135
f 179/537/135 182/539/135 181/540/135
f 188/541/136 187/542/136 189/543/136
f 188/541/136 189/543/136 190/544/136
f 188/545/137 180/546/137 179/547/137
f 188/545/137 179/547/137 187/548/137
f 189/549/138 181/550/138 182/551/138
f 189/549/138 182/551/138 190/552/138
f 180/553/139 185/554/139 186/555/139
f 180/553/139 186/555/139 182/556/139
f 191/557/140 188/558/140 190/559/140
f 191/557/140 190/559/140 192/560/140
f 191/561/141 185/562/141 180/563/141
f 191/561/141 180/563/141 188/564/141
f 190/565/142 182/566/142 186/567/142
f 190/565/142 186/567/142 192/568/142
f 188/569/143 180/570/143 182/571/143
f 188/569/143 182/571/143 190/572/143
f 185/573/144 18/574/144 173/575/144
f 185/573/144 173/575/144 186/576/144
f 193/577/145 191/578/145 192/579/145
f 193/577/145 192/579/145 194/580/145
f 193/581/146 18/582/146 185/583/146
f 193/581/146 185/583/146 191/584/146
f 192/585/147 186/586/147 173/587/147
f 192/585/147 173/587/147 194/588/147
f 191/589/148 185/590/148 186/591/148
f 191/589/148 186/591/148 192/592/148
f 18/593/149 172/594/149 174/595/149
f 18/593/149 174/595/149 173/596/149
f 195/597/150 193/598/150 194/599/150
f 195/597/150 194/599/150 196/600/150
f 195/601/151 172/602/151 18/603/151
f 195/601/151 18/603/151 193/604/151
f 194/605/152 173/606/152 174/607/152
f 194/605/152 174/607/152 196/608/152
f 193/609/153 18/610/153 173/611/153
f 193/609/153 173/611/153 194/612/153
f 172/613/154 195/614/154 196/615/154
f 172/613/154 196/615/154 174/616/154
usemtl common_steel
f 197/617/155 198/618/155 200/619/155
f 197/617/155 200/619/155 199/620/155
f 198/621/156 201/622/156 202/623/156
f 198/621/156 202/623/156 200/624/156
f 203/625/157 197/626/157 199/627/157
f 203/625/157 199/627/157 204/628/157
f 181/629/158 203/630/158 204/631/158
f 181/629/158 204/631/158 165/632/158
f 206/633/159 205/634/159 207/635/159
f 206/633/159 207/635/159 208/636/159
f 201/637/160 206/638/160 208/639/160
f 201/637/160 208/639/160 202/640/160
f 205/641/161 209/642/161 210/643/161
f 205/641/161 210/643/161 207/644/161
f 209/645/162 181/646/162 165/647/162
f 209/645/162 165/647/162 210/648/162
usemtl common_steel_norivets
f 211/649/163 212/650/163 214/651/163
f 211/649/163 214/651/163 213/652/163
f 196/653/164 215/654/164 216/655/164
f 196/653/164 216/655/164 157/656/164
f 215/657/165 211/658/165 213/659/165
f 215/657/165 213/659/165 216/660/165
f 212/661/166 196/662/166 157/663/166
f 212/661/166 157/663/166 214/664/166
usemtl common_steel
f 209/665/167 217/666/167 218/667/167
f 209/665/167 218/667/167 219/668/167
usemtl common_bottom
f 218/669/168 139/670/168 166/671/168
f 218/669/168 166/671/168 219/672/168
usemtl common_thingies
f 225/673/169 224/674/169 226/675/169
f 225/673/169 226/675/169 227/676/169
f 225/677/170 221/678/170 220/679/170
f 225/677/170 220/679/170 224/680/170
f 226/681/171 222/682/171 223/683/171
f 226/681/171 223/683/171 227/684/171
f 224/685/172 220/686/172 222/687/172
f 224/685/172 222/687/172 226/688/172
f 221/689/173 225/690/173 227/691/173
f 221/689/173 227/691/173 223/692/173
usemtl common_rough_steel
f 187/693/174 230/694/174 231/695/174
f 187/693/174 231/695/174 189/696/174
f 187/697/175 179/698/175 228/699/175
f 187/697/175 228/699/175 230/700/175
f 231/701/176 229/702/176 181/703/176
f 231/701/176 181/703/176 189/704/176
f 179/705/177 187/706/177 189/707/177
f 179/705/177 189/707/177 181/708/177
f 230/709/178 234/710/178 235/711/178
f 230/709/178 235/711/178 231/712/178
f 230/713/179 228/714/179 232/715/179
f 230/713/179 232/715/179 234/716/179
f 235/717/180 233/718/180 229/719/180
f 235/717/180 229/719/180 231/720/180
f 234/721/181 232/722/181 233/723/181
f 234/721/181 233/723/181 235/724/181
f 228/725/182 230/726/182 231/727/182
f 228/725/182 231/727/182 229/728/182
f 236/729/183 237/730/183 239/731/183
f 236/729/183 239/731/183 238/732/183
f 228/733/184 232/734/184 233/735/184
f 228/733/184 233/735/184 229/736/184
f 228/737/185 237/738/185 236/739/185
f 228/737/185 236/739/185 232/740/185
f 233/741/186 238/742/186 239/743/186
f 233/741/186 239/743/186 229/744/186
f 232/745/187 236/746/187 238/747/187
f 232/745/187 238/747/187 233/748/187
f 237/749/188 175/750/188 177/751/188
f 237/749/188 177/751/188 239/752/188
f 179/753/189 228/754/189 229/755/189
f 179/753/189 229/755/189 181/756/189
f 179/757/190 175/758/190 237/759/190
f 179/757/190 237/759/190 228/760/190
f 229/761/191 239/762/191 177/763/191
f 229/761/191 177/763/191 181/764/191
f 228/765/192 237/766/192 239/767/192
f 228/765/192 239/767/192 229/768/192
f 175/769/193 179/770/193 181/771/193
f 175/769/193 181/771/193 177/772/193
usemtl common_steel
f 217/773/194 242/774/194 243/775/194
f 217/773/194 243/775/194 244/776/194
f 242/777/195 240/778/195 241/779/195
f 242/777/195 241/779/195 243/780/195
f 245/781/196 246/782/196 248/783/196
f 245/781/196 248/783/196 247/784/196
f 240/785/197 245/786/197 247/787/197
f 240/785/197 247/787/197 241/788/197
usemtl common_steel_norivets
f 249/789/198 250/790/198 252/791/198
f 249/789/198 252/791/198 251/792/198
f 253/793/199 235/794/199 140/795/199
f 253/793/199 140/795/199 254/796/199
f 235/797/200 249/798/200 251/799/200
f 235/797/200 251/799/200 140/800/200
f 250/801/201 253/802/201 254/803/201
f 250/801/201 254/803/201 252/804/201
f 238/805/202 255/806/202 257/807/202
f 238/805/202 257/807/202 256/808/202
f 259/809/203 258/810/203 260/811/203
f 259/809/203 260/811/203 261/812/203
f 258/813/204 238/814/204 256/815/204
f 258/813/204 256/815/204 260/816/204
f 255/817/205 259/818/205 261/819/205
f 255/817/205 261/819/205 257/820/205
usemtl common_thingies
f 262/821/206 263/822/206 265/823/206
f 262/821/206 265/823/206 264/824/206
f 267/825/207 263/826/207 262/827/207
f 267/825/207 262/827/207 266/828/207
f 268/829/208 264/830/208 265/831/208
f 268/829/208 265/831/208 269/832/208
f 266/833/209 262/834/209 264/835/209
f 266/833/209 264/835/209 268/836/209
f 263/837/210 267/838/210 269/839/210
f 263/837/210 269/839/210 265/840/210
usemtl common_steel
f 246/841/211 203/842/211 271/843/211
f 246/841/211 271/843/211 270/844/211
usemtl common_bottom
f 139/845/212 270/846/212 271/847/212
f 139/845/212 271/847/212 166/848/212
usemtl common_steel_norivets
f 272/849/213 273/850/213 275/851/213
f 272/849/213 275/851/213 274/852/213
f 277/853/214 276/854/214 278/855/214
f 277/853/214 278/855/214 279/856/214
f 277/857/215 273/858/215 272/859/215
f 277/857/215 272/859/215 276/860/215
f 278/861/216 274/862/216 275/863/216
f 278/861/216 275/863/216 279/864/216
f 276/865/217 272/866/217 274/867/217
f 276/865/217 274/867/217 278/868/217
f 273/869/218 277/870/218 279/871/218
f 273/869/218 279/871/218 275/872/218
usemtl vulcanizer_base2
f 280/873/219 281/874/219 283/875/219
f 280/873/219 283/875/219 282/876/219
f 285/877/220 284/878/220 286/879/220
f 285/877/220 286/879/220 287/880/220
f 285/881/221 281/882/221 280/883/221
f 285/881/221 280/883/221 284/884/221
f 286/885/222 282/886/222 283/887/222
f 286/885/222 283/887/222 287/888/222
f 284/889/223 280/890/223 282/891/223
f 284/889/223 282/891/223 286/892/223
f 281/893/224 285/894/224 287/895/224
f 281/893/224 287/895/224 283/896/224
usemtl common_thingies
f 288/897/225 289/898/225 291/899/225
f 288/897/225 291/899/225 290/900/225
f 293/901/226 292/902/226 294/903/226
f 293/901/226 294/903/226 295/904/226
f 293/905/227 289/906/227 288/907/227
f 293/905/227 288/907/227 292/908/227
f 292/909/228 288/910/228 290/911/228
f 292/909/228 290/911/228 294/912/228
f 296/913/229 297/914/229 299/915/229
f 296/913/229 299/915/229 298/916/229
f 301/917/230 300/918/230 302/919/230
f 301/917/230 302/919/230 303/920/230
f 301/921/231 297/922/231 296/923/231
f 301/921/231 296/923/231 300/924/231
f 302/925/232 298/926/232 299/927/232
f 302/925/232 299/927/232 303/928/232
f 300/929/233 296/930/233 298/931/233
f 300/929/233 298/931/233 302/932/233
usemtl common_steel_norivets
f 304/933/234 305/934/234 307/935/234
f 304/933/234 307/935/234 306/936/234
f 309/937/235 308/938/235 310/939/235
f 309/937/235 310/939/235 311/940/235
f 309/941/236 305/942/236 304/943/236
f 309/941/236 304/943/236 308/944/236
f 310/945/237 306/946/237 307/947/237
f 310/945/237 307/947/237 311/948/237
f 308/949/238 304/950/238 306/951/238
f 308/949/238 306/951/238 310/952/238
f 305/953/239 309/954/239 311/955/239
f 305/953/239 311/955/239 307/956/239
usemtl vulcanizer_base2
f 314/957/240 285/958/240 315/959/240
f 314/957/240 315/959/240 316/960/240
usemtl vulcanizer_base3
f 314/961/241 318/962/241 320/963/241
f 314/961/241 320/963/241 285/964/241
f 315/965/242 312/966/242 313/967/242
f 315/965/242 313/967/242 316/968/242
usemtl vulcanizer_base2
f 318/969/243 314/970/243 316/971/243
f 318/969/243 316/971/243 313/972/243
usemtl vulcanizer_base3
f 317/973/244 318/974/244 356/975/244
f 317/973/244 356/975/244 319/976/244
f 320/977/245 318/978/245 317/979/245
f 320/977/245 317/979/245 281/980/245
f 283/981/246 319/982/246 356/983/246
f 283/981/246 356/983/246 355/984/246
f 281/985/247 317/986/247 319/987/247
f 281/985/247 319/987/247 283/988/247
f 318/989/248 320/990/248 355/991/248
f 318/989/248 355/991/248 356/992/248
usemtl vulcanizer_base2
f 321/993/249 322/994/249 324/995/249
f 321/993/249 324/995/249 323/996/249
f 326/997/250 322/998/250 321/999/250
f 326/997/250 321/999/250 325/1000/250
f 327/1001/251 323/1002/251 324/1003/251
f 327/1001/251 324/1003/251 328/1004/251
f 325/1005/252 321/1006/252 323/1007/252
f 325/1005/252 323/1007/252 327/1008/252
f 322/1009/253 326/1010/253 328/1011/253
f 322/1009/253 328/1011/253 324/1012/253
usemtl common_thingies
f 329/1013/254 330/1014/254 332/1015/254
f 329/1013/254 332/1015/254 331/1016/254
f 334/1017/255 333/1018/255 335/1019/255
f 334/1017/255 335/1019/255 336/1020/255
f 334/1021/256 330/1022/256 329/1023/256
f 334/1021/256 329/1023/256 333/1024/256
f 333/1025/257 329/1026/257 331/1027/257
f 333/1025/257 331/1027/257 335/1028/257
f 330/1029/258 334/1030/258 336/1031/258
f 330/1029/258 336/1031/258 332/1032/258
f 337/1033/259 338/1034/259 340/1035/259
f 337/1033/259 340/1035/259 339/1036/259
f 342/1037/260 341/1038/260 343/1039/260
f 342/1037/260 343/1039/260 344/1040/260
f 343/1041/261 339/1042/261 340/1043/261
f 343/1041/261 340/1043/261 344/1044/261
f 341/1045/262 337/1046/262 339/1047/262
f 341/1045/262 339/1047/262 343/1048/262
f 338/1049/263 342/1050/263 344/1051/263
f 338/1049/263 344/1051/263 340/1052/263
usemtl vulcanizer_base2
f 350/1053/264 349/1054/264 351/1055/264
f 350/1053/264 351/1055/264 352/1056/264
usemtl vulcanizer_base3
f 350/1057/265 346/1058/265 345/1059/265
f 350/1057/265 345/1059/265 349/1060/265
f 351/1061/266 347/1062/266 348/1063/266
f 351/1061/266 348/1063/266 352/1064/266
usemtl vulcanizer_base2
f 346/1065/267 350/1066/267 352/1067/267
f 346/1065/267 352/1067/267 348/1068/267
f 1/1069/268 357/1070/268 287/1071/268
f 1/1069/268 287/1071/268 358/1072/268
usemtl vulcanizer_base3
f 1/1073/269 354/1074/269 353/1075/269
f 1/1073/269 353/1075/269 357/1076/269
f 287/1077/270 355/1078/270 356/1079/270
f 287/1077/270 356/1079/270 358/1080/270
usemtl vulcanizer_base2
f 354/1081/271 1/1082/271 358/1083/271
f 354/1081/271 358/1083/271 356/1084/271
usemtl common_thingies
f 359/1085/272 360/1086/272 362/1087/272
f 359/1085/272 362/1087/272 361/1088/272
f 364/1089/273 363/1090/273 365/1091/273
f 364/1089/273 365/1091/273 366/1092/273
f 364/1093/274 360/1094/274 359/1095/274
f 364/1093/274 359/1095/274 363/1096/274
f 363/1097/275 359/1098/275 361/1099/275
f 363/1097/275 361/1099/275 365/1100/275
f 360/1101/276 364/1102/276 366/1103/276
f 360/1101/276 366/1103/276 362/1104/276
usemtl vulcanizer_base2
f 367/1105/277 368/1106/277 370/1107/277
f 367/1105/277 370/1107/277 369/1108/277
f 372/1109/278 368/1110/278 367/1111/278
f 372/1109/278 367/1111/278 371/1112/278
f 373/1113/279 369/1114/279 370/1115/279
f 373/1113/279 370/1115/279 374/1116/279
f 371/1117/280 367/1118/280 369/1119/280
f 371/1117/280 369/1119/280 373/1120/280
f 368/1121/281 372/1122/281 374/1123/281
f 368/1121/281 374/1123/281 370/1124/281
usemtl common_steel_norivets
f 375/1125/282 376/1126/282 378/1127/282
f 375/1125/282 378/1127/282 377/1128/282
f 380/1129/283 379/1130/283 381/1131/283
f 380/1129/283 381/1131/283 382/1132/283
f 379/1133/284 375/1134/284 377/1135/284
f 379/1133/284 377/1135/284 381/1136/284
f 376/1137/285 380/1138/285 382/1139/285
f 376/1137/285 382/1139/285 378/1140/285
f 383/1141/286 384/1142/286 386/1143/286
f 383/1141/286 386/1143/286 385/1144/286
f 388/1145/287 387/1146/287 389/1147/287
f 388/1145/287 389/1147/287 390/1148/287
f 387/1149/288 383/1150/288 385/1151/288
f 387/1149/288 385/1151/288 389/1152/288
f 384/1153/289 388/1154/289 390/1155/289
f 384/1153/289 390/1155/289 386/1156/289
f 391/1157/290 392/1158/290 394/1159/290
f 391/1157/290 394/1159/290 393/1160/290
f 396/1161/291 395/1162/291 397/1163/291
f 396/1161/291 397/1163/291 398/1164/291
f 395/1165/292 391/1166/292 393/1167/292
f 395/1165/292 393/1167/292 397/1168/292
f 392/1169/293 396/1170/293 398/1171/293
f 392/1169/293 398/1171/293 394/1172/293
usemtl vulcanizer_base2
f 399/1173/294 400/1174/294 402/1175/294
f 399/1173/294 402/1175/294 401/1176/294
f 404/1177/295 403/1178/295 405/1179/295
f 404/1177/295 405/1179/295 406/1180/295
usemtl vulcanizer_base4
f 404/1181/296 400/1182/296 399/1183/296
f 404/1181/296 399/1183/296 403/1184/296
f 405/1185/297 401/1186/297 402/1187/297
f 405/1185/297 402/1187/297 406/1188/297
usemtl vulcanizer_base2
f 403/1189/298 399/1190/298 401/1191/298
f 403/1189/298 401/1191/298 405/1192/298
f 400/1193/299 404/1194/299 406/1195/299
f 400/1193/299 406/1195/299 402/1196/299
usemtl common_thingies
f 407/1197/300 408/1198/300 410/1199/300
f 407/1197/300 410/1199/300 409/1200/300
f 412/1201/301 411/1202/301 413/1203/301
f 412/1201/301 413/1203/301 414/1204/301
f 412/1205/302 408/1206/302 407/1207/302
f 412/1205/302 407/1207/302 411/1208/302
f 413/1209/303 409/1210/303 410/1211/303
f 413/1209/303 410/1211/303 414/1212/303
f 411/1213/304 407/1214/304 409/1215/304
f 411/1213/304 409/1215/304 413/1216/304
f 415/1217/305 416/1218/305 418/1219/305
f 415/1217/305 418/1219/305 417/1220/305
f 420/1221/306 419/1222/306 421/1223/306
f 420/1221/306 421/1223/306 422/1224/306
f 420/1225/307 416/1226/307 415/1227/307
f 420/1225/307 415/1227/307 419/1228/307
f 419/1229/308 415/1230/308 417/1231/308
f 419/1229/308 417/1231/308 421/1232/308
usemtl common_steel_norivets
f 423/1233/309 424/1234/309 426/1235/309
f 423/1233/309 426/1235/309 425/1236/309
f 428/1237/310 427/1238/310 429/1239/310
f 428/1237/310 429/1239/310 430/1240/310
f 427/1241/311 423/1242/311 425/1243/311
f 427/1241/311 425/1243/311 429/1244/311
f 424/1245/312 428/1246/312 430/1247/312
f 424/1245/312 430/1247/312 426/1248/312
f 431/1249/313 432/1250/313 434/1251/313
f 431/1249/313 434/1251/313 433/1252/313
f 436/1253/314 435/1254/314 437/1255/314
f 436/1253/314 437/1255/314 438/1256/314
f 435/1257/315 431/1258/315 433/1259/315
f 435/1257/315 433/1259/315 437/1260/315
f 432/1261/316 436/1262/316 438/1263/316
f 432/1261/316 438/1263/316 434/1264/316
f 439/1265/317 440/1266/317 442/1267/317
f 439/1265/317 442/1267/317 441/1268/317
f 444/1269/318 443/1270/318 445/1271/318
f 444/1269/318 445/1271/318 446/1272/318
f 443/1273/319 439/1274/319 441/1275/319
f 443/1273/319 441/1275/319 445/1276/319
f 440/1277/320 444/1278/320 446/1279/320
f 440/1277/320 446/1279/320 442/1280/320
f 447/1281/321 448/1282/321 450/1283/321
f 447/1281/321 450/1283/321 449/1284/321
f 452/1285/322 451/1286/322 453/1287/322
f 452/1285/322 453/1287/322 454/1288/322
f 451/1289/323 447/1290/323 449/1291/323
f 451/1289/323 449/1291/323 453/1292/323
f 448/1293/324 452/1294/324 454/1295/324
f 448/1293/324 454/1295/324 450/1296/324
usemtl common_thingies
f 455/1297/325 456/1298/325 458/1299/325
f 455/1297/325 458/1299/325 457/1300/325
f 460/1301/326 459/1302/326 461/1303/326
f 460/1301/326 461/1303/326 462/1304/326
f 459/1305/327 455/1306/327 457/1307/327
f 459/1305/327 457/1307/327 461/1308/327
f 456/1309/328 460/1310/328 462/1311/328
f 456/1309/328 462/1311/328 458/1312/328
usemtl common_machinebase
f 256/1313/329 463/1314/329 465/1315/329
f 256/1313/329 465/1315/329 464/1316/329
usemtl common_steel
f 137/1317/330 463/1318/330 256/1319/330
f 137/1317/330 256/1319/330 136/1320/330
usemtl common_bottom
f 138/1321/331 464/1322/331 465/1323/331
f 138/1321/331 465/1323/331 139/1324/331
usemtl common_machinebase
f 136/1325/332 256/1326/332 464/1327/332
f 136/1325/332 464/1327/332 138/1328/332
f 463/1329/333 137/1330/333 139/1331/333
f 463/1329/333 139/1331/333 465/1332/333
usemtl vulcanizer_base2
f 466/1333/334 467/1334/334 469/1335/334
f 466/1333/334 469/1335/334 468/1336/334
f 471/1337/335 470/1338/335 472/1339/335
f 471/1337/335 472/1339/335 473/1340/335
f 471/1341/336 467/1342/336 466/1343/336
f 471/1341/336 466/1343/336 470/1344/336
f 472/1345/337 468/1346/337 469/1347/337
f 472/1345/337 469/1347/337 473/1348/337
f 470/1349/338 466/1350/338 468/1351/338
f 470/1349/338 468/1351/338 472/1352/338
usemtl common_thingies
f 474/1353/339 475/1354/339 477/1355/339
f 474/1353/339 477/1355/339 476/1356/339
f 479/1357/340 478/1358/340 480/1359/340
f 479/1357/340 480/1359/340 481/1360/340
f 479/1361/341 475/1362/341 474/1363/341
f 479/1361/341 474/1363/341 478/1364/341
f 480/1365/342 476/1366/342 477/1367/342
f 480/1365/342 477/1367/342 481/1368/342
f 478/1369/343 474/1370/343 476/1371/343
f 478/1369/343 476/1371/343 480/1372/343
f 482/1373/344 483/1374/344 485/1375/344
f 482/1373/344 485/1375/344 484/1376/344
f 487/1377/345 486/1378/345 488/1379/345
f 487/1377/345 488/1379/345 489/1380/345
f 487/1381/346 483/1382/346 482/1383/346
f 487/1381/346 482/1383/346 486/1384/346
f 486/1385/347 482/1386/347 484/1387/347
f 486/1385/347 484/1387/347 488/1388/347
usemtl common_cable_and_pipe
f 490/1389/348 491/1390/348 493/1391/348
f 490/1389/348 493/1391/348 492/1392/348
f 495/1393/349 494/1394/349 496/1395/349
f 495/1393/349 496/1395/349 497/1396/349
f 495/1397/350 491/1398/350 490/1399/350
f 495/1397/350 490/1399/350 494/1400/350
f 494/1401/351 490/1402/351 492/1403/351
f 494/1401/351 492/1403/351 496/1404/351
f 498/1405/352 499/1406/352 501/1407/352
f 498/1405/352 501/1407/352 500/1408/352
f 503/1409/353 502/1410/353 504/1411/353
f 503/1409/353 504/1411/353 505/1412/353
f 503/1413/354 499/1414/354 498/1415/354
f 503/1413/354 498/1415/354 502/1416/354
f 506/1417/355 498/1418/355 500/1419/355
f 506/1417/355 500/1419/355 507/1420/355
f 502/1421/356 508/1422/356 509/1423/356
f 502/1421/356 509/1423/356 504/1424/356
f 502/1425/357 498/1426/357 506/1427/357
f 502/1425/357 506/1427/357 508/1428/357
f 512/1429/358 506/1430/358 507/1431/358
f 512/1429/358 507/1431/358 513/1432/358
f 512/1433/359 510/1434/359 508/1435/359
f 512/1433/359 508/1435/359 506/1436/359
f 510/1437/360 512/1438/360 513/1439/360
f 510/1437/360 513/1439/360 511/1440/360
f 515/1441/361 508/1442/361 510/1443/361
f 515/1441/361 510/1443/361 514/1444/361
f 514/1445/362 510/1446/362 511/1447/362
f 514/1445/362 511/1447/362 516/1448/362
f 508/1449/363 515/1450/363 517/1451/363
f 508/1449/363 517/1451/363 509/1452/363
f 519/1453/364 518/1454/364 520/1455/364
f 519/1453/364 520/1455/364 521/1456/364
f 519/1457/365 515/1458/365 514/1459/365
f 519/1457/365 514/1459/365 518/1460/365
f 515/1461/366 519/1462/366 521/1463/366
f 515/1461/366 521/1463/366 517/1464/366
f 522/1465/367 514/1466/367 516/1467/367
f 522/1465/367 516/1467/367 523/1468/367
f 518/1469/368 524/1470/368 525/1471/368
f 518/1469/368 525/1471/368 520/1472/368
f 518/1473/369 514/1474/369 522/1475/369
f 518/1473/369 522/1475/369 524/1476/369
f 491/1477/370 522/1478/370 523/1479/370
f 491/1477/370 523/1479/370 493/1480/370
f 524/1481/371 495/1482/371 497/1483/371
f 524/1481/371 497/1483/371 525/1484/371
f 524/1485/372 522/1486/372 491/1487/372
f 524/1485/372 491/1487/372 495/1488/372
usemtl common_thingies
f 526/1489/373 527/1490/373 529/1491/373
f 526/1489/373 529/1491/373 528/1492/373
f 531/1493/374 530/1494/374 532/1495/374
f 531/1493/374 532/1495/374 533/1496/374
f 531/1497/375 527/1498/375 526/1499/375
f 531/1497/375 526/1499/375 530/1500/375
f 530/1501/376 526/1502/376 528/1503/376
f 530/1501/376 528/1503/376 532/1504/376
f 527/1505/377 531/1506/377 533/1507/377
f 527/1505/377 533/1507/377 529/1508/377
o roller1
v -1.8281 3.1875 1.8594
v -1.8281 3.1875 1.1094
v -1.8281 2.9375 1.8594
v -1.8281 2.9375 1.1094
v -1.4531 3.1875 1.8594
v -1.4531 3.1875 1.1094
v -1.4531 2.9375 1.8594
v -1.4531 2.9375 1.1094
v -1.7656 3.25 1.8594
v -1.7656 3.25 1.1094
v -1.5156 3.25 1.8594
v -1.5156 3.25 1.1094
v -1.7656 2.875 1.8594
v -1.7656 2.875 1.1094
v -1.5156 2.875 1.8594
v -1.5156 2.875 1.1094
v -1.5781 3.125 1.9219
v -1.7031 3.125 1.9219
v -1.5781 3 1.9219
v -1.7031 3 1.9219
v -1.5781 3.125 1.8594
v -1.7031 3.125 1.8594
v -1.5781 3 1.8594
v -1.7031 3 1.8594
v -1.7031 3.125 1.0469
v -1.7031 3.125 1.1094
v -1.5781 3.125 1.1094
v -1.5781 3.125 1.0469
v -1.5781 3 1.0469
v -1.5781 3 1.1094
v -1.7031 3 1.1094
v -1.7031 3 1.0469
vt 0.7188 0.9844
vt 0.9063 0.9844
vt 0.9063 0.9219
vt 0.7188 0.9219
vt 0.7188 0.9219
vt 0.9063 0.9219
vt 0.9063 0.9844
vt 0.7188 0.9844
vt 0.7188 0.8906
vt 0.8125 0.8906
vt 0.8125 0.8281
vt 0.7188 0.8281
vt 0.7188 0.8906
vt 0.8125 0.8906
vt 0.8125 0.8281
vt 0.7188 0.8281
vt 0.9063 0.9219
vt 0.7188 0.9219
vt 0.7188 0.9063
vt 0.9063 0.9063
vt 0.9063 1
vt 0.7188 1
vt 0.7188 0.9844
vt 0.9063 0.9844
vt 0.9063 0.9844
vt 0.9063 0.9219
vt 0.7188 0.9219
vt 0.7188 0.9844
vt 0.7344 0.9063
vt 0.7969 0.9063
vt 0.8125 0.8906
vt 0.7188 0.8906
vt 0.7344 0.9063
vt 0.7969 0.9063
vt 0.8125 0.8906
vt 0.7188 0.8906
vt 0.9063 1
vt 0.7188 1
vt 0.7188 0.9844
vt 0.9063 0.9844
vt 0.9063 0.9219
vt 0.7188 0.9219
vt 0.7188 0.9063
vt 0.9063 0.9063
vt 0.7188 0.9219
vt 0.7188 0.9844
vt 0.9063 0.9844
vt 0.9063 0.9219
vt 0.7188 0.8281
vt 0.8125 0.8281
vt 0.7969 0.8125
vt 0.7344 0.8125
vt 0.7188 0.8281
vt 0.8125 0.8281
vt 0.7969 0.8125
vt 0.7344 0.8125
vt 0.8125 0.9063
vt 0.8125 0.8906
vt 0.8438 0.8906
vt 0.8438 0.9063
vt 0.8125 0.875
vt 0.8125 0.8906
vt 0.8438 0.8906
vt 0.8438 0.875
vt 0.8438 0.875
vt 0.8281 0.875
vt 0.8281 0.9063
vt 0.8438 0.9063
vt 0.8281 0.9063
vt 0.8125 0.9063
vt 0.8125 0.875
vt 0.8281 0.875
vt 0.8125 0.9063
vt 0.8125 0.8906
vt 0.8438 0.8906
vt 0.8438 0.9063
vt 0.8125 0.875
vt 0.8125 0.8906
vt 0.8438 0.8906
vt 0.8438 0.875
vt 0.8438 0.875
vt 0.8281 0.875
vt 0.8281 0.9063
vt 0.8438 0.9063
vt 0.8281 0.9063
vt 0.8125 0.9063
vt 0.8125 0.875
vt 0.8281 0.875
vn -1 0 0
vn 1 0 0
vn 0 0 1
vn 0 0 -1
vn -0.71 0.71 0
vn 0.71 0.71 0
vn 0 1 0
vn 0 0 1
vn 0 0 -1
vn -0.71 -0.71 0
vn 0.71 -0.71 0
vn 0 -1 0
vn 0 0 1
vn 0 0 -1
vn 0 1 0
vn 0 -1 0
vn 1 0 0
vn -1 0 0
vn 0 1 0
vn 0 -1 0
vn 1 0 0
vn -1 0 0
usemtl vulcanizer_base2
f 534/1509/378 535/1510/378 537/1511/378
f 534/1509/378 537/1511/378 536/1512/378
f 539/1513/379 538/1514/379 540/1515/379
f 539/1513/379 540/1515/379 541/1516/379
f 538/1517/380 534/1518/380 536/1519/380
f 538/1517/380 536/1519/380 540/1520/380
f 535/1521/381 539/1522/381 541/1523/381
f 535/1521/381 541/1523/381 537/1524/381
f 542/1525/382 543/1526/382 535/1527/382
f 542/1525/382 535/1527/382 534/1528/382
f 545/1529/383 544/1530/383 538/1531/383
f 545/1529/383 538/1531/383 539/1532/383
f 545/1533/384 543/1534/384 542/1535/384
f 545/1533/384 542/1535/384 544/1536/384
f 544/1537/385 542/1538/385 534/1539/385
f 544/1537/385 534/1539/385 538/1540/385
f 543/1541/386 545/1542/386 539/1543/386
f 543/1541/386 539/1543/386 535/1544/386
f 536/1545/387 537/1546/387 547/1547/387
f 536/1545/387 547/1547/387 546/1548/387
f 541/1549/388 540/1550/388 548/1551/388
f 541/1549/388 548/1551/388 549/1552/388
f 548/1553/389 546/1554/389 547/1555/389
f 548/1553/389 547/1555/389 549/1556/389
f 540/1557/390 536/1558/390 546/1559/390
f 540/1557/390 546/1559/390 548/1560/390
f 537/1561/391 541/1562/391 549/1563/391
f 537/1561/391 549/1563/391 547/1564/391
f 555/1565/392 551/1566/392 550/1567/392
f 555/1565/392 550/1567/392 554/1568/392
f 556/1569/393 552/1570/393 553/1571/393
f 556/1569/393 553/1571/393 557/1572/393
f 554/1573/394 550/1574/394 552/1575/394
f 554/1573/394 552/1575/394 556/1576/394
f 551/1577/395 555/1578/395 557/1579/395
f 551/1577/395 557/1579/395 553/1580/395
f 558/1581/396 559/1582/396 560/1583/396
f 558/1581/396 560/1583/396 561/1584/396
f 562/1585/397 563/1586/397 564/1587/397
f 562/1585/397 564/1587/397 565/1588/397
f 561/1589/398 560/1590/398 563/1591/398
f 561/1589/398 563/1591/398 562/1592/398
f 559/1593/399 558/1594/399 565/1595/399
f 559/1593/399 565/1595/399 564/1596/399
o roller4
v -1.8281 1.9375 1.8594
v -1.8281 1.9375 1.1094
v -1.8281 1.6875 1.8594
v -1.8281 1.6875 1.1094
v -1.4531 1.9375 1.8594
v -1.4531 1.9375 1.1094
v -1.4531 1.6875 1.8594
v -1.4531 1.6875 1.1094
v -1.7656 2 1.8594
v -1.7656 2 1.1094
v -1.5156 2 1.8594
v -1.5156 2 1.1094
v -1.7656 1.625 1.8594
v -1.7656 1.625 1.1094
v -1.5156 1.625 1.8594
v -1.5156 1.625 1.1094
v -1.5781 1.875 1.9219
v -1.7031 1.875 1.9219
v -1.5781 1.75 1.9219
v -1.7031 1.75 1.9219
v -1.5781 1.875 1.8594
v -1.7031 1.875 1.8594
v -1.5781 1.75 1.8594
v -1.7031 1.75 1.8594
v -1.7031 1.875 1.0469
v -1.7031 1.875 1.1094
v -1.5781 1.875 1.1094
v -1.5781 1.875 1.0469
v -1.5781 1.75 1.0469
v -1.5781 1.75 1.1094
v -1.7031 1.75 1.1094
v -1.7031 1.75 1.0469
vt 0.7188 0.9844
vt 0.9063 0.9844
vt 0.9063 0.9219
vt 0.7188 0.9219
vt 0.7188 0.9219
vt 0.9063 0.9219
vt 0.9063 0.9844
vt 0.7188 0.9844
vt 0.7188 0.8906
vt 0.8125 0.8906
vt 0.8125 0.8281
vt 0.7188 0.8281
vt 0.7188 0.8906
vt 0.8125 0.8906
vt 0.8125 0.8281
vt 0.7188 0.8281
vt 0.9063 0.9219
vt 0.7188 0.9219
vt 0.7188 0.9063
vt 0.9063 0.9063
vt 0.9063 1
vt 0.7188 1
vt 0.7188 0.9844
vt 0.9063 0.9844
vt 0.9063 0.9844
vt 0.9063 0.9219
vt 0.7188 0.9219
vt 0.7188 0.9844
vt 0.7344 0.9063
vt 0.7969 0.9063
vt 0.8125 0.8906
vt 0.7188 0.8906
vt 0.7344 0.9063
vt 0.7969 0.9063
vt 0.8125 0.8906
vt 0.7188 0.8906
vt 0.9063 1
vt 0.7188 1
vt 0.7188 0.9844
vt 0.9063 0.9844
vt 0.9063 0.9219
vt 0.7188 0.9219
vt 0.7188 0.9063
vt 0.9063 0.9063
vt 0.7188 0.9219
vt 0.7188 0.9844
vt 0.9063 0.9844
vt 0.9063 0.9219
vt 0.7188 0.8281
vt 0.8125 0.8281
vt 0.7969 0.8125
vt 0.7344 0.8125
vt 0.7188 0.8281
vt 0.8125 0.8281
vt 0.7969 0.8125
vt 0.7344 0.8125
vt 0.8125 0.9063
vt 0.8125 0.8906
vt 0.8438 0.8906
vt 0.8438 0.9063
vt 0.8125 0.875
vt 0.8125 0.8906
vt 0.8438 0.8906
vt 0.8438 0.875
vt 0.8438 0.875
vt 0.8281 0.875
vt 0.8281 0.9063
vt 0.8438 0.9063
vt 0.8281 0.9063
vt 0.8125 0.9063
vt 0.8125 0.875
vt 0.8281 0.875
vt 0.8125 0.9063
vt 0.8125 0.8906
vt 0.8438 0.8906
vt 0.8438 0.9063
vt 0.8125 0.875
vt 0.8125 0.8906
vt 0.8438 0.8906
vt 0.8438 0.875
vt 0.8438 0.875
vt 0.8281 0.875
vt 0.8281 0.9063
vt 0.8438 0.9063
vt 0.8281 0.9063
vt 0.8125 0.9063
vt 0.8125 0.875
vt 0.8281 0.875
vn -1 0 0
vn 1 0 0
vn 0 0 1
vn 0 0 -1
vn -0.71 0.71 0
vn 0.71 0.71 0
vn 0 1 0
vn 0 0 1
vn 0 0 -1
vn -0.71 -0.71 0
vn 0.71 -0.71 0
vn 0 -1 0
vn 0 0 1
vn 0 0 -1
vn 0 1 0
vn 0 -1 0
vn 1 0 0
vn -1 0 0
vn 0 1 0
vn 0 -1 0
vn 1 0 0
vn -1 0 0
usemtl vulcanizer_base2
f 566/1597/400 567/1598/400 569/1599/400
f 566/1597/400 569/1599/400 568/1600/400
f 571/1601/401 570/1602/401 572/1603/401
f 571/1601/401 572/1603/401 573/1604/401
f 570/1605/402 566/1606/402 568/1607/402
f 570/1605/402 568/1607/402 572/1608/402
f 567/1609/403 571/1610/403 573/1611/403
f 567/1609/403 573/1611/403 569/1612/403
f 574/1613/404 575/1614/404 567/1615/404
f 574/1613/404 567/1615/404 566/1616/404
f 577/1617/405 576/1618/405 570/1619/405
f 577/1617/405 570/1619/405 571/1620/405
f 577/1621/406 575/1622/406 574/1623/406
f 577/1621/406 574/1623/406 576/1624/406
f 576/1625/407 574/1626/407 566/1627/407
f 576/1625/407 566/1627/407 570/1628/407
f 575/1629/408 577/1630/408 571/1631/408
f 575/1629/408 571/1631/408 567/1632/408
f 568/1633/409 569/1634/409 579/1635/409
f 568/1633/409 579/1635/409 578/1636/409
f 573/1637/410 572/1638/410 580/1639/410
f 573/1637/410 580/1639/410 581/1640/410
f 580/1641/411 578/1642/411 579/1643/411
f 580/1641/411 579/1643/411 581/1644/411
f 572/1645/412 568/1646/412 578/1647/412
f 572/1645/412 578/1647/412 580/1648/412
f 569/1649/413 573/1650/413 581/1651/413
f 569/1649/413 581/1651/413 579/1652/413
f 587/1653/414 583/1654/414 582/1655/414
f 587/1653/414 582/1655/414 586/1656/414
f 588/1657/415 584/1658/415 585/1659/415
f 588/1657/415 585/1659/415 589/1660/415
f 586/1661/416 582/1662/416 584/1663/416
f 586/1661/416 584/1663/416 588/1664/416
f 583/1665/417 587/1666/417 589/1667/417
f 583/1665/417 589/1667/417 585/1668/417
f 590/1669/418 591/1670/418 592/1671/418
f 590/1669/418 592/1671/418 593/1672/418
f 594/1673/419 595/1674/419 596/1675/419
f 594/1673/419 596/1675/419 597/1676/419
f 593/1677/420 592/1678/420 595/1679/420
f 593/1677/420 595/1679/420 594/1680/420
f 591/1681/421 590/1682/421 597/1683/421
f 591/1681/421 597/1683/421 596/1684/421
o roller2
v -1.3281 3.3125 1.8594
v -1.3281 3.3125 1.1094
v -1.3281 3.0625 1.8594
v -1.3281 3.0625 1.1094
v -0.9531 3.3125 1.8594
v -0.9531 3.3125 1.1094
v -0.9531 3.0625 1.8594
v -0.9531 3.0625 1.1094
v -1.2656 3.375 1.8594
v -1.2656 3.375 1.1094
v -1.0156 3.375 1.8594
v -1.0156 3.375 1.1094
v -1.2656 3 1.8594
v -1.2656 3 1.1094
v -1.0156 3 1.8594
v -1.0156 3 1.1094
v -1.0781 3.25 1.9219
v -1.2031 3.25 1.9219
v -1.0781 3.125 1.9219
v -1.2031 3.125 1.9219
v -1.0781 3.25 1.8594
v -1.2031 3.25 1.8594
v -1.0781 3.125 1.8594
v -1.2031 3.125 1.8594
v -1.2031 3.25 1.0469
v -1.2031 3.25 1.1094
v -1.0781 3.25 1.1094
v -1.0781 3.25 1.0469
v -1.0781 3.125 1.0469
v -1.0781 3.125 1.1094
v -1.2031 3.125 1.1094
v -1.2031 3.125 1.0469
vt 0.7188 0.9844
vt 0.9063 0.9844
vt 0.9063 0.9219
vt 0.7188 0.9219
vt 0.7188 0.9219
vt 0.9063 0.9219
vt 0.9063 0.9844
vt 0.7188 0.9844
vt 0.7188 0.8906
vt 0.8125 0.8906
vt 0.8125 0.8281
vt 0.7188 0.8281
vt 0.7188 0.8906
vt 0.8125 0.8906
vt 0.8125 0.8281
vt 0.7188 0.8281
vt 0.9063 0.9219
vt 0.7188 0.9219
vt 0.7188 0.9063
vt 0.9063 0.9063
vt 0.9063 1
vt 0.7188 1
vt 0.7188 0.9844
vt 0.9063 0.9844
vt 0.9063 0.9844
vt 0.9063 0.9219
vt 0.7188 0.9219
vt 0.7188 0.9844
vt 0.7344 0.9063
vt 0.7969 0.9063
vt 0.8125 0.8906
vt 0.7188 0.8906
vt 0.7344 0.9063
vt 0.7969 0.9063
vt 0.8125 0.8906
vt 0.7188 0.8906
vt 0.9063 1
vt 0.7188 1
vt 0.7188 0.9844
vt 0.9063 0.9844
vt 0.9063 0.9219
vt 0.7188 0.9219
vt 0.7188 0.9063
vt 0.9063 0.9063
vt 0.7188 0.9219
vt 0.7188 0.9844
vt 0.9063 0.9844
vt 0.9063 0.9219
vt 0.7188 0.8281
vt 0.8125 0.8281
vt 0.7969 0.8125
vt 0.7344 0.8125
vt 0.7188 0.8281
vt 0.8125 0.8281
vt 0.7969 0.8125
vt 0.7344 0.8125
vt 0.8125 0.9063
vt 0.8125 0.8906
vt 0.8438 0.8906
vt 0.8438 0.9063
vt 0.8125 0.875
vt 0.8125 0.8906
vt 0.8438 0.8906
vt 0.8438 0.875
vt 0.8438 0.875
vt 0.8281 0.875
vt 0.8281 0.9063
vt 0.8438 0.9063
vt 0.8281 0.9063
vt 0.8125 0.9063
vt 0.8125 0.875
vt 0.8281 0.875
vt 0.8125 0.9063
vt 0.8125 0.8906
vt 0.8438 0.8906
vt 0.8438 0.9063
vt 0.8125 0.875
vt 0.8125 0.8906
vt 0.8438 0.8906
vt 0.8438 0.875
vt 0.8438 0.875
vt 0.8281 0.875
vt 0.8281 0.9063
vt 0.8438 0.9063
vt 0.8281 0.9063
vt 0.8125 0.9063
vt 0.8125 0.875
vt 0.8281 0.875
vn -1 0 0
vn 1 0 0
vn 0 0 1
vn 0 0 -1
vn -0.71 0.71 0
vn 0.71 0.71 0
vn 0 1 0
vn 0 0 1
vn 0 0 -1
vn -0.71 -0.71 0
vn 0.71 -0.71 0
vn 0 -1 0
vn 0 0 1
vn 0 0 -1
vn 0 1 0
vn 0 -1 0
vn 1 0 0
vn -1 0 0
vn 0 1 0
vn 0 -1 0
vn 1 0 0
vn -1 0 0
usemtl vulcanizer_base2
f 598/1685/422 599/1686/422 601/1687/422
f 598/1685/422 601/1687/422 600/1688/422
f 603/1689/423 602/1690/423 604/1691/423
f 603/1689/423 604/1691/423 605/1692/423
f 602/1693/424 598/1694/424 600/1695/424
f 602/1693/424 600/1695/424 604/1696/424
f 599/1697/425 603/1698/425 605/1699/425
f 599/1697/425 605/1699/425 601/1700/425
f 606/1701/426 607/1702/426 599/1703/426
f 606/1701/426 599/1703/426 598/1704/426
f 609/1705/427 608/1706/427 602/1707/427
f 609/1705/427 602/1707/427 603/1708/427
f 609/1709/428 607/1710/428 606/1711/428
f 609/1709/428 606/1711/428 608/1712/428
f 608/1713/429 606/1714/429 598/1715/429
f 608/1713/429 598/1715/429 602/1716/429
f 607/1717/430 609/1718/430 603/1719/430
f 607/1717/430 603/1719/430 599/1720/430
f 600/1721/431 601/1722/431 611/1723/431
f 600/1721/431 611/1723/431 610/1724/431
f 605/1725/432 604/1726/432 612/1727/432
f 605/1725/432 612/1727/432 613/1728/432
f 612/1729/433 610/1730/433 611/1731/433
f 612/1729/433 611/1731/433 613/1732/433
f 604/1733/434 600/1734/434 610/1735/434
f 604/1733/434 610/1735/434 612/1736/434
f 601/1737/435 605/1738/435 613/1739/435
f 601/1737/435 613/1739/435 611/1740/435
f 619/1741/436 615/1742/436 614/1743/436
f 619/1741/436 614/1743/436 618/1744/436
f 620/1745/437 616/1746/437 617/1747/437
f 620/1745/437 617/1747/437 621/1748/437
f 618/1749/438 614/1750/438 616/1751/438
f 618/1749/438 616/1751/438 620/1752/438
f 615/1753/439 619/1754/439 621/1755/439
f 615/1753/439 621/1755/439 617/1756/439
f 622/1757/440 623/1758/440 624/1759/440
f 622/1757/440 624/1759/440 625/1760/440
f 626/1761/441 627/1762/441 628/1763/441
f 626/1761/441 628/1763/441 629/1764/441
f 625/1765/442 624/1766/442 627/1767/442
f 625/1765/442 627/1767/442 626/1768/442
f 623/1769/443 622/1770/443 629/1771/443
f 623/1769/443 629/1771/443 628/1772/443
o roller3
v -1.3125 2.0625 1.875
v -1.3125 2.0625 1.125
v -1.3125 1.8125 1.875
v -1.3125 1.8125 1.125
v -0.9375 2.0625 1.875
v -0.9375 2.0625 1.125
v -0.9375 1.8125 1.875
v -0.9375 1.8125 1.125
v -1.25 2.125 1.875
v -1.25 2.125 1.125
v -1 2.125 1.875
v -1 2.125 1.125
v -1.25 1.75 1.875
v -1.25 1.75 1.125
v -1 1.75 1.875
v -1 1.75 1.125
v -1.0625 2 1.9375
v -1.1875 2 1.9375
v -1.0625 1.875 1.9375
v -1.1875 1.875 1.9375
v -1.0625 2 1.875
v -1.1875 2 1.875
v -1.0625 1.875 1.875
v -1.1875 1.875 1.875
v -1.1875 2 1.0625
v -1.1875 2 1.125
v -1.0625 2 1.125
v -1.0625 2 1.0625
v -1.0625 1.875 1.0625
v -1.0625 1.875 1.125
v -1.1875 1.875 1.125
v -1.1875 1.875 1.0625
vt 0.7188 0.9844
vt 0.9063 0.9844
vt 0.9063 0.9219
vt 0.7188 0.9219
vt 0.7188 0.9219
vt 0.9063 0.9219
vt 0.9063 0.9844
vt 0.7188 0.9844
vt 0.7188 0.8906
vt 0.8125 0.8906
vt 0.8125 0.8281
vt 0.7188 0.8281
vt 0.7188 0.8906
vt 0.8125 0.8906
vt 0.8125 0.8281
vt 0.7188 0.8281
vt 0.9063 0.9219
vt 0.7188 0.9219
vt 0.7188 0.9063
vt 0.9063 0.9063
vt 0.9063 1
vt 0.7188 1
vt 0.7188 0.9844
vt 0.9063 0.9844
vt 0.9063 0.9844
vt 0.9063 0.9219
vt 0.7188 0.9219
vt 0.7188 0.9844
vt 0.7344 0.9063
vt 0.7969 0.9063
vt 0.8125 0.8906
vt 0.7188 0.8906
vt 0.7344 0.9063
vt 0.7969 0.9063
vt 0.8125 0.8906
vt 0.7188 0.8906
vt 0.9063 1
vt 0.7188 1
vt 0.7188 0.9844
vt 0.9063 0.9844
vt 0.9063 0.9219
vt 0.7188 0.9219
vt 0.7188 0.9063
vt 0.9063 0.9063
vt 0.7188 0.9219
vt 0.7188 0.9844
vt 0.9063 0.9844
vt 0.9063 0.9219
vt 0.7188 0.8281
vt 0.8125 0.8281
vt 0.7969 0.8125
vt 0.7344 0.8125
vt 0.7188 0.8281
vt 0.8125 0.8281
vt 0.7969 0.8125
vt 0.7344 0.8125
vt 0.8125 0.9063
vt 0.8125 0.8906
vt 0.8438 0.8906
vt 0.8438 0.9063
vt 0.8125 0.875
vt 0.8125 0.8906
vt 0.8438 0.8906
vt 0.8438 0.875
vt 0.8438 0.875
vt 0.8281 0.875
vt 0.8281 0.9063
vt 0.8438 0.9063
vt 0.8281 0.9063
vt 0.8125 0.9063
vt 0.8125 0.875
vt 0.8281 0.875
vt 0.8125 0.9063
vt 0.8125 0.8906
vt 0.8438 0.8906
vt 0.8438 0.9063
vt 0.8125 0.875
vt 0.8125 0.8906
vt 0.8438 0.8906
vt 0.8438 0.875
vt 0.8438 0.875
vt 0.8281 0.875
vt 0.8281 0.9063
vt 0.8438 0.9063
vt 0.8281 0.9063
vt 0.8125 0.9063
vt 0.8125 0.875
vt 0.8281 0.875
vn -1 0 0
vn 1 0 0
vn 0 0 1
vn 0 0 -1
vn -0.71 0.71 0
vn 0.71 0.71 0
vn 0 1 0
vn 0 0 1
vn 0 0 -1
vn -0.71 -0.71 0
vn 0.71 -0.71 0
vn 0 -1 0
vn 0 0 1
vn 0 0 -1
vn 0 1 0
vn 0 -1 0
vn 1 0 0
vn -1 0 0
vn 0 1 0
vn 0 -1 0
vn 1 0 0
vn -1 0 0
usemtl vulcanizer_base2
f 630/1773/444 631/1774/444 633/1775/444
f 630/1773/444 633/1775/444 632/1776/444
f 635/1777/445 634/1778/445 636/1779/445
f 635/1777/445 636/1779/445 637/1780/445
f 634/1781/446 630/1782/446 632/1783/446
f 634/1781/446 632/1783/446 636/1784/446
f 631/1785/447 635/1786/447 637/1787/447
f 631/1785/447 637/1787/447 633/1788/447
f 638/1789/448 639/1790/448 631/1791/448
f 638/1789/448 631/1791/448 630/1792/448
f 641/1793/449 640/1794/449 634/1795/449
f 641/1793/449 634/1795/449 635/1796/449
f 641/1797/450 639/1798/450 638/1799/450
f 641/1797/450 638/1799/450 640/1800/450
f 640/1801/451 638/1802/451 630/1803/451
f 640/1801/451 630/1803/451 634/1804/451
f 639/1805/452 641/1806/452 635/1807/452
f 639/1805/452 635/1807/452 631/1808/452
f 632/1809/453 633/1810/453 643/1811/453
f 632/1809/453 643/1811/453 642/1812/453
f 637/1813/454 636/1814/454 644/1815/454
f 637/1813/454 644/1815/454 645/1816/454
f 644/1817/455 642/1818/455 643/1819/455
f 644/1817/455 643/1819/455 645/1820/455
f 636/1821/456 632/1822/456 642/1823/456
f 636/1821/456 642/1823/456 644/1824/456
f 633/1825/457 637/1826/457 645/1827/457
f 633/1825/457 645/1827/457 643/1828/457
f 651/1829/458 647/1830/458 646/1831/458
f 651/1829/458 646/1831/458 650/1832/458
f 652/1833/459 648/1834/459 649/1835/459
f 652/1833/459 649/1835/459 653/1836/459
f 650/1837/460 646/1838/460 648/1839/460
f 650/1837/460 648/1839/460 652/1840/460
f 647/1841/461 651/1842/461 653/1843/461
f 647/1841/461 653/1843/461 649/1844/461
f 654/1845/462 655/1846/462 656/1847/462
f 654/1845/462 656/1847/462 657/1848/462
f 658/1849/463 659/1850/463 660/1851/463
f 658/1849/463 660/1851/463 661/1852/463
f 657/1853/464 656/1854/464 659/1855/464
f 657/1853/464 659/1855/464 658/1856/464
f 655/1857/465 654/1858/465 661/1859/465
f 655/1857/465 661/1859/465 660/1860/465
o rotator
v 0.875 4 -0.4375
v 1.75 4 -0.4375
v 0.875 3.5 -0.4375
v 1.75 3.5 -0.4375
v 0.875 4 0.4375
v 1.75 4 0.4375
v 0.875 3.5 0.4375
v 1.75 3.5 0.4375
v 0.9375 3.5 -0.375
v 1.6875 3.5 -0.375
v 0.9375 3 -0.375
v 1.6875 3 -0.375
v 0.9375 3.5 0.375
v 1.6875 3.5 0.375
v 0.9375 3 0.375
v 1.6875 3 0.375
v 0.875 3 -0.4375
v 1.75 3 -0.4375
v 0.875 1.5625 -0.4375
v 1.75 1.5625 -0.4375
v 0.875 3 0.4375
v 1.75 3 0.4375
v 0.875 1.5625 0.4375
v 1.75 1.5625 0.4375
vt 0.3438 1
vt 0.5625 1
vt 0.5625 0.875
vt 0.3438 0.875
vt 0.3438 1
vt 0.5625 1
vt 0.5625 0.875
vt 0.3438 0.875
vt 0.125 0.8438
vt 0.3438 0.8438
vt 0.3438 0.625
vt 0.125 0.625
vt 0.125 0.8438
vt 0.3438 0.8438
vt 0.3438 0.625
vt 0.125 0.625
vt 0.3438 1
vt 0.5625 1
vt 0.5625 0.875
vt 0.3438 0.875
vt 0.3438 1
vt 0.5625 1
vt 0.5625 0.875
vt 0.3438 0.875
vt 0.125 1
vt 0.3125 1
vt 0.3125 0.875
vt 0.125 0.875
vt 0.125 1
vt 0.3125 1
vt 0.3125 0.875
vt 0.125 0.875
vt 0.125 1
vt 0.3125 1
vt 0.3125 0.875
vt 0.125 0.875
vt 0.125 1
vt 0.3125 1
vt 0.3125 0.875
vt 0.125 0.875
vt 0.3438 0.7188
vt 0.5625 0.7188
vt 0.5625 0.3594
vt 0.3438 0.3594
vt 0.3438 0.7188
vt 0.5625 0.7188
vt 0.5625 0.3594
vt 0.3438 0.3594
vt 0.5781 1
vt 0.7969 1
vt 0.7969 0.7813
vt 0.5781 0.7813
vt 0.3438 0.7188
vt 0.5625 0.7188
vt 0.5625 0.3594
vt 0.3438 0.3594
vt 0.5781 0.7656
vt 0.7969 0.7656
vt 0.7969 0.4063
vt 0.5781 0.4063
vn 0 0 -1
vn 0 0 1
vn 0 1 0
vn 0 -1 0
vn -1 0 0
vn 1 0 0
vn 0 0 -1
vn 0 0 1
vn -1 0 0
vn 1 0 0
vn 0 0 -1
vn 0 0 1
vn 0 1 0
vn -1 0 0
vn 1 0 0
usemtl vulcanizer_base1
f 662/1861/466 663/1862/466 665/1863/466
f 662/1861/466 665/1863/466 664/1864/466
f 667/1865/467 666/1866/467 668/1867/467
f 667/1865/467 668/1867/467 669/1868/467
f 667/1869/468 663/1870/468 662/1871/468
f 667/1869/468 662/1871/468 666/1872/468
f 668/1873/469 664/1874/469 665/1875/469
f 668/1873/469 665/1875/469 669/1876/469
f 666/1877/470 662/1878/470 664/1879/470
f 666/1877/470 664/1879/470 668/1880/470
f 663/1881/471 667/1882/471 669/1883/471
f 663/1881/471 669/1883/471 665/1884/471
f 670/1885/472 671/1886/472 673/1887/472
f 670/1885/472 673/1887/472 672/1888/472
f 675/1889/473 674/1890/473 676/1891/473
f 675/1889/473 676/1891/473 677/1892/473
f 674/1893/474 670/1894/474 672/1895/474
f 674/1893/474 672/1895/474 676/1896/474
f 671/1897/475 675/1898/475 677/1899/475
f 671/1897/475 677/1899/475 673/1900/475
f 678/1901/476 679/1902/476 681/1903/476
f 678/1901/476 681/1903/476 680/1904/476
f 683/1905/477 682/1906/477 684/1907/477
f 683/1905/477 684/1907/477 685/1908/477
f 683/1909/478 679/1910/478 678/1911/478
f 683/1909/478 678/1911/478 682/1912/478
f 682/1913/479 678/1914/479 680/1915/479
f 682/1913/479 680/1915/479 684/1916/479
f 679/1917/480 683/1918/480 685/1919/480
f 679/1917/480 685/1919/480 681/1920/480
o container_right
v 2.7431 2.3125 1.3663
v 2.8056 2.3125 1.3663
v 2.7431 1.625 1.3663
v 2.8056 1.625 1.3663
v 2.7431 2.3125 1.9288
v 2.8056 2.3125 1.9288
v 2.7431 1.625 1.9288
v 2.8056 1.625 1.9288
v 2.7431 2.3125 0.8038
v 2.8056 2.3125 0.8038
v 2.7431 1.625 0.8038
v 2.8056 1.625 0.8038
v 2.7431 2.9375 0.8038
v 2.8056 2.9375 0.8038
v 2.7431 2.9375 1.3663
v 2.8056 2.9375 1.3663
v 2.7431 2.9375 1.9288
v 2.8056 2.9375 1.9288
v 2.8056 1.5625 0.8038
v -0.1944 1.625 0.8038
v -0.1944 1.5625 0.8038
v 2.8056 1.625 1.9913
v 2.8056 1.5625 1.9913
v -0.1944 1.625 1.9913
v -0.1944 1.5625 1.9913
v 1.9306 3.0625 1.3663
v 2.8056 3.0625 1.3663
v 1.9306 2.9375 1.3663
v 1.9306 3.0625 1.9913
v 2.8056 3.0625 1.9913
v 1.9306 2.9375 1.9913
v 2.8056 2.9375 1.9913
v 1.9306 3.0625 0.7413
v 2.8056 3.0625 0.7413
v 1.9306 2.9375 0.7413
v 2.8056 2.9375 0.7413
v 0.6806 3.0625 0.7413
v 0.6806 2.9375 0.7413
v 0.6806 3.0625 1.3663
v 0.6806 2.9375 1.3663
v 0.6806 3.0625 1.9913
v 0.6806 2.9375 1.9913
v -0.1944 3.0625 1.3663
v -0.1944 2.9375 1.3663
v -0.1944 3.0625 1.9913
v -0.1944 2.9375 1.9913
v -0.1944 3.0625 0.7413
v -0.1944 2.9375 0.7413
v 1.9306 2.3125 0.7413
v 2.8056 2.3125 0.7413
v 1.9306 2.9375 0.8038
v 1.9306 2.3125 0.8038
v 0.6806 2.3125 0.7413
v 0.6806 2.9375 0.8038
v 0.6806 2.3125 0.8038
v -0.1944 2.3125 0.7413
v -0.1944 2.9375 0.8038
v -0.1944 2.3125 0.8038
v -0.1944 1.5625 0.7413
v 0.6806 1.5625 0.7413
v 0.6806 1.5625 0.8038
v 1.9306 1.5625 0.7413
v 1.9306 1.5625 0.8038
v 2.8056 1.5625 0.7413
v -0.1944 2.3125 1.3663
v -0.1319 2.3125 1.3663
v -0.1944 1.625 1.3663
v -0.1319 1.625 1.3663
v -0.1944 2.3125 1.9288
v -0.1319 2.3125 1.9288
v -0.1944 1.625 1.9288
v -0.1319 1.625 1.9288
v -0.1319 2.3125 0.8038
v -0.1319 1.625 0.8038
v -0.1319 2.9375 0.8038
v -0.1319 2.9375 1.3663
v -0.1944 2.9375 1.9288
v -0.1319 2.9375 1.9288
v 2.8056 3.6875 0.7413
v 2.8056 3.25 0.7413
v 2.8056 3.6875 1.4913
v 2.8056 3.25 1.4913
v 0.7431 3.25 0.8663
v 1.7431 3.25 0.8663
v 0.7431 3.0625 0.8663
v 1.7431 3.0625 0.8663
v 0.7431 3.25 1.3663
v 1.7431 3.25 1.3663
v 0.7431 3.0625 1.3663
v 1.7431 3.0625 1.3663
v 0.1806 3.125 1.5538
v 0.5556 3.125 1.5538
v 0.1806 3.0625 1.5538
v 0.5556 3.0625 1.5538
v 0.1806 3.125 1.9288
v 0.5556 3.125 1.9288
v 0.1806 3.0625 1.9288
v 0.5556 3.0625 1.9288
v 0.2431 3.375 1.6163
v 0.4931 3.375 1.6163
v 0.2431 3.125 1.6163
v 0.4931 3.125 1.6163
v 0.2431 3.375 1.8663
v 0.4931 3.375 1.8663
v 0.2431 3.125 1.8663
v 0.4931 3.125 1.8663
v 0.2431 3.625 1.6163
v 0.4931 3.625 1.6163
v 0.2431 3.5 1.8663
v 0.4931 3.5 1.8663
v 0.2431 3.625 1.4913
v 0.4931 3.625 1.4913
v 0.2431 3.375 1.4913
v 0.4931 3.375 1.4913
v 1.1181 3.125 1.5538
v 1.4931 3.125 1.5538
v 1.1181 3.0625 1.5538
v 1.4931 3.0625 1.5538
v 1.1181 3.125 1.9288
v 1.4931 3.125 1.9288
v 1.1181 3.0625 1.9288
v 1.4931 3.0625 1.9288
v 1.1806 3.375 1.6163
v 1.4306 3.375 1.6163
v 1.1806 3.125 1.6163
v 1.4306 3.125 1.6163
v 1.1806 3.375 1.8663
v 1.4306 3.375 1.8663
v 1.1806 3.125 1.8663
v 1.4306 3.125 1.8663
v 1.1806 3.625 1.6163
v 1.4306 3.625 1.6163
v 1.1806 3.5 1.8663
v 1.4306 3.5 1.8663
v 1.1806 3.625 1.4913
v 1.4306 3.625 1.4913
v 1.1806 3.375 1.4913
v 1.4306 3.375 1.4913
v 1.9931 3.125 1.5538
v 2.3681 3.125 1.5538
v 1.9931 3.0625 1.5538
v 2.3681 3.0625 1.5538
v 1.9931 3.125 1.9288
v 2.3681 3.125 1.9288
v 1.9931 3.0625 1.9288
v 2.3681 3.0625 1.9288
v 2.0556 3.375 1.6163
v 2.3056 3.375 1.6163
v 2.0556 3.125 1.6163
v 2.3056 3.125 1.6163
v 2.0556 3.375 1.8663
v 2.3056 3.375 1.8663
v 2.0556 3.125 1.8663
v 2.3056 3.125 1.8663
v 2.0556 3.625 1.6163
v 2.3056 3.625 1.6163
v 2.0556 3.5 1.8663
v 2.3056 3.5 1.8663
v 2.0556 3.625 1.4913
v 2.3056 3.625 1.4913
v 2.0556 3.375 1.4913
v 2.3056 3.375 1.4913
v 1.0556 3.6875 0.4288
v 1.5556 3.6875 0.4288
v 1.0556 3.5 0.4288
v 1.5556 3.5 0.4288
v 1.0556 3.6875 0.7413
v 1.5556 3.6875 0.7413
v 1.0556 3.5 0.7413
v 1.5556 3.5 0.7413
v -0.1319 3.6875 1.4913
v -0.1319 3.6875 0.7413
v -0.1319 3.25 0.7413
v -0.1319 3.25 1.4913
v 2.7431 3.25 1.4913
v 2.7431 3.25 0.7413
v 2.7431 3.6875 0.7413
v 2.7431 3.6875 1.4913
v -0.1944 3.6875 1.4913
v -0.1944 3.6875 0.7413
v -0.1944 3.25 0.7413
v -0.1944 3.25 1.4913
vt 0 1
vt 0.0156 1
vt 0.0156 0.8281
vt 0 0.8281
vt 0.5938 0.4375
vt 0.7344 0.4375
vt 0.7344 0.2656
vt 0.5938 0.2656
vt 0.5938 0.4375
vt 0.7344 0.4375
vt 0.7344 0.2656
vt 0.5938 0.2656
vt 0.0156 0.4375
vt 0.1563 0.4375
vt 0.1563 0.2656
vt 0.0156 0.2656
vt 0.5938 0.9844
vt 0.7344 0.9844
vt 0.7344 0.8281
vt 0.5938 0.8281
vt 0.0156 0.9844
vt 0.1563 0.9844
vt 0.1563 0.8281
vt 0.0156 0.8281
vt 0 1
vt 0.0156 1
vt 0.0156 0.8438
vt 0 0.8438
vt 0.0156 0.9844
vt 0.1563 0.9844
vt 0.1563 0.8281
vt 0.0156 0.8281
vt 0.5938 0.9844
vt 0.7344 0.9844
vt 0.7344 0.8281
vt 0.5938 0.8281
vt 0.0156 0.4375
vt 0.1563 0.4375
vt 0.1563 0.2656
vt 0.0156 0.2656
vt 0.3164 0.5664
vt 0.3203 0.5664
vt 0.3203 0.3789
vt 0.3164 0.3789
vt 0 0.6391
vt 0 0.6547
vt 0.75 0.6547
vt 0.75 0.6391
vt 0.0156 0.6563
vt 0.0156 0.3594
vt 0 0.3594
vt 0 0.6563
vt 0 0.3594
vt 0 0.6563
vt 0.0156 0.6563
vt 0.0156 0.3594
vt 0.75 0.6547
vt 0.75 0.3578
vt 0 0.3578
vt 0 0.6547
vt 0 0.0313
vt 0 0.3281
vt 0.75 0.3281
vt 0.75 0.0313
vt 0.1875 0.2656
vt 0.4063 0.2656
vt 0.4063 0.2344
vt 0.1875 0.2344
vt 0 1
vt 0.1563 1
vt 0.1563 0.7813
vt 0 0.7813
vt 0 0.4688
vt 0.1563 0.4688
vt 0.1563 0.25
vt 0 0.25
vt 0.1719 0.2656
vt 0.3281 0.2656
vt 0.3281 0.2344
vt 0.1719 0.2344
vt 0.2969 0.2656
vt 0.5156 0.2656
vt 0.5156 0.2344
vt 0.2969 0.2344
vt 0.2031 0.2656
vt 0.4219 0.2656
vt 0.4219 0.2344
vt 0.2031 0.2344
vt 0.5938 1
vt 0.75 1
vt 0.75 0.7813
vt 0.5938 0.7813
vt 0.5938 0.4688
vt 0.75 0.4688
vt 0.75 0.25
vt 0.5938 0.25
vt 0.1719 0.2656
vt 0.3281 0.2656
vt 0.3281 0.2344
vt 0.1719 0.2344
vt 0.2031 0.2656
vt 0.5156 0.2656
vt 0.5156 0.2344
vt 0.2031 0.2344
vt 0.5938 0.8438
vt 0.75 0.8438
vt 0.75 0.5313
vt 0.5938 0.5313
vt 0.5938 0.8438
vt 0.75 0.8438
vt 0.75 0.5313
vt 0.5938 0.5313
vt 0 1
vt 0.1563 1
vt 0.1563 0.9688
vt 0 0.9688
vt 0.1406 0.2656
vt 0.4531 0.2656
vt 0.4531 0.2344
vt 0.1406 0.2344
vt 0.1875 0.2656
vt 0.5 0.2656
vt 0.5 0.2344
vt 0.1875 0.2344
vt 0 0.7656
vt 0.1563 0.7656
vt 0.1563 0.4531
vt 0 0.4531
vt 0 0.7656
vt 0.1563 0.7656
vt 0.1563 0.4531
vt 0 0.4531
vt 0 1
vt 0.1563 1
vt 0.1563 0.9688
vt 0 0.9688
vt 0.2813 0.2656
vt 0.5 0.2656
vt 0.5 0.2344
vt 0.2813 0.2344
vt 0 0.4688
vt 0.1563 0.4688
vt 0.1563 0.25
vt 0 0.25
vt 0 1
vt 0.1563 1
vt 0.1563 0.7813
vt 0 0.7813
vt 0.2188 0.2656
vt 0.375 0.2656
vt 0.375 0.2344
vt 0.2188 0.2344
vt 0.1406 0.2656
vt 0.2969 0.2656
vt 0.2969 0.2344
vt 0.1406 0.2344
vt 0.2344 0.2656
vt 0.4531 0.2656
vt 0.4531 0.2344
vt 0.2344 0.2344
vt 0.1875 0.2656
vt 0.4063 0.2656
vt 0.4063 0.2344
vt 0.1875 0.2344
vt 0.5938 0.4688
vt 0.75 0.4688
vt 0.75 0.25
vt 0.5938 0.25
vt 0.5938 1
vt 0.75 1
vt 0.75 0.7813
vt 0.5938 0.7813
vt 0.25 0.2656
vt 0.4063 0.2656
vt 0.4063 0.2344
vt 0.25 0.2344
vt 0.2344 0.2656
vt 0.3906 0.2656
vt 0.3906 0.2344
vt 0.2344 0.2344
vt 0.5156 0.9844
vt 0.7344 0.9844
vt 0.7344 0.8281
vt 0.5156 0.8281
vt 0 0.9844
vt 0.2188 0.9844
vt 0.2188 0.8281
vt 0 0.8281
vt 0 1
vt 0.0156 1
vt 0.0156 0.8438
vt 0 0.8438
vt 0.2188 0.9844
vt 0.5313 0.9844
vt 0.5313 0.8281
vt 0.2188 0.8281
vt 0.2344 0.9844
vt 0.5469 0.9844
vt 0.5469 0.8281
vt 0.2344 0.8281
vt 0 1
vt 0.0156 1
vt 0.0156 0.8438
vt 0 0.8438
vt 0.0156 0.9844
vt 0.2344 0.9844
vt 0.2344 0.8281
vt 0.0156 0.8281
vt 0.5313 0.9844
vt 0.75 0.9844
vt 0.75 0.8281
vt 0.5313 0.8281
vt 0 1
vt 0.0156 1
vt 0.0156 0.8438
vt 0 0.8438
vt 0 1
vt 0.0156 1
vt 0.0156 0.8438
vt 0 0.8438
vt 0.0156 0.4531
vt 0.2344 0.4531
vt 0.2344 0.2656
vt 0.0156 0.2656
vt 0.5313 0.4531
vt 0.75 0.4531
vt 0.75 0.2656
vt 0.5313 0.2656
vt 0 1
vt 0.0156 1
vt 0.0156 0.7813
vt 0 0.7813
vt 0 1
vt 0.0156 1
vt 0.0156 0.7813
vt 0 0.7813
vt 0 1
vt 0.0156 1
vt 0.0156 0.8125
vt 0 0.8125
vt 0.2188 0.4531
vt 0.5313 0.4531
vt 0.5313 0.2656
vt 0.2188 0.2656
vt 0.2188 0.4531
vt 0.5313 0.4531
vt 0.5313 0.2656
vt 0.2188 0.2656
vt 0 1
vt 0.0156 1
vt 0.0156 0.6875
vt 0 0.6875
vt 0 1
vt 0.0156 1
vt 0.0156 0.6875
vt 0 0.6875
vt 0 1
vt 0.0156 1
vt 0.0156 0.8125
vt 0 0.8125
vt 0.5156 0.4531
vt 0.7344 0.4531
vt 0.7344 0.2656
vt 0.5156 0.2656
vt 0 0.4531
vt 0.2188 0.4531
vt 0.2188 0.2656
vt 0 0.2656
vt 0 1
vt 0.0156 1
vt 0.0156 0.7813
vt 0 0.7813
vt 0 1
vt 0.0156 1
vt 0.0156 0.7813
vt 0 0.7813
vt 0 1
vt 0.0156 1
vt 0.0156 0.8125
vt 0 0.8125
vt 0 1
vt 0.0156 1
vt 0.0156 0.8125
vt 0 0.8125
vt 0 1
vt 0.0156 1
vt 0.0156 0.8281
vt 0 0.8281
vt 0.5938 0.4375
vt 0.7344 0.4375
vt 0.7344 0.2656
vt 0.5938 0.2656
vt 0.5938 0.4375
vt 0.7344 0.4375
vt 0.7344 0.2656
vt 0.5938 0.2656
vt 0.0156 0.4375
vt 0.1563 0.4375
vt 0.1563 0.2656
vt 0.0156 0.2656
vt 0.5938 0.9844
vt 0.7344 0.9844
vt 0.7344 0.8281
vt 0.5938 0.8281
vt 0.0156 0.9844
vt 0.1563 0.9844
vt 0.1563 0.8281
vt 0.0156 0.8281
vt 0 1
vt 0.0156 1
vt 0.0156 0.8438
vt 0 0.8438
vt 0.0156 0.9844
vt 0.1563 0.9844
vt 0.1563 0.8281
vt 0.0156 0.8281
vt 0.5938 0.9844
vt 0.7344 0.9844
vt 0.7344 0.8281
vt 0.5938 0.8281
vt 0.0156 0.4375
vt 0.1563 0.4375
vt 0.1563 0.2656
vt 0.0156 0.2656
vt 0.7287 0.1094
vt 0.7287 0
vt 0.0038 0.0009
vt 0 0.1101
vt 0 0
vt 0 0.1094
vt 0.75 0.1094
vt 0.75 0
vt 0.7188 0.2344
vt 0.9063 0.2344
vt 0.9063 0.125
vt 0.7188 0.125
vt 0.8125 1
vt 1 1
vt 1 0.25
vt 0.8125 0.25
vt 0.8125 1
vt 1 1
vt 1 0.25
vt 0.8125 0.25
vt 0.4844 0.8594
vt 0.7344 0.8594
vt 0.7344 0.8125
vt 0.4844 0.8125
vt 0.4844 0.8594
vt 0.7344 0.8594
vt 0.7344 0.8125
vt 0.4844 0.8125
vt 0.5625 0.8594
vt 0.6875 0.8594
vt 0.6875 0.8125
vt 0.5625 0.8125
vt 0.5625 0.8594
vt 0.6875 0.8594
vt 0.6875 0.8125
vt 0.5625 0.8125
vt 0.375 0.4844
vt 0.4688 0.4844
vt 0.4688 0.4688
vt 0.375 0.4688
vt 0.375 0.4844
vt 0.4688 0.4844
vt 0.4688 0.4688
vt 0.375 0.4688
vt 0.375 0.4844
vt 0.4688 0.4844
vt 0.4688 0.3906
vt 0.375 0.3906
vt 0.375 0.4063
vt 0.4688 0.4063
vt 0.4688 0.3906
vt 0.375 0.3906
vt 0.4688 0.4844
vt 0.375 0.4844
vt 0.375 0.4688
vt 0.4688 0.4688
vt 0.5 0.25
vt 0.5625 0.25
vt 0.5625 0.1875
vt 0.5 0.1875
vt 0.5 0.25
vt 0.5625 0.25
vt 0.5625 0.1875
vt 0.5 0.1875
vt 0.5 0.25
vt 0.5625 0.25
vt 0.5625 0.1875
vt 0.5 0.1875
vt 0.5 0.25
vt 0.5625 0.25
vt 0.5625 0.1875
vt 0.5 0.1875
vt 0.5 0.2344
vt 0.5625 0.2344
vt 0.5625 0.2031
vt 0.5 0.2031
vt 0.5 0.1645
vt 0.5 0.2344
vt 0.5625 0.2344
vt 0.5625 0.1645
vt 0.6875 0.2188
vt 0.625 0.25
vt 0.625 0.1875
vt 0.6875 0.1875
vt 0.625 0.125
vt 0.6875 0.0938
vt 0.6875 0.0625
vt 0.625 0.0625
vt 0.5625 0.2031
vt 0.5625 0.1719
vt 0.5 0.1719
vt 0.5 0.2031
vt 0.5625 0.2031
vt 0.5625 0.1719
vt 0.5 0.1719
vt 0.5 0.2031
vt 0.5 0.2031
vt 0.5 0.1719
vt 0.5625 0.1719
vt 0.5625 0.2031
vt 0.5625 0.2031
vt 0.5625 0.1719
vt 0.5 0.1719
vt 0.5 0.2031
vt 0.375 0.4844
vt 0.4688 0.4844
vt 0.4688 0.4688
vt 0.375 0.4688
vt 0.375 0.4844
vt 0.4688 0.4844
vt 0.4688 0.4688
vt 0.375 0.4688
vt 0.375 0.4844
vt 0.4688 0.4844
vt 0.4688 0.3906
vt 0.375 0.3906
vt 0.375 0.4063
vt 0.4688 0.4063
vt 0.4688 0.3906
vt 0.375 0.3906
vt 0.4688 0.4844
vt 0.375 0.4844
vt 0.375 0.4688
vt 0.4688 0.4688
vt 0.5 0.25
vt 0.5625 0.25
vt 0.5625 0.1875
vt 0.5 0.1875
vt 0.5 0.25
vt 0.5625 0.25
vt 0.5625 0.1875
vt 0.5 0.1875
vt 0.5 0.25
vt 0.5625 0.25
vt 0.5625 0.1875
vt 0.5 0.1875
vt 0.5 0.25
vt 0.5625 0.25
vt 0.5625 0.1875
vt 0.5 0.1875
vt 0.5 0.2344
vt 0.5625 0.2344
vt 0.5625 0.2031
vt 0.5 0.2031
vt 0.5 0.1645
vt 0.5 0.2344
vt 0.5625 0.2344
vt 0.5625 0.1645
vt 0.6875 0.2188
vt 0.625 0.25
vt 0.625 0.1875
vt 0.6875 0.1875
vt 0.625 0.125
vt 0.6875 0.0938
vt 0.6875 0.0625
vt 0.625 0.0625
vt 0.5625 0.2031
vt 0.5625 0.1719
vt 0.5 0.1719
vt 0.5 0.2031
vt 0.5625 0.2031
vt 0.5625 0.1719
vt 0.5 0.1719
vt 0.5 0.2031
vt 0.5 0.2031
vt 0.5 0.1719
vt 0.5625 0.1719
vt 0.5625 0.2031
vt 0.5625 0.2031
vt 0.5625 0.1719
vt 0.5 0.1719
vt 0.5 0.2031
vt 0.375 0.4844
vt 0.4688 0.4844
vt 0.4688 0.4688
vt 0.375 0.4688
vt 0.375 0.4844
vt 0.4688 0.4844
vt 0.4688 0.4688
vt 0.375 0.4688
vt 0.375 0.4844
vt 0.4688 0.4844
vt 0.4688 0.3906
vt 0.375 0.3906
vt 0.375 0.4063
vt 0.4688 0.4063
vt 0.4688 0.3906
vt 0.375 0.3906
vt 0.4688 0.4844
vt 0.375 0.4844
vt 0.375 0.4688
vt 0.4688 0.4688
vt 0.5 0.25
vt 0.5625 0.25
vt 0.5625 0.1875
vt 0.5 0.1875
vt 0.5 0.25
vt 0.5625 0.25
vt 0.5625 0.1875
vt 0.5 0.1875
vt 0.5 0.25
vt 0.5625 0.25
vt 0.5625 0.1875
vt 0.5 0.1875
vt 0.5 0.25
vt 0.5625 0.25
vt 0.5625 0.1875
vt 0.5 0.1875
vt 0.5 0.2344
vt 0.5625 0.2344
vt 0.5625 0.2031
vt 0.5 0.2031
vt 0.5 0.1645
vt 0.5 0.2344
vt 0.5625 0.2344
vt 0.5625 0.1645
vt 0.6875 0.2188
vt 0.625 0.25
vt 0.625 0.1875
vt 0.6875 0.1875
vt 0.625 0.125
vt 0.6875 0.0938
vt 0.6875 0.0625
vt 0.625 0.0625
vt 0.5625 0.2031
vt 0.5625 0.1719
vt 0.5 0.1719
vt 0.5 0.2031
vt 0.5625 0.2031
vt 0.5625 0.1719
vt 0.5 0.1719
vt 0.5 0.2031
vt 0.5 0.2031
vt 0.5 0.1719
vt 0.5625 0.1719
vt 0.5625 0.2031
vt 0.5625 0.2031
vt 0.5625 0.1719
vt 0.5 0.1719
vt 0.5 0.2031
vt 0.4844 1
vt 0.5625 1
vt 0.5625 0.875
vt 0.4844 0.875
vt 0.4844 1
vt 0.5625 1
vt 0.5625 0.875
vt 0.4844 0.875
vt 0.4844 0.8594
vt 0.5625 0.8594
vt 0.5625 0.8125
vt 0.4844 0.8125
vt 0.4844 0.8594
vt 0.5625 0.8594
vt 0.5625 0.8125
vt 0.4844 0.8125
vt 0.5625 0.8594
vt 0.6875 0.8594
vt 0.6875 0.8125
vt 0.5625 0.8125
vt 0.75 0.125
vt 0.9375 0.125
vt 0.9375 0.0156
vt 0.75 0.0156
vt 0.75 0.125
vt 0.9375 0.125
vt 0.9375 0.0156
vt 0.75 0.0156
vt 0.7188 0.2344
vt 0.9063 0.2344
vt 0.9063 0.125
vt 0.7188 0.125
vn 0 0 1
vn 1 0 0
vn -1 0 0
vn 1 0 0
vn -1 0 0
vn 1 0 0
vn 0 0 1
vn -1 0 0
vn 1 0 0
vn -1 0 0
vn 0 0 -1
vn 0 0 1
vn 1 0 0
vn -1 0 0
vn 0 1 0
vn 0 -1 0
vn 0 0 1
vn 0 1 0
vn 0 -1 0
vn 1 0 0
vn 0 0 -1
vn 0 0 1
vn 0 1 0
vn 0 -1 0
vn 1 0 0
vn 0 0 -1
vn 0 1 0
vn 0 -1 0
vn 1 0 0
vn 0 0 -1
vn 0 0 1
vn 0 1 0
vn 0 -1 0
vn 1 0 0
vn 0 0 1
vn 0 1 0
vn 0 -1 0
vn -1 0 0
vn 1 0 0
vn 0 0 -1
vn 0 0 1
vn 0 1 0
vn 0 -1 0
vn -1 0 0
vn 1 0 0
vn 0 0 -1
vn 0 0 1
vn 1 0 0
vn 0 0 -1
vn 0 0 1
vn 1 0 0
vn 0 0 -1
vn 0 0 1
vn -1 0 0
vn 1 0 0
vn 0 0 -1
vn 0 0 1
vn 0 1 0
vn 0 -1 0
vn -1 0 0
vn 0 0 -1
vn 0 0 1
vn 0 1 0
vn 0 -1 0
vn -1 0 0
vn 0 0 -1
vn 0 0 1
vn 0 1 0
vn 0 -1 0
vn -1 0 0
vn 1 0 0
vn 0 0 1
vn 1 0 0
vn -1 0 0
vn 1 0 0
vn -1 0 0
vn 1 0 0
vn 0 0 1
vn -1 0 0
vn 1 0 0
vn -1 0 0
vn 0 0 -1
vn 0 0 1
vn 1 0 0
vn 0 1 0
vn 0 -1 0
vn 0 0 -1
vn 0 0 1
vn -1 0 0
vn 1 0 0
vn 0 0 -1
vn 0 0 1
vn 0 1 0
vn -1 0 0
vn 1 0 0
vn 0 0 -1
vn 0 0 1
vn -1 0 0
vn 1 0 0
vn 0 0 1
vn 0 0.89 0.45
vn -1 0 0
vn 1 0 0
vn 0 1 0
vn 0 -1 0
vn -1 0 0
vn 1 0 0
vn 0 0 -1
vn 0 0 1
vn 0 1 0
vn -1 0 0
vn 1 0 0
vn 0 0 -1
vn 0 0 1
vn -1 0 0
vn 1 0 0
vn 0 0 1
vn 0 0.89 0.45
vn -1 0 0
vn 1 0 0
vn 0 1 0
vn 0 -1 0
vn -1 0 0
vn 1 0 0
vn 0 0 -1
vn 0 0 1
vn 0 1 0
vn -1 0 0
vn 1 0 0
vn 0 0 -1
vn 0 0 1
vn -1 0 0
vn 1 0 0
vn 0 0 1
vn 0 0.89 0.45
vn -1 0 0
vn 1 0 0
vn 0 1 0
vn 0 -1 0
vn -1 0 0
vn 1 0 0
vn 0 1 0
vn 0 -1 0
vn -1 0 0
vn 1 0 0
vn 0 0 -1
vn -1 0 0
vn 1 0 0
vn -1 0 0
usemtl common_steel
f 691/1921/481 690/1922/481 692/1923/481
f 691/1921/481 692/1923/481 693/1924/481
f 687/1925/482 691/1926/482 693/1927/482
f 687/1925/482 693/1927/482 689/1928/482
f 686/1929/483 694/1930/483 696/1931/483
f 686/1929/483 696/1931/483 688/1932/483
f 695/1933/484 687/1934/484 689/1935/484
f 695/1933/484 689/1935/484 697/1936/484
f 700/1937/485 698/1938/485 694/1939/485
f 700/1937/485 694/1939/485 686/1940/485
f 699/1941/486 701/1942/486 687/1943/486
f 699/1941/486 687/1943/486 695/1944/486
f 703/1945/487 702/1946/487 690/1947/487
f 703/1945/487 690/1947/487 691/1948/487
f 702/1949/488 700/1950/488 686/1951/488
f 702/1949/488 686/1951/488 690/1952/488
f 701/1953/489 703/1954/489 691/1955/489
f 701/1953/489 691/1955/489 687/1956/489
f 690/1957/490 686/1958/490 688/1959/490
f 690/1957/490 688/1959/490 692/1960/490
usemtl vulcanizer_base3
f 697/1961/491 704/1962/491 706/1963/491
f 697/1961/491 706/1963/491 705/1964/491
f 708/1965/492 707/1966/492 709/1967/492
f 708/1965/492 709/1967/492 710/1968/492
f 708/1969/493 704/1970/493 697/1971/493
f 708/1969/493 697/1971/493 707/1972/493
f 709/1973/494 705/1974/494 706/1975/494
f 709/1973/494 706/1975/494 710/1976/494
f 707/1977/495 697/1978/495 705/1979/495
f 707/1977/495 705/1979/495 709/1980/495
f 704/1981/496 708/1982/496 710/1983/496
f 704/1981/496 710/1983/496 706/1984/496
usemtl common_steel
f 715/1985/497 714/1986/497 716/1987/497
f 715/1985/497 716/1987/497 717/1988/497
f 715/1989/498 712/1990/498 711/1991/498
f 715/1989/498 711/1991/498 714/1992/498
f 716/1993/499 713/1994/499 701/1995/499
f 716/1993/499 701/1995/499 717/1996/499
f 712/1997/500 715/1998/500 717/1999/500
f 712/1997/500 717/1999/500 701/2000/500
f 718/2001/501 719/2002/501 721/2003/501
f 718/2001/501 721/2003/501 720/2004/501
f 712/2005/502 711/2006/502 713/2007/502
f 712/2005/502 713/2007/502 701/2008/502
f 712/2009/503 719/2010/503 718/2011/503
f 712/2009/503 718/2011/503 711/2012/503
f 713/2013/504 720/2014/504 721/2015/504
f 713/2013/504 721/2015/504 701/2016/504
f 719/2017/505 712/2018/505 701/2019/505
f 719/2017/505 701/2019/505 721/2020/505
f 722/2021/506 718/2022/506 720/2023/506
f 722/2021/506 720/2023/506 723/2024/506
f 711/2025/507 718/2026/507 722/2027/507
f 711/2025/507 722/2027/507 724/2028/507
f 725/2029/508 723/2030/508 720/2031/508
f 725/2029/508 720/2031/508 713/2032/508
f 718/2033/509 711/2034/509 713/2035/509
f 718/2033/509 713/2035/509 720/2036/509
f 724/2037/510 711/2038/510 713/2039/510
f 724/2037/510 713/2039/510 725/2040/510
f 714/2041/511 726/2042/511 727/2043/511
f 714/2041/511 727/2043/511 716/2044/511
f 714/2045/512 711/2046/512 724/2047/512
f 714/2045/512 724/2047/512 726/2048/512
f 727/2049/513 725/2050/513 713/2051/513
f 727/2049/513 713/2051/513 716/2052/513
f 711/2053/514 714/2054/514 716/2055/514
f 711/2053/514 716/2055/514 713/2056/514
f 726/2057/515 730/2058/515 731/2059/515
f 726/2057/515 731/2059/515 727/2060/515
f 726/2061/516 724/2062/516 728/2063/516
f 726/2061/516 728/2063/516 730/2064/516
f 731/2065/517 729/2066/517 725/2067/517
f 731/2065/517 725/2067/517 727/2068/517
f 730/2069/518 728/2070/518 729/2071/518
f 730/2069/518 729/2071/518 731/2072/518
f 724/2073/519 726/2074/519 727/2075/519
f 724/2073/519 727/2075/519 725/2076/519
f 732/2077/520 722/2078/520 723/2079/520
f 732/2077/520 723/2079/520 733/2080/520
f 724/2081/521 728/2082/521 729/2083/521
f 724/2081/521 729/2083/521 725/2084/521
f 724/2085/522 722/2086/522 732/2087/522
f 724/2085/522 732/2087/522 728/2088/522
f 729/2089/523 733/2090/523 723/2091/523
f 729/2089/523 723/2091/523 725/2092/523
f 728/2093/524 732/2094/524 733/2095/524
f 728/2093/524 733/2095/524 729/2096/524
f 722/2097/525 724/2098/525 725/2099/525
f 722/2097/525 725/2099/525 723/2100/525
f 720/2101/526 721/2102/526 735/2103/526
f 720/2101/526 735/2103/526 734/2104/526
f 699/2105/527 736/2106/527 737/2107/527
f 699/2105/527 737/2107/527 695/2108/527
f 721/2109/528 699/2110/528 695/2111/528
f 721/2109/528 695/2111/528 735/2112/528
f 723/2113/529 720/2114/529 734/2115/529
f 723/2113/529 734/2115/529 738/2116/529
f 736/2117/530 739/2118/530 740/2119/530
f 736/2117/530 740/2119/530 737/2120/530
f 720/2121/531 736/2122/531 737/2123/531
f 720/2121/531 737/2123/531 734/2124/531
f 733/2125/532 723/2126/532 738/2127/532
f 733/2125/532 738/2127/532 741/2128/532
f 739/2129/533 742/2130/533 743/2131/533
f 739/2129/533 743/2131/533 740/2132/533
f 742/2133/534 733/2134/534 741/2135/534
f 742/2133/534 741/2135/534 743/2136/534
f 723/2137/535 739/2138/535 740/2139/535
f 723/2137/535 740/2139/535 738/2140/535
f 741/2141/536 738/2142/536 745/2143/536
f 741/2141/536 745/2143/536 744/2144/536
f 740/2145/537 743/2146/537 706/2147/537
f 740/2145/537 706/2147/537 746/2148/537
f 740/2149/538 738/2150/538 741/2151/538
f 740/2149/538 741/2151/538 743/2152/538
f 706/2153/539 744/2154/539 745/2155/539
f 706/2153/539 745/2155/539 746/2156/539
f 743/2157/540 741/2158/540 744/2159/540
f 743/2157/540 744/2159/540 706/2160/540
f 738/2161/541 734/2162/541 747/2163/541
f 738/2161/541 747/2163/541 745/2164/541
f 737/2165/542 740/2166/542 746/2167/542
f 737/2165/542 746/2167/542 748/2168/542
f 737/2169/543 734/2170/543 738/2171/543
f 737/2169/543 738/2171/543 740/2172/543
f 746/2173/544 745/2174/544 747/2175/544
f 746/2173/544 747/2175/544 748/2176/544
f 740/2177/545 738/2178/545 745/2179/545
f 740/2177/545 745/2179/545 746/2180/545
f 734/2181/546 735/2182/546 749/2183/546
f 734/2181/546 749/2183/546 747/2184/546
f 695/2185/547 737/2186/547 748/2187/547
f 695/2185/547 748/2187/547 704/2188/547
f 695/2189/548 735/2190/548 734/2191/548
f 695/2189/548 734/2191/548 737/2192/548
f 748/2193/549 747/2194/549 749/2195/549
f 748/2193/549 749/2195/549 704/2196/549
f 737/2197/550 734/2198/550 747/2199/550
f 737/2197/550 747/2199/550 748/2200/550
f 735/2201/551 695/2202/551 704/2203/551
f 735/2201/551 704/2203/551 749/2204/551
f 755/2205/552 754/2206/552 756/2207/552
f 755/2205/552 756/2207/552 757/2208/552
f 751/2209/553 755/2210/553 757/2211/553
f 751/2209/553 757/2211/553 753/2212/553
f 750/2213/554 743/2214/554 705/2215/554
f 750/2213/554 705/2215/554 752/2216/554
f 758/2217/555 751/2218/555 753/2219/555
f 758/2217/555 753/2219/555 759/2220/555
f 729/2221/556 742/2222/556 743/2223/556
f 729/2221/556 743/2223/556 750/2224/556
f 760/2225/557 761/2226/557 751/2227/557
f 760/2225/557 751/2227/557 758/2228/557
f 763/2229/558 762/2230/558 754/2231/558
f 763/2229/558 754/2231/558 755/2232/558
f 762/2233/559 729/2234/559 750/2235/559
f 762/2233/559 750/2235/559 754/2236/559
f 761/2237/560 763/2238/560 755/2239/560
f 761/2237/560 755/2239/560 751/2240/560
f 754/2241/561 750/2242/561 752/2243/561
f 754/2241/561 752/2243/561 756/2244/561
usemtl vulcanizer_base1
f 764/2245/562 765/2246/562 866/2247/562
f 764/2245/562 866/2247/562 865/2248/562
f 767/2249/563 766/2250/563 864/2251/563
f 767/2249/563 864/2251/563 867/2252/563
f 767/2253/564 765/2254/564 764/2255/564
f 767/2253/564 764/2255/564 766/2256/564
f 766/2257/565 764/2258/565 865/2259/565
f 766/2257/565 865/2259/565 864/2260/565
f 765/2261/566 767/2262/566 867/2263/566
f 765/2261/566 867/2263/566 866/2264/566
usemtl vulcanizer_base4
f 768/2265/567 769/2266/567 771/2267/567
f 768/2265/567 771/2267/567 770/2268/567
f 773/2269/568 772/2270/568 774/2271/568
f 773/2269/568 774/2271/568 775/2272/568
f 772/2273/569 768/2274/569 770/2275/569
f 772/2273/569 770/2275/569 774/2276/569
f 769/2277/570 773/2278/570 775/2279/570
f 769/2277/570 775/2279/570 771/2280/570
usemtl common_thingies
f 776/2281/571 777/2282/571 779/2283/571
f 776/2281/571 779/2283/571 778/2284/571
f 781/2285/572 780/2286/572 782/2287/572
f 781/2285/572 782/2287/572 783/2288/572
f 781/2289/573 777/2290/573 776/2291/573
f 781/2289/573 776/2291/573 780/2292/573
f 780/2293/574 776/2294/574 778/2295/574
f 780/2293/574 778/2295/574 782/2296/574
f 777/2297/575 781/2298/575 783/2299/575
f 777/2297/575 783/2299/575 779/2300/575
usemtl common_cable_and_pipe
f 784/2301/576 785/2302/576 787/2303/576
f 784/2301/576 787/2303/576 786/2304/576
f 789/2305/577 788/2306/577 790/2307/577
f 789/2305/577 790/2307/577 791/2308/577
f 788/2309/578 784/2310/578 786/2311/578
f 788/2309/578 786/2311/578 790/2312/578
f 785/2313/579 789/2314/579 791/2315/579
f 785/2313/579 791/2315/579 787/2316/579
f 795/2317/580 794/2318/580 788/2319/580
f 795/2317/580 788/2319/580 789/2320/580
f 795/2321/581 793/2322/581 792/2323/581
f 795/2321/581 792/2323/581 794/2324/581
f 794/2325/582 792/2326/582 784/2327/582
f 794/2325/582 784/2327/582 788/2328/582
f 793/2329/583 795/2330/583 789/2331/583
f 793/2329/583 789/2331/583 785/2332/583
f 793/2333/584 797/2334/584 796/2335/584
f 793/2333/584 796/2335/584 792/2336/584
f 784/2337/585 798/2338/585 799/2339/585
f 784/2337/585 799/2339/585 785/2340/585
f 792/2341/586 796/2342/586 798/2343/586
f 792/2341/586 798/2343/586 784/2344/586
f 797/2345/587 793/2346/587 785/2347/587
f 797/2345/587 785/2347/587 799/2348/587
usemtl common_thingies
f 800/2349/588 801/2350/588 803/2351/588
f 800/2349/588 803/2351/588 802/2352/588
f 805/2353/589 804/2354/589 806/2355/589
f 805/2353/589 806/2355/589 807/2356/589
f 805/2357/590 801/2358/590 800/2359/590
f 805/2357/590 800/2359/590 804/2360/590
f 804/2361/591 800/2362/591 802/2363/591
f 804/2361/591 802/2363/591 806/2364/591
f 801/2365/592 805/2366/592 807/2367/592
f 801/2365/592 807/2367/592 803/2368/592
usemtl common_cable_and_pipe
f 808/2369/593 809/2370/593 811/2371/593
f 808/2369/593 811/2371/593 810/2372/593
f 813/2373/594 812/2374/594 814/2375/594
f 813/2373/594 814/2375/594 815/2376/594
f 812/2377/595 808/2378/595 810/2379/595
f 812/2377/595 810/2379/595 814/2380/595
f 809/2381/596 813/2382/596 815/2383/596
f 809/2381/596 815/2383/596 811/2384/596
f 819/2385/597 818/2386/597 812/2387/597
f 819/2385/597 812/2387/597 813/2388/597
f 819/2389/598 817/2390/598 816/2391/598
f 819/2389/598 816/2391/598 818/2392/598
f 818/2393/599 816/2394/599 808/2395/599
f 818/2393/599 808/2395/599 812/2396/599
f 817/2397/600 819/2398/600 813/2399/600
f 817/2397/600 813/2399/600 809/2400/600
f 817/2401/601 821/2402/601 820/2403/601
f 817/2401/601 820/2403/601 816/2404/601
f 808/2405/602 822/2406/602 823/2407/602
f 808/2405/602 823/2407/602 809/2408/602
f 816/2409/603 820/2410/603 822/2411/603
f 816/2409/603 822/2411/603 808/2412/603
f 821/2413/604 817/2414/604 809/2415/604
f 821/2413/604 809/2415/604 823/2416/604
usemtl common_thingies
f 824/2417/605 825/2418/605 827/2419/605
f 824/2417/605 827/2419/605 826/2420/605
f 829/2421/606 828/2422/606 830/2423/606
f 829/2421/606 830/2423/606 831/2424/606
f 829/2425/607 825/2426/607 824/2427/607
f 829/2425/607 824/2427/607 828/2428/607
f 828/2429/608 824/2430/608 826/2431/608
f 828/2429/608 826/2431/608 830/2432/608
f 825/2433/609 829/2434/609 831/2435/609
f 825/2433/609 831/2435/609 827/2436/609
usemtl common_cable_and_pipe
f 832/2437/610 833/2438/610 835/2439/610
f 832/2437/610 835/2439/610 834/2440/610
f 837/2441/611 836/2442/611 838/2443/611
f 837/2441/611 838/2443/611 839/2444/611
f 836/2445/612 832/2446/612 834/2447/612
f 836/2445/612 834/2447/612 838/2448/612
f 833/2449/613 837/2450/613 839/2451/613
f 833/2449/613 839/2451/613 835/2452/613
f 843/2453/614 842/2454/614 836/2455/614
f 843/2453/614 836/2455/614 837/2456/614
f 843/2457/615 841/2458/615 840/2459/615
f 843/2457/615 840/2459/615 842/2460/615
f 842/2461/616 840/2462/616 832/2463/616
f 842/2461/616 832/2463/616 836/2464/616
f 841/2465/617 843/2466/617 837/2467/617
f 841/2465/617 837/2467/617 833/2468/617
f 841/2469/618 845/2470/618 844/2471/618
f 841/2469/618 844/2471/618 840/2472/618
f 832/2473/619 846/2474/619 847/2475/619
f 832/2473/619 847/2475/619 833/2476/619
f 840/2477/620 844/2478/620 846/2479/620
f 840/2477/620 846/2479/620 832/2480/620
f 845/2481/621 841/2482/621 833/2483/621
f 845/2481/621 833/2483/621 847/2484/621
usemtl vulcanizer_base4
f 853/2485/622 849/2486/622 848/2487/622
f 853/2485/622 848/2487/622 852/2488/622
f 854/2489/623 850/2490/623 851/2491/623
f 854/2489/623 851/2491/623 855/2492/623
f 852/2493/624 848/2494/624 850/2495/624
f 852/2493/624 850/2495/624 854/2496/624
f 849/2497/625 853/2498/625 855/2499/625
f 849/2497/625 855/2499/625 851/2500/625
f 848/2501/626 849/2502/626 851/2503/626
f 848/2501/626 851/2503/626 850/2504/626
usemtl vulcanizer_base1
f 856/2505/627 857/2506/627 858/2507/627
f 856/2505/627 858/2507/627 859/2508/627
f 860/2509/628 861/2510/628 862/2511/628
f 860/2509/628 862/2511/628 863/2512/628
f 864/2513/629 865/2514/629 866/2515/629
f 864/2513/629 866/2515/629 867/2516/629
o door_right
v -0.1962 2.9375 1.9288
v -0.1962 2.9375 1.9913
v -0.1962 1.625 1.9288
v -0.1962 1.625 1.9913
v 2.8038 2.9375 1.9288
v 2.8038 2.9375 1.9913
v 2.8038 1.625 1.9288
v 2.8038 1.625 1.9913
v 0.2413 2.6875 2.0538
v 0.1163 2.6875 2.0538
v 0.2413 2 2.0538
v 0.1163 2 2.0538
v 0.2413 2.625 2.1163
v 0.1163 2.625 2.1163
v 0.2413 2.0625 2.1163
v 0.1163 2.0625 2.1163
v 0.2413 2.125 1.9913
v 0.1163 2.125 1.9913
v 0.2413 2 1.9913
v 0.1163 2 1.9913
v 0.2413 2.125 2.0538
v 0.1163 2.125 2.0538
v 0.2413 2.6875 1.9913
v 0.1163 2.6875 1.9913
v 0.2413 2.5625 1.9913
v 0.1163 2.5625 1.9913
v 0.2413 2.5625 2.0538
v 0.1163 2.5625 2.0538
v 1.3663 2.6875 2.0538
v 1.2413 2.6875 2.0538
v 1.3663 2 2.0538
v 1.2413 2 2.0538
v 1.3663 2.625 2.1163
v 1.2413 2.625 2.1163
v 1.3663 2.0625 2.1163
v 1.2413 2.0625 2.1163
v 1.3663 2.125 1.9913
v 1.2413 2.125 1.9913
v 1.3663 2 1.9913
v 1.2413 2 1.9913
v 1.3663 2.125 2.0538
v 1.2413 2.125 2.0538
v 1.3663 2.6875 1.9913
v 1.2413 2.6875 1.9913
v 1.3663 2.5625 1.9913
v 1.2413 2.5625 1.9913
v 1.3663 2.5625 2.0538
v 1.2413 2.5625 2.0538
v 2.4913 2.6875 2.0538
v 2.3663 2.6875 2.0538
v 2.4913 2 2.0538
v 2.3663 2 2.0538
v 2.4913 2.625 2.1163
v 2.3663 2.625 2.1163
v 2.4913 2.0625 2.1163
v 2.3663 2.0625 2.1163
v 2.4913 2.125 1.9913
v 2.3663 2.125 1.9913
v 2.4913 2 1.9913
v 2.3663 2 1.9913
v 2.4913 2.125 2.0538
v 2.3663 2.125 2.0538
v 2.4913 2.6875 1.9913
v 2.3663 2.6875 1.9913
v 2.4913 2.5625 1.9913
v 2.3663 2.5625 1.9913
v 2.4913 2.5625 2.0538
v 2.3663 2.5625 2.0538
vt 0.0156 0.6719
vt 0.0156 1
vt 0 1
vt 0 0.6719
vt 0.75 0.6719
vt 0.75 1
vt 0.7344 1
vt 0.7344 0.6719
vt 0.7656 0.9844
vt 0.7656 1
vt 0.0156 1
vt 0.0156 0.9844
vt 0.75 0.6719
vt 0.75 0.6875
vt 0 0.6875
vt 0 0.6719
vt 0.75 0.6719
vt 0.75 1
vt 0 1
vt 0 0.6719
vt 0.75 0.6719
vt 0.75 1
vt 0 1
vt 0 0.6719
vt 0.5 0.0938
vt 0.5 0.2656
vt 0.4688 0.2656
vt 0.4688 0.0938
vt 0.5156 0.1094
vt 0.5156 0.25
vt 0.4844 0.25
vt 0.4844 0.1094
vt 0.4844 0.2188
vt 0.4531 0.2188
vt 0.4531 0.1967
vt 0.4844 0.1967
vt 0.4531 0.2123
vt 0.4844 0.2123
vt 0.4844 0.2344
vt 0.4531 0.2344
vt 0.4844 0.1094
vt 0.4844 0.2813
vt 0.4688 0.2656
vt 0.4688 0.125
vt 0.4844 0.0781
vt 0.4844 0.2188
vt 0.4688 0.2344
vt 0.4688 0.0625
vt 0.4531 0.5898
vt 0.4609 0.5898
vt 0.4609 0.5938
vt 0.4531 0.5938
vt 0.4609 0.5938
vt 0.4531 0.5938
vt 0.4531 0.5898
vt 0.4609 0.5898
vt 0.5784 0.2033
vt 0.5779 0.2345
vt 0.5622 0.2342
vt 0.5628 0.203
vt 0.5625 0.2031
vt 0.5625 0.2344
vt 0.5469 0.2344
vt 0.5469 0.2031
vt 0.4531 0.5898
vt 0.4609 0.5898
vt 0.4609 0.5938
vt 0.4531 0.5938
vt 0.4609 0.5938
vt 0.4531 0.5938
vt 0.4531 0.5898
vt 0.4609 0.5898
vt 0.5784 0.2033
vt 0.5779 0.2345
vt 0.5622 0.2342
vt 0.5628 0.203
vt 0.5625 0.2031
vt 0.5625 0.2344
vt 0.5469 0.2344
vt 0.5469 0.2031
vt 0.5 0.0938
vt 0.5 0.2656
vt 0.4688 0.2656
vt 0.4688 0.0938
vt 0.5156 0.1094
vt 0.5156 0.25
vt 0.4844 0.25
vt 0.4844 0.1094
vt 0.4844 0.2188
vt 0.4531 0.2188
vt 0.4531 0.1967
vt 0.4844 0.1967
vt 0.4531 0.2123
vt 0.4844 0.2123
vt 0.4844 0.2344
vt 0.4531 0.2344
vt 0.4844 0.1094
vt 0.4844 0.2813
vt 0.4688 0.2656
vt 0.4688 0.125
vt 0.4844 0.0781
vt 0.4844 0.2188
vt 0.4688 0.2344
vt 0.4688 0.0625
vt 0.4531 0.5898
vt 0.4609 0.5898
vt 0.4609 0.5938
vt 0.4531 0.5938
vt 0.4609 0.5938
vt 0.4531 0.5938
vt 0.4531 0.5898
vt 0.4609 0.5898
vt 0.5784 0.2033
vt 0.5779 0.2345
vt 0.5622 0.2342
vt 0.5628 0.203
vt 0.5625 0.2031
vt 0.5625 0.2344
vt 0.5469 0.2344
vt 0.5469 0.2031
vt 0.4531 0.5898
vt 0.4609 0.5898
vt 0.4609 0.5938
vt 0.4531 0.5938
vt 0.4609 0.5938
vt 0.4531 0.5938
vt 0.4531 0.5898
vt 0.4609 0.5898
vt 0.5784 0.2033
vt 0.5779 0.2345
vt 0.5622 0.2342
vt 0.5628 0.203
vt 0.5625 0.2031
vt 0.5625 0.2344
vt 0.5469 0.2344
vt 0.5469 0.2031
vt 0.5 0.0938
vt 0.5 0.2656
vt 0.4688 0.2656
vt 0.4688 0.0938
vt 0.5156 0.1094
vt 0.5156 0.25
vt 0.4844 0.25
vt 0.4844 0.1094
vt 0.4844 0.2188
vt 0.4531 0.2188
vt 0.4531 0.1967
vt 0.4844 0.1967
vt 0.4531 0.2123
vt 0.4844 0.2123
vt 0.4844 0.2344
vt 0.4531 0.2344
vt 0.4844 0.1094
vt 0.4844 0.2813
vt 0.4688 0.2656
vt 0.4688 0.125
vt 0.4844 0.0781
vt 0.4844 0.2188
vt 0.4688 0.2344
vt 0.4688 0.0625
vt 0.4531 0.5898
vt 0.4609 0.5898
vt 0.4609 0.5938
vt 0.4531 0.5938
vt 0.4609 0.5938
vt 0.4531 0.5938
vt 0.4531 0.5898
vt 0.4609 0.5898
vt 0.5784 0.2033
vt 0.5779 0.2345
vt 0.5622 0.2342
vt 0.5628 0.203
vt 0.5625 0.2031
vt 0.5625 0.2344
vt 0.5469 0.2344
vt 0.5469 0.2031
vt 0.4531 0.5898
vt 0.4609 0.5898
vt 0.4609 0.5938
vt 0.4531 0.5938
vt 0.4609 0.5938
vt 0.4531 0.5938
vt 0.4531 0.5898
vt 0.4609 0.5898
vt 0.5784 0.2033
vt 0.5779 0.2345
vt 0.5622 0.2342
vt 0.5628 0.203
vt 0.5625 0.2031
vt 0.5625 0.2344
vt 0.5469 0.2344
vt 0.5469 0.2031
vn -1 0 0
vn 1 0 0
vn 0 1 0
vn 0 -1 0
vn 0 0 -1
vn 0 0 1
vn 0 0 -1
vn 0 0 1
vn 0 0.71 0.71
vn 0 -0.71 0.71
vn 1 0 0
vn -1 0 0
vn 0 1 0
vn 0 -1 0
vn 1 0 0
vn -1 0 0
vn 0 1 0
vn 0 -1 0
vn 1 0 0
vn -1 0 0
vn 0 0 -1
vn 0 0 1
vn 0 0.71 0.71
vn 0 -0.71 0.71
vn 1 0 0
vn -1 0 0
vn 0 1 0
vn 0 -1 0
vn 1 0 0
vn -1 0 0
vn 0 1 0
vn 0 -1 0
vn 1 0 0
vn -1 0 0
vn 0 0 -1
vn 0 0 1
vn 0 0.71 0.71
vn 0 -0.71 0.71
vn 1 0 0
vn -1 0 0
vn 0 1 0
vn 0 -1 0
vn 1 0 0
vn -1 0 0
vn 0 1 0
vn 0 -1 0
vn 1 0 0
vn -1 0 0
usemtl vulcanizer_base3
f 871/2517/630 869/2518/630 868/2519/630
f 871/2517/630 868/2519/630 870/2520/630
f 874/2521/631 872/2522/631 873/2523/631
f 874/2521/631 873/2523/631 875/2524/631
f 868/2525/632 869/2526/632 873/2527/632
f 868/2525/632 873/2527/632 872/2528/632
f 871/2529/633 870/2530/633 874/2531/633
f 871/2529/633 874/2531/633 875/2532/633
f 870/2533/634 868/2534/634 872/2535/634
f 870/2533/634 872/2535/634 874/2536/634
f 875/2537/635 873/2538/635 869/2539/635
f 875/2537/635 869/2539/635 871/2540/635
f 879/2541/636 877/2542/636 876/2543/636
f 879/2541/636 876/2543/636 878/2544/636
f 882/2545/637 880/2546/637 881/2547/637
f 882/2545/637 881/2547/637 883/2548/637
f 876/2549/638 877/2550/638 881/2551/638
f 876/2549/638 881/2551/638 880/2552/638
f 879/2553/639 878/2554/639 882/2555/639
f 879/2553/639 882/2555/639 883/2556/639
f 878/2557/640 876/2558/640 880/2559/640
f 878/2557/640 880/2559/640 882/2560/640
f 883/2561/641 881/2562/641 877/2563/641
f 883/2561/641 877/2563/641 879/2564/641
f 884/2565/642 885/2566/642 889/2567/642
f 884/2565/642 889/2567/642 888/2568/642
f 887/2569/643 886/2570/643 878/2571/643
f 887/2569/643 878/2571/643 879/2572/643
f 886/2573/644 884/2574/644 888/2575/644
f 886/2573/644 888/2575/644 878/2576/644
f 879/2577/645 889/2578/645 885/2579/645
f 879/2577/645 885/2579/645 887/2580/645
f 890/2581/646 891/2582/646 877/2583/646
f 890/2581/646 877/2583/646 876/2584/646
f 893/2585/647 892/2586/647 894/2587/647
f 893/2585/647 894/2587/647 895/2588/647
f 892/2589/648 890/2590/648 876/2591/648
f 892/2589/648 876/2591/648 894/2592/648
f 895/2593/649 877/2594/649 891/2595/649
f 895/2593/649 891/2595/649 893/2596/649
f 899/2597/650 897/2598/650 896/2599/650
f 899/2597/650 896/2599/650 898/2600/650
f 902/2601/651 900/2602/651 901/2603/651
f 902/2601/651 901/2603/651 903/2604/651
f 896/2605/652 897/2606/652 901/2607/652
f 896/2605/652 901/2607/652 900/2608/652
f 899/2609/653 898/2610/653 902/2611/653
f 899/2609/653 902/2611/653 903/2612/653
f 898/2613/654 896/2614/654 900/2615/654
f 898/2613/654 900/2615/654 902/2616/654
f 903/2617/655 901/2618/655 897/2619/655
f 903/2617/655 897/2619/655 899/2620/655
f 904/2621/656 905/2622/656 909/2623/656
f 904/2621/656 909/2623/656 908/2624/656
f 907/2625/657 906/2626/657 898/2627/657
f 907/2625/657 898/2627/657 899/2628/657
f 906/2629/658 904/2630/658 908/2631/658
f 906/2629/658 908/2631/658 898/2632/658
f 899/2633/659 909/2634/659 905/2635/659
f 899/2633/659 905/2635/659 907/2636/659
f 910/2637/660 911/2638/660 897/2639/660
f 910/2637/660 897/2639/660 896/2640/660
f 913/2641/661 912/2642/661 914/2643/661
f 913/2641/661 914/2643/661 915/2644/661
f 912/2645/662 910/2646/662 896/2647/662
f 912/2645/662 896/2647/662 914/2648/662
f 915/2649/663 897/2650/663 911/2651/663
f 915/2649/663 911/2651/663 913/2652/663
f 919/2653/664 917/2654/664 916/2655/664
f 919/2653/664 916/2655/664 918/2656/664
f 922/2657/665 920/2658/665 921/2659/665
f 922/2657/665 921/2659/665 923/2660/665
f 916/2661/666 917/2662/666 921/2663/666
f 916/2661/666 921/2663/666 920/2664/666
f 919/2665/667 918/2666/667 922/2667/667
f 919/2665/667 922/2667/667 923/2668/667
f 918/2669/668 916/2670/668 920/2671/668
f 918/2669/668 920/2671/668 922/2672/668
f 923/2673/669 921/2674/669 917/2675/669
f 923/2673/669 917/2675/669 919/2676/669
f 924/2677/670 925/2678/670 929/2679/670
f 924/2677/670 929/2679/670 928/2680/670
f 927/2681/671 926/2682/671 918/2683/671
f 927/2681/671 918/2683/671 919/2684/671
f 926/2685/672 924/2686/672 928/2687/672
f 926/2685/672 928/2687/672 918/2688/672
f 919/2689/673 929/2690/673 925/2691/673
f 919/2689/673 925/2691/673 927/2692/673
f 930/2693/674 931/2694/674 917/2695/674
f 930/2693/674 917/2695/674 916/2696/674
f 933/2697/675 932/2698/675 934/2699/675
f 933/2697/675 934/2699/675 935/2700/675
f 932/2701/676 930/2702/676 916/2703/676
f 932/2701/676 916/2703/676 934/2704/676
f 935/2705/677 917/2706/677 931/2707/677
f 935/2705/677 931/2707/677 933/2708/677
o rods_right
v 1.062 4 0.4526
v 0.937 4 0.4526
v 1.062 3.8818 0.4119
v 0.937 3.8818 0.4119
v 1.062 3.7965 1.0436
v 0.937 3.7965 1.0436
v 1.062 3.6783 1.0029
v 0.937 3.6783 1.0029
v 1.0614 3.8125 0.9526
v 0.9364 3.8125 0.9526
v 1.0614 3.6875 0.9526
v 0.9364 3.6875 0.9526
v 1.0614 3.8125 1.0776
v 0.9364 3.8125 1.0776
v 1.0614 3.6875 1.0776
v 0.9364 3.6875 1.0776
v 1.3745 4 0.4526
v 1.2495 4 0.4526
v 1.3745 3.8818 0.4119
v 1.2495 3.8818 0.4119
v 1.3745 3.7965 1.0436
v 1.2495 3.7965 1.0436
v 1.3745 3.6783 1.0029
v 1.2495 3.6783 1.0029
v 1.3739 3.8125 0.9526
v 1.2489 3.8125 0.9526
v 1.3739 3.6875 0.9526
v 1.2489 3.6875 0.9526
v 1.3739 3.8125 1.0776
v 1.2489 3.8125 1.0776
v 1.3739 3.6875 1.0776
v 1.2489 3.6875 1.0776
v 1.687 4 0.4526
v 1.562 4 0.4526
v 1.687 3.8818 0.4119
v 1.562 3.8818 0.4119
v 1.687 3.7965 1.0436
v 1.562 3.7965 1.0436
v 1.687 3.6783 1.0029
v 1.562 3.6783 1.0029
v 1.6864 3.8125 0.9526
v 1.5614 3.8125 0.9526
v 1.6864 3.6875 0.9526
v 1.5614 3.6875 0.9526
v 1.6864 3.8125 1.0776
v 1.5614 3.8125 1.0776
v 1.6864 3.6875 1.0776
v 1.5614 3.6875 1.0776
vt 0.3242 0.1563
vt 0.3242 0.1641
vt 0.3164 0.1641
vt 0.3164 0.1563
vt 0.7188 0.5938
vt 0.75 0.5938
vt 0.75 0.75
vt 0.7188 0.75
vt 0.75 0.75
vt 0.7188 0.75
vt 0.7188 0.5938
vt 0.75 0.5938
vt 0.7188 0.5938
vt 0.75 0.5938
vt 0.75 0.75
vt 0.7188 0.75
vt 0.6563 0.75
vt 0.625 0.75
vt 0.625 0.5938
vt 0.6563 0.5938
vt 0.6719 0.6094
vt 0.6719 0.6406
vt 0.6406 0.6406
vt 0.6406 0.6094
vt 0.7188 0.6719
vt 0.75 0.6719
vt 0.75 0.7031
vt 0.7188 0.7031
vt 0.6563 0.6875
vt 0.625 0.6875
vt 0.625 0.6563
vt 0.6563 0.6563
vt 0.6563 0.6094
vt 0.625 0.6094
vt 0.625 0.5781
vt 0.6563 0.5781
vt 0.3242 0.1563
vt 0.3242 0.1641
vt 0.3164 0.1641
vt 0.3164 0.1563
vt 0.7188 0.5938
vt 0.75 0.5938
vt 0.75 0.75
vt 0.7188 0.75
vt 0.75 0.75
vt 0.7188 0.75
vt 0.7188 0.5938
vt 0.75 0.5938
vt 0.7188 0.5938
vt 0.75 0.5938
vt 0.75 0.75
vt 0.7188 0.75
vt 0.6563 0.5781
vt 0.625 0.5781
vt 0.625 0.7344
vt 0.6563 0.7344
vt 0.6719 0.6094
vt 0.6719 0.6406
vt 0.6406 0.6406
vt 0.6406 0.6094
vt 0.7188 0.6719
vt 0.75 0.6719
vt 0.75 0.7031
vt 0.7188 0.7031
vt 0.6563 0.6875
vt 0.625 0.6875
vt 0.625 0.6563
vt 0.6563 0.6563
vt 0.6563 0.7188
vt 0.625 0.7188
vt 0.625 0.75
vt 0.6563 0.75
vt 0.3242 0.1563
vt 0.3242 0.1641
vt 0.3164 0.1641
vt 0.3164 0.1563
vt 0.7188 0.5938
vt 0.75 0.5938
vt 0.75 0.75
vt 0.7188 0.75
vt 0.75 0.75
vt 0.7188 0.75
vt 0.7188 0.5938
vt 0.75 0.5938
vt 0.7188 0.5938
vt 0.75 0.5938
vt 0.75 0.75
vt 0.7188 0.75
vt 0.6563 0.5781
vt 0.625 0.5781
vt 0.625 0.7344
vt 0.6563 0.7344
vt 0.6719 0.6094
vt 0.6719 0.6406
vt 0.6406 0.6406
vt 0.6406 0.6094
vt 0.7188 0.6719
vt 0.75 0.6719
vt 0.75 0.7031
vt 0.7188 0.7031
vt 0.6563 0.6875
vt 0.625 0.6875
vt 0.625 0.6563
vt 0.6563 0.6563
vt 0.6563 0.7188
vt 0.625 0.7188
vt 0.625 0.75
vt 0.6563 0.75
vn 0 -0.33 0.95
vn 0 0.95 0.33
vn 0 -0.95 -0.33
vn 1 0 0
vn -1 0 0
vn 0 0 1
vn 0 1 0
vn 1 0 0
vn -1 0 0
vn 0 -0.33 0.95
vn 0 0.95 0.33
vn 0 -0.95 -0.33
vn 1 0 0
vn -1 0 0
vn 0 0 1
vn 0 1 0
vn 1 0 0
vn -1 0 0
vn 0 -0.33 0.95
vn 0 0.95 0.33
vn 0 -0.95 -0.33
vn 1 0 0
vn -1 0 0
vn 0 0 1
vn 0 1 0
vn 1 0 0
vn -1 0 0
usemtl common_cable_and_pipe
f 942/2709/678 940/2710/678 941/2711/678
f 942/2709/678 941/2711/678 943/2712/678
f 936/2713/679 937/2714/679 941/2715/679
f 936/2713/679 941/2715/679 940/2716/679
f 939/2717/680 938/2718/680 942/2719/680
f 939/2717/680 942/2719/680 943/2720/680
f 938/2721/681 936/2722/681 940/2723/681
f 938/2721/681 940/2723/681 942/2724/681
f 943/2725/682 941/2726/682 937/2727/682
f 943/2725/682 937/2727/682 939/2728/682
f 950/2729/683 948/2730/683 949/2731/683
f 950/2729/683 949/2731/683 951/2732/683
f 944/2733/684 945/2734/684 949/2735/684
f 944/2733/684 949/2735/684 948/2736/684
f 946/2737/685 944/2738/685 948/2739/685
f 946/2737/685 948/2739/685 950/2740/685
f 951/2741/686 949/2742/686 945/2743/686
f 951/2741/686 945/2743/686 947/2744/686
f 958/2745/687 956/2746/687 957/2747/687
f 958/2745/687 957/2747/687 959/2748/687
f 952/2749/688 953/2750/688 957/2751/688
f 952/2749/688 957/2751/688 956/2752/688
f 955/2753/689 954/2754/689 958/2755/689
f 955/2753/689 958/2755/689 959/2756/689
f 954/2757/690 952/2758/690 956/2759/690
f 954/2757/690 956/2759/690 958/2760/690
f 959/2761/691 957/2762/691 953/2763/691
f 959/2761/691 953/2763/691 955/2764/691
f 966/2765/692 964/2766/692 965/2767/692
f 966/2765/692 965/2767/692 967/2768/692
f 960/2769/693 961/2770/693 965/2771/693
f 960/2769/693 965/2771/693 964/2772/693
f 962/2773/694 960/2774/694 964/2775/694
f 962/2773/694 964/2775/694 966/2776/694
f 967/2777/695 965/2778/695 961/2779/695
f 967/2777/695 961/2779/695 963/2780/695
f 974/2781/696 972/2782/696 973/2783/696
f 974/2781/696 973/2783/696 975/2784/696
f 968/2785/697 969/2786/697 973/2787/697
f 968/2785/697 973/2787/697 972/2788/697
f 971/2789/698 970/2790/698 974/2791/698
f 971/2789/698 974/2791/698 975/2792/698
f 970/2793/699 968/2794/699 972/2795/699
f 970/2793/699 972/2795/699 974/2796/699
f 975/2797/700 973/2798/700 969/2799/700
f 975/2797/700 969/2799/700 971/2800/700
f 982/2801/701 980/2802/701 981/2803/701
f 982/2801/701 981/2803/701 983/2804/701
f 976/2805/702 977/2806/702 981/2807/702
f 976/2805/702 981/2807/702 980/2808/702
f 978/2809/703 976/2810/703 980/2811/703
f 978/2809/703 980/2811/703 982/2812/703
f 983/2813/704 981/2814/704 977/2815/704
f 983/2813/704 977/2815/704 979/2816/704
o container_left
v -0.1213 2.3125 -1.341
v -0.1838 2.3125 -1.341
v -0.1213 1.625 -1.341
v -0.1838 1.625 -1.341
v -0.1213 2.3125 -1.9035
v -0.1838 2.3125 -1.9035
v -0.1213 1.625 -1.9035
v -0.1838 1.625 -1.9035
v -0.1213 2.3125 -0.7785
v -0.1838 2.3125 -0.7785
v -0.1213 1.625 -0.7785
v -0.1838 1.625 -0.7785
v -0.1213 2.9375 -0.7785
v -0.1838 2.9375 -0.7785
v -0.1213 2.9375 -1.341
v -0.1838 2.9375 -1.341
v -0.1213 2.9375 -1.9035
v -0.1838 2.9375 -1.9035
v -0.1838 1.5625 -0.7785
v 2.8162 1.625 -0.7785
v 2.8162 1.5625 -0.7785
v -0.1838 1.625 -1.966
v -0.1838 1.5625 -1.966
v 2.8162 1.625 -1.966
v 2.8162 1.5625 -1.966
v 0.6912 3.0625 -1.341
v -0.1838 3.0625 -1.341
v 0.6912 2.9375 -1.341
v 0.6912 3.0625 -1.966
v -0.1838 3.0625 -1.966
v 0.6912 2.9375 -1.966
v -0.1838 2.9375 -1.966
v 0.6912 3.0625 -0.716
v -0.1838 3.0625 -0.716
v 0.6912 2.9375 -0.716
v -0.1838 2.9375 -0.716
v 1.9412 3.0625 -0.716
v 1.9412 2.9375 -0.716
v 1.9412 3.0625 -1.341
v 1.9412 2.9375 -1.341
v 1.9412 3.0625 -1.966
v 1.9412 2.9375 -1.966
v 2.8162 3.0625 -1.341
v 2.8162 2.9375 -1.341
v 2.8162 3.0625 -1.966
v 2.8162 2.9375 -1.966
v 2.8162 3.0625 -0.716
v 2.8162 2.9375 -0.716
v 0.6912 2.3125 -0.716
v -0.1838 2.3125 -0.716
v 0.6912 2.9375 -0.7785
v 0.6912 2.3125 -0.7785
v 1.9412 2.3125 -0.716
v 1.9412 2.9375 -0.7785
v 1.9412 2.3125 -0.7785
v 2.8162 2.3125 -0.716
v 2.8162 2.9375 -0.7785
v 2.8162 2.3125 -0.7785
v 2.8162 1.5625 -0.716
v 1.9412 1.5625 -0.716
v 1.9412 1.5625 -0.7785
v 0.6912 1.5625 -0.716
v 0.6912 1.5625 -0.7785
v -0.1838 1.5625 -0.716
v 2.8162 2.3125 -1.341
v 2.7537 2.3125 -1.341
v 2.8162 1.625 -1.341
v 2.7537 1.625 -1.341
v 2.8162 2.3125 -1.9035
v 2.7537 2.3125 -1.9035
v 2.8162 1.625 -1.9035
v 2.7537 1.625 -1.9035
v 2.7537 2.3125 -0.7785
v 2.7537 1.625 -0.7785
v 2.7537 2.9375 -0.7785
v 2.7537 2.9375 -1.341
v 2.8162 2.9375 -1.9035
v 2.7537 2.9375 -1.9035
v -0.1838 3.6875 -0.716
v -0.1838 3.25 -0.716
v 2.8162 3.6875 -0.716
v 2.8162 3.25 -0.716
v -0.1838 3.6875 -1.466
v -0.1838 3.25 -1.466
v 2.8162 3.6875 -1.466
v 2.8162 3.25 -1.466
v 1.8787 3.25 -0.841
v 0.8787 3.25 -0.841
v 1.8787 3.0625 -0.841
v 0.8787 3.0625 -0.841
v 1.8787 3.25 -1.341
v 0.8787 3.25 -1.341
v 1.8787 3.0625 -1.341
v 0.8787 3.0625 -1.341
v 2.4412 3.125 -1.5285
v 2.0662 3.125 -1.5285
v 2.4412 3.0625 -1.5285
v 2.0662 3.0625 -1.5285
v 2.4412 3.125 -1.9035
v 2.0662 3.125 -1.9035
v 2.4412 3.0625 -1.9035
v 2.0662 3.0625 -1.9035
v 2.3787 3.375 -1.591
v 2.1287 3.375 -1.591
v 2.3787 3.125 -1.591
v 2.1287 3.125 -1.591
v 2.3787 3.375 -1.841
v 2.1287 3.375 -1.841
v 2.3787 3.125 -1.841
v 2.1287 3.125 -1.841
v 2.3787 3.625 -1.591
v 2.1287 3.625 -1.591
v 2.3787 3.5 -1.841
v 2.1287 3.5 -1.841
v 2.3787 3.625 -1.466
v 2.1287 3.625 -1.466
v 2.3787 3.375 -1.466
v 2.1287 3.375 -1.466
v 1.5037 3.125 -1.5285
v 1.1287 3.125 -1.5285
v 1.5037 3.0625 -1.5285
v 1.1287 3.0625 -1.5285
v 1.5037 3.125 -1.9035
v 1.1287 3.125 -1.9035
v 1.5037 3.0625 -1.9035
v 1.1287 3.0625 -1.9035
v 1.4412 3.375 -1.591
v 1.1912 3.375 -1.591
v 1.4412 3.125 -1.591
v 1.1912 3.125 -1.591
v 1.4412 3.375 -1.841
v 1.1912 3.375 -1.841
v 1.4412 3.125 -1.841
v 1.1912 3.125 -1.841
v 1.4412 3.625 -1.591
v 1.1912 3.625 -1.591
v 1.4412 3.5 -1.841
v 1.1912 3.5 -1.841
v 1.4412 3.625 -1.466
v 1.1912 3.625 -1.466
v 1.4412 3.375 -1.466
v 1.1912 3.375 -1.466
v 0.6287 3.125 -1.5285
v 0.2537 3.125 -1.5285
v 0.6287 3.0625 -1.5285
v 0.2537 3.0625 -1.5285
v 0.6287 3.125 -1.9035
v 0.2537 3.125 -1.9035
v 0.6287 3.0625 -1.9035
v 0.2537 3.0625 -1.9035
v 0.5662 3.375 -1.591
v 0.3162 3.375 -1.591
v 0.5662 3.125 -1.591
v 0.3162 3.125 -1.591
v 0.5662 3.375 -1.841
v 0.3162 3.375 -1.841
v 0.5662 3.125 -1.841
v 0.3162 3.125 -1.841
v 0.5662 3.625 -1.591
v 0.3162 3.625 -1.591
v 0.5662 3.5 -1.841
v 0.3162 3.5 -1.841
v 0.5662 3.625 -1.466
v 0.3162 3.625 -1.466
v 0.5662 3.375 -1.466
v 0.3162 3.375 -1.466
v 1.5662 3.6875 -0.4035
v 1.0662 3.6875 -0.4035
v 1.5662 3.5 -0.4035
v 1.0662 3.5 -0.4035
v 1.5662 3.6875 -0.716
v 1.0662 3.6875 -0.716
v 1.5662 3.5 -0.716
v 1.0662 3.5 -0.716
v -0.1213 3.25 -1.466
v -0.1213 3.25 -0.716
v -0.1213 3.6875 -0.716
v -0.1213 3.6875 -1.466
v 2.7537 3.6875 -1.466
v 2.7537 3.6875 -0.716
v 2.7537 3.25 -0.716
v 2.7537 3.25 -1.466
vt 0 1
vt 0.0156 1
vt 0.0156 0.8281
vt 0 0.8281
vt 0.5938 0.4375
vt 0.7344 0.4375
vt 0.7344 0.2656
vt 0.5938 0.2656
vt 0.5938 0.4375
vt 0.7344 0.4375
vt 0.7344 0.2656
vt 0.5938 0.2656
vt 0.0156 0.4375
vt 0.1563 0.4375
vt 0.1563 0.2656
vt 0.0156 0.2656
vt 0.5938 0.9844
vt 0.7344 0.9844
vt 0.7344 0.8281
vt 0.5938 0.8281
vt 0.0156 0.9844
vt 0.1563 0.9844
vt 0.1563 0.8281
vt 0.0156 0.8281
vt 0 1
vt 0.0156 1
vt 0.0156 0.8438
vt 0 0.8438
vt 0.0156 0.9844
vt 0.1563 0.9844
vt 0.1563 0.8281
vt 0.0156 0.8281
vt 0.5938 0.9844
vt 0.7344 0.9844
vt 0.7344 0.8281
vt 0.5938 0.8281
vt 0.0156 0.4375
vt 0.1563 0.4375
vt 0.1563 0.2656
vt 0.0156 0.2656
vt 0.3164 0.5664
vt 0.3203 0.5664
vt 0.3203 0.3789
vt 0.3164 0.3789
vt 0 0.6391
vt 0 0.6547
vt 0.75 0.6547
vt 0.75 0.6391
vt 0.0156 0.6563
vt 0.0156 0.3594
vt 0 0.3594
vt 0 0.6563
vt 0 0.3594
vt 0 0.6563
vt 0.0156 0.6563
vt 0.0156 0.3594
vt 0.75 0.6547
vt 0.75 0.3578
vt 0 0.3578
vt 0 0.6547
vt 0 0.0313
vt 0 0.3281
vt 0.75 0.3281
vt 0.75 0.0313
vt 0.1875 0.2656
vt 0.4063 0.2656
vt 0.4063 0.2344
vt 0.1875 0.2344
vt 0 1
vt 0.1563 1
vt 0.1563 0.7813
vt 0 0.7813
vt 0 0.4688
vt 0.1563 0.4688
vt 0.1563 0.25
vt 0 0.25
vt 0.1719 0.2656
vt 0.3281 0.2656
vt 0.3281 0.2344
vt 0.1719 0.2344
vt 0.2969 0.2656
vt 0.5156 0.2656
vt 0.5156 0.2344
vt 0.2969 0.2344
vt 0.2031 0.2656
vt 0.4219 0.2656
vt 0.4219 0.2344
vt 0.2031 0.2344
vt 0.5938 1
vt 0.75 1
vt 0.75 0.7813
vt 0.5938 0.7813
vt 0.5938 0.4688
vt 0.75 0.4688
vt 0.75 0.25
vt 0.5938 0.25
vt 0.1719 0.2656
vt 0.3281 0.2656
vt 0.3281 0.2344
vt 0.1719 0.2344
vt 0.2031 0.2656
vt 0.5156 0.2656
vt 0.5156 0.2344
vt 0.2031 0.2344
vt 0.5938 0.8438
vt 0.75 0.8438
vt 0.75 0.5313
vt 0.5938 0.5313
vt 0.5938 0.8438
vt 0.75 0.8438
vt 0.75 0.5313
vt 0.5938 0.5313
vt 0 1
vt 0.1563 1
vt 0.1563 0.9688
vt 0 0.9688
vt 0.1406 0.2656
vt 0.4531 0.2656
vt 0.4531 0.2344
vt 0.1406 0.2344
vt 0.1875 0.2656
vt 0.5 0.2656
vt 0.5 0.2344
vt 0.1875 0.2344
vt 0 0.7656
vt 0.1563 0.7656
vt 0.1563 0.4531
vt 0 0.4531
vt 0 0.7656
vt 0.1563 0.7656
vt 0.1563 0.4531
vt 0 0.4531
vt 0 1
vt 0.1563 1
vt 0.1563 0.9688
vt 0 0.9688
vt 0.2813 0.2656
vt 0.5 0.2656
vt 0.5 0.2344
vt 0.2813 0.2344
vt 0 0.4688
vt 0.1563 0.4688
vt 0.1563 0.25
vt 0 0.25
vt 0 1
vt 0.1563 1
vt 0.1563 0.7813
vt 0 0.7813
vt 0.2188 0.2656
vt 0.375 0.2656
vt 0.375 0.2344
vt 0.2188 0.2344
vt 0.1406 0.2656
vt 0.2969 0.2656
vt 0.2969 0.2344
vt 0.1406 0.2344
vt 0.2344 0.2656
vt 0.4531 0.2656
vt 0.4531 0.2344
vt 0.2344 0.2344
vt 0.1875 0.2656
vt 0.4063 0.2656
vt 0.4063 0.2344
vt 0.1875 0.2344
vt 0.5938 0.4688
vt 0.75 0.4688
vt 0.75 0.25
vt 0.5938 0.25
vt 0.5938 1
vt 0.75 1
vt 0.75 0.7813
vt 0.5938 0.7813
vt 0.25 0.2656
vt 0.4063 0.2656
vt 0.4063 0.2344
vt 0.25 0.2344
vt 0.2344 0.2656
vt 0.3906 0.2656
vt 0.3906 0.2344
vt 0.2344 0.2344
vt 0.5156 0.9844
vt 0.7344 0.9844
vt 0.7344 0.8281
vt 0.5156 0.8281
vt 0 0.9844
vt 0.2188 0.9844
vt 0.2188 0.8281
vt 0 0.8281
vt 0 1
vt 0.0156 1
vt 0.0156 0.8438
vt 0 0.8438
vt 0.2188 0.9844
vt 0.5313 0.9844
vt 0.5313 0.8281
vt 0.2188 0.8281
vt 0.2344 0.9844
vt 0.5469 0.9844
vt 0.5469 0.8281
vt 0.2344 0.8281
vt 0 1
vt 0.0156 1
vt 0.0156 0.8438
vt 0 0.8438
vt 0.0156 0.9844
vt 0.2344 0.9844
vt 0.2344 0.8281
vt 0.0156 0.8281
vt 0.5313 0.9844
vt 0.75 0.9844
vt 0.75 0.8281
vt 0.5313 0.8281
vt 0 1
vt 0.0156 1
vt 0.0156 0.8438
vt 0 0.8438
vt 0 1
vt 0.0156 1
vt 0.0156 0.8438
vt 0 0.8438
vt 0.0156 0.4531
vt 0.2344 0.4531
vt 0.2344 0.2656
vt 0.0156 0.2656
vt 0.5313 0.4531
vt 0.75 0.4531
vt 0.75 0.2656
vt 0.5313 0.2656
vt 0 1
vt 0.0156 1
vt 0.0156 0.7813
vt 0 0.7813
vt 0 1
vt 0.0156 1
vt 0.0156 0.7813
vt 0 0.7813
vt 0 1
vt 0.0156 1
vt 0.0156 0.8125
vt 0 0.8125
vt 0.2188 0.4531
vt 0.5313 0.4531
vt 0.5313 0.2656
vt 0.2188 0.2656
vt 0.2188 0.4531
vt 0.5313 0.4531
vt 0.5313 0.2656
vt 0.2188 0.2656
vt 0 1
vt 0.0156 1
vt 0.0156 0.6875
vt 0 0.6875
vt 0 1
vt 0.0156 1
vt 0.0156 0.6875
vt 0 0.6875
vt 0 1
vt 0.0156 1
vt 0.0156 0.8125
vt 0 0.8125
vt 0.5156 0.4531
vt 0.7344 0.4531
vt 0.7344 0.2656
vt 0.5156 0.2656
vt 0 0.4531
vt 0.2188 0.4531
vt 0.2188 0.2656
vt 0 0.2656
vt 0 1
vt 0.0156 1
vt 0.0156 0.7813
vt 0 0.7813
vt 0 1
vt 0.0156 1
vt 0.0156 0.7813
vt 0 0.7813
vt 0 1
vt 0.0156 1
vt 0.0156 0.8125
vt 0 0.8125
vt 0 1
vt 0.0156 1
vt 0.0156 0.8125
vt 0 0.8125
vt 0 1
vt 0.0156 1
vt 0.0156 0.8281
vt 0 0.8281
vt 0.5938 0.4375
vt 0.7344 0.4375
vt 0.7344 0.2656
vt 0.5938 0.2656
vt 0.5938 0.4375
vt 0.7344 0.4375
vt 0.7344 0.2656
vt 0.5938 0.2656
vt 0.0156 0.4375
vt 0.1563 0.4375
vt 0.1563 0.2656
vt 0.0156 0.2656
vt 0.5938 0.9844
vt 0.7344 0.9844
vt 0.7344 0.8281
vt 0.5938 0.8281
vt 0.0156 0.9844
vt 0.1563 0.9844
vt 0.1563 0.8281
vt 0.0156 0.8281
vt 0 1
vt 0.0156 1
vt 0.0156 0.8438
vt 0 0.8438
vt 0.0156 0.9844
vt 0.1563 0.9844
vt 0.1563 0.8281
vt 0.0156 0.8281
vt 0.5938 0.9844
vt 0.7344 0.9844
vt 0.7344 0.8281
vt 0.5938 0.8281
vt 0.0156 0.4375
vt 0.1563 0.4375
vt 0.1563 0.2656
vt 0.0156 0.2656
vt 0.7287 0.1094
vt 0.7287 0
vt 0.0038 0.0009
vt 0 0.1101
vt 0 0
vt 0 0.1094
vt 0.75 0.1094
vt 0.75 0
vt 0.7188 0.2344
vt 0.9063 0.2344
vt 0.9063 0.125
vt 0.7188 0.125
vt 0.7188 0.2344
vt 0.9063 0.2344
vt 0.9063 0.125
vt 0.7188 0.125
vt 0.8125 1
vt 1 1
vt 1 0.25
vt 0.8125 0.25
vt 0.8125 1
vt 1 1
vt 1 0.25
vt 0.8125 0.25
vt 0.4844 0.8594
vt 0.7344 0.8594
vt 0.7344 0.8125
vt 0.4844 0.8125
vt 0.4844 0.8594
vt 0.7344 0.8594
vt 0.7344 0.8125
vt 0.4844 0.8125
vt 0.5625 0.8594
vt 0.6875 0.8594
vt 0.6875 0.8125
vt 0.5625 0.8125
vt 0.5625 0.8594
vt 0.6875 0.8594
vt 0.6875 0.8125
vt 0.5625 0.8125
vt 0.375 0.4844
vt 0.4688 0.4844
vt 0.4688 0.4688
vt 0.375 0.4688
vt 0.375 0.4844
vt 0.4688 0.4844
vt 0.4688 0.4688
vt 0.375 0.4688
vt 0.375 0.4844
vt 0.4688 0.4844
vt 0.4688 0.3906
vt 0.375 0.3906
vt 0.375 0.4063
vt 0.4688 0.4063
vt 0.4688 0.3906
vt 0.375 0.3906
vt 0.4688 0.4844
vt 0.375 0.4844
vt 0.375 0.4688
vt 0.4688 0.4688
vt 0.5 0.25
vt 0.5625 0.25
vt 0.5625 0.1875
vt 0.5 0.1875
vt 0.5 0.25
vt 0.5625 0.25
vt 0.5625 0.1875
vt 0.5 0.1875
vt 0.5 0.25
vt 0.5625 0.25
vt 0.5625 0.1875
vt 0.5 0.1875
vt 0.5 0.25
vt 0.5625 0.25
vt 0.5625 0.1875
vt 0.5 0.1875
vt 0.5 0.2344
vt 0.5625 0.2344
vt 0.5625 0.2031
vt 0.5 0.2031
vt 0.5 0.1645
vt 0.5 0.2344
vt 0.5625 0.2344
vt 0.5625 0.1645
vt 0.6875 0.2188
vt 0.625 0.25
vt 0.625 0.1875
vt 0.6875 0.1875
vt 0.625 0.125
vt 0.6875 0.0938
vt 0.6875 0.0625
vt 0.625 0.0625
vt 0.5625 0.2031
vt 0.5625 0.1719
vt 0.5 0.1719
vt 0.5 0.2031
vt 0.5625 0.2031
vt 0.5625 0.1719
vt 0.5 0.1719
vt 0.5 0.2031
vt 0.5 0.2031
vt 0.5 0.1719
vt 0.5625 0.1719
vt 0.5625 0.2031
vt 0.5625 0.2031
vt 0.5625 0.1719
vt 0.5 0.1719
vt 0.5 0.2031
vt 0.375 0.4844
vt 0.4688 0.4844
vt 0.4688 0.4688
vt 0.375 0.4688
vt 0.375 0.4844
vt 0.4688 0.4844
vt 0.4688 0.4688
vt 0.375 0.4688
vt 0.375 0.4844
vt 0.4688 0.4844
vt 0.4688 0.3906
vt 0.375 0.3906
vt 0.375 0.4063
vt 0.4688 0.4063
vt 0.4688 0.3906
vt 0.375 0.3906
vt 0.4688 0.4844
vt 0.375 0.4844
vt 0.375 0.4688
vt 0.4688 0.4688
vt 0.5 0.25
vt 0.5625 0.25
vt 0.5625 0.1875
vt 0.5 0.1875
vt 0.5 0.25
vt 0.5625 0.25
vt 0.5625 0.1875
vt 0.5 0.1875
vt 0.5 0.25
vt 0.5625 0.25
vt 0.5625 0.1875
vt 0.5 0.1875
vt 0.5 0.25
vt 0.5625 0.25
vt 0.5625 0.1875
vt 0.5 0.1875
vt 0.5 0.2344
vt 0.5625 0.2344
vt 0.5625 0.2031
vt 0.5 0.2031
vt 0.5 0.1645
vt 0.5 0.2344
vt 0.5625 0.2344
vt 0.5625 0.1645
vt 0.6875 0.2188
vt 0.625 0.25
vt 0.625 0.1875
vt 0.6875 0.1875
vt 0.625 0.125
vt 0.6875 0.0938
vt 0.6875 0.0625
vt 0.625 0.0625
vt 0.5625 0.2031
vt 0.5625 0.1719
vt 0.5 0.1719
vt 0.5 0.2031
vt 0.5625 0.2031
vt 0.5625 0.1719
vt 0.5 0.1719
vt 0.5 0.2031
vt 0.5 0.2031
vt 0.5 0.1719
vt 0.5625 0.1719
vt 0.5625 0.2031
vt 0.5625 0.2031
vt 0.5625 0.1719
vt 0.5 0.1719
vt 0.5 0.2031
vt 0.375 0.4844
vt 0.4688 0.4844
vt 0.4688 0.4688
vt 0.375 0.4688
vt 0.375 0.4844
vt 0.4688 0.4844
vt 0.4688 0.4688
vt 0.375 0.4688
vt 0.375 0.4844
vt 0.4688 0.4844
vt 0.4688 0.3906
vt 0.375 0.3906
vt 0.375 0.4063
vt 0.4688 0.4063
vt 0.4688 0.3906
vt 0.375 0.3906
vt 0.4688 0.4844
vt 0.375 0.4844
vt 0.375 0.4688
vt 0.4688 0.4688
vt 0.5 0.25
vt 0.5625 0.25
vt 0.5625 0.1875
vt 0.5 0.1875
vt 0.5 0.25
vt 0.5625 0.25
vt 0.5625 0.1875
vt 0.5 0.1875
vt 0.5 0.25
vt 0.5625 0.25
vt 0.5625 0.1875
vt 0.5 0.1875
vt 0.5 0.25
vt 0.5625 0.25
vt 0.5625 0.1875
vt 0.5 0.1875
vt 0.5 0.2344
vt 0.5625 0.2344
vt 0.5625 0.2031
vt 0.5 0.2031
vt 0.5 0.1645
vt 0.5 0.2344
vt 0.5625 0.2344
vt 0.5625 0.1645
vt 0.6875 0.2188
vt 0.625 0.25
vt 0.625 0.1875
vt 0.6875 0.1875
vt 0.625 0.125
vt 0.6875 0.0938
vt 0.6875 0.0625
vt 0.625 0.0625
vt 0.5625 0.2031
vt 0.5625 0.1719
vt 0.5 0.1719
vt 0.5 0.2031
vt 0.5625 0.2031
vt 0.5625 0.1719
vt 0.5 0.1719
vt 0.5 0.2031
vt 0.5 0.2031
vt 0.5 0.1719
vt 0.5625 0.1719
vt 0.5625 0.2031
vt 0.5625 0.2031
vt 0.5625 0.1719
vt 0.5 0.1719
vt 0.5 0.2031
vt 0.4844 1
vt 0.5625 1
vt 0.5625 0.875
vt 0.4844 0.875
vt 0.4844 1
vt 0.5625 1
vt 0.5625 0.875
vt 0.4844 0.875
vt 0.4844 0.8594
vt 0.5625 0.8594
vt 0.5625 0.8125
vt 0.4844 0.8125
vt 0.4844 0.8594
vt 0.5625 0.8594
vt 0.5625 0.8125
vt 0.4844 0.8125
vt 0.5625 0.8594
vt 0.6875 0.8594
vt 0.6875 0.8125
vt 0.5625 0.8125
vt 0.75 0.125
vt 0.9375 0.125
vt 0.9375 0.0156
vt 0.75 0.0156
vt 0.75 0.125
vt 0.9375 0.125
vt 0.9375 0.0156
vt 0.75 0.0156
vn 0 0 -1
vn -1 0 0
vn 1 0 0
vn -1 0 0
vn 1 0 0
vn -1 0 0
vn 0 0 -1
vn 1 0 0
vn -1 0 0
vn 1 0 0
vn 0 0 1
vn 0 0 -1
vn -1 0 0
vn 1 0 0
vn 0 1 0
vn 0 -1 0
vn 0 0 -1
vn 0 1 0
vn 0 -1 0
vn -1 0 0
vn 0 0 1
vn 0 0 -1
vn 0 1 0
vn 0 -1 0
vn -1 0 0
vn 0 0 1
vn 0 1 0
vn 0 -1 0
vn -1 0 0
vn 0 0 1
vn 0 0 -1
vn 0 1 0
vn 0 -1 0
vn -1 0 0
vn 0 0 -1
vn 0 1 0
vn 0 -1 0
vn 1 0 0
vn -1 0 0
vn 0 0 1
vn 0 0 -1
vn 0 1 0
vn 0 -1 0
vn 1 0 0
vn -1 0 0
vn 0 0 1
vn 0 0 -1
vn -1 0 0
vn 0 0 1
vn 0 0 -1
vn -1 0 0
vn 0 0 1
vn 0 0 -1
vn 1 0 0
vn -1 0 0
vn 0 0 1
vn 0 0 -1
vn 0 1 0
vn 0 -1 0
vn 1 0 0
vn 0 0 1
vn 0 0 -1
vn 0 1 0
vn 0 -1 0
vn 1 0 0
vn 0 0 1
vn 0 0 -1
vn 0 1 0
vn 0 -1 0
vn 1 0 0
vn -1 0 0
vn 0 0 -1
vn -1 0 0
vn 1 0 0
vn -1 0 0
vn 1 0 0
vn -1 0 0
vn 0 0 -1
vn 1 0 0
vn -1 0 0
vn 1 0 0
vn 0 0 1
vn 0 0 -1
vn -1 0 0
vn 1 0 0
vn 0 1 0
vn 0 -1 0
vn 0 0 1
vn 0 0 -1
vn 1 0 0
vn -1 0 0
vn 0 0 1
vn 0 0 -1
vn 0 1 0
vn 1 0 0
vn -1 0 0
vn 0 0 1
vn 0 0 -1
vn 1 0 0
vn -1 0 0
vn 0 0 -1
vn 0 0.89 -0.45
vn 1 0 0
vn -1 0 0
vn 0 1 0
vn 0 -1 0
vn 1 0 0
vn -1 0 0
vn 0 0 1
vn 0 0 -1
vn 0 1 0
vn 1 0 0
vn -1 0 0
vn 0 0 1
vn 0 0 -1
vn 1 0 0
vn -1 0 0
vn 0 0 -1
vn 0 0.89 -0.45
vn 1 0 0
vn -1 0 0
vn 0 1 0
vn 0 -1 0
vn 1 0 0
vn -1 0 0
vn 0 0 1
vn 0 0 -1
vn 0 1 0
vn 1 0 0
vn -1 0 0
vn 0 0 1
vn 0 0 -1
vn 1 0 0
vn -1 0 0
vn 0 0 -1
vn 0 0.89 -0.45
vn 1 0 0
vn -1 0 0
vn 0 1 0
vn 0 -1 0
vn 1 0 0
vn -1 0 0
vn 0 1 0
vn 0 -1 0
vn 1 0 0
vn -1 0 0
vn 0 0 1
vn -1 0 0
vn 1 0 0
usemtl common_steel
f 989/2817/705 988/2818/705 990/2819/705
f 989/2817/705 990/2819/705 991/2820/705
f 985/2821/706 989/2822/706 991/2823/706
f 985/2821/706 991/2823/706 987/2824/706
f 984/2825/707 992/2826/707 994/2827/707
f 984/2825/707 994/2827/707 986/2828/707
f 993/2829/708 985/2830/708 987/2831/708
f 993/2829/708 987/2831/708 995/2832/708
f 998/2833/709 996/2834/709 992/2835/709
f 998/2833/709 992/2835/709 984/2836/709
f 997/2837/710 999/2838/710 985/2839/710
f 997/2837/710 985/2839/710 993/2840/710
f 1001/2841/711 1000/2842/711 988/2843/711
f 1001/2841/711 988/2843/711 989/2844/711
f 1000/2845/712 998/2846/712 984/2847/712
f 1000/2845/712 984/2847/712 988/2848/712
f 999/2849/713 1001/2850/713 989/2851/713
f 999/2849/713 989/2851/713 985/2852/713
f 988/2853/714 984/2854/714 986/2855/714
f 988/2853/714 986/2855/714 990/2856/714
usemtl vulcanizer_base3
f 995/2857/715 1002/2858/715 1004/2859/715
f 995/2857/715 1004/2859/715 1003/2860/715
f 1006/2861/716 1005/2862/716 1007/2863/716
f 1006/2861/716 1007/2863/716 1008/2864/716
f 1006/2865/717 1002/2866/717 995/2867/717
f 1006/2865/717 995/2867/717 1005/2868/717
f 1007/2869/718 1003/2870/718 1004/2871/718
f 1007/2869/718 1004/2871/718 1008/2872/718
f 1005/2873/719 995/2874/719 1003/2875/719
f 1005/2873/719 1003/2875/719 1007/2876/719
f 1002/2877/720 1006/2878/720 1008/2879/720
f 1002/2877/720 1008/2879/720 1004/2880/720
usemtl common_steel
f 1013/2881/721 1012/2882/721 1014/2883/721
f 1013/2881/721 1014/2883/721 1015/2884/721
f 1013/2885/722 1010/2886/722 1009/2887/722
f 1013/2885/722 1009/2887/722 1012/2888/722
f 1014/2889/723 1011/2890/723 999/2891/723
f 1014/2889/723 999/2891/723 1015/2892/723
f 1010/2893/724 1013/2894/724 1015/2895/724
f 1010/2893/724 1015/2895/724 999/2896/724
f 1016/2897/725 1017/2898/725 1019/2899/725
f 1016/2897/725 1019/2899/725 1018/2900/725
f 1010/2901/726 1009/2902/726 1011/2903/726
f 1010/2901/726 1011/2903/726 999/2904/726
f 1010/2905/727 1017/2906/727 1016/2907/727
f 1010/2905/727 1016/2907/727 1009/2908/727
f 1011/2909/728 1018/2910/728 1019/2911/728
f 1011/2909/728 1019/2911/728 999/2912/728
f 1017/2913/729 1010/2914/729 999/2915/729
f 1017/2913/729 999/2915/729 1019/2916/729
f 1020/2917/730 1016/2918/730 1018/2919/730
f 1020/2917/730 1018/2919/730 1021/2920/730
f 1009/2921/731 1016/2922/731 1020/2923/731
f 1009/2921/731 1020/2923/731 1022/2924/731
f 1023/2925/732 1021/2926/732 1018/2927/732
f 1023/2925/732 1018/2927/732 1011/2928/732
f 1016/2929/733 1009/2930/733 1011/2931/733
f 1016/2929/733 1011/2931/733 1018/2932/733
f 1022/2933/734 1009/2934/734 1011/2935/734
f 1022/2933/734 1011/2935/734 1023/2936/734
f 1012/2937/735 1024/2938/735 1025/2939/735
f 1012/2937/735 1025/2939/735 1014/2940/735
f 1012/2941/736 1009/2942/736 1022/2943/736
f 1012/2941/736 1022/2943/736 1024/2944/736
f 1025/2945/737 1023/2946/737 1011/2947/737
f 1025/2945/737 1011/2947/737 1014/2948/737
f 1009/2949/738 1012/2950/738 1014/2951/738
f 1009/2949/738 1014/2951/738 1011/2952/738
f 1024/2953/739 1028/2954/739 1029/2955/739
f 1024/2953/739 1029/2955/739 1025/2956/739
f 1024/2957/740 1022/2958/740 1026/2959/740
f 1024/2957/740 1026/2959/740 1028/2960/740
f 1029/2961/741 1027/2962/741 1023/2963/741
f 1029/2961/741 1023/2963/741 1025/2964/741
f 1028/2965/742 1026/2966/742 1027/2967/742
f 1028/2965/742 1027/2967/742 1029/2968/742
f 1022/2969/743 1024/2970/743 1025/2971/743
f 1022/2969/743 1025/2971/743 1023/2972/743
f 1030/2973/744 1020/2974/744 1021/2975/744
f 1030/2973/744 1021/2975/744 1031/2976/744
f 1022/2977/745 1026/2978/745 1027/2979/745
f 1022/2977/745 1027/2979/745 1023/2980/745
f 1022/2981/746 1020/2982/746 1030/2983/746
f 1022/2981/746 1030/2983/746 1026/2984/746
f 1027/2985/747 1031/2986/747 1021/2987/747
f 1027/2985/747 1021/2987/747 1023/2988/747
f 1026/2989/748 1030/2990/748 1031/2991/748
f 1026/2989/748 1031/2991/748 1027/2992/748
f 1020/2993/749 1022/2994/749 1023/2995/749
f 1020/2993/749 1023/2995/749 1021/2996/749
f 1018/2997/750 1019/2998/750 1033/2999/750
f 1018/2997/750 1033/2999/750 1032/3000/750
f 997/3001/751 1034/3002/751 1035/3003/751
f 997/3001/751 1035/3003/751 993/3004/751
f 1019/3005/752 997/3006/752 993/3007/752
f 1019/3005/752 993/3007/752 1033/3008/752
f 1021/3009/753 1018/3010/753 1032/3011/753
f 1021/3009/753 1032/3011/753 1036/3012/753
f 1034/3013/754 1037/3014/754 1038/3015/754
f 1034/3013/754 1038/3015/754 1035/3016/754
f 1018/3017/755 1034/3018/755 1035/3019/755
f 1018/3017/755 1035/3019/755 1032/3020/755
f 1031/3021/756 1021/3022/756 1036/3023/756
f 1031/3021/756 1036/3023/756 1039/3024/756
f 1037/3025/757 1040/3026/757 1041/3027/757
f 1037/3025/757 1041/3027/757 1038/3028/757
f 1040/3029/758 1031/3030/758 1039/3031/758
f 1040/3029/758 1039/3031/758 1041/3032/758
f 1021/3033/759 1037/3034/759 1038/3035/759
f 1021/3033/759 1038/3035/759 1036/3036/759
f 1039/3037/760 1036/3038/760 1043/3039/760
f 1039/3037/760 1043/3039/760 1042/3040/760
f 1038/3041/761 1041/3042/761 1004/3043/761
f 1038/3041/761 1004/3043/761 1044/3044/761
f 1038/3045/762 1036/3046/762 1039/3047/762
f 1038/3045/762 1039/3047/762 1041/3048/762
f 1004/3049/763 1042/3050/763 1043/3051/763
f 1004/3049/763 1043/3051/763 1044/3052/763
f 1041/3053/764 1039/3054/764 1042/3055/764
f 1041/3053/764 1042/3055/764 1004/3056/764
f 1036/3057/765 1032/3058/765 1045/3059/765
f 1036/3057/765 1045/3059/765 1043/3060/765
f 1035/3061/766 1038/3062/766 1044/3063/766
f 1035/3061/766 1044/3063/766 1046/3064/766
f 1035/3065/767 1032/3066/767 1036/3067/767
f 1035/3065/767 1036/3067/767 1038/3068/767
f 1044/3069/768 1043/3070/768 1045/3071/768
f 1044/3069/768 1045/3071/768 1046/3072/768
f 1038/3073/769 1036/3074/769 1043/3075/769
f 1038/3073/769 1043/3075/769 1044/3076/769
f 1032/3077/770 1033/3078/770 1047/3079/770
f 1032/3077/770 1047/3079/770 1045/3080/770
f 993/3081/771 1035/3082/771 1046/3083/771
f 993/3081/771 1046/3083/771 1002/3084/771
f 993/3085/772 1033/3086/772 1032/3087/772
f 993/3085/772 1032/3087/772 1035/3088/772
f 1046/3089/773 1045/3090/773 1047/3091/773
f 1046/3089/773 1047/3091/773 1002/3092/773
f 1035/3093/774 1032/3094/774 1045/3095/774
f 1035/3093/774 1045/3095/774 1046/3096/774
f 1033/3097/775 993/3098/775 1002/3099/775
f 1033/3097/775 1002/3099/775 1047/3100/775
f 1053/3101/776 1052/3102/776 1054/3103/776
f 1053/3101/776 1054/3103/776 1055/3104/776
f 1049/3105/777 1053/3106/777 1055/3107/777
f 1049/3105/777 1055/3107/777 1051/3108/777
f 1048/3109/778 1041/3110/778 1003/3111/778
f 1048/3109/778 1003/3111/778 1050/3112/778
f 1056/3113/779 1049/3114/779 1051/3115/779
f 1056/3113/779 1051/3115/779 1057/3116/779
f 1027/3117/780 1040/3118/780 1041/3119/780
f 1027/3117/780 1041/3119/780 1048/3120/780
f 1058/3121/781 1059/3122/781 1049/3123/781
f 1058/3121/781 1049/3123/781 1056/3124/781
f 1061/3125/782 1060/3126/782 1052/3127/782
f 1061/3125/782 1052/3127/782 1053/3128/782
f 1060/3129/783 1027/3130/783 1048/3131/783
f 1060/3129/783 1048/3131/783 1052/3132/783
f 1059/3133/784 1061/3134/784 1053/3135/784
f 1059/3133/784 1053/3135/784 1049/3136/784
f 1052/3137/785 1048/3138/785 1050/3139/785
f 1052/3137/785 1050/3139/785 1054/3140/785
usemtl vulcanizer_base1
f 1062/3141/786 1063/3142/786 1065/3143/786
f 1062/3141/786 1065/3143/786 1064/3144/786
f 1067/3145/787 1066/3146/787 1068/3147/787
f 1067/3145/787 1068/3147/787 1069/3148/787
f 1067/3149/788 1063/3150/788 1062/3151/788
f 1067/3149/788 1062/3151/788 1066/3152/788
f 1068/3153/789 1064/3154/789 1065/3155/789
f 1068/3153/789 1065/3155/789 1069/3156/789
f 1066/3157/790 1062/3158/790 1064/3159/790
f 1066/3157/790 1064/3159/790 1068/3160/790
f 1063/3161/791 1067/3162/791 1069/3163/791
f 1063/3161/791 1069/3163/791 1065/3164/791
usemtl vulcanizer_base4
f 1070/3165/792 1071/3166/792 1073/3167/792
f 1070/3165/792 1073/3167/792 1072/3168/792
f 1075/3169/793 1074/3170/793 1076/3171/793
f 1075/3169/793 1076/3171/793 1077/3172/793
f 1074/3173/794 1070/3174/794 1072/3175/794
f 1074/3173/794 1072/3175/794 1076/3176/794
f 1071/3177/795 1075/3178/795 1077/3179/795
f 1071/3177/795 1077/3179/795 1073/3180/795
usemtl common_thingies
f 1078/3181/796 1079/3182/796 1081/3183/796
f 1078/3181/796 1081/3183/796 1080/3184/796
f 1083/3185/797 1082/3186/797 1084/3187/797
f 1083/3185/797 1084/3187/797 1085/3188/797
f 1083/3189/798 1079/3190/798 1078/3191/798
f 1083/3189/798 1078/3191/798 1082/3192/798
f 1082/3193/799 1078/3194/799 1080/3195/799
f 1082/3193/799 1080/3195/799 1084/3196/799
f 1079/3197/800 1083/3198/800 1085/3199/800
f 1079/3197/800 1085/3199/800 1081/3200/800
usemtl common_cable_and_pipe
f 1086/3201/801 1087/3202/801 1089/3203/801
f 1086/3201/801 1089/3203/801 1088/3204/801
f 1091/3205/802 1090/3206/802 1092/3207/802
f 1091/3205/802 1092/3207/802 1093/3208/802
f 1090/3209/803 1086/3210/803 1088/3211/803
f 1090/3209/803 1088/3211/803 1092/3212/803
f 1087/3213/804 1091/3214/804 1093/3215/804
f 1087/3213/804 1093/3215/804 1089/3216/804
f 1097/3217/805 1096/3218/805 1090/3219/805
f 1097/3217/805 1090/3219/805 1091/3220/805
f 1097/3221/806 1095/3222/806 1094/3223/806
f 1097/3221/806 1094/3223/806 1096/3224/806
f 1096/3225/807 1094/3226/807 1086/3227/807
f 1096/3225/807 1086/3227/807 1090/3228/807
f 1095/3229/808 1097/3230/808 1091/3231/808
f 1095/3229/808 1091/3231/808 1087/3232/808
f 1095/3233/809 1099/3234/809 1098/3235/809
f 1095/3233/809 1098/3235/809 1094/3236/809
f 1086/3237/810 1100/3238/810 1101/3239/810
f 1086/3237/810 1101/3239/810 1087/3240/810
f 1094/3241/811 1098/3242/811 1100/3243/811
f 1094/3241/811 1100/3243/811 1086/3244/811
f 1099/3245/812 1095/3246/812 1087/3247/812
f 1099/3245/812 1087/3247/812 1101/3248/812
usemtl common_thingies
f 1102/3249/813 1103/3250/813 1105/3251/813
f 1102/3249/813 1105/3251/813 1104/3252/813
f 1107/3253/814 1106/3254/814 1108/3255/814
f 1107/3253/814 1108/3255/814 1109/3256/814
f 1107/3257/815 1103/3258/815 1102/3259/815
f 1107/3257/815 1102/3259/815 1106/3260/815
f 1106/3261/816 1102/3262/816 1104/3263/816
f 1106/3261/816 1104/3263/816 1108/3264/816
f 1103/3265/817 1107/3266/817 1109/3267/817
f 1103/3265/817 1109/3267/817 1105/3268/817
usemtl common_cable_and_pipe
f 1110/3269/818 1111/3270/818 1113/3271/818
f 1110/3269/818 1113/3271/818 1112/3272/818
f 1115/3273/819 1114/3274/819 1116/3275/819
f 1115/3273/819 1116/3275/819 1117/3276/819
f 1114/3277/820 1110/3278/820 1112/3279/820
f 1114/3277/820 1112/3279/820 1116/3280/820
f 1111/3281/821 1115/3282/821 1117/3283/821
f 1111/3281/821 1117/3283/821 1113/3284/821
f 1121/3285/822 1120/3286/822 1114/3287/822
f 1121/3285/822 1114/3287/822 1115/3288/822
f 1121/3289/823 1119/3290/823 1118/3291/823
f 1121/3289/823 1118/3291/823 1120/3292/823
f 1120/3293/824 1118/3294/824 1110/3295/824
f 1120/3293/824 1110/3295/824 1114/3296/824
f 1119/3297/825 1121/3298/825 1115/3299/825
f 1119/3297/825 1115/3299/825 1111/3300/825
f 1119/3301/826 1123/3302/826 1122/3303/826
f 1119/3301/826 1122/3303/826 1118/3304/826
f 1110/3305/827 1124/3306/827 1125/3307/827
f 1110/3305/827 1125/3307/827 1111/3308/827
f 1118/3309/828 1122/3310/828 1124/3311/828
f 1118/3309/828 1124/3311/828 1110/3312/828
f 1123/3313/829 1119/3314/829 1111/3315/829
f 1123/3313/829 1111/3315/829 1125/3316/829
usemtl common_thingies
f 1126/3317/830 1127/3318/830 1129/3319/830
f 1126/3317/830 1129/3319/830 1128/3320/830
f 1131/3321/831 1130/3322/831 1132/3323/831
f 1131/3321/831 1132/3323/831 1133/3324/831
f 1131/3325/832 1127/3326/832 1126/3327/832
f 1131/3325/832 1126/3327/832 1130/3328/832
f 1130/3329/833 1126/3330/833 1128/3331/833
f 1130/3329/833 1128/3331/833 1132/3332/833
f 1127/3333/834 1131/3334/834 1133/3335/834
f 1127/3333/834 1133/3335/834 1129/3336/834
usemtl common_cable_and_pipe
f 1134/3337/835 1135/3338/835 1137/3339/835
f 1134/3337/835 1137/3339/835 1136/3340/835
f 1139/3341/836 1138/3342/836 1140/3343/836
f 1139/3341/836 1140/3343/836 1141/3344/836
f 1138/3345/837 1134/3346/837 1136/3347/837
f 1138/3345/837 1136/3347/837 1140/3348/837
f 1135/3349/838 1139/3350/838 1141/3351/838
f 1135/3349/838 1141/3351/838 1137/3352/838
f 1145/3353/839 1144/3354/839 1138/3355/839
f 1145/3353/839 1138/3355/839 1139/3356/839
f 1145/3357/840 1143/3358/840 1142/3359/840
f 1145/3357/840 1142/3359/840 1144/3360/840
f 1144/3361/841 1142/3362/841 1134/3363/841
f 1144/3361/841 1134/3363/841 1138/3364/841
f 1143/3365/842 1145/3366/842 1139/3367/842
f 1143/3365/842 1139/3367/842 1135/3368/842
f 1143/3369/843 1147/3370/843 1146/3371/843
f 1143/3369/843 1146/3371/843 1142/3372/843
f 1134/3373/844 1148/3374/844 1149/3375/844
f 1134/3373/844 1149/3375/844 1135/3376/844
f 1142/3377/845 1146/3378/845 1148/3379/845
f 1142/3377/845 1148/3379/845 1134/3380/845
f 1147/3381/846 1143/3382/846 1135/3383/846
f 1147/3381/846 1135/3383/846 1149/3384/846
usemtl vulcanizer_base4
f 1155/3385/847 1151/3386/847 1150/3387/847
f 1155/3385/847 1150/3387/847 1154/3388/847
f 1156/3389/848 1152/3390/848 1153/3391/848
f 1156/3389/848 1153/3391/848 1157/3392/848
f 1154/3393/849 1150/3394/849 1152/3395/849
f 1154/3393/849 1152/3395/849 1156/3396/849
f 1151/3397/850 1155/3398/850 1157/3399/850
f 1151/3397/850 1157/3399/850 1153/3400/850
f 1150/3401/851 1151/3402/851 1153/3403/851
f 1150/3401/851 1153/3403/851 1152/3404/851
usemtl vulcanizer_base1
f 1158/3405/852 1159/3406/852 1160/3407/852
f 1158/3405/852 1160/3407/852 1161/3408/852
f 1162/3409/853 1163/3410/853 1164/3411/853
f 1162/3409/853 1164/3411/853 1165/3412/853
o door_left
v -0.1838 2.9375 -1.9035
v -0.1838 2.9375 -1.966
v -0.1838 1.625 -1.9035
v -0.1838 1.625 -1.966
v 2.8162 2.9375 -1.9035
v 2.8162 2.9375 -1.966
v 2.8162 1.625 -1.9035
v 2.8162 1.625 -1.966
v 0.2537 2.6875 -2.0285
v 0.1287 2.6875 -2.0285
v 0.2537 2 -2.0285
v 0.1287 2 -2.0285
v 0.2537 2.625 -2.091
v 0.1287 2.625 -2.091
v 0.2537 2.0625 -2.091
v 0.1287 2.0625 -2.091
v 0.2537 2.125 -1.966
v 0.1287 2.125 -1.966
v 0.2537 2 -1.966
v 0.1287 2 -1.966
v 0.2537 2.125 -2.0285
v 0.1287 2.125 -2.0285
v 0.2537 2.6875 -1.966
v 0.1287 2.6875 -1.966
v 0.2537 2.5625 -1.966
v 0.1287 2.5625 -1.966
v 0.2537 2.5625 -2.0285
v 0.1287 2.5625 -2.0285
v 1.3787 2.6875 -2.0285
v 1.2537 2.6875 -2.0285
v 1.3787 2 -2.0285
v 1.2537 2 -2.0285
v 1.3787 2.625 -2.091
v 1.2537 2.625 -2.091
v 1.3787 2.0625 -2.091
v 1.2537 2.0625 -2.091
v 1.3787 2.125 -1.966
v 1.2537 2.125 -1.966
v 1.3787 2 -1.966
v 1.2537 2 -1.966
v 1.3787 2.125 -2.0285
v 1.2537 2.125 -2.0285
v 1.3787 2.6875 -1.966
v 1.2537 2.6875 -1.966
v 1.3787 2.5625 -1.966
v 1.2537 2.5625 -1.966
v 1.3787 2.5625 -2.0285
v 1.2537 2.5625 -2.0285
v 2.5037 2.6875 -2.0285
v 2.3787 2.6875 -2.0285
v 2.5037 2 -2.0285
v 2.3787 2 -2.0285
v 2.5037 2.625 -2.091
v 2.3787 2.625 -2.091
v 2.5037 2.0625 -2.091
v 2.3787 2.0625 -2.091
v 2.5037 2.125 -1.966
v 2.3787 2.125 -1.966
v 2.5037 2 -1.966
v 2.3787 2 -1.966
v 2.5037 2.125 -2.0285
v 2.3787 2.125 -2.0285
v 2.5037 2.6875 -1.966
v 2.3787 2.6875 -1.966
v 2.5037 2.5625 -1.966
v 2.3787 2.5625 -1.966
v 2.5037 2.5625 -2.0285
v 2.3787 2.5625 -2.0285
vt 0 1
vt 0.0156 1
vt 0.0156 0.6719
vt 0 0.6719
vt 0.7344 1
vt 0.75 1
vt 0.75 0.6719
vt 0.7344 0.6719
vt 0.0156 1
vt 0.7656 1
vt 0.7656 0.9844
vt 0.0156 0.9844
vt 0 0.6875
vt 0.75 0.6875
vt 0.75 0.6719
vt 0 0.6719
vt 0 1
vt 0.75 1
vt 0.75 0.6719
vt 0 0.6719
vt 0 1
vt 0.75 1
vt 0.75 0.6719
vt 0 0.6719
vt 0.4688 0.2656
vt 0.5 0.2656
vt 0.5 0.0938
vt 0.4688 0.0938
vt 0.4844 0.25
vt 0.5156 0.25
vt 0.5156 0.1094
vt 0.4844 0.1094
vt 0.4531 0.1967
vt 0.4531 0.2188
vt 0.4844 0.2188
vt 0.4844 0.1967
vt 0.4844 0.2344
vt 0.4844 0.2123
vt 0.4531 0.2123
vt 0.4531 0.2344
vt 0.4688 0.2656
vt 0.4844 0.2813
vt 0.4844 0.1094
vt 0.4688 0.125
vt 0.4688 0.2344
vt 0.4844 0.2188
vt 0.4844 0.0781
vt 0.4688 0.0625
vt 0.4609 0.5938
vt 0.4609 0.5898
vt 0.4531 0.5898
vt 0.4531 0.5938
vt 0.4531 0.5898
vt 0.4531 0.5938
vt 0.4609 0.5938
vt 0.4609 0.5898
vt 0.5622 0.2342
vt 0.5779 0.2345
vt 0.5784 0.2033
vt 0.5628 0.203
vt 0.5469 0.2344
vt 0.5625 0.2344
vt 0.5625 0.2031
vt 0.5469 0.2031
vt 0.4609 0.5938
vt 0.4609 0.5898
vt 0.4531 0.5898
vt 0.4531 0.5938
vt 0.4531 0.5898
vt 0.4531 0.5938
vt 0.4609 0.5938
vt 0.4609 0.5898
vt 0.5622 0.2342
vt 0.5779 0.2345
vt 0.5784 0.2033
vt 0.5628 0.203
vt 0.5469 0.2344
vt 0.5625 0.2344
vt 0.5625 0.2031
vt 0.5469 0.2031
vt 0.4688 0.2656
vt 0.5 0.2656
vt 0.5 0.0938
vt 0.4688 0.0938
vt 0.4844 0.25
vt 0.5156 0.25
vt 0.5156 0.1094
vt 0.4844 0.1094
vt 0.4531 0.1967
vt 0.4531 0.2188
vt 0.4844 0.2188
vt 0.4844 0.1967
vt 0.4844 0.2344
vt 0.4844 0.2123
vt 0.4531 0.2123
vt 0.4531 0.2344
vt 0.4688 0.2656
vt 0.4844 0.2813
vt 0.4844 0.1094
vt 0.4688 0.125
vt 0.4688 0.2344
vt 0.4844 0.2188
vt 0.4844 0.0781
vt 0.4688 0.0625
vt 0.4609 0.5938
vt 0.4609 0.5898
vt 0.4531 0.5898
vt 0.4531 0.5938
vt 0.4531 0.5898
vt 0.4531 0.5938
vt 0.4609 0.5938
vt 0.4609 0.5898
vt 0.5622 0.2342
vt 0.5779 0.2345
vt 0.5784 0.2033
vt 0.5628 0.203
vt 0.5469 0.2344
vt 0.5625 0.2344
vt 0.5625 0.2031
vt 0.5469 0.2031
vt 0.4609 0.5938
vt 0.4609 0.5898
vt 0.4531 0.5898
vt 0.4531 0.5938
vt 0.4531 0.5898
vt 0.4531 0.5938
vt 0.4609 0.5938
vt 0.4609 0.5898
vt 0.5622 0.2342
vt 0.5779 0.2345
vt 0.5784 0.2033
vt 0.5628 0.203
vt 0.5469 0.2344
vt 0.5625 0.2344
vt 0.5625 0.2031
vt 0.5469 0.2031
vt 0.4688 0.2656
vt 0.5 0.2656
vt 0.5 0.0938
vt 0.4688 0.0938
vt 0.4844 0.25
vt 0.5156 0.25
vt 0.5156 0.1094
vt 0.4844 0.1094
vt 0.4531 0.1967
vt 0.4531 0.2188
vt 0.4844 0.2188
vt 0.4844 0.1967
vt 0.4844 0.2344
vt 0.4844 0.2123
vt 0.4531 0.2123
vt 0.4531 0.2344
vt 0.4688 0.2656
vt 0.4844 0.2813
vt 0.4844 0.1094
vt 0.4688 0.125
vt 0.4688 0.2344
vt 0.4844 0.2188
vt 0.4844 0.0781
vt 0.4688 0.0625
vt 0.4609 0.5938
vt 0.4609 0.5898
vt 0.4531 0.5898
vt 0.4531 0.5938
vt 0.4531 0.5898
vt 0.4531 0.5938
vt 0.4609 0.5938
vt 0.4609 0.5898
vt 0.5622 0.2342
vt 0.5779 0.2345
vt 0.5784 0.2033
vt 0.5628 0.203
vt 0.5469 0.2344
vt 0.5625 0.2344
vt 0.5625 0.2031
vt 0.5469 0.2031
vt 0.4609 0.5938
vt 0.4609 0.5898
vt 0.4531 0.5898
vt 0.4531 0.5938
vt 0.4531 0.5898
vt 0.4531 0.5938
vt 0.4609 0.5938
vt 0.4609 0.5898
vt 0.5622 0.2342
vt 0.5779 0.2345
vt 0.5784 0.2033
vt 0.5628 0.203
vt 0.5469 0.2344
vt 0.5625 0.2344
vt 0.5625 0.2031
vt 0.5469 0.2031
vn -1 0 0
vn 1 0 0
vn 0 1 0
vn 0 -1 0
vn 0 0 1
vn 0 0 -1
vn 0 0 1
vn 0 0 -1
vn 0 0.71 -0.71
vn 0 -0.71 -0.71
vn 1 0 0
vn -1 0 0
vn 0 1 0
vn 0 -1 0
vn 1 0 0
vn -1 0 0
vn 0 1 0
vn 0 -1 0
vn 1 0 0
vn -1 0 0
vn 0 0 1
vn 0 0 -1
vn 0 0.71 -0.71
vn 0 -0.71 -0.71
vn 1 0 0
vn -1 0 0
vn 0 1 0
vn 0 -1 0
vn 1 0 0
vn -1 0 0
vn 0 1 0
vn 0 -1 0
vn 1 0 0
vn -1 0 0
vn 0 0 1
vn 0 0 -1
vn 0 0.71 -0.71
vn 0 -0.71 -0.71
vn 1 0 0
vn -1 0 0
vn 0 1 0
vn 0 -1 0
vn 1 0 0
vn -1 0 0
vn 0 1 0
vn 0 -1 0
vn 1 0 0
vn -1 0 0
usemtl vulcanizer_base3
f 1166/3413/854 1167/3414/854 1169/3415/854
f 1166/3413/854 1169/3415/854 1168/3416/854
f 1171/3417/855 1170/3418/855 1172/3419/855
f 1171/3417/855 1172/3419/855 1173/3420/855
f 1171/3421/856 1167/3422/856 1166/3423/856
f 1171/3421/856 1166/3423/856 1170/3424/856
f 1172/3425/857 1168/3426/857 1169/3427/857
f 1172/3425/857 1169/3427/857 1173/3428/857
f 1170/3429/858 1166/3430/858 1168/3431/858
f 1170/3429/858 1168/3431/858 1172/3432/858
f 1167/3433/859 1171/3434/859 1173/3435/859
f 1167/3433/859 1173/3435/859 1169/3436/859
f 1174/3437/860 1175/3438/860 1177/3439/860
f 1174/3437/860 1177/3439/860 1176/3440/860
f 1179/3441/861 1178/3442/861 1180/3443/861
f 1179/3441/861 1180/3443/861 1181/3444/861
f 1179/3445/862 1175/3446/862 1174/3447/862
f 1179/3445/862 1174/3447/862 1178/3448/862
f 1180/3449/863 1176/3450/863 1177/3451/863
f 1180/3449/863 1177/3451/863 1181/3452/863
f 1178/3453/864 1174/3454/864 1176/3455/864
f 1178/3453/864 1176/3455/864 1180/3456/864
f 1175/3457/865 1179/3458/865 1181/3459/865
f 1175/3457/865 1181/3459/865 1177/3460/865
f 1187/3461/866 1183/3462/866 1182/3463/866
f 1187/3461/866 1182/3463/866 1186/3464/866
f 1176/3465/867 1184/3466/867 1185/3467/867
f 1176/3465/867 1185/3467/867 1177/3468/867
f 1186/3469/868 1182/3470/868 1184/3471/868
f 1186/3469/868 1184/3471/868 1176/3472/868
f 1183/3473/869 1187/3474/869 1177/3475/869
f 1183/3473/869 1177/3475/869 1185/3476/869
f 1175/3477/870 1189/3478/870 1188/3479/870
f 1175/3477/870 1188/3479/870 1174/3480/870
f 1192/3481/871 1190/3482/871 1191/3483/871
f 1192/3481/871 1191/3483/871 1193/3484/871
f 1174/3485/872 1188/3486/872 1190/3487/872
f 1174/3485/872 1190/3487/872 1192/3488/872
f 1189/3489/873 1175/3490/873 1193/3491/873
f 1189/3489/873 1193/3491/873 1191/3492/873
f 1194/3493/874 1195/3494/874 1197/3495/874
f 1194/3493/874 1197/3495/874 1196/3496/874
f 1199/3497/875 1198/3498/875 1200/3499/875
f 1199/3497/875 1200/3499/875 1201/3500/875
f 1199/3501/876 1195/3502/876 1194/3503/876
f 1199/3501/876 1194/3503/876 1198/3504/876
f 1200/3505/877 1196/3506/877 1197/3507/877
f 1200/3505/877 1197/3507/877 1201/3508/877
f 1198/3509/878 1194/3510/878 1196/3511/878
f 1198/3509/878 1196/3511/878 1200/3512/878
f 1195/3513/879 1199/3514/879 1201/3515/879
f 1195/3513/879 1201/3515/879 1197/3516/879
f 1207/3517/880 1203/3518/880 1202/3519/880
f 1207/3517/880 1202/3519/880 1206/3520/880
f 1196/3521/881 1204/3522/881 1205/3523/881
f 1196/3521/881 1205/3523/881 1197/3524/881
f 1206/3525/882 1202/3526/882 1204/3527/882
f 1206/3525/882 1204/3527/882 1196/3528/882
f 1203/3529/883 1207/3530/883 1197/3531/883
f 1203/3529/883 1197/3531/883 1205/3532/883
f 1195/3533/884 1209/3534/884 1208/3535/884
f 1195/3533/884 1208/3535/884 1194/3536/884
f 1212/3537/885 1210/3538/885 1211/3539/885
f 1212/3537/885 1211/3539/885 1213/3540/885
f 1194/3541/886 1208/3542/886 1210/3543/886
f 1194/3541/886 1210/3543/886 1212/3544/886
f 1209/3545/887 1195/3546/887 1213/3547/887
f 1209/3545/887 1213/3547/887 1211/3548/887
f 1214/3549/888 1215/3550/888 1217/3551/888
f 1214/3549/888 1217/3551/888 1216/3552/888
f 1219/3553/889 1218/3554/889 1220/3555/889
f 1219/3553/889 1220/3555/889 1221/3556/889
f 1219/3557/890 1215/3558/890 1214/3559/890
f 1219/3557/890 1214/3559/890 1218/3560/890
f 1220/3561/891 1216/3562/891 1217/3563/891
f 1220/3561/891 1217/3563/891 1221/3564/891
f 1218/3565/892 1214/3566/892 1216/3567/892
f 1218/3565/892 1216/3567/892 1220/3568/892
f 1215/3569/893 1219/3570/893 1221/3571/893
f 1215/3569/893 1221/3571/893 1217/3572/893
f 1227/3573/894 1223/3574/894 1222/3575/894
f 1227/3573/894 1222/3575/894 1226/3576/894
f 1216/3577/895 1224/3578/895 1225/3579/895
f 1216/3577/895 1225/3579/895 1217/3580/895
f 1226/3581/896 1222/3582/896 1224/3583/896
f 1226/3581/896 1224/3583/896 1216/3584/896
f 1223/3585/897 1227/3586/897 1217/3587/897
f 1223/3585/897 1217/3587/897 1225/3588/897
f 1215/3589/898 1229/3590/898 1228/3591/898
f 1215/3589/898 1228/3591/898 1214/3592/898
f 1232/3593/899 1230/3594/899 1231/3595/899
f 1232/3593/899 1231/3595/899 1233/3596/899
f 1214/3597/900 1228/3598/900 1230/3599/900
f 1214/3597/900 1230/3599/900 1232/3600/900
f 1229/3601/901 1215/3602/901 1233/3603/901
f 1229/3601/901 1233/3603/901 1231/3604/901
o rods_left
v 1.5564 4 -0.417
v 1.6814 4 -0.417
v 1.5564 3.8818 -0.3763
v 1.6814 3.8818 -0.3763
v 1.5564 3.7965 -1.008
v 1.6814 3.7965 -1.008
v 1.5564 3.6783 -0.9673
v 1.6814 3.6783 -0.9673
v 1.557 3.8125 -0.917
v 1.682 3.8125 -0.917
v 1.557 3.6875 -0.917
v 1.682 3.6875 -0.917
v 1.557 3.8125 -1.042
v 1.682 3.8125 -1.042
v 1.557 3.6875 -1.042
v 1.682 3.6875 -1.042
v 1.2439 4 -0.417
v 1.3689 4 -0.417
v 1.2439 3.8818 -0.3763
v 1.3689 3.8818 -0.3763
v 1.2439 3.7965 -1.008
v 1.3689 3.7965 -1.008
v 1.2439 3.6783 -0.9673
v 1.3689 3.6783 -0.9673
v 1.2445 3.8125 -0.917
v 1.3695 3.8125 -0.917
v 1.2445 3.6875 -0.917
v 1.3695 3.6875 -0.917
v 1.2445 3.8125 -1.042
v 1.3695 3.8125 -1.042
v 1.2445 3.6875 -1.042
v 1.3695 3.6875 -1.042
v 0.9314 4 -0.417
v 1.0564 4 -0.417
v 0.9314 3.8818 -0.3763
v 1.0564 3.8818 -0.3763
v 0.9314 3.7965 -1.008
v 1.0564 3.7965 -1.008
v 0.9314 3.6783 -0.9673
v 1.0564 3.6783 -0.9673
v 0.932 3.8125 -0.917
v 1.057 3.8125 -0.917
v 0.932 3.6875 -0.917
v 1.057 3.6875 -0.917
v 0.932 3.8125 -1.042
v 1.057 3.8125 -1.042
v 0.932 3.6875 -1.042
v 1.057 3.6875 -1.042
vt 0.3242 0.1563
vt 0.3242 0.1641
vt 0.3164 0.1641
vt 0.3164 0.1563
vt 0.7188 0.5938
vt 0.75 0.5938
vt 0.75 0.75
vt 0.7188 0.75
vt 0.75 0.75
vt 0.7188 0.75
vt 0.7188 0.5938
vt 0.75 0.5938
vt 0.7188 0.5938
vt 0.75 0.5938
vt 0.75 0.75
vt 0.7188 0.75
vt 0.6563 0.75
vt 0.625 0.75
vt 0.625 0.5938
vt 0.6563 0.5938
vt 0.6719 0.6094
vt 0.6719 0.6406
vt 0.6406 0.6406
vt 0.6406 0.6094
vt 0.7188 0.6719
vt 0.75 0.6719
vt 0.75 0.7031
vt 0.7188 0.7031
vt 0.6563 0.6875
vt 0.625 0.6875
vt 0.625 0.6563
vt 0.6563 0.6563
vt 0.6563 0.6094
vt 0.625 0.6094
vt 0.625 0.5781
vt 0.6563 0.5781
vt 0.3242 0.1563
vt 0.3242 0.1641
vt 0.3164 0.1641
vt 0.3164 0.1563
vt 0.7188 0.5938
vt 0.75 0.5938
vt 0.75 0.75
vt 0.7188 0.75
vt 0.75 0.75
vt 0.7188 0.75
vt 0.7188 0.5938
vt 0.75 0.5938
vt 0.7188 0.5938
vt 0.75 0.5938
vt 0.75 0.75
vt 0.7188 0.75
vt 0.6563 0.5781
vt 0.625 0.5781
vt 0.625 0.7344
vt 0.6563 0.7344
vt 0.6719 0.6094
vt 0.6719 0.6406
vt 0.6406 0.6406
vt 0.6406 0.6094
vt 0.7188 0.6719
vt 0.75 0.6719
vt 0.75 0.7031
vt 0.7188 0.7031
vt 0.6563 0.6875
vt 0.625 0.6875
vt 0.625 0.6563
vt 0.6563 0.6563
vt 0.6563 0.7188
vt 0.625 0.7188
vt 0.625 0.75
vt 0.6563 0.75
vt 0.3242 0.1563
vt 0.3242 0.1641
vt 0.3164 0.1641
vt 0.3164 0.1563
vt 0.7188 0.5938
vt 0.75 0.5938
vt 0.75 0.75
vt 0.7188 0.75
vt 0.75 0.75
vt 0.7188 0.75
vt 0.7188 0.5938
vt 0.75 0.5938
vt 0.7188 0.5938
vt 0.75 0.5938
vt 0.75 0.75
vt 0.7188 0.75
vt 0.6563 0.5781
vt 0.625 0.5781
vt 0.625 0.7344
vt 0.6563 0.7344
vt 0.6719 0.6094
vt 0.6719 0.6406
vt 0.6406 0.6406
vt 0.6406 0.6094
vt 0.7188 0.6719
vt 0.75 0.6719
vt 0.75 0.7031
vt 0.7188 0.7031
vt 0.6563 0.6875
vt 0.625 0.6875
vt 0.625 0.6563
vt 0.6563 0.6563
vt 0.6563 0.7188
vt 0.625 0.7188
vt 0.625 0.75
vt 0.6563 0.75
vn 0 -0.33 -0.95
vn 0 0.95 -0.33
vn 0 -0.95 0.33
vn -1 0 0
vn 1 0 0
vn 0 0 -1
vn 0 1 0
vn -1 0 0
vn 1 0 0
vn 0 -0.33 -0.95
vn 0 0.95 -0.33
vn 0 -0.95 0.33
vn -1 0 0
vn 1 0 0
vn 0 0 -1
vn 0 1 0
vn -1 0 0
vn 1 0 0
vn 0 -0.33 -0.95
vn 0 0.95 -0.33
vn 0 -0.95 0.33
vn -1 0 0
vn 1 0 0
vn 0 0 -1
vn 0 1 0
vn -1 0 0
vn 1 0 0
usemtl common_cable_and_pipe
f 1240/3605/902 1238/3606/902 1239/3607/902
f 1240/3605/902 1239/3607/902 1241/3608/902
f 1234/3609/903 1235/3610/903 1239/3611/903
f 1234/3609/903 1239/3611/903 1238/3612/903
f 1237/3613/904 1236/3614/904 1240/3615/904
f 1237/3613/904 1240/3615/904 1241/3616/904
f 1236/3617/905 1234/3618/905 1238/3619/905
f 1236/3617/905 1238/3619/905 1240/3620/905
f 1241/3621/906 1239/3622/906 1235/3623/906
f 1241/3621/906 1235/3623/906 1237/3624/906
f 1248/3625/907 1246/3626/907 1247/3627/907
f 1248/3625/907 1247/3627/907 1249/3628/907
f 1242/3629/908 1243/3630/908 1247/3631/908
f 1242/3629/908 1247/3631/908 1246/3632/908
f 1244/3633/909 1242/3634/909 1246/3635/909
f 1244/3633/909 1246/3635/909 1248/3636/909
f 1249/3637/910 1247/3638/910 1243/3639/910
f 1249/3637/910 1243/3639/910 1245/3640/910
f 1256/3641/911 1254/3642/911 1255/3643/911
f 1256/3641/911 1255/3643/911 1257/3644/911
f 1250/3645/912 1251/3646/912 1255/3647/912
f 1250/3645/912 1255/3647/912 1254/3648/912
f 1253/3649/913 1252/3650/913 1256/3651/913
f 1253/3649/913 1256/3651/913 1257/3652/913
f 1252/3653/914 1250/3654/914 1254/3655/914
f 1252/3653/914 1254/3655/914 1256/3656/914
f 1257/3657/915 1255/3658/915 1251/3659/915
f 1257/3657/915 1251/3659/915 1253/3660/915
f 1264/3661/916 1262/3662/916 1263/3663/916
f 1264/3661/916 1263/3663/916 1265/3664/916
f 1258/3665/917 1259/3666/917 1263/3667/917
f 1258/3665/917 1263/3667/917 1262/3668/917
f 1260/3669/918 1258/3670/918 1262/3671/918
f 1260/3669/918 1262/3671/918 1264/3672/918
f 1265/3673/919 1263/3674/919 1259/3675/919
f 1265/3673/919 1259/3675/919 1261/3676/919
f 1272/3677/920 1270/3678/920 1271/3679/920
f 1272/3677/920 1271/3679/920 1273/3680/920
f 1266/3681/921 1267/3682/921 1271/3683/921
f 1266/3681/921 1271/3683/921 1270/3684/921
f 1269/3685/922 1268/3686/922 1272/3687/922
f 1269/3685/922 1272/3687/922 1273/3688/922
f 1268/3689/923 1266/3690/923 1270/3691/923
f 1268/3689/923 1270/3691/923 1272/3692/923
f 1273/3693/924 1271/3694/924 1267/3695/924
f 1273/3693/924 1267/3695/924 1269/3696/924
f 1280/3697/925 1278/3698/925 1279/3699/925
f 1280/3697/925 1279/3699/925 1281/3700/925
f 1274/3701/926 1275/3702/926 1279/3703/926
f 1274/3701/926 1279/3703/926 1278/3704/926
f 1276/3705/927 1274/3706/927 1278/3707/927
f 1276/3705/927 1278/3707/927 1280/3708/927
f 1281/3709/928 1279/3710/928 1275/3711/928
f 1281/3709/928 1275/3711/928 1277/3712/928