# Made by Pabilo8 with Blockbench
# Exported with IIToolkit Plugin on 26/08/2026
mtllib ammunition_assembler.mtl

o export_main
v -0.7813 1.125 3.25
v -0.7813 1.0625 3.25
v -0.7813 1.125 4
v -0.7813 1.0625 4
v -0.9688 1.125 3.25
v -0.9688 1.0625 3.25
v -0.9688 1.125 4
v -0.9688 1.0625 4
v 0.9375 1.1875 0.9375
v 0.9375 1.1875 2
v 0.9375 1 0.9375
v 0.9375 1 2
v 1 1.1875 0.9375
v 1 1.1875 2
v 1 1 0.9375
v 1 1 2
v 1.9375 1.1875 0.875
v 0.9375 1.1875 0.875
v 1.9375 1 0.875
v 0.9375 1 0.875
v 1.9375 1.1875 0.9375
v 1.9375 1 0.9375
v 1.9375 1.1875 0
v 1.9375 1 0
v 2 1.1875 0
v 2 1.1875 0.9375
v 2 1 0.9375
v 1.9375 1.1875 -1
v 1.9375 1 -1
v 2 1.1875 -1
v 2 1 -1
v 0.9375 1.1875 3
v 0.9375 1 3
v 1 1.1875 3
v 1 1 3
v 0.9375 1.1875 4
v 0.9375 1 4
v 1 1.1875 4
v 1 1 4
v 0.9375 1.1875 5
v 0.9375 1 5
v 1 1.1875 5
v 1 1 5
v 1.875 1.25 2.625
v 1.8125 1.25 2.625
v 1.9375 1.125 2.625
v 1.8125 1.125 2.625
v 1.875 1.25 2.75
v 1.8125 1.25 2.75
v 1.9375 1.125 2.75
v 1.9375 1.125 2.125
v 1.9375 1 2.125
v 1.9375 1 2.75
v 1.9375 1.0313 2
v 1.8125 1.0313 2
v 1.9385 1 2
v 1.8125 1 2
v 1.9375 1.125 1.875
v 1.9375 1 1.875
v 1.875 1.25 1.25
v 1.8125 1.25 1.25
v 1.9375 1.125 1.25
v 1.875 1.25 1.375
v 1.8125 1.25 1.375
v 1.9375 1.125 1.375
v 1.8125 1.125 1.375
v 1.9375 1 1.25
v -0.4482 1.5067 2.8968
v -0.5 1.5 2.8625
v -0.4482 1.0772 2.9803
v -0.5 1.0705 2.946
v -0.4831 1.5166 2.9477
v -0.535 1.5099 2.9134
v -0.4831 1.0871 3.0311
v -0.535 1.0804 2.9968
v -0.4375 1.5 3.05
v -0.5 1.5 3.05
v -0.4375 1.0668 2.9891
v -0.5 1.0668 2.9891
v -0.4375 1.4913 3.1119
v -0.5 1.4913 3.1119
v -0.4375 1.0581 3.051
v -0.5 1.0581 3.051
v -0.3568 1.0688 2.9552
v -0.5294 1.0688 2.882
v -0.4301 1.0688 3.1278
v -0.6027 1.0688 3.0545
v -0.5294 1.3813 2.882
v -0.5869 1.3813 2.8575
v -0.5869 1.0688 2.8575
v -0.6027 1.3813 3.0545
v -0.6602 1.3813 3.0301
v -0.6602 1.0688 3.0301
v -0.6846 1.3813 3.0877
v -0.6846 1.0688 3.0877
v -0.3725 1.3813 3.1522
v -0.3969 1.3813 3.2098
v -0.3725 1.0688 3.1522
v -0.3969 1.0688 3.2098
v -0.2993 1.3813 2.9796
v -0.3568 1.3813 2.9552
v -0.2993 1.0688 2.9796
v -0.4301 1.3813 3.1278
v -0.5625 1.3813 2.8
v -0.5625 1.0688 2.8
v -0.2748 1.3813 2.9221
v -0.2748 1.0688 2.9221
v 0.125 1 -0.125
v -0.2165 1.2567 3.2902
v -0.3975 1.2504 3.2416
v -0.4105 1.25 4.0146
v -0.5915 1.2436 3.9661
v -0.223 1.4441 3.2902
v -0.404 1.4378 3.2416
v -0.417 1.4374 4.0146
v -0.598 1.431 3.9661
v -0.2189 1.069 3.25
v -0.4063 1.0625 3.25
v -0.2189 1.069 4
v -0.4063 1.0625 4
v -0.2254 1.2564 3.25
v -0.4128 1.2499 3.25
v -0.2254 1.2564 4
v -0.4128 1.2499 4
v -0.5248 1.0709 3.301
v -0.7093 1.0644 3.3335
v -0.3946 1.0754 4.0396
v -0.5792 1.069 4.0721
v -0.5313 1.2583 3.301
v -0.7159 1.2518 3.3335
v -0.4012 1.2628 4.0396
v -0.5857 1.2564 4.0721
v 1.0339 1.3125 4.7421
v 0.0625 1.125 4
v -0.7188 1.1875 2.4688
v -0.7188 1.125 2.4688
v -0.6861 1.1875 2.7795
v -0.6861 1.125 2.7795
v -0.9052 1.1875 2.4883
v -0.9052 1.125 2.4883
v -0.8726 1.1875 2.7991
v -0.8726 1.125 2.7991
v -0.6875 1.125 2.4375
v -0.6875 1.0625 2.4375
v -0.6483 1.125 2.8104
v -0.6483 1.0625 2.8104
v -0.9361 1.125 2.4636
v -0.9361 1.0625 2.4636
v -0.8969 1.125 2.8366
v -0.8969 1.0625 2.8366
v -0.7188 1.375 2.5625
v -0.7188 1.25 2.5625
v -0.7057 1.375 2.6868
v -0.7057 1.25 2.6868
v -0.8431 1.375 2.5756
v -0.8431 1.25 2.5756
v -0.83 1.375 2.6999
v -0.83 1.25 2.6999
v -0.7334 1.1875 2.5766
v -0.7334 1.25 2.5766
v -0.8327 1.1875 2.5879
v -0.8327 1.25 2.5879
v -0.722 1.1875 2.6759
v -0.722 1.25 2.6759
v -0.8214 1.1875 2.6873
v -0.8214 1.25 2.6873
v -0.613 1.25 2.3526
v -0.613 1.1875 2.3526
v -0.1133 1.25 2.3701
v -0.1133 1.1875 2.3701
v -0.6261 1.25 2.7274
v -0.6261 1.1875 2.7274
v -0.1264 1.25 2.7449
v -0.1264 1.1875 2.7449
v -0.5313 1.3125 2.2813
v -0.5313 1.25 2.2813
v -0.0677 1.3125 2.4686
v -0.0677 1.25 2.4686
v -0.6717 1.3125 2.6289
v -0.6717 1.25 2.6289
v -0.2081 1.3125 2.8162
v -0.2081 1.25 2.8162
v -0.3622 1.1875 2.2363
v -0.3622 1.125 2.2363
v -0.0719 1.1875 2.6434
v -0.0719 1.125 2.6434
v -0.6675 1.1875 2.4541
v -0.6675 1.125 2.4541
v -0.3772 1.1875 2.8612
v -0.3772 1.125 2.8612
v -0.613 1.125 2.3526
v -0.613 1.0625 2.3526
v -0.1133 1.125 2.3701
v -0.1133 1.0625 2.3701
v -0.6261 1.125 2.7274
v -0.6261 1.0625 2.7274
v -0.1264 1.125 2.7449
v -0.1264 1.0625 2.7449
v -1 1.0625 3.125
v -1.0016 1 3.125
v 0 1.0625 3.125
v -1 1.0625 4.125
v -1.001 1 4.125
v 0 1.0625 4.125
v 0 1.0625 2.125
v -1 1.0625 2.125
v -1.0008 1 2.125
v -0.75 1.4124 2.0188
v -0.875 1.4124 2.0188
v -0.75 0.9794 2.2688
v -0.875 0.9794 2.2688
v -0.75 1.4749 2.127
v -0.875 1.4749 2.127
v -0.75 1.0419 2.377
v -0.875 1.0419 2.377
v -0.125 1.4124 2.0188
v -0.25 1.4124 2.0188
v -0.125 0.9794 2.2688
v -0.25 0.9794 2.2688
v -0.125 1.4749 2.127
v -0.25 1.4749 2.127
v -0.125 1.0419 2.377
v -0.25 1.0419 2.377
v 1.875 1 -1
v 1.875 0.9375 -1
v 1.875 1 -0.9375
v 1.875 0.9375 -0.9375
v -0.875 1 -1
v -0.875 0.9375 -1
v -0.875 1 -0.9375
v -0.875 0.9375 -0.9375
v 0.125 1.875 -1
v 0 1.875 -1
v 0.125 1 -1
v 0 1 -1
v 0.125 1.875 -0.875
v 0 1.875 -0.875
v 0.125 1 -0.875
v 0 1 -0.875
v 0.125 1.875 -0.125
v 0 1.875 -0.125
v 0 1 -0.125
v 0.125 1.875 0
v 0 1.875 0
v 0.125 1 0
v 0 1 0
v 1 1.875 -0.125
v 0.875 1.875 -0.125
v 1 1 -0.125
v 0.875 1 -0.125
v 1 1.875 0
v 0.875 1.875 0
v 0.875 1 0
v 1 1.875 -1
v 0.875 1.875 -1
v 1 1 -1
v 0.875 1 -1
v 1 1.875 -0.875
v 0.875 1.875 -0.875
v 1 1 -0.875
v 0.875 1 -0.875
v 0.875 1.75 -0.9375
v 0.875 1 -0.9375
v 0.125 1.75 -0.9375
v 0.125 1 -0.9375
v 0.875 1.75 -0.0625
v 0.875 1 -0.0625
v 0.125 1.75 -0.0625
v 0.125 1 -0.0625
v 0.9375 1.75 -0.875
v 0.9375 1 -0.875
v 0.9375 1.75 -0.125
v 0.9375 1 -0.125
v 0.0625 1.75 -0.875
v 0.0625 1 -0.875
v 0.0625 1.75 -0.125
v 0.0625 1 -0.125
v 0 1.1875 0
v 0 1.1875 1
v 0.0625 1.1875 0
v 0.0625 1.1875 1
v 0.0625 1 0
v 0.0625 1 1
v 0 1.1875 2
v 0.0625 1.1875 2
v 0.0625 1 2
v 0 1 2
v -0.0625 1.1875 2
v -0.0625 1.1875 1
v -0.0625 1 2
v -0.0625 1 1
v 0 1.1875 3
v 0 1 3
v 0.0625 1.1875 3
v 0.0625 1 3
v 0 1.1875 4
v 0 1 4
v 0.0625 1.1875 4
v 0.0625 1 4
v 0 1.1875 5
v 0 1 5
v 0.0625 1.1875 5
v 0.0625 1 5
v -0.0625 1.1875 0
v -0.0625 1 0
v -0.0625 1.1875 -1
v -0.0625 1 -1
v 0 1.1875 -1
v 1 1.1875 -1
v 1.0625 1.1875 -1
v 1.0625 1 -1
v -0.9375 1.1875 2
v -0.9375 1.1875 1
v -0.9375 1 2
v -1 1.1875 2
v -1 1.1875 1
v -1 1 2
v -0.9375 1.1875 0
v -1 1.1875 0
v -1 1.1875 -1
v -1 1 -1
v -0.9375 1.1875 -1
v -0.9375 1 -1
v -0.9375 1 0
v -0.9375 1.125 1
v -0.9375 1.125 2
v -0.9375 1 1
v -0.0625 1.125 1
v -0.0625 1.125 2
v 0.0625 1.125 0
v 0.0625 1.125 1
v 0.9375 1.125 0
v 0.9375 1.125 1
v 0.9375 1 0
v 0.9375 1 1
v 1.9375 1.125 0
v 1.9375 1.125 0.875
v 0.9375 1.125 0.875
v 1.0625 1.125 -1
v 1.0625 1.125 0
v 1.9375 1.125 -1
v -0.9375 1.125 0
v -0.0625 1.125 0
v -0.9375 1.125 -1
v -0.0625 1.125 -1
v 0.0625 1.125 2
v 0.9375 1.125 2
v 0.0625 1.125 3
v 0.9375 1.125 3
v 0.9375 1.125 4
v 0.0625 1.125 5
v 0.9375 1.125 5
v 2 0.5 -1
v 1.875 0.5 -1
v 2 1 -0.875
v 1.875 1 -0.875
v 2 0.5 -0.875
v 1.875 0.5 -0.875
v -0.875 0.5 -1
v -1 0.5 -1
v -0.875 1 -0.875
v -1 1 -0.875
v -0.875 0.5 -0.875
v -1 0.5 -0.875
v -0.9375 0.9375 -0.875
v -1 0.9375 -0.875
v -0.9375 0.9375 2
v -1 0.9375 2
v 2.0031 1 3
v 1.9437 1 3
v 2.0062 0 3
v 1.9437 0 3
v 2.0031 1 4
v 1.9437 1 4
v 2.0062 0 4
v 1.9437 0 4
v 2.0062 1 1
v 1.9437 1 1
v 2.0062 0 1
v 1.9437 0 1
v 2.0062 1 2
v 2.0021 0 2
v 1.9437 0 2
v -0.9375 1 -0.9375
v -0.9375 0.5 -0.9375
v 0.5 1 -0.9375
v 0.5 0.5 -0.9375
v -0.9375 0.5 2
v -0.9375 0.5 0.5
v -0.9375 1 0.5
v -0.9375 0.75 0.5
v -0.9375 0.75 2
v 0.5 0.75 -0.9375
v -0.9375 0.75 -0.9375
v 0.5 1 2
v 1.9375 0.5 2
v 0.5 1 4.9375
v 0.5 0.5 4.9375
v 1.9375 1 4.9375
v 1.9375 0.5 4.9375
v 1.9375 1 3.4375
v 1.9375 0.5 3.4375
v 0.5 1 3.4375
v 1.9375 0.75 3.4375
v 1.9375 0.75 4.9375
v 0.5 0.75 4.9375
v 1.9375 0.75 2
v -0.9375 1 4.9375
v -0.9375 0.5 4.9375
v -0.9375 1 3.4375
v -0.9375 0.75 4.9375
v 1.9375 1 -0.9375
v 1.9375 0.5 -0.9375
v 1.9375 1 0.5313
v 1.9375 0.5 0.5313
v 0.5 1 0.5313
v 1.9375 0.75 0.5313
v 1.9375 0.75 -0.9375
v 0.5 0.5 -1
v 2 0 -1
v 0.5 0 -1
v 2 0.5 2
v 0.5 0 2
v 2 0 0.5
v 0.5 0 0.5
v 2 0.5 0.5
v 2 0.5 5
v 0.5 0.5 5
v 2 0 5
v 0.5 0 5
v 2 0 3.5
v 0.5 0 3.5
v 2 0.5 3.5
v -1 0 -1
v -1 0.5 2
v -1 0 2
v -1 0 0.5
v -1 0.5 0.5
v -1 0.5 5
v -1 0 5
v -1 0 3.5
v -1 0.5 3.5
v -0.9375 0.5 -1
v -0.9375 0.5 5
v 1.9375 0.5 5
v 1.9375 0.5 -1
v 0 1 2.125
v 0 0.5 2.125
v 0 0.5 2
v -1.0016 0.5 2.125
v 0 1.625 2.125
v 0 1.625 2
v -1 1.625 2.125
v -1 1.625 2
v -0.875 0.9375 4.125
v -1 0.9375 4.125
v -0.875 0.5 4.125
v -1.0016 0.5 4.125
v -0.875 0.9375 4.25
v -1 0.9375 4.25
v -0.875 0.5 4.25
v -1 0.5 4.25
v -0.9375 0.9375 4.125
v -0.9375 0.9375 4.875
v -1 0.9375 4.875
v -0.9391 1 4.125
v -0.9375 1 4.875
v -1 1 4.875
v -0.875 1 4.875
v -0.875 0.5 4.875
v -1 0.5 4.875
v -0.875 1 5
v -1 1 5
v -0.875 0.5 5
v 1.875 1 4.9375
v 1.875 0.9375 4.9375
v 1.875 1 5
v 1.875 0.9375 5
v -0.875 1 4.9375
v -0.875 0.9375 4.9375
v -0.875 0.9375 5
v 2 1 4.875
v 1.875 1 4.875
v 2 0.5 4.875
v 1.875 0.5 4.875
v 2 1 5
v 1.875 0.5 5
v 2 0.9375 4
v 1.9375 0.9375 4
v 2 0.9375 4.875
v 1.9375 0.9375 4.875
v 2 1 4
v 1.9375 1 4
v 1.9375 1 4.875
v 2 0.9375 2
v 1.9375 0.9375 2
v 2 0.9375 3
v 1.9375 0.9375 3
v 2 1 2
v 2 1 3
v 1.9375 1 3
v 2 0.9375 -0.875
v 2 0.9375 1
v 1.9375 0.9375 1
v 1.9375 0.9375 -0.875
v 1.875 2.875 3.125
v 1.125 2.875 3.125
v 1.875 2.75 3.125
v 1.125 2.75 3.125
v 1.875 2.875 3.875
v 1.125 2.875 3.875
v 1.875 2.75 3.875
v 1.125 2.75 3.875
v 1.875 1 3.875
v 1.125 1 3.875
v 1.875 2.875 4
v 1.125 2.875 4
v 1.875 1 4
v 1.125 1 4
v 1 2.875 3.125
v 1.125 2.1875 3.125
v 1 2.1875 3.125
v 1 2.875 3.875
v 1.125 2.1875 3.875
v 1 2.1875 3.875
v 2 2.875 3
v 1.875 2.875 3
v 1.875 1 3
v 2 2.875 4
v 1.75 2.4375 3
v 1.25 2.4375 3
v 1.75 1.8125 3
v 1.25 1.8125 3
v 1.75 2.4375 3.125
v 1.25 2.4375 3.125
v 1.75 1.8125 3.125
v 1.25 1.8125 3.125
v 1.125 2.875 3
v 1.125 1 3
v 1.875 1 3.125
v 1.125 1 3.125
v 1 1 3.875
v 1 2.875 4
v 1 2.875 3
v 1 1 3.125
v 1.2907 2.2166 3.8445
v 1.2907 2.2166 3.8757
v 1.1197 1.7468 3.8445
v 1.1197 1.7468 3.8757
v 1.6431 2.0884 3.8445
v 1.6431 2.0884 3.8757
v 1.4721 1.6185 3.8445
v 1.4721 1.6185 3.8757
v 1.2954 1.6997 3.5375
v 1.2376 1.7236 3.5375
v 1.2475 1.5842 3.5375
v 1.1898 1.6082 3.5375
v 1.2954 1.6997 3.6625
v 1.2376 1.7236 3.6625
v 1.2475 1.5842 3.6625
v 1.1898 1.6082 3.6625
v 1.2954 1.6997 3.35
v 1.2376 1.7236 3.35
v 1.2475 1.5842 3.35
v 1.1898 1.6082 3.35
v 1.2954 1.6997 3.475
v 1.2376 1.7236 3.475
v 1.2475 1.5842 3.475
v 1.1898 1.6082 3.475
v 1.2954 1.6997 3.1625
v 1.2376 1.7236 3.1625
v 1.2475 1.5842 3.1625
v 1.1898 1.6082 3.1625
v 1.2954 1.6997 3.2875
v 1.2376 1.7236 3.2875
v 1.2475 1.5842 3.2875
v 1.1898 1.6082 3.2875
v 1.4375 1.75 3.1313
v 1.3125 1.75 3.1313
v 1.4375 1.4375 3.1313
v 1.1875 1.4375 3.1313
v 1.4375 1.75 3.6938
v 1.3125 1.75 3.6938
v 1.4375 1.4375 3.6938
v 1.1875 1.4375 3.6938
v 1.3125 1.75 3.3813
v 1.1875 1.4375 3.3813
v 1.4375 1.4375 3.3813
v 1.4375 1.75 3.3813
v 1.6875 1.625 3.3125
v 1.4375 1.625 3.3125
v 1.6875 1.4375 3.3125
v 1.4375 1.4375 3.3125
v 1.6875 1.625 3.5
v 1.4375 1.625 3.5
v 1.6875 1.4375 3.5
v 1.4375 1.4375 3.5
v 1.875 1.8125 3.3125
v 1.6875 1.8125 3.3125
v 1.875 1.625 3.3125
v 1.875 1.8125 3.5
v 1.6875 1.8125 3.5
v 1.875 1.625 3.5
v 1.875 1.5 3.3125
v 1.875 1.5 3.5
v 1.875 2 3.5
v 1.6875 2 3.5
v 1.875 2 3.875
v 1.6875 2 3.875
v 1.875 1.8125 3.875
v 1.6875 1.8125 3.875
v 1.875 1.9375 3.3125
v 1.6875 1.9375 3.3125
v 1.875 2.3125 3.125
v 1.8125 2.3125 3.125
v 1.875 2 3.125
v 1.8125 2 3.125
v 1.875 2.3125 3.4375
v 1.8125 2.3125 3.4375
v 1.875 2 3.4375
v 1.8125 2 3.4375
v 1.625 2.5 3.375
v 1.375 2.5 3.375
v 1.625 2.375 3.375
v 1.375 2.375 3.375
v 1.625 2.5 3.625
v 1.375 2.5 3.625
v 1.625 2.25 3.625
v 1.375 2.25 3.625
v 1.625 2.75 3.375
v 1.375 2.75 3.375
v 1.625 2.75 3.625
v 1.375 2.75 3.625
v 1.625 2.5 3.875
v 1.375 2.5 3.875
v 1.625 2.25 3.875
v 1.375 2.25 3.875
v 1.9375 1.4375 3.125
v 1.0625 1.4375 3.125
v 1.0625 1 3.125
v 1.9375 1.4375 3.875
v 1.0625 1.4375 3.875
v 1.0625 1 3.875
v 1.5 1.4375 3.125
v 1.5 1.4375 3.875
v 1.5 1.4375 3.5
v 1.9375 1.4375 3.5
v 1.0625 1 3.5
v 1.0625 1.4375 3.5
v 1.0625 1.25 3.5
v 1.0625 1.25 3.875
v 1.0625 1.25 3.125
v 1 2.375 3.875
v 0.875 2.375 3.875
v 1 1.375 3.875
v 0.875 1.375 3.875
v 1 2.375 3.9375
v 0.875 2.375 3.9375
v 1 1.375 3.9375
v 0.875 1.375 3.9375
v 1 2.375 3.0625
v 0.875 2.375 3.0625
v 1 1.375 3.0625
v 0.875 1.375 3.0625
v 1 2.375 3.125
v 0.875 2.375 3.125
v 1 1.375 3.125
v 0.875 1.375 3.125
v 1.9375 1.75 4.0625
v 1.9375 1.75 4
v 1.9375 1.5 4.0625
v 1.9375 1.5 4
v 1.6875 1.75 4.0625
v 1.6875 1.75 4
v 1.6875 1.5 4.0625
v 1.6875 1.5 4
v 1.3125 2.8125 4.0625
v 1.3125 2.8125 4
v 1.3125 2.5625 4.0625
v 1.3125 2.5625 4
v 1.0625 2.8125 4.0625
v 1.0625 2.8125 4
v 1.0625 2.5625 4.0625
v 1.0625 2.5625 4
v 1.2812 2.7813 4.0625
v 1.0937 2.7813 4.0625
v 1.2812 2.5938 4.0625
v 1.0937 2.5938 4.0625
v 1.2812 2.7188 4.25
v 1.0937 2.7188 4.25
v 1.2812 2.5938 4.25
v 1.0937 2.5938 4.25
v 1.2812 1.7188 4.0625
v 1.0937 1.7188 4.0625
v 1.2812 1.7188 4.25
v 1.0937 1.7188 4.25
v 1.2812 1.5313 4.0625
v 1.7187 1.7188 4.0625
v 1.7187 1.5313 4.0625
v 1.2812 1.5313 4.25
v 1.7187 1.7188 4.25
v 1.7187 1.5313 4.25
v 1.0937 1.6563 4.0625
v 1.0937 1.6563 4.25
v 1.9062 1.7188 4.0625
v 1.9062 1.5313 4.0625
v 1.7812 1.7188 4.25
v 1.7812 1.5313 4.25
v 1.8269 1.3125 5.1119
v 2.0911 1.3125 4.5454
v 1.8269 1 5.1119
v 2.0911 1 4.5454
v 1.2981 1.3125 4.1756
v 1.0339 1 4.7421
v 1.2981 1 4.1756
v 0.036 1.9375 4.4769
v -0.3657 1.9375 3.9981
v 0.036 1.625 4.4769
v -0.3657 1.625 3.9981
v -0.6343 1.9375 5.0394
v -1.036 1.9375 4.5606
v -0.6343 1.625 5.0394
v -1.036 1.625 4.5606
v -0.7104 1.625 5.0135
v -0.1002 1.625 4.8782
v -0.7104 1.3125 5.0135
v -0.1002 1.3125 4.8782
v -0.8998 1.625 4.1593
v -0.2896 1.625 4.024
v -0.8998 1.3125 4.1593
v -0.2896 1.3125 4.024
v -0.5285 1.3125 5.0556
v -0.0014 1.3125 4.7198
v -0.5285 1 5.0556
v -0.0014 1 4.7198
v -0.9986 1.3125 4.3177
v -0.4715 1.3125 3.9819
v -0.9986 1 4.3177
v -0.4715 1 3.9819
v -0.9375 0.75 4.1875
v -0.9375 0.5 4.1875
v -0.9375 1 4.1875
v 0.5 1 4.1875
v -1.125 1.0884 3.1265
v -1.1692 1.0442 3.1258
v -1.0808 1.0442 3.1258
v -1.125 1 3.125
v -1.125 1.0709 4.1264
v -1.1692 1.0267 4.1256
v -1.0808 1.0267 4.1256
v -1.125 0.9826 4.1248
v -0.5505 1.4861 3.1335
v -0.5947 1.5303 3.1343
v -1.0808 0.9558 3.1242
v -0.5505 1.4686 4.1333
v -0.5947 1.5128 4.1341
v -1.0808 0.9384 4.1241
v -1.0031 0.875 2.5625
v -1.0656 0.875 2.5625
v -1.0031 0.75 2.5625
v -1.0656 0.75 2.5625
v -1.0031 0.875 2.6875
v -1.0656 0.875 2.6875
v -1.0031 0.75 2.6875
v -1.0656 0.75 2.6875
v -1.0031 0.875 3.5625
v -1.0656 0.875 3.5625
v -1.0031 0.75 3.5625
v -1.0656 0.75 3.5625
v -1.0031 0.875 3.6875
v -1.0656 0.875 3.6875
v -1.0031 0.75 3.6875
v -1.0656 0.75 3.6875
v -0.9406 1 2.125
v -0.9406 0.5 2.125
v -0.9406 1 3.125
v -0.9406 0.5 3.125
v -1.0031 0.5 3.125
v -1.0031 0.75 3.125
v -1.0031 0.75 2.125
v -0.9406 0.75 2.125
v -0.9406 0.5 4.125
v -1.0031 0.75 4.125
v -0.9406 0.75 4.125
v 1.875 1.8125 3.5625
v 1.8125 1.8125 3.5625
v 1.875 1.5 3.5625
v 1.8125 1.5 3.5625
v 1.8125 1.8125 3.875
v 1.875 1.5 3.875
v 1.8125 1.5 3.875
v 0.5 1 0.5
v 1.0765 1.625 4.975
v 1.0493 1.625 4.3506
v 1.0765 1.3125 4.975
v 1.0493 1.3125 4.3506
v 1.9507 1.625 4.9369
v 1.9235 1.625 4.3125
v 1.9235 1.3125 4.3125
v 1.9507 1.3125 4.9369
v -1 1 1
v -1 1 0
v 0.125 1.75 -0.9375
v 0.875 1.75 -0.9375
v 0.125 1 -0.9375
v 0.875 1 -0.9375
v 0.0625 1.75 -0.125
v 0.0625 1.75 -0.875
v 0.0625 1 -0.125
v 0.0625 1 -0.875
v 0.125 1.75 -0.0625
v 0.875 1.75 -0.0625
v 0.125 1 -0.0625
v 0.875 1 -0.0625
v 0.9375 1.75 -0.125
v 0.9375 1.75 -0.875
v 0.9375 1 -0.125
v 0.9375 1 -0.875
v 1 1.1875 0
v 1.0625 1.1875 0
v 1 1 0
v 1.0625 1 0
v 2 1 0
v 1.9385 1 0
v 2 1 1
v 1.9375 1 1
v 1.8125 1.125 2.125
v 1.8125 1.125 2.75
v 1.8125 1 2.125
v 1.8125 1 2.75
v 1.8125 1.125 1.25
v 1.8125 1.125 1.875
v 1.8125 1 1.25
v 1.8125 1 1.875
v 1.1875 1.3125 1.1875
v 1.8125 1.3125 1.1875
v 1.1875 1.3125 1.8125
v 1.8125 1.3125 1.8125
v 1.1875 0.9375 1.1875
v 1.8125 0.9375 1.1875
v 1.1875 0.9375 1.8125
v 1.8125 0.9375 1.8125
v 1.1875 1.3125 2.1875
v 1.8125 1.3125 2.1875
v 1.1875 1.3125 2.8125
v 1.8125 1.3125 2.8125
v 1.1875 0.9375 2.1875
v 1.8125 0.9375 2.1875
v 1.1875 0.9375 2.8125
v 1.8125 0.9375 2.8125
v 1.1875 3 3.1875
v 1.8125 3 3.1875
v 1.1875 3 3.8125
v 1.8125 3 3.8125
v 1.1875 2.875 3.1875
v 1.1875 2.875 3.8125
v 1.8125 2.875 3.8125
v 1.8125 2.875 3.1875
vt 0.9844 0.8594
vt 1 0.8594
vt 1 0.6719
vt 0.9844 0.6719
vt 0.9531 0.875
vt 1 0.875
vt 1 0.8594
vt 0.9531 0.8594
vt 0.9531 0.8594
vt 1 0.8594
vt 1 0.8438
vt 0.9531 0.8438
vt 0.9531 0.8594
vt 1 0.8594
vt 1 0.6719
vt 0.9531 0.6719
vt 0.2031 1
vt 0.4688 1
vt 0.4688 0.9531
vt 0.2031 0.9531
vt 1 0.2656
vt 1 0.5313
vt 0.9531 0.5313
vt 0.9531 0.2656
vt 0 1
vt 0.0156 1
vt 0.0156 0.7344
vt 0 0.7344
vt 0.1719 1
vt 0.4219 1
vt 0.4219 0.9531
vt 0.1719 0.9531
vt 1 0.5156
vt 1 0.2656
vt 0.9531 0.2656
vt 0.9531 0.5156
vt 0 1
vt 0.0156 1
vt 0.0156 0.75
vt 0 0.75
vt 0.0156 0.9844
vt 0.0313 0.9844
vt 0.0313 0.9375
vt 0.0156 0.9375
vt 0.1719 1
vt 0.4219 1
vt 0.4219 0.9531
vt 0.1719 0.9531
vt 1 0.2656
vt 1 0.5
vt 0.9531 0.5
vt 0.9531 0.2656
vt 0 1
vt 0.0156 1
vt 0.0156 0.75
vt 0 0.75
vt 1 0.2813
vt 1 0.2656
vt 0.9531 0.2656
vt 0.9531 0.2813
vt 0.1719 1
vt 0.4219 1
vt 0.4219 0.9531
vt 0.1719 0.9531
vt 1 0.5
vt 1 0.25
vt 0.9531 0.25
vt 0.9531 0.5
vt 0 1
vt 0.0156 1
vt 0.0156 0.75
vt 0 0.75
vt 0.0156 0.9844
vt 0.0313 0.9844
vt 0.0313 0.9375
vt 0.0156 0.9375
vt 0.1719 1
vt 0.4219 1
vt 0.4219 0.9531
vt 0.1719 0.9531
vt 1 0.5156
vt 1 0.2656
vt 0.9531 0.2656
vt 0.9531 0.5156
vt 0 1
vt 0.0156 1
vt 0.0156 0.75
vt 0 0.75
vt 0.1719 1
vt 0.4219 1
vt 0.4219 0.9531
vt 0.1719 0.9531
vt 0.1719 0.9844
vt 0.4219 0.9844
vt 0.4219 0.9375
vt 0.1719 0.9375
vt 0 1
vt 0.0156 1
vt 0.0156 0.75
vt 0 0.75
vt 0.1719 1
vt 0.4219 1
vt 0.4219 0.9531
vt 0.1719 0.9531
vt 1 0.25
vt 1 0.5
vt 0.9531 0.5
vt 0.9531 0.25
vt 0 1
vt 0.0156 1
vt 0.0156 0.75
vt 0 0.75
vt 0.0156 0.9844
vt 0.0313 0.9844
vt 0.0313 0.9375
vt 0.0156 0.9375
vt 0.8125 0.1398
vt 0.875 0.1398
vt 0.875 0.0148
vt 0.75 0.0148
vt 0.75 0.125
vt 0.8125 0.125
vt 0.875 0
vt 0.75 0
vt 0.75 0.0773
vt 0.875 0.0773
vt 0.875 0.0148
vt 0.75 0.0148
vt 0.5625 0.375
vt 0.6875 0.375
vt 0.6875 0.25
vt 0.5625 0.25
vt 0.5625 0.25
vt 0.5625 0.875
vt 0.6875 0.875
vt 0.6875 0.25
vt 0.5625 0.25
vt 0.5625 0.875
vt 0.6875 0.875
vt 0.6875 0.25
vt 0.5625 0.875
vt 0.5625 1
vt 0.6875 1
vt 0.6875 0.875
vt 0.6875 0.375
vt 0.6875 0.25
vt 0.5625 0.25
vt 0.5625 0.375
vt 0.75 0.125
vt 0.875 0.0313
vt 0.875 0
vt 0.75 0
vt 0.75 0.0313
vt 0.875 0.125
vt 0.875 0
vt 0.75 0
vt 0.6875 0.375
vt 0.6875 0.25
vt 0.5625 0.25
vt 0.5625 0.375
vt 0.75 0.125
vt 0.875 0.0313
vt 0.875 0
vt 0.75 0
vt 0.75 0.0313
vt 0.875 0.125
vt 0.875 0
vt 0.75 0
vt 0.8125 0.1398
vt 0.875 0.1398
vt 0.875 0.0148
vt 0.75 0.0148
vt 0.75 0.125
vt 0.8125 0.125
vt 0.875 0
vt 0.75 0
vt 0.75 0.0773
vt 0.875 0.0773
vt 0.875 0.0148
vt 0.75 0.0148
vt 0.5625 0.375
vt 0.6875 0.375
vt 0.6875 0.25
vt 0.5625 0.25
vt 0.5625 0.0625
vt 0.5625 0.6875
vt 0.6875 0.6875
vt 0.6875 0.0625
vt 0.5625 0.0625
vt 0.5625 0.6875
vt 0.6875 0.6875
vt 0.6875 0.0625
vt 0.6875 1
vt 0.6875 0.875
vt 0.5625 0.875
vt 0.5625 1
vt 0.7813 0.1094
vt 0.7969 0.1094
vt 0.7969 0
vt 0.7813 0
vt 0.7813 0.1094
vt 0.7969 0.1094
vt 0.7969 0
vt 0.7813 0
vt 0.7813 0.125
vt 0.7969 0.125
vt 0.7969 0.1094
vt 0.7813 0.1094
vt 0.7813 0.1094
vt 0.7969 0.1094
vt 0.7969 0
vt 0.7813 0
vt 0.7813 0.1094
vt 0.7969 0.1094
vt 0.7969 0
vt 0.7813 0
vt 0.7656 0.1094
vt 0.7813 0.1094
vt 0.7813 0
vt 0.7656 0
vt 0.7656 0.1094
vt 0.7813 0.1094
vt 0.7813 0
vt 0.7656 0
vt 0.7656 0.125
vt 0.7813 0.125
vt 0.7813 0.1094
vt 0.7656 0.1094
vt 0.7656 0.1094
vt 0.7813 0.1094
vt 0.7813 0
vt 0.7656 0
vt 0.7656 0.1094
vt 0.7813 0.1094
vt 0.7813 0
vt 0.7656 0
vt 0.3594 0.5469
vt 0.4063 0.5469
vt 0.4063 0.5
vt 0.3594 0.5
vt 0.375 0.9844
vt 0.4219 0.9844
vt 0.4219 1
vt 0.375 1
vt 0.4844 0.9844
vt 0.4375 0.9844
vt 0.4375 0.9063
vt 0.4844 0.9063
vt 0.4219 0.9844
vt 0.375 0.9844
vt 0.375 0.9063
vt 0.4219 0.9063
vt 0.3438 1
vt 0.3594 1
vt 0.3594 0.9219
vt 0.3438 0.9219
vt 0.25 1
vt 0.2656 1
vt 0.2656 0.9219
vt 0.25 0.9219
vt 0.3438 1
vt 0.4219 1
vt 0.4219 0.9844
vt 0.3438 0.9844
vt 0.3594 1
vt 0.4375 1
vt 0.4375 0.9219
vt 0.3594 0.9219
vt 0.2656 1
vt 0.3438 1
vt 0.3438 0.9219
vt 0.2656 0.9219
vt 0.375 0.9844
vt 0.4219 0.9844
vt 0.4219 1
vt 0.375 1
vt 0.4844 0.9844
vt 0.4375 0.9844
vt 0.4375 0.9063
vt 0.4844 0.9063
vt 0.4219 0.9844
vt 0.375 0.9844
vt 0.375 0.9063
vt 0.4219 0.9063
vt 0.3438 1
vt 0.3594 1
vt 0.3594 0.9219
vt 0.3438 0.9219
vt 0.25 1
vt 0.2656 1
vt 0.2656 0.9219
vt 0.25 0.9219
vt 0.3438 1
vt 0.4219 1
vt 0.4219 0.9844
vt 0.3438 0.9844
vt 0.3594 1
vt 0.4375 1
vt 0.4375 0.9219
vt 0.3594 0.9219
vt 0.2656 1
vt 0.3438 1
vt 0.3438 0.9219
vt 0.2656 0.9219
vt 0 0.5156
vt 0.0469 0.5156
vt 0.0469 0.3281
vt 0 0.3281
vt 0 0.5156
vt 0.0469 0.5156
vt 0.0469 0.3281
vt 0 0.3281
vt 0 0.5625
vt 0.0469 0.5625
vt 0.0469 0.5156
vt 0 0.5156
vt 0 0.3281
vt 0.0469 0.3281
vt 0.0469 0.2813
vt 0 0.2813
vt 0 0.5156
vt 0.0469 0.5156
vt 0.0469 0.3281
vt 0 0.3281
vt 0 0.5156
vt 0.0469 0.5156
vt 0.0469 0.3281
vt 0 0.3281
vt 0 0.5156
vt 0.0469 0.5156
vt 0.0469 0.3281
vt 0 0.3281
vt 0 0.5625
vt 0.0469 0.5625
vt 0.0469 0.5156
vt 0 0.5156
vt 0 0.3281
vt 0.0469 0.3281
vt 0.0469 0.2813
vt 0 0.2813
vt 0 0.5156
vt 0.0469 0.5156
vt 0.0469 0.3281
vt 0 0.3281
vt 0 0.5156
vt 0.0469 0.5156
vt 0.0469 0.3281
vt 0 0.3281
vt 0 0.5156
vt 0.0469 0.5156
vt 0.0469 0.3281
vt 0 0.3281
vt 0 0.5625
vt 0.0469 0.5625
vt 0.0469 0.5156
vt 0 0.5156
vt 0 0.3281
vt 0.0469 0.3281
vt 0.0469 0.2813
vt 0 0.2813
vt 0 0.5156
vt 0.0469 0.5156
vt 0.0469 0.3281
vt 0 0.3281
vt 0 0.5156
vt 0.0469 0.5156
vt 0.0469 0.3281
vt 0 0.3281
vt 0.9844 0.2031
vt 1 0.2031
vt 1 0.125
vt 0.9844 0.125
vt 0.9844 0.2031
vt 1 0.2031
vt 1 0.125
vt 0.9844 0.125
vt 0.9531 0.1406
vt 1 0.1406
vt 1 0.125
vt 0.9531 0.125
vt 0.9531 0.1406
vt 1 0.1406
vt 1 0.125
vt 0.9531 0.125
vt 0.9531 0.2031
vt 1 0.2031
vt 1 0.125
vt 0.9531 0.125
vt 0.9375 0.2188
vt 0.9531 0.2188
vt 0.9531 0.125
vt 0.9375 0.125
vt 0.8906 0.2188
vt 0.9063 0.2188
vt 0.9063 0.125
vt 0.8906 0.125
vt 0.8906 0.2188
vt 0.9531 0.2188
vt 0.9531 0.2031
vt 0.8906 0.2031
vt 0.8906 0.1406
vt 0.9531 0.1406
vt 0.9531 0.125
vt 0.8906 0.125
vt 0.8906 0.2188
vt 0.9531 0.2188
vt 0.9531 0.125
vt 0.8906 0.125
vt 0.8125 0.2188
vt 0.875 0.2188
vt 0.875 0.125
vt 0.8125 0.125
vt 0 0.6719
vt 0 0.7031
vt 0.0313 0.7031
vt 0.0313 0.6719
vt 0.0313 0.7031
vt 0.0313 0.6719
vt 0 0.6719
vt 0 0.7031
vt 0.0313 0.6719
vt 0 0.6719
vt 0 0.7031
vt 0.0313 0.7031
vt 0 0.7031
vt 0.0313 0.7031
vt 0.0313 0.6719
vt 0 0.6719
vt 0.0625 0.7656
vt 0.0625 0.7344
vt 0.0313 0.7344
vt 0.0313 0.7656
vt 0 0.6719
vt 0.0313 0.6719
vt 0.0313 0.6406
vt 0 0.6406
vt 0.9063 0.6563
vt 0.8906 0.6563
vt 0.8906 0.625
vt 0.9063 0.625
vt 0.8906 0.6563
vt 0.875 0.6563
vt 0.875 0.625
vt 0.8906 0.625
vt 0.875 0.6406
vt 0.9063 0.6406
vt 0.9063 0.6563
vt 0.875 0.6563
vt 0.875 0.6406
vt 0.9063 0.6406
vt 0.9063 0.625
vt 0.875 0.625
vt 0.9063 0.125
vt 0.8906 0.125
vt 0.8906 0
vt 0.9063 0
vt 1 0.125
vt 0.9844 0.125
vt 0.9844 0
vt 1 0
vt 0.9063 0
vt 1 0
vt 1 0.0156
vt 0.9063 0.0156
vt 0.9063 0.0156
vt 1 0.0156
vt 1 0
vt 0.9063 0
vt 1 0.125
vt 0.9063 0.125
vt 0.9063 0
vt 1 0
vt 0.8906 0.125
vt 0.7969 0.125
vt 0.7969 0
vt 0.8906 0
vt 0.9063 0.125
vt 0.8906 0.125
vt 0.8906 0
vt 0.9063 0
vt 1 0.125
vt 0.9844 0.125
vt 0.9844 0
vt 1 0
vt 0.9063 0
vt 1 0
vt 1 0.0156
vt 0.9063 0.0156
vt 0.9063 0.0156
vt 1 0.0156
vt 1 0
vt 0.9063 0
vt 1 0.125
vt 0.9063 0.125
vt 0.9063 0
vt 1 0
vt 0.8906 0.125
vt 0.7969 0.125
vt 0.7969 0
vt 0.8906 0
vt 0.9063 0.125
vt 0.8906 0.125
vt 0.8906 0
vt 0.9063 0
vt 1 0.125
vt 0.9844 0.125
vt 0.9844 0
vt 1 0
vt 0.9063 0
vt 1 0
vt 1 0.0156
vt 0.9063 0.0156
vt 0.9063 0.0156
vt 1 0.0156
vt 1 0
vt 0.9063 0
vt 1 0.125
vt 0.9063 0.125
vt 0.9063 0
vt 1 0
vt 0.8906 0.125
vt 0.7969 0.125
vt 0.7969 0
vt 0.8906 0
vt 0.9063 0.125
vt 0.8906 0.125
vt 0.8906 0
vt 0.9063 0
vt 1 0.125
vt 0.9844 0.125
vt 0.9844 0
vt 1 0
vt 0.9063 0
vt 1 0
vt 1 0.0156
vt 0.9063 0.0156
vt 0.9063 0.0156
vt 1 0.0156
vt 1 0
vt 0.9063 0
vt 1 0.125
vt 0.9063 0.125
vt 0.9063 0
vt 1 0
vt 0.2656 0.0156
vt 0.5156 0.0156
vt 0.5156 0
vt 0.2656 0
vt 0.5156 0
vt 0.2656 0
vt 0.2656 0.25
vt 0.5156 0.25
vt 0.2656 0.0156
vt 0.5156 0.0156
vt 0.5156 0
vt 0.2656 0
vt 0.5156 0
vt 0.2656 0
vt 0.2656 0.25
vt 0.5156 0.25
vt 0.4688 1
vt 0.4688 0.9688
vt 0.3438 0.9688
vt 0.3438 1
vt 0.4531 1
vt 0.4531 0.9688
vt 0.3281 0.9688
vt 0.3281 1
vt 0.375 0.9688
vt 0.375 1
vt 0.5 1
vt 0.5 0.9688
vt 0.375 0.9688
vt 0.375 1
vt 0.5 1
vt 0.5 0.9688
vt 0.4688 1
vt 0.4688 0.9688
vt 0.3438 0.9688
vt 0.3438 1
vt 0.4531 1
vt 0.4531 0.9688
vt 0.3281 0.9688
vt 0.3281 1
vt 0.375 0.9688
vt 0.375 1
vt 0.5 1
vt 0.5 0.9688
vt 0.375 0.9688
vt 0.375 1
vt 0.5 1
vt 0.5 0.9688
vt 0.6406 0.8594
vt 0.6563 0.8594
vt 0.6563 0.8438
vt 0.6406 0.8438
vt 0.6094 0.8594
vt 0.625 0.8594
vt 0.625 0.8438
vt 0.6094 0.8438
vt 0.0781 1
vt 0.7656 1
vt 0.7656 0.9844
vt 0.0781 0.9844
vt 0 1
vt 0.6875 1
vt 0.6875 0.9844
vt 0 0.9844
vt 0.0781 0.8594
vt 0.7656 0.8594
vt 0.7656 0.8438
vt 0.0781 0.8438
vt 0 0.7188
vt 0.0313 0.7188
vt 0.0313 0.5
vt 0 0.5
vt 0 0.7188
vt 0.0313 0.7188
vt 0.0313 0.5
vt 0 0.5
vt 0 0.5313
vt 0.0313 0.5313
vt 0.0313 0.5
vt 0 0.5
vt 0.9688 0.6094
vt 1 0.6094
vt 1 0.3906
vt 0.9688 0.3906
vt 0.9688 0.6719
vt 1 0.6719
vt 1 0.4531
vt 0.9688 0.4531
vt 0 0.7188
vt 0.0313 0.7188
vt 0.0313 0.5
vt 0 0.5
vt 0 0.7188
vt 0.0313 0.7188
vt 0.0313 0.5
vt 0 0.5
vt 0 0.5313
vt 0.0313 0.5313
vt 0.0313 0.5
vt 0 0.5
vt 0.9688 0.6094
vt 1 0.6094
vt 1 0.3906
vt 0.9688 0.3906
vt 0.9688 0.6719
vt 1 0.6719
vt 1 0.4531
vt 0.9688 0.4531
vt 0 0.7188
vt 0.0313 0.7188
vt 0.0313 0.5
vt 0 0.5
vt 0 0.7188
vt 0.0313 0.7188
vt 0.0313 0.5
vt 0 0.5
vt 0 0.5313
vt 0.0313 0.5313
vt 0.0313 0.5
vt 0 0.5
vt 0.9688 0.6094
vt 1 0.6094
vt 1 0.3906
vt 0.9688 0.3906
vt 0.9688 0.6719
vt 1 0.6719
vt 1 0.4531
vt 0.9688 0.4531
vt 0 0.7188
vt 0.0313 0.7188
vt 0.0313 0.5
vt 0 0.5
vt 0 0.7188
vt 0.0313 0.7188
vt 0.0313 0.5
vt 0 0.5
vt 0 0.5313
vt 0.0313 0.5313
vt 0.0313 0.5
vt 0 0.5
vt 0.9688 0.6094
vt 1 0.6094
vt 1 0.3906
vt 0.9688 0.3906
vt 0.9688 0.6719
vt 1 0.6719
vt 1 0.4531
vt 0.9688 0.4531
vt 0.1719 0.9844
vt 0.4219 0.9844
vt 0.4219 0.9375
vt 0.1719 0.9375
vt 0 1
vt 0.0156 1
vt 0.0156 0.75
vt 0 0.75
vt 0.0156 0.9844
vt 0.0313 0.9844
vt 0.0313 0.9375
vt 0.0156 0.9375
vt 0.1719 0.9844
vt 0.4219 0.9844
vt 0.4219 0.9375
vt 0.1719 0.9375
vt 0 1
vt 0.0156 1
vt 0.0156 0.75
vt 0 0.75
vt 0.1719 0.9844
vt 0.4219 0.9844
vt 0.4219 0.9375
vt 0.1719 0.9375
vt 0.0156 0.8906
vt 0.0313 0.8906
vt 0.0313 0.6406
vt 0.0156 0.6406
vt 0.0156 0.9844
vt 0.0313 0.9844
vt 0.0313 0.9375
vt 0.0156 0.9375
vt 0.1719 1
vt 0.4219 1
vt 0.4219 0.9531
vt 0.1719 0.9531
vt 0.1719 0.9844
vt 0.4219 0.9844
vt 0.4219 0.9375
vt 0.1719 0.9375
vt 0 1
vt 0.0156 1
vt 0.0156 0.75
vt 0 0.75
vt 0.1719 1
vt 0.4219 1
vt 0.4219 0.9531
vt 0.1719 0.9531
vt 0.1719 0.9844
vt 0.4219 0.9844
vt 0.4219 0.9375
vt 0.1719 0.9375
vt 0 0.9844
vt 0.0156 0.9844
vt 0.0156 0.7344
vt 0 0.7344
vt 1 0.5
vt 1 0.25
vt 0.9531 0.25
vt 0.9531 0.5
vt 0.1719 0.9844
vt 0.4219 0.9844
vt 0.4219 0.9375
vt 0.1719 0.9375
vt 0 1
vt 0.0156 1
vt 0.0156 0.75
vt 0 0.75
vt 0.0156 0.9844
vt 0.0313 0.9844
vt 0.0313 0.9375
vt 0.0156 0.9375
vt 0.1719 0.9844
vt 0.4219 0.9844
vt 0.4219 0.9375
vt 0.1719 0.9375
vt 0.0156 0.8906
vt 0.0313 0.8906
vt 0.0313 0.6406
vt 0.0156 0.6406
vt 0.1719 1
vt 0.4219 1
vt 0.4219 0.9531
vt 0.1719 0.9531
vt 0.1719 0.9844
vt 0.4219 0.9844
vt 0.4219 0.9375
vt 0.1719 0.9375
vt 0.0156 0.9531
vt 0.0313 0.9531
vt 0.0313 0.7031
vt 0.0156 0.7031
vt 0.0156 0.9844
vt 0.0313 0.9844
vt 0.0313 0.9375
vt 0.0156 0.9375
vt 0.1719 1
vt 0.4219 1
vt 0.4219 0.9531
vt 0.1719 0.9531
vt 0.1719 0.9844
vt 0.4219 0.9844
vt 0.4219 0.9375
vt 0.1719 0.9375
vt 0.0156 1
vt 0.0313 1
vt 0.0313 0.75
vt 0.0156 0.75
vt 0.0156 0.9844
vt 0.0313 0.9844
vt 0.0313 0.9375
vt 0.0156 0.9375
vt 0 1
vt 0.0156 1
vt 0.0156 0.75
vt 0 0.75
vt 0.0156 0.9844
vt 0.0313 0.9844
vt 0.0313 0.9375
vt 0.0156 0.9375
vt 0 1
vt 0.0156 1
vt 0.0156 0.75
vt 0 0.75
vt 0.1719 0.9844
vt 0.4219 0.9844
vt 0.4219 0.9375
vt 0.1719 0.9375
vt 0 1
vt 0.0156 1
vt 0.0156 0.75
vt 0 0.75
vt 0.0156 0.9844
vt 0.0313 0.9844
vt 0.0313 0.9375
vt 0.0156 0.9375
vt 0 1
vt 0.875 1
vt 0.875 0.875
vt 0 0.875
vt 0 1
vt 0.875 1
vt 0.875 0.875
vt 0 0.875
vt 0.9375 0
vt 0.0625 0
vt 0.0625 1
vt 0.9375 1
vt 0.0625 1
vt 0.9375 1
vt 0.9375 0
vt 0.0625 0
vt 0.0625 1
vt 0.9375 1
vt 0.9375 0.875
vt 0.0625 0.875
vt 0 1
vt 0.875 1
vt 0.875 0.875
vt 0 0.875
vt 0 1
vt 0.875 1
vt 0.875 0.875
vt 0 0.875
vt 0.9375 0
vt 0.0625 0
vt 0.0625 1
vt 0.9375 1
vt 0.0625 1
vt 0.9375 1
vt 0.9375 0
vt 0.0625 0
vt 0.0625 1
vt 0.9375 1
vt 0.9375 0.875
vt 0.0625 0.875
vt 0 1
vt 0.875 1
vt 0.875 0.875
vt 0 0.875
vt 0 1
vt 0.875 1
vt 0.875 0.875
vt 0 0.875
vt 0.9375 0
vt 0.0625 0
vt 0.0625 1
vt 0.9375 1
vt 0.0625 1
vt 0.9375 1
vt 0.9375 0
vt 0.0625 0
vt 0.0625 1
vt 0.9375 1
vt 0.9375 0.875
vt 0.0625 0.875
vt 0.0625 1
vt 0.9375 1
vt 0.9375 0.875
vt 0.0625 0.875
vt 0 1
vt 0.875 1
vt 0.875 0.875
vt 0 0.875
vt 0 1
vt 0.875 1
vt 0.875 0.875
vt 0 0.875
vt 0.9375 0
vt 0.0625 0
vt 0.0625 1
vt 0.9375 1
vt 0.0625 1
vt 0.9375 1
vt 0.9375 0
vt 0.0625 0
vt 0.0625 1
vt 0.9375 1
vt 0.9375 0.875
vt 0.0625 0.875
vt 0.0625 1
vt 0.9375 1
vt 0.9375 0.875
vt 0.0625 0.875
vt 0 1
vt 0.875 1
vt 0.875 0.875
vt 0 0.875
vt 0 1
vt 0.875 1
vt 0.875 0.875
vt 0 0.875
vt 0 1
vt 0.875 1
vt 0.875 0.875
vt 0 0.875
vt 0.9375 0
vt 0.0625 0
vt 0.0625 1
vt 0.9375 1
vt 0.0625 1
vt 0.9375 1
vt 0.9375 0
vt 0.0625 0
vt 0.0625 1
vt 0.9375 1
vt 0.9375 0.875
vt 0.0625 0.875
vt 0.0625 1
vt 0.9375 1
vt 0.9375 0.875
vt 0.0625 0.875
vt 0 1
vt 0.875 1
vt 0.875 0.875
vt 0 0.875
vt 0 1
vt 0.875 1
vt 0.875 0.875
vt 0 0.875
vt 0.9375 0
vt 0.0625 0
vt 0.0625 1
vt 0.9375 1
vt 0.0625 1
vt 0.9375 1
vt 0.9375 0
vt 0.0625 0
vt 0.0625 1
vt 0.9375 1
vt 0.9375 0.875
vt 0.0625 0.875
vt 0 1
vt 0.875 1
vt 0.875 0.875
vt 0 0.875
vt 0 1
vt 0.875 1
vt 0.875 0.875
vt 0 0.875
vt 0.9375 0
vt 0.0625 0
vt 0.0625 1
vt 0.9375 1
vt 0.0625 1
vt 0.9375 1
vt 0.9375 0
vt 0.0625 0
vt 0.0625 1
vt 0.9375 1
vt 0.9375 0.875
vt 0.0625 0.875
vt 0 1
vt 0.875 1
vt 0.875 0.875
vt 0 0.875
vt 0 1
vt 0.875 1
vt 0.875 0.875
vt 0 0.875
vt 0.9375 0
vt 0.0625 0
vt 0.0625 1
vt 0.9375 1
vt 0.0625 1
vt 0.9375 1
vt 0.9375 0
vt 0.0625 0
vt 0.0625 1
vt 0.9375 1
vt 0.9375 0.875
vt 0.0625 0.875
vt 0 1
vt 0.875 1
vt 0.875 0.875
vt 0 0.875
vt 0 1
vt 0.875 1
vt 0.875 0.875
vt 0 0.875
vt 0.9375 0
vt 0.0625 0
vt 0.0625 1
vt 0.9375 1
vt 0.0625 1
vt 0.9375 1
vt 0.9375 0
vt 0.0625 0
vt 0.0625 1
vt 0.9375 1
vt 0.9375 0.875
vt 0.0625 0.875
vt 0.0625 1
vt 0.9375 1
vt 0.9375 0.875
vt 0.0625 0.875
vt 0.9688 0.6719
vt 1 0.6719
vt 1 0.5469
vt 0.9688 0.5469
vt 0.7344 0.6563
vt 0.7656 0.6563
vt 0.7656 0.5313
vt 0.7344 0.5313
vt 1 0.6719
vt 0.9688 0.6719
vt 0.9688 0.5469
vt 1 0.5469
vt 0.7344 0.6563
vt 0.7656 0.6563
vt 0.7656 0.5313
vt 0.7344 0.5313
vt 1 0.6563
vt 0.9688 0.6563
vt 0.9688 0.5313
vt 1 0.5313
vt 0.7344 0.6563
vt 0.7656 0.6563
vt 0.7656 0.5313
vt 0.7344 0.5313
vt 0.7344 0.6563
vt 0.7656 0.6563
vt 0.7656 0.5313
vt 0.7344 0.5313
vt 0.9688 0.6563
vt 1 0.6563
vt 1 0.5313
vt 0.9688 0.5313
vt 0.9688 1
vt 0.9844 1
vt 0.9844 0.2813
vt 0.9688 0.2813
vt 0.9844 1
vt 1 1
vt 1 0.2813
vt 0.9844 0.2813
vt 0.5 0.8125
vt 0.5156 0.8125
vt 0.5156 0.5625
vt 0.5 0.5625
vt 0.5 0.8125
vt 0.5156 0.8125
vt 0.5156 0.5625
vt 0.5 0.5625
vt 0.2656 0.8125
vt 0.5156 0.8125
vt 0.5156 0.7969
vt 0.2656 0.7969
vt 0.2656 0.8125
vt 0.5156 0.8125
vt 0.5156 0.7969
vt 0.2656 0.7969
vt 0 0.8125
vt 0.25 0.8125
vt 0.25 0.5625
vt 0 0.5625
vt 0.5 0.8125
vt 0.5156 0.8125
vt 0.5156 0.5625
vt 0.5 0.5625
vt 0.5 0.8125
vt 0.5156 0.8125
vt 0.5156 0.5625
vt 0.5 0.5625
vt 0.2656 0.8125
vt 0.5156 0.8125
vt 0.5156 0.7969
vt 0.2656 0.7969
vt 0.2656 0.8125
vt 0.5156 0.8125
vt 0.5156 0.7969
vt 0.2656 0.7969
vt 0.2656 0.8125
vt 0.5156 0.8125
vt 0.5156 0.5625
vt 0.2656 0.5625
vt 0.6563 0.9375
vt 0.2969 0.9375
vt 0.2969 1
vt 0.6563 1
vt 0.5156 0.9375
vt 0.1406 0.9375
vt 0.1406 1
vt 0.5156 1
vt 0.2031 0.3125
vt 0.5781 0.3125
vt 0.5781 0.25
vt 0.2031 0.25
vt 0.1563 0.3125
vt 0.5156 0.3125
vt 0.5156 0.25
vt 0.1563 0.25
vt 0.125 0.3125
vt 0.4844 0.3125
vt 0.4844 0.25
vt 0.125 0.25
vt 0.1875 0.3125
vt 0.5469 0.3125
vt 0.5469 0.25
vt 0.1875 0.25
vt 0.125 0.3125
vt 0.5 0.3125
vt 0.5 0.25
vt 0.125 0.25
vt 0.375 0.6094
vt 0.375 0.25
vt 0 0.25
vt 0 0.6094
vt 0.1719 0.3125
vt 0.5313 0.3125
vt 0.5313 0.25
vt 0.1719 0.25
vt 0.1563 0.25
vt 0.1563 0.6094
vt 0.5156 0.6094
vt 0.5156 0.25
vt 0.5 0.9375
vt 0.125 0.9375
vt 0.125 1
vt 0.5 1
vt 0.625 0.9375
vt 0.2656 0.9375
vt 0.2656 1
vt 0.625 1
vt 0.6563 0.9375
vt 0.2969 0.9375
vt 0.2969 1
vt 0.6563 1
vt 0.6094 0.9375
vt 0.25 0.9375
vt 0.25 1
vt 0.6094 1
vt 0.1875 0.6406
vt 0.1875 1
vt 0.375 1
vt 0.375 0.6406
vt 0.1563 0.6406
vt 0.1563 1
vt 0.5156 1
vt 0.5156 0.6406
vt 0.1563 0.3125
vt 0.5156 0.3125
vt 0.5156 0.25
vt 0.1563 0.25
vt 0.1875 0.3125
vt 0.5469 0.3125
vt 0.5469 0.25
vt 0.1875 0.25
vt 0.1641 0.3125
vt 0.5313 0.3125
vt 0.5313 0.25
vt 0.1641 0.25
vt 0.5781 0.6094
vt 0.5781 0.25
vt 0.2031 0.25
vt 0.2031 0.6094
vt 0.3125 0.3125
vt 0.6797 0.3125
vt 0.6797 0.25
vt 0.3125 0.25
vt 0.3906 0.25
vt 0.3906 0.6094
vt 0.7578 0.6094
vt 0.7578 0.25
vt 0.5469 0.9375
vt 0.1797 0.9375
vt 0.1797 1
vt 0.5469 1
vt 0.5469 0.9375
vt 0.1875 0.9375
vt 0.1875 1
vt 0.5469 1
vt 0.5703 0.9375
vt 0.2031 0.9375
vt 0.2031 1
vt 0.5703 1
vt 0 1
vt 0.375 1
vt 0.375 0.875
vt 0 0.875
vt 0.6094 1
vt 0.6094 0.625
vt 0.2344 0.625
vt 0.2344 1
vt 0.625 1
vt 0.625 0.875
vt 0.25 0.875
vt 0.25 1
vt 0.375 0.625
vt 0.375 1
vt 0.75 1
vt 0.75 0.625
vt 0.625 0.875
vt 0.625 1
vt 1 1
vt 1 0.875
vt 0.625 1
vt 1 1
vt 1 0.875
vt 0.625 0.875
vt 0.375 1
vt 0.375 0.625
vt 0 0.625
vt 0 1
vt 0.375 1
vt 0.375 0.875
vt 0 0.875
vt 0 1
vt 0.2344 0.625
vt 0.2344 1
vt 0.6094 1
vt 0.6094 0.625
vt 0.375 0.875
vt 0.375 1
vt 0.75 1
vt 0.75 0.875
vt 0.625 1
vt 1 1
vt 1 0.875
vt 0.625 0.875
vt 0.6094 0.625
vt 0.6094 0.25
vt 0.2344 0.25
vt 0.2344 0.625
vt 0.375 0.875
vt 0.375 1
vt 0.75 1
vt 0.75 0.875
vt 0.375 0.25
vt 0.375 0.625
vt 0.75 0.625
vt 0.75 0.25
vt 0.375 1
vt 0.375 0.875
vt 0 0.875
vt 0 1
vt 0 1
vt 0.375 1
vt 0.375 0.875
vt 0 0.875
vt 0.375 0.625
vt 0.375 0.25
vt 0 0.25
vt 0 0.625
vt 0.625 0.875
vt 0.625 1
vt 1 1
vt 1 0.875
vt 0.2344 0.25
vt 0.2344 0.625
vt 0.6094 0.625
vt 0.6094 0.25
vt 0.625 1
vt 0.625 0.875
vt 0.25 0.875
vt 0.25 1
vt 0.75 1
vt 0 1
vt 0 0.9844
vt 0.75 0.9844
vt 0.75 1
vt 0 1
vt 0 0.9844
vt 0.75 0.9844
vt 0.75 1
vt 0 1
vt 0 0.9844
vt 0.75 0.9844
vt 0.75 1
vt 0 1
vt 0 0.9844
vt 0.75 0.9844
vt 0 1
vt 0.0156 1
vt 0.0156 0.2813
vt 0 0.2813
vt 0 1
vt 0.0156 1
vt 0.0156 0.2813
vt 0 0.2813
vt 1 0.625
vt 0.9688 0.625
vt 0.9688 0.5156
vt 1 0.5156
vt 0.2813 0.9531
vt 0.5313 0.9531
vt 0.5313 0.8281
vt 0.2813 0.8281
vt 0.7344 0.625
vt 0.7656 0.625
vt 0.7656 0.5156
vt 0.7344 0.5156
vt 0 0.9688
vt 0.0313 0.9688
vt 0.0313 0.8125
vt 0 0.8125
vt 0 0.9531
vt 0.0313 0.9531
vt 0.0313 0.7969
vt 0 0.7969
vt 0.2813 1
vt 0.0313 1
vt 0.0313 0.9688
vt 0.2813 0.9688
vt 0.2969 0.9688
vt 0.0469 0.9688
vt 0.0469 0.8125
vt 0.2969 0.8125
vt 0.0469 0.9688
vt 0.2969 0.9688
vt 0.2969 0.8125
vt 0.0469 0.8125
vt 0.7031 0.625
vt 0.7344 0.625
vt 0.7344 0.5156
vt 0.7031 0.5156
vt 0.7344 0.625
vt 0.7656 0.625
vt 0.7656 0.5156
vt 0.7344 0.5156
vt 0.9688 0.625
vt 1 0.625
vt 1 0.5156
vt 0.9688 0.5156
vt 0.9688 0.6719
vt 0.9844 0.6719
vt 0.9844 0.4844
vt 0.9688 0.4844
vt 0.9844 0.6719
vt 1 0.6719
vt 1 0.4844
vt 0.9844 0.4844
vt 0.9531 0.6875
vt 0.9688 0.6875
vt 0.9688 0.6719
vt 0.9531 0.6719
vt 0.9688 0.6875
vt 0.9844 0.6875
vt 0.9844 0.6719
vt 0.9688 0.6719
vt 0.9844 0.6719
vt 1 0.6719
vt 1 0.4844
vt 0.9844 0.4844
vt 0.9844 0.6719
vt 1 0.6719
vt 1 0.4844
vt 0.9844 0.4844
vt 0.7344 0.6563
vt 0.7656 0.6563
vt 0.7656 0.5313
vt 0.7344 0.5313
vt 0.9688 0.6563
vt 1 0.6563
vt 1 0.5313
vt 0.9688 0.5313
vt 0.7344 0.5781
vt 0.7656 0.5781
vt 0.7656 0.5469
vt 0.7344 0.5469
vt 0.7031 0.5625
vt 0.7344 0.5625
vt 0.7344 0.5313
vt 0.7031 0.5313
vt 0.7344 0.6563
vt 0.7656 0.6563
vt 0.7656 0.5313
vt 0.7344 0.5313
vt 1 0.6563
vt 0.9688 0.6563
vt 0.9688 0.5313
vt 1 0.5313
vt 0.125 1
vt 0.8125 1
vt 0.8125 0.9844
vt 0.125 0.9844
vt 0.0156 1
vt 0.7031 1
vt 0.7031 0.9844
vt 0.0156 0.9844
vt 0.125 0.8594
vt 0.8125 0.8594
vt 0.8125 0.8438
vt 0.125 0.8438
vt 0.7344 0.6563
vt 0.7656 0.6563
vt 0.7656 0.5313
vt 0.7344 0.5313
vt 1 0.6563
vt 0.9688 0.6563
vt 0.9688 0.5313
vt 1 0.5313
vt 0.7344 0.5781
vt 0.7656 0.5781
vt 0.7656 0.5469
vt 0.7344 0.5469
vt 0.7031 0.5625
vt 0.7344 0.5625
vt 0.7344 0.5313
vt 0.7031 0.5313
vt 0.9688 0.6563
vt 1 0.6563
vt 1 0.5313
vt 0.9688 0.5313
vt 0.7344 0.6563
vt 0.7656 0.6563
vt 0.7656 0.5313
vt 0.7344 0.5313
vt 0.9688 0.6719
vt 0.9844 0.6719
vt 0.9844 0.4531
vt 0.9688 0.4531
vt 0.9375 0.6719
vt 0.9531 0.6719
vt 0.9531 0.4531
vt 0.9375 0.4531
vt 0.9844 0.6719
vt 1 0.6719
vt 1 0.4531
vt 0.9844 0.4531
vt 0.9688 0.6406
vt 0.9844 0.6406
vt 0.9844 0.3906
vt 0.9688 0.3906
vt 0.9844 0.6719
vt 1 0.6719
vt 1 0.4219
vt 0.9844 0.4219
vt 0.9844 0.6406
vt 1 0.6406
vt 1 0.3906
vt 0.9844 0.3906
vt 0.9844 0.8438
vt 1 0.8438
vt 1 0.375
vt 0.9844 0.375
vt 0.9688 0.8438
vt 0.9844 0.8438
vt 0.9844 0.375
vt 0.9688 0.375
vt 0.7813 0.8906
vt 0.9688 0.8906
vt 0.9688 0.7031
vt 0.7813 0.7031
vt 0.7813 0.8906
vt 0.9688 0.8906
vt 0.9688 0.7031
vt 0.7813 0.7031
vt 0.5469 0.6875
vt 0.7344 0.6875
vt 0.7344 0.2188
vt 0.5469 0.2188
vt 0.5469 0.6875
vt 0.7344 0.6875
vt 0.7344 0.2188
vt 0.5469 0.2188
vt 0.75 0.6094
vt 0.7813 0.6094
vt 0.7813 0.4219
vt 0.75 0.4219
vt 0 1
vt 0.0313 1
vt 0.0313 0.8281
vt 0 0.8281
vt 0 1
vt 0.0313 1
vt 0.0313 0.8281
vt 0 0.8281
vt 0.7656 0.6875
vt 0.9531 0.6875
vt 0.9531 0.6563
vt 0.7656 0.6563
vt 0.5625 0.4375
vt 0.75 0.4375
vt 0.75 0.4063
vt 0.5625 0.4063
vt 0.5469 0.6875
vt 0.7344 0.6875
vt 0.7344 0.5156
vt 0.5469 0.5156
vt 0.5469 0.6875
vt 0.7344 0.6875
vt 0.7344 0.5156
vt 0.5469 0.5156
vt 0.75 0.6875
vt 0.7813 0.6875
vt 0.7813 0.2188
vt 0.75 0.2188
vt 0.9688 0.6875
vt 1 0.6875
vt 1 0.2188
vt 0.9688 0.2188
vt 0.5156 0.25
vt 0.7656 0.25
vt 0.7656 0.2188
vt 0.5156 0.2188
vt 0.5156 0.6875
vt 0.7656 0.6875
vt 0.7656 0.2188
vt 0.5156 0.2188
vt 0.5156 0.6875
vt 0.7656 0.6875
vt 0.7656 0.2188
vt 0.5156 0.2188
vt 0.7344 0.7188
vt 0.7656 0.7188
vt 0.7656 0.5938
vt 0.7344 0.5938
vt 0.7344 0.7188
vt 0.7656 0.7188
vt 0.7656 0.5938
vt 0.7344 0.5938
vt 0.7344 0.7188
vt 0.7656 0.7188
vt 0.7656 0.5625
vt 0.7344 0.5625
vt 0.7344 0.7188
vt 0.7656 0.7188
vt 0.7656 0.5625
vt 0.7344 0.5625
vt 0.7813 0.6875
vt 0.9688 0.6875
vt 0.9688 0.2188
vt 0.7813 0.2188
vt 0.7656 0.6875
vt 0.9531 0.6875
vt 0.9531 0.2188
vt 0.7656 0.2188
vt 0.7344 0.5469
vt 0.7656 0.5469
vt 0.7656 0.3594
vt 0.7344 0.3594
vt 0.5156 0.6875
vt 0.5469 0.6875
vt 0.5469 0.2188
vt 0.5156 0.2188
vt 0.5156 0.6875
vt 0.5469 0.6875
vt 0.5469 0.2188
vt 0.5156 0.2188
vt 1 0.6719
vt 0.9688 0.6719
vt 0.9688 0.7031
vt 1 0.7031
vt 0.9688 0.6875
vt 1 0.6875
vt 1 0.2188
vt 0.9688 0.2188
vt 0.9688 0.6875
vt 1 0.6875
vt 1 0.2188
vt 0.9688 0.2188
vt 0.9688 0.6875
vt 1 0.6875
vt 1 0.2188
vt 0.9688 0.2188
vt 0.9688 0.9219
vt 1 0.9219
vt 1 0.8906
vt 0.9688 0.8906
vt 0.75 0.6875
vt 0.7813 0.6875
vt 0.7813 0.2188
vt 0.75 0.2188
vt 0.9063 0.125
vt 0.8906 0.125
vt 0.8906 0
vt 0.9063 0
vt 1 0.125
vt 0.9844 0.125
vt 0.9844 0
vt 1 0
vt 0.9063 0
vt 1 0
vt 1 0.0156
vt 0.9063 0.0156
vt 0.9063 0.0156
vt 1 0.0156
vt 1 0
vt 0.9063 0
vt 1 0.125
vt 0.9063 0.125
vt 0.9063 0
vt 1 0
vt 0.7813 0.8906
vt 0.7969 0.8906
vt 0.7969 0.8594
vt 0.7813 0.8594
vt 0.7969 0.8906
vt 0.8125 0.8906
vt 0.8125 0.8594
vt 0.7969 0.8594
vt 0.8125 0.8906
vt 0.7813 0.8906
vt 0.7813 0.875
vt 0.8125 0.875
vt 0.8125 0.875
vt 0.7813 0.875
vt 0.7813 0.8594
vt 0.8125 0.8594
vt 0.7813 0.8906
vt 0.8125 0.8906
vt 0.8125 0.8594
vt 0.7813 0.8594
vt 0.7813 0.8906
vt 0.7969 0.8906
vt 0.7969 0.8594
vt 0.7813 0.8594
vt 0.7969 0.8906
vt 0.8125 0.8906
vt 0.8125 0.8594
vt 0.7969 0.8594
vt 0.8125 0.8906
vt 0.7813 0.8906
vt 0.7813 0.875
vt 0.8125 0.875
vt 0.8125 0.875
vt 0.7813 0.875
vt 0.7813 0.8594
vt 0.8125 0.8594
vt 0.7813 0.8906
vt 0.8125 0.8906
vt 0.8125 0.8594
vt 0.7813 0.8594
vt 0.7813 0.8906
vt 0.7969 0.8906
vt 0.7969 0.8594
vt 0.7813 0.8594
vt 0.7969 0.8906
vt 0.8125 0.8906
vt 0.8125 0.8594
vt 0.7969 0.8594
vt 0.8125 0.8906
vt 0.7813 0.8906
vt 0.7813 0.875
vt 0.8125 0.875
vt 0.8125 0.875
vt 0.7813 0.875
vt 0.7813 0.8594
vt 0.8125 0.8594
vt 0.7813 0.8906
vt 0.8125 0.8906
vt 0.8125 0.8594
vt 0.7813 0.8594
vt 0.6875 0.875
vt 0.75 0.875
vt 0.75 0.7969
vt 0.6875 0.7969
vt 0.5625 0.875
vt 0.625 0.875
vt 0.625 0.7969
vt 0.5625 0.7969
vt 0.4219 0.9688
vt 0.4219 1
vt 0.4844 1
vt 0.4844 0.9688
vt 0.0781 0.9375
vt 0.0781 1
vt 0.1406 1
vt 0.1406 0.9375
vt 0.6719 0.7969
vt 0.6719 0.875
vt 0.7344 0.875
vt 0.7344 0.7969
vt 0.625 0.875
vt 0.625 0.7969
vt 0.5625 0.7969
vt 0.5625 0.875
vt 0.6719 0.7969
vt 0.6719 0.875
vt 0.75 0.875
vt 0.75 0.7969
vt 0.0781 1
vt 0.0781 0.9375
vt 0 0.9375
vt 0 1
vt 0.6719 0.875
vt 0.6719 0.7969
vt 0.5938 0.7969
vt 0.5938 0.875
vt 0.4219 1
vt 0.4219 0.9688
vt 0.3438 0.9688
vt 0.3438 1
vt 0.3125 0.75
vt 0.3125 1
vt 0.5 1
vt 0.5 0.75
vt 0.3125 0.75
vt 0.3125 1
vt 0.5 1
vt 0.5 0.75
vt 0.3125 1
vt 0.5 1
vt 0.5 0.75
vt 0.3125 0.75
vt 0.3125 0.75
vt 0.5 0.75
vt 0.5 0.5625
vt 0.3125 0.5625
vt 0.3125 0.75
vt 0.5 0.75
vt 0.5 0.5625
vt 0.3125 0.5625
vt 0.3125 0.75
vt 0.5 0.75
vt 0.5 0.5625
vt 0.3125 0.5625
vt 0.3125 0.5
vt 0.3125 0.3125
vt 0.5 0.3125
vt 0.5 0.5
vt 1 0.3125
vt 0.8125 0.3125
vt 0.8125 0.125
vt 1 0.125
vt 0.8125 0.3125
vt 1 0.3125
vt 1 0.125
vt 0.8125 0.125
vt 0.3125 0.625
vt 0.3125 1
vt 0.5 1
vt 0.5 0.625
vt 0.3125 0.625
vt 0.3125 1
vt 0.5 1
vt 0.5 0.625
vt 0.5 1
vt 0.5 0.625
vt 0.3125 0.625
vt 0.3125 1
vt 0.3125 0.5
vt 0.5 0.5
vt 0.5 0.375
vt 0.3125 0.375
vt 0.3125 0.5
vt 0.3125 0.3125
vt 0.5 0.3125
vt 0.5 0.5
vt 0.8125 0.3125
vt 1 0.3125
vt 1 0.125
vt 0.8125 0.125
vt 0 0.8125
vt 0.0156 0.8125
vt 0.0156 0.7344
vt 0 0.7344
vt 0 0.8125
vt 0.0156 0.8125
vt 0.0156 0.7344
vt 0 0.7344
vt 0 0.8125
vt 0.0781 0.8125
vt 0.0781 0.7969
vt 0 0.7969
vt 0 0.8125
vt 0.0781 0.8125
vt 0.0781 0.7969
vt 0 0.7969
vt 0 0.8125
vt 0.0781 0.8125
vt 0.0781 0.7344
vt 0 0.7344
vt 0 1
vt 0.25 1
vt 0.25 0.875
vt 0 0.875
vt 0.25 1
vt 0.25 0.75
vt 0 0.75
vt 0 1
vt 1 0.5
vt 0.75 0.5
vt 0.75 0.75
vt 1 0.75
vt 0.75 0.5
vt 1 0.5
vt 1 0.75
vt 0.75 0.75
vt 0 1
vt 0.25 1
vt 0.25 0.75
vt 0 0.75
vt 0 1
vt 0.25 1
vt 0.25 0.75
vt 0 0.75
vt 0 1
vt 0.25 1
vt 0.25 0.75
vt 0 0.75
vt 0 1
vt 0.25 1
vt 0.25 0.75
vt 0 0.75
vt 0 0.5
vt 0 0.75
vt 0.25 0.75
vt 0.25 0.5
vt 0 0.5
vt 0 0.75
vt 0.25 0.75
vt 0.25 0.5
vt 0 0.5
vt 0 0.75
vt 0.25 0.75
vt 0.25 0.5
vt 0 0.5625
vt 0 0.8125
vt 0.25 0.8125
vt 0.25 0.5625
vt 0.5938 0.25
vt 0.5938 0.1406
vt 0.5 0.1406
vt 0.5 0.25
vt 0.4219 0.3125
vt 0.5156 0.3125
vt 0.5156 0.25
vt 0.4219 0.25
vt 0.5938 0.1094
vt 0.5938 0
vt 0.5 0
vt 0.5 0.1094
vt 0.6563 0
vt 0.6563 0.1094
vt 0.75 0.1094
vt 0.75 0
vt 0.3281 0.3125
vt 0.4219 0.3125
vt 0.4219 0.25
vt 0.3281 0.25
vt 0.6563 0.1406
vt 0.6563 0.25
vt 0.75 0.25
vt 0.75 0.1406
vt 0.5781 0.9531
vt 0.4844 0.9531
vt 0.4844 1
vt 0.5781 1
vt 0.4844 0.9531
vt 0.3906 0.9531
vt 0.3906 1
vt 0.4844 1
vt 0.7344 0.8281
vt 0.7656 0.8281
vt 0.7656 0.5781
vt 0.7344 0.5781
vt 0.7344 0.8281
vt 0.7656 0.8281
vt 0.7656 0.5781
vt 0.7344 0.5781
vt 0.7344 0.8281
vt 0.75 0.8281
vt 0.75 0.7969
vt 0.7344 0.7969
vt 0.7344 0.8281
vt 0.75 0.8281
vt 0.75 0.7969
vt 0.7344 0.7969
vt 0.7344 0.8281
vt 0.75 0.8281
vt 0.75 0.5781
vt 0.7344 0.5781
vt 0.7344 0.8281
vt 0.7656 0.8281
vt 0.7656 0.5781
vt 0.7344 0.5781
vt 0.7344 0.8281
vt 0.7656 0.8281
vt 0.7656 0.5781
vt 0.7344 0.5781
vt 0.7344 0.8281
vt 0.75 0.8281
vt 0.75 0.7969
vt 0.7344 0.7969
vt 0.7344 0.8281
vt 0.75 0.8281
vt 0.75 0.7969
vt 0.7344 0.7969
vt 0.7344 0.8281
vt 0.75 0.8281
vt 0.75 0.5781
vt 0.7344 0.5781
vt 0.1094 0.7344
vt 0.125 0.7344
vt 0.125 0.6719
vt 0.1094 0.6719
vt 0.0625 0.7344
vt 0.0781 0.7344
vt 0.0781 0.6719
vt 0.0625 0.6719
vt 0.0625 0.7344
vt 0.125 0.7344
vt 0.125 0.7188
vt 0.0625 0.7188
vt 0.0625 0.6875
vt 0.125 0.6875
vt 0.125 0.6719
vt 0.0625 0.6719
vt 0.0625 0.7344
vt 0.125 0.7344
vt 0.125 0.6719
vt 0.0625 0.6719
vt 0.1094 0.7344
vt 0.125 0.7344
vt 0.125 0.6719
vt 0.1094 0.6719
vt 0.0625 0.7344
vt 0.0781 0.7344
vt 0.0781 0.6719
vt 0.0625 0.6719
vt 0.0625 0.7344
vt 0.125 0.7344
vt 0.125 0.7188
vt 0.0625 0.7188
vt 0.0625 0.6875
vt 0.125 0.6875
vt 0.125 0.6719
vt 0.0625 0.6719
vt 0.0625 0.7344
vt 0.125 0.7344
vt 0.125 0.6719
vt 0.0625 0.6719
vt 0.3125 0.4375
vt 0.5 0.4375
vt 0.5 0.3125
vt 0.3125 0.3125
vt 0.3125 0.3125
vt 0.3125 0.5
vt 0.5 0.5
vt 0.5 0.3125
vt 0.8125 0.3125
vt 1 0.3125
vt 1 0.125
vt 0.8125 0.125
vt 0.8125 0.125
vt 0.8125 0.3125
vt 1 0.3125
vt 1 0.125
vt 0.3125 0.875
vt 0.5 0.875
vt 0.5 0
vt 0.3125 0
vt 0.3125 0.875
vt 0.5 0.875
vt 0.5 0
vt 0.3125 0
vt 0.3125 0.875
vt 0.5 0.875
vt 0.5 0
vt 0.3125 0
vt 0.3125 0.875
vt 0.5 0.875
vt 0.5 0
vt 0.3125 0
vt 0.3125 0.875
vt 0.5 0.875
vt 0.5 0.4375
vt 0.3125 0.4375
vt 0.3125 0.875
vt 0.5 0.875
vt 0.5 0.4375
vt 0.3125 0.4375
vt 0.3125 0.875
vt 0.5 0.875
vt 0.5 0.4375
vt 0.3125 0.4375
vt 0.3125 0.875
vt 0.5 0.875
vt 0.5 0.4375
vt 0.3125 0.4375
vt 1 0.125
vt 0.8125 0.125
vt 0.8125 0.3125
vt 1 0.3125
vt 0.8125 0.125
vt 0.8125 0.3125
vt 1 0.3125
vt 1 0.125
vt 0.3125 0.4375
vt 0.5 0.4375
vt 0.5 0.375
vt 0.3125 0.375
vt 0.5 0.375
vt 0.3125 0.375
vt 0.3125 0.5625
vt 0.5 0.5625
vt 0.3125 0.375
vt 0.3125 0.4375
vt 0.5 0.4375
vt 0.5 0.375
vt 1 0.3125
vt 1 0.125
vt 0.8125 0.125
vt 0.8125 0.3125
vt 0.8125 0.1875
vt 1 0.3125
vt 1 0.125
vt 0.8125 0.125
vt 0.3125 0.3125
vt 0.3125 0.5
vt 0.5 0.5
vt 0.5 0.3125
vt 0 0.25
vt 0.3125 0.25
vt 0.3125 0.0938
vt 0 0.0938
vt 0 0.25
vt 0.3125 0.25
vt 0.3125 0.0938
vt 0 0.0938
vt 0.4375 1
vt 0.875 1
vt 0.875 0.6875
vt 0.4375 0.6875
vt 0.4375 1
vt 0.875 1
vt 0.875 0.6875
vt 0.4375 0.6875
vt 0.4375 0.5313
vt 0.875 0.5313
vt 0.875 0.375
vt 0.4375 0.375
vt 0.4375 0.6875
vt 0.875 0.6875
vt 0.875 0.5313
vt 0.4375 0.5313
vt 0 0.25
vt 0.3125 0.25
vt 0.3125 0.0938
vt 0 0.0938
vt 0 0.25
vt 0.3125 0.25
vt 0.3125 0.0938
vt 0 0.0938
vt 0.4375 1
vt 0.875 1
vt 0.875 0.6875
vt 0.4375 0.6875
vt 0.4375 1
vt 0.875 1
vt 0.875 0.6875
vt 0.4375 0.6875
vt 0.4375 0.5313
vt 0.875 0.5313
vt 0.875 0.375
vt 0.4375 0.375
vt 0.4375 0.6875
vt 0.875 0.6875
vt 0.875 0.5313
vt 0.4375 0.5313
vt 0 0.25
vt 0.3125 0.25
vt 0.3125 0.0938
vt 0 0.0938
vt 0 0.25
vt 0.3125 0.25
vt 0.3125 0.0938
vt 0 0.0938
vt 0.4375 1
vt 0.875 1
vt 0.875 0.6875
vt 0.4375 0.6875
vt 0.4375 1
vt 0.875 1
vt 0.875 0.6875
vt 0.4375 0.6875
vt 0.4375 0.5313
vt 0.875 0.5313
vt 0.875 0.375
vt 0.4375 0.375
vt 0.4375 0.6875
vt 0.875 0.6875
vt 0.875 0.5313
vt 0.4375 0.5313
vt 0 0.25
vt 0.3125 0.25
vt 0.3125 0.0938
vt 0 0.0938
vt 0 0.25
vt 0.3125 0.25
vt 0.3125 0.0938
vt 0 0.0938
vt 0.4375 1
vt 0.875 1
vt 0.875 0.6875
vt 0.4375 0.6875
vt 0.4375 1
vt 0.875 1
vt 0.875 0.6875
vt 0.4375 0.6875
vt 0.4375 0.5313
vt 0.875 0.5313
vt 0.875 0.375
vt 0.4375 0.375
vt 0.4375 0.6875
vt 0.875 0.6875
vt 0.875 0.5313
vt 0.4375 0.5313
vt 0.2656 1
vt 0.2656 0.9375
vt 0.0781 0.9375
vt 0.0781 1
vt 0.375 0.3125
vt 0.375 0.25
vt 0.1875 0.25
vt 0.1875 0.3125
vt 0.1875 1
vt 0.1875 0.6406
vt 0 0.6406
vt 0 1
vt 0.2813 0.0156
vt 0.2656 0.0156
vt 0.2656 0
vt 0.2813 0
vt 0.0156 0.0156
vt 0 0.0156
vt 0 0
vt 0.0156 0
vt 0.0156 0.0156
vt 0.2656 0.0156
vt 0.2656 0.0313
vt 0.0156 0.0313
vt 0.5313 0.0156
vt 0.2813 0.0156
vt 0.2813 0
vt 0.5313 0
vt 0.3281 0.0313
vt 0.0781 0.0313
vt 0.0781 0.0156
vt 0.3281 0.0156
vt 0.0156 0.1875
vt 0 0.1875
vt 0 0
vt 0.0156 0
vt 0.0156 0.1875
vt 0 0.1875
vt 0 0
vt 0.0156 0
vt 0 0
vt 0.25 0
vt 0.25 0.0156
vt 0 0.0156
vt 0 0.0156
vt 0.25 0.0156
vt 0.25 0
vt 0 0
vt 0.25 0.1875
vt 0 0.1875
vt 0 0
vt 0.25 0
vt 0.25 0.1875
vt 0 0.1875
vt 0 0
vt 0.25 0
vt 0.0781 0.5625
vt 0.0625 0.5625
vt 0.0625 0.5313
vt 0.0781 0.5313
vt 0.0625 0.5625
vt 0.0469 0.5625
vt 0.0469 0.5313
vt 0.0625 0.5313
vt 0.0469 0.5469
vt 0.0781 0.5469
vt 0.0781 0.5625
vt 0.0469 0.5625
vt 0.0469 0.5469
vt 0.0781 0.5469
vt 0.0781 0.5313
vt 0.0469 0.5313
vt 0.0781 0.5625
vt 0.0469 0.5625
vt 0.0469 0.5313
vt 0.0781 0.5313
vt 0.0781 0.5625
vt 0.0625 0.5625
vt 0.0625 0.5313
vt 0.0781 0.5313
vt 0.0625 0.5625
vt 0.0469 0.5625
vt 0.0469 0.5313
vt 0.0625 0.5313
vt 0.0469 0.5469
vt 0.0781 0.5469
vt 0.0781 0.5625
vt 0.0469 0.5625
vt 0.0469 0.5469
vt 0.0781 0.5469
vt 0.0781 0.5313
vt 0.0469 0.5313
vt 0.0781 0.5625
vt 0.0469 0.5625
vt 0.0469 0.5313
vt 0.0781 0.5313
vt 0.25 0.0625
vt 0.2344 0.0625
vt 0.2344 0.125
vt 0.25 0.125
vt 0 0.0156
vt 0.25 0.0156
vt 0.25 0
vt 0 0
vt 0 0.0156
vt 0.25 0.0156
vt 0.25 0
vt 0 0
vt 0.25 0.125
vt 0 0.125
vt 0 0.1875
vt 0.25 0.1875
vt 0 0.0625
vt 0.25 0.0625
vt 0.25 0
vt 0 0
vt 0.2344 0.0625
vt 0.25 0.0625
vt 0.25 0
vt 0.2344 0
vt 0.25 0.0625
vt 0.2344 0.0625
vt 0.2344 0.125
vt 0.25 0.125
vt 0 0.0156
vt 0.25 0.0156
vt 0.25 0
vt 0 0
vt 0 0.0156
vt 0.25 0.0156
vt 0.25 0
vt 0 0
vt 0 0.0625
vt 0.25 0.0625
vt 0.25 0
vt 0 0
vt 0.2344 0.0625
vt 0.25 0.0625
vt 0.25 0
vt 0.2344 0
vt 0.25 0.125
vt 0 0.125
vt 0 0.1875
vt 0.25 0.1875
vt 0.2344 0.8125
vt 0.25 0.8125
vt 0.25 0.7344
vt 0.2344 0.7344
vt 0.2344 0.8125
vt 0.25 0.8125
vt 0.25 0.7344
vt 0.2344 0.7344
vt 0.2344 0.8125
vt 0.3125 0.8125
vt 0.3125 0.7969
vt 0.2344 0.7969
vt 0.2344 0.8125
vt 0.3125 0.8125
vt 0.3125 0.7344
vt 0.2344 0.7344
vt 0.5469 0.9375
vt 0.1875 0.9375
vt 0.1875 1
vt 0.5469 1
vt 0.0625 1
vt 0.9375 1
vt 0.9375 0.875
vt 0.0625 0.875
vt 0 1
vt 0.875 1
vt 0.875 0.875
vt 0 0.875
vt 0.3906 0.6406
vt 0.3906 1
vt 0.75 1
vt 0.75 0.6406
vt 0.5 1
vt 0.5 0.6406
vt 0.125 0.6406
vt 0.125 1
vt 0.0625 1
vt 0.9375 1
vt 0.9375 0
vt 0.0625 0
vt 0.9375 0
vt 0.0625 0
vt 0.0625 1
vt 0.9375 1
vt 0 0.25
vt 0.3125 0.25
vt 0.3125 0.0938
vt 0 0.0938
vt 0 0.25
vt 0.3125 0.25
vt 0.3125 0.0938
vt 0 0.0938
vt 0.4375 1
vt 0.875 1
vt 0.875 0.6875
vt 0.4375 0.6875
vt 0.4375 1
vt 0.875 1
vt 0.875 0.6875
vt 0.4375 0.6875
vt 0.4375 0.5313
vt 0.875 0.5313
vt 0.875 0.375
vt 0.4375 0.375
vt 0.4375 0.6875
vt 0.875 0.6875
vt 0.875 0.5313
vt 0.4375 0.5313
vt 0.1719 0.9844
vt 0.4219 0.9844
vt 0.4219 0.9375
vt 0.1719 0.9375
vt 0.1719 1
vt 0.4219 1
vt 0.4219 0.9531
vt 0.1719 0.9531
vt 0.0781 0.5625
vt 0.2656 0.5625
vt 0.2656 0.375
vt 0.0781 0.375
vt 0.0781 0.5625
vt 0.2656 0.5625
vt 0.2656 0.375
vt 0.0781 0.375
vt 0.0781 0.5625
vt 0.2656 0.5625
vt 0.2656 0.375
vt 0.0781 0.375
vt 0.0781 0.5625
vt 0.2656 0.5625
vt 0.2656 0.375
vt 0.0781 0.375
vt 1 0.2656
vt 1 0.5156
vt 0.9531 0.5156
vt 0.9531 0.2656
vt 1 0.5156
vt 1 0.2656
vt 0.9531 0.2656
vt 0.9531 0.5156
vt 1 0.25
vt 1 0.5
vt 0.9531 0.5
vt 0.9531 0.25
vt 0.2656 0.375
vt 0.2656 0.5625
vt 0.0781 0.5625
vt 0.0781 0.375
vt 0.2656 0.375
vt 0.2656 0.5625
vt 0.0781 0.5625
vt 0.0781 0.375
vt 0.2656 0.375
vt 0.2656 0.5625
vt 0.0781 0.5625
vt 0.0781 0.375
vt 0.2656 0.375
vt 0.2656 0.5625
vt 0.0781 0.5625
vt 0.0781 0.375
vt 0.0313 0.9375
vt 0.0313 0.9844
vt 0.0156 0.9844
vt 0.0156 0.9375
vt 0.9844 0.6719
vt 1 0.6719
vt 1 0.4219
vt 0.9844 0.4219
vt 0.6875 0.875
vt 0.5625 0.875
vt 0.5625 0.25
vt 0.6875 0.25
vt 0.6875 0.6875
vt 0.5625 0.6875
vt 0.5625 0.0625
vt 0.6875 0.0625
vt 0.0938 0.2813
vt 0.0938 0.1875
vt 0.25 0.1875
vt 0.25 0.2813
vt 0.0938 0.2813
vt 0.0938 0.1875
vt 0.25 0.1875
vt 0.25 0.2813
vt 0.0938 0.1875
vt 0.25 0.1875
vt 0.25 0.2813
vt 0.0938 0.2813
vt 0.0938 0.2813
vt 0.25 0.2813
vt 0.25 0.1875
vt 0.0938 0.1875
vt 0.5156 0.2188
vt 0.6719 0.2188
vt 0.6719 0.0625
vt 0.5156 0.0625
vt 0.0938 0.2813
vt 0.0938 0.1875
vt 0.25 0.1875
vt 0.25 0.2813
vt 0.0938 0.2813
vt 0.0938 0.1875
vt 0.25 0.1875
vt 0.25 0.2813
vt 0.0938 0.1875
vt 0.25 0.1875
vt 0.25 0.2813
vt 0.0938 0.2813
vt 0.0938 0.2813
vt 0.25 0.2813
vt 0.25 0.1875
vt 0.0938 0.1875
vt 0.5156 0.2188
vt 0.6719 0.2188
vt 0.6719 0.0625
vt 0.5156 0.0625
vt 0.5156 0.2188
vt 0.6719 0.2188
vt 0.6719 0.0625
vt 0.5156 0.0625
vt 0.0938 0.25
vt 0.25 0.25
vt 0.25 0.2813
vt 0.0938 0.2813
vt 0.25 0.2188
vt 0.0938 0.2188
vt 0.0938 0.1875
vt 0.25 0.1875
vt 0.25 0.25
vt 0.0938 0.25
vt 0.0938 0.2813
vt 0.25 0.2813
vt 0.0938 0.25
vt 0.25 0.25
vt 0.25 0.2813
vt 0.0938 0.2813
vn 1 0 0
vn 0 0 -1
vn 0 0 1
vn 0 1 0
vn -1 0 0
vn 1 0 0
vn 0 1 0
vn 0 0 -1
vn 0 0 1
vn 0 1 0
vn -1 0 0
vn -1 0 0
vn 1 0 0
vn 0 1 0
vn 0 0 1
vn -1 0 0
vn 1 0 0
vn 0 1 0
vn 0 0 -1
vn -1 0 0
vn 1 0 0
vn 0 1 0
vn -1 0 0
vn 1 0 0
vn 0 1 0
vn -1 0 0
vn 1 0 0
vn 0 1 0
vn 0 0 1
vn 0 0 -1
vn 0 0 1
vn 0 1 0
vn 0.89 0.45 0
vn 0 1 0
vn 1 0 0
vn 0 0 1
vn 0 0.8 -0.6
vn 1 0.03 -0.02
vn -1 0 0
vn 0 0.8 0.6
vn -1 0 0
vn 1 0 0
vn 0 0 -1
vn 0 0 1
vn 0 1 0
vn 0.89 0.45 0
vn 0 1 0
vn 1 0 0
vn 0 0 -1
vn 0.56 -0.16 -0.81
vn -0.56 0.16 0.81
vn 0 0.98 -0.19
vn 0.83 0.11 0.55
vn -0.83 -0.11 -0.55
vn 0 0.14 -0.99
vn 0 -0.14 0.99
vn 0 0.99 0.14
vn 1 0 0
vn -1 0 0
vn 0 1 0
vn 0 1 0
vn 0.92 0 0.39
vn -0.92 0 -0.39
vn -0.92 0 -0.39
vn 0.92 0 0.39
vn 0 1 0
vn 0.39 0 -0.92
vn -0.39 0 0.92
vn 0 1 0
vn 0.92 0 0.39
vn -0.92 0 -0.39
vn -0.92 0 -0.39
vn 0.92 0 0.39
vn 0 1 0
vn 0.39 0 -0.92
vn -0.39 0 0.92
vn 0.03 -1 0
vn -0.03 1 0
vn 0.26 0.01 -0.97
vn -0.26 -0.01 0.97
vn 0.97 0.03 0.26
vn -0.97 -0.03 -0.26
vn -0.03 1 0
vn 0 0 -1
vn 0 0 1
vn 1 0.03 0
vn -1 -0.03 0
vn -0.03 1 0
vn -0.17 -0.01 -0.98
vn 0.17 0.01 0.98
vn 0.98 0.03 -0.17
vn -0.98 -0.03 0.17
vn 0.99 0 -0.1
vn -0.99 0 0.1
vn -0.1 0 -0.99
vn 0.1 0 0.99
vn 0 1 0
vn 0.99 0 -0.1
vn -0.99 0 0.1
vn -0.1 0 -0.99
vn 0.1 0 0.99
vn 0 1 0
vn 0 -1 0
vn 0.99 0 -0.1
vn -0.99 0 0.1
vn -0.1 0 -0.99
vn 0.1 0 0.99
vn 0 1 0
vn 0 -1 0
vn -0.11 0 -0.99
vn 0.11 0 0.99
vn 0.99 0 -0.11
vn -0.99 0 0.11
vn 0.03 0 -1
vn -0.03 0 1
vn -1 0 -0.03
vn 1 0 0.03
vn 0 1 0
vn 0 -1 0
vn 0.37 0 -0.93
vn -0.37 0 0.93
vn -0.93 0 -0.37
vn 0.93 0 0.37
vn 0 1 0
vn 0 -1 0
vn 0.81 0 -0.58
vn -0.81 0 0.58
vn -0.58 0 -0.81
vn 0.58 0 0.81
vn 0 1 0
vn 0 -1 0
vn 0.03 0 -1
vn -0.03 0 1
vn -1 0 -0.03
vn 1 0 0.03
vn 0 1 0
vn -1 0.02 0
vn 0 1 0
vn -1 0.02 0
vn 0 1 0
vn 0 -0.5 -0.87
vn 0 0.5 0.87
vn 1 0 0
vn -1 0 0
vn 0 -0.5 -0.87
vn 0 0.5 0.87
vn 1 0 0
vn -1 0 0
vn 1 0 0
vn -1 0 0
vn 0 0 -1
vn 0 1 0
vn 0 -1 0
vn 0 0 -1
vn 0 0 1
vn 0 1 0
vn 1 0 0
vn -1 0 0
vn 0 0 -1
vn 0 0 1
vn 0 1 0
vn 1 0 0
vn -1 0 0
vn 0 0 -1
vn 0 0 1
vn 0 1 0
vn 1 0 0
vn -1 0 0
vn 0 0 -1
vn 0 0 1
vn 0 1 0
vn 1 0 0
vn -1 0 0
vn 1 0 0
vn 0 1 0
vn 0 0 -1
vn 1 0 0
vn 0 1 0
vn -1 0 0
vn 0 1 0
vn 0 0 1
vn -1 0 0
vn 1 0 0
vn 0 1 0
vn -1 0 0
vn 1 0 0
vn 0 1 0
vn -1 0 0
vn 1 0 0
vn 0 1 0
vn 0 0 1
vn -1 0 0
vn 0 1 0
vn -1 0 0
vn 1 0 0
vn 0 1 0
vn 0 0 -1
vn -1 0 0
vn 1 0 0
vn 0 1 0
vn 0 0 -1
vn 0 1 0
vn 0 0 1
vn 0 1 0
vn 1 0 0
vn 0 1 0
vn 0 0 -1
vn -1 0 0
vn 1 0 0
vn 0 1 0
vn 0 -1 0
vn 0 0 1
vn -1 0 0
vn 1 0 0
vn 0 1 0
vn 0 -1 0
vn 0 0 -1
vn 0 0 -1
vn 0 0 1
vn 0 1 0
vn 0 -1 0
vn 1 0 0
vn -1 0 0
vn -1 0 0
vn 1 0 0
vn 0 1 0
vn 0 -1 0
vn 0 0 -1
vn 0 0 1
vn -1 0 0
vn -1 0 0
vn 1 0 0
vn 0 1 0
vn 0 -1 0
vn 0 0 -1
vn 0 0 1
vn -1 0 0
vn 1 0 0
vn 0 1 0
vn 0 -1 0
vn 0 0 -1
vn -1 0 0
vn 1 0 0
vn 0 1 0
vn 0 -1 0
vn 0 0 -1
vn -1 0 0
vn 1 0 0
vn 0 1 0
vn 0 -1 0
vn 0 0 -1
vn -1 0 0
vn 1 0 0
vn 0 1 0
vn 0 -1 0
vn 0 0 -1
vn 0 0 1
vn 0 0 -1
vn 0 0 1
vn 1 0 0
vn -1 0 0
vn 0 0 -1
vn 0 0 1
vn 1 0 0
vn -1 0 0
vn 0 -1 0
vn -1 0 0
vn 0 0 -1
vn 0 0 1
vn 0 1 0
vn 0 -1 0
vn 1 0 0
vn 0 0 -1
vn 0 0 1
vn 0 1 0
vn 0 -1 0
vn 1 0 0
vn 0 0 -1
vn -1 0 0
vn -1 0 0
vn 0 0 -1
vn -1 0 0
vn 0 0 1
vn 1 0 0
vn 0 1 0
vn 1 0 0
vn 0 1 0
vn 1 0 0
vn 0 0 1
vn 1 0 0
vn 0 0 1
vn 0 1 0
vn 0 1 0
vn 0 0 1
vn 0 0 -1
vn 1 0 0
vn 0 1 0
vn 1 0 0
vn 0 1 0
vn 1 0 0
vn 0 0 -1
vn 1 0 0
vn 0 0 -1
vn 0 -1 0
vn 1 0 0
vn 0 -1 0
vn 1 0 0
vn 0 0 1
vn 0 -1 0
vn 1 0 0
vn 0 -1 0
vn 1 0 0
vn 0 0 -1
vn 0 -1 0
vn -1 0 0
vn 0 -1 0
vn -1 0 0
vn 0 0 1
vn 0 -1 0
vn -1 0 0
vn 0 -1 0
vn -1 0 0
vn 0 1 0
vn 0 1 0
vn 0 1 0
vn 0 1 0
vn 0 1 0
vn 0 1 0
vn -1 0 -0.01
vn 0 0 1
vn 0 0 -1
vn 1 0 0
vn -1 0 0
vn 0 1 0
vn 0 0 1
vn 0 0 -1
vn 0 0 -1
vn 0 0 1
vn -1 0 0
vn 0 -1 0
vn 0 1 0
vn 0 0 -1
vn 0 0 1
vn 1 0.02 0
vn -1 -0.02 0
vn 0 0 -1
vn 0 0 1
vn 0 1 0
vn 0 -1 0
vn 1 0 0
vn -1 0 0
vn 0 0 1
vn 0 1 0
vn 0 -1 0
vn 0 0 -1
vn 0 0 1
vn 0 1 0
vn 0 -1 0
vn 1 0 0
vn -1 0 0
vn 0 -1 0
vn 0 1 0
vn 1 0 0
vn 0 -1 0
vn 0 1 0
vn 1 0 0
vn 1 0 0
vn 0 -1 0
vn 0 1 0
vn 0 -1 0
vn 0 0 -1
vn 0 0 1
vn 0 1 0
vn 0 0 -1
vn 0 0 1
vn 0 1 0
vn 0 -1 0
vn 1 0 0
vn -1 0 0
vn 0 0 -1
vn 0 0 1
vn 0 1 0
vn 1 0 0
vn -1 0 0
vn 0 1 0
vn 0 -1 0
vn 1 0 0
vn -1 0 0
vn 0 0 -1
vn 0 0 1
vn 0 1 0
vn 0 0 -1
vn 0 0 1
vn 0 1 0
vn -1 0 0
vn 0 0 -1
vn 0 0 1
vn 0 1 0
vn -1 0 0
vn -0.94 0.34 0
vn 0.94 -0.34 0
vn 0.34 0.94 0
vn -0.34 -0.94 0
vn 0 0 -1
vn 0 0 -1
vn 0 0 1
vn 0.38 0.92 0
vn -0.38 -0.92 0
vn -0.92 0.38 0
vn 0 0 -1
vn 0 0 1
vn 0.38 0.92 0
vn -0.38 -0.92 0
vn -0.92 0.38 0
vn 0 0 -1
vn 0 0 1
vn 0.38 0.92 0
vn -0.38 -0.92 0
vn -0.92 0.38 0
vn 0 0 -1
vn 0 0 1
vn 0 1 0
vn 0 -1 0
vn 1 0 0
vn -0.93 0.37 0
vn -0.93 0.37 0
vn 0 -1 0
vn 1 0 0
vn 0 1 0
vn 0 0 -1
vn 0 0 1
vn 0 1 0
vn 0 0 -1
vn 0 0 1
vn -1 0 0
vn 0.32 -0.95 0
vn 0 0 -1
vn 0 0 1
vn 0 1 0
vn 0 -1 0
vn -1 0 0
vn 0 0 -1
vn 0 0.95 -0.32
vn -1 0 0
vn 0 0 -1
vn 0 0 1
vn 0 1 0
vn 0 -1 0
vn -1 0 0
vn 0 0 -1
vn 0 -0.89 -0.45
vn 1 0 0
vn -1 0 0
vn 0 0 -1
vn 0 0 1
vn 1 0 0
vn -1 0 0
vn 0 1 0
vn 0 -1 0
vn 1 0 0
vn -1 0 0
vn 0 1 0
vn -1 0 0
vn 0 1 0
vn 0 1 0
vn -1 0 0
vn 0 1 0
vn -1 0 0
vn -1 0 0
vn 0 0 -1
vn 0 0 1
vn 0 1 0
vn 0 -1 0
vn -1 0 0
vn 0 0 -1
vn 0 0 1
vn 0 1 0
vn 0 -1 0
vn -1 0 0
vn 1 0 0
vn -1 0 0
vn 0 1 0
vn 0 -1 0
vn 0 0 1
vn 1 0 0
vn -1 0 0
vn 0 1 0
vn 0 -1 0
vn 0 0 1
vn 0 0 1
vn 0 0.95 0.32
vn 1 0 0
vn -1 0 0
vn 0 0 -1
vn 0 0 1
vn 1 0 0
vn -1 0 0
vn 0 0 -1
vn 0 0 1
vn 0 1 0
vn 0 -1 0
vn 0 0 -1
vn 0 0 1
vn -1 0 0
vn -0.55 -0.83 0
vn 0 0 1
vn 0 1 0
vn 0 -1 0
vn 0.83 0 0.55
vn 0.91 0 0.42
vn -0.91 0 -0.42
vn 0 1 0
vn 0 -1 0
vn -0.42 0 0.91
vn 0.42 0 -0.91
vn 0.77 0 -0.64
vn -0.77 0 0.64
vn 0 1 0
vn 0 -1 0
vn 0.64 0 0.77
vn -0.64 0 -0.77
vn 0.22 0 0.98
vn -0.22 0 -0.98
vn 0 1 0
vn 0 -1 0
vn -0.98 0 0.22
vn 0.98 0 -0.22
vn 0.54 0 0.84
vn -0.54 0 -0.84
vn 0 1 0
vn 0 -1 0
vn -0.84 0 0.54
vn 0.84 0 -0.54
vn -1 0 0
vn -1 0 0
vn 0 1 0
vn 0 0.02 -1
vn 0 -0.02 1
vn -0.71 0.71 0.01
vn 0.71 0.71 0.01
vn -0.71 -0.71 -0.01
vn 0 0.02 -1
vn 0 -0.02 1
vn 0.71 0.71 0.01
vn -0.71 -0.71 -0.01
vn 0.71 -0.71 -0.01
vn -0.71 0.71 0.01
vn 0 0 -1
vn 0 0 1
vn 0 1 0
vn 0 -1 0
vn -1 0 0
vn 0 0 -1
vn 0 0 1
vn 0 1 0
vn 0 -1 0
vn -1 0 0
vn 0 0 -1
vn 0 1 0
vn 0 -1 0
vn -1 0.01 0
vn -1 0 0
vn 0 0 -1
vn 0 0 1
vn 0 1 0
vn 0 -1 0
vn -1 -0.01 0
vn 0 0 1
vn -1 0.01 0
vn 0 0 -1
vn 0 0 1
vn 0 -1 0
vn -1 0 0
vn -1 0 0
vn 0 0 -1
vn 1 0 0
vn 0 1 0
vn 0 1 0
vn 0 -1 0
vn 0 1 0
vn -1 0 0.04
vn 1 0 -0.04
vn 0 1 0
vn 0 -1 0
vn -0.04 0 -1
vn 0.04 0 1
vn 1 0 0
vn 1 0 0
vn 0 0 -1
vn 0 0 -1
vn -1 0 0
vn -1 0 0
vn -1 0 0
vn -1 0 0
vn -1 0 0
vn 0 0 1
vn 0 0 1
vn 1 0 0
vn 1 0 0
vn 0 0 1
vn 0 1 0
vn -1 0 0
vn -1 0 0
vn 0 0 -1
vn 0 0 1
vn -1 0 0
vn 1 0 0
vn 0 1 0
vn 0 0 -1
vn 0 0 1
vn -1 0 0
vn 1 0 0
vn 0 1 0
vn 0 1 0
vn -1 0 0
vn 0 0 1
vn 1 0 0
vn 0 0 -1
usemtl common_steel
f 4/3/1 2/2/1 1/1/1
f 3/4/1 4/3/1 1/1/1
f 1/7/2 2/6/2 6/5/2
f 5/8/2 1/7/2 6/5/2
f 4/11/3 3/10/3 7/9/3
f 8/12/3 4/11/3 7/9/3
f 3/15/4 1/14/4 5/13/4
f 7/16/4 3/15/4 5/13/4
f 12/19/5 10/18/5 9/17/5
f 11/20/5 12/19/5 9/17/5
usemtl common_rough_steel
f 15/23/6 13/22/6 14/21/6
f 16/24/6 15/23/6 14/21/6
usemtl common_steel
f 9/27/7 10/26/7 14/25/7
f 13/28/7 9/27/7 14/25/7
f 20/31/8 18/30/8 17/29/8
f 19/32/8 20/31/8 17/29/8
usemtl common_rough_steel
f 22/35/9 21/34/9 9/33/9
f 11/36/9 22/35/9 9/33/9
usemtl common_steel
f 17/39/10 18/38/10 9/37/10
f 21/40/10 17/39/10 9/37/10
f 11/43/11 9/42/11 18/41/11
f 20/44/11 11/43/11 18/41/11
f 22/47/12 21/46/12 23/45/12
f 24/48/12 22/47/12 23/45/12
usemtl common_rough_steel
f 823/51/13 25/50/13 26/49/13
f 27/52/13 823/51/13 26/49/13
usemtl common_steel
f 23/55/14 21/54/14 26/53/14
f 25/56/14 23/55/14 26/53/14
usemtl common_rough_steel
f 27/59/15 26/58/15 21/57/15
f 22/60/15 27/59/15 21/57/15
usemtl common_steel
f 24/63/16 23/62/16 28/61/16
f 29/64/16 24/63/16 28/61/16
usemtl common_rough_steel
f 31/67/17 30/66/17 25/65/17
f 823/68/17 31/67/17 25/65/17
usemtl common_steel
f 28/71/18 23/70/18 25/69/18
f 30/72/18 28/71/18 25/69/18
f 29/75/19 28/74/19 30/73/19
f 31/76/19 29/75/19 30/73/19
f 33/79/20 32/78/20 10/77/20
f 12/80/20 33/79/20 10/77/20
usemtl common_rough_steel
f 16/83/21 14/82/21 34/81/21
f 35/84/21 16/83/21 34/81/21
usemtl common_steel
f 10/87/22 32/86/22 34/85/22
f 14/88/22 10/87/22 34/85/22
f 37/91/23 36/90/23 32/89/23
f 33/92/23 37/91/23 32/89/23
f 35/95/24 34/94/24 38/93/24
f 39/96/24 35/95/24 38/93/24
f 32/99/25 36/98/25 38/97/25
f 34/100/25 32/99/25 38/97/25
f 41/103/26 40/102/26 36/101/26
f 37/104/26 41/103/26 36/101/26
usemtl common_rough_steel
f 39/107/27 38/106/27 42/105/27
f 43/108/27 39/107/27 42/105/27
usemtl common_steel
f 36/111/28 40/110/28 42/109/28
f 38/112/28 36/111/28 42/109/28
f 43/115/29 42/114/29 40/113/29
f 41/116/29 43/115/29 40/113/29
usemtl common_copper_cable
f 47/119/30 45/118/30 44/117/30
f 46/120/30 47/119/30 44/117/30
f 50/123/31 48/122/31 49/121/31
f 828/124/31 50/123/31 49/121/31
f 44/127/32 45/126/32 49/125/32
f 48/128/32 44/127/32 49/125/32
f 46/131/33 44/130/33 48/129/33
f 50/132/33 46/131/33 48/129/33
f 51/135/34 827/134/34 828/133/34
f 50/136/34 51/135/34 828/133/34
f 52/139/35 51/138/35 50/137/35
f 53/140/35 52/139/35 50/137/35
f 50/143/36 828/142/36 830/141/36
f 53/144/36 50/143/36 830/141/36
f 54/147/37 55/146/37 827/145/37
f 51/148/37 54/147/37 827/145/37
f 56/151/38 54/150/38 51/149/38
f 52/152/38 56/151/38 51/149/38
f 829/155/39 827/154/39 55/153/39
f 57/156/39 829/155/39 55/153/39
f 55/159/40 54/158/40 58/157/40
f 832/160/40 55/159/40 58/157/40
f 57/163/41 55/162/41 832/161/41
f 834/164/41 57/163/41 832/161/41
f 59/167/42 58/166/42 54/165/42
f 56/168/42 59/167/42 54/165/42
f 831/171/43 61/170/43 60/169/43
f 62/172/43 831/171/43 60/169/43
f 65/175/44 63/174/44 64/173/44
f 66/176/44 65/175/44 64/173/44
f 60/179/45 61/178/45 64/177/45
f 63/180/45 60/179/45 64/177/45
f 62/183/46 60/182/46 63/181/46
f 65/184/46 62/183/46 63/181/46
f 62/187/47 831/186/47 832/185/47
f 58/188/47 62/187/47 832/185/47
f 67/191/48 62/190/48 58/189/48
f 59/192/48 67/191/48 58/189/48
f 67/195/49 833/194/49 831/193/49
f 62/196/49 67/195/49 831/193/49
usemtl ammunition_workshop
f 71/199/50 69/198/50 68/197/50
f 70/200/50 71/199/50 68/197/50
f 74/203/51 72/202/51 73/201/51
f 75/204/51 74/203/51 73/201/51
f 68/207/52 69/206/52 73/205/52
f 72/208/52 68/207/52 73/205/52
f 70/211/53 68/210/53 72/209/53
f 74/212/53 70/211/53 72/209/53
f 75/215/54 73/214/54 69/213/54
f 71/216/54 75/215/54 69/213/54
f 79/219/55 77/218/55 76/217/55
f 78/220/55 79/219/55 76/217/55
f 82/223/56 80/222/56 81/221/56
f 83/224/56 82/223/56 81/221/56
f 76/227/57 77/226/57 81/225/57
f 80/228/57 76/227/57 81/225/57
f 78/231/58 76/230/58 80/229/58
f 82/232/58 78/231/58 80/229/58
f 83/235/59 81/234/59 77/233/59
f 79/236/59 83/235/59 77/233/59
usemtl common_steel
f 84/239/60 85/238/60 87/237/60
f 86/240/60 84/239/60 87/237/60
f 88/243/61 89/242/61 92/241/61
f 91/244/61 88/243/61 92/241/61
f 85/247/62 88/246/62 91/245/62
f 87/248/62 85/247/62 91/245/62
f 93/251/63 92/250/63 89/249/63
f 90/252/63 93/251/63 89/249/63
f 95/255/64 94/254/64 92/253/64
f 93/256/64 95/255/64 92/253/64
f 98/259/65 96/258/65 97/257/65
f 99/260/65 98/259/65 97/257/65
f 92/263/66 94/262/66 97/261/66
f 96/264/66 92/263/66 97/261/66
f 93/267/67 92/266/67 96/265/67
f 98/268/67 93/267/67 96/265/67
f 99/271/68 97/270/68 94/269/68
f 95/272/68 99/271/68 94/269/68
f 100/275/69 101/274/69 103/273/69
f 96/276/69 100/275/69 103/273/69
f 102/279/70 100/278/70 96/277/70
f 98/280/70 102/279/70 96/277/70
f 86/283/71 103/282/71 101/281/71
f 84/284/71 86/283/71 101/281/71
f 90/287/72 89/286/72 104/285/72
f 105/288/72 90/287/72 104/285/72
f 107/291/73 106/290/73 100/289/73
f 102/292/73 107/291/73 100/289/73
f 104/295/74 89/294/74 100/293/74
f 106/296/74 104/295/74 100/293/74
f 105/299/75 104/298/75 106/297/75
f 107/300/75 105/299/75 106/297/75
f 102/303/76 100/302/76 89/301/76
f 90/304/76 102/303/76 89/301/76
usemtl ammunition_workshop
f 112/307/77 110/306/77 109/305/77
f 111/308/77 112/307/77 109/305/77
f 115/311/78 113/310/78 114/309/78
f 116/312/78 115/311/78 114/309/78
f 109/315/79 110/314/79 114/313/79
f 113/316/79 109/315/79 114/313/79
f 112/319/80 111/318/80 115/317/80
f 116/320/80 112/319/80 115/317/80
f 111/323/81 109/322/81 113/321/81
f 115/324/81 111/323/81 113/321/81
f 116/327/82 114/326/82 110/325/82
f 112/328/82 116/327/82 110/325/82
f 123/331/83 121/330/83 122/329/83
f 124/332/83 123/331/83 122/329/83
f 117/335/84 118/334/84 122/333/84
f 121/336/84 117/335/84 122/333/84
f 120/339/85 119/338/85 123/337/85
f 124/340/85 120/339/85 123/337/85
f 119/343/86 117/342/86 121/341/86
f 123/344/86 119/343/86 121/341/86
f 124/347/87 122/346/87 118/345/87
f 120/348/87 124/347/87 118/345/87
f 131/351/88 129/350/88 130/349/88
f 132/352/88 131/351/88 130/349/88
f 125/355/89 126/354/89 130/353/89
f 129/356/89 125/355/89 130/353/89
f 128/359/90 127/358/90 131/357/90
f 132/360/90 128/359/90 131/357/90
f 127/363/91 125/362/91 129/361/91
f 131/364/91 127/363/91 129/361/91
f 132/367/92 130/366/92 126/365/92
f 128/368/92 132/367/92 126/365/92
f 138/371/93 136/370/93 135/369/93
f 137/372/93 138/371/93 135/369/93
f 141/375/94 139/374/94 140/373/94
f 142/376/94 141/375/94 140/373/94
f 135/379/95 136/378/95 140/377/95
f 139/380/95 135/379/95 140/377/95
f 138/383/96 137/382/96 141/381/96
f 142/384/96 138/383/96 141/381/96
f 137/387/97 135/386/97 139/385/97
f 141/388/97 137/387/97 139/385/97
f 146/391/98 144/390/98 143/389/98
f 145/392/98 146/391/98 143/389/98
f 149/395/99 147/394/99 148/393/99
f 150/396/99 149/395/99 148/393/99
f 143/399/100 144/398/100 148/397/100
f 147/400/100 143/399/100 148/397/100
f 146/403/101 145/402/101 149/401/101
f 150/404/101 146/403/101 149/401/101
f 145/407/102 143/406/102 147/405/102
f 149/408/102 145/407/102 147/405/102
f 150/411/103 148/410/103 144/409/103
f 146/412/103 150/411/103 144/409/103
f 154/415/104 152/414/104 151/413/104
f 153/416/104 154/415/104 151/413/104
f 157/419/105 155/418/105 156/417/105
f 158/420/105 157/419/105 156/417/105
f 151/423/106 152/422/106 156/421/106
f 155/424/106 151/423/106 156/421/106
f 154/427/107 153/426/107 157/425/107
f 158/428/107 154/427/107 157/425/107
f 153/431/108 151/430/108 155/429/108
f 157/432/108 153/431/108 155/429/108
f 158/435/109 156/434/109 152/433/109
f 154/436/109 158/435/109 152/433/109
f 162/439/110 160/438/110 159/437/110
f 161/440/110 162/439/110 159/437/110
f 165/443/111 163/442/111 164/441/111
f 166/444/111 165/443/111 164/441/111
f 159/447/112 160/446/112 164/445/112
f 163/448/112 159/447/112 164/445/112
f 162/451/113 161/450/113 165/449/113
f 166/452/113 162/451/113 165/449/113
f 170/455/114 168/454/114 167/453/114
f 169/456/114 170/455/114 167/453/114
f 173/459/115 171/458/115 172/457/115
f 174/460/115 173/459/115 172/457/115
f 167/463/116 168/462/116 172/461/116
f 171/464/116 167/463/116 172/461/116
f 170/467/117 169/466/117 173/465/117
f 174/468/117 170/467/117 173/465/117
f 169/471/118 167/470/118 171/469/118
f 173/472/118 169/471/118 171/469/118
f 174/475/119 172/474/119 168/473/119
f 170/476/119 174/475/119 168/473/119
f 178/479/120 176/478/120 175/477/120
f 177/480/120 178/479/120 175/477/120
f 181/483/121 179/482/121 180/481/121
f 182/484/121 181/483/121 180/481/121
f 175/487/122 176/486/122 180/485/122
f 179/488/122 175/487/122 180/485/122
f 178/491/123 177/490/123 181/489/123
f 182/492/123 178/491/123 181/489/123
f 177/495/124 175/494/124 179/493/124
f 181/496/124 177/495/124 179/493/124
f 182/499/125 180/498/125 176/497/125
f 178/500/125 182/499/125 176/497/125
f 186/503/126 184/502/126 183/501/126
f 185/504/126 186/503/126 183/501/126
f 189/507/127 187/506/127 188/505/127
f 190/508/127 189/507/127 188/505/127
f 183/511/128 184/510/128 188/509/128
f 187/512/128 183/511/128 188/509/128
f 186/515/129 185/514/129 189/513/129
f 190/516/129 186/515/129 189/513/129
f 185/519/130 183/518/130 187/517/130
f 189/520/130 185/519/130 187/517/130
f 190/523/131 188/522/131 184/521/131
f 186/524/131 190/523/131 184/521/131
f 194/527/132 192/526/132 191/525/132
f 193/528/132 194/527/132 191/525/132
f 197/531/133 195/530/133 196/529/133
f 198/532/133 197/531/133 196/529/133
f 191/535/134 192/534/134 196/533/134
f 195/536/134 191/535/134 196/533/134
f 194/539/135 193/538/135 197/537/135
f 198/540/135 194/539/135 197/537/135
f 193/543/136 191/542/136 195/541/136
f 197/544/136 193/543/136 195/541/136
f 199/547/137 200/546/137 203/545/137
f 202/548/137 199/547/137 203/545/137
f 201/551/138 199/550/138 202/549/138
f 204/552/138 201/551/138 202/549/138
f 200/555/139 199/554/139 206/553/139
f 207/556/139 200/555/139 206/553/139
f 199/559/140 201/558/140 205/557/140
f 206/560/140 199/559/140 205/557/140
usemtl common_steel
f 211/563/141 209/562/141 208/561/141
f 210/564/141 211/563/141 208/561/141
f 214/567/142 212/566/142 213/565/142
f 215/568/142 214/567/142 213/565/142
f 210/571/143 208/570/143 212/569/143
f 214/572/143 210/571/143 212/569/143
f 215/575/144 213/574/144 209/573/144
f 211/576/144 215/575/144 209/573/144
f 219/579/145 217/578/145 216/577/145
f 218/580/145 219/579/145 216/577/145
f 222/583/146 220/582/146 221/581/146
f 223/584/146 222/583/146 221/581/146
f 218/587/147 216/586/147 220/585/147
f 222/588/147 218/587/147 220/585/147
f 223/591/148 221/590/148 217/589/148
f 219/592/148 223/591/148 217/589/148
f 227/595/149 225/594/149 224/593/149
f 226/596/149 227/595/149 224/593/149
f 230/599/150 228/598/150 229/597/150
f 231/600/150 230/599/150 229/597/150
f 224/603/151 225/602/151 229/601/151
f 228/604/151 224/603/151 229/601/151
f 226/607/152 224/606/152 228/605/152
f 230/608/152 226/607/152 228/605/152
f 231/611/153 229/610/153 225/609/153
f 227/612/153 231/611/153 225/609/153
f 235/615/154 233/614/154 232/613/154
f 234/616/154 235/615/154 232/613/154
f 238/619/155 236/618/155 237/617/155
f 239/620/155 238/619/155 237/617/155
f 232/623/156 233/622/156 237/621/156
f 236/624/156 232/623/156 237/621/156
f 234/627/157 232/626/157 236/625/157
f 238/628/157 234/627/157 236/625/157
f 239/631/158 237/630/158 233/629/158
f 235/632/158 239/631/158 233/629/158
f 242/635/159 241/634/159 240/633/159
f 108/636/159 242/635/159 240/633/159
f 245/639/160 243/638/160 244/637/160
f 246/640/160 245/639/160 244/637/160
f 240/643/161 241/642/161 244/641/161
f 243/644/161 240/643/161 244/641/161
f 108/647/162 240/646/162 243/645/162
f 245/648/162 108/647/162 243/645/162
f 246/651/163 244/650/163 241/649/163
f 242/652/163 246/651/163 241/649/163
f 250/655/164 248/654/164 247/653/164
f 249/656/164 250/655/164 247/653/164
f 821/659/165 251/658/165 252/657/165
f 253/660/165 821/659/165 252/657/165
f 247/663/166 248/662/166 252/661/166
f 251/664/166 247/663/166 252/661/166
f 249/667/167 247/666/167 251/665/167
f 821/668/167 249/667/167 251/665/167
f 253/671/168 252/670/168 248/669/168
f 250/672/168 253/671/168 248/669/168
f 257/675/169 255/674/169 254/673/169
f 256/676/169 257/675/169 254/673/169
f 260/679/170 258/678/170 259/677/170
f 261/680/170 260/679/170 259/677/170
f 254/683/171 255/682/171 259/681/171
f 258/684/171 254/683/171 259/681/171
f 256/687/172 254/686/172 258/685/172
f 260/688/172 256/687/172 258/685/172
f 261/691/173 259/690/173 255/689/173
f 257/692/173 261/691/173 255/689/173
f 282/695/174 280/694/174 281/693/174
f 283/696/174 282/695/174 281/693/174
f 278/699/175 279/698/175 281/697/175
f 280/700/175 278/699/175 281/697/175
f 246/703/176 278/702/176 280/701/176
f 282/704/176 246/703/176 280/701/176
f 283/707/177 281/706/177 285/705/177
f 286/708/177 283/707/177 285/705/177
f 279/711/178 284/710/178 285/709/178
f 281/712/178 279/711/178 285/709/178
f 290/715/179 288/714/179 289/713/179
f 291/716/179 290/715/179 289/713/179
f 284/719/180 279/718/180 289/717/180
f 288/720/180 284/719/180 289/717/180
f 287/723/181 284/722/181 288/721/181
f 290/724/181 287/723/181 288/721/181
f 293/727/182 292/726/182 284/725/182
f 287/728/182 293/727/182 284/725/182
f 286/731/183 285/730/183 294/729/183
f 295/732/183 286/731/183 294/729/183
f 284/735/184 292/734/184 294/733/184
f 285/736/184 284/735/184 294/733/184
f 297/739/185 296/738/185 292/737/185
f 293/740/185 297/739/185 292/737/185
f 295/743/186 294/742/186 298/741/186
f 299/744/186 295/743/186 298/741/186
f 292/747/187 296/746/187 298/745/187
f 294/748/187 292/747/187 298/745/187
usemtl common_rough_steel
f 301/751/188 300/750/188 296/749/188
f 297/752/188 301/751/188 296/749/188
usemtl common_steel
f 299/755/189 298/754/189 302/753/189
f 303/756/189 299/755/189 302/753/189
f 296/759/190 300/758/190 302/757/190
f 298/760/190 296/759/190 302/757/190
f 303/763/191 302/762/191 300/761/191
f 301/764/191 303/763/191 300/761/191
f 291/767/192 289/766/192 304/765/192
f 305/768/192 291/767/192 304/765/192
f 279/771/193 278/770/193 304/769/193
f 289/772/193 279/771/193 304/769/193
f 305/775/194 304/774/194 306/773/194
f 307/776/194 305/775/194 306/773/194
f 235/779/195 308/778/195 278/777/195
f 246/780/195 235/779/195 278/777/195
f 306/783/196 304/782/196 278/781/196
f 308/784/196 306/783/196 278/781/196
f 307/787/197 306/786/197 308/785/197
f 235/788/197 307/787/197 308/785/197
f 821/791/198 819/790/198 309/789/198
f 256/792/198 821/791/198 309/789/198
f 311/795/199 310/794/199 820/793/199
f 822/796/199 311/795/199 820/793/199
f 309/799/200 819/798/200 820/797/200
f 310/800/200 309/799/200 820/797/200
f 256/803/201 309/802/201 310/801/201
f 311/804/201 256/803/201 310/801/201
f 312/807/202 313/806/202 316/805/202
f 315/808/202 312/807/202 316/805/202
f 314/811/203 312/810/203 315/809/203
f 317/812/203 314/811/203 315/809/203
f 313/815/204 318/814/204 319/813/204
f 316/816/204 313/815/204 319/813/204
f 323/819/205 322/818/205 318/817/205
f 324/820/205 323/819/205 318/817/205
f 320/823/206 319/822/206 318/821/206
f 322/824/206 320/823/206 318/821/206
f 321/827/207 320/826/207 322/825/207
f 323/828/207 321/827/207 322/825/207
usemtl conveyor_off
f 314/831/208 326/830/208 325/829/208
f 327/832/208 314/831/208 325/829/208
f 291/835/209 328/834/209 329/833/209
f 290/836/209 291/835/209 329/833/209
f 325/839/210 326/838/210 329/837/210
f 328/840/210 325/839/210 329/837/210
f 314/843/211 327/842/211 291/841/211
f 290/844/211 314/843/211 291/841/211
f 290/847/212 329/846/212 326/845/212
f 314/848/212 290/847/212 326/845/212
f 283/851/213 331/850/213 330/849/213
f 282/852/213 283/851/213 330/849/213
f 334/855/214 332/854/214 333/853/214
f 335/856/214 334/855/214 333/853/214
f 330/859/215 331/858/215 333/857/215
f 332/860/215 330/859/215 333/857/215
f 283/863/216 282/862/216 334/861/216
f 335/864/216 283/863/216 334/861/216
f 282/867/217 330/866/217 332/865/217
f 334/868/217 282/867/217 332/865/217
f 334/871/218 332/870/218 336/869/218
f 24/872/218 334/871/218 336/869/218
f 19/875/219 337/874/219 338/873/219
f 20/876/219 19/875/219 338/873/219
f 336/879/220 332/878/220 338/877/220
f 337/880/220 336/879/220 338/877/220
f 334/883/221 24/882/221 19/881/221
f 20/884/221 334/883/221 19/881/221
f 24/887/222 336/886/222 337/885/222
f 19/888/222 24/887/222 337/885/222
f 20/891/223 338/890/223 332/889/223
f 334/892/223 20/891/223 332/889/223
f 822/895/224 340/894/224 339/893/224
f 311/896/224 822/895/224 339/893/224
f 29/899/225 341/898/225 336/897/225
f 24/900/225 29/899/225 336/897/225
f 339/903/226 340/902/226 336/901/226
f 341/904/226 339/903/226 336/901/226
f 822/907/227 311/906/227 29/905/227
f 24/908/227 822/907/227 29/905/227
f 311/911/228 339/910/228 341/909/228
f 29/912/228 311/911/228 341/909/228
f 24/915/229 336/914/229 340/913/229
f 822/916/229 24/915/229 340/913/229
f 327/919/230 325/918/230 342/917/230
f 324/920/230 327/919/230 342/917/230
f 324/923/231 342/922/231 344/921/231
f 323/924/231 324/923/231 344/921/231
f 307/927/232 345/926/232 343/925/232
f 305/928/232 307/927/232 343/925/232
f 344/931/233 342/930/233 343/929/233
f 345/932/233 344/931/233 343/929/233
f 324/935/234 323/934/234 307/933/234
f 305/936/234 324/935/234 307/933/234
f 323/939/235 344/938/235 345/937/235
f 307/940/235 323/939/235 345/937/235
f 305/943/236 343/942/236 342/941/236
f 324/944/236 305/943/236 342/941/236
f 286/947/237 346/946/237 331/945/237
f 283/948/237 286/947/237 331/945/237
f 335/951/238 333/950/238 347/949/238
f 12/952/238 335/951/238 347/949/238
f 331/955/239 346/954/239 347/953/239
f 333/956/239 331/955/239 347/953/239
f 286/959/240 283/958/240 335/957/240
f 12/960/240 286/959/240 335/957/240
f 283/963/241 331/962/241 333/961/241
f 335/964/241 283/963/241 333/961/241
f 295/967/242 348/966/242 346/965/242
f 286/968/242 295/967/242 346/965/242
f 12/971/243 347/970/243 349/969/243
f 33/972/243 12/971/243 349/969/243
f 346/975/244 348/974/244 349/973/244
f 347/976/244 346/975/244 349/973/244
f 295/979/245 286/978/245 12/977/245
f 33/980/245 295/979/245 12/977/245
f 286/983/246 346/982/246 347/981/246
f 12/984/246 286/983/246 347/981/246
f 299/987/247 134/986/247 348/985/247
f 295/988/247 299/987/247 348/985/247
f 33/991/248 349/990/248 350/989/248
f 37/992/248 33/991/248 350/989/248
f 348/995/249 134/994/249 350/993/249
f 349/996/249 348/995/249 350/993/249
f 299/999/250 295/998/250 33/997/250
f 37/1000/250 299/999/250 33/997/250
f 295/1003/251 348/1002/251 349/1001/251
f 33/1004/251 295/1003/251 349/1001/251
f 303/1007/252 351/1006/252 134/1005/252
f 299/1008/252 303/1007/252 134/1005/252
f 37/1011/253 350/1010/253 352/1009/253
f 41/1012/253 37/1011/253 352/1009/253
f 134/1015/254 351/1014/254 352/1013/254
f 350/1016/254 134/1015/254 352/1013/254
f 303/1019/255 299/1018/255 37/1017/255
f 41/1020/255 303/1019/255 37/1017/255
f 299/1023/256 134/1022/256 350/1021/256
f 37/1024/256 299/1023/256 350/1021/256
f 41/1027/257 352/1026/257 351/1025/257
f 303/1028/257 41/1027/257 351/1025/257
usemtl common_steel
f 354/1031/258 224/1030/258 31/1029/258
f 353/1032/258 354/1031/258 31/1029/258
f 357/1035/259 355/1034/259 356/1033/259
f 358/1036/259 357/1035/259 356/1033/259
f 353/1039/260 31/1038/260 355/1037/260
f 357/1040/260 353/1039/260 355/1037/260
f 358/1043/261 356/1042/261 224/1041/261
f 354/1044/261 358/1043/261 224/1041/261
f 360/1047/262 321/1046/262 228/1045/262
f 359/1048/262 360/1047/262 228/1045/262
f 363/1051/263 361/1050/263 362/1049/263
f 364/1052/263 363/1051/263 362/1049/263
f 359/1055/264 228/1054/264 361/1053/264
f 363/1056/264 359/1055/264 361/1053/264
f 364/1059/265 362/1058/265 321/1057/265
f 360/1060/265 364/1059/265 321/1057/265
f 368/1063/266 366/1062/266 365/1061/266
f 367/1064/266 368/1063/266 365/1061/266
f 317/1067/267 362/1066/267 366/1065/267
f 368/1068/267 317/1067/267 366/1065/267
usemtl ammunition_workshop
f 372/1071/268 370/1070/268 369/1069/268
f 371/1072/268 372/1071/268 369/1069/268
f 375/1075/269 373/1074/269 374/1073/269
f 376/1076/269 375/1075/269 374/1073/269
f 369/1079/270 370/1078/270 374/1077/270
f 373/1080/270 369/1079/270 374/1077/270
f 372/1083/271 371/1082/271 375/1081/271
f 376/1084/271 372/1083/271 375/1081/271
f 371/1087/272 369/1086/272 373/1085/272
f 375/1088/272 371/1087/272 373/1085/272
f 380/1091/273 378/1090/273 377/1089/273
f 379/1092/273 380/1091/273 377/1089/273
f 382/1095/274 381/1094/274 56/1093/274
f 383/1096/274 382/1095/274 56/1093/274
f 377/1099/275 378/1098/275 56/1097/275
f 381/1100/275 377/1099/275 56/1097/275
f 380/1103/276 379/1102/276 382/1101/276
f 383/1104/276 380/1103/276 382/1101/276
f 379/1107/277 377/1106/277 381/1105/277
f 382/1108/277 379/1107/277 381/1105/277
usemtl common_rough_steel
f 385/1111/278 394/1110/278 393/1109/278
f 387/1112/278 385/1111/278 393/1109/278
f 388/1115/279 392/1114/279 391/1113/279
f 389/1116/279 388/1115/279 391/1113/279
usemtl common_steel
f 390/1119/280 391/1118/280 392/1117/280
f 314/1120/280 390/1119/280 392/1117/280
f 386/1123/281 393/1122/281 394/1121/281
f 384/1124/281 386/1123/281 394/1121/281
f 384/1127/282 394/1126/282 391/1125/282
f 390/1128/282 384/1127/282 391/1125/282
f 397/1131/283 406/1130/283 405/1129/283
f 399/1132/283 397/1131/283 405/1129/283
f 399/1135/284 405/1134/284 404/1133/284
f 401/1136/284 399/1135/284 404/1133/284
usemtl common_rough_steel
f 399/1139/285 401/1138/285 403/1137/285
f 397/1140/285 399/1139/285 403/1137/285
usemtl common_steel
f 401/1143/286 404/1142/286 407/1141/286
f 56/1144/286 401/1143/286 407/1141/286
usemtl common_rough_steel
f 395/1147/287 403/1146/287 401/1145/287
f 56/1148/287 395/1147/287 401/1145/287
f 402/1151/288 404/1150/288 405/1149/288
f 400/1152/288 402/1151/288 405/1149/288
f 400/1155/289 405/1154/289 406/1153/289
f 398/1156/289 400/1155/289 406/1153/289
f 396/1159/290 407/1158/290 404/1157/290
f 402/1160/290 396/1159/290 404/1157/290
f 398/1163/291 406/1162/291 411/1161/291
f 409/1164/291 398/1163/291 411/1161/291
f 410/1167/292 742/1166/292 743/1165/292
f 403/1168/292 410/1167/292 743/1165/292
f 314/1171/293 410/1170/293 403/1169/293
f 395/1172/293 314/1171/293 403/1169/293
usemtl common_steel
f 408/1175/294 411/1174/294 406/1173/294
f 397/1176/294 408/1175/294 406/1173/294
f 412/1179/295 418/1178/295 393/1177/295
f 386/1180/295 412/1179/295 393/1177/295
f 56/1183/296 407/1182/296 417/1181/296
f 414/1184/296 56/1183/296 417/1181/296
usemtl common_rough_steel
f 56/1187/297 414/1186/297 416/1185/297
f 395/1188/297 56/1187/297 416/1185/297
usemtl common_steel
f 414/1191/298 417/1190/298 418/1189/298
f 412/1192/298 414/1191/298 418/1189/298
usemtl common_rough_steel
f 386/1195/299 416/1194/299 414/1193/299
f 412/1196/299 386/1195/299 414/1193/299
usemtl common_steel
f 415/1199/300 417/1198/300 407/1197/300
f 396/1200/300 415/1199/300 407/1197/300
usemtl common_rough_steel
f 387/1203/301 393/1202/301 418/1201/301
f 413/1204/301 387/1203/301 418/1201/301
usemtl common_steel
f 413/1207/302 418/1206/302 417/1205/302
f 415/1208/302 413/1207/302 417/1205/302
usemtl common_machinebase
f 421/1211/303 419/1210/303 353/1209/303
f 420/1212/303 421/1211/303 353/1209/303
usemtl common_bottom
f 423/1215/304 425/1214/304 424/1213/304
f 382/1216/304 423/1215/304 424/1213/304
usemtl common_machinebase
f 382/1219/305 424/1218/305 426/1217/305
f 422/1220/305 382/1219/305 426/1217/305
usemtl common_bottom
f 420/1223/306 424/1222/306 425/1221/306
f 421/1224/306 420/1223/306 425/1221/306
usemtl common_machinebase
f 353/1227/307 426/1226/307 424/1225/307
f 420/1228/307 353/1227/307 424/1225/307
f 429/1231/308 427/1230/308 428/1229/308
f 430/1232/308 429/1231/308 428/1229/308
usemtl common_bottom
f 430/1235/309 432/1234/309 431/1233/309
f 429/1236/309 430/1235/309 431/1233/309
usemtl common_machinebase
f 429/1239/310 431/1238/310 433/1237/310
f 427/1240/310 429/1239/310 433/1237/310
usemtl common_bottom
f 382/1243/311 431/1242/311 432/1241/311
f 423/1244/311 382/1243/311 432/1241/311
usemtl common_machinebase
f 422/1247/312 433/1246/312 431/1245/312
f 382/1248/312 422/1247/312 431/1245/312
f 434/1251/313 360/1250/313 419/1249/313
f 421/1252/313 434/1251/313 419/1249/313
usemtl common_bottom
f 436/1255/314 437/1254/314 425/1253/314
f 423/1256/314 436/1255/314 425/1253/314
usemtl common_machinebase
f 435/1259/315 438/1258/315 437/1257/315
f 436/1260/315 435/1259/315 437/1257/315
usemtl common_bottom
f 421/1263/316 425/1262/316 437/1261/316
f 434/1264/316 421/1263/316 437/1261/316
usemtl common_machinebase
f 434/1267/317 437/1266/317 438/1265/317
f 360/1268/317 434/1267/317 438/1265/317
f 430/1271/318 428/1270/318 439/1269/318
f 440/1272/318 430/1271/318 439/1269/318
usemtl common_bottom
f 440/1275/319 441/1274/319 432/1273/319
f 430/1276/319 440/1275/319 432/1273/319
usemtl common_machinebase
f 439/1279/320 442/1278/320 441/1277/320
f 440/1280/320 439/1279/320 441/1277/320
usemtl common_bottom
f 423/1283/321 432/1282/321 441/1281/321
f 436/1284/321 423/1283/321 441/1281/321
usemtl common_machinebase
f 436/1287/322 441/1286/322 442/1285/322
f 435/1288/322 436/1287/322 442/1285/322
usemtl common_steel
f 443/1291/323 360/1290/323 435/1289/323
f 388/1292/323 443/1291/323 435/1289/323
f 388/1295/324 435/1294/324 439/1293/324
f 444/1296/324 388/1295/324 439/1293/324
f 422/1299/325 396/1298/325 445/1297/325
f 427/1300/325 422/1299/325 445/1297/325
f 353/1303/326 446/1302/326 396/1301/326
f 422/1304/326 353/1303/326 396/1301/326
f 400/1307/327 409/1306/327 444/1305/327
f 445/1308/327 400/1307/327 444/1305/327
f 446/1311/328 443/1310/328 385/1309/328
f 413/1312/328 446/1311/328 385/1309/328
f 450/1315/329 207/1314/329 317/1313/329
f 435/1316/329 450/1315/329 317/1313/329
usemtl ammunition_workshop
f 448/1319/330 447/1318/330 207/1317/330
f 450/1320/330 448/1319/330 207/1317/330
usemtl common_steel
f 435/1323/331 317/1322/331 287/1321/331
f 449/1324/331 435/1323/331 287/1321/331
usemtl ammunition_workshop
f 287/1327/332 452/1326/332 451/1325/332
f 447/1328/332 287/1327/332 451/1325/332
f 207/1331/333 453/1330/333 454/1329/333
f 317/1332/333 207/1331/333 454/1329/333
f 451/1335/334 452/1334/334 454/1333/334
f 453/1336/334 451/1335/334 454/1333/334
f 447/1339/335 451/1338/335 453/1337/335
f 207/1340/335 447/1339/335 453/1337/335
f 317/1343/336 454/1342/336 452/1341/336
f 287/1344/336 317/1343/336 452/1341/336
usemtl common_steel
f 458/1347/337 456/1346/337 455/1345/337
f 457/1348/337 458/1347/337 455/1345/337
f 461/1351/338 459/1350/338 460/1349/338
f 462/1352/338 461/1351/338 460/1349/338
f 462/1355/339 460/1354/339 456/1353/339
f 458/1356/339 462/1355/339 456/1353/339
f 465/1359/340 456/1358/340 463/1357/340
f 464/1360/340 465/1359/340 463/1357/340
f 467/1363/341 466/1362/341 203/1361/341
f 468/1364/341 467/1363/341 203/1361/341
f 463/1367/342 456/1366/342 203/1365/342
f 466/1368/342 463/1367/342 203/1365/342
f 465/1371/343 464/1370/343 467/1369/343
f 468/1372/343 465/1371/343 467/1369/343
f 464/1375/344 463/1374/344 466/1373/344
f 467/1376/344 464/1375/344 466/1373/344
f 468/1379/345 203/1378/345 456/1377/345
f 465/1380/345 468/1379/345 456/1377/345
f 471/1383/346 468/1382/346 469/1381/346
f 470/1384/346 471/1383/346 469/1381/346
f 474/1387/347 472/1386/347 473/1385/347
f 439/1388/347 474/1387/347 473/1385/347
f 469/1391/348 468/1390/348 473/1389/348
f 472/1392/348 469/1391/348 473/1389/348
f 471/1395/349 470/1394/349 474/1393/349
f 439/1396/349 471/1395/349 474/1393/349
f 470/1399/350 469/1398/350 472/1397/350
f 474/1400/350 470/1399/350 472/1397/350
f 439/1403/351 473/1402/351 468/1401/351
f 471/1404/351 439/1403/351 468/1401/351
f 478/1407/352 477/1406/352 472/1405/352
f 481/1408/352 478/1407/352 472/1405/352
f 477/1411/353 475/1410/353 479/1409/353
f 472/1412/353 477/1411/353 479/1409/353
f 481/1415/354 480/1414/354 476/1413/354
f 478/1416/354 481/1415/354 476/1413/354
f 485/1419/355 483/1418/355 482/1417/355
f 484/1420/355 485/1419/355 482/1417/355
f 427/1423/356 486/1422/356 477/1421/356
f 487/1424/356 427/1423/356 477/1421/356
f 482/1427/357 483/1426/357 477/1425/357
f 486/1428/357 482/1427/357 477/1425/357
f 485/1431/358 484/1430/358 427/1429/358
f 487/1432/358 485/1431/358 427/1429/358
f 484/1435/359 482/1434/359 486/1433/359
f 427/1436/359 484/1435/359 486/1433/359
f 487/1439/360 477/1438/360 483/1437/360
f 485/1440/360 487/1439/360 483/1437/360
f 491/1443/361 489/1442/361 488/1441/361
f 490/1444/361 491/1443/361 488/1441/361
f 482/1447/362 492/1446/362 493/1445/362
f 494/1448/362 482/1447/362 493/1445/362
f 490/1451/363 488/1450/363 492/1449/363
f 482/1452/363 490/1451/363 492/1449/363
f 498/1455/364 496/1454/364 495/1453/364
f 497/1456/364 498/1455/364 495/1453/364
f 500/1459/365 499/1458/365 56/1457/365
f 501/1460/365 500/1459/365 56/1457/365
f 497/1463/366 495/1462/366 499/1461/366
f 500/1464/366 497/1463/366 499/1461/366
usemtl common_rough_steel
f 503/1467/367 502/1466/367 355/1465/367
f 825/1468/367 503/1467/367 355/1465/367
f 504/1471/368 505/1470/368 502/1469/368
f 503/1472/368 504/1471/368 502/1469/368
usemtl ammunition_workshop
f 506/1475/369 507/1474/369 511/1473/369
f 510/1476/369 506/1475/369 511/1473/369
f 509/1479/370 508/1478/370 512/1477/370
f 513/1480/370 509/1479/370 512/1477/370
f 515/1483/371 511/1482/371 510/1481/371
f 514/1484/371 515/1483/371 510/1481/371
f 518/1487/372 516/1486/372 517/1485/372
f 519/1488/372 518/1487/372 517/1485/372
f 510/1491/373 511/1490/373 517/1489/373
f 516/1492/373 510/1491/373 517/1489/373
f 522/1495/374 520/1494/374 507/1493/374
f 521/1496/374 522/1495/374 507/1493/374
f 524/1499/375 511/1498/375 523/1497/375
f 525/1500/375 524/1499/375 523/1497/375
f 507/1503/376 520/1502/376 523/1501/376
f 511/1504/376 507/1503/376 523/1501/376
f 522/1507/377 521/1506/377 524/1505/377
f 525/1508/377 522/1507/377 524/1505/377
f 521/1511/378 507/1510/378 511/1509/378
f 524/1512/378 521/1511/378 511/1509/378
f 525/1515/379 523/1514/379 520/1513/379
f 522/1516/379 525/1515/379 520/1513/379
f 528/1519/380 527/1518/380 526/1517/380
f 369/1520/380 528/1519/380 526/1517/380
f 373/1523/381 529/1522/381 516/1521/381
f 518/1524/381 373/1523/381 516/1521/381
f 526/1527/382 527/1526/382 516/1525/382
f 529/1528/382 526/1527/382 516/1525/382
f 369/1531/383 526/1530/383 529/1529/383
f 373/1532/383 369/1531/383 529/1529/383
f 518/1535/384 516/1534/384 527/1533/384
f 528/1536/384 518/1535/384 527/1533/384
usemtl common_rough_steel
f 530/1539/385 531/1538/385 535/1537/385
f 534/1540/385 530/1539/385 535/1537/385
f 533/1543/386 532/1542/386 536/1541/386
f 537/1544/386 533/1543/386 536/1541/386
f 532/1547/387 530/1546/387 534/1545/387
f 536/1548/387 532/1547/387 534/1545/387
f 537/1551/388 535/1550/388 531/1549/388
f 533/1552/388 537/1551/388 531/1549/388
usemtl ammunition_workshop
f 539/1555/389 538/1554/389 527/1553/389
f 528/1556/389 539/1555/389 527/1553/389
f 540/1559/390 506/1558/390 507/1557/390
f 541/1560/390 540/1559/390 507/1557/390
f 527/1563/391 538/1562/391 507/1561/391
f 506/1564/391 527/1563/391 507/1561/391
f 542/1567/392 523/1566/392 511/1565/392
f 515/1568/392 542/1567/392 511/1565/392
f 519/1571/393 517/1570/393 543/1569/393
f 39/1572/393 519/1571/393 543/1569/393
f 511/1575/394 523/1574/394 543/1573/394
f 517/1576/394 511/1575/394 543/1573/394
f 39/1579/395 543/1578/395 523/1577/395
f 542/1580/395 39/1579/395 523/1577/395
f 35/1583/396 544/1582/396 538/1581/396
f 539/1584/396 35/1583/396 538/1581/396
f 541/1587/397 507/1586/397 520/1585/397
f 545/1588/397 541/1587/397 520/1585/397
f 538/1591/398 544/1590/398 520/1589/398
f 507/1592/398 538/1591/398 520/1589/398
f 545/1595/399 520/1594/399 544/1593/399
f 35/1596/399 545/1595/399 544/1593/399
f 549/1599/400 547/1598/400 546/1597/400
f 548/1600/400 549/1599/400 546/1597/400
f 552/1603/401 550/1602/401 551/1601/401
f 553/1604/401 552/1603/401 551/1601/401
f 546/1607/402 547/1606/402 551/1605/402
f 550/1608/402 546/1607/402 551/1605/402
f 549/1611/403 548/1610/403 552/1609/403
f 553/1612/403 549/1611/403 552/1609/403
f 548/1615/404 546/1614/404 550/1613/404
f 552/1616/404 548/1615/404 550/1613/404
f 557/1619/405 555/1618/405 554/1617/405
f 556/1620/405 557/1619/405 554/1617/405
f 560/1623/406 558/1622/406 559/1621/406
f 561/1624/406 560/1623/406 559/1621/406
f 554/1627/407 555/1626/407 559/1625/407
f 558/1628/407 554/1627/407 559/1625/407
f 557/1631/408 556/1630/408 560/1629/408
f 561/1632/408 557/1631/408 560/1629/408
f 561/1635/409 559/1634/409 555/1633/409
f 557/1636/409 561/1635/409 555/1633/409
f 565/1639/410 563/1638/410 562/1637/410
f 564/1640/410 565/1639/410 562/1637/410
f 568/1643/411 566/1642/411 567/1641/411
f 569/1644/411 568/1643/411 567/1641/411
f 562/1647/412 563/1646/412 567/1645/412
f 566/1648/412 562/1647/412 567/1645/412
f 565/1651/413 564/1650/413 568/1649/413
f 569/1652/413 565/1651/413 568/1649/413
f 569/1655/414 567/1654/414 563/1653/414
f 565/1656/414 569/1655/414 563/1653/414
f 573/1659/415 571/1658/415 570/1657/415
f 572/1660/415 573/1659/415 570/1657/415
f 576/1663/416 574/1662/416 575/1661/416
f 577/1664/416 576/1663/416 575/1661/416
f 570/1667/417 571/1666/417 575/1665/417
f 574/1668/417 570/1667/417 575/1665/417
f 573/1671/418 572/1670/418 576/1669/418
f 577/1672/418 573/1671/418 576/1669/418
f 577/1675/419 575/1674/419 571/1673/419
f 573/1676/419 577/1675/419 571/1673/419
f 581/1679/420 579/1678/420 578/1677/420
f 580/1680/420 581/1679/420 578/1677/420
f 584/1683/421 582/1682/421 583/1681/421
f 585/1684/421 584/1683/421 583/1681/421
f 579/1687/422 586/1686/422 589/1685/422
f 578/1688/422 579/1687/422 589/1685/422
f 580/1691/423 588/1690/423 587/1689/423
f 581/1692/423 580/1691/423 587/1689/423
f 578/1695/424 589/1694/424 588/1693/424
f 580/1696/424 578/1695/424 588/1693/424
f 581/1699/425 587/1698/425 586/1697/425
f 579/1700/425 581/1699/425 586/1697/425
f 583/1703/426 586/1702/426 587/1701/426
f 585/1704/426 583/1703/426 587/1701/426
f 585/1707/427 587/1706/427 588/1705/427
f 584/1708/427 585/1707/427 588/1705/427
f 584/1711/428 588/1710/428 589/1709/428
f 582/1712/428 584/1711/428 589/1709/428
f 582/1715/429 589/1714/429 586/1713/429
f 583/1716/429 582/1715/429 586/1713/429
usemtl common_copper_cable
f 593/1719/430 591/1718/430 590/1717/430
f 592/1720/430 593/1719/430 590/1717/430
f 596/1723/431 594/1722/431 595/1721/431
f 597/1724/431 596/1723/431 595/1721/431
f 590/1727/432 591/1726/432 595/1725/432
f 594/1728/432 590/1727/432 595/1725/432
f 590/1731/433 599/1730/433 598/1729/433
f 600/1732/433 590/1731/433 598/1729/433
f 603/1735/434 601/1734/434 602/1733/434
f 594/1736/434 603/1735/434 602/1733/434
f 594/1739/435 602/1738/435 599/1737/435
f 590/1740/435 594/1739/435 599/1737/435
f 604/1743/436 605/1742/436 596/1741/436
f 592/1744/436 604/1743/436 596/1741/436
f 600/1747/437 604/1746/437 592/1745/437
f 590/1748/437 600/1747/437 592/1745/437
f 594/1751/438 596/1750/438 605/1749/438
f 603/1752/438 594/1751/438 605/1749/438
f 606/1755/439 607/1754/439 609/1753/439
f 608/1756/439 606/1755/439 609/1753/439
f 602/1759/440 601/1758/440 610/1757/440
f 611/1760/440 602/1759/440 610/1757/440
f 611/1763/441 609/1762/441 607/1761/441
f 602/1764/441 611/1763/441 607/1761/441
f 599/1767/442 613/1766/442 612/1765/442
f 598/1768/442 599/1767/442 612/1765/442
f 612/1771/443 613/1770/443 607/1769/443
f 606/1772/443 612/1771/443 607/1769/443
f 602/1775/444 607/1774/444 613/1773/444
f 599/1776/444 602/1775/444 613/1773/444
usemtl common_thingies
f 617/1779/445 615/1778/445 614/1777/445
f 616/1780/445 617/1779/445 614/1777/445
f 620/1783/446 618/1782/446 619/1781/446
f 621/1784/446 620/1783/446 619/1781/446
f 614/1787/447 615/1786/447 619/1785/447
f 618/1788/447 614/1787/447 619/1785/447
f 617/1791/448 616/1790/448 620/1789/448
f 621/1792/448 617/1791/448 620/1789/448
f 621/1795/449 619/1794/449 615/1793/449
f 617/1796/449 621/1795/449 615/1793/449
usemtl common_copper_cable
f 625/1799/450 623/1798/450 622/1797/450
f 624/1800/450 625/1799/450 622/1797/450
f 625/1803/451 624/1802/451 628/1801/451
f 629/1804/451 625/1803/451 628/1801/451
f 624/1807/452 622/1806/452 626/1805/452
f 628/1808/452 624/1807/452 626/1805/452
f 629/1811/453 627/1810/453 623/1809/453
f 625/1812/453 629/1811/453 623/1809/453
f 623/1815/454 631/1814/454 630/1813/454
f 622/1816/454 623/1815/454 630/1813/454
f 626/1819/455 632/1818/455 633/1817/455
f 627/1820/455 626/1819/455 633/1817/455
f 622/1823/456 630/1822/456 632/1821/456
f 626/1824/456 622/1823/456 632/1821/456
f 627/1827/457 633/1826/457 631/1825/457
f 623/1828/457 627/1827/457 631/1825/457
f 626/1831/458 627/1830/458 635/1829/458
f 634/1832/458 626/1831/458 635/1829/458
f 629/1835/459 628/1834/459 636/1833/459
f 637/1836/459 629/1835/459 636/1833/459
f 628/1839/460 626/1838/460 634/1837/460
f 636/1840/460 628/1839/460 634/1837/460
f 637/1843/461 635/1842/461 627/1841/461
f 629/1844/461 637/1843/461 627/1841/461
usemtl common_rough_steel
f 645/1847/462 646/1846/462 649/1845/462
f 642/1848/462 645/1847/462 649/1845/462
f 643/1851/463 651/1850/463 650/1849/463
f 648/1852/463 643/1851/463 650/1849/463
f 641/1855/464 647/1854/464 646/1853/464
f 645/1856/464 641/1855/464 646/1853/464
f 644/1859/465 646/1858/465 647/1857/465
f 638/1860/465 644/1859/465 647/1857/465
f 648/1863/466 650/1862/466 652/1861/466
f 640/1864/466 648/1863/466 652/1861/466
f 639/1867/467 649/1866/467 646/1865/467
f 644/1868/467 639/1867/467 646/1865/467
f 649/1871/468 650/1870/468 651/1869/468
f 642/1872/468 649/1871/468 651/1869/468
f 639/1875/469 652/1874/469 650/1873/469
f 649/1876/469 639/1875/469 650/1873/469
f 656/1879/470 654/1878/470 653/1877/470
f 655/1880/470 656/1879/470 653/1877/470
f 659/1883/471 657/1882/471 658/1881/471
f 660/1884/471 659/1883/471 658/1881/471
f 653/1887/472 654/1886/472 658/1885/472
f 657/1888/472 653/1887/472 658/1885/472
f 656/1891/473 655/1890/473 659/1889/473
f 660/1892/473 656/1891/473 659/1889/473
f 660/1895/474 658/1894/474 654/1893/474
f 656/1896/474 660/1895/474 654/1893/474
f 664/1899/475 662/1898/475 661/1897/475
f 663/1900/475 664/1899/475 661/1897/475
f 667/1903/476 665/1902/476 666/1901/476
f 668/1904/476 667/1903/476 666/1901/476
f 661/1907/477 662/1906/477 666/1905/477
f 665/1908/477 661/1907/477 666/1905/477
f 664/1911/478 663/1910/478 667/1909/478
f 668/1912/478 664/1911/478 667/1909/478
f 668/1915/479 666/1914/479 662/1913/479
f 664/1916/479 668/1915/479 662/1913/479
usemtl common_thingies
f 672/1919/480 670/1918/480 669/1917/480
f 671/1920/480 672/1919/480 669/1917/480
f 675/1923/481 673/1922/481 674/1921/481
f 676/1924/481 675/1923/481 674/1921/481
f 669/1927/482 670/1926/482 674/1925/482
f 673/1928/482 669/1927/482 674/1925/482
f 672/1931/483 671/1930/483 675/1929/483
f 676/1932/483 672/1931/483 675/1929/483
f 671/1935/484 669/1934/484 673/1933/484
f 675/1936/484 671/1935/484 673/1933/484
f 680/1939/485 678/1938/485 677/1937/485
f 679/1940/485 680/1939/485 677/1937/485
f 683/1943/486 681/1942/486 682/1941/486
f 684/1944/486 683/1943/486 682/1941/486
f 677/1947/487 678/1946/487 682/1945/487
f 681/1948/487 677/1947/487 682/1945/487
f 680/1951/488 679/1950/488 683/1949/488
f 684/1952/488 680/1951/488 683/1949/488
f 679/1955/489 677/1954/489 681/1953/489
f 683/1956/489 679/1955/489 681/1953/489
usemtl common_copper_cable
f 691/1959/490 689/1958/490 690/1957/490
f 692/1960/490 691/1959/490 690/1957/490
f 685/1963/491 686/1962/491 690/1961/491
f 689/1964/491 685/1963/491 690/1961/491
f 687/1967/492 685/1966/492 689/1965/492
f 691/1968/492 687/1967/492 689/1965/492
f 692/1971/493 690/1970/493 686/1969/493
f 688/1972/493 692/1971/493 686/1969/493
f 694/1975/494 688/1974/494 687/1973/494
f 693/1976/494 694/1975/494 687/1973/494
f 695/1979/495 691/1978/495 692/1977/495
f 696/1980/495 695/1979/495 692/1977/495
f 693/1983/496 687/1982/496 691/1981/496
f 695/1984/496 693/1983/496 691/1981/496
f 696/1987/497 692/1986/497 688/1985/497
f 694/1988/497 696/1987/497 688/1985/497
f 699/1991/498 697/1990/498 693/1989/498
f 698/1992/498 699/1991/498 693/1989/498
f 701/1995/499 695/1994/499 700/1993/499
f 702/1996/499 701/1995/499 700/1993/499
f 698/1999/500 693/1998/500 695/1997/500
f 701/2000/500 698/1999/500 695/1997/500
f 702/2003/501 700/2002/501 697/2001/501
f 699/2004/501 702/2003/501 697/2001/501
f 703/2007/502 694/2006/502 693/2005/502
f 697/2008/502 703/2007/502 693/2005/502
f 700/2011/503 695/2010/503 696/2009/503
f 704/2012/503 700/2011/503 696/2009/503
f 704/2015/504 696/2014/504 694/2013/504
f 703/2016/504 704/2015/504 694/2013/504
f 703/2019/505 697/2018/505 700/2017/505
f 704/2020/505 703/2019/505 700/2017/505
f 708/2023/506 707/2022/506 701/2021/506
f 702/2024/506 708/2023/506 701/2021/506
f 705/2027/507 698/2026/507 701/2025/507
f 707/2028/507 705/2027/507 701/2025/507
f 699/2031/508 706/2030/508 708/2029/508
f 702/2032/508 699/2031/508 708/2029/508
f 706/2035/509 705/2034/509 707/2033/509
f 708/2036/509 706/2035/509 707/2033/509
usemtl reinforced
f 712/2039/510 710/2038/510 709/2037/510
f 711/2040/510 712/2039/510 709/2037/510
f 714/2043/511 133/2042/511 713/2041/511
f 715/2044/511 714/2043/511 713/2041/511
f 709/2047/512 710/2046/512 713/2045/512
f 133/2048/512 709/2047/512 713/2045/512
f 712/2051/513 711/2050/513 714/2049/513
f 715/2052/513 712/2051/513 714/2049/513
f 711/2055/514 709/2054/514 133/2053/514
f 714/2056/514 711/2055/514 133/2053/514
f 715/2059/515 713/2058/515 710/2057/515
f 712/2060/515 715/2059/515 710/2057/515
f 719/2063/516 717/2062/516 716/2061/516
f 718/2064/516 719/2063/516 716/2061/516
f 722/2067/517 720/2066/517 721/2065/517
f 723/2068/517 722/2067/517 721/2065/517
f 716/2071/518 717/2070/518 721/2069/518
f 720/2072/518 716/2071/518 721/2069/518
f 719/2075/519 718/2074/519 722/2073/519
f 723/2076/519 719/2075/519 722/2073/519
f 718/2079/520 716/2078/520 720/2077/520
f 722/2080/520 718/2079/520 720/2077/520
f 723/2083/521 721/2082/521 717/2081/521
f 719/2084/521 723/2083/521 717/2081/521
usemtl metal
f 727/2087/522 725/2086/522 724/2085/522
f 726/2088/522 727/2087/522 724/2085/522
f 730/2091/523 728/2090/523 729/2089/523
f 731/2092/523 730/2091/523 729/2089/523
f 724/2095/524 725/2094/524 729/2093/524
f 728/2096/524 724/2095/524 729/2093/524
f 727/2099/525 726/2098/525 730/2097/525
f 731/2100/525 727/2099/525 730/2097/525
f 726/2103/526 724/2102/526 728/2101/526
f 730/2104/526 726/2103/526 728/2101/526
f 731/2107/527 729/2106/527 725/2105/527
f 727/2108/527 731/2107/527 725/2105/527
usemtl metal_ammo
f 735/2111/528 733/2110/528 732/2109/528
f 734/2112/528 735/2111/528 732/2109/528
f 738/2115/529 736/2114/529 737/2113/529
f 739/2116/529 738/2115/529 737/2113/529
f 732/2119/530 733/2118/530 737/2117/530
f 736/2120/530 732/2119/530 737/2117/530
f 735/2123/531 734/2122/531 738/2121/531
f 739/2124/531 735/2123/531 738/2121/531
f 734/2127/532 732/2126/532 736/2125/532
f 738/2128/532 734/2127/532 736/2125/532
f 739/2131/533 737/2130/533 733/2129/533
f 735/2132/533 739/2131/533 733/2129/533
usemtl common_steel
f 411/2135/534 740/2134/534 741/2133/534
f 409/2136/534 411/2135/534 741/2133/534
f 408/2139/535 742/2138/535 740/2137/535
f 411/2140/535 408/2139/535 740/2137/535
usemtl common_rough_steel
f 397/2143/536 743/2142/536 742/2141/536
f 408/2144/536 397/2143/536 742/2141/536
usemtl ammunition_workshop
f 747/2147/537 745/2146/537 744/2145/537
f 746/2148/537 747/2147/537 744/2145/537
f 750/2151/538 748/2150/538 749/2149/538
f 751/2152/538 750/2151/538 749/2149/538
f 744/2155/539 745/2154/539 749/2153/539
f 748/2156/539 744/2155/539 749/2153/539
f 746/2159/540 744/2158/540 748/2157/540
f 750/2160/540 746/2159/540 748/2157/540
f 751/2163/541 749/2162/541 745/2161/541
f 747/2164/541 751/2163/541 745/2161/541
f 747/2167/542 753/2166/542 752/2165/542
f 754/2168/542 747/2167/542 752/2165/542
f 757/2171/543 755/2170/543 756/2169/543
f 751/2172/543 757/2171/543 756/2169/543
f 752/2175/544 753/2174/544 756/2173/544
f 755/2176/544 752/2175/544 756/2173/544
f 747/2179/545 754/2178/545 757/2177/545
f 751/2180/545 747/2179/545 757/2177/545
f 754/2183/546 752/2182/546 755/2181/546
f 757/2184/546 754/2183/546 755/2181/546
f 751/2187/547 756/2186/547 753/2185/547
f 747/2188/547 751/2187/547 753/2185/547
f 761/2191/548 759/2190/548 758/2189/548
f 760/2192/548 761/2191/548 758/2189/548
f 764/2195/549 762/2194/549 763/2193/549
f 765/2196/549 764/2195/549 763/2193/549
f 758/2199/550 759/2198/550 763/2197/550
f 762/2200/550 758/2199/550 763/2197/550
f 761/2203/551 760/2202/551 764/2201/551
f 765/2204/551 761/2203/551 764/2201/551
f 765/2207/552 763/2206/552 759/2205/552
f 761/2208/552 765/2207/552 759/2205/552
f 769/2211/553 767/2210/553 766/2209/553
f 768/2212/553 769/2211/553 766/2209/553
f 772/2215/554 770/2214/554 771/2213/554
f 773/2216/554 772/2215/554 771/2213/554
f 766/2219/555 767/2218/555 771/2217/555
f 770/2220/555 766/2219/555 771/2217/555
f 769/2223/556 768/2222/556 772/2221/556
f 773/2224/556 769/2223/556 772/2221/556
f 773/2227/557 771/2226/557 767/2225/557
f 769/2228/557 773/2227/557 767/2225/557
f 774/2231/558 781/2230/558 780/2229/558
f 207/2232/558 774/2231/558 780/2229/558
f 774/2235/559 207/2234/559 200/2233/559
f 776/2236/559 774/2235/559 200/2233/559
f 450/2239/560 775/2238/560 777/2237/560
f 778/2240/560 450/2239/560 777/2237/560
f 207/2243/561 780/2242/561 779/2241/561
f 200/2244/561 207/2243/561 779/2241/561
f 778/2247/562 779/2246/562 780/2245/562
f 450/2248/562 778/2247/562 780/2245/562
f 450/2251/563 780/2250/563 781/2249/563
f 775/2252/563 450/2251/563 781/2249/563
f 203/2255/564 783/2254/564 784/2253/564
f 466/2256/564 203/2255/564 784/2253/564
f 776/2259/565 200/2258/565 203/2257/565
f 466/2260/565 776/2259/565 203/2257/565
f 778/2263/566 777/2262/566 782/2261/566
f 458/2264/566 778/2263/566 782/2261/566
f 458/2267/567 783/2266/567 779/2265/567
f 778/2268/567 458/2267/567 779/2265/567
f 782/2271/568 784/2270/568 783/2269/568
f 458/2272/568 782/2271/568 783/2269/568
f 200/2275/569 779/2274/569 783/2273/569
f 203/2276/569 200/2275/569 783/2273/569
usemtl common_thingies
f 788/2279/570 786/2278/570 785/2277/570
f 787/2280/570 788/2279/570 785/2277/570
f 790/2283/571 610/2282/571 789/2281/571
f 791/2284/571 790/2283/571 789/2281/571
f 788/2287/572 787/2286/572 790/2285/572
f 791/2288/572 788/2287/572 790/2285/572
f 791/2291/573 789/2290/573 786/2289/573
f 788/2292/573 791/2291/573 786/2289/573
usemtl common_rough_steel
f 389/2295/574 391/2294/574 394/2293/574
f 385/2296/574 389/2295/574 394/2293/574
usemtl conveyor_off
f 327/2299/575 325/2298/575 328/2297/575
f 291/2300/575 327/2299/575 328/2297/575
f 305/2303/576 343/2302/576 328/2301/576
f 291/2304/576 305/2303/576 328/2301/576
usemtl common_rough_steel
f 384/2307/577 390/2306/577 792/2305/577
f 386/2308/577 384/2307/577 792/2305/577
f 395/2311/578 792/2310/578 390/2309/578
f 314/2312/578 395/2311/578 390/2309/578
usemtl conveyor_off
f 327/2315/579 324/2314/579 305/2313/579
f 291/2316/579 327/2315/579 305/2313/579
f 342/2319/580 325/2318/580 328/2317/580
f 343/2320/580 342/2319/580 328/2317/580
usemtl metal_ammo
f 795/2323/581 793/2322/581 794/2321/581
f 796/2324/581 795/2323/581 794/2321/581
f 799/2327/582 798/2326/582 797/2325/582
f 800/2328/582 799/2327/582 797/2325/582
f 794/2331/583 793/2330/583 797/2329/583
f 798/2332/583 794/2331/583 797/2329/583
f 795/2335/584 796/2334/584 799/2333/584
f 800/2336/584 795/2335/584 799/2333/584
f 796/2339/585 794/2338/585 798/2337/585
f 799/2340/585 796/2339/585 798/2337/585
f 800/2343/586 797/2342/586 793/2341/586
f 795/2344/586 800/2343/586 793/2341/586
usemtl common_steel
f 324/2347/587 318/2346/587 313/2345/587
f 327/2348/587 324/2347/587 313/2345/587
f 327/2351/588 313/2350/588 312/2349/588
f 314/2352/588 327/2351/588 312/2349/588
usemtl ammunition_workshop
f 265/2355/589 264/2354/589 262/2353/589
f 263/2356/589 265/2355/589 262/2353/589
f 269/2359/590 268/2358/590 266/2357/590
f 267/2360/590 269/2359/590 266/2357/590
f 273/2363/591 272/2362/591 270/2361/591
f 271/2364/591 273/2363/591 270/2361/591
f 277/2367/592 276/2366/592 274/2365/592
f 275/2368/592 277/2367/592 274/2365/592
usemtl common_rough_steel
f 317/2371/593 315/2370/593 316/2369/593
f 801/2372/593 317/2371/593 316/2369/593
f 801/2375/594 316/2374/594 319/2373/594
f 802/2376/594 801/2375/594 319/2373/594
f 802/2379/595 319/2378/595 320/2377/595
f 321/2380/595 802/2379/595 320/2377/595
usemtl ammunition_workshop
f 804/2383/596 803/2382/596 805/2381/596
f 806/2384/596 804/2383/596 805/2381/596
f 812/2387/597 811/2386/597 813/2385/597
f 814/2388/597 812/2387/597 813/2385/597
f 816/2391/598 815/2390/598 817/2389/598
f 818/2392/598 816/2391/598 817/2389/598
f 808/2395/599 807/2394/599 809/2393/599
f 810/2396/599 808/2395/599 809/2393/599
usemtl common_steel
f 820/2399/600 819/2398/600 821/2397/600
f 822/2400/600 820/2399/600 821/2397/600
f 825/2403/601 823/2402/601 824/2401/601
f 826/2404/601 825/2403/601 824/2401/601
usemtl common_copper_cable
f 828/2407/602 827/2406/602 829/2405/602
f 830/2408/602 828/2407/602 829/2405/602
f 832/2411/603 831/2410/603 833/2409/603
f 834/2412/603 832/2411/603 833/2409/603
usemtl ammunition_workshop
f 840/2415/604 839/2414/604 835/2413/604
f 836/2416/604 840/2415/604 835/2413/604
f 838/2419/605 837/2418/605 841/2417/605
f 842/2420/605 838/2419/605 841/2417/605
f 835/2423/606 839/2422/606 841/2421/606
f 837/2424/606 835/2423/606 841/2421/606
f 840/2427/607 836/2426/607 838/2425/607
f 842/2428/607 840/2427/607 838/2425/607
f 836/2431/608 835/2430/608 837/2429/608
f 838/2432/608 836/2431/608 837/2429/608
f 848/2435/609 847/2434/609 843/2433/609
f 844/2436/609 848/2435/609 843/2433/609
f 846/2439/610 845/2438/610 849/2437/610
f 850/2440/610 846/2439/610 849/2437/610
f 843/2443/611 847/2442/611 849/2441/611
f 845/2444/611 843/2443/611 849/2441/611
f 848/2447/612 844/2446/612 846/2445/612
f 850/2448/612 848/2447/612 846/2445/612
f 844/2451/613 843/2450/613 845/2449/613
f 846/2452/613 844/2451/613 845/2449/613
f 852/2455/614 851/2454/614 853/2453/614
f 854/2456/614 852/2455/614 853/2453/614
f 851/2459/615 855/2458/615 856/2457/615
f 853/2460/615 851/2459/615 856/2457/615
f 853/2463/616 856/2462/616 857/2461/616
f 854/2464/616 853/2463/616 857/2461/616
f 854/2467/617 857/2466/617 858/2465/617
f 852/2468/617 854/2467/617 858/2465/617
f 852/2471/618 858/2470/618 855/2469/618
f 851/2472/618 852/2471/618 855/2469/618