# Made by Pabilo8 with Blockbench
# Exported with IIToolkit Plugin on 26/08/2026
mtllib ammunition_assembler.mtl

o export_main
v 1.7813 1.125 3.25
v 1.7813 1.0625 3.25
v 1.7813 1.125 4
v 1.7813 1.0625 4
v 1.9688 1.125 3.25
v 1.9688 1.0625 3.25
v 1.9688 1.125 4
v 1.9688 1.0625 4
v 0.0625 1.1875 0.9375
v 0.0625 1.1875 2
v 0.0625 1 0.9375
v 0.0625 1 2
v 0 1.1875 0.9375
v 0 1.1875 2
v 0 1 0.9375
v 0 1 2
v -0.9375 1.1875 0.875
v 0.0625 1.1875 0.875
v -0.9375 1 0.875
v 0.0625 1 0.875
v -0.9375 1.1875 0.9375
v -0.9375 1 0.9375
v -0.9375 1.1875 0
v -0.9375 1 0
v -1 1.1875 0
v -1 1.1875 0.9375
v -1 1 0.9375
v -0.9375 1.1875 -1
v -0.9375 1 -1
v -1 1.1875 -1
v -1 1 -1
v 0.0625 1.1875 3
v 0.0625 1 3
v 0 1.1875 3
v 0 1 3
v 0.0625 1.1875 4
v 0.0625 1 4
v 0 1.1875 4
v 0 1 4
v 0.0625 1.1875 5
v 0.0625 1 5
v 0 1.1875 5
v 0 1 5
v -0.875 1.25 2.625
v -0.8125 1.25 2.625
v -0.9375 1.125 2.625
v -0.8125 1.125 2.625
v -0.875 1.25 2.75
v -0.8125 1.25 2.75
v -0.9375 1.125 2.75
v -0.9375 1.125 2.125
v -0.9375 1 2.125
v -0.9375 1 2.75
v -0.9375 1.0313 2
v -0.8125 1.0313 2
v -0.9385 1 2
v -0.8125 1 2
v -0.9375 1.125 1.875
v -0.9375 1 1.875
v -0.875 1.25 1.25
v -0.8125 1.25 1.25
v -0.9375 1.125 1.25
v -0.875 1.25 1.375
v -0.8125 1.25 1.375
v -0.9375 1.125 1.375
v -0.8125 1.125 1.375
v -0.9375 1 1.25
v 1.4482 1.5067 2.8968
v 1.5 1.5 2.8625
v 1.4482 1.0772 2.9803
v 1.5 1.0705 2.946
v 1.4831 1.5166 2.9477
v 1.535 1.5099 2.9134
v 1.4831 1.0871 3.0311
v 1.535 1.0804 2.9968
v 1.4375 1.5 3.05
v 1.5 1.5 3.05
v 1.4375 1.0668 2.9891
v 1.5 1.0668 2.9891
v 1.4375 1.4913 3.1119
v 1.5 1.4913 3.1119
v 1.4375 1.0581 3.051
v 1.5 1.0581 3.051
v 1.3568 1.0688 2.9552
v 1.5294 1.0688 2.882
v 1.4301 1.0688 3.1278
v 1.6027 1.0688 3.0545
v 1.5294 1.3813 2.882
v 1.5869 1.3813 2.8575
v 1.5869 1.0688 2.8575
v 1.6027 1.3813 3.0545
v 1.6602 1.3813 3.0301
v 1.6602 1.0688 3.0301
v 1.6846 1.3813 3.0877
v 1.6846 1.0688 3.0877
v 1.3725 1.3813 3.1522
v 1.3969 1.3813 3.2098
v 1.3725 1.0688 3.1522
v 1.3969 1.0688 3.2098
v 1.2993 1.3813 2.9796
v 1.3568 1.3813 2.9552
v 1.2993 1.0688 2.9796
v 1.4301 1.3813 3.1278
v 1.5625 1.3813 2.8
v 1.5625 1.0688 2.8
v 1.2748 1.3813 2.9221
v 1.2748 1.0688 2.9221
v 0.875 1 -0.125
v 1.2165 1.2567 3.2902
v 1.3975 1.2504 3.2416
v 1.4105 1.25 4.0146
v 1.5915 1.2436 3.9661
v 1.223 1.4441 3.2902
v 1.404 1.4378 3.2416
v 1.417 1.4374 4.0146
v 1.598 1.431 3.9661
v 1.2189 1.069 3.25
v 1.4063 1.0625 3.25
v 1.2189 1.069 4
v 1.4063 1.0625 4
v 1.2254 1.2564 3.25
v 1.4128 1.2499 3.25
v 1.2254 1.2564 4
v 1.4128 1.2499 4
v 1.5248 1.0709 3.301
v 1.7093 1.0644 3.3335
v 1.3946 1.0754 4.0396
v 1.5792 1.069 4.0721
v 1.5313 1.2583 3.301
v 1.7159 1.2518 3.3335
v 1.4012 1.2628 4.0396
v 1.5857 1.2564 4.0721
v -0.0339 1.3125 4.7421
v 0.9375 1.125 4
v 1.7188 1.1875 2.4688
v 1.7188 1.125 2.4688
v 1.6861 1.1875 2.7795
v 1.6861 1.125 2.7795
v 1.9052 1.1875 2.4883
v 1.9052 1.125 2.4883
v 1.8726 1.1875 2.7991
v 1.8726 1.125 2.7991
v 1.6875 1.125 2.4375
v 1.6875 1.0625 2.4375
v 1.6483 1.125 2.8104
v 1.6483 1.0625 2.8104
v 1.9361 1.125 2.4636
v 1.9361 1.0625 2.4636
v 1.8969 1.125 2.8366
v 1.8969 1.0625 2.8366
v 1.7188 1.375 2.5625
v 1.7188 1.25 2.5625
v 1.7057 1.375 2.6868
v 1.7057 1.25 2.6868
v 1.8431 1.375 2.5756
v 1.8431 1.25 2.5756
v 1.83 1.375 2.6999
v 1.83 1.25 2.6999
v 1.7334 1.1875 2.5766
v 1.7334 1.25 2.5766
v 1.8327 1.1875 2.5879
v 1.8327 1.25 2.5879
v 1.722 1.1875 2.6759
v 1.722 1.25 2.6759
v 1.8214 1.1875 2.6873
v 1.8214 1.25 2.6873
v 1.613 1.25 2.3526
v 1.613 1.1875 2.3526
v 1.1133 1.25 2.3701
v 1.1133 1.1875 2.3701
v 1.6261 1.25 2.7274
v 1.6261 1.1875 2.7274
v 1.1264 1.25 2.7449
v 1.1264 1.1875 2.7449
v 1.5313 1.3125 2.2813
v 1.5313 1.25 2.2813
v 1.0677 1.3125 2.4686
v 1.0677 1.25 2.4686
v 1.6717 1.3125 2.6289
v 1.6717 1.25 2.6289
v 1.2081 1.3125 2.8162
v 1.2081 1.25 2.8162
v 1.3622 1.1875 2.2363
v 1.3622 1.125 2.2363
v 1.0719 1.1875 2.6434
v 1.0719 1.125 2.6434
v 1.6675 1.1875 2.4541
v 1.6675 1.125 2.4541
v 1.3772 1.1875 2.8612
v 1.3772 1.125 2.8612
v 1.613 1.125 2.3526
v 1.613 1.0625 2.3526
v 1.1133 1.125 2.3701
v 1.1133 1.0625 2.3701
v 1.6261 1.125 2.7274
v 1.6261 1.0625 2.7274
v 1.1264 1.125 2.7449
v 1.1264 1.0625 2.7449
v 2 1.0625 3.125
v 2.0016 1 3.125
v 1 1.0625 3.125
v 2 1.0625 4.125
v 2.001 1 4.125
v 1 1.0625 4.125
v 1 1.0625 2.125
v 2 1.0625 2.125
v 2.0008 1 2.125
v 1.75 1.4124 2.0188
v 1.875 1.4124 2.0188
v 1.75 0.9794 2.2688
v 1.875 0.9794 2.2688
v 1.75 1.4749 2.127
v 1.875 1.4749 2.127
v 1.75 1.0419 2.377
v 1.875 1.0419 2.377
v 1.125 1.4124 2.0188
v 1.25 1.4124 2.0188
v 1.125 0.9794 2.2688
v 1.25 0.9794 2.2688
v 1.125 1.4749 2.127
v 1.25 1.4749 2.127
v 1.125 1.0419 2.377
v 1.25 1.0419 2.377
v -0.875 1 -1
v -0.875 0.9375 -1
v -0.875 1 -0.9375
v -0.875 0.9375 -0.9375
v 1.875 1 -1
v 1.875 0.9375 -1
v 1.875 1 -0.9375
v 1.875 0.9375 -0.9375
v 0.875 1.875 -1
v 1 1.875 -1
v 0.875 1 -1
v 1 1 -1
v 0.875 1.875 -0.875
v 1 1.875 -0.875
v 0.875 1 -0.875
v 1 1 -0.875
v 0.875 1.875 -0.125
v 1 1.875 -0.125
v 1 1 -0.125
v 0.875 1.875 0
v 1 1.875 0
v 0.875 1 0
v 1 1 0
v 0 1.875 -0.125
v 0.125 1.875 -0.125
v 0 1 -0.125
v 0.125 1 -0.125
v 0 1.875 0
v 0.125 1.875 0
v 0.125 1 0
v 0 1.875 -1
v 0.125 1.875 -1
v 0 1 -1
v 0.125 1 -1
v 0 1.875 -0.875
v 0.125 1.875 -0.875
v 0 1 -0.875
v 0.125 1 -0.875
v 0.125 1.75 -0.9375
v 0.125 1 -0.9375
v 0.875 1.75 -0.9375
v 0.875 1 -0.9375
v 0.125 1.75 -0.0625
v 0.125 1 -0.0625
v 0.875 1.75 -0.0625
v 0.875 1 -0.0625
v 0.0625 1.75 -0.875
v 0.0625 1 -0.875
v 0.0625 1.75 -0.125
v 0.0625 1 -0.125
v 0.9375 1.75 -0.875
v 0.9375 1 -0.875
v 0.9375 1.75 -0.125
v 0.9375 1 -0.125
v 1 1.1875 0
v 1 1.1875 1
v 0.9375 1.1875 0
v 0.9375 1.1875 1
v 0.9375 1 0
v 0.9375 1 1
v 1 1.1875 2
v 0.9375 1.1875 2
v 0.9375 1 2
v 1 1 2
v 1.0625 1.1875 2
v 1.0625 1.1875 1
v 1.0625 1 2
v 1.0625 1 1
v 1 1.1875 3
v 1 1 3
v 0.9375 1.1875 3
v 0.9375 1 3
v 1 1.1875 4
v 1 1 4
v 0.9375 1.1875 4
v 0.9375 1 4
v 1 1.1875 5
v 1 1 5
v 0.9375 1.1875 5
v 0.9375 1 5
v 1.0625 1.1875 0
v 1.0625 1 0
v 1.0625 1.1875 -1
v 1.0625 1 -1
v 1 1.1875 -1
v 0 1.1875 -1
v -0.0625 1.1875 -1
v -0.0625 1 -1
v 1.9375 1.1875 2
v 1.9375 1.1875 1
v 1.9375 1 2
v 2 1.1875 2
v 2 1.1875 1
v 2 1 2
v 1.9375 1.1875 0
v 2 1.1875 0
v 2 1.1875 -1
v 2 1 -1
v 1.9375 1.1875 -1
v 1.9375 1 -1
v 1.9375 1 0
v 1.9375 1.125 1
v 1.9375 1.125 2
v 1.9375 1 1
v 1.0625 1.125 1
v 1.0625 1.125 2
v 0.9375 1.125 0
v 0.9375 1.125 1
v 0.0625 1.125 0
v 0.0625 1.125 1
v 0.0625 1 0
v 0.0625 1 1
v -0.9375 1.125 0
v -0.9375 1.125 0.875
v 0.0625 1.125 0.875
v -0.0625 1.125 -1
v -0.0625 1.125 0
v -0.9375 1.125 -1
v 1.9375 1.125 0
v 1.0625 1.125 0
v 1.9375 1.125 -1
v 1.0625 1.125 -1
v 0.9375 1.125 2
v 0.0625 1.125 2
v 0.9375 1.125 3
v 0.0625 1.125 3
v 0.0625 1.125 4
v 0.9375 1.125 5
v 0.0625 1.125 5
v -1 0.5 -1
v -0.875 0.5 -1
v -1 1 -0.875
v -0.875 1 -0.875
v -1 0.5 -0.875
v -0.875 0.5 -0.875
v 1.875 0.5 -1
v 2 0.5 -1
v 1.875 1 -0.875
v 2 1 -0.875
v 1.875 0.5 -0.875
v 2 0.5 -0.875
v 1.9375 0.9375 -0.875
v 2 0.9375 -0.875
v 1.9375 0.9375 2
v 2 0.9375 2
v -1.0031 1 3
v -0.9437 1 3
v -1.0062 0 3
v -0.9437 0 3
v -1.0031 1 4
v -0.9437 1 4
v -1.0062 0 4
v -0.9437 0 4
v -1.0062 1 1
v -0.9437 1 1
v -1.0062 0 1
v -0.9437 0 1
v -1.0062 1 2
v -1.0021 0 2
v -0.9437 0 2
v 1.9375 1 -0.9375
v 1.9375 0.5 -0.9375
v 0.5 1 -0.9375
v 0.5 0.5 -0.9375
v 1.9375 0.5 2
v 1.9375 0.5 0.5
v 1.9375 1 0.5
v 1.9375 0.75 0.5
v 1.9375 0.75 2
v 0.5 0.75 -0.9375
v 1.9375 0.75 -0.9375
v 0.5 1 2
v -0.9375 0.5 2
v 0.5 1 4.9375
v 0.5 0.5 4.9375
v -0.9375 1 4.9375
v -0.9375 0.5 4.9375
v -0.9375 1 3.4375
v -0.9375 0.5 3.4375
v 0.5 1 3.4375
v -0.9375 0.75 3.4375
v -0.9375 0.75 4.9375
v 0.5 0.75 4.9375
v -0.9375 0.75 2
v 1.9375 1 4.9375
v 1.9375 0.5 4.9375
v 1.9375 1 3.4375
v 1.9375 0.75 4.9375
v -0.9375 1 -0.9375
v -0.9375 0.5 -0.9375
v -0.9375 1 0.5313
v -0.9375 0.5 0.5313
v 0.5 1 0.5313
v -0.9375 0.75 0.5313
v -0.9375 0.75 -0.9375
v 0.5 0.5 -1
v -1 0 -1
v 0.5 0 -1
v -1 0.5 2
v 0.5 0 2
v -1 0 0.5
v 0.5 0 0.5
v -1 0.5 0.5
v -1 0.5 5
v 0.5 0.5 5
v -1 0 5
v 0.5 0 5
v -1 0 3.5
v 0.5 0 3.5
v -1 0.5 3.5
v 2 0 -1
v 2 0.5 2
v 2 0 2
v 2 0 0.5
v 2 0.5 0.5
v 2 0.5 5
v 2 0 5
v 2 0 3.5
v 2 0.5 3.5
v 1.9375 0.5 -1
v 1.9375 0.5 5
v -0.9375 0.5 5
v -0.9375 0.5 -1
v 1 1 2.125
v 1 0.5 2.125
v 1 0.5 2
v 2.0016 0.5 2.125
v 1 1.625 2.125
v 1 1.625 2
v 2 1.625 2.125
v 2 1.625 2
v 1.875 0.9375 4.125
v 2 0.9375 4.125
v 1.875 0.5 4.125
v 2.0016 0.5 4.125
v 1.875 0.9375 4.25
v 2 0.9375 4.25
v 1.875 0.5 4.25
v 2 0.5 4.25
v 1.9375 0.9375 4.125
v 1.9375 0.9375 4.875
v 2 0.9375 4.875
v 1.9391 1 4.125
v 1.9375 1 4.875
v 2 1 4.875
v 1.875 1 4.875
v 1.875 0.5 4.875
v 2 0.5 4.875
v 1.875 1 5
v 2 1 5
v 1.875 0.5 5
v -0.875 1 4.9375
v -0.875 0.9375 4.9375
v -0.875 1 5
v -0.875 0.9375 5
v 1.875 1 4.9375
v 1.875 0.9375 4.9375
v 1.875 0.9375 5
v -1 1 4.875
v -0.875 1 4.875
v -1 0.5 4.875
v -0.875 0.5 4.875
v -1 1 5
v -0.875 0.5 5
v -1 0.9375 4
v -0.9375 0.9375 4
v -1 0.9375 4.875
v -0.9375 0.9375 4.875
v -1 1 4
v -0.9375 1 4
v -0.9375 1 4.875
v -1 0.9375 2
v -0.9375 0.9375 2
v -1 0.9375 3
v -0.9375 0.9375 3
v -1 1 2
v -1 1 3
v -0.9375 1 3
v -1 0.9375 -0.875
v -1 0.9375 1
v -0.9375 0.9375 1
v -0.9375 0.9375 -0.875
v -0.875 2.875 3.125
v -0.125 2.875 3.125
v -0.875 2.75 3.125
v -0.125 2.75 3.125
v -0.875 2.875 3.875
v -0.125 2.875 3.875
v -0.875 2.75 3.875
v -0.125 2.75 3.875
v -0.875 1 3.875
v -0.125 1 3.875
v -0.875 2.875 4
v -0.125 2.875 4
v -0.875 1 4
v -0.125 1 4
v 0 2.875 3.125
v -0.125 2.1875 3.125
v 0 2.1875 3.125
v 0 2.875 3.875
v -0.125 2.1875 3.875
v 0 2.1875 3.875
v -1 2.875 3
v -0.875 2.875 3
v -0.875 1 3
v -1 2.875 4
v -0.75 2.4375 3
v -0.25 2.4375 3
v -0.75 1.8125 3
v -0.25 1.8125 3
v -0.75 2.4375 3.125
v -0.25 2.4375 3.125
v -0.75 1.8125 3.125
v -0.25 1.8125 3.125
v -0.125 2.875 3
v -0.125 1 3
v -0.875 1 3.125
v -0.125 1 3.125
v 0 1 3.875
v 0 2.875 4
v 0 2.875 3
v 0 1 3.125
v -0.2907 2.2166 3.8445
v -0.2907 2.2166 3.8757
v -0.1197 1.7468 3.8445
v -0.1197 1.7468 3.8757
v -0.6431 2.0884 3.8445
v -0.6431 2.0884 3.8757
v -0.4721 1.6185 3.8445
v -0.4721 1.6185 3.8757
v -0.2954 1.6997 3.5375
v -0.2376 1.7236 3.5375
v -0.2475 1.5842 3.5375
v -0.1898 1.6082 3.5375
v -0.2954 1.6997 3.6625
v -0.2376 1.7236 3.6625
v -0.2475 1.5842 3.6625
v -0.1898 1.6082 3.6625
v -0.2954 1.6997 3.35
v -0.2376 1.7236 3.35
v -0.2475 1.5842 3.35
v -0.1898 1.6082 3.35
v -0.2954 1.6997 3.475
v -0.2376 1.7236 3.475
v -0.2475 1.5842 3.475
v -0.1898 1.6082 3.475
v -0.2954 1.6997 3.1625
v -0.2376 1.7236 3.1625
v -0.2475 1.5842 3.1625
v -0.1898 1.6082 3.1625
v -0.2954 1.6997 3.2875
v -0.2376 1.7236 3.2875
v -0.2475 1.5842 3.2875
v -0.1898 1.6082 3.2875
v -0.4375 1.75 3.1313
v -0.3125 1.75 3.1313
v -0.4375 1.4375 3.1313
v -0.1875 1.4375 3.1313
v -0.4375 1.75 3.6938
v -0.3125 1.75 3.6938
v -0.4375 1.4375 3.6938
v -0.1875 1.4375 3.6938
v -0.3125 1.75 3.3813
v -0.1875 1.4375 3.3813
v -0.4375 1.4375 3.3813
v -0.4375 1.75 3.3813
v -0.6875 1.625 3.3125
v -0.4375 1.625 3.3125
v -0.6875 1.4375 3.3125
v -0.4375 1.4375 3.3125
v -0.6875 1.625 3.5
v -0.4375 1.625 3.5
v -0.6875 1.4375 3.5
v -0.4375 1.4375 3.5
v -0.875 1.8125 3.3125
v -0.6875 1.8125 3.3125
v -0.875 1.625 3.3125
v -0.875 1.8125 3.5
v -0.6875 1.8125 3.5
v -0.875 1.625 3.5
v -0.875 1.5 3.3125
v -0.875 1.5 3.5
v -0.875 2 3.5
v -0.6875 2 3.5
v -0.875 2 3.875
v -0.6875 2 3.875
v -0.875 1.8125 3.875
v -0.6875 1.8125 3.875
v -0.875 1.9375 3.3125
v -0.6875 1.9375 3.3125
v -0.875 2.3125 3.125
v -0.8125 2.3125 3.125
v -0.875 2 3.125
v -0.8125 2 3.125
v -0.875 2.3125 3.4375
v -0.8125 2.3125 3.4375
v -0.875 2 3.4375
v -0.8125 2 3.4375
v -0.625 2.5 3.375
v -0.375 2.5 3.375
v -0.625 2.375 3.375
v -0.375 2.375 3.375
v -0.625 2.5 3.625
v -0.375 2.5 3.625
v -0.625 2.25 3.625
v -0.375 2.25 3.625
v -0.625 2.75 3.375
v -0.375 2.75 3.375
v -0.625 2.75 3.625
v -0.375 2.75 3.625
v -0.625 2.5 3.875
v -0.375 2.5 3.875
v -0.625 2.25 3.875
v -0.375 2.25 3.875
v -0.9375 1.4375 3.125
v -0.0625 1.4375 3.125
v -0.0625 1 3.125
v -0.9375 1.4375 3.875
v -0.0625 1.4375 3.875
v -0.0625 1 3.875
v -0.5 1.4375 3.125
v -0.5 1.4375 3.875
v -0.5 1.4375 3.5
v -0.9375 1.4375 3.5
v -0.0625 1 3.5
v -0.0625 1.4375 3.5
v -0.0625 1.25 3.5
v -0.0625 1.25 3.875
v -0.0625 1.25 3.125
v 0 2.375 3.875
v 0.125 2.375 3.875
v 0 1.375 3.875
v 0.125 1.375 3.875
v 0 2.375 3.9375
v 0.125 2.375 3.9375
v 0 1.375 3.9375
v 0.125 1.375 3.9375
v 0 2.375 3.0625
v 0.125 2.375 3.0625
v 0 1.375 3.0625
v 0.125 1.375 3.0625
v 0 2.375 3.125
v 0.125 2.375 3.125
v 0 1.375 3.125
v 0.125 1.375 3.125
v -0.9375 1.75 4.0625
v -0.9375 1.75 4
v -0.9375 1.5 4.0625
v -0.9375 1.5 4
v -0.6875 1.75 4.0625
v -0.6875 1.75 4
v -0.6875 1.5 4.0625
v -0.6875 1.5 4
v -0.3125 2.8125 4.0625
v -0.3125 2.8125 4
v -0.3125 2.5625 4.0625
v -0.3125 2.5625 4
v -0.0625 2.8125 4.0625
v -0.0625 2.8125 4
v -0.0625 2.5625 4.0625
v -0.0625 2.5625 4
v -0.2812 2.7813 4.0625
v -0.0937 2.7813 4.0625
v -0.2812 2.5938 4.0625
v -0.0937 2.5938 4.0625
v -0.2812 2.7188 4.25
v -0.0937 2.7188 4.25
v -0.2812 2.5938 4.25
v -0.0937 2.5938 4.25
v -0.2812 1.7188 4.0625
v -0.0937 1.7188 4.0625
v -0.2812 1.7188 4.25
v -0.0937 1.7188 4.25
v -0.2812 1.5313 4.0625
v -0.7187 1.7188 4.0625
v -0.7187 1.5313 4.0625
v -0.2812 1.5313 4.25
v -0.7187 1.7188 4.25
v -0.7187 1.5313 4.25
v -0.0937 1.6563 4.0625
v -0.0937 1.6563 4.25
v -0.9062 1.7188 4.0625
v -0.9062 1.5313 4.0625
v -0.7812 1.7188 4.25
v -0.7812 1.5313 4.25
v -0.8269 1.3125 5.1119
v -1.0911 1.3125 4.5454
v -0.8269 1 5.1119
v -1.0911 1 4.5454
v -0.2981 1.3125 4.1756
v -0.0339 1 4.7421
v -0.2981 1 4.1756
v 0.964 1.9375 4.4769
v 1.3657 1.9375 3.9981
v 0.964 1.625 4.4769
v 1.3657 1.625 3.9981
v 1.6343 1.9375 5.0394
v 2.036 1.9375 4.5606
v 1.6343 1.625 5.0394
v 2.036 1.625 4.5606
v 1.7104 1.625 5.0135
v 1.1002 1.625 4.8782
v 1.7104 1.3125 5.0135
v 1.1002 1.3125 4.8782
v 1.8998 1.625 4.1593
v 1.2896 1.625 4.024
v 1.8998 1.3125 4.1593
v 1.2896 1.3125 4.024
v 1.5285 1.3125 5.0556
v 1.0014 1.3125 4.7198
v 1.5285 1 5.0556
v 1.0014 1 4.7198
v 1.9986 1.3125 4.3177
v 1.4715 1.3125 3.9819
v 1.9986 1 4.3177
v 1.4715 1 3.9819
v 1.9375 0.75 4.1875
v 1.9375 0.5 4.1875
v 1.9375 1 4.1875
v 0.5 1 4.1875
v 2.125 1.0884 3.1265
v 2.1692 1.0442 3.1258
v 2.0808 1.0442 3.1258
v 2.125 1 3.125
v 2.125 1.0709 4.1264
v 2.1692 1.0267 4.1256
v 2.0808 1.0267 4.1256
v 2.125 0.9826 4.1248
v 1.5505 1.4861 3.1335
v 1.5947 1.5303 3.1343
v 2.0808 0.9558 3.1242
v 1.5505 1.4686 4.1333
v 1.5947 1.5128 4.1341
v 2.0808 0.9384 4.1241
v 2.0031 0.875 2.5625
v 2.0656 0.875 2.5625
v 2.0031 0.75 2.5625
v 2.0656 0.75 2.5625
v 2.0031 0.875 2.6875
v 2.0656 0.875 2.6875
v 2.0031 0.75 2.6875
v 2.0656 0.75 2.6875
v 2.0031 0.875 3.5625
v 2.0656 0.875 3.5625
v 2.0031 0.75 3.5625
v 2.0656 0.75 3.5625
v 2.0031 0.875 3.6875
v 2.0656 0.875 3.6875
v 2.0031 0.75 3.6875
v 2.0656 0.75 3.6875
v 1.9406 1 2.125
v 1.9406 0.5 2.125
v 1.9406 1 3.125
v 1.9406 0.5 3.125
v 2.0031 0.5 3.125
v 2.0031 0.75 3.125
v 2.0031 0.75 2.125
v 1.9406 0.75 2.125
v 1.9406 0.5 4.125
v 2.0031 0.75 4.125
v 1.9406 0.75 4.125
v -0.875 1.8125 3.5625
v -0.8125 1.8125 3.5625
v -0.875 1.5 3.5625
v -0.8125 1.5 3.5625
v -0.8125 1.8125 3.875
v -0.875 1.5 3.875
v -0.8125 1.5 3.875
v 0.5 1 0.5
v -0.0765 1.625 4.975
v -0.0493 1.625 4.3506
v -0.0765 1.3125 4.975
v -0.0493 1.3125 4.3506
v -0.9507 1.625 4.9369
v -0.9235 1.625 4.3125
v -0.9235 1.3125 4.3125
v -0.9507 1.3125 4.9369
v 2 1 1
v 2 1 0
v 0.875 1.75 -0.9375
v 0.125 1.75 -0.9375
v 0.875 1 -0.9375
v 0.125 1 -0.9375
v 0.9375 1.75 -0.125
v 0.9375 1.75 -0.875
v 0.9375 1 -0.125
v 0.9375 1 -0.875
v 0.875 1.75 -0.0625
v 0.125 1.75 -0.0625
v 0.875 1 -0.0625
v 0.125 1 -0.0625
v 0.0625 1.75 -0.125
v 0.0625 1.75 -0.875
v 0.0625 1 -0.125
v 0.0625 1 -0.875
v 0 1.1875 0
v -0.0625 1.1875 0
v 0 1 0
v -0.0625 1 0
v -1 1 0
v -0.9385 1 0
v -1 1 1
v -0.9375 1 1
v -0.8125 1.125 2.125
v -0.8125 1.125 2.75
v -0.8125 1 2.125
v -0.8125 1 2.75
v -0.8125 1.125 1.25
v -0.8125 1.125 1.875
v -0.8125 1 1.25
v -0.8125 1 1.875
v -0.1875 1.3125 1.1875
v -0.8125 1.3125 1.1875
v -0.1875 1.3125 1.8125
v -0.8125 1.3125 1.8125
v -0.1875 0.9375 1.1875
v -0.8125 0.9375 1.1875
v -0.1875 0.9375 1.8125
v -0.8125 0.9375 1.8125
v -0.1875 1.3125 2.1875
v -0.8125 1.3125 2.1875
v -0.1875 1.3125 2.8125
v -0.8125 1.3125 2.8125
v -0.1875 0.9375 2.1875
v -0.8125 0.9375 2.1875
v -0.1875 0.9375 2.8125
v -0.8125 0.9375 2.8125
v -0.1875 3 3.1875
v -0.8125 3 3.1875
v -0.1875 3 3.8125
v -0.8125 3 3.8125
v -0.1875 2.875 3.1875
v -0.1875 2.875 3.8125
v -0.8125 2.875 3.8125
v -0.8125 2.875 3.1875
vt 0.9844 0.8594
vt 1 0.8594
vt 1 0.6719
vt 0.9844 0.6719
vt 0.9531 0.875
vt 1 0.875
vt 1 0.8594
vt 0.9531 0.8594
vt 0.9531 0.8594
vt 1 0.8594
vt 1 0.8438
vt 0.9531 0.8438
vt 0.9531 0.8594
vt 1 0.8594
vt 1 0.6719
vt 0.9531 0.6719
vt 0.2031 1
vt 0.4688 1
vt 0.4688 0.9531
vt 0.2031 0.9531
vt 1 0.2656
vt 1 0.5313
vt 0.9531 0.5313
vt 0.9531 0.2656
vt 0 1
vt 0.0156 1
vt 0.0156 0.7344
vt 0 0.7344
vt 0.1719 1
vt 0.4219 1
vt 0.4219 0.9531
vt 0.1719 0.9531
vt 1 0.5156
vt 1 0.2656
vt 0.9531 0.2656
vt 0.9531 0.5156
vt 0 1
vt 0.0156 1
vt 0.0156 0.75
vt 0 0.75
vt 0.0156 0.9844
vt 0.0313 0.9844
vt 0.0313 0.9375
vt 0.0156 0.9375
vt 0.1719 1
vt 0.4219 1
vt 0.4219 0.9531
vt 0.1719 0.9531
vt 1 0.2656
vt 1 0.5
vt 0.9531 0.5
vt 0.9531 0.2656
vt 0 1
vt 0.0156 1
vt 0.0156 0.75
vt 0 0.75
vt 1 0.2813
vt 1 0.2656
vt 0.9531 0.2656
vt 0.9531 0.2813
vt 0.1719 1
vt 0.4219 1
vt 0.4219 0.9531
vt 0.1719 0.9531
vt 1 0.5
vt 1 0.25
vt 0.9531 0.25
vt 0.9531 0.5
vt 0 1
vt 0.0156 1
vt 0.0156 0.75
vt 0 0.75
vt 0.0156 0.9844
vt 0.0313 0.9844
vt 0.0313 0.9375
vt 0.0156 0.9375
vt 0.1719 1
vt 0.4219 1
vt 0.4219 0.9531
vt 0.1719 0.9531
vt 1 0.5156
vt 1 0.2656
vt 0.9531 0.2656
vt 0.9531 0.5156
vt 0 1
vt 0.0156 1
vt 0.0156 0.75
vt 0 0.75
vt 0.1719 1
vt 0.4219 1
vt 0.4219 0.9531
vt 0.1719 0.9531
vt 0.1719 0.9844
vt 0.4219 0.9844
vt 0.4219 0.9375
vt 0.1719 0.9375
vt 0 1
vt 0.0156 1
vt 0.0156 0.75
vt 0 0.75
vt 0.1719 1
vt 0.4219 1
vt 0.4219 0.9531
vt 0.1719 0.9531
vt 1 0.25
vt 1 0.5
vt 0.9531 0.5
vt 0.9531 0.25
vt 0 1
vt 0.0156 1
vt 0.0156 0.75
vt 0 0.75
vt 0.0156 0.9844
vt 0.0313 0.9844
vt 0.0313 0.9375
vt 0.0156 0.9375
vt 0.8125 0.1398
vt 0.875 0.1398
vt 0.875 0.0148
vt 0.75 0.0148
vt 0.75 0.125
vt 0.8125 0.125
vt 0.875 0
vt 0.75 0
vt 0.75 0.0773
vt 0.875 0.0773
vt 0.875 0.0148
vt 0.75 0.0148
vt 0.5625 0.375
vt 0.6875 0.375
vt 0.6875 0.25
vt 0.5625 0.25
vt 0.5625 0.25
vt 0.5625 0.875
vt 0.6875 0.875
vt 0.6875 0.25
vt 0.5625 0.25
vt 0.5625 0.875
vt 0.6875 0.875
vt 0.6875 0.25
vt 0.5625 0.875
vt 0.5625 1
vt 0.6875 1
vt 0.6875 0.875
vt 0.6875 0.375
vt 0.6875 0.25
vt 0.5625 0.25
vt 0.5625 0.375
vt 0.75 0.125
vt 0.875 0.0313
vt 0.875 0
vt 0.75 0
vt 0.75 0.0313
vt 0.875 0.125
vt 0.875 0
vt 0.75 0
vt 0.6875 0.375
vt 0.6875 0.25
vt 0.5625 0.25
vt 0.5625 0.375
vt 0.75 0.125
vt 0.875 0.0313
vt 0.875 0
vt 0.75 0
vt 0.75 0.0313
vt 0.875 0.125
vt 0.875 0
vt 0.75 0
vt 0.8125 0.1398
vt 0.875 0.1398
vt 0.875 0.0148
vt 0.75 0.0148
vt 0.75 0.125
vt 0.8125 0.125
vt 0.875 0
vt 0.75 0
vt 0.75 0.0773
vt 0.875 0.0773
vt 0.875 0.0148
vt 0.75 0.0148
vt 0.5625 0.375
vt 0.6875 0.375
vt 0.6875 0.25
vt 0.5625 0.25
vt 0.5625 0.0625
vt 0.5625 0.6875
vt 0.6875 0.6875
vt 0.6875 0.0625
vt 0.5625 0.0625
vt 0.5625 0.6875
vt 0.6875 0.6875
vt 0.6875 0.0625
vt 0.6875 1
vt 0.6875 0.875
vt 0.5625 0.875
vt 0.5625 1
vt 0.7813 0.1094
vt 0.7969 0.1094
vt 0.7969 0
vt 0.7813 0
vt 0.7813 0.1094
vt 0.7969 0.1094
vt 0.7969 0
vt 0.7813 0
vt 0.7813 0.125
vt 0.7969 0.125
vt 0.7969 0.1094
vt 0.7813 0.1094
vt 0.7813 0.1094
vt 0.7969 0.1094
vt 0.7969 0
vt 0.7813 0
vt 0.7813 0.1094
vt 0.7969 0.1094
vt 0.7969 0
vt 0.7813 0
vt 0.7656 0.1094
vt 0.7813 0.1094
vt 0.7813 0
vt 0.7656 0
vt 0.7656 0.1094
vt 0.7813 0.1094
vt 0.7813 0
vt 0.7656 0
vt 0.7656 0.125
vt 0.7813 0.125
vt 0.7813 0.1094
vt 0.7656 0.1094
vt 0.7656 0.1094
vt 0.7813 0.1094
vt 0.7813 0
vt 0.7656 0
vt 0.7656 0.1094
vt 0.7813 0.1094
vt 0.7813 0
vt 0.7656 0
vt 0.3594 0.5469
vt 0.4063 0.5469
vt 0.4063 0.5
vt 0.3594 0.5
vt 0.375 0.9844
vt 0.4219 0.9844
vt 0.4219 1
vt 0.375 1
vt 0.4844 0.9844
vt 0.4375 0.9844
vt 0.4375 0.9063
vt 0.4844 0.9063
vt 0.4219 0.9844
vt 0.375 0.9844
vt 0.375 0.9063
vt 0.4219 0.9063
vt 0.3438 1
vt 0.3594 1
vt 0.3594 0.9219
vt 0.3438 0.9219
vt 0.25 1
vt 0.2656 1
vt 0.2656 0.9219
vt 0.25 0.9219
vt 0.3438 1
vt 0.4219 1
vt 0.4219 0.9844
vt 0.3438 0.9844
vt 0.3594 1
vt 0.4375 1
vt 0.4375 0.9219
vt 0.3594 0.9219
vt 0.2656 1
vt 0.3438 1
vt 0.3438 0.9219
vt 0.2656 0.9219
vt 0.375 0.9844
vt 0.4219 0.9844
vt 0.4219 1
vt 0.375 1
vt 0.4844 0.9844
vt 0.4375 0.9844
vt 0.4375 0.9063
vt 0.4844 0.9063
vt 0.4219 0.9844
vt 0.375 0.9844
vt 0.375 0.9063
vt 0.4219 0.9063
vt 0.3438 1
vt 0.3594 1
vt 0.3594 0.9219
vt 0.3438 0.9219
vt 0.25 1
vt 0.2656 1
vt 0.2656 0.9219
vt 0.25 0.9219
vt 0.3438 1
vt 0.4219 1
vt 0.4219 0.9844
vt 0.3438 0.9844
vt 0.3594 1
vt 0.4375 1
vt 0.4375 0.9219
vt 0.3594 0.9219
vt 0.2656 1
vt 0.3438 1
vt 0.3438 0.9219
vt 0.2656 0.9219
vt 0 0.5156
vt 0.0469 0.5156
vt 0.0469 0.3281
vt 0 0.3281
vt 0 0.5156
vt 0.0469 0.5156
vt 0.0469 0.3281
vt 0 0.3281
vt 0 0.5625
vt 0.0469 0.5625
vt 0.0469 0.5156
vt 0 0.5156
vt 0 0.3281
vt 0.0469 0.3281
vt 0.0469 0.2813
vt 0 0.2813
vt 0 0.5156
vt 0.0469 0.5156
vt 0.0469 0.3281
vt 0 0.3281
vt 0 0.5156
vt 0.0469 0.5156
vt 0.0469 0.3281
vt 0 0.3281
vt 0 0.5156
vt 0.0469 0.5156
vt 0.0469 0.3281
vt 0 0.3281
vt 0 0.5625
vt 0.0469 0.5625
vt 0.0469 0.5156
vt 0 0.5156
vt 0 0.3281
vt 0.0469 0.3281
vt 0.0469 0.2813
vt 0 0.2813
vt 0 0.5156
vt 0.0469 0.5156
vt 0.0469 0.3281
vt 0 0.3281
vt 0 0.5156
vt 0.0469 0.5156
vt 0.0469 0.3281
vt 0 0.3281
vt 0 0.5156
vt 0.0469 0.5156
vt 0.0469 0.3281
vt 0 0.3281
vt 0 0.5625
vt 0.0469 0.5625
vt 0.0469 0.5156
vt 0 0.5156
vt 0 0.3281
vt 0.0469 0.3281
vt 0.0469 0.2813
vt 0 0.2813
vt 0 0.5156
vt 0.0469 0.5156
vt 0.0469 0.3281
vt 0 0.3281
vt 0 0.5156
vt 0.0469 0.5156
vt 0.0469 0.3281
vt 0 0.3281
vt 0.9844 0.2031
vt 1 0.2031
vt 1 0.125
vt 0.9844 0.125
vt 0.9844 0.2031
vt 1 0.2031
vt 1 0.125
vt 0.9844 0.125
vt 0.9531 0.1406
vt 1 0.1406
vt 1 0.125
vt 0.9531 0.125
vt 0.9531 0.1406
vt 1 0.1406
vt 1 0.125
vt 0.9531 0.125
vt 0.9531 0.2031
vt 1 0.2031
vt 1 0.125
vt 0.9531 0.125
vt 0.9375 0.2188
vt 0.9531 0.2188
vt 0.9531 0.125
vt 0.9375 0.125
vt 0.8906 0.2188
vt 0.9063 0.2188
vt 0.9063 0.125
vt 0.8906 0.125
vt 0.8906 0.2188
vt 0.9531 0.2188
vt 0.9531 0.2031
vt 0.8906 0.2031
vt 0.8906 0.1406
vt 0.9531 0.1406
vt 0.9531 0.125
vt 0.8906 0.125
vt 0.8906 0.2188
vt 0.9531 0.2188
vt 0.9531 0.125
vt 0.8906 0.125
vt 0.8125 0.2188
vt 0.875 0.2188
vt 0.875 0.125
vt 0.8125 0.125
vt 0 0.6719
vt 0 0.7031
vt 0.0313 0.7031
vt 0.0313 0.6719
vt 0.0313 0.7031
vt 0.0313 0.6719
vt 0 0.6719
vt 0 0.7031
vt 0.0313 0.6719
vt 0 0.6719
vt 0 0.7031
vt 0.0313 0.7031
vt 0 0.7031
vt 0.0313 0.7031
vt 0.0313 0.6719
vt 0 0.6719
vt 0.0625 0.7656
vt 0.0625 0.7344
vt 0.0313 0.7344
vt 0.0313 0.7656
vt 0 0.6719
vt 0.0313 0.6719
vt 0.0313 0.6406
vt 0 0.6406
vt 0.9063 0.6563
vt 0.8906 0.6563
vt 0.8906 0.625
vt 0.9063 0.625
vt 0.8906 0.6563
vt 0.875 0.6563
vt 0.875 0.625
vt 0.8906 0.625
vt 0.875 0.6406
vt 0.9063 0.6406
vt 0.9063 0.6563
vt 0.875 0.6563
vt 0.875 0.6406
vt 0.9063 0.6406
vt 0.9063 0.625
vt 0.875 0.625
vt 0.9063 0.125
vt 0.8906 0.125
vt 0.8906 0
vt 0.9063 0
vt 1 0.125
vt 0.9844 0.125
vt 0.9844 0
vt 1 0
vt 0.9063 0
vt 1 0
vt 1 0.0156
vt 0.9063 0.0156
vt 0.9063 0.0156
vt 1 0.0156
vt 1 0
vt 0.9063 0
vt 1 0.125
vt 0.9063 0.125
vt 0.9063 0
vt 1 0
vt 0.8906 0.125
vt 0.7969 0.125
vt 0.7969 0
vt 0.8906 0
vt 0.9063 0.125
vt 0.8906 0.125
vt 0.8906 0
vt 0.9063 0
vt 1 0.125
vt 0.9844 0.125
vt 0.9844 0
vt 1 0
vt 0.9063 0
vt 1 0
vt 1 0.0156
vt 0.9063 0.0156
vt 0.9063 0.0156
vt 1 0.0156
vt 1 0
vt 0.9063 0
vt 1 0.125
vt 0.9063 0.125
vt 0.9063 0
vt 1 0
vt 0.8906 0.125
vt 0.7969 0.125
vt 0.7969 0
vt 0.8906 0
vt 0.9063 0.125
vt 0.8906 0.125
vt 0.8906 0
vt 0.9063 0
vt 1 0.125
vt 0.9844 0.125
vt 0.9844 0
vt 1 0
vt 0.9063 0
vt 1 0
vt 1 0.0156
vt 0.9063 0.0156
vt 0.9063 0.0156
vt 1 0.0156
vt 1 0
vt 0.9063 0
vt 1 0.125
vt 0.9063 0.125
vt 0.9063 0
vt 1 0
vt 0.8906 0.125
vt 0.7969 0.125
vt 0.7969 0
vt 0.8906 0
vt 0.9063 0.125
vt 0.8906 0.125
vt 0.8906 0
vt 0.9063 0
vt 1 0.125
vt 0.9844 0.125
vt 0.9844 0
vt 1 0
vt 0.9063 0
vt 1 0
vt 1 0.0156
vt 0.9063 0.0156
vt 0.9063 0.0156
vt 1 0.0156
vt 1 0
vt 0.9063 0
vt 1 0.125
vt 0.9063 0.125
vt 0.9063 0
vt 1 0
vt 0.2656 0.0156
vt 0.5156 0.0156
vt 0.5156 0
vt 0.2656 0
vt 0.5156 0
vt 0.2656 0
vt 0.2656 0.25
vt 0.5156 0.25
vt 0.2656 0.0156
vt 0.5156 0.0156
vt 0.5156 0
vt 0.2656 0
vt 0.5156 0
vt 0.2656 0
vt 0.2656 0.25
vt 0.5156 0.25
vt 0.4688 1
vt 0.4688 0.9688
vt 0.3438 0.9688
vt 0.3438 1
vt 0.4531 1
vt 0.4531 0.9688
vt 0.3281 0.9688
vt 0.3281 1
vt 0.375 0.9688
vt 0.375 1
vt 0.5 1
vt 0.5 0.9688
vt 0.375 0.9688
vt 0.375 1
vt 0.5 1
vt 0.5 0.9688
vt 0.4688 1
vt 0.4688 0.9688
vt 0.3438 0.9688
vt 0.3438 1
vt 0.4531 1
vt 0.4531 0.9688
vt 0.3281 0.9688
vt 0.3281 1
vt 0.375 0.9688
vt 0.375 1
vt 0.5 1
vt 0.5 0.9688
vt 0.375 0.9688
vt 0.375 1
vt 0.5 1
vt 0.5 0.9688
vt 0.6406 0.8594
vt 0.6563 0.8594
vt 0.6563 0.8438
vt 0.6406 0.8438
vt 0.6094 0.8594
vt 0.625 0.8594
vt 0.625 0.8438
vt 0.6094 0.8438
vt 0.0781 1
vt 0.7656 1
vt 0.7656 0.9844
vt 0.0781 0.9844
vt 0 1
vt 0.6875 1
vt 0.6875 0.9844
vt 0 0.9844
vt 0.0781 0.8594
vt 0.7656 0.8594
vt 0.7656 0.8438
vt 0.0781 0.8438
vt 0 0.7188
vt 0.0313 0.7188
vt 0.0313 0.5
vt 0 0.5
vt 0 0.7188
vt 0.0313 0.7188
vt 0.0313 0.5
vt 0 0.5
vt 0 0.5313
vt 0.0313 0.5313
vt 0.0313 0.5
vt 0 0.5
vt 0.9688 0.6094
vt 1 0.6094
vt 1 0.3906
vt 0.9688 0.3906
vt 0.9688 0.6719
vt 1 0.6719
vt 1 0.4531
vt 0.9688 0.4531
vt 0 0.7188
vt 0.0313 0.7188
vt 0.0313 0.5
vt 0 0.5
vt 0 0.7188
vt 0.0313 0.7188
vt 0.0313 0.5
vt 0 0.5
vt 0 0.5313
vt 0.0313 0.5313
vt 0.0313 0.5
vt 0 0.5
vt 0.9688 0.6094
vt 1 0.6094
vt 1 0.3906
vt 0.9688 0.3906
vt 0.9688 0.6719
vt 1 0.6719
vt 1 0.4531
vt 0.9688 0.4531
vt 0 0.7188
vt 0.0313 0.7188
vt 0.0313 0.5
vt 0 0.5
vt 0 0.7188
vt 0.0313 0.7188
vt 0.0313 0.5
vt 0 0.5
vt 0 0.5313
vt 0.0313 0.5313
vt 0.0313 0.5
vt 0 0.5
vt 0.9688 0.6094
vt 1 0.6094
vt 1 0.3906
vt 0.9688 0.3906
vt 0.9688 0.6719
vt 1 0.6719
vt 1 0.4531
vt 0.9688 0.4531
vt 0 0.7188
vt 0.0313 0.7188
vt 0.0313 0.5
vt 0 0.5
vt 0 0.7188
vt 0.0313 0.7188
vt 0.0313 0.5
vt 0 0.5
vt 0 0.5313
vt 0.0313 0.5313
vt 0.0313 0.5
vt 0 0.5
vt 0.9688 0.6094
vt 1 0.6094
vt 1 0.3906
vt 0.9688 0.3906
vt 0.9688 0.6719
vt 1 0.6719
vt 1 0.4531
vt 0.9688 0.4531
vt 0.1719 0.9844
vt 0.4219 0.9844
vt 0.4219 0.9375
vt 0.1719 0.9375
vt 0 1
vt 0.0156 1
vt 0.0156 0.75
vt 0 0.75
vt 0.0156 0.9844
vt 0.0313 0.9844
vt 0.0313 0.9375
vt 0.0156 0.9375
vt 0.1719 0.9844
vt 0.4219 0.9844
vt 0.4219 0.9375
vt 0.1719 0.9375
vt 0 1
vt 0.0156 1
vt 0.0156 0.75
vt 0 0.75
vt 0.1719 0.9844
vt 0.4219 0.9844
vt 0.4219 0.9375
vt 0.1719 0.9375
vt 0.0156 0.8906
vt 0.0313 0.8906
vt 0.0313 0.6406
vt 0.0156 0.6406
vt 0.0156 0.9844
vt 0.0313 0.9844
vt 0.0313 0.9375
vt 0.0156 0.9375
vt 0.1719 1
vt 0.4219 1
vt 0.4219 0.9531
vt 0.1719 0.9531
vt 0.1719 0.9844
vt 0.4219 0.9844
vt 0.4219 0.9375
vt 0.1719 0.9375
vt 0 1
vt 0.0156 1
vt 0.0156 0.75
vt 0 0.75
vt 0.1719 1
vt 0.4219 1
vt 0.4219 0.9531
vt 0.1719 0.9531
vt 0.1719 0.9844
vt 0.4219 0.9844
vt 0.4219 0.9375
vt 0.1719 0.9375
vt 0 0.9844
vt 0.0156 0.9844
vt 0.0156 0.7344
vt 0 0.7344
vt 1 0.5
vt 1 0.25
vt 0.9531 0.25
vt 0.9531 0.5
vt 0.1719 0.9844
vt 0.4219 0.9844
vt 0.4219 0.9375
vt 0.1719 0.9375
vt 0 1
vt 0.0156 1
vt 0.0156 0.75
vt 0 0.75
vt 0.0156 0.9844
vt 0.0313 0.9844
vt 0.0313 0.9375
vt 0.0156 0.9375
vt 0.1719 0.9844
vt 0.4219 0.9844
vt 0.4219 0.9375
vt 0.1719 0.9375
vt 0.0156 0.8906
vt 0.0313 0.8906
vt 0.0313 0.6406
vt 0.0156 0.6406
vt 0.1719 1
vt 0.4219 1
vt 0.4219 0.9531
vt 0.1719 0.9531
vt 0.1719 0.9844
vt 0.4219 0.9844
vt 0.4219 0.9375
vt 0.1719 0.9375
vt 0.0156 0.9531
vt 0.0313 0.9531
vt 0.0313 0.7031
vt 0.0156 0.7031
vt 0.0156 0.9844
vt 0.0313 0.9844
vt 0.0313 0.9375
vt 0.0156 0.9375
vt 0.1719 1
vt 0.4219 1
vt 0.4219 0.9531
vt 0.1719 0.9531
vt 0.1719 0.9844
vt 0.4219 0.9844
vt 0.4219 0.9375
vt 0.1719 0.9375
vt 0.0156 1
vt 0.0313 1
vt 0.0313 0.75
vt 0.0156 0.75
vt 0.0156 0.9844
vt 0.0313 0.9844
vt 0.0313 0.9375
vt 0.0156 0.9375
vt 0 1
vt 0.0156 1
vt 0.0156 0.75
vt 0 0.75
vt 0.0156 0.9844
vt 0.0313 0.9844
vt 0.0313 0.9375
vt 0.0156 0.9375
vt 0 1
vt 0.0156 1
vt 0.0156 0.75
vt 0 0.75
vt 0.1719 0.9844
vt 0.4219 0.9844
vt 0.4219 0.9375
vt 0.1719 0.9375
vt 0 1
vt 0.0156 1
vt 0.0156 0.75
vt 0 0.75
vt 0.0156 0.9844
vt 0.0313 0.9844
vt 0.0313 0.9375
vt 0.0156 0.9375
vt 0 1
vt 0.875 1
vt 0.875 0.875
vt 0 0.875
vt 0 1
vt 0.875 1
vt 0.875 0.875
vt 0 0.875
vt 0.9375 0
vt 0.0625 0
vt 0.0625 1
vt 0.9375 1
vt 0.0625 1
vt 0.9375 1
vt 0.9375 0
vt 0.0625 0
vt 0.0625 1
vt 0.9375 1
vt 0.9375 0.875
vt 0.0625 0.875
vt 0 1
vt 0.875 1
vt 0.875 0.875
vt 0 0.875
vt 0 1
vt 0.875 1
vt 0.875 0.875
vt 0 0.875
vt 0.9375 0
vt 0.0625 0
vt 0.0625 1
vt 0.9375 1
vt 0.0625 1
vt 0.9375 1
vt 0.9375 0
vt 0.0625 0
vt 0.0625 1
vt 0.9375 1
vt 0.9375 0.875
vt 0.0625 0.875
vt 0 1
vt 0.875 1
vt 0.875 0.875
vt 0 0.875
vt 0 1
vt 0.875 1
vt 0.875 0.875
vt 0 0.875
vt 0.9375 0
vt 0.0625 0
vt 0.0625 1
vt 0.9375 1
vt 0.0625 1
vt 0.9375 1
vt 0.9375 0
vt 0.0625 0
vt 0.0625 1
vt 0.9375 1
vt 0.9375 0.875
vt 0.0625 0.875
vt 0.0625 1
vt 0.9375 1
vt 0.9375 0.875
vt 0.0625 0.875
vt 0 1
vt 0.875 1
vt 0.875 0.875
vt 0 0.875
vt 0 1
vt 0.875 1
vt 0.875 0.875
vt 0 0.875
vt 0.9375 0
vt 0.0625 0
vt 0.0625 1
vt 0.9375 1
vt 0.0625 1
vt 0.9375 1
vt 0.9375 0
vt 0.0625 0
vt 0.0625 1
vt 0.9375 1
vt 0.9375 0.875
vt 0.0625 0.875
vt 0.0625 1
vt 0.9375 1
vt 0.9375 0.875
vt 0.0625 0.875
vt 0 1
vt 0.875 1
vt 0.875 0.875
vt 0 0.875
vt 0 1
vt 0.875 1
vt 0.875 0.875
vt 0 0.875
vt 0 1
vt 0.875 1
vt 0.875 0.875
vt 0 0.875
vt 0.9375 0
vt 0.0625 0
vt 0.0625 1
vt 0.9375 1
vt 0.0625 1
vt 0.9375 1
vt 0.9375 0
vt 0.0625 0
vt 0.0625 1
vt 0.9375 1
vt 0.9375 0.875
vt 0.0625 0.875
vt 0.0625 1
vt 0.9375 1
vt 0.9375 0.875
vt 0.0625 0.875
vt 0 1
vt 0.875 1
vt 0.875 0.875
vt 0 0.875
vt 0 1
vt 0.875 1
vt 0.875 0.875
vt 0 0.875
vt 0.9375 0
vt 0.0625 0
vt 0.0625 1
vt 0.9375 1
vt 0.0625 1
vt 0.9375 1
vt 0.9375 0
vt 0.0625 0
vt 0.0625 1
vt 0.9375 1
vt 0.9375 0.875
vt 0.0625 0.875
vt 0 1
vt 0.875 1
vt 0.875 0.875
vt 0 0.875
vt 0 1
vt 0.875 1
vt 0.875 0.875
vt 0 0.875
vt 0.9375 0
vt 0.0625 0
vt 0.0625 1
vt 0.9375 1
vt 0.0625 1
vt 0.9375 1
vt 0.9375 0
vt 0.0625 0
vt 0.0625 1
vt 0.9375 1
vt 0.9375 0.875
vt 0.0625 0.875
vt 0 1
vt 0.875 1
vt 0.875 0.875
vt 0 0.875
vt 0 1
vt 0.875 1
vt 0.875 0.875
vt 0 0.875
vt 0.9375 0
vt 0.0625 0
vt 0.0625 1
vt 0.9375 1
vt 0.0625 1
vt 0.9375 1
vt 0.9375 0
vt 0.0625 0
vt 0.0625 1
vt 0.9375 1
vt 0.9375 0.875
vt 0.0625 0.875
vt 0 1
vt 0.875 1
vt 0.875 0.875
vt 0 0.875
vt 0 1
vt 0.875 1
vt 0.875 0.875
vt 0 0.875
vt 0.9375 0
vt 0.0625 0
vt 0.0625 1
vt 0.9375 1
vt 0.0625 1
vt 0.9375 1
vt 0.9375 0
vt 0.0625 0
vt 0.0625 1
vt 0.9375 1
vt 0.9375 0.875
vt 0.0625 0.875
vt 0.0625 1
vt 0.9375 1
vt 0.9375 0.875
vt 0.0625 0.875
vt 0.9688 0.6719
vt 1 0.6719
vt 1 0.5469
vt 0.9688 0.5469
vt 0.7344 0.6563
vt 0.7656 0.6563
vt 0.7656 0.5313
vt 0.7344 0.5313
vt 1 0.6719
vt 0.9688 0.6719
vt 0.9688 0.5469
vt 1 0.5469
vt 0.7344 0.6563
vt 0.7656 0.6563
vt 0.7656 0.5313
vt 0.7344 0.5313
vt 1 0.6563
vt 0.9688 0.6563
vt 0.9688 0.5313
vt 1 0.5313
vt 0.7344 0.6563
vt 0.7656 0.6563
vt 0.7656 0.5313
vt 0.7344 0.5313
vt 0.7344 0.6563
vt 0.7656 0.6563
vt 0.7656 0.5313
vt 0.7344 0.5313
vt 0.9688 0.6563
vt 1 0.6563
vt 1 0.5313
vt 0.9688 0.5313
vt 0.9688 1
vt 0.9844 1
vt 0.9844 0.2813
vt 0.9688 0.2813
vt 0.9844 1
vt 1 1
vt 1 0.2813
vt 0.9844 0.2813
vt 0.5 0.8125
vt 0.5156 0.8125
vt 0.5156 0.5625
vt 0.5 0.5625
vt 0.5 0.8125
vt 0.5156 0.8125
vt 0.5156 0.5625
vt 0.5 0.5625
vt 0.2656 0.8125
vt 0.5156 0.8125
vt 0.5156 0.7969
vt 0.2656 0.7969
vt 0.2656 0.8125
vt 0.5156 0.8125
vt 0.5156 0.7969
vt 0.2656 0.7969
vt 0 0.8125
vt 0.25 0.8125
vt 0.25 0.5625
vt 0 0.5625
vt 0.5 0.8125
vt 0.5156 0.8125
vt 0.5156 0.5625
vt 0.5 0.5625
vt 0.5 0.8125
vt 0.5156 0.8125
vt 0.5156 0.5625
vt 0.5 0.5625
vt 0.2656 0.8125
vt 0.5156 0.8125
vt 0.5156 0.7969
vt 0.2656 0.7969
vt 0.2656 0.8125
vt 0.5156 0.8125
vt 0.5156 0.7969
vt 0.2656 0.7969
vt 0.2656 0.8125
vt 0.5156 0.8125
vt 0.5156 0.5625
vt 0.2656 0.5625
vt 0.6563 0.9375
vt 0.2969 0.9375
vt 0.2969 1
vt 0.6563 1
vt 0.5156 0.9375
vt 0.1406 0.9375
vt 0.1406 1
vt 0.5156 1
vt 0.2031 0.3125
vt 0.5781 0.3125
vt 0.5781 0.25
vt 0.2031 0.25
vt 0.1563 0.3125
vt 0.5156 0.3125
vt 0.5156 0.25
vt 0.1563 0.25
vt 0.125 0.3125
vt 0.4844 0.3125
vt 0.4844 0.25
vt 0.125 0.25
vt 0.1875 0.3125
vt 0.5469 0.3125
vt 0.5469 0.25
vt 0.1875 0.25
vt 0.125 0.3125
vt 0.5 0.3125
vt 0.5 0.25
vt 0.125 0.25
vt 0.375 0.6094
vt 0.375 0.25
vt 0 0.25
vt 0 0.6094
vt 0.1719 0.3125
vt 0.5313 0.3125
vt 0.5313 0.25
vt 0.1719 0.25
vt 0.1563 0.25
vt 0.1563 0.6094
vt 0.5156 0.6094
vt 0.5156 0.25
vt 0.5 0.9375
vt 0.125 0.9375
vt 0.125 1
vt 0.5 1
vt 0.625 0.9375
vt 0.2656 0.9375
vt 0.2656 1
vt 0.625 1
vt 0.6563 0.9375
vt 0.2969 0.9375
vt 0.2969 1
vt 0.6563 1
vt 0.6094 0.9375
vt 0.25 0.9375
vt 0.25 1
vt 0.6094 1
vt 0.1875 0.6406
vt 0.1875 1
vt 0.375 1
vt 0.375 0.6406
vt 0.1563 0.6406
vt 0.1563 1
vt 0.5156 1
vt 0.5156 0.6406
vt 0.1563 0.3125
vt 0.5156 0.3125
vt 0.5156 0.25
vt 0.1563 0.25
vt 0.1875 0.3125
vt 0.5469 0.3125
vt 0.5469 0.25
vt 0.1875 0.25
vt 0.1641 0.3125
vt 0.5313 0.3125
vt 0.5313 0.25
vt 0.1641 0.25
vt 0.5781 0.6094
vt 0.5781 0.25
vt 0.2031 0.25
vt 0.2031 0.6094
vt 0.3125 0.3125
vt 0.6797 0.3125
vt 0.6797 0.25
vt 0.3125 0.25
vt 0.3906 0.25
vt 0.3906 0.6094
vt 0.7578 0.6094
vt 0.7578 0.25
vt 0.5469 0.9375
vt 0.1797 0.9375
vt 0.1797 1
vt 0.5469 1
vt 0.5469 0.9375
vt 0.1875 0.9375
vt 0.1875 1
vt 0.5469 1
vt 0.5703 0.9375
vt 0.2031 0.9375
vt 0.2031 1
vt 0.5703 1
vt 0 1
vt 0.375 1
vt 0.375 0.875
vt 0 0.875
vt 0.6094 1
vt 0.6094 0.625
vt 0.2344 0.625
vt 0.2344 1
vt 0.625 1
vt 0.625 0.875
vt 0.25 0.875
vt 0.25 1
vt 0.375 0.625
vt 0.375 1
vt 0.75 1
vt 0.75 0.625
vt 0.625 0.875
vt 0.625 1
vt 1 1
vt 1 0.875
vt 0.625 1
vt 1 1
vt 1 0.875
vt 0.625 0.875
vt 0.375 1
vt 0.375 0.625
vt 0 0.625
vt 0 1
vt 0.375 1
vt 0.375 0.875
vt 0 0.875
vt 0 1
vt 0.2344 0.625
vt 0.2344 1
vt 0.6094 1
vt 0.6094 0.625
vt 0.375 0.875
vt 0.375 1
vt 0.75 1
vt 0.75 0.875
vt 0.625 1
vt 1 1
vt 1 0.875
vt 0.625 0.875
vt 0.6094 0.625
vt 0.6094 0.25
vt 0.2344 0.25
vt 0.2344 0.625
vt 0.375 0.875
vt 0.375 1
vt 0.75 1
vt 0.75 0.875
vt 0.375 0.25
vt 0.375 0.625
vt 0.75 0.625
vt 0.75 0.25
vt 0.375 1
vt 0.375 0.875
vt 0 0.875
vt 0 1
vt 0 1
vt 0.375 1
vt 0.375 0.875
vt 0 0.875
vt 0.375 0.625
vt 0.375 0.25
vt 0 0.25
vt 0 0.625
vt 0.625 0.875
vt 0.625 1
vt 1 1
vt 1 0.875
vt 0.2344 0.25
vt 0.2344 0.625
vt 0.6094 0.625
vt 0.6094 0.25
vt 0.625 1
vt 0.625 0.875
vt 0.25 0.875
vt 0.25 1
vt 0.75 1
vt 0 1
vt 0 0.9844
vt 0.75 0.9844
vt 0.75 1
vt 0 1
vt 0 0.9844
vt 0.75 0.9844
vt 0.75 1
vt 0 1
vt 0 0.9844
vt 0.75 0.9844
vt 0.75 1
vt 0 1
vt 0 0.9844
vt 0.75 0.9844
vt 0 1
vt 0.0156 1
vt 0.0156 0.2813
vt 0 0.2813
vt 0 1
vt 0.0156 1
vt 0.0156 0.2813
vt 0 0.2813
vt 1 0.625
vt 0.9688 0.625
vt 0.9688 0.5156
vt 1 0.5156
vt 0.2813 0.9531
vt 0.5313 0.9531
vt 0.5313 0.8281
vt 0.2813 0.8281
vt 0.7344 0.625
vt 0.7656 0.625
vt 0.7656 0.5156
vt 0.7344 0.5156
vt 0 0.9688
vt 0.0313 0.9688
vt 0.0313 0.8125
vt 0 0.8125
vt 0 0.9531
vt 0.0313 0.9531
vt 0.0313 0.7969
vt 0 0.7969
vt 0.2813 1
vt 0.0313 1
vt 0.0313 0.9688
vt 0.2813 0.9688
vt 0.2969 0.9688
vt 0.0469 0.9688
vt 0.0469 0.8125
vt 0.2969 0.8125
vt 0.0469 0.9688
vt 0.2969 0.9688
vt 0.2969 0.8125
vt 0.0469 0.8125
vt 0.7031 0.625
vt 0.7344 0.625
vt 0.7344 0.5156
vt 0.7031 0.5156
vt 0.7344 0.625
vt 0.7656 0.625
vt 0.7656 0.5156
vt 0.7344 0.5156
vt 0.9688 0.625
vt 1 0.625
vt 1 0.5156
vt 0.9688 0.5156
vt 0.9688 0.6719
vt 0.9844 0.6719
vt 0.9844 0.4844
vt 0.9688 0.4844
vt 0.9844 0.6719
vt 1 0.6719
vt 1 0.4844
vt 0.9844 0.4844
vt 0.9531 0.6875
vt 0.9688 0.6875
vt 0.9688 0.6719
vt 0.9531 0.6719
vt 0.9688 0.6875
vt 0.9844 0.6875
vt 0.9844 0.6719
vt 0.9688 0.6719
vt 0.9844 0.6719
vt 1 0.6719
vt 1 0.4844
vt 0.9844 0.4844
vt 0.9844 0.6719
vt 1 0.6719
vt 1 0.4844
vt 0.9844 0.4844
vt 0.7344 0.6563
vt 0.7656 0.6563
vt 0.7656 0.5313
vt 0.7344 0.5313
vt 0.9688 0.6563
vt 1 0.6563
vt 1 0.5313
vt 0.9688 0.5313
vt 0.7344 0.5781
vt 0.7656 0.5781
vt 0.7656 0.5469
vt 0.7344 0.5469
vt 0.7031 0.5625
vt 0.7344 0.5625
vt 0.7344 0.5313
vt 0.7031 0.5313
vt 0.7344 0.6563
vt 0.7656 0.6563
vt 0.7656 0.5313
vt 0.7344 0.5313
vt 1 0.6563
vt 0.9688 0.6563
vt 0.9688 0.5313
vt 1 0.5313
vt 0.125 1
vt 0.8125 1
vt 0.8125 0.9844
vt 0.125 0.9844
vt 0.0156 1
vt 0.7031 1
vt 0.7031 0.9844
vt 0.0156 0.9844
vt 0.125 0.8594
vt 0.8125 0.8594
vt 0.8125 0.8438
vt 0.125 0.8438
vt 0.7344 0.6563
vt 0.7656 0.6563
vt 0.7656 0.5313
vt 0.7344 0.5313
vt 1 0.6563
vt 0.9688 0.6563
vt 0.9688 0.5313
vt 1 0.5313
vt 0.7344 0.5781
vt 0.7656 0.5781
vt 0.7656 0.5469
vt 0.7344 0.5469
vt 0.7031 0.5625
vt 0.7344 0.5625
vt 0.7344 0.5313
vt 0.7031 0.5313
vt 0.9688 0.6563
vt 1 0.6563
vt 1 0.5313
vt 0.9688 0.5313
vt 0.7344 0.6563
vt 0.7656 0.6563
vt 0.7656 0.5313
vt 0.7344 0.5313
vt 0.9688 0.6719
vt 0.9844 0.6719
vt 0.9844 0.4531
vt 0.9688 0.4531
vt 0.9375 0.6719
vt 0.9531 0.6719
vt 0.9531 0.4531
vt 0.9375 0.4531
vt 0.9844 0.6719
vt 1 0.6719
vt 1 0.4531
vt 0.9844 0.4531
vt 0.9688 0.6406
vt 0.9844 0.6406
vt 0.9844 0.3906
vt 0.9688 0.3906
vt 0.9844 0.6719
vt 1 0.6719
vt 1 0.4219
vt 0.9844 0.4219
vt 0.9844 0.6406
vt 1 0.6406
vt 1 0.3906
vt 0.9844 0.3906
vt 0.9844 0.8438
vt 1 0.8438
vt 1 0.375
vt 0.9844 0.375
vt 0.9688 0.8438
vt 0.9844 0.8438
vt 0.9844 0.375
vt 0.9688 0.375
vt 0.7813 0.8906
vt 0.9688 0.8906
vt 0.9688 0.7031
vt 0.7813 0.7031
vt 0.7813 0.8906
vt 0.9688 0.8906
vt 0.9688 0.7031
vt 0.7813 0.7031
vt 0.5469 0.6875
vt 0.7344 0.6875
vt 0.7344 0.2188
vt 0.5469 0.2188
vt 0.5469 0.6875
vt 0.7344 0.6875
vt 0.7344 0.2188
vt 0.5469 0.2188
vt 0.75 0.6094
vt 0.7813 0.6094
vt 0.7813 0.4219
vt 0.75 0.4219
vt 0 1
vt 0.0313 1
vt 0.0313 0.8281
vt 0 0.8281
vt 0 1
vt 0.0313 1
vt 0.0313 0.8281
vt 0 0.8281
vt 0.7656 0.6875
vt 0.9531 0.6875
vt 0.9531 0.6563
vt 0.7656 0.6563
vt 0.5625 0.4375
vt 0.75 0.4375
vt 0.75 0.4063
vt 0.5625 0.4063
vt 0.5469 0.6875
vt 0.7344 0.6875
vt 0.7344 0.5156
vt 0.5469 0.5156
vt 0.5469 0.6875
vt 0.7344 0.6875
vt 0.7344 0.5156
vt 0.5469 0.5156
vt 0.75 0.6875
vt 0.7813 0.6875
vt 0.7813 0.2188
vt 0.75 0.2188
vt 0.9688 0.6875
vt 1 0.6875
vt 1 0.2188
vt 0.9688 0.2188
vt 0.5156 0.25
vt 0.7656 0.25
vt 0.7656 0.2188
vt 0.5156 0.2188
vt 0.5156 0.6875
vt 0.7656 0.6875
vt 0.7656 0.2188
vt 0.5156 0.2188
vt 0.5156 0.6875
vt 0.7656 0.6875
vt 0.7656 0.2188
vt 0.5156 0.2188
vt 0.7344 0.7188
vt 0.7656 0.7188
vt 0.7656 0.5938
vt 0.7344 0.5938
vt 0.7344 0.7188
vt 0.7656 0.7188
vt 0.7656 0.5938
vt 0.7344 0.5938
vt 0.7344 0.7188
vt 0.7656 0.7188
vt 0.7656 0.5625
vt 0.7344 0.5625
vt 0.7344 0.7188
vt 0.7656 0.7188
vt 0.7656 0.5625
vt 0.7344 0.5625
vt 0.7813 0.6875
vt 0.9688 0.6875
vt 0.9688 0.2188
vt 0.7813 0.2188
vt 0.7656 0.6875
vt 0.9531 0.6875
vt 0.9531 0.2188
vt 0.7656 0.2188
vt 0.7344 0.5469
vt 0.7656 0.5469
vt 0.7656 0.3594
vt 0.7344 0.3594
vt 0.5156 0.6875
vt 0.5469 0.6875
vt 0.5469 0.2188
vt 0.5156 0.2188
vt 0.5156 0.6875
vt 0.5469 0.6875
vt 0.5469 0.2188
vt 0.5156 0.2188
vt 1 0.6719
vt 0.9688 0.6719
vt 0.9688 0.7031
vt 1 0.7031
vt 0.9688 0.6875
vt 1 0.6875
vt 1 0.2188
vt 0.9688 0.2188
vt 0.9688 0.6875
vt 1 0.6875
vt 1 0.2188
vt 0.9688 0.2188
vt 0.9688 0.6875
vt 1 0.6875
vt 1 0.2188
vt 0.9688 0.2188
vt 0.9688 0.9219
vt 1 0.9219
vt 1 0.8906
vt 0.9688 0.8906
vt 0.75 0.6875
vt 0.7813 0.6875
vt 0.7813 0.2188
vt 0.75 0.2188
vt 0.9063 0.125
vt 0.8906 0.125
vt 0.8906 0
vt 0.9063 0
vt 1 0.125
vt 0.9844 0.125
vt 0.9844 0
vt 1 0
vt 0.9063 0
vt 1 0
vt 1 0.0156
vt 0.9063 0.0156
vt 0.9063 0.0156
vt 1 0.0156
vt 1 0
vt 0.9063 0
vt 1 0.125
vt 0.9063 0.125
vt 0.9063 0
vt 1 0
vt 0.7813 0.8906
vt 0.7969 0.8906
vt 0.7969 0.8594
vt 0.7813 0.8594
vt 0.7969 0.8906
vt 0.8125 0.8906
vt 0.8125 0.8594
vt 0.7969 0.8594
vt 0.8125 0.8906
vt 0.7813 0.8906
vt 0.7813 0.875
vt 0.8125 0.875
vt 0.8125 0.875
vt 0.7813 0.875
vt 0.7813 0.8594
vt 0.8125 0.8594
vt 0.7813 0.8906
vt 0.8125 0.8906
vt 0.8125 0.8594
vt 0.7813 0.8594
vt 0.7813 0.8906
vt 0.7969 0.8906
vt 0.7969 0.8594
vt 0.7813 0.8594
vt 0.7969 0.8906
vt 0.8125 0.8906
vt 0.8125 0.8594
vt 0.7969 0.8594
vt 0.8125 0.8906
vt 0.7813 0.8906
vt 0.7813 0.875
vt 0.8125 0.875
vt 0.8125 0.875
vt 0.7813 0.875
vt 0.7813 0.8594
vt 0.8125 0.8594
vt 0.7813 0.8906
vt 0.8125 0.8906
vt 0.8125 0.8594
vt 0.7813 0.8594
vt 0.7813 0.8906
vt 0.7969 0.8906
vt 0.7969 0.8594
vt 0.7813 0.8594
vt 0.7969 0.8906
vt 0.8125 0.8906
vt 0.8125 0.8594
vt 0.7969 0.8594
vt 0.8125 0.8906
vt 0.7813 0.8906
vt 0.7813 0.875
vt 0.8125 0.875
vt 0.8125 0.875
vt 0.7813 0.875
vt 0.7813 0.8594
vt 0.8125 0.8594
vt 0.7813 0.8906
vt 0.8125 0.8906
vt 0.8125 0.8594
vt 0.7813 0.8594
vt 0.6875 0.875
vt 0.75 0.875
vt 0.75 0.7969
vt 0.6875 0.7969
vt 0.5625 0.875
vt 0.625 0.875
vt 0.625 0.7969
vt 0.5625 0.7969
vt 0.4219 0.9688
vt 0.4219 1
vt 0.4844 1
vt 0.4844 0.9688
vt 0.0781 0.9375
vt 0.0781 1
vt 0.1406 1
vt 0.1406 0.9375
vt 0.6719 0.7969
vt 0.6719 0.875
vt 0.7344 0.875
vt 0.7344 0.7969
vt 0.625 0.875
vt 0.625 0.7969
vt 0.5625 0.7969
vt 0.5625 0.875
vt 0.6719 0.7969
vt 0.6719 0.875
vt 0.75 0.875
vt 0.75 0.7969
vt 0.0781 1
vt 0.0781 0.9375
vt 0 0.9375
vt 0 1
vt 0.6719 0.875
vt 0.6719 0.7969
vt 0.5938 0.7969
vt 0.5938 0.875
vt 0.4219 1
vt 0.4219 0.9688
vt 0.3438 0.9688
vt 0.3438 1
vt 0.3125 0.75
vt 0.3125 1
vt 0.5 1
vt 0.5 0.75
vt 0.3125 0.75
vt 0.3125 1
vt 0.5 1
vt 0.5 0.75
vt 0.3125 1
vt 0.5 1
vt 0.5 0.75
vt 0.3125 0.75
vt 0.3125 0.75
vt 0.5 0.75
vt 0.5 0.5625
vt 0.3125 0.5625
vt 0.3125 0.75
vt 0.5 0.75
vt 0.5 0.5625
vt 0.3125 0.5625
vt 0.3125 0.75
vt 0.5 0.75
vt 0.5 0.5625
vt 0.3125 0.5625
vt 0.3125 0.5
vt 0.3125 0.3125
vt 0.5 0.3125
vt 0.5 0.5
vt 1 0.3125
vt 0.8125 0.3125
vt 0.8125 0.125
vt 1 0.125
vt 0.8125 0.3125
vt 1 0.3125
vt 1 0.125
vt 0.8125 0.125
vt 0.3125 0.625
vt 0.3125 1
vt 0.5 1
vt 0.5 0.625
vt 0.3125 0.625
vt 0.3125 1
vt 0.5 1
vt 0.5 0.625
vt 0.5 1
vt 0.5 0.625
vt 0.3125 0.625
vt 0.3125 1
vt 0.3125 0.5
vt 0.5 0.5
vt 0.5 0.375
vt 0.3125 0.375
vt 0.3125 0.5
vt 0.3125 0.3125
vt 0.5 0.3125
vt 0.5 0.5
vt 0.8125 0.3125
vt 1 0.3125
vt 1 0.125
vt 0.8125 0.125
vt 0 0.8125
vt 0.0156 0.8125
vt 0.0156 0.7344
vt 0 0.7344
vt 0 0.8125
vt 0.0156 0.8125
vt 0.0156 0.7344
vt 0 0.7344
vt 0 0.8125
vt 0.0781 0.8125
vt 0.0781 0.7969
vt 0 0.7969
vt 0 0.8125
vt 0.0781 0.8125
vt 0.0781 0.7969
vt 0 0.7969
vt 0 0.8125
vt 0.0781 0.8125
vt 0.0781 0.7344
vt 0 0.7344
vt 0 1
vt 0.25 1
vt 0.25 0.875
vt 0 0.875
vt 0.25 1
vt 0.25 0.75
vt 0 0.75
vt 0 1
vt 1 0.5
vt 0.75 0.5
vt 0.75 0.75
vt 1 0.75
vt 0.75 0.5
vt 1 0.5
vt 1 0.75
vt 0.75 0.75
vt 0 1
vt 0.25 1
vt 0.25 0.75
vt 0 0.75
vt 0 1
vt 0.25 1
vt 0.25 0.75
vt 0 0.75
vt 0 1
vt 0.25 1
vt 0.25 0.75
vt 0 0.75
vt 0 1
vt 0.25 1
vt 0.25 0.75
vt 0 0.75
vt 0 0.5
vt 0 0.75
vt 0.25 0.75
vt 0.25 0.5
vt 0 0.5
vt 0 0.75
vt 0.25 0.75
vt 0.25 0.5
vt 0 0.5
vt 0 0.75
vt 0.25 0.75
vt 0.25 0.5
vt 0 0.5625
vt 0 0.8125
vt 0.25 0.8125
vt 0.25 0.5625
vt 0.5938 0.25
vt 0.5938 0.1406
vt 0.5 0.1406
vt 0.5 0.25
vt 0.4219 0.3125
vt 0.5156 0.3125
vt 0.5156 0.25
vt 0.4219 0.25
vt 0.5938 0.1094
vt 0.5938 0
vt 0.5 0
vt 0.5 0.1094
vt 0.6563 0
vt 0.6563 0.1094
vt 0.75 0.1094
vt 0.75 0
vt 0.3281 0.3125
vt 0.4219 0.3125
vt 0.4219 0.25
vt 0.3281 0.25
vt 0.6563 0.1406
vt 0.6563 0.25
vt 0.75 0.25
vt 0.75 0.1406
vt 0.5781 0.9531
vt 0.4844 0.9531
vt 0.4844 1
vt 0.5781 1
vt 0.4844 0.9531
vt 0.3906 0.9531
vt 0.3906 1
vt 0.4844 1
vt 0.7344 0.8281
vt 0.7656 0.8281
vt 0.7656 0.5781
vt 0.7344 0.5781
vt 0.7344 0.8281
vt 0.7656 0.8281
vt 0.7656 0.5781
vt 0.7344 0.5781
vt 0.7344 0.8281
vt 0.75 0.8281
vt 0.75 0.7969
vt 0.7344 0.7969
vt 0.7344 0.8281
vt 0.75 0.8281
vt 0.75 0.7969
vt 0.7344 0.7969
vt 0.7344 0.8281
vt 0.75 0.8281
vt 0.75 0.5781
vt 0.7344 0.5781
vt 0.7344 0.8281
vt 0.7656 0.8281
vt 0.7656 0.5781
vt 0.7344 0.5781
vt 0.7344 0.8281
vt 0.7656 0.8281
vt 0.7656 0.5781
vt 0.7344 0.5781
vt 0.7344 0.8281
vt 0.75 0.8281
vt 0.75 0.7969
vt 0.7344 0.7969
vt 0.7344 0.8281
vt 0.75 0.8281
vt 0.75 0.7969
vt 0.7344 0.7969
vt 0.7344 0.8281
vt 0.75 0.8281
vt 0.75 0.5781
vt 0.7344 0.5781
vt 0.1094 0.7344
vt 0.125 0.7344
vt 0.125 0.6719
vt 0.1094 0.6719
vt 0.0625 0.7344
vt 0.0781 0.7344
vt 0.0781 0.6719
vt 0.0625 0.6719
vt 0.0625 0.7344
vt 0.125 0.7344
vt 0.125 0.7188
vt 0.0625 0.7188
vt 0.0625 0.6875
vt 0.125 0.6875
vt 0.125 0.6719
vt 0.0625 0.6719
vt 0.0625 0.7344
vt 0.125 0.7344
vt 0.125 0.6719
vt 0.0625 0.6719
vt 0.1094 0.7344
vt 0.125 0.7344
vt 0.125 0.6719
vt 0.1094 0.6719
vt 0.0625 0.7344
vt 0.0781 0.7344
vt 0.0781 0.6719
vt 0.0625 0.6719
vt 0.0625 0.7344
vt 0.125 0.7344
vt 0.125 0.7188
vt 0.0625 0.7188
vt 0.0625 0.6875
vt 0.125 0.6875
vt 0.125 0.6719
vt 0.0625 0.6719
vt 0.0625 0.7344
vt 0.125 0.7344
vt 0.125 0.6719
vt 0.0625 0.6719
vt 0.3125 0.4375
vt 0.5 0.4375
vt 0.5 0.3125
vt 0.3125 0.3125
vt 0.3125 0.3125
vt 0.3125 0.5
vt 0.5 0.5
vt 0.5 0.3125
vt 0.8125 0.3125
vt 1 0.3125
vt 1 0.125
vt 0.8125 0.125
vt 0.8125 0.125
vt 0.8125 0.3125
vt 1 0.3125
vt 1 0.125
vt 0.3125 0.875
vt 0.5 0.875
vt 0.5 0
vt 0.3125 0
vt 0.3125 0.875
vt 0.5 0.875
vt 0.5 0
vt 0.3125 0
vt 0.3125 0.875
vt 0.5 0.875
vt 0.5 0
vt 0.3125 0
vt 0.3125 0.875
vt 0.5 0.875
vt 0.5 0
vt 0.3125 0
vt 0.3125 0.875
vt 0.5 0.875
vt 0.5 0.4375
vt 0.3125 0.4375
vt 0.3125 0.875
vt 0.5 0.875
vt 0.5 0.4375
vt 0.3125 0.4375
vt 0.3125 0.875
vt 0.5 0.875
vt 0.5 0.4375
vt 0.3125 0.4375
vt 0.3125 0.875
vt 0.5 0.875
vt 0.5 0.4375
vt 0.3125 0.4375
vt 1 0.125
vt 0.8125 0.125
vt 0.8125 0.3125
vt 1 0.3125
vt 0.8125 0.125
vt 0.8125 0.3125
vt 1 0.3125
vt 1 0.125
vt 0.3125 0.4375
vt 0.5 0.4375
vt 0.5 0.375
vt 0.3125 0.375
vt 0.5 0.375
vt 0.3125 0.375
vt 0.3125 0.5625
vt 0.5 0.5625
vt 0.3125 0.375
vt 0.3125 0.4375
vt 0.5 0.4375
vt 0.5 0.375
vt 1 0.3125
vt 1 0.125
vt 0.8125 0.125
vt 0.8125 0.3125
vt 0.8125 0.1875
vt 1 0.3125
vt 1 0.125
vt 0.8125 0.125
vt 0.3125 0.3125
vt 0.3125 0.5
vt 0.5 0.5
vt 0.5 0.3125
vt 0 0.25
vt 0.3125 0.25
vt 0.3125 0.0938
vt 0 0.0938
vt 0 0.25
vt 0.3125 0.25
vt 0.3125 0.0938
vt 0 0.0938
vt 0.4375 1
vt 0.875 1
vt 0.875 0.6875
vt 0.4375 0.6875
vt 0.4375 1
vt 0.875 1
vt 0.875 0.6875
vt 0.4375 0.6875
vt 0.4375 0.5313
vt 0.875 0.5313
vt 0.875 0.375
vt 0.4375 0.375
vt 0.4375 0.6875
vt 0.875 0.6875
vt 0.875 0.5313
vt 0.4375 0.5313
vt 0 0.25
vt 0.3125 0.25
vt 0.3125 0.0938
vt 0 0.0938
vt 0 0.25
vt 0.3125 0.25
vt 0.3125 0.0938
vt 0 0.0938
vt 0.4375 1
vt 0.875 1
vt 0.875 0.6875
vt 0.4375 0.6875
vt 0.4375 1
vt 0.875 1
vt 0.875 0.6875
vt 0.4375 0.6875
vt 0.4375 0.5313
vt 0.875 0.5313
vt 0.875 0.375
vt 0.4375 0.375
vt 0.4375 0.6875
vt 0.875 0.6875
vt 0.875 0.5313
vt 0.4375 0.5313
vt 0 0.25
vt 0.3125 0.25
vt 0.3125 0.0938
vt 0 0.0938
vt 0 0.25
vt 0.3125 0.25
vt 0.3125 0.0938
vt 0 0.0938
vt 0.4375 1
vt 0.875 1
vt 0.875 0.6875
vt 0.4375 0.6875
vt 0.4375 1
vt 0.875 1
vt 0.875 0.6875
vt 0.4375 0.6875
vt 0.4375 0.5313
vt 0.875 0.5313
vt 0.875 0.375
vt 0.4375 0.375
vt 0.4375 0.6875
vt 0.875 0.6875
vt 0.875 0.5313
vt 0.4375 0.5313
vt 0 0.25
vt 0.3125 0.25
vt 0.3125 0.0938
vt 0 0.0938
vt 0 0.25
vt 0.3125 0.25
vt 0.3125 0.0938
vt 0 0.0938
vt 0.4375 1
vt 0.875 1
vt 0.875 0.6875
vt 0.4375 0.6875
vt 0.4375 1
vt 0.875 1
vt 0.875 0.6875
vt 0.4375 0.6875
vt 0.4375 0.5313
vt 0.875 0.5313
vt 0.875 0.375
vt 0.4375 0.375
vt 0.4375 0.6875
vt 0.875 0.6875
vt 0.875 0.5313
vt 0.4375 0.5313
vt 0.2656 1
vt 0.2656 0.9375
vt 0.0781 0.9375
vt 0.0781 1
vt 0.375 0.3125
vt 0.375 0.25
vt 0.1875 0.25
vt 0.1875 0.3125
vt 0.1875 1
vt 0.1875 0.6406
vt 0 0.6406
vt 0 1
vt 0.2813 0.0156
vt 0.2656 0.0156
vt 0.2656 0
vt 0.2813 0
vt 0.0156 0.0156
vt 0 0.0156
vt 0 0
vt 0.0156 0
vt 0.0156 0.0156
vt 0.2656 0.0156
vt 0.2656 0.0313
vt 0.0156 0.0313
vt 0.5313 0.0156
vt 0.2813 0.0156
vt 0.2813 0
vt 0.5313 0
vt 0.3281 0.0313
vt 0.0781 0.0313
vt 0.0781 0.0156
vt 0.3281 0.0156
vt 0.0156 0.1875
vt 0 0.1875
vt 0 0
vt 0.0156 0
vt 0.0156 0.1875
vt 0 0.1875
vt 0 0
vt 0.0156 0
vt 0 0
vt 0.25 0
vt 0.25 0.0156
vt 0 0.0156
vt 0 0.0156
vt 0.25 0.0156
vt 0.25 0
vt 0 0
vt 0.25 0.1875
vt 0 0.1875
vt 0 0
vt 0.25 0
vt 0.25 0.1875
vt 0 0.1875
vt 0 0
vt 0.25 0
vt 0.0781 0.5625
vt 0.0625 0.5625
vt 0.0625 0.5313
vt 0.0781 0.5313
vt 0.0625 0.5625
vt 0.0469 0.5625
vt 0.0469 0.5313
vt 0.0625 0.5313
vt 0.0469 0.5469
vt 0.0781 0.5469
vt 0.0781 0.5625
vt 0.0469 0.5625
vt 0.0469 0.5469
vt 0.0781 0.5469
vt 0.0781 0.5313
vt 0.0469 0.5313
vt 0.0781 0.5625
vt 0.0469 0.5625
vt 0.0469 0.5313
vt 0.0781 0.5313
vt 0.0781 0.5625
vt 0.0625 0.5625
vt 0.0625 0.5313
vt 0.0781 0.5313
vt 0.0625 0.5625
vt 0.0469 0.5625
vt 0.0469 0.5313
vt 0.0625 0.5313
vt 0.0469 0.5469
vt 0.0781 0.5469
vt 0.0781 0.5625
vt 0.0469 0.5625
vt 0.0469 0.5469
vt 0.0781 0.5469
vt 0.0781 0.5313
vt 0.0469 0.5313
vt 0.0781 0.5625
vt 0.0469 0.5625
vt 0.0469 0.5313
vt 0.0781 0.5313
vt 0.25 0.0625
vt 0.2344 0.0625
vt 0.2344 0.125
vt 0.25 0.125
vt 0 0.0156
vt 0.25 0.0156
vt 0.25 0
vt 0 0
vt 0 0.0156
vt 0.25 0.0156
vt 0.25 0
vt 0 0
vt 0.25 0.125
vt 0 0.125
vt 0 0.1875
vt 0.25 0.1875
vt 0 0.0625
vt 0.25 0.0625
vt 0.25 0
vt 0 0
vt 0.2344 0.0625
vt 0.25 0.0625
vt 0.25 0
vt 0.2344 0
vt 0.25 0.0625
vt 0.2344 0.0625
vt 0.2344 0.125
vt 0.25 0.125
vt 0 0.0156
vt 0.25 0.0156
vt 0.25 0
vt 0 0
vt 0 0.0156
vt 0.25 0.0156
vt 0.25 0
vt 0 0
vt 0 0.0625
vt 0.25 0.0625
vt 0.25 0
vt 0 0
vt 0.2344 0.0625
vt 0.25 0.0625
vt 0.25 0
vt 0.2344 0
vt 0.25 0.125
vt 0 0.125
vt 0 0.1875
vt 0.25 0.1875
vt 0.2344 0.8125
vt 0.25 0.8125
vt 0.25 0.7344
vt 0.2344 0.7344
vt 0.2344 0.8125
vt 0.25 0.8125
vt 0.25 0.7344
vt 0.2344 0.7344
vt 0.2344 0.8125
vt 0.3125 0.8125
vt 0.3125 0.7969
vt 0.2344 0.7969
vt 0.2344 0.8125
vt 0.3125 0.8125
vt 0.3125 0.7344
vt 0.2344 0.7344
vt 0.5469 0.9375
vt 0.1875 0.9375
vt 0.1875 1
vt 0.5469 1
vt 0.0625 1
vt 0.9375 1
vt 0.9375 0.875
vt 0.0625 0.875
vt 0 1
vt 0.875 1
vt 0.875 0.875
vt 0 0.875
vt 0.3906 0.6406
vt 0.3906 1
vt 0.75 1
vt 0.75 0.6406
vt 0.5 1
vt 0.5 0.6406
vt 0.125 0.6406
vt 0.125 1
vt 0.0625 1
vt 0.9375 1
vt 0.9375 0
vt 0.0625 0
vt 0.9375 0
vt 0.0625 0
vt 0.0625 1
vt 0.9375 1
vt 0 0.25
vt 0.3125 0.25
vt 0.3125 0.0938
vt 0 0.0938
vt 0 0.25
vt 0.3125 0.25
vt 0.3125 0.0938
vt 0 0.0938
vt 0.4375 1
vt 0.875 1
vt 0.875 0.6875
vt 0.4375 0.6875
vt 0.4375 1
vt 0.875 1
vt 0.875 0.6875
vt 0.4375 0.6875
vt 0.4375 0.5313
vt 0.875 0.5313
vt 0.875 0.375
vt 0.4375 0.375
vt 0.4375 0.6875
vt 0.875 0.6875
vt 0.875 0.5313
vt 0.4375 0.5313
vt 0.1719 0.9844
vt 0.4219 0.9844
vt 0.4219 0.9375
vt 0.1719 0.9375
vt 0.1719 1
vt 0.4219 1
vt 0.4219 0.9531
vt 0.1719 0.9531
vt 0.0781 0.5625
vt 0.2656 0.5625
vt 0.2656 0.375
vt 0.0781 0.375
vt 0.0781 0.5625
vt 0.2656 0.5625
vt 0.2656 0.375
vt 0.0781 0.375
vt 0.0781 0.5625
vt 0.2656 0.5625
vt 0.2656 0.375
vt 0.0781 0.375
vt 0.0781 0.5625
vt 0.2656 0.5625
vt 0.2656 0.375
vt 0.0781 0.375
vt 1 0.2656
vt 1 0.5156
vt 0.9531 0.5156
vt 0.9531 0.2656
vt 1 0.5156
vt 1 0.2656
vt 0.9531 0.2656
vt 0.9531 0.5156
vt 1 0.25
vt 1 0.5
vt 0.9531 0.5
vt 0.9531 0.25
vt 0.2656 0.375
vt 0.2656 0.5625
vt 0.0781 0.5625
vt 0.0781 0.375
vt 0.2656 0.375
vt 0.2656 0.5625
vt 0.0781 0.5625
vt 0.0781 0.375
vt 0.2656 0.375
vt 0.2656 0.5625
vt 0.0781 0.5625
vt 0.0781 0.375
vt 0.2656 0.375
vt 0.2656 0.5625
vt 0.0781 0.5625
vt 0.0781 0.375
vt 0.0313 0.9375
vt 0.0313 0.9844
vt 0.0156 0.9844
vt 0.0156 0.9375
vt 0.9844 0.6719
vt 1 0.6719
vt 1 0.4219
vt 0.9844 0.4219
vt 0.6875 0.875
vt 0.5625 0.875
vt 0.5625 0.25
vt 0.6875 0.25
vt 0.6875 0.6875
vt 0.5625 0.6875
vt 0.5625 0.0625
vt 0.6875 0.0625
vt 0.0938 0.2813
vt 0.0938 0.1875
vt 0.25 0.1875
vt 0.25 0.2813
vt 0.0938 0.2813
vt 0.0938 0.1875
vt 0.25 0.1875
vt 0.25 0.2813
vt 0.0938 0.1875
vt 0.25 0.1875
vt 0.25 0.2813
vt 0.0938 0.2813
vt 0.0938 0.2813
vt 0.25 0.2813
vt 0.25 0.1875
vt 0.0938 0.1875
vt 0.5156 0.2188
vt 0.6719 0.2188
vt 0.6719 0.0625
vt 0.5156 0.0625
vt 0.0938 0.2813
vt 0.0938 0.1875
vt 0.25 0.1875
vt 0.25 0.2813
vt 0.0938 0.2813
vt 0.0938 0.1875
vt 0.25 0.1875
vt 0.25 0.2813
vt 0.0938 0.1875
vt 0.25 0.1875
vt 0.25 0.2813
vt 0.0938 0.2813
vt 0.0938 0.2813
vt 0.25 0.2813
vt 0.25 0.1875
vt 0.0938 0.1875
vt 0.5156 0.2188
vt 0.6719 0.2188
vt 0.6719 0.0625
vt 0.5156 0.0625
vt 0.5156 0.2188
vt 0.6719 0.2188
vt 0.6719 0.0625
vt 0.5156 0.0625
vt 0.0938 0.25
vt 0.25 0.25
vt 0.25 0.2813
vt 0.0938 0.2813
vt 0.25 0.2188
vt 0.0938 0.2188
vt 0.0938 0.1875
vt 0.25 0.1875
vt 0.25 0.25
vt 0.0938 0.25
vt 0.0938 0.2813
vt 0.25 0.2813
vt 0.0938 0.25
vt 0.25 0.25
vt 0.25 0.2813
vt 0.0938 0.2813
vn -1 0 0
vn 0 0 -1
vn 0 0 1
vn 0 1 0
vn 1 0 0
vn -1 0 0
vn 0 1 0
vn 0 0 -1
vn 0 0 1
vn 0 1 0
vn 1 0 0
vn 1 0 0
vn -1 0 0
vn 0 1 0
vn 0 0 1
vn 1 0 0
vn -1 0 0
vn 0 1 0
vn 0 0 -1
vn 1 0 0
vn -1 0 0
vn 0 1 0
vn 1 0 0
vn -1 0 0
vn 0 1 0
vn 1 0 0
vn -1 0 0
vn 0 1 0
vn 0 0 1
vn 0 0 -1
vn 0 0 1
vn 0 1 0
vn -0.89 0.45 0
vn 0 1 0
vn -1 0 0
vn 0 0 1
vn 0 0.8 -0.6
vn -1 0.03 -0.02
vn 1 0 0
vn 0 0.8 0.6
vn 1 0 0
vn -1 0 0
vn 0 0 -1
vn 0 0 1
vn 0 1 0
vn -0.89 0.45 0
vn 0 1 0
vn -1 0 0
vn 0 0 -1
vn -0.56 -0.16 -0.81
vn 0.56 0.16 0.81
vn 0 0.98 -0.19
vn -0.83 0.11 0.55
vn 0.83 -0.11 -0.55
vn 0 0.14 -0.99
vn 0 -0.14 0.99
vn 0 0.99 0.14
vn -1 0 0
vn 1 0 0
vn 0 1 0
vn 0 1 0
vn -0.92 0 0.39
vn 0.92 0 -0.39
vn 0.92 0 -0.39
vn -0.92 0 0.39
vn 0 1 0
vn -0.39 0 -0.92
vn 0.39 0 0.92
vn 0 1 0
vn -0.92 0 0.39
vn 0.92 0 -0.39
vn 0.92 0 -0.39
vn -0.92 0 0.39
vn 0 1 0
vn -0.39 0 -0.92
vn 0.39 0 0.92
vn -0.03 -1 0
vn 0.03 1 0
vn -0.26 0.01 -0.97
vn 0.26 -0.01 0.97
vn -0.97 0.03 0.26
vn 0.97 -0.03 -0.26
vn 0.03 1 0
vn 0 0 -1
vn 0 0 1
vn -1 0.03 0
vn 1 -0.03 0
vn 0.03 1 0
vn 0.17 -0.01 -0.98
vn -0.17 0.01 0.98
vn -0.98 0.03 -0.17
vn 0.98 -0.03 0.17
vn -0.99 0 -0.1
vn 0.99 0 0.1
vn 0.1 0 -0.99
vn -0.1 0 0.99
vn 0 1 0
vn -0.99 0 -0.1
vn 0.99 0 0.1
vn 0.1 0 -0.99
vn -0.1 0 0.99
vn 0 1 0
vn 0 -1 0
vn -0.99 0 -0.1
vn 0.99 0 0.1
vn 0.1 0 -0.99
vn -0.1 0 0.99
vn 0 1 0
vn 0 -1 0
vn 0.11 0 -0.99
vn -0.11 0 0.99
vn -0.99 0 -0.11
vn 0.99 0 0.11
vn -0.03 0 -1
vn 0.03 0 1
vn 1 0 -0.03
vn -1 0 0.03
vn 0 1 0
vn 0 -1 0
vn -0.37 0 -0.93
vn 0.37 0 0.93
vn 0.93 0 -0.37
vn -0.93 0 0.37
vn 0 1 0
vn 0 -1 0
vn -0.81 0 -0.58
vn 0.81 0 0.58
vn 0.58 0 -0.81
vn -0.58 0 0.81
vn 0 1 0
vn 0 -1 0
vn -0.03 0 -1
vn 0.03 0 1
vn 1 0 -0.03
vn -1 0 0.03
vn 0 1 0
vn 1 0.02 0
vn 0 1 0
vn 1 0.02 0
vn 0 1 0
vn 0 -0.5 -0.87
vn 0 0.5 0.87
vn -1 0 0
vn 1 0 0
vn 0 -0.5 -0.87
vn 0 0.5 0.87
vn -1 0 0
vn 1 0 0
vn -1 0 0
vn 1 0 0
vn 0 0 -1
vn 0 1 0
vn 0 -1 0
vn 0 0 -1
vn 0 0 1
vn 0 1 0
vn -1 0 0
vn 1 0 0
vn 0 0 -1
vn 0 0 1
vn 0 1 0
vn -1 0 0
vn 1 0 0
vn 0 0 -1
vn 0 0 1
vn 0 1 0
vn -1 0 0
vn 1 0 0
vn 0 0 -1
vn 0 0 1
vn 0 1 0
vn -1 0 0
vn 1 0 0
vn -1 0 0
vn 0 1 0
vn 0 0 -1
vn -1 0 0
vn 0 1 0
vn 1 0 0
vn 0 1 0
vn 0 0 1
vn 1 0 0
vn -1 0 0
vn 0 1 0
vn 1 0 0
vn -1 0 0
vn 0 1 0
vn 1 0 0
vn -1 0 0
vn 0 1 0
vn 0 0 1
vn 1 0 0
vn 0 1 0
vn 1 0 0
vn -1 0 0
vn 0 1 0
vn 0 0 -1
vn 1 0 0
vn -1 0 0
vn 0 1 0
vn 0 0 -1
vn 0 1 0
vn 0 0 1
vn 0 1 0
vn -1 0 0
vn 0 1 0
vn 0 0 -1
vn 1 0 0
vn -1 0 0
vn 0 1 0
vn 0 -1 0
vn 0 0 1
vn 1 0 0
vn -1 0 0
vn 0 1 0
vn 0 -1 0
vn 0 0 -1
vn 0 0 -1
vn 0 0 1
vn 0 1 0
vn 0 -1 0
vn -1 0 0
vn 1 0 0
vn 1 0 0
vn -1 0 0
vn 0 1 0
vn 0 -1 0
vn 0 0 -1
vn 0 0 1
vn 1 0 0
vn 1 0 0
vn -1 0 0
vn 0 1 0
vn 0 -1 0
vn 0 0 -1
vn 0 0 1
vn 1 0 0
vn -1 0 0
vn 0 1 0
vn 0 -1 0
vn 0 0 -1
vn 1 0 0
vn -1 0 0
vn 0 1 0
vn 0 -1 0
vn 0 0 -1
vn 1 0 0
vn -1 0 0
vn 0 1 0
vn 0 -1 0
vn 0 0 -1
vn 1 0 0
vn -1 0 0
vn 0 1 0
vn 0 -1 0
vn 0 0 -1
vn 0 0 1
vn 0 0 -1
vn 0 0 1
vn -1 0 0
vn 1 0 0
vn 0 0 -1
vn 0 0 1
vn -1 0 0
vn 1 0 0
vn 0 -1 0
vn 1 0 0
vn 0 0 -1
vn 0 0 1
vn 0 1 0
vn 0 -1 0
vn -1 0 0
vn 0 0 -1
vn 0 0 1
vn 0 1 0
vn 0 -1 0
vn -1 0 0
vn 0 0 -1
vn 1 0 0
vn 1 0 0
vn 0 0 -1
vn 1 0 0
vn 0 0 1
vn -1 0 0
vn 0 1 0
vn -1 0 0
vn 0 1 0
vn -1 0 0
vn 0 0 1
vn -1 0 0
vn 0 0 1
vn 0 1 0
vn 0 1 0
vn 0 0 1
vn 0 0 -1
vn -1 0 0
vn 0 1 0
vn -1 0 0
vn 0 1 0
vn -1 0 0
vn 0 0 -1
vn -1 0 0
vn 0 0 -1
vn 0 -1 0
vn -1 0 0
vn 0 -1 0
vn -1 0 0
vn 0 0 1
vn 0 -1 0
vn -1 0 0
vn 0 -1 0
vn -1 0 0
vn 0 0 -1
vn 0 -1 0
vn 1 0 0
vn 0 -1 0
vn 1 0 0
vn 0 0 1
vn 0 -1 0
vn 1 0 0
vn 0 -1 0
vn 1 0 0
vn 0 1 0
vn 0 1 0
vn 0 1 0
vn 0 1 0
vn 0 1 0
vn 0 1 0
vn 1 0 -0.01
vn 0 0 1
vn 0 0 -1
vn -1 0 0
vn 1 0 0
vn 0 1 0
vn 0 0 1
vn 0 0 -1
vn 0 0 -1
vn 0 0 1
vn 1 0 0
vn 0 -1 0
vn 0 1 0
vn 0 0 -1
vn 0 0 1
vn -1 0.02 0
vn 1 -0.02 0
vn 0 0 -1
vn 0 0 1
vn 0 1 0
vn 0 -1 0
vn -1 0 0
vn 1 0 0
vn 0 0 1
vn 0 1 0
vn 0 -1 0
vn 0 0 -1
vn 0 0 1
vn 0 1 0
vn 0 -1 0
vn -1 0 0
vn 1 0 0
vn 0 -1 0
vn 0 1 0
vn -1 0 0
vn 0 -1 0
vn 0 1 0
vn -1 0 0
vn -1 0 0
vn 0 -1 0
vn 0 1 0
vn 0 -1 0
vn 0 0 -1
vn 0 0 1
vn 0 1 0
vn 0 0 -1
vn 0 0 1
vn 0 1 0
vn 0 -1 0
vn -1 0 0
vn 1 0 0
vn 0 0 -1
vn 0 0 1
vn 0 1 0
vn -1 0 0
vn 1 0 0
vn 0 1 0
vn 0 -1 0
vn -1 0 0
vn 1 0 0
vn 0 0 -1
vn 0 0 1
vn 0 1 0
vn 0 0 -1
vn 0 0 1
vn 0 1 0
vn 1 0 0
vn 0 0 -1
vn 0 0 1
vn 0 1 0
vn 1 0 0
vn 0.94 0.34 0
vn -0.94 -0.34 0
vn -0.34 0.94 0
vn 0.34 -0.94 0
vn 0 0 -1
vn 0 0 -1
vn 0 0 1
vn -0.38 0.92 0
vn 0.38 -0.92 0
vn 0.92 0.38 0
vn 0 0 -1
vn 0 0 1
vn -0.38 0.92 0
vn 0.38 -0.92 0
vn 0.92 0.38 0
vn 0 0 -1
vn 0 0 1
vn -0.38 0.92 0
vn 0.38 -0.92 0
vn 0.92 0.38 0
vn 0 0 -1
vn 0 0 1
vn 0 1 0
vn 0 -1 0
vn -1 0 0
vn 0.93 0.37 0
vn 0.93 0.37 0
vn 0 -1 0
vn -1 0 0
vn 0 1 0
vn 0 0 -1
vn 0 0 1
vn 0 1 0
vn 0 0 -1
vn 0 0 1
vn 1 0 0
vn -0.32 -0.95 0
vn 0 0 -1
vn 0 0 1
vn 0 1 0
vn 0 -1 0
vn 1 0 0
vn 0 0 -1
vn 0 0.95 -0.32
vn 1 0 0
vn 0 0 -1
vn 0 0 1
vn 0 1 0
vn 0 -1 0
vn 1 0 0
vn 0 0 -1
vn 0 -0.89 -0.45
vn -1 0 0
vn 1 0 0
vn 0 0 -1
vn 0 0 1
vn -1 0 0
vn 1 0 0
vn 0 1 0
vn 0 -1 0
vn -1 0 0
vn 1 0 0
vn 0 1 0
vn 1 0 0
vn 0 1 0
vn 0 1 0
vn 1 0 0
vn 0 1 0
vn 1 0 0
vn 1 0 0
vn 0 0 -1
vn 0 0 1
vn 0 1 0
vn 0 -1 0
vn 1 0 0
vn 0 0 -1
vn 0 0 1
vn 0 1 0
vn 0 -1 0
vn 1 0 0
vn -1 0 0
vn 1 0 0
vn 0 1 0
vn 0 -1 0
vn 0 0 1
vn -1 0 0
vn 1 0 0
vn 0 1 0
vn 0 -1 0
vn 0 0 1
vn 0 0 1
vn 0 0.95 0.32
vn -1 0 0
vn 1 0 0
vn 0 0 -1
vn 0 0 1
vn -1 0 0
vn 1 0 0
vn 0 0 -1
vn 0 0 1
vn 0 1 0
vn 0 -1 0
vn 0 0 -1
vn 0 0 1
vn 1 0 0
vn 0.55 -0.83 0
vn 0 0 1
vn 0 1 0
vn 0 -1 0
vn -0.83 0 0.55
vn -0.91 0 0.42
vn 0.91 0 -0.42
vn 0 1 0
vn 0 -1 0
vn 0.42 0 0.91
vn -0.42 0 -0.91
vn -0.77 0 -0.64
vn 0.77 0 0.64
vn 0 1 0
vn 0 -1 0
vn -0.64 0 0.77
vn 0.64 0 -0.77
vn -0.22 0 0.98
vn 0.22 0 -0.98
vn 0 1 0
vn 0 -1 0
vn 0.98 0 0.22
vn -0.98 0 -0.22
vn -0.54 0 0.84
vn 0.54 0 -0.84
vn 0 1 0
vn 0 -1 0
vn 0.84 0 0.54
vn -0.84 0 -0.54
vn 1 0 0
vn 1 0 0
vn 0 1 0
vn 0 0.02 -1
vn 0 -0.02 1
vn 0.71 0.71 0.01
vn -0.71 0.71 0.01
vn 0.71 -0.71 -0.01
vn 0 0.02 -1
vn 0 -0.02 1
vn -0.71 0.71 0.01
vn 0.71 -0.71 -0.01
vn -0.71 -0.71 -0.01
vn 0.71 0.71 0.01
vn 0 0 -1
vn 0 0 1
vn 0 1 0
vn 0 -1 0
vn 1 0 0
vn 0 0 -1
vn 0 0 1
vn 0 1 0
vn 0 -1 0
vn 1 0 0
vn 0 0 -1
vn 0 1 0
vn 0 -1 0
vn 1 0.01 0
vn 1 0 0
vn 0 0 -1
vn 0 0 1
vn 0 1 0
vn 0 -1 0
vn 1 -0.01 0
vn 0 0 1
vn 1 0.01 0
vn 0 0 -1
vn 0 0 1
vn 0 -1 0
vn 1 0 0
vn 1 0 0
vn 0 0 -1
vn -1 0 0
vn 0 1 0
vn 0 1 0
vn 0 -1 0
vn 0 1 0
vn 1 0 0.04
vn -1 0 -0.04
vn 0 1 0
vn 0 -1 0
vn 0.04 0 -1
vn -0.04 0 1
vn -1 0 0
vn -1 0 0
vn 0 0 -1
vn 0 0 -1
vn 1 0 0
vn 1 0 0
vn 1 0 0
vn 1 0 0
vn 1 0 0
vn 0 0 1
vn 0 0 1
vn -1 0 0
vn -1 0 0
vn 0 0 1
vn 0 1 0
vn 1 0 0
vn 1 0 0
vn 0 0 -1
vn 0 0 1
vn 1 0 0
vn -1 0 0
vn 0 1 0
vn 0 0 -1
vn 0 0 1
vn 1 0 0
vn -1 0 0
vn 0 1 0
vn 0 1 0
vn 1 0 0
vn 0 0 1
vn -1 0 0
vn 0 0 -1
usemtl common_steel
f 1/1/1 2/2/1 4/3/1
f 1/1/1 4/3/1 3/4/1
f 6/5/2 2/6/2 1/7/2
f 6/5/2 1/7/2 5/8/2
f 7/9/3 3/10/3 4/11/3
f 7/9/3 4/11/3 8/12/3
f 5/13/4 1/14/4 3/15/4
f 5/13/4 3/15/4 7/16/4
f 9/17/5 10/18/5 12/19/5
f 9/17/5 12/19/5 11/20/5
usemtl common_rough_steel
f 14/21/6 13/22/6 15/23/6
f 14/21/6 15/23/6 16/24/6
usemtl common_steel
f 14/25/7 10/26/7 9/27/7
f 14/25/7 9/27/7 13/28/7
f 17/29/8 18/30/8 20/31/8
f 17/29/8 20/31/8 19/32/8
usemtl common_rough_steel
f 9/33/9 21/34/9 22/35/9
f 9/33/9 22/35/9 11/36/9
usemtl common_steel
f 9/37/10 18/38/10 17/39/10
f 9/37/10 17/39/10 21/40/10
f 18/41/11 9/42/11 11/43/11
f 18/41/11 11/43/11 20/44/11
f 23/45/12 21/46/12 22/47/12
f 23/45/12 22/47/12 24/48/12
usemtl common_rough_steel
f 26/49/13 25/50/13 823/51/13
f 26/49/13 823/51/13 27/52/13
usemtl common_steel
f 26/53/14 21/54/14 23/55/14
f 26/53/14 23/55/14 25/56/14
usemtl common_rough_steel
f 21/57/15 26/58/15 27/59/15
f 21/57/15 27/59/15 22/60/15
usemtl common_steel
f 28/61/16 23/62/16 24/63/16
f 28/61/16 24/63/16 29/64/16
usemtl common_rough_steel
f 25/65/17 30/66/17 31/67/17
f 25/65/17 31/67/17 823/68/17
usemtl common_steel
f 25/69/18 23/70/18 28/71/18
f 25/69/18 28/71/18 30/72/18
f 30/73/19 28/74/19 29/75/19
f 30/73/19 29/75/19 31/76/19
f 10/77/20 32/78/20 33/79/20
f 10/77/20 33/79/20 12/80/20
usemtl common_rough_steel
f 34/81/21 14/82/21 16/83/21
f 34/81/21 16/83/21 35/84/21
usemtl common_steel
f 34/85/22 32/86/22 10/87/22
f 34/85/22 10/87/22 14/88/22
f 32/89/23 36/90/23 37/91/23
f 32/89/23 37/91/23 33/92/23
f 38/93/24 34/94/24 35/95/24
f 38/93/24 35/95/24 39/96/24
f 38/97/25 36/98/25 32/99/25
f 38/97/25 32/99/25 34/100/25
f 36/101/26 40/102/26 41/103/26
f 36/101/26 41/103/26 37/104/26
usemtl common_rough_steel
f 42/105/27 38/106/27 39/107/27
f 42/105/27 39/107/27 43/108/27
usemtl common_steel
f 42/109/28 40/110/28 36/111/28
f 42/109/28 36/111/28 38/112/28
f 40/113/29 42/114/29 43/115/29
f 40/113/29 43/115/29 41/116/29
usemtl common_copper_cable
f 44/117/30 45/118/30 47/119/30
f 44/117/30 47/119/30 46/120/30
f 49/121/31 48/122/31 50/123/31
f 49/121/31 50/123/31 828/124/31
f 49/125/32 45/126/32 44/127/32
f 49/125/32 44/127/32 48/128/32
f 48/129/33 44/130/33 46/131/33
f 48/129/33 46/131/33 50/132/33
f 828/133/34 827/134/34 51/135/34
f 828/133/34 51/135/34 50/136/34
f 50/137/35 51/138/35 52/139/35
f 50/137/35 52/139/35 53/140/35
f 830/141/36 828/142/36 50/143/36
f 830/141/36 50/143/36 53/144/36
f 827/145/37 55/146/37 54/147/37
f 827/145/37 54/147/37 51/148/37
f 51/149/38 54/150/38 56/151/38
f 51/149/38 56/151/38 52/152/38
f 55/153/39 827/154/39 829/155/39
f 55/153/39 829/155/39 57/156/39
f 58/157/40 54/158/40 55/159/40
f 58/157/40 55/159/40 832/160/40
f 832/161/41 55/162/41 57/163/41
f 832/161/41 57/163/41 834/164/41
f 54/165/42 58/166/42 59/167/42
f 54/165/42 59/167/42 56/168/42
f 60/169/43 61/170/43 831/171/43
f 60/169/43 831/171/43 62/172/43
f 64/173/44 63/174/44 65/175/44
f 64/173/44 65/175/44 66/176/44
f 64/177/45 61/178/45 60/179/45
f 64/177/45 60/179/45 63/180/45
f 63/181/46 60/182/46 62/183/46
f 63/181/46 62/183/46 65/184/46
f 832/185/47 831/186/47 62/187/47
f 832/185/47 62/187/47 58/188/47
f 58/189/48 62/190/48 67/191/48
f 58/189/48 67/191/48 59/192/48
f 831/193/49 833/194/49 67/195/49
f 831/193/49 67/195/49 62/196/49
usemtl ammunition_workshop
f 68/197/50 69/198/50 71/199/50
f 68/197/50 71/199/50 70/200/50
f 73/201/51 72/202/51 74/203/51
f 73/201/51 74/203/51 75/204/51
f 73/205/52 69/206/52 68/207/52
f 73/205/52 68/207/52 72/208/52
f 72/209/53 68/210/53 70/211/53
f 72/209/53 70/211/53 74/212/53
f 69/213/54 73/214/54 75/215/54
f 69/213/54 75/215/54 71/216/54
f 76/217/55 77/218/55 79/219/55
f 76/217/55 79/219/55 78/220/55
f 81/221/56 80/222/56 82/223/56
f 81/221/56 82/223/56 83/224/56
f 81/225/57 77/226/57 76/227/57
f 81/225/57 76/227/57 80/228/57
f 80/229/58 76/230/58 78/231/58
f 80/229/58 78/231/58 82/232/58
f 77/233/59 81/234/59 83/235/59
f 77/233/59 83/235/59 79/236/59
usemtl common_steel
f 87/237/60 85/238/60 84/239/60
f 87/237/60 84/239/60 86/240/60
f 92/241/61 89/242/61 88/243/61
f 92/241/61 88/243/61 91/244/61
f 91/245/62 88/246/62 85/247/62
f 91/245/62 85/247/62 87/248/62
f 89/249/63 92/250/63 93/251/63
f 89/249/63 93/251/63 90/252/63
f 92/253/64 94/254/64 95/255/64
f 92/253/64 95/255/64 93/256/64
f 97/257/65 96/258/65 98/259/65
f 97/257/65 98/259/65 99/260/65
f 97/261/66 94/262/66 92/263/66
f 97/261/66 92/263/66 96/264/66
f 96/265/67 92/266/67 93/267/67
f 96/265/67 93/267/67 98/268/67
f 94/269/68 97/270/68 99/271/68
f 94/269/68 99/271/68 95/272/68
f 103/273/69 101/274/69 100/275/69
f 103/273/69 100/275/69 96/276/69
f 96/277/70 100/278/70 102/279/70
f 96/277/70 102/279/70 98/280/70
f 101/281/71 103/282/71 86/283/71
f 101/281/71 86/283/71 84/284/71
f 104/285/72 89/286/72 90/287/72
f 104/285/72 90/287/72 105/288/72
f 100/289/73 106/290/73 107/291/73
f 100/289/73 107/291/73 102/292/73
f 100/293/74 89/294/74 104/295/74
f 100/293/74 104/295/74 106/296/74
f 106/297/75 104/298/75 105/299/75
f 106/297/75 105/299/75 107/300/75
f 89/301/76 100/302/76 102/303/76
f 89/301/76 102/303/76 90/304/76
usemtl ammunition_workshop
f 109/305/77 110/306/77 112/307/77
f 109/305/77 112/307/77 111/308/77
f 114/309/78 113/310/78 115/311/78
f 114/309/78 115/311/78 116/312/78
f 114/313/79 110/314/79 109/315/79
f 114/313/79 109/315/79 113/316/79
f 115/317/80 111/318/80 112/319/80
f 115/317/80 112/319/80 116/320/80
f 113/321/81 109/322/81 111/323/81
f 113/321/81 111/323/81 115/324/81
f 110/325/82 114/326/82 116/327/82
f 110/325/82 116/327/82 112/328/82
f 122/329/83 121/330/83 123/331/83
f 122/329/83 123/331/83 124/332/83
f 122/333/84 118/334/84 117/335/84
f 122/333/84 117/335/84 121/336/84
f 123/337/85 119/338/85 120/339/85
f 123/337/85 120/339/85 124/340/85
f 121/341/86 117/342/86 119/343/86
f 121/341/86 119/343/86 123/344/86
f 118/345/87 122/346/87 124/347/87
f 118/345/87 124/347/87 120/348/87
f 130/349/88 129/350/88 131/351/88
f 130/349/88 131/351/88 132/352/88
f 130/353/89 126/354/89 125/355/89
f 130/353/89 125/355/89 129/356/89
f 131/357/90 127/358/90 128/359/90
f 131/357/90 128/359/90 132/360/90
f 129/361/91 125/362/91 127/363/91
f 129/361/91 127/363/91 131/364/91
f 126/365/92 130/366/92 132/367/92
f 126/365/92 132/367/92 128/368/92
f 135/369/93 136/370/93 138/371/93
f 135/369/93 138/371/93 137/372/93
f 140/373/94 139/374/94 141/375/94
f 140/373/94 141/375/94 142/376/94
f 140/377/95 136/378/95 135/379/95
f 140/377/95 135/379/95 139/380/95
f 141/381/96 137/382/96 138/383/96
f 141/381/96 138/383/96 142/384/96
f 139/385/97 135/386/97 137/387/97
f 139/385/97 137/387/97 141/388/97
f 143/389/98 144/390/98 146/391/98
f 143/389/98 146/391/98 145/392/98
f 148/393/99 147/394/99 149/395/99
f 148/393/99 149/395/99 150/396/99
f 148/397/100 144/398/100 143/399/100
f 148/397/100 143/399/100 147/400/100
f 149/401/101 145/402/101 146/403/101
f 149/401/101 146/403/101 150/404/101
f 147/405/102 143/406/102 145/407/102
f 147/405/102 145/407/102 149/408/102
f 144/409/103 148/410/103 150/411/103
f 144/409/103 150/411/103 146/412/103
f 151/413/104 152/414/104 154/415/104
f 151/413/104 154/415/104 153/416/104
f 156/417/105 155/418/105 157/419/105
f 156/417/105 157/419/105 158/420/105
f 156/421/106 152/422/106 151/423/106
f 156/421/106 151/423/106 155/424/106
f 157/425/107 153/426/107 154/427/107
f 157/425/107 154/427/107 158/428/107
f 155/429/108 151/430/108 153/431/108
f 155/429/108 153/431/108 157/432/108
f 152/433/109 156/434/109 158/435/109
f 152/433/109 158/435/109 154/436/109
f 159/437/110 160/438/110 162/439/110
f 159/437/110 162/439/110 161/440/110
f 164/441/111 163/442/111 165/443/111
f 164/441/111 165/443/111 166/444/111
f 164/445/112 160/446/112 159/447/112
f 164/445/112 159/447/112 163/448/112
f 165/449/113 161/450/113 162/451/113
f 165/449/113 162/451/113 166/452/113
f 167/453/114 168/454/114 170/455/114
f 167/453/114 170/455/114 169/456/114
f 172/457/115 171/458/115 173/459/115
f 172/457/115 173/459/115 174/460/115
f 172/461/116 168/462/116 167/463/116
f 172/461/116 167/463/116 171/464/116
f 173/465/117 169/466/117 170/467/117
f 173/465/117 170/467/117 174/468/117
f 171/469/118 167/470/118 169/471/118
f 171/469/118 169/471/118 173/472/118
f 168/473/119 172/474/119 174/475/119
f 168/473/119 174/475/119 170/476/119
f 175/477/120 176/478/120 178/479/120
f 175/477/120 178/479/120 177/480/120
f 180/481/121 179/482/121 181/483/121
f 180/481/121 181/483/121 182/484/121
f 180/485/122 176/486/122 175/487/122
f 180/485/122 175/487/122 179/488/122
f 181/489/123 177/490/123 178/491/123
f 181/489/123 178/491/123 182/492/123
f 179/493/124 175/494/124 177/495/124
f 179/493/124 177/495/124 181/496/124
f 176/497/125 180/498/125 182/499/125
f 176/497/125 182/499/125 178/500/125
f 183/501/126 184/502/126 186/503/126
f 183/501/126 186/503/126 185/504/126
f 188/505/127 187/506/127 189/507/127
f 188/505/127 189/507/127 190/508/127
f 188/509/128 184/510/128 183/511/128
f 188/509/128 183/511/128 187/512/128
f 189/513/129 185/514/129 186/515/129
f 189/513/129 186/515/129 190/516/129
f 187/517/130 183/518/130 185/519/130
f 187/517/130 185/519/130 189/520/130
f 184/521/131 188/522/131 190/523/131
f 184/521/131 190/523/131 186/524/131
f 191/525/132 192/526/132 194/527/132
f 191/525/132 194/527/132 193/528/132
f 196/529/133 195/530/133 197/531/133
f 196/529/133 197/531/133 198/532/133
f 196/533/134 192/534/134 191/535/134
f 196/533/134 191/535/134 195/536/134
f 197/537/135 193/538/135 194/539/135
f 197/537/135 194/539/135 198/540/135
f 195/541/136 191/542/136 193/543/136
f 195/541/136 193/543/136 197/544/136
f 203/545/137 200/546/137 199/547/137
f 203/545/137 199/547/137 202/548/137
f 202/549/138 199/550/138 201/551/138
f 202/549/138 201/551/138 204/552/138
f 206/553/139 199/554/139 200/555/139
f 206/553/139 200/555/139 207/556/139
f 205/557/140 201/558/140 199/559/140
f 205/557/140 199/559/140 206/560/140
usemtl common_steel
f 208/561/141 209/562/141 211/563/141
f 208/561/141 211/563/141 210/564/141
f 213/565/142 212/566/142 214/567/142
f 213/565/142 214/567/142 215/568/142
f 212/569/143 208/570/143 210/571/143
f 212/569/143 210/571/143 214/572/143
f 209/573/144 213/574/144 215/575/144
f 209/573/144 215/575/144 211/576/144
f 216/577/145 217/578/145 219/579/145
f 216/577/145 219/579/145 218/580/145
f 221/581/146 220/582/146 222/583/146
f 221/581/146 222/583/146 223/584/146
f 220/585/147 216/586/147 218/587/147
f 220/585/147 218/587/147 222/588/147
f 217/589/148 221/590/148 223/591/148
f 217/589/148 223/591/148 219/592/148
f 224/593/149 225/594/149 227/595/149
f 224/593/149 227/595/149 226/596/149
f 229/597/150 228/598/150 230/599/150
f 229/597/150 230/599/150 231/600/150
f 229/601/151 225/602/151 224/603/151
f 229/601/151 224/603/151 228/604/151
f 228/605/152 224/606/152 226/607/152
f 228/605/152 226/607/152 230/608/152
f 225/609/153 229/610/153 231/611/153
f 225/609/153 231/611/153 227/612/153
f 232/613/154 233/614/154 235/615/154
f 232/613/154 235/615/154 234/616/154
f 237/617/155 236/618/155 238/619/155
f 237/617/155 238/619/155 239/620/155
f 237/621/156 233/622/156 232/623/156
f 237/621/156 232/623/156 236/624/156
f 236/625/157 232/626/157 234/627/157
f 236/625/157 234/627/157 238/628/157
f 233/629/158 237/630/158 239/631/158
f 233/629/158 239/631/158 235/632/158
f 240/633/159 241/634/159 242/635/159
f 240/633/159 242/635/159 108/636/159
f 244/637/160 243/638/160 245/639/160
f 244/637/160 245/639/160 246/640/160
f 244/641/161 241/642/161 240/643/161
f 244/641/161 240/643/161 243/644/161
f 243/645/162 240/646/162 108/647/162
f 243/645/162 108/647/162 245/648/162
f 241/649/163 244/650/163 246/651/163
f 241/649/163 246/651/163 242/652/163
f 247/653/164 248/654/164 250/655/164
f 247/653/164 250/655/164 249/656/164
f 252/657/165 251/658/165 821/659/165
f 252/657/165 821/659/165 253/660/165
f 252/661/166 248/662/166 247/663/166
f 252/661/166 247/663/166 251/664/166
f 251/665/167 247/666/167 249/667/167
f 251/665/167 249/667/167 821/668/167
f 248/669/168 252/670/168 253/671/168
f 248/669/168 253/671/168 250/672/168
f 254/673/169 255/674/169 257/675/169
f 254/673/169 257/675/169 256/676/169
f 259/677/170 258/678/170 260/679/170
f 259/677/170 260/679/170 261/680/170
f 259/681/171 255/682/171 254/683/171
f 259/681/171 254/683/171 258/684/171
f 258/685/172 254/686/172 256/687/172
f 258/685/172 256/687/172 260/688/172
f 255/689/173 259/690/173 261/691/173
f 255/689/173 261/691/173 257/692/173
f 281/693/174 280/694/174 282/695/174
f 281/693/174 282/695/174 283/696/174
f 281/697/175 279/698/175 278/699/175
f 281/697/175 278/699/175 280/700/175
f 280/701/176 278/702/176 246/703/176
f 280/701/176 246/703/176 282/704/176
f 285/705/177 281/706/177 283/707/177
f 285/705/177 283/707/177 286/708/177
f 285/709/178 284/710/178 279/711/178
f 285/709/178 279/711/178 281/712/178
f 289/713/179 288/714/179 290/715/179
f 289/713/179 290/715/179 291/716/179
f 289/717/180 279/718/180 284/719/180
f 289/717/180 284/719/180 288/720/180
f 288/721/181 284/722/181 287/723/181
f 288/721/181 287/723/181 290/724/181
f 284/725/182 292/726/182 293/727/182
f 284/725/182 293/727/182 287/728/182
f 294/729/183 285/730/183 286/731/183
f 294/729/183 286/731/183 295/732/183
f 294/733/184 292/734/184 284/735/184
f 294/733/184 284/735/184 285/736/184
f 292/737/185 296/738/185 297/739/185
f 292/737/185 297/739/185 293/740/185
f 298/741/186 294/742/186 295/743/186
f 298/741/186 295/743/186 299/744/186
f 298/745/187 296/746/187 292/747/187
f 298/745/187 292/747/187 294/748/187
usemtl common_rough_steel
f 296/749/188 300/750/188 301/751/188
f 296/749/188 301/751/188 297/752/188
usemtl common_steel
f 302/753/189 298/754/189 299/755/189
f 302/753/189 299/755/189 303/756/189
f 302/757/190 300/758/190 296/759/190
f 302/757/190 296/759/190 298/760/190
f 300/761/191 302/762/191 303/763/191
f 300/761/191 303/763/191 301/764/191
f 304/765/192 289/766/192 291/767/192
f 304/765/192 291/767/192 305/768/192
f 304/769/193 278/770/193 279/771/193
f 304/769/193 279/771/193 289/772/193
f 306/773/194 304/774/194 305/775/194
f 306/773/194 305/775/194 307/776/194
f 278/777/195 308/778/195 235/779/195
f 278/777/195 235/779/195 246/780/195
f 278/781/196 304/782/196 306/783/196
f 278/781/196 306/783/196 308/784/196
f 308/785/197 306/786/197 307/787/197
f 308/785/197 307/787/197 235/788/197
f 309/789/198 819/790/198 821/791/198
f 309/789/198 821/791/198 256/792/198
f 820/793/199 310/794/199 311/795/199
f 820/793/199 311/795/199 822/796/199
f 820/797/200 819/798/200 309/799/200
f 820/797/200 309/799/200 310/800/200
f 310/801/201 309/802/201 256/803/201
f 310/801/201 256/803/201 311/804/201
f 316/805/202 313/806/202 312/807/202
f 316/805/202 312/807/202 315/808/202
f 315/809/203 312/810/203 314/811/203
f 315/809/203 314/811/203 317/812/203
f 319/813/204 318/814/204 313/815/204
f 319/813/204 313/815/204 316/816/204
f 318/817/205 322/818/205 323/819/205
f 318/817/205 323/819/205 324/820/205
f 318/821/206 319/822/206 320/823/206
f 318/821/206 320/823/206 322/824/206
f 322/825/207 320/826/207 321/827/207
f 322/825/207 321/827/207 323/828/207
usemtl conveyor_off
f 325/829/208 326/830/208 314/831/208
f 325/829/208 314/831/208 327/832/208
f 329/833/209 328/834/209 291/835/209
f 329/833/209 291/835/209 290/836/209
f 329/837/210 326/838/210 325/839/210
f 329/837/210 325/839/210 328/840/210
f 291/841/211 327/842/211 314/843/211
f 291/841/211 314/843/211 290/844/211
f 326/845/212 329/846/212 290/847/212
f 326/845/212 290/847/212 314/848/212
f 330/849/213 331/850/213 283/851/213
f 330/849/213 283/851/213 282/852/213
f 333/853/214 332/854/214 334/855/214
f 333/853/214 334/855/214 335/856/214
f 333/857/215 331/858/215 330/859/215
f 333/857/215 330/859/215 332/860/215
f 334/861/216 282/862/216 283/863/216
f 334/861/216 283/863/216 335/864/216
f 332/865/217 330/866/217 282/867/217
f 332/865/217 282/867/217 334/868/217
f 336/869/218 332/870/218 334/871/218
f 336/869/218 334/871/218 24/872/218
f 338/873/219 337/874/219 19/875/219
f 338/873/219 19/875/219 20/876/219
f 338/877/220 332/878/220 336/879/220
f 338/877/220 336/879/220 337/880/220
f 19/881/221 24/882/221 334/883/221
f 19/881/221 334/883/221 20/884/221
f 337/885/222 336/886/222 24/887/222
f 337/885/222 24/887/222 19/888/222
f 332/889/223 338/890/223 20/891/223
f 332/889/223 20/891/223 334/892/223
f 339/893/224 340/894/224 822/895/224
f 339/893/224 822/895/224 311/896/224
f 336/897/225 341/898/225 29/899/225
f 336/897/225 29/899/225 24/900/225
f 336/901/226 340/902/226 339/903/226
f 336/901/226 339/903/226 341/904/226
f 29/905/227 311/906/227 822/907/227
f 29/905/227 822/907/227 24/908/227
f 341/909/228 339/910/228 311/911/228
f 341/909/228 311/911/228 29/912/228
f 340/913/229 336/914/229 24/915/229
f 340/913/229 24/915/229 822/916/229
f 342/917/230 325/918/230 327/919/230
f 342/917/230 327/919/230 324/920/230
f 344/921/231 342/922/231 324/923/231
f 344/921/231 324/923/231 323/924/231
f 343/925/232 345/926/232 307/927/232
f 343/925/232 307/927/232 305/928/232
f 343/929/233 342/930/233 344/931/233
f 343/929/233 344/931/233 345/932/233
f 307/933/234 323/934/234 324/935/234
f 307/933/234 324/935/234 305/936/234
f 345/937/235 344/938/235 323/939/235
f 345/937/235 323/939/235 307/940/235
f 342/941/236 343/942/236 305/943/236
f 342/941/236 305/943/236 324/944/236
f 331/945/237 346/946/237 286/947/237
f 331/945/237 286/947/237 283/948/237
f 347/949/238 333/950/238 335/951/238
f 347/949/238 335/951/238 12/952/238
f 347/953/239 346/954/239 331/955/239
f 347/953/239 331/955/239 333/956/239
f 335/957/240 283/958/240 286/959/240
f 335/957/240 286/959/240 12/960/240
f 333/961/241 331/962/241 283/963/241
f 333/961/241 283/963/241 335/964/241
f 346/965/242 348/966/242 295/967/242
f 346/965/242 295/967/242 286/968/242
f 349/969/243 347/970/243 12/971/243
f 349/969/243 12/971/243 33/972/243
f 349/973/244 348/974/244 346/975/244
f 349/973/244 346/975/244 347/976/244
f 12/977/245 286/978/245 295/979/245
f 12/977/245 295/979/245 33/980/245
f 347/981/246 346/982/246 286/983/246
f 347/981/246 286/983/246 12/984/246
f 348/985/247 134/986/247 299/987/247
f 348/985/247 299/987/247 295/988/247
f 350/989/248 349/990/248 33/991/248
f 350/989/248 33/991/248 37/992/248
f 350/993/249 134/994/249 348/995/249
f 350/993/249 348/995/249 349/996/249
f 33/997/250 295/998/250 299/999/250
f 33/997/250 299/999/250 37/1000/250
f 349/1001/251 348/1002/251 295/1003/251
f 349/1001/251 295/1003/251 33/1004/251
f 134/1005/252 351/1006/252 303/1007/252
f 134/1005/252 303/1007/252 299/1008/252
f 352/1009/253 350/1010/253 37/1011/253
f 352/1009/253 37/1011/253 41/1012/253
f 352/1013/254 351/1014/254 134/1015/254
f 352/1013/254 134/1015/254 350/1016/254
f 37/1017/255 299/1018/255 303/1019/255
f 37/1017/255 303/1019/255 41/1020/255
f 350/1021/256 134/1022/256 299/1023/256
f 350/1021/256 299/1023/256 37/1024/256
f 351/1025/257 352/1026/257 41/1027/257
f 351/1025/257 41/1027/257 303/1028/257
usemtl common_steel
f 31/1029/258 224/1030/258 354/1031/258
f 31/1029/258 354/1031/258 353/1032/258
f 356/1033/259 355/1034/259 357/1035/259
f 356/1033/259 357/1035/259 358/1036/259
f 355/1037/260 31/1038/260 353/1039/260
f 355/1037/260 353/1039/260 357/1040/260
f 224/1041/261 356/1042/261 358/1043/261
f 224/1041/261 358/1043/261 354/1044/261
f 228/1045/262 321/1046/262 360/1047/262
f 228/1045/262 360/1047/262 359/1048/262
f 362/1049/263 361/1050/263 363/1051/263
f 362/1049/263 363/1051/263 364/1052/263
f 361/1053/264 228/1054/264 359/1055/264
f 361/1053/264 359/1055/264 363/1056/264
f 321/1057/265 362/1058/265 364/1059/265
f 321/1057/265 364/1059/265 360/1060/265
f 365/1061/266 366/1062/266 368/1063/266
f 365/1061/266 368/1063/266 367/1064/266
f 366/1065/267 362/1066/267 317/1067/267
f 366/1065/267 317/1067/267 368/1068/267
usemtl ammunition_workshop
f 369/1069/268 370/1070/268 372/1071/268
f 369/1069/268 372/1071/268 371/1072/268
f 374/1073/269 373/1074/269 375/1075/269
f 374/1073/269 375/1075/269 376/1076/269
f 374/1077/270 370/1078/270 369/1079/270
f 374/1077/270 369/1079/270 373/1080/270
f 375/1081/271 371/1082/271 372/1083/271
f 375/1081/271 372/1083/271 376/1084/271
f 373/1085/272 369/1086/272 371/1087/272
f 373/1085/272 371/1087/272 375/1088/272
f 377/1089/273 378/1090/273 380/1091/273
f 377/1089/273 380/1091/273 379/1092/273
f 56/1093/274 381/1094/274 382/1095/274
f 56/1093/274 382/1095/274 383/1096/274
f 56/1097/275 378/1098/275 377/1099/275
f 56/1097/275 377/1099/275 381/1100/275
f 382/1101/276 379/1102/276 380/1103/276
f 382/1101/276 380/1103/276 383/1104/276
f 381/1105/277 377/1106/277 379/1107/277
f 381/1105/277 379/1107/277 382/1108/277
usemtl common_rough_steel
f 393/1109/278 394/1110/278 385/1111/278
f 393/1109/278 385/1111/278 387/1112/278
f 391/1113/279 392/1114/279 388/1115/279
f 391/1113/279 388/1115/279 389/1116/279
usemtl common_steel
f 392/1117/280 391/1118/280 390/1119/280
f 392/1117/280 390/1119/280 314/1120/280
f 394/1121/281 393/1122/281 386/1123/281
f 394/1121/281 386/1123/281 384/1124/281
f 391/1125/282 394/1126/282 384/1127/282
f 391/1125/282 384/1127/282 390/1128/282
f 405/1129/283 406/1130/283 397/1131/283
f 405/1129/283 397/1131/283 399/1132/283
f 404/1133/284 405/1134/284 399/1135/284
f 404/1133/284 399/1135/284 401/1136/284
usemtl common_rough_steel
f 403/1137/285 401/1138/285 399/1139/285
f 403/1137/285 399/1139/285 397/1140/285
usemtl common_steel
f 407/1141/286 404/1142/286 401/1143/286
f 407/1141/286 401/1143/286 56/1144/286
usemtl common_rough_steel
f 401/1145/287 403/1146/287 395/1147/287
f 401/1145/287 395/1147/287 56/1148/287
f 405/1149/288 404/1150/288 402/1151/288
f 405/1149/288 402/1151/288 400/1152/288
f 406/1153/289 405/1154/289 400/1155/289
f 406/1153/289 400/1155/289 398/1156/289
f 404/1157/290 407/1158/290 396/1159/290
f 404/1157/290 396/1159/290 402/1160/290
f 411/1161/291 406/1162/291 398/1163/291
f 411/1161/291 398/1163/291 409/1164/291
f 743/1165/292 742/1166/292 410/1167/292
f 743/1165/292 410/1167/292 403/1168/292
f 403/1169/293 410/1170/293 314/1171/293
f 403/1169/293 314/1171/293 395/1172/293
usemtl common_steel
f 406/1173/294 411/1174/294 408/1175/294
f 406/1173/294 408/1175/294 397/1176/294
f 393/1177/295 418/1178/295 412/1179/295
f 393/1177/295 412/1179/295 386/1180/295
f 417/1181/296 407/1182/296 56/1183/296
f 417/1181/296 56/1183/296 414/1184/296
usemtl common_rough_steel
f 416/1185/297 414/1186/297 56/1187/297
f 416/1185/297 56/1187/297 395/1188/297
usemtl common_steel
f 418/1189/298 417/1190/298 414/1191/298
f 418/1189/298 414/1191/298 412/1192/298
usemtl common_rough_steel
f 414/1193/299 416/1194/299 386/1195/299
f 414/1193/299 386/1195/299 412/1196/299
usemtl common_steel
f 407/1197/300 417/1198/300 415/1199/300
f 407/1197/300 415/1199/300 396/1200/300
usemtl common_rough_steel
f 418/1201/301 393/1202/301 387/1203/301
f 418/1201/301 387/1203/301 413/1204/301
usemtl common_steel
f 417/1205/302 418/1206/302 413/1207/302
f 417/1205/302 413/1207/302 415/1208/302
usemtl common_machinebase
f 353/1209/303 419/1210/303 421/1211/303
f 353/1209/303 421/1211/303 420/1212/303
usemtl common_bottom
f 424/1213/304 425/1214/304 423/1215/304
f 424/1213/304 423/1215/304 382/1216/304
usemtl common_machinebase
f 426/1217/305 424/1218/305 382/1219/305
f 426/1217/305 382/1219/305 422/1220/305
usemtl common_bottom
f 425/1221/306 424/1222/306 420/1223/306
f 425/1221/306 420/1223/306 421/1224/306
usemtl common_machinebase
f 424/1225/307 426/1226/307 353/1227/307
f 424/1225/307 353/1227/307 420/1228/307
f 428/1229/308 427/1230/308 429/1231/308
f 428/1229/308 429/1231/308 430/1232/308
usemtl common_bottom
f 431/1233/309 432/1234/309 430/1235/309
f 431/1233/309 430/1235/309 429/1236/309
usemtl common_machinebase
f 433/1237/310 431/1238/310 429/1239/310
f 433/1237/310 429/1239/310 427/1240/310
usemtl common_bottom
f 432/1241/311 431/1242/311 382/1243/311
f 432/1241/311 382/1243/311 423/1244/311
usemtl common_machinebase
f 431/1245/312 433/1246/312 422/1247/312
f 431/1245/312 422/1247/312 382/1248/312
f 419/1249/313 360/1250/313 434/1251/313
f 419/1249/313 434/1251/313 421/1252/313
usemtl common_bottom
f 425/1253/314 437/1254/314 436/1255/314
f 425/1253/314 436/1255/314 423/1256/314
usemtl common_machinebase
f 437/1257/315 438/1258/315 435/1259/315
f 437/1257/315 435/1259/315 436/1260/315
usemtl common_bottom
f 437/1261/316 425/1262/316 421/1263/316
f 437/1261/316 421/1263/316 434/1264/316
usemtl common_machinebase
f 438/1265/317 437/1266/317 434/1267/317
f 438/1265/317 434/1267/317 360/1268/317
f 439/1269/318 428/1270/318 430/1271/318
f 439/1269/318 430/1271/318 440/1272/318
usemtl common_bottom
f 432/1273/319 441/1274/319 440/1275/319
f 432/1273/319 440/1275/319 430/1276/319
usemtl common_machinebase
f 441/1277/320 442/1278/320 439/1279/320
f 441/1277/320 439/1279/320 440/1280/320
usemtl common_bottom
f 441/1281/321 432/1282/321 423/1283/321
f 441/1281/321 423/1283/321 436/1284/321
usemtl common_machinebase
f 442/1285/322 441/1286/322 436/1287/322
f 442/1285/322 436/1287/322 435/1288/322
usemtl common_steel
f 435/1289/323 360/1290/323 443/1291/323
f 435/1289/323 443/1291/323 388/1292/323
f 439/1293/324 435/1294/324 388/1295/324
f 439/1293/324 388/1295/324 444/1296/324
f 445/1297/325 396/1298/325 422/1299/325
f 445/1297/325 422/1299/325 427/1300/325
f 396/1301/326 446/1302/326 353/1303/326
f 396/1301/326 353/1303/326 422/1304/326
f 444/1305/327 409/1306/327 400/1307/327
f 444/1305/327 400/1307/327 445/1308/327
f 385/1309/328 443/1310/328 446/1311/328
f 385/1309/328 446/1311/328 413/1312/328
f 317/1313/329 207/1314/329 450/1315/329
f 317/1313/329 450/1315/329 435/1316/329
usemtl ammunition_workshop
f 207/1317/330 447/1318/330 448/1319/330
f 207/1317/330 448/1319/330 450/1320/330
usemtl common_steel
f 287/1321/331 317/1322/331 435/1323/331
f 287/1321/331 435/1323/331 449/1324/331
usemtl ammunition_workshop
f 451/1325/332 452/1326/332 287/1327/332
f 451/1325/332 287/1327/332 447/1328/332
f 454/1329/333 453/1330/333 207/1331/333
f 454/1329/333 207/1331/333 317/1332/333
f 454/1333/334 452/1334/334 451/1335/334
f 454/1333/334 451/1335/334 453/1336/334
f 453/1337/335 451/1338/335 447/1339/335
f 453/1337/335 447/1339/335 207/1340/335
f 452/1341/336 454/1342/336 317/1343/336
f 452/1341/336 317/1343/336 287/1344/336
usemtl common_steel
f 455/1345/337 456/1346/337 458/1347/337
f 455/1345/337 458/1347/337 457/1348/337
f 460/1349/338 459/1350/338 461/1351/338
f 460/1349/338 461/1351/338 462/1352/338
f 456/1353/339 460/1354/339 462/1355/339
f 456/1353/339 462/1355/339 458/1356/339
f 463/1357/340 456/1358/340 465/1359/340
f 463/1357/340 465/1359/340 464/1360/340
f 203/1361/341 466/1362/341 467/1363/341
f 203/1361/341 467/1363/341 468/1364/341
f 203/1365/342 456/1366/342 463/1367/342
f 203/1365/342 463/1367/342 466/1368/342
f 467/1369/343 464/1370/343 465/1371/343
f 467/1369/343 465/1371/343 468/1372/343
f 466/1373/344 463/1374/344 464/1375/344
f 466/1373/344 464/1375/344 467/1376/344
f 456/1377/345 203/1378/345 468/1379/345
f 456/1377/345 468/1379/345 465/1380/345
f 469/1381/346 468/1382/346 471/1383/346
f 469/1381/346 471/1383/346 470/1384/346
f 473/1385/347 472/1386/347 474/1387/347
f 473/1385/347 474/1387/347 439/1388/347
f 473/1389/348 468/1390/348 469/1391/348
f 473/1389/348 469/1391/348 472/1392/348
f 474/1393/349 470/1394/349 471/1395/349
f 474/1393/349 471/1395/349 439/1396/349
f 472/1397/350 469/1398/350 470/1399/350
f 472/1397/350 470/1399/350 474/1400/350
f 468/1401/351 473/1402/351 439/1403/351
f 468/1401/351 439/1403/351 471/1404/351
f 472/1405/352 477/1406/352 478/1407/352
f 472/1405/352 478/1407/352 481/1408/352
f 479/1409/353 475/1410/353 477/1411/353
f 479/1409/353 477/1411/353 472/1412/353
f 476/1413/354 480/1414/354 481/1415/354
f 476/1413/354 481/1415/354 478/1416/354
f 482/1417/355 483/1418/355 485/1419/355
f 482/1417/355 485/1419/355 484/1420/355
f 477/1421/356 486/1422/356 427/1423/356
f 477/1421/356 427/1423/356 487/1424/356
f 477/1425/357 483/1426/357 482/1427/357
f 477/1425/357 482/1427/357 486/1428/357
f 427/1429/358 484/1430/358 485/1431/358
f 427/1429/358 485/1431/358 487/1432/358
f 486/1433/359 482/1434/359 484/1435/359
f 486/1433/359 484/1435/359 427/1436/359
f 483/1437/360 477/1438/360 487/1439/360
f 483/1437/360 487/1439/360 485/1440/360
f 488/1441/361 489/1442/361 491/1443/361
f 488/1441/361 491/1443/361 490/1444/361
f 493/1445/362 492/1446/362 482/1447/362
f 493/1445/362 482/1447/362 494/1448/362
f 492/1449/363 488/1450/363 490/1451/363
f 492/1449/363 490/1451/363 482/1452/363
f 495/1453/364 496/1454/364 498/1455/364
f 495/1453/364 498/1455/364 497/1456/364
f 56/1457/365 499/1458/365 500/1459/365
f 56/1457/365 500/1459/365 501/1460/365
f 499/1461/366 495/1462/366 497/1463/366
f 499/1461/366 497/1463/366 500/1464/366
usemtl common_rough_steel
f 355/1465/367 502/1466/367 503/1467/367
f 355/1465/367 503/1467/367 825/1468/367
f 502/1469/368 505/1470/368 504/1471/368
f 502/1469/368 504/1471/368 503/1472/368
usemtl ammunition_workshop
f 511/1473/369 507/1474/369 506/1475/369
f 511/1473/369 506/1475/369 510/1476/369
f 512/1477/370 508/1478/370 509/1479/370
f 512/1477/370 509/1479/370 513/1480/370
f 510/1481/371 511/1482/371 515/1483/371
f 510/1481/371 515/1483/371 514/1484/371
f 517/1485/372 516/1486/372 518/1487/372
f 517/1485/372 518/1487/372 519/1488/372
f 517/1489/373 511/1490/373 510/1491/373
f 517/1489/373 510/1491/373 516/1492/373
f 507/1493/374 520/1494/374 522/1495/374
f 507/1493/374 522/1495/374 521/1496/374
f 523/1497/375 511/1498/375 524/1499/375
f 523/1497/375 524/1499/375 525/1500/375
f 523/1501/376 520/1502/376 507/1503/376
f 523/1501/376 507/1503/376 511/1504/376
f 524/1505/377 521/1506/377 522/1507/377
f 524/1505/377 522/1507/377 525/1508/377
f 511/1509/378 507/1510/378 521/1511/378
f 511/1509/378 521/1511/378 524/1512/378
f 520/1513/379 523/1514/379 525/1515/379
f 520/1513/379 525/1515/379 522/1516/379
f 526/1517/380 527/1518/380 528/1519/380
f 526/1517/380 528/1519/380 369/1520/380
f 516/1521/381 529/1522/381 373/1523/381
f 516/1521/381 373/1523/381 518/1524/381
f 516/1525/382 527/1526/382 526/1527/382
f 516/1525/382 526/1527/382 529/1528/382
f 529/1529/383 526/1530/383 369/1531/383
f 529/1529/383 369/1531/383 373/1532/383
f 527/1533/384 516/1534/384 518/1535/384
f 527/1533/384 518/1535/384 528/1536/384
usemtl common_rough_steel
f 535/1537/385 531/1538/385 530/1539/385
f 535/1537/385 530/1539/385 534/1540/385
f 536/1541/386 532/1542/386 533/1543/386
f 536/1541/386 533/1543/386 537/1544/386
f 534/1545/387 530/1546/387 532/1547/387
f 534/1545/387 532/1547/387 536/1548/387
f 531/1549/388 535/1550/388 537/1551/388
f 531/1549/388 537/1551/388 533/1552/388
usemtl ammunition_workshop
f 527/1553/389 538/1554/389 539/1555/389
f 527/1553/389 539/1555/389 528/1556/389
f 507/1557/390 506/1558/390 540/1559/390
f 507/1557/390 540/1559/390 541/1560/390
f 507/1561/391 538/1562/391 527/1563/391
f 507/1561/391 527/1563/391 506/1564/391
f 511/1565/392 523/1566/392 542/1567/392
f 511/1565/392 542/1567/392 515/1568/392
f 543/1569/393 517/1570/393 519/1571/393
f 543/1569/393 519/1571/393 39/1572/393
f 543/1573/394 523/1574/394 511/1575/394
f 543/1573/394 511/1575/394 517/1576/394
f 523/1577/395 543/1578/395 39/1579/395
f 523/1577/395 39/1579/395 542/1580/395
f 538/1581/396 544/1582/396 35/1583/396
f 538/1581/396 35/1583/396 539/1584/396
f 520/1585/397 507/1586/397 541/1587/397
f 520/1585/397 541/1587/397 545/1588/397
f 520/1589/398 544/1590/398 538/1591/398
f 520/1589/398 538/1591/398 507/1592/398
f 544/1593/399 520/1594/399 545/1595/399
f 544/1593/399 545/1595/399 35/1596/399
f 546/1597/400 547/1598/400 549/1599/400
f 546/1597/400 549/1599/400 548/1600/400
f 551/1601/401 550/1602/401 552/1603/401
f 551/1601/401 552/1603/401 553/1604/401
f 551/1605/402 547/1606/402 546/1607/402
f 551/1605/402 546/1607/402 550/1608/402
f 552/1609/403 548/1610/403 549/1611/403
f 552/1609/403 549/1611/403 553/1612/403
f 550/1613/404 546/1614/404 548/1615/404
f 550/1613/404 548/1615/404 552/1616/404
f 554/1617/405 555/1618/405 557/1619/405
f 554/1617/405 557/1619/405 556/1620/405
f 559/1621/406 558/1622/406 560/1623/406
f 559/1621/406 560/1623/406 561/1624/406
f 559/1625/407 555/1626/407 554/1627/407
f 559/1625/407 554/1627/407 558/1628/407
f 560/1629/408 556/1630/408 557/1631/408
f 560/1629/408 557/1631/408 561/1632/408
f 555/1633/409 559/1634/409 561/1635/409
f 555/1633/409 561/1635/409 557/1636/409
f 562/1637/410 563/1638/410 565/1639/410
f 562/1637/410 565/1639/410 564/1640/410
f 567/1641/411 566/1642/411 568/1643/411
f 567/1641/411 568/1643/411 569/1644/411
f 567/1645/412 563/1646/412 562/1647/412
f 567/1645/412 562/1647/412 566/1648/412
f 568/1649/413 564/1650/413 565/1651/413
f 568/1649/413 565/1651/413 569/1652/413
f 563/1653/414 567/1654/414 569/1655/414
f 563/1653/414 569/1655/414 565/1656/414
f 570/1657/415 571/1658/415 573/1659/415
f 570/1657/415 573/1659/415 572/1660/415
f 575/1661/416 574/1662/416 576/1663/416
f 575/1661/416 576/1663/416 577/1664/416
f 575/1665/417 571/1666/417 570/1667/417
f 575/1665/417 570/1667/417 574/1668/417
f 576/1669/418 572/1670/418 573/1671/418
f 576/1669/418 573/1671/418 577/1672/418
f 571/1673/419 575/1674/419 577/1675/419
f 571/1673/419 577/1675/419 573/1676/419
f 578/1677/420 579/1678/420 581/1679/420
f 578/1677/420 581/1679/420 580/1680/420
f 583/1681/421 582/1682/421 584/1683/421
f 583/1681/421 584/1683/421 585/1684/421
f 589/1685/422 586/1686/422 579/1687/422
f 589/1685/422 579/1687/422 578/1688/422
f 587/1689/423 588/1690/423 580/1691/423
f 587/1689/423 580/1691/423 581/1692/423
f 588/1693/424 589/1694/424 578/1695/424
f 588/1693/424 578/1695/424 580/1696/424
f 586/1697/425 587/1698/425 581/1699/425
f 586/1697/425 581/1699/425 579/1700/425
f 587/1701/426 586/1702/426 583/1703/426
f 587/1701/426 583/1703/426 585/1704/426
f 588/1705/427 587/1706/427 585/1707/427
f 588/1705/427 585/1707/427 584/1708/427
f 589/1709/428 588/1710/428 584/1711/428
f 589/1709/428 584/1711/428 582/1712/428
f 586/1713/429 589/1714/429 582/1715/429
f 586/1713/429 582/1715/429 583/1716/429
usemtl common_copper_cable
f 590/1717/430 591/1718/430 593/1719/430
f 590/1717/430 593/1719/430 592/1720/430
f 595/1721/431 594/1722/431 596/1723/431
f 595/1721/431 596/1723/431 597/1724/431
f 595/1725/432 591/1726/432 590/1727/432
f 595/1725/432 590/1727/432 594/1728/432
f 598/1729/433 599/1730/433 590/1731/433
f 598/1729/433 590/1731/433 600/1732/433
f 602/1733/434 601/1734/434 603/1735/434
f 602/1733/434 603/1735/434 594/1736/434
f 599/1737/435 602/1738/435 594/1739/435
f 599/1737/435 594/1739/435 590/1740/435
f 596/1741/436 605/1742/436 604/1743/436
f 596/1741/436 604/1743/436 592/1744/436
f 592/1745/437 604/1746/437 600/1747/437
f 592/1745/437 600/1747/437 590/1748/437
f 605/1749/438 596/1750/438 594/1751/438
f 605/1749/438 594/1751/438 603/1752/438
f 609/1753/439 607/1754/439 606/1755/439
f 609/1753/439 606/1755/439 608/1756/439
f 610/1757/440 601/1758/440 602/1759/440
f 610/1757/440 602/1759/440 611/1760/440
f 607/1761/441 609/1762/441 611/1763/441
f 607/1761/441 611/1763/441 602/1764/441
f 612/1765/442 613/1766/442 599/1767/442
f 612/1765/442 599/1767/442 598/1768/442
f 607/1769/443 613/1770/443 612/1771/443
f 607/1769/443 612/1771/443 606/1772/443
f 613/1773/444 607/1774/444 602/1775/444
f 613/1773/444 602/1775/444 599/1776/444
usemtl common_thingies
f 614/1777/445 615/1778/445 617/1779/445
f 614/1777/445 617/1779/445 616/1780/445
f 619/1781/446 618/1782/446 620/1783/446
f 619/1781/446 620/1783/446 621/1784/446
f 619/1785/447 615/1786/447 614/1787/447
f 619/1785/447 614/1787/447 618/1788/447
f 620/1789/448 616/1790/448 617/1791/448
f 620/1789/448 617/1791/448 621/1792/448
f 615/1793/449 619/1794/449 621/1795/449
f 615/1793/449 621/1795/449 617/1796/449
usemtl common_copper_cable
f 622/1797/450 623/1798/450 625/1799/450
f 622/1797/450 625/1799/450 624/1800/450
f 628/1801/451 624/1802/451 625/1803/451
f 628/1801/451 625/1803/451 629/1804/451
f 626/1805/452 622/1806/452 624/1807/452
f 626/1805/452 624/1807/452 628/1808/452
f 623/1809/453 627/1810/453 629/1811/453
f 623/1809/453 629/1811/453 625/1812/453
f 630/1813/454 631/1814/454 623/1815/454
f 630/1813/454 623/1815/454 622/1816/454
f 633/1817/455 632/1818/455 626/1819/455
f 633/1817/455 626/1819/455 627/1820/455
f 632/1821/456 630/1822/456 622/1823/456
f 632/1821/456 622/1823/456 626/1824/456
f 631/1825/457 633/1826/457 627/1827/457
f 631/1825/457 627/1827/457 623/1828/457
f 635/1829/458 627/1830/458 626/1831/458
f 635/1829/458 626/1831/458 634/1832/458
f 636/1833/459 628/1834/459 629/1835/459
f 636/1833/459 629/1835/459 637/1836/459
f 634/1837/460 626/1838/460 628/1839/460
f 634/1837/460 628/1839/460 636/1840/460
f 627/1841/461 635/1842/461 637/1843/461
f 627/1841/461 637/1843/461 629/1844/461
usemtl common_rough_steel
f 649/1845/462 646/1846/462 645/1847/462
f 649/1845/462 645/1847/462 642/1848/462
f 650/1849/463 651/1850/463 643/1851/463
f 650/1849/463 643/1851/463 648/1852/463
f 646/1853/464 647/1854/464 641/1855/464
f 646/1853/464 641/1855/464 645/1856/464
f 647/1857/465 646/1858/465 644/1859/465
f 647/1857/465 644/1859/465 638/1860/465
f 652/1861/466 650/1862/466 648/1863/466
f 652/1861/466 648/1863/466 640/1864/466
f 646/1865/467 649/1866/467 639/1867/467
f 646/1865/467 639/1867/467 644/1868/467
f 651/1869/468 650/1870/468 649/1871/468
f 651/1869/468 649/1871/468 642/1872/468
f 650/1873/469 652/1874/469 639/1875/469
f 650/1873/469 639/1875/469 649/1876/469
f 653/1877/470 654/1878/470 656/1879/470
f 653/1877/470 656/1879/470 655/1880/470
f 658/1881/471 657/1882/471 659/1883/471
f 658/1881/471 659/1883/471 660/1884/471
f 658/1885/472 654/1886/472 653/1887/472
f 658/1885/472 653/1887/472 657/1888/472
f 659/1889/473 655/1890/473 656/1891/473
f 659/1889/473 656/1891/473 660/1892/473
f 654/1893/474 658/1894/474 660/1895/474
f 654/1893/474 660/1895/474 656/1896/474
f 661/1897/475 662/1898/475 664/1899/475
f 661/1897/475 664/1899/475 663/1900/475
f 666/1901/476 665/1902/476 667/1903/476
f 666/1901/476 667/1903/476 668/1904/476
f 666/1905/477 662/1906/477 661/1907/477
f 666/1905/477 661/1907/477 665/1908/477
f 667/1909/478 663/1910/478 664/1911/478
f 667/1909/478 664/1911/478 668/1912/478
f 662/1913/479 666/1914/479 668/1915/479
f 662/1913/479 668/1915/479 664/1916/479
usemtl common_thingies
f 669/1917/480 670/1918/480 672/1919/480
f 669/1917/480 672/1919/480 671/1920/480
f 674/1921/481 673/1922/481 675/1923/481
f 674/1921/481 675/1923/481 676/1924/481
f 674/1925/482 670/1926/482 669/1927/482
f 674/1925/482 669/1927/482 673/1928/482
f 675/1929/483 671/1930/483 672/1931/483
f 675/1929/483 672/1931/483 676/1932/483
f 673/1933/484 669/1934/484 671/1935/484
f 673/1933/484 671/1935/484 675/1936/484
f 677/1937/485 678/1938/485 680/1939/485
f 677/1937/485 680/1939/485 679/1940/485
f 682/1941/486 681/1942/486 683/1943/486
f 682/1941/486 683/1943/486 684/1944/486
f 682/1945/487 678/1946/487 677/1947/487
f 682/1945/487 677/1947/487 681/1948/487
f 683/1949/488 679/1950/488 680/1951/488
f 683/1949/488 680/1951/488 684/1952/488
f 681/1953/489 677/1954/489 679/1955/489
f 681/1953/489 679/1955/489 683/1956/489
usemtl common_copper_cable
f 690/1957/490 689/1958/490 691/1959/490
f 690/1957/490 691/1959/490 692/1960/490
f 690/1961/491 686/1962/491 685/1963/491
f 690/1961/491 685/1963/491 689/1964/491
f 689/1965/492 685/1966/492 687/1967/492
f 689/1965/492 687/1967/492 691/1968/492
f 686/1969/493 690/1970/493 692/1971/493
f 686/1969/493 692/1971/493 688/1972/493
f 687/1973/494 688/1974/494 694/1975/494
f 687/1973/494 694/1975/494 693/1976/494
f 692/1977/495 691/1978/495 695/1979/495
f 692/1977/495 695/1979/495 696/1980/495
f 691/1981/496 687/1982/496 693/1983/496
f 691/1981/496 693/1983/496 695/1984/496
f 688/1985/497 692/1986/497 696/1987/497
f 688/1985/497 696/1987/497 694/1988/497
f 693/1989/498 697/1990/498 699/1991/498
f 693/1989/498 699/1991/498 698/1992/498
f 700/1993/499 695/1994/499 701/1995/499
f 700/1993/499 701/1995/499 702/1996/499
f 695/1997/500 693/1998/500 698/1999/500
f 695/1997/500 698/1999/500 701/2000/500
f 697/2001/501 700/2002/501 702/2003/501
f 697/2001/501 702/2003/501 699/2004/501
f 693/2005/502 694/2006/502 703/2007/502
f 693/2005/502 703/2007/502 697/2008/502
f 696/2009/503 695/2010/503 700/2011/503
f 696/2009/503 700/2011/503 704/2012/503
f 694/2013/504 696/2014/504 704/2015/504
f 694/2013/504 704/2015/504 703/2016/504
f 700/2017/505 697/2018/505 703/2019/505
f 700/2017/505 703/2019/505 704/2020/505
f 701/2021/506 707/2022/506 708/2023/506
f 701/2021/506 708/2023/506 702/2024/506
f 701/2025/507 698/2026/507 705/2027/507
f 701/2025/507 705/2027/507 707/2028/507
f 708/2029/508 706/2030/508 699/2031/508
f 708/2029/508 699/2031/508 702/2032/508
f 707/2033/509 705/2034/509 706/2035/509
f 707/2033/509 706/2035/509 708/2036/509
usemtl reinforced
f 709/2037/510 710/2038/510 712/2039/510
f 709/2037/510 712/2039/510 711/2040/510
f 713/2041/511 133/2042/511 714/2043/511
f 713/2041/511 714/2043/511 715/2044/511
f 713/2045/512 710/2046/512 709/2047/512
f 713/2045/512 709/2047/512 133/2048/512
f 714/2049/513 711/2050/513 712/2051/513
f 714/2049/513 712/2051/513 715/2052/513
f 133/2053/514 709/2054/514 711/2055/514
f 133/2053/514 711/2055/514 714/2056/514
f 710/2057/515 713/2058/515 715/2059/515
f 710/2057/515 715/2059/515 712/2060/515
f 716/2061/516 717/2062/516 719/2063/516
f 716/2061/516 719/2063/516 718/2064/516
f 721/2065/517 720/2066/517 722/2067/517
f 721/2065/517 722/2067/517 723/2068/517
f 721/2069/518 717/2070/518 716/2071/518
f 721/2069/518 716/2071/518 720/2072/518
f 722/2073/519 718/2074/519 719/2075/519
f 722/2073/519 719/2075/519 723/2076/519
f 720/2077/520 716/2078/520 718/2079/520
f 720/2077/520 718/2079/520 722/2080/520
f 717/2081/521 721/2082/521 723/2083/521
f 717/2081/521 723/2083/521 719/2084/521
usemtl metal
f 724/2085/522 725/2086/522 727/2087/522
f 724/2085/522 727/2087/522 726/2088/522
f 729/2089/523 728/2090/523 730/2091/523
f 729/2089/523 730/2091/523 731/2092/523
f 729/2093/524 725/2094/524 724/2095/524
f 729/2093/524 724/2095/524 728/2096/524
f 730/2097/525 726/2098/525 727/2099/525
f 730/2097/525 727/2099/525 731/2100/525
f 728/2101/526 724/2102/526 726/2103/526
f 728/2101/526 726/2103/526 730/2104/526
f 725/2105/527 729/2106/527 731/2107/527
f 725/2105/527 731/2107/527 727/2108/527
usemtl metal_ammo
f 732/2109/528 733/2110/528 735/2111/528
f 732/2109/528 735/2111/528 734/2112/528
f 737/2113/529 736/2114/529 738/2115/529
f 737/2113/529 738/2115/529 739/2116/529
f 737/2117/530 733/2118/530 732/2119/530
f 737/2117/530 732/2119/530 736/2120/530
f 738/2121/531 734/2122/531 735/2123/531
f 738/2121/531 735/2123/531 739/2124/531
f 736/2125/532 732/2126/532 734/2127/532
f 736/2125/532 734/2127/532 738/2128/532
f 733/2129/533 737/2130/533 739/2131/533
f 733/2129/533 739/2131/533 735/2132/533
usemtl common_steel
f 741/2133/534 740/2134/534 411/2135/534
f 741/2133/534 411/2135/534 409/2136/534
f 740/2137/535 742/2138/535 408/2139/535
f 740/2137/535 408/2139/535 411/2140/535
usemtl common_rough_steel
f 742/2141/536 743/2142/536 397/2143/536
f 742/2141/536 397/2143/536 408/2144/536
usemtl ammunition_workshop
f 744/2145/537 745/2146/537 747/2147/537
f 744/2145/537 747/2147/537 746/2148/537
f 749/2149/538 748/2150/538 750/2151/538
f 749/2149/538 750/2151/538 751/2152/538
f 749/2153/539 745/2154/539 744/2155/539
f 749/2153/539 744/2155/539 748/2156/539
f 748/2157/540 744/2158/540 746/2159/540
f 748/2157/540 746/2159/540 750/2160/540
f 745/2161/541 749/2162/541 751/2163/541
f 745/2161/541 751/2163/541 747/2164/541
f 752/2165/542 753/2166/542 747/2167/542
f 752/2165/542 747/2167/542 754/2168/542
f 756/2169/543 755/2170/543 757/2171/543
f 756/2169/543 757/2171/543 751/2172/543
f 756/2173/544 753/2174/544 752/2175/544
f 756/2173/544 752/2175/544 755/2176/544
f 757/2177/545 754/2178/545 747/2179/545
f 757/2177/545 747/2179/545 751/2180/545
f 755/2181/546 752/2182/546 754/2183/546
f 755/2181/546 754/2183/546 757/2184/546
f 753/2185/547 756/2186/547 751/2187/547
f 753/2185/547 751/2187/547 747/2188/547
f 758/2189/548 759/2190/548 761/2191/548
f 758/2189/548 761/2191/548 760/2192/548
f 763/2193/549 762/2194/549 764/2195/549
f 763/2193/549 764/2195/549 765/2196/549
f 763/2197/550 759/2198/550 758/2199/550
f 763/2197/550 758/2199/550 762/2200/550
f 764/2201/551 760/2202/551 761/2203/551
f 764/2201/551 761/2203/551 765/2204/551
f 759/2205/552 763/2206/552 765/2207/552
f 759/2205/552 765/2207/552 761/2208/552
f 766/2209/553 767/2210/553 769/2211/553
f 766/2209/553 769/2211/553 768/2212/553
f 771/2213/554 770/2214/554 772/2215/554
f 771/2213/554 772/2215/554 773/2216/554
f 771/2217/555 767/2218/555 766/2219/555
f 771/2217/555 766/2219/555 770/2220/555
f 772/2221/556 768/2222/556 769/2223/556
f 772/2221/556 769/2223/556 773/2224/556
f 767/2225/557 771/2226/557 773/2227/557
f 767/2225/557 773/2227/557 769/2228/557
f 780/2229/558 781/2230/558 774/2231/558
f 780/2229/558 774/2231/558 207/2232/558
f 200/2233/559 207/2234/559 774/2235/559
f 200/2233/559 774/2235/559 776/2236/559
f 777/2237/560 775/2238/560 450/2239/560
f 777/2237/560 450/2239/560 778/2240/560
f 779/2241/561 780/2242/561 207/2243/561
f 779/2241/561 207/2243/561 200/2244/561
f 780/2245/562 779/2246/562 778/2247/562
f 780/2245/562 778/2247/562 450/2248/562
f 781/2249/563 780/2250/563 450/2251/563
f 781/2249/563 450/2251/563 775/2252/563
f 784/2253/564 783/2254/564 203/2255/564
f 784/2253/564 203/2255/564 466/2256/564
f 203/2257/565 200/2258/565 776/2259/565
f 203/2257/565 776/2259/565 466/2260/565
f 782/2261/566 777/2262/566 778/2263/566
f 782/2261/566 778/2263/566 458/2264/566
f 779/2265/567 783/2266/567 458/2267/567
f 779/2265/567 458/2267/567 778/2268/567
f 783/2269/568 784/2270/568 782/2271/568
f 783/2269/568 782/2271/568 458/2272/568
f 783/2273/569 779/2274/569 200/2275/569
f 783/2273/569 200/2275/569 203/2276/569
usemtl common_thingies
f 785/2277/570 786/2278/570 788/2279/570
f 785/2277/570 788/2279/570 787/2280/570
f 789/2281/571 610/2282/571 790/2283/571
f 789/2281/571 790/2283/571 791/2284/571
f 790/2285/572 787/2286/572 788/2287/572
f 790/2285/572 788/2287/572 791/2288/572
f 786/2289/573 789/2290/573 791/2291/573
f 786/2289/573 791/2291/573 788/2292/573
usemtl common_rough_steel
f 394/2293/574 391/2294/574 389/2295/574
f 394/2293/574 389/2295/574 385/2296/574
usemtl conveyor_off
f 328/2297/575 325/2298/575 327/2299/575
f 328/2297/575 327/2299/575 291/2300/575
f 328/2301/576 343/2302/576 305/2303/576
f 328/2301/576 305/2303/576 291/2304/576
usemtl common_rough_steel
f 792/2305/577 390/2306/577 384/2307/577
f 792/2305/577 384/2307/577 386/2308/577
f 390/2309/578 792/2310/578 395/2311/578
f 390/2309/578 395/2311/578 314/2312/578
usemtl conveyor_off
f 305/2313/579 324/2314/579 327/2315/579
f 305/2313/579 327/2315/579 291/2316/579
f 328/2317/580 325/2318/580 342/2319/580
f 328/2317/580 342/2319/580 343/2320/580
usemtl metal_ammo
f 794/2321/581 793/2322/581 795/2323/581
f 794/2321/581 795/2323/581 796/2324/581
f 797/2325/582 798/2326/582 799/2327/582
f 797/2325/582 799/2327/582 800/2328/582
f 797/2329/583 793/2330/583 794/2331/583
f 797/2329/583 794/2331/583 798/2332/583
f 799/2333/584 796/2334/584 795/2335/584
f 799/2333/584 795/2335/584 800/2336/584
f 798/2337/585 794/2338/585 796/2339/585
f 798/2337/585 796/2339/585 799/2340/585
f 793/2341/586 797/2342/586 800/2343/586
f 793/2341/586 800/2343/586 795/2344/586
usemtl common_steel
f 313/2345/587 318/2346/587 324/2347/587
f 313/2345/587 324/2347/587 327/2348/587
f 312/2349/588 313/2350/588 327/2351/588
f 312/2349/588 327/2351/588 314/2352/588
usemtl ammunition_workshop
f 262/2353/589 264/2354/589 265/2355/589
f 262/2353/589 265/2355/589 263/2356/589
f 266/2357/590 268/2358/590 269/2359/590
f 266/2357/590 269/2359/590 267/2360/590
f 270/2361/591 272/2362/591 273/2363/591
f 270/2361/591 273/2363/591 271/2364/591
f 274/2365/592 276/2366/592 277/2367/592
f 274/2365/592 277/2367/592 275/2368/592
usemtl common_rough_steel
f 316/2369/593 315/2370/593 317/2371/593
f 316/2369/593 317/2371/593 801/2372/593
f 319/2373/594 316/2374/594 801/2375/594
f 319/2373/594 801/2375/594 802/2376/594
f 320/2377/595 319/2378/595 802/2379/595
f 320/2377/595 802/2379/595 321/2380/595
usemtl ammunition_workshop
f 805/2381/596 803/2382/596 804/2383/596
f 805/2381/596 804/2383/596 806/2384/596
f 813/2385/597 811/2386/597 812/2387/597
f 813/2385/597 812/2387/597 814/2388/597
f 817/2389/598 815/2390/598 816/2391/598
f 817/2389/598 816/2391/598 818/2392/598
f 809/2393/599 807/2394/599 808/2395/599
f 809/2393/599 808/2395/599 810/2396/599
usemtl common_steel
f 821/2397/600 819/2398/600 820/2399/600
f 821/2397/600 820/2399/600 822/2400/600
f 824/2401/601 823/2402/601 825/2403/601
f 824/2401/601 825/2403/601 826/2404/601
usemtl common_copper_cable
f 829/2405/602 827/2406/602 828/2407/602
f 829/2405/602 828/2407/602 830/2408/602
f 833/2409/603 831/2410/603 832/2411/603
f 833/2409/603 832/2411/603 834/2412/603
usemtl ammunition_workshop
f 835/2413/604 839/2414/604 840/2415/604
f 835/2413/604 840/2415/604 836/2416/604
f 841/2417/605 837/2418/605 838/2419/605
f 841/2417/605 838/2419/605 842/2420/605
f 841/2421/606 839/2422/606 835/2423/606
f 841/2421/606 835/2423/606 837/2424/606
f 838/2425/607 836/2426/607 840/2427/607
f 838/2425/607 840/2427/607 842/2428/607
f 837/2429/608 835/2430/608 836/2431/608
f 837/2429/608 836/2431/608 838/2432/608
f 843/2433/609 847/2434/609 848/2435/609
f 843/2433/609 848/2435/609 844/2436/609
f 849/2437/610 845/2438/610 846/2439/610
f 849/2437/610 846/2439/610 850/2440/610
f 849/2441/611 847/2442/611 843/2443/611
f 849/2441/611 843/2443/611 845/2444/611
f 846/2445/612 844/2446/612 848/2447/612
f 846/2445/612 848/2447/612 850/2448/612
f 845/2449/613 843/2450/613 844/2451/613
f 845/2449/613 844/2451/613 846/2452/613
f 853/2453/614 851/2454/614 852/2455/614
f 853/2453/614 852/2455/614 854/2456/614
f 856/2457/615 855/2458/615 851/2459/615
f 856/2457/615 851/2459/615 853/2460/615
f 857/2461/616 856/2462/616 853/2463/616
f 857/2461/616 853/2463/616 854/2464/616
f 858/2465/617 857/2466/617 854/2467/617
f 858/2465/617 854/2467/617 852/2468/617
f 855/2469/618 858/2470/618 852/2471/618
f 855/2469/618 852/2471/618 851/2472/618