# Made by Pabilo8 with Blockbench
# Exported with IIToolkit Plugin
mtllib fuel_station.mtl


o main
v -1.4999999999999998 0.2499999999999999 -0.5
v 0.5 2.4375 0.8812500000000001
v 0.4375 2.4375 0.8812500000000001
v 0.5 2.25 0.8812500000000001
v 0.4375 2.25 0.8812500000000001
v 0.5 2.4375 1.13125
v 0.4375 2.4375 1.13125
v 0.5 2.25 1.13125
v 0.4375 2.25 1.13125
v 0.5000000000000001 2.25 0.7562500000000005
v 0.4375000000000001 2.25 0.7562500000000005
v 0.5000000000000001 1.7499999999999996 0.7562500000000001
v 0.4375000000000001 1.7499999999999996 0.7562500000000001
v 0.5 2.25 1.2562500000000005
v 0.4375 2.25 1.25625
v 0.5 1.75 1.25625
v 0.4375 1.75 1.25625
v 0.4375 2.875 1.4375000000000002
v 0.4375 2.8749999999999996 -0.3125000000000001
v 0.4375 0.625 1.4375
v 0.4375 0.625 -0.31249999999999994
v -1.3125 2.875 1.4374999999999998
v -1.3125 2.8749999999999996 -0.3125
v -1.3125 0.625 1.4375
v -1.3125 0.625 -0.3125000000000001
v 0.125 2.4375 1.4999999999999998
v 0.125 2.4375 1.4374999999999998
v 0.125 2.25 1.4999999999999998
v 0.125 2.25 1.4374999999999998
v -0.125 2.4375 1.4999999999999998
v -0.12499999999999997 2.4375 1.4374999999999998
v -0.125 2.25 1.4999999999999998
v -0.12499999999999997 2.25 1.4374999999999998
v 0.25 2.25 1.5
v 0.25 2.25 1.4375
v 0.25 1.75 1.5
v 0.25 1.75 1.4375
v -0.25 2.25 1.4999999999999998
v -0.24999999999999997 2.25 1.4374999999999998
v -0.25 1.75 1.5000000000000002
v -0.24999999999999997 1.75 1.4375000000000002
v 0.375 0.625 1.375
v 0.3750000000000001 0.625 1.25
v 0.375 0.24999999999999978 1.375
v 0.3750000000000001 0.24999999999999978 1.25
v 0.25 0.625 1.375
v 0.2500000000000001 0.625 1.25
v 0.25 0.24999999999999978 1.375
v 0.2500000000000001 0.24999999999999978 1.25
v 0.375 0.6249999999999999 -0.12499999999999994
v 0.375 0.625 -0.24999999999999994
v 0.375 0.2499999999999999 -0.12500000000000006
v 0.375 0.24999999999999978 -0.25000000000000006
v 0.25 0.6249999999999999 -0.125
v 0.25 0.625 -0.24999999999999997
v 0.25 0.2499999999999999 -0.1250000000000001
v 0.25 0.24999999999999978 -0.2500000000000001
v -1.125 0.6249999999999999 -0.12500000000000006
v -1.125 0.625 -0.25000000000000006
v -1.125 0.2499999999999999 -0.12499999999999994
v -1.125 0.24999999999999978 -0.24999999999999994
v -1.25 0.6249999999999999 -0.1250000000000001
v -1.25 0.625 -0.2500000000000001
v -1.25 0.2499999999999999 -0.125
v -1.25 0.24999999999999978 -0.24999999999999997
v -1.125 0.625 1.375
v -1.125 0.625 1.25
v -1.125 0.24999999999999978 1.375
v -1.125 0.24999999999999978 1.25
v -1.25 0.625 1.375
v -1.25 0.625 1.25
v -1.25 0.24999999999999978 1.375
v -1.25 0.24999999999999978 1.25
v -1.1249999999999998 0.6249999999999998 0.6875
v -1.1249999999999998 0.6249999999999998 0.4374999999999999
v -1.1874999999999998 0.43749999999999967 0.6875
v -1.1874999999999998 0.4374999999999998 0.4375
v -1.3124999999999998 0.6249999999999998 0.6875
v -1.3124999999999998 0.6249999999999998 0.4374999999999999
v -1.3124999999999998 0.43749999999999967 0.6875
v -1.3124999999999998 0.4374999999999998 0.4375
v -0.625 0.9999999999999996 -0.6250000000000001
v -0.625 0.9999999999999998 -1.375
v -0.625 0.9374999999999996 -0.6250000000000001
v -0.625 0.9374999999999998 -1.375
v -1.375 0.9999999999999996 -0.6249999999999998
v -1.3750000000000002 0.9999999999999998 -1.3749999999999998
v -1.375 0.9374999999999996 -0.6249999999999998
v -1.3750000000000002 0.9374999999999998 -1.3749999999999998
v -0.625 1.0624999999999996 -0.6875
v -0.625 1.0624999999999998 -1.3125
v -0.625 0.9999999999999996 -0.6875000000000001
v -0.625 0.9999999999999998 -1.3125
v -0.75 1.0624999999999996 -0.6875000000000001
v -0.75 1.0624999999999998 -1.3125
v -0.75 0.9999999999999996 -0.6875000000000001
v -0.75 0.9999999999999998 -1.3125
v -0.4374999999999999 1.0937499999999998 -1.09375
v -0.43750000000000006 1.0937499999999998 -1.28125
v -0.4374999999999999 1.0312499999999998 -1.09375
v -0.43750000000000006 1.0312499999999998 -1.28125
v -0.625 1.2187499999999998 -1.09375
v -0.625 1.2187499999999998 -1.28125
v -0.625 1.0312499999999998 -1.09375
v -0.625 1.0312499999999998 -1.28125
v -0.6250000000000001 1.2499999999999998 -1.0625
v -0.625 1.2499999999999998 -1.3125
v -0.6250000000000001 1.0624999999999998 -1.0625
v -0.6875000000000001 1.2499999999999998 -1.0625
v -0.6875 1.2499999999999998 -1.3125
v -0.6875000000000001 1.0624999999999998 -1.0625
v -0.6875 1.0624999999999998 -1.3125
v 0.15625 1.2812499999999998 -1.0625
v 0.15624999999999994 1.2812499999999998 -1.3125
v 0.15625 1.2187499999999998 -1.0625
v 0.15624999999999994 1.2187499999999998 -1.3125
v -0.09374999999999986 1.2812499999999998 -1.0625
v -0.09375000000000003 1.2812499999999998 -1.3125
v -0.09374999999999986 1.2187499999999998 -1.0625
v -0.09375000000000003 1.2187499999999998 -1.3125
v 0.12500000000000006 1.2187499999999998 -1.09375
v 0.12499999999999994 1.2187499999999998 -1.28125
v 0.12500000000000006 1.0937499999999998 -1.09375
v 0.12499999999999994 1.0937499999999998 -1.28125
v -0.06249999999999983 1.2187499999999998 -1.09375
v -0.06250000000000006 1.2187499999999998 -1.28125
v -0.06249999999999983 1.0937499999999998 -1.09375
v -0.06250000000000006 1.0937499999999998 -1.28125
v 0.12500000000000006 1.0312499999999998 -1.09375
v 0.12499999999999994 1.0312499999999998 -1.28125
v -0.06249999999999983 0.9062499999999998 -1.09375
v -0.06250000000000006 0.9062499999999998 -1.28125
v -0.4374999999999999 0.9062499999999998 -1.09375
v -0.43750000000000006 0.9062499999999998 -1.28125
v -0.625 0.9687499999999998 -1.09375
v -0.625 0.9687499999999998 -1.28125
v -0.43749999999999994 1.0937499999999996 -0.71875
v -0.4374999999999999 1.0937499999999996 -0.90625
v -0.43749999999999994 1.0312499999999996 -0.71875
v -0.4374999999999999 1.0312499999999996 -0.90625
v -0.625 1.2187499999999996 -0.71875
v -0.6249999999999999 1.2187499999999996 -0.90625
v -0.625 1.0312499999999996 -0.71875
v -0.6249999999999999 1.0312499999999996 -0.90625
v -0.625 1.2499999999999996 -0.6875
v -0.6249999999999999 1.2499999999999996 -0.9375
v -0.6249999999999999 1.0624999999999998 -0.9375
v -0.6875 1.2499999999999996 -0.6875
v -0.6874999999999999 1.2499999999999996 -0.9375
v -0.6875 1.0624999999999996 -0.6875000000000001
v -0.6874999999999999 1.0624999999999998 -0.9375
v 0.12500000000000006 1.2187499999999996 -0.7187499999999999
v 0.125 1.2187499999999996 -0.9062499999999999
v 0.12500000000000006 1.0937499999999996 -0.7187499999999999
v 0.125 1.0937499999999996 -0.9062499999999999
v -0.062499999999999944 1.2187499999999996 -0.71875
v -0.06249999999999989 1.2187499999999996 -0.90625
v -0.062499999999999944 1.0937499999999996 -0.71875
v -0.06249999999999989 1.0937499999999996 -0.90625
v 0.12500000000000006 1.0312499999999996 -0.7187499999999999
v 0.125 1.0312499999999996 -0.9062499999999999
v -0.062499999999999944 0.9062499999999996 -0.71875
v -0.06249999999999989 0.9062499999999997 -0.90625
v -0.43749999999999994 0.9062499999999996 -0.71875
v -0.4374999999999999 0.9062499999999997 -0.90625
v -0.625 0.9687499999999996 -0.7187500000000001
v -0.6249999999999999 0.9687499999999997 -0.9062500000000001
v -0.18749999999999997 1.3019779226459178 -0.6304630998041095
v -0.18749999999999994 1.2759889613229594 -0.7527315499020547
v -0.18749999999999997 0.9351725723520818 -0.5524962158352333
v -0.18749999999999994 0.9091836110291229 -0.674764665933179
v -0.31249999999999994 1.3019779226459178 -0.6304630998041096
v -0.31249999999999994 1.2759889613229594 -0.7527315499020548
v -0.3125 0.9351725723520818 -0.5524962158352333
v -0.31249999999999994 0.9091836110291229 -0.674764665933179
v 0.375 1.3749999999999996 -0.6250000000000002
v 0.375 1.3749999999999998 -1.3750000000000002
v 0.375 1.25 -0.6250000000000002
v 0.375 1.2500000000000007 -1.3750000000000004
v -0.37499999999999994 1.3749999999999996 -0.6250000000000004
v -0.375 1.3749999999999998 -1.375
v -0.37499999999999994 1.25 -0.625
v -0.375 1.2500000000000007 -1.375
v 0.3125 1.250000000000001 -1.2500000000000004
v 0.3125 1.2759889613229596 -1.3722684500979456
v 0.3125 0.8831946497061647 -1.3279668839688763
v 0.3125 0.9091836110291236 -1.4502353340668215
v 0.1875 1.250000000000001 -1.2500000000000004
v 0.1875 1.2759889613229596 -1.3722684500979456
v 0.1875 0.8831946497061647 -1.3279668839688763
v 0.1875 0.9091836110291236 -1.4502353340668215
v 0.3125 1.3019779226459183 -0.6304630998041094
v 0.3125000000000001 1.2759889613229598 -0.752731549902055
v 0.3125 0.935172572352081 -0.5524962158352337
v 0.3125 0.9091836110291234 -0.6747646659331789
v 0.1875 1.3019779226459183 -0.6304630998041094
v 0.1875000000000001 1.2759889613229598 -0.7527315499020546
v 0.1875 0.935172572352081 -0.5524962158352337
v 0.1875 0.9091836110291234 -0.674764665933179
v -0.18749999999999983 1.2500000000000016 -1.25
v -0.18750000000000003 1.27598896132296 -1.3722684500979452
v -0.18750000000000003 0.8831946497061642 -1.3279668839688759
v -0.1875 0.909183611029124 -1.4502353340668215
v -0.31249999999999983 1.2500000000000016 -1.25
v -0.3125 1.27598896132296 -1.3722684500979452
v -0.31250000000000006 0.8831946497061642 -1.3279668839688759
v -0.3125 0.909183611029124 -1.4502353340668215
v 0.2500000000000001 1.8749999999999996 -0.7500000000000002
v 0.25 1.8749999999999998 -1.25
v 0.2500000000000001 1.3749999999999996 -0.7500000000000002
v 0.25 1.3749999999999998 -1.2499999999999998
v -0.24999999999999994 1.8749999999999996 -0.7500000000000002
v -0.25000000000000006 1.8749999999999998 -1.2500000000000002
v -0.24999999999999994 1.3749999999999996 -0.75
v -0.25000000000000006 1.3749999999999998 -1.25
v 0.2500000000000001 1.9999999999999996 -0.7500000000000001
v 0.25 1.9999999999999998 -1.25
v 0.2500000000000001 1.9374999999999996 -0.7500000000000001
v 0.25 1.9374999999999998 -1.25
v -0.24999999999999994 1.9999999999999996 -0.7500000000000002
v -0.25000000000000006 1.9999999999999998 -1.2500000000000002
v -0.24999999999999994 1.9374999999999996 -0.7500000000000002
v -0.25000000000000006 1.9374999999999998 -1.2500000000000002
v 0.06252499999989297 1.9375000012499988 -0.8125000000000001
v 0.06252499999989292 1.9375000012499988 -0.9375000000000001
v 0.06252499999989297 1.8750000012499988 -0.8125000000000002
v 0.06252499999989292 1.8750000012499988 -0.9375000000000002
v -0.06247500000010703 1.9375000012499988 -0.8125000000000002
v -0.06247500000010697 1.9375000012499988 -0.9375000000000002
v -0.06247500000010703 1.8750000012499988 -0.8125000000000002
v -0.06247500000010697 1.8750000012499988 -0.9375000000000002
v 0.06252499999989292 1.9375000012499988 -1.0625
v 0.06252499999989286 1.937500001249999 -1.1875
v 0.06252499999989292 1.8750000012499988 -1.0625
v 0.06252499999989286 1.875000001249999 -1.1875
v -0.06247500000010697 1.9375000012499988 -1.0625
v -0.06247500000010692 1.937500001249999 -1.1875
v -0.06247500000010697 1.8750000012499988 -1.0625
v -0.06247500000010692 1.875000001249999 -1.1875
v -0.75 1.25 -0.75
v -0.75 1.2500000000000002 -1.25
v -0.75 1.1875 -0.75
v -0.75 1.1875000000000002 -1.25
v -1.25 1.25 -0.75
v -1.25 1.2500000000000002 -1.25
v -1.25 1.1875 -0.75
v -1.25 1.1875000000000002 -1.25
v -0.9375 0.2500000000000001 0.1875000000000001
v -0.9375 0.2500000000000001 0.06250000000000011
v -0.9374999999999999 0.4375 0.2500000000000001
v -0.9375 0.4375000000000001 0.06250000000000011
v -1.125 0.2500000000000001 0.1875000000000001
v -1.125 0.2500000000000001 0.06250000000000011
v -1.125 0.4375 0.25
v -1.125 0.4375000000000001 0.0625
v -0.9375 0.6875000000000001 0.06250000000000011
v -0.9374999999999999 0.6875000000000002 0.2500000000000001
v -1.125 0.6875000000000001 0.0625
v -1.125 0.6875000000000002 0.25
v -0.9375 0.4375000000000002 -0.3125
v -0.9375 0.2500000000000001 -0.3125
v -1.125 0.4375000000000002 -0.31249999999999994
v -1.125 0.2500000000000001 -0.3125
v -0.9375 0.2500000000000001 -0.43750000000000006
v -0.9375 0.4375000000000001 -0.5000000000000001
v -1.125 0.2500000000000001 -0.4375000000000001
v -1.125 0.4375000000000001 -0.5000000000000001
v -0.9375 1 -0.49999999999999994
v -0.9375 1 -0.3125
v -1.125 1 -0.5
v -1.125 1 -0.3125
v -0.9375 1.1875000000000002 -0.37499999999999994
v -0.9375 1.1875 -0.5
v -1.125 1.1875000000000002 -0.375
v -1.125 1.1875 -0.49999999999999994
v -0.9375 1.1875 -0.75
v -0.9375 1 -0.75
v -1.125 1.1875 -0.75
v -1.125 1 -0.75
v -0.6875 0.2500000000000001 0.1875000000000001
v -0.6875 0.2500000000000001 0.06250000000000011
v -0.6875 0.4375 0.2500000000000001
v -0.6875 0.4375000000000001 0.0625
v -0.875 0.2500000000000001 0.1875000000000001
v -0.875 0.2500000000000001 0.06250000000000011
v -0.8749999999999999 0.4375 0.2500000000000001
v -0.875 0.4375000000000001 0.06250000000000011
v -0.6875 0.6875000000000001 0.0625
v -0.6875 0.6875000000000002 0.25
v -0.875 0.6875000000000001 0.0625
v -0.8749999999999999 0.6875000000000002 0.25
v -0.6875 0.4375000000000002 -0.3125
v -0.6875 0.2500000000000001 -0.3125
v -0.875 0.4375000000000002 -0.31249999999999994
v -0.875 0.2500000000000001 -0.3125
v -0.6875 0.2500000000000001 -0.43750000000000006
v -0.6875 0.4375000000000001 -0.5000000000000001
v -0.875 0.2500000000000001 -0.4375000000000001
v -0.875 0.4375000000000001 -0.5000000000000001
v -0.6875 1 -0.5
v -0.6875 1 -0.3125
v -0.875 1 -0.49999999999999994
v -0.875 1 -0.3125
v -0.6875 1.1875000000000002 -0.37499999999999994
v -0.6875 1.1875 -0.49999999999999994
v -0.875 1.1875000000000002 -0.375
v -0.875 1.1875 -0.5
v -0.875 1.1875 -0.75
v -0.875 1 -0.75
v -1.3125 2.25 1.0625
v -1.3124999999999996 2.25 0.0625
v -1.3125 1.6249999999999996 1.0625000000000002
v -1.3124999999999996 1.625 0.06249999999999989
v -1.3750000000000002 2.25 1.0625
v -1.375 2.25 0.0625
v -1.3750000000000002 1.6249999999999996 1.0625000000000002
v -1.375 1.625 0.06249999999999989
v -1.3124999999999996 0.75 0.7500000000000002
v -1.3125 0.7499999999999999 0.3749999999999999
v -1.3124999999999996 0.37499999999999967 0.75
v -1.3125 0.3749999999999999 0.375
v -1.3749999999999996 0.75 0.7500000000000002
v -1.375 0.7499999999999999 0.3749999999999999
v -1.3749999999999996 0.37499999999999967 0.75
v -1.375 0.3749999999999999 0.375
v 0.5 0.25 1.5
v 0.5 0.2499999999999999 -0.5
v 0.5 2.220446049250313e-16 1.5000000000000002
v 0.5 -4.440892098500626e-16 -0.5000000000000001
v -1.4999999999999998 0.25 1.5
v -1.4999999999999998 2.220446049250313e-16 1.5000000000000002
v -1.5000000000000002 -4.440892098500626e-16 -0.5000000000000001
v 0.5 0.2499999999999999 0.5
v -1.5 0.2499999999999999 0.5
v -0.5 0.2499999999999999 0.5
v -0.5 0.25 1.5
v -0.5 0.2499999999999999 -0.5
v -0.5 0 0.5000000000000001
v -0.5 0 1.5000000000000002
v -1.5 0 0.5000000000000001
v 0.5 0 0.5000000000000001
v -0.5 -2.220446049250313e-16 -0.5000000000000001
v -0.625 1.0624999999999998 -1.3125
v 0.12500000000000006 1.0937499999999998 -1.09375
v 0.12499999999999994 1.0937499999999998 -1.28125
v -0.06249999999999983 1.0937499999999998 -1.09375
v -0.06250000000000006 1.0937499999999998 -1.28125
v -0.06249999999999983 1.0937499999999998 -1.09375
v -0.06250000000000006 1.0937499999999998 -1.28125
v -0.06249999999999983 0.9062499999999998 -1.09375
v -0.06250000000000006 0.9062499999999998 -1.28125
v -0.4374999999999999 1.0937499999999998 -1.09375
v -0.43750000000000006 1.0937499999999998 -1.28125
v -0.4374999999999999 1.0312499999999998 -1.09375
v -0.43750000000000006 1.0312499999999998 -1.28125
v -0.4374999999999999 0.9062499999999998 -1.09375
v -0.43750000000000006 0.9062499999999998 -1.28125
v -0.625 1.0312499999999998 -1.09375
v -0.625 1.0312499999999998 -1.28125
v -0.625 1.0624999999999996 -0.6875
v 0.12500000000000006 1.0937499999999996 -0.7187499999999999
v 0.125 1.0937499999999996 -0.9062499999999999
v -0.062499999999999944 1.0937499999999996 -0.71875
v -0.06249999999999989 1.0937499999999996 -0.90625
v -0.062499999999999944 1.0937499999999996 -0.71875
v -0.06249999999999989 1.0937499999999996 -0.90625
v -0.062499999999999944 0.9062499999999996 -0.71875
v -0.06249999999999989 0.9062499999999997 -0.90625
v -0.43749999999999994 1.0937499999999996 -0.71875
v -0.4374999999999999 1.0937499999999996 -0.90625
v -0.43749999999999994 1.0312499999999996 -0.71875
v -0.4374999999999999 1.0312499999999996 -0.90625
v -0.43749999999999994 0.9062499999999996 -0.71875
v -0.4374999999999999 0.9062499999999997 -0.90625
v -0.625 1.0312499999999996 -0.71875
v -0.6249999999999999 1.0312499999999996 -0.90625
v -0.9375 0.4375000000000001 0.0625
v -0.9375 0.4375 0.25
v -1.125 0.4375000000000001 0.06249999999999989
v -1.125 0.4375 0.25
v -0.9375 0.4375000000000001 0.0625
v -0.9375 0.2500000000000001 0.0625
v -1.125 0.4375000000000001 0.06249999999999989
v -1.125 0.2500000000000001 0.0625
v -0.9375 0.2500000000000001 -0.3125000000000001
v -0.9375 0.4375000000000002 -0.3125000000000001
v -1.125 0.2500000000000001 -0.3125000000000001
v -1.125 0.4375000000000002 -0.31250000000000006
v -0.9375 0.4375000000000001 -0.5000000000000001
v -0.9375 0.4375000000000002 -0.3125000000000001
v -1.125 0.4375000000000001 -0.5000000000000001
v -1.125 0.4375000000000002 -0.31250000000000006
v -0.9375 1 -0.3125
v -0.9375 1 -0.49999999999999994
v -1.125 1 -0.3125
v -1.125 1 -0.5
v -0.9375 1.1875 -0.5
v -0.9375 1 -0.49999999999999994
v -1.125 1.1875 -0.49999999999999994
v -1.125 1 -0.5
v -0.6875 0.4375000000000001 0.06249999999999989
v -0.6875 0.4375 0.2499999999999999
v -0.875 0.4375000000000001 0.06249999999999989
v -0.875 0.4375 0.25
v -0.6875 0.4375000000000001 0.06249999999999989
v -0.6875 0.2500000000000001 0.0625
v -0.875 0.4375000000000001 0.06249999999999989
v -0.875 0.2500000000000001 0.0625
v -0.6875 0.2500000000000001 -0.3125000000000001
v -0.6875 0.4375000000000002 -0.3125000000000001
v -0.875 0.2500000000000001 -0.3125000000000001
v -0.875 0.4375000000000002 -0.31250000000000006
v -0.6875 0.4375000000000001 -0.5000000000000001
v -0.6875 0.4375000000000002 -0.3125000000000001
v -0.875 0.4375000000000001 -0.5000000000000001
v -0.875 0.4375000000000002 -0.31250000000000006
v -0.6875 1 -0.3125
v -0.6875 1 -0.5
v -0.875 1 -0.3125
v -0.875 1 -0.49999999999999994
v -0.6875 1.1875 -0.49999999999999994
v -0.6875 1.1875 -0.75
v -0.6875 1 -0.5
v -0.6875 1 -0.75
v -0.875 1.1875 -0.5
v -0.875 1 -0.49999999999999994
v 0.5 0.25 1.5
v 0.5 0.2499999999999999 -0.5
v -1.4999999999999998 0.25 1.5
v -1.4999999999999998 0.2499999999999999 -0.5
v -1.4999999999999998 0 1.5000000000000002
v 0.5 0 1.5000000000000002
v 0.5 -2.220446049250313e-16 -0.5000000000000001
v -1.5000000000000002 -2.220446049250313e-16 -0.5000000000000001
v -0.6875 1.1875000000000002 -0.75
v -0.6875 1.1875000000000004 -1.25
v -0.6875 1.0000000000000002 -0.75
v -0.6875 1.0000000000000002 -1.25
v -1.3125 1.1875000000000002 -0.75
v -1.3125 1.1875000000000004 -1.25
v -1.3125 1.0000000000000002 -0.75
v -1.3125 1.0000000000000002 -1.25
v -1.5624999999999996 0.4999999999999982 0.6249999999999982
v -1.5624999999999996 0.624999999999998 0.6249999999999991
v -1.3749999999999996 0.4999999999999982 0.6249999999999982
v -1.3749999999999996 0.624999999999998 0.6249999999999991
v -1.5625 0.499999999999999 0.49999999999999833
v -1.5625 0.624999999999999 0.4999999999999991
v -1.375 0.499999999999999 0.49999999999999833
v -1.375 0.624999999999999 0.4999999999999991
v -1.4999999999999996 0.6301495125182726 0.7258203706095463
v -1.4999999999999991 0.7456344540821831 0.7736557996551834
v -1.4374999999999996 0.6301495125182721 0.7258203706095461
v -1.4374999999999991 0.7456344540821829 0.7736557996551829
v -1.4999999999999996 0.7258203706095464 0.4948504874817252
v -1.4999999999999991 0.8413053121734569 0.5426859165273621
v -1.4374999999999996 0.7258203706095464 0.494850487481725
v -1.4374999999999991 0.8413053121734569 0.5426859165273621
v -1.5 0.3513442003448143 0.7456344540821829
v -1.4999999999999996 0.5823140834726355 0.8413053121734566
v -1.4375 0.35134420034481406 0.7456344540821829
v -1.4374999999999996 0.582314083472635 0.8413053121734566
v -1.5000000000000004 0.2836946878265407 0.5823140834726352
v -1.4375000000000004 0.2836946878265405 0.5823140834726352
v -1.5 0.3991796293904515 0.6301495125182721
v -1.4375 0.39917962939045126 0.6301495125182721
v -1.5000000000000004 0.3793655459178147 0.3513442003448143
v -1.5 0.49485048748172533 0.3991796293904514
v -1.4375000000000004 0.37936554591781446 0.3513442003448143
v -1.4375 0.4948504874817251 0.3991796293904514
v -1.5 0.5426859165273623 0.2836946878265406
v -1.4999999999999996 0.7736557996551832 0.3793655459178146
v -1.4375 0.5426859165273621 0.2836946878265406
v -1.4374999999999996 0.7736557996551832 0.37936554591781446
v -1.4999999999999996 0.5724070417363171 0.7019026560867276
v -1.4999999999999996 0.5963247562591356 0.6441601853047725
v -1.4374999999999996 0.5724070417363168 0.7019026560867276
v -1.4374999999999996 0.5963247562591354 0.6441601853047723
v -1.5 0.45692210017240664 0.6540672270410908
v -1.5 0.4808398146952253 0.5963247562591354
v -1.4375 0.4569221001724064 0.6540672270410908
v -1.4375 0.48083981469522485 0.5963247562591354
v -1.4999999999999996 0.6540672270410908 0.6680778998275909
v -1.4374999999999996 0.6540672270410905 0.6680778998275907
v -1.4999999999999996 0.6441601853047726 0.528675243740862
v -1.4999999999999996 0.7019026560867279 0.5525929582636804
v -1.4374999999999996 0.6441601853047724 0.5286752437408619
v -1.4374999999999996 0.7019026560867279 0.5525929582636804
v -1.5 0.4230973439132698 0.572407041736317
v -1.4375 0.4230973439132696 0.572407041736317
v -1.5 0.4709327729589068 0.45692210017240653
v -1.5 0.5286752437408622 0.48083981469522497
v -1.4375 0.47093277295890656 0.45692210017240653
v -1.4375 0.5286752437408617 0.48083981469522485
v -1.4999999999999996 0.6680778998275912 0.4709327729589067
v -1.4374999999999996 0.6680778998275908 0.4709327729589067
v -1.5 0.5525929582636806 0.4230973439132697
v -1.4375 0.5525929582636803 0.4230973439132696
v 0.1562499999999999 1.2187499999999996 -0.9374999999999999
v 0.1562499999999999 1.2812499999999996 -0.9374999999999998
v 0.15624999999999994 1.2812499999999996 -0.6874999999999999
v 0.15624999999999994 1.2187499999999996 -0.6874999999999999
v -0.09374999999999994 1.2187499999999996 -0.6874999999999999
v -0.09375000000000011 1.2187499999999996 -0.9375
v -0.09374999999999994 1.2812499999999996 -0.6874999999999999
v -0.09375000000000011 1.2812499999999996 -0.9374999999999999
vt 0.0625 0.6875
vt 0.0625 0.734375
vt 0.046875 0.734375
vt 0.046875 0.6875
vt 0.015625 0.6875
vt 0.015625 0.734375
vt 0 0.734375
vt 0 0.6875
vt 0.0625 0.71875
vt 0.0625 0.734375
vt 0 0.734375
vt 0 0.71875
vt 0.0625 0.6875
vt 0.0625 0.734375
vt 0 0.734375
vt 0 0.6875
vt 0.625 0.484375
vt 0.625 0.609375
vt 0.609375 0.609375
vt 0.609375 0.484375
vt 0.515625 0.484375
vt 0.515625 0.609375
vt 0.5 0.609375
vt 0.5 0.484375
vt 0.625 0.59375
vt 0.625 0.609375
vt 0.5 0.609375
vt 0.5 0.59375
vt 0.625 0.484375
vt 0.625 0.5
vt 0.5 0.5
vt 0.5 0.484375
vt 0.625 0.484375
vt 0.625 0.609375
vt 0.5 0.609375
vt 0.5 0.484375
vt 0.5625 0
vt 0.5625 0.5625
vt 1 0.5625
vt 1 0
vt 0.5625 0
vt 0.5625 0.5625
vt 1 0.5625
vt 1 0
vt 0.5625 1
vt 0.5625 0.5625
vt 0.125 0.5625
vt 0.125 1
vt 1 0.5625
vt 1 1
vt 0.5625 1
vt 0.5625 0.5625
vt 0.5625 0
vt 0.5625 0.5625
vt 1 0.5625
vt 1 0
vt 0.5625 0
vt 0.5625 0.5625
vt 1 0.5625
vt 1 0
vt 0.0625 0.6875
vt 0.0625 0.734375
vt 0.046875 0.734375
vt 0.046875 0.6875
vt 0.015625 0.6875
vt 0.015625 0.734375
vt 0 0.734375
vt 0 0.6875
vt 0.0625 0.71875
vt 0.0625 0.734375
vt 0 0.734375
vt 0 0.71875
vt 0.0625 0.6875
vt 0.0625 0.734375
vt 0 0.734375
vt 0 0.6875
vt 0.625 0.484375
vt 0.625 0.609375
vt 0.609375 0.609375
vt 0.609375 0.484375
vt 0.515625 0.484375
vt 0.515625 0.609375
vt 0.5 0.609375
vt 0.5 0.484375
vt 0.625 0.59375
vt 0.625 0.609375
vt 0.5 0.609375
vt 0.5 0.59375
vt 0.625 0.484375
vt 0.625 0.5
vt 0.5 0.5
vt 0.5 0.484375
vt 0.625 0.484375
vt 0.625 0.609375
vt 0.5 0.609375
vt 0.5 0.484375
vt 0 0.0625
vt 0 0.15625
vt 0.03125 0.15625
vt 0.03125 0.0625
vt 0 0.0625
vt 0 0.15625
vt 0.03125 0.15625
vt 0.03125 0.0625
vt 0.03125 0.0625
vt 0.03125 0.15625
vt 0.0625 0.15625
vt 0.0625 0.0625
vt 0.03125 0.0625
vt 0.03125 0.15625
vt 0.0625 0.15625
vt 0.0625 0.0625
vt 0 0.0625
vt 0 0.15625
vt 0.03125 0.15625
vt 0.03125 0.0625
vt 0 0.0625
vt 0 0.15625
vt 0.03125 0.15625
vt 0.03125 0.0625
vt 0.03125 0.0625
vt 0.03125 0.15625
vt 0.0625 0.15625
vt 0.0625 0.0625
vt 0.03125 0.0625
vt 0.03125 0.15625
vt 0.0625 0.15625
vt 0.0625 0.0625
vt 0 0.0625
vt 0 0.15625
vt 0.03125 0.15625
vt 0.03125 0.0625
vt 0 0.0625
vt 0 0.15625
vt 0.03125 0.15625
vt 0.03125 0.0625
vt 0.03125 0.0625
vt 0.03125 0.15625
vt 0.0625 0.15625
vt 0.0625 0.0625
vt 0.03125 0.0625
vt 0.03125 0.15625
vt 0.0625 0.15625
vt 0.0625 0.0625
vt 0 0.0625
vt 0 0.15625
vt 0.03125 0.15625
vt 0.03125 0.0625
vt 0 0.0625
vt 0 0.15625
vt 0.03125 0.15625
vt 0.03125 0.0625
vt 0.03125 0.0625
vt 0.03125 0.15625
vt 0.0625 0.15625
vt 0.0625 0.0625
vt 0.03125 0.0625
vt 0.03125 0.15625
vt 0.0625 0.15625
vt 0.0625 0.0625
vt 0.859375 0.1875
vt 0.796875 0.1875
vt 0.796875 0.140625
vt 0.859375 0.140625
vt 0.859375 0.20312500000000033
vt 0.796875 0.20312500000000033
vt 0.796875 0.17187500000000033
vt 0.859375 0.17187500000000033
vt 0.8593750000000002 0.500000000000001
vt 0.8750000000000002 0.453125000000001
vt 0.8281250000000002 0.453125000000001
vt 0.8281250000000002 0.500000000000001
vt 0.8750000000000004 0.453125000000001
vt 0.9218750000000004 0.453125000000001
vt 0.9062500000000004 0.500000000000001
vt 0.8750000000000004 0.500000000000001
vt 0.3125 0.375
vt 0.3125 0.390625
vt 0.125 0.390625
vt 0.125 0.375
vt 0.3125 0.375
vt 0.3125 0.390625
vt 0.125 0.390625
vt 0.125 0.375
vt 0.3125 0.375
vt 0.3125 0.5625
vt 0.125 0.5625
vt 0.125 0.375
vt 0.3125 0.375
vt 0.3125 0.390625
vt 0.125 0.390625
vt 0.125 0.375
vt 0.3125 0.375
vt 0.3125 0.390625
vt 0.125 0.390625
vt 0.125 0.375
vt 0.3125 0.53125
vt 0.296875 0.53125
vt 0.296875 0.3750000000000001
vt 0.3125 0.3750000000000001
vt 0.3125 0.5625
vt 0.296875 0.5625
vt 0.296875 0.4062500000000001
vt 0.3125 0.4062500000000001
vt 0.3125 0.4062500000000001
vt 0.3125 0.5625
vt 0.28125 0.5625
vt 0.28125 0.4062500000000001
vt 0.3125 0.4375000000000001
vt 0.3125 0.4531250000000001
vt 0.28125 0.4531250000000001
vt 0.28125 0.4375000000000001
vt 0.3125 0.4375000000000001
vt 0.3125 0.4531250000000001
vt 0.28125 0.4531250000000001
vt 0.28125 0.4375000000000001
vt 0.5 0.75
vt 0.3125 0.75
vt 0.3125 0.6875
vt 0.5 0.6875
vt 0.3125 0.5625
vt 0.3125 0.33715000000000006
vt 0.5 0.33715000000000006
vt 0.5 0.5625
vt 1 0.3125
vt 0.8125 0.3125
vt 0.8125 0.125
vt 1 0.125
vt 1 0.3125
vt 0.8125 0.3125
vt 0.8125 0.125
vt 1 0.125
vt 0.40625 0.8125
vt 0.40625 0.859375
vt 0.34375 0.859375
vt 0.34375 0.8125
vt 0.40625 0.8125
vt 0.40625 0.859375
vt 0.34375 0.859375
vt 0.34375 0.8125
vt 0.40625 0.796875
vt 0.40625 0.859375
vt 0.390625 0.859375
vt 0.390625 0.796875
vt 0.359375 0.8125
vt 0.359375 0.859375
vt 0.34375 0.859375
vt 0.34375 0.8125
vt 0.40625 0.8125
vt 0.40625 0.859375
vt 0.390625 0.859375
vt 0.390625 0.8125
vt 0.09375 0.484375
vt 0.09375 0.5
vt 0.03125 0.5
vt 0.03125 0.484375
vt 0.09375 0.484375
vt 0.09375 0.5
vt 0.03125 0.5
vt 0.03125 0.484375
vt 0.09375 0.515625
vt 0.09375 0.578125
vt 0.03125 0.578125
vt 0.03125 0.515625
vt 0.09375 0.484375
vt 0.09375 0.5
vt 0.03125 0.5
vt 0.03125 0.484375
vt 0.09375 0.484375
vt 0.09375 0.5
vt 0.03125 0.5
vt 0.03125 0.484375
vt 0.5 0.8125
vt 0.5 0.9375
vt 0.3125 0.9375
vt 0.3125 0.8125
vt 0.5 0.8125
vt 0.5 0.9375
vt 0.3125 0.9375
vt 0.3125 0.8125
vt 0.5 0.8125
vt 0.5 0.9375
vt 0.3125 0.9375
vt 0.3125 0.8125
vt 0.5 0.8125
vt 0.5 0.9375
vt 0.3125 0.9375
vt 0.3125 0.8125
vt 0.5 0.5625
vt 0.3125 0.5625
vt 0.3125 0.5
vt 0.5 0.5
vt 0.5 0.5625
vt 0.3125 0.5625
vt 0.3125 0.33714999999999995
vt 0.5 0.33714999999999995
vt 0.810878115475593 0.31084955831741634
vt 0.8141504416825837 0.12337811547559296
vt 1 0.12665044168258366
vt 0.9983495583174163 0.31412188452440704
vt 1 0.12665044168258366
vt 0.9983495583174163 0.31412188452440704
vt 0.810878115475593 0.31084955831741634
vt 0.8141504416825837 0.12337811547559296
vt 1 0.3125
vt 1 0.5
vt 0.8125 0.5
vt 0.8125 0.3125
vt 0.5 0.875
vt 0.3125 0.875
vt 0.3125 0.5
vt 0.5 0.5
vt 0.5 0.875
vt 0.3125 0.875
vt 0.3125 0.5
vt 0.5 0.5
vt 0.5 0.8125
vt 0.3125 0.8125
vt 0.3125 0.4375
vt 0.5 0.4375
vt 0.5 0.75
vt 0.5 0.8125
vt 0.3125 0.8125
vt 0.3125 0.75
vt 0.3125 0.3648625
vt 0.5 0.3648625
vt 0.5 0.5625
vt 0.3125 0.5625
vt 0.9994617925772992 0.12499530313497842
vt 0.9994617925772991 0.24999530313497842
vt 0.8119617925772991 0.2499953031349782
vt 0.8130381254448606 0.12501409059506585
vt 0.8136050539814186 0.12337335594923016
vt 1 0.12664568215622096
vt 0.9988949460185814 0.25162664405076984
vt 0.811423503176758 0.24835431784377904
vt 0.5 0.75
vt 0.3125 0.75
vt 0.3125 0.6875
vt 0.5 0.6875
vt 0.3125 0.5625
vt 0.3125 0.33715000000000006
vt 0.5 0.33715000000000006
vt 0.5 0.5625
vt 1 0.3125
vt 0.8125 0.3125
vt 0.8125 0.125
vt 1 0.125
vt 1 0.3125
vt 0.8125 0.3125
vt 0.8125 0.125
vt 1 0.125
vt 0.40625 0.8125
vt 0.40625 0.859375
vt 0.34375 0.859375
vt 0.34375 0.8125
vt 0.40625 0.8125
vt 0.40625 0.859375
vt 0.34375 0.859375
vt 0.34375 0.8125
vt 0.40625 0.796875
vt 0.40625 0.859375
vt 0.390625 0.859375
vt 0.390625 0.796875
vt 0.359375 0.8125
vt 0.359375 0.859375
vt 0.34375 0.859375
vt 0.34375 0.8125
vt 0.40625 0.8125
vt 0.40625 0.859375
vt 0.390625 0.859375
vt 0.390625 0.8125
vt 0.5 0.8125
vt 0.5 0.9375
vt 0.3125 0.9375
vt 0.3125 0.8125
vt 0.5 0.8125
vt 0.5 0.9375
vt 0.3125 0.9375
vt 0.3125 0.8125
vt 0.5 0.8125
vt 0.5 0.9375
vt 0.3125 0.9375
vt 0.3125 0.8125
vt 0.5 0.8125
vt 0.5 0.9375
vt 0.3125 0.9375
vt 0.3125 0.8125
vt 0.5 0.5625
vt 0.3125 0.5625
vt 0.3125 0.5
vt 0.5 0.5
vt 0.5 0.5625
vt 0.3125 0.5625
vt 0.3125 0.33714999999999995
vt 0.5 0.33714999999999995
vt 0.810878115475593 0.31084955831741634
vt 0.8141504416825837 0.12337811547559296
vt 1 0.12665044168258366
vt 0.9983495583174163 0.31412188452440704
vt 1 0.12665044168258366
vt 0.9983495583174163 0.31412188452440704
vt 0.810878115475593 0.31084955831741634
vt 0.8141504416825837 0.12337811547559296
vt 1 0.3125
vt 1 0.5
vt 0.8125 0.5
vt 0.8125 0.3125
vt 0.5 0.875
vt 0.3125 0.875
vt 0.3125 0.5
vt 0.5 0.5
vt 0.5 0.875
vt 0.3125 0.875
vt 0.3125 0.5
vt 0.5 0.5
vt 0.5 0.8125
vt 0.3125 0.8125
vt 0.3125 0.4375
vt 0.5 0.4375
vt 0.5 0.75
vt 0.5 0.8125
vt 0.3125 0.8125
vt 0.3125 0.75
vt 0.3125 0.3648625
vt 0.5 0.3648625
vt 0.5 0.5625
vt 0.3125 0.5625
vt 0.9994617925772992 0.12499530313497842
vt 0.9994617925772991 0.24999530313497842
vt 0.8119617925772991 0.2499953031349782
vt 0.8130381254448606 0.12501409059506585
vt 0.8136050539814186 0.12337335594923016
vt 1 0.12664568215622096
vt 0.9988949460185814 0.25162664405076984
vt 0.811423503176758 0.24835431784377904
vt 0 0.0625
vt 0 0.15625
vt 0.03125 0.15625
vt 0.03125 0.0625
vt 0 0.0625
vt 0 0.15625
vt 0.03125 0.15625
vt 0.03125 0.0625
vt 0.03125 0.0625
vt 0.03125 0.15625
vt 0.0625 0.15625
vt 0.0625 0.0625
vt 0.03125 0.0625
vt 0.03125 0.15625
vt 0.0625 0.15625
vt 0.0625 0.0625
vt 0.375 0.1875
vt 0.375 0.21875
vt 0.5625 0.21875
vt 0.5625 0.1875
vt 0.375 0.1875
vt 0.375 0.21875
vt 0.5625 0.21875
vt 0.5625 0.1875
vt 0.5625 0.40625
vt 0.5625 0.21875
vt 0.375 0.21875
vt 0.375 0.40625
vt 0.5625 0.21875
vt 0.5625 0.40625
vt 0.375 0.40625
vt 0.375 0.21875
vt 0.375 0.1875
vt 0.375 0.21875
vt 0.5625 0.21875
vt 0.5625 0.1875
vt 0.375 0.1875
vt 0.375 0.21875
vt 0.5625 0.21875
vt 0.5625 0.1875
vt 0 0.078125
vt 0 0.171875
vt 0.03125 0.171875
vt 0.03125 0.078125
vt 0 0.078125
vt 0 0.171875
vt 0.03125 0.171875
vt 0.03125 0.078125
vt 0.03125 0.15625
vt 0.03125 0.0625
vt 0 0.0625
vt 0 0.15625
vt 0.03125 0.171875
vt 0.03125 0.078125
vt 0 0.078125
vt 0 0.171875
vt 0 0.0625
vt 0 0.15625
vt 0.03125 0.15625
vt 0.03125 0.0625
vt 0 0.0625
vt 0 0.15625
vt 0.03125 0.15625
vt 0.03125 0.0625
vt 0.03125 0.0625
vt 0.03125 0.15625
vt 0.0625 0.15625
vt 0.0625 0.0625
vt 0.03125 0.0625
vt 0.03125 0.15625
vt 0.0625 0.15625
vt 0.0625 0.0625
vt 0 0.078125
vt 0 0.171875
vt 0.03125 0.171875
vt 0.03125 0.078125
vt 0 0.078125
vt 0 0.171875
vt 0.03125 0.171875
vt 0.03125 0.078125
vt 0.03125 0.15625
vt 0.03125 0.0625
vt 0 0.0625
vt 0 0.15625
vt 0.03125 0.171875
vt 0.03125 0.078125
vt 0 0.078125
vt 0 0.171875
vt 0.125 0.703125
vt 0.125 0.828125
vt 0 0.828125
vt 0 0.703125
vt 0.125 0.703125
vt 0.125 0.828125
vt 0 0.828125
vt 0 0.703125
vt 0.125 0.578125
vt 0.125 0.703125
vt 0 0.703125
vt 0 0.578125
vt 0.125 0.703125
vt 0.125 0.828125
vt 0 0.828125
vt 0 0.703125
vt 0.125 0.703125
vt 0.125 0.828125
vt 0 0.828125
vt 0 0.703125
vt 0 0.5
vt 0 0.484375
vt 0.125 0.484375
vt 0.125 0.5
vt 0.125 0.59375
vt 0.125 0.609375
vt 0 0.609375
vt 0 0.59375
vt 0.125 0.484375
vt 0.125 0.609375
vt 0 0.609375
vt 0 0.484375
vt 0.125 0.609375
vt 0.125 0.484375
vt 0 0.484375
vt 0 0.609375
vt 0.125 0.484375
vt 0.125 0.5
vt 0 0.5
vt 0 0.484375
vt 0 0.609375
vt 0 0.59375
vt 0.125 0.59375
vt 0.125 0.609375
vt 0.03125 0.984375
vt 0.03125 1
vt 0 1
vt 0 0.984375
vt 0.03125 0.984375
vt 0.03125 1
vt 0 1
vt 0 0.984375
vt 0 1
vt 0 0.984375
vt 0.03125 0.984375
vt 0.03125 1
vt 0 1
vt 0 0.984375
vt 0.03125 0.984375
vt 0.03125 1
vt 0.03125 0.984375
vt 0.03125 1
vt 0 1
vt 0 0.984375
vt 0.03125 0.984375
vt 0.03125 1
vt 0 1
vt 0 0.984375
vt 0 1
vt 0 0.984375
vt 0.03125 0.984375
vt 0.03125 1
vt 0 1
vt 0 0.984375
vt 0.03125 0.984375
vt 0.03125 1
vt 0.71875 1
vt 0.6875 1
vt 0.6875 0.75
vt 0.71875 0.75
vt 0.46875 0.75
vt 0.5 0.75
vt 0.5 1
vt 0.46875 1
vt 0.71875 0.75
vt 0.71875 1
vt 0.46875 1
vt 0.46875 0.75
vt 0.46875 0.96875
vt 0.46875 1
vt 0.71875 1
vt 0.71875 0.96875
vt 0.71875 0.75
vt 0.71875 0.78125
vt 0.46875 0.78125
vt 0.46875 0.75
vt 0.875 0.453125
vt 0.828125 0.453125
vt 0.828125 0.40625
vt 0.875 0.40625
vt 0.828125 0.453125
vt 0.875 0.453125
vt 0.875 0.40625
vt 0.828125 0.40625
vt 0.734375 0.5
vt 0.78125 0.5
vt 0.78125 0.46875
vt 0.734375 0.46875
vt 0.734375 0.5
vt 0.78125 0.5
vt 0.78125 0.453125
vt 0.734375 0.453125
vt 0.78125 0.4375
vt 0.734375 0.4375
vt 0.734375 0.5
vt 0.78125 0.5
vt 0.78125 0.5
vt 0.734375 0.5
vt 0.734375 0.4375
vt 0.78125 0.4375
vt 0.734375 0.5
vt 0.734375 0.4375
vt 0.78125 0.4375
vt 0.78125 0.5
vt 0.78125 0.4375
vt 0.78125 0.5
vt 0.734375 0.5
vt 0.734375 0.4375
vt 0.78125 0.40625
vt 0.734375 0.40625
vt 0.734375 0.5
vt 0.78125 0.5
vt 0.78125 0.5
vt 0.734375 0.5
vt 0.734375 0.40625
vt 0.78125 0.40625
vt 0.734375 0.5
vt 0.734375 0.40625
vt 0.78125 0.40625
vt 0.78125 0.5
vt 0.78125 0.40625
vt 0.78125 0.5
vt 0.734375 0.5
vt 0.734375 0.40625
vt 0.875 0.40625
vt 0.875 0.453125
vt 0.921875 0.453125
vt 0.921875 0.40625
vt 0.921875 0.40625
vt 0.921875 0.453125
vt 0.875 0.453125
vt 0.875 0.40625
vt 0.78125 0.46875
vt 0.78125 0.5
vt 0.734375 0.5
vt 0.734375 0.46875
vt 0.78125 0.453125
vt 0.78125 0.5
vt 0.734375 0.5
vt 0.734375 0.453125
vt 0.828125 0.359375
vt 0.78125 0.359375
vt 0.78125 0.5
vt 0.828125 0.5
vt 0.828125 0.5
vt 0.78125 0.5
vt 0.78125 0.359375
vt 0.828125 0.359375
vt 0.78125 0.5
vt 0.78125 0.359375
vt 0.828125 0.359375
vt 0.828125 0.5
vt 0.828125 0.359375
vt 0.828125 0.5
vt 0.78125 0.5
vt 0.78125 0.359375
vt 0.828125 0.40625
vt 0.828125 0.453125
vt 0.875 0.453125
vt 0.875 0.40625
vt 0.875 0.40625
vt 0.875 0.453125
vt 0.828125 0.453125
vt 0.828125 0.40625
vt 0.78125 0.46875
vt 0.78125 0.5
vt 0.734375 0.5
vt 0.734375 0.46875
vt 0.78125 0.453125
vt 0.78125 0.5
vt 0.734375 0.5
vt 0.734375 0.453125
vt 0.78125 0.4375
vt 0.734375 0.4375
vt 0.734375 0.5
vt 0.78125 0.5
vt 0.78125 0.5
vt 0.734375 0.5
vt 0.734375 0.4375
vt 0.78125 0.4375
vt 0.734375 0.5
vt 0.734375 0.4375
vt 0.78125 0.4375
vt 0.78125 0.5
vt 0.78125 0.4375
vt 0.78125 0.5
vt 0.734375 0.5
vt 0.734375 0.4375
vt 0.875 0.453125
vt 0.828125 0.453125
vt 0.828125 0.40625
vt 0.875 0.40625
vt 0.828125 0.453125
vt 0.875 0.453125
vt 0.875 0.40625
vt 0.828125 0.40625
vt 0.734375 0.5
vt 0.78125 0.5
vt 0.78125 0.46875
vt 0.734375 0.46875
vt 0.734375 0.5
vt 0.78125 0.5
vt 0.78125 0.453125
vt 0.734375 0.453125
vt 0.78125 0.4375
vt 0.734375 0.4375
vt 0.734375 0.5
vt 0.78125 0.5
vt 0.78125 0.5
vt 0.734375 0.5
vt 0.734375 0.4375
vt 0.78125 0.4375
vt 0.734375 0.5
vt 0.734375 0.4375
vt 0.78125 0.4375
vt 0.78125 0.5
vt 0.78125 0.4375
vt 0.78125 0.5
vt 0.734375 0.5
vt 0.734375 0.4375
vt 0.78125 0.40625
vt 0.734375 0.40625
vt 0.734375 0.5
vt 0.78125 0.5
vt 0.78125 0.5
vt 0.734375 0.5
vt 0.734375 0.40625
vt 0.78125 0.40625
vt 0.734375 0.5
vt 0.734375 0.40625
vt 0.78125 0.40625
vt 0.78125 0.5
vt 0.78125 0.40625
vt 0.78125 0.5
vt 0.734375 0.5
vt 0.734375 0.40625
vt 0.875 0.40625
vt 0.875 0.453125
vt 0.921875 0.453125
vt 0.921875 0.40625
vt 0.921875 0.40625
vt 0.921875 0.453125
vt 0.875 0.453125
vt 0.875 0.40625
vt 0.78125 0.46875
vt 0.78125 0.5
vt 0.734375 0.5
vt 0.734375 0.46875
vt 0.78125 0.453125
vt 0.78125 0.5
vt 0.734375 0.5
vt 0.734375 0.453125
vt 0.828125 0.359375
vt 0.78125 0.359375
vt 0.78125 0.5
vt 0.828125 0.5
vt 0.828125 0.5
vt 0.78125 0.5
vt 0.78125 0.359375
vt 0.828125 0.359375
vt 0.78125 0.5
vt 0.78125 0.359375
vt 0.828125 0.359375
vt 0.828125 0.5
vt 0.828125 0.359375
vt 0.828125 0.5
vt 0.78125 0.5
vt 0.78125 0.359375
vt 0.828125 0.40625
vt 0.828125 0.453125
vt 0.875 0.453125
vt 0.875 0.40625
vt 0.875 0.40625
vt 0.875 0.453125
vt 0.828125 0.453125
vt 0.828125 0.40625
vt 0.78125 0.46875
vt 0.78125 0.5
vt 0.734375 0.5
vt 0.734375 0.46875
vt 0.78125 0.453125
vt 0.78125 0.5
vt 0.734375 0.5
vt 0.734375 0.453125
vt 0.78125 0.4375
vt 0.734375 0.4375
vt 0.734375 0.5
vt 0.78125 0.5
vt 0.78125 0.5
vt 0.734375 0.5
vt 0.734375 0.4375
vt 0.78125 0.4375
vt 0.734375 0.5
vt 0.734375 0.4375
vt 0.78125 0.4375
vt 0.78125 0.5
vt 0.78125 0.4375
vt 0.78125 0.5
vt 0.734375 0.5
vt 0.734375 0.4375
vt 0.3125 0.40625
vt 0.3125 0.5625
vt 0.5625 0.5625
vt 0.5625 0.40625
vt 0.3125 0.5625
vt 0.5625 0.5625
vt 0.5625 0.546875
vt 0.3125 0.546875
vt 0.5625 0.421875
vt 0.3125 0.421875
vt 0.3125 0.40625
vt 0.5625 0.40625
vt 0.3125 0.40625
vt 0.3125 0.5625
vt 0.328125 0.5625
vt 0.328125 0.40625
vt 0.546875 0.40625
vt 0.546875 0.5625
vt 0.5625 0.5625
vt 0.5625 0.40625
vt 0.125 0.90625
vt 0.125 1
vt 0.03125 1
vt 0.03125 0.90625
vt 0.03125 0.90625
vt 0.03125 1
vt 0.125 1
vt 0.125 0.90625
vt 0.03125 1
vt 0.125 1
vt 0.125 0.984375
vt 0.03125 0.984375
vt 0.125 0.921875
vt 0.03125 0.921875
vt 0.03125 0.90625
vt 0.125 0.90625
vt 0.03125 0.90625
vt 0.03125 1
vt 0.046875 1
vt 0.046875 0.90625
vt 0.109375 0.90625
vt 0.109375 1
vt 0.125 1
vt 0.125 0.90625
vt 0 0.125
vt 0 0.0625
vt 0.5 0.0625
vt 0.5 0.125
vt 0 0.0625
vt 0 0.125
vt 0.5 0.125
vt 0.5 0.0625
vt 0 0.0625
vt 0 0.125
vt 0.5 0.125
vt 0.5 0.0625
vt 0.5 0.125
vt 0.5 0.0625
vt 0 0.0625
vt 0 0.125
vt 0 0.5
vt 0.25 0.5
vt 0.25 0.25
vt 0 0.25
vt 0 1
vt 0.25 1
vt 0.25 0.75
vt 0 0.75
vt 0.75 0.75
vt 0.5 0.75
vt 0.5 1
vt 0.75 1
vt 0.75 0.25
vt 0.5 0.25
vt 0.5 0.5
vt 0.75 0.5
vt 0.25 0.25
vt 0.25 0.5
vt 0 0.5
vt 0 0.25
vt 0.25 0.75
vt 0.25 1
vt 0 1
vt 0 0.75
vt 0.5 1
vt 0.5 0.75
vt 0.75 0.75
vt 0.75 1
vt 0.5 0.5
vt 0.5 0.25
vt 0.75 0.25
vt 0.75 0.5
vt 0.15625 0.375
vt 0.109375 0.375
vt 0.109375 0.25
vt 0.15625 0.25
vt 0.15625 0.375
vt 0.109375 0.375
vt 0.109375 0.25
vt 0.15625 0.25
vt 0.3125 0.25
vt 0.3125 0.375
vt 0.15625 0.375
vt 0.15625 0.25
vt 0.359375 0.40625
vt 0.3125 0.40625
vt 0.3125 0.25
vt 0.359375 0.25
vt 0.359375 0.40625
vt 0.3125 0.40625
vt 0.3125 0.25
vt 0.359375 0.25
vt 0.046875 0.40625
vt 0.046875 0.453125
vt 0.078125 0.453125
vt 0.078125 0.40625
vt 0.078125 0.40625
vt 0.078125 0.453125
vt 0.046875 0.453125
vt 0.046875 0.40625
vt 0.078125 0.40625
vt 0.078125 0.453125
vt 0.046875 0.453125
vt 0.046875 0.40625
vt 0.046875 0.40625
vt 0.046875 0.453125
vt 0.078125 0.453125
vt 0.078125 0.40625
vt 0.078125 0.375
vt 0.078125 0.40625
vt 0.046875 0.40625
vt 0.046875 0.375
vt 0.03125 0.546875
vt 0 0.546875
vt 0 0.484375
vt 0.03125 0.484375
vt 0 0.546875
vt 0.03125 0.546875
vt 0.03125 0.484375
vt 0 0.484375
vt 0.03125 0.546875
vt 0.015625 0.546875
vt 0.015625 0.484375
vt 0.03125 0.484375
vt 0.015625 0.546875
vt 0 0.546875
vt 0 0.484375
vt 0.015625 0.484375
vt 0.09375 0.46875
vt 0.09375 0.453125
vt 0.03125 0.453125
vt 0.03125 0.46875
vt 0.09375 0.453125
vt 0.03125 0.453125
vt 0 0.484375
vt 0.125 0.484375
vt 0.09375 0.578125
vt 0.03125 0.578125
vt 0 0.546875
vt 0.125 0.546875
vt 0.109375 0.484375
vt 0.09375 0.484375
vt 0.09375 0.453125
vt 0.109375 0.453125
vt 0.109375 0.578125
vt 0.09375 0.578125
vt 0.09375 0.546875
vt 0.109375 0.546875
vt 0.125 0.546875
vt 0.09375 0.546875
vt 0.09375 0.484375
vt 0.125 0.484375
vt 0.09375 0.546875
vt 0.125 0.546875
vt 0.125 0.484375
vt 0.09375 0.484375
vt 0.125 0.546875
vt 0.109375 0.546875
vt 0.109375 0.484375
vt 0.125 0.484375
vt 0.109375 0.546875
vt 0.09375 0.546875
vt 0.09375 0.484375
vt 0.109375 0.484375
vt 0.03125 0.578125
vt 0.09375 0.578125
vt 0.09375 0.5625
vt 0.03125 0.5625
vt 0 0.546875
vt 0.03125 0.578125
vt 0.09375 0.578125
vt 0.125 0.546875
vt 0 0.546875
vt 0.03125 0.578125
vt 0.09375 0.578125
vt 0.125 0.546875
vt 0.015625 0.453125
vt 0.015625 0.484375
vt 0.03125 0.484375
vt 0.03125 0.453125
vt 0 0.5625
vt 0 0.53125
vt 0.015625 0.53125
vt 0.015625 0.5625
vt 0.09375 0.5
vt 0.078125 0.5
vt 0.078125 0.515625
vt 0.09375 0.515625
vt 0.09375 0.515625
vt 0.078125 0.515625
vt 0.078125 0.53125
vt 0.09375 0.53125
vt 0.09375 0.5
vt 0.078125 0.5
vt 0.078125 0.53125
vt 0.09375 0.53125
vt 0.09375 0.5
vt 0.078125 0.5
vt 0.078125 0.53125
vt 0.09375 0.53125
vt 0.046875 0.53125
vt 0.046875 0.546875
vt 0.0625 0.546875
vt 0.0625 0.53125
vt 0.0625 0.53125
vt 0.0625 0.546875
vt 0.078125 0.546875
vt 0.078125 0.53125
vt 0.046875 0.53125
vt 0.046875 0.546875
vt 0.078125 0.546875
vt 0.078125 0.53125
vt 0.046875 0.53125
vt 0.046875 0.546875
vt 0.078125 0.546875
vt 0.078125 0.53125
vt 0.078125 0.484375
vt 0.078125 0.5
vt 0.0625 0.5
vt 0.0625 0.484375
vt 0.0625 0.484375
vt 0.0625 0.5
vt 0.046875 0.5
vt 0.046875 0.484375
vt 0.078125 0.484375
vt 0.078125 0.5
vt 0.046875 0.5
vt 0.046875 0.484375
vt 0.078125 0.484375
vt 0.078125 0.5
vt 0.046875 0.5
vt 0.046875 0.484375
vt 0.046875 0.5
vt 0.03125 0.5
vt 0.03125 0.515625
vt 0.046875 0.515625
vt 0.046875 0.515625
vt 0.03125 0.515625
vt 0.03125 0.53125
vt 0.046875 0.53125
vt 0.046875 0.5
vt 0.03125 0.5
vt 0.03125 0.53125
vt 0.046875 0.53125
vt 0.046875 0.5
vt 0.03125 0.5
vt 0.03125 0.53125
vt 0.046875 0.53125
vt 0.09375 0.484375
vt 0.09375 0.5
vt 0.03125 0.5
vt 0.03125 0.484375
vt 0.09375 0.484375
vt 0.09375 0.5
vt 0.03125 0.5
vt 0.03125 0.484375
vt 0.09375 0.515625
vt 0.09375 0.578125
vt 0.03125 0.578125
vt 0.03125 0.515625
vt 0.09375 0.484375
vt 0.09375 0.5
vt 0.03125 0.5
vt 0.03125 0.484375
vt 0.09375 0.484375
vt 0.09375 0.5
vt 0.03125 0.5
vt 0.03125 0.484375
vn 2.220446049250313e-16 2.448128005901431e-16 -1
vn -2.220446049250313e-16 -2.448128005901431e-16 1
vn -5.055555011315561e-33 1 2.448128005901431e-16
vn 1 -5.43593615876288e-32 2.220446049250313e-16
vn 2.220446049250313e-16 1.1329912202902683e-15 -1
vn -7.327471962526033e-15 -1.1329912202902683e-15 1
vn 1.9215967129393757e-31 1 -6.433656191099829e-16
vn -1.921596712939374e-31 -1 6.433656191099821e-16
vn 1 -5.43593615876288e-32 2.220446049250313e-16
vn 1 -6.736398693710178e-32 -3.172065784643303e-17
vn -1 9.240719027745136e-32 3.172065784643308e-17
vn -2.1154757158683145e-32 1 -2.6271772495278556e-16
vn 1.3105156084999353e-32 -1 8.952462181321225e-18
vn -2.220446049250313e-16 -4.743981843455974e-17 1
vn -3.172065784643303e-17 4.743981843455969e-17 -1
vn 1 -5.43593615876288e-32 2.220446049250313e-16
vn -1 5.43593615876288e-32 -2.220446049250313e-16
vn -5.055555011315561e-33 1 2.448128005901431e-16
vn -2.220446049250313e-16 -2.448128005901431e-16 1
vn 1 -5.43593615876288e-32 2.220446049250313e-16
vn -1 5.43593615876288e-32 -2.220446049250313e-16
vn -5.055555011315561e-33 1 2.448128005901431e-16
vn 5.055555011315561e-33 -1 -2.448128005901431e-16
vn -2.220446049250313e-16 -2.448128005901431e-16 1
vn 1 -5.43593615876288e-32 2.220446049250313e-16
vn -1 5.43593615876288e-32 -2.220446049250313e-16
vn -2.220446049250313e-16 -2.448128005901431e-16 1
vn 2.220446049250313e-16 2.448128005901431e-16 -1
vn 1 1.630780847628864e-31 -6.661338147750939e-16
vn -1 -1.630780847628864e-31 6.661338147750939e-16
vn -2.220446049250313e-16 -2.448128005901431e-16 1
vn 2.220446049250313e-16 2.448128005901431e-16 -1
vn 1 -5.43593615876288e-32 2.220446049250313e-16
vn -1 5.43593615876288e-32 -2.220446049250313e-16
vn -2.220446049250313e-16 3.47306145876607e-16 1
vn 2.220446049250313e-16 -3.473061458766067e-16 -1
vn 1 -5.43593615876288e-32 2.220446049250313e-16
vn -1 5.43593615876288e-32 -2.220446049250313e-16
vn -2.220446049250313e-16 -2.448128005901431e-16 1
vn 2.220446049250313e-16 2.448128005901431e-16 -1
vn 0.948683298050514 -0.316227766016838 1.332334030916555e-16
vn 5.055555011315561e-33 -1 -2.448128005901431e-16
vn -2.220446049250313e-16 -2.448128005901431e-16 1
vn 2.220446049250313e-16 -9.394250923433571e-16 -1
vn 1 1.8119787195876263e-32 -7.401486830834375e-17
vn -1 -9.059893597938132e-32 3.700743415417188e-16
vn -5.055555011315561e-33 1 2.448128005901431e-16
vn 3.700743415417188e-16 -2.448128005901431e-16 1
vn -3.700743415417187e-16 2.448128005901431e-16 -1
vn 1 3.261561695257728e-32 -1.332267629550188e-16
vn -1 -3.261561695257728e-32 1.332267629550188e-16
vn -5.055555011315561e-33 1 2.448128005901431e-16
vn -2.220446049250313e-16 -2.448128005901431e-16 1
vn 2.220446049250313e-16 2.448128005901431e-16 -1
vn 1 2.3555723354639145e-31 -9.62193288008469e-16
vn 0.5547001962252287 0.8320502943378442 -3.3003224287619524e-16
vn -2.220446049250313e-16 -2.448128005901431e-16 1
vn 2.220446049250313e-16 2.448128005901431e-16 -1
vn 1 -5.43593615876288e-32 2.220446049250313e-16
vn -1 5.43593615876288e-32 -2.220446049250313e-16
vn -5.055555011315561e-33 1 2.448128005901431e-16
vn -2.220446049250313e-16 -2.448128005901431e-16 1
vn 2.220446049250313e-16 2.448128005901431e-16 -1
vn 1 5.43593615876288e-32 -2.220446049250313e-16
vn -1 -1.630780847628864e-31 6.661338147750939e-16
vn 5.055555011315561e-33 -1 -2.448128005901431e-16
vn -2.220446049250313e-16 -2.448128005901431e-16 1
vn 2.220446049250313e-16 2.448128005901431e-16 -1
vn 1 9.059893597938132e-32 -3.700743415417188e-16
vn -2.220446049250313e-16 -2.448128005901431e-16 1
vn 2.220446049250313e-16 2.448128005901431e-16 -1
vn -1 -2.3555723354639145e-31 9.62193288008469e-16
vn 1 9.059893597938132e-32 -3.700743415417188e-16
vn 0.5547001962252294 -0.8320502943378435 -4.089768726598143e-16
vn -2.220446049250313e-16 -2.448128005901431e-16 1
vn 2.220446049250313e-16 2.448128005901431e-16 -1
vn 1 2.3555723354639145e-31 -9.62193288008469e-16
vn -5.055555011315561e-33 1 2.448128005901431e-16
vn -2.220446049250313e-16 -2.448128005901431e-16 1
vn 2.220446049250313e-16 2.448128005901431e-16 -1
vn -1 5.43593615876288e-32 -2.220446049250313e-16
vn -0.3162277660168376 -0.9486832980505141 7.202241887447402e-17
vn -2.220446049250313e-16 -2.448128005901431e-16 1
vn 2.220446049250313e-16 2.448128005901431e-16 -1
vn 1 -5.43593615876288e-32 2.220446049250313e-16
vn 0.5547001962252291 0.8320502943378438 3.2686474871136877e-16
vn -2.220446049250313e-16 -2.448128005901431e-16 1
vn 2.220446049250313e-16 2.448128005901431e-16 -1
vn 1 -5.43593615876288e-32 2.220446049250313e-16
vn -1 5.43593615876288e-32 -2.220446049250313e-16
vn -5.055555011315561e-33 1 2.448128005901431e-16
vn -2.220446049250313e-16 -2.448128005901431e-16 1
vn 2.220446049250313e-16 2.448128005901431e-16 -1
vn 1 9.059893597938132e-32 -3.700743415417188e-16
vn -2.220446049250313e-16 -2.448128005901431e-16 1
vn 2.220446049250313e-16 2.448128005901431e-16 -1
vn -1 5.43593615876288e-32 -2.220446049250313e-16
vn 1 9.059893597938132e-32 -3.700743415417188e-16
vn 0.5547001962252291 -0.8320502943378438 -4.089768726598144e-16
vn -2.220446049250313e-16 -2.448128005901431e-16 1
vn 2.220446049250313e-16 2.448128005901431e-16 -1
vn 1 -5.43593615876288e-32 2.220446049250313e-16
vn -5.055555011315561e-33 1 2.448128005901431e-16
vn -2.220446049250313e-16 -2.448128005901431e-16 1
vn 2.220446049250313e-16 2.448128005901431e-16 -1
vn -1 5.43593615876288e-32 -2.220446049250313e-16
vn -0.316227766016838 -0.948683298050514 -3.024664844403738e-16
vn -2.220446049250313e-16 -2.448128005901431e-16 1
vn 2.220446049250313e-16 2.448128005901431e-16 -1
vn 1 -5.43593615876288e-32 2.220446049250313e-16
vn -1 5.43593615876288e-32 -2.220446049250313e-16
vn -2.171923975743535e-16 0.20791169058366996 0.978147600783563
vn 2.1719239757435356e-16 -0.2079116905836686 -0.9781476007835633
vn 1 1.8119787195876263e-32 -7.401486830834375e-17
vn -1 1.0336947530988104e-30 7.401486830834395e-17
vn -5.055555011315561e-33 1 2.448128005901431e-16
vn -2.1407247421674324e-31 -1 -8.369317470568932e-16
vn -2.220446049250313e-16 -2.448128005901431e-16 1
vn -3.700743415417188e-16 2.448128005901431e-16 -1
vn 1 -5.43593615876288e-32 2.220446049250313e-16
vn -1 5.43593615876288e-32 -2.220446049250313e-16
vn -2.1719239757435351e-16 -0.20791169058366904 0.9781476007835631
vn 2.1719239757435351e-16 0.2079116905836693 -0.9781476007835631
vn 1 -5.43593615876288e-32 2.220446049250313e-16
vn -1 5.43593615876288e-32 -2.220446049250313e-16
vn -2.1719239757435356e-16 0.2079116905836681 0.9781476007835633
vn -3.187491544609458e-15 -0.2079116905836686 -0.9781476007835633
vn 1 3.6932535355957226e-16 -1.5154945756697996e-15
vn -1 2.0985437330537208e-16 1.6386030268563223e-15
vn -2.1719239757435356e-16 -0.2079116905836686 0.9781476007835633
vn 2.1719239757435344e-16 0.2079116905836704 -0.9781476007835628
vn 1 -3.400710910228771e-31 -2.220446049250313e-16
vn -1 3.400710910228771e-31 2.220446049250313e-16
vn -5.055555011315561e-33 1 2.448128005901431e-16
vn -2.220446049250313e-16 -2.448128005901431e-16 1
vn 2.220446049250313e-16 -6.433656191099821e-16 -1
vn 1 5.43593615876288e-32 -2.220446049250313e-16
vn -1 -5.43593615876288e-32 2.220446049250313e-16
vn -5.055555011315561e-33 1 2.448128005901431e-16
vn 5.055555011315561e-33 -1 -2.448128005901431e-16
vn -2.220446049250313e-16 -2.448128005901431e-16 1
vn 2.220446049250313e-16 2.448128005901431e-16 -1
vn 1 1.630780847628864e-31 -6.661338147750939e-16
vn -1 5.43593615876288e-32 -2.220446049250313e-16
vn -2.220446049250313e-16 -2.448128005901431e-16 1
vn 2.220446049250313e-16 2.448128005901431e-16 -1
vn 1 1.630780847628864e-31 -6.661338147750939e-16
vn -1 5.43593615876288e-32 -2.220446049250313e-16
vn -2.220446049250313e-16 -2.448128005901431e-16 1
vn 2.220446049250313e-16 2.448128005901431e-16 -1
vn 1 -5.43593615876288e-32 2.220446049250313e-16
vn -1 5.43593615876288e-32 -2.220446049250313e-16
vn -5.055555011315561e-33 1 2.448128005901431e-16
vn 0 -2.448128005901431e-16 1
vn -2.220446049250313e-16 2.448128005901431e-16 -1
vn 1 -5.43593615876288e-32 2.220446049250313e-16
vn -1 5.43593615876288e-32 -2.220446049250313e-16
vn 5.055555011315561e-33 -1 -2.448128005901431e-16
vn 3.510833468576702e-16 -0.3162277660168382 0.9486832980505139
vn 1 -5.43593615876288e-32 2.220446049250313e-16
vn -1 5.43593615876288e-32 -2.220446049250313e-16
vn 2.220446049250313e-16 2.448128005901431e-16 -1
vn -2.220446049250313e-16 -2.448128005901431e-16 1
vn 1 -6.953142449534722e-32 -7.401486830834375e-17
vn -1 5.43593615876288e-32 -2.220446049250313e-16
vn -5.055555011315561e-33 1 2.448128005901431e-16
vn 1.1461956962534498e-31 -1 5.1246672643232047e-17
vn 1 -5.43593615876288e-32 2.220446049250313e-16
vn -1 -1.1842378929335002e-15 -2.220446049250316e-16
vn 5.055555011315561e-33 -1 -2.448128005901431e-16
vn 2.1065000811460205e-16 -0.316227766016838 -0.9486832980505139
vn 1 -5.43593615876288e-32 2.220446049250313e-16
vn -1 3.9474596431116685e-16 -2.2204460492503146e-16
vn -7.40148683083436e-17 2.448128005901431e-16 -1
vn 7.401486830834395e-17 -1.461263095123514e-16 1
vn 1 -5.43593615876288e-32 2.220446049250313e-16
vn -1 5.43593615876288e-32 -2.220446049250313e-16
vn -6.624396426954924e-31 1 -1.5315440388101066e-15
vn -2.106500081146021e-16 0.31622776601683755 0.9486832980505141
vn 1 -2.0859427348604166e-31 -2.220446049250313e-16
vn -1 -1.630780847628864e-31 6.661338147750939e-16
vn -5.055555011315561e-33 1 2.448128005901431e-16
vn -9.355205814131091e-32 -1 1.992764092599195e-16
vn 1 -5.43593615876288e-32 2.220446049250313e-16
vn -1 5.921189464667502e-16 -2.2204460492503116e-16
vn 5.055555011315561e-33 -1 -2.448128005901431e-16
vn -2.106500081146021e-16 -0.3162277660168382 0.9486832980505139
vn 1 -5.43593615876288e-32 2.220446049250313e-16
vn -1 -9.059893597938132e-32 3.700743415417188e-16
vn 2.220446049250313e-16 2.448128005901431e-16 -1
vn -2.220446049250313e-16 -2.448128005901431e-16 1
vn 1 -6.953142449534721e-32 -7.401486830834385e-17
vn -1 1.5718263618657085e-31 7.40148683083439e-17
vn -5.055555011315561e-33 1 2.448128005901431e-16
vn -6.068285375710209e-32 -1 5.124667264323195e-17
vn 1 -5.43593615876288e-32 2.220446049250313e-16
vn -1 5.43593615876288e-32 -2.220446049250313e-16
vn 5.055555011315561e-33 -1 -2.448128005901431e-16
vn 2.1065000811460203e-16 -0.3162277660168382 -0.9486832980505138
vn 1 -5.43593615876288e-32 2.220446049250313e-16
vn -1 5.43593615876288e-32 -2.220446049250313e-16
vn -3.700743415417189e-16 2.448128005901431e-16 -1
vn 7.40148683083438e-17 -1.4612630951235138e-16 1
vn 1 -5.43593615876288e-32 2.220446049250313e-16
vn -1 5.43593615876288e-32 -2.220446049250313e-16
vn 3.8937489759919034e-31 1 -1.5315440388101074e-15
vn -2.106500081146021e-16 0.3162277660168376 0.9486832980505141
vn 1 5.43593615876288e-32 -2.220446049250313e-16
vn -1 2.085942734860418e-31 2.220446049250313e-16
vn -5.055555011315561e-33 1 2.448128005901431e-16
vn 1.6940157693235967e-31 -1 1.992764092599195e-16
vn -1 5.43593615876288e-32 -2.220446049250313e-16
vn -5.055555011315561e-33 1 2.448128005901431e-16
vn 5.435936158762879e-32 -1 -4.668574055151744e-16
vn -2.220446049250313e-16 1.1045856728990685e-16 1
vn 2.220446049250313e-16 2.448128005901431e-16 -1
vn 1 -2.600059107855127e-31 -3.700743415417185e-16
vn -1 -2.355572335463913e-31 9.621932880084683e-16
vn 6.068285375710205e-32 1 -5.12466726432318e-17
vn 7.079396377973321e-32 -1 -5.408722738235181e-16
vn -2.220446049250313e-16 -2.448128005901431e-16 1
vn 2.220446049250313e-16 -3.47306145876607e-16 -1
vn 1 0 0
vn -1 1.9721522630525317e-31 4.930380657631324e-32
vn 4.930380657631324e-32 6.433656191099829e-16 1
vn -2.775557561562896e-17 4.668574055151746e-16 -1
vn -5.055555011315561e-33 1 2.2768195665111805e-17
vn -5.055555011315594e-33 1 -8.82541067974038e-17
vn -5.055555011315561e-33 1 -8.825410679740385e-17
vn -1.738150665539387e-32 1 2.2768195665111805e-17
vn 1.0366316816394204e-31 -1 1.992764092599195e-16
vn 5.435936158762882e-32 -1 -2.2768195665111805e-17
vn 5.43593615876288e-32 -1 -2.2768195665111805e-17
vn 1.0366316816394204e-31 -1 1.992764092599195e-16
vn 1 -5.43593615876288e-32 2.220446049250313e-16
vn -1 5.43593615876288e-32 -2.220446049250313e-16
vn -5.055555011315561e-33 1 2.448128005901431e-16
vn -4.440892098500625e-17 -2.448128005901431e-16 1
vn -1.332267629550188e-16 2.448128005901431e-16 -1
vn -2.220446049250313e-16 -7.35024015819115e-15 1
vn 2.220446049250313e-16 6.46206173849102e-15 -1
vn 1.3855621391480863e-30 -1 -6.46206173849102e-15
vn -1.5827773654533376e-30 1 7.350240158191138e-15
vn -1 -2.605893939088681e-29 3.3306690738754665e-15
vn -1 3.282279452716653e-15 1.1375200598887696e-15
vn 1 -3.282279452716645e-15 -1.1375200598887732e-15
vn -7.839150778696243e-15 -0.9238795325112844 -0.3826834323650955
vn -8.497279155086251e-17 0.9238795325112846 0.38268343236509544
vn -2.924271795422389e-15 -0.38268343236509517 0.9238795325112846
vn -1 2.3209220587652267e-15 -1.1834019988764586e-15
vn 1 -9.613573939514285e-16 -2.098877453840192e-15
vn -3.3672522442675293e-15 -0.9238795325112893 0.38268343236508384
vn 7.039198772045429e-15 0.38268343236508306 0.9238795325112897
vn -1 3.2822794527166467e-15 1.1375200598887696e-15
vn 1 -3.282279452716647e-15 -1.1375200598887706e-15
vn -3.1973066611657886e-15 -0.9238795325112841 -0.38268343236509617
vn 3.1973066611657898e-15 0.9238795325112843 0.38268343236509605
vn -1.34916976868043e-15 0.38268343236509644 -0.9238795325112842
vn -1 9.613573939514252e-16 2.098877453840196e-15
vn 1 -2.320922058765226e-15 1.1834019988764527e-15
vn -1.2079407470206044e-15 -0.38268343236508445 -0.9238795325112892
vn 8.497279155086025e-17 0.9238795325112888 -0.38268343236508484
vn 4.556871325979592e-15 0.9238795325112844 0.382683432365096
vn -3.1973066611657866e-15 -0.9238795325112835 -0.3826834323650977
vn -1 3.2822794527166558e-15 1.137520059888773e-15
vn 1 -3.2822794527166542e-15 -1.137520059888767e-15
vn 1.7175723221080627e-15 -0.3826834323650953 0.9238795325112845
vn -7.64325957497488e-17 0.3826834323650922 -0.9238795325112857
vn -1 5.43593615876288e-32 -2.220446049250313e-16
vn 1 -5.43593615876288e-32 2.220446049250313e-16
vn -2.9242717954223815e-15 -0.38268343236509406 0.9238795325112851
vn 1.5647071306085883e-15 0.38268343236509467 -0.9238795325112847
vn -1 5.43593615876288e-32 -2.220446049250313e-16
vn 1 -5.43593615876288e-32 2.220446049250313e-16
vn 6.479586113882436e-15 0.9238795325112835 0.3826834323650977
vn -7.159368446289343e-15 -0.9238795325112845 -0.3826834323650953
vn -1 3.282279452716646e-15 1.1375200598887765e-15
vn 1 -3.282279452716648e-15 -1.137520059888767e-15
vn 1 5.43593615876288e-32 -2.220446049250313e-16
vn -1 -1.630780847628864e-31 6.661338147750939e-16
vn 5.055555011315561e-33 -1 -2.448128005901431e-16
vn -2.220446049250313e-16 -2.448128005901431e-16 1
vn 2.220446049250313e-16 2.448128005901431e-16 -1
usemtl common_thingies
f 5/1/1 3/2/1 2/3/1
f 5/1/1 2/3/1 4/4/1
f 8/5/2 6/6/2 7/7/2
f 8/5/2 7/7/2 9/8/2
f 2/9/3 3/10/3 7/11/3
f 2/9/3 7/11/3 6/12/3
f 4/13/4 2/14/4 6/15/4
f 4/13/4 6/15/4 8/16/4
f 13/17/5 11/18/5 10/19/5
f 13/17/5 10/19/5 12/20/5
f 16/21/6 14/22/6 15/23/6
f 16/21/6 15/23/6 17/24/6
f 10/25/7 11/26/7 15/27/7
f 10/25/7 15/27/7 14/28/7
f 13/29/8 12/30/8 16/31/8
f 13/29/8 16/31/8 17/32/8
f 12/33/9 10/34/9 14/35/9
f 12/33/9 14/35/9 16/36/9
usemtl fuel_station
f 21/37/10 19/38/10 18/39/10
f 21/37/10 18/39/10 20/40/10
f 24/41/11 22/42/11 23/43/11
f 24/41/11 23/43/11 25/44/11
f 18/45/12 19/46/12 23/47/12
f 18/45/12 23/47/12 22/48/12
f 21/49/13 20/50/13 24/51/13
f 21/49/13 24/51/13 25/52/13
f 20/53/14 18/54/14 22/55/14
f 20/53/14 22/55/14 24/56/14
f 25/57/15 23/58/15 19/59/15
f 25/57/15 19/59/15 21/60/15
usemtl common_thingies
f 29/61/16 27/62/16 26/63/16
f 29/61/16 26/63/16 28/64/16
f 32/65/17 30/66/17 31/67/17
f 32/65/17 31/67/17 33/68/17
f 26/69/18 27/70/18 31/71/18
f 26/69/18 31/71/18 30/72/18
f 28/73/19 26/74/19 30/75/19
f 28/73/19 30/75/19 32/76/19
f 37/77/20 35/78/20 34/79/20
f 37/77/20 34/79/20 36/80/20
f 40/81/21 38/82/21 39/83/21
f 40/81/21 39/83/21 41/84/21
f 34/85/22 35/86/22 39/87/22
f 34/85/22 39/87/22 38/88/22
f 37/89/23 36/90/23 40/91/23
f 37/89/23 40/91/23 41/92/23
f 36/93/24 34/94/24 38/95/24
f 36/93/24 38/95/24 40/96/24
usemtl fuel_station
f 45/97/25 43/98/25 42/99/25
f 45/97/25 42/99/25 44/100/25
f 48/101/26 46/102/26 47/103/26
f 48/101/26 47/103/26 49/104/26
f 44/105/27 42/106/27 46/107/27
f 44/105/27 46/107/27 48/108/27
f 49/109/28 47/110/28 43/111/28
f 49/109/28 43/111/28 45/112/28
f 53/113/29 51/114/29 50/115/29
f 53/113/29 50/115/29 52/116/29
f 56/117/30 54/118/30 55/119/30
f 56/117/30 55/119/30 57/120/30
f 52/121/31 50/122/31 54/123/31
f 52/121/31 54/123/31 56/124/31
f 57/125/32 55/126/32 51/127/32
f 57/125/32 51/127/32 53/128/32
f 61/129/33 59/130/33 58/131/33
f 61/129/33 58/131/33 60/132/33
f 64/133/34 62/134/34 63/135/34
f 64/133/34 63/135/34 65/136/34
f 60/137/35 58/138/35 62/139/35
f 60/137/35 62/139/35 64/140/35
f 65/141/36 63/142/36 59/143/36
f 65/141/36 59/143/36 61/144/36
f 69/145/37 67/146/37 66/147/37
f 69/145/37 66/147/37 68/148/37
f 72/149/38 70/150/38 71/151/38
f 72/149/38 71/151/38 73/152/38
f 68/153/39 66/154/39 70/155/39
f 68/153/39 70/155/39 72/156/39
f 73/157/40 71/158/40 67/159/40
f 73/157/40 67/159/40 69/160/40
usemtl common_cable_and_pipe
f 75/161/41 74/162/41 76/163/41
f 75/161/41 76/163/41 77/164/41
f 77/165/42 76/166/42 80/167/42
f 77/165/42 80/167/42 81/168/42
f 76/169/43 74/170/43 78/171/43
f 76/169/43 78/171/43 80/172/43
f 79/173/44 75/174/44 77/175/44
f 79/173/44 77/175/44 81/176/44
usemtl fuel_station
f 85/177/45 83/178/45 82/179/45
f 85/177/45 82/179/45 84/180/45
f 88/181/46 86/182/46 87/183/46
f 88/181/46 87/183/46 89/184/46
f 82/185/47 83/186/47 87/187/47
f 82/185/47 87/187/47 86/188/47
f 84/189/48 82/190/48 86/191/48
f 84/189/48 86/191/48 88/192/48
f 89/193/49 87/194/49 83/195/49
f 89/193/49 83/195/49 85/196/49
f 93/197/50 91/198/50 90/199/50
f 93/197/50 90/199/50 92/200/50
f 96/201/51 94/202/51 95/203/51
f 96/201/51 95/203/51 97/204/51
f 90/205/52 91/206/52 95/207/52
f 90/205/52 95/207/52 94/208/52
f 92/209/53 90/210/53 94/211/53
f 92/209/53 94/211/53 96/212/53
f 97/213/54 95/214/54 91/215/54
f 97/213/54 91/215/54 93/216/54
usemtl common_copper_cable
f 99/217/55 98/218/55 100/219/55
f 99/217/55 100/219/55 101/220/55
f 102/221/56 98/222/56 99/223/56
f 102/221/56 99/223/56 103/224/56
f 100/225/57 98/226/57 102/227/57
f 100/225/57 102/227/57 104/228/57
f 103/229/58 99/230/58 101/231/58
f 103/229/58 101/231/58 105/232/58
usemtl fuel_station
f 343/233/59 107/234/59 106/235/59
f 343/233/59 106/235/59 108/236/59
f 111/237/60 109/238/60 110/239/60
f 111/237/60 110/239/60 112/240/60
f 106/241/61 107/242/61 110/243/61
f 106/241/61 110/243/61 109/244/61
f 108/245/62 106/246/62 109/247/62
f 108/245/62 109/247/62 111/248/62
f 112/249/63 110/250/63 107/251/63
f 112/249/63 107/251/63 343/252/63
usemtl common_thingies
f 116/253/64 114/254/64 113/255/64
f 116/253/64 113/255/64 115/256/64
f 119/257/65 117/258/65 118/259/65
f 119/257/65 118/259/65 120/260/65
f 116/261/66 115/262/66 119/263/66
f 116/261/66 119/263/66 120/264/66
f 115/265/67 113/266/67 117/267/67
f 115/265/67 117/267/67 119/268/67
f 120/269/68 118/270/68 114/271/68
f 120/269/68 114/271/68 116/272/68
usemtl common_copper_cable
f 124/273/69 122/274/69 121/275/69
f 124/273/69 121/275/69 123/276/69
f 123/277/70 121/278/70 125/279/70
f 123/277/70 125/279/70 127/280/70
f 128/281/71 126/282/71 122/283/71
f 128/281/71 122/283/71 124/284/71
f 127/285/72 125/286/72 126/287/72
f 127/285/72 126/287/72 128/288/72
f 345/289/73 344/290/73 129/291/73
f 345/289/73 129/291/73 130/292/73
f 130/293/74 129/294/74 131/295/74
f 130/293/74 131/295/74 132/296/74
f 129/297/75 344/298/75 346/299/75
f 129/297/75 346/299/75 131/300/75
f 347/301/76 345/302/76 130/303/76
f 347/301/76 130/303/76 132/304/76
f 351/305/77 349/306/77 348/307/77
f 351/305/77 348/307/77 350/308/77
f 348/309/78 349/310/78 353/311/78
f 348/309/78 353/311/78 352/312/78
f 350/313/79 348/314/79 352/315/79
f 350/313/79 352/315/79 133/316/79
f 134/317/80 353/318/80 349/319/80
f 134/317/80 349/319/80 351/320/80
f 135/321/81 358/322/81 359/323/81
f 135/321/81 359/323/81 136/324/81
f 357/325/82 356/326/82 135/327/82
f 357/325/82 135/327/82 136/328/82
f 356/329/83 354/330/83 358/331/83
f 356/329/83 358/331/83 135/332/83
f 359/333/84 355/334/84 357/335/84
f 359/333/84 357/335/84 136/336/84
f 138/337/85 137/338/85 139/339/85
f 138/337/85 139/339/85 140/340/85
f 141/341/86 137/342/86 138/343/86
f 141/341/86 138/343/86 142/344/86
f 139/345/87 137/346/87 141/347/87
f 139/345/87 141/347/87 143/348/87
f 142/349/88 138/350/88 140/351/88
f 142/349/88 140/351/88 144/352/88
usemtl fuel_station
f 147/353/89 146/354/89 145/355/89
f 147/353/89 145/355/89 360/356/89
f 150/357/90 148/358/90 149/359/90
f 150/357/90 149/359/90 151/360/90
f 145/361/91 146/362/91 149/363/91
f 145/361/91 149/363/91 148/364/91
f 360/365/92 145/366/92 148/367/92
f 360/365/92 148/367/92 150/368/92
f 151/369/93 149/370/93 146/371/93
f 151/369/93 146/371/93 147/372/93
usemtl common_copper_cable
f 155/373/94 153/374/94 152/375/94
f 155/373/94 152/375/94 154/376/94
f 154/377/95 152/378/95 156/379/95
f 154/377/95 156/379/95 158/380/95
f 159/381/96 157/382/96 153/383/96
f 159/381/96 153/383/96 155/384/96
f 158/385/97 156/386/97 157/387/97
f 158/385/97 157/387/97 159/388/97
f 362/389/98 361/390/98 160/391/98
f 362/389/98 160/391/98 161/392/98
f 161/393/99 160/394/99 162/395/99
f 161/393/99 162/395/99 163/396/99
f 160/397/100 361/398/100 363/399/100
f 160/397/100 363/399/100 162/400/100
f 364/401/101 362/402/101 161/403/101
f 364/401/101 161/403/101 163/404/101
f 368/405/102 366/406/102 365/407/102
f 368/405/102 365/407/102 367/408/102
f 365/409/103 366/410/103 370/411/103
f 365/409/103 370/411/103 369/412/103
f 367/413/104 365/414/104 369/415/104
f 367/413/104 369/415/104 164/416/104
f 165/417/105 370/418/105 366/419/105
f 165/417/105 366/419/105 368/420/105
f 166/421/106 375/422/106 376/423/106
f 166/421/106 376/423/106 167/424/106
f 374/425/107 373/426/107 166/427/107
f 374/425/107 166/427/107 167/428/107
f 373/429/108 371/430/108 375/431/108
f 373/429/108 375/431/108 166/432/108
f 376/433/109 372/434/109 374/435/109
f 376/433/109 374/435/109 167/436/109
usemtl fuel_station
f 171/437/110 169/438/110 168/439/110
f 171/437/110 168/439/110 170/440/110
f 174/441/111 172/442/111 173/443/111
f 174/441/111 173/443/111 175/444/111
f 170/445/112 168/446/112 172/447/112
f 170/445/112 172/447/112 174/448/112
f 175/449/113 173/450/113 169/451/113
f 175/449/113 169/451/113 171/452/113
f 179/453/114 177/454/114 176/455/114
f 179/453/114 176/455/114 178/456/114
f 182/457/115 180/458/115 181/459/115
f 182/457/115 181/459/115 183/460/115
f 176/461/116 177/462/116 181/463/116
f 176/461/116 181/463/116 180/464/116
f 179/465/117 178/466/117 182/467/117
f 179/465/117 182/467/117 183/468/117
f 178/469/118 176/470/118 180/471/118
f 178/469/118 180/471/118 182/472/118
f 183/473/119 181/474/119 177/475/119
f 183/473/119 177/475/119 179/476/119
f 187/477/120 185/478/120 184/479/120
f 187/477/120 184/479/120 186/480/120
f 190/481/121 188/482/121 189/483/121
f 190/481/121 189/483/121 191/484/121
f 186/485/122 184/486/122 188/487/122
f 186/485/122 188/487/122 190/488/122
f 191/489/123 189/490/123 185/491/123
f 191/489/123 185/491/123 187/492/123
f 195/493/124 193/494/124 192/495/124
f 195/493/124 192/495/124 194/496/124
f 198/497/125 196/498/125 197/499/125
f 198/497/125 197/499/125 199/500/125
f 194/501/126 192/502/126 196/503/126
f 194/501/126 196/503/126 198/504/126
f 199/505/127 197/506/127 193/507/127
f 199/505/127 193/507/127 195/508/127
f 203/509/128 201/510/128 200/511/128
f 203/509/128 200/511/128 202/512/128
f 206/513/129 204/514/129 205/515/129
f 206/513/129 205/515/129 207/516/129
f 202/517/130 200/518/130 204/519/130
f 202/517/130 204/519/130 206/520/130
f 207/521/131 205/522/131 201/523/131
f 207/521/131 201/523/131 203/524/131
f 211/525/132 209/526/132 208/527/132
f 211/525/132 208/527/132 210/528/132
f 214/529/133 212/530/133 213/531/133
f 214/529/133 213/531/133 215/532/133
f 208/533/134 209/534/134 213/535/134
f 208/533/134 213/535/134 212/536/134
f 210/537/135 208/538/135 212/539/135
f 210/537/135 212/539/135 214/540/135
f 215/541/136 213/542/136 209/543/136
f 215/541/136 209/543/136 211/544/136
usemtl common_thingies
f 219/545/137 217/546/137 216/547/137
f 219/545/137 216/547/137 218/548/137
f 222/549/138 220/550/138 221/551/138
f 222/549/138 221/551/138 223/552/138
f 216/553/139 217/554/139 221/555/139
f 216/553/139 221/555/139 220/556/139
f 219/557/140 218/558/140 222/559/140
f 219/557/140 222/559/140 223/560/140
f 218/561/141 216/562/141 220/563/141
f 218/561/141 220/563/141 222/564/141
f 223/565/142 221/566/142 217/567/142
f 223/565/142 217/567/142 219/568/142
usemtl fuel_station
f 227/569/143 225/570/143 224/571/143
f 227/569/143 224/571/143 226/572/143
f 230/573/144 228/574/144 229/575/144
f 230/573/144 229/575/144 231/576/144
f 226/577/145 224/578/145 228/579/145
f 226/577/145 228/579/145 230/580/145
f 231/581/146 229/582/146 225/583/146
f 231/581/146 225/583/146 227/584/146
f 235/585/147 233/586/147 232/587/147
f 235/585/147 232/587/147 234/588/147
f 238/589/148 236/590/148 237/591/148
f 238/589/148 237/591/148 239/592/148
f 234/593/149 232/594/149 236/595/149
f 234/593/149 236/595/149 238/596/149
f 239/597/150 237/598/150 233/599/150
f 239/597/150 233/599/150 235/600/150
usemtl heavy_inserter
f 243/601/151 241/602/151 240/603/151
f 243/601/151 240/603/151 242/604/151
f 246/605/152 244/606/152 245/607/152
f 246/605/152 245/607/152 247/608/152
f 240/609/153 241/610/153 245/611/153
f 240/609/153 245/611/153 244/612/153
f 242/613/154 240/614/154 244/615/154
f 242/613/154 244/615/154 246/616/154
f 247/617/155 245/618/155 241/619/155
f 247/617/155 241/619/155 243/620/155
usemtl common_cable_and_pipe
f 248/621/156 249/622/156 251/623/156
f 248/621/156 251/623/156 250/624/156
f 253/625/157 252/626/157 254/627/157
f 253/625/157 254/627/157 255/628/157
f 253/629/158 249/630/158 248/631/158
f 253/629/158 248/631/158 252/632/158
f 252/633/159 248/634/159 250/635/159
f 252/633/159 250/635/159 254/636/159
f 378/637/160 377/638/160 256/639/160
f 378/637/160 256/639/160 257/640/160
f 259/641/161 258/642/161 379/643/161
f 259/641/161 379/643/161 380/644/161
f 256/645/162 377/646/162 379/647/162
f 256/645/162 379/647/162 258/648/162
f 378/649/163 257/650/163 259/651/163
f 378/649/163 259/651/163 380/652/163
f 261/653/164 260/654/164 381/655/164
f 261/653/164 381/655/164 382/656/164
f 384/657/165 383/658/165 262/659/165
f 384/657/165 262/659/165 263/660/165
f 381/661/166 260/662/166 262/663/166
f 381/661/166 262/663/166 383/664/166
f 261/665/167 382/666/167 384/667/167
f 261/665/167 384/667/167 263/668/167
f 386/669/168 385/670/168 264/671/168
f 386/669/168 264/671/168 265/672/168
f 267/673/169 266/674/169 387/675/169
f 267/673/169 387/675/169 388/676/169
f 264/677/170 385/678/170 387/679/170
f 264/677/170 387/679/170 266/680/170
f 265/681/171 264/682/171 266/683/171
f 265/681/171 266/683/171 267/684/171
f 390/685/172 389/686/172 268/687/172
f 390/685/172 268/687/172 269/688/172
f 271/689/173 270/690/173 391/691/173
f 271/689/173 391/691/173 392/692/173
f 268/693/174 389/694/174 391/695/174
f 268/693/174 391/695/174 270/696/174
f 390/697/175 269/698/175 271/699/175
f 390/697/175 271/699/175 392/700/175
f 394/701/176 273/702/176 272/703/176
f 394/701/176 272/703/176 393/704/176
f 395/705/177 274/706/177 275/707/177
f 395/705/177 275/707/177 396/708/177
f 272/709/178 273/710/178 275/711/178
f 272/709/178 275/711/178 274/712/178
f 393/713/179 272/714/179 274/715/179
f 393/713/179 274/715/179 395/716/179
f 277/717/180 276/718/180 397/719/180
f 277/717/180 397/719/180 398/720/180
f 400/721/181 399/722/181 278/723/181
f 400/721/181 278/723/181 279/724/181
f 397/725/182 276/726/182 278/727/182
f 397/725/182 278/727/182 399/728/182
f 277/729/183 398/730/183 400/731/183
f 277/729/183 400/731/183 279/732/183
f 280/733/184 281/734/184 283/735/184
f 280/733/184 283/735/184 282/736/184
f 285/737/185 284/738/185 286/739/185
f 285/737/185 286/739/185 287/740/185
f 285/741/186 281/742/186 280/743/186
f 285/741/186 280/743/186 284/744/186
f 284/745/187 280/746/187 282/747/187
f 284/745/187 282/747/187 286/748/187
f 402/749/188 401/750/188 288/751/188
f 402/749/188 288/751/188 289/752/188
f 291/753/189 290/754/189 403/755/189
f 291/753/189 403/755/189 404/756/189
f 288/757/190 401/758/190 403/759/190
f 288/757/190 403/759/190 290/760/190
f 402/761/191 289/762/191 291/763/191
f 402/761/191 291/763/191 404/764/191
f 293/765/192 292/766/192 405/767/192
f 293/765/192 405/767/192 406/768/192
f 408/769/193 407/770/193 294/771/193
f 408/769/193 294/771/193 295/772/193
f 405/773/194 292/774/194 294/775/194
f 405/773/194 294/775/194 407/776/194
f 293/777/195 406/778/195 408/779/195
f 293/777/195 408/779/195 295/780/195
f 410/781/196 409/782/196 296/783/196
f 410/781/196 296/783/196 297/784/196
f 299/785/197 298/786/197 411/787/197
f 299/785/197 411/787/197 412/788/197
f 296/789/198 409/790/198 411/791/198
f 296/789/198 411/791/198 298/792/198
f 297/793/199 296/794/199 298/795/199
f 297/793/199 298/795/199 299/796/199
f 414/797/200 413/798/200 300/799/200
f 414/797/200 300/799/200 301/800/200
f 303/801/201 302/802/201 415/803/201
f 303/801/201 415/803/201 416/804/201
f 300/805/202 413/806/202 415/807/202
f 300/805/202 415/807/202 302/808/202
f 414/809/203 301/810/203 303/811/203
f 414/809/203 303/811/203 416/812/203
f 418/813/204 305/814/204 304/815/204
f 418/813/204 304/815/204 417/816/204
f 419/817/205 306/818/205 307/819/205
f 419/817/205 307/819/205 420/820/205
f 304/821/206 305/822/206 307/823/206
f 304/821/206 307/823/206 306/824/206
f 417/825/207 304/826/207 306/827/207
f 417/825/207 306/827/207 419/828/207
f 424/829/208 422/830/208 421/831/208
f 424/829/208 421/831/208 423/832/208
f 426/833/209 425/834/209 308/835/209
f 426/833/209 308/835/209 309/836/209
f 421/837/210 422/838/210 308/839/210
f 421/837/210 308/839/210 425/840/210
f 424/841/211 423/842/211 426/843/211
f 424/841/211 426/843/211 309/844/211
usemtl fuel_station
f 316/845/212 314/846/212 315/847/212
f 316/845/212 315/847/212 317/848/212
f 310/849/213 311/850/213 315/851/213
f 310/849/213 315/851/213 314/852/213
f 313/853/214 312/854/214 316/855/214
f 313/853/214 316/855/214 317/856/214
f 312/857/215 310/858/215 314/859/215
f 312/857/215 314/859/215 316/860/215
f 317/861/216 315/862/216 311/863/216
f 317/861/216 311/863/216 313/864/216
f 321/865/217 319/866/217 318/867/217
f 321/865/217 318/867/217 320/868/217
f 324/869/218 322/870/218 323/871/218
f 324/869/218 323/871/218 325/872/218
f 318/873/219 319/874/219 323/875/219
f 318/873/219 323/875/219 322/876/219
f 321/877/220 320/878/220 324/879/220
f 321/877/220 324/879/220 325/880/220
f 320/881/221 318/882/221 322/883/221
f 320/881/221 322/883/221 324/884/221
f 325/885/222 323/886/222 319/887/222
f 325/885/222 319/887/222 321/888/222
usemtl common_concrete
f 329/889/223 327/890/223 326/891/223
f 329/889/223 326/891/223 328/892/223
f 331/893/224 330/894/224 1/895/224
f 331/893/224 1/895/224 332/896/224
f 328/897/225 326/898/225 330/899/225
f 328/897/225 330/899/225 331/900/225
f 332/901/226 1/902/226 327/903/226
f 332/901/226 327/903/226 329/904/226
f 334/905/227 335/906/227 337/907/227
f 334/905/227 337/907/227 430/908/227
f 429/909/228 336/910/228 335/911/228
f 429/909/228 335/911/228 334/912/228
f 333/913/229 335/914/229 336/915/229
f 333/913/229 336/915/229 427/916/229
f 428/917/230 337/918/230 335/919/230
f 428/917/230 335/919/230 333/920/230
f 342/921/231 338/922/231 340/923/231
f 342/921/231 340/923/231 434/924/231
f 338/925/232 339/926/232 431/927/232
f 338/925/232 431/927/232 340/928/232
f 339/929/233 338/930/233 341/931/233
f 339/929/233 341/931/233 432/932/233
f 338/933/234 342/934/234 433/935/234
f 338/933/234 433/935/234 341/936/234
usemtl fuel_station
f 438/937/235 436/938/235 435/939/235
f 438/937/235 435/939/235 437/940/235
f 441/941/236 439/942/236 440/943/236
f 441/941/236 440/943/236 442/944/236
f 435/945/237 436/946/237 440/947/237
f 435/945/237 440/947/237 439/948/237
f 437/949/238 435/950/238 439/951/238
f 437/949/238 439/951/238 441/952/238
f 442/953/239 440/954/239 436/955/239
f 442/953/239 436/955/239 438/956/239
f 446/957/240 444/958/240 443/959/240
f 446/957/240 443/959/240 445/960/240
f 449/961/241 447/962/241 448/963/241
f 449/961/241 448/963/241 450/964/241
f 445/965/242 443/966/242 447/967/242
f 445/965/242 447/967/242 449/968/242
f 450/969/243 448/970/243 444/971/243
f 450/969/243 444/971/243 446/972/243
f 443/973/244 444/974/244 448/975/244
f 443/973/244 448/975/244 447/976/244
f 451/977/245 452/978/245 456/979/245
f 451/977/245 456/979/245 455/980/245
f 454/981/246 453/982/246 457/983/246
f 454/981/246 457/983/246 458/984/246
f 453/985/247 451/986/247 455/987/247
f 453/985/247 455/987/247 457/988/247
f 458/989/248 456/990/248 452/991/248
f 458/989/248 452/991/248 454/992/248
f 462/993/249 460/994/249 459/995/249
f 462/993/249 459/995/249 461/996/249
f 459/997/250 460/998/250 452/999/250
f 459/997/250 452/999/250 463/1000/250
f 462/1001/251 461/1002/251 464/1003/251
f 462/1001/251 464/1003/251 454/1004/251
f 461/1005/252 459/1006/252 463/1007/252
f 461/1005/252 463/1007/252 464/1008/252
f 454/1009/253 452/1010/253 460/1011/253
f 454/1009/253 460/1011/253 462/1012/253
f 463/1013/254 465/1014/254 468/1015/254
f 463/1013/254 468/1015/254 467/1016/254
f 466/1017/255 464/1018/255 469/1019/255
f 466/1017/255 469/1019/255 470/1020/255
f 464/1021/256 463/1022/256 467/1023/256
f 464/1021/256 467/1023/256 469/1024/256
f 470/1025/257 468/1026/257 465/1027/257
f 470/1025/257 465/1027/257 466/1028/257
f 471/1029/258 472/1030/258 474/1031/258
f 471/1029/258 474/1031/258 473/1032/258
f 456/1033/259 472/1034/259 471/1035/259
f 456/1033/259 471/1035/259 467/1036/259
f 469/1037/260 473/1038/260 474/1039/260
f 469/1037/260 474/1039/260 458/1040/260
f 467/1041/261 471/1042/261 473/1043/261
f 467/1041/261 473/1043/261 469/1044/261
f 472/1045/262 456/1046/262 458/1047/262
f 472/1045/262 458/1047/262 474/1048/262
f 478/1049/263 476/1050/263 475/1051/263
f 478/1049/263 475/1051/263 477/1052/263
f 481/1053/264 479/1054/264 480/1055/264
f 481/1053/264 480/1055/264 482/1056/264
f 475/1057/265 476/1058/265 480/1059/265
f 475/1057/265 480/1059/265 479/1060/265
f 478/1061/266 477/1062/266 481/1063/266
f 478/1061/266 481/1063/266 482/1064/266
f 484/1065/267 483/1066/267 476/1067/267
f 484/1065/267 476/1067/267 478/1068/267
f 487/1069/268 485/1070/268 486/1071/268
f 487/1069/268 486/1071/268 488/1072/268
f 476/1073/269 483/1074/269 486/1075/269
f 476/1073/269 486/1075/269 485/1076/269
f 484/1077/270 478/1078/270 487/1079/270
f 484/1077/270 487/1079/270 488/1080/270
f 482/1081/271 480/1082/271 489/1083/271
f 482/1081/271 489/1083/271 490/1084/271
f 493/1085/272 491/1086/272 492/1087/272
f 493/1085/272 492/1087/272 494/1088/272
f 489/1089/273 480/1090/273 492/1091/273
f 489/1089/273 492/1091/273 491/1092/273
f 482/1093/274 490/1094/274 493/1095/274
f 482/1093/274 493/1095/274 494/1096/274
f 496/1097/275 495/1098/275 485/1099/275
f 496/1097/275 485/1099/275 487/1100/275
f 494/1101/276 492/1102/276 497/1103/276
f 494/1101/276 497/1103/276 498/1104/276
f 485/1105/277 495/1106/277 497/1107/277
f 485/1105/277 497/1107/277 492/1108/277
f 496/1109/278 487/1110/278 494/1111/278
f 496/1109/278 494/1111/278 498/1112/278
usemtl common_thingies
f 499/1113/279 500/1114/279 501/1115/279
f 499/1113/279 501/1115/279 502/1116/279
f 503/1117/280 505/1118/280 506/1119/280
f 503/1117/280 506/1119/280 504/1120/280
f 499/1121/281 502/1122/281 503/1123/281
f 499/1121/281 503/1123/281 504/1124/281
f 502/1125/282 501/1126/282 505/1127/282
f 502/1125/282 505/1127/282 503/1128/282
f 504/1129/283 506/1130/283 500/1131/283
f 504/1129/283 500/1131/283 499/1132/283
o inserter
v -0.8125 1.4375 -0.8125
v -0.8125 1.4375 -1.1875
v -0.8125 1.25 -0.8125
v -0.8125 1.25 -1.1875
v -1.1875 1.4375 -0.8125
v -1.1875 1.4375 -1.1875
v -1.1875 1.25 -0.8125
v -1.1875 1.25 -1.1875
v -1.125 1.75 -0.8125
v -1.125 1.75 -1.1875
v -1.125 1.4375 -0.8125
v -1.125 1.4375 -1.1875
v -1.1875 1.75 -0.8125
v -1.1875 1.75 -1.1875
v -0.8125 1.75 -0.8125
v -0.8125 1.75 -1.1875
v -0.875 1.75 -0.8125
v -0.875 1.75 -1.1875
v -0.875 1.4375 -0.8125
v -0.875 1.4375 -1.1875
vt 0.6875 0.65625
vt 0.6875 0.75
vt 0.5 0.75
vt 0.5 0.65625
vt 0.6875 0.65625
vt 0.6875 0.75
vt 0.5 0.75
vt 0.5 0.65625
vt 0.90625 0.625
vt 0.90625 0.8125
vt 0.71875 0.8125
vt 0.71875 0.625
vt 0.6875 0.65625
vt 0.6875 0.75
vt 0.5 0.75
vt 0.5 0.65625
vt 0.6875 0.65625
vt 0.6875 0.75
vt 0.5 0.75
vt 0.5 0.65625
vt 0.4375 0.34375
vt 0.4375 0.5
vt 0.25 0.5
vt 0.25 0.34375
vt 0.4375 0.34375
vt 0.4375 0.5
vt 0.25 0.5
vt 0.25 0.34375
vt 0.25 0.46875
vt 0.4375 0.46875
vt 0.4375 0.5
vt 0.25 0.5
vt 0.28125 0.34375
vt 0.28125 0.5
vt 0.25 0.5
vt 0.25 0.34375
vt 0.28125 0.34375
vt 0.28125 0.5
vt 0.25 0.5
vt 0.25 0.34375
vt 0.4375 0.34375
vt 0.4375 0.5
vt 0.25 0.5
vt 0.25 0.34375
vt 0.4375 0.34375
vt 0.4375 0.5
vt 0.25 0.5
vt 0.25 0.34375
vt 0.25 0.46875
vt 0.4375 0.46875
vt 0.4375 0.5
vt 0.25 0.5
vt 0.28125 0.34375
vt 0.28125 0.5
vt 0.25 0.5
vt 0.25 0.34375
vt 0.28125 0.34375
vt 0.28125 0.5
vt 0.25 0.5
vt 0.25 0.34375
vn 1 0 0
vn -1 0 0
vn 0 1 0
vn 0 0 1
vn 0 0 -1
vn 1 0 0
vn -1 0 0
vn 0 1 0
vn 0 0 1
vn 0 0 -1
vn 1 0 0
vn -1 0 0
vn 0 1 0
vn 0 0 1
vn 0 0 -1
usemtl heavy_inserter
f 510/1133/284 508/1134/284 507/1135/284
f 510/1133/284 507/1135/284 509/1136/284
f 513/1137/285 511/1138/285 512/1139/285
f 513/1137/285 512/1139/285 514/1140/285
f 507/1141/286 508/1142/286 512/1143/286
f 507/1141/286 512/1143/286 511/1144/286
f 509/1145/287 507/1146/287 511/1147/287
f 509/1145/287 511/1147/287 513/1148/287
f 514/1149/288 512/1150/288 508/1151/288
f 514/1149/288 508/1151/288 510/1152/288
f 518/1153/289 516/1154/289 515/1155/289
f 518/1153/289 515/1155/289 517/1156/289
f 511/1157/290 519/1158/290 520/1159/290
f 511/1157/290 520/1159/290 512/1160/290
f 515/1161/291 516/1162/291 520/1163/291
f 515/1161/291 520/1163/291 519/1164/291
f 517/1165/292 515/1166/292 519/1167/292
f 517/1165/292 519/1167/292 511/1168/292
f 512/1169/293 520/1170/293 516/1171/293
f 512/1169/293 516/1171/293 518/1172/293
f 508/1173/294 522/1174/294 521/1175/294
f 508/1173/294 521/1175/294 507/1176/294
f 525/1177/295 523/1178/295 524/1179/295
f 525/1177/295 524/1179/295 526/1180/295
f 521/1181/296 522/1182/296 524/1183/296
f 521/1181/296 524/1183/296 523/1184/296
f 507/1185/297 521/1186/297 523/1187/297
f 507/1185/297 523/1187/297 525/1188/297
f 526/1189/298 524/1190/298 522/1191/298
f 526/1189/298 522/1191/298 508/1192/298
o lower
v -0.5625 1.6495974127515796 -0.9810457059918114
v -0.5625 1.5824349617082267 -1.0864696367184221
v -0.5625 1.5441734820249688 -0.9138832549484583
v -0.5625 1.477011030981616 -1.019307185675069
v -1.4375 1.6495974127515796 -0.9810457059918114
v -1.4375 1.5824349617082267 -1.0864696367184221
v -1.4375 1.5441734820249688 -0.9138832549484583
v -1.4375 1.477011030981616 -1.019307185675069
v -0.625 1.956303835010597 -1.1393864636793791
v -0.625 1.8555601584455672 -1.2975223597692955
v -0.625 1.5346081121041542 -0.8707366595059671
v -0.625 1.4338644355391243 -1.0288725555958835
v -0.8125 1.956303835010597 -1.1393864636793791
v -0.8125 1.8555601584455672 -1.2975223597692955
v -0.8125 1.5346081121041542 -0.8707366595059671
v -0.8125 1.4338644355391243 -1.0288725555958835
v -0.6562500000000004 2.44027689320116 -1.4847640888169589
v -0.6562500000000004 2.373114442157807 -1.5901880195435694
v -0.6562500000000004 1.9131572395681065 -1.1489518336001938
v -0.6562500000000004 1.8459947885247534 -1.2543757643268045
v -0.7812500000000004 2.44027689320116 -1.4847640888169589
v -0.7812500000000004 2.373114442157807 -1.5901880195435694
v -0.7812500000000004 1.9131572395681065 -1.1489518336001938
v -0.7812500000000004 1.8459947885247534 -1.2543757643268045
v -0.5625 1.9131572395681065 -1.1489518336001938
v -0.5625 1.8459947885247534 -1.2543757643268045
v -0.5625 1.8077333088414957 -1.0817893825568408
v -0.5625 1.7405708577981427 -1.1872133132834515
v -1.4375 1.9131572395681065 -1.1489518336001938
v -1.4375 1.8459947885247534 -1.2543757643268045
v -1.4375 1.8077333088414957 -1.0817893825568408
v -1.4375 1.7405708577981427 -1.1872133132834515
v -1.1875 1.956303835010597 -1.1393864636793791
v -1.1875 1.8555601584455672 -1.2975223597692955
v -1.1875 1.5346081121041542 -0.8707366595059671
v -1.1875 1.4338644355391243 -1.0288725555958835
v -1.375 1.956303835010597 -1.1393864636793791
v -1.375 1.8555601584455672 -1.2975223597692955
v -1.375 1.5346081121041542 -0.8707366595059671
v -1.375 1.4338644355391243 -1.0288725555958835
v -1.2187500000000004 2.44027689320116 -1.4847640888169589
v -1.2187500000000004 2.373114442157807 -1.5901880195435694
v -1.2187500000000004 1.9131572395681065 -1.1489518336001938
v -1.2187500000000004 1.8459947885247534 -1.2543757643268045
v -1.34375 2.44027689320116 -1.4847640888169589
v -1.3437500000000004 2.373114442157807 -1.5901880195435694
v -1.3437500000000004 1.9131572395681065 -1.1489518336001938
v -1.3437500000000004 1.8459947885247534 -1.2543757643268045
v -1.0937499999999996 2.368434187996226 -1.3648896724103003
v -1.0937499999999996 2.3348529624745495 -1.4176016377736058
v -1.0937499999999996 2.263010257269615 -1.2977272213669475
v -1.0937499999999996 2.2294290317479386 -1.3504391867302528
v -1.4687499999999996 2.368434187996226 -1.3648896724103003
v -1.4687499999999996 2.3348529624745495 -1.4176016377736058
v -1.4687499999999996 2.263010257269615 -1.2977272213669475
v -1.4687499999999996 2.2294290317479386 -1.3504391867302528
v -1.0937499999999996 2.402015413517902 -1.3121777070469949
v -1.0937499999999996 1.9803196906114593 -1.043527902873583
v -1.0937499999999996 1.946738465089783 -1.0962398682368883
v -1.4687499999999996 2.402015413517902 -1.3121777070469949
v -1.4687499999999996 1.9803196906114593 -1.043527902873583
v -1.4687499999999996 1.946738465089783 -1.0962398682368883
v -1.1562499999999996 2.393427066748935 -1.2326007612663485
v -1.1562499999999996 2.359845841227258 -1.285312726629654
v -1.1562499999999996 2.2352911706590186 -1.131857084701319
v -1.1562499999999996 2.201709945137342 -1.1845690500646244
v -1.4062499999999996 2.393427066748935 -1.2326007612663485
v -1.4062499999999996 2.359845841227258 -1.285312726629654
v -1.4062499999999996 2.2352911706590186 -1.131857084701319
v -1.4062499999999996 2.201709945137342 -1.1845690500646244
v -1.1562499999999996 2.2089351879773664 -1.115066471940481
v -1.1562499999999996 2.1753539624556897 -1.1677784373037865
v -1.1562499999999996 2.0507992918874502 -1.0143227953754517
v -1.1562499999999996 2.0172180663657735 -1.067034760738757
v -1.4062499999999996 2.2089351879773664 -1.115066471940481
v -1.4062499999999996 2.1753539624556897 -1.1677784373037865
v -1.4062499999999996 2.0507992918874502 -1.0143227953754517
v -1.4062499999999996 2.0172180663657735 -1.067034760738757
v -1.1562499999999996 2.4547273788812074 -1.3457589325686716
v -1.1562499999999996 2.387564927837855 -1.4511828632952821
v -1.1562499999999996 2.402015413517902 -1.3121777070469949
v -1.1562499999999996 2.3348529624745495 -1.4176016377736058
v -1.4062499999999996 2.4547273788812074 -1.3457589325686716
v -1.4062499999999996 2.387564927837855 -1.4511828632952821
v -1.4062499999999996 2.402015413517902 -1.3121777070469949
v -1.4062499999999996 2.3348529624745495 -1.4176016377736058
v -1.2187499999999998 2.5601513096078183 -1.4129213836120245
v -1.2187499999999998 2.4929888585644653 -1.5183453143386352
v -1.2187499999999998 2.4547273788812074 -1.3457589325686716
v -1.2187499999999998 2.387564927837855 -1.4511828632952821
v -1.3437499999999996 2.507439344244513 -1.379340158090348
v -1.3437499999999996 2.4547273788812074 -1.3457589325686716
v -1.3437499999999996 2.387564927837855 -1.4511828632952821
v -0.84375 2.5601513096078183 -1.4129213836120245
v -0.84375 2.4929888585644653 -1.5183453143386352
v -0.84375 2.4547273788812074 -1.3457589325686716
v -0.84375 2.387564927837855 -1.4511828632952821
v -0.5937499999999996 2.6464445004928003 -1.3937906437703957
v -0.5937499999999996 2.545700823927771 -1.5519265398603117
v -0.5937499999999996 2.435596639039579 -1.2594657416836896
v -0.5937499999999996 2.3348529624745495 -1.4176016377736058
v -0.8437499999999996 2.6464445004928003 -1.3937906437703957
v -0.8437499999999996 2.545700823927771 -1.5519265398603117
v -0.8437499999999996 2.435596639039579 -1.2594657416836896
v -0.8437499999999996 2.3348529624745495 -1.4176016377736058
v -0.6562499999999996 2.4020154135179026 -1.3121777070469953
v -0.7812499999999996 2.4020154135179026 -1.3121777070469953
v -0.6562499999999996 2.3348529624745495 -1.4176016377736058
v -0.7812499999999996 2.3348529624745495 -1.4176016377736058
v -0.6562499999999996 2.263010257269616 -1.297727221366948
v -0.7812499999999996 2.263010257269616 -1.297727221366948
v -0.6562499999999996 2.229429031747939 -1.350439186730253
v -0.7812499999999996 2.229429031747939 -1.350439186730253
v -0.6874999999999996 2.6884523029175584 -1.3320351287248395
v -0.6874999999999996 2.5860582973814337 -1.4037321832687204
v -0.6874999999999996 2.652603775645618 -1.2808381259567776
v -0.6874999999999996 2.5502097701094937 -1.3525351805006585
v -0.7499999999999996 2.6884523029175584 -1.3320351287248395
v -0.7499999999999996 2.5860582973814337 -1.4037321832687204
v -0.7499999999999996 2.652603775645618 -1.2808381259567776
v -0.7499999999999996 2.5502097701094937 -1.3525351805006585
v -0.6874999999999996 2.53536336334079 -1.2061477459125631
v -0.6874999999999996 2.513657341132424 -1.3292487150390893
v -0.6874999999999996 2.4738128787775273 -1.19529473480838
v -0.6874999999999996 2.452106856569161 -1.3183957039349061
v -0.7499999999999996 2.53536336334079 -1.2061477459125631
v -0.7499999999999996 2.513657341132424 -1.3292487150390893
v -0.7499999999999996 2.4738128787775273 -1.19529473480838
v -0.7499999999999996 2.452106856569161 -1.3183957039349061
vt 0.46875 0
vt 0.46875 0.0625
vt 0.53125 0.0625
vt 0.53125 0
vt 0.53125 0
vt 0.53125 0.0625
vt 0.46875 0.0625
vt 0.46875 0
vt 0.4375 0
vt 0.4375 0.0625
vt 0 0.0625
vt 0 0
vt 0.4375 0
vt 0.4375 0.0625
vt 0 0.0625
vt 0 0
vt 0.4375 0.0625
vt 0.4375 0
vt 0 0
vt 0 0.0625
vt 0.4375 0
vt 0.4375 0.0625
vt 0 0.0625
vt 0 0
vt 0.1875 0.5
vt 0.1875 0.75
vt 0.2812500000000003 0.75
vt 0.2812500000000003 0.5
vt 0.1875 0.5
vt 0.1875 0.75
vt 0.2812500000000003 0.75
vt 0.2812500000000003 0.5
vt 0.375 0.6562499999999998
vt 0.375 0.75
vt 0.28125 0.75
vt 0.28125 0.6562499999999998
vt 0.28125 0.6562499999999998
vt 0.28125 0.75
vt 0.375 0.75
vt 0.375 0.6562499999999998
vt 0.28125 0.5
vt 0.28125 0.75
vt 0.1875 0.75
vt 0.1875 0.5
vt 0.28125 0.5
vt 0.28125 0.75
vt 0.1875 0.75
vt 0.1875 0.5
vt 0.9375 0.53125
vt 0.9375 0.84375
vt 1 0.84375
vt 1 0.53125
vt 0.9375 0.53125
vt 0.9375 0.84375
vt 1 0.84375
vt 1 0.53125
vt 1 0.53125
vt 1 0.84375
vt 0.9375 0.84375
vt 0.9375 0.53125
vt 1 0.53125
vt 1 0.84375
vt 0.9375 0.84375
vt 0.9375 0.53125
vt 1 0.9375
vt 1 1
vt 0.9375 1
vt 0.9375 0.9375
vt 0.46875 0
vt 0.46875 0.0625
vt 0.53125 0.0625
vt 0.53125 0
vt 0.53125 0
vt 0.53125 0.0625
vt 0.46875 0.0625
vt 0.46875 0
vt 0.4375 0
vt 0.4375 0.0625
vt 0 0.0625
vt 0 0
vt 0.4375 0
vt 0.4375 0.0625
vt 0 0.0625
vt 0 0
vt 0.4375 0.0625
vt 0.4375 0
vt 0 0
vt 0 0.0625
vt 0.4375 0
vt 0.4375 0.0625
vt 0 0.0625
vt 0 0
vt 0.1875 0.5
vt 0.1875 0.75
vt 0.2812500000000003 0.75
vt 0.2812500000000003 0.5
vt 0.1875 0.5
vt 0.1875 0.75
vt 0.2812500000000003 0.75
vt 0.2812500000000003 0.5
vt 0.375 0.6562499999999998
vt 0.375 0.75
vt 0.28125 0.75
vt 0.28125 0.6562499999999998
vt 0.28125 0.6562499999999998
vt 0.28125 0.75
vt 0.375 0.75
vt 0.375 0.6562499999999998
vt 0.28125 0.5
vt 0.28125 0.75
vt 0.1875 0.75
vt 0.1875 0.5
vt 0.28125 0.5
vt 0.28125 0.75
vt 0.1875 0.75
vt 0.1875 0.5
vt 0.9375 0.53125
vt 0.9375 0.84375
vt 1 0.84375
vt 1 0.53125
vt 0.9375 0.53125
vt 0.9375 0.84375
vt 1 0.84375
vt 1 0.53125
vt 1 0.53125
vt 1 0.84375
vt 0.9375 0.84375
vt 0.9375 0.53125
vt 1 0.53125
vt 1 0.84375
vt 0.9375 0.84375
vt 0.9375 0.53125
vt 1 0.9375
vt 1 1
vt 0.9375 1
vt 0.9375 0.9375
vt 0.0625 0.4375
vt 0.0625 0.5
vt 0.03125 0.5
vt 0.03125 0.4375
vt 0.0625 0.4375
vt 0.0625 0.5
vt 0.03125 0.5
vt 0.03125 0.4375
vt 0.21875 0.46875
vt 0.21875 0.5
vt 0.03125 0.5
vt 0.03125 0.46875
vt 0.21875 0.46875
vt 0.21875 0.5
vt 0.03125 0.5
vt 0.03125 0.46875
vt 0.21875 0.4375
vt 0.21875 0.5
vt 0.03125 0.5
vt 0.03125 0.4375
vt 0.03125 0.5
vt 0.03125 0.75
vt 0 0.75
vt 0 0.5
vt 0.03125 0.5
vt 0.03125 0.75
vt 0 0.75
vt 0 0.5
vt 0.1875 0.71875
vt 0.1875 0.75
vt 0 0.75
vt 0 0.71875
vt 0.1875 0.71875
vt 0.1875 0.75
vt 0 0.75
vt 0 0.71875
vt 0.1875 0.5
vt 0.1875 0.75
vt 0 0.75
vt 0 0.5
vt 0.1875 0.5
vt 0.1875 0.75
vt 0 0.75
vt 0 0.5
vt 0.4375 0.5625
vt 0.4375 0.65625
vt 0.40625 0.65625
vt 0.40625 0.5625
vt 0.4375 0.5625
vt 0.4375 0.65625
vt 0.40625 0.65625
vt 0.40625 0.5625
vt 0.53125 0.625
vt 0.53125 0.65625
vt 0.40625 0.65625
vt 0.40625 0.625
vt 0.53125 0.625
vt 0.53125 0.65625
vt 0.40625 0.65625
vt 0.40625 0.625
vt 0.53125 0.5625
vt 0.53125 0.65625
vt 0.40625 0.65625
vt 0.40625 0.5625
vt 0.4375 0.5625
vt 0.4375 0.65625
vt 0.40625 0.65625
vt 0.40625 0.5625
vt 0.4375 0.5625
vt 0.4375 0.65625
vt 0.40625 0.65625
vt 0.40625 0.5625
vt 0.53125 0.625
vt 0.53125 0.65625
vt 0.40625 0.65625
vt 0.40625 0.625
vt 0.53125 0.625
vt 0.53125 0.65625
vt 0.40625 0.65625
vt 0.40625 0.625
vt 0.53125 0.5625
vt 0.53125 0.65625
vt 0.40625 0.65625
vt 0.40625 0.5625
vt 0.8125 0.75
vt 0.8125 0.78125
vt 0.75 0.78125
vt 0.75 0.75
vt 0.8125 0.75
vt 0.8125 0.78125
vt 0.75 0.78125
vt 0.75 0.75
vt 0.875 0.71875
vt 0.875 0.78125
vt 0.75 0.78125
vt 0.75 0.71875
vt 0.875 0.75
vt 0.875 0.78125
vt 0.75 0.78125
vt 0.75 0.75
vt 0.875 0.75
vt 0.875 0.78125
vt 0.75 0.78125
vt 0.75 0.75
vt 0.125 0.875
vt 0.125 0.9375
vt 0 0.9375
vt 0 0.875
vt 0.125 0.9999999999999992
vt 0 0.9999999999999992
vt 0 0.8602437499999992
vt 0.125 0.8602437499999992
vt 1 0.5
vt 1 0.625
vt 0.875 0.5625
vt 0.875 0.5
vt 0.75 0
vt 0.75 0.0625
vt 0.875 0.125
vt 0.875 0
vt 0.6874999999999998 0.9999999999999998
vt 0.5624999999999998 0.9999999999999998
vt 0.5624999999999998 0.6250000000000002
vt 0.6874999999999998 0.6250000000000002
vt 0.6874999999999998 0.9999999999999998
vt 0.5624999999999998 0.9999999999999998
vt 0.5624999999999998 0.6250000000000002
vt 0.6874999999999998 0.6250000000000002
vt 0.5624999999999998 0.9999999999999998
vt 0.6874999999999998 0.9999999999999998
vt 0.6874999999999998 0.6250000000000002
vt 0.5624999999999998 0.6250000000000002
vt 0.5624999999999998 0.6250000000000002
vt 0.6874999999999998 0.6250000000000002
vt 0.6874999999999998 0.9999999999999998
vt 0.5624999999999998 0.9999999999999998
vt 0.5 0.75
vt 0.375 0.75
vt 0.375 0.65625
vt 0.5 0.65625
vt 0.5 0.75
vt 0.375 0.75
vt 0.375 0.65625
vt 0.5 0.65625
vt 0.5 0.65625
vt 0.5 0.75
vt 0.375 0.75
vt 0.375 0.65625
vt 0.5 0.65625
vt 0.5 0.75
vt 0.375 0.75
vt 0.375 0.65625
vt 0.40625 0.53125
vt 0.40625 0.65625
vt 0.28125 0.65625
vt 0.28125 0.53125
vt 0.40625 0.53125
vt 0.40625 0.65625
vt 0.28125 0.65625
vt 0.28125 0.53125
vt 0.125 0.875
vt 0.125 0.9375
vt 0 0.9375
vt 0 0.875
vt 0.125 0.9999999999999992
vt 0 0.9999999999999992
vt 0 0.8602437499999992
vt 0.125 0.8602437499999992
vt 1 0.5
vt 1 0.625
vt 0.875 0.5625
vt 0.875 0.5
vt 0.75 0
vt 0.75 0.0625
vt 0.875 0.125
vt 0.875 0
vt 0.6875 0.625
vt 0.65625 0.625
vt 0.65625 0.53125
vt 0.6875 0.53125
vt 0.6875 0.625
vt 0.65625 0.625
vt 0.65625 0.53125
vt 0.6875 0.53125
vt 0.6875 0.53125
vt 0.6875 0.625
vt 0.65625 0.625
vt 0.65625 0.53125
vt 0.6875 0.53125
vt 0.6875 0.625
vt 0.65625 0.625
vt 0.65625 0.53125
vt 0.6875 0.59375
vt 0.6875 0.625
vt 0.65625 0.625
vt 0.65625 0.59375
vt 0.6875 0.625
vt 0.65625 0.625
vt 0.65625 0.53125
vt 0.6875 0.53125
vt 0.6875 0.625
vt 0.65625 0.625
vt 0.65625 0.53125
vt 0.6875 0.53125
vt 0.6875 0.53125
vt 0.6875 0.625
vt 0.65625 0.625
vt 0.65625 0.53125
vt 0.6875 0.53125
vt 0.6875 0.625
vt 0.65625 0.625
vt 0.65625 0.53125
vt 0.6875 0.59375
vt 0.6875 0.625
vt 0.65625 0.625
vt 0.65625 0.59375
vn 1 0 0
vn -1 0 0
vn 0 0.8433914458128857 -0.5372996083468239
vn 0 -0.8433914458128857 0.5372996083468239
vn 0 0.5372996083468239 0.8433914458128857
vn 0 -0.5372996083468239 -0.8433914458128857
vn 1 0 0
vn -1 0 0
vn 0 0.8433914458128857 -0.5372996083468239
vn 0 -0.8433914458128857 0.5372996083468239
vn 0 0.5372996083468239 0.8433914458128857
vn 0 -0.5372996083468239 -0.8433914458128857
vn 1 0 0
vn -1 0 0
vn 0 0.5372996083468239 0.8433914458128857
vn 0 -0.5372996083468239 -0.8433914458128857
vn 0 0.8433914458128857 -0.5372996083468239
vn 1 0 0
vn -1 0 0
vn 0 0.8433914458128857 -0.5372996083468239
vn 0 -0.8433914458128857 0.5372996083468239
vn 0 0.5372996083468239 0.8433914458128857
vn 0 -0.5372996083468239 -0.8433914458128857
vn 1 0 0
vn -1 0 0
vn 0 0.8433914458128857 -0.5372996083468239
vn 0 -0.8433914458128857 0.5372996083468239
vn 0 0.5372996083468239 0.8433914458128857
vn 0 -0.5372996083468239 -0.8433914458128857
vn 1 0 0
vn -1 2.5081373334124674e-15 2.614553992485188e-15
vn 0 0.5372996083468239 0.8433914458128857
vn 0 -0.5372996083468239 -0.8433914458128857
vn 0 0.8433914458128857 -0.5372996083468239
vn 1 0 0
vn -1 0 0
vn 0 0.8433914458128857 -0.5372996083468239
vn 0 -0.8433914458128857 0.5372996083468239
vn 0 -0.5372996083468239 -0.8433914458128857
vn 1 0 0
vn -1 0 0
vn 0 0.8433914458128857 -0.5372996083468239
vn 0 -0.8433914458128857 0.5372996083468239
vn 0 0.5372996083468239 0.8433914458128857
vn 0 -0.5372996083468239 -0.8433914458128857
vn 1 0 0
vn -1 0 0
vn 0 0.8433914458128857 -0.5372996083468239
vn 0 -0.8433914458128857 0.5372996083468239
vn 0 0.5372996083468239 0.8433914458128857
vn 1 0 0
vn -1 0 0
vn 0 0.8433914458128857 -0.5372996083468239
vn 0 -0.8433914458128857 0.5372996083468239
vn 0 0.5372996083468239 0.8433914458128857
vn 1 0 0
vn -1 0 0
vn 0 0.8433914458128857 -0.5372996083468239
vn 0 0.5372996083468239 0.8433914458128857
vn 0 -0.5372996083468239 -0.8433914458128857
vn -1 1.908871668187913e-15 2.9963283261227706e-15
vn -0.4472135954999573 0.7543522417917774 -0.4805753794190048
vn 0 0.5372996083468239 0.8433914458128857
vn 0 -0.5372996083468239 -0.8433914458128857
vn 0 0.8433914458128857 -0.5372996083468239
vn 0 -0.8433914458128857 0.5372996083468239
vn 0 0.5372996083468239 0.8433914458128857
vn 0 -0.5372996083468239 -0.8433914458128857
vn 1 0 0
vn -1 0 0
vn 0 0.8433914458128857 -0.5372996083468239
vn 0 -0.8433914458128857 0.5372996083468239
vn 0 0.5372996083468239 0.8433914458128857
vn 0 -0.5372996083468239 -0.8433914458128857
vn 0 -0.843391445812882 0.5372996083468299
vn 0 0.10339925852311466 0.9946399315012797
vn 1 0 0
vn -1 0 0
vn 1 0 0
vn -1 0 0
vn 0 0.5735764363510449 -0.8191520442889926
vn 0 -0.5735764363510449 0.8191520442889926
vn 0 0.8191520442889919 0.573576436351046
vn 1 0 0
vn -1 0 0
vn 0 0.9848077530122084 -0.17364817766692903
vn 0 -0.9848077530122084 0.17364817766692903
vn 0 0.1736481776669303 0.9848077530122081
usemtl heavy_inserter
f 530/1193/299 528/1194/299 527/1195/299
f 530/1193/299 527/1195/299 529/1196/299
f 533/1197/300 531/1198/300 532/1199/300
f 533/1197/300 532/1199/300 534/1200/300
f 527/1201/301 528/1202/301 532/1203/301
f 527/1201/301 532/1203/301 531/1204/301
f 530/1205/302 529/1206/302 533/1207/302
f 530/1205/302 533/1207/302 534/1208/302
f 529/1209/303 527/1210/303 531/1211/303
f 529/1209/303 531/1211/303 533/1212/303
f 534/1213/304 532/1214/304 528/1215/304
f 534/1213/304 528/1215/304 530/1216/304
f 538/1217/305 536/1218/305 535/1219/305
f 538/1217/305 535/1219/305 537/1220/305
f 541/1221/306 539/1222/306 540/1223/306
f 541/1221/306 540/1223/306 542/1224/306
f 535/1225/307 536/1226/307 540/1227/307
f 535/1225/307 540/1227/307 539/1228/307
f 538/1229/308 537/1230/308 541/1231/308
f 538/1229/308 541/1231/308 542/1232/308
f 537/1233/309 535/1234/309 539/1235/309
f 537/1233/309 539/1235/309 541/1236/309
f 542/1237/310 540/1238/310 536/1239/310
f 542/1237/310 536/1239/310 538/1240/310
f 546/1241/311 544/1242/311 543/1243/311
f 546/1241/311 543/1243/311 545/1244/311
f 549/1245/312 547/1246/312 548/1247/312
f 549/1245/312 548/1247/312 550/1248/312
f 545/1249/313 543/1250/313 547/1251/313
f 545/1249/313 547/1251/313 549/1252/313
f 550/1253/314 548/1254/314 544/1255/314
f 550/1253/314 544/1255/314 546/1256/314
f 543/1257/315 544/1258/315 548/1259/315
f 543/1257/315 548/1259/315 547/1260/315
f 554/1261/316 552/1262/316 551/1263/316
f 554/1261/316 551/1263/316 553/1264/316
f 557/1265/317 555/1266/317 556/1267/317
f 557/1265/317 556/1267/317 558/1268/317
f 551/1269/318 552/1270/318 556/1271/318
f 551/1269/318 556/1271/318 555/1272/318
f 554/1273/319 553/1274/319 557/1275/319
f 554/1273/319 557/1275/319 558/1276/319
f 553/1277/320 551/1278/320 555/1279/320
f 553/1277/320 555/1279/320 557/1280/320
f 558/1281/321 556/1282/321 552/1283/321
f 558/1281/321 552/1283/321 554/1284/321
f 562/1285/322 560/1286/322 559/1287/322
f 562/1285/322 559/1287/322 561/1288/322
f 565/1289/323 563/1290/323 564/1291/323
f 565/1289/323 564/1291/323 566/1292/323
f 559/1293/324 560/1294/324 564/1295/324
f 559/1293/324 564/1295/324 563/1296/324
f 562/1297/325 561/1298/325 565/1299/325
f 562/1297/325 565/1299/325 566/1300/325
f 561/1301/326 559/1302/326 563/1303/326
f 561/1301/326 563/1303/326 565/1304/326
f 566/1305/327 564/1306/327 560/1307/327
f 566/1305/327 560/1307/327 562/1308/327
f 570/1309/328 568/1310/328 567/1311/328
f 570/1309/328 567/1311/328 569/1312/328
f 573/1313/329 571/1314/329 572/1315/329
f 573/1313/329 572/1315/329 574/1316/329
f 569/1317/330 567/1318/330 571/1319/330
f 569/1317/330 571/1319/330 573/1320/330
f 574/1321/331 572/1322/331 568/1323/331
f 574/1321/331 568/1323/331 570/1324/331
f 567/1325/332 568/1326/332 572/1327/332
f 567/1325/332 572/1327/332 571/1328/332
f 578/1329/333 576/1330/333 575/1331/333
f 578/1329/333 575/1331/333 577/1332/333
f 581/1333/334 579/1334/334 580/1335/334
f 581/1333/334 580/1335/334 582/1336/334
f 575/1337/335 576/1338/335 580/1339/335
f 575/1337/335 580/1339/335 579/1340/335
f 578/1341/336 577/1342/336 581/1343/336
f 578/1341/336 581/1343/336 582/1344/336
f 582/1345/337 580/1346/337 576/1347/337
f 582/1345/337 576/1347/337 578/1348/337
f 585/1349/338 575/1350/338 583/1351/338
f 585/1349/338 583/1351/338 584/1352/338
f 587/1353/339 586/1354/339 579/1355/339
f 587/1353/339 579/1355/339 588/1356/339
f 583/1357/340 575/1358/340 579/1359/340
f 583/1357/340 579/1359/340 586/1360/340
f 585/1361/341 584/1362/341 587/1363/341
f 585/1361/341 587/1363/341 588/1364/341
f 584/1365/342 583/1366/342 586/1367/342
f 584/1365/342 586/1367/342 587/1368/342
f 588/1369/343 579/1370/343 575/1371/343
f 588/1369/343 575/1371/343 585/1372/343
f 592/1373/344 590/1374/344 589/1375/344
f 592/1373/344 589/1375/344 591/1376/344
f 595/1377/345 593/1378/345 594/1379/345
f 595/1377/345 594/1379/345 596/1380/345
f 589/1381/346 590/1382/346 594/1383/346
f 589/1381/346 594/1383/346 593/1384/346
f 592/1385/347 591/1386/347 595/1387/347
f 592/1385/347 595/1387/347 596/1388/347
f 591/1389/348 589/1390/348 593/1391/348
f 591/1389/348 593/1391/348 595/1392/348
f 600/1393/349 598/1394/349 597/1395/349
f 600/1393/349 597/1395/349 599/1396/349
f 603/1397/350 601/1398/350 602/1399/350
f 603/1397/350 602/1399/350 604/1400/350
f 597/1401/351 598/1402/351 602/1403/351
f 597/1401/351 602/1403/351 601/1404/351
f 600/1405/352 599/1406/352 603/1407/352
f 600/1405/352 603/1407/352 604/1408/352
f 599/1409/353 597/1410/353 601/1411/353
f 599/1409/353 601/1411/353 603/1412/353
f 608/1413/354 606/1414/354 605/1415/354
f 608/1413/354 605/1415/354 607/1416/354
f 611/1417/355 609/1418/355 610/1419/355
f 611/1417/355 610/1419/355 612/1420/355
f 605/1421/356 606/1422/356 610/1423/356
f 605/1421/356 610/1423/356 609/1424/356
f 607/1425/357 605/1426/357 609/1427/357
f 607/1425/357 609/1427/357 611/1428/357
f 612/1429/358 610/1430/358 606/1431/358
f 612/1429/358 606/1431/358 608/1432/358
usemtl common_copper_cable
f 618/1433/359 617/1434/359 571/1435/359
f 618/1433/359 571/1435/359 619/1436/359
f 613/1437/360 614/1438/360 571/1439/360
f 613/1437/360 571/1439/360 617/1440/360
f 615/1441/361 613/1442/361 617/1443/361
f 615/1441/361 617/1443/361 618/1444/361
f 619/1445/362 571/1446/362 614/1447/362
f 619/1445/362 614/1447/362 616/1448/362
f 620/1449/363 621/1450/363 614/1451/363
f 620/1449/363 614/1451/363 613/1452/363
f 623/1453/364 622/1454/364 615/1455/364
f 623/1453/364 615/1455/364 616/1456/364
f 622/1457/365 620/1458/365 613/1459/365
f 622/1457/365 613/1459/365 615/1460/365
f 616/1461/366 614/1462/366 621/1463/366
f 616/1461/366 621/1463/366 623/1464/366
usemtl heavy_inserter
f 627/1465/367 625/1466/367 624/1467/367
f 627/1465/367 624/1467/367 626/1468/367
f 630/1469/368 628/1470/368 629/1471/368
f 630/1469/368 629/1471/368 631/1472/368
f 624/1473/369 625/1474/369 629/1475/369
f 624/1473/369 629/1475/369 628/1476/369
f 627/1477/370 626/1478/370 630/1479/370
f 627/1477/370 630/1479/370 631/1480/370
f 626/1481/371 624/1482/371 628/1483/371
f 626/1481/371 628/1483/371 630/1484/371
f 631/1485/372 629/1486/372 625/1487/372
f 631/1485/372 625/1487/372 627/1488/372
usemtl common_copper_cable
f 638/1489/373 636/1490/373 637/1491/373
f 638/1489/373 637/1491/373 639/1492/373
f 632/1493/374 633/1494/374 637/1495/374
f 632/1493/374 637/1495/374 636/1496/374
f 634/1497/375 632/1498/375 636/1499/375
f 634/1497/375 636/1499/375 638/1500/375
f 639/1501/376 637/1502/376 633/1503/376
f 639/1501/376 633/1503/376 635/1504/376
usemtl heavy_inserter
f 643/1505/377 641/1506/377 640/1507/377
f 643/1505/377 640/1507/377 642/1508/377
f 646/1509/378 644/1510/378 645/1511/378
f 646/1509/378 645/1511/378 647/1512/378
f 640/1513/379 641/1514/379 645/1515/379
f 640/1513/379 645/1515/379 644/1516/379
f 643/1517/380 642/1518/380 646/1519/380
f 643/1517/380 646/1519/380 647/1520/380
f 642/1521/381 640/1522/381 644/1523/381
f 642/1521/381 644/1523/381 646/1524/381
f 651/1525/382 649/1526/382 648/1527/382
f 651/1525/382 648/1527/382 650/1528/382
f 654/1529/383 652/1530/383 653/1531/383
f 654/1529/383 653/1531/383 655/1532/383
f 648/1533/384 649/1534/384 653/1535/384
f 648/1533/384 653/1535/384 652/1536/384
f 651/1537/385 650/1538/385 654/1539/385
f 651/1537/385 654/1539/385 655/1540/385
f 650/1541/386 648/1542/386 652/1543/386
f 650/1541/386 652/1543/386 654/1544/386
o upper
v -0.8437500000000004 2.1108158774841868 -2.2386891711622696
v -0.8437500000000004 1.7730207736763566 -1.8700505027572074
v -0.8437500000000004 2.5716142129905144 -1.8164452914024818
v -0.8437500000000004 2.2338191091826842 -1.4478066229974198
v -1.2187500000000004 2.1108158774841868 -2.2386891711622696
v -1.2187500000000004 1.7730207736763566 -1.8700505027572074
v -1.2187500000000004 2.5716142129905144 -1.8164452914024818
v -1.2187500000000004 2.2338191091826842 -1.4478066229974198
v -0.6562500000000004 1.9879981591309044 -2.01214544898376
v -0.6562500000000004 1.9035493831789467 -1.9199857818824941
v -0.6562500000000004 2.448796494637232 -1.589901569223972
v -0.6562500000000004 2.3643477186852744 -1.4977419021227065
v -0.7812500000000004 1.9879981591309044 -2.01214544898376
v -0.7812500000000004 1.9035493831789467 -1.9199857818824941
v -0.7812500000000004 2.448796494637232 -1.589901569223972
v -0.7812500000000004 2.3643477186852744 -1.4977419021227065
v -1.2187500000000004 2.3643477186852744 -1.4977419021227065
v -1.2187500000000004 2.448796494637232 -1.589901569223972
v -1.2187500000000004 1.7653098825270486 -2.0466589458104303
v -1.2187500000000004 1.849758658479006 -2.138818612911696
v -1.3437500000000004 2.3643477186852744 -1.4977419021227065
v -1.3437500000000004 2.448796494637232 -1.589901569223972
v -1.3437500000000004 1.7653098825270486 -2.0466589458104303
v -1.3437500000000004 1.849758658479006 -2.138818612911696
v -0.6250000000000003 1.9169506860176284 -2.1196341417110336
v -0.6250000000000003 1.7902775220896916 -1.981394641059135
v -0.6250000000000003 2.1012700202201593 -1.9507365898071185
v -0.6250000000000003 1.9745968562922227 -1.81249708915522
v -0.8125000000000003 1.9169506860176284 -2.1196341417110336
v -0.8125000000000003 1.7902775220896916 -1.981394641059135
v -0.8125000000000003 2.1012700202201593 -1.9507365898071185
v -0.8125000000000003 1.9745968562922227 -1.81249708915522
v -0.5937500000000004 1.891983046454985 -2.184898446462329
v -0.5937500000000004 1.7230854945510699 -2.0005791122597976
v -0.5937500000000004 1.9380628800056177 -2.14267405848635
v -0.5937500000000004 1.7691653281017026 -1.9583547242838188
v -0.8437500000000004 1.891983046454985 -2.184898446462329
v -0.8437500000000004 1.7230854945510699 -2.0005791122597976
v -0.8437500000000004 1.9380628800056177 -2.14267405848635
v -0.8437500000000004 1.7691653281017026 -1.9583547242838188
v -0.5937500000000004 2.1223822142081485 -1.9737765065824349
v -0.5937500000000004 1.9534846623042337 -1.7894571723799038
v -0.5937500000000004 2.1684620477587813 -1.9315521186064561
v -0.5937500000000004 1.9995644958548664 -1.747232784403925
v -0.8437500000000004 2.1223822142081485 -1.9737765065824349
v -0.8437500000000004 1.9534846623042337 -1.7894571723799038
v -0.8437500000000004 2.1684620477587813 -1.9315521186064561
v -0.8437500000000004 1.9995644958548664 -1.747232784403925
v -0.5625 1.7575989913777406 -2.2232673888636536
v -0.5625 1.6731502154257831 -2.131107721762388
v -0.5625 1.849758658479006 -2.138818612911696
v -0.5625 1.7653098825270486 -2.0466589458104303
v -1.4375 1.7575989913777406 -2.2232673888636536
v -1.4375 1.6731502154257831 -2.131107721762388
v -1.4375 1.849758658479006 -2.138818612911696
v -1.4375 1.7653098825270486 -2.0466589458104303
v -0.90625 2.298990657261372 -1.9814873977317429
v -1.15625 2.1146713230588405 -2.150384949635658
v -1.15625 2.1991200990107984 -2.2425446167369234
v -1.15625 2.3834394332133293 -2.0736470648330085
v -1.15625 2.298990657261372 -1.9814873977317429
v -0.90625 2.1991200990107984 -2.2425446167369234
v -0.90625 2.3834394332133293 -2.0736470648330085
v -0.90625 2.1146713230588405 -2.150384949635658
v -1.125 2.2643844037620933 -2.267512256299567
v -1.125 2.402623904413992 -2.1408390923716305
v -1.125 2.2221600157861148 -2.221432422748934
v -1.125 2.360399516438013 -2.094759258820998
v -0.9375 2.2643844037620933 -2.267512256299567
v -0.9375 2.402623904413992 -2.1408390923716305
v -0.9375 2.2221600157861148 -2.221432422748934
v -0.9375 2.360399516438013 -2.094759258820998
v -1.15625 2.283568874962756 -2.334704283838189
v -1.15625 2.4678882091652867 -2.165806731934274
v -1.15625 2.241344486986777 -2.288624450287556
v -1.15625 2.425663821189308 -2.1197268983836413
v -0.90625 2.283568874962756 -2.334704283838189
v -0.90625 2.4678882091652867 -2.165806731934274
v -0.90625 2.241344486986777 -2.288624450287556
v -0.90625 2.425663821189308 -2.1197268983836413
v -1.125 2.3488331797140507 -2.3596719234008323
v -1.125 2.4870726803659493 -2.232998759472896
v -1.125 2.306608791738072 -2.3135920898501996
v -1.125 2.4448482923899704 -2.1869189259222632
v -0.9375 2.3488331797140507 -2.3596719234008323
v -0.9375 2.4870726803659493 -2.232998759472896
v -0.9375 2.306608791738072 -2.3135920898501996
v -0.9375 2.4448482923899704 -2.1869189259222632
v -1.2187500000000009 2.256766269285393 -1.9354075641811102
v -1.2187500000000009 2.1646066021841275 -2.019856340133068
v -1.2187500000000009 2.1723174933334355 -1.8432478970798445
v -1.2187500000000009 2.08015782623217 -1.9276966730318021
v -1.3437500000000004 2.214541881309414 -1.8893277306304774
v -1.3437500000000004 2.1223822142081485 -1.9737765065824349
v -1.3437500000000004 2.1723174933334355 -1.8432478970798445
v -1.3437500000000004 2.08015782623217 -1.9276966730318021
v -1.2187500000000009 2.395005769937291 -1.8087344002531738
v -1.2187500000000009 2.3028461028360256 -1.8931831762051314
v -1.2187500000000009 2.3105569939853337 -1.7165747331519083
v -1.2187500000000009 2.218397326884068 -1.8010235091038658
v -1.3437500000000004 2.3527813819613126 -1.762654566702541
v -1.3437500000000004 2.260621714860047 -1.8471033426544985
v -1.3437500000000004 2.3105569939853337 -1.7165747331519083
v -1.3437500000000004 2.218397326884068 -1.8010235091038658
v -1.0312500000000002 1.8958384920296385 -2.0965942249357177
v -1.0312500000000002 1.9802872679815962 -2.188753892036983
v -1.1562500000000004 1.895838492029639 -2.0965942249357172
v -1.1562500000000004 1.9802872679815964 -2.1887538920369827
v -1.0937500000000002 1.8036788249283733 -2.1810430008876747
v -1.0937500000000002 1.888127600880331 -2.27320266798894
v -1.1562500000000004 1.8036788249283735 -2.1810430008876747
v -1.1562500000000004 1.8881276008803312 -2.27320266798894
v -1.2187500000000004 1.8881276008803312 -2.27320266798894
v -1.2187500000000004 1.8036788249283735 -2.1810430008876747
v -1.2187500000000004 1.9802872679815964 -2.1887538920369827
v -1.2187500000000004 1.895838492029639 -2.0965942249357172
v -1.3437500000000004 1.888127600880331 -2.27320266798894
v -1.3437500000000004 1.8036788249283733 -2.1810430008876747
v -1.2812500000000004 1.9802872679815964 -2.1887538920369827
v -1.2812500000000004 1.895838492029639 -2.0965942249357172
v -1.2187500000000004 1.7498881002284326 -2.3998758319168765
v -1.2187500000000004 1.6654393242764751 -2.307716164815611
v -1.34375 1.7498881002284326 -2.3998758319168765
v -1.34375 1.6654393242764751 -2.307716164815611
v -1.2187500000000002 1.6577284331271671 -2.484324607868834
v -1.2187500000000002 1.5732796571752097 -2.3921649407675685
v -1.3437499999999996 1.7038082666777998 -2.4421002198928554
v -1.3437499999999996 1.6193594907258424 -2.34994055279159
v -0.8125000000000004 1.6077931540018804 -2.614853217371424
v -0.8125000000000004 1.3544468261460079 -2.3383742160676277
v -0.8125000000000004 1.884272155305677 -2.3615068895155518
v -0.8125000000000004 1.6309258274498042 -2.085027888211755
v -1.1875000000000009 1.6077931540018804 -2.614853217371424
v -1.1875000000000009 1.3544468261460079 -2.3383742160676277
v -1.1875000000000009 1.884272155305677 -2.3615068895155518
v -1.1875000000000009 1.6309258274498042 -2.085027888211755
v -0.5937500000000004 2.341405381102054 -1.6035360378118717
v -0.5937500000000004 2.3468578045227204 -1.4786550101141396
v -0.5937500000000004 2.466286408799786 -1.608988461232539
v -0.5937500000000004 2.4717388322204528 -1.4841074335348068
v -1.4062500000000004 2.341405381102054 -1.6035360378118717
v -1.4062500000000004 2.3468578045227204 -1.4786550101141396
v -1.4062500000000004 2.466286408799786 -1.608988461232539
v -1.4062500000000004 2.4717388322204528 -1.4841074335348068
v -0.9687500000000006 2.022511655957575 -2.2348337255876154
v -0.9687500000000006 1.8536141040536602 -2.0505143913850845
v -0.9687500000000006 2.068591489508208 -2.1926093376116365
v -0.9687500000000006 1.899693937604293 -2.0082900034091056
v -1.2187500000000004 2.022511655957575 -2.2348337255876154
v -1.2187500000000004 1.8536141040536602 -2.0505143913850845
v -1.2187500000000004 2.068591489508208 -2.1926093376116365
v -1.2187500000000004 1.899693937604293 -2.0082900034091056
v -1.1562500000000004 1.7498881002284326 -2.3998758319168765
v -1.1562500000000004 1.6654393242764751 -2.307716164815611
v -1.1562500000000004 1.6577284331271671 -2.484324607868834
v -1.1562500000000004 1.5732796571752097 -2.3921649407675685
v -0.9375000000000009 1.3851048773980246 -2.649366714198095
v -0.9375000000000009 1.3006561014460671 -2.5572070470968296
v -0.9375000000000009 1.523344378049923 -2.5226935502701586
v -0.9375000000000009 1.4388956020979653 -2.430533883168893
v -1.0625000000000009 1.3851048773980246 -2.649366714198095
v -1.0625000000000009 1.3006561014460671 -2.5572070470968296
v -1.0625000000000009 1.523344378049923 -2.5226935502701586
v -1.0625000000000009 1.4388956020979653 -2.430533883168893
vt 0.25 0.1875
vt 0.25 0.5
vt 0 0.5
vt 0 0.1875
vt 0.25 0.1875
vt 0.25 0.5
vt 0 0.5
vt 0 0.1875
vt 0.4375 0.21875
vt 0.4375 0.46875
vt 0.25 0.46875
vt 0.25 0.21875
vt 0.4375 0.21875
vt 0.4375 0.46875
vt 0.25 0.46875
vt 0.25 0.21875
vt 0.4375 0.1875
vt 0.4375 0.5
vt 0.25 0.5
vt 0.25 0.1875
vt 0.4375 0.1875
vt 0.4375 0.5
vt 0.25 0.5
vt 0.25 0.1875
vt 0.9375 0.53125
vt 0.9375 0.84375
vt 1 0.84375
vt 1 0.53125
vt 0.9375 0.53125
vt 0.9375 0.84375
vt 1 0.84375
vt 1 0.53125
vt 1 0.53125
vt 1 0.84375
vt 0.9375 0.84375
vt 0.9375 0.53125
vt 1 0.53125
vt 1 0.84375
vt 0.9375 0.84375
vt 0.9375 0.53125
vt 1 0.9375
vt 1 1
vt 0.9375 1
vt 0.9375 0.9375
vt 0.9375 0.4375
vt 0.9375 0.84375
vt 1 0.84375
vt 1 0.4375
vt 0.9375 0.4375
vt 0.9375 0.84375
vt 1 0.84375
vt 1 0.4375
vt 1 0.4375
vt 1 0.84375
vt 0.9375 0.84375
vt 0.9375 0.4375
vt 1 0.4375
vt 1 0.84375
vt 0.9375 0.84375
vt 0.9375 0.4375
vt 1 0.9375
vt 1 1
vt 0.9375 1
vt 0.9375 0.9375
vt 0.09375000000000028 0.78125
vt 0.09375000000000028 0.90625
vt 0 0.90625
vt 0 0.78125
vt 0.09375000000000028 0.78125
vt 0.09375000000000028 0.90625
vt 0 0.90625
vt 0 0.78125
vt 0 0.78125
vt 0 0.90625
vt 0.09375 0.90625
vt 0.09375 0.78125
vt 0 0.78125
vt 0 0.90625
vt 0.09375 0.90625
vt 0.09375 0.78125
vt 0.53125 0.53125
vt 0.53125 0.5625
vt 0.65625 0.5625
vt 0.65625 0.53125
vt 0.65625 0.625
vt 0.65625 0.65625
vt 0.53125 0.65625
vt 0.53125 0.625
vt 0.65625 0.53125
vt 0.65625 0.65625
vt 0.53125 0.65625
vt 0.53125 0.53125
vt 0.65625 0.65625
vt 0.65625 0.53125
vt 0.53125 0.53125
vt 0.53125 0.65625
vt 0.65625 0.53125
vt 0.65625 0.5625
vt 0.53125 0.5625
vt 0.53125 0.53125
vt 0.53125 0.625
vt 0.53125 0.65625
vt 0.65625 0.65625
vt 0.65625 0.625
vt 0.53125 0.53125
vt 0.53125 0.5625
vt 0.65625 0.5625
vt 0.65625 0.53125
vt 0.65625 0.625
vt 0.65625 0.65625
vt 0.53125 0.65625
vt 0.53125 0.625
vt 0.65625 0.53125
vt 0.65625 0.65625
vt 0.53125 0.65625
vt 0.53125 0.53125
vt 0.65625 0.65625
vt 0.65625 0.53125
vt 0.53125 0.53125
vt 0.53125 0.65625
vt 0.65625 0.53125
vt 0.65625 0.5625
vt 0.53125 0.5625
vt 0.53125 0.53125
vt 0.53125 0.625
vt 0.53125 0.65625
vt 0.65625 0.65625
vt 0.65625 0.625
vt 0.46875 0
vt 0.46875 0.0625
vt 0.53125 0.0625
vt 0.53125 0
vt 0.53125 0
vt 0.53125 0.0625
vt 0.46875 0.0625
vt 0.46875 0
vt 0.4375 0
vt 0.4375 0.0625
vt 0 0.0625
vt 0 0
vt 0.4375 0
vt 0.4375 0.0625
vt 0 0.0625
vt 0 0
vt 0.4375 0.0625
vt 0.4375 0
vt 0 0
vt 0 0.0625
vt 0.4375 0
vt 0.4375 0.0625
vt 0 0.0625
vt 0 0
vt 0.65625 0.375
vt 0.59375 0.375
vt 0.59375 0.25
vt 0.65625 0.25
vt 0.65625 0.375
vt 0.59375 0.375
vt 0.59375 0.25
vt 0.65625 0.25
vt 0.625 0.25
vt 0.625 0.375
vt 0.5 0.375
vt 0.5 0.25
vt 0.65625 0.375
vt 0.59375 0.375
vt 0.59375 0.25
vt 0.65625 0.25
vt 0.65625 0.375
vt 0.59375 0.375
vt 0.59375 0.25
vt 0.65625 0.25
vt 0.78125 0.375
vt 0.78125 0.40625
vt 0.6875 0.40625
vt 0.6875 0.375
vt 0.6875 0.375
vt 0.6875 0.40625
vt 0.59375 0.40625
vt 0.59375 0.375
vt 0.59375 0.375
vt 0.59375 0.40625
vt 0.5 0.40625
vt 0.5 0.375
vt 0.875 0.375
vt 0.875 0.40625
vt 0.78125 0.40625
vt 0.78125 0.375
vt 0.625 0.375
vt 0.59375 0.375
vt 0.59375 0.25
vt 0.625 0.25
vt 0.53125 0.375
vt 0.5 0.375
vt 0.5 0.25
vt 0.53125 0.25
vt 0.625 0.125
vt 0.625 0.25
vt 0.5 0.25
vt 0.5 0.125
vt 0.625 0.25
vt 0.625 0.375
vt 0.5 0.375
vt 0.5 0.25
vt 0.625 0.25
vt 0.625 0.28125
vt 0.5 0.28125
vt 0.5 0.25
vt 0.625 0.34375
vt 0.625 0.375
vt 0.5 0.375
vt 0.5 0.34375
vt 0.78125 0.375
vt 0.78125 0.40625
vt 0.6875 0.40625
vt 0.6875 0.375
vt 0.6875 0.375
vt 0.6875 0.40625
vt 0.59375 0.40625
vt 0.59375 0.375
vt 0.6875 0.40625
vt 0.6875 0.5
vt 0.59375 0.5
vt 0.59375 0.40625
vt 0.59375 0.375
vt 0.59375 0.40625
vt 0.5 0.40625
vt 0.5 0.375
vt 0.875 0.375
vt 0.875 0.40625
vt 0.78125 0.40625
vt 0.78125 0.375
vt 0.125 0.875
vt 0.125 0.9375
vt 0 0.9375
vt 0 0.875
vt 0.125 0.9999999999999992
vt 0 0.9999999999999992
vt 0 0.8602437499999992
vt 0.125 0.8602437499999992
vt 1 0.5
vt 1 0.625
vt 0.875 0.5625
vt 0.875 0.5
vt 0.75 0
vt 0.75 0.0625
vt 0.875 0.125
vt 0.875 0
vt 0.125 0.875
vt 0.125 0.9375
vt 0 0.9375
vt 0 0.875
vt 0.125 0.9999999999999992
vt 0 0.9999999999999992
vt 0 0.8602437499999992
vt 0.125 0.8602437499999992
vt 1 0.5
vt 1 0.625
vt 0.875 0.5625
vt 0.875 0.5
vt 0.75 0
vt 0.75 0.0625
vt 0.875 0.125
vt 0.875 0
vt 0 0.9375
vt 0.125 0.9375
vt 0.125 0.875
vt 0 0.875
vt 0 0.8602437499999992
vt 0 0.9999999999999992
vt 0.125 0.9999999999999992
vt 0.125 0.8602437499999992
vt 0.875 0.5625
vt 1 0.625
vt 1 0.5
vt 0.875 0.5
vt 0.875 0.125
vt 0.75 0.0625
vt 0.75 0
vt 0.875 0
vt 0.5625 0.9375
vt 0.6875 0.9375
vt 0.6875 1
vt 0.5625 1
vt 0.5625 0.9375
vt 0.6875 0.9375
vt 0.6875 1
vt 0.5625 1
vt 0.6875 0.9375
vt 0.5625 0.9375
vt 0.5625 1
vt 0.6875 1
vt 0.5625 0.9375
vt 0.6875 0.9375
vt 0.6875 1
vt 0.5625 1
vt 0.125 0.875
vt 0.125 0.9375
vt 0 0.9375
vt 0 0.875
vt 0.125 0.9999999999999992
vt 0 0.9999999999999992
vt 0 0.8602437499999992
vt 0.125 0.8602437499999992
vt 1 0.5
vt 1 0.625
vt 0.875 0.5625
vt 0.875 0.5
vt 0.75 0
vt 0.75 0.0625
vt 0.875 0.125
vt 0.875 0
vt 0.6875 0.6875
vt 0.6875 0.875
vt 0.5625 0.875
vt 0.5625 0.6875
vt 0.6875 0.6875
vt 0.6875 0.875
vt 0.5625 0.875
vt 0.5625 0.6875
vt 0.5625 0.6875
vt 0.5625 0.875
vt 0.6875 0.875
vt 0.6875 0.6875
vt 0.5625 0.6875
vt 0.5625 0.875
vt 0.6875 0.875
vt 0.6875 0.6875
vt 0.125 0.875
vt 0.125 0.9375
vt 0 0.9375
vt 0 0.875
vt 0.125 0.9999999999999992
vt 0 0.9999999999999992
vt 0 0.8602437499999992
vt 0.125 0.8602437499999992
vt 1 0.5
vt 1 0.625
vt 0.875 0.5625
vt 0.875 0.5
vt 0.75 0
vt 0.75 0.0625
vt 0.875 0.125
vt 0.875 0
vt 0.28125 0.75
vt 0.28125 0.9375
vt 0.09375 0.9375
vt 0.09375 0.75
vt 0.28125 0.75
vt 0.28125 0.9375
vt 0.09375 0.9375
vt 0.09375 0.75
vt 0.4687500000000003 0.75
vt 0.4687500000000003 0.9375
vt 0.28125 0.9375
vt 0.28125 0.75
vt 0.9062500000000002 0.8125
vt 0.9062500000000002 1
vt 0.71875 1
vt 0.71875 0.8125
vt 0.2812500000000003 0.75
vt 0.2812500000000003 0.9375
vt 0.09375 0.9375
vt 0.09375 0.75
vt 0.2812500000000003 0.75
vt 0.2812500000000003 0.9375
vt 0.09375 0.9375
vt 0.09375 0.75
vt 0 0.9375
vt 0 1
vt 0.0625 1
vt 0.0625 0.9375
vt 0.0625 0.9375
vt 0.0625 1
vt 0 1
vt 0 0.9375
vt 0.46875 1
vt 0.46875 0.9375
vt 0.0625 0.9375
vt 0.0625 1
vt 0.46875 1
vt 0.46875 0.9375
vt 0.0625 0.9375
vt 0.0625 1
vt 0.46875 0.9375
vt 0.46875 1
vt 0.0625 1
vt 0.0625 0.9375
vt 0.46875 1
vt 0.46875 0.9375
vt 0.0625 0.9375
vt 0.0625 1
vt 0.53125 0.53125
vt 0.53125 0.5625
vt 0.65625 0.5625
vt 0.65625 0.53125
vt 0.65625 0.625
vt 0.65625 0.65625
vt 0.53125 0.65625
vt 0.53125 0.625
vt 0.65625 0.53125
vt 0.65625 0.65625
vt 0.53125 0.65625
vt 0.53125 0.53125
vt 0.65625 0.53125
vt 0.65625 0.5625
vt 0.53125 0.5625
vt 0.53125 0.53125
vt 0.53125 0.625
vt 0.53125 0.65625
vt 0.65625 0.65625
vt 0.65625 0.625
vt 0.6875 1
vt 0.6875 0.9375
vt 0.5625 0.9375
vt 0.5625 1
vt 0.6875 1
vt 0.6875 0.9375
vt 0.5625 0.9375
vt 0.5625 1
vt 0.5625 1
vt 0.5625 0.9375
vt 0.6875 0.9375
vt 0.6875 1
vt 0.6875 1
vt 0.6875 0.9375
vt 0.5625 0.9375
vt 0.5625 1
vt 0.8125 0.46875
vt 0.8125 0.5625
vt 0.875 0.5625
vt 0.875 0.46875
vt 0.8125 0.46875
vt 0.8125 0.5625
vt 0.875 0.5625
vt 0.875 0.46875
vt 0.875 0.5625
vt 0.875 0.625
vt 0.8125 0.625
vt 0.8125 0.5625
vt 0.875 0.5
vt 0.875 0.5625
vt 0.8125 0.5625
vt 0.8125 0.5
vt 0.875 0.46875
vt 0.875 0.5625
vt 0.8125 0.5625
vt 0.8125 0.46875
vt 0.875 0.46875
vt 0.875 0.5625
vt 0.8125 0.5625
vt 0.8125 0.46875
vn 1 0 0
vn -1 0 0
vn 0 -0.7372773368101241 -0.6755902076156602
vn 0 0.7372773368101241 0.6755902076156602
vn 0 0.6755902076156602 -0.7372773368101241
vn 0 -0.6755902076156602 0.7372773368101241
vn 1 0 0
vn -1 0 0
vn 0 0.6755902076156602 -0.7372773368101241
vn 0 -0.6755902076156602 0.7372773368101241
vn 0 -0.7372773368101241 -0.6755902076156602
vn 1 0 0
vn -1 0 0
vn 0 -0.6755902076156602 0.7372773368101241
vn 0 0.6755902076156602 -0.7372773368101241
vn 0 0.7372773368101241 0.6755902076156602
vn 1 0 0
vn -1 0 0
vn 0 0.6755902076156602 -0.7372773368101241
vn 0 -0.6755902076156602 0.7372773368101241
vn 1 0 0
vn -1 0 0
vn 0 -0.7372773368101241 -0.6755902076156602
vn 0 0.7372773368101241 0.6755902076156602
vn 0 0.6755902076156602 -0.7372773368101241
vn 0 -0.6755902076156602 0.7372773368101241
vn 1 0 0
vn -1 0 0
vn 0 -0.7372773368101241 -0.6755902076156602
vn 0 0.7372773368101241 0.6755902076156602
vn 0 0.6755902076156602 -0.7372773368101241
vn 0 -0.6755902076156602 0.7372773368101241
vn 1 0 0
vn -1 0 0
vn 0 -0.7372773368101241 -0.6755902076156602
vn 0 0.7372773368101241 0.6755902076156602
vn 0 0.6755902076156602 -0.7372773368101241
vn 0 -0.6755902076156602 0.7372773368101241
vn -1 0 0
vn 1 0 0
vn 0 0.6755902076156602 -0.7372773368101241
vn 0 -0.7372773368101241 -0.6755902076156602
vn 0 0.7372773368101241 0.6755902076156602
vn -1 0 0
vn 1 0 0
vn 0 -0.7372773368101241 -0.6755902076156602
vn 0 0.7372773368101241 0.6755902076156602
vn -1 0 0
vn 1 0 0
vn 0 0.6755902076156602 -0.7372773368101241
vn 0 -0.6755902076156602 0.7372773368101241
vn 0 -0.7372773368101241 -0.6755902076156602
vn 0 0.7372773368101241 0.6755902076156602
vn -1 0 0
vn 1 0 0
vn 0 0.6755902076156602 -0.7372773368101241
vn 0 -0.7372773368101241 -0.6755902076156602
vn 0 0.7372773368101241 0.6755902076156602
vn -1 0 0
vn -0.44721359549995926 0.6042662516647246 -0.6594408973509778
vn 0 0.7372773368101241 0.6755902076156602
vn 0 -0.7372773368101241 -0.6755902076156602
vn -1 0 0
vn -0.44721359549995926 0.6042662516647246 -0.6594408973509778
vn 0 0.7372773368101241 0.6755902076156602
vn 0 -0.7372773368101241 -0.6755902076156602
vn -3.5527136788004946e-15 -0.7372773368101241 -0.6755902076156602
vn 0.8944271909999153 -0.32972044867549005 -0.3021331258323634
vn 0 -0.6755902076156602 0.7372773368101241
vn 0 0.6755902076156602 -0.7372773368101241
vn 8.881784197001229e-16 -0.7372773368101241 -0.6755902076156602
vn 0 0.7372773368101241 0.6755902076156602
vn 0 0.6755902076156602 -0.7372773368101241
vn 0 -0.6755902076156602 0.7372773368101241
vn 0 0.7372773368101241 0.6755902076156602
vn -0.8944271909999159 0.32972044867548905 0.30213312583236246
vn 0 0.6755902076156602 -0.7372773368101241
vn 0 -0.6755902076156602 0.7372773368101241
vn 1 6.548338198887324e-16 6.000446429649561e-16
vn -1 -1.7462235197032879e-15 -1.600119047906551e-15
vn 0 0.6755902076156602 -0.7372773368101241
vn 0 -0.6755902076156602 0.7372773368101241
vn -1 -5.238670559109864e-15 -4.800357143719653e-15
vn -0.44721359549995987 -0.6594408973509774 -0.6042662516647244
vn 0 0.6755902076156602 -0.7372773368101241
vn 0 -0.6755902076156602 0.7372773368101241
vn 1 0 0
vn -1 0 0
vn 0 -0.7372773368101241 -0.6755902076156602
vn 0 0.7372773368101241 0.6755902076156602
vn 0 0.6755902076156602 -0.7372773368101241
vn 0 -0.6755902076156602 0.7372773368101241
vn 1 0 0
vn -1 0 0
vn 0 -0.9990482215818578 0.04361938736533477
vn 0 0.9990482215818578 -0.04361938736533477
vn 0 -0.043619387365337325 -0.9990482215818577
vn 0 0.043619387365337325 0.9990482215818577
vn 1 0 0
vn -1 0 0
vn 0 -0.7372773368101241 -0.6755902076156602
vn 0 0.6755902076156602 -0.7372773368101241
vn 0 -0.6755902076156602 0.7372773368101241
vn 0 0.7372773368101241 0.6755902076156602
vn 0 -0.7372773368101241 -0.6755902076156602
vn 0 0.6755902076156602 -0.7372773368101241
vn 0 -0.6755902076156602 0.7372773368101241
vn 1 0 0
vn -1 0 0
vn 0 -0.7372773368101241 -0.6755902076156602
vn 0 0.7372773368101241 0.6755902076156602
vn 0 0.6755902076156602 -0.7372773368101241
vn 0 -0.6755902076156602 0.7372773368101241
usemtl heavy_inserter
f 659/1545/387 657/1546/387 656/1547/387
f 659/1545/387 656/1547/387 658/1548/387
f 662/1549/388 660/1550/388 661/1551/388
f 662/1549/388 661/1551/388 663/1552/388
f 656/1553/389 657/1554/389 661/1555/389
f 656/1553/389 661/1555/389 660/1556/389
f 659/1557/390 658/1558/390 662/1559/390
f 659/1557/390 662/1559/390 663/1560/390
f 658/1561/391 656/1562/391 660/1563/391
f 658/1561/391 660/1563/391 662/1564/391
f 663/1565/392 661/1566/392 657/1567/392
f 663/1565/392 657/1567/392 659/1568/392
f 667/1569/393 665/1570/393 664/1571/393
f 667/1569/393 664/1571/393 666/1572/393
f 670/1573/394 668/1574/394 669/1575/394
f 670/1573/394 669/1575/394 671/1576/394
f 666/1577/395 664/1578/395 668/1579/395
f 666/1577/395 668/1579/395 670/1580/395
f 671/1581/396 669/1582/396 665/1583/396
f 671/1581/396 665/1583/396 667/1584/396
f 664/1585/397 665/1586/397 669/1587/397
f 664/1585/397 669/1587/397 668/1588/397
f 675/1589/398 673/1590/398 672/1591/398
f 675/1589/398 672/1591/398 674/1592/398
f 678/1593/399 676/1594/399 677/1595/399
f 678/1593/399 677/1595/399 679/1596/399
f 674/1597/400 672/1598/400 676/1599/400
f 674/1597/400 676/1599/400 678/1600/400
f 679/1601/401 677/1602/401 673/1603/401
f 679/1601/401 673/1603/401 675/1604/401
f 672/1605/402 673/1606/402 677/1607/402
f 672/1605/402 677/1607/402 676/1608/402
f 683/1609/403 681/1610/403 680/1611/403
f 683/1609/403 680/1611/403 682/1612/403
f 686/1613/404 684/1614/404 685/1615/404
f 686/1613/404 685/1615/404 687/1616/404
f 682/1617/405 680/1618/405 684/1619/405
f 682/1617/405 684/1619/405 686/1620/405
f 687/1621/406 685/1622/406 681/1623/406
f 687/1621/406 681/1623/406 683/1624/406
f 691/1625/407 689/1626/407 688/1627/407
f 691/1625/407 688/1627/407 690/1628/407
f 694/1629/408 692/1630/408 693/1631/408
f 694/1629/408 693/1631/408 695/1632/408
f 688/1633/409 689/1634/409 693/1635/409
f 688/1633/409 693/1635/409 692/1636/409
f 691/1637/410 690/1638/410 694/1639/410
f 691/1637/410 694/1639/410 695/1640/410
f 690/1641/411 688/1642/411 692/1643/411
f 690/1641/411 692/1643/411 694/1644/411
f 695/1645/412 693/1646/412 689/1647/412
f 695/1645/412 689/1647/412 691/1648/412
f 699/1649/413 697/1650/413 696/1651/413
f 699/1649/413 696/1651/413 698/1652/413
f 702/1653/414 700/1654/414 701/1655/414
f 702/1653/414 701/1655/414 703/1656/414
f 696/1657/415 697/1658/415 701/1659/415
f 696/1657/415 701/1659/415 700/1660/415
f 699/1661/416 698/1662/416 702/1663/416
f 699/1661/416 702/1663/416 703/1664/416
f 698/1665/417 696/1666/417 700/1667/417
f 698/1665/417 700/1667/417 702/1668/417
f 703/1669/418 701/1670/418 697/1671/418
f 703/1669/418 697/1671/418 699/1672/418
f 707/1673/419 705/1674/419 704/1675/419
f 707/1673/419 704/1675/419 706/1676/419
f 710/1677/420 708/1678/420 709/1679/420
f 710/1677/420 709/1679/420 711/1680/420
f 704/1681/421 705/1682/421 709/1683/421
f 704/1681/421 709/1683/421 708/1684/421
f 707/1685/422 706/1686/422 710/1687/422
f 707/1685/422 710/1687/422 711/1688/422
f 706/1689/423 704/1690/423 708/1691/423
f 706/1689/423 708/1691/423 710/1692/423
f 711/1693/424 709/1694/424 705/1695/424
f 711/1693/424 705/1695/424 707/1696/424
f 716/1697/425 715/1698/425 714/1699/425
f 716/1697/425 714/1699/425 713/1700/425
f 719/1701/426 717/1702/426 718/1703/426
f 719/1701/426 718/1703/426 712/1704/426
f 714/1705/427 715/1706/427 718/1707/427
f 714/1705/427 718/1707/427 717/1708/427
f 713/1709/428 714/1710/428 717/1711/428
f 713/1709/428 717/1711/428 719/1712/428
f 712/1713/429 718/1714/429 715/1715/429
f 712/1713/429 715/1715/429 716/1716/429
f 723/1717/430 721/1718/430 720/1719/430
f 723/1717/430 720/1719/430 722/1720/430
f 726/1721/431 724/1722/431 725/1723/431
f 726/1721/431 725/1723/431 727/1724/431
f 722/1725/432 720/1726/432 724/1727/432
f 722/1725/432 724/1727/432 726/1728/432
f 727/1729/433 725/1730/433 721/1731/433
f 727/1729/433 721/1731/433 723/1732/433
f 731/1733/434 729/1734/434 728/1735/434
f 731/1733/434 728/1735/434 730/1736/434
f 734/1737/435 732/1738/435 733/1739/435
f 734/1737/435 733/1739/435 735/1740/435
f 728/1741/436 729/1742/436 733/1743/436
f 728/1741/436 733/1743/436 732/1744/436
f 731/1745/437 730/1746/437 734/1747/437
f 731/1745/437 734/1747/437 735/1748/437
f 730/1749/438 728/1750/438 732/1751/438
f 730/1749/438 732/1751/438 734/1752/438
f 735/1753/439 733/1754/439 729/1755/439
f 735/1753/439 729/1755/439 731/1756/439
f 739/1757/440 737/1758/440 736/1759/440
f 739/1757/440 736/1759/440 738/1760/440
f 742/1761/441 740/1762/441 741/1763/441
f 742/1761/441 741/1763/441 743/1764/441
f 736/1765/442 737/1766/442 741/1767/442
f 736/1765/442 741/1767/442 740/1768/442
f 738/1769/443 736/1770/443 740/1771/443
f 738/1769/443 740/1771/443 742/1772/443
f 743/1773/444 741/1774/444 737/1775/444
f 743/1773/444 737/1775/444 739/1776/444
usemtl common_copper_cable
f 750/1777/445 748/1778/445 749/1779/445
f 750/1777/445 749/1779/445 751/1780/445
f 744/1781/446 745/1782/446 749/1783/446
f 744/1781/446 749/1783/446 748/1784/446
f 746/1785/447 744/1786/447 748/1787/447
f 746/1785/447 748/1787/447 750/1788/447
f 751/1789/448 749/1790/448 745/1791/448
f 751/1789/448 745/1791/448 747/1792/448
f 758/1793/449 756/1794/449 757/1795/449
f 758/1793/449 757/1795/449 759/1796/449
f 752/1797/450 753/1798/450 757/1799/450
f 752/1797/450 757/1799/450 756/1800/450
f 754/1801/451 752/1802/451 756/1803/451
f 754/1801/451 756/1803/451 758/1804/451
f 759/1805/452 757/1806/452 753/1807/452
f 759/1805/452 753/1807/452 755/1808/452
f 765/1809/453 764/1810/453 766/1811/453
f 765/1809/453 766/1811/453 767/1812/453
f 765/1813/454 761/1814/454 760/1815/454
f 765/1813/454 760/1815/454 764/1816/454
f 764/1817/455 760/1818/455 762/1819/455
f 764/1817/455 762/1819/455 766/1820/455
f 761/1821/456 765/1822/456 767/1823/456
f 761/1821/456 767/1823/456 763/1824/456
f 767/1825/457 766/1826/457 769/1827/457
f 767/1825/457 769/1827/457 768/1828/457
f 762/1829/458 763/1830/458 770/1831/458
f 762/1829/458 770/1831/458 771/1832/458
f 763/1833/459 767/1834/459 768/1835/459
f 763/1833/459 768/1835/459 770/1836/459
f 771/1837/460 769/1838/460 766/1839/460
f 771/1837/460 766/1839/460 762/1840/460
f 770/1841/461 774/1842/461 775/1843/461
f 770/1841/461 775/1843/461 771/1844/461
f 772/1845/462 773/1846/462 775/1847/462
f 772/1845/462 775/1847/462 774/1848/462
f 768/1849/463 772/1850/463 774/1851/463
f 768/1849/463 774/1851/463 770/1852/463
f 771/1853/464 775/1854/464 773/1855/464
f 771/1853/464 773/1855/464 769/1856/464
f 769/1857/465 777/1858/465 776/1859/465
f 769/1857/465 776/1859/465 768/1860/465
f 772/1861/466 778/1862/466 779/1863/466
f 772/1861/466 779/1863/466 773/1864/466
f 768/1865/467 776/1866/467 778/1867/467
f 768/1865/467 778/1867/467 772/1868/467
f 773/1869/468 779/1870/468 777/1871/468
f 773/1869/468 777/1871/468 769/1872/468
f 778/1873/469 782/1874/469 783/1875/469
f 778/1873/469 783/1875/469 779/1876/469
f 780/1877/470 781/1878/470 783/1879/470
f 780/1877/470 783/1879/470 782/1880/470
f 776/1881/471 780/1882/471 782/1883/471
f 776/1881/471 782/1883/471 778/1884/471
f 779/1885/472 783/1886/472 781/1887/472
f 779/1885/472 781/1887/472 777/1888/472
usemtl heavy_inserter
f 787/1889/473 785/1890/473 784/1891/473
f 787/1889/473 784/1891/473 786/1892/473
f 790/1893/474 788/1894/474 789/1895/474
f 790/1893/474 789/1895/474 791/1896/474
f 784/1897/475 785/1898/475 789/1899/475
f 784/1897/475 789/1899/475 788/1900/475
f 787/1901/476 786/1902/476 790/1903/476
f 787/1901/476 790/1903/476 791/1904/476
f 786/1905/477 784/1906/477 788/1907/477
f 786/1905/477 788/1907/477 790/1908/477
f 791/1909/478 789/1910/478 785/1911/478
f 791/1909/478 785/1911/478 787/1912/478
f 795/1913/479 793/1914/479 792/1915/479
f 795/1913/479 792/1915/479 794/1916/479
f 798/1917/480 796/1918/480 797/1919/480
f 798/1917/480 797/1919/480 799/1920/480
f 792/1921/481 793/1922/481 797/1923/481
f 792/1921/481 797/1923/481 796/1924/481
f 795/1925/482 794/1926/482 798/1927/482
f 795/1925/482 798/1927/482 799/1928/482
f 794/1929/483 792/1930/483 796/1931/483
f 794/1929/483 796/1931/483 798/1932/483
f 799/1933/484 797/1934/484 793/1935/484
f 799/1933/484 793/1935/484 795/1936/484
f 803/1937/485 801/1938/485 800/1939/485
f 803/1937/485 800/1939/485 802/1940/485
f 806/1941/486 804/1942/486 805/1943/486
f 806/1941/486 805/1943/486 807/1944/486
f 800/1945/487 801/1946/487 805/1947/487
f 800/1945/487 805/1947/487 804/1948/487
f 802/1949/488 800/1950/488 804/1951/488
f 802/1949/488 804/1951/488 806/1952/488
f 807/1953/489 805/1954/489 801/1955/489
f 807/1953/489 801/1955/489 803/1956/489
usemtl common_copper_cable
f 777/1957/490 809/1958/490 808/1959/490
f 777/1957/490 808/1959/490 776/1960/490
f 780/1961/491 810/1962/491 811/1963/491
f 780/1961/491 811/1963/491 781/1964/491
f 776/1965/492 808/1966/492 810/1967/492
f 776/1965/492 810/1967/492 780/1968/492
f 809/1969/493 777/1970/493 781/1971/493
f 809/1969/493 781/1971/493 811/1972/493
usemtl heavy_inserter
f 815/1973/494 813/1974/494 812/1975/494
f 815/1973/494 812/1975/494 814/1976/494
f 818/1977/495 816/1978/495 817/1979/495
f 818/1977/495 817/1979/495 819/1980/495
f 812/1981/496 813/1982/496 817/1983/496
f 812/1981/496 817/1983/496 816/1984/496
f 815/1985/497 814/1986/497 818/1987/497
f 815/1985/497 818/1987/497 819/1988/497
f 814/1989/498 812/1990/498 816/1991/498
f 814/1989/498 816/1991/498 818/1992/498
f 819/1993/499 817/1994/499 813/1995/499
f 819/1993/499 813/1995/499 815/1996/499
o lower_glass
v -0.6562499999999996 2.75757356932159 -1.3217851028369303
v -0.6562499999999996 2.603982561017404 -1.4293306846527514
v -0.6562499999999996 2.6858765147777093 -1.2193910973008062
v -0.6562499999999996 2.5322855064735235 -1.3269366791166275
v -0.7812499999999996 2.75757356932159 -1.3217851028369303
v -0.7812499999999996 2.603982561017404 -1.4293306846527514
v -0.7812499999999996 2.6858765147777093 -1.2193910973008062
v -0.7812499999999996 2.5322855064735235 -1.3269366791166275
v -0.6562499999999996 2.576991616726605 -1.1500237669013917
v -0.6562499999999996 2.5444325834140553 -1.3346752205911812
v -0.6562499999999996 2.453890647600079 -1.1283177446930257
v -0.6562499999999996 2.421331614287529 -1.3129691983828145
v -0.7812499999999996 2.576991616726605 -1.1500237669013917
v -0.7812499999999996 2.5444325834140553 -1.3346752205911812
v -0.7812499999999996 2.453890647600079 -1.1283177446930257
v -0.7812499999999996 2.421331614287529 -1.3129691983828145
vt 0.75 0.625
vt 0.6875 0.625
vt 0.6875 0.53125
vt 0.75 0.53125
vt 0.75 0.625
vt 0.6875 0.625
vt 0.6875 0.53125
vt 0.75 0.53125
vt 0.75 0.53125
vt 0.75 0.625
vt 0.6875 0.625
vt 0.6875 0.53125
vt 0.75 0.53125
vt 0.75 0.625
vt 0.6875 0.625
vt 0.6875 0.53125
vt 0.8125 0.5625
vt 0.8125 0.625
vt 0.75 0.625
vt 0.75 0.5625
vt 0.75 0.625
vt 0.6875 0.625
vt 0.6875 0.53125
vt 0.75 0.53125
vt 0.75 0.625
vt 0.6875 0.625
vt 0.6875 0.53125
vt 0.75 0.53125
vt 0.75 0.53125
vt 0.75 0.625
vt 0.6875 0.625
vt 0.6875 0.53125
vt 0.75 0.53125
vt 0.75 0.625
vt 0.6875 0.625
vt 0.6875 0.53125
vt 0.8125 0.5625
vt 0.8125 0.625
vt 0.75 0.625
vt 0.75 0.5625
vn 1 0 0
vn -1 0 0
vn 0 0.573576436351046 -0.8191520442889918
vn 0 -0.573576436351046 0.8191520442889918
vn 0 0.8191520442889918 0.573576436351046
vn 1 0 0
vn -1 0 0
vn 0 0.9848077530122082 -0.17364817766692991
vn 0 -0.9848077530122079 0.17364817766693166
vn 0 0.17364817766692922 0.9848077530122084
usemtl heavy_inserter
f 823/1997/500 821/1998/500 820/1999/500
f 823/1997/500 820/1999/500 822/2000/500
f 826/2001/501 824/2002/501 825/2003/501
f 826/2001/501 825/2003/501 827/2004/501
f 820/2005/502 821/2006/502 825/2007/502
f 820/2005/502 825/2007/502 824/2008/502
f 823/2009/503 822/2010/503 826/2011/503
f 823/2009/503 826/2011/503 827/2012/503
f 822/2013/504 820/2014/504 824/2015/504
f 822/2013/504 824/2015/504 826/2016/504
f 831/2017/505 829/2018/505 828/2019/505
f 831/2017/505 828/2019/505 830/2020/505
f 834/2021/506 832/2022/506 833/2023/506
f 834/2021/506 833/2023/506 835/2024/506
f 828/2025/507 829/2026/507 833/2027/507
f 828/2025/507 833/2027/507 832/2028/507
f 831/2029/508 830/2030/508 834/2031/508
f 831/2029/508 834/2031/508 835/2032/508
f 830/2033/509 828/2034/509 832/2035/509
f 830/2033/509 832/2035/509 834/2036/509
o variant_wooden
v 0.4375 0.7499999999999996 -0.7499999999999998
v 0.4375 0.7499999999999996 -0.5624999999999998
v 0.4375 -4.440892098500626e-16 -0.7499999999999998
v 0.4375 -4.440892098500626e-16 -0.5624999999999998
v 0.25 0.7499999999999996 -0.7499999999999998
v 0.25 0.7499999999999996 -0.5624999999999998
v 0.25 -4.440892098500626e-16 -0.7499999999999998
v 0.25 -4.440892098500626e-16 -0.5624999999999998
v 0.4375 0.7499999999999996 -1.4374999999999998
v 0.4375 0.7499999999999996 -1.2499999999999998
v 0.4375 -4.440892098500626e-16 -1.4374999999999998
v 0.4375 -4.440892098500626e-16 -1.2499999999999998
v 0.25 0.7499999999999996 -1.4374999999999998
v 0.25 0.7499999999999996 -1.2499999999999998
v 0.25 -4.440892098500626e-16 -1.4374999999999998
v 0.25 -4.440892098500626e-16 -1.2499999999999998
v -1.25 0.7499999999999996 -0.7499999999999998
v -1.25 0.7499999999999996 -0.5624999999999998
v -1.25 -4.440892098500626e-16 -0.7499999999999998
v -1.25 -4.440892098500626e-16 -0.5624999999999998
v -1.4375 0.7499999999999996 -0.7499999999999998
v -1.4375 0.7499999999999996 -0.5624999999999998
v -1.4375 -4.440892098500626e-16 -0.7499999999999998
v -1.4375 -4.440892098500626e-16 -0.5624999999999998
v -1.25 0.7499999999999996 -1.4374999999999998
v -1.25 0.7499999999999996 -1.2499999999999998
v -1.25 -4.440892098500626e-16 -1.4374999999999998
v -1.25 -4.440892098500626e-16 -1.2499999999999998
v -1.4375 0.7499999999999996 -1.4374999999999998
v -1.4375 0.7499999999999996 -1.2499999999999998
v -1.4375 -4.440892098500626e-16 -1.4374999999999998
v -1.4375 -4.440892098500626e-16 -1.2499999999999998
v 0.5 0.9374999999999996 -1.4999999999999998
v 0.5 0.7499999999999996 -1.4999999999999998
v -1.5 0.9374999999999996 -1.4999999999999998
v -1.5 0.7499999999999996 -1.4999999999999998
v -1.5 0.9374999999999996 -0.4999999999999998
v 0.5 0.9374999999999996 -0.4999999999999998
v 0.5 0.7499999999999996 -0.4999999999999998
v -1.5 0.7499999999999996 -0.4999999999999998
vt 0.796875 0.6875
vt 0.84375 0.6875
vt 0.84375 0.5
vt 0.796875 0.5
vt 0.796875 0.6875
vt 0.84375 0.6875
vt 0.84375 0.5
vt 0.796875 0.5
vt 0.84375 0.75
vt 0.890625 0.75
vt 0.890625 0.703125
vt 0.84375 0.703125
vt 0.84375 0.6875
vt 0.890625 0.6875
vt 0.890625 0.5
vt 0.84375 0.5
vt 0.84375 0.6875
vt 0.890625 0.6875
vt 0.890625 0.5
vt 0.84375 0.5
vt 0.84375 0.6875
vt 0.890625 0.6875
vt 0.890625 0.5
vt 0.84375 0.5
vt 0.84375 0.6875
vt 0.890625 0.6875
vt 0.890625 0.5
vt 0.84375 0.5
vt 0.84375 0.75
vt 0.890625 0.75
vt 0.890625 0.703125
vt 0.84375 0.703125
vt 0.796875 0.6875
vt 0.84375 0.6875
vt 0.84375 0.5
vt 0.796875 0.5
vt 0.796875 0.6875
vt 0.84375 0.6875
vt 0.84375 0.5
vt 0.796875 0.5
vt 0.796875 0.6875
vt 0.84375 0.6875
vt 0.84375 0.5
vt 0.796875 0.5
vt 0.796875 0.6875
vt 0.84375 0.6875
vt 0.84375 0.5
vt 0.796875 0.5
vt 0.84375 0.75
vt 0.890625 0.75
vt 0.890625 0.703125
vt 0.84375 0.703125
vt 0.84375 0.6875
vt 0.890625 0.6875
vt 0.890625 0.5
vt 0.84375 0.5
vt 0.84375 0.6875
vt 0.890625 0.6875
vt 0.890625 0.5
vt 0.84375 0.5
vt 0.796875 0.6875
vt 0.84375 0.6875
vt 0.84375 0.5
vt 0.796875 0.5
vt 0.796875 0.6875
vt 0.84375 0.6875
vt 0.84375 0.5
vt 0.796875 0.5
vt 0.84375 0.75
vt 0.890625 0.75
vt 0.890625 0.703125
vt 0.84375 0.703125
vt 0.84375 0.6875
vt 0.890625 0.6875
vt 0.890625 0.5
vt 0.84375 0.5
vt 0.84375 0.6875
vt 0.890625 0.6875
vt 0.890625 0.5
vt 0.84375 0.5
vt 0.796875 0.5
vt 0.796875 0.75
vt 0.84375 0.75
vt 0.84375 0.5
vt 0.796875 0.5
vt 0.796875 0.75
vt 0.84375 0.75
vt 0.84375 0.5
vt 0.5 0
vt 0 0
vt 0 0.25
vt 0.5 0.25
vt 0.5 0.25
vt 0 0.25
vt 0 0
vt 0.5 0
vt 0.75 0.25
vt 0.75 0.75
vt 0.796875 0.75
vt 0.796875 0.25
vt 0.796875 0.75
vt 0.75 0.75
vt 0.75 0.25
vt 0.796875 0.25
vn 1 0 0
vn -1 0 0
vn 0 -1 0
vn 0 0 -1
vn 0 0 1
vn 1 0 0
vn -1 0 0
vn 0 -1 0
vn 0 0 -1
vn 0 0 1
vn 1 0 0
vn -1 0 0
vn 0 -1 0
vn 0 0 -1
vn 0 0 1
vn 1 0 0
vn -1 0 0
vn 0 -1 0
vn 0 0 -1
vn 0 0 1
vn 1 0 0
vn -1 0 0
vn 0 1 0
vn 0 -1 0
vn 0 0 -1
vn 0 0 1
usemtl common_table
f 836/2037/510 837/2038/510 839/2039/510
f 836/2037/510 839/2039/510 838/2040/510
f 841/2041/511 840/2042/511 842/2043/511
f 841/2041/511 842/2043/511 843/2044/511
f 842/2045/512 838/2046/512 839/2047/512
f 842/2045/512 839/2047/512 843/2048/512
f 840/2049/513 836/2050/513 838/2051/513
f 840/2049/513 838/2051/513 842/2052/513
f 837/2053/514 841/2054/514 843/2055/514
f 837/2053/514 843/2055/514 839/2056/514
f 844/2057/515 845/2058/515 847/2059/515
f 844/2057/515 847/2059/515 846/2060/515
f 849/2061/516 848/2062/516 850/2063/516
f 849/2061/516 850/2063/516 851/2064/516
f 850/2065/517 846/2066/517 847/2067/517
f 850/2065/517 847/2067/517 851/2068/517
f 848/2069/518 844/2070/518 846/2071/518
f 848/2069/518 846/2071/518 850/2072/518
f 845/2073/519 849/2074/519 851/2075/519
f 845/2073/519 851/2075/519 847/2076/519
f 852/2077/520 853/2078/520 855/2079/520
f 852/2077/520 855/2079/520 854/2080/520
f 857/2081/521 856/2082/521 858/2083/521
f 857/2081/521 858/2083/521 859/2084/521
f 858/2085/522 854/2086/522 855/2087/522
f 858/2085/522 855/2087/522 859/2088/522
f 856/2089/523 852/2090/523 854/2091/523
f 856/2089/523 854/2091/523 858/2092/523
f 853/2093/524 857/2094/524 859/2095/524
f 853/2093/524 859/2095/524 855/2096/524
f 860/2097/525 861/2098/525 863/2099/525
f 860/2097/525 863/2099/525 862/2100/525
f 865/2101/526 864/2102/526 866/2103/526
f 865/2101/526 866/2103/526 867/2104/526
f 866/2105/527 862/2106/527 863/2107/527
f 866/2105/527 863/2107/527 867/2108/527
f 864/2109/528 860/2110/528 862/2111/528
f 864/2109/528 862/2111/528 866/2112/528
f 861/2113/529 865/2114/529 867/2115/529
f 861/2113/529 867/2115/529 863/2116/529
f 868/2117/530 873/2118/530 874/2119/530
f 868/2117/530 874/2119/530 869/2120/530
f 872/2121/531 870/2122/531 871/2123/531
f 872/2121/531 871/2123/531 875/2124/531
f 872/2125/532 873/2126/532 868/2127/532
f 872/2125/532 868/2127/532 870/2128/532
f 871/2129/533 869/2130/533 874/2131/533
f 871/2129/533 874/2131/533 875/2132/533
f 870/2133/534 868/2134/534 869/2135/534
f 870/2133/534 869/2135/534 871/2136/534
f 874/2137/535 873/2138/535 872/2139/535
f 874/2137/535 872/2139/535 875/2140/535