# Made by Pabilo8 with Blockbench
# Exported with IIToolkit Plugin on 18/05/2026
mtllib tracked_motorbike.mtl

o wing
v 0.125 0.8688 -0.75
v 0.1313 0.8687 -0.875
v 0.125 0.6188 -0.6875
v 0.1313 0.6187 -0.8125
v -0.125 0.8688 -0.75
v -0.1312 0.8687 -0.875
v -0.125 0.6188 -0.6875
v -0.1312 0.6187 -0.8125
v 0 0.8688 -0.75
v 0 0.6188 -0.6875
v 0 0.6187 -0.8125
v 0 0.8687 -0.875
v 0.125 0.8688 -0.75
v 0.125 1.0562 -0.9375
v 0.1313 0.8687 -0.875
v 0.1313 0.9313 -0.9375
v -0.125 0.8688 -0.75
v -0.125 1.0562 -0.9375
v -0.1312 0.8687 -0.875
v -0.1312 0.9313 -0.9375
v 0 1.0562 -0.9375
v 0 0.8688 -0.75
v 0 0.8687 -0.875
v 0 0.9313 -0.9375
v 0.125 1.0562 -0.9375
v 0.125 1.0563 -1.4375
v 0.1313 0.9313 -0.9375
v 0.1313 0.9312 -1.4375
v -0.125 1.0562 -0.9375
v -0.125 1.0563 -1.4375
v -0.1312 0.9313 -0.9375
v -0.1312 0.9312 -1.4375
v 0 1.0563 -1.4375
v 0 1.0562 -0.9375
v 0 0.9313 -0.9375
v 0 0.9312 -1.4375
v 0.125 1.0563 -1.4375
v 0.125 0.8063 -1.8125
v 0.1313 0.9312 -1.4375
v 0.1313 0.6812 -1.8125
v -0.125 1.0563 -1.4375
v -0.125 0.8063 -1.8125
v -0.1312 0.9312 -1.4375
v -0.1312 0.6812 -1.8125
v 0 0.8063 -1.8125
v 0 1.0563 -1.4375
v 0 0.9312 -1.4375
v 0 0.6812 -1.8125
vt 0.7188 0.6406
vt 0.7188 0.7031
vt 0.75 0.7031
vt 0.75 0.6406
vt 0.7496 0.6146
vt 0.7496 0.5501
vt 0.7193 0.5426
vt 0.7193 0.607
vt 0.125 0.9688
vt 0.1563 0.9688
vt 0.1563 1
vt 0.125 1
vt 0.75 0.25
vt 0.7813 0.25
vt 0.7813 0.3125
vt 0.75 0.3125
vt 0.75 0.3125
vt 0.7188 0.3125
vt 0.7188 0.25
vt 0.75 0.25
vt 0.75 0.3125
vt 0.7188 0.3125
vt 0.7188 0.25
vt 0.75 0.25
vt 0.1875 1
vt 0.1563 1
vt 0.1563 0.9688
vt 0.1875 0.9688
vt 0.75 0.25
vt 0.7813 0.25
vt 0.7813 0.3125
vt 0.75 0.3125
vt 0.556 0.2767
vt 0.5781 0.2546
vt 0.5118 0.2546
vt 0.5339 0.2767
vt 0.3502 0.2766
vt 0.3281 0.2544
vt 0.3944 0.2544
vt 0.3723 0.2766
vt 0.75 0.7969
vt 0.7813 0.7969
vt 0.7813 0.8594
vt 0.75 0.8594
vt 1 0.5938
vt 0.9688 0.5938
vt 0.9688 0.5781
vt 1 0.5781
vt 1 0.9063
vt 0.9688 0.9063
vt 0.9688 0.8438
vt 1 0.8438
vt 0.75 0.7344
vt 0.7813 0.7344
vt 0.7813 0.75
vt 0.75 0.75
vt 0.5137 0.2813
vt 0.5137 0.25
vt 0.3887 0.25
vt 0.3887 0.2813
vt 0.4688 0.2813
vt 0.4688 0.25
vt 0.3438 0.25
vt 0.3438 0.2813
vt 1 0.5625
vt 0.9688 0.5625
vt 0.9688 0.6875
vt 1 0.6875
vt 0.75 0.7344
vt 0.7813 0.7344
vt 0.7813 0.8594
vt 0.75 0.8594
vt 1 0.875
vt 0.9688 0.875
vt 0.9688 0.75
vt 1 0.75
vt 1 0.875
vt 0.9688 0.875
vt 0.9688 0.75
vt 1 0.75
vt 0.2681 0.2786
vt 0.2508 0.2526
vt 0.1381 0.2526
vt 0.1554 0.2786
vt 0.3091 0.2793
vt 0.2918 0.2532
vt 0.4044 0.2532
vt 0.4218 0.2793
vt 0.75 0.3594
vt 0.7188 0.3594
vt 0.7188 0.25
vt 0.75 0.25
vt 0 0.25
vt 0.0313 0.25
vt 0.0313 0.3594
vt 0 0.3594
vt 0.3281 1
vt 0.2969 1
vt 0.2969 0.9688
vt 0.3281 0.9688
vt 0.75 0.25
vt 0.7813 0.25
vt 0.7813 0.3594
vt 0.75 0.3594
vt 1 0.3594
vt 0.9688 0.3594
vt 0.9688 0.25
vt 1 0.25
vt 0.2656 0.9688
vt 0.2969 0.9688
vt 0.2969 1
vt 0.2656 1
vn 1 0.01 0.05
vn -1 0.01 0.05
vn 0 -1 0
vn 0 0.24 0.97
vn 0 -0.24 -0.97
vn 0 0.24 0.97
vn 0 -1 0
vn 0 -0.24 -0.97
vn 1 0.05 0.05
vn -1 0.05 0.05
vn 0 0.71 0.71
vn 0 -0.71 -0.71
vn 0 0.71 0.71
vn 0 -0.71 -0.71
vn 1 0.05 0
vn -1 0.05 0
vn 0 1 0
vn 0 -1 0
vn 0 1 0
vn 0 -1 0
vn 1 0.05 -0.03
vn -1 0.05 -0.03
vn 0 0.83 -0.55
vn 0 -0.83 0.55
vn 0 0 -1
vn 0 0.83 -0.55
vn 0 -0.83 0.55
vn 0 0 -1
usemtl common_steel_painted_norivets
f 4/1/1 2/2/1 1/3/1 3/4/1
f 7/5/2 5/6/2 6/7/2 8/8/2
f 8/9/3 11/10/3 10/11/3 7/12/3
f 7/13/4 10/14/4 9/15/4 5/16/4
usemtl common_steel_norivets
f 6/17/5 12/18/5 11/19/5 8/20/5
usemtl common_steel_painted_norivets
f 1/21/6 9/22/6 10/23/6 3/24/6
f 3/25/7 10/26/7 11/27/7 4/28/7
usemtl common_steel_norivets
f 4/29/8 11/30/8 12/31/8 2/32/8
usemtl common_steel_painted_norivets
f 16/33/9 14/34/9 13/35/9 15/36/9
f 19/37/10 17/38/10 18/39/10 20/40/10
f 17/41/11 22/42/11 21/43/11 18/44/11
usemtl common_steel_norivets
f 20/45/12 24/46/12 23/47/12 19/48/12
usemtl common_steel_painted_norivets
f 14/49/13 21/50/13 22/51/13 13/52/13
usemtl common_steel_norivets
f 15/53/14 23/54/14 24/55/14 16/56/14
usemtl common_steel_painted_norivets
f 28/57/15 26/58/15 25/59/15 27/60/15
f 31/61/16 29/62/16 30/63/16 32/64/16
f 29/65/17 34/66/17 33/67/17 30/68/17
usemtl common_steel_norivets
f 32/69/18 36/70/18 35/71/18 31/72/18
usemtl common_steel_painted_norivets
f 26/73/19 33/74/19 34/75/19 25/76/19
usemtl common_steel_norivets
f 27/77/20 35/78/20 36/79/20 28/80/20
usemtl common_steel_painted_norivets
f 40/81/21 38/82/21 37/83/21 39/84/21
f 43/85/22 41/86/22 42/87/22 44/88/22
f 41/89/23 46/90/23 45/91/23 42/92/23
usemtl common_steel_norivets
f 44/93/24 48/94/24 47/95/24 43/96/24
usemtl common_steel_painted_norivets
f 42/97/25 45/98/25 48/99/25 44/100/25
f 38/101/26 45/102/26 46/103/26 37/104/26
usemtl common_steel_norivets
f 39/105/27 47/106/27 48/107/27 40/108/27
usemtl common_steel_painted_norivets
f 40/109/28 48/110/28 45/111/28 38/112/28
o wheel
v -0.125 0.8717 -1.0938
v 0.125 0.8717 -1.0938
v -0.125 0.6217 -0.8438
v 0.125 0.6217 -0.8438
v -0.125 0.8717 -1.4688
v 0.125 0.8717 -1.4688
v -0.125 0.6217 -1.7188
v 0.125 0.6217 -1.7188
v -0.125 -0.0033 -1.0938
v 0.125 -0.0033 -1.0938
v -0.125 0.2467 -0.8438
v 0.125 0.2467 -0.8438
v -0.125 -0.0033 -1.4688
v 0.125 -0.0033 -1.4688
v -0.125 0.2467 -1.7188
v 0.125 0.2467 -1.7188
v -0.125 0.6217 -0.8438
v 0.125 0.6217 -0.8438
v -0.125 0.2467 -0.8438
v 0.125 0.2467 -0.8438
v -0.125 0.6217 -1.7188
v 0.125 0.6217 -1.7188
v -0.125 0.2467 -1.7188
v 0.125 0.2467 -1.7188
vt 0.8438 0.5625
vt 0.8438 0.7188
vt 0.7188 0.7188
vt 0.7188 0.5625
vt 0.2813 0.5625
vt 0.2813 0.7188
vt 0.1563 0.7188
vt 0.1563 0.5625
vt 0.4063 0.7188
vt 0.4063 0.8438
vt 0.5938 0.8438
vt 0.5938 0.7188
vt 0.7188 0.5938
vt 0.5938 0.7188
vt 0.4063 0.7188
vt 0.2813 0.5938
vt 0.2813 0.5938
vt 0.4063 0.7188
vt 0.5938 0.7188
vt 0.7188 0.5938
vt 0.7188 0.2813
vt 0.8438 0.2813
vt 0.8438 0.4375
vt 0.7188 0.4375
vt 0.1563 0.2813
vt 0.2813 0.2813
vt 0.2813 0.4375
vt 0.1563 0.4375
vt 0.4063 0.1563
vt 0.5938 0.1563
vt 0.5938 0.2813
vt 0.4063 0.2813
vt 0.4063 0.2813
vt 0.5938 0.2813
vt 0.7188 0.4063
vt 0.2813 0.4063
vt 0.5938 0.2813
vt 0.4063 0.2813
vt 0.2813 0.4063
vt 0.7188 0.4063
vt 0.8438 0.4063
vt 0.8438 0.5938
vt 0.7188 0.5938
vt 0.7188 0.4063
vt 0.2813 0.4063
vt 0.2813 0.5938
vt 0.1563 0.5938
vt 0.1563 0.4063
vt 0.7188 0.4063
vt 0.7188 0.5938
vt 0.2813 0.5938
vt 0.2813 0.4063
vt 0.2813 0.4063
vt 0.2813 0.5938
vt 0.7188 0.5938
vt 0.7188 0.4063
vn 0 0.71 0.71
vn 0 0.71 -0.71
vn 0 1 0
vn -1 0 0
vn 1 0 0
vn 0 -0.71 0.71
vn 0 -0.71 -0.71
vn 0 -1 0
vn -1 0 0
vn 1 0 0
vn 0 0 1
vn 0 0 -1
vn -1 0 0
vn 1 0 0
usemtl wheel_12_terrain
f 52/113/29 50/114/29 49/115/29 51/116/29
f 55/117/30 53/118/30 54/119/30 56/120/30
f 49/121/31 50/122/31 54/123/31 53/124/31
f 51/125/32 49/126/32 53/127/32 55/128/32
f 56/129/33 54/130/33 50/131/33 52/132/33
f 57/133/34 58/134/34 60/135/34 59/136/34
f 62/137/35 61/138/35 63/139/35 64/140/35
f 62/141/36 58/142/36 57/143/36 61/144/36
f 61/145/37 57/146/37 59/147/37 63/148/37
f 58/149/38 62/150/38 64/151/38 60/152/38
f 68/153/39 66/154/39 65/155/39 67/156/39
f 71/157/40 69/158/40 70/159/40 72/160/40
f 67/161/41 65/162/41 69/163/41 71/164/41
f 72/165/42 70/166/42 66/167/42 68/168/42
o suspension_wheel
v 0.3125 0.5 -1.225
v 0.3125 0.5 -1.35
v 0.3125 0.375 -1.225
v 0.3125 0.375 -1.35
v -0.3125 0.5 -1.225
v -0.3125 0.5 -1.35
v -0.3125 0.375 -1.225
v -0.3125 0.375 -1.35
v -0.1375 0.8593 -1.0228
v -0.1375 0.9016 -1.1135
v -0.1375 0.6328 -1.1285
v -0.1375 0.675 -1.2191
v -0.2375 0.8593 -1.0228
v -0.2375 0.9016 -1.1135
v -0.2375 0.6328 -1.1285
v -0.2375 0.675 -1.2191
v 0.2375 0.8593 -1.0228
v 0.2375 0.9016 -1.1135
v 0.2375 0.6328 -1.1285
v 0.2375 0.675 -1.2191
v 0.1375 0.8593 -1.0228
v 0.1375 0.9016 -1.1135
v 0.1375 0.6328 -1.1285
v 0.1375 0.675 -1.2191
v 0.25 0.6598 -1.1045
v 0.25 0.7136 -1.2173
v 0.25 0.4341 -1.2121
v 0.25 0.4879 -1.325
v 0.125 0.6598 -1.1045
v 0.125 0.7136 -1.2173
v 0.125 0.4341 -1.2121
v 0.125 0.4879 -1.325
v -0.125 0.6598 -1.1045
v -0.125 0.7136 -1.2173
v -0.125 0.4341 -1.2121
v -0.125 0.4879 -1.325
v -0.25 0.6598 -1.1045
v -0.25 0.7136 -1.2173
v -0.25 0.4341 -1.2121
v -0.25 0.4879 -1.325
vt 0.875 0.0938
vt 0.875 0.125
vt 0.9063 0.125
vt 0.9063 0.0938
vt 0.9063 0.0938
vt 0.875 0.0938
vt 0.875 0.125
vt 0.9063 0.125
vt 0.7969 0.1094
vt 0.7969 0.1406
vt 0.9531 0.1406
vt 0.9531 0.1094
vt 0.9531 0.1094
vt 0.9531 0.1406
vt 0.7969 0.1406
vt 0.7969 0.1094
vt 0.9531 0.1406
vt 0.9531 0.1094
vt 0.7969 0.1094
vt 0.7969 0.1406
vt 0.9531 0.1094
vt 0.9531 0.1406
vt 0.7969 0.1406
vt 0.7969 0.1094
vt 0.9688 0.0938
vt 0.9688 0.1563
vt 0.9375 0.1563
vt 0.9375 0.0938
vt 0.9688 0.0938
vt 0.9688 0.1563
vt 0.9375 0.1563
vt 0.9375 0.0938
vt 0.9375 0.0938
vt 0.9375 0.1563
vt 0.9688 0.1563
vt 0.9688 0.0938
vt 0.9375 0.0938
vt 0.9375 0.1563
vt 0.9688 0.1563
vt 0.9688 0.0938
vt 0.9688 0.0938
vt 0.9688 0.1563
vt 0.9375 0.1563
vt 0.9375 0.0938
vt 0.9688 0.0938
vt 0.9688 0.1563
vt 0.9375 0.1563
vt 0.9375 0.0938
vt 0.9375 0.0938
vt 0.9375 0.1563
vt 0.9688 0.1563
vt 0.9688 0.0938
vt 0.9375 0.0938
vt 0.9375 0.1563
vt 0.9688 0.1563
vt 0.9688 0.0938
vt 0.9688 0.625
vt 0.9688 0.6875
vt 1 0.6875
vt 1 0.625
vt 0.9531 0.625
vt 0.9531 0.6875
vt 0.9844 0.6875
vt 0.9844 0.625
vt 0.8125 0.2813
vt 0.8125 0.3125
vt 0.8438 0.3125
vt 0.8438 0.2813
vt 0.9688 0.6406
vt 0.9688 0.6719
vt 0.9375 0.6719
vt 0.9375 0.6406
vt 1 0.6406
vt 1 0.7031
vt 0.9688 0.7031
vt 0.9688 0.6406
vt 0.9844 0.625
vt 0.9844 0.6875
vt 0.9531 0.6875
vt 0.9531 0.625
vt 0.9688 0.625
vt 0.9688 0.6875
vt 1 0.6875
vt 1 0.625
vt 0.9531 0.625
vt 0.9531 0.6875
vt 0.9844 0.6875
vt 0.9844 0.625
vt 0.8125 0.2813
vt 0.8125 0.3125
vt 0.8438 0.3125
vt 0.8438 0.2813
vt 0.9688 0.6406
vt 0.9688 0.6719
vt 0.9375 0.6719
vt 0.9375 0.6406
vt 1 0.6406
vt 1 0.7031
vt 0.9688 0.7031
vt 0.9688 0.6406
vt 0.9844 0.625
vt 0.9844 0.6875
vt 0.9531 0.6875
vt 0.9531 0.625
vn 1 0 0
vn -1 0 0
vn 0 1 0
vn 0 -1 0
vn 0 0 1
vn 0 0 -1
vn 1 0 0
vn -1 0 0
vn 0 -0.42 0.91
vn 0 0.42 -0.91
vn 1 0 0
vn -1 0 0
vn 0 -0.42 0.91
vn 0 0.42 -0.91
vn 1 0 0
vn -1 0 0
vn 0 0.9 0.43
vn 0 -0.9 -0.43
vn 0 -0.43 0.9
vn 0 0.43 -0.9
vn 1 0 0
vn -1 0 0
vn 0 0.9 0.43
vn 0 -0.9 -0.43
vn 0 -0.43 0.9
vn 0 0.43 -0.9
usemtl common_steel_norivets
f 76/169/43 74/170/43 73/171/43 75/172/43
f 79/173/44 77/174/44 78/175/44 80/176/44
f 73/177/45 74/178/45 78/179/45 77/180/45
f 76/181/46 75/182/46 79/183/46 80/184/46
f 75/185/47 73/186/47 77/187/47 79/188/47
f 80/189/48 78/190/48 74/191/48 76/192/48
f 84/193/49 82/194/49 81/195/49 83/196/49
f 87/197/50 85/198/50 86/199/50 88/200/50
f 83/201/51 81/202/51 85/203/51 87/204/51
f 88/205/52 86/206/52 82/207/52 84/208/52
f 92/209/53 90/210/53 89/211/53 91/212/53
f 95/213/54 93/214/54 94/215/54 96/216/54
f 91/217/55 89/218/55 93/219/55 95/220/55
f 96/221/56 94/222/56 90/223/56 92/224/56
usemtl common_steel_painted_norivets
f 100/225/57 98/226/57 97/227/57 99/228/57
f 103/229/58 101/230/58 102/231/58 104/232/58
f 97/233/59 98/234/59 102/235/59 101/236/59
f 100/237/60 99/238/60 103/239/60 104/240/60
f 99/241/61 97/242/61 101/243/61 103/244/61
f 104/245/62 102/246/62 98/247/62 100/248/62
f 108/249/63 106/250/63 105/251/63 107/252/63
f 111/253/64 109/254/64 110/255/64 112/256/64
f 105/257/65 106/258/65 110/259/65 109/260/65
f 108/261/66 107/262/66 111/263/66 112/264/66
f 107/265/67 105/266/67 109/267/67 111/268/67
f 112/269/68 110/270/68 106/271/68 108/272/68
o gas
v 0.6602 1.5529 -0.2551
v 0.7735 1.5529 -0.3079
v 0.6602 1.4279 -0.2551
v 0.7735 1.4279 -0.3079
v 0.581 1.5529 -0.425
v 0.6943 1.5529 -0.4779
v 0.581 1.4279 -0.425
v 0.6943 1.4279 -0.4779
vt 0.375 0.75
vt 0.375 0.8125
vt 0.3125 0.8125
vt 0.3125 0.75
vt 0.375 0.75
vt 0.375 0.8125
vt 0.3125 0.8125
vt 0.3125 0.75
vt 0.375 0.75
vt 0.375 0.8125
vt 0.2813 0.8125
vt 0.2813 0.75
vt 0.375 0.75
vt 0.375 0.8125
vt 0.2813 0.8125
vt 0.2813 0.75
vt 0.375 0.75
vt 0.375 0.8125
vt 0.2813 0.8125
vt 0.2813 0.75
vt 0.375 0.75
vt 0.375 0.8125
vt 0.2813 0.8125
vt 0.2813 0.75
vn 0.42 0 0.91
vn -0.42 0 -0.91
vn 0 1 0
vn 0 -1 0
vn -0.91 0 0.42
vn 0.91 0 -0.42
usemtl tracked_motorbike
f 116/273/69 114/274/69 113/275/69 115/276/69
f 119/277/70 117/278/70 118/279/70 120/280/70
f 113/281/71 114/282/71 118/283/71 117/284/71
f 116/285/72 115/286/72 119/287/72 120/288/72
f 115/289/73 113/290/73 117/291/73 119/292/73
f 120/293/74 118/294/74 114/295/74 116/296/74
o cluch
v -0.8271 1.5313 -0.3846
v -0.5711 1.5313 -0.5639
v -0.8271 1.4688 -0.3846
v -0.5711 1.4688 -0.5639
v -0.8629 1.5313 -0.4358
v -0.6069 1.5313 -0.6151
v -0.8629 1.4688 -0.4358
v -0.6069 1.4688 -0.6151
vt 0.8438 0.125
vt 0.8438 0.1406
vt 0.9219 0.1406
vt 0.9219 0.125
vt 0.8438 0.125
vt 0.8438 0.1406
vt 0.9219 0.1406
vt 0.9219 0.125
vt 0.8438 0.0625
vt 0.8438 0.1406
vt 0.8594 0.1406
vt 0.8594 0.0625
vt 0.8438 0.0625
vt 0.8438 0.1406
vt 0.8594 0.1406
vt 0.8594 0.0625
vt 0.8438 0.125
vt 0.8438 0.1406
vt 0.8594 0.1406
vt 0.8594 0.125
vt 0.8438 0.125
vt 0.8438 0.1406
vt 0.8594 0.1406
vt 0.8594 0.125
vn 0.57 0 0.82
vn -0.57 0 -0.82
vn 0 1 0
vn 0 -1 0
vn -0.82 0 0.57
vn 0.82 0 -0.57
usemtl common_steel
f 124/297/75 122/298/75 121/299/75 123/300/75
f 127/301/76 125/302/76 126/303/76 128/304/76
f 121/305/77 122/306/77 126/307/77 125/308/77
f 124/309/78 123/310/78 127/311/78 128/312/78
f 123/313/79 121/314/79 125/315/79 127/316/79
f 128/317/80 126/318/80 122/319/80 124/320/80
o brake
v 0.8544 1.5313 -0.4724
v 0.5984 1.5313 -0.6517
v 0.8544 1.4688 -0.4724
v 0.5984 1.4688 -0.6517
v 0.8185 1.5313 -0.4213
v 0.5625 1.5313 -0.6005
v 0.8185 1.4688 -0.4213
v 0.5625 1.4688 -0.6005
vt 0.9063 0.1406
vt 0.9063 0.1563
vt 0.8281 0.1563
vt 0.8281 0.1406
vt 0.9063 0.1406
vt 0.9063 0.1563
vt 0.8281 0.1563
vt 0.8281 0.1406
vt 0.8438 0.0781
vt 0.8438 0.1563
vt 0.8281 0.1563
vt 0.8281 0.0781
vt 0.8438 0.0781
vt 0.8438 0.1563
vt 0.8281 0.1563
vt 0.8281 0.0781
vt 0.8438 0.1406
vt 0.8438 0.1563
vt 0.8281 0.1563
vt 0.8281 0.1406
vt 0.8438 0.1406
vt 0.8438 0.1563
vt 0.8281 0.1563
vt 0.8281 0.1406
vn 0.57 0 -0.82
vn -0.57 0 0.82
vn 0 1 0
vn 0 -1 0
vn 0.82 0 0.57
vn -0.82 0 -0.57
usemtl common_steel
f 132/321/81 130/322/81 129/323/81 131/324/81
f 135/325/82 133/326/82 134/327/82 136/328/82
f 129/329/83 130/330/83 134/331/83 133/332/83
f 132/333/84 131/334/84 135/335/84 136/336/84
f 131/337/85 129/338/85 133/339/85 135/340/85
f 136/341/86 134/342/86 130/343/86 132/344/86
o key
v 0.2188 1.5071 -0.6554
v 0.2188 1.5383 -0.7096
v 0.2188 1.453 -0.6867
v 0.2188 1.4842 -0.7408
v 0.0938 1.5071 -0.6554
v 0.0938 1.5383 -0.7096
v 0.0938 1.453 -0.6867
v 0.0938 1.4842 -0.7408
v 0.1875 1.5242 -0.7122
v 0.1875 1.4919 -0.833
v 0.1875 1.4639 -0.6961
v 0.1875 1.4315 -0.8168
v 0.125 1.5242 -0.7122
v 0.125 1.4919 -0.833
v 0.125 1.4639 -0.6961
v 0.125 1.4315 -0.8168
vt 0.0625 0.9688
vt 0.0625 1
vt 0.0313 1
vt 0.0313 0.9688
vt 0.0313 0.9688
vt 0.0313 1
vt 0 1
vt 0 0.9688
vt 0.0625 0.9688
vt 0.0625 1
vt 0 1
vt 0 0.9688
vt 0.0625 0.9688
vt 0.0625 1
vt 0 1
vt 0 0.9688
vt 0.0625 0.9688
vt 0.0625 1
vt 0 1
vt 0 0.9688
vt 0 0.9688
vt 0 1
vt 0.0625 1
vt 0.0625 0.9688
vt 0.8594 0.1094
vt 0.8594 0.125
vt 0.8281 0.125
vt 0.8281 0.1094
vt 0.8594 0.1094
vt 0.8594 0.125
vt 0.8281 0.125
vt 0.8281 0.1094
vt 0.8438 0.0938
vt 0.8438 0.125
vt 0.8281 0.125
vt 0.8281 0.0938
vt 0.8438 0.0938
vt 0.8438 0.125
vt 0.8281 0.125
vt 0.8281 0.0938
vt 0.8438 0.1094
vt 0.8438 0.125
vt 0.8281 0.125
vt 0.8281 0.1094
vn 1 0 0
vn -1 0 0
vn 0 0.87 0.5
vn 0 -0.87 -0.5
vn 0 -0.5 0.87
vn 0 0.5 -0.87
vn 1 0 0
vn -1 0 0
vn 0 0.97 -0.26
vn 0 -0.97 0.26
vn 0 -0.26 -0.97
usemtl tracked_motorbike
f 140/345/87 138/346/87 137/347/87 139/348/87
f 143/349/88 141/350/88 142/351/88 144/352/88
f 137/353/89 138/354/89 142/355/89 141/356/89
f 140/357/90 139/358/90 143/359/90 144/360/90
f 139/361/91 137/362/91 141/363/91 143/364/91
f 144/365/92 142/366/92 138/367/92 140/368/92
usemtl common_steel_norivets
f 148/369/93 146/370/93 145/371/93 147/372/93
f 151/373/94 149/374/94 150/375/94 152/376/94
f 145/377/95 146/378/95 150/379/95 149/380/95
f 148/381/96 147/382/96 151/383/96 152/384/96
f 152/385/97 150/386/97 146/387/97 148/388/97
o steering_wheel
v 0.1875 1.5542 -0.8609
v 0.1875 1.5517 -1.1484
v 0.1875 1.6161 -0.924
v 0.1875 1.6142 -1.1489
v 0.25 1.5542 -0.8609
v 0.25 1.5522 -1.0859
v 0.25 1.6161 -0.924
v 0.25 1.6147 -1.0864
v -0.1875 1.6161 -0.924
v -0.1875 1.6142 -1.1489
v -0.1875 1.5542 -0.8609
v -0.1875 1.5517 -1.1484
v -0.25 1.6161 -0.924
v -0.25 1.6147 -1.0864
v -0.25 1.5542 -0.8609
v -0.25 1.5522 -1.0859
v 0.5986 1.5392 -0.4336
v 0.6779 1.5389 -0.4705
v 0.5986 1.4517 -0.4328
v 0.6779 1.4514 -0.4698
v 0.5775 1.5388 -0.4789
v 0.6568 1.5385 -0.5159
v 0.5775 1.4513 -0.4781
v 0.6568 1.451 -0.5151
v 0.5605 1.5576 -0.4711
v 0.6738 1.5571 -0.5239
v 0.5605 1.4326 -0.47
v 0.6738 1.4321 -0.5229
v 0.3835 1.5543 -0.8506
v 0.4951 1.5538 -0.9018
v 0.3835 1.4293 -0.8495
v 0.4951 1.4288 -0.9007
v -0.3835 1.5543 -0.8506
v -0.4942 1.5538 -0.9018
v -0.3835 1.4293 -0.8495
v -0.4942 1.4288 -0.9007
v -0.374 1.5543 -0.8547
v -0.374 1.5532 -0.9797
v -0.374 1.4293 -0.8536
v -0.374 1.4282 -0.9786
v 0.3835 1.5543 -0.8506
v 0.4951 1.5538 -0.9018
v 0.3835 1.4293 -0.8495
v 0.4951 1.4288 -0.9007
v 0.375 1.5543 -0.8547
v 0.375 1.5532 -0.9797
v 0.375 1.4293 -0.8536
v 0.375 1.4282 -0.9786
v 0.375 1.5543 -0.8547
v 0.375 1.5532 -0.9797
v 0.375 1.4293 -0.8536
v 0.375 1.4282 -0.9786
v -0.375 1.5543 -0.8547
v -0.375 1.5532 -0.9797
v -0.375 1.4293 -0.8536
v -0.375 1.4282 -0.9786
v -0.5605 1.5576 -0.4711
v -0.6738 1.5571 -0.5239
v -0.5605 1.4326 -0.47
v -0.6738 1.4321 -0.5229
v -0.3835 1.5543 -0.8506
v -0.4942 1.5538 -0.9018
v -0.3835 1.4293 -0.8495
v -0.4942 1.4288 -0.9007
v -0.5986 1.5392 -0.4336
v -0.6779 1.5389 -0.4705
v -0.5986 1.4517 -0.4328
v -0.6779 1.4514 -0.4698
v -0.5775 1.5388 -0.4789
v -0.6568 1.5385 -0.5159
v -0.5775 1.4513 -0.4781
v -0.6568 1.451 -0.5151
v -0.125 0.9434 -0.9734
v -0.125 0.9973 -1.0862
v -0.125 0.8306 -1.0272
v -0.125 0.8844 -1.1401
v -0.25 0.9434 -0.9734
v -0.25 0.9973 -1.0862
v -0.25 0.8306 -1.0272
v -0.25 0.8844 -1.1401
v 0.25 0.9434 -0.9734
v 0.25 0.9973 -1.0862
v 0.25 0.8306 -1.0272
v 0.25 0.8844 -1.1401
v 0.125 0.9434 -0.9734
v 0.125 0.9973 -1.0862
v 0.125 0.8306 -1.0272
v 0.125 0.8844 -1.1401
v 0.25 1.0563 -0.9196
v 0.25 1.1101 -1.0324
v 0.25 0.9434 -0.9734
v 0.25 0.9973 -1.0862
v -0.25 1.0563 -0.9196
v -0.25 1.1101 -1.0324
v -0.25 0.9434 -0.9734
v -0.25 0.9973 -1.0862
v 0 1.1101 -1.0324
v 0 0.9973 -1.0862
v 0 0.9434 -0.9734
v 0 1.0563 -0.9196
v 0.0625 1.4283 -0.8539
v 0.0625 1.4294 -0.9789
v 0.0625 1.0538 -0.9213
v 0.0625 1.0549 -1.0463
v -0.0625 1.4283 -0.8539
v -0.0625 1.4294 -0.9789
v -0.0625 1.0538 -0.9213
v -0.0625 1.0549 -1.0463
v -0.0312 1.6434 -0.8907
v -0.0312 1.3356 -0.8364
v -0.0312 1.6521 -0.8414
v -0.0312 1.3443 -0.7872
v -0.3437 1.6434 -0.8907
v -0.3437 1.3356 -0.8364
v -0.3437 1.6521 -0.8414
v -0.3437 1.3443 -0.7872
v -0.6632 1.5571 -0.2558
v -0.7761 1.5571 -0.3096
v -0.6632 1.4321 -0.2558
v -0.7761 1.4321 -0.3096
v -0.5825 1.5571 -0.425
v -0.6953 1.5571 -0.4788
v -0.5825 1.4321 -0.425
v -0.6953 1.4321 -0.4788
v 0.2813 1.5818 -0.8798
v 0.2813 1.3356 -0.8364
v 0.2813 1.5905 -0.8306
v 0.2813 1.3443 -0.7872
v 0.0313 1.5818 -0.8798
v 0.0313 1.3356 -0.8364
v 0.0313 1.5905 -0.8306
v 0.0313 1.3443 -0.7872
v 0.5915 1.6995 -0.8137
v 0.5951 1.6989 -0.8761
v 0.621 1.6445 -0.8114
v 0.6247 1.6439 -0.8738
v 0.4615 1.5546 -0.8125
v 0.4615 1.5546 -0.875
v 0.5076 1.5123 -0.8125
v 0.5076 1.5123 -0.875
v 0.7686 1.9066 -0.8125
v 0.7686 1.9066 -0.875
v 0.8841 1.6849 -0.8125
v 0.8841 1.6849 -0.875
v 0.5469 1.7912 -0.8125
v 0.5469 1.7912 -0.875
v 0.6623 1.5694 -0.8125
v 0.6623 1.5694 -0.875
v -0.5915 1.6995 -0.8137
v -0.5951 1.6989 -0.8761
v -0.621 1.6445 -0.8114
v -0.6247 1.6439 -0.8738
v -0.4615 1.5546 -0.8125
v -0.4615 1.5546 -0.875
v -0.5076 1.5123 -0.8125
v -0.5076 1.5123 -0.875
v -0.7686 1.9066 -0.8125
v -0.7686 1.9066 -0.875
v -0.8841 1.6849 -0.8125
v -0.8841 1.6849 -0.875
v -0.5469 1.7912 -0.8125
v -0.5469 1.7912 -0.875
v -0.6623 1.5694 -0.8125
v -0.6623 1.5694 -0.875
v 0.0938 1.7079 -1.1604
v 0.0938 1.7003 -1.2225
v 0.0938 1.5218 -1.1376
v 0.0938 1.5142 -1.1996
v -0.0937 1.7079 -1.1604
v -0.0937 1.7003 -1.2225
v -0.0937 1.5218 -1.1376
v -0.0937 1.5142 -1.1996
v 0.125 1.801 -1.1719
v 0.125 1.7857 -1.2959
v 0.125 1.7389 -1.1642
v 0.125 1.7237 -1.2883
v -0.125 1.801 -1.1719
v -0.125 1.7857 -1.2959
v -0.125 1.7389 -1.1642
v -0.125 1.7237 -1.2883
v 0.125 1.7542 -1.0402
v 0.1875 1.8086 -1.1098
v 0.125 1.506 -1.0097
v 0.1875 1.4364 -1.0641
v -0.125 1.7542 -1.0402
v -0.1875 1.8086 -1.1098
v -0.125 1.506 -1.0097
v -0.1875 1.4364 -1.0641
v 0.125 1.6301 -1.0249
v -0.125 1.6301 -1.0249
v -0.1875 1.6225 -1.087
v 0.1875 1.6225 -1.087
v 0 1.6301 -1.0249
v 0 1.506 -1.0097
v 0 1.4364 -1.0641
v 0 1.8086 -1.1098
v 0 1.7542 -1.0402
v 0.1875 1.801 -1.1719
v 0.1875 1.7857 -1.2959
v 0.1875 1.4288 -1.1262
v 0.1875 1.4135 -1.2502
v 0.125 1.801 -1.1719
v 0.125 1.7857 -1.2959
v 0.125 1.4288 -1.1262
v 0.125 1.4135 -1.2502
v -0.125 1.801 -1.1719
v -0.125 1.7857 -1.2959
v -0.125 1.4288 -1.1262
v -0.125 1.4135 -1.2502
v -0.1875 1.801 -1.1719
v -0.1875 1.7857 -1.2959
v -0.1875 1.4288 -1.1262
v -0.1875 1.4135 -1.2502
v 0.125 1.4908 -1.1338
v 0.125 1.4756 -1.2578
v 0.125 1.4288 -1.1262
v 0.125 1.4135 -1.2502
v -0.125 1.4908 -1.1338
v -0.125 1.4756 -1.2578
v -0.125 1.4288 -1.1262
v -0.125 1.4135 -1.2502
v 0.1875 1.8086 -1.1098
v 0.1875 1.801 -1.1719
v 0.1875 1.4364 -1.0641
v 0.1875 1.4288 -1.1262
v -0.1875 1.8086 -1.1098
v -0.1875 1.801 -1.1719
v -0.1875 1.4364 -1.0641
v -0.1875 1.4288 -1.1262
v -0.125 1.7277 -1.2551
v -0.125 1.4791 -1.229
v 0.125 1.7277 -1.2551
v 0.125 1.4791 -1.229
vt 0.9 0.6094
vt 0.9 0.625
vt 0.8281 0.625
vt 0.8438 0.6094
vt 0.9 0.6094
vt 0.9156 0.625
vt 0.8594 0.625
vt 0.8594 0.6094
vt 0.8438 0.6
vt 0.8438 0.6719
vt 0.8281 0.6563
vt 0.8281 0.6
vt 0.8594 0.6156
vt 0.8594 0.6719
vt 0.8438 0.6719
vt 0.8438 0.6313
vt 0.9219 0.6029
vt 0.9219 0.625
vt 0.9063 0.625
vt 0.9063 0.6029
vt 0.8502 0.6094
vt 0.8502 0.625
vt 0.8281 0.625
vt 0.8281 0.6094
vt 0.9 0.6094
vt 0.9 0.625
vt 0.8438 0.625
vt 0.8281 0.6094
vt 0.9156 0.625
vt 0.9 0.6406
vt 0.8594 0.6406
vt 0.8594 0.625
vt 0.8281 0.6156
vt 0.8281 0.6719
vt 0.8125 0.6563
vt 0.8125 0.6156
vt 0.8438 0.6156
vt 0.8438 0.6875
vt 0.8281 0.6875
vt 0.8281 0.6313
vt 0.9219 0.6029
vt 0.9219 0.625
vt 0.9063 0.625
vt 0.9063 0.6029
vt 0.8502 0.6094
vt 0.8502 0.625
vt 0.8281 0.625
vt 0.8281 0.6094
vt 0.7094 0.525
vt 0.7094 0.5469
vt 0.6875 0.5469
vt 0.6875 0.525
vt 0.8656 0.5719
vt 0.8656 0.5938
vt 0.8438 0.5938
vt 0.8438 0.5719
vt 0.8563 0.6094
vt 0.8563 0.625
vt 0.8438 0.625
vt 0.8438 0.6094
vt 0.6375 0.5781
vt 0.6375 0.5938
vt 0.625 0.5938
vt 0.625 0.5781
vt 0.6688 0.5469
vt 0.6688 0.5625
vt 0.6563 0.5625
vt 0.6563 0.5469
vt 0.8563 0.5938
vt 0.8563 0.6094
vt 0.8438 0.6094
vt 0.8438 0.5938
vt 0.8125 0.2813
vt 0.8125 0.3125
vt 0.8438 0.3125
vt 0.8438 0.2813
vt 0.4641 0.25
vt 0.4641 0.2813
vt 0.3594 0.2813
vt 0.3594 0.25
vt 0.2297 0.25
vt 0.2297 0.2813
vt 0.125 0.2813
vt 0.125 0.25
vt 0.3859 0.9688
vt 0.3859 1
vt 0.2813 1
vt 0.2813 0.9688
vt 0.3391 0.25
vt 0.3391 0.2813
vt 0.2344 0.2813
vt 0.2344 0.25
vt 0.1397 0.9719
vt 0.1755 0.9719
vt 0.159 0.9984
vt 0.1567 0.9982
vt 0.8898 0.9691
vt 0.8918 0.9688
vt 0.9063 1
vt 0.875 1
vt 0.596 1
vt 0.5938 1
vt 0.5938 0.9688
vt 0.596 0.9688
vt 0.2188 0.9688
vt 0.1875 0.9688
vt 0.1875 1
vt 0.2188 1
vt 0.1471 1
vt 0.1636 0.9688
vt 0.1278 0.9688
vt 0.1449 0.9997
vt 0.8906 1
vt 0.9051 0.9688
vt 0.907 0.9691
vt 0.9219 1
vt 0.6585 0.9688
vt 0.6585 1
vt 0.6563 1
vt 0.6563 0.9688
vt 0.2813 1
vt 0.2813 0.9688
vt 0.25 0.9688
vt 0.25 1
vt 0.4063 1
vt 0.4063 0.9688
vt 0.2188 0.9688
vt 0.2188 1
vt 0.5938 1
vt 0.5938 0.9688
vt 0.4063 0.9688
vt 0.4063 1
vt 0.375 0.9688
vt 0.375 1
vt 0.5625 1
vt 0.5625 0.9688
vt 0.1719 1
vt 0.1719 0.9688
vt 0.3594 0.9688
vt 0.3594 1
vt 0.8438 0.3125
vt 0.8125 0.3125
vt 0.8125 0.2813
vt 0.8438 0.2813
vt 0.3078 0.9688
vt 0.2031 0.9688
vt 0.2031 1
vt 0.3078 1
vt 0.3859 0.9688
vt 0.2813 0.9688
vt 0.2813 1
vt 0.3859 1
vt 0.4172 1
vt 0.3125 1
vt 0.3125 0.9688
vt 0.4172 0.9688
vt 0.4797 0.9688
vt 0.375 0.9688
vt 0.375 1
vt 0.4797 1
vt 0.6625 0.5469
vt 0.6406 0.5469
vt 0.6406 0.525
vt 0.6625 0.525
vt 0.8031 0.5781
vt 0.7813 0.5781
vt 0.7813 0.5563
vt 0.8031 0.5563
vt 0.8094 0.5938
vt 0.7969 0.5938
vt 0.7969 0.5781
vt 0.8094 0.5781
vt 0.7938 0.6094
vt 0.7813 0.6094
vt 0.7969 0.5938
vt 0.7938 0.5938
vt 0.825 0.5781
vt 0.8125 0.5781
vt 0.8125 0.5625
vt 0.825 0.5625
vt 0.8092 0.5939
vt 0.7967 0.5937
vt 0.7971 0.5782
vt 0.8252 0.5784
vt 0.7813 0.6563
vt 0.7813 0.6875
vt 0.75 0.6875
vt 0.75 0.6563
vt 0.7188 0.6563
vt 0.7188 0.6875
vt 0.75 0.6875
vt 0.75 0.6563
vt 0.8438 0.2813
vt 0.8438 0.3125
vt 0.8125 0.3125
vt 0.8125 0.2813
vt 0.7656 0.6719
vt 0.7656 0.7031
vt 0.7344 0.7031
vt 0.7344 0.6719
vt 0.75 0.6563
vt 0.75 0.6875
vt 0.7188 0.6875
vt 0.7188 0.6563
vt 0.75 0.6563
vt 0.75 0.6875
vt 0.7813 0.6875
vt 0.7813 0.6563
vt 0.75 0.6563
vt 0.75 0.6875
vt 0.7188 0.6875
vt 0.7188 0.6563
vt 0.8125 0.2813
vt 0.8125 0.3125
vt 0.8438 0.3125
vt 0.8438 0.2813
vt 0.7656 0.6719
vt 0.7656 0.7031
vt 0.7344 0.7031
vt 0.7344 0.6719
vt 0.7188 0.6563
vt 0.7188 0.6875
vt 0.75 0.6875
vt 0.75 0.6563
vt 0 0.6719
vt 0 0.7031
vt 0.0313 0.7031
vt 0.0313 0.6719
vt 0.0313 0.6563
vt 0.0313 0.6875
vt 0 0.6875
vt 0 0.6563
vt 0.2344 1
vt 0.2969 1
vt 0.2969 0.9688
vt 0.2344 0.9688
vt 0.8594 0.0938
vt 0.7969 0.0938
vt 0.7969 0.0625
vt 0.8594 0.0625
vt 0.9375 0.9375
vt 0.875 0.9375
vt 0.875 0.9688
vt 0.9375 0.9688
vt 1 0.9688
vt 0.9375 0.9688
vt 0.9375 1
vt 1 1
vt 0 1
vt 0.0625 1
vt 0.0625 0.9688
vt 0 0.9688
vt 0.7344 0.0625
vt 0.7969 0.0625
vt 0.7969 0.0938
vt 0.7344 0.0938
vt 0.875 0.9688
vt 0.9375 0.9688
vt 0.9375 0.9375
vt 0.875 0.9375
vt 0.5156 0.9688
vt 0.4531 0.9688
vt 0.4531 1
vt 0.5156 1
vt 0.9688 0.6563
vt 0.8438 0.6563
vt 0.8438 0.625
vt 0.9688 0.625
vt 0.9688 0.6563
vt 0.8438 0.6563
vt 0.8438 0.625
vt 0.9688 0.625
vt 0.8438 0.6563
vt 0.8125 0.6563
vt 0.8125 0.625
vt 0.8438 0.625
vt 0.8594 0.6563
vt 0.8281 0.6563
vt 0.8281 0.625
vt 0.8594 0.625
vt 0.8438 0.625
vt 0.9688 0.625
vt 0.9688 0.6563
vt 0.8438 0.6563
vt 0.8438 0.625
vt 0.9688 0.625
vt 0.9688 0.6563
vt 0.8438 0.6563
vt 0.3094 0.8125
vt 0.2969 0.8125
vt 0.2969 0.7344
vt 0.3094 0.7344
vt 0.3125 0.8
vt 0.3125 0.8125
vt 0.2344 0.8125
vt 0.2344 0.8
vt 0.625 0
vt 0.625 0.0781
vt 0.5469 0.0781
vt 0.5469 0
vt 0.2344 0.7344
vt 0.2344 0.8125
vt 0.3125 0.8125
vt 0.3125 0.7344
vt 0.3125 0.7969
vt 0.3125 0.8125
vt 0.2344 0.8125
vt 0.2344 0.7969
vt 0.3125 0.75
vt 0.3125 0.7344
vt 0.2344 0.7344
vt 0.2344 0.75
vt 0.25 0.8125
vt 0.1875 0.8125
vt 0.1875 0.75
vt 0.25 0.75
vt 0.25 0.8125
vt 0.1875 0.8125
vt 0.1875 0.75
vt 0.25 0.75
vt 0.25 0.8125
vt 0.1563 0.8125
vt 0.1563 0.75
vt 0.25 0.75
vt 0.25 0.8125
vt 0.1563 0.8125
vt 0.1563 0.75
vt 0.25 0.75
vt 0.25 0.8125
vt 0.1563 0.8125
vt 0.1563 0.75
vt 0.25 0.75
vt 0.25 0.8125
vt 0.1563 0.8125
vt 0.1563 0.75
vt 0.25 0.75
vt 0.4063 0.1875
vt 0.375 0.1875
vt 0.375 0.3125
vt 0.4063 0.3125
vt 0.3125 0.3125
vt 0.2813 0.3125
vt 0.2813 0.1875
vt 0.3125 0.1875
vt 0.4063 0.3125
vt 0.4063 0.1875
vt 0.2813 0.1875
vt 0.2813 0.3125
vt 0.4063 0.1875
vt 0.4063 0.3125
vt 0.2813 0.3125
vt 0.2813 0.1875
vt 0.4063 0.2813
vt 0.4063 0.3125
vt 0.2813 0.3125
vt 0.2813 0.2813
vt 0.4063 0.1875
vt 0.4063 0.2188
vt 0.2813 0.2188
vt 0.2813 0.1875
vt 0.2813 0.6094
vt 0.2813 0.625
vt 0.2656 0.625
vt 0.2656 0.6094
vt 0.0156 0.9844
vt 0.0156 1
vt 0 1
vt 0 0.9844
vt 0.5469 0.3281
vt 0.5469 0.3438
vt 0.5 0.3438
vt 0.5 0.3281
vt 0.5469 0.3281
vt 0.5469 0.3438
vt 0.5 0.3438
vt 0.5 0.3281
vt 0.5469 0.2969
vt 0.5469 0.3125
vt 0.5 0.3125
vt 0.5 0.2969
vt 0.5469 0.3281
vt 0.5469 0.3438
vt 0.5 0.3438
vt 0.5 0.3281
vt 0.9063 0.4219
vt 0.9063 0.4844
vt 0.8906 0.4844
vt 0.8906 0.4219
vt 0.8594 0.4219
vt 0.8594 0.4844
vt 0.8438 0.4844
vt 0.8438 0.4219
vt 0.9063 0.4688
vt 0.9063 0.4844
vt 0.8438 0.4844
vt 0.8438 0.4688
vt 0.9063 0.4219
vt 0.9063 0.4375
vt 0.8438 0.4375
vt 0.8438 0.4219
vt 0.9063 0.4219
vt 0.9063 0.4844
vt 0.8438 0.4844
vt 0.8438 0.4219
vt 0.9375 0.7188
vt 0.9375 0.7813
vt 1 0.7813
vt 1 0.7188
vt 0.2656 0.625
vt 0.2813 0.625
vt 0.2813 0.6094
vt 0.2656 0.6094
vt 0 1
vt 0.0156 1
vt 0.0156 0.9844
vt 0 0.9844
vt 0.5 0.3438
vt 0.5469 0.3438
vt 0.5469 0.3281
vt 0.5 0.3281
vt 0.5 0.3438
vt 0.5469 0.3438
vt 0.5469 0.3281
vt 0.5 0.3281
vt 0.5 0.3125
vt 0.5469 0.3125
vt 0.5469 0.2969
vt 0.5 0.2969
vt 0.5 0.3438
vt 0.5469 0.3438
vt 0.5469 0.3281
vt 0.5 0.3281
vt 0.8906 0.4844
vt 0.9063 0.4844
vt 0.9063 0.4219
vt 0.8906 0.4219
vt 0.8438 0.4844
vt 0.8594 0.4844
vt 0.8594 0.4219
vt 0.8438 0.4219
vt 0.8438 0.4844
vt 0.9063 0.4844
vt 0.9063 0.4688
vt 0.8438 0.4688
vt 0.8438 0.4375
vt 0.9063 0.4375
vt 0.9063 0.4219
vt 0.8438 0.4219
vt 0.8438 0.4844
vt 0.9063 0.4844
vt 0.9063 0.4219
vt 0.8438 0.4219
vt 1 0.7813
vt 0.9375 0.7813
vt 0.9375 0.7188
vt 1 0.7188
vt 0.0625 0.5625
vt 0.0625 0.75
vt 0 0.75
vt 0 0.5625
vt 0.1875 0.5625
vt 0.1875 0.75
vt 0.125 0.75
vt 0.125 0.5625
vt 0.1875 0.6875
vt 0.1875 0.75
vt 0 0.75
vt 0 0.6875
vt 0.1875 0.5625
vt 0.1875 0.625
vt 0 0.625
vt 0 0.5625
vt 0.1875 0.5625
vt 0.1875 0.75
vt 0 0.75
vt 0 0.5625
vt 0.9219 0.2813
vt 0.9219 0.25
vt 0.8594 0.25
vt 0.8594 0.2813
vt 0.8594 0.2344
vt 0.8594 0.25
vt 0.9219 0.25
vt 0.9219 0.2344
vt 0.9063 0.9688
vt 0.9063 1
vt 0.8438 1
vt 0.8438 0.9688
vt 0 0.6094
vt 0 0.5781
vt 0.0156 0.5781
vt 0.0156 0.625
vt 0.7188 0.7188
vt 0.7188 0.6719
vt 0.7344 0.6719
vt 0.7344 0.7031
vt 0.8438 0.9844
vt 0.875 0.9844
vt 0.875 1
vt 0.8281 1
vt 0.4375 0.9844
vt 0.4844 0.9844
vt 0.4844 1
vt 0.4531 1
vt 0 0.9688
vt 0.0313 0.9688
vt 0.0313 1
vt 0 1
vt 0 0
vt 0.0313 0
vt 0.0313 0.0313
vt 0 0.0313
vt 0.7344 0.6406
vt 0.7344 0.6719
vt 0.7188 0.6719
vt 0.7188 0.625
vt 0.0156 0.5313
vt 0.0156 0.5781
vt 0 0.5781
vt 0 0.5469
vt 0.75 0.0313
vt 0.7188 0.0313
vt 0.7188 0
vt 0.75 0
vt 0.5156 1
vt 0.4844 1
vt 0.4844 0.9844
vt 0.5313 0.9844
vt 0.9219 1
vt 0.875 1
vt 0.875 0.9844
vt 0.9063 0.9844
vt 0.75 1
vt 0.7188 1
vt 0.7188 0.9688
vt 0.75 0.9688
vt 1 0.625
vt 1 0.7188
vt 0.9688 0.7188
vt 0.9688 0.625
vt 0.7813 0.4844
vt 0.7813 0.5781
vt 0.75 0.5781
vt 0.75 0.4844
vt 0.8594 0.9688
vt 0.8594 1
vt 0.8438 1
vt 0.8438 0.9688
vt 0.8906 0.25
vt 0.8906 0.2813
vt 0.875 0.2813
vt 0.875 0.25
vt 1 0.5
vt 1 0.5938
vt 0.9844 0.5938
vt 0.9844 0.5
vt 1 0.625
vt 1 0.7188
vt 0.9688 0.7188
vt 0.9688 0.625
vt 0.7813 0.4844
vt 0.7813 0.5781
vt 0.75 0.5781
vt 0.75 0.4844
vt 0.8594 0.9688
vt 0.8594 1
vt 0.8438 1
vt 0.8438 0.9688
vt 0.8906 0.25
vt 0.8906 0.2813
vt 0.875 0.2813
vt 0.875 0.25
vt 1 0.5
vt 1 0.5938
vt 0.9844 0.5938
vt 0.9844 0.5
vt 0.9219 0.2813
vt 0.9219 0.25
vt 0.8594 0.25
vt 0.8594 0.2813
vt 0.9063 1
vt 0.9063 0.9688
vt 0.8438 0.9688
vt 0.8438 1
vt 0.8594 0.2344
vt 0.8594 0.25
vt 0.9219 0.25
vt 0.9219 0.2344
vt 0.7813 0.4219
vt 0.7813 0.5156
vt 0.7656 0.5156
vt 0.7656 0.4219
vt 0.9844 0.625
vt 0.9844 0.5313
vt 0.9688 0.5313
vt 0.9688 0.625
vt 0.8906 0.2656
vt 0.8906 0.2813
vt 0.7969 0.2813
vt 0.7969 0.2656
vt 0.9063 0.2656
vt 0.9063 0.2813
vt 0.8125 0.2813
vt 0.8125 0.2656
vt 0.8281 0.0625
vt 0.9219 0.0625
vt 0.9219 0.1563
vt 0.8281 0.1563
vt 0.25 0.75
vt 0.25 1
vt 0 1
vt 0 0.75
vn -1 0 0
vn 1 0 0
vn 0 -1 0.01
vn 0 1 -0.01
vn 0 0.71 0.7
vn 0.71 -0.01 -0.71
vn 1 0 0
vn -1 0 0
vn 0 1 -0.01
vn 0 -1 0.01
vn 0 0.71 0.7
vn -0.71 -0.01 -0.71
vn 0.42 0.01 0.91
vn -0.42 -0.01 -0.91
vn 0 1 -0.01
vn 0 -1 0.01
vn -0.91 0 0.42
vn 0.91 0 -0.42
vn 0.42 0.01 0.91
vn 0 1 -0.01
vn 0 -1 0.01
vn -0.91 0 0.42
vn 0.9 0 -0.43
vn 0 1 -0.01
vn 0 -1 0.01
vn 0.4 0.01 0.92
vn -0.54 -0.01 -0.84
vn 0 1 -0.01
vn 0 -1 0.01
vn -0.43 0.01 0.9
vn 0.54 -0.01 -0.84
vn 0 1 -0.01
vn 0 -1 0.01
vn 0 0.01 1
vn 0 -0.01 -1
vn -0.42 0.01 0.91
vn 0 1 -0.01
vn 0 -1 0.01
vn 0.91 0 0.42
vn -0.9 0 -0.43
vn -0.42 0.01 0.91
vn 0.42 -0.01 -0.91
vn 0 1 -0.01
vn 0 -1 0.01
vn 0.91 0 0.42
vn -0.91 0 -0.42
vn 1 0 0
vn -1 0 0
vn 0 -0.9 -0.43
vn 0 -0.43 0.9
vn 0 0.43 -0.9
vn 1 0 0
vn -1 0 0
vn 0 -0.9 -0.43
vn 0 -0.43 0.9
vn 0 0.43 -0.9
vn 1 0 0
vn -1 0 0
vn 0 0.9 0.43
vn 0 -0.9 -0.43
vn 0 -0.43 0.9
vn 0 0.43 -0.9
vn 0 0.43 -0.9
vn 0 -0.9 -0.43
vn 0 -0.43 0.9
vn 0 0.9 0.43
vn 1 0 0
vn -1 0 0
vn 0 1 0.01
vn 0 -1 -0.01
vn 0 -0.18 0.98
vn 0 0.18 -0.98
vn 1 0 0
vn -1 0 0
vn 0 -0.17 -0.98
vn 0 0.17 0.98
vn 0 0.98 -0.17
vn 0 -0.98 0.17
vn -0.43 0 0.9
vn 0.43 0 -0.9
vn 0 1 0
vn 0 -1 0
vn 0.9 0 0.43
vn -0.9 0 -0.43
vn 1 0 0
vn -1 0 0
vn 0 -0.17 -0.98
vn 0 0.17 0.98
vn 0 0.98 -0.17
vn 0 -0.98 0.17
vn 0.88 0.47 0.05
vn -0.68 -0.74 0
vn -0.73 0.68 -0.05
vn 0.76 -0.65 0.05
vn -0.02 0.03 1
vn 0 0 -1
vn 0.89 0.46 0
vn -0.89 -0.46 0
vn -0.46 0.89 0
vn 0.46 -0.89 0
vn 0 0 1
vn 0 0 -1
vn -0.88 0.47 0.05
vn 0.68 -0.74 0
vn 0.73 0.68 -0.05
vn -0.76 -0.65 0.05
vn 0.02 0.03 1
vn 0 0 -1
vn -0.89 0.46 0
vn 0.89 -0.46 0
vn 0.46 0.89 0
vn -0.46 -0.89 0
vn 0 0 1
vn 0 0 -1
vn 1 0 0
vn -1 0 0
vn 0 0.99 -0.12
vn 0 -0.99 0.12
vn 0 -0.12 -0.99
vn 0 0.99 -0.12
vn 0 -0.12 -0.99
vn 0 -0.99 0.12
vn 0.71 0.09 0.7
vn -0.71 0.09 0.7
vn 0 0.79 0.62
vn 0 -0.62 0.79
vn 0 0.12 0.99
vn 0 0.12 0.99
vn -0.71 0.09 0.7
vn 0.71 0.09 0.7
vn 0 0.12 0.99
vn 0 -0.62 0.79
vn 0 0.79 0.62
vn 0 0.12 0.99
vn 1 0 0
vn -1 0 0
vn 0 0.99 -0.12
vn 0 -0.99 0.12
vn 0 -0.12 -0.99
vn 1 0 0
vn -1 0 0
vn 0 0.99 -0.12
vn 0 -0.99 0.12
vn 0 -0.12 -0.99
vn 0 0.99 -0.12
vn 0 -0.99 0.12
vn 0 -0.12 -0.99
vn 1 0 0
vn -1 0 0
vn 0 0.99 -0.12
vn 0 -0.99 0.12
vn 0 -0.12 -0.99
vn 0 -0.1 -0.99
usemtl common_steel_norivets
f 156/389/98 154/390/98 153/391/98 155/392/98
f 159/393/99 157/394/99 158/395/99 160/396/99
f 153/397/100 154/398/100 158/399/100 157/400/100
f 156/401/101 155/402/101 159/403/101 160/404/101
f 155/405/102 153/406/102 157/407/102 159/408/102
f 160/409/103 158/410/103 154/411/103 156/412/103
f 164/413/104 162/414/104 161/415/104 163/416/104
f 167/417/105 165/418/105 166/419/105 168/420/105
f 161/421/106 162/422/106 166/423/106 165/424/106
f 164/425/107 163/426/107 167/427/107 168/428/107
f 163/429/108 161/430/108 165/431/108 167/432/108
f 168/433/109 166/434/109 162/435/109 164/436/109
f 172/437/110 170/438/110 169/439/110 171/440/110
f 175/441/111 173/442/111 174/443/111 176/444/111
f 169/445/112 170/446/112 174/447/112 173/448/112
f 172/449/113 171/450/113 175/451/113 176/452/113
f 171/453/114 169/454/114 173/455/114 175/456/114
f 176/457/115 174/458/115 170/459/115 172/460/115
usemtl common_steel_painted_norivets
f 180/461/116 178/462/116 177/463/116 179/464/116
f 177/465/117 178/466/117 182/467/117 181/468/117
f 180/469/118 179/470/118 183/471/118 184/472/118
f 179/473/119 177/474/119 181/475/119 183/476/119
f 184/477/120 182/478/120 178/479/120 180/480/120
f 190/481/121 186/482/121 185/483/121 189/484/121
f 191/485/122 187/486/122 188/487/122 192/488/122
f 189/489/123 185/490/123 187/491/123 191/492/123
f 186/493/124 190/494/124 192/495/124 188/496/124
f 193/497/125 194/498/125 198/499/125 197/500/125
f 196/501/126 195/502/126 199/503/126 200/504/126
f 195/505/127 193/506/127 197/507/127 199/508/127
f 200/509/128 198/510/128 194/511/128 196/512/128
f 201/513/129 202/514/129 206/515/129 205/516/129
f 204/517/130 203/518/130 207/519/130 208/520/130
f 203/521/131 201/522/131 205/523/131 207/524/131
f 208/525/132 206/526/132 202/527/132 204/528/132
f 209/529/133 210/530/133 212/531/133 211/532/133
f 214/533/134 210/534/134 209/535/134 213/536/134
f 215/537/135 211/538/135 212/539/135 216/540/135
f 213/541/136 209/542/136 211/543/136 215/544/136
f 210/545/137 214/546/137 216/547/137 212/548/137
usemtl common_steel_norivets
f 217/549/138 218/550/138 220/551/138 219/552/138
f 222/553/139 221/554/139 223/555/139 224/556/139
f 222/557/140 218/558/140 217/559/140 221/560/140
f 223/561/141 219/562/141 220/563/141 224/564/141
f 221/565/142 217/566/142 219/567/142 223/568/142
f 218/569/143 222/570/143 224/571/143 220/572/143
usemtl common_steel_painted_norivets
f 228/573/144 226/574/144 225/575/144 227/576/144
f 231/577/145 229/578/145 230/579/145 232/580/145
f 228/581/146 227/582/146 231/583/146 232/584/146
f 227/585/147 225/586/147 229/587/147 231/588/147
f 232/589/148 230/590/148 226/591/148 228/592/148
f 236/593/149 234/594/149 233/595/149 235/596/149
f 239/597/150 237/598/150 238/599/150 240/600/150
f 236/601/151 235/602/151 239/603/151 240/604/151
f 235/605/152 233/606/152 237/607/152 239/608/152
f 240/609/153 238/610/153 234/611/153 236/612/153
f 244/613/154 242/614/154 241/615/154 243/616/154
f 247/617/155 245/618/155 246/619/155 248/620/155
f 242/621/156 249/622/156 252/623/156 241/624/156
f 243/625/157 251/626/157 250/627/157 244/628/157
f 241/629/158 252/630/158 251/631/158 243/632/158
f 244/633/159 250/634/159 249/635/159 242/636/159
f 246/637/160 249/638/160 250/639/160 248/640/160
f 248/641/161 250/642/161 251/643/161 247/644/161
f 247/645/162 251/646/162 252/647/162 245/648/162
f 245/649/163 252/650/163 249/651/163 246/652/163
usemtl common_steel_norivets
f 256/653/164 254/654/164 253/655/164 255/656/164
f 259/657/165 257/658/165 258/659/165 260/660/165
f 253/661/166 254/662/166 258/663/166 257/664/166
f 256/665/167 255/666/167 259/667/167 260/668/167
f 255/669/168 253/670/168 257/671/168 259/672/168
f 260/673/169 258/674/169 254/675/169 256/676/169
usemtl common_thingies
f 264/677/170 262/678/170 261/679/170 263/680/170
f 267/681/171 265/682/171 266/683/171 268/684/171
f 261/685/172 262/686/172 266/687/172 265/688/172
f 264/689/173 263/690/173 267/691/173 268/692/173
f 263/693/174 261/694/174 265/695/174 267/696/174
f 268/697/175 266/698/175 262/699/175 264/700/175
usemtl tracked_motorbike
f 269/701/176 270/702/176 272/703/176 271/704/176
f 274/705/177 273/706/177 275/707/177 276/708/177
f 274/709/178 270/710/178 269/711/178 273/712/178
f 275/713/179 271/714/179 272/715/179 276/716/179
f 273/717/180 269/718/180 271/719/180 275/720/180
f 270/721/181 274/722/181 276/723/181 272/724/181
f 280/725/182 278/726/182 277/727/182 279/728/182
f 283/729/183 281/730/183 282/731/183 284/732/183
f 277/733/184 278/734/184 282/735/184 281/736/184
f 280/737/185 279/738/185 283/739/185 284/740/185
f 279/741/186 277/742/186 281/743/186 283/744/186
f 284/745/187 282/746/187 278/747/187 280/748/187
usemtl common_steel_norivets
f 288/749/188 286/750/188 285/751/188 287/752/188
f 291/753/189 289/754/189 290/755/189 292/756/189
f 285/757/190 286/758/190 290/759/190 289/760/190
f 288/761/191 287/762/191 291/763/191 292/764/191
f 287/765/192 285/766/192 289/767/192 291/768/192
f 292/769/193 290/770/193 286/771/193 288/772/193
usemtl common_thingies
f 296/773/194 294/774/194 293/775/194 295/776/194
f 299/777/195 297/778/195 298/779/195 300/780/195
f 293/781/196 294/782/196 298/783/196 297/784/196
f 296/785/197 295/786/197 299/787/197 300/788/197
f 295/789/198 293/790/198 297/791/198 299/792/198
f 300/793/199 298/794/199 294/795/199 296/796/199
usemtl common_steel_norivets
f 301/797/200 302/798/200 304/799/200 303/800/200
f 306/801/201 305/802/201 307/803/201 308/804/201
f 306/805/202 302/806/202 301/807/202 305/808/202
f 307/809/203 303/810/203 304/811/203 308/812/203
f 305/813/204 301/814/204 303/815/204 307/816/204
f 302/817/205 306/818/205 308/819/205 304/820/205
usemtl common_thingies
f 309/821/206 310/822/206 312/823/206 311/824/206
f 314/825/207 313/826/207 315/827/207 316/828/207
f 314/829/208 310/830/208 309/831/208 313/832/208
f 315/833/209 311/834/209 312/835/209 316/836/209
f 313/837/210 309/838/210 311/839/210 315/840/210
f 310/841/211 314/842/211 316/843/211 312/844/211
usemtl vehicle_lights
f 320/845/212 318/846/212 317/847/212 319/848/212
f 323/849/213 321/850/213 322/851/213 324/852/213
f 317/853/214 318/854/214 322/855/214 321/856/214
f 320/857/215 319/858/215 323/859/215 324/860/215
f 324/861/216 322/862/216 318/863/216 320/864/216
usemtl common_steel_painted_norivets
f 325/865/217 326/866/217 330/867/217 329/868/217
f 332/869/218 330/870/218 326/871/218 328/872/218
f 328/873/219 327/874/219 331/875/219 332/876/219
f 333/877/220 341/878/220 344/879/220 334/880/220
f 338/881/221 343/882/221 342/883/221 337/884/221
f 337/885/222 349/886/222 348/887/222 338/888/222
f 340/889/223 347/890/223 346/891/223 339/892/223
f 342/893/224 345/894/224 349/895/224 337/896/224
f 339/897/225 346/898/225 345/899/225 342/900/225
f 339/901/226 342/902/226 343/903/226 340/904/226
f 336/905/227 344/906/227 341/907/227 335/908/227
f 341/909/228 345/910/228 346/911/228 335/912/228
f 335/913/229 346/914/229 347/915/229 336/916/229
f 334/917/230 348/918/230 349/919/230 333/920/230
f 333/921/231 349/922/231 345/923/231 341/924/231
f 353/925/232 351/926/232 350/927/232 352/928/232
f 356/929/233 354/930/233 355/931/233 357/932/233
f 350/933/234 351/934/234 355/935/234 354/936/234
f 353/937/235 352/938/235 356/939/235 357/940/235
f 357/941/236 355/942/236 351/943/236 353/944/236
f 361/945/237 359/946/237 358/947/237 360/948/237
f 364/949/238 362/950/238 363/951/238 365/952/238
f 358/953/239 359/954/239 363/955/239 362/956/239
f 361/957/240 360/958/240 364/959/240 365/960/240
f 365/961/241 363/962/241 359/963/241 361/964/241
f 366/965/242 367/966/242 371/967/242 370/968/242
f 369/969/243 368/970/243 372/971/243 373/972/243
f 373/973/244 371/974/244 367/975/244 369/976/244
f 377/977/245 375/978/245 374/979/245 376/980/245
f 380/981/246 378/982/246 379/983/246 381/984/246
f 374/985/247 375/986/247 379/987/247 378/988/247
f 377/989/248 376/990/248 380/991/248 381/992/248
f 379/993/249 375/994/249 377/995/249 381/996/249
usemtl vehicle_lights
f 383/997/250 382/998/250 384/999/250 385/1000/250
o shaft
v 0.4375 0.625 1.6875
v 0.4375 0.625 0.75
v 0.4375 0.5 1.6875
v 0.4375 0.5 0.75
v 0.3125 0.625 1.6875
v 0.3125 0.625 0.75
v 0.3125 0.5 1.6875
v 0.3125 0.5 0.75
vt 0.7656 0.2344
vt 0.7969 0.2344
vt 0.7969 0
vt 0.7656 0
vt 0.7969 0
vt 0.7656 0
vt 0.7656 0.2344
vt 0.7969 0.2344
vt 0.7969 0
vt 0.7969 0.2344
vt 0.7656 0.2344
vt 0.7656 0
vt 0.7656 0.2344
vt 0.7656 0
vt 0.7969 0
vt 0.7969 0.2344
vn 1 0 0
vn -1 0 0
vn 0 1 0
vn 0 -1 0
usemtl common_cable_and_pipe
f 389/1001/251 387/1002/251 386/1003/251 388/1004/251
f 392/1005/252 390/1006/252 391/1007/252 393/1008/252
f 386/1009/253 387/1010/253 391/1011/253 390/1012/253
f 389/1013/254 388/1014/254 392/1015/254 393/1016/254
o crip
v 0.0938 1.3525 -0.8338
v 0.0938 1.3947 -1.0165
v 0.0938 1.1089 -0.8901
v 0.0938 1.1511 -1.0728
v -0.0937 1.3525 -0.8338
v -0.0937 1.3947 -1.0165
v -0.0937 1.1089 -0.8901
v -0.0937 1.1511 -1.0728
v -0.0937 1.2729 -1.0446
v 0.0938 1.2729 -1.0446
v 0.0938 1.2307 -0.8619
v -0.0937 1.2307 -0.8619
v 0.2188 1.3125 -0.875
v 0.1813 1.3125 -0.9625
v 0.2188 1.1875 -0.875
v 0.1813 1.1875 -0.9625
v 0.0938 1.3125 -0.875
v 0.0938 1.3125 -1
v 0.0938 1.1875 -0.875
v 0.0938 1.1875 -1
v 0.2188 1.3125 -0.5625
v 0.2188 1.1875 -0.5625
v 0.0938 1.3125 -0.5625
v 0.0938 1.1875 -0.5625
v -0.2187 1.1875 -0.875
v -0.1813 1.1875 -0.9625
v -0.2187 1.3125 -0.875
v -0.1813 1.3125 -0.9625
v -0.0937 1.1875 -0.875
v -0.0937 1.1875 -1
v -0.0937 1.3125 -0.875
v -0.0937 1.3125 -1
v -0.2187 1.1875 -0.5625
v -0.2187 1.3125 -0.5625
v -0.0937 1.1875 -0.5625
v -0.0937 1.3125 -0.5625
v 0.1375 1.4129 -1.1383
v 0.1375 1.0805 -1.1969
v 0.1375 1.402 -1.0768
v 0.1375 1.0697 -1.1354
v -0.1375 1.4129 -1.1383
v -0.1375 1.0805 -1.1969
v -0.1375 1.402 -1.0768
v -0.1375 1.0697 -1.1354
v 0.0828 1.3466 -1.0865
v 0.0828 1.1004 -1.13
v 0.0828 1.3358 -1.025
v 0.0828 1.0896 -1.0684
v -0.0828 1.3466 -1.0865
v -0.0828 1.1004 -1.13
v -0.0828 1.3358 -1.025
v -0.0828 1.0896 -1.0684
vt 0.9063 1
vt 0.9063 0.9688
vt 0.9531 0.9688
vt 0.9531 1
vt 0.875 1
vt 0.875 0.9688
vt 0.9219 0.9688
vt 0.9219 1
vt 0.9063 0.2344
vt 0.9063 0.2813
vt 0.8594 0.2813
vt 0.8594 0.2344
vt 0.9063 0.2344
vt 0.9063 0.2813
vt 0.8594 0.2813
vt 0.8594 0.2344
vt 0.875 1
vt 0.875 0.9688
vt 0.9219 0.9688
vt 0.9219 1
vt 0.875 1
vt 0.875 0.9688
vt 0.9219 0.9688
vt 0.9219 1
vt 0.8906 0.25
vt 0.8906 0.2813
vt 0.8438 0.2813
vt 0.8438 0.25
vt 0.9219 0.25
vt 0.9219 0.2813
vt 0.875 0.2813
vt 0.875 0.25
vt 0.8906 0.25
vt 0.8906 0.2813
vt 0.8438 0.2813
vt 0.8438 0.25
vt 0.8906 0.25
vt 0.8906 0.2813
vt 0.8438 0.2813
vt 0.8438 0.25
vt 0.1176 0.2813
vt 0.1176 0.25
vt 0.0938 0.25
vt 0.0938 0.2813
vt 0.375 0.2188
vt 0.375 0.25
vt 0.4063 0.25
vt 0.4063 0.2188
vt 0.9688 1
vt 1 1
vt 1 0.9688
vt 0.9688 0.9688
vt 1 1
vt 1 0.9688
vt 0.9688 0.9688
vt 0.9688 1
vt 0.0938 0.2813
vt 0.0938 0.25
vt 0.125 0.25
vt 0.125 0.2813
vt 0.0781 0.2813
vt 0.0781 0.25
vt 0.1563 0.25
vt 0.1563 0.2813
vt 0.8906 0.4531
vt 0.8906 0.4844
vt 0.9688 0.4844
vt 0.9688 0.4531
vt 0.875 1
vt 0.9531 1
vt 0.9531 0.9688
vt 0.875 0.9688
vt 1 0.8594
vt 1 0.9375
vt 0.9688 0.9375
vt 0.9688 0.8594
vt 0.1176 0.25
vt 0.1176 0.2813
vt 0.0938 0.2813
vt 0.0938 0.25
vt 0.375 0.2188
vt 0.375 0.25
vt 0.4063 0.25
vt 0.4063 0.2188
vt 0.9688 1
vt 1 1
vt 1 0.9688
vt 0.9688 0.9688
vt 1 1
vt 1 0.9688
vt 0.9688 0.9688
vt 0.9688 1
vt 0.0938 0.25
vt 0.0938 0.2813
vt 0.125 0.2813
vt 0.125 0.25
vt 0.0781 0.25
vt 0.0781 0.2813
vt 0.1563 0.2813
vt 0.1563 0.25
vt 0.8906 0.4531
vt 0.8906 0.4844
vt 0.9688 0.4844
vt 0.9688 0.4531
vt 0.875 1
vt 0.9531 1
vt 0.9531 0.9688
vt 0.875 0.9688
vt 1 0.8594
vt 1 0.9375
vt 0.9688 0.9375
vt 0.9688 0.8594
vt 0.7813 0.5156
vt 0.7656 0.5156
vt 0.7656 0.4219
vt 0.7813 0.4219
vt 0.7813 0.5156
vt 0.7656 0.5156
vt 0.7656 0.4219
vt 0.7813 0.4219
vt 0.8438 0.5156
vt 0.8438 0.4219
vt 0.7656 0.4219
vt 0.7656 0.5156
vt 0.8438 0.4219
vt 0.8438 0.5156
vt 0.7656 0.5156
vt 0.7656 0.4219
vt 0.8438 0.5
vt 0.8438 0.5156
vt 0.7656 0.5156
vt 0.7656 0.5
vt 0.8438 0.5
vt 0.8438 0.5156
vt 0.7656 0.5156
vt 0.7656 0.5
vt 0.2656 0.2656
vt 0.2813 0.2656
vt 0.2813 0.3281
vt 0.2656 0.3281
vt 0.25 0.2656
vt 0.2656 0.2656
vt 0.2656 0.3281
vt 0.25 0.3281
vt 0.2813 0.2656
vt 0.2813 0.3281
vt 0.25 0.3281
vt 0.25 0.2656
vt 0.2813 0.3125
vt 0.2813 0.3281
vt 0.25 0.3281
vt 0.25 0.3125
vn 1 0 0
vn -1 0 0
vn 0 0.97 0.22
vn 0 -0.97 -0.22
vn 0 -0.22 0.97
vn 0 0.22 -0.97
vn 0 0.22 -0.97
vn 1 0 0
vn 0 -0.22 0.97
vn -1 0 0
vn 0.92 0 -0.39
vn -1 0 0
vn 0 1 0
vn 0 -1 0
vn 0.39 0 -0.92
vn 1 0 0
vn -1 0 0
vn 0 1 0
vn 0 -1 0
vn -0.92 0 -0.39
vn 1 0 0
vn 0 -1 0
vn 0 1 0
vn -0.39 0 -0.92
vn -1 0 0
vn 1 0 0
vn 0 -1 0
vn 0 1 0
vn 1 0 0
vn -1 0 0
vn 0 0.17 -0.98
vn 0 -0.17 0.98
vn 0 0.98 0.17
vn 0 -0.98 -0.17
vn 1 0 0
vn -1 0 0
vn 0 -0.17 0.98
vn 0 0.98 0.17
usemtl common_steel_painted_norivets
f 394/1017/255 404/1018/255 403/1019/255 395/1020/255
f 399/1021/256 402/1022/256 405/1023/256 398/1024/256
f 394/1025/257 395/1026/257 399/1027/257 398/1028/257
f 397/1029/258 396/1030/258 400/1031/258 401/1032/258
f 398/1033/259 405/1034/259 404/1035/259 394/1036/259
f 395/1037/260 403/1038/260 402/1039/260 399/1040/260
f 401/1041/261 402/1042/261 403/1043/261 397/1044/261
f 397/1045/262 403/1046/262 404/1047/262 396/1048/262
f 396/1049/263 404/1050/263 405/1051/263 400/1052/263
f 400/1053/264 405/1054/264 402/1055/264 401/1056/264
f 409/1057/265 407/1058/265 406/1059/265 408/1060/265
f 412/1061/266 410/1062/266 411/1063/266 413/1064/266
f 406/1065/267 407/1066/267 411/1067/267 410/1068/267
f 409/1069/268 408/1070/268 412/1071/268 413/1072/268
f 413/1073/269 411/1074/269 407/1075/269 409/1076/269
f 408/1077/270 406/1078/270 414/1079/270 415/1080/270
f 417/1081/271 416/1082/271 410/1083/271 412/1084/271
f 414/1085/272 406/1086/272 410/1087/272 416/1088/272
f 408/1089/273 415/1090/273 417/1091/273 412/1092/273
f 421/1093/274 419/1094/274 418/1095/274 420/1096/274
f 424/1097/275 422/1098/275 423/1099/275 425/1100/275
f 418/1101/276 419/1102/276 423/1103/276 422/1104/276
f 421/1105/277 420/1106/277 424/1107/277 425/1108/277
f 425/1109/278 423/1110/278 419/1111/278 421/1112/278
f 420/1113/279 418/1114/279 426/1115/279 427/1116/279
f 429/1117/280 428/1118/280 422/1119/280 424/1120/280
f 426/1121/281 418/1122/281 422/1123/281 428/1124/281
f 420/1125/282 427/1126/282 429/1127/282 424/1128/282
usemtl tracked_motorbike2_paint
f 433/1129/283 431/1130/283 430/1131/283 432/1132/283
f 436/1133/284 434/1134/284 435/1135/284 437/1136/284
f 430/1137/285 431/1138/285 435/1139/285 434/1140/285
f 433/1141/286 432/1142/286 436/1143/286 437/1144/286
f 432/1145/287 430/1146/287 434/1147/287 436/1148/287
f 437/1149/288 435/1150/288 431/1151/288 433/1152/288
usemtl tracked_motorbike2
f 441/1153/289 439/1154/289 438/1155/289 440/1156/289
f 444/1157/290 442/1158/290 443/1159/290 445/1160/290
f 441/1161/291 440/1162/291 444/1163/291 445/1164/291
f 440/1165/292 438/1166/292 442/1167/292 444/1168/292
o rod
v 0.4375 1.3125 1.6875
v 0.4375 1.3125 1.625
v -0.25 1.3125 1.6875
v -0.25 1.3125 1.625
v 0.4375 1.375 1.6875
v 0.4375 1.375 1.625
v -0.25 1.375 1.6875
v -0.25 1.375 1.625
vt 0.0313 0.7813
vt 0.0313 0.9531
vt 0.0156 0.9531
vt 0.0156 0.7813
vt 0.0313 0.7813
vt 0.0313 0.9531
vt 0.0156 0.9531
vt 0.0156 0.7813
vt 0.0313 0.9375
vt 0.0313 0.9531
vt 0.0156 0.9531
vt 0.0156 0.9375
vt 0.0313 0.9375
vt 0.0313 0.9531
vt 0.0156 0.9531
vt 0.0156 0.9375
vt 0.0313 0.7813
vt 0.0313 0.9531
vt 0.0156 0.9531
vt 0.0156 0.7813
vt 0.0313 0.7813
vt 0.0313 0.9531
vt 0.0156 0.9531
vt 0.0156 0.7813
vn 0 -1 0
vn 0 1 0
vn 1 0 0
vn -1 0 0
vn 0 0 1
vn 0 0 -1
usemtl common_steel_norivets
f 449/1169/293 447/1170/293 446/1171/293 448/1172/293
f 452/1173/294 450/1174/294 451/1175/294 453/1176/294
f 446/1177/295 447/1178/295 451/1179/295 450/1180/295
f 449/1181/296 448/1182/296 452/1183/296 453/1184/296
f 448/1185/297 446/1186/297 450/1187/297 452/1188/297
f 453/1189/298 451/1190/298 447/1191/298 449/1192/298
o radio
v 0.3156 1.4375 0.9344
v 0.3156 1.6875 0.9344
v 0.0031 1.4375 0.9357
v 0.0031 1.6875 0.9357
v 0.3178 1.4375 1.4344
v 0.3178 1.6875 1.4344
v 0.0053 1.4375 1.4357
v 0.0053 1.6875 1.4357
v 0.1607 1.6875 1.2476
v 0.1607 1.75 1.2476
v -0.0268 1.6875 1.2484
v -0.0268 1.75 1.2484
v 0.1613 1.6875 1.3726
v 0.1613 1.75 1.3726
v -0.0262 1.6875 1.3734
v -0.0262 1.75 1.3734
v 0.0032 1.4375 0.9514
v 0.0032 1.6719 0.9514
v -0.0593 1.4375 0.9516
v -0.0593 1.6719 0.9516
v 0.0052 1.4375 1.4201
v 0.0052 1.6719 1.4201
v -0.0573 1.4375 1.4204
v -0.0573 1.6719 1.4204
v -0.0594 1.4375 0.936
v -0.0594 1.6875 0.936
v -0.3094 1.4375 0.9371
v -0.3094 1.6875 0.9371
v -0.0572 1.4375 1.436
v -0.0572 1.6875 1.436
v -0.3072 1.4375 1.4371
v -0.3072 1.6875 1.4371
v 0.1596 1.6875 0.9976
v 0.1596 1.75 0.9976
v -0.0278 1.6875 0.9984
v -0.0278 1.75 0.9984
v 0.1602 1.6875 1.1226
v 0.1602 1.75 1.1226
v -0.0273 1.6875 1.1234
v -0.0273 1.75 1.1234
v 0.2484 1.6552 1.4327
v 0.0609 1.6552 1.4327
v 0.2484 1.4677 1.4311
v 0.0609 1.4677 1.4311
v 0.2484 1.6546 1.4952
v 0.0609 1.6546 1.4952
v 0.2484 1.4672 1.4936
v 0.0609 1.4672 1.4936
v 0.2172 1.7174 1.4645
v 0.0922 1.7174 1.4645
v 0.2172 1.4049 1.4618
v 0.0922 1.4049 1.4618
v 0.2172 1.7163 1.5895
v 0.0922 1.7163 1.5895
v 0.2172 1.4038 1.5868
v 0.0922 1.4038 1.5868
v 0.1859 2.7171 1.5045
v 0.1234 2.7171 1.5045
v 0.1859 1.7171 1.4958
v 0.1234 1.7171 1.4958
v 0.1859 2.7166 1.567
v 0.1234 2.7166 1.567
v 0.1859 1.7166 1.5583
v 0.1234 1.7166 1.5583
vt 0.375 0.1875
vt 0.375 0.5
vt 0.125 0.5
vt 0.125 0.1875
vt 0.375 0.1875
vt 0.375 0.5
vt 0.125 0.5
vt 0.125 0.1875
vt 1 0.5
vt 0.75 0.5
vt 0.75 0
vt 1 0
vt 1 0.5
vt 0.75 0.5
vt 0.75 0
vt 1 0
vt 1 1
vt 0.6875 1
vt 0.6875 0.5
vt 1 0.5
vt 1 1
vt 0.6875 1
vt 0.6875 0.5
vt 1 0.5
vt 0.8125 0.3125
vt 0.8125 0.5
vt 0.75 0.5
vt 0.75 0.3125
vt 0.875 0.3125
vt 0.875 0.5
vt 0.8125 0.5
vt 0.8125 0.3125
vt 0.75 0.4375
vt 0.75 0.5
vt 0.875 0.5
vt 0.875 0.4375
vt 0.75 0.3125
vt 0.75 0.375
vt 0.875 0.375
vt 0.875 0.3125
vt 0.875 0.3125
vt 0.875 0.5
vt 0.75 0.5
vt 0.75 0.3125
vt 0.1875 0.625
vt 0.1875 0.6875
vt 0 0.6875
vt 0 0.625
vt 0.375 0.625
vt 0.375 0.6875
vt 0.1875 0.6875
vt 0.1875 0.625
vt 0.4375 0.6875
vt 0.4375 0.75
vt 0 0.75
vt 0 0.6875
vt 0.4375 0.5625
vt 0.4375 0.625
vt 0 0.625
vt 0 0.5625
vt 0.25 0.75
vt 0.25 1
vt 0 1
vt 0 0.75
vt 1 0.75
vt 1 1
vt 0.75 1
vt 0.75 0.75
vt 0.75 0.75
vt 0.75 1
vt 0.25 1
vt 0.25 0.75
vt 1 0.5
vt 1 0.75
vt 0.5 0.75
vt 0.5 0.5
vt 0.75 0.75
vt 0.75 1
vt 0.25 1
vt 0.25 0.75
vt 0.75 0.75
vt 0.75 1
vt 0.25 1
vt 0.25 0.75
vt 0.9375 0.3125
vt 0.9375 0.5
vt 0.875 0.5
vt 0.875 0.3125
vt 1 0.3125
vt 1 0.5
vt 0.9375 0.5
vt 0.9375 0.3125
vt 0.875 0.4375
vt 0.875 0.5
vt 1 0.5
vt 1 0.4375
vt 0.875 0.3125
vt 0.875 0.375
vt 1 0.375
vt 1 0.3125
vt 1 0.3125
vt 1 0.5
vt 0.875 0.5
vt 0.875 0.3125
vt 0.75 0
vt 0.75 0.1875
vt 0.5625 0.1875
vt 0.5625 0
vt 0.75 0.1875
vt 0.5625 0.1875
vt 0.5625 0.125
vt 0.75 0.125
vt 0.5625 0.0625
vt 0.75 0.0625
vt 0.75 0
vt 0.5625 0
vt 0.75 0
vt 0.75 0.1875
vt 0.6875 0.1875
vt 0.6875 0
vt 0.625 0
vt 0.625 0.1875
vt 0.5625 0.1875
vt 0.5625 0
vt 0 0.125
vt 0 0.4375
vt 0.125 0.4375
vt 0.125 0.125
vt 0 0.125
vt 0 0.4375
vt 0.125 0.4375
vt 0.125 0.125
vt 0.125 0.4375
vt 0.125 0.5625
vt 0 0.5625
vt 0 0.4375
vt 0.125 0
vt 0.125 0.125
vt 0 0.125
vt 0 0
vt 0.125 0.125
vt 0.125 0.4375
vt 0 0.4375
vt 0 0.125
vt 0.125 0.125
vt 0.125 0.4375
vt 0 0.4375
vt 0 0.125
vt 0.5625 0
vt 0.5625 1
vt 0.5 1
vt 0.5 0
vt 0.5625 0
vt 0.5625 1
vt 0.5 1
vt 0.5 0
vt 0.5625 0.9375
vt 0.5625 1
vt 0.5 1
vt 0.5 0.9375
vt 0.5625 0
vt 0.5625 1
vt 0.5 1
vt 0.5 0
vt 0.5625 0
vt 0.5625 1
vt 0.5 1
vt 0.5 0
vn 0 0 -1
vn 0 0 1
vn 1 0 0
vn -1 0 0
vn 0 -1 0
vn 0 1 0
vn 0 0 -1
vn 0 0 1
vn 1 0 0
vn -1 0 0
vn 0 1 0
vn 0 0 -1
vn 0 0 1
vn 0 -1 0
vn 0 1 0
vn 0 0 -1
vn 0 0 1
vn 1 0 0
vn -1 0 0
vn 0 -1 0
vn 0 1 0
vn 0 0 -1
vn 0 0 1
vn 1 0 0
vn -1 0 0
vn 0 1 0
vn 0 -0.01 1
vn 0 1 0.01
vn 0 -1 -0.01
vn 1 0 0
vn -1 0 0
vn 0 0.01 -1
vn 0 -0.01 1
vn 0 1 0.01
vn 0 -1 -0.01
vn 1 0 0
vn -1 0 0
vn 0 0.01 -1
vn 0 -0.01 1
vn 0 1 0.01
vn 1 0 0
vn -1 0 0
usemtl radio_backpack
f 457/1193/299 455/1194/299 454/1195/299 456/1196/299
f 460/1197/300 458/1198/300 459/1199/300 461/1200/300
f 454/1201/301 455/1202/301 459/1203/301 458/1204/301
f 457/1205/302 456/1206/302 460/1207/302 461/1208/302
f 456/1209/303 454/1210/303 458/1211/303 460/1212/303
f 461/1213/304 459/1214/304 455/1215/304 457/1216/304
usemtl radio_backpack2
f 465/1217/305 463/1218/305 462/1219/305 464/1220/305
f 468/1221/306 466/1222/306 467/1223/306 469/1224/306
f 462/1225/307 463/1226/307 467/1227/307 466/1228/307
f 465/1229/308 464/1230/308 468/1231/308 469/1232/308
f 469/1233/309 467/1234/309 463/1235/309 465/1236/309
f 473/1237/310 471/1238/310 470/1239/310 472/1240/310
f 476/1241/311 474/1242/311 475/1243/311 477/1244/311
f 472/1245/312 470/1246/312 474/1247/312 476/1248/312
f 477/1249/313 475/1250/313 471/1251/313 473/1252/313
f 481/1253/314 479/1254/314 478/1255/314 480/1256/314
f 484/1257/315 482/1258/315 483/1259/315 485/1260/315
f 478/1261/316 479/1262/316 483/1263/316 482/1264/316
f 481/1265/317 480/1266/317 484/1267/317 485/1268/317
f 480/1269/318 478/1270/318 482/1271/318 484/1272/318
f 485/1273/319 483/1274/319 479/1275/319 481/1276/319
f 489/1277/320 487/1278/320 486/1279/320 488/1280/320
f 492/1281/321 490/1282/321 491/1283/321 493/1284/321
f 486/1285/322 487/1286/322 491/1287/322 490/1288/322
f 489/1289/323 488/1290/323 492/1291/323 493/1292/323
f 493/1293/324 491/1294/324 487/1295/324 489/1296/324
usemtl radio_backpack
f 500/1297/325 498/1298/325 499/1299/325 501/1300/325
f 494/1301/326 495/1302/326 499/1303/326 498/1304/326
f 497/1305/327 496/1306/327 500/1307/327 501/1308/327
f 496/1309/328 494/1310/328 498/1311/328 500/1312/328
f 501/1313/329 499/1314/329 495/1315/329 497/1316/329
f 505/1317/330 503/1318/330 502/1319/330 504/1320/330
f 508/1321/331 506/1322/331 507/1323/331 509/1324/331
f 502/1325/332 503/1326/332 507/1327/332 506/1328/332
f 505/1329/333 504/1330/333 508/1331/333 509/1332/333
f 504/1333/334 502/1334/334 506/1335/334 508/1336/334
f 509/1337/335 507/1338/335 503/1339/335 505/1340/335
f 513/1341/336 511/1342/336 510/1343/336 512/1344/336
f 516/1345/337 514/1346/337 515/1347/337 517/1348/337
f 510/1349/338 511/1350/338 515/1351/338 514/1352/338
f 512/1353/339 510/1354/339 514/1355/339 516/1356/339
f 517/1357/340 515/1358/340 511/1359/340 513/1360/340
o hood
v -0.3719 1.625 1.7156
v -0.3094 1.625 1.7156
v -0.3719 1.5625 1.7156
v -0.3094 1.5625 1.7156
v -0.3719 1.625 0.7156
v -0.3094 1.625 0.7156
v -0.3719 1.5625 0.7156
v -0.3094 1.5625 0.7156
v 0.3156 1.625 1.7156
v 0.3781 1.625 1.7156
v 0.3156 1.5625 1.7156
v 0.3781 1.5625 1.7156
v 0.3156 1.625 0.7156
v 0.3781 1.625 0.7156
v 0.3156 1.5625 0.7156
v 0.3781 1.5625 0.7156
v 0.5 1.4375 1.75
v 0.5 1.4375 0.6875
v 0.5 1.375 1.75
v 0.5 1.375 0.6875
v -0.5 1.4375 1.75
v -0.5 1.4375 0.6875
v -0.5 1.375 1.75
v -0.5 1.375 0.6875
v 0.5 1.4375 1.25
v -0.5 1.4375 1.25
v -0.5 1.375 1.25
v 0.5 1.375 1.25
v 0 1.4375 1.25
v 0 1.4375 1.75
v 0 1.375 1.75
v 0 1.375 1.25
v 0 1.375 0.6875
v 0 1.4375 0.6875
v -0.3719 1.5625 0.7781
v -0.3094 1.5625 0.7781
v -0.3719 1.4375 0.7781
v -0.3094 1.4375 0.7781
v -0.3719 1.4375 0.7156
v -0.3094 1.4375 0.7156
v 0.3156 1.4375 1.7156
v 0.3781 1.4375 1.7156
v 0.3156 1.5625 1.6531
v 0.3781 1.5625 1.6531
v 0.3156 1.4375 1.6531
v 0.3781 1.4375 1.6531
v -0.3719 1.4375 1.7156
v -0.3094 1.4375 1.7156
v -0.3719 1.5625 1.6531
v -0.3094 1.5625 1.6531
v -0.3719 1.4375 1.6531
v -0.3094 1.4375 1.6531
v 0.3156 1.5625 0.7781
v 0.3781 1.5625 0.7781
v 0.3156 1.4375 0.7781
v 0.3781 1.4375 0.7781
v 0.3156 1.4375 0.7156
v 0.3781 1.4375 0.7156
v 0 1.4375 0.875
v -0.5 1.4375 0.875
v -0.5 1.375 0.875
v 0 1.375 0.875
v 0.5 1.375 0.875
v 0.5 1.4375 0.875
v 0 1.4375 1.5625
v -0.5 1.4375 1.5625
v -0.5 1.375 1.5625
v 0 1.375 1.5625
v 0.5 1.375 1.5625
v 0.5 1.4375 1.5625
v -0.3125 1.4375 1.5625
v -0.3125 1.4375 1.25
v -0.3125 1.4375 0.875
v -0.3125 1.4375 0.6875
v -0.3125 1.375 0.6875
v -0.3125 1.375 0.875
v -0.3125 1.375 1.25
v -0.3125 1.375 1.5625
v -0.3125 1.375 1.75
v -0.3125 1.4375 1.75
v 0 1.4031 1.5625
v 0 1.4031 0.875
v -0.3125 1.4031 1.5625
v -0.3125 1.4031 0.875
v 0 1.4031 1.1875
v -0.3125 1.4031 1.1875
v -0.1875 1.4031 1.1875
v -0.1875 1.4031 1.5625
v -0.1875 1.4031 0.875
vt 0.5 0.5
vt 0.5313 0.5
vt 0.5313 0.5313
vt 0.5 0.5313
vt 0.5 0.5
vt 0.5313 0.5
vt 0.5313 0.5313
vt 0.5 0.5313
vt 0.5 0.5
vt 0.5313 0.5
vt 0.5313 1
vt 0.5 1
vt 0.5 0.5
vt 0.5313 0.5
vt 0.5313 1
vt 0.5 1
vt 0.5 0.5
vt 0.5313 0.5
vt 0.5313 1
vt 0.5 1
vt 0.5 0.5
vt 0.5313 0.5
vt 0.5313 1
vt 0.5 1
vt 0.5 0.5
vt 0.5313 0.5
vt 0.5313 0.5313
vt 0.5 0.5313
vt 0.5 0.5
vt 0.5313 0.5
vt 0.5313 0.5313
vt 0.5 0.5313
vt 0.5 0.5
vt 0.5313 0.5
vt 0.5313 1
vt 0.5 1
vt 0.5 0.5
vt 0.5313 0.5
vt 0.5313 1
vt 0.5 1
vt 0.5 0.5
vt 0.5313 0.5
vt 0.5313 1
vt 0.5 1
vt 0.5 0.5
vt 0.5313 0.5
vt 0.5313 1
vt 0.5 1
vt 0.4063 0.2656
vt 0.3594 0.2656
vt 0.3594 0.25
vt 0.4063 0.25
vt 0.3281 0.25
vt 0.375 0.25
vt 0.375 0.2656
vt 0.3281 0.2656
vt 0.625 0.25
vt 0.5469 0.25
vt 0.5469 0.2031
vt 0.625 0.2031
vt 0.625 0.0469
vt 0.5469 0.0469
vt 0.5469 0
vt 0.625 0
vt 0.1719 0.2656
vt 0.0938 0.2656
vt 0.0938 0.25
vt 0.1719 0.25
vt 0.375 0.25
vt 0.4531 0.25
vt 0.4531 0.2656
vt 0.375 0.2656
vt 0.5156 0.25
vt 0.5938 0.25
vt 0.5938 0.2656
vt 0.5156 0.2656
vt 0.25 0.2656
vt 0.1719 0.2656
vt 0.1719 0.25
vt 0.25 0.25
vt 0.625 0.125
vt 0.625 0.0469
vt 0.75 0.0469
vt 0.75 0.125
vt 0.5469 0.2656
vt 0.4219 0.2656
vt 0.4219 0.25
vt 0.5469 0.25
vt 0.75 0.125
vt 0.75 0.2031
vt 0.625 0.2031
vt 0.625 0.125
vt 0.75 0
vt 0.75 0.0469
vt 0.625 0.0469
vt 0.625 0
vt 0.25 0.25
vt 0.375 0.25
vt 0.375 0.2656
vt 0.25 0.2656
vt 0.625 0.25
vt 0.625 0.2031
vt 0.75 0.2031
vt 0.75 0.25
vt 0.5 0.5313
vt 0.4375 0.5313
vt 0.4375 0.5
vt 0.5 0.5
vt 0.5 0.5313
vt 0.4375 0.5313
vt 0.4375 0.5
vt 0.5 0.5
vt 0.5 0.5313
vt 0.4375 0.5313
vt 0.4375 0.5
vt 0.5 0.5
vt 0.5 0.5313
vt 0.4375 0.5313
vt 0.4375 0.5
vt 0.5 0.5
vt 0.5 0.5313
vt 0.4375 0.5313
vt 0.4375 0.5
vt 0.5 0.5
vt 0.5 0.5313
vt 0.4375 0.5313
vt 0.4375 0.5
vt 0.5 0.5
vt 0.5 0.5313
vt 0.4375 0.5313
vt 0.4375 0.5
vt 0.5 0.5
vt 0.5 0.5313
vt 0.4375 0.5313
vt 0.4375 0.5
vt 0.5 0.5
vt 0.5 0.5313
vt 0.4375 0.5313
vt 0.4375 0.5
vt 0.5 0.5
vt 0.5 0.5313
vt 0.4375 0.5313
vt 0.4375 0.5
vt 0.5 0.5
vt 0.5 0.5313
vt 0.4375 0.5313
vt 0.4375 0.5
vt 0.5 0.5
vt 0.5 0.5313
vt 0.4375 0.5313
vt 0.4375 0.5
vt 0.5 0.5
vt 0.5 0.5313
vt 0.4375 0.5313
vt 0.4375 0.5
vt 0.5 0.5
vt 0.5 0.5313
vt 0.4375 0.5313
vt 0.4375 0.5
vt 0.5 0.5
vt 0.5 0.5313
vt 0.4375 0.5313
vt 0.4375 0.5
vt 0.5 0.5
vt 0.5 0.5313
vt 0.4375 0.5313
vt 0.4375 0.5
vt 0.5 0.5
vt 0.4688 0.2656
vt 0.375 0.2656
vt 0.375 0.25
vt 0.4688 0.25
vt 0.625 0.1406
vt 0.625 0.0469
vt 0.75 0.0469
vt 0.75 0.1406
vt 0.2656 0.25
vt 0.3594 0.25
vt 0.3594 0.2656
vt 0.2656 0.2656
vt 0.75 0.1094
vt 0.75 0.2031
vt 0.625 0.2031
vt 0.625 0.1094
vt 0.625 0.0469
vt 0.5469 0.0469
vt 0.5469 0
vt 0.625 0
vt 0.6406 0.2656
vt 0.5938 0.2656
vt 0.5938 0.25
vt 0.6406 0.25
vt 0.625 0.25
vt 0.5469 0.25
vt 0.5469 0.2031
vt 0.625 0.2031
vt 0.625 0.25
vt 0.625 0.2031
vt 0.75 0.2031
vt 0.75 0.25
vt 0.125 0.25
vt 0.1719 0.25
vt 0.1719 0.2656
vt 0.125 0.2656
vt 0.75 0
vt 0.75 0.0469
vt 0.625 0.0469
vt 0.625 0
vt 0.5 0.0469
vt 0.5469 0.0469
vt 0.5469 0.125
vt 0.5 0.125
vt 0.5 0.1094
vt 0.5469 0.1094
vt 0.5469 0.2031
vt 0.5 0.2031
vt 0.5 0.2031
vt 0.5469 0.2031
vt 0.5469 0.25
vt 0.5 0.25
vt 0.5 0.2656
vt 0.4531 0.2656
vt 0.4531 0.25
vt 0.5 0.25
vt 0.5 0
vt 0.5469 0
vt 0.5469 0.0469
vt 0.5 0.0469
vt 0.5 0.0469
vt 0.5469 0.0469
vt 0.5469 0.1406
vt 0.5 0.1406
vt 0.5 0.125
vt 0.5469 0.125
vt 0.5469 0.2031
vt 0.5 0.2031
vt 0.5 0.2031
vt 0.5469 0.2031
vt 0.5469 0.25
vt 0.5 0.25
vt 0.0469 0.25
vt 0.0938 0.25
vt 0.0938 0.2656
vt 0.0469 0.2656
vt 0.5 0
vt 0.5469 0
vt 0.5469 0.0469
vt 0.5 0.0469
vt 0.375 0.2031
vt 0.375 0.2188
vt 0.2813 0.2188
vt 0.2031 0.2188
vt 0.2031 0.2188
vt 0.2031 0.2031
vt 0.2813 0.2031
vt 0.375 0.2031
vt 0.2031 0.2188
vt 0.2031 0.2031
vt 0.2969 0.2031
vt 0.375 0.2031
vt 0.375 0.2031
vt 0.375 0.2188
vt 0.2969 0.2188
vt 0.2031 0.2188
vt 0.3438 0.2188
vt 0.3438 0.2031
vt 0.4219 0.2031
vt 0.4219 0.2188
vt 0.3594 0.2188
vt 0.2813 0.2188
vt 0.2813 0.2031
vt 0.3594 0.2031
vt 0.1875 0.5938
vt 0.125 0.5938
vt 0.125 0.75
vt 0.1875 0.75
vt 0.1875 0.75
vt 0.125 0.75
vt 0.125 0.5625
vt 0.1875 0.5625
vt 0.1875 0.5625
vt 0.0938 0.5625
vt 0.0938 0.75
vt 0.1875 0.75
vt 0.1875 0.75
vt 0.0938 0.75
vt 0.0938 0.5938
vt 0.1875 0.5938
vn 0 0 1
vn 0 0 -1
vn 0 1 0
vn 0 -1 0
vn -1 0 0
vn 1 0 0
vn 0 0 1
vn 0 0 -1
vn 0 1 0
vn 0 -1 0
vn -1 0 0
vn 1 0 0
vn 1 0 0
vn -1 0 0
vn 0 1 0
vn 0 -1 0
vn 0 0 1
vn 0 0 -1
vn -1 0 0
vn 1 0 0
vn 0 1 0
vn 0 0 1
vn 0 -1 0
vn 0 -1 0
vn 0 0 -1
vn 0 1 0
vn 0 0 1
vn 0 0 -1
vn -1 0 0
vn 1 0 0
vn 0 0 1
vn 0 0 -1
vn -1 0 0
vn 1 0 0
vn 0 0 1
vn 0 0 -1
vn -1 0 0
vn 1 0 0
vn 0 0 1
vn 0 0 -1
vn -1 0 0
vn 1 0 0
vn -1 0 0
vn 0 -1 0
vn 1 0 0
vn 0 1 0
vn 0 1 0
vn -1 0 0
vn 0 -1 0
vn 0 -1 0
vn 1 0 0
vn 0 1 0
vn 0 1 0
vn 0 1 0
vn 0 1 0
vn 0 0 -1
vn 0 -1 0
vn 0 -1 0
vn 0 -1 0
vn 0 -1 0
vn 0 0 1
vn 0 1 0
vn 1 0 0
vn 1 0 0
vn -1 0 0
vn -1 0 0
vn 0 0 1
vn 0 0 -1
vn 0 1 0
vn 0 1 0
vn 0 1 0
vn 0 1 0
usemtl tracked_motorbike
f 521/1361/341 519/1362/341 518/1363/341 520/1364/341
f 524/1365/342 522/1366/342 523/1367/342 525/1368/342
f 518/1369/343 519/1370/343 523/1371/343 522/1372/343
f 521/1373/344 520/1374/344 524/1375/344 525/1376/344
f 520/1377/345 518/1378/345 522/1379/345 524/1380/345
f 525/1381/346 523/1382/346 519/1383/346 521/1384/346
f 529/1385/347 527/1386/347 526/1387/347 528/1388/347
f 532/1389/348 530/1390/348 531/1391/348 533/1392/348
f 526/1393/349 527/1394/349 531/1395/349 530/1396/349
f 529/1397/350 528/1398/350 532/1399/350 533/1400/350
f 528/1401/351 526/1402/351 530/1403/351 532/1404/351
f 533/1405/352 531/1406/352 527/1407/352 529/1408/352
usemtl common_bottom
f 535/1409/353 581/1410/353 580/1411/353 537/1412/353
f 541/1413/354 578/1414/354 577/1415/354 539/1416/354
usemtl common_bottom_painted
f 551/1417/355 591/1418/355 590/1419/355 576/1420/355
usemtl common_bottom
f 579/1421/356 593/1422/356 592/1423/356 550/1424/356
f 547/1425/357 597/1426/357 596/1427/357 548/1428/357
f 550/1429/358 592/1430/358 591/1431/358 551/1432/358
f 544/1433/359 584/1434/359 583/1435/359 543/1436/359
f 542/1437/360 587/1438/360 586/1439/360 545/1440/360
usemtl common_bottom_painted
f 546/1441/361 582/1442/361 587/1443/361 542/1444/361
usemtl common_bottom
f 534/1445/362 547/1446/362 548/1447/362 536/1448/362
f 545/1449/363 586/1450/363 585/1451/363 549/1452/363
f 537/1453/364 580/1454/364 579/1455/364 550/1456/364
f 537/1457/365 550/1458/365 551/1459/365 535/1460/365
usemtl common_bottom_painted
f 551/1461/366 576/1462/366 581/1463/366 535/1464/366
usemtl tracked_motorbike
f 555/1465/367 553/1466/367 552/1467/367 554/1468/367
f 556/1469/368 524/1470/368 525/1471/368 557/1472/368
f 554/1473/369 552/1474/369 524/1475/369 556/1476/369
f 557/1477/370 525/1478/370 553/1479/370 555/1480/370
f 559/1481/371 529/1482/371 528/1483/371 558/1484/371
f 562/1485/372 560/1486/372 561/1487/372 563/1488/372
f 558/1489/373 528/1490/373 560/1491/373 562/1492/373
f 563/1493/374 561/1494/374 529/1495/374 559/1496/374
f 565/1497/375 521/1498/375 520/1499/375 564/1500/375
f 568/1501/376 566/1502/376 567/1503/376 569/1504/376
f 564/1505/377 520/1506/377 566/1507/377 568/1508/377
f 569/1509/378 567/1510/378 521/1511/378 565/1512/378
f 573/1513/379 571/1514/379 570/1515/379 572/1516/379
f 574/1517/380 532/1518/380 533/1519/380 575/1520/380
f 572/1521/381 570/1522/381 532/1523/381 574/1524/381
f 575/1525/382 533/1526/382 571/1527/382 573/1528/382
usemtl common_bottom
f 543/1529/383 577/1530/383 578/1531/383 544/1532/383
f 549/1533/384 579/1534/384 580/1535/384 545/1536/384
f 545/1537/385 580/1538/385 581/1539/385 542/1540/385
usemtl common_bottom_painted
f 542/1541/386 581/1542/386 576/1543/386 546/1544/386
f 582/1545/387 588/1546/387 597/1547/387 547/1548/387
usemtl common_bottom
f 538/1549/388 583/1550/388 584/1551/388 540/1552/388
f 548/1553/389 596/1554/389 595/1555/389 585/1556/389
f 548/1557/390 585/1558/390 586/1559/390 536/1560/390
f 536/1561/391 586/1562/391 587/1563/391 534/1564/391
usemtl common_bottom_painted
f 534/1565/392 587/1566/392 582/1567/392 547/1568/392
f 583/1569/393 588/1570/393 589/1571/393 543/1572/393
f 543/1573/394 589/1574/394 590/1575/394 577/1576/394
f 577/1577/395 590/1578/395 591/1579/395 539/1580/395
usemtl common_bottom
f 539/1581/396 591/1582/396 592/1583/396 541/1584/396
f 541/1585/397 592/1586/397 593/1587/397 578/1588/397
f 578/1589/398 593/1590/398 594/1591/398 544/1592/398
f 544/1593/399 594/1594/399 595/1595/399 584/1596/399
f 584/1597/400 595/1598/400 596/1599/400 540/1600/400
f 540/1601/401 596/1602/401 597/1603/401 538/1604/401
usemtl common_bottom_painted
f 538/1605/402 597/1606/402 588/1607/402 583/1608/402
f 593/1609/403 590/1610/403 589/1611/403 588/1612/403
f 588/1613/404 595/1614/404 594/1615/404 593/1616/404
f 576/1617/405 579/1618/405 549/1619/405 585/1620/405
f 585/1621/406 582/1622/406 546/1623/406 576/1624/406
f 590/1625/407 593/1626/407 579/1627/407 576/1628/407
f 588/1629/408 582/1630/408 585/1631/408 595/1632/408
usemtl tracked_motorbike
f 603/1633/409 604/1634/409 606/1635/409 601/1636/409
f 600/1637/410 605/1638/410 604/1639/410 603/1640/410
f 602/1641/411 604/1642/411 605/1643/411 598/1644/411
f 599/1645/412 606/1646/412 604/1647/412 602/1648/412
o gear_change
v 0.125 1.2438 -0.0625
v 0.125 1.2438 -0.125
v 0.125 0.9313 -0.0625
v 0.125 0.9313 -0.125
v 0.0625 1.2438 -0.0625
v 0.0625 1.2438 -0.125
v 0.0625 0.9313 -0.0625
v 0.0625 0.9313 -0.125
v 0.125 0.6188 -0.0625
v 0.125 0.6188 -0.125
v 0.0625 0.6188 -0.0625
v 0.0625 0.6188 -0.125
v 0.1563 1.3688 -0.0312
v 0.1563 1.3688 -0.1562
v 0.1563 1.2438 -0.0312
v 0.1563 1.2438 -0.1562
v 0.0313 1.3688 -0.0312
v 0.0313 1.3688 -0.1562
v 0.0313 1.2438 -0.0312
v 0.0313 1.2438 -0.1562
vt 0.625 0.0313
vt 0.625 0.1875
vt 0.5938 0.1875
vt 0.5938 0.0313
vt 0.625 0.0313
vt 0.625 0.1875
vt 0.5938 0.1875
vt 0.5938 0.0313
vt 0.625 0.1563
vt 0.625 0.1875
vt 0.5938 0.1875
vt 0.5938 0.1563
vt 0.625 0.0313
vt 0.625 0.1875
vt 0.5938 0.1875
vt 0.5938 0.0313
vt 0.625 0.0313
vt 0.625 0.1875
vt 0.5938 0.1875
vt 0.5938 0.0313
vt 0.625 0.0313
vt 0.625 0.1875
vt 0.5938 0.1875
vt 0.5938 0.0313
vt 0.625 0.0313
vt 0.625 0.1875
vt 0.5938 0.1875
vt 0.5938 0.0313
vt 0.625 0.1563
vt 0.625 0.1875
vt 0.5938 0.1875
vt 0.5938 0.1563
vt 0.625 0.0313
vt 0.625 0.1875
vt 0.5938 0.1875
vt 0.5938 0.0313
vt 0.625 0.0313
vt 0.625 0.1875
vt 0.5938 0.1875
vt 0.5938 0.0313
vt 0.7188 0.1563
vt 0.6563 0.1563
vt 0.6563 0.0938
vt 0.7188 0.0938
vt 0.5938 0.0938
vt 0.6563 0.0938
vt 0.6563 0.1563
vt 0.5938 0.1563
vt 0.6875 0.0938
vt 0.6875 0.1563
vt 0.625 0.1563
vt 0.625 0.0938
vt 0.6563 0.0625
vt 0.5938 0.0625
vt 0.5938 0
vt 0.6563 0
vt 0.6875 0.0625
vt 0.6875 0.125
vt 0.625 0.125
vt 0.625 0.0625
vt 0.625 0.1875
vt 0.625 0.125
vt 0.6875 0.125
vt 0.6875 0.1875
vn 1 0 0
vn -1 0 0
vn 0 1 0
vn 0 0 1
vn 0 0 -1
vn 1 0 0
vn -1 0 0
vn 0 -1 0
vn 0 0 1
vn 0 0 -1
vn 1 0 0
vn -1 0 0
vn 0 1 0
vn 0 -1 0
vn 0 0 1
vn 0 0 -1
usemtl tracked_motorbike
f 610/1649/413 608/1650/413 607/1651/413 609/1652/413
f 613/1653/414 611/1654/414 612/1655/414 614/1656/414
f 607/1657/415 608/1658/415 612/1659/415 611/1660/415
f 609/1661/416 607/1662/416 611/1663/416 613/1664/416
f 614/1665/417 612/1666/417 608/1667/417 610/1668/417
f 616/1669/418 610/1670/418 609/1671/418 615/1672/418
f 617/1673/419 613/1674/419 614/1675/419 618/1676/419
f 616/1677/420 615/1678/420 617/1679/420 618/1680/420
f 615/1681/421 609/1682/421 613/1683/421 617/1684/421
f 618/1685/422 614/1686/422 610/1687/422 616/1688/422
f 622/1689/423 620/1690/423 619/1691/423 621/1692/423
f 625/1693/424 623/1694/424 624/1695/424 626/1696/424
f 619/1697/425 620/1698/425 624/1699/425 623/1700/425
f 622/1701/426 621/1702/426 625/1703/426 626/1704/426
f 621/1705/427 619/1706/427 623/1707/427 625/1708/427
f 626/1709/428 624/1710/428 620/1711/428 622/1712/428
o lever
v -0.125 1.1188 -0.2187
v -0.125 1.1188 -0.2812
v -0.125 0.8063 -0.2187
v -0.125 0.8063 -0.2812
v -0.1875 1.1188 -0.2187
v -0.1875 1.1188 -0.2812
v -0.1875 0.8063 -0.2187
v -0.1875 0.8063 -0.2812
v -0.125 0.4938 -0.2187
v -0.125 0.4938 -0.2812
v -0.1875 0.4938 -0.2187
v -0.1875 0.4938 -0.2812
v -0.0937 1.2438 -0.1875
v -0.0937 1.2438 -0.3125
v -0.0937 1.1188 -0.1875
v -0.0937 1.1188 -0.3125
v -0.2187 1.2438 -0.1875
v -0.2187 1.2438 -0.3125
v -0.2187 1.1188 -0.1875
v -0.2187 1.1188 -0.3125
vt 0.625 0.0313
vt 0.625 0.1875
vt 0.5938 0.1875
vt 0.5938 0.0313
vt 0.625 0.0313
vt 0.625 0.1875
vt 0.5938 0.1875
vt 0.5938 0.0313
vt 0.625 0.0313
vt 0.625 0.1875
vt 0.5938 0.1875
vt 0.5938 0.0313
vt 0.625 0.0313
vt 0.625 0.1875
vt 0.5938 0.1875
vt 0.5938 0.0313
vt 0.625 0.0313
vt 0.625 0.1875
vt 0.5938 0.1875
vt 0.5938 0.0313
vt 0.625 0.0313
vt 0.625 0.1875
vt 0.5938 0.1875
vt 0.5938 0.0313
vt 0.625 0.1563
vt 0.625 0.1875
vt 0.5938 0.1875
vt 0.5938 0.1563
vt 0.625 0.0313
vt 0.625 0.1875
vt 0.5938 0.1875
vt 0.5938 0.0313
vt 0.625 0.0313
vt 0.625 0.1875
vt 0.5938 0.1875
vt 0.5938 0.0313
vt 0.7188 0.1563
vt 0.6563 0.1563
vt 0.6563 0.0938
vt 0.7188 0.0938
vt 0.5938 0.0938
vt 0.6563 0.0938
vt 0.6563 0.1563
vt 0.5938 0.1563
vt 0.6875 0.0938
vt 0.6875 0.1563
vt 0.625 0.1563
vt 0.625 0.0938
vt 0.6563 0.0625
vt 0.5938 0.0625
vt 0.5938 0
vt 0.6563 0
vt 0.6875 0.0625
vt 0.6875 0.125
vt 0.625 0.125
vt 0.625 0.0625
vt 0.625 0.1875
vt 0.625 0.125
vt 0.6875 0.125
vt 0.6875 0.1875
vt 0.625 0.1563
vt 0.625 0.1875
vt 0.5938 0.1875
vt 0.5938 0.1563
vn 1 0 0
vn -1 0 0
vn 0 0 1
vn 0 0 -1
vn 1 0 0
vn -1 0 0
vn 0 -1 0
vn 0 0 1
vn 0 0 -1
vn 1 0 0
vn -1 0 0
vn 0 1 0
vn 0 -1 0
vn 0 0 1
vn 0 0 -1
vn 0 1 0
usemtl tracked_motorbike
f 630/1713/429 628/1714/429 627/1715/429 629/1716/429
f 633/1717/430 631/1718/430 632/1719/430 634/1720/430
f 629/1721/431 627/1722/431 631/1723/431 633/1724/431
f 634/1725/432 632/1726/432 628/1727/432 630/1728/432
f 636/1729/433 630/1730/433 629/1731/433 635/1732/433
f 637/1733/434 633/1734/434 634/1735/434 638/1736/434
f 636/1737/435 635/1738/435 637/1739/435 638/1740/435
f 635/1741/436 629/1742/436 633/1743/436 637/1744/436
f 638/1745/437 634/1746/437 630/1747/437 636/1748/437
f 642/1749/438 640/1750/438 639/1751/438 641/1752/438
f 645/1753/439 643/1754/439 644/1755/439 646/1756/439
f 639/1757/440 640/1758/440 644/1759/440 643/1760/440
f 642/1761/441 641/1762/441 645/1763/441 646/1764/441
f 641/1765/442 639/1766/442 643/1767/442 645/1768/442
f 646/1769/443 644/1770/443 640/1771/443 642/1772/443
f 627/1773/444 628/1774/444 632/1775/444 631/1776/444
o cane
v -0.125 0.5313 0.25
v -0.125 0.5313 -0.25
v -0.125 0.4688 0.25
v -0.125 0.4688 -0.25
v -0.1875 0.5313 0.25
v -0.1875 0.5313 -0.25
v -0.1875 0.4688 0.25
v -0.1875 0.4688 -0.25
vt 0.1406 0.9688
vt 0.1406 0.9844
vt 0.0156 0.9844
vt 0.0156 0.9688
vt 0.1406 0.9688
vt 0.1406 0.9844
vt 0.0156 0.9844
vt 0.0156 0.9688
vt 0.0313 0.8594
vt 0.0313 0.9844
vt 0.0156 0.9844
vt 0.0156 0.8594
vt 0.0313 0.8594
vt 0.0313 0.9844
vt 0.0156 0.9844
vt 0.0156 0.8594
vt 0.0156 0.9844
vt 0.0156 1
vt 0 1
vt 0 0.9844
vt 0.0156 0.9844
vt 0.0156 1
vt 0 1
vt 0 0.9844
vn 1 0 0
vn -1 0 0
vn 0 1 0
vn 0 -1 0
vn 0 0 1
vn 0 0 -1
usemtl common_steel_norivets
f 650/1777/445 648/1778/445 647/1779/445 649/1780/445
f 653/1781/446 651/1782/446 652/1783/446 654/1784/446
f 647/1785/447 648/1786/447 652/1787/447 651/1788/447
f 650/1789/448 649/1790/448 653/1791/448 654/1792/448
f 649/1793/449 647/1794/449 651/1795/449 653/1796/449
f 654/1797/450 652/1798/450 648/1799/450 650/1800/450
o transmission
v -0.25 0.6563 2.125
v -0.25 0.6563 1.9375
v -0.25 0.4688 2.125
v -0.25 0.4688 1.9375
v -0.4375 0.6563 2.125
v -0.4375 0.6563 1.9375
v -0.4375 0.4688 2.125
v -0.4375 0.4688 1.9375
v 0.4375 0.6563 2.125
v 0.4375 0.6563 1.9375
v 0.4375 0.4688 2.125
v 0.4375 0.4688 1.9375
v 0.25 0.6563 2.125
v 0.25 0.6563 1.9375
v 0.25 0.4688 2.125
v 0.25 0.4688 1.9375
vt 0.5938 0.5
vt 0.5469 0.5
vt 0.5469 0.4531
vt 0.5938 0.4531
vt 0.5938 0.5
vt 0.5469 0.5
vt 0.5469 0.4531
vt 0.5938 0.4531
vt 0.5938 0.5
vt 0.5469 0.5
vt 0.5469 0.4531
vt 0.5938 0.4531
vt 0.5938 0.5
vt 0.5469 0.5
vt 0.5469 0.4531
vt 0.5938 0.4531
vt 0.5938 0.5
vt 0.5469 0.5
vt 0.5469 0.4531
vt 0.5938 0.4531
vt 0.5938 0.5
vt 0.5469 0.5
vt 0.5469 0.4531
vt 0.5938 0.4531
vt 0.5938 0.5
vt 0.5469 0.5
vt 0.5469 0.4531
vt 0.5938 0.4531
vt 0.5938 0.5
vt 0.5469 0.5
vt 0.5469 0.4531
vt 0.5938 0.4531
vn 0 1 0
vn 0 -1 0
vn 0 0 1
vn 0 0 -1
vn 0 1 0
vn 0 -1 0
vn 0 0 1
vn 0 0 -1
usemtl common_cable_and_pipe
f 655/1801/451 656/1802/451 660/1803/451 659/1804/451
f 658/1805/452 657/1806/452 661/1807/452 662/1808/452
f 657/1809/453 655/1810/453 659/1811/453 661/1812/453
f 662/1813/454 660/1814/454 656/1815/454 658/1816/454
f 663/1817/455 664/1818/455 668/1819/455 667/1820/455
f 666/1821/456 665/1822/456 669/1823/456 670/1824/456
f 665/1825/457 663/1826/457 667/1827/457 669/1828/457
f 670/1829/458 668/1830/458 664/1831/458 666/1832/458
o armor_right
v 1.125 1.375 1.8125
v 1.125 1.375 0.625
v 1.0625 1.375 1.8125
v 1.0625 1.375 0.625
v 1.125 0.875 1.8125
v 1.125 0.875 0.625
v 1.0625 0.875 1.8125
v 1.0625 0.875 0.625
v 1.125 1.375 1.25
v 1.125 0.875 1.25
v 1.0625 0.875 1.25
v 1.0625 1.375 1.25
v 1.125 1.25 1.25
v 1.125 1.25 1.8125
v 1.0625 1.25 1.8125
v 1.0625 1.25 1.25
v 1.0625 1.25 0.625
v 1.125 1.25 0.625
vt 0.1563 1
vt 0.1563 0.9844
vt 0 0.9844
vt 0 1
vt 0.0938 1
vt 0.0938 0.8438
vt 0 0.8438
vt 0 1
vt 0.0938 0.4063
vt 0.0938 0.25
vt 0 0.25
vt 0 0.4063
vt 0.0938 1
vt 0.0938 0.9844
vt 0 0.9844
vt 0 1
vt 0.0313 0.9844
vt 0.0313 1
vt 0.125 1
vt 0.125 0.9844
vt 0.0938 0.3906
vt 0.0938 0.25
vt 0 0.25
vt 0 0.3906
vt 0.1563 0.9844
vt 0.1563 1
vt 0.2969 1
vt 0.2969 0.9844
vt 0.0938 1
vt 0.0938 0.8594
vt 0 0.8594
vt 0 1
vt 0.7188 0.25
vt 0.7188 0.3906
vt 0.75 0.3906
vt 0.75 0.25
vt 0.0781 0.9844
vt 0.0781 1
vt 0.1094 1
vt 0.1094 0.9844
vt 0.7188 0.8594
vt 0.7188 1
vt 0.75 1
vt 0.75 0.8594
vt 0.7188 0.25
vt 0.7188 0.4063
vt 0.75 0.4063
vt 0.75 0.25
vt 0.0313 1
vt 0.0313 0.9844
vt 0 0.9844
vt 0 1
vt 0.7188 0.8438
vt 0.7188 1
vt 0.75 1
vt 0.75 0.8438
vt 0.2969 1
vt 0.2969 0.9844
vt 0 0.9844
vt 0 1
vn 0 -1 0
vn 1 0 0
vn -1 0 0
vn 0 0 1
vn 0 0 -1
vn 1 0 0
vn 0 -1 0
vn -1 0 0
vn 1 0 0
vn 0 0 1
vn -1 0 0
vn -1 0 0
vn 0 0 -1
vn 1 0 0
vn 0 1 0
usemtl common_bottom_painted
f 680/1833/459 681/1834/459 678/1835/459 676/1836/459
f 688/1837/460 683/1838/460 680/1839/460 676/1840/460
usemtl common_bottom
f 686/1841/461 687/1842/461 678/1843/461 681/1844/461
usemtl common_bottom_painted
f 684/1845/462 685/1846/462 677/1847/462 675/1848/462
f 687/1849/463 688/1850/463 676/1851/463 678/1852/463
f 683/1853/464 684/1854/464 675/1855/464 680/1856/464
f 681/1857/465 680/1858/465 675/1859/465 677/1860/465
usemtl common_bottom
f 685/1861/466 686/1862/466 681/1863/466 677/1864/466
usemtl common_bottom_painted
f 684/1865/467 683/1866/467 679/1867/467 671/1868/467
f 685/1869/468 684/1870/468 671/1871/468 673/1872/468
usemtl common_bottom
f 686/1873/469 685/1874/469 673/1875/469 682/1876/469
f 687/1877/470 686/1878/470 682/1879/470 674/1880/470
usemtl common_bottom_painted
f 688/1881/471 687/1882/471 674/1883/471 672/1884/471
f 683/1885/472 688/1886/472 672/1887/472 679/1888/472
f 672/1889/473 674/1890/473 673/1891/473 671/1892/473
o armor_left
v -1.125 1.375 1.8125
v -1.125 1.375 0.625
v -1.0625 1.375 1.8125
v -1.0625 1.375 0.625
v -1.125 0.875 1.8125
v -1.125 0.875 0.625
v -1.0625 0.875 1.8125
v -1.0625 0.875 0.625
v -1.125 1.375 1.25
v -1.125 0.875 1.25
v -1.0625 0.875 1.25
v -1.0625 1.375 1.25
v -1.125 1.25 1.25
v -1.125 1.25 1.8125
v -1.0625 1.25 1.8125
v -1.0625 1.25 1.25
v -1.0625 1.25 0.625
v -1.125 1.25 0.625
vt 0 0.9844
vt 0.1563 0.9844
vt 0.1563 1
vt 0 1
vt 0 0.8438
vt 0.0938 0.8438
vt 0.0938 1
vt 0 1
vt 0 0.25
vt 0.0938 0.25
vt 0.0938 0.4063
vt 0 0.4063
vt 0 0.9844
vt 0.0938 0.9844
vt 0.0938 1
vt 0 1
vt 0.125 1
vt 0.0313 1
vt 0.0313 0.9844
vt 0.125 0.9844
vt 0 0.25
vt 0.0938 0.25
vt 0.0938 0.3906
vt 0 0.3906
vt 0.2969 1
vt 0.1563 1
vt 0.1563 0.9844
vt 0.2969 0.9844
vt 0 0.8594
vt 0.0938 0.8594
vt 0.0938 1
vt 0 1
vt 0.75 0.3906
vt 0.7188 0.3906
vt 0.7188 0.25
vt 0.75 0.25
vt 0.1094 1
vt 0.0781 1
vt 0.0781 0.9844
vt 0.1094 0.9844
vt 0.75 1
vt 0.7188 1
vt 0.7188 0.8594
vt 0.75 0.8594
vt 0.75 0.4063
vt 0.7188 0.4063
vt 0.7188 0.25
vt 0.75 0.25
vt 0 0.9844
vt 0.0313 0.9844
vt 0.0313 1
vt 0 1
vt 0.75 1
vt 0.7188 1
vt 0.7188 0.8438
vt 0.75 0.8438
vt 0 0.9844
vt 0.2969 0.9844
vt 0.2969 1
vt 0 1
vn 0 -1 0
vn -1 0 0
vn 1 0 0
vn 0 0 1
vn 0 0 -1
vn -1 0 0
vn 0 -1 0
vn 1 0 0
vn -1 0 0
vn 0 0 1
vn 1 0 0
vn 1 0 0
vn 0 0 -1
vn -1 0 0
vn 0 1 0
usemtl common_bottom_painted
f 696/1893/474 699/1894/474 698/1895/474 694/1896/474
f 698/1897/475 701/1898/475 706/1899/475 694/1900/475
usemtl common_bottom
f 696/1901/476 705/1902/476 704/1903/476 699/1904/476
usemtl common_bottom_painted
f 695/1905/477 703/1906/477 702/1907/477 693/1908/477
f 694/1909/478 706/1910/478 705/1911/478 696/1912/478
f 693/1913/479 702/1914/479 701/1915/479 698/1916/479
f 693/1917/480 698/1918/480 699/1919/480 695/1920/480
usemtl common_bottom
f 699/1921/481 704/1922/481 703/1923/481 695/1924/481
usemtl common_bottom_painted
f 697/1925/482 701/1926/482 702/1927/482 689/1928/482
f 689/1929/483 702/1930/483 703/1931/483 691/1932/483
usemtl common_bottom
f 691/1933/484 703/1934/484 704/1935/484 700/1936/484
f 700/1937/485 704/1938/485 705/1939/485 692/1940/485
usemtl common_bottom_painted
f 692/1941/486 705/1942/486 706/1943/486 690/1944/486
f 690/1945/487 706/1946/487 701/1947/487 697/1948/487
f 691/1949/488 692/1950/488 690/1951/488 689/1952/488
o filter
v -0.1562 0.7607 1.4842
v -0.1562 0.8855 1.4777
v -0.1562 0.7542 1.3594
v -0.1562 0.879 1.3529
v -0.0312 0.7574 1.4218
v -0.0312 0.8823 1.4153
v -0.0312 0.7542 1.3594
v -0.0312 0.879 1.3529
v -0.375 1.1993 1.4926
v -0.375 1.1894 1.3053
v -0.3687 0.9493 1.4994
v -0.3687 0.9401 1.3246
v -0.1875 1.1993 1.4926
v -0.1875 1.1894 1.3053
v -0.1937 0.9493 1.4994
v -0.1937 0.9401 1.3246
v -0.3437 0.9414 1.3496
v -0.3437 0.948 1.4744
v -0.3437 0.879 1.3529
v -0.3437 0.8855 1.4777
v -0.2187 0.9414 1.3496
v -0.2187 0.948 1.4744
v -0.2187 0.879 1.3529
v -0.2187 0.8855 1.4777
v -0.2812 0.7607 1.4842
v -0.2812 0.7542 1.3594
v -0.2187 0.7607 1.4842
v -0.2187 0.7542 1.3594
v -0.0312 0.7476 1.2346
v -0.1562 0.7476 1.2346
v -0.0312 0.8725 1.228
v -0.1562 0.8725 1.228
v -0.3812 1.2058 1.4985
v -0.3812 1.1954 1.2987
v -0.3812 1.1434 1.5017
v -0.3812 1.1329 1.302
v -0.1812 1.2058 1.4985
v -0.1812 1.1954 1.2987
v -0.1812 1.1434 1.5017
v -0.1812 1.1329 1.302
vt 0.75 0.9375
vt 0.625 0.9375
vt 0.625 0.875
vt 0.75 0.875
vt 0.75 0.8125
vt 0.75 0.9375
vt 0.625 0.9375
vt 0.625 0.8125
vt 0.625 1
vt 0.75 1
vt 0.75 0.875
vt 0.625 0.875
vt 0.8125 0.9375
vt 0.6875 0.9375
vt 0.6875 0.8125
vt 0.8125 0.8125
vt 0.8125 0.5625
vt 1 0.5625
vt 1 0.3125
vt 0.8125 0.3125
vt 0.8125 0.5625
vt 1 0.5625
vt 1 0.3125
vt 0.8125 0.3125
vt 0.8125 0.5625
vt 1 0.5625
vt 1 0.375
vt 0.8125 0.375
vt 0.8125 0.375
vt 1 0.375
vt 1 0.1875
vt 0.8125 0.1875
vt 0.8125 0.5625
vt 1 0.5625
vt 1 0.3125
vt 0.8125 0.3125
vt 0.8125 0.5625
vt 1 0.5625
vt 1 0.3125
vt 0.8125 0.3125
vt 0.625 0.3125
vt 0.625 0.375
vt 0.75 0.375
vt 0.75 0.3125
vt 0.625 0.3125
vt 0.625 0.375
vt 0.75 0.375
vt 0.75 0.3125
vt 0.75 0.3125
vt 0.75 0.375
vt 0.625 0.375
vt 0.625 0.3125
vt 0.75 0.3125
vt 0.75 0.375
vt 0.625 0.375
vt 0.625 0.3125
vt 0.625 0.875
vt 0.625 0.9375
vt 0.75 0.9375
vt 0.75 0.875
vt 0.625 0.9375
vt 0.75 0.9375
vt 0.75 0.8125
vt 0.625 0.8125
vt 0.75 0.875
vt 0.75 1
vt 0.625 1
vt 0.625 0.875
vt 0.6875 0.8125
vt 0.6875 0.9375
vt 0.8125 0.9375
vt 0.8125 0.8125
vt 0.625 0.75
vt 0.625 0.8125
vt 0.75 0.8125
vt 0.75 0.75
vt 0.625 0.75
vt 0.625 0.8125
vt 0.75 0.8125
vt 0.75 0.75
vt 0.75 0.75
vt 0.75 0.8125
vt 0.625 0.8125
vt 0.625 0.75
vt 0.75 0.75
vt 0.75 0.8125
vt 0.625 0.8125
vt 0.625 0.75
vt 0.625 0.375
vt 0.625 0.5
vt 0.75 0.5
vt 0.75 0.375
vt 0.75 0.375
vt 0.75 0.5
vt 0.625 0.5
vt 0.625 0.375
vt 0.75 0.375
vt 0.75 0.5
vt 0.625 0.5
vt 0.625 0.375
vt 0.75 0.375
vt 0.75 0.5
vt 0.625 0.5
vt 0.625 0.375
vt 0.9375 0.5625
vt 0.9375 0.75
vt 1 0.75
vt 1 0.5625
vt 0.8125 0.75
vt 1 0.75
vt 1 0.6875
vt 0.8125 0.6875
vt 0.8125 0.75
vt 1 0.75
vt 1 0.5625
vt 0.8125 0.5625
vt 0.8125 0.75
vt 1 0.75
vt 1 0.6875
vt 0.8125 0.6875
vt 0.8125 0.75
vt 1 0.75
vt 1 0.6875
vt 0.8125 0.6875
vn 1 0 0
vn 0.45 0.05 0.89
vn 0 -1 0.05
vn 0 1 -0.05
vn -1 -0.02 0
vn 1 -0.02 0
vn 0 1 -0.05
vn 0 -1 0.05
vn 0 0.03 1
vn 0 -0.08 -1
vn -1 0 0
vn 1 0 0
vn 0 -0.05 -1
vn 0 0.05 1
vn 0 -1 0.05
vn -0.89 -0.45 0.02
vn 0 0.05 1
vn 0 -0.05 -1
vn 0 -1 0.05
vn 0 1 -0.05
vn 0 -0.05 -1
vn 0 0.05 1
vn 0 -1 0.05
vn 0 1 -0.05
vn 1 0 0
vn -1 0 0
vn -1 0 0
vn 1 0 0
vn 0 1 -0.05
vn 0 0.05 1
vn 0 -0.05 -1
usemtl v4_diesel2
f 712/1953/489 711/1954/489 713/1955/489 714/1956/489
f 712/1957/490 708/1958/490 707/1959/490 711/1960/490
f 711/1961/491 707/1962/491 709/1963/491 713/1964/491
f 708/1965/492 712/1966/492 714/1967/492 710/1968/492
usemtl v4_diesel
f 715/1969/493 716/1970/493 718/1971/493 717/1972/493
f 720/1973/494 719/1974/494 721/1975/494 722/1976/494
f 720/1977/495 716/1978/495 715/1979/495 719/1980/495
f 721/1981/496 717/1982/496 718/1983/496 722/1984/496
f 719/1985/497 715/1986/497 717/1987/497 721/1988/497
f 716/1989/498 720/1990/498 722/1991/498 718/1992/498
usemtl v4_diesel2
f 726/1993/499 724/1994/499 723/1995/499 725/1996/499
f 729/1997/500 727/1998/500 728/1999/500 730/2000/500
f 725/2001/501 723/2002/501 727/2003/501 729/2004/501
f 730/2005/502 728/2006/502 724/2007/502 726/2008/502
f 733/2009/503 731/2010/503 732/2011/503 734/2012/503
f 726/2013/504 725/2014/504 732/2015/504 731/2016/504
f 730/2017/505 726/2018/505 731/2019/505 733/2020/505
f 734/2021/506 732/2022/506 725/2023/506 729/2024/506
f 707/2025/507 733/2026/507 734/2027/507 709/2028/507
f 710/2029/508 729/2030/508 730/2031/508 708/2032/508
f 709/2033/509 734/2034/509 729/2035/509 710/2036/509
f 708/2037/510 730/2038/510 733/2039/510 707/2040/510
f 709/2041/511 736/2042/511 735/2043/511 713/2044/511
f 714/2045/512 737/2046/512 738/2047/512 710/2048/512
f 713/2049/513 735/2050/513 737/2051/513 714/2052/513
f 710/2053/514 738/2054/514 736/2055/514 709/2056/514
usemtl v4_diesel
f 739/2057/515 740/2058/515 742/2059/515 741/2060/515
f 744/2061/516 743/2062/516 745/2063/516 746/2064/516
f 744/2065/517 740/2066/517 739/2067/517 743/2068/517
f 743/2069/518 739/2070/518 741/2071/518 745/2072/518
f 740/2073/519 744/2074/519 746/2075/519 742/2076/519
o engine_cylinder1
v 0.0252 1.0764 1.05
v 0.0252 1.0764 1.3
v -0.1069 0.7932 1.05
v -0.1069 0.7932 1.3
v 0.2517 0.9707 1.05
v 0.2517 0.9707 1.3
v 0.1197 0.6875 1.05
v 0.1197 0.6875 1.3
v 0.0799 1.1198 1.0812
v 0.0799 1.1198 1.2687
v 0.0535 1.0632 1.0812
v 0.0535 1.0632 1.2687
v 0.2498 1.0406 1.0812
v 0.2498 1.0406 1.2687
v 0.2234 0.9839 1.0812
v 0.2234 0.9839 1.2687
v 0.078 1.1897 1.05
v 0.078 1.1897 1.3
v 0.0516 1.133 1.05
v 0.0516 1.133 1.3
v 0.3046 1.084 1.05
v 0.3046 1.084 1.3
v 0.2782 1.0274 1.05
v 0.2782 1.0274 1.3
v -0.1502 1.0764 0.7687
v -0.1502 1.0764 1.0187
v -0.0181 0.7932 0.7687
v -0.0181 0.7932 1.0187
v -0.3767 0.9707 0.7687
v -0.3767 0.9707 1.0187
v -0.2447 0.6875 0.7687
v -0.2447 0.6875 1.0187
v -0.2049 1.1198 0.8
v -0.2049 1.1198 0.9875
v -0.1785 1.0632 0.8
v -0.1785 1.0632 0.9875
v -0.3748 1.0406 0.8
v -0.3748 1.0406 0.9875
v -0.3484 0.9839 0.8
v -0.3484 0.9839 0.9875
v -0.203 1.1897 0.7687
v -0.203 1.1897 1.0187
v -0.1766 1.133 0.7687
v -0.1766 1.133 1.0187
v -0.4296 1.084 0.7687
v -0.4296 1.084 1.0187
v -0.4032 1.0274 0.7687
v -0.4032 1.0274 1.0187
vt 0.3125 0.4375
vt 0.3125 0.75
vt 0.5625 0.75
vt 0.5625 0.4375
vt 0.3125 0.4375
vt 0.3125 0.75
vt 0.5625 0.75
vt 0.5625 0.4375
vt 0.5625 1
vt 0.5625 0.75
vt 0.3125 0.75
vt 0.3125 1
vt 0.3125 1
vt 0.3125 0.75
vt 0.5625 0.75
vt 0.5625 1
vt 0.5625 0.4375
vt 0.5625 0.75
vt 0.3125 0.75
vt 0.3125 0.4375
vt 0.5625 0.4375
vt 0.5625 0.75
vt 0.3125 0.75
vt 0.3125 0.4375
vt 0.25 0.75
vt 0.25 0.6875
vt 0.0625 0.6875
vt 0.0625 0.75
vt 0.25 0.75
vt 0.25 0.6875
vt 0.0625 0.6875
vt 0.0625 0.75
vt 0.0625 0.75
vt 0.0625 0.6875
vt 0.25 0.6875
vt 0.25 0.75
vt 0.0625 0.6875
vt 0.0625 0.75
vt 0.25 0.75
vt 0.25 0.6875
vt 0.25 0.8125
vt 0.25 0.75
vt 0 0.75
vt 0 0.8125
vt 0 1
vt 0.0625 1
vt 0.0625 0.75
vt 0 0.75
vt 0.25 1
vt 0.25 0.75
vt 0 0.75
vt 0 1
vt 0.25 0.75
vt 0.25 1
vt 0 1
vt 0 0.75
vt 0.25 1
vt 0.25 0.9375
vt 0 0.9375
vt 0 1
vt 0 0.8125
vt 0 0.75
vt 0.25 0.75
vt 0.25 0.8125
vt 0.5625 0.75
vt 0.3125 0.75
vt 0.3125 0.4375
vt 0.5625 0.4375
vt 0.5625 0.75
vt 0.3125 0.75
vt 0.3125 0.4375
vt 0.5625 0.4375
vt 0.3125 0.75
vt 0.5625 0.75
vt 0.5625 1
vt 0.3125 1
vt 0.5625 0.75
vt 0.3125 0.75
vt 0.3125 1
vt 0.5625 1
vt 0.3125 0.75
vt 0.5625 0.75
vt 0.5625 0.4375
vt 0.3125 0.4375
vt 0.3125 0.75
vt 0.5625 0.75
vt 0.5625 0.4375
vt 0.3125 0.4375
vt 0.0625 0.6875
vt 0.25 0.6875
vt 0.25 0.75
vt 0.0625 0.75
vt 0.0625 0.6875
vt 0.25 0.6875
vt 0.25 0.75
vt 0.0625 0.75
vt 0.25 0.6875
vt 0.0625 0.6875
vt 0.0625 0.75
vt 0.25 0.75
vt 0.25 0.75
vt 0.0625 0.75
vt 0.0625 0.6875
vt 0.25 0.6875
vt 0 0.75
vt 0.25 0.75
vt 0.25 0.8125
vt 0 0.8125
vt 0.0625 0.75
vt 0.0625 1
vt 0 1
vt 0 0.75
vt 0 0.75
vt 0.25 0.75
vt 0.25 1
vt 0 1
vt 0 1
vt 0.25 1
vt 0.25 0.75
vt 0 0.75
vt 0 0.9375
vt 0.25 0.9375
vt 0.25 1
vt 0 1
vt 0.25 0.75
vt 0 0.75
vt 0 0.8125
vt 0.25 0.8125
vn -0.91 0.42 0
vn 0.91 -0.42 0
vn 0.42 0.91 0
vn -0.42 -0.91 0
vn 0 0 -1
vn 0 0 1
vn -0.91 0.42 0
vn 0.91 -0.42 0
vn 0 0 -1
vn 0 0 1
vn -0.91 0.42 0
vn 0.91 -0.42 0
vn 0.42 0.91 0
vn -0.42 -0.91 0
vn 0 0 -1
vn 0 0 1
vn 0.91 0.42 0
vn -0.91 -0.42 0
vn -0.42 0.91 0
vn 0.42 -0.91 0
vn 0 0 -1
vn 0 0 1
vn 0.91 0.42 0
vn -0.91 -0.42 0
vn 0 0 -1
vn 0 0 1
vn 0.91 0.42 0
vn -0.91 -0.42 0
vn -0.42 0.91 0
vn 0.42 -0.91 0
vn 0 0 -1
vn 0 0 1
usemtl engine_4
f 750/2077/520 748/2078/520 747/2079/520 749/2080/520
f 753/2081/521 751/2082/521 752/2083/521 754/2084/521
f 747/2085/522 748/2086/522 752/2087/522 751/2088/522
f 750/2089/523 749/2090/523 753/2091/523 754/2092/523
f 749/2093/524 747/2094/524 751/2095/524 753/2096/524
f 754/2097/525 752/2098/525 748/2099/525 750/2100/525
f 758/2101/526 756/2102/526 755/2103/526 757/2104/526
f 761/2105/527 759/2106/527 760/2107/527 762/2108/527
f 757/2109/528 755/2110/528 759/2111/528 761/2112/528
f 762/2113/529 760/2114/529 756/2115/529 758/2116/529
f 766/2117/530 764/2118/530 763/2119/530 765/2120/530
f 769/2121/531 767/2122/531 768/2123/531 770/2124/531
f 763/2125/532 764/2126/532 768/2127/532 767/2128/532
f 766/2129/533 765/2130/533 769/2131/533 770/2132/533
f 765/2133/534 763/2134/534 767/2135/534 769/2136/534
f 770/2137/535 768/2138/535 764/2139/535 766/2140/535
f 771/2141/536 772/2142/536 774/2143/536 773/2144/536
f 776/2145/537 775/2146/537 777/2147/537 778/2148/537
f 776/2149/538 772/2150/538 771/2151/538 775/2152/538
f 777/2153/539 773/2154/539 774/2155/539 778/2156/539
f 775/2157/540 771/2158/540 773/2159/540 777/2160/540
f 772/2161/541 776/2162/541 778/2163/541 774/2164/541
f 779/2165/542 780/2166/542 782/2167/542 781/2168/542
f 784/2169/543 783/2170/543 785/2171/543 786/2172/543
f 783/2173/544 779/2174/544 781/2175/544 785/2176/544
f 780/2177/545 784/2178/545 786/2179/545 782/2180/545
f 787/2181/546 788/2182/546 790/2183/546 789/2184/546
f 792/2185/547 791/2186/547 793/2187/547 794/2188/547
f 792/2189/548 788/2190/548 787/2191/548 791/2192/548
f 793/2193/549 789/2194/549 790/2195/549 794/2196/549
f 791/2197/550 787/2198/550 789/2199/550 793/2200/550
f 788/2201/551 792/2202/551 794/2203/551 790/2204/551
o engine_cylinder2
v -0.1502 1.0764 1.05
v -0.1502 1.0764 1.3
v -0.0181 0.7932 1.05
v -0.0181 0.7932 1.3
v -0.3767 0.9707 1.05
v -0.3767 0.9707 1.3
v -0.2447 0.6875 1.05
v -0.2447 0.6875 1.3
v -0.2049 1.1198 1.0812
v -0.2049 1.1198 1.2687
v -0.1785 1.0632 1.0812
v -0.1785 1.0632 1.2687
v -0.3748 1.0406 1.0812
v -0.3748 1.0406 1.2687
v -0.3484 0.9839 1.0812
v -0.3484 0.9839 1.2687
v -0.203 1.1897 1.05
v -0.203 1.1897 1.3
v -0.1766 1.133 1.05
v -0.1766 1.133 1.3
v -0.4296 1.084 1.05
v -0.4296 1.084 1.3
v -0.4032 1.0274 1.05
v -0.4032 1.0274 1.3
v 0.0252 1.0764 0.7687
v 0.0252 1.0764 1.0187
v -0.1069 0.7932 0.7687
v -0.1069 0.7932 1.0187
v 0.2517 0.9707 0.7687
v 0.2517 0.9707 1.0187
v 0.1197 0.6875 0.7687
v 0.1197 0.6875 1.0187
v 0.0799 1.1198 0.8
v 0.0799 1.1198 0.9875
v 0.0535 1.0632 0.8
v 0.0535 1.0632 0.9875
v 0.2498 1.0406 0.8
v 0.2498 1.0406 0.9875
v 0.2234 0.9839 0.8
v 0.2234 0.9839 0.9875
v 0.078 1.1897 0.7687
v 0.078 1.1897 1.0187
v 0.0516 1.133 0.7687
v 0.0516 1.133 1.0187
v 0.3046 1.084 0.7687
v 0.3046 1.084 1.0187
v 0.2782 1.0274 0.7687
v 0.2782 1.0274 1.0187
vt 0.5625 0.75
vt 0.3125 0.75
vt 0.3125 0.4375
vt 0.5625 0.4375
vt 0.5625 0.75
vt 0.3125 0.75
vt 0.3125 0.4375
vt 0.5625 0.4375
vt 0.3125 0.75
vt 0.5625 0.75
vt 0.5625 1
vt 0.3125 1
vt 0.5625 0.75
vt 0.3125 0.75
vt 0.3125 1
vt 0.5625 1
vt 0.3125 0.75
vt 0.5625 0.75
vt 0.5625 0.4375
vt 0.3125 0.4375
vt 0.3125 0.75
vt 0.5625 0.75
vt 0.5625 0.4375
vt 0.3125 0.4375
vt 0.0625 0.6875
vt 0.25 0.6875
vt 0.25 0.75
vt 0.0625 0.75
vt 0.0625 0.6875
vt 0.25 0.6875
vt 0.25 0.75
vt 0.0625 0.75
vt 0.25 0.6875
vt 0.0625 0.6875
vt 0.0625 0.75
vt 0.25 0.75
vt 0.25 0.75
vt 0.0625 0.75
vt 0.0625 0.6875
vt 0.25 0.6875
vt 0 0.75
vt 0.25 0.75
vt 0.25 0.8125
vt 0 0.8125
vt 0.0625 0.75
vt 0.0625 1
vt 0 1
vt 0 0.75
vt 0 0.75
vt 0.25 0.75
vt 0.25 1
vt 0 1
vt 0 1
vt 0.25 1
vt 0.25 0.75
vt 0 0.75
vt 0 0.9375
vt 0.25 0.9375
vt 0.25 1
vt 0 1
vt 0.25 0.75
vt 0 0.75
vt 0 0.8125
vt 0.25 0.8125
vt 0.3125 0.4375
vt 0.3125 0.75
vt 0.5625 0.75
vt 0.5625 0.4375
vt 0.3125 0.4375
vt 0.3125 0.75
vt 0.5625 0.75
vt 0.5625 0.4375
vt 0.5625 1
vt 0.5625 0.75
vt 0.3125 0.75
vt 0.3125 1
vt 0.3125 1
vt 0.3125 0.75
vt 0.5625 0.75
vt 0.5625 1
vt 0.5625 0.4375
vt 0.5625 0.75
vt 0.3125 0.75
vt 0.3125 0.4375
vt 0.5625 0.4375
vt 0.5625 0.75
vt 0.3125 0.75
vt 0.3125 0.4375
vt 0.25 0.75
vt 0.25 0.6875
vt 0.0625 0.6875
vt 0.0625 0.75
vt 0.25 0.75
vt 0.25 0.6875
vt 0.0625 0.6875
vt 0.0625 0.75
vt 0.0625 0.75
vt 0.0625 0.6875
vt 0.25 0.6875
vt 0.25 0.75
vt 0.0625 0.6875
vt 0.0625 0.75
vt 0.25 0.75
vt 0.25 0.6875
vt 0.25 0.8125
vt 0.25 0.75
vt 0 0.75
vt 0 0.8125
vt 0 1
vt 0.0625 1
vt 0.0625 0.75
vt 0 0.75
vt 0.25 1
vt 0.25 0.75
vt 0 0.75
vt 0 1
vt 0.25 0.75
vt 0.25 1
vt 0 1
vt 0 0.75
vt 0.25 1
vt 0.25 0.9375
vt 0 0.9375
vt 0 1
vt 0 0.8125
vt 0 0.75
vt 0.25 0.75
vt 0.25 0.8125
vn 0.91 0.42 0
vn -0.91 -0.42 0
vn -0.42 0.91 0
vn 0.42 -0.91 0
vn 0 0 -1
vn 0 0 1
vn 0.91 0.42 0
vn -0.91 -0.42 0
vn 0 0 -1
vn 0 0 1
vn 0.91 0.42 0
vn -0.91 -0.42 0
vn -0.42 0.91 0
vn 0.42 -0.91 0
vn 0 0 -1
vn 0 0 1
vn -0.91 0.42 0
vn 0.91 -0.42 0
vn 0.42 0.91 0
vn -0.42 -0.91 0
vn 0 0 -1
vn 0 0 1
vn -0.91 0.42 0
vn 0.91 -0.42 0
vn 0 0 -1
vn 0 0 1
vn -0.91 0.42 0
vn 0.91 -0.42 0
vn 0.42 0.91 0
vn -0.42 -0.91 0
vn 0 0 -1
vn 0 0 1
usemtl engine_4
f 795/2205/552 796/2206/552 798/2207/552 797/2208/552
f 800/2209/553 799/2210/553 801/2211/553 802/2212/553
f 800/2213/554 796/2214/554 795/2215/554 799/2216/554
f 801/2217/555 797/2218/555 798/2219/555 802/2220/555
f 799/2221/556 795/2222/556 797/2223/556 801/2224/556
f 796/2225/557 800/2226/557 802/2227/557 798/2228/557
f 803/2229/558 804/2230/558 806/2231/558 805/2232/558
f 808/2233/559 807/2234/559 809/2235/559 810/2236/559
f 807/2237/560 803/2238/560 805/2239/560 809/2240/560
f 804/2241/561 808/2242/561 810/2243/561 806/2244/561
f 811/2245/562 812/2246/562 814/2247/562 813/2248/562
f 816/2249/563 815/2250/563 817/2251/563 818/2252/563
f 816/2253/564 812/2254/564 811/2255/564 815/2256/564
f 817/2257/565 813/2258/565 814/2259/565 818/2260/565
f 815/2261/566 811/2262/566 813/2263/566 817/2264/566
f 812/2265/567 816/2266/567 818/2267/567 814/2268/567
f 822/2269/568 820/2270/568 819/2271/568 821/2272/568
f 825/2273/569 823/2274/569 824/2275/569 826/2276/569
f 819/2277/570 820/2278/570 824/2279/570 823/2280/570
f 822/2281/571 821/2282/571 825/2283/571 826/2284/571
f 821/2285/572 819/2286/572 823/2287/572 825/2288/572
f 826/2289/573 824/2290/573 820/2291/573 822/2292/573
f 830/2293/574 828/2294/574 827/2295/574 829/2296/574
f 833/2297/575 831/2298/575 832/2299/575 834/2300/575
f 829/2301/576 827/2302/576 831/2303/576 833/2304/576
f 834/2305/577 832/2306/577 828/2307/577 830/2308/577
f 838/2309/578 836/2310/578 835/2311/578 837/2312/578
f 841/2313/579 839/2314/579 840/2315/579 842/2316/579
f 835/2317/580 836/2318/580 840/2319/580 839/2320/580
f 838/2321/581 837/2322/581 841/2323/581 842/2324/581
f 837/2325/582 835/2326/582 839/2327/582 841/2328/582
f 842/2329/583 840/2330/583 836/2331/583 838/2332/583
o engine
v -0.2553 0.8125 0.875
v -0.2553 0.8125 0.8125
v -0.2553 0.4375 0.875
v -0.2553 0.4375 0.8125
v 0.1197 0.8125 0.875
v 0.1197 0.8125 0.8125
v 0.1197 0.4375 0.875
v 0.1197 0.4375 0.8125
v -0.2241 0.7813 0.8125
v -0.2241 0.7813 0.75
v -0.2241 0.4688 0.8125
v -0.2241 0.4688 0.75
v 0.0884 0.7813 0.8125
v 0.0884 0.7813 0.75
v 0.0884 0.4688 0.8125
v 0.0884 0.4688 0.75
v -0.2553 0.8125 0.75
v -0.2553 0.8125 0.6875
v -0.2553 0.4375 0.75
v -0.2553 0.4375 0.6875
v 0.1197 0.8125 0.75
v 0.1197 0.8125 0.6875
v 0.1197 0.4375 0.75
v 0.1197 0.4375 0.6875
v 0.1563 0.9375 0.9375
v 0.1563 0.9375 0.8125
v 0.1563 0.8125 0.9375
v 0.1563 0.8125 0.8125
v 0.2813 0.875 0.9375
v 0.2813 0.875 0.8125
v 0.2813 0.8125 0.9375
v 0.2813 0.8125 0.8125
v 0.1563 0.6875 0.875
v 0.1563 0.6875 0.75
v 0.2813 0.6875 0.875
v 0.2813 0.6875 0.75
v 0.1563 0.5625 0.875
v 0.2813 0.5625 0.875
v 0.1563 0.625 0.75
v 0.2813 0.625 0.75
v 0.1563 0.6875 1.25
v 0.1563 0.5625 1.25
v 0.2813 0.6875 1.25
v 0.2813 0.5625 1.25
v 0.1563 0.8125 1.25
v 0.1563 0.8125 1.125
v 0.1563 0.6875 1.125
v 0.2813 0.8125 1.25
v 0.2813 0.8125 1.125
v 0.2813 0.6875 1.125
v 0.1563 0.9375 1.25
v 0.1563 0.9375 1.125
v 0.2813 0.875 1.25
v 0.2813 0.875 1.125
v 0.2813 0.625 1.375
v 0.1563 0.625 1.375
v 0.2813 0.5625 1.375
v 0.1563 0.5625 1.375
v 0.1563 0.4375 1.375
v 0.2813 0.4375 1.375
v 0.1563 0.5 1.25
v 0.2813 0.5 1.25
v 0.1563 0.5625 1.5
v 0.1563 0.4375 1.5
v 0.2813 0.5625 1.4375
v 0.2813 0.4375 1.4375
v -0.2812 0.625 1.5
v -0.2812 0.625 1.375
v -0.2812 0.5 1.5
v -0.2812 0.5 1.375
v -0.4062 0.625 1.4375
v -0.4062 0.5 1.4375
v -0.4062 0.625 1.375
v -0.4062 0.5 1.375
v -0.2812 0.625 0.9375
v -0.2812 0.5 0.9375
v -0.4062 0.625 0.9375
v -0.4062 0.5 0.9375
v -0.4062 0.6875 1.25
v -0.4062 0.6875 1.375
v -0.4062 0.625 1.25
v -0.2812 0.6875 1.25
v -0.2812 0.6875 1.375
v -0.2812 0.625 1.25
v -0.4062 0.8125 1.25
v -0.2812 0.8125 1.25
v -0.4062 0.75 1.375
v -0.2812 0.75 1.375
v -0.2812 0.9375 1.25
v -0.2812 0.9375 1.125
v -0.2812 0.8125 1.125
v -0.4062 0.875 1.25
v -0.4062 0.875 1.125
v -0.4062 0.8125 1.125
v -0.2812 0.75 1.125
v -0.4062 0.75 1.125
v -0.4062 0.75 0.9688
v -0.4062 0.75 1.0938
v -0.4062 0.625 0.9688
v -0.4062 0.625 1.0938
v -0.2812 0.6875 0.9688
v -0.2812 0.6875 1.0938
v -0.2812 0.625 0.9688
v -0.2812 0.625 1.0938
v -0.4062 0.8125 0.9375
v -0.4062 0.625 1.125
v -0.3437 0.8125 1.125
v -0.3437 0.8125 0.9375
v -0.3437 0.625 1.125
v -0.3437 0.625 0.9375
v -0.2812 0.9375 0.9375
v -0.2812 0.9375 0.8125
v -0.2812 0.8125 0.9375
v -0.2812 0.8125 0.8125
v -0.4062 0.875 0.9375
v -0.4062 0.875 0.8125
v -0.4062 0.8125 0.8125
v -0.4062 0.625 0.8125
v -0.2812 0.625 0.8125
v -0.2812 0.5625 0.8125
v -0.4062 0.5625 0.8125
v -0.0312 0.9688 1.4875
v -0.0312 0.9688 1.3
v -0.0312 0.6563 1.4875
v -0.0312 0.6563 1.3
v 0.2813 0.9688 1.4875
v 0.2813 0.9688 1.3
v 0.2813 0.6563 1.4875
v 0.2813 0.6563 1.3
v -0.2134 0.5999 1.4375
v -0.2134 0.5999 1.375
v -0.0752 0.4733 1.4375
v -0.0752 0.4733 1.375
v -0.0023 0.8303 1.4375
v -0.0023 0.8303 1.375
v 0.1359 0.7037 1.4375
v 0.1359 0.7037 1.375
v 0.0313 1.1875 1.15
v 0.0313 1.1875 0.9625
v -0.1562 1.1875 1.15
v -0.1562 1.1875 0.9625
v 0.0313 1.125 1.15
v 0.0313 1.125 0.9625
v -0.1562 1.125 1.15
v -0.1562 1.125 0.9625
v -0.125 1.125 1.1125
v -0.125 1.125 0.9875
v -0.125 1.0625 1.1125
v -0.125 1.0625 0.9875
v 0 1.125 1.1125
v 0 1.125 0.9875
v 0 1.0625 1.1125
v 0 1.0625 0.9875
v -0.125 0.9375 0.9875
v 0 0.9375 0.9875
v -0.125 1 0.8625
v 0 1 0.8625
v -0.125 0.9375 0.8625
v 0 0.9375 0.8625
v -0.125 0.875 0.9875
v -0.125 0.875 0.8625
v 0 0.875 0.9875
v 0 0.875 0.8625
v -0.125 1.0625 1.175
v -0.125 0.9375 1.175
v 0 1.0625 1.175
v 0 0.9375 1.175
v -0.125 1 1.3
v 0 1 1.3
v -0.125 0.9375 1.3
v 0 0.9375 1.3
v -0.125 0.875 1.175
v -0.125 0.875 1.3
v 0 0.875 1.175
v 0 0.875 1.3
v -0.2553 0.8125 1.375
v -0.2553 0.4375 1.375
v 0.1197 0.8125 1.375
v 0.1197 0.4375 1.375
v -0.125 1.1875 1.125
v 0 1.1875 1.125
v -0.125 1.1875 1
v 0 1.1875 1
v -0.125 1.3125 1.125
v 0 1.25 1.125
v -0.125 1.3125 1
v 0 1.25 1
v -0.3125 1.1875 1
v -0.3125 1.3125 1
v -0.3125 1.1875 1.125
v -0.3125 1.3125 1.125
v -0.4375 1.3125 1
v -0.4375 1.1875 1
v -0.4375 1.3125 1.0625
v -0.4375 1.1875 1.0625
v -0.3125 1.1875 0.6875
v -0.3125 1.3125 0.6875
v -0.4375 1.1875 0.6875
v -0.4375 1.3125 0.6875
vt 0.375 0.75
vt 0.4375 0.75
vt 0.4375 0.375
vt 0.375 0.375
vt 0.6875 0.75
vt 0.75 0.75
vt 0.75 0.375
vt 0.6875 0.375
vt 0.75 0.75
vt 0.375 0.75
vt 0.375 0.6875
vt 0.75 0.6875
vt 0.75 0.4375
vt 0.375 0.4375
vt 0.375 0.375
vt 0.75 0.375
vt 0.375 0.75
vt 0.75 0.75
vt 0.75 0.375
vt 0.375 0.375
vt 0.75 0.6875
vt 0.8125 0.6875
vt 0.8125 0.375
vt 0.75 0.375
vt 0.75 0.6875
vt 0.8125 0.6875
vt 0.8125 0.375
vt 0.75 0.375
vt 0.75 0.375
vt 0.75 0.6875
vt 0.8125 0.6875
vt 0.8125 0.375
vt 0.75 0.375
vt 0.75 0.6875
vt 0.8125 0.6875
vt 0.8125 0.375
vt 0.375 0.75
vt 0.4375 0.75
vt 0.4375 0.375
vt 0.375 0.375
vt 0.6875 0.75
vt 0.75 0.75
vt 0.75 0.375
vt 0.6875 0.375
vt 0.75 0.75
vt 0.375 0.75
vt 0.375 0.6875
vt 0.75 0.6875
vt 0.75 0.4375
vt 0.375 0.4375
vt 0.375 0.375
vt 0.75 0.375
vt 0.75 0.75
vt 0.375 0.75
vt 0.375 0.375
vt 0.75 0.375
vt 0.75 0.9375
vt 0.625 0.9375
vt 0.625 0.875
vt 0.75 0.875
vt 0.75 0.8125
vt 0.75 0.9375
vt 0.625 0.9375
vt 0.625 0.8125
vt 0.625 1
vt 0.75 1
vt 0.75 0.875
vt 0.625 0.875
vt 0.8125 0.9375
vt 0.6875 0.9375
vt 0.6875 0.8125
vt 0.8125 0.8125
vt 0.75 0.875
vt 0.625 0.875
vt 0.625 0.75
vt 0.75 0.75
vt 0.75 0.875
vt 0.625 0.875
vt 0.625 0.75
vt 0.75 0.75
vt 0.625 0.875
vt 0.75 0.875
vt 0.75 0.75
vt 0.625 0.75
vt 0.625 0.875
vt 0.75 0.875
vt 0.75 0.75
vt 0.625 0.75
vt 0.75 0.9375
vt 0.625 0.9375
vt 0.625 0.875
vt 0.75 0.875
vt 0.75 0.8125
vt 0.75 0.9375
vt 0.625 0.9375
vt 0.625 0.8125
vt 0.625 1
vt 0.75 1
vt 0.75 0.875
vt 0.625 0.875
vt 0.8125 0.9375
vt 0.6875 0.9375
vt 0.6875 0.8125
vt 0.8125 0.8125
vt 0.75 0.5625
vt 0.75 0.9375
vt 0.625 0.9375
vt 0.625 0.5625
vt 0.625 0.625
vt 0.625 1
vt 0.5 1
vt 0.5 0.625
vt 0.625 0.9375
vt 0.75 0.9375
vt 0.75 0.5625
vt 0.625 0.5625
vt 0.75 0.5625
vt 0.625 0.5625
vt 0.625 0.9375
vt 0.75 0.9375
vt 0.75 0.875
vt 0.625 0.875
vt 0.625 0.75
vt 0.75 0.75
vt 0.75 0.875
vt 0.625 0.875
vt 0.625 0.75
vt 0.75 0.75
vt 0.625 0.875
vt 0.75 0.875
vt 0.75 0.75
vt 0.625 0.75
vt 0.625 0.875
vt 0.75 0.875
vt 0.75 0.75
vt 0.625 0.75
vt 0.75 0.9375
vt 0.625 0.9375
vt 0.625 0.875
vt 0.75 0.875
vt 0.75 0.8125
vt 0.75 0.9375
vt 0.625 0.9375
vt 0.625 0.8125
vt 0.625 1
vt 0.75 1
vt 0.75 0.875
vt 0.625 0.875
vt 0.8125 0.9375
vt 0.6875 0.9375
vt 0.6875 0.8125
vt 0.8125 0.8125
vt 0.625 0.875
vt 0.625 0.9375
vt 0.75 0.9375
vt 0.75 0.875
vt 0.625 0.9375
vt 0.75 0.9375
vt 0.75 0.8125
vt 0.625 0.8125
vt 0.75 0.875
vt 0.75 1
vt 0.625 1
vt 0.625 0.875
vt 0.6875 0.8125
vt 0.6875 0.9375
vt 0.8125 0.9375
vt 0.8125 0.8125
vt 0.75 0.9375
vt 0.625 0.9375
vt 0.625 0.875
vt 0.75 0.875
vt 0.75 0.8125
vt 0.75 0.9375
vt 0.625 0.9375
vt 0.625 0.8125
vt 0.625 1
vt 0.75 1
vt 0.75 0.875
vt 0.625 0.875
vt 0.8125 0.9375
vt 0.6875 0.9375
vt 0.6875 0.8125
vt 0.8125 0.8125
vt 0.625 0.875
vt 0.625 0.9375
vt 0.75 0.9375
vt 0.75 0.875
vt 0.625 0.9375
vt 0.75 0.9375
vt 0.75 0.8125
vt 0.625 0.8125
vt 0.75 0.875
vt 0.75 1
vt 0.625 1
vt 0.625 0.875
vt 0.6875 0.8125
vt 0.6875 0.9375
vt 0.8125 0.9375
vt 0.8125 0.8125
vt 0.625 0.875
vt 0.75 0.875
vt 0.75 0.4375
vt 0.625 0.4375
vt 0.625 0.4375
vt 0.75 0.4375
vt 0.75 0.875
vt 0.625 0.875
vt 0.75 0.4375
vt 0.625 0.4375
vt 0.625 0.875
vt 0.75 0.875
vt 0.625 0.875
vt 0.75 0.875
vt 0.75 0.4375
vt 0.625 0.4375
vt 0.75 0.9375
vt 0.625 0.9375
vt 0.625 0.875
vt 0.75 0.875
vt 0.75 0.8125
vt 0.75 0.9375
vt 0.625 0.9375
vt 0.625 0.8125
vt 0.625 1
vt 0.75 1
vt 0.75 0.875
vt 0.625 0.875
vt 0.8125 0.9375
vt 0.6875 0.9375
vt 0.6875 0.8125
vt 0.8125 0.8125
vt 0.625 0.9375
vt 0.75 0.9375
vt 0.75 0.5
vt 0.625 0.5
vt 0.5 1
vt 0.625 1
vt 0.625 0.5625
vt 0.5 0.5625
vt 0.75 0.5
vt 0.75 0.9375
vt 0.625 0.9375
vt 0.625 0.5
vt 0.625 0.9375
vt 0.625 0.5
vt 0.75 0.5
vt 0.75 0.9375
vt 0.625 0.5625
vt 0.625 0.625
vt 0.75 0.625
vt 0.75 0.5625
vt 0.625 0.5625
vt 0.625 0.625
vt 0.75 0.625
vt 0.75 0.5625
vt 0.75 0.5625
vt 0.75 0.625
vt 0.625 0.625
vt 0.625 0.5625
vt 0.75 0.5625
vt 0.75 0.625
vt 0.625 0.625
vt 0.625 0.5625
vt 0.75 0.9375
vt 0.625 0.9375
vt 0.625 0.875
vt 0.75 0.875
vt 0.75 0.8125
vt 0.75 0.9375
vt 0.625 0.9375
vt 0.625 0.8125
vt 0.625 1
vt 0.75 1
vt 0.75 0.875
vt 0.625 0.875
vt 0.8125 0.9375
vt 0.6875 0.9375
vt 0.6875 0.8125
vt 0.8125 0.8125
vt 0.625 0.875
vt 0.625 0.9375
vt 0.75 0.9375
vt 0.75 0.875
vt 0.625 0.9375
vt 0.75 0.9375
vt 0.75 0.8125
vt 0.625 0.8125
vt 0.75 0.875
vt 0.75 1
vt 0.625 1
vt 0.625 0.875
vt 0.6875 0.8125
vt 0.6875 0.9375
vt 0.8125 0.9375
vt 0.8125 0.8125
vt 0.625 0.875
vt 0.625 0.9375
vt 0.75 0.9375
vt 0.75 0.875
vt 0.625 0.9375
vt 0.75 0.9375
vt 0.75 0.8125
vt 0.625 0.8125
vt 0.75 0.875
vt 0.75 1
vt 0.625 1
vt 0.625 0.875
vt 0.6875 0.8125
vt 0.6875 0.9375
vt 0.8125 0.9375
vt 0.8125 0.8125
vt 0.625 0.875
vt 0.625 0.9375
vt 0.75 0.9375
vt 0.75 0.875
vt 0.625 0.9375
vt 0.75 0.9375
vt 0.75 0.8125
vt 0.625 0.8125
vt 0.75 0.875
vt 0.75 1
vt 0.625 1
vt 0.625 0.875
vt 0.6875 0.8125
vt 0.6875 0.9375
vt 0.8125 0.9375
vt 0.8125 0.8125
vt 0.8125 0.9375
vt 1 0.9375
vt 1 0.75
vt 0.8125 0.75
vt 1 0.9375
vt 0.8125 0.9375
vt 0.8125 0.75
vt 1 0.75
vt 1 0.875
vt 1 0.9375
vt 0.8125 0.9375
vt 0.8125 0.875
vt 0.9375 0.9375
vt 1 0.9375
vt 1 0.75
vt 0.9375 0.75
vt 0.8125 0.9375
vt 0.875 0.9375
vt 0.875 0.75
vt 0.8125 0.75
vt 0.9375 0.9375
vt 1 0.9375
vt 1 0.75
vt 0.9375 0.75
vt 0.625 0.875
vt 0.625 0.9375
vt 0.75 0.9375
vt 0.75 0.875
vt 0.625 0.9375
vt 0.75 0.9375
vt 0.75 0.8125
vt 0.625 0.8125
vt 0.75 0.875
vt 0.75 1
vt 0.625 1
vt 0.625 0.875
vt 0.6875 0.8125
vt 0.6875 0.9375
vt 0.8125 0.9375
vt 0.8125 0.8125
vt 0.625 0.4375
vt 0.625 0.625
vt 0.75 0.625
vt 0.75 0.4375
vt 0.625 0.4375
vt 0.625 0.625
vt 0.75 0.625
vt 0.75 0.4375
vt 0.75 0.4375
vt 0.75 0.625
vt 0.625 0.625
vt 0.625 0.4375
vt 0.75 0.4375
vt 0.75 0.625
vt 0.625 0.625
vt 0.625 0.4375
vt 0.625 0.875
vt 0.625 0.9375
vt 0.75 0.9375
vt 0.75 0.875
vt 0.625 0.9375
vt 0.75 0.9375
vt 0.75 0.8125
vt 0.625 0.8125
vt 0.75 0.875
vt 0.75 1
vt 0.625 1
vt 0.625 0.875
vt 0.6875 0.8125
vt 0.6875 0.9375
vt 0.8125 0.9375
vt 0.8125 0.8125
vt 0.625 0.3125
vt 0.625 0.5
vt 0.9375 0.5
vt 0.9375 0.3125
vt 0.9375 0.6875
vt 0.9375 0.5
vt 0.625 0.5
vt 0.625 0.6875
vt 0.9375 0.3125
vt 0.625 0.3125
vt 0.625 0.5
vt 0.9375 0.5
vt 0.625 0.6875
vt 0.9375 0.6875
vt 0.9375 0.5
vt 0.625 0.5
vt 0.625 1
vt 0.9375 1
vt 0.9375 0.6875
vt 0.625 0.6875
vt 0.9375 1
vt 0.625 1
vt 0.625 0.6875
vt 0.9375 0.6875
vt 0.375 0.9375
vt 0.4375 0.9375
vt 0.4375 0.75
vt 0.375 0.75
vt 0.375 0.9375
vt 0.4375 0.9375
vt 0.4375 0.75
vt 0.375 0.75
vt 0.375 0.9375
vt 0.6875 0.9375
vt 0.6875 0.875
vt 0.375 0.875
vt 0.375 0.9375
vt 0.6875 0.9375
vt 0.6875 0.875
vt 0.375 0.875
vt 0.375 0.9375
vt 0.6875 0.9375
vt 0.6875 0.75
vt 0.375 0.75
vt 0.8125 0.9375
vt 1 0.9375
vt 1 0.75
vt 0.8125 0.75
vt 1 0.9375
vt 0.8125 0.9375
vt 0.8125 0.75
vt 1 0.75
vt 1 0.875
vt 1 0.9375
vt 0.8125 0.9375
vt 0.8125 0.875
vt 0.9375 0.9375
vt 1 0.9375
vt 1 0.75
vt 0.9375 0.75
vt 0.8125 0.9375
vt 0.875 0.9375
vt 0.875 0.75
vt 0.8125 0.75
vt 0.9375 0.9375
vt 1 0.9375
vt 1 0.75
vt 0.9375 0.75
vt 0.75 0.8125
vt 0.625 0.8125
vt 0.625 0.75
vt 0.75 0.75
vt 0.75 0.8125
vt 0.625 0.8125
vt 0.625 0.75
vt 0.75 0.75
vt 0.625 0.8125
vt 0.75 0.8125
vt 0.75 0.75
vt 0.625 0.75
vt 0.625 0.8125
vt 0.75 0.8125
vt 0.75 0.75
vt 0.625 0.75
vt 0.625 0.875
vt 0.625 0.9375
vt 0.75 0.9375
vt 0.75 0.875
vt 0.625 0.9375
vt 0.75 0.9375
vt 0.75 0.8125
vt 0.625 0.8125
vt 0.75 0.875
vt 0.75 1
vt 0.625 1
vt 0.625 0.875
vt 0.6875 0.8125
vt 0.6875 0.9375
vt 0.8125 0.9375
vt 0.8125 0.8125
vt 0.75 0.8125
vt 0.625 0.8125
vt 0.625 0.75
vt 0.75 0.75
vt 0.75 0.8125
vt 0.625 0.8125
vt 0.625 0.75
vt 0.75 0.75
vt 0.625 0.8125
vt 0.75 0.8125
vt 0.75 0.75
vt 0.625 0.75
vt 0.625 0.8125
vt 0.75 0.8125
vt 0.75 0.75
vt 0.625 0.75
vt 0.625 0.8125
vt 0.625 1
vt 0.5 1
vt 0.5 0.8125
vt 0.375 1
vt 0.375 0.8125
vt 0.5 0.8125
vt 0.5 1
vt 0.625 0.8125
vt 0.75 0.8125
vt 0.75 0.625
vt 0.625 0.625
vt 0.625 0.8125
vt 0.75 0.8125
vt 0.75 0.625
vt 0.625 0.625
vt 0.75 0.9375
vt 0.625 0.9375
vt 0.625 0.875
vt 0.75 0.875
vt 0.75 0.8125
vt 0.75 0.9375
vt 0.625 0.9375
vt 0.625 0.8125
vt 0.625 1
vt 0.75 1
vt 0.75 0.875
vt 0.625 0.875
vt 0.8125 0.9375
vt 0.6875 0.9375
vt 0.6875 0.8125
vt 0.8125 0.8125
vt 0.625 0.75
vt 0.625 0.8125
vt 0.75 0.8125
vt 0.75 0.75
vt 0.625 0.75
vt 0.625 0.8125
vt 0.75 0.8125
vt 0.75 0.75
vt 0.75 0.75
vt 0.75 0.8125
vt 0.625 0.8125
vt 0.625 0.75
vt 0.75 0.75
vt 0.75 0.8125
vt 0.625 0.8125
vt 0.625 0.75
vt 0 0.375
vt 0.5 0.375
vt 0.5 0
vt 0 0
vt 0 0.375
vt 0.5 0.375
vt 0.5 0
vt 0 0
vt 0 0.875
vt 0.375 0.875
vt 0.375 0.375
vt 0 0.375
vt 0.375 0.375
vt 0 0.375
vt 0 0.875
vt 0.375 0.875
vt 0.4375 0.375
vt 0.8125 0.375
vt 0.8125 0
vt 0.4375 0
vt 0.4375 0.375
vt 0.8125 0.375
vt 0.8125 0
vt 0.4375 0
vt 0.5469 0.4375
vt 0.5781 0.4375
vt 0.5781 0.4688
vt 0.5469 0.4688
vt 0.5938 0.4063
vt 0.5938 0.4375
vt 0.625 0.4375
vt 0.625 0.4063
vt 0.6094 0.4531
vt 0.6094 0.4219
vt 0.6406 0.4219
vt 0.6406 0.4531
vt 0.5 0.4531
vt 0.5313 0.4531
vt 0.5313 0.4688
vt 0.5 0.4688
vt 0.5 0.4531
vt 0.5 0.5
vt 0.5313 0.5
vt 0.5313 0.4531
vt 0.5 0.4531
vt 0.5 0.5
vt 0.5313 0.5
vt 0.5313 0.4531
vt 0.5313 0.4531
vt 0.5313 0.5
vt 0.5 0.5
vt 0.5 0.4531
vt 0.5313 0.4531
vt 0.5313 0.5
vt 0.5 0.5
vt 0.5 0.4531
vt 0.5469 0.4375
vt 0.5781 0.4375
vt 0.5781 0.4688
vt 0.5469 0.4688
vt 0.5938 0.4063
vt 0.5938 0.4375
vt 0.625 0.4375
vt 0.625 0.4063
vt 0.6094 0.4531
vt 0.6094 0.4219
vt 0.6406 0.4219
vt 0.6406 0.4531
vt 0.5 0.4531
vt 0.5313 0.4531
vt 0.5313 0.4688
vt 0.5 0.4688
vt 0.5 0.4219
vt 0.5 0.5
vt 0.5313 0.5
vt 0.5313 0.4219
vt 0.5 0.4219
vt 0.5 0.5
vt 0.5313 0.5
vt 0.5313 0.4219
vt 0.5313 0.4219
vt 0.5313 0.5
vt 0.5 0.5
vt 0.5 0.4219
vt 0.5313 0.4219
vt 0.5313 0.5
vt 0.5 0.5
vt 0.5 0.4219
vn -1 0 0
vn 1 0 0
vn 0 1 0
vn 0 -1 0
vn 0 0 -1
vn -1 0 0
vn 1 0 0
vn 0 1 0
vn 0 -1 0
vn -1 0 0
vn 1 0 0
vn 0 1 0
vn 0 -1 0
vn 0 0 1
vn 1 0 0
vn 0.45 0.89 0
vn 0 0 1
vn 0 0 -1
vn -1 0 0
vn 1 0 0
vn 0 -0.45 0.89
vn 0 0.45 -0.89
vn 0 0 -1
vn 0 -0.89 -0.45
vn -1 0 0
vn 1 0 0
vn -1 0 0
vn 1 0 0
vn 0 1 0
vn 0 -1 0
vn -1 0 0
vn 1 0 0
vn 0 0 1
vn 0 0 -1
vn 1 0 0
vn 0.45 0.89 0
vn 0 0 1
vn 0 0 -1
vn 0 0 1
vn 0 0.89 0.45
vn 1 0 0
vn -1 0 0
vn 0 0 -1
vn 0 -0.89 -0.45
vn -1 0 0
vn 1 0 0
vn 1 0 0
vn 0.45 0 0.89
vn 0 1 0
vn 0 -1 0
vn 0.14 0.99 0
vn -0.14 -0.99 0
vn 0 0 1
vn 0 0 -1
vn -1 0 0
vn -0.45 0 0.89
vn 0 1 0
vn 0 -1 0
vn 1 0 0
vn -1 0 0
vn 0 1 0
vn 0 -1 0
vn -1 0 0
vn 1 0 0
vn 0 0 -1
vn 0 0 1
vn 0 0 1
vn 0 0.89 0.45
vn -1 0 0
vn 1 0 0
vn -1 0 0
vn -0.45 0.89 0
vn 0 0 1
vn 0 0 -1
vn 0 0 -1
vn 0 -0.89 -0.45
vn 1 0 0
vn -1 0 0
vn 1 0 0
vn 0.45 0.89 0
vn 0 0 -1
vn 0 0 1
vn -1 0 0
vn 1 0 0
vn 0 1 0
vn 0 -1 0
vn 0 0 1
vn 0 0 -1
vn -1 0 0
vn -0.45 0.89 0
vn 0 0 1
vn 0 0 -1
vn -1 0 0
vn 1 0 0
vn 0 0 -1
vn 0 0 1
vn 0 0 -1
vn 0 -0.89 -0.45
vn 1 0 0
vn -1 0 0
vn -1 0 0
vn 1 0 0
vn 0 1 0
vn 0 -1 0
vn 0 0 1
vn 0 0 -1
vn -0.68 -0.74 0
vn 0.68 0.74 0
vn -0.74 0.68 0
vn 0.74 -0.68 0
vn 0 0 1
vn 0 1 0
vn 0 -1 0
vn 1 0 0
vn -1 0 0
vn 0 0 1
vn 0 0 -1
vn -1 0 0
vn 1 0 0
vn 0 0 1
vn 0 0 -1
vn 0 0 -1
vn 0 0.89 -0.45
vn -1 0 0
vn 1 0 0
vn -1 0 0
vn 1 0 0
vn 0 0 1
vn 0 0 -1
vn -1 0 0
vn 1 0 0
vn 0 1 0
vn 0 -1 0
vn 0 0 1
vn 0 0.89 0.45
vn -1 0 0
vn 1 0 0
vn -1 0 0
vn 1 0 0
vn 0 0 -1
vn 0 0 1
vn -1 0 0
vn 1 0 0
vn 0 1 0
vn 0 -1 0
vn 0 0 1
vn 0 0 -1
vn 0.45 0.89 0
vn 0 0 1
vn 0 0 -1
vn 1 0 0
vn 0 0 -1
vn 0 0 1
vn 0 -1 0
vn 0 1 0
vn -0.45 0 0.89
vn 0 1 0
vn 0 -1 0
vn -1 0 0
vn 1 0 0
vn -1 0 0
vn 0 -1 0
vn 0 1 0
usemtl v4_diesel
f 843/2333/584 844/2334/584 846/2335/584 845/2336/584
f 848/2337/585 847/2338/585 849/2339/585 850/2340/585
f 848/2341/586 844/2342/586 843/2343/586 847/2344/586
f 849/2345/587 845/2346/587 846/2347/587 850/2348/587
f 844/2349/588 848/2350/588 850/2351/588 846/2352/588
f 851/2353/589 852/2354/589 854/2355/589 853/2356/589
f 856/2357/590 855/2358/590 857/2359/590 858/2360/590
f 856/2361/591 852/2362/591 851/2363/591 855/2364/591
f 857/2365/592 853/2366/592 854/2367/592 858/2368/592
f 859/2369/593 860/2370/593 862/2371/593 861/2372/593
f 864/2373/594 863/2374/594 865/2375/594 866/2376/594
f 864/2377/595 860/2378/595 859/2379/595 863/2380/595
f 865/2381/596 861/2382/596 862/2383/596 866/2384/596
f 863/2385/597 859/2386/597 861/2387/597 865/2388/597
usemtl v4_diesel2
f 872/2389/598 871/2390/598 873/2391/598 874/2392/598
f 872/2393/599 868/2394/599 867/2395/599 871/2396/599
f 871/2397/600 867/2398/600 869/2399/600 873/2400/600
f 868/2401/601 872/2402/601 874/2403/601 870/2404/601
f 869/2405/602 870/2406/602 876/2407/602 875/2408/602
f 874/2409/603 873/2410/603 877/2411/603 878/2412/603
f 873/2413/604 869/2414/604 875/2415/604 877/2416/604
f 870/2417/605 874/2418/605 878/2419/605 876/2420/605
f 882/2421/606 881/2422/606 876/2423/606 878/2424/606
f 882/2425/607 880/2426/607 879/2427/607 881/2428/607
f 881/2429/608 879/2430/608 875/2431/608 876/2432/608
f 880/2433/609 882/2434/609 878/2435/609 877/2436/609
f 883/2437/610 875/2438/610 879/2439/610 884/2440/610
f 877/2441/611 885/2442/611 886/2443/611 880/2444/611
f 877/2445/612 875/2446/612 883/2447/612 885/2448/612
f 886/2449/613 884/2450/613 879/2451/613 880/2452/613
f 887/2453/614 888/2454/614 889/2455/614 883/2456/614
f 891/2457/615 890/2458/615 885/2459/615 892/2460/615
f 890/2461/616 887/2462/616 883/2463/616 885/2464/616
f 888/2465/617 891/2466/617 892/2467/617 889/2468/617
f 896/2469/618 895/2470/618 890/2471/618 891/2472/618
f 896/2473/619 894/2474/619 893/2475/619 895/2476/619
f 895/2477/620 893/2478/620 887/2479/620 890/2480/620
f 894/2481/621 896/2482/621 891/2483/621 888/2484/621
f 899/2485/622 897/2486/622 898/2487/622 900/2488/622
f 885/2489/623 883/2490/623 898/2491/623 897/2492/623
f 886/2493/624 885/2494/624 897/2495/624 899/2496/624
f 900/2497/625 898/2498/625 883/2499/625 884/2500/625
f 904/2501/626 903/2502/626 884/2503/626 886/2504/626
f 904/2505/627 902/2506/627 901/2507/627 903/2508/627
f 903/2509/628 901/2510/628 900/2511/628 884/2512/628
f 902/2513/629 904/2514/629 886/2515/629 899/2516/629
f 899/2517/630 907/2518/630 908/2519/630 902/2520/630
f 905/2521/631 906/2522/631 908/2523/631 907/2524/631
f 900/2525/632 905/2526/632 907/2527/632 899/2528/632
f 902/2529/633 908/2530/633 906/2531/633 901/2532/633
f 905/2533/634 900/2534/634 910/2535/634 909/2536/634
f 901/2537/635 906/2538/635 911/2539/635 912/2540/635
f 906/2541/636 905/2542/636 909/2543/636 911/2544/636
f 912/2545/637 910/2546/637 900/2547/637 901/2548/637
f 914/2549/638 913/2550/638 915/2551/638 916/2552/638
f 914/2553/639 911/2554/639 909/2555/639 913/2556/639
f 913/2557/640 909/2558/640 910/2559/640 915/2560/640
f 911/2561/641 914/2562/641 916/2563/641 912/2564/641
f 918/2565/642 917/2566/642 910/2567/642 912/2568/642
f 916/2569/643 915/2570/643 919/2571/643 920/2572/643
f 910/2573/644 917/2574/644 919/2575/644 915/2576/644
f 918/2577/645 912/2578/645 916/2579/645 920/2580/645
f 915/2581/646 922/2582/646 921/2583/646 923/2584/646
f 926/2585/647 924/2586/647 925/2587/647 910/2588/647
f 923/2589/648 921/2590/648 924/2591/648 926/2592/648
f 910/2593/649 925/2594/649 922/2595/649 915/2596/649
f 930/2597/650 929/2598/650 922/2599/650 925/2600/650
f 930/2601/651 928/2602/651 927/2603/651 929/2604/651
f 929/2605/652 927/2606/652 921/2607/652 922/2608/652
f 928/2609/653 930/2610/653 925/2611/653 924/2612/653
f 927/2613/654 934/2614/654 935/2615/654 936/2616/654
f 931/2617/655 932/2618/655 935/2619/655 934/2620/655
f 928/2621/656 931/2622/656 934/2623/656 927/2624/656
f 936/2625/657 935/2626/657 932/2627/657 933/2628/657
f 933/2629/658 937/2630/658 938/2631/658 936/2632/658
f 924/2633/659 921/2634/659 938/2635/659 937/2636/659
f 928/2637/660 924/2638/660 937/2639/660 933/2640/660
f 936/2641/661 938/2642/661 921/2643/661 927/2644/661
f 945/2645/662 943/2646/662 944/2647/662 946/2648/662
f 939/2649/663 940/2650/663 944/2651/663 943/2652/663
f 941/2653/664 939/2654/664 943/2655/664 945/2656/664
f 946/2657/665 944/2658/665 940/2659/665 942/2660/665
usemtl v4_diesel
f 936/2661/666 947/2662/666 919/2663/666 948/2664/666
f 950/2665/667 949/2666/667 951/2667/667 952/2668/667
f 950/2669/668 947/2670/668 936/2671/668 949/2672/668
f 951/2673/669 948/2674/669 919/2675/669 952/2676/669
f 949/2677/670 936/2678/670 948/2679/670 951/2680/670
f 947/2681/671 950/2682/671 952/2683/671 919/2684/671
usemtl v4_diesel2
f 947/2685/672 957/2686/672 958/2687/672 959/2688/672
f 953/2689/673 954/2690/673 958/2691/673 957/2692/673
f 955/2693/674 953/2694/674 957/2695/674 947/2696/674
f 959/2697/675 958/2698/675 954/2699/675 956/2700/675
f 919/2701/676 947/2702/676 959/2703/676 960/2704/676
f 961/2705/677 956/2706/677 955/2707/677 917/2708/677
f 960/2709/678 959/2710/678 956/2711/678 961/2712/678
f 917/2713/679 955/2714/679 947/2715/679 919/2716/679
f 961/2717/680 962/2718/680 963/2719/680 960/2720/680
f 918/2721/681 920/2722/681 963/2723/681 962/2724/681
f 917/2725/682 918/2726/682 962/2727/682 961/2728/682
f 960/2729/683 963/2730/683 920/2731/683 919/2732/683
usemtl engine_4
f 964/2733/684 965/2734/684 967/2735/684 966/2736/684
f 969/2737/685 968/2738/685 970/2739/685 971/2740/685
f 969/2741/686 965/2742/686 964/2743/686 968/2744/686
f 970/2745/687 966/2746/687 967/2747/687 971/2748/687
f 968/2749/688 964/2750/688 966/2751/688 970/2752/688
f 965/2753/689 969/2754/689 971/2755/689 967/2756/689
usemtl v4_diesel
f 972/2757/690 973/2758/690 975/2759/690 974/2760/690
f 977/2761/691 976/2762/691 978/2763/691 979/2764/691
f 977/2765/692 973/2766/692 972/2767/692 976/2768/692
f 978/2769/693 974/2770/693 975/2771/693 979/2772/693
f 976/2773/694 972/2774/694 974/2775/694 978/2776/694
f 980/2777/695 981/2778/695 983/2779/695 982/2780/695
f 985/2781/696 984/2782/696 986/2783/696 987/2784/696
f 985/2785/697 981/2786/697 980/2787/697 984/2788/697
f 986/2789/698 982/2790/698 983/2791/698 987/2792/698
f 984/2793/699 980/2794/699 982/2795/699 986/2796/699
f 981/2797/700 985/2798/700 987/2799/700 983/2800/700
usemtl v4_diesel2
f 988/2801/701 989/2802/701 991/2803/701 990/2804/701
f 993/2805/702 992/2806/702 994/2807/702 995/2808/702
f 992/2809/703 988/2810/703 990/2811/703 994/2812/703
f 989/2813/704 993/2814/704 995/2815/704 991/2816/704
f 1000/2817/705 998/2818/705 999/2819/705 1001/2820/705
f 991/2821/706 995/2822/706 999/2823/706 998/2824/706
f 996/2825/707 991/2826/707 998/2827/707 1000/2828/707
f 1001/2829/708 999/2830/708 995/2831/708 997/2832/708
f 996/2833/709 1000/2834/709 1003/2835/709 1002/2836/709
f 1001/2837/710 997/2838/710 1004/2839/710 1005/2840/710
f 997/2841/711 996/2842/711 1002/2843/711 1004/2844/711
f 1000/2845/712 1001/2846/712 1005/2847/712 1003/2848/712
f 1006/2849/713 991/2850/713 996/2851/713 1007/2852/713
f 995/2853/714 1008/2854/714 1009/2855/714 997/2856/714
f 995/2857/715 991/2858/715 1006/2859/715 1008/2860/715
f 1009/2861/716 1007/2862/716 996/2863/716 997/2864/716
f 1011/2865/717 1010/2866/717 1012/2867/717 1013/2868/717
f 1011/2869/718 1008/2870/718 1006/2871/718 1010/2872/718
f 1010/2873/719 1006/2874/719 1007/2875/719 1012/2876/719
f 1008/2877/720 1011/2878/720 1013/2879/720 1009/2880/720
f 1015/2881/721 1012/2882/721 1007/2883/721 1014/2884/721
f 1016/2885/722 1009/2886/722 1013/2887/722 1017/2888/722
f 1014/2889/723 1007/2890/723 1009/2891/723 1016/2892/723
f 1017/2893/724 1013/2894/724 1012/2895/724 1015/2896/724
usemtl v4_diesel
f 1018/2897/725 843/2898/725 845/2899/725 1019/2900/725
f 847/2901/726 1020/2902/726 1021/2903/726 849/2904/726
f 847/2905/727 843/2906/727 1018/2907/727 1020/2908/727
f 1021/2909/728 1019/2910/728 845/2911/728 849/2912/728
f 1020/2913/729 1018/2914/729 1019/2915/729 1021/2916/729
f 843/2917/730 847/2918/730 849/2919/730 845/2920/730
usemtl common_cable_and_pipe
f 1028/2921/731 1026/2922/731 1027/2923/731 1029/2924/731
f 1022/2925/732 1023/2926/732 1027/2927/732 1026/2928/732
f 1025/2929/733 1024/2930/733 1028/2931/733 1029/2932/733
f 1029/2933/734 1027/2934/734 1023/2935/734 1025/2936/734
f 1031/2937/735 1028/2938/735 1024/2939/735 1030/2940/735
f 1032/2941/736 1022/2942/736 1026/2943/736 1033/2944/736
f 1030/2945/737 1024/2946/737 1022/2947/737 1032/2948/737
f 1033/2949/738 1026/2950/738 1028/2951/738 1031/2952/738
f 1032/2953/739 1033/2954/739 1036/2955/739 1037/2956/739
f 1031/2957/740 1034/2958/740 1036/2959/740 1033/2960/740
f 1035/2961/741 1030/2962/741 1032/2963/741 1037/2964/741
f 1037/2965/742 1036/2966/742 1034/2967/742 1035/2968/742
f 1039/2969/743 1031/2970/743 1030/2971/743 1038/2972/743
f 1040/2973/744 1035/2974/744 1034/2975/744 1041/2976/744
f 1038/2977/745 1030/2978/745 1035/2979/745 1040/2980/745
f 1041/2981/746 1034/2982/746 1031/2983/746 1039/2984/746
o pipe
v -0.4375 1.5625 0.375
v -0.5625 1.5892 0.3684
v -0.375 1.4024 0.3847
v -0.5625 1.4024 0.3847
v -0.4375 1.5625 0.5625
v -0.5625 1.6055 0.5552
v -0.375 1.4187 0.5715
v -0.5625 1.4187 0.5715
v -0.5 1.1875 0.375
v -0.5 1.3125 0.375
v -0.5 1.125 0.5625
v -0.5 1.3125 0.5625
v -0.3125 1.1875 0.375
v -0.3125 1.3125 0.375
v -0.3125 1.125 0.5625
v -0.3125 1.3125 0.5625
v -0.75 1.4187 0.5715
v -0.75 1.6055 0.5552
v -0.75 1.4732 1.1941
v -0.75 1.66 1.1778
v -0.5625 1.4732 1.1941
v -0.5625 1.66 1.1778
v -0.75 1.4078 0.447
v -0.75 1.5946 0.4306
v -0.5562 1.651 1.0029
v -0.5562 1.6226 0.6791
v -0.5562 1.4517 1.0203
v -0.5562 1.4234 0.6966
v -0.7562 1.651 1.0029
v -0.7562 1.6226 0.6791
v -0.7562 1.4517 1.0203
v -0.7562 1.4234 0.6966
v -0.6562 1.6226 0.6791
v -0.6562 1.651 1.0029
v -0.6562 1.4517 1.0203
v -0.6562 1.4234 0.6966
v -0.7562 1.5514 1.0116
v -0.7562 1.523 0.6879
v -0.5562 1.523 0.6879
v -0.5562 1.5514 1.0116
v -0.6562 1.6368 0.841
v -0.7562 1.6368 0.841
v -0.7562 1.5372 0.8497
v -0.7562 1.4376 0.8585
v -0.6562 1.4376 0.8585
v -0.5562 1.4376 0.8585
v -0.5562 1.5372 0.8497
v -0.5562 1.6368 0.841
vt 0.6406 0.4063
vt 0.6406 0.4531
vt 0.6875 0.4531
vt 0.6875 0.4063
vt 0.6875 0.4063
vt 0.6875 0.4531
vt 0.6406 0.4531
vt 0.6406 0.4063
vt 0.5469 0.4688
vt 0.5469 0.5
vt 0.5 0.5
vt 0.5 0.4688
vt 0.5469 0.4531
vt 0.5469 0.5
vt 0.5 0.5
vt 0.5 0.4531
vt 0.6406 0.4063
vt 0.6406 0.4531
vt 0.6875 0.4531
vt 0.6875 0.4063
vt 0.6875 0.4063
vt 0.6875 0.4531
vt 0.6406 0.4531
vt 0.6406 0.4063
vt 0.5469 0.4688
vt 0.5469 0.5
vt 0.5 0.5
vt 0.5 0.4688
vt 0.5469 0.4531
vt 0.5469 0.5
vt 0.5 0.5
vt 0.5 0.4531
vt 0.5938 0.2656
vt 0.5938 0.4219
vt 0.5469 0.4219
vt 0.5469 0.2656
vt 0.5938 0.2656
vt 0.5938 0.4219
vt 0.5469 0.4219
vt 0.5469 0.2656
vt 0.5938 0.2656
vt 0.5938 0.4219
vt 0.5469 0.4219
vt 0.5469 0.2656
vt 0.5938 0.2656
vt 0.5938 0.4219
vt 0.5469 0.4219
vt 0.5469 0.2656
vt 0.9688 0.5
vt 0.9219 0.5
vt 0.9219 0.4531
vt 0.9688 0.4531
vt 0.6406 0.4063
vt 0.6406 0.4531
vt 0.6875 0.4531
vt 0.6875 0.4063
vt 0.6875 0.4063
vt 0.6875 0.4531
vt 0.6406 0.4531
vt 0.6406 0.4063
vt 0.5469 0.4688
vt 0.5469 0.5
vt 0.5 0.5
vt 0.5 0.4688
vt 0.5469 0.4531
vt 0.5469 0.5
vt 0.5 0.5
vt 0.5 0.4531
vt 0.4063 0.5
vt 0.4063 0.4063
vt 0.3438 0.4063
vt 0.3438 0.5
vt 0.3438 0.5
vt 0.3438 0.4063
vt 0.4063 0.4063
vt 0.4063 0.5
vt 0.5 0.75
vt 0.5 0.6563
vt 0.4375 0.6563
vt 0.4375 0.75
vt 0.3438 0.3125
vt 0.3438 0.4063
vt 0.4063 0.4063
vt 0.4063 0.3125
vt 0.3438 0.5
vt 0.3438 0.4063
vt 0.4063 0.4063
vt 0.4063 0.5
vt 0.5 0.5625
vt 0.5 0.6563
vt 0.4375 0.6563
vt 0.4375 0.5625
vt 0.5 0.75
vt 0.5 0.6563
vt 0.4375 0.6563
vt 0.4375 0.75
vt 0.4375 0.75
vt 0.4375 0.6563
vt 0.5 0.6563
vt 0.5 0.75
vt 0.4375 0.5625
vt 0.4375 0.6563
vt 0.5 0.6563
vt 0.5 0.5625
vt 0.4063 0.3125
vt 0.4063 0.4063
vt 0.3438 0.4063
vt 0.3438 0.3125
vt 0.4375 0.5625
vt 0.4375 0.6563
vt 0.5 0.6563
vt 0.5 0.5625
vt 0.4063 0.5
vt 0.4063 0.4063
vt 0.3438 0.4063
vt 0.3438 0.5
vt 0.4375 0.75
vt 0.4375 0.6563
vt 0.5 0.6563
vt 0.5 0.75
vt 0.5 0.5625
vt 0.5 0.6563
vt 0.4375 0.6563
vt 0.4375 0.5625
vt 0.3438 0.3125
vt 0.3438 0.4063
vt 0.4063 0.4063
vt 0.4063 0.3125
vt 0.4063 0.3125
vt 0.4063 0.4063
vt 0.3438 0.4063
vt 0.3438 0.3125
vt 0.5938 0.3594
vt 0.5938 0.3906
vt 0.5469 0.3906
vt 0.5469 0.3594
vt 0.5938 0.3594
vt 0.5938 0.3906
vt 0.5469 0.3906
vt 0.5469 0.3594
vt 0.5938 0.3594
vt 0.5938 0.3906
vt 0.5469 0.3906
vt 0.5469 0.3594
vt 0.5938 0.3594
vt 0.5938 0.3906
vt 0.5469 0.3906
vt 0.5469 0.3594
vn 0.03 -0.09 -1
vn -0.04 0.04 1
vn 0.21 0.97 -0.09
vn 0.93 0.36 0
vn -1 0 0
vn 1 0 0
vn 0 0 -1
vn 0 -0.95 -0.32
vn -1 0 0
vn 1 0 0
vn 0 -1 0.09
vn 0 1 -0.09
vn 0 0.09 1
vn 0 -1 0.09
vn 0 1 -0.09
vn -1 0 0
vn -0.32 -0.08 -0.95
vn 1 0 0
vn -1 0 0
vn 0 1 -0.09
vn 0 -1 0.09
vn 0 1 -0.09
vn 0 -1 0.09
vn -1 0 0
vn 1 0 0
vn 0 1 -0.09
vn -1 0 0
vn -1 0 0
vn 0 -1 0.09
vn 0 -1 0.09
vn 1 0 0
vn 1 0 0
vn 0 1 -0.09
vn 0.82 0.57 -0.05
vn -0.86 -0.51 0.04
vn 0 -0.08 1
vn 0 0.11 -0.99
usemtl common_cable_and_pipe
f 1045/2985/747 1043/2986/747 1042/2987/747 1044/2988/747
f 1048/2989/748 1046/2990/748 1047/2991/748 1049/2992/748
f 1042/2993/749 1043/2994/749 1047/2995/749 1046/2996/749
f 1044/2997/750 1042/2998/750 1046/2999/750 1048/3000/750
f 1053/3001/751 1051/3002/751 1050/3003/751 1052/3004/751
f 1056/3005/752 1054/3006/752 1055/3007/752 1057/3008/752
f 1050/3009/753 1051/3010/753 1055/3011/753 1054/3012/753
f 1052/3013/754 1050/3014/754 1054/3015/754 1056/3016/754
f 1061/3017/755 1059/3018/755 1058/3019/755 1060/3020/755
f 1062/3021/756 1049/3022/756 1047/3023/756 1063/3024/756
f 1060/3025/757 1058/3026/757 1049/3027/757 1062/3028/757
f 1063/3029/758 1047/3030/758 1059/3031/758 1061/3032/758
f 1060/3033/759 1062/3034/759 1063/3035/759 1061/3036/759
f 1049/3037/760 1058/3038/760 1064/3039/760 1045/3040/760
f 1043/3041/761 1065/3042/761 1059/3043/761 1047/3044/761
f 1064/3045/762 1058/3046/762 1059/3047/762 1065/3048/762
f 1045/3049/763 1064/3050/763 1065/3051/763 1043/3052/763
usemtl tracked_motorbike
f 1067/3053/764 1089/3054/764 1088/3055/764 1080/3056/764
f 1079/3057/765 1084/3058/765 1083/3059/765 1071/3060/765
f 1071/3061/766 1083/3062/766 1082/3063/766 1074/3064/766
f 1077/3065/767 1086/3066/767 1085/3067/767 1073/3068/767
f 1074/3069/768 1082/3070/768 1089/3071/768 1067/3072/768
f 1069/3073/769 1087/3074/769 1086/3075/769 1077/3076/769
f 1073/3077/770 1085/3078/770 1084/3079/770 1079/3080/770
f 1080/3081/771 1088/3082/771 1087/3083/771 1069/3084/771
f 1075/3085/772 1082/3086/772 1083/3087/772 1070/3088/772
f 1070/3089/773 1083/3090/773 1084/3091/773 1078/3092/773
f 1078/3093/774 1084/3094/774 1085/3095/774 1072/3096/774
f 1072/3097/775 1085/3098/775 1086/3099/775 1076/3100/775
f 1076/3101/776 1086/3102/776 1087/3103/776 1068/3104/776
f 1068/3105/777 1087/3106/777 1088/3107/777 1081/3108/777
f 1081/3109/778 1088/3110/778 1089/3111/778 1066/3112/778
f 1066/3113/779 1089/3114/779 1082/3115/779 1075/3116/779
usemtl common_cable_and_pipe
f 1055/3117/780 1044/3118/780 1048/3119/780 1057/3120/780
f 1053/3121/781 1049/3122/781 1045/3123/781 1051/3124/781
f 1057/3125/782 1048/3126/782 1049/3127/782 1053/3128/782
f 1051/3129/783 1045/3130/783 1044/3131/783 1055/3132/783
o hull
v 0.625 1.0625 2.25
v 0.625 1.0625 1.875
v 0.625 0.6875 2.25
v 0.625 0.6875 1.875
v 0.5625 1.0625 2.25
v 0.5625 1.0625 1.875
v 0.5625 0.6875 2.25
v 0.5625 0.6875 1.875
v -0.5625 1.0625 2.25
v -0.5625 1.0625 1.875
v -0.5625 0.6875 2.25
v -0.5625 0.6875 1.875
v -0.625 1.0625 2.25
v -0.625 1.0625 1.875
v -0.625 0.6875 2.25
v -0.625 0.6875 1.875
v 0.625 1.0625 -0.125
v 0.625 1.0625 -0.5
v 0.625 0.6875 -0.125
v 0.625 0.6875 -0.5
v 0.5625 1.0625 -0.125
v 0.5625 1.0625 -0.5
v 0.5625 0.6875 -0.125
v 0.5625 0.6875 -0.5
v 0.5625 0.8688 1.5625
v 0.5625 0.8688 0.1875
v 0.5625 1.0563 1.5625
v 0.5625 1.0563 0.1875
v 1 0.8688 1.5625
v 1 0.8688 0.1875
v 1 1.0563 1.5625
v 1 1.0563 0.1875
v 1 0.9938 1.5625
v 1 0.9938 0.1875
v 0.5625 0.9938 0.1875
v 0.5625 0.9938 1.5625
v 1 0.9938 0.875
v 1 1.0563 0.875
v 0.5625 1.0563 0.875
v 0.5625 0.8688 0.875
v 1 0.8688 0.875
v 0.75 0.8688 0.875
v 0.75 0.8688 1.5625
v 0.75 0.9938 1.5625
v 0.75 1.0563 1.5625
v 0.75 1.0563 0.875
v 0.75 1.0563 0.1875
v 0.75 0.9938 0.1875
v 0.75 0.8688 0.1875
v 0.5625 1.1188 1.125
v 0.5625 1.1188 1.1875
v 0.5625 1.0563 1.125
v 0.5625 1.0563 1.1875
v 1 1.1188 1.125
v 1 1.1188 1.1875
v 1 1.0563 1.125
v 1 1.0563 1.1875
v 0.5625 1.1188 0.5625
v 0.5625 1.1188 0.625
v 0.5625 1.0563 0.5625
v 0.5625 1.0563 0.625
v 1 1.1188 0.5625
v 1 1.1188 0.625
v 1 1.0563 0.5625
v 1 1.0563 0.625
v 0.5625 1.4375 1.8125
v 0.5625 1.4375 0.625
v 0.5625 1.375 1.8125
v 0.5625 1.375 0.625
v 1.0625 1.375 1.8125
v 1.0625 1.375 0.625
v 1.0625 1.3125 1.8125
v 1.0625 1.3125 0.625
v 0.5625 1.4375 1.25
v 1.0625 1.375 1.25
v 1.0625 1.3125 1.25
v 0.5625 1.375 1.25
v 0.6875 1.4375 1.25
v 0.6875 1.4375 1.8125
v 0.6875 1.375 1.8125
v 0.6875 1.375 1.25
v 0.6875 1.375 0.625
v 0.6875 1.4375 0.625
v 0.9375 1.5 0.0625
v 0.9375 1.5 0
v 1 1.4375 0.0625
v 1 1.4375 0
v 0.6875 1.5 0.0625
v 0.6875 1.5 0
v 0.625 1.4375 0.0625
v 0.625 1.4375 0
v 1 1.375 0.0625
v 1 1.375 0
v 0.9375 1.4375 0.0625
v 0.9375 1.4375 0
v 0.9375 1.375 0.0625
v 0.9375 1.375 0
v 0.6875 1.4375 0.0625
v 0.6875 1.4375 0
v 0.6875 1.375 0.0625
v 0.6875 1.375 0
v 0.625 1.375 0.0625
v 0.625 1.375 0
v 0.9375 1.4813 2.1875
v 0.9375 1.4813 2.125
v 1 1.4188 2.1875
v 1 1.4188 2.125
v 0.6875 1.4813 2.1875
v 0.6875 1.4813 2.125
v 0.625 1.4188 2.1875
v 0.625 1.4188 2.125
v 1 1.3563 2.1875
v 1 1.3563 2.125
v 0.9375 1.4188 2.1875
v 0.9375 1.4188 2.125
v 0.9375 1.3563 2.1875
v 0.9375 1.3563 2.125
v 0.6875 1.4188 2.1875
v 0.6875 1.4188 2.125
v 0.6875 1.3563 2.1875
v 0.6875 1.3563 2.125
v 0.625 1.3563 2.1875
v 0.625 1.3563 2.125
v -0.5625 1.0563 1.5625
v -0.5625 1.0563 0.1875
v -0.5625 0.8688 1.5625
v -0.5625 0.8688 0.1875
v -1 1.0563 1.5625
v -1 1.0563 0.1875
v -1 0.8688 1.5625
v -1 0.8688 0.1875
v -1 0.9313 1.5625
v -1 0.9313 0.1875
v -0.5625 0.9313 0.1875
v -0.5625 0.9313 1.5625
v -1 0.9313 0.875
v -1 0.8688 0.875
v -0.5625 0.8688 0.875
v -0.5625 1.0563 0.875
v -1 1.0563 0.875
v -0.75 1.0563 0.875
v -0.75 1.0563 1.5625
v -0.75 0.9313 1.5625
v -0.75 0.8688 1.5625
v -0.75 0.8688 0.875
v -0.75 0.8688 0.1875
v -0.75 0.9313 0.1875
v -0.75 1.0563 0.1875
v -0.5625 1.1188 0.625
v -0.5625 1.1188 0.5625
v -0.5625 1.0563 0.625
v -0.5625 1.0563 0.5625
v -1 1.1188 0.625
v -1 1.1188 0.5625
v -1 1.0563 0.625
v -1 1.0563 0.5625
v -0.5625 1.0625 -0.125
v -0.5625 1.0625 -0.5
v -0.5625 0.6875 -0.125
v -0.5625 0.6875 -0.5
v -0.625 1.0625 -0.125
v -0.625 1.0625 -0.5
v -0.625 0.6875 -0.125
v -0.625 0.6875 -0.5
v -0.5625 1.4375 1.8125
v -0.5625 1.4375 0.625
v -0.5625 1.375 1.8125
v -0.5625 1.375 0.625
v -1.0625 1.375 1.8125
v -1.0625 1.375 0.625
v -1.0625 1.3125 1.8125
v -1.0625 1.3125 0.625
v -0.5625 1.4375 1.25
v -1.0625 1.375 1.25
v -1.0625 1.3125 1.25
v -0.5625 1.375 1.25
v -0.6875 1.4375 1.25
v -0.6875 1.4375 1.8125
v -0.6875 1.375 1.8125
v -0.6875 1.375 1.25
v -0.6875 1.375 0.625
v -0.6875 1.4375 0.625
v -0.6875 1.5 0.0625
v -0.6875 1.5 0
v -0.625 1.4375 0.0625
v -0.625 1.4375 0
v -0.9375 1.5 0.0625
v -0.9375 1.5 0
v -1 1.4375 0.0625
v -1 1.4375 0
v -0.625 1.375 0.0625
v -0.625 1.375 0
v -0.6875 1.4375 0.0625
v -0.6875 1.4375 0
v -0.6875 1.375 0.0625
v -0.6875 1.375 0
v -0.9375 1.4375 0.0625
v -0.9375 1.4375 0
v -0.9375 1.375 0.0625
v -0.9375 1.375 0
v -1 1.375 0.0625
v -1 1.375 0
v -0.6875 1.4813 2.1875
v -0.6875 1.4813 2.125
v -0.625 1.4188 2.1875
v -0.625 1.4188 2.125
v -0.9375 1.4813 2.1875
v -0.9375 1.4813 2.125
v -1 1.4188 2.1875
v -1 1.4188 2.125
v -0.625 1.3563 2.1875
v -0.625 1.3563 2.125
v -0.6875 1.4188 2.1875
v -0.6875 1.4188 2.125
v -0.6875 1.3563 2.1875
v -0.6875 1.3563 2.125
v -0.9375 1.4188 2.1875
v -0.9375 1.4188 2.125
v -0.9375 1.3563 2.1875
v -0.9375 1.3563 2.125
v -1 1.3563 2.1875
v -1 1.3563 2.125
v -0.5625 1.1188 1.1875
v -0.5625 1.1188 1.125
v -0.5625 1.0563 1.1875
v -0.5625 1.0563 1.125
v -1 1.1188 1.1875
v -1 1.1188 1.125
v -1 1.0563 1.1875
v -1 1.0563 1.125
v 0.25 1.3125 1.75
v 0.25 1.3125 1.5
v 0.25 0.4375 1.5
v -0.5 1.3125 1.75
v -0.5 1.3125 1.5
v -0.5 0.4375 1.5
v 0.25 0.4375 1.75
v 0.5 1.25 1.125
v 0.3125 1.25 1.125
v 0.5 0.8125 1.125
v 0.3125 0.8125 1.125
v 0.5 1.25 1.625
v 0.3125 1.25 1.625
v 0.5 0.8125 1.625
v 0.3125 0.8125 1.625
v 0.4375 1.25 1.125
v 0.4375 0.8125 1.125
v 0.4375 0.8125 1.625
v 0.4375 1.25 1.625
v 0.3125 1.1563 1.25
v 0.25 1.1563 1.25
v 0.3125 0.9063 1.25
v 0.25 0.9063 1.25
v 0.3125 1.1563 1.5
v 0.25 1.1563 1.5
v 0.3125 0.9063 1.5
v 0.25 0.9063 1.5
v 0.25 1.0938 1.4375
v 0.25 1.0938 1.3125
v 0.25 0.9688 1.4375
v 0.25 0.9688 1.3125
v 0.1875 1.0938 1.4375
v 0.1875 1.0938 1.3125
v 0.125 0.9688 1.4375
v 0.125 0.9688 1.3125
v 0.458 0.9428 1.125
v 0.458 0.9428 0.9375
v 0.2995 0.6029 1.125
v 0.2995 0.6029 0.9375
v 0.288 1.0221 1.125
v 0.288 1.0221 0.9375
v 0.1295 0.6822 1.125
v 0.1295 0.6822 0.9375
v -0.4062 0.7813 1.5313
v -0.4062 0.7813 1.0938
v -0.4062 0.6563 1.5313
v -0.4062 0.6563 1.0938
v -0.5312 0.7813 1.5313
v -0.5312 0.7813 1.0938
v -0.5312 0.6563 1.5313
v -0.5312 0.6563 1.0938
v -0.4062 0.7813 0.9688
v -0.4062 0.6563 0.9688
v -0.4687 0.7813 0.9688
v -0.4687 0.6563 0.9688
v 0.5 1.3125 -0.4375
v 0.5 1.3125 0.5625
v 0.5 0.4375 -0.4375
v 0.5 0.4375 0.5625
v 0.5625 1.3125 -0.4375
v 0.5625 1.3125 0.5625
v 0.5625 0.4375 -0.4375
v 0.5625 0.4375 0.5625
v 0.0625 0.8438 2.6875
v 0.0625 0.8438 2.5625
v 0.0625 0.4063 2.6875
v 0.0625 0.4063 2.5625
v -0.0625 0.8438 2.6875
v -0.0625 0.8438 2.5625
v -0.0625 0.4063 2.6875
v -0.0625 0.4063 2.5625
v 0.0625 0.4063 2.375
v 0.0625 0.2813 2.625
v 0.0625 0.2813 2.375
v -0.0625 0.4063 2.375
v -0.0625 0.2813 2.625
v -0.0625 0.2813 2.375
v 0.5625 0.4375 2.4375
v 0.5625 0.3125 2.4375
v 0.5625 0.3125 -0.4375
v -0.5625 0.4375 2.4375
v -0.5625 0.4375 -0.4375
v -0.5625 0.3125 2.4375
v -0.5625 0.3125 -0.4375
v 0.5625 0.3125 1
v -0.5625 0.3125 1
v -0.5625 0.4375 1
v 0.5625 0.4375 1
v 0 0.3125 1
v 0 0.3125 -0.4375
v 0 0.4375 -0.4375
v 0 0.4375 1
v 0 0.4375 2.4375
v 0 0.3125 2.4375
v 0.5 1.25 0.6875
v 0.5 0.4375 0.6875
v -0.5 1.25 0.6875
v -0.5 0.4375 0.6875
v -0.4375 1.5 1.75
v -0.4375 1.5 1.625
v -0.4375 1.4375 1.75
v -0.4375 1.4375 1.625
v -0.5625 1.5 1.75
v -0.5625 1.5 1.625
v -0.5625 1.4375 1.75
v -0.5625 1.4375 1.625
v -0.4375 1.5 0.8125
v -0.4375 1.5 0.6875
v -0.4375 1.4375 0.8125
v -0.4375 1.4375 0.6875
v -0.5625 1.5 0.8125
v -0.5625 1.5 0.6875
v -0.5625 1.4375 0.8125
v -0.5625 1.4375 0.6875
v 0.1875 0.6188 0.125
v 0.1875 0.6188 -0.4375
v 0.1875 0.4313 0.125
v 0.1875 0.4313 -0.4375
v -0.0625 0.6188 0.125
v -0.0625 0.6188 -0.4375
v -0.0625 0.4313 0.125
v -0.0625 0.4313 -0.4375
v -0.4375 1.125 2.25
v -0.4375 1.125 1.875
v -0.4375 0.4375 2.25
v -0.4375 0.4375 1.875
v -0.5 1.125 2.25
v -0.5 1.125 1.875
v -0.5 0.4375 2.25
v -0.5 0.4375 1.875
v -0.4375 0.75 1.875
v -0.4375 0.75 2.25
v -0.5 0.75 2.25
v -0.5 0.75 1.875
v -0.4375 0.75 2.0625
v -0.4375 1.125 2.0625
v -0.5 1.125 2.0625
v -0.4375 0.4375 2.0625
v 0.4375 1.125 2.25
v 0.4375 1.125 1.875
v 0.4375 0.4375 2.25
v 0.4375 0.4375 1.875
v 0.5 1.125 2.25
v 0.5 1.125 1.875
v 0.5 0.4375 2.25
v 0.5 0.4375 1.875
v 0.4375 0.75 1.875
v 0.4375 0.75 2.25
v 0.5 0.75 2.25
v 0.5 0.75 1.875
v 0.4375 0.75 2.0625
v 0.4375 1.125 2.0625
v 0.5 1.125 2.0625
v 0.4375 0.4375 2.0625
v 0.25 0.6875 2.1563
v 0.25 0.6875 1.9063
v 0.25 0.4375 2.1563
v 0.25 0.4375 1.9063
v -0.25 0.6875 2.1563
v -0.25 0.6875 1.9063
v -0.25 0.4375 2.1563
v -0.25 0.4375 1.9063
v 0.25 0.5625 2.1563
v -0.25 0.5625 2.1563
v -0.25 0.5625 1.9063
v 0.25 0.5625 1.9063
v 0 0.5625 2.1563
v 0 0.4375 2.1563
v 0 0.6875 2.1563
v -0.3125 1.375 1.8125
v -0.5 1.375 1.8125
v -0.3125 1.1875 1.8125
v -0.5 1.1875 1.8125
v -0.3125 1.375 1.875
v -0.5 1.375 1.875
v -0.3125 1.1875 1.875
v -0.5 1.1875 1.875
v 0.375 0.625 0.5625
v 0.375 0.625 0.125
v 0.375 0.4375 0.5625
v 0.375 0.4375 0.125
v -0.375 0.625 0.5625
v -0.375 0.625 0.125
v -0.375 0.4375 0.5625
v -0.375 0.4375 0.125
v 0 0.625 0.125
v 0 0.4375 0.125
v 0.375 0.625 0.375
v 0.375 0.4375 0.375
v -0.375 0.4375 0.375
v -0.375 0.625 0.375
v 0 0.5 0.125
v 0.375 0.5 0.125
v 0.375 0.5 0.375
v 0.375 0.5 0.5625
v -0.375 0.5 0.5625
v -0.375 0.5 0.375
v -0.375 0.5 0.125
v -0.0625 0.5625 -0.1875
v -0.0625 0.5625 -0.3125
v -0.0625 0.4375 -0.1875
v -0.0625 0.4375 -0.3125
v -0.125 0.5625 -0.1875
v -0.125 0.5625 -0.3125
v -0.125 0.4375 -0.1875
v -0.125 0.4375 -0.3125
v -0.1875 0.5625 -0.1875
v -0.1875 0.5625 -0.3125
v -0.1875 0.4375 -0.1875
v -0.1875 0.4375 -0.3125
v -0.25 0.5625 -0.1875
v -0.25 0.5625 -0.3125
v -0.25 0.4375 -0.1875
v -0.25 0.4375 -0.3125
v -0.3125 0.5625 0.125
v -0.3125 0.5625 0
v -0.3125 0.4375 0.125
v -0.3125 0.4375 0
v -0.375 0.5625 0.125
v -0.375 0.5625 0
v -0.375 0.4375 0
v -0.4375 0.5625 0.125
v -0.4375 0.5625 0
v -0.4375 0.4375 0.125
v -0.4375 0.4375 0
v -0.5 0.5625 0.125
v -0.5 0.5625 0
v -0.5 0.4375 0.125
v -0.5 0.4375 0
v -0.375 0.5313 0.0938
v -0.375 0.5313 -0.0937
v -0.375 0.4688 0.0938
v -0.375 0.4688 -0.0937
v -0.4375 0.5313 0.0938
v -0.4375 0.5313 -0.0937
v -0.4375 0.4688 0.0938
v -0.4375 0.4688 -0.0937
v -0.3562 0.55 -0.0937
v -0.3562 0.55 -0.2812
v -0.3562 0.45 -0.0937
v -0.3562 0.45 -0.2812
v -0.4562 0.55 -0.0937
v -0.4562 0.55 -0.2812
v -0.4562 0.45 -0.0937
v -0.4562 0.45 -0.2812
v 0.5625 1.4375 1.75
v 0.5625 0.4375 1.8125
v 0.5625 0.4375 1.75
v -0.5625 0.4375 1.8125
v -0.5625 0.4375 1.75
v 0.5625 1.1875 1.8125
v -0.5625 1.1875 1.8125
v -0.5625 1.1875 1.75
v 0.5625 1.1875 1.75
v 0 1.1875 1.8125
v 0 0.4375 1.8125
v 0 0.4375 1.75
v 0 1.1875 1.75
v 0 1.4375 1.75
v 0 1.4375 1.8125
v 0.5625 1.25 0.5625
v 0.5625 1.25 0.6875
v 0.5625 0.4375 0.6875
v 0.5625 1.1875 0.5625
v 0.5625 1.1875 0.6875
v -0.5 0.4375 0.5625
v 0.5625 1.4375 0.6875
v -0.5625 1.3125 0.5625
v -0.5625 1.25 0.6875
v -0.5625 1.25 0.5625
v 0 1.3125 0.5625
v 0 1.4375 0.6875
v 0 1.25 0.6875
v 0 1.25 0.5625
v 0.5 1.4375 0.6875
v 0.5 1.4375 1.75
v 0.5 0.4375 1.75
v 0.5 0.9375 1.75
v 0.5 0.9375 0.6875
v 0.5625 0.9375 0.6875
v 0.5625 0.9375 1.75
v 0.5 0.9375 1.25
v 0.5 0.4375 1.25
v 0.5625 0.4375 1.25
v 0.5625 0.9375 1.25
v 0.5 1.4375 1.25
v 0.5 1.25 0.5625
v -0.5 1.25 0.5625
v 0.5625 1.25 2.3125
v 0.5625 1.25 1.8125
v 0.5 1.25 2.3125
v 0.5 1.25 1.8125
v 0.5 0.4375 2.4375
v 0.5 0.4375 1.8125
v -0.5 1.3125 0.5625
v -0.5 1.3125 -0.4375
v -0.5 0.4375 -0.4375
v -0.5625 1.3125 -0.4375
v -0.5625 0.4375 0.5625
v -0.5625 0.4375 0.6875
v -0.5625 1.1875 0.6875
v -0.5625 1.1875 0.5625
v -0.5 1.4375 1.75
v -0.5 1.4375 0.6875
v -0.5 0.4375 1.75
v -0.5 0.9375 0.6875
v -0.5 0.9375 1.75
v -0.5625 0.9375 1.75
v -0.5625 0.9375 0.6875
v -0.5 0.9375 1.1875
v -0.5 0.4375 1.1875
v -0.5625 0.4375 1.1875
v -0.5625 0.9375 1.1875
v -0.5625 1.4375 1.1875
v -0.5 1.4375 1.1875
v -0.5 1.25 2.3125
v -0.5 1.25 1.8125
v -0.5 0.4375 2.4375
v -0.5 0.4375 1.8125
v -0.5625 1.25 2.3125
v -0.5625 1.25 1.8125
v 0.5 0.6875 0.75
v 0.5 0.6875 0.6875
v 0.5 0.4375 0.75
v 0.25 0.6875 0.75
v 0.25 0.6875 0.6875
v 0.25 0.4375 0.75
v 0.25 0.4375 0.6875
v 0.5 0.6875 1.6875
v 0.5 0.6875 1.75
v 0.5 0.4375 1.6875
v 0.25 0.6875 1.6875
v 0.25 0.6875 1.75
v 0.25 0.4375 1.6875
v 0.5 0.875 0.5625
v 0.5 0.875 -0.4375
v -0.5 0.875 -0.4375
v -0.5 0.875 0.5625
v 0.5 0.75 0.5625
v 0.5 0.75 0.125
v 0.5 0.625 0.5625
v 0.5 0.625 0.125
v -0.5 0.75 0.5625
v -0.5 0.75 0.125
v -0.5 0.625 0.5625
v -0.5 0.625 0.125
v 0.5625 1.3125 -0.5625
v 0.5625 0.3125 -0.5625
v -0.5625 1.3125 -0.5625
v -0.5625 0.3125 -0.5625
v -0.5625 0.8125 -0.5625
v 0.5625 0.8125 -0.5625
v 0.5625 0.8125 -0.4375
v -0.5625 0.8125 -0.4375
v 0 0.8125 -0.5625
v 0 0.3125 -0.5625
v 0 0.8125 -0.4375
v 0 1.3125 -0.4375
v 0 1.3125 -0.5625
v -0.8125 1.125 -0.75
v -1.0625 1.375 -0.5
v -1.0625 1.1875 -0.75
v -1.0625 1.3125 -0.5
v -1.0625 1.125 -0.75
v -0.5625 1.375 -0.5
v -0.5625 1.1875 -0.75
v -0.5625 1.3125 -0.5
v -0.5625 1.125 -0.75
v -0.8125 1.1875 -0.75
v -0.8125 1.375 -0.5
v -0.8125 1.3125 -0.5
v -0.5625 1.3125 0.625
v -0.8125 1.375 0.625
v -0.8125 1.3125 0.625
v -0.5625 1.3531 2.3029
v -0.5625 1.1549 2.5445
v -0.5625 1.2907 2.3002
v -0.5625 1.0924 2.5418
v -1.0625 1.3531 2.3029
v -1.0625 1.1549 2.5445
v -1.0625 1.2907 2.3002
v -1.0625 1.0924 2.5418
v -0.8125 1.1549 2.5445
v -0.8125 1.3531 2.3029
v -0.8125 1.2907 2.3002
v -0.8125 1.0924 2.5418
v -1.0625 1.3125 1.8007
v -1.0625 1.3749 1.8034
v -0.5625 1.3125 1.8007
v -0.5625 1.3749 1.8034
v -0.8125 1.3125 1.8007
v -0.8125 1.3749 1.8034
v 0.8125 1.125 -0.75
v 1.0625 1.375 -0.5
v 1.0625 1.1875 -0.75
v 1.0625 1.3125 -0.5
v 1.0625 1.125 -0.75
v 0.5625 1.375 -0.5
v 0.5625 1.1875 -0.75
v 0.5625 1.3125 -0.5
v 0.5625 1.125 -0.75
v 0.8125 1.1875 -0.75
v 0.8125 1.375 -0.5
v 0.8125 1.3125 -0.5
v 0.5625 1.3125 0.625
v 0.8125 1.375 0.625
v 0.8125 1.3125 0.625
v 0.5625 1.3531 2.3029
v 0.5625 1.1549 2.5445
v 0.5625 1.2907 2.3002
v 0.5625 1.0924 2.5418
v 1.0625 1.3531 2.3029
v 1.0625 1.1549 2.5445
v 1.0625 1.2907 2.3002
v 1.0625 1.0924 2.5418
v 0.8125 1.1549 2.5445
v 0.8125 1.3531 2.3029
v 0.8125 1.2907 2.3002
v 0.8125 1.0924 2.5418
v 1.0625 1.3125 1.8007
v 1.0625 1.3749 1.8034
v 0.5625 1.3125 1.8007
v 0.5625 1.3749 1.8034
v 0.8125 1.3125 1.8007
v 0.8125 1.3749 1.8034
v 1.0635 1.4241 0.875
v 1.0635 1.4241 0.75
v 1.0527 1.3626 0.875
v 1.0527 1.3626 0.75
v 0.6327 1.5001 0.875
v 0.6327 1.5001 0.75
v 0.6218 1.4386 0.875
v 0.6218 1.4386 0.75
v 1.0635 1.4241 1.6875
v 1.0635 1.4241 1.5625
v 1.0527 1.3626 1.6875
v 1.0527 1.3626 1.5625
v 0.6327 1.5001 1.6875
v 0.6327 1.5001 1.5625
v 0.6218 1.4386 1.6875
v 0.6218 1.4386 1.5625
v 1.1359 1.4748 1.8125
v 1.1359 1.4748 0.625
v 1.1251 1.4133 1.8125
v 1.1251 1.4133 0.625
v 0.582 1.5725 1.8125
v 0.582 1.5725 0.625
v 0.5711 1.511 1.8125
v 0.5711 1.511 0.625
v 0.5 0.75 1.8125
v 0.5 0.75 2.1875
v 0.5 0.625 1.8125
v 0.5 0.625 2.1875
v -0.5 0.75 1.8125
v -0.5 0.75 2.1875
v -0.5 0.625 1.8125
v -0.5 0.625 2.1875
v 0.275 1.246 -0.4317
v 0.275 0.9383 -0.3774
v 0.275 1.2547 -0.3825
v 0.275 0.947 -0.3282
v -0.0375 1.246 -0.4317
v -0.0375 0.9383 -0.3774
v -0.0375 1.2547 -0.3825
v -0.0375 0.947 -0.3282
v -0.1 1.246 -0.4317
v -0.1 0.9383 -0.3774
v -0.1 1.2547 -0.3825
v -0.1 0.947 -0.3282
v -0.4125 1.246 -0.4317
v -0.4125 0.9383 -0.3774
v -0.4125 1.2547 -0.3825
v -0.4125 0.947 -0.3282
vt 0.1875 0.3906
vt 0.1875 0.4844
vt 0.0938 0.4844
vt 0.0938 0.3906
vt 0.1094 0.4844
vt 0.1094 0.3906
vt 0.0938 0.3906
vt 0.0938 0.4844
vt 0.1875 0.3906
vt 0.1875 0.4844
vt 0.1719 0.4844
vt 0.1719 0.3906
vt 0.1094 0.3906
vt 0.1094 0.4844
vt 0.0938 0.4844
vt 0.0938 0.3906
vt 0.1875 0.3906
vt 0.1875 0.4844
vt 0.1719 0.4844
vt 0.1719 0.3906
vt 0.0938 0.3906
vt 0.0938 0.4844
vt 0.1875 0.4844
vt 0.1875 0.3906
vt 0.1094 0.4844
vt 0.1094 0.3906
vt 0.0938 0.3906
vt 0.0938 0.4844
vt 0.1875 0.3906
vt 0.1875 0.4844
vt 0.1719 0.4844
vt 0.1719 0.3906
vt 0.1094 0.3906
vt 0.1094 0.4844
vt 0.0938 0.4844
vt 0.0938 0.3906
vt 0.1875 0.3906
vt 0.1875 0.4844
vt 0.1719 0.4844
vt 0.1719 0.3906
vt 0.1875 0.3906
vt 0.1875 0.4844
vt 0.0938 0.4844
vt 0.0938 0.3906
vt 0.1094 0.4844
vt 0.1094 0.3906
vt 0.0938 0.3906
vt 0.0938 0.4844
vt 0.1875 0.3906
vt 0.1875 0.4844
vt 0.1719 0.4844
vt 0.1719 0.3906
vt 0.1094 0.3906
vt 0.1094 0.4844
vt 0.0938 0.4844
vt 0.0938 0.3906
vt 0.1875 0.3906
vt 0.1875 0.4844
vt 0.1719 0.4844
vt 0.1719 0.3906
vt 0.75 0.9688
vt 0.9219 0.9688
vt 0.9219 1
vt 0.75 1
vt 0.75 0.8281
vt 0.8125 0.8281
vt 0.8125 1
vt 0.75 1
vt 0.75 0.25
vt 0.8125 0.25
vt 0.8125 0.4219
vt 0.75 0.4219
vt 0.75 0.9688
vt 0.8125 0.9688
vt 0.8125 1
vt 0.75 1
vt 1 1
vt 0.9375 1
vt 0.9375 0.9688
vt 1 0.9688
vt 0.75 0.25
vt 0.9219 0.25
vt 0.9219 0.2656
vt 0.75 0.2656
vt 0.9531 0.2656
vt 0.8906 0.2656
vt 0.8906 0.25
vt 0.9531 0.25
vt 0.7656 0.25
vt 0.8281 0.25
vt 0.8281 0.2656
vt 0.7656 0.2656
vt 1 0.2656
vt 0.8281 0.2656
vt 0.8281 0.25
vt 1 0.25
vt 0.75 0.8281
vt 0.8125 0.8281
vt 0.8125 1
vt 0.75 1
vt 0.75 0.25
vt 0.8125 0.25
vt 0.8125 0.4219
vt 0.75 0.4219
vt 1 1
vt 0.8281 1
vt 0.8281 0.9688
vt 1 0.9688
vt 1 0.4219
vt 0.9531 0.4219
vt 0.9531 0.25
vt 1 0.25
vt 1 1
vt 0.9531 1
vt 0.9531 0.9688
vt 1 0.9688
vt 1 0.2656
vt 0.9531 0.2656
vt 0.9531 0.25
vt 1 0.25
vt 1 1
vt 0.9531 1
vt 0.9531 0.8281
vt 1 0.8281
vt 1 0.4219
vt 0.9531 0.4219
vt 0.9531 0.25
vt 1 0.25
vt 0.8281 0.25
vt 0.875 0.25
vt 0.875 0.2656
vt 0.8281 0.2656
vt 0.75 0.9688
vt 0.7969 0.9688
vt 0.7969 1
vt 0.75 1
vt 1 1
vt 0.9531 1
vt 0.9531 0.8281
vt 1 0.8281
vt 0.8281 0.1406
vt 0.8281 0.1563
vt 0.8125 0.1563
vt 0.8125 0.1406
vt 0.9219 0.1406
vt 0.9219 0.1563
vt 0.8125 0.1563
vt 0.8125 0.1406
vt 0.9219 0.1406
vt 0.9219 0.1563
vt 0.8125 0.1563
vt 0.8125 0.1406
vt 0.9219 0.1406
vt 0.9219 0.1563
vt 0.8125 0.1563
vt 0.8125 0.1406
vt 0.8281 0.1406
vt 0.8281 0.1563
vt 0.8125 0.1563
vt 0.8125 0.1406
vt 0.9219 0.1406
vt 0.9219 0.1563
vt 0.8125 0.1563
vt 0.8125 0.1406
vt 0.9219 0.1406
vt 0.9219 0.1563
vt 0.8125 0.1563
vt 0.8125 0.1406
vt 0.9219 0.1406
vt 0.9219 0.1563
vt 0.8125 0.1563
vt 0.8125 0.1406
vt 0.1094 1
vt 0.1094 0.8438
vt 0.0156 0.8438
vt 0.0156 1
vt 0.1094 0.4063
vt 0.1094 0.25
vt 0.0156 0.25
vt 0.0156 0.4063
vt 0.0938 1
vt 0.0938 0.9844
vt 0 0.9844
vt 0 1
vt 0.0313 0.9844
vt 0.0313 1
vt 0.125 1
vt 0.125 0.9844
vt 0.1094 0.3906
vt 0.1094 0.25
vt 0.0156 0.25
vt 0.0156 0.3906
vt 0.1094 1
vt 0.1094 0.8594
vt 0.0156 0.8594
vt 0.0156 1
vt 0.7031 0.25
vt 0.7031 0.3906
vt 0.7344 0.3906
vt 0.7344 0.25
vt 0.0781 0.9844
vt 0.0781 1
vt 0.1094 1
vt 0.1094 0.9844
vt 0.7188 0.8594
vt 0.7188 1
vt 0.75 1
vt 0.75 0.8594
vt 0.7188 0.25
vt 0.7188 0.4063
vt 0.75 0.4063
vt 0.75 0.25
vt 0.0313 1
vt 0.0313 0.9844
vt 0 0.9844
vt 0 1
vt 0.7031 0.8438
vt 0.7031 1
vt 0.7344 1
vt 0.7344 0.8438
vt 0.0313 0.75
vt 0 0.75
vt 0 0.7188
vt 0.0313 0.7188
vt 0.0313 0.5938
vt 0 0.5938
vt 0 0.5625
vt 0.0313 0.5625
vt 0.0313 0.7188
vt 0 0.7188
vt 0 0.5938
vt 0.0313 0.5938
vt 0.0313 0.75
vt 0 0.75
vt 0 0.5625
vt 0.0313 0.5625
vt 0.0313 0.75
vt 0 0.7188
vt 0 0.5938
vt 0.0313 0.5625
vt 0 0.5625
vt 0.0313 0.5938
vt 0.0313 0.7188
vt 0 0.75
vt 0.0625 0.6875
vt 0.0625 0.7188
vt 0.0313 0.7188
vt 0.0313 0.6875
vt 0.0625 0.6875
vt 0.0625 0.7188
vt 0.0313 0.7188
vt 0.0313 0.6875
vt 0.0625 0.6875
vt 0.0625 0.7188
vt 0.0313 0.7188
vt 0.0313 0.6875
vt 0.0625 0.6875
vt 0.0625 0.7188
vt 0.0313 0.7188
vt 0.0313 0.6875
vt 0.0625 0.5625
vt 0.0625 0.5938
vt 0.0313 0.5938
vt 0.0313 0.5625
vt 0.0625 0.5625
vt 0.0625 0.5938
vt 0.0313 0.5938
vt 0.0313 0.5625
vt 0.0625 0.5625
vt 0.0625 0.5938
vt 0.0313 0.5938
vt 0.0313 0.5625
vt 0.0625 0.5625
vt 0.0625 0.5938
vt 0.0313 0.5938
vt 0.0313 0.5625
vt 0.0313 0.75
vt 0 0.75
vt 0 0.7188
vt 0.0313 0.7188
vt 0.0313 0.5938
vt 0 0.5938
vt 0 0.5625
vt 0.0313 0.5625
vt 0.0313 0.7188
vt 0 0.7188
vt 0 0.5938
vt 0.0313 0.5938
vt 0.0313 0.75
vt 0 0.75
vt 0 0.5625
vt 0.0313 0.5625
vt 0.0313 0.75
vt 0 0.7188
vt 0 0.5938
vt 0.0313 0.5625
vt 0 0.5625
vt 0.0313 0.5938
vt 0.0313 0.7188
vt 0 0.75
vt 0.0625 0.6875
vt 0.0625 0.7188
vt 0.0313 0.7188
vt 0.0313 0.6875
vt 0.0625 0.6875
vt 0.0625 0.7188
vt 0.0313 0.7188
vt 0.0313 0.6875
vt 0.0625 0.6875
vt 0.0625 0.7188
vt 0.0313 0.7188
vt 0.0313 0.6875
vt 0.0625 0.6875
vt 0.0625 0.7188
vt 0.0313 0.7188
vt 0.0313 0.6875
vt 0.0625 0.5625
vt 0.0625 0.5938
vt 0.0313 0.5938
vt 0.0313 0.5625
vt 0.0625 0.5625
vt 0.0625 0.5938
vt 0.0313 0.5938
vt 0.0313 0.5625
vt 0.0625 0.5625
vt 0.0625 0.5938
vt 0.0313 0.5938
vt 0.0313 0.5625
vt 0.0625 0.5625
vt 0.0625 0.5938
vt 0.0313 0.5938
vt 0.0313 0.5625
vt 0.75 0.9688
vt 0.9219 0.9688
vt 0.9219 1
vt 0.75 1
vt 0.75 0.8281
vt 0.8125 0.8281
vt 0.8125 1
vt 0.75 1
vt 0.75 0.25
vt 0.8125 0.25
vt 0.8125 0.4219
vt 0.75 0.4219
vt 0.75 0.9688
vt 0.8125 0.9688
vt 0.8125 1
vt 0.75 1
vt 1 1
vt 0.9375 1
vt 0.9375 0.9688
vt 1 0.9688
vt 0.75 0.25
vt 0.9219 0.25
vt 0.9219 0.2656
vt 0.75 0.2656
vt 0.9531 0.2656
vt 0.8906 0.2656
vt 0.8906 0.25
vt 0.9531 0.25
vt 0.7656 0.25
vt 0.8281 0.25
vt 0.8281 0.2656
vt 0.7656 0.2656
vt 1 0.2656
vt 0.8281 0.2656
vt 0.8281 0.25
vt 1 0.25
vt 0.75 0.8281
vt 0.8125 0.8281
vt 0.8125 1
vt 0.75 1
vt 0.75 0.25
vt 0.8125 0.25
vt 0.8125 0.4219
vt 0.75 0.4219
vt 1 1
vt 0.8281 1
vt 0.8281 0.9688
vt 1 0.9688
vt 1 0.4219
vt 0.9531 0.4219
vt 0.9531 0.25
vt 1 0.25
vt 1 1
vt 0.9531 1
vt 0.9531 0.9688
vt 1 0.9688
vt 1 0.2656
vt 0.9531 0.2656
vt 0.9531 0.25
vt 1 0.25
vt 1 1
vt 0.9531 1
vt 0.9531 0.8281
vt 1 0.8281
vt 1 0.4219
vt 0.9531 0.4219
vt 0.9531 0.25
vt 1 0.25
vt 0.8281 0.25
vt 0.875 0.25
vt 0.875 0.2656
vt 0.8281 0.2656
vt 0.75 0.9688
vt 0.7969 0.9688
vt 0.7969 1
vt 0.75 1
vt 1 1
vt 0.9531 1
vt 0.9531 0.8281
vt 1 0.8281
vt 0.8281 0.1406
vt 0.8281 0.1563
vt 0.8125 0.1563
vt 0.8125 0.1406
vt 0.9219 0.1406
vt 0.9219 0.1563
vt 0.8125 0.1563
vt 0.8125 0.1406
vt 0.9219 0.1406
vt 0.9219 0.1563
vt 0.8125 0.1563
vt 0.8125 0.1406
vt 0.9219 0.1406
vt 0.9219 0.1563
vt 0.8125 0.1563
vt 0.8125 0.1406
vt 0.0938 0.3906
vt 0.0938 0.4844
vt 0.1875 0.4844
vt 0.1875 0.3906
vt 0.1094 0.4844
vt 0.1094 0.3906
vt 0.0938 0.3906
vt 0.0938 0.4844
vt 0.1875 0.3906
vt 0.1875 0.4844
vt 0.1719 0.4844
vt 0.1719 0.3906
vt 0.1094 0.3906
vt 0.1094 0.4844
vt 0.0938 0.4844
vt 0.0938 0.3906
vt 0.1875 0.3906
vt 0.1875 0.4844
vt 0.1719 0.4844
vt 0.1719 0.3906
vt 0.0156 0.8438
vt 0.1094 0.8438
vt 0.1094 1
vt 0.0156 1
vt 0.0156 0.25
vt 0.1094 0.25
vt 0.1094 0.4063
vt 0.0156 0.4063
vt 0 0.9844
vt 0.0938 0.9844
vt 0.0938 1
vt 0 1
vt 0.125 1
vt 0.0313 1
vt 0.0313 0.9844
vt 0.125 0.9844
vt 0.0156 0.25
vt 0.1094 0.25
vt 0.1094 0.3906
vt 0.0156 0.3906
vt 0.0156 0.8594
vt 0.1094 0.8594
vt 0.1094 1
vt 0.0156 1
vt 0.7344 0.3906
vt 0.7031 0.3906
vt 0.7031 0.25
vt 0.7344 0.25
vt 0.1094 1
vt 0.0781 1
vt 0.0781 0.9844
vt 0.1094 0.9844
vt 0.75 1
vt 0.7188 1
vt 0.7188 0.8594
vt 0.75 0.8594
vt 0.75 0.4063
vt 0.7188 0.4063
vt 0.7188 0.25
vt 0.75 0.25
vt 0 0.9844
vt 0.0313 0.9844
vt 0.0313 1
vt 0 1
vt 0.7344 1
vt 0.7031 1
vt 0.7031 0.8438
vt 0.7344 0.8438
vt 0.0313 0.75
vt 0 0.75
vt 0 0.7188
vt 0.0313 0.7188
vt 0.0313 0.5938
vt 0 0.5938
vt 0 0.5625
vt 0.0313 0.5625
vt 0.0313 0.7188
vt 0 0.7188
vt 0 0.5938
vt 0.0313 0.5938
vt 0.0313 0.75
vt 0 0.75
vt 0 0.5625
vt 0.0313 0.5625
vt 0.0313 0.75
vt 0 0.7188
vt 0 0.5938
vt 0.0313 0.5625
vt 0 0.5625
vt 0.0313 0.5938
vt 0.0313 0.7188
vt 0 0.75
vt 0.0625 0.6875
vt 0.0625 0.7188
vt 0.0313 0.7188
vt 0.0313 0.6875
vt 0.0625 0.6875
vt 0.0625 0.7188
vt 0.0313 0.7188
vt 0.0313 0.6875
vt 0.0625 0.6875
vt 0.0625 0.7188
vt 0.0313 0.7188
vt 0.0313 0.6875
vt 0.0625 0.6875
vt 0.0625 0.7188
vt 0.0313 0.7188
vt 0.0313 0.6875
vt 0.0625 0.5625
vt 0.0625 0.5938
vt 0.0313 0.5938
vt 0.0313 0.5625
vt 0.0625 0.5625
vt 0.0625 0.5938
vt 0.0313 0.5938
vt 0.0313 0.5625
vt 0.0625 0.5625
vt 0.0625 0.5938
vt 0.0313 0.5938
vt 0.0313 0.5625
vt 0.0625 0.5625
vt 0.0625 0.5938
vt 0.0313 0.5938
vt 0.0313 0.5625
vt 0.0313 0.75
vt 0 0.75
vt 0 0.7188
vt 0.0313 0.7188
vt 0.0313 0.5938
vt 0 0.5938
vt 0 0.5625
vt 0.0313 0.5625
vt 0.0313 0.7188
vt 0 0.7188
vt 0 0.5938
vt 0.0313 0.5938
vt 0.0313 0.75
vt 0 0.75
vt 0 0.5625
vt 0.0313 0.5625
vt 0.0313 0.75
vt 0 0.7188
vt 0 0.5938
vt 0.0313 0.5625
vt 0 0.5625
vt 0.0313 0.5938
vt 0.0313 0.7188
vt 0 0.75
vt 0.0625 0.6875
vt 0.0625 0.7188
vt 0.0313 0.7188
vt 0.0313 0.6875
vt 0.0625 0.6875
vt 0.0625 0.7188
vt 0.0313 0.7188
vt 0.0313 0.6875
vt 0.0625 0.6875
vt 0.0625 0.7188
vt 0.0313 0.7188
vt 0.0313 0.6875
vt 0.0625 0.6875
vt 0.0625 0.7188
vt 0.0313 0.7188
vt 0.0313 0.6875
vt 0.0625 0.5625
vt 0.0625 0.5938
vt 0.0313 0.5938
vt 0.0313 0.5625
vt 0.0625 0.5625
vt 0.0625 0.5938
vt 0.0313 0.5938
vt 0.0313 0.5625
vt 0.0625 0.5625
vt 0.0625 0.5938
vt 0.0313 0.5938
vt 0.0313 0.5625
vt 0.0625 0.5625
vt 0.0625 0.5938
vt 0.0313 0.5938
vt 0.0313 0.5625
vt 0.8281 0.1406
vt 0.8281 0.1563
vt 0.8125 0.1563
vt 0.8125 0.1406
vt 0.9219 0.1406
vt 0.9219 0.1563
vt 0.8125 0.1563
vt 0.8125 0.1406
vt 0.9219 0.1406
vt 0.9219 0.1563
vt 0.8125 0.1563
vt 0.8125 0.1406
vt 0.9219 0.1406
vt 0.9219 0.1563
vt 0.8125 0.1563
vt 0.8125 0.1406
vt 1 0.5313
vt 1 0.6563
vt 0.625 0.6563
vt 0.625 0.5313
vt 1 0.5625
vt 1 1
vt 0.625 1
vt 0.625 0.5625
vt 0.6563 0.5625
vt 0.6563 1
vt 0.5313 1
vt 0.5313 0.5625
vt 0.9688 0.0625
vt 0.9688 0.0938
vt 0.7188 0.0938
vt 0.7188 0.0625
vt 0.7188 0.0938
vt 0.7188 0.0625
vt 0.9688 0.0625
vt 0.9688 0.0938
vt 0.9688 0.0625
vt 0.9688 0.2813
vt 0.7188 0.2813
vt 0.7188 0.0625
vt 0.9688 0.0625
vt 0.9688 0.125
vt 0.7188 0.125
vt 0.7188 0.0625
vt 0.7188 0.2813
vt 0.7188 0.2188
vt 0.9688 0.2188
vt 0.9688 0.2813
vt 0.0469 0.5156
vt 0.0469 0.5781
vt 0.0313 0.5781
vt 0.0313 0.5156
vt 0.0938 0.5156
vt 0.0938 0.5781
vt 0.0781 0.5781
vt 0.0781 0.5156
vt 0.0313 0.5625
vt 0.0313 0.5781
vt 0.0938 0.5781
vt 0.0938 0.5625
vt 0.0313 0.5156
vt 0.0313 0.5313
vt 0.0938 0.5313
vt 0.0938 0.5156
vt 0.0938 0.5156
vt 0.0938 0.5781
vt 0.0313 0.5781
vt 0.0313 0.5156
vt 0.7813 0.0625
vt 0.875 0.0625
vt 0.875 0.2813
vt 0.7813 0.2813
vt 0.8125 0.0625
vt 0.9063 0.0625
vt 0.9063 0.2813
vt 0.8125 0.2813
vt 0.6563 0.25
vt 0.6563 0.3125
vt 0.5938 0.3125
vt 0.5938 0.25
vt 0.6563 0.2813
vt 0.5938 0.2813
vt 0.5938 0.3125
vt 0.6563 0.3125
vt 0.9063 0.4375
vt 0.9063 0.5
vt 0.9688 0.5
vt 0.9688 0.4375
vt 0.5938 0.2813
vt 0.5938 0.3438
vt 0.6563 0.3438
vt 0.6563 0.2813
vt 0.4375 0.5
vt 0.4375 0.6875
vt 0.3438 0.6875
vt 0.3438 0.5
vt 0.4375 0.5
vt 0.4375 0.6875
vt 0.3438 0.6875
vt 0.3438 0.5
vt 0.3438 0.6563
vt 0.3438 0.75
vt 0.4375 0.75
vt 0.4375 0.6563
vt 0.3438 0.6563
vt 0.3438 0.75
vt 0.25 0.75
vt 0.25 0.6563
vt 0.3438 0.5
vt 0.3438 0.6875
vt 0.4375 0.6875
vt 0.4375 0.5
vt 0.3438 0.5
vt 0.3438 0.6875
vt 0.4375 0.6875
vt 0.4375 0.5
vt 0.5938 0.4688
vt 0.5625 0.4688
vt 0.5625 0.3594
vt 0.5938 0.3594
vt 0.5625 0.3594
vt 0.5938 0.3594
vt 0.5938 0.4688
vt 0.5625 0.4688
vt 0.5625 0.3594
vt 0.5625 0.4688
vt 0.5938 0.4688
vt 0.5938 0.3594
vt 0.5938 0.4688
vt 0.5938 0.3594
vt 0.5625 0.3594
vt 0.5625 0.4688
vt 0.5625 0.4688
vt 0.5938 0.4688
vt 0.5938 0.5
vt 0.5625 0.5
vt 0.6094 0.4375
vt 0.6094 0.4688
vt 0.6406 0.4688
vt 0.6406 0.4375
vt 0.625 0.4844
vt 0.625 0.4531
vt 0.6563 0.4531
vt 0.6563 0.4844
vt 0.5156 0.4844
vt 0.5469 0.4844
vt 0.5469 0.5
vt 0.5156 0.5
vt 0.0156 1
vt 0.0156 0.8906
vt 0.2656 0.8906
vt 0.2656 1
vt 0.2813 0.0313
vt 0.2813 0.25
vt 0.5313 0.25
vt 0.5313 0.0313
vt 0 1
vt 0 0.75
vt 0.0156 0.75
vt 0.0156 1
vt 0.5313 0.3125
vt 0.5313 0.5313
vt 0.5938 0.5313
vt 0.5938 0.3125
vt 0.5313 0.3125
vt 0.5313 0.5313
vt 0.5938 0.5313
vt 0.5938 0.3125
vt 0.6563 0.3438
vt 0.6563 0.4063
vt 0.5938 0.4063
vt 0.5938 0.3438
vt 0.5938 0.3125
vt 0.5938 0.5313
vt 0.5313 0.5313
vt 0.5313 0.3125
vt 0.5938 0.3125
vt 0.5938 0.5313
vt 0.5313 0.5313
vt 0.5313 0.3125
vt 0.5938 0.4688
vt 0.5938 0.4063
vt 0.75 0.4063
vt 0.7188 0.4688
vt 0.7188 0.4688
vt 0.75 0.5313
vt 0.5938 0.5313
vt 0.5938 0.4688
vt 0.5313 0.3438
vt 0.5313 0.1875
vt 0.5938 0.1875
vt 0.5938 0.3438
vt 0.5938 0.1875
vt 0.5938 0.3125
vt 0.5313 0.3125
vt 0.5313 0.1875
vt 0.5938 0.3438
vt 0.5938 0.4063
vt 0.5313 0.4063
vt 0.5313 0.3438
vt 1 0
vt 0.6406 0
vt 0.6406 0.0313
vt 1 0.0313
vt 1 0.0313
vt 0.6406 0.0313
vt 0.6406 0
vt 1 0
vt 0.75 0.25
vt 0.8906 0.25
vt 0.8906 0.6094
vt 0.75 0.6094
vt 0.75 0.6406
vt 0.8906 0.6406
vt 0.8906 1
vt 0.75 1
vt 0 0.75
vt 0.1406 0.75
vt 0.1406 0.7813
vt 0 0.7813
vt 0.75 0.3281
vt 0.8906 0.3281
vt 0.8906 0.6875
vt 0.75 0.6875
vt 0.2813 0
vt 0.6406 0
vt 0.6406 0.0313
vt 0.2813 0.0313
vt 0.75 0.6094
vt 0.8906 0.6094
vt 0.8906 0.9688
vt 0.75 0.9688
vt 0.2813 0.0313
vt 0.6406 0.0313
vt 0.6406 0
vt 0.2813 0
vt 1 0.6875
vt 0.8594 0.6875
vt 0.8594 0.3281
vt 1 0.3281
vt 1 0.9844
vt 0.8594 0.9844
vt 0.8594 0.625
vt 1 0.625
vt 1 0.6094
vt 0.8594 0.6094
vt 0.8594 0.25
vt 1 0.25
vt 0.2813 0.7813
vt 0.1406 0.7813
vt 0.1406 0.75
vt 0.2813 0.75
vt 1 1
vt 0.8594 1
vt 0.8594 0.6406
vt 1 0.6406
vt 0.75 0
vt 0.75 0.2031
vt 0.5 0.2031
vt 0.5 0
vt 0.625 0.0938
vt 0.625 0.125
vt 0.6875 0.125
vt 0.6875 0.0938
vt 0.6875 0.125
vt 0.6875 0.1563
vt 0.625 0.1563
vt 0.625 0.125
vt 0.6875 0.0938
vt 0.6875 0.1563
vt 0.625 0.1563
vt 0.625 0.0938
vt 0.6875 0.1563
vt 0.6875 0.0938
vt 0.625 0.0938
vt 0.625 0.1563
vt 0.6875 0.0938
vt 0.6875 0.125
vt 0.625 0.125
vt 0.625 0.0938
vt 0.625 0.125
vt 0.625 0.1563
vt 0.6875 0.1563
vt 0.6875 0.125
vt 0.625 0.0938
vt 0.625 0.125
vt 0.6875 0.125
vt 0.6875 0.0938
vt 0.6875 0.125
vt 0.6875 0.1563
vt 0.625 0.1563
vt 0.625 0.125
vt 0.6875 0.0938
vt 0.6875 0.1563
vt 0.625 0.1563
vt 0.625 0.0938
vt 0.6875 0.1563
vt 0.6875 0.0938
vt 0.625 0.0938
vt 0.625 0.1563
vt 0.6875 0.0938
vt 0.6875 0.125
vt 0.625 0.125
vt 0.625 0.0938
vt 0.625 0.125
vt 0.625 0.1563
vt 0.6875 0.1563
vt 0.6875 0.125
vt 0.4063 1
vt 0.4063 0.9531
vt 0.2656 0.9531
vt 0.2656 1
vt 0.4063 1
vt 0.4063 0.9531
vt 0.2656 0.9531
vt 0.2656 1
vt 0.5313 0.1875
vt 0.5313 0.4688
vt 0.4063 0.4688
vt 0.4063 0.1875
vt 1 1
vt 0.9531 1
vt 0.9531 0.9063
vt 1 0.9063
vt 0.9844 1
vt 0.9844 0.9531
vt 1 0.9531
vt 1 1
vt 0.9844 1
vt 0.9844 0.9063
vt 1 0.9063
vt 1 1
vt 0.9844 1
vt 0.9844 0.9063
vt 1 0.9063
vt 1 1
vt 1 0.3281
vt 0.9531 0.3281
vt 0.9531 0.25
vt 1 0.25
vt 1 0.8281
vt 1 0.9063
vt 0.9844 0.9063
vt 0.9844 0.8281
vt 1 0.8281
vt 1 0.9063
vt 0.9844 0.9063
vt 0.9844 0.8281
vt 0.75 0.9063
vt 0.7969 0.9063
vt 0.7969 1
vt 0.75 1
vt 1 0.9063
vt 1 0.9531
vt 0.9844 0.9531
vt 0.9844 0.9063
vt 0.75 0.25
vt 0.7969 0.25
vt 0.7969 0.3281
vt 0.75 0.3281
vt 0.9531 0.9063
vt 0.9531 1
vt 1 1
vt 1 0.9063
vt 1 0.9531
vt 0.9844 0.9531
vt 0.9844 1
vt 1 1
vt 1 0.9063
vt 0.9844 0.9063
vt 0.9844 1
vt 1 1
vt 1 0.9063
vt 0.9844 0.9063
vt 0.9844 1
vt 1 1
vt 0.9531 0.25
vt 0.9531 0.3281
vt 1 0.3281
vt 1 0.25
vt 0.9844 0.9063
vt 1 0.9063
vt 1 0.8281
vt 0.9844 0.8281
vt 0.9844 0.9063
vt 1 0.9063
vt 1 0.8281
vt 0.9844 0.8281
vt 0.7969 1
vt 0.7969 0.9063
vt 0.75 0.9063
vt 0.75 1
vt 0.9844 0.9531
vt 1 0.9531
vt 1 0.9063
vt 0.9844 0.9063
vt 0.7969 0.3281
vt 0.7969 0.25
vt 0.75 0.25
vt 0.75 0.3281
vt 0.2813 0.1875
vt 0.3438 0.1875
vt 0.3438 0.3125
vt 0.2813 0.3125
vt 0.2813 0.1875
vt 0.3438 0.1875
vt 0.3438 0.3125
vt 0.2813 0.3125
vt 0.0625 0.1875
vt 0.0625 0.3125
vt 0 0.3125
vt 0 0.1875
vt 0.1875 0.1875
vt 0.1875 0.3125
vt 0.125 0.3125
vt 0.125 0.1875
vt 0.4063 0.3125
vt 0.3438 0.3125
vt 0.3438 0.1875
vt 0.4063 0.1875
vt 0.4063 0.3125
vt 0.3438 0.3125
vt 0.3438 0.1875
vt 0.4063 0.1875
vt 0.125 0.5625
vt 0.125 0.4375
vt 0.1875 0.4375
vt 0.1875 0.5625
vt 0 0.5625
vt 0 0.4375
vt 0.0625 0.4375
vt 0.0625 0.5625
vt 0.7344 0.2188
vt 0.7344 0.2656
vt 0.6875 0.2656
vt 0.6875 0.2188
vt 0.7031 0.2188
vt 0.7031 0.2656
vt 0.6875 0.2656
vt 0.6875 0.2188
vt 0.7344 0.2188
vt 0.7344 0.2656
vt 0.7188 0.2656
vt 0.7188 0.2188
vt 0.7344 0.2188
vt 0.7344 0.2656
vt 0.7188 0.2656
vt 0.7188 0.2188
vt 0.7031 0.2188
vt 0.7031 0.2656
vt 0.6875 0.2656
vt 0.6875 0.2188
vt 0 1
vt 0 0.9688
vt 0.0469 0.9688
vt 0.0469 1
vt 0.9531 1
vt 0.9531 0.9688
vt 1 0.9688
vt 1 1
vt 0 1
vt 0 0.9688
vt 0.0859 0.9688
vt 0.0859 1
vt 0.9141 1
vt 0.9141 0.9688
vt 1 0.9688
vt 1 1
vt 0.9375 1
vt 0.9375 0.9688
vt 1 0.9688
vt 1 1
vt 0 1
vt 0 0.9688
vt 0.0625 0.9688
vt 0.0625 1
vt 0.0859 0
vt 0.0859 0.0156
vt 0 0.0156
vt 0 0
vt 1 0
vt 1 0.0156
vt 0.9375 0.0156
vt 0.9375 0
vt 0.0469 0
vt 0.0469 0.0156
vt 0 0.0156
vt 0 0
vt 1 0
vt 1 0.0156
vt 0.9531 0.0156
vt 0.9531 0
vt 0.0625 0
vt 0.0625 0.0156
vt 0 0.0156
vt 0 0
vt 1 0
vt 1 0.0156
vt 0.9141 0.0156
vt 0.9141 0
vt 0.125 0.5
vt 0.125 0.5625
vt 0.0625 0.5625
vt 0.0625 0.5
vt 0.0938 0.5
vt 0.0938 0.5625
vt 0.0625 0.5625
vt 0.0625 0.5
vt 0.0938 0.5625
vt 0.0938 0.5
vt 0.0625 0.5
vt 0.0625 0.5625
vt 0.0938 0.5
vt 0.0938 0.5625
vt 0.0625 0.5625
vt 0.0625 0.5
vt 0.0625 0.5
vt 0.0625 0.5625
vt 0.125 0.5625
vt 0.125 0.5
vt 0.125 0.5
vt 0.125 0.5625
vt 0.0625 0.5625
vt 0.0625 0.5
vt 0.0938 0.5
vt 0.0938 0.5625
vt 0.0625 0.5625
vt 0.0625 0.5
vt 0.0938 0.5625
vt 0.0938 0.5
vt 0.0625 0.5
vt 0.0625 0.5625
vt 0.0938 0.5
vt 0.0938 0.5625
vt 0.0625 0.5625
vt 0.0625 0.5
vt 0.25 0.3125
vt 0.25 0.375
vt 0.3125 0.375
vt 0.3125 0.3125
vt 0.3125 0.3125
vt 0.3125 0.375
vt 0.25 0.375
vt 0.25 0.3125
vt 0.2813 0.3125
vt 0.2813 0.375
vt 0.25 0.375
vt 0.25 0.3125
vt 0.2813 0.375
vt 0.2813 0.3125
vt 0.25 0.3125
vt 0.25 0.375
vt 0.2813 0.3125
vt 0.2813 0.375
vt 0.25 0.375
vt 0.25 0.3125
vt 0.25 0.3125
vt 0.25 0.375
vt 0.3125 0.375
vt 0.3125 0.3125
vt 0.3125 0.3125
vt 0.3125 0.375
vt 0.25 0.375
vt 0.25 0.3125
vt 0.2813 0.3125
vt 0.2813 0.375
vt 0.25 0.375
vt 0.25 0.3125
vt 0.2813 0.375
vt 0.2813 0.3125
vt 0.25 0.3125
vt 0.25 0.375
vt 0.2813 0.3125
vt 0.2813 0.375
vt 0.25 0.375
vt 0.25 0.3125
vt 0.0469 0.9844
vt 0.0469 1
vt 0 1
vt 0 0.9844
vt 0.0469 0.9844
vt 0.0469 1
vt 0 1
vt 0 0.9844
vt 0.0156 0.9531
vt 0.0156 1
vt 0 1
vt 0 0.9531
vt 0.0156 0.9531
vt 0.0156 1
vt 0 1
vt 0 0.9531
vt 0.5469 0.0469
vt 0.5781 0.0469
vt 0.5781 0
vt 0.5469 0
vt 0.5781 0
vt 0.5469 0
vt 0.5469 0.0469
vt 0.5781 0.0469
vt 0.5781 0
vt 0.5781 0.0469
vt 0.5469 0.0469
vt 0.5469 0
vt 0.5469 0.0469
vt 0.5469 0
vt 0.5781 0
vt 0.5781 0.0469
vt 0.5938 0.0156
vt 0.5938 0.0469
vt 0.5625 0.0469
vt 0.5625 0.0156
vt 0.5938 0.0156
vt 0.5938 0.0469
vt 0.5625 0.0469
vt 0.5625 0.0156
vt 0.8281 0.2813
vt 0.8281 0.2188
vt 0.8438 0.2188
vt 0.8438 0.2813
vt 0.8281 0.2813
vt 0.8281 0.2188
vt 0.8438 0.2188
vt 0.8438 0.2813
vt 0.125 0.9844
vt 0.2656 0.9844
vt 0.2656 1
vt 0.125 1
vt 0.2813 0.9375
vt 0.4219 0.9375
vt 0.4219 1
vt 0.2813 1
vt 0.5 0.25
vt 0.3594 0.25
vt 0.3594 0.1875
vt 0.5 0.1875
vt 0.2813 0.75
vt 0.4219 0.75
vt 0.4219 0.9375
vt 0.2813 0.9375
vt 0.8438 0.0313
vt 0.8438 0.2188
vt 0.8281 0.2188
vt 0.8281 0.0313
vt 0.5 0.1875
vt 0.3594 0.1875
vt 0.3594 0
vt 0.5 0
vt 0.8438 0.0313
vt 0.8438 0.2188
vt 0.8281 0.2188
vt 0.8281 0.0313
vt 0.5625 0.9375
vt 0.4219 0.9375
vt 0.4219 0.75
vt 0.5625 0.75
vt 0 0
vt 0.1406 0
vt 0.1406 0.1875
vt 0 0.1875
vt 0 0.1875
vt 0.1406 0.1875
vt 0.1406 0.25
vt 0 0.25
vt 0.4063 1
vt 0.2656 1
vt 0.2656 0.9844
vt 0.4063 0.9844
vt 0.5625 1
vt 0.4219 1
vt 0.4219 0.9375
vt 0.5625 0.9375
vt 0.5625 0.2344
vt 0.5625 0.2188
vt 0.5313 0.2188
vt 0.5313 0.2344
vt 0.5313 0.0313
vt 0.5313 0.2188
vt 0.5625 0.2188
vt 0.5625 0.0313
vt 0.5313 0.2344
vt 0.5313 0.25
vt 0.5625 0.2813
vt 0.5625 0.2344
vt 0.5625 0.2344
vt 0.5625 0.2813
vt 0.5313 0.25
vt 0.5313 0.2344
vt 0.5625 1
vt 0.4219 1
vt 0.4219 0.9531
vt 0.5625 0.9531
vt 0 0.1875
vt 0.1406 0.1875
vt 0.1406 0.2344
vt 0 0.2344
vt 0.5625 0.9531
vt 0.4219 0.9531
vt 0.4219 0.9375
vt 0.5625 0.9375
vt 0.2813 0.9531
vt 0.4219 0.9531
vt 0.4219 1
vt 0.2813 1
vt 0.2813 0.9375
vt 0.4219 0.9375
vt 0.4219 0.9531
vt 0.2813 0.9531
vt 0.5156 0.2344
vt 0.375 0.2344
vt 0.375 0.1875
vt 0.5156 0.1875
vt 0 0.125
vt 0.1406 0.125
vt 0.1406 0.25
vt 0 0.25
vt 0.5625 0.2813
vt 0.7031 0.2813
vt 0.7031 0.1563
vt 0.5625 0.1563
vt 0.0156 0.7344
vt 0.0156 0.875
vt 0 0.875
vt 0 0.7344
vt 0 0
vt 0.1406 0
vt 0.1406 0.125
vt 0 0.125
vt 0.5625 0.1563
vt 0.7031 0.1563
vt 0.7031 0.0313
vt 0.5625 0.0313
vt 0.5 0.125
vt 0.375 0.125
vt 0.375 0
vt 0.5 0
vt 0.8281 0.0313
vt 0.7031 0.0313
vt 0.7031 0.1563
vt 0.8281 0.1563
vt 0.8281 0.1563
vt 0.7031 0.1563
vt 0.7031 0.2813
vt 0.8281 0.2813
vt 0 1
vt 0 0.875
vt 0.0156 0.875
vt 0.0156 1
vt 0.5 0.25
vt 0.375 0.25
vt 0.375 0.125
vt 0.5 0.125
vt 0.5469 0.7344
vt 0.5469 0.9375
vt 0.2969 0.9375
vt 0.2969 0.7344
vt 0.8438 0.0313
vt 0.8438 0.2344
vt 0.9688 0.2344
vt 1 0.0313
vt 1 0.0313
vt 0.9688 0.2344
vt 0.8438 0.2344
vt 0.8438 0.0313
vt 0.0156 0.875
vt 0.0156 1
vt 0 1
vt 0 0.875
vt 0.0156 0.7945
vt 0.0156 1
vt 0 1
vt 0 0.7945
vt 0.5 1
vt 0.5 0.8906
vt 0.75 0.8906
vt 0.75 1
vt 0.5313 0.0313
vt 0.5313 0.25
vt 0.2813 0.25
vt 0.2813 0.0313
vt 0.0156 0.75
vt 0.0156 1
vt 0 1
vt 0 0.75
vt 0.5313 0.2344
vt 0.5313 0.2188
vt 0.5625 0.2188
vt 0.5625 0.2344
vt 0.5625 0.0313
vt 0.5625 0.2188
vt 0.5313 0.2188
vt 0.5313 0.0313
vt 0 0.125
vt 0.1406 0.125
vt 0.1406 0.25
vt 0 0.25
vt 0.8281 0.2813
vt 0.6875 0.2813
vt 0.6875 0.1563
vt 0.8281 0.1563
vt 0.0156 0.7344
vt 0.0156 0.875
vt 0 0.875
vt 0 0.7344
vt 0 0
vt 0.1406 0
vt 0.1406 0.125
vt 0 0.125
vt 0.8281 0.1563
vt 0.6875 0.1563
vt 0.6875 0.0313
vt 0.8281 0.0313
vt 0.5 0.125
vt 0.375 0.125
vt 0.375 0
vt 0.5 0
vt 0.5625 0.0313
vt 0.6875 0.0313
vt 0.6875 0.1563
vt 0.5625 0.1563
vt 0.5625 0.1563
vt 0.6875 0.1563
vt 0.6875 0.2813
vt 0.5625 0.2813
vt 0 1
vt 0 0.875
vt 0.0156 0.875
vt 0.0156 1
vt 0.5 0.25
vt 0.375 0.25
vt 0.375 0.125
vt 0.5 0.125
vt 0.8438 0.0313
vt 0.8438 0.2344
vt 0.9688 0.2344
vt 1 0.0313
vt 0.0156 0.875
vt 0.0156 1
vt 0 1
vt 0 0.875
vt 0.0156 0.7945
vt 0.0156 1
vt 0 1
vt 0 0.7945
vt 1 0.0313
vt 0.9688 0.2344
vt 0.8438 0.2344
vt 0.8438 0.0313
vt 0.6406 0.2031
vt 0.6406 0.2656
vt 0.625 0.2656
vt 0.625 0.2031
vt 0.6875 0.25
vt 0.6875 0.2656
vt 0.625 0.2656
vt 0.625 0.25
vt 0.6875 0.2031
vt 0.6875 0.2656
vt 0.625 0.2656
vt 0.625 0.2031
vt 0.625 0.2656
vt 0.6875 0.2656
vt 0.6875 0.25
vt 0.625 0.25
vt 0.625 0.2656
vt 0.6875 0.2656
vt 0.6875 0.2031
vt 0.625 0.2031
vt 0.2656 0.2656
vt 0.2656 0.375
vt 0.0156 0.375
vt 0.0156 0.2656
vt 0.7344 0.2656
vt 0.7344 0.375
vt 0.4844 0.375
vt 0.4844 0.2656
vt 0.5 1
vt 0.5 0.7813
vt 0 0.7813
vt 0 1
vt 0.5 0.7813
vt 0.5 1
vt 0 1
vt 0 0.7813
vt 0.5 0.75
vt 0.5 0.8125
vt 0 0.8125
vt 0 0.75
vt 0.25 0.25
vt 0.25 0.125
vt 0.2813 0.125
vt 0.2813 0.25
vt 0 1
vt 0.1406 1
vt 0.1406 0.9688
vt 0 0.9688
vt 1 0.9688
vt 0.8594 0.9688
vt 0.8594 1
vt 1 1
vt 0.75 1
vt 0.6094 1
vt 0.6094 0.875
vt 0.75 0.875
vt 0 0.875
vt 0.1406 0.875
vt 0.1406 1
vt 0 1
vt 0 0.75
vt 0.1406 0.75
vt 0.1406 0.875
vt 0 0.875
vt 0.75 0.3594
vt 0.6094 0.3594
vt 0.6094 0.2344
vt 0.75 0.2344
vt 0.2813 0
vt 0.2813 0.125
vt 0.25 0.125
vt 0.25 0
vt 0.2813 0.875
vt 0.1406 0.875
vt 0.1406 0.75
vt 0.2813 0.75
vt 0.75 1
vt 0.8906 1
vt 0.8906 0.9688
vt 0.75 0.9688
vt 0 0.2344
vt 0.1406 0.2344
vt 0.1406 0.3594
vt 0 0.3594
vt 0 0.875
vt 0.1406 0.875
vt 0.1406 1
vt 0 1
vt 0 0.9688
vt 0.1406 0.9688
vt 0.1406 1
vt 0 1
vt 0.2813 1
vt 0.1406 1
vt 0.1406 0.875
vt 0.2813 0.875
vt 0.25 0
vt 0.25 0.125
vt 0.2813 0.125
vt 0.2813 0
vt 0.2813 0.25
vt 0.2813 0.125
vt 0.25 0.125
vt 0.25 0.25
vt 0.1094 1
vt 0.1719 1
vt 0.1719 0.9844
vt 0.1094 0.9844
vt 0.1719 1
vt 0.1094 1
vt 0.1094 0.9844
vt 0.1719 0.9844
vt 0.4219 0.2344
vt 0.4219 0.1563
vt 0.4844 0.1563
vt 0.4844 0.2344
vt 0.0625 0.3281
vt 0.0625 0.25
vt 0 0.25
vt 0 0.3281
vt 0.0781 0.9844
vt 0.0781 1
vt 0.1406 1
vt 0.1406 0.9844
vt 0.0625 0.3438
vt 0.0625 0.2656
vt 0 0.2656
vt 0 0.3438
vt 0.6875 0.25
vt 0.6875 0.3281
vt 0.75 0.3281
vt 0.75 0.25
vt 0.0781 1
vt 0.0781 0.9844
vt 0.0156 0.9844
vt 0.0156 1
vt 0 1
vt 0.3125 1
vt 0.3125 0.9844
vt 0 0.9844
vt 0 1
vt 0.3125 1
vt 0.3125 0.9844
vt 0 0.9844
vt 0.1094 0.1719
vt 0.3906 0.1719
vt 0.3906 0.2344
vt 0.1094 0.2344
vt 0 0.0625
vt 0.2813 0.0625
vt 0.2813 0
vt 0 0
vt 0.7344 0.3125
vt 0.4531 0.3125
vt 0.4531 0.25
vt 0.7344 0.25
vt 0.2813 0.9375
vt 0 0.9375
vt 0 1
vt 0.2813 1
vt 0.1094 1
vt 0.1719 1
vt 0.1719 0.9844
vt 0.1094 0.9844
vt 0.1719 1
vt 0.1094 1
vt 0.1094 0.9844
vt 0.1719 0.9844
vt 0.6875 0.25
vt 0.6875 0.3281
vt 0.75 0.3281
vt 0.75 0.25
vt 0.0625 0.3281
vt 0.0625 0.25
vt 0 0.25
vt 0 0.3281
vt 0.0781 0.9844
vt 0.0781 1
vt 0.1406 1
vt 0.1406 0.9844
vt 0.0781 0.0781
vt 0.0781 0
vt 0.0156 0
vt 0.0156 0.0781
vt 0.6875 0.25
vt 0.6875 0.3281
vt 0.75 0.3281
vt 0.75 0.25
vt 0.0781 1
vt 0.0781 0.9844
vt 0.0156 0.9844
vt 0.0156 1
vt 0 0.9062
vt 0 0.7812
vt 0.0156 0.7812
vt 0.0156 0.9063
vt 0.0938 0.9844
vt 0.2188 0.9844
vt 0.2188 1
vt 0.0938 1
vt 0.3906 0.1875
vt 0.5 0.1875
vt 0.5 0.25
vt 0.3906 0.25
vt 0.0156 0.0781
vt 0.125 0.0781
vt 0.125 0.0156
vt 0.0156 0.0156
vt 0.75 0.3125
vt 0.6406 0.3125
vt 0.6406 0.25
vt 0.75 0.25
vt 0.125 0.9375
vt 0.0156 0.9375
vt 0.0156 1
vt 0.125 1
vt 0.1719 0.9844
vt 0.1719 1
vt 0.1094 1
vt 0.1094 0.9844
vt 0.1094 0.9844
vt 0.1094 1
vt 0.1719 1
vt 0.1719 0.9844
vt 0.4844 0.1563
vt 0.4219 0.1563
vt 0.4219 0.2344
vt 0.4844 0.2344
vt 0 0.25
vt 0.0625 0.25
vt 0.0625 0.3281
vt 0 0.3281
vt 0.1406 1
vt 0.0781 1
vt 0.0781 0.9844
vt 0.1406 0.9844
vt 0 0.2656
vt 0.0625 0.2656
vt 0.0625 0.3438
vt 0 0.3438
vt 0.75 0.3281
vt 0.6875 0.3281
vt 0.6875 0.25
vt 0.75 0.25
vt 0.0156 0.9844
vt 0.0781 0.9844
vt 0.0781 1
vt 0.0156 1
vt 0.3125 0.9844
vt 0.3125 1
vt 0 1
vt 0 0.9844
vt 0.3125 0.9844
vt 0.3125 1
vt 0 1
vt 0 0.9844
vt 0.3906 0.2344
vt 0.3906 0.1719
vt 0.1094 0.1719
vt 0.1094 0.2344
vt 0.2813 0
vt 0.2813 0.0625
vt 0 0.0625
vt 0 0
vt 0.4531 0.25
vt 0.4531 0.3125
vt 0.7344 0.3125
vt 0.7344 0.25
vt 0 1
vt 0 0.9375
vt 0.2813 0.9375
vt 0.2813 1
vt 0.1719 0.9844
vt 0.1719 1
vt 0.1094 1
vt 0.1094 0.9844
vt 0.1094 0.9844
vt 0.1094 1
vt 0.1719 1
vt 0.1719 0.9844
vt 0.75 0.3281
vt 0.6875 0.3281
vt 0.6875 0.25
vt 0.75 0.25
vt 0 0.25
vt 0.0625 0.25
vt 0.0625 0.3281
vt 0 0.3281
vt 0.1406 1
vt 0.0781 1
vt 0.0781 0.9844
vt 0.1406 0.9844
vt 0.0156 0
vt 0.0781 0
vt 0.0781 0.0781
vt 0.0156 0.0781
vt 0.75 0.3281
vt 0.6875 0.3281
vt 0.6875 0.25
vt 0.75 0.25
vt 0.0156 0.9844
vt 0.0781 0.9844
vt 0.0781 1
vt 0.0156 1
vt 0.0938 1
vt 0.0938 0.9844
vt 0.2188 0.9844
vt 0.2188 1
vt 0.0156 0.8125
vt 0 0.8125
vt 0 0.6875
vt 0.0156 0.6875
vt 0.5 0.25
vt 0.5 0.1875
vt 0.3906 0.1875
vt 0.3906 0.25
vt 0.125 0.0156
vt 0.125 0.0781
vt 0.0156 0.0781
vt 0.0156 0.0156
vt 0.6406 0.25
vt 0.6406 0.3125
vt 0.75 0.3125
vt 0.75 0.25
vt 0.0156 1
vt 0.0156 0.9375
vt 0.125 0.9375
vt 0.125 1
vt 0.2656 0.3281
vt 0.2813 0.3281
vt 0.2813 0.3594
vt 0.2656 0.3594
vt 0.2656 0.3281
vt 0.2813 0.3281
vt 0.2813 0.3594
vt 0.2656 0.3594
vt 0.2656 0.25
vt 0.2813 0.25
vt 0.2813 0.3594
vt 0.2656 0.3594
vt 0.25 0.25
vt 0.2656 0.25
vt 0.2656 0.3594
vt 0.25 0.3594
vt 0.2656 0.3281
vt 0.2813 0.3281
vt 0.2813 0.3594
vt 0.2656 0.3594
vt 0.2656 0.3281
vt 0.2813 0.3281
vt 0.2813 0.3594
vt 0.2656 0.3594
vt 0.2656 0.25
vt 0.2813 0.25
vt 0.2813 0.3594
vt 0.2656 0.3594
vt 0.25 0.25
vt 0.2656 0.25
vt 0.2656 0.3594
vt 0.25 0.3594
vt 0.8125 0.4063
vt 0.8125 0.4219
vt 0.5156 0.4219
vt 0.5156 0.4063
vt 0.8125 0.4063
vt 0.8125 0.4219
vt 0.5156 0.4219
vt 0.5156 0.4063
vt 0.5156 0.2813
vt 0.8125 0.2813
vt 0.8125 0.4219
vt 0.5156 0.4219
vt 0.8125 0.4219
vt 0.5156 0.4219
vt 0.5156 0.2813
vt 0.8125 0.2813
vt 0.7969 0.2813
vt 0.8125 0.2813
vt 0.8125 0.4219
vt 0.7969 0.4219
vt 0.7969 0.2813
vt 0.8125 0.2813
vt 0.8125 0.4219
vt 0.7969 0.4219
vt 0 0.75
vt 0.5 0.75
vt 0.5 0.9375
vt 0 0.9375
vt 0 0.9375
vt 0.5 0.9375
vt 0.5 0.75
vt 0 0.75
vt 0 0.8125
vt 0.5 0.8125
vt 0.5 0.75
vt 0 0.75
vt 0.0781 0.8
vt 0.0781 0.8125
vt 0 0.8125
vt 0 0.8
vt 0.0781 0.7375
vt 0.0781 0.75
vt 0 0.75
vt 0 0.7375
vt 0 0.7344
vt 0 0.8125
vt 0.0781 0.8125
vt 0.0781 0.7344
vt 0.0781 0.7969
vt 0.0781 0.8125
vt 0 0.8125
vt 0 0.7969
vt 0.0781 0.75
vt 0.0781 0.7344
vt 0 0.7344
vt 0 0.75
vt 0.0781 0.8
vt 0.0781 0.8125
vt 0 0.8125
vt 0 0.8
vt 0.0781 0.7375
vt 0.0781 0.75
vt 0 0.75
vt 0 0.7375
vt 0 0.7344
vt 0 0.8125
vt 0.0781 0.8125
vt 0.0781 0.7344
vt 0.0781 0.7969
vt 0.0781 0.8125
vt 0 0.8125
vt 0 0.7969
vt 0.0781 0.75
vt 0.0781 0.7344
vt 0 0.7344
vt 0 0.75
vn 1 0 0
vn 0 1 0
vn 0 -1 0
vn 0 0 1
vn 0 0 -1
vn -1 0 0
vn 0 1 0
vn 0 -1 0
vn 0 0 1
vn 0 0 -1
vn 1 0 0
vn 0 1 0
vn 0 -1 0
vn 0 0 1
vn 0 0 -1
vn 1 0 0
vn 0 -1 0
vn 0 1 0
vn 0 0 1
vn 0 0 -1
vn 1 0 0
vn 0 0 -1
vn 0 0 1
vn 1 0 0
vn 0 1 0
vn 0 -1 0
vn 1 0 0
vn 0 -1 0
vn 0 0 1
vn 0 0 1
vn 0 1 0
vn 0 1 0
vn 0 0 -1
vn 0 0 -1
vn 0 -1 0
vn 1 0 0
vn 0 1 0
vn 0 0 -1
vn 0 0 1
vn 1 0 0
vn 0 1 0
vn 0 0 -1
vn 0 0 1
vn 0.16 0.99 0
vn -0.16 -0.99 0
vn 0 0 1
vn 0 0 -1
vn 0.16 0.99 0
vn -0.16 -0.99 0
vn 0 1 0
vn 0 0 1
vn 0 -1 0
vn 0 -1 0
vn 0 0 -1
vn 0 1 0
vn 0.71 0.71 0
vn -0.71 0.71 0
vn 0 1 0
vn 0 -1 0
vn 0 0 1
vn 0 0 -1
vn 1 0 0
vn -1 0 0
vn 0 0 1
vn 0 0 -1
vn 1 0 0
vn -1 0 0
vn 0 0 1
vn 0 0 -1
vn 0.71 0.71 0
vn -0.71 0.71 0
vn 0 1 0
vn 0 -1 0
vn 0 0 1
vn 0 0 -1
vn 1 0 0
vn -1 0 0
vn 0 0 1
vn 0 0 -1
vn 1 0 0
vn -1 0 0
vn 0 0 1
vn 0 0 -1
vn -1 0 0
vn 0 1 0
vn 0 -1 0
vn 0 0 1
vn 0 0 -1
vn -1 0 0
vn 0 0 -1
vn 0 0 1
vn -1 0 0
vn 0 -1 0
vn 0 1 0
vn -1 0 0
vn 0 1 0
vn 0 0 1
vn 0 0 1
vn 0 -1 0
vn 0 -1 0
vn 0 0 -1
vn 0 0 -1
vn 0 1 0
vn -1 0 0
vn 0 1 0
vn 0 0 1
vn 0 0 -1
vn -1 0 0
vn 0 1 0
vn 0 -1 0
vn 0 0 1
vn 0 0 -1
vn -0.16 0.99 0
vn 0.16 -0.99 0
vn 0 0 1
vn 0 0 -1
vn -0.16 0.99 0
vn 0.16 -0.99 0
vn 0 1 0
vn 0 0 1
vn 0 -1 0
vn 0 -1 0
vn 0 0 -1
vn 0 1 0
vn 0.71 0.71 0
vn -0.71 0.71 0
vn 0 1 0
vn 0 -1 0
vn 0 0 1
vn 0 0 -1
vn 1 0 0
vn -1 0 0
vn 0 0 1
vn 0 0 -1
vn 1 0 0
vn -1 0 0
vn 0 0 1
vn 0 0 -1
vn 0.71 0.71 0
vn -0.71 0.71 0
vn 0 1 0
vn 0 -1 0
vn 0 0 1
vn 0 0 -1
vn 1 0 0
vn -1 0 0
vn 0 0 1
vn 0 0 -1
vn 1 0 0
vn -1 0 0
vn 0 0 1
vn 0 0 -1
vn -1 0 0
vn 0 1 0
vn 0 0 1
vn 0 0 -1
vn 0 1 0
vn 0 0 -1
vn 1 0 0
vn 0 1 0
vn 0 -1 0
vn -1 0 0
vn 0 -1 0
vn 0 1 0
vn 0 0 -1
vn 0 0 1
vn 0 1 0
vn 0 -1 0
vn -1 0 0
vn 0 0 -1
vn 0 0 1
vn -0.89 0.45 0
vn 0 1 0
vn 0 0 1
vn 0 0 -1
vn 0.91 -0.42 0
vn -0.91 0.42 0
vn 0.42 0.91 0
vn -0.42 -0.91 0
vn 0 0 1
vn 0 0 -1
vn 1 0 0
vn -1 0 0
vn 0 1 0
vn 0 -1 0
vn -0.89 0 -0.45
vn 0 1 0
vn 0 -1 0
vn 0 0 -1
vn -1 0 0
vn 1 0 0
vn 0 1 0
vn 1 0 0
vn -1 0 0
vn 0 1 0
vn 0 0 1
vn 0 0 -1
vn 1 0 0
vn -1 0 0
vn 0 1 0
vn 0 -1 0
vn 0 -0.45 0.89
vn 1 0 0
vn -1 0 0
vn 0 1 0
vn 0 -1 0
vn 0 0 1
vn 0 -1 0
vn -1 0 0
vn 0 1 0
vn 1 0 0
vn 0 -1 0
vn 0 1 0
vn 0 1 0
vn 0 0 1
vn 0 -1 0
vn 0 0 1
vn 1 0 0
vn -1 0 0
vn 0 1 0
vn 0 -1 0
vn 0 0 1
vn 0 0 -1
vn 1 0 0
vn -1 0 0
vn 0 1 0
vn 0 -1 0
vn 0 0 1
vn 0 0 -1
vn 1 0 0
vn -1 0 0
vn 0 1 0
vn 1 0 0
vn 0 1 0
vn 0 0 1
vn 0 0 -1
vn 1 0 0
vn 0 0 1
vn 0 0 -1
vn 1 0 0
vn 0 1 0
vn 1 0 0
vn -1 0 0
vn 0 1 0
vn 0 0 1
vn 0 0 -1
vn -1 0 0
vn 0 0 1
vn 0 0 -1
vn -1 0 0
vn 0 1 0
vn -1 0 0
vn 1 0 0
vn -1 0 0
vn 0 0 1
vn 0 0 1
vn -1 0 0
vn 1 0 0
vn 0 0 1
vn 0 0 1
vn 0 0 1
vn 0 1 0
vn 0 -1 0
vn 1 0 0
vn -1 0 0
vn 1 0 0
vn -1 0 0
vn 0 0 -1
vn 0 0 -1
vn 1 0 0
vn -1 0 0
vn 0 0 -1
vn 1 0 0
vn 1 0 0
vn -1 0 0
vn -1 0 0
vn 0 0 -1
vn -1 0 0
vn 0 1 0
vn 0 0 1
vn 0 0 -1
vn 1 0 0
vn -1 0 0
vn 0 1 0
vn 0 0 1
vn 0 0 -1
vn 1 0 0
vn -1 0 0
vn 0 1 0
vn 0 0 1
vn 0 0 -1
vn 1 0 0
vn -1 0 0
vn 0 1 0
vn 0 0 1
vn 0 0 -1
vn 1 0 0
vn -1 0 0
vn 0 1 0
vn 0 -1 0
vn 1 0 0
vn -1 0 0
vn 0 1 0
vn 0 -1 0
vn 0 0 1
vn 0 0 -1
vn 1 0 0
vn -1 0 0
vn 0 1 0
vn 0 0 1
vn 0 0 -1
vn 0 0 1
vn -1 0 0
vn 0 0 -1
vn 1 0 0
vn 0 0 1
vn 0 0 -1
vn 0 0 -1
vn 0 1 0
vn 0 0 1
vn 1 0 0
vn 1 0 0
vn 1 0 0
vn -1 0 0
vn 0 0.71 -0.71
vn 0 0 1
vn 0 0 -1
vn 0 0.71 -0.71
vn 0 0 -1
vn 0 0 1
vn -1 0 0
vn 1 0 0
vn 0 1 0
vn -1 0 0
vn 1 0 0
vn -1 0 0
vn 1 0 0
vn 1 0 0
vn 0 1 0
vn -1 0 0
vn 0 0 -1
vn 1 0 0
vn -1 0 0
vn 0 1 0
vn 0 0.15 0.99
vn 1 0 0
vn -1 0 0
vn 0 1 0
vn -1 0 0
vn -1 0 0
vn 1 0 0
vn -1 0 0
vn 0 1 0
vn 1 0 0
vn -1 0 0
vn 1 0 0
vn -1 0 0
vn -1 0 0
vn 0 1 0
vn 1 0 0
vn 1 0 0
vn 0 1 0
vn 0 0.15 0.99
vn -1 0 0
vn -1 0 0
vn 0 1 0
vn 0 0 1
vn 0 1 0
vn 0 0 -1
vn -1 0 0
vn 1 0 0
vn 0 1 0
vn 0 -1 0
vn 0 0 -1
vn -1 0 0
vn 0 1 0
vn 0 -1 0
vn 0 0 1
vn 0 0 -1
vn 0 0 -1
vn 0 0 1
vn -1 0 0
vn 0 0 -1
vn 0 -1 0
vn 0 0 1
vn 0 0 1
vn 0 1 0
vn 0 0 -1
vn 1 0 0
vn 1 0 0
vn -1 0 0
vn 1 0 0
vn 0 0.8 -0.6
vn 0 -0.8 0.6
vn 0 0 -1
vn 0 0.8 -0.6
vn 0 -0.8 0.6
vn 0 0 -1
vn -1 0 0
vn 1 0 0
vn 0 1 0
vn 0 -1 0
vn 0 1 0
vn 0 -1 0
vn 1 0 0
vn -1 0 0
vn 0 0.77 0.63
vn 0 -0.77 -0.63
vn 0 -0.04 1
vn 0 0.77 0.63
vn 0 -0.77 -0.63
vn 0 -0.04 1
vn -1 0 0
vn 1 0 0
vn 0 -1 -0.04
vn 0 1 0.04
vn 0 -1 -0.04
vn 0 1 0.04
vn 1 0 0
vn -1 0 0
vn 0 0.8 -0.6
vn 0 -0.8 0.6
vn 0 0 -1
vn 0 0.8 -0.6
vn 0 -0.8 0.6
vn 0 0 -1
vn 1 0 0
vn -1 0 0
vn 0 1 0
vn 0 -1 0
vn 0 1 0
vn 0 -1 0
vn -1 0 0
vn 1 0 0
vn 0 0.77 0.63
vn 0 -0.77 -0.63
vn 0 -0.04 1
vn 0 0.77 0.63
vn 0 -0.77 -0.63
vn 0 -0.04 1
vn 1 0 0
vn -1 0 0
vn 0 -1 -0.04
vn 0 1 0.04
vn 0 -1 -0.04
vn 0 1 0.04
vn 0.98 -0.17 0
vn -0.98 0.17 0
vn 0 0 1
vn 0 0 -1
vn 0.98 -0.17 0
vn -0.98 0.17 0
vn 0 0 1
vn 0 0 -1
vn 0.98 -0.17 0
vn -0.98 0.17 0
vn 0.17 0.98 0
vn -0.17 -0.98 0
vn 0 0 1
vn 0 0 -1
vn 0 1 0
vn 0 -1 0
vn 0 0 1
vn 1 0 0
vn -1 0 0
vn 0 0.17 0.98
vn 0 0.98 -0.17
vn 0 -0.98 0.17
vn 1 0 0
vn -1 0 0
vn 0 0.17 0.98
vn 0 0.98 -0.17
vn 0 -0.98 0.17
usemtl common_thingies
f 1093/3133/784 1091/3134/784 1090/3135/784 1092/3136/784
f 1090/3137/785 1091/3138/785 1095/3139/785 1094/3140/785
f 1093/3141/786 1092/3142/786 1096/3143/786 1097/3144/786
f 1092/3145/787 1090/3146/787 1094/3147/787 1096/3148/787
f 1097/3149/788 1095/3150/788 1091/3151/788 1093/3152/788
f 1104/3153/789 1102/3154/789 1103/3155/789 1105/3156/789
f 1098/3157/790 1099/3158/790 1103/3159/790 1102/3160/790
f 1101/3161/791 1100/3162/791 1104/3163/791 1105/3164/791
f 1100/3165/792 1098/3166/792 1102/3167/792 1104/3168/792
f 1105/3169/793 1103/3170/793 1099/3171/793 1101/3172/793
f 1109/3173/794 1107/3174/794 1106/3175/794 1108/3176/794
f 1106/3177/795 1107/3178/795 1111/3179/795 1110/3180/795
f 1109/3181/796 1108/3182/796 1112/3183/796 1113/3184/796
f 1108/3185/797 1106/3186/797 1110/3187/797 1112/3188/797
f 1113/3189/798 1111/3190/798 1107/3191/798 1109/3192/798
usemtl common_rough_steel_painted
f 1123/3193/799 1126/3194/799 1130/3195/799 1119/3196/799
usemtl common_rough_steel
f 1130/3197/800 1131/3198/800 1138/3199/800 1119/3200/800
usemtl common_rough_steel_painted
f 1121/3201/801 1136/3202/801 1135/3203/801 1127/3204/801
f 1122/3205/802 1133/3206/802 1132/3207/802 1118/3208/802
f 1119/3209/803 1138/3210/803 1137/3211/803 1123/3212/803
f 1121/3213/804 1127/3214/804 1126/3215/804 1123/3216/804
f 1123/3217/805 1137/3218/805 1136/3219/805 1121/3220/805
f 1120/3221/806 1134/3222/806 1133/3223/806 1122/3224/806
f 1122/3225/807 1126/3226/807 1127/3227/807 1120/3228/807
f 1127/3229/808 1135/3230/808 1134/3231/808 1120/3232/808
usemtl common_rough_steel
f 1118/3233/809 1132/3234/809 1131/3235/809 1130/3236/809
usemtl common_rough_steel_painted
f 1118/3237/810 1130/3238/810 1126/3239/810 1122/3240/810
usemtl common_rough_steel
f 1129/3241/811 1131/3242/811 1132/3243/811 1114/3244/811
usemtl common_rough_steel_painted
f 1114/3245/812 1132/3246/812 1133/3247/812 1125/3248/812
f 1125/3249/813 1133/3250/813 1134/3251/813 1116/3252/813
f 1116/3253/814 1134/3254/814 1135/3255/814 1128/3256/814
f 1128/3257/815 1135/3258/815 1136/3259/815 1117/3260/815
f 1117/3261/816 1136/3262/816 1137/3263/816 1124/3264/816
f 1124/3265/817 1137/3266/817 1138/3267/817 1115/3268/817
usemtl common_rough_steel
f 1115/3269/818 1138/3270/818 1131/3271/818 1129/3272/818
usemtl common_steel_norivets
f 1145/3273/819 1143/3274/819 1144/3275/819 1146/3276/819
f 1139/3277/820 1140/3278/820 1144/3279/820 1143/3280/820
f 1141/3281/821 1139/3282/821 1143/3283/821 1145/3284/821
f 1146/3285/822 1144/3286/822 1140/3287/822 1142/3288/822
f 1153/3289/823 1151/3290/823 1152/3291/823 1154/3292/823
f 1147/3293/824 1148/3294/824 1152/3295/824 1151/3296/824
f 1149/3297/825 1147/3298/825 1151/3299/825 1153/3300/825
f 1154/3301/826 1152/3302/826 1148/3303/826 1150/3304/826
usemtl common_rough_steel_painted
f 1172/3305/827 1167/3306/827 1164/3307/827 1160/3308/827
usemtl common_rough_steel
f 1170/3309/828 1171/3310/828 1162/3311/828 1165/3312/828
usemtl common_steel_painted_norivets
f 1168/3313/829 1169/3314/829 1161/3315/829 1159/3316/829
f 1171/3317/830 1172/3318/830 1160/3319/830 1162/3320/830
usemtl common_rough_steel_painted
f 1167/3321/831 1168/3322/831 1159/3323/831 1164/3324/831
usemtl common_rough_steel
f 1169/3325/832 1170/3326/832 1165/3327/832 1161/3328/832
usemtl common_steel_painted_norivets
f 1168/3329/833 1167/3330/833 1163/3331/833 1155/3332/833
f 1169/3333/834 1168/3334/834 1155/3335/834 1157/3336/834
usemtl common_rough_steel
f 1170/3337/835 1169/3338/835 1157/3339/835 1166/3340/835
f 1171/3341/836 1170/3342/836 1166/3343/836 1158/3344/836
usemtl common_steel_painted_norivets
f 1172/3345/837 1171/3346/837 1158/3347/837 1156/3348/837
f 1167/3349/838 1172/3350/838 1156/3351/838 1163/3352/838
usemtl tracked_motorbike
f 1176/3353/839 1174/3354/839 1173/3355/839 1175/3356/839
f 1179/3357/840 1177/3358/840 1178/3359/840 1180/3360/840
f 1173/3361/841 1174/3362/841 1178/3363/841 1177/3364/841
f 1176/3365/842 1175/3366/842 1179/3367/842 1180/3368/842
f 1175/3369/843 1173/3370/843 1177/3371/843 1179/3372/843
f 1180/3373/844 1178/3374/844 1174/3375/844 1176/3376/844
f 1182/3377/845 1176/3378/845 1175/3379/845 1181/3380/845
f 1185/3381/846 1183/3382/846 1184/3383/846 1186/3384/846
f 1181/3385/847 1175/3386/847 1183/3387/847 1185/3388/847
f 1186/3389/848 1184/3390/848 1176/3391/848 1182/3392/848
f 1190/3393/849 1188/3394/849 1187/3395/849 1189/3396/849
f 1191/3397/850 1179/3398/850 1180/3399/850 1192/3400/850
f 1189/3401/851 1187/3402/851 1179/3403/851 1191/3404/851
f 1192/3405/852 1180/3406/852 1188/3407/852 1190/3408/852
f 1196/3409/853 1194/3410/853 1193/3411/853 1195/3412/853
f 1199/3413/854 1197/3414/854 1198/3415/854 1200/3416/854
f 1193/3417/855 1194/3418/855 1198/3419/855 1197/3420/855
f 1196/3421/856 1195/3422/856 1199/3423/856 1200/3424/856
f 1195/3425/857 1193/3426/857 1197/3427/857 1199/3428/857
f 1200/3429/858 1198/3430/858 1194/3431/858 1196/3432/858
f 1202/3433/859 1196/3434/859 1195/3435/859 1201/3436/859
f 1205/3437/860 1203/3438/860 1204/3439/860 1206/3440/860
f 1201/3441/861 1195/3442/861 1203/3443/861 1205/3444/861
f 1206/3445/862 1204/3446/862 1196/3447/862 1202/3448/862
f 1210/3449/863 1208/3450/863 1207/3451/863 1209/3452/863
f 1211/3453/864 1199/3454/864 1200/3455/864 1212/3456/864
f 1209/3457/865 1207/3458/865 1199/3459/865 1211/3460/865
f 1212/3461/866 1200/3462/866 1208/3463/866 1210/3464/866
usemtl common_rough_steel_painted
f 1222/3465/867 1225/3466/867 1229/3467/867 1218/3468/867
f 1229/3469/868 1230/3470/868 1237/3471/868 1218/3472/868
usemtl common_rough_steel
f 1220/3473/869 1235/3474/869 1234/3475/869 1226/3476/869
usemtl common_rough_steel_painted
f 1221/3477/870 1232/3478/870 1231/3479/870 1217/3480/870
f 1218/3481/871 1237/3482/871 1236/3483/871 1222/3484/871
f 1220/3485/872 1226/3486/872 1225/3487/872 1222/3488/872
f 1222/3489/873 1236/3490/873 1235/3491/873 1220/3492/873
f 1219/3493/874 1233/3494/874 1232/3495/874 1221/3496/874
f 1221/3497/875 1225/3498/875 1226/3499/875 1219/3500/875
usemtl common_rough_steel
f 1226/3501/876 1234/3502/876 1233/3503/876 1219/3504/876
usemtl common_rough_steel_painted
f 1217/3505/877 1231/3506/877 1230/3507/877 1229/3508/877
f 1217/3509/878 1229/3510/878 1225/3511/878 1221/3512/878
f 1228/3513/879 1230/3514/879 1231/3515/879 1213/3516/879
f 1213/3517/880 1231/3518/880 1232/3519/880 1224/3520/880
f 1224/3521/881 1232/3522/881 1233/3523/881 1215/3524/881
usemtl common_rough_steel
f 1215/3525/882 1233/3526/882 1234/3527/882 1227/3528/882
f 1227/3529/883 1234/3530/883 1235/3531/883 1216/3532/883
usemtl common_rough_steel_painted
f 1216/3533/884 1235/3534/884 1236/3535/884 1223/3536/884
f 1223/3537/885 1236/3538/885 1237/3539/885 1214/3540/885
f 1214/3541/886 1237/3542/886 1230/3543/886 1228/3544/886
usemtl common_steel_norivets
f 1244/3545/887 1242/3546/887 1243/3547/887 1245/3548/887
f 1238/3549/888 1239/3550/888 1243/3551/888 1242/3552/888
f 1240/3553/889 1238/3554/889 1242/3555/889 1244/3556/889
f 1245/3557/890 1243/3558/890 1239/3559/890 1241/3560/890
usemtl common_thingies
f 1252/3561/891 1250/3562/891 1251/3563/891 1253/3564/891
f 1246/3565/892 1247/3566/892 1251/3567/892 1250/3568/892
f 1249/3569/893 1248/3570/893 1252/3571/893 1253/3572/893
f 1248/3573/894 1246/3574/894 1250/3575/894 1252/3576/894
f 1253/3577/895 1251/3578/895 1247/3579/895 1249/3580/895
usemtl common_rough_steel_painted
f 1263/3581/896 1266/3582/896 1271/3583/896 1259/3584/896
usemtl common_rough_steel
f 1261/3585/897 1270/3586/897 1269/3587/897 1264/3588/897
usemtl common_steel_painted_norivets
f 1260/3589/898 1268/3590/898 1267/3591/898 1258/3592/898
f 1259/3593/899 1271/3594/899 1270/3595/899 1261/3596/899
usemtl common_rough_steel_painted
f 1258/3597/900 1267/3598/900 1266/3599/900 1263/3600/900
usemtl common_rough_steel
f 1264/3601/901 1269/3602/901 1268/3603/901 1260/3604/901
usemtl common_steel_painted_norivets
f 1262/3605/902 1266/3606/902 1267/3607/902 1254/3608/902
f 1254/3609/903 1267/3610/903 1268/3611/903 1256/3612/903
usemtl common_rough_steel
f 1256/3613/904 1268/3614/904 1269/3615/904 1265/3616/904
f 1265/3617/905 1269/3618/905 1270/3619/905 1257/3620/905
usemtl common_steel_painted_norivets
f 1257/3621/906 1270/3622/906 1271/3623/906 1255/3624/906
f 1255/3625/907 1271/3626/907 1266/3627/907 1262/3628/907
usemtl tracked_motorbike
f 1275/3629/908 1273/3630/908 1272/3631/908 1274/3632/908
f 1278/3633/909 1276/3634/909 1277/3635/909 1279/3636/909
f 1272/3637/910 1273/3638/910 1277/3639/910 1276/3640/910
f 1275/3641/911 1274/3642/911 1278/3643/911 1279/3644/911
f 1274/3645/912 1272/3646/912 1276/3647/912 1278/3648/912
f 1279/3649/913 1277/3650/913 1273/3651/913 1275/3652/913
f 1281/3653/914 1275/3654/914 1274/3655/914 1280/3656/914
f 1284/3657/915 1282/3658/915 1283/3659/915 1285/3660/915
f 1280/3661/916 1274/3662/916 1282/3663/916 1284/3664/916
f 1285/3665/917 1283/3666/917 1275/3667/917 1281/3668/917
f 1289/3669/918 1287/3670/918 1286/3671/918 1288/3672/918
f 1290/3673/919 1278/3674/919 1279/3675/919 1291/3676/919
f 1288/3677/920 1286/3678/920 1278/3679/920 1290/3680/920
f 1291/3681/921 1279/3682/921 1287/3683/921 1289/3684/921
f 1295/3685/922 1293/3686/922 1292/3687/922 1294/3688/922
f 1298/3689/923 1296/3690/923 1297/3691/923 1299/3692/923
f 1292/3693/924 1293/3694/924 1297/3695/924 1296/3696/924
f 1295/3697/925 1294/3698/925 1298/3699/925 1299/3700/925
f 1294/3701/926 1292/3702/926 1296/3703/926 1298/3704/926
f 1299/3705/927 1297/3706/927 1293/3707/927 1295/3708/927
f 1301/3709/928 1295/3710/928 1294/3711/928 1300/3712/928
f 1304/3713/929 1302/3714/929 1303/3715/929 1305/3716/929
f 1300/3717/930 1294/3718/930 1302/3719/930 1304/3720/930
f 1305/3721/931 1303/3722/931 1295/3723/931 1301/3724/931
f 1309/3725/932 1307/3726/932 1306/3727/932 1308/3728/932
f 1310/3729/933 1298/3730/933 1299/3731/933 1311/3732/933
f 1308/3733/934 1306/3734/934 1298/3735/934 1310/3736/934
f 1311/3737/935 1299/3738/935 1307/3739/935 1309/3740/935
usemtl common_steel_norivets
f 1318/3741/936 1316/3742/936 1317/3743/936 1319/3744/936
f 1312/3745/937 1313/3746/937 1317/3747/937 1316/3748/937
f 1314/3749/938 1312/3750/938 1316/3751/938 1318/3752/938
f 1319/3753/939 1317/3754/939 1313/3755/939 1315/3756/939
usemtl tracked_motorbike
f 1320/3757/940 1321/3758/940 1324/3759/940 1323/3760/940
f 1325/3761/941 1324/3762/941 1321/3763/941 1322/3764/941
f 1322/3765/942 1321/3766/942 1320/3767/942 1326/3768/942
f 1327/3769/943 1335/3770/943 1338/3771/943 1331/3772/943
f 1333/3773/944 1337/3774/944 1336/3775/944 1329/3776/944
f 1334/3777/945 1332/3778/945 1328/3779/945 1330/3780/945
f 1330/3781/946 1336/3782/946 1337/3783/946 1334/3784/946
f 1332/3785/947 1338/3786/947 1335/3787/947 1328/3788/947
usemtl common_thingies
f 1342/3789/948 1340/3790/948 1339/3791/948 1341/3792/948
f 1345/3793/949 1343/3794/949 1344/3795/949 1346/3796/949
f 1339/3797/950 1340/3798/950 1344/3799/950 1343/3800/950
f 1342/3801/951 1341/3802/951 1345/3803/951 1346/3804/951
f 1346/3805/952 1344/3806/952 1340/3807/952 1342/3808/952
usemtl tracked_motorbike
f 1329/3809/953 1330/3810/953 1328/3811/953 1327/3812/953
f 1334/3813/954 1333/3814/954 1331/3815/954 1332/3816/954
f 1353/3817/955 1351/3818/955 1352/3819/955 1354/3820/955
f 1347/3821/956 1348/3822/956 1352/3823/956 1351/3824/956
f 1349/3825/957 1347/3826/957 1351/3827/957 1353/3828/957
f 1354/3829/958 1352/3830/958 1348/3831/958 1350/3832/958
f 1358/3833/959 1356/3834/959 1355/3835/959 1357/3836/959
f 1361/3837/960 1359/3838/960 1360/3839/960 1362/3840/960
f 1355/3841/961 1356/3842/961 1360/3843/961 1359/3844/961
f 1358/3845/962 1357/3846/962 1361/3847/962 1362/3848/962
f 1357/3849/963 1355/3850/963 1359/3851/963 1361/3852/963
f 1362/3853/964 1360/3854/964 1356/3855/964 1358/3856/964
usemtl common_cable_and_pipe
f 1366/3857/965 1364/3858/965 1363/3859/965 1365/3860/965
f 1369/3861/966 1367/3862/966 1368/3863/966 1370/3864/966
f 1363/3865/967 1364/3866/967 1368/3867/967 1367/3868/967
f 1366/3869/968 1365/3870/968 1369/3871/968 1370/3872/968
f 1370/3873/969 1368/3874/969 1373/3875/969 1374/3876/969
f 1364/3877/970 1371/3878/970 1373/3879/970 1368/3880/970
f 1372/3881/971 1366/3882/971 1370/3883/971 1374/3884/971
f 1374/3885/972 1373/3886/972 1371/3887/972 1372/3888/972
usemtl common_rough_steel
f 1375/3889/973 1655/3890/973 1654/3891/973 1376/3892/973
usemtl tracked_motorbike2_paint
f 1381/3893/974 1379/3894/974 1380/3895/974 1382/3896/974
usemtl common_steel_painted_norivets
f 1375/3897/975 1376/3898/975 1380/3899/975 1379/3900/975
usemtl tracked_motorbike
f 1386/3901/976 1384/3902/976 1383/3903/976 1385/3904/976
f 1389/3905/977 1387/3906/977 1388/3907/977 1390/3908/977
f 1383/3909/978 1384/3910/978 1388/3911/978 1387/3912/978
f 1385/3913/979 1383/3914/979 1387/3915/979 1389/3916/979
f 1390/3917/980 1388/3918/980 1384/3919/980 1386/3920/980
f 1393/3921/981 1391/3922/981 1385/3923/981 1392/3924/981
f 1395/3925/982 1389/3926/982 1394/3927/982 1396/3928/982
f 1385/3929/983 1391/3930/983 1394/3931/983 1389/3932/983
f 1393/3933/984 1392/3934/984 1395/3935/984 1396/3936/984
f 1392/3937/985 1385/3938/985 1389/3939/985 1395/3940/985
usemtl tracked_motorbike2_paint
f 1398/3941/986 1404/3942/986 1407/3943/986 1397/3944/986
f 1400/3945/987 1406/3946/987 1405/3947/987 1402/3948/987
usemtl common_rough_steel
f 1400/3949/988 1412/3950/988 1411/3951/988 1406/3952/988
f 1405/3953/989 1408/3954/989 1413/3955/989 1402/3956/989
usemtl tracked_motorbike2_paint
f 1402/3957/990 1413/3958/990 1412/3959/990 1400/3960/990
usemtl common_rough_steel
f 1403/3961/991 1409/3962/991 1408/3963/991 1405/3964/991
usemtl tracked_motorbike2_paint
f 1403/3965/992 1405/3966/992 1406/3967/992 1401/3968/992
usemtl common_rough_steel
f 1406/3969/993 1411/3970/993 1410/3971/993 1401/3972/993
usemtl tracked_motorbike2_paint
f 1381/3973/994 1407/3974/994 1404/3975/994 1399/3976/994
usemtl common_rough_steel
f 1404/3977/995 1408/3978/995 1409/3979/995 1399/3980/995
f 1381/3981/996 1410/3982/996 1411/3983/996 1407/3984/996
f 1407/3985/997 1411/3986/997 1412/3987/997 1397/3988/997
usemtl tracked_motorbike2_paint
f 1397/3989/998 1412/3990/998 1413/3991/998 1398/3992/998
usemtl common_rough_steel
f 1398/3993/999 1413/3994/999 1408/3995/999 1404/3996/999
usemtl common_bottom
f 1415/3997/1000 1414/3998/1000 1416/3999/1000 1417/4000/1000
usemtl tracked_motorbike
f 1421/4001/1001 1419/4002/1001 1418/4003/1001 1420/4004/1001
f 1424/4005/1002 1422/4006/1002 1423/4007/1002 1425/4008/1002
f 1418/4009/1003 1419/4010/1003 1423/4011/1003 1422/4012/1003
f 1421/4013/1004 1420/4014/1004 1424/4015/1004 1425/4016/1004
f 1420/4017/1005 1418/4018/1005 1422/4019/1005 1424/4020/1005
f 1425/4021/1006 1423/4022/1006 1419/4023/1006 1421/4024/1006
f 1429/4025/1007 1427/4026/1007 1426/4027/1007 1428/4028/1007
f 1432/4029/1008 1430/4030/1008 1431/4031/1008 1433/4032/1008
f 1426/4033/1009 1427/4034/1009 1431/4035/1009 1430/4036/1009
f 1429/4037/1010 1428/4038/1010 1432/4039/1010 1433/4040/1010
f 1428/4041/1011 1426/4042/1011 1430/4043/1011 1432/4044/1011
f 1433/4045/1012 1431/4046/1012 1427/4047/1012 1429/4048/1012
usemtl common_steel_norivets
f 1437/4049/1013 1435/4050/1013 1434/4051/1013 1436/4052/1013
f 1440/4053/1014 1438/4054/1014 1439/4055/1014 1441/4056/1014
usemtl tracked_motorbike
f 1434/4057/1015 1435/4058/1015 1439/4059/1015 1438/4060/1015
usemtl common_rough_steel
f 1443/4061/1016 1455/4062/1016 1454/4063/1016 1450/4064/1016
f 1447/4065/1017 1456/4066/1017 1455/4067/1017 1443/4068/1017
f 1446/4069/1018 1452/4070/1018 1451/4071/1018 1442/4072/1018
f 1443/4073/1019 1450/4074/1019 1453/4075/1019 1447/4076/1019
f 1450/4077/1020 1454/4078/1020 1457/4079/1020 1445/4080/1020
f 1444/4081/1021 1451/4082/1021 1452/4083/1021 1448/4084/1021
f 1449/4085/1022 1453/4086/1022 1450/4087/1022 1445/4088/1022
f 1451/4089/1023 1454/4090/1023 1455/4091/1023 1442/4092/1023
f 1442/4093/1024 1455/4094/1024 1456/4095/1024 1446/4096/1024
f 1444/4097/1025 1457/4098/1025 1454/4099/1025 1451/4100/1025
f 1470/4101/1026 1471/4102/1026 1459/4103/1026 1466/4104/1026
f 1471/4105/1027 1472/4106/1027 1463/4107/1027 1459/4108/1027
f 1467/4109/1028 1468/4110/1028 1462/4111/1028 1458/4112/1028
f 1469/4113/1029 1466/4114/1029 1459/4115/1029 1463/4116/1029
f 1473/4117/1030 1470/4118/1030 1466/4119/1030 1461/4120/1030
f 1468/4121/1031 1467/4122/1031 1460/4123/1031 1464/4124/1031
f 1466/4125/1032 1469/4126/1032 1465/4127/1032 1461/4128/1032
f 1471/4129/1033 1470/4130/1033 1467/4131/1033 1458/4132/1033
f 1472/4133/1034 1471/4134/1034 1458/4135/1034 1462/4136/1034
f 1470/4137/1035 1473/4138/1035 1460/4139/1035 1467/4140/1035
usemtl tracked_motorbike
f 1474/4141/1036 1482/4142/1036 1485/4143/1036 1475/4144/1036
f 1479/4145/1037 1484/4146/1037 1483/4147/1037 1478/4148/1037
f 1483/4149/1038 1486/4150/1038 1488/4151/1038 1478/4152/1038
f 1480/4153/1039 1487/4154/1039 1486/4155/1039 1483/4156/1039
f 1480/4157/1040 1483/4158/1040 1484/4159/1040 1481/4160/1040
f 1477/4161/1041 1485/4162/1041 1482/4163/1041 1476/4164/1041
f 1482/4165/1042 1486/4166/1042 1487/4167/1042 1476/4168/1042
f 1474/4169/1043 1488/4170/1043 1486/4171/1043 1482/4172/1043
usemtl common_thingies
f 1495/4173/1044 1493/4174/1044 1494/4175/1044 1496/4176/1044
f 1489/4177/1045 1490/4178/1045 1494/4179/1045 1493/4180/1045
f 1492/4181/1046 1491/4182/1046 1495/4183/1046 1496/4184/1046
f 1491/4185/1047 1489/4186/1047 1493/4187/1047 1495/4188/1047
f 1496/4189/1048 1494/4190/1048 1490/4191/1048 1492/4192/1048
usemtl common_steel_norivets
f 1497/4193/1049 1514/4194/1049 1513/4195/1049 1507/4196/1049
f 1510/4197/1050 1516/4198/1050 1515/4199/1050 1501/4200/1050
f 1498/4201/1051 1512/4202/1051 1511/4203/1051 1505/4204/1051
f 1505/4205/1052 1511/4206/1052 1517/4207/1052 1502/4208/1052
f 1507/4209/1053 1513/4210/1053 1512/4211/1053 1498/4212/1053
f 1502/4213/1054 1517/4214/1054 1516/4215/1054 1510/4216/1054
f 1506/4217/1055 1511/4218/1055 1512/4219/1055 1500/4220/1055
f 1500/4221/1056 1512/4222/1056 1513/4223/1056 1508/4224/1056
f 1508/4225/1057 1513/4226/1057 1514/4227/1057 1499/4228/1057
f 1503/4229/1058 1515/4230/1058 1516/4231/1058 1509/4232/1058
f 1509/4233/1059 1516/4234/1059 1517/4235/1059 1504/4236/1059
f 1504/4237/1060 1517/4238/1060 1511/4239/1060 1506/4240/1060
usemtl tracked_motorbike
f 1524/4241/1061 1522/4242/1061 1523/4243/1061 1525/4244/1061
f 1518/4245/1062 1519/4246/1062 1523/4247/1062 1522/4248/1062
f 1520/4249/1063 1518/4250/1063 1522/4251/1063 1524/4252/1063
f 1525/4253/1064 1523/4254/1064 1519/4255/1064 1521/4256/1064
f 1529/4257/1065 1527/4258/1065 1526/4259/1065 1528/4260/1065
f 1532/4261/1066 1530/4262/1066 1531/4263/1066 1533/4264/1066
f 1526/4265/1067 1527/4266/1067 1531/4267/1067 1530/4268/1067
f 1528/4269/1068 1526/4270/1068 1530/4271/1068 1532/4272/1068
f 1533/4273/1069 1531/4274/1069 1527/4275/1069 1529/4276/1069
f 1537/4277/1070 1535/4278/1070 1534/4279/1070 1536/4280/1070
f 1504/4281/1071 1538/4282/1071 1539/4283/1071 1540/4284/1071
f 1534/4285/1072 1535/4286/1072 1539/4287/1072 1538/4288/1072
f 1536/4289/1073 1534/4290/1073 1538/4291/1073 1504/4292/1073
f 1540/4293/1074 1539/4294/1074 1535/4295/1074 1537/4296/1074
f 1544/4297/1075 1542/4298/1075 1541/4299/1075 1543/4300/1075
f 1547/4301/1076 1545/4302/1076 1546/4303/1076 1548/4304/1076
f 1541/4305/1077 1542/4306/1077 1546/4307/1077 1545/4308/1077
f 1543/4309/1078 1541/4310/1078 1545/4311/1078 1547/4312/1078
f 1548/4313/1079 1546/4314/1079 1542/4315/1079 1544/4316/1079
usemtl common_steel_norivets
f 1552/4317/1080 1550/4318/1080 1549/4319/1080 1551/4320/1080
f 1555/4321/1081 1553/4322/1081 1554/4323/1081 1556/4324/1081
f 1549/4325/1082 1550/4326/1082 1554/4327/1082 1553/4328/1082
f 1552/4329/1083 1551/4330/1083 1555/4331/1083 1556/4332/1083
usemtl common_thingies
f 1560/4333/1084 1558/4334/1084 1557/4335/1084 1559/4336/1084
f 1563/4337/1085 1561/4338/1085 1562/4339/1085 1564/4340/1085
f 1557/4341/1086 1558/4342/1086 1562/4343/1086 1561/4344/1086
f 1560/4345/1087 1559/4346/1087 1563/4347/1087 1564/4348/1087
f 1559/4349/1088 1557/4350/1088 1561/4351/1088 1563/4352/1088
f 1564/4353/1089 1562/4354/1089 1558/4355/1089 1560/4356/1089
usemtl tracked_motorbike2_paint
f 1155/4357/1090 1570/4358/1090 1573/4359/1090 1565/4360/1090
f 1424/4361/1091 1572/4362/1091 1571/4363/1091 1254/4364/1091
usemtl common_steel_painted_norivets
f 1254/4365/1092 1579/4366/1092 1578/4367/1092 1424/4368/1092
usemtl tracked_motorbike2_paint
f 1571/4369/1093 1574/4370/1093 1579/4371/1093 1254/4372/1093
usemtl common_bottom
f 1424/4373/1094 1578/4374/1094 1577/4375/1094 1572/4376/1094
usemtl tracked_motorbike2_paint
f 1568/4377/1095 1575/4378/1095 1574/4379/1095 1571/4380/1095
f 1568/4381/1096 1571/4382/1096 1572/4383/1096 1569/4384/1096
usemtl common_bottom
f 1572/4385/1097 1577/4386/1097 1576/4387/1097 1569/4388/1097
usemtl tracked_motorbike2_paint
f 1567/4389/1098 1573/4390/1098 1570/4391/1098 1566/4392/1098
f 1570/4393/1099 1574/4394/1099 1575/4395/1099 1566/4396/1099
usemtl common_bottom
f 1567/4397/1100 1576/4398/1100 1577/4399/1100 1573/4400/1100
f 1573/4401/1101 1577/4402/1101 1578/4403/1101 1565/4404/1101
usemtl common_steel_painted_norivets
f 1565/4405/1102 1578/4406/1102 1579/4407/1102 1155/4408/1102
usemtl tracked_motorbike2_paint
f 1155/4409/1103 1579/4410/1103 1574/4411/1103 1570/4412/1103
f 1581/4413/1104 1584/4414/1104 1583/4415/1104 1580/4416/1104
f 1382/4417/1105 1583/4418/1105 1584/4419/1105 1582/4420/1105
f 1580/4421/1106 1380/4422/1106 1586/4423/1106 1581/4424/1106
f 1588/4425/1107 1433/4426/1107 1587/4427/1107 1589/4428/1107
f 1433/4429/1108 1591/4430/1108 1590/4431/1108 1587/4432/1108
usemtl common_bottom
f 1588/4433/1109 1592/4434/1109 1591/4435/1109 1433/4436/1109
usemtl tracked_motorbike2_paint
f 1587/4437/1110 1590/4438/1110 1593/4439/1110 1589/4440/1110
f 1380/4441/1111 1590/4442/1111 1591/4443/1111 1586/4444/1111
f 1580/4445/1112 1593/4446/1112 1590/4447/1112 1380/4448/1112
usemtl common_bottom
f 1586/4449/1113 1591/4450/1113 1592/4451/1113 1581/4452/1113
f 1598/4453/1114 1601/4454/1114 1605/4455/1114 1594/4456/1114
usemtl tracked_motorbike2_paint
f 1586/4457/1115 1163/4458/1115 1604/4459/1115 1599/4460/1115
usemtl common_steel_painted_norivets
f 1594/4461/1116 1605/4462/1116 1163/4463/1116 1586/4464/1116
usemtl common_bottom
f 1415/4465/1117 1602/4466/1117 1601/4467/1117 1598/4468/1117
usemtl tracked_motorbike2_paint
f 1599/4469/1118 1604/4470/1118 1603/4471/1118 1582/4472/1118
usemtl common_bottom
f 1597/4473/1119 1601/4474/1119 1602/4475/1119 1596/4476/1119
usemtl tracked_motorbike2_paint
f 1567/4477/1120 1603/4478/1120 1604/4479/1120 1600/4480/1120
f 1600/4481/1121 1604/4482/1121 1163/4483/1121 1565/4484/1121
usemtl common_steel_painted_norivets
f 1565/4485/1122 1163/4486/1122 1605/4487/1122 1595/4488/1122
usemtl common_bottom
f 1595/4489/1123 1605/4490/1123 1601/4491/1123 1597/4492/1123
usemtl tracked_motorbike2_paint
f 1585/4493/1124 1607/4494/1124 1606/4495/1124 1378/4496/1124
f 1566/4497/1125 1609/4498/1125 1608/4499/1125 1397/4500/1125
f 1612/4501/1126 1610/4502/1126 1611/4503/1126 1613/4504/1126
usemtl common_steel_painted_norivets
f 1608/4505/1127 1609/4506/1127 1611/4507/1127 1610/4508/1127
usemtl tracked_motorbike2_paint
f 1397/4509/1128 1608/4510/1128 1610/4511/1128 1612/4512/1128
usemtl common_rough_steel
f 1614/4513/1129 1657/4514/1129 1656/4515/1129 1615/4516/1129
usemtl tracked_motorbike2_paint
f 1618/4517/1130 1587/4518/1130 1617/4519/1130 1401/4520/1130
usemtl common_steel_painted_norivets
f 1614/4521/1131 1615/4522/1131 1617/4523/1131 1587/4524/1131
usemtl tracked_motorbike2_paint
f 1589/4525/1132 1621/4526/1132 1620/4527/1132 1588/4528/1132
f 1619/4529/1133 1620/4530/1133 1621/4531/1133 1618/4532/1133
usemtl common_bottom
f 1626/4533/1134 1629/4534/1134 1634/4535/1134 1622/4536/1134
usemtl tracked_motorbike2_paint
f 1424/4537/1135 1633/4538/1135 1632/4539/1135 1627/4540/1135
usemtl common_steel_painted_norivets
f 1622/4541/1136 1634/4542/1136 1633/4543/1136 1424/4544/1136
usemtl common_bottom
f 1624/4545/1137 1630/4546/1137 1629/4547/1137 1626/4548/1137
usemtl tracked_motorbike2_paint
f 1627/4549/1138 1632/4550/1138 1631/4551/1138 1569/4552/1138
usemtl common_bottom
f 1625/4553/1139 1629/4554/1139 1630/4555/1139 1417/4556/1139
usemtl tracked_motorbike2_paint
f 1619/4557/1140 1631/4558/1140 1632/4559/1140 1628/4560/1140
f 1628/4561/1141 1632/4562/1141 1633/4563/1141 1433/4564/1141
usemtl common_steel_painted_norivets
f 1433/4565/1142 1633/4566/1142 1634/4567/1142 1623/4568/1142
usemtl common_bottom
f 1623/4569/1143 1634/4570/1143 1629/4571/1143 1625/4572/1143
usemtl tracked_motorbike2_paint
f 1638/4573/1144 1636/4574/1144 1635/4575/1144 1637/4576/1144
usemtl common_steel_painted_norivets
f 1635/4577/1145 1636/4578/1145 1640/4579/1145 1639/4580/1145
usemtl tracked_motorbike2_paint
f 1637/4581/1146 1635/4582/1146 1639/4583/1146 1400/4584/1146
f 1400/4585/1147 1639/4586/1147 1640/4587/1147 1568/4588/1147
usemtl common_thingies
f 1646/4589/1148 1644/4590/1148 1645/4591/1148 1647/4592/1148
f 1641/4593/1149 1642/4594/1149 1645/4595/1149 1644/4596/1149
f 1643/4597/1150 1641/4598/1150 1644/4599/1150 1646/4600/1150
f 1652/4601/1151 1649/4602/1151 1648/4603/1151 1651/4604/1151
f 1651/4605/1152 1648/4606/1152 1650/4607/1152 1653/4608/1152
usemtl common_rough_steel
f 1378/4609/1153 1654/4610/1153 1655/4611/1153 1377/4612/1153
f 1616/4613/1154 1656/4614/1154 1657/4615/1154 1585/4616/1154
usemtl tracked_motorbike
f 1658/4617/1155 1659/4618/1155 1663/4619/1155 1662/4620/1155
f 1661/4621/1156 1660/4622/1156 1664/4623/1156 1665/4624/1156
f 1665/4625/1157 1663/4626/1157 1659/4627/1157 1661/4628/1157
usemtl tracked_motorbike2_paint
f 1668/4629/1158 1670/4630/1158 1673/4631/1158 1617/4632/1158
usemtl common_steel_painted_norivets
f 1666/4633/1159 1678/4634/1159 1677/4635/1159 1379/4636/1159
usemtl common_rough_steel
f 1399/4637/1160 1409/4638/1160 1675/4639/1160 1667/4640/1160
f 1379/4641/1161 1677/4642/1161 1676/4643/1161 1672/4644/1161
usemtl tracked_motorbike2_paint
f 1671/4645/1162 1674/4646/1162 1678/4647/1162 1666/4648/1162
f 1667/4649/1163 1675/4650/1163 1674/4651/1163 1671/4652/1163
usemtl common_rough_steel
f 1672/4653/1164 1676/4654/1164 1409/4655/1164 1399/4656/1164
usemtl tracked_motorbike2_paint
f 1403/4657/1165 1673/4658/1165 1670/4659/1165 1669/4660/1165
f 1670/4661/1166 1674/4662/1166 1675/4663/1166 1669/4664/1166
usemtl common_rough_steel
f 1669/4665/1167 1675/4666/1167 1409/4667/1167 1403/4668/1167
f 1403/4669/1168 1409/4670/1168 1676/4671/1168 1673/4672/1168
f 1673/4673/1169 1676/4674/1169 1677/4675/1169 1617/4676/1169
usemtl common_steel_painted_norivets
f 1617/4677/1170 1677/4678/1170 1678/4679/1170 1668/4680/1170
usemtl tracked_motorbike2_paint
f 1668/4681/1171 1678/4682/1171 1674/4683/1171 1670/4684/1171
f 1667/4685/1172 1671/4686/1172 1672/4687/1172 1399/4688/1172
f 1379/4689/1173 1672/4690/1173 1671/4691/1173 1666/4692/1173
usemtl common_steel_painted_norivets
f 1680/4693/1174 1681/4694/1174 1683/4695/1174 1682/4696/1174
f 1685/4697/1175 1684/4698/1175 1686/4699/1175 1687/4700/1175
usemtl common_steel_painted
f 1688/4701/1176 1689/4702/1176 1684/4703/1176 1685/4704/1176
usemtl common_steel_norivets
f 1690/4705/1177 1679/4706/1177 1687/4707/1177 1686/4708/1177
usemtl common_steel_painted_norivets
f 1679/4709/1178 1688/4710/1178 1685/4711/1178 1687/4712/1178
f 1689/4713/1179 1688/4714/1179 1681/4715/1179 1680/4716/1179
usemtl common_steel_norivets
f 1679/4717/1180 1690/4718/1180 1682/4719/1180 1683/4720/1180
usemtl common_steel_painted_norivets
f 1688/4721/1181 1679/4722/1181 1683/4723/1181 1681/4724/1181
f 1259/4725/1182 1680/4726/1182 1682/4727/1182 1261/4728/1182
f 1684/4729/1183 1257/4730/1183 1691/4731/1183 1686/4732/1183
usemtl common_steel_painted
f 1689/4733/1184 1692/4734/1184 1257/4735/1184 1684/4736/1184
usemtl common_steel_norivets
f 1693/4737/1185 1690/4738/1185 1686/4739/1185 1691/4740/1185
usemtl common_steel_painted_norivets
f 1692/4741/1186 1689/4742/1186 1680/4743/1186 1259/4744/1186
usemtl common_rough_steel
f 1690/4745/1187 1693/4746/1187 1261/4747/1187 1682/4748/1187
usemtl common_steel_painted_norivets
f 1694/4749/1188 1695/4750/1188 1697/4751/1188 1696/4752/1188
usemtl common_steel_painted
f 1699/4753/1189 1698/4754/1189 1700/4755/1189 1701/4756/1189
usemtl common_steel_painted_norivets
f 1702/4757/1190 1703/4758/1190 1698/4759/1190 1699/4760/1190
usemtl common_steel_norivets
f 1704/4761/1191 1705/4762/1191 1701/4763/1191 1700/4764/1191
usemtl common_steel_painted_norivets
f 1705/4765/1192 1702/4766/1192 1699/4767/1192 1701/4768/1192
usemtl common_steel_painted
f 1703/4769/1193 1702/4770/1193 1695/4771/1193 1694/4772/1193
usemtl common_steel_norivets
f 1705/4773/1194 1704/4774/1194 1696/4775/1194 1697/4776/1194
usemtl common_steel_painted_norivets
f 1702/4777/1195 1705/4778/1195 1697/4779/1195 1695/4780/1195
usemtl common_steel_painted
f 1706/4781/1196 1700/4782/1196 1698/4783/1196 1707/4784/1196
usemtl common_steel_painted_norivets
f 1696/4785/1197 1708/4786/1197 1709/4787/1197 1694/4788/1197
usemtl common_steel_norivets
f 1704/4789/1198 1710/4790/1198 1708/4791/1198 1696/4792/1198
usemtl common_steel_painted
f 1711/4793/1199 1703/4794/1199 1694/4795/1199 1709/4796/1199
usemtl common_rough_steel
f 1710/4797/1200 1704/4798/1200 1700/4799/1200 1706/4800/1200
usemtl common_steel_painted_norivets
f 1703/4801/1201 1711/4802/1201 1707/4803/1201 1698/4804/1201
f 1716/4805/1202 1714/4806/1202 1713/4807/1202 1715/4808/1202
f 1719/4809/1203 1717/4810/1203 1718/4811/1203 1720/4812/1203
usemtl common_steel_painted
f 1717/4813/1204 1722/4814/1204 1721/4815/1204 1718/4816/1204
usemtl common_steel_norivets
f 1720/4817/1205 1712/4818/1205 1723/4819/1205 1719/4820/1205
usemtl common_steel_painted_norivets
f 1718/4821/1206 1721/4822/1206 1712/4823/1206 1720/4824/1206
f 1714/4825/1207 1721/4826/1207 1722/4827/1207 1713/4828/1207
usemtl common_steel_norivets
f 1715/4829/1208 1723/4830/1208 1712/4831/1208 1716/4832/1208
usemtl common_steel_painted_norivets
f 1716/4833/1209 1712/4834/1209 1721/4835/1209 1714/4836/1209
f 1715/4837/1210 1713/4838/1210 1160/4839/1210 1162/4840/1210
f 1724/4841/1211 1158/4842/1211 1717/4843/1211 1719/4844/1211
usemtl common_steel_painted
f 1158/4845/1212 1725/4846/1212 1722/4847/1212 1717/4848/1212
usemtl common_steel_norivets
f 1719/4849/1213 1723/4850/1213 1726/4851/1213 1724/4852/1213
usemtl common_steel_painted_norivets
f 1713/4853/1214 1722/4854/1214 1725/4855/1214 1160/4856/1214
usemtl common_rough_steel
f 1162/4857/1215 1726/4858/1215 1723/4859/1215 1715/4860/1215
usemtl common_steel_painted_norivets
f 1730/4861/1216 1728/4862/1216 1727/4863/1216 1729/4864/1216
f 1733/4865/1217 1731/4866/1217 1732/4867/1217 1734/4868/1217
f 1731/4869/1218 1736/4870/1218 1735/4871/1218 1732/4872/1218
usemtl common_steel_norivets
f 1734/4873/1219 1738/4874/1219 1737/4875/1219 1733/4876/1219
usemtl common_steel_painted_norivets
f 1732/4877/1220 1735/4878/1220 1738/4879/1220 1734/4880/1220
usemtl common_steel_painted
f 1728/4881/1221 1735/4882/1221 1736/4883/1221 1727/4884/1221
usemtl common_steel_norivets
f 1729/4885/1222 1737/4886/1222 1738/4887/1222 1730/4888/1222
usemtl common_steel_painted_norivets
f 1730/4889/1223 1738/4890/1223 1735/4891/1223 1728/4892/1223
f 1731/4893/1224 1733/4894/1224 1739/4895/1224 1740/4896/1224
f 1742/4897/1225 1741/4898/1225 1729/4899/1225 1727/4900/1225
usemtl common_steel_norivets
f 1741/4901/1226 1743/4902/1226 1737/4903/1226 1729/4904/1226
usemtl common_steel_painted
f 1727/4905/1227 1736/4906/1227 1744/4907/1227 1742/4908/1227
usemtl common_rough_steel
f 1733/4909/1228 1737/4910/1228 1743/4911/1228 1739/4912/1228
usemtl common_steel_painted_norivets
f 1740/4913/1229 1744/4914/1229 1736/4915/1229 1731/4916/1229
usemtl tracked_motorbike2
f 1748/4917/1230 1746/4918/1230 1745/4919/1230 1747/4920/1230
f 1751/4921/1231 1749/4922/1231 1750/4923/1231 1752/4924/1231
f 1747/4925/1232 1745/4926/1232 1749/4927/1232 1751/4928/1232
f 1752/4929/1233 1750/4930/1233 1746/4931/1233 1748/4932/1233
f 1756/4933/1234 1754/4934/1234 1753/4935/1234 1755/4936/1234
f 1759/4937/1235 1757/4938/1235 1758/4939/1235 1760/4940/1235
f 1755/4941/1236 1753/4942/1236 1757/4943/1236 1759/4944/1236
f 1760/4945/1237 1758/4946/1237 1754/4947/1237 1756/4948/1237
usemtl tracked_motorbike2_paint
f 1764/4949/1238 1762/4950/1238 1761/4951/1238 1763/4952/1238
f 1767/4953/1239 1765/4954/1239 1766/4955/1239 1768/4956/1239
f 1761/4957/1240 1762/4958/1240 1766/4959/1240 1765/4960/1240
usemtl tracked_motorbike2
f 1764/4961/1241 1763/4962/1241 1767/4963/1241 1768/4964/1241
usemtl tracked_motorbike2_paint
f 1763/4965/1242 1761/4966/1242 1765/4967/1242 1767/4968/1242
f 1768/4969/1243 1766/4970/1243 1762/4971/1243 1764/4972/1243
usemtl tracked_motorbike
f 1774/4973/1244 1770/4974/1244 1769/4975/1244 1773/4976/1244
f 1775/4977/1245 1771/4978/1245 1772/4979/1245 1776/4980/1245
f 1770/4981/1246 1774/4982/1246 1776/4983/1246 1772/4984/1246
usemtl common_thingies
f 1780/4985/1247 1778/4986/1247 1777/4987/1247 1779/4988/1247
f 1783/4989/1248 1781/4990/1248 1782/4991/1248 1784/4992/1248
f 1780/4993/1249 1779/4994/1249 1783/4995/1249 1784/4996/1249
f 1779/4997/1250 1777/4998/1250 1781/4999/1250 1783/5000/1250
f 1784/5001/1251 1782/5002/1251 1778/5003/1251 1780/5004/1251
f 1788/5005/1252 1786/5006/1252 1785/5007/1252 1787/5008/1252
f 1791/5009/1253 1789/5010/1253 1790/5011/1253 1792/5012/1253
f 1788/5013/1254 1787/5014/1254 1791/5015/1254 1792/5016/1254
f 1787/5017/1255 1785/5018/1255 1789/5019/1255 1791/5020/1255
f 1792/5021/1256 1790/5022/1256 1786/5023/1256 1788/5024/1256
o RightWheelRear2
v 0.875 1.0625 -0.125
v 0.875 1.0625 -0.5
v 0.875 0.6875 -0.125
v 0.875 0.6875 -0.5
v 0.75 1.0625 -0.125
v 0.75 1.0625 -0.5
v 0.75 0.6875 -0.125
v 0.75 0.6875 -0.5
v 1 1.1623 -0.1578
v 1 1.0297 -0.0252
v 1 1.2065 -0.1136
v 1 1.0739 0.019
v 0.625 1.1623 -0.1578
v 0.625 1.0297 -0.0252
v 0.625 1.2065 -0.1136
v 0.625 1.0739 0.019
v 1 0.5877 -0.1578
v 1 0.7203 -0.0252
v 1 0.5435 -0.1136
v 1 0.6761 0.019
v 0.625 0.5877 -0.1578
v 0.625 0.7203 -0.0252
v 0.625 0.5435 -0.1136
v 0.625 0.6761 0.019
v 1 0.5877 -0.4672
v 1 0.7203 -0.5998
v 1 0.5435 -0.5114
v 1 0.6761 -0.644
v 0.625 0.5877 -0.4672
v 0.625 0.7203 -0.5998
v 0.625 0.5435 -0.5114
v 0.625 0.6761 -0.644
v 1 1.1623 -0.4672
v 1 1.0297 -0.5998
v 1 1.2065 -0.5114
v 1 1.0739 -0.644
v 0.625 1.1623 -0.4672
v 0.625 1.0297 -0.5998
v 0.625 1.2065 -0.5114
v 0.625 1.0739 -0.644
v 1 0.9687 0
v 1 0.7813 0
v 1 0.9687 0.0625
v 1 0.7813 0.0625
v 0.625 0.9687 0
v 0.625 0.7813 0
v 0.625 0.9687 0.0625
v 0.625 0.7813 0.0625
v 1 0.5625 -0.4062
v 1 0.5625 -0.2188
v 1 0.5 -0.4062
v 1 0.5 -0.2188
v 0.625 0.5625 -0.4062
v 0.625 0.5625 -0.2188
v 0.625 0.5 -0.4062
v 0.625 0.5 -0.2188
v 1 0.7813 -0.625
v 1 0.9687 -0.625
v 1 0.7813 -0.6875
v 1 0.9687 -0.6875
v 0.625 0.7813 -0.625
v 0.625 0.9687 -0.625
v 0.625 0.7813 -0.6875
v 0.625 0.9687 -0.6875
v 1 1.1875 -0.2188
v 1 1.1875 -0.4062
v 1 1.25 -0.2188
v 1 1.25 -0.4062
v 0.625 1.1875 -0.2188
v 0.625 1.1875 -0.4062
v 0.625 1.25 -0.2188
v 0.625 1.25 -0.4062
v 0.875 1 -0.625
v 0.875 1.1875 -0.4375
v 0.875 0.75 -0.625
v 0.875 0.5625 -0.4375
v 0.9375 1 -0.625
v 0.9375 1.1875 -0.4375
v 0.9375 0.75 -0.625
v 0.9375 0.5625 -0.4375
v 0.9375 1.1875 -0.1875
v 0.9375 1.1875 -0.4375
v 0.9375 0.5625 -0.1875
v 0.9375 0.5625 -0.4375
v 0.875 1.1875 -0.1875
v 0.875 1.1875 -0.4375
v 0.875 0.5625 -0.1875
v 0.875 0.5625 -0.4375
v 0.9375 1 0
v 0.9375 1.1875 -0.1875
v 0.9375 0.75 0
v 0.9375 0.5625 -0.1875
v 0.875 1 0
v 0.875 1.1875 -0.1875
v 0.875 0.75 0
v 0.875 0.5625 -0.1875
v 0.6875 1 -0.625
v 0.6875 1.1875 -0.4375
v 0.6875 0.75 -0.625
v 0.6875 0.5625 -0.4375
v 0.75 1 -0.625
v 0.75 1.1875 -0.4375
v 0.75 0.75 -0.625
v 0.75 0.5625 -0.4375
v 0.75 1.1875 -0.1875
v 0.75 1.1875 -0.4375
v 0.75 0.5625 -0.1875
v 0.75 0.5625 -0.4375
v 0.6875 1.1875 -0.1875
v 0.6875 1.1875 -0.4375
v 0.6875 0.5625 -0.1875
v 0.6875 0.5625 -0.4375
v 0.75 1 0
v 0.75 1.1875 -0.1875
v 0.75 0.75 0
v 0.75 0.5625 -0.1875
v 0.6875 1 0
v 0.6875 1.1875 -0.1875
v 0.6875 0.75 0
v 0.6875 0.5625 -0.1875
v 1 1.0625 -0.125
v 1 1.0625 -0.5
v 1 0.6875 -0.125
v 1 0.6875 -0.5
v 0.9375 1.0625 -0.125
v 0.9375 1.0625 -0.5
v 0.9375 0.6875 -0.125
v 0.9375 0.6875 -0.5
v 0.625 1.0625 -0.125
v 0.625 1.0625 -0.5
v 0.625 0.6875 -0.125
v 0.625 0.6875 -0.5
v 0.6875 1.0625 -0.125
v 0.6875 1.0625 -0.5
v 0.6875 0.6875 -0.125
v 0.6875 0.6875 -0.5
vt 0.0625 0.6875
vt 0.0625 0.5
vt 0 0.5
vt 0 0.6875
vt 0.0625 0.6875
vt 0.0625 0.5
vt 0 0.5
vt 0 0.6875
vt 0.0625 0.5
vt 0.0625 0.6875
vt 0 0.6875
vt 0 0.5
vt 0.0625 0.6875
vt 0.0625 0.5
vt 0 0.5
vt 0 0.6875
vt 0.8125 0.6875
vt 0.8125 0.7188
vt 0.9375 0.7188
vt 0.9375 0.6875
vt 0.9375 0.9063
vt 0.9375 0.9375
vt 0.8125 0.9375
vt 0.8125 0.9063
vt 0.9375 0.6875
vt 0.8125 0.6875
vt 0.8125 0.9375
vt 0.9375 0.9375
vt 0.8125 0.6875
vt 0.9375 0.6875
vt 0.9375 0.9375
vt 0.8125 0.9375
vt 0.9375 0.6875
vt 0.9063 0.6875
vt 0.9063 0.9375
vt 0.9375 0.9375
vt 0.8125 0.9375
vt 0.8438 0.9375
vt 0.8438 0.6875
vt 0.8125 0.6875
vt 0.9375 0.7188
vt 0.8125 0.7188
vt 0.8125 0.6875
vt 0.9375 0.6875
vt 0.8125 0.9375
vt 0.9375 0.9375
vt 0.9375 0.9063
vt 0.8125 0.9063
vt 0.8125 0.9375
vt 0.8125 0.6875
vt 0.9375 0.6875
vt 0.9375 0.9375
vt 0.9375 0.9375
vt 0.9375 0.6875
vt 0.8125 0.6875
vt 0.8125 0.9375
vt 0.9063 0.9375
vt 0.9063 0.6875
vt 0.9375 0.6875
vt 0.9375 0.9375
vt 0.8438 0.6875
vt 0.8438 0.9375
vt 0.8125 0.9375
vt 0.8125 0.6875
vt 0.8125 0.6875
vt 0.8125 0.7188
vt 0.9375 0.7188
vt 0.9375 0.6875
vt 0.9375 0.9063
vt 0.9375 0.9375
vt 0.8125 0.9375
vt 0.8125 0.9063
vt 0.9375 0.6875
vt 0.8125 0.6875
vt 0.8125 0.9375
vt 0.9375 0.9375
vt 0.8125 0.6875
vt 0.9375 0.6875
vt 0.9375 0.9375
vt 0.8125 0.9375
vt 0.9375 0.6875
vt 0.9063 0.6875
vt 0.9063 0.9375
vt 0.9375 0.9375
vt 0.8125 0.9375
vt 0.8438 0.9375
vt 0.8438 0.6875
vt 0.8125 0.6875
vt 0.9375 0.7188
vt 0.8125 0.7188
vt 0.8125 0.6875
vt 0.9375 0.6875
vt 0.8125 0.9375
vt 0.9375 0.9375
vt 0.9375 0.9063
vt 0.8125 0.9063
vt 0.8125 0.9375
vt 0.8125 0.6875
vt 0.9375 0.6875
vt 0.9375 0.9375
vt 0.9375 0.9375
vt 0.9375 0.6875
vt 0.8125 0.6875
vt 0.8125 0.9375
vt 0.9063 0.9375
vt 0.9063 0.6875
vt 0.9375 0.6875
vt 0.9375 0.9375
vt 0.8438 0.6875
vt 0.8438 0.9375
vt 0.8125 0.9375
vt 0.8125 0.6875
vt 0.8125 0.6875
vt 0.8125 0.7188
vt 0.9375 0.7188
vt 0.9375 0.6875
vt 0.9375 0.9063
vt 0.9375 0.9375
vt 0.8125 0.9375
vt 0.8125 0.9063
vt 0.9375 0.6875
vt 0.8125 0.6875
vt 0.8125 0.9375
vt 0.9375 0.9375
vt 0.8125 0.6875
vt 0.9375 0.6875
vt 0.9375 0.9375
vt 0.8125 0.9375
vt 0.9375 0.6875
vt 0.9063 0.6875
vt 0.9063 0.9375
vt 0.9375 0.9375
vt 0.8125 0.9375
vt 0.8438 0.9375
vt 0.8438 0.6875
vt 0.8125 0.6875
vt 0.9375 0.7188
vt 0.8125 0.7188
vt 0.8125 0.6875
vt 0.9375 0.6875
vt 0.8125 0.9375
vt 0.9375 0.9375
vt 0.9375 0.9063
vt 0.8125 0.9063
vt 0.8125 0.9375
vt 0.8125 0.6875
vt 0.9375 0.6875
vt 0.9375 0.9375
vt 0.9375 0.9375
vt 0.9375 0.6875
vt 0.8125 0.6875
vt 0.8125 0.9375
vt 0.9063 0.9375
vt 0.9063 0.6875
vt 0.9375 0.6875
vt 0.9375 0.9375
vt 0.8438 0.6875
vt 0.8438 0.9375
vt 0.8125 0.9375
vt 0.8125 0.6875
vt 0.8125 0.6875
vt 0.8125 0.7188
vt 0.9375 0.7188
vt 0.9375 0.6875
vt 0.9375 0.9063
vt 0.9375 0.9375
vt 0.8125 0.9375
vt 0.8125 0.9063
vt 0.9375 0.6875
vt 0.8125 0.6875
vt 0.8125 0.9375
vt 0.9375 0.9375
vt 0.8125 0.6875
vt 0.9375 0.6875
vt 0.9375 0.9375
vt 0.8125 0.9375
vt 0.9375 0.6875
vt 0.9063 0.6875
vt 0.9063 0.9375
vt 0.9375 0.9375
vt 0.8125 0.9375
vt 0.8438 0.9375
vt 0.8438 0.6875
vt 0.8125 0.6875
vt 0.9375 0.7188
vt 0.8125 0.7188
vt 0.8125 0.6875
vt 0.9375 0.6875
vt 0.8125 0.9375
vt 0.9375 0.9375
vt 0.9375 0.9063
vt 0.8125 0.9063
vt 0.8125 0.9375
vt 0.8125 0.6875
vt 0.9375 0.6875
vt 0.9375 0.9375
vt 0.9375 0.9375
vt 0.9375 0.6875
vt 0.8125 0.6875
vt 0.8125 0.9375
vt 0.9063 0.9375
vt 0.9063 0.6875
vt 0.9375 0.6875
vt 0.9375 0.9375
vt 0.8438 0.6875
vt 0.8438 0.9375
vt 0.8125 0.9375
vt 0.8125 0.6875
vt 0.175 0.5625
vt 0.175 0.9375
vt 0.0625 0.825
vt 0.0625 0.675
vt 0.0625 0.825
vt 0.0625 0.675
vt 0.175 0.5625
vt 0.175 0.9375
vt 0.0938 0.6875
vt 0.0938 0.8125
vt 0.0625 0.8125
vt 0.0625 0.6875
vt 0.0938 0.6875
vt 0.0938 0.8125
vt 0.0625 0.8125
vt 0.0625 0.6875
vt 0.0938 0.6875
vt 0.0938 0.8125
vt 0.0625 0.8125
vt 0.0625 0.6875
vt 0.175 0.9375
vt 0.175 0.5625
vt 0.325 0.5625
vt 0.325 0.9375
vt 0.325 0.5625
vt 0.325 0.9375
vt 0.175 0.9375
vt 0.175 0.5625
vt 0.0938 0.6875
vt 0.0938 0.8125
vt 0.0625 0.8125
vt 0.0625 0.6875
vt 0.0938 0.6875
vt 0.0938 0.8125
vt 0.0625 0.8125
vt 0.0625 0.6875
vt 0.325 0.9375
vt 0.325 0.5625
vt 0.4375 0.675
vt 0.4375 0.825
vt 0.4375 0.675
vt 0.4375 0.825
vt 0.325 0.9375
vt 0.325 0.5625
vt 0.0938 0.6875
vt 0.0938 0.8125
vt 0.0625 0.8125
vt 0.0625 0.6875
vt 0.0938 0.6875
vt 0.0938 0.8125
vt 0.0625 0.8125
vt 0.0625 0.6875
vt 0.0938 0.6875
vt 0.0938 0.8125
vt 0.0625 0.8125
vt 0.0625 0.6875
vt 0.175 0.5625
vt 0.175 0.9375
vt 0.0625 0.825
vt 0.0625 0.675
vt 0.0625 0.825
vt 0.0625 0.675
vt 0.175 0.5625
vt 0.175 0.9375
vt 0.0938 0.6875
vt 0.0938 0.8125
vt 0.0625 0.8125
vt 0.0625 0.6875
vt 0.0938 0.6875
vt 0.0938 0.8125
vt 0.0625 0.8125
vt 0.0625 0.6875
vt 0.0938 0.6875
vt 0.0938 0.8125
vt 0.0625 0.8125
vt 0.0625 0.6875
vt 0.175 0.9375
vt 0.175 0.5625
vt 0.325 0.5625
vt 0.325 0.9375
vt 0.325 0.5625
vt 0.325 0.9375
vt 0.175 0.9375
vt 0.175 0.5625
vt 0.0938 0.6875
vt 0.0938 0.8125
vt 0.0625 0.8125
vt 0.0625 0.6875
vt 0.0938 0.6875
vt 0.0938 0.8125
vt 0.0625 0.8125
vt 0.0625 0.6875
vt 0.325 0.9375
vt 0.325 0.5625
vt 0.4375 0.675
vt 0.4375 0.825
vt 0.4375 0.675
vt 0.4375 0.825
vt 0.325 0.9375
vt 0.325 0.5625
vt 0.0938 0.6875
vt 0.0938 0.8125
vt 0.0625 0.8125
vt 0.0625 0.6875
vt 0.0938 0.6875
vt 0.0938 0.8125
vt 0.0625 0.8125
vt 0.0625 0.6875
vt 0.0938 0.6875
vt 0.0938 0.8125
vt 0.0625 0.8125
vt 0.0625 0.6875
vt 0.7188 0.75
vt 0.7188 0.9375
vt 0.5313 0.9375
vt 0.5313 0.75
vt 0.5313 0.9375
vt 0.5313 0.75
vt 0.5625 0.75
vt 0.5625 0.9375
vt 0.7188 0.75
vt 0.7188 0.9375
vt 0.6875 0.9375
vt 0.6875 0.75
vt 0.5625 0.75
vt 0.5625 0.9375
vt 0.5313 0.9375
vt 0.5313 0.75
vt 0.7188 0.75
vt 0.7188 0.9375
vt 0.6875 0.9375
vt 0.6875 0.75
vt 0.5313 0.9375
vt 0.7188 0.9375
vt 0.7188 0.75
vt 0.5313 0.75
vt 0.5625 0.75
vt 0.5313 0.75
vt 0.5313 0.9375
vt 0.5625 0.9375
vt 0.6875 0.9375
vt 0.7188 0.9375
vt 0.7188 0.75
vt 0.6875 0.75
vt 0.5313 0.9375
vt 0.5625 0.9375
vt 0.5625 0.75
vt 0.5313 0.75
vt 0.6875 0.9375
vt 0.7188 0.9375
vt 0.7188 0.75
vt 0.6875 0.75
vn 0 1 0
vn 0 -1 0
vn 0 0 1
vn 0 0 -1
vn 1 0 0
vn -1 0 0
vn 0 -0.71 -0.71
vn 0 0.71 0.71
vn 0 0.71 -0.71
vn 0 -0.71 0.71
vn 1 0 0
vn -1 0 0
vn 0 0.71 -0.71
vn 0 -0.71 0.71
vn 0 -0.71 -0.71
vn 0 0.71 0.71
vn 1 0 0
vn -1 0 0
vn 0 0.71 0.71
vn 0 -0.71 -0.71
vn 0 -0.71 0.71
vn 0 0.71 -0.71
vn 1 0 0
vn -1 0 0
vn 0 -0.71 0.71
vn 0 0.71 -0.71
vn 0 0.71 0.71
vn 0 -0.71 -0.71
vn 1 0 0
vn -1 0 0
vn 0 0 -1
vn 0 0 1
vn 0 1 0
vn 0 -1 0
vn 1 0 0
vn -1 0 0
vn 0 1 0
vn 0 -1 0
vn 0 0 -1
vn 0 0 1
vn 1 0 0
vn -1 0 0
vn 0 0 1
vn 0 0 -1
vn 0 -1 0
vn 0 1 0
vn 1 0 0
vn -1 0 0
vn 0 -1 0
vn 0 1 0
vn 0 0 1
vn 0 0 -1
vn -1 0 0
vn 1 0 0
vn 0 0.71 -0.71
vn 0 -0.71 -0.71
vn 0 0 -1
vn 1 0 0
vn -1 0 0
vn 0 1 0
vn 0 -1 0
vn 1 0 0
vn -1 0 0
vn 0 0.71 0.71
vn 0 -0.71 0.71
vn 0 0 1
vn -1 0 0
vn 1 0 0
vn 0 0.71 -0.71
vn 0 -0.71 -0.71
vn 0 0 -1
vn 1 0 0
vn -1 0 0
vn 0 1 0
vn 0 -1 0
vn 1 0 0
vn -1 0 0
vn 0 0.71 0.71
vn 0 -0.71 0.71
vn 0 0 1
vn 1 0 0
vn 0 1 0
vn 0 -1 0
vn 0 0 1
vn 0 0 -1
vn -1 0 0
vn 0 1 0
vn 0 -1 0
vn 0 0 1
vn 0 0 -1
usemtl tracks14_12
f 1793/5025/1257 1794/5026/1257 1798/5027/1257 1797/5028/1257
f 1796/5029/1258 1795/5030/1258 1799/5031/1258 1800/5032/1258
f 1795/5033/1259 1793/5034/1259 1797/5035/1259 1799/5036/1259
f 1800/5037/1260 1798/5038/1260 1794/5039/1260 1796/5040/1260
f 1804/5041/1261 1802/5042/1261 1801/5043/1261 1803/5044/1261
f 1807/5045/1262 1805/5046/1262 1806/5047/1262 1808/5048/1262
f 1801/5049/1263 1802/5050/1263 1806/5051/1263 1805/5052/1263
f 1804/5053/1264 1803/5054/1264 1807/5055/1264 1808/5056/1264
f 1803/5057/1265 1801/5058/1265 1805/5059/1265 1807/5060/1265
f 1808/5061/1266 1806/5062/1266 1802/5063/1266 1804/5064/1266
f 1809/5065/1267 1810/5066/1267 1812/5067/1267 1811/5068/1267
f 1814/5069/1268 1813/5070/1268 1815/5071/1268 1816/5072/1268
f 1814/5073/1269 1810/5074/1269 1809/5075/1269 1813/5076/1269
f 1815/5077/1270 1811/5078/1270 1812/5079/1270 1816/5080/1270
f 1813/5081/1271 1809/5082/1271 1811/5083/1271 1815/5084/1271
f 1810/5085/1272 1814/5086/1272 1816/5087/1272 1812/5088/1272
f 1820/5089/1273 1818/5090/1273 1817/5091/1273 1819/5092/1273
f 1823/5093/1274 1821/5094/1274 1822/5095/1274 1824/5096/1274
f 1817/5097/1275 1818/5098/1275 1822/5099/1275 1821/5100/1275
f 1820/5101/1276 1819/5102/1276 1823/5103/1276 1824/5104/1276
f 1819/5105/1277 1817/5106/1277 1821/5107/1277 1823/5108/1277
f 1824/5109/1278 1822/5110/1278 1818/5111/1278 1820/5112/1278
f 1825/5113/1279 1826/5114/1279 1828/5115/1279 1827/5116/1279
f 1830/5117/1280 1829/5118/1280 1831/5119/1280 1832/5120/1280
f 1830/5121/1281 1826/5122/1281 1825/5123/1281 1829/5124/1281
f 1831/5125/1282 1827/5126/1282 1828/5127/1282 1832/5128/1282
f 1829/5129/1283 1825/5130/1283 1827/5131/1283 1831/5132/1283
f 1826/5133/1284 1830/5134/1284 1832/5135/1284 1828/5136/1284
f 1836/5137/1285 1834/5138/1285 1833/5139/1285 1835/5140/1285
f 1839/5141/1286 1837/5142/1286 1838/5143/1286 1840/5144/1286
f 1833/5145/1287 1834/5146/1287 1838/5147/1287 1837/5148/1287
f 1836/5149/1288 1835/5150/1288 1839/5151/1288 1840/5152/1288
f 1835/5153/1289 1833/5154/1289 1837/5155/1289 1839/5156/1289
f 1840/5157/1290 1838/5158/1290 1834/5159/1290 1836/5160/1290
f 1841/5161/1291 1842/5162/1291 1844/5163/1291 1843/5164/1291
f 1846/5165/1292 1845/5166/1292 1847/5167/1292 1848/5168/1292
f 1846/5169/1293 1842/5170/1293 1841/5171/1293 1845/5172/1293
f 1847/5173/1294 1843/5174/1294 1844/5175/1294 1848/5176/1294
f 1845/5177/1295 1841/5178/1295 1843/5179/1295 1847/5180/1295
f 1842/5181/1296 1846/5182/1296 1848/5183/1296 1844/5184/1296
f 1852/5185/1297 1850/5186/1297 1849/5187/1297 1851/5188/1297
f 1855/5189/1298 1853/5190/1298 1854/5191/1298 1856/5192/1298
f 1849/5193/1299 1850/5194/1299 1854/5195/1299 1853/5196/1299
f 1852/5197/1300 1851/5198/1300 1855/5199/1300 1856/5200/1300
f 1851/5201/1301 1849/5202/1301 1853/5203/1301 1855/5204/1301
f 1856/5205/1302 1854/5206/1302 1850/5207/1302 1852/5208/1302
f 1857/5209/1303 1858/5210/1303 1860/5211/1303 1859/5212/1303
f 1862/5213/1304 1861/5214/1304 1863/5215/1304 1864/5216/1304
f 1862/5217/1305 1858/5218/1305 1857/5219/1305 1861/5220/1305
f 1863/5221/1306 1859/5222/1306 1860/5223/1306 1864/5224/1306
f 1861/5225/1307 1857/5226/1307 1859/5227/1307 1863/5228/1307
f 1858/5229/1308 1862/5230/1308 1864/5231/1308 1860/5232/1308
f 1868/5233/1309 1866/5234/1309 1865/5235/1309 1867/5236/1309
f 1871/5237/1310 1869/5238/1310 1870/5239/1310 1872/5240/1310
f 1865/5241/1311 1866/5242/1311 1870/5243/1311 1869/5244/1311
f 1868/5245/1312 1867/5246/1312 1871/5247/1312 1872/5248/1312
f 1867/5249/1313 1865/5250/1313 1869/5251/1313 1871/5252/1313
f 1876/5253/1314 1874/5254/1314 1873/5255/1314 1875/5256/1314
f 1879/5257/1315 1877/5258/1315 1878/5259/1315 1880/5260/1315
f 1873/5261/1316 1874/5262/1316 1878/5263/1316 1877/5264/1316
f 1876/5265/1317 1875/5266/1317 1879/5267/1317 1880/5268/1317
f 1884/5269/1318 1882/5270/1318 1881/5271/1318 1883/5272/1318
f 1887/5273/1319 1885/5274/1319 1886/5275/1319 1888/5276/1319
f 1881/5277/1320 1882/5278/1320 1886/5279/1320 1885/5280/1320
f 1884/5281/1321 1883/5282/1321 1887/5283/1321 1888/5284/1321
f 1883/5285/1322 1881/5286/1322 1885/5287/1322 1887/5288/1322
f 1892/5289/1323 1890/5290/1323 1889/5291/1323 1891/5292/1323
f 1895/5293/1324 1893/5294/1324 1894/5295/1324 1896/5296/1324
f 1889/5297/1325 1890/5298/1325 1894/5299/1325 1893/5300/1325
f 1892/5301/1326 1891/5302/1326 1895/5303/1326 1896/5304/1326
f 1891/5305/1327 1889/5306/1327 1893/5307/1327 1895/5308/1327
f 1900/5309/1328 1898/5310/1328 1897/5311/1328 1899/5312/1328
f 1903/5313/1329 1901/5314/1329 1902/5315/1329 1904/5316/1329
f 1897/5317/1330 1898/5318/1330 1902/5319/1330 1901/5320/1330
f 1900/5321/1331 1899/5322/1331 1903/5323/1331 1904/5324/1331
f 1908/5325/1332 1906/5326/1332 1905/5327/1332 1907/5328/1332
f 1911/5329/1333 1909/5330/1333 1910/5331/1333 1912/5332/1333
f 1905/5333/1334 1906/5334/1334 1910/5335/1334 1909/5336/1334
f 1908/5337/1335 1907/5338/1335 1911/5339/1335 1912/5340/1335
f 1907/5341/1336 1905/5342/1336 1909/5343/1336 1911/5344/1336
f 1916/5345/1337 1914/5346/1337 1913/5347/1337 1915/5348/1337
f 1913/5349/1338 1914/5350/1338 1918/5351/1338 1917/5352/1338
f 1916/5353/1339 1915/5354/1339 1919/5355/1339 1920/5356/1339
f 1915/5357/1340 1913/5358/1340 1917/5359/1340 1919/5360/1340
f 1920/5361/1341 1918/5362/1341 1914/5363/1341 1916/5364/1341
f 1921/5365/1342 1922/5366/1342 1924/5367/1342 1923/5368/1342
f 1926/5369/1343 1922/5370/1343 1921/5371/1343 1925/5372/1343
f 1927/5373/1344 1923/5374/1344 1924/5375/1344 1928/5376/1344
f 1925/5377/1345 1921/5378/1345 1923/5379/1345 1927/5380/1345
f 1922/5381/1346 1926/5382/1346 1928/5383/1346 1924/5384/1346
o RightWheelRear1
v 0.875 1.0625 2.25
v 0.875 1.0625 1.875
v 0.875 0.6875 2.25
v 0.875 0.6875 1.875
v 0.75 1.0625 2.25
v 0.75 1.0625 1.875
v 0.75 0.6875 2.25
v 0.75 0.6875 1.875
v 1 1.1623 2.2172
v 1 1.0297 2.3498
v 1 1.2065 2.2614
v 1 1.0739 2.394
v 0.625 1.1623 2.2172
v 0.625 1.0297 2.3498
v 0.625 1.2065 2.2614
v 0.625 1.0739 2.394
v 1 0.5877 2.2172
v 1 0.7203 2.3498
v 1 0.5435 2.2614
v 1 0.6761 2.394
v 0.625 0.5877 2.2172
v 0.625 0.7203 2.3498
v 0.625 0.5435 2.2614
v 0.625 0.6761 2.394
v 1 0.5877 1.9078
v 1 0.7203 1.7752
v 1 0.5435 1.8636
v 1 0.6761 1.731
v 0.625 0.5877 1.9078
v 0.625 0.7203 1.7752
v 0.625 0.5435 1.8636
v 0.625 0.6761 1.731
v 1 1.1623 1.9078
v 1 1.0297 1.7752
v 1 1.2065 1.8636
v 1 1.0739 1.731
v 0.625 1.1623 1.9078
v 0.625 1.0297 1.7752
v 0.625 1.2065 1.8636
v 0.625 1.0739 1.731
v 1 0.9687 2.375
v 1 0.7813 2.375
v 1 0.9687 2.4375
v 1 0.7813 2.4375
v 0.625 0.9687 2.375
v 0.625 0.7813 2.375
v 0.625 0.9687 2.4375
v 0.625 0.7813 2.4375
v 1 0.5625 1.9688
v 1 0.5625 2.1562
v 1 0.5 1.9688
v 1 0.5 2.1562
v 0.625 0.5625 1.9688
v 0.625 0.5625 2.1562
v 0.625 0.5 1.9688
v 0.625 0.5 2.1562
v 1 0.7813 1.75
v 1 0.9687 1.75
v 1 0.7813 1.6875
v 1 0.9687 1.6875
v 0.625 0.7813 1.75
v 0.625 0.9687 1.75
v 0.625 0.7813 1.6875
v 0.625 0.9687 1.6875
v 1 1.1875 2.1562
v 1 1.1875 1.9688
v 1 1.25 2.1562
v 1 1.25 1.9688
v 0.625 1.1875 2.1562
v 0.625 1.1875 1.9688
v 0.625 1.25 2.1562
v 0.625 1.25 1.9688
v 0.875 1 1.75
v 0.875 1.1875 1.9375
v 0.875 0.75 1.75
v 0.875 0.5625 1.9375
v 0.9375 1 1.75
v 0.9375 1.1875 1.9375
v 0.9375 0.75 1.75
v 0.9375 0.5625 1.9375
v 0.9375 1.1875 2.1875
v 0.9375 1.1875 1.9375
v 0.9375 0.5625 2.1875
v 0.9375 0.5625 1.9375
v 0.875 1.1875 2.1875
v 0.875 1.1875 1.9375
v 0.875 0.5625 2.1875
v 0.875 0.5625 1.9375
v 0.9375 1 2.375
v 0.9375 1.1875 2.1875
v 0.9375 0.75 2.375
v 0.9375 0.5625 2.1875
v 0.875 1 2.375
v 0.875 1.1875 2.1875
v 0.875 0.75 2.375
v 0.875 0.5625 2.1875
v 0.6875 1 1.75
v 0.6875 1.1875 1.9375
v 0.6875 0.75 1.75
v 0.6875 0.5625 1.9375
v 0.75 1 1.75
v 0.75 1.1875 1.9375
v 0.75 0.75 1.75
v 0.75 0.5625 1.9375
v 0.75 1.1875 2.1875
v 0.75 1.1875 1.9375
v 0.75 0.5625 2.1875
v 0.75 0.5625 1.9375
v 0.6875 1.1875 2.1875
v 0.6875 1.1875 1.9375
v 0.6875 0.5625 2.1875
v 0.6875 0.5625 1.9375
v 0.75 1 2.375
v 0.75 1.1875 2.1875
v 0.75 0.75 2.375
v 0.75 0.5625 2.1875
v 0.6875 1 2.375
v 0.6875 1.1875 2.1875
v 0.6875 0.75 2.375
v 0.6875 0.5625 2.1875
v 1 1.0625 2.25
v 1 1.0625 1.875
v 1 0.6875 2.25
v 1 0.6875 1.875
v 0.9375 1.0625 2.25
v 0.9375 1.0625 1.875
v 0.9375 0.6875 2.25
v 0.9375 0.6875 1.875
v 0.625 1.0625 2.25
v 0.625 1.0625 1.875
v 0.625 0.6875 2.25
v 0.625 0.6875 1.875
v 0.6875 1.0625 2.25
v 0.6875 1.0625 1.875
v 0.6875 0.6875 2.25
v 0.6875 0.6875 1.875
vt 0.0625 0.6875
vt 0.0625 0.5
vt 0 0.5
vt 0 0.6875
vt 0.0625 0.6875
vt 0.0625 0.5
vt 0 0.5
vt 0 0.6875
vt 0.0625 0.5
vt 0.0625 0.6875
vt 0 0.6875
vt 0 0.5
vt 0.0625 0.6875
vt 0.0625 0.5
vt 0 0.5
vt 0 0.6875
vt 0.8125 0.6875
vt 0.8125 0.7188
vt 0.9375 0.7188
vt 0.9375 0.6875
vt 0.9375 0.9063
vt 0.9375 0.9375
vt 0.8125 0.9375
vt 0.8125 0.9063
vt 0.9375 0.6875
vt 0.8125 0.6875
vt 0.8125 0.9375
vt 0.9375 0.9375
vt 0.8125 0.6875
vt 0.9375 0.6875
vt 0.9375 0.9375
vt 0.8125 0.9375
vt 0.9375 0.6875
vt 0.9063 0.6875
vt 0.9063 0.9375
vt 0.9375 0.9375
vt 0.8125 0.9375
vt 0.8438 0.9375
vt 0.8438 0.6875
vt 0.8125 0.6875
vt 0.9375 0.7188
vt 0.8125 0.7188
vt 0.8125 0.6875
vt 0.9375 0.6875
vt 0.8125 0.9375
vt 0.9375 0.9375
vt 0.9375 0.9063
vt 0.8125 0.9063
vt 0.8125 0.9375
vt 0.8125 0.6875
vt 0.9375 0.6875
vt 0.9375 0.9375
vt 0.9375 0.9375
vt 0.9375 0.6875
vt 0.8125 0.6875
vt 0.8125 0.9375
vt 0.9063 0.9375
vt 0.9063 0.6875
vt 0.9375 0.6875
vt 0.9375 0.9375
vt 0.8438 0.6875
vt 0.8438 0.9375
vt 0.8125 0.9375
vt 0.8125 0.6875
vt 0.8125 0.6875
vt 0.8125 0.7188
vt 0.9375 0.7188
vt 0.9375 0.6875
vt 0.9375 0.9063
vt 0.9375 0.9375
vt 0.8125 0.9375
vt 0.8125 0.9063
vt 0.9375 0.6875
vt 0.8125 0.6875
vt 0.8125 0.9375
vt 0.9375 0.9375
vt 0.8125 0.6875
vt 0.9375 0.6875
vt 0.9375 0.9375
vt 0.8125 0.9375
vt 0.9375 0.6875
vt 0.9063 0.6875
vt 0.9063 0.9375
vt 0.9375 0.9375
vt 0.8125 0.9375
vt 0.8438 0.9375
vt 0.8438 0.6875
vt 0.8125 0.6875
vt 0.9375 0.7188
vt 0.8125 0.7188
vt 0.8125 0.6875
vt 0.9375 0.6875
vt 0.8125 0.9375
vt 0.9375 0.9375
vt 0.9375 0.9063
vt 0.8125 0.9063
vt 0.8125 0.9375
vt 0.8125 0.6875
vt 0.9375 0.6875
vt 0.9375 0.9375
vt 0.9375 0.9375
vt 0.9375 0.6875
vt 0.8125 0.6875
vt 0.8125 0.9375
vt 0.9063 0.9375
vt 0.9063 0.6875
vt 0.9375 0.6875
vt 0.9375 0.9375
vt 0.8438 0.6875
vt 0.8438 0.9375
vt 0.8125 0.9375
vt 0.8125 0.6875
vt 0.8125 0.6875
vt 0.8125 0.7188
vt 0.9375 0.7188
vt 0.9375 0.6875
vt 0.9375 0.9063
vt 0.9375 0.9375
vt 0.8125 0.9375
vt 0.8125 0.9063
vt 0.9375 0.6875
vt 0.8125 0.6875
vt 0.8125 0.9375
vt 0.9375 0.9375
vt 0.8125 0.6875
vt 0.9375 0.6875
vt 0.9375 0.9375
vt 0.8125 0.9375
vt 0.9375 0.6875
vt 0.9063 0.6875
vt 0.9063 0.9375
vt 0.9375 0.9375
vt 0.8125 0.9375
vt 0.8438 0.9375
vt 0.8438 0.6875
vt 0.8125 0.6875
vt 0.9375 0.7188
vt 0.8125 0.7188
vt 0.8125 0.6875
vt 0.9375 0.6875
vt 0.8125 0.9375
vt 0.9375 0.9375
vt 0.9375 0.9063
vt 0.8125 0.9063
vt 0.8125 0.9375
vt 0.8125 0.6875
vt 0.9375 0.6875
vt 0.9375 0.9375
vt 0.9375 0.9375
vt 0.9375 0.6875
vt 0.8125 0.6875
vt 0.8125 0.9375
vt 0.9063 0.9375
vt 0.9063 0.6875
vt 0.9375 0.6875
vt 0.9375 0.9375
vt 0.8438 0.6875
vt 0.8438 0.9375
vt 0.8125 0.9375
vt 0.8125 0.6875
vt 0.8125 0.6875
vt 0.8125 0.7188
vt 0.9375 0.7188
vt 0.9375 0.6875
vt 0.9375 0.9063
vt 0.9375 0.9375
vt 0.8125 0.9375
vt 0.8125 0.9063
vt 0.9375 0.6875
vt 0.8125 0.6875
vt 0.8125 0.9375
vt 0.9375 0.9375
vt 0.8125 0.6875
vt 0.9375 0.6875
vt 0.9375 0.9375
vt 0.8125 0.9375
vt 0.9375 0.6875
vt 0.9063 0.6875
vt 0.9063 0.9375
vt 0.9375 0.9375
vt 0.8125 0.9375
vt 0.8438 0.9375
vt 0.8438 0.6875
vt 0.8125 0.6875
vt 0.9375 0.7188
vt 0.8125 0.7188
vt 0.8125 0.6875
vt 0.9375 0.6875
vt 0.8125 0.9375
vt 0.9375 0.9375
vt 0.9375 0.9063
vt 0.8125 0.9063
vt 0.8125 0.9375
vt 0.8125 0.6875
vt 0.9375 0.6875
vt 0.9375 0.9375
vt 0.9375 0.9375
vt 0.9375 0.6875
vt 0.8125 0.6875
vt 0.8125 0.9375
vt 0.9063 0.9375
vt 0.9063 0.6875
vt 0.9375 0.6875
vt 0.9375 0.9375
vt 0.8438 0.6875
vt 0.8438 0.9375
vt 0.8125 0.9375
vt 0.8125 0.6875
vt 0.175 0.5625
vt 0.175 0.9375
vt 0.0625 0.825
vt 0.0625 0.675
vt 0.0625 0.825
vt 0.0625 0.675
vt 0.175 0.5625
vt 0.175 0.9375
vt 0.0938 0.6875
vt 0.0938 0.8125
vt 0.0625 0.8125
vt 0.0625 0.6875
vt 0.0938 0.6875
vt 0.0938 0.8125
vt 0.0625 0.8125
vt 0.0625 0.6875
vt 0.0938 0.6875
vt 0.0938 0.8125
vt 0.0625 0.8125
vt 0.0625 0.6875
vt 0.175 0.9375
vt 0.175 0.5625
vt 0.325 0.5625
vt 0.325 0.9375
vt 0.325 0.5625
vt 0.325 0.9375
vt 0.175 0.9375
vt 0.175 0.5625
vt 0.0938 0.6875
vt 0.0938 0.8125
vt 0.0625 0.8125
vt 0.0625 0.6875
vt 0.0938 0.6875
vt 0.0938 0.8125
vt 0.0625 0.8125
vt 0.0625 0.6875
vt 0.325 0.9375
vt 0.325 0.5625
vt 0.4375 0.675
vt 0.4375 0.825
vt 0.4375 0.675
vt 0.4375 0.825
vt 0.325 0.9375
vt 0.325 0.5625
vt 0.0938 0.6875
vt 0.0938 0.8125
vt 0.0625 0.8125
vt 0.0625 0.6875
vt 0.0938 0.6875
vt 0.0938 0.8125
vt 0.0625 0.8125
vt 0.0625 0.6875
vt 0.0938 0.6875
vt 0.0938 0.8125
vt 0.0625 0.8125
vt 0.0625 0.6875
vt 0.175 0.5625
vt 0.175 0.9375
vt 0.0625 0.825
vt 0.0625 0.675
vt 0.0625 0.825
vt 0.0625 0.675
vt 0.175 0.5625
vt 0.175 0.9375
vt 0.0938 0.6875
vt 0.0938 0.8125
vt 0.0625 0.8125
vt 0.0625 0.6875
vt 0.0938 0.6875
vt 0.0938 0.8125
vt 0.0625 0.8125
vt 0.0625 0.6875
vt 0.0938 0.6875
vt 0.0938 0.8125
vt 0.0625 0.8125
vt 0.0625 0.6875
vt 0.175 0.9375
vt 0.175 0.5625
vt 0.325 0.5625
vt 0.325 0.9375
vt 0.325 0.5625
vt 0.325 0.9375
vt 0.175 0.9375
vt 0.175 0.5625
vt 0.0938 0.6875
vt 0.0938 0.8125
vt 0.0625 0.8125
vt 0.0625 0.6875
vt 0.0938 0.6875
vt 0.0938 0.8125
vt 0.0625 0.8125
vt 0.0625 0.6875
vt 0.325 0.9375
vt 0.325 0.5625
vt 0.4375 0.675
vt 0.4375 0.825
vt 0.4375 0.675
vt 0.4375 0.825
vt 0.325 0.9375
vt 0.325 0.5625
vt 0.0938 0.6875
vt 0.0938 0.8125
vt 0.0625 0.8125
vt 0.0625 0.6875
vt 0.0938 0.6875
vt 0.0938 0.8125
vt 0.0625 0.8125
vt 0.0625 0.6875
vt 0.0938 0.6875
vt 0.0938 0.8125
vt 0.0625 0.8125
vt 0.0625 0.6875
vt 0.7188 0.75
vt 0.7188 0.9375
vt 0.5313 0.9375
vt 0.5313 0.75
vt 0.5313 0.9375
vt 0.5313 0.75
vt 0.5625 0.75
vt 0.5625 0.9375
vt 0.7188 0.75
vt 0.7188 0.9375
vt 0.6875 0.9375
vt 0.6875 0.75
vt 0.5625 0.75
vt 0.5625 0.9375
vt 0.5313 0.9375
vt 0.5313 0.75
vt 0.7188 0.75
vt 0.7188 0.9375
vt 0.6875 0.9375
vt 0.6875 0.75
vt 0.5313 0.9375
vt 0.7188 0.9375
vt 0.7188 0.75
vt 0.5313 0.75
vt 0.5625 0.75
vt 0.5313 0.75
vt 0.5313 0.9375
vt 0.5625 0.9375
vt 0.6875 0.9375
vt 0.7188 0.9375
vt 0.7188 0.75
vt 0.6875 0.75
vt 0.5313 0.9375
vt 0.5625 0.9375
vt 0.5625 0.75
vt 0.5313 0.75
vt 0.6875 0.9375
vt 0.7188 0.9375
vt 0.7188 0.75
vt 0.6875 0.75
vn 0 1 0
vn 0 -1 0
vn 0 0 1
vn 0 0 -1
vn 1 0 0
vn -1 0 0
vn 0 -0.71 -0.71
vn 0 0.71 0.71
vn 0 0.71 -0.71
vn 0 -0.71 0.71
vn 1 0 0
vn -1 0 0
vn 0 0.71 -0.71
vn 0 -0.71 0.71
vn 0 -0.71 -0.71
vn 0 0.71 0.71
vn 1 0 0
vn -1 0 0
vn 0 0.71 0.71
vn 0 -0.71 -0.71
vn 0 -0.71 0.71
vn 0 0.71 -0.71
vn 1 0 0
vn -1 0 0
vn 0 -0.71 0.71
vn 0 0.71 -0.71
vn 0 0.71 0.71
vn 0 -0.71 -0.71
vn 1 0 0
vn -1 0 0
vn 0 0 -1
vn 0 0 1
vn 0 1 0
vn 0 -1 0
vn 1 0 0
vn -1 0 0
vn 0 1 0
vn 0 -1 0
vn 0 0 -1
vn 0 0 1
vn 1 0 0
vn -1 0 0
vn 0 0 1
vn 0 0 -1
vn 0 -1 0
vn 0 1 0
vn 1 0 0
vn -1 0 0
vn 0 -1 0
vn 0 1 0
vn 0 0 1
vn 0 0 -1
vn -1 0 0
vn 1 0 0
vn 0 0.71 -0.71
vn 0 -0.71 -0.71
vn 0 0 -1
vn 1 0 0
vn -1 0 0
vn 0 1 0
vn 0 -1 0
vn 1 0 0
vn -1 0 0
vn 0 0.71 0.71
vn 0 -0.71 0.71
vn 0 0 1
vn -1 0 0
vn 1 0 0
vn 0 0.71 -0.71
vn 0 -0.71 -0.71
vn 0 0 -1
vn 1 0 0
vn -1 0 0
vn 0 1 0
vn 0 -1 0
vn 1 0 0
vn -1 0 0
vn 0 0.71 0.71
vn 0 -0.71 0.71
vn 0 0 1
vn 1 0 0
vn 0 1 0
vn 0 -1 0
vn 0 0 1
vn 0 0 -1
vn -1 0 0
vn 0 1 0
vn 0 -1 0
vn 0 0 1
vn 0 0 -1
usemtl tracks14_12
f 1929/5385/1347 1930/5386/1347 1934/5387/1347 1933/5388/1347
f 1932/5389/1348 1931/5390/1348 1935/5391/1348 1936/5392/1348
f 1931/5393/1349 1929/5394/1349 1933/5395/1349 1935/5396/1349
f 1936/5397/1350 1934/5398/1350 1930/5399/1350 1932/5400/1350
f 1940/5401/1351 1938/5402/1351 1937/5403/1351 1939/5404/1351
f 1943/5405/1352 1941/5406/1352 1942/5407/1352 1944/5408/1352
f 1937/5409/1353 1938/5410/1353 1942/5411/1353 1941/5412/1353
f 1940/5413/1354 1939/5414/1354 1943/5415/1354 1944/5416/1354
f 1939/5417/1355 1937/5418/1355 1941/5419/1355 1943/5420/1355
f 1944/5421/1356 1942/5422/1356 1938/5423/1356 1940/5424/1356
f 1945/5425/1357 1946/5426/1357 1948/5427/1357 1947/5428/1357
f 1950/5429/1358 1949/5430/1358 1951/5431/1358 1952/5432/1358
f 1950/5433/1359 1946/5434/1359 1945/5435/1359 1949/5436/1359
f 1951/5437/1360 1947/5438/1360 1948/5439/1360 1952/5440/1360
f 1949/5441/1361 1945/5442/1361 1947/5443/1361 1951/5444/1361
f 1946/5445/1362 1950/5446/1362 1952/5447/1362 1948/5448/1362
f 1956/5449/1363 1954/5450/1363 1953/5451/1363 1955/5452/1363
f 1959/5453/1364 1957/5454/1364 1958/5455/1364 1960/5456/1364
f 1953/5457/1365 1954/5458/1365 1958/5459/1365 1957/5460/1365
f 1956/5461/1366 1955/5462/1366 1959/5463/1366 1960/5464/1366
f 1955/5465/1367 1953/5466/1367 1957/5467/1367 1959/5468/1367
f 1960/5469/1368 1958/5470/1368 1954/5471/1368 1956/5472/1368
f 1961/5473/1369 1962/5474/1369 1964/5475/1369 1963/5476/1369
f 1966/5477/1370 1965/5478/1370 1967/5479/1370 1968/5480/1370
f 1966/5481/1371 1962/5482/1371 1961/5483/1371 1965/5484/1371
f 1967/5485/1372 1963/5486/1372 1964/5487/1372 1968/5488/1372
f 1965/5489/1373 1961/5490/1373 1963/5491/1373 1967/5492/1373
f 1962/5493/1374 1966/5494/1374 1968/5495/1374 1964/5496/1374
f 1972/5497/1375 1970/5498/1375 1969/5499/1375 1971/5500/1375
f 1975/5501/1376 1973/5502/1376 1974/5503/1376 1976/5504/1376
f 1969/5505/1377 1970/5506/1377 1974/5507/1377 1973/5508/1377
f 1972/5509/1378 1971/5510/1378 1975/5511/1378 1976/5512/1378
f 1971/5513/1379 1969/5514/1379 1973/5515/1379 1975/5516/1379
f 1976/5517/1380 1974/5518/1380 1970/5519/1380 1972/5520/1380
f 1977/5521/1381 1978/5522/1381 1980/5523/1381 1979/5524/1381
f 1982/5525/1382 1981/5526/1382 1983/5527/1382 1984/5528/1382
f 1982/5529/1383 1978/5530/1383 1977/5531/1383 1981/5532/1383
f 1983/5533/1384 1979/5534/1384 1980/5535/1384 1984/5536/1384
f 1981/5537/1385 1977/5538/1385 1979/5539/1385 1983/5540/1385
f 1978/5541/1386 1982/5542/1386 1984/5543/1386 1980/5544/1386
f 1988/5545/1387 1986/5546/1387 1985/5547/1387 1987/5548/1387
f 1991/5549/1388 1989/5550/1388 1990/5551/1388 1992/5552/1388
f 1985/5553/1389 1986/5554/1389 1990/5555/1389 1989/5556/1389
f 1988/5557/1390 1987/5558/1390 1991/5559/1390 1992/5560/1390
f 1987/5561/1391 1985/5562/1391 1989/5563/1391 1991/5564/1391
f 1992/5565/1392 1990/5566/1392 1986/5567/1392 1988/5568/1392
f 1993/5569/1393 1994/5570/1393 1996/5571/1393 1995/5572/1393
f 1998/5573/1394 1997/5574/1394 1999/5575/1394 2000/5576/1394
f 1998/5577/1395 1994/5578/1395 1993/5579/1395 1997/5580/1395
f 1999/5581/1396 1995/5582/1396 1996/5583/1396 2000/5584/1396
f 1997/5585/1397 1993/5586/1397 1995/5587/1397 1999/5588/1397
f 1994/5589/1398 1998/5590/1398 2000/5591/1398 1996/5592/1398
f 2004/5593/1399 2002/5594/1399 2001/5595/1399 2003/5596/1399
f 2007/5597/1400 2005/5598/1400 2006/5599/1400 2008/5600/1400
f 2001/5601/1401 2002/5602/1401 2006/5603/1401 2005/5604/1401
f 2004/5605/1402 2003/5606/1402 2007/5607/1402 2008/5608/1402
f 2003/5609/1403 2001/5610/1403 2005/5611/1403 2007/5612/1403
f 2012/5613/1404 2010/5614/1404 2009/5615/1404 2011/5616/1404
f 2015/5617/1405 2013/5618/1405 2014/5619/1405 2016/5620/1405
f 2009/5621/1406 2010/5622/1406 2014/5623/1406 2013/5624/1406
f 2012/5625/1407 2011/5626/1407 2015/5627/1407 2016/5628/1407
f 2020/5629/1408 2018/5630/1408 2017/5631/1408 2019/5632/1408
f 2023/5633/1409 2021/5634/1409 2022/5635/1409 2024/5636/1409
f 2017/5637/1410 2018/5638/1410 2022/5639/1410 2021/5640/1410
f 2020/5641/1411 2019/5642/1411 2023/5643/1411 2024/5644/1411
f 2019/5645/1412 2017/5646/1412 2021/5647/1412 2023/5648/1412
f 2028/5649/1413 2026/5650/1413 2025/5651/1413 2027/5652/1413
f 2031/5653/1414 2029/5654/1414 2030/5655/1414 2032/5656/1414
f 2025/5657/1415 2026/5658/1415 2030/5659/1415 2029/5660/1415
f 2028/5661/1416 2027/5662/1416 2031/5663/1416 2032/5664/1416
f 2027/5665/1417 2025/5666/1417 2029/5667/1417 2031/5668/1417
f 2036/5669/1418 2034/5670/1418 2033/5671/1418 2035/5672/1418
f 2039/5673/1419 2037/5674/1419 2038/5675/1419 2040/5676/1419
f 2033/5677/1420 2034/5678/1420 2038/5679/1420 2037/5680/1420
f 2036/5681/1421 2035/5682/1421 2039/5683/1421 2040/5684/1421
f 2044/5685/1422 2042/5686/1422 2041/5687/1422 2043/5688/1422
f 2047/5689/1423 2045/5690/1423 2046/5691/1423 2048/5692/1423
f 2041/5693/1424 2042/5694/1424 2046/5695/1424 2045/5696/1424
f 2044/5697/1425 2043/5698/1425 2047/5699/1425 2048/5700/1425
f 2043/5701/1426 2041/5702/1426 2045/5703/1426 2047/5704/1426
f 2052/5705/1427 2050/5706/1427 2049/5707/1427 2051/5708/1427
f 2049/5709/1428 2050/5710/1428 2054/5711/1428 2053/5712/1428
f 2052/5713/1429 2051/5714/1429 2055/5715/1429 2056/5716/1429
f 2051/5717/1430 2049/5718/1430 2053/5719/1430 2055/5720/1430
f 2056/5721/1431 2054/5722/1431 2050/5723/1431 2052/5724/1431
f 2057/5725/1432 2058/5726/1432 2060/5727/1432 2059/5728/1432
f 2062/5729/1433 2058/5730/1433 2057/5731/1433 2061/5732/1433
f 2063/5733/1434 2059/5734/1434 2060/5735/1434 2064/5736/1434
f 2061/5737/1435 2057/5738/1435 2059/5739/1435 2063/5740/1435
f 2058/5741/1436 2062/5742/1436 2064/5743/1436 2060/5744/1436
o LeftWheelLead1
v -0.875 1.0625 -0.125
v -0.875 1.0625 -0.5
v -0.875 0.6875 -0.125
v -0.875 0.6875 -0.5
v -0.75 1.0625 -0.125
v -0.75 1.0625 -0.5
v -0.75 0.6875 -0.125
v -0.75 0.6875 -0.5
v -1 1.1623 -0.1578
v -1 1.0297 -0.0252
v -1 1.2065 -0.1136
v -1 1.0739 0.019
v -0.625 1.1623 -0.1578
v -0.625 1.0297 -0.0252
v -0.625 1.2065 -0.1136
v -0.625 1.0739 0.019
v -1 0.5877 -0.1578
v -1 0.7203 -0.0252
v -1 0.5435 -0.1136
v -1 0.6761 0.019
v -0.625 0.5877 -0.1578
v -0.625 0.7203 -0.0252
v -0.625 0.5435 -0.1136
v -0.625 0.6761 0.019
v -1 0.5877 -0.4672
v -1 0.7203 -0.5998
v -1 0.5435 -0.5114
v -1 0.6761 -0.644
v -0.625 0.5877 -0.4672
v -0.625 0.7203 -0.5998
v -0.625 0.5435 -0.5114
v -0.625 0.6761 -0.644
v -1 1.1623 -0.4672
v -1 1.0297 -0.5998
v -1 1.2065 -0.5114
v -1 1.0739 -0.644
v -0.625 1.1623 -0.4672
v -0.625 1.0297 -0.5998
v -0.625 1.2065 -0.5114
v -0.625 1.0739 -0.644
v -1 0.9687 0
v -1 0.7813 0
v -1 0.9687 0.0625
v -1 0.7813 0.0625
v -0.625 0.9687 0
v -0.625 0.7813 0
v -0.625 0.9687 0.0625
v -0.625 0.7813 0.0625
v -1 0.5625 -0.4062
v -1 0.5625 -0.2188
v -1 0.5 -0.4062
v -1 0.5 -0.2188
v -0.625 0.5625 -0.4062
v -0.625 0.5625 -0.2188
v -0.625 0.5 -0.4062
v -0.625 0.5 -0.2188
v -1 0.7813 -0.625
v -1 0.9687 -0.625
v -1 0.7813 -0.6875
v -1 0.9687 -0.6875
v -0.625 0.7813 -0.625
v -0.625 0.9687 -0.625
v -0.625 0.7813 -0.6875
v -0.625 0.9687 -0.6875
v -1 1.1875 -0.2188
v -1 1.1875 -0.4062
v -1 1.25 -0.2188
v -1 1.25 -0.4062
v -0.625 1.1875 -0.2188
v -0.625 1.1875 -0.4062
v -0.625 1.25 -0.2188
v -0.625 1.25 -0.4062
v -0.875 1 -0.625
v -0.875 1.1875 -0.4375
v -0.875 0.75 -0.625
v -0.875 0.5625 -0.4375
v -0.9375 1 -0.625
v -0.9375 1.1875 -0.4375
v -0.9375 0.75 -0.625
v -0.9375 0.5625 -0.4375
v -0.9375 1.1875 -0.1875
v -0.9375 1.1875 -0.4375
v -0.9375 0.5625 -0.1875
v -0.9375 0.5625 -0.4375
v -0.875 1.1875 -0.1875
v -0.875 1.1875 -0.4375
v -0.875 0.5625 -0.1875
v -0.875 0.5625 -0.4375
v -0.9375 1 0
v -0.9375 1.1875 -0.1875
v -0.9375 0.75 0
v -0.9375 0.5625 -0.1875
v -0.875 1 0
v -0.875 1.1875 -0.1875
v -0.875 0.75 0
v -0.875 0.5625 -0.1875
v -0.6875 1 -0.625
v -0.6875 1.1875 -0.4375
v -0.6875 0.75 -0.625
v -0.6875 0.5625 -0.4375
v -0.75 1 -0.625
v -0.75 1.1875 -0.4375
v -0.75 0.75 -0.625
v -0.75 0.5625 -0.4375
v -0.75 1.1875 -0.1875
v -0.75 1.1875 -0.4375
v -0.75 0.5625 -0.1875
v -0.75 0.5625 -0.4375
v -0.6875 1.1875 -0.1875
v -0.6875 1.1875 -0.4375
v -0.6875 0.5625 -0.1875
v -0.6875 0.5625 -0.4375
v -0.75 1 0
v -0.75 1.1875 -0.1875
v -0.75 0.75 0
v -0.75 0.5625 -0.1875
v -0.6875 1 0
v -0.6875 1.1875 -0.1875
v -0.6875 0.75 0
v -0.6875 0.5625 -0.1875
v -1 1.0625 -0.125
v -1 1.0625 -0.5
v -1 0.6875 -0.125
v -1 0.6875 -0.5
v -0.9375 1.0625 -0.125
v -0.9375 1.0625 -0.5
v -0.9375 0.6875 -0.125
v -0.9375 0.6875 -0.5
v -0.625 1.0625 -0.125
v -0.625 1.0625 -0.5
v -0.625 0.6875 -0.125
v -0.625 0.6875 -0.5
v -0.6875 1.0625 -0.125
v -0.6875 1.0625 -0.5
v -0.6875 0.6875 -0.125
v -0.6875 0.6875 -0.5
vt 0 0.5
vt 0.0625 0.5
vt 0.0625 0.6875
vt 0 0.6875
vt 0 0.5
vt 0.0625 0.5
vt 0.0625 0.6875
vt 0 0.6875
vt 0 0.6875
vt 0.0625 0.6875
vt 0.0625 0.5
vt 0 0.5
vt 0 0.5
vt 0.0625 0.5
vt 0.0625 0.6875
vt 0 0.6875
vt 0.9375 0.7188
vt 0.8125 0.7188
vt 0.8125 0.6875
vt 0.9375 0.6875
vt 0.8125 0.9375
vt 0.9375 0.9375
vt 0.9375 0.9063
vt 0.8125 0.9063
vt 0.8125 0.9375
vt 0.8125 0.6875
vt 0.9375 0.6875
vt 0.9375 0.9375
vt 0.9375 0.9375
vt 0.9375 0.6875
vt 0.8125 0.6875
vt 0.8125 0.9375
vt 0.9063 0.9375
vt 0.9063 0.6875
vt 0.9375 0.6875
vt 0.9375 0.9375
vt 0.8438 0.6875
vt 0.8438 0.9375
vt 0.8125 0.9375
vt 0.8125 0.6875
vt 0.8125 0.6875
vt 0.8125 0.7188
vt 0.9375 0.7188
vt 0.9375 0.6875
vt 0.9375 0.9063
vt 0.9375 0.9375
vt 0.8125 0.9375
vt 0.8125 0.9063
vt 0.9375 0.6875
vt 0.8125 0.6875
vt 0.8125 0.9375
vt 0.9375 0.9375
vt 0.8125 0.6875
vt 0.9375 0.6875
vt 0.9375 0.9375
vt 0.8125 0.9375
vt 0.9375 0.6875
vt 0.9063 0.6875
vt 0.9063 0.9375
vt 0.9375 0.9375
vt 0.8125 0.9375
vt 0.8438 0.9375
vt 0.8438 0.6875
vt 0.8125 0.6875
vt 0.9375 0.7188
vt 0.8125 0.7188
vt 0.8125 0.6875
vt 0.9375 0.6875
vt 0.8125 0.9375
vt 0.9375 0.9375
vt 0.9375 0.9063
vt 0.8125 0.9063
vt 0.8125 0.9375
vt 0.8125 0.6875
vt 0.9375 0.6875
vt 0.9375 0.9375
vt 0.9375 0.9375
vt 0.9375 0.6875
vt 0.8125 0.6875
vt 0.8125 0.9375
vt 0.9063 0.9375
vt 0.9063 0.6875
vt 0.9375 0.6875
vt 0.9375 0.9375
vt 0.8438 0.6875
vt 0.8438 0.9375
vt 0.8125 0.9375
vt 0.8125 0.6875
vt 0.8125 0.6875
vt 0.8125 0.7188
vt 0.9375 0.7188
vt 0.9375 0.6875
vt 0.9375 0.9063
vt 0.9375 0.9375
vt 0.8125 0.9375
vt 0.8125 0.9063
vt 0.9375 0.6875
vt 0.8125 0.6875
vt 0.8125 0.9375
vt 0.9375 0.9375
vt 0.8125 0.6875
vt 0.9375 0.6875
vt 0.9375 0.9375
vt 0.8125 0.9375
vt 0.9375 0.6875
vt 0.9063 0.6875
vt 0.9063 0.9375
vt 0.9375 0.9375
vt 0.8125 0.9375
vt 0.8438 0.9375
vt 0.8438 0.6875
vt 0.8125 0.6875
vt 0.9375 0.7188
vt 0.8125 0.7188
vt 0.8125 0.6875
vt 0.9375 0.6875
vt 0.8125 0.9375
vt 0.9375 0.9375
vt 0.9375 0.9063
vt 0.8125 0.9063
vt 0.8125 0.9375
vt 0.8125 0.6875
vt 0.9375 0.6875
vt 0.9375 0.9375
vt 0.9375 0.9375
vt 0.9375 0.6875
vt 0.8125 0.6875
vt 0.8125 0.9375
vt 0.9063 0.9375
vt 0.9063 0.6875
vt 0.9375 0.6875
vt 0.9375 0.9375
vt 0.8438 0.6875
vt 0.8438 0.9375
vt 0.8125 0.9375
vt 0.8125 0.6875
vt 0.8125 0.6875
vt 0.8125 0.7188
vt 0.9375 0.7188
vt 0.9375 0.6875
vt 0.9375 0.9063
vt 0.9375 0.9375
vt 0.8125 0.9375
vt 0.8125 0.9063
vt 0.9375 0.6875
vt 0.8125 0.6875
vt 0.8125 0.9375
vt 0.9375 0.9375
vt 0.8125 0.6875
vt 0.9375 0.6875
vt 0.9375 0.9375
vt 0.8125 0.9375
vt 0.9375 0.6875
vt 0.9063 0.6875
vt 0.9063 0.9375
vt 0.9375 0.9375
vt 0.8125 0.9375
vt 0.8438 0.9375
vt 0.8438 0.6875
vt 0.8125 0.6875
vt 0.9375 0.7188
vt 0.8125 0.7188
vt 0.8125 0.6875
vt 0.9375 0.6875
vt 0.8125 0.9375
vt 0.9375 0.9375
vt 0.9375 0.9063
vt 0.8125 0.9063
vt 0.8125 0.9375
vt 0.8125 0.6875
vt 0.9375 0.6875
vt 0.9375 0.9375
vt 0.9375 0.9375
vt 0.9375 0.6875
vt 0.8125 0.6875
vt 0.8125 0.9375
vt 0.9063 0.9375
vt 0.9063 0.6875
vt 0.9375 0.6875
vt 0.9375 0.9375
vt 0.8438 0.6875
vt 0.8438 0.9375
vt 0.8125 0.9375
vt 0.8125 0.6875
vt 0.8125 0.6875
vt 0.8125 0.7188
vt 0.9375 0.7188
vt 0.9375 0.6875
vt 0.9375 0.9063
vt 0.9375 0.9375
vt 0.8125 0.9375
vt 0.8125 0.9063
vt 0.9375 0.6875
vt 0.8125 0.6875
vt 0.8125 0.9375
vt 0.9375 0.9375
vt 0.8125 0.6875
vt 0.9375 0.6875
vt 0.9375 0.9375
vt 0.8125 0.9375
vt 0.9375 0.6875
vt 0.9063 0.6875
vt 0.9063 0.9375
vt 0.9375 0.9375
vt 0.8125 0.9375
vt 0.8438 0.9375
vt 0.8438 0.6875
vt 0.8125 0.6875
vt 0.0625 0.825
vt 0.175 0.9375
vt 0.175 0.5625
vt 0.0625 0.675
vt 0.175 0.5625
vt 0.0625 0.675
vt 0.0625 0.825
vt 0.175 0.9375
vt 0.0625 0.8125
vt 0.0938 0.8125
vt 0.0938 0.6875
vt 0.0625 0.6875
vt 0.0625 0.8125
vt 0.0938 0.8125
vt 0.0938 0.6875
vt 0.0625 0.6875
vt 0.0625 0.8125
vt 0.0938 0.8125
vt 0.0938 0.6875
vt 0.0625 0.6875
vt 0.325 0.5625
vt 0.175 0.5625
vt 0.175 0.9375
vt 0.325 0.9375
vt 0.175 0.9375
vt 0.325 0.9375
vt 0.325 0.5625
vt 0.175 0.5625
vt 0.0625 0.8125
vt 0.0938 0.8125
vt 0.0938 0.6875
vt 0.0625 0.6875
vt 0.0625 0.8125
vt 0.0938 0.8125
vt 0.0938 0.6875
vt 0.0625 0.6875
vt 0.4375 0.675
vt 0.325 0.5625
vt 0.325 0.9375
vt 0.4375 0.825
vt 0.325 0.9375
vt 0.4375 0.825
vt 0.4375 0.675
vt 0.325 0.5625
vt 0.0625 0.8125
vt 0.0938 0.8125
vt 0.0938 0.6875
vt 0.0625 0.6875
vt 0.0625 0.8125
vt 0.0938 0.8125
vt 0.0938 0.6875
vt 0.0625 0.6875
vt 0.0625 0.8125
vt 0.0938 0.8125
vt 0.0938 0.6875
vt 0.0625 0.6875
vt 0.0625 0.825
vt 0.175 0.9375
vt 0.175 0.5625
vt 0.0625 0.675
vt 0.175 0.5625
vt 0.0625 0.675
vt 0.0625 0.825
vt 0.175 0.9375
vt 0.0625 0.8125
vt 0.0938 0.8125
vt 0.0938 0.6875
vt 0.0625 0.6875
vt 0.0625 0.8125
vt 0.0938 0.8125
vt 0.0938 0.6875
vt 0.0625 0.6875
vt 0.0625 0.8125
vt 0.0938 0.8125
vt 0.0938 0.6875
vt 0.0625 0.6875
vt 0.325 0.5625
vt 0.175 0.5625
vt 0.175 0.9375
vt 0.325 0.9375
vt 0.175 0.9375
vt 0.325 0.9375
vt 0.325 0.5625
vt 0.175 0.5625
vt 0.0625 0.8125
vt 0.0938 0.8125
vt 0.0938 0.6875
vt 0.0625 0.6875
vt 0.0625 0.8125
vt 0.0938 0.8125
vt 0.0938 0.6875
vt 0.0625 0.6875
vt 0.4375 0.675
vt 0.325 0.5625
vt 0.325 0.9375
vt 0.4375 0.825
vt 0.325 0.9375
vt 0.4375 0.825
vt 0.4375 0.675
vt 0.325 0.5625
vt 0.0625 0.8125
vt 0.0938 0.8125
vt 0.0938 0.6875
vt 0.0625 0.6875
vt 0.0625 0.8125
vt 0.0938 0.8125
vt 0.0938 0.6875
vt 0.0625 0.6875
vt 0.0625 0.8125
vt 0.0938 0.8125
vt 0.0938 0.6875
vt 0.0625 0.6875
vt 0.5313 0.9375
vt 0.7188 0.9375
vt 0.7188 0.75
vt 0.5313 0.75
vt 0.5625 0.75
vt 0.5313 0.75
vt 0.5313 0.9375
vt 0.5625 0.9375
vt 0.6875 0.9375
vt 0.7188 0.9375
vt 0.7188 0.75
vt 0.6875 0.75
vt 0.5313 0.9375
vt 0.5625 0.9375
vt 0.5625 0.75
vt 0.5313 0.75
vt 0.6875 0.9375
vt 0.7188 0.9375
vt 0.7188 0.75
vt 0.6875 0.75
vt 0.7188 0.75
vt 0.7188 0.9375
vt 0.5313 0.9375
vt 0.5313 0.75
vt 0.5313 0.9375
vt 0.5313 0.75
vt 0.5625 0.75
vt 0.5625 0.9375
vt 0.7188 0.75
vt 0.7188 0.9375
vt 0.6875 0.9375
vt 0.6875 0.75
vt 0.5625 0.75
vt 0.5625 0.9375
vt 0.5313 0.9375
vt 0.5313 0.75
vt 0.7188 0.75
vt 0.7188 0.9375
vt 0.6875 0.9375
vt 0.6875 0.75
vn 0 1 0
vn 0 -1 0
vn 0 0 1
vn 0 0 -1
vn -1 0 0
vn 1 0 0
vn 0 -0.71 -0.71
vn 0 0.71 0.71
vn 0 0.71 -0.71
vn 0 -0.71 0.71
vn -1 0 0
vn 1 0 0
vn 0 0.71 -0.71
vn 0 -0.71 0.71
vn 0 -0.71 -0.71
vn 0 0.71 0.71
vn -1 0 0
vn 1 0 0
vn 0 0.71 0.71
vn 0 -0.71 -0.71
vn 0 -0.71 0.71
vn 0 0.71 -0.71
vn -1 0 0
vn 1 0 0
vn 0 -0.71 0.71
vn 0 0.71 -0.71
vn 0 0.71 0.71
vn 0 -0.71 -0.71
vn -1 0 0
vn 1 0 0
vn 0 0 -1
vn 0 0 1
vn 0 1 0
vn 0 -1 0
vn -1 0 0
vn 1 0 0
vn 0 1 0
vn 0 -1 0
vn 0 0 -1
vn 0 0 1
vn -1 0 0
vn 1 0 0
vn 0 0 1
vn 0 0 -1
vn 0 -1 0
vn 0 1 0
vn -1 0 0
vn 1 0 0
vn 0 -1 0
vn 0 1 0
vn 0 0 1
vn 0 0 -1
vn 1 0 0
vn -1 0 0
vn 0 0.71 -0.71
vn 0 -0.71 -0.71
vn 0 0 -1
vn -1 0 0
vn 1 0 0
vn 0 1 0
vn 0 -1 0
vn -1 0 0
vn 1 0 0
vn 0 0.71 0.71
vn 0 -0.71 0.71
vn 0 0 1
vn 1 0 0
vn -1 0 0
vn 0 0.71 -0.71
vn 0 -0.71 -0.71
vn 0 0 -1
vn -1 0 0
vn 1 0 0
vn 0 1 0
vn 0 -1 0
vn -1 0 0
vn 1 0 0
vn 0 0.71 0.71
vn 0 -0.71 0.71
vn 0 0 1
vn -1 0 0
vn 0 1 0
vn 0 -1 0
vn 0 0 1
vn 0 0 -1
vn 1 0 0
vn 0 1 0
vn 0 -1 0
vn 0 0 1
vn 0 0 -1
usemtl tracks14_12
f 2070/5745/1437 2066/5746/1437 2065/5747/1437 2069/5748/1437
f 2071/5749/1438 2067/5750/1438 2068/5751/1438 2072/5752/1438
f 2069/5753/1439 2065/5754/1439 2067/5755/1439 2071/5756/1439
f 2066/5757/1440 2070/5758/1440 2072/5759/1440 2068/5760/1440
f 2073/5761/1441 2074/5762/1441 2076/5763/1441 2075/5764/1441
f 2078/5765/1442 2077/5766/1442 2079/5767/1442 2080/5768/1442
f 2078/5769/1443 2074/5770/1443 2073/5771/1443 2077/5772/1443
f 2079/5773/1444 2075/5774/1444 2076/5775/1444 2080/5776/1444
f 2077/5777/1445 2073/5778/1445 2075/5779/1445 2079/5780/1445
f 2074/5781/1446 2078/5782/1446 2080/5783/1446 2076/5784/1446
f 2084/5785/1447 2082/5786/1447 2081/5787/1447 2083/5788/1447
f 2087/5789/1448 2085/5790/1448 2086/5791/1448 2088/5792/1448
f 2081/5793/1449 2082/5794/1449 2086/5795/1449 2085/5796/1449
f 2084/5797/1450 2083/5798/1450 2087/5799/1450 2088/5800/1450
f 2083/5801/1451 2081/5802/1451 2085/5803/1451 2087/5804/1451
f 2088/5805/1452 2086/5806/1452 2082/5807/1452 2084/5808/1452
f 2089/5809/1453 2090/5810/1453 2092/5811/1453 2091/5812/1453
f 2094/5813/1454 2093/5814/1454 2095/5815/1454 2096/5816/1454
f 2094/5817/1455 2090/5818/1455 2089/5819/1455 2093/5820/1455
f 2095/5821/1456 2091/5822/1456 2092/5823/1456 2096/5824/1456
f 2093/5825/1457 2089/5826/1457 2091/5827/1457 2095/5828/1457
f 2090/5829/1458 2094/5830/1458 2096/5831/1458 2092/5832/1458
f 2100/5833/1459 2098/5834/1459 2097/5835/1459 2099/5836/1459
f 2103/5837/1460 2101/5838/1460 2102/5839/1460 2104/5840/1460
f 2097/5841/1461 2098/5842/1461 2102/5843/1461 2101/5844/1461
f 2100/5845/1462 2099/5846/1462 2103/5847/1462 2104/5848/1462
f 2099/5849/1463 2097/5850/1463 2101/5851/1463 2103/5852/1463
f 2104/5853/1464 2102/5854/1464 2098/5855/1464 2100/5856/1464
f 2105/5857/1465 2106/5858/1465 2108/5859/1465 2107/5860/1465
f 2110/5861/1466 2109/5862/1466 2111/5863/1466 2112/5864/1466
f 2110/5865/1467 2106/5866/1467 2105/5867/1467 2109/5868/1467
f 2111/5869/1468 2107/5870/1468 2108/5871/1468 2112/5872/1468
f 2109/5873/1469 2105/5874/1469 2107/5875/1469 2111/5876/1469
f 2106/5877/1470 2110/5878/1470 2112/5879/1470 2108/5880/1470
f 2116/5881/1471 2114/5882/1471 2113/5883/1471 2115/5884/1471
f 2119/5885/1472 2117/5886/1472 2118/5887/1472 2120/5888/1472
f 2113/5889/1473 2114/5890/1473 2118/5891/1473 2117/5892/1473
f 2116/5893/1474 2115/5894/1474 2119/5895/1474 2120/5896/1474
f 2115/5897/1475 2113/5898/1475 2117/5899/1475 2119/5900/1475
f 2120/5901/1476 2118/5902/1476 2114/5903/1476 2116/5904/1476
f 2121/5905/1477 2122/5906/1477 2124/5907/1477 2123/5908/1477
f 2126/5909/1478 2125/5910/1478 2127/5911/1478 2128/5912/1478
f 2126/5913/1479 2122/5914/1479 2121/5915/1479 2125/5916/1479
f 2127/5917/1480 2123/5918/1480 2124/5919/1480 2128/5920/1480
f 2125/5921/1481 2121/5922/1481 2123/5923/1481 2127/5924/1481
f 2122/5925/1482 2126/5926/1482 2128/5927/1482 2124/5928/1482
f 2132/5929/1483 2130/5930/1483 2129/5931/1483 2131/5932/1483
f 2135/5933/1484 2133/5934/1484 2134/5935/1484 2136/5936/1484
f 2129/5937/1485 2130/5938/1485 2134/5939/1485 2133/5940/1485
f 2132/5941/1486 2131/5942/1486 2135/5943/1486 2136/5944/1486
f 2131/5945/1487 2129/5946/1487 2133/5947/1487 2135/5948/1487
f 2136/5949/1488 2134/5950/1488 2130/5951/1488 2132/5952/1488
f 2137/5953/1489 2138/5954/1489 2140/5955/1489 2139/5956/1489
f 2142/5957/1490 2141/5958/1490 2143/5959/1490 2144/5960/1490
f 2142/5961/1491 2138/5962/1491 2137/5963/1491 2141/5964/1491
f 2143/5965/1492 2139/5966/1492 2140/5967/1492 2144/5968/1492
f 2141/5969/1493 2137/5970/1493 2139/5971/1493 2143/5972/1493
f 2145/5973/1494 2146/5974/1494 2148/5975/1494 2147/5976/1494
f 2150/5977/1495 2149/5978/1495 2151/5979/1495 2152/5980/1495
f 2150/5981/1496 2146/5982/1496 2145/5983/1496 2149/5984/1496
f 2151/5985/1497 2147/5986/1497 2148/5987/1497 2152/5988/1497
f 2153/5989/1498 2154/5990/1498 2156/5991/1498 2155/5992/1498
f 2158/5993/1499 2157/5994/1499 2159/5995/1499 2160/5996/1499
f 2158/5997/1500 2154/5998/1500 2153/5999/1500 2157/6000/1500
f 2159/6001/1501 2155/6002/1501 2156/6003/1501 2160/6004/1501
f 2157/6005/1502 2153/6006/1502 2155/6007/1502 2159/6008/1502
f 2161/6009/1503 2162/6010/1503 2164/6011/1503 2163/6012/1503
f 2166/6013/1504 2165/6014/1504 2167/6015/1504 2168/6016/1504
f 2166/6017/1505 2162/6018/1505 2161/6019/1505 2165/6020/1505
f 2167/6021/1506 2163/6022/1506 2164/6023/1506 2168/6024/1506
f 2165/6025/1507 2161/6026/1507 2163/6027/1507 2167/6028/1507
f 2169/6029/1508 2170/6030/1508 2172/6031/1508 2171/6032/1508
f 2174/6033/1509 2173/6034/1509 2175/6035/1509 2176/6036/1509
f 2174/6037/1510 2170/6038/1510 2169/6039/1510 2173/6040/1510
f 2175/6041/1511 2171/6042/1511 2172/6043/1511 2176/6044/1511
f 2177/6045/1512 2178/6046/1512 2180/6047/1512 2179/6048/1512
f 2182/6049/1513 2181/6050/1513 2183/6051/1513 2184/6052/1513
f 2182/6053/1514 2178/6054/1514 2177/6055/1514 2181/6056/1514
f 2183/6057/1515 2179/6058/1515 2180/6059/1515 2184/6060/1515
f 2181/6061/1516 2177/6062/1516 2179/6063/1516 2183/6064/1516
f 2185/6065/1517 2186/6066/1517 2188/6067/1517 2187/6068/1517
f 2190/6069/1518 2186/6070/1518 2185/6071/1518 2189/6072/1518
f 2191/6073/1519 2187/6074/1519 2188/6075/1519 2192/6076/1519
f 2189/6077/1520 2185/6078/1520 2187/6079/1520 2191/6080/1520
f 2186/6081/1521 2190/6082/1521 2192/6083/1521 2188/6084/1521
f 2196/6085/1522 2194/6086/1522 2193/6087/1522 2195/6088/1522
f 2193/6089/1523 2194/6090/1523 2198/6091/1523 2197/6092/1523
f 2196/6093/1524 2195/6094/1524 2199/6095/1524 2200/6096/1524
f 2195/6097/1525 2193/6098/1525 2197/6099/1525 2199/6100/1525
f 2200/6101/1526 2198/6102/1526 2194/6103/1526 2196/6104/1526
o LeftWheelLead2
v -0.875 1.0625 2.25
v -0.875 1.0625 1.875
v -0.875 0.6875 2.25
v -0.875 0.6875 1.875
v -0.75 1.0625 2.25
v -0.75 1.0625 1.875
v -0.75 0.6875 2.25
v -0.75 0.6875 1.875
v -1 1.1623 2.2172
v -1 1.0297 2.3498
v -1 1.2065 2.2614
v -1 1.0739 2.394
v -0.625 1.1623 2.2172
v -0.625 1.0297 2.3498
v -0.625 1.2065 2.2614
v -0.625 1.0739 2.394
v -1 0.5877 2.2172
v -1 0.7203 2.3498
v -1 0.5435 2.2614
v -1 0.6761 2.394
v -0.625 0.5877 2.2172
v -0.625 0.7203 2.3498
v -0.625 0.5435 2.2614
v -0.625 0.6761 2.394
v -1 0.5877 1.9078
v -1 0.7203 1.7752
v -1 0.5435 1.8636
v -1 0.6761 1.731
v -0.625 0.5877 1.9078
v -0.625 0.7203 1.7752
v -0.625 0.5435 1.8636
v -0.625 0.6761 1.731
v -1 1.1623 1.9078
v -1 1.0297 1.7752
v -1 1.2065 1.8636
v -1 1.0739 1.731
v -0.625 1.1623 1.9078
v -0.625 1.0297 1.7752
v -0.625 1.2065 1.8636
v -0.625 1.0739 1.731
v -1 0.9687 2.375
v -1 0.7813 2.375
v -1 0.9687 2.4375
v -1 0.7813 2.4375
v -0.625 0.9687 2.375
v -0.625 0.7813 2.375
v -0.625 0.9687 2.4375
v -0.625 0.7813 2.4375
v -1 0.5625 1.9688
v -1 0.5625 2.1562
v -1 0.5 1.9688
v -1 0.5 2.1562
v -0.625 0.5625 1.9688
v -0.625 0.5625 2.1562
v -0.625 0.5 1.9688
v -0.625 0.5 2.1562
v -1 0.7813 1.75
v -1 0.9687 1.75
v -1 0.7813 1.6875
v -1 0.9687 1.6875
v -0.625 0.7813 1.75
v -0.625 0.9687 1.75
v -0.625 0.7813 1.6875
v -0.625 0.9687 1.6875
v -1 1.1875 2.1562
v -1 1.1875 1.9688
v -1 1.25 2.1562
v -1 1.25 1.9688
v -0.625 1.1875 2.1562
v -0.625 1.1875 1.9688
v -0.625 1.25 2.1562
v -0.625 1.25 1.9688
v -0.875 1 1.75
v -0.875 1.1875 1.9375
v -0.875 0.75 1.75
v -0.875 0.5625 1.9375
v -0.9375 1 1.75
v -0.9375 1.1875 1.9375
v -0.9375 0.75 1.75
v -0.9375 0.5625 1.9375
v -0.9375 1.1875 2.1875
v -0.9375 1.1875 1.9375
v -0.9375 0.5625 2.1875
v -0.9375 0.5625 1.9375
v -0.875 1.1875 2.1875
v -0.875 1.1875 1.9375
v -0.875 0.5625 2.1875
v -0.875 0.5625 1.9375
v -0.9375 1 2.375
v -0.9375 1.1875 2.1875
v -0.9375 0.75 2.375
v -0.9375 0.5625 2.1875
v -0.875 1 2.375
v -0.875 1.1875 2.1875
v -0.875 0.75 2.375
v -0.875 0.5625 2.1875
v -0.6875 1 1.75
v -0.6875 1.1875 1.9375
v -0.6875 0.75 1.75
v -0.6875 0.5625 1.9375
v -0.75 1 1.75
v -0.75 1.1875 1.9375
v -0.75 0.75 1.75
v -0.75 0.5625 1.9375
v -0.75 1.1875 2.1875
v -0.75 1.1875 1.9375
v -0.75 0.5625 2.1875
v -0.75 0.5625 1.9375
v -0.6875 1.1875 2.1875
v -0.6875 1.1875 1.9375
v -0.6875 0.5625 2.1875
v -0.6875 0.5625 1.9375
v -0.75 1 2.375
v -0.75 1.1875 2.1875
v -0.75 0.75 2.375
v -0.75 0.5625 2.1875
v -0.6875 1 2.375
v -0.6875 1.1875 2.1875
v -0.6875 0.75 2.375
v -0.6875 0.5625 2.1875
v -1 1.0625 2.25
v -1 1.0625 1.875
v -1 0.6875 2.25
v -1 0.6875 1.875
v -0.9375 1.0625 2.25
v -0.9375 1.0625 1.875
v -0.9375 0.6875 2.25
v -0.9375 0.6875 1.875
v -0.625 1.0625 2.25
v -0.625 1.0625 1.875
v -0.625 0.6875 2.25
v -0.625 0.6875 1.875
v -0.6875 1.0625 2.25
v -0.6875 1.0625 1.875
v -0.6875 0.6875 2.25
v -0.6875 0.6875 1.875
vt 0 0.5
vt 0.0625 0.5
vt 0.0625 0.6875
vt 0 0.6875
vt 0 0.5
vt 0.0625 0.5
vt 0.0625 0.6875
vt 0 0.6875
vt 0 0.6875
vt 0.0625 0.6875
vt 0.0625 0.5
vt 0 0.5
vt 0 0.5
vt 0.0625 0.5
vt 0.0625 0.6875
vt 0 0.6875
vt 0.9375 0.7188
vt 0.8125 0.7188
vt 0.8125 0.6875
vt 0.9375 0.6875
vt 0.8125 0.9375
vt 0.9375 0.9375
vt 0.9375 0.9063
vt 0.8125 0.9063
vt 0.8125 0.9375
vt 0.8125 0.6875
vt 0.9375 0.6875
vt 0.9375 0.9375
vt 0.9375 0.9375
vt 0.9375 0.6875
vt 0.8125 0.6875
vt 0.8125 0.9375
vt 0.9063 0.9375
vt 0.9063 0.6875
vt 0.9375 0.6875
vt 0.9375 0.9375
vt 0.8438 0.6875
vt 0.8438 0.9375
vt 0.8125 0.9375
vt 0.8125 0.6875
vt 0.8125 0.6875
vt 0.8125 0.7188
vt 0.9375 0.7188
vt 0.9375 0.6875
vt 0.9375 0.9063
vt 0.9375 0.9375
vt 0.8125 0.9375
vt 0.8125 0.9063
vt 0.9375 0.6875
vt 0.8125 0.6875
vt 0.8125 0.9375
vt 0.9375 0.9375
vt 0.8125 0.6875
vt 0.9375 0.6875
vt 0.9375 0.9375
vt 0.8125 0.9375
vt 0.9375 0.6875
vt 0.9063 0.6875
vt 0.9063 0.9375
vt 0.9375 0.9375
vt 0.8125 0.9375
vt 0.8438 0.9375
vt 0.8438 0.6875
vt 0.8125 0.6875
vt 0.9375 0.7188
vt 0.8125 0.7188
vt 0.8125 0.6875
vt 0.9375 0.6875
vt 0.8125 0.9375
vt 0.9375 0.9375
vt 0.9375 0.9063
vt 0.8125 0.9063
vt 0.8125 0.9375
vt 0.8125 0.6875
vt 0.9375 0.6875
vt 0.9375 0.9375
vt 0.9375 0.9375
vt 0.9375 0.6875
vt 0.8125 0.6875
vt 0.8125 0.9375
vt 0.9063 0.9375
vt 0.9063 0.6875
vt 0.9375 0.6875
vt 0.9375 0.9375
vt 0.8438 0.6875
vt 0.8438 0.9375
vt 0.8125 0.9375
vt 0.8125 0.6875
vt 0.8125 0.6875
vt 0.8125 0.7188
vt 0.9375 0.7188
vt 0.9375 0.6875
vt 0.9375 0.9063
vt 0.9375 0.9375
vt 0.8125 0.9375
vt 0.8125 0.9063
vt 0.9375 0.6875
vt 0.8125 0.6875
vt 0.8125 0.9375
vt 0.9375 0.9375
vt 0.8125 0.6875
vt 0.9375 0.6875
vt 0.9375 0.9375
vt 0.8125 0.9375
vt 0.9375 0.6875
vt 0.9063 0.6875
vt 0.9063 0.9375
vt 0.9375 0.9375
vt 0.8125 0.9375
vt 0.8438 0.9375
vt 0.8438 0.6875
vt 0.8125 0.6875
vt 0.9375 0.7188
vt 0.8125 0.7188
vt 0.8125 0.6875
vt 0.9375 0.6875
vt 0.8125 0.9375
vt 0.9375 0.9375
vt 0.9375 0.9063
vt 0.8125 0.9063
vt 0.8125 0.9375
vt 0.8125 0.6875
vt 0.9375 0.6875
vt 0.9375 0.9375
vt 0.9375 0.9375
vt 0.9375 0.6875
vt 0.8125 0.6875
vt 0.8125 0.9375
vt 0.9063 0.9375
vt 0.9063 0.6875
vt 0.9375 0.6875
vt 0.9375 0.9375
vt 0.8438 0.6875
vt 0.8438 0.9375
vt 0.8125 0.9375
vt 0.8125 0.6875
vt 0.8125 0.6875
vt 0.8125 0.7188
vt 0.9375 0.7188
vt 0.9375 0.6875
vt 0.9375 0.9063
vt 0.9375 0.9375
vt 0.8125 0.9375
vt 0.8125 0.9063
vt 0.9375 0.6875
vt 0.8125 0.6875
vt 0.8125 0.9375
vt 0.9375 0.9375
vt 0.8125 0.6875
vt 0.9375 0.6875
vt 0.9375 0.9375
vt 0.8125 0.9375
vt 0.9375 0.6875
vt 0.9063 0.6875
vt 0.9063 0.9375
vt 0.9375 0.9375
vt 0.8125 0.9375
vt 0.8438 0.9375
vt 0.8438 0.6875
vt 0.8125 0.6875
vt 0.9375 0.7188
vt 0.8125 0.7188
vt 0.8125 0.6875
vt 0.9375 0.6875
vt 0.8125 0.9375
vt 0.9375 0.9375
vt 0.9375 0.9063
vt 0.8125 0.9063
vt 0.8125 0.9375
vt 0.8125 0.6875
vt 0.9375 0.6875
vt 0.9375 0.9375
vt 0.9375 0.9375
vt 0.9375 0.6875
vt 0.8125 0.6875
vt 0.8125 0.9375
vt 0.9063 0.9375
vt 0.9063 0.6875
vt 0.9375 0.6875
vt 0.9375 0.9375
vt 0.8438 0.6875
vt 0.8438 0.9375
vt 0.8125 0.9375
vt 0.8125 0.6875
vt 0.8125 0.6875
vt 0.8125 0.7188
vt 0.9375 0.7188
vt 0.9375 0.6875
vt 0.9375 0.9063
vt 0.9375 0.9375
vt 0.8125 0.9375
vt 0.8125 0.9063
vt 0.9375 0.6875
vt 0.8125 0.6875
vt 0.8125 0.9375
vt 0.9375 0.9375
vt 0.8125 0.6875
vt 0.9375 0.6875
vt 0.9375 0.9375
vt 0.8125 0.9375
vt 0.9375 0.6875
vt 0.9063 0.6875
vt 0.9063 0.9375
vt 0.9375 0.9375
vt 0.8125 0.9375
vt 0.8438 0.9375
vt 0.8438 0.6875
vt 0.8125 0.6875
vt 0.0625 0.825
vt 0.175 0.9375
vt 0.175 0.5625
vt 0.0625 0.675
vt 0.175 0.5625
vt 0.0625 0.675
vt 0.0625 0.825
vt 0.175 0.9375
vt 0.0625 0.8125
vt 0.0938 0.8125
vt 0.0938 0.6875
vt 0.0625 0.6875
vt 0.0625 0.8125
vt 0.0938 0.8125
vt 0.0938 0.6875
vt 0.0625 0.6875
vt 0.0625 0.8125
vt 0.0938 0.8125
vt 0.0938 0.6875
vt 0.0625 0.6875
vt 0.325 0.5625
vt 0.175 0.5625
vt 0.175 0.9375
vt 0.325 0.9375
vt 0.175 0.9375
vt 0.325 0.9375
vt 0.325 0.5625
vt 0.175 0.5625
vt 0.0625 0.8125
vt 0.0938 0.8125
vt 0.0938 0.6875
vt 0.0625 0.6875
vt 0.0625 0.8125
vt 0.0938 0.8125
vt 0.0938 0.6875
vt 0.0625 0.6875
vt 0.4375 0.675
vt 0.325 0.5625
vt 0.325 0.9375
vt 0.4375 0.825
vt 0.325 0.9375
vt 0.4375 0.825
vt 0.4375 0.675
vt 0.325 0.5625
vt 0.0625 0.8125
vt 0.0938 0.8125
vt 0.0938 0.6875
vt 0.0625 0.6875
vt 0.0625 0.8125
vt 0.0938 0.8125
vt 0.0938 0.6875
vt 0.0625 0.6875
vt 0.0625 0.8125
vt 0.0938 0.8125
vt 0.0938 0.6875
vt 0.0625 0.6875
vt 0.0625 0.825
vt 0.175 0.9375
vt 0.175 0.5625
vt 0.0625 0.675
vt 0.175 0.5625
vt 0.0625 0.675
vt 0.0625 0.825
vt 0.175 0.9375
vt 0.0625 0.8125
vt 0.0938 0.8125
vt 0.0938 0.6875
vt 0.0625 0.6875
vt 0.0625 0.8125
vt 0.0938 0.8125
vt 0.0938 0.6875
vt 0.0625 0.6875
vt 0.0625 0.8125
vt 0.0938 0.8125
vt 0.0938 0.6875
vt 0.0625 0.6875
vt 0.325 0.5625
vt 0.175 0.5625
vt 0.175 0.9375
vt 0.325 0.9375
vt 0.175 0.9375
vt 0.325 0.9375
vt 0.325 0.5625
vt 0.175 0.5625
vt 0.0625 0.8125
vt 0.0938 0.8125
vt 0.0938 0.6875
vt 0.0625 0.6875
vt 0.0625 0.8125
vt 0.0938 0.8125
vt 0.0938 0.6875
vt 0.0625 0.6875
vt 0.4375 0.675
vt 0.325 0.5625
vt 0.325 0.9375
vt 0.4375 0.825
vt 0.325 0.9375
vt 0.4375 0.825
vt 0.4375 0.675
vt 0.325 0.5625
vt 0.0625 0.8125
vt 0.0938 0.8125
vt 0.0938 0.6875
vt 0.0625 0.6875
vt 0.0625 0.8125
vt 0.0938 0.8125
vt 0.0938 0.6875
vt 0.0625 0.6875
vt 0.0625 0.8125
vt 0.0938 0.8125
vt 0.0938 0.6875
vt 0.0625 0.6875
vt 0.5313 0.9375
vt 0.7188 0.9375
vt 0.7188 0.75
vt 0.5313 0.75
vt 0.5625 0.75
vt 0.5313 0.75
vt 0.5313 0.9375
vt 0.5625 0.9375
vt 0.6875 0.9375
vt 0.7188 0.9375
vt 0.7188 0.75
vt 0.6875 0.75
vt 0.5313 0.9375
vt 0.5625 0.9375
vt 0.5625 0.75
vt 0.5313 0.75
vt 0.6875 0.9375
vt 0.7188 0.9375
vt 0.7188 0.75
vt 0.6875 0.75
vt 0.7188 0.75
vt 0.7188 0.9375
vt 0.5313 0.9375
vt 0.5313 0.75
vt 0.5313 0.9375
vt 0.5313 0.75
vt 0.5625 0.75
vt 0.5625 0.9375
vt 0.7188 0.75
vt 0.7188 0.9375
vt 0.6875 0.9375
vt 0.6875 0.75
vt 0.5625 0.75
vt 0.5625 0.9375
vt 0.5313 0.9375
vt 0.5313 0.75
vt 0.7188 0.75
vt 0.7188 0.9375
vt 0.6875 0.9375
vt 0.6875 0.75
vn 0 1 0
vn 0 -1 0
vn 0 0 1
vn 0 0 -1
vn -1 0 0
vn 1 0 0
vn 0 -0.71 -0.71
vn 0 0.71 0.71
vn 0 0.71 -0.71
vn 0 -0.71 0.71
vn -1 0 0
vn 1 0 0
vn 0 0.71 -0.71
vn 0 -0.71 0.71
vn 0 -0.71 -0.71
vn 0 0.71 0.71
vn -1 0 0
vn 1 0 0
vn 0 0.71 0.71
vn 0 -0.71 -0.71
vn 0 -0.71 0.71
vn 0 0.71 -0.71
vn -1 0 0
vn 1 0 0
vn 0 -0.71 0.71
vn 0 0.71 -0.71
vn 0 0.71 0.71
vn 0 -0.71 -0.71
vn -1 0 0
vn 1 0 0
vn 0 0 -1
vn 0 0 1
vn 0 1 0
vn 0 -1 0
vn -1 0 0
vn 1 0 0
vn 0 1 0
vn 0 -1 0
vn 0 0 -1
vn 0 0 1
vn -1 0 0
vn 1 0 0
vn 0 0 1
vn 0 0 -1
vn 0 -1 0
vn 0 1 0
vn -1 0 0
vn 1 0 0
vn 0 -1 0
vn 0 1 0
vn 0 0 1
vn 0 0 -1
vn 1 0 0
vn -1 0 0
vn 0 0.71 -0.71
vn 0 -0.71 -0.71
vn 0 0 -1
vn -1 0 0
vn 1 0 0
vn 0 1 0
vn 0 -1 0
vn -1 0 0
vn 1 0 0
vn 0 0.71 0.71
vn 0 -0.71 0.71
vn 0 0 1
vn 1 0 0
vn -1 0 0
vn 0 0.71 -0.71
vn 0 -0.71 -0.71
vn 0 0 -1
vn -1 0 0
vn 1 0 0
vn 0 1 0
vn 0 -1 0
vn -1 0 0
vn 1 0 0
vn 0 0.71 0.71
vn 0 -0.71 0.71
vn 0 0 1
vn -1 0 0
vn 0 1 0
vn 0 -1 0
vn 0 0 1
vn 0 0 -1
vn 1 0 0
vn 0 1 0
vn 0 -1 0
vn 0 0 1
vn 0 0 -1
usemtl tracks14_12
f 2206/6105/1527 2202/6106/1527 2201/6107/1527 2205/6108/1527
f 2207/6109/1528 2203/6110/1528 2204/6111/1528 2208/6112/1528
f 2205/6113/1529 2201/6114/1529 2203/6115/1529 2207/6116/1529
f 2202/6117/1530 2206/6118/1530 2208/6119/1530 2204/6120/1530
f 2209/6121/1531 2210/6122/1531 2212/6123/1531 2211/6124/1531
f 2214/6125/1532 2213/6126/1532 2215/6127/1532 2216/6128/1532
f 2214/6129/1533 2210/6130/1533 2209/6131/1533 2213/6132/1533
f 2215/6133/1534 2211/6134/1534 2212/6135/1534 2216/6136/1534
f 2213/6137/1535 2209/6138/1535 2211/6139/1535 2215/6140/1535
f 2210/6141/1536 2214/6142/1536 2216/6143/1536 2212/6144/1536
f 2220/6145/1537 2218/6146/1537 2217/6147/1537 2219/6148/1537
f 2223/6149/1538 2221/6150/1538 2222/6151/1538 2224/6152/1538
f 2217/6153/1539 2218/6154/1539 2222/6155/1539 2221/6156/1539
f 2220/6157/1540 2219/6158/1540 2223/6159/1540 2224/6160/1540
f 2219/6161/1541 2217/6162/1541 2221/6163/1541 2223/6164/1541
f 2224/6165/1542 2222/6166/1542 2218/6167/1542 2220/6168/1542
f 2225/6169/1543 2226/6170/1543 2228/6171/1543 2227/6172/1543
f 2230/6173/1544 2229/6174/1544 2231/6175/1544 2232/6176/1544
f 2230/6177/1545 2226/6178/1545 2225/6179/1545 2229/6180/1545
f 2231/6181/1546 2227/6182/1546 2228/6183/1546 2232/6184/1546
f 2229/6185/1547 2225/6186/1547 2227/6187/1547 2231/6188/1547
f 2226/6189/1548 2230/6190/1548 2232/6191/1548 2228/6192/1548
f 2236/6193/1549 2234/6194/1549 2233/6195/1549 2235/6196/1549
f 2239/6197/1550 2237/6198/1550 2238/6199/1550 2240/6200/1550
f 2233/6201/1551 2234/6202/1551 2238/6203/1551 2237/6204/1551
f 2236/6205/1552 2235/6206/1552 2239/6207/1552 2240/6208/1552
f 2235/6209/1553 2233/6210/1553 2237/6211/1553 2239/6212/1553
f 2240/6213/1554 2238/6214/1554 2234/6215/1554 2236/6216/1554
f 2241/6217/1555 2242/6218/1555 2244/6219/1555 2243/6220/1555
f 2246/6221/1556 2245/6222/1556 2247/6223/1556 2248/6224/1556
f 2246/6225/1557 2242/6226/1557 2241/6227/1557 2245/6228/1557
f 2247/6229/1558 2243/6230/1558 2244/6231/1558 2248/6232/1558
f 2245/6233/1559 2241/6234/1559 2243/6235/1559 2247/6236/1559
f 2242/6237/1560 2246/6238/1560 2248/6239/1560 2244/6240/1560
f 2252/6241/1561 2250/6242/1561 2249/6243/1561 2251/6244/1561
f 2255/6245/1562 2253/6246/1562 2254/6247/1562 2256/6248/1562
f 2249/6249/1563 2250/6250/1563 2254/6251/1563 2253/6252/1563
f 2252/6253/1564 2251/6254/1564 2255/6255/1564 2256/6256/1564
f 2251/6257/1565 2249/6258/1565 2253/6259/1565 2255/6260/1565
f 2256/6261/1566 2254/6262/1566 2250/6263/1566 2252/6264/1566
f 2257/6265/1567 2258/6266/1567 2260/6267/1567 2259/6268/1567
f 2262/6269/1568 2261/6270/1568 2263/6271/1568 2264/6272/1568
f 2262/6273/1569 2258/6274/1569 2257/6275/1569 2261/6276/1569
f 2263/6277/1570 2259/6278/1570 2260/6279/1570 2264/6280/1570
f 2261/6281/1571 2257/6282/1571 2259/6283/1571 2263/6284/1571
f 2258/6285/1572 2262/6286/1572 2264/6287/1572 2260/6288/1572
f 2268/6289/1573 2266/6290/1573 2265/6291/1573 2267/6292/1573
f 2271/6293/1574 2269/6294/1574 2270/6295/1574 2272/6296/1574
f 2265/6297/1575 2266/6298/1575 2270/6299/1575 2269/6300/1575
f 2268/6301/1576 2267/6302/1576 2271/6303/1576 2272/6304/1576
f 2267/6305/1577 2265/6306/1577 2269/6307/1577 2271/6308/1577
f 2272/6309/1578 2270/6310/1578 2266/6311/1578 2268/6312/1578
f 2273/6313/1579 2274/6314/1579 2276/6315/1579 2275/6316/1579
f 2278/6317/1580 2277/6318/1580 2279/6319/1580 2280/6320/1580
f 2278/6321/1581 2274/6322/1581 2273/6323/1581 2277/6324/1581
f 2279/6325/1582 2275/6326/1582 2276/6327/1582 2280/6328/1582
f 2277/6329/1583 2273/6330/1583 2275/6331/1583 2279/6332/1583
f 2281/6333/1584 2282/6334/1584 2284/6335/1584 2283/6336/1584
f 2286/6337/1585 2285/6338/1585 2287/6339/1585 2288/6340/1585
f 2286/6341/1586 2282/6342/1586 2281/6343/1586 2285/6344/1586
f 2287/6345/1587 2283/6346/1587 2284/6347/1587 2288/6348/1587
f 2289/6349/1588 2290/6350/1588 2292/6351/1588 2291/6352/1588
f 2294/6353/1589 2293/6354/1589 2295/6355/1589 2296/6356/1589
f 2294/6357/1590 2290/6358/1590 2289/6359/1590 2293/6360/1590
f 2295/6361/1591 2291/6362/1591 2292/6363/1591 2296/6364/1591
f 2293/6365/1592 2289/6366/1592 2291/6367/1592 2295/6368/1592
f 2297/6369/1593 2298/6370/1593 2300/6371/1593 2299/6372/1593
f 2302/6373/1594 2301/6374/1594 2303/6375/1594 2304/6376/1594
f 2302/6377/1595 2298/6378/1595 2297/6379/1595 2301/6380/1595
f 2303/6381/1596 2299/6382/1596 2300/6383/1596 2304/6384/1596
f 2301/6385/1597 2297/6386/1597 2299/6387/1597 2303/6388/1597
f 2305/6389/1598 2306/6390/1598 2308/6391/1598 2307/6392/1598
f 2310/6393/1599 2309/6394/1599 2311/6395/1599 2312/6396/1599
f 2310/6397/1600 2306/6398/1600 2305/6399/1600 2309/6400/1600
f 2311/6401/1601 2307/6402/1601 2308/6403/1601 2312/6404/1601
f 2313/6405/1602 2314/6406/1602 2316/6407/1602 2315/6408/1602
f 2318/6409/1603 2317/6410/1603 2319/6411/1603 2320/6412/1603
f 2318/6413/1604 2314/6414/1604 2313/6415/1604 2317/6416/1604
f 2319/6417/1605 2315/6418/1605 2316/6419/1605 2320/6420/1605
f 2317/6421/1606 2313/6422/1606 2315/6423/1606 2319/6424/1606
f 2321/6425/1607 2322/6426/1607 2324/6427/1607 2323/6428/1607
f 2326/6429/1608 2322/6430/1608 2321/6431/1608 2325/6432/1608
f 2327/6433/1609 2323/6434/1609 2324/6435/1609 2328/6436/1609
f 2325/6437/1610 2321/6438/1610 2323/6439/1610 2327/6440/1610
f 2322/6441/1611 2326/6442/1611 2328/6443/1611 2324/6444/1611
f 2332/6445/1612 2330/6446/1612 2329/6447/1612 2331/6448/1612
f 2329/6449/1613 2330/6450/1613 2334/6451/1613 2333/6452/1613
f 2332/6453/1614 2331/6454/1614 2335/6455/1614 2336/6456/1614
f 2331/6457/1615 2329/6458/1615 2333/6459/1615 2335/6460/1615
f 2336/6461/1616 2334/6462/1616 2330/6463/1616 2332/6464/1616
o wheel_right1
v 1 0.6246 0.6542
v 1 0.6246 0.2801
v 1 0.2504 0.6542
v 1 0.2504 0.2801
v 0.9583 0.6246 0.6542
v 0.9583 0.6246 0.2801
v 0.9583 0.2504 0.6542
v 0.9583 0.2504 0.2801
v 0.9583 0.2836 0.8341
v 0.625 0.2836 0.8341
v 0.9583 0.5914 0.8341
v 0.625 0.5914 0.8341
v 0.9583 0.8091 0.6164
v 0.625 0.8091 0.6164
v 0.9583 0.8091 0.3086
v 0.625 0.8091 0.3086
v 0.9583 0.5914 0.0909
v 0.625 0.5914 0.0909
v 0.9583 0.2836 0.0909
v 0.625 0.2836 0.0909
v 0.9583 0.0659 0.3086
v 0.625 0.0659 0.3086
v 0.9583 0.0659 0.6164
v 0.625 0.0659 0.6164
vt 0.2813 0.2188
vt 0.2813 0.4063
vt 0.4688 0.4063
vt 0.4688 0.2188
vt 0.4688 0.4063
vt 0.2813 0.4063
vt 0.2813 0.375
vt 0.4688 0.375
vt 0.4688 0.25
vt 0.2813 0.25
vt 0.2813 0.2188
vt 0.4688 0.2188
vt 0.2813 0.2188
vt 0.2813 0.4063
vt 0.3125 0.4063
vt 0.3125 0.2188
vt 0.4375 0.2188
vt 0.4375 0.4063
vt 0.4688 0.4063
vt 0.4688 0.2188
vt 0 0.2188
vt 0.1875 0.2188
vt 0.1875 0.4063
vt 0 0.4063
vt 0 0.2188
vt 0.1875 0.2188
vt 0.1875 0.4063
vt 0 0.4063
vt 0 0.2188
vt 0.1875 0.2188
vt 0.1875 0.4063
vt 0 0.4063
vt 0 0.2188
vt 0.1875 0.2188
vt 0.1875 0.4063
vt 0 0.4063
vt 0 0.2188
vt 0.1875 0.2188
vt 0.1875 0.4063
vt 0 0.4063
vt 0 0.2188
vt 0.1875 0.2188
vt 0.1875 0.4063
vt 0 0.4063
vt 0 0.2188
vt 0.1875 0.2188
vt 0.1875 0.4063
vt 0 0.4063
vt 0 0.2188
vt 0.1875 0.2188
vt 0.1875 0.4063
vt 0 0.4063
vt 0.8438 0.5313
vt 0.6563 0.5313
vt 0.5313 0.4063
vt 0.9688 0.4063
vt 0.5313 0.4063
vt 0.5313 0.2188
vt 0.9688 0.2188
vt 0.9688 0.4063
vt 0.5313 0.2188
vt 0.6563 0.0938
vt 0.8438 0.0938
vt 0.9688 0.2188
vt 0.5313 0.4063
vt 0.9688 0.4063
vt 0.8438 0.5313
vt 0.6563 0.5313
vt 0.5313 0.4063
vt 0.5313 0.2188
vt 0.9688 0.2188
vt 0.9688 0.4063
vt 0.8438 0.0938
vt 0.9688 0.2188
vt 0.5313 0.2188
vt 0.6563 0.0938
vn 1 0 0
vn 0 1 0
vn 0 -1 0
vn 0 0 1
vn 0 0 -1
vn 0 0 1
vn 0 0.71 0.71
vn 0 1 0
vn 0 0.71 -0.71
vn 0 0 -1
vn 0 -0.71 -0.71
vn 0 -1 0
vn 0 -0.71 0.71
vn 1 0 0
vn 1 0 0
vn 1 0 0
vn -1 0 0
vn -1 0 0
vn -1 0 0
usemtl tracks16_14
f 2340/6465/1617 2338/6466/1617 2337/6467/1617 2339/6468/1617
f 2337/6469/1618 2338/6470/1618 2342/6471/1618 2341/6472/1618
f 2340/6473/1619 2339/6474/1619 2343/6475/1619 2344/6476/1619
f 2339/6477/1620 2337/6478/1620 2341/6479/1620 2343/6480/1620
f 2344/6481/1621 2342/6482/1621 2338/6483/1621 2340/6484/1621
f 2345/6485/1622 2347/6486/1622 2348/6487/1622 2346/6488/1622
f 2347/6489/1623 2349/6490/1623 2350/6491/1623 2348/6492/1623
f 2349/6493/1624 2351/6494/1624 2352/6495/1624 2350/6496/1624
f 2351/6497/1625 2353/6498/1625 2354/6499/1625 2352/6500/1625
f 2353/6501/1626 2355/6502/1626 2356/6503/1626 2354/6504/1626
f 2355/6505/1627 2357/6506/1627 2358/6507/1627 2356/6508/1627
f 2357/6509/1628 2359/6510/1628 2360/6511/1628 2358/6512/1628
f 2359/6513/1629 2345/6514/1629 2346/6515/1629 2360/6516/1629
f 2351/6517/1630 2349/6518/1630 2347/6519/1630 2353/6520/1630
f 2355/6521/1631 2353/6522/1631 2347/6523/1631 2345/6524/1631
f 2345/6525/1632 2359/6526/1632 2357/6527/1632 2355/6528/1632
f 2354/6529/1633 2348/6530/1633 2350/6531/1633 2352/6532/1633
f 2354/6533/1634 2356/6534/1634 2346/6535/1634 2348/6536/1634
f 2360/6537/1635 2346/6538/1635 2356/6539/1635 2358/6540/1635
o sspension1
v 0.625 0.9375 0.5938
v 0.625 0.9375 0.3438
v 0.625 0.3125 0.5938
v 0.625 0.3125 0.3438
v 0.5625 0.9375 0.5938
v 0.5625 0.9375 0.3438
v 0.5625 0.3125 0.5938
v 0.5625 0.3125 0.3438
v 0.625 0.9375 0.4688
v 0.625 0.3125 0.4688
v 0.5625 0.3125 0.4688
v 0.5625 0.9375 0.4688
v 0.625 0.625 0.4688
v 0.625 0.625 0.3438
v 0.5625 0.625 0.3438
v 0.5625 0.625 0.4688
v 0.5625 0.625 0.5938
v 0.625 0.625 0.5938
vt 0.7969 0.25
vt 0.7969 0.3281
vt 0.7656 0.3281
vt 0.7656 0.25
vt 1 0.25
vt 1 0.3281
vt 0.9688 0.3281
vt 0.9688 0.25
vt 0.0156 0.9375
vt 0.0156 0.9688
vt 0 0.9688
vt 0 0.9375
vt 0 1
vt 0 0.9688
vt 0.0156 0.9688
vt 0.0156 1
vt 0.0156 0.8438
vt 0.0156 0.9219
vt 0 0.9219
vt 0 0.8438
vt 0.0156 0.8438
vt 0.0156 0.9219
vt 0 0.9219
vt 0 0.8438
vt 1 0.25
vt 1 0.3281
vt 0.9688 0.3281
vt 0.9688 0.25
vt 0.0156 0.9375
vt 0.0156 0.9688
vt 0 0.9688
vt 0 0.9375
vt 0.7969 0.25
vt 0.7969 0.3281
vt 0.7656 0.3281
vt 0.7656 0.25
vt 0 1
vt 0 0.9688
vt 0.0156 0.9688
vt 0.0156 1
vt 0.9688 1
vt 0.9688 0.9219
vt 1 0.9219
vt 1 1
vt 0 1
vt 0 0.9219
vt 0.0156 0.9219
vt 0.0156 1
vt 0.7656 1
vt 0.7656 0.9219
vt 0.7969 0.9219
vt 0.7969 1
vt 0.9688 1
vt 0.9688 0.9219
vt 1 0.9219
vt 1 1
vt 0 1
vt 0 0.9219
vt 0.0156 0.9219
vt 0.0156 1
vt 0.7656 1
vt 0.7656 0.9219
vt 0.7969 0.9219
vt 0.7969 1
vn 1 0 0
vn -1 0 0
vn 0 1 0
vn 0 -1 0
vn 0 0 1
vn 0 0 -1
vn 1 0 0
vn 0 -1 0
vn -1 0 0
vn 0 1 0
vn 1 0 0
vn 0 0 -1
vn -1 0 0
vn -1 0 0
vn 0 0 1
vn 1 0 0
usemtl common_rough_steel
f 2370/6541/1636 2373/6542/1636 2378/6543/1636 2363/6544/1636
f 2367/6545/1637 2377/6546/1637 2376/6547/1637 2371/6548/1637
f 2361/6549/1638 2369/6550/1638 2372/6551/1638 2365/6552/1638
f 2367/6553/1639 2371/6554/1639 2370/6555/1639 2363/6556/1639
f 2363/6557/1640 2378/6558/1640 2377/6559/1640 2367/6560/1640
f 2368/6561/1641 2375/6562/1641 2374/6563/1641 2364/6564/1641
f 2364/6565/1642 2374/6566/1642 2373/6567/1642 2370/6568/1642
f 2364/6569/1643 2370/6570/1643 2371/6571/1643 2368/6572/1643
f 2371/6573/1644 2376/6574/1644 2375/6575/1644 2368/6576/1644
f 2366/6577/1645 2372/6578/1645 2369/6579/1645 2362/6580/1645
f 2369/6581/1646 2373/6582/1646 2374/6583/1646 2362/6584/1646
f 2362/6585/1647 2374/6586/1647 2375/6587/1647 2366/6588/1647
f 2366/6589/1648 2375/6590/1648 2376/6591/1648 2372/6592/1648
f 2372/6593/1649 2376/6594/1649 2377/6595/1649 2365/6596/1649
f 2365/6597/1650 2377/6598/1650 2378/6599/1650 2361/6600/1650
f 2361/6601/1651 2378/6602/1651 2373/6603/1651 2369/6604/1651
o wheel_right2
v 1 0.6246 1.4667
v 1 0.6246 1.0926
v 1 0.2504 1.4667
v 1 0.2504 1.0926
v 0.9583 0.6246 1.4667
v 0.9583 0.6246 1.0926
v 0.9583 0.2504 1.4667
v 0.9583 0.2504 1.0926
v 0.9583 0.2836 1.6466
v 0.625 0.2836 1.6466
v 0.9583 0.5914 1.6466
v 0.625 0.5914 1.6466
v 0.9583 0.8091 1.4289
v 0.625 0.8091 1.4289
v 0.9583 0.8091 1.1211
v 0.625 0.8091 1.1211
v 0.9583 0.5914 0.9034
v 0.625 0.5914 0.9034
v 0.9583 0.2836 0.9034
v 0.625 0.2836 0.9034
v 0.9583 0.0659 1.1211
v 0.625 0.0659 1.1211
v 0.9583 0.0659 1.4289
v 0.625 0.0659 1.4289
vt 0.2813 0.2188
vt 0.2813 0.4063
vt 0.4688 0.4063
vt 0.4688 0.2188
vt 0.4688 0.4063
vt 0.2813 0.4063
vt 0.2813 0.375
vt 0.4688 0.375
vt 0.4688 0.25
vt 0.2813 0.25
vt 0.2813 0.2188
vt 0.4688 0.2188
vt 0.2813 0.2188
vt 0.2813 0.4063
vt 0.3125 0.4063
vt 0.3125 0.2188
vt 0.4375 0.2188
vt 0.4375 0.4063
vt 0.4688 0.4063
vt 0.4688 0.2188
vt 0 0.2188
vt 0.1875 0.2188
vt 0.1875 0.4063
vt 0 0.4063
vt 0 0.2188
vt 0.1875 0.2188
vt 0.1875 0.4063
vt 0 0.4063
vt 0 0.2188
vt 0.1875 0.2188
vt 0.1875 0.4063
vt 0 0.4063
vt 0 0.2188
vt 0.1875 0.2188
vt 0.1875 0.4063
vt 0 0.4063
vt 0 0.2188
vt 0.1875 0.2188
vt 0.1875 0.4063
vt 0 0.4063
vt 0 0.2188
vt 0.1875 0.2188
vt 0.1875 0.4063
vt 0 0.4063
vt 0 0.2188
vt 0.1875 0.2188
vt 0.1875 0.4063
vt 0 0.4063
vt 0 0.2188
vt 0.1875 0.2188
vt 0.1875 0.4063
vt 0 0.4063
vt 0.8438 0.5313
vt 0.6563 0.5313
vt 0.5313 0.4063
vt 0.9688 0.4063
vt 0.5313 0.4063
vt 0.5313 0.2188
vt 0.9688 0.2188
vt 0.9688 0.4063
vt 0.5313 0.2188
vt 0.6563 0.0938
vt 0.8438 0.0938
vt 0.9688 0.2188
vt 0.5313 0.4063
vt 0.9688 0.4063
vt 0.8438 0.5313
vt 0.6563 0.5313
vt 0.5313 0.4063
vt 0.5313 0.2188
vt 0.9688 0.2188
vt 0.9688 0.4063
vt 0.8438 0.0938
vt 0.9688 0.2188
vt 0.5313 0.2188
vt 0.6563 0.0938
vn 1 0 0
vn 0 1 0
vn 0 -1 0
vn 0 0 1
vn 0 0 -1
vn 0 0 1
vn 0 0.71 0.71
vn 0 1 0
vn 0 0.71 -0.71
vn 0 0 -1
vn 0 -0.71 -0.71
vn 0 -1 0
vn 0 -0.71 0.71
vn 1 0 0
vn 1 0 0
vn 1 0 0
vn -1 0 0
vn -1 0 0
vn -1 0 0
usemtl tracks16_14
f 2382/6605/1652 2380/6606/1652 2379/6607/1652 2381/6608/1652
f 2379/6609/1653 2380/6610/1653 2384/6611/1653 2383/6612/1653
f 2382/6613/1654 2381/6614/1654 2385/6615/1654 2386/6616/1654
f 2381/6617/1655 2379/6618/1655 2383/6619/1655 2385/6620/1655
f 2386/6621/1656 2384/6622/1656 2380/6623/1656 2382/6624/1656
f 2387/6625/1657 2389/6626/1657 2390/6627/1657 2388/6628/1657
f 2389/6629/1658 2391/6630/1658 2392/6631/1658 2390/6632/1658
f 2391/6633/1659 2393/6634/1659 2394/6635/1659 2392/6636/1659
f 2393/6637/1660 2395/6638/1660 2396/6639/1660 2394/6640/1660
f 2395/6641/1661 2397/6642/1661 2398/6643/1661 2396/6644/1661
f 2397/6645/1662 2399/6646/1662 2400/6647/1662 2398/6648/1662
f 2399/6649/1663 2401/6650/1663 2402/6651/1663 2400/6652/1663
f 2401/6653/1664 2387/6654/1664 2388/6655/1664 2402/6656/1664
f 2393/6657/1665 2391/6658/1665 2389/6659/1665 2395/6660/1665
f 2397/6661/1666 2395/6662/1666 2389/6663/1666 2387/6664/1666
f 2387/6665/1667 2401/6666/1667 2399/6667/1667 2397/6668/1667
f 2396/6669/1668 2390/6670/1668 2392/6671/1668 2394/6672/1668
f 2396/6673/1669 2398/6674/1669 2388/6675/1669 2390/6676/1669
f 2402/6677/1670 2388/6678/1670 2398/6679/1670 2400/6680/1670
o sspension2
v 0.625 0.9375 1.4063
v 0.625 0.9375 1.1563
v 0.625 0.3125 1.4063
v 0.625 0.3125 1.1563
v 0.5625 0.9375 1.4063
v 0.5625 0.9375 1.1563
v 0.5625 0.3125 1.4063
v 0.5625 0.3125 1.1563
v 0.625 0.9375 1.2813
v 0.625 0.3125 1.2813
v 0.5625 0.3125 1.2813
v 0.5625 0.9375 1.2813
v 0.625 0.625 1.2813
v 0.625 0.625 1.1563
v 0.5625 0.625 1.1563
v 0.5625 0.625 1.2813
v 0.5625 0.625 1.4063
v 0.625 0.625 1.4063
vt 0.7969 0.25
vt 0.7969 0.3281
vt 0.7656 0.3281
vt 0.7656 0.25
vt 1 0.25
vt 1 0.3281
vt 0.9688 0.3281
vt 0.9688 0.25
vt 0.0156 0.9375
vt 0.0156 0.9688
vt 0 0.9688
vt 0 0.9375
vt 0 1
vt 0 0.9688
vt 0.0156 0.9688
vt 0.0156 1
vt 0.0156 0.8438
vt 0.0156 0.9219
vt 0 0.9219
vt 0 0.8438
vt 0.0156 0.8438
vt 0.0156 0.9219
vt 0 0.9219
vt 0 0.8438
vt 1 0.25
vt 1 0.3281
vt 0.9688 0.3281
vt 0.9688 0.25
vt 0.0156 0.9375
vt 0.0156 0.9688
vt 0 0.9688
vt 0 0.9375
vt 0.7969 0.25
vt 0.7969 0.3281
vt 0.7656 0.3281
vt 0.7656 0.25
vt 0 1
vt 0 0.9688
vt 0.0156 0.9688
vt 0.0156 1
vt 0.9688 1
vt 0.9688 0.9219
vt 1 0.9219
vt 1 1
vt 0 1
vt 0 0.9219
vt 0.0156 0.9219
vt 0.0156 1
vt 0.7656 1
vt 0.7656 0.9219
vt 0.7969 0.9219
vt 0.7969 1
vt 0.9688 1
vt 0.9688 0.9219
vt 1 0.9219
vt 1 1
vt 0 1
vt 0 0.9219
vt 0.0156 0.9219
vt 0.0156 1
vt 0.7656 1
vt 0.7656 0.9219
vt 0.7969 0.9219
vt 0.7969 1
vn 1 0 0
vn -1 0 0
vn 0 1 0
vn 0 -1 0
vn 0 0 1
vn 0 0 -1
vn 1 0 0
vn 0 -1 0
vn -1 0 0
vn 0 1 0
vn 1 0 0
vn 0 0 -1
vn -1 0 0
vn -1 0 0
vn 0 0 1
vn 1 0 0
usemtl common_rough_steel
f 2412/6681/1671 2415/6682/1671 2420/6683/1671 2405/6684/1671
f 2409/6685/1672 2419/6686/1672 2418/6687/1672 2413/6688/1672
f 2403/6689/1673 2411/6690/1673 2414/6691/1673 2407/6692/1673
f 2409/6693/1674 2413/6694/1674 2412/6695/1674 2405/6696/1674
f 2405/6697/1675 2420/6698/1675 2419/6699/1675 2409/6700/1675
f 2410/6701/1676 2417/6702/1676 2416/6703/1676 2406/6704/1676
f 2406/6705/1677 2416/6706/1677 2415/6707/1677 2412/6708/1677
f 2406/6709/1678 2412/6710/1678 2413/6711/1678 2410/6712/1678
f 2413/6713/1679 2418/6714/1679 2417/6715/1679 2410/6716/1679
f 2408/6717/1680 2414/6718/1680 2411/6719/1680 2404/6720/1680
f 2411/6721/1681 2415/6722/1681 2416/6723/1681 2404/6724/1681
f 2404/6725/1682 2416/6726/1682 2417/6727/1682 2408/6728/1682
f 2408/6729/1683 2417/6730/1683 2418/6731/1683 2414/6732/1683
f 2414/6733/1684 2418/6734/1684 2419/6735/1684 2407/6736/1684
f 2407/6737/1685 2419/6738/1685 2420/6739/1685 2403/6740/1685
f 2403/6741/1686 2420/6742/1686 2415/6743/1686 2411/6744/1686
o wheel_left1
v -1 0.6246 0.6542
v -1 0.6246 0.2801
v -1 0.2504 0.6542
v -1 0.2504 0.2801
v -0.9583 0.6246 0.6542
v -0.9583 0.6246 0.2801
v -0.9583 0.2504 0.6542
v -0.9583 0.2504 0.2801
v -0.9583 0.2836 0.8341
v -0.625 0.2836 0.8341
v -0.9583 0.5914 0.8341
v -0.625 0.5914 0.8341
v -0.9583 0.8091 0.6164
v -0.625 0.8091 0.6164
v -0.9583 0.8091 0.3086
v -0.625 0.8091 0.3086
v -0.9583 0.5914 0.0909
v -0.625 0.5914 0.0909
v -0.9583 0.2836 0.0909
v -0.625 0.2836 0.0909
v -0.9583 0.0659 0.3086
v -0.625 0.0659 0.3086
v -0.9583 0.0659 0.6164
v -0.625 0.0659 0.6164
vt 0.4688 0.4063
vt 0.2813 0.4063
vt 0.2813 0.2188
vt 0.4688 0.2188
vt 0.2813 0.375
vt 0.2813 0.4063
vt 0.4688 0.4063
vt 0.4688 0.375
vt 0.2813 0.2188
vt 0.2813 0.25
vt 0.4688 0.25
vt 0.4688 0.2188
vt 0.3125 0.4063
vt 0.2813 0.4063
vt 0.2813 0.2188
vt 0.3125 0.2188
vt 0.4688 0.4063
vt 0.4375 0.4063
vt 0.4375 0.2188
vt 0.4688 0.2188
vt 0.1875 0.4063
vt 0.1875 0.2188
vt 0 0.2188
vt 0 0.4063
vt 0.1875 0.4063
vt 0.1875 0.2188
vt 0 0.2188
vt 0 0.4063
vt 0.1875 0.4063
vt 0.1875 0.2188
vt 0 0.2188
vt 0 0.4063
vt 0.1875 0.4063
vt 0.1875 0.2188
vt 0 0.2188
vt 0 0.4063
vt 0.1875 0.4063
vt 0.1875 0.2188
vt 0 0.2188
vt 0 0.4063
vt 0.1875 0.4063
vt 0.1875 0.2188
vt 0 0.2188
vt 0 0.4063
vt 0.1875 0.4063
vt 0.1875 0.2188
vt 0 0.2188
vt 0 0.4063
vt 0.1875 0.4063
vt 0.1875 0.2188
vt 0 0.2188
vt 0 0.4063
vt 0.5313 0.4063
vt 0.6563 0.5313
vt 0.8438 0.5313
vt 0.9688 0.4063
vt 0.9688 0.2188
vt 0.5313 0.2188
vt 0.5313 0.4063
vt 0.9688 0.4063
vt 0.8438 0.0938
vt 0.6563 0.0938
vt 0.5313 0.2188
vt 0.9688 0.2188
vt 0.8438 0.5313
vt 0.9688 0.4063
vt 0.5313 0.4063
vt 0.6563 0.5313
vt 0.9688 0.2188
vt 0.5313 0.2188
vt 0.5313 0.4063
vt 0.9688 0.4063
vt 0.5313 0.2188
vt 0.9688 0.2188
vt 0.8438 0.0938
vt 0.6563 0.0938
vn -1 0 0
vn 0 1 0
vn 0 -1 0
vn 0 0 1
vn 0 0 -1
vn 0 0 1
vn 0 0.71 0.71
vn 0 1 0
vn 0 0.71 -0.71
vn 0 0 -1
vn 0 -0.71 -0.71
vn 0 -1 0
vn 0 -0.71 0.71
vn -1 0 0
vn -1 0 0
vn -1 0 0
vn 1 0 0
vn 1 0 0
vn 1 0 0
usemtl tracks16_14
f 2421/6745/1687 2422/6746/1687 2424/6747/1687 2423/6748/1687
f 2426/6749/1688 2422/6750/1688 2421/6751/1688 2425/6752/1688
f 2427/6753/1689 2423/6754/1689 2424/6755/1689 2428/6756/1689
f 2425/6757/1690 2421/6758/1690 2423/6759/1690 2427/6760/1690
f 2422/6761/1691 2426/6762/1691 2428/6763/1691 2424/6764/1691
f 2432/6765/1692 2431/6766/1692 2429/6767/1692 2430/6768/1692
f 2434/6769/1693 2433/6770/1693 2431/6771/1693 2432/6772/1693
f 2436/6773/1694 2435/6774/1694 2433/6775/1694 2434/6776/1694
f 2438/6777/1695 2437/6778/1695 2435/6779/1695 2436/6780/1695
f 2440/6781/1696 2439/6782/1696 2437/6783/1696 2438/6784/1696
f 2442/6785/1697 2441/6786/1697 2439/6787/1697 2440/6788/1697
f 2444/6789/1698 2443/6790/1698 2441/6791/1698 2442/6792/1698
f 2430/6793/1699 2429/6794/1699 2443/6795/1699 2444/6796/1699
f 2431/6797/1700 2433/6798/1700 2435/6799/1700 2437/6800/1700
f 2431/6801/1701 2437/6802/1701 2439/6803/1701 2429/6804/1701
f 2441/6805/1702 2443/6806/1702 2429/6807/1702 2439/6808/1702
f 2434/6809/1703 2432/6810/1703 2438/6811/1703 2436/6812/1703
f 2430/6813/1704 2440/6814/1704 2438/6815/1704 2432/6816/1704
f 2440/6817/1705 2430/6818/1705 2444/6819/1705 2442/6820/1705
o sspension3
v -0.5625 0.9375 0.5938
v -0.5625 0.9375 0.3438
v -0.5625 0.3125 0.5938
v -0.5625 0.3125 0.3438
v -0.625 0.9375 0.5938
v -0.625 0.9375 0.3438
v -0.625 0.3125 0.5938
v -0.625 0.3125 0.3438
v -0.5625 0.9375 0.4688
v -0.5625 0.3125 0.4688
v -0.625 0.3125 0.4688
v -0.625 0.9375 0.4688
v -0.5625 0.625 0.4688
v -0.5625 0.625 0.3438
v -0.625 0.625 0.3438
v -0.625 0.625 0.4688
v -0.625 0.625 0.5938
v -0.5625 0.625 0.5938
vt 0.7969 0.25
vt 0.7969 0.3281
vt 0.7656 0.3281
vt 0.7656 0.25
vt 1 0.25
vt 1 0.3281
vt 0.9688 0.3281
vt 0.9688 0.25
vt 0.0156 0.9375
vt 0.0156 0.9688
vt 0 0.9688
vt 0 0.9375
vt 0 1
vt 0 0.9688
vt 0.0156 0.9688
vt 0.0156 1
vt 0.0156 0.8438
vt 0.0156 0.9219
vt 0 0.9219
vt 0 0.8438
vt 0.0156 0.8438
vt 0.0156 0.9219
vt 0 0.9219
vt 0 0.8438
vt 1 0.25
vt 1 0.3281
vt 0.9688 0.3281
vt 0.9688 0.25
vt 0.0156 0.9375
vt 0.0156 0.9688
vt 0 0.9688
vt 0 0.9375
vt 0.7969 0.25
vt 0.7969 0.3281
vt 0.7656 0.3281
vt 0.7656 0.25
vt 0 1
vt 0 0.9688
vt 0.0156 0.9688
vt 0.0156 1
vt 0.9688 1
vt 0.9688 0.9219
vt 1 0.9219
vt 1 1
vt 0 1
vt 0 0.9219
vt 0.0156 0.9219
vt 0.0156 1
vt 0.7656 1
vt 0.7656 0.9219
vt 0.7969 0.9219
vt 0.7969 1
vt 0.9688 1
vt 0.9688 0.9219
vt 1 0.9219
vt 1 1
vt 0 1
vt 0 0.9219
vt 0.0156 0.9219
vt 0.0156 1
vt 0.7656 1
vt 0.7656 0.9219
vt 0.7969 0.9219
vt 0.7969 1
vn 1 0 0
vn -1 0 0
vn 0 1 0
vn 0 -1 0
vn 0 0 1
vn 0 0 -1
vn 1 0 0
vn 0 -1 0
vn -1 0 0
vn 0 1 0
vn 1 0 0
vn 0 0 -1
vn -1 0 0
vn -1 0 0
vn 0 0 1
vn 1 0 0
usemtl common_rough_steel
f 2454/6821/1706 2457/6822/1706 2462/6823/1706 2447/6824/1706
f 2451/6825/1707 2461/6826/1707 2460/6827/1707 2455/6828/1707
f 2445/6829/1708 2453/6830/1708 2456/6831/1708 2449/6832/1708
f 2451/6833/1709 2455/6834/1709 2454/6835/1709 2447/6836/1709
f 2447/6837/1710 2462/6838/1710 2461/6839/1710 2451/6840/1710
f 2452/6841/1711 2459/6842/1711 2458/6843/1711 2448/6844/1711
f 2448/6845/1712 2458/6846/1712 2457/6847/1712 2454/6848/1712
f 2448/6849/1713 2454/6850/1713 2455/6851/1713 2452/6852/1713
f 2455/6853/1714 2460/6854/1714 2459/6855/1714 2452/6856/1714
f 2450/6857/1715 2456/6858/1715 2453/6859/1715 2446/6860/1715
f 2453/6861/1716 2457/6862/1716 2458/6863/1716 2446/6864/1716
f 2446/6865/1717 2458/6866/1717 2459/6867/1717 2450/6868/1717
f 2450/6869/1718 2459/6870/1718 2460/6871/1718 2456/6872/1718
f 2456/6873/1719 2460/6874/1719 2461/6875/1719 2449/6876/1719
f 2449/6877/1720 2461/6878/1720 2462/6879/1720 2445/6880/1720
f 2445/6881/1721 2462/6882/1721 2457/6883/1721 2453/6884/1721
o wheel_left2
v -1 0.6246 1.4667
v -1 0.6246 1.0926
v -1 0.2504 1.4667
v -1 0.2504 1.0926
v -0.9583 0.6246 1.4667
v -0.9583 0.6246 1.0926
v -0.9583 0.2504 1.4667
v -0.9583 0.2504 1.0926
v -0.9583 0.2836 1.6466
v -0.625 0.2836 1.6466
v -0.9583 0.5914 1.6466
v -0.625 0.5914 1.6466
v -0.9583 0.8091 1.4289
v -0.625 0.8091 1.4289
v -0.9583 0.8091 1.1211
v -0.625 0.8091 1.1211
v -0.9583 0.5914 0.9034
v -0.625 0.5914 0.9034
v -0.9583 0.2836 0.9034
v -0.625 0.2836 0.9034
v -0.9583 0.0659 1.1211
v -0.625 0.0659 1.1211
v -0.9583 0.0659 1.4289
v -0.625 0.0659 1.4289
vt 0.4688 0.4063
vt 0.2813 0.4063
vt 0.2813 0.2188
vt 0.4688 0.2188
vt 0.2813 0.375
vt 0.2813 0.4063
vt 0.4688 0.4063
vt 0.4688 0.375
vt 0.2813 0.2188
vt 0.2813 0.25
vt 0.4688 0.25
vt 0.4688 0.2188
vt 0.3125 0.4063
vt 0.2813 0.4063
vt 0.2813 0.2188
vt 0.3125 0.2188
vt 0.4688 0.4063
vt 0.4375 0.4063
vt 0.4375 0.2188
vt 0.4688 0.2188
vt 0.1875 0.4063
vt 0.1875 0.2188
vt 0 0.2188
vt 0 0.4063
vt 0.1875 0.4063
vt 0.1875 0.2188
vt 0 0.2188
vt 0 0.4063
vt 0.1875 0.4063
vt 0.1875 0.2188
vt 0 0.2188
vt 0 0.4063
vt 0.1875 0.4063
vt 0.1875 0.2188
vt 0 0.2188
vt 0 0.4063
vt 0.1875 0.4063
vt 0.1875 0.2188
vt 0 0.2188
vt 0 0.4063
vt 0.1875 0.4063
vt 0.1875 0.2188
vt 0 0.2188
vt 0 0.4063
vt 0.1875 0.4063
vt 0.1875 0.2188
vt 0 0.2188
vt 0 0.4063
vt 0.1875 0.4063
vt 0.1875 0.2188
vt 0 0.2188
vt 0 0.4063
vt 0.5313 0.4063
vt 0.6563 0.5313
vt 0.8438 0.5313
vt 0.9688 0.4063
vt 0.9688 0.2188
vt 0.5313 0.2188
vt 0.5313 0.4063
vt 0.9688 0.4063
vt 0.8438 0.0938
vt 0.6563 0.0938
vt 0.5313 0.2188
vt 0.9688 0.2188
vt 0.8438 0.5313
vt 0.9688 0.4063
vt 0.5313 0.4063
vt 0.6563 0.5313
vt 0.9688 0.2188
vt 0.5313 0.2188
vt 0.5313 0.4063
vt 0.9688 0.4063
vt 0.5313 0.2188
vt 0.9688 0.2188
vt 0.8438 0.0938
vt 0.6563 0.0938
vn -1 0 0
vn 0 1 0
vn 0 -1 0
vn 0 0 1
vn 0 0 -1
vn 0 0 1
vn 0 0.71 0.71
vn 0 1 0
vn 0 0.71 -0.71
vn 0 0 -1
vn 0 -0.71 -0.71
vn 0 -1 0
vn 0 -0.71 0.71
vn -1 0 0
vn -1 0 0
vn -1 0 0
vn 1 0 0
vn 1 0 0
vn 1 0 0
usemtl tracks16_14
f 2463/6885/1722 2464/6886/1722 2466/6887/1722 2465/6888/1722
f 2468/6889/1723 2464/6890/1723 2463/6891/1723 2467/6892/1723
f 2469/6893/1724 2465/6894/1724 2466/6895/1724 2470/6896/1724
f 2467/6897/1725 2463/6898/1725 2465/6899/1725 2469/6900/1725
f 2464/6901/1726 2468/6902/1726 2470/6903/1726 2466/6904/1726
f 2474/6905/1727 2473/6906/1727 2471/6907/1727 2472/6908/1727
f 2476/6909/1728 2475/6910/1728 2473/6911/1728 2474/6912/1728
f 2478/6913/1729 2477/6914/1729 2475/6915/1729 2476/6916/1729
f 2480/6917/1730 2479/6918/1730 2477/6919/1730 2478/6920/1730
f 2482/6921/1731 2481/6922/1731 2479/6923/1731 2480/6924/1731
f 2484/6925/1732 2483/6926/1732 2481/6927/1732 2482/6928/1732
f 2486/6929/1733 2485/6930/1733 2483/6931/1733 2484/6932/1733
f 2472/6933/1734 2471/6934/1734 2485/6935/1734 2486/6936/1734
f 2473/6937/1735 2475/6938/1735 2477/6939/1735 2479/6940/1735
f 2473/6941/1736 2479/6942/1736 2481/6943/1736 2471/6944/1736
f 2483/6945/1737 2485/6946/1737 2471/6947/1737 2481/6948/1737
f 2476/6949/1738 2474/6950/1738 2480/6951/1738 2478/6952/1738
f 2472/6953/1739 2482/6954/1739 2480/6955/1739 2474/6956/1739
f 2482/6957/1740 2472/6958/1740 2486/6959/1740 2484/6960/1740
o sspension4
v -0.5625 0.9375 1.4063
v -0.5625 0.9375 1.1563
v -0.5625 0.3125 1.4063
v -0.5625 0.3125 1.1563
v -0.625 0.9375 1.4063
v -0.625 0.9375 1.1563
v -0.625 0.3125 1.4063
v -0.625 0.3125 1.1563
v -0.5625 0.9375 1.2813
v -0.5625 0.3125 1.2813
v -0.625 0.3125 1.2813
v -0.625 0.9375 1.2813
v -0.5625 0.625 1.2813
v -0.5625 0.625 1.1563
v -0.625 0.625 1.1563
v -0.625 0.625 1.2813
v -0.625 0.625 1.4063
v -0.5625 0.625 1.4063
vt 0.7969 0.25
vt 0.7969 0.3281
vt 0.7656 0.3281
vt 0.7656 0.25
vt 1 0.25
vt 1 0.3281
vt 0.9688 0.3281
vt 0.9688 0.25
vt 0.0156 0.9375
vt 0.0156 0.9688
vt 0 0.9688
vt 0 0.9375
vt 0 1
vt 0 0.9688
vt 0.0156 0.9688
vt 0.0156 1
vt 0.0156 0.8438
vt 0.0156 0.9219
vt 0 0.9219
vt 0 0.8438
vt 0.0156 0.8438
vt 0.0156 0.9219
vt 0 0.9219
vt 0 0.8438
vt 1 0.25
vt 1 0.3281
vt 0.9688 0.3281
vt 0.9688 0.25
vt 0.0156 0.9375
vt 0.0156 0.9688
vt 0 0.9688
vt 0 0.9375
vt 0.7969 0.25
vt 0.7969 0.3281
vt 0.7656 0.3281
vt 0.7656 0.25
vt 0 1
vt 0 0.9688
vt 0.0156 0.9688
vt 0.0156 1
vt 0.9688 1
vt 0.9688 0.9219
vt 1 0.9219
vt 1 1
vt 0 1
vt 0 0.9219
vt 0.0156 0.9219
vt 0.0156 1
vt 0.7656 1
vt 0.7656 0.9219
vt 0.7969 0.9219
vt 0.7969 1
vt 0.9688 1
vt 0.9688 0.9219
vt 1 0.9219
vt 1 1
vt 0 1
vt 0 0.9219
vt 0.0156 0.9219
vt 0.0156 1
vt 0.7656 1
vt 0.7656 0.9219
vt 0.7969 0.9219
vt 0.7969 1
vn 1 0 0
vn -1 0 0
vn 0 1 0
vn 0 -1 0
vn 0 0 1
vn 0 0 -1
vn 1 0 0
vn 0 -1 0
vn -1 0 0
vn 0 1 0
vn 1 0 0
vn 0 0 -1
vn -1 0 0
vn -1 0 0
vn 0 0 1
vn 1 0 0
usemtl common_rough_steel
f 2496/6961/1741 2499/6962/1741 2504/6963/1741 2489/6964/1741
f 2493/6965/1742 2503/6966/1742 2502/6967/1742 2497/6968/1742
f 2487/6969/1743 2495/6970/1743 2498/6971/1743 2491/6972/1743
f 2493/6973/1744 2497/6974/1744 2496/6975/1744 2489/6976/1744
f 2489/6977/1745 2504/6978/1745 2503/6979/1745 2493/6980/1745
f 2494/6981/1746 2501/6982/1746 2500/6983/1746 2490/6984/1746
f 2490/6985/1747 2500/6986/1747 2499/6987/1747 2496/6988/1747
f 2490/6989/1748 2496/6990/1748 2497/6991/1748 2494/6992/1748
f 2497/6993/1749 2502/6994/1749 2501/6995/1749 2494/6996/1749
f 2492/6997/1750 2498/6998/1750 2495/6999/1750 2488/7000/1750
f 2495/7001/1751 2499/7002/1751 2500/7003/1751 2488/7004/1751
f 2488/7005/1752 2500/7006/1752 2501/7007/1752 2492/7008/1752
f 2492/7009/1753 2501/7010/1753 2502/7011/1753 2498/7012/1753
f 2498/7013/1754 2502/7014/1754 2503/7015/1754 2491/7016/1754
f 2491/7017/1755 2503/7018/1755 2504/7019/1755 2487/7020/1755
f 2487/7021/1756 2504/7022/1756 2499/7023/1756 2495/7024/1756
o smoll_whell
v -0.6562 1.2438 1.3125
v -0.6562 1.2438 1
v -0.6562 0.9313 1.3125
v -0.6562 0.9313 1
v -0.9062 1.2438 1.3125
v -0.9062 1.2438 1
v -0.9062 0.9313 1.3125
v -0.9062 0.9313 1
v -0.9062 1.0563 1.3125
v -0.9062 1.0563 1
v -0.6562 1.0563 1
v -0.6562 1.0563 1.3125
v -0.9062 0.9313 1.1875
v -0.6562 0.9313 1.1875
v -0.6562 1.2438 1.1875
v -0.9062 1.2438 1.1875
v -0.7187 1.0563 1
v -0.7187 1.2438 1
v -0.7187 1.2438 1.1875
v -0.7187 1.2438 1.3125
v -0.7187 1.0563 1.3125
v -0.7187 0.9313 1.3125
v -0.7187 0.9313 1.1875
v -0.7187 0.9313 1
v -0.9062 1.2438 1.3125
v -0.9062 1.2438 1
v -0.9062 0.9313 1.3125
v -0.9062 0.9313 1
v -0.9062 1.0563 1.3125
v -0.9062 1.0563 1
v -0.9062 1.0563 1.1875
v -0.9062 0.9313 1.1875
v -0.9062 1.2438 1.1875
v -0.6562 1.2438 1
v -0.6562 1.2438 1.3125
v -0.6562 0.9313 1
v -0.6562 0.9313 1.3125
v -0.6562 1.0563 1
v -0.6562 1.0563 1.3125
v -0.6562 1.0563 1.125
v -0.6562 0.9313 1.125
v -0.6562 1.2438 1.125
vt 0.75 0.5313
vt 0.8438 0.5313
vt 0.8438 0.625
vt 0.75 0.625
vt 0.75 0.5
vt 0.8438 0.5
vt 0.8438 0.5938
vt 0.75 0.5938
vt 0.75 0.5313
vt 0.8438 0.5313
vt 0.8438 0.625
vt 0.75 0.625
vt 1 0.625
vt 0.9063 0.625
vt 0.9063 0.5313
vt 1 0.5313
vt 0.75 0.5625
vt 0.8438 0.5625
vt 0.8438 0.5
vt 0.75 0.5
vt 1 0.5
vt 0.9063 0.5
vt 0.9063 0.5625
vt 1 0.5625
vt 0.75 0.5625
vt 0.8438 0.5625
vt 0.8438 0.5
vt 0.75 0.5
vt 0.7813 0.5
vt 0.875 0.5
vt 0.875 0.5625
vt 0.7813 0.5625
vt 0.9688 0.5313
vt 1 0.5313
vt 1 0.625
vt 0.9688 0.625
vt 1 0.5
vt 0.9688 0.5
vt 0.9688 0.5938
vt 1 0.5938
vt 1 0.5625
vt 0.9688 0.5625
vt 0.9688 0.625
vt 1 0.625
vt 1 0.625
vt 0.9688 0.625
vt 0.9688 0.5313
vt 1 0.5313
vt 1 0.5625
vt 0.9688 0.5625
vt 0.9688 0.5
vt 1 0.5
vt 1 0.625
vt 0.9688 0.625
vt 0.9688 0.5625
vt 1 0.5625
vt 1 0.5938
vt 0.9688 0.5938
vt 0.9688 0.5
vt 1 0.5
vt 0.9688 0.5
vt 1 0.5
vt 1 0.5625
vt 0.9688 0.5625
vt 0.75 0.5313
vt 0.8438 0.5313
vt 0.8438 0.625
vt 0.75 0.625
vt 1 0.5
vt 0.9063 0.5
vt 0.9063 0.5625
vt 1 0.5625
vt 1 0.5625
vt 0.9375 0.5625
vt 0.9375 0.5
vt 1 0.5
vt 0.75 0.625
vt 0.8125 0.625
vt 0.8125 0.5313
vt 0.75 0.5313
vt 0.75 0.5313
vt 0.8438 0.5313
vt 0.8438 0.625
vt 0.75 0.625
vt 1 0.5
vt 0.9063 0.5
vt 0.9063 0.5625
vt 1 0.5625
vt 1 0.5625
vt 0.9375 0.5625
vt 0.9375 0.5
vt 1 0.5
vt 0.75 0.625
vt 0.8125 0.625
vt 0.8125 0.5313
vt 0.75 0.5313
vn 0 1 0
vn 0 -1 0
vn 0 0 1
vn 0 0 -1
vn 0 0 -1
vn 0 0 1
vn 0 -1 0
vn 0 1 0
vn 0 0 -1
vn 0 1 0
vn 0 1 0
vn 0 0 1
vn 0 0 1
vn 0 -1 0
vn 0 -1 0
vn 0 0 -1
vn -1 0 0
vn -1 0 0
vn -1 0 0
vn -1 0 0
vn 1 0 0
vn 1 0 0
vn 1 0 0
vn 1 0 0
usemtl tracks14_12
f 2520/7025/1757 2523/7026/1757 2522/7027/1757 2510/7028/1757
f 2512/7029/1758 2528/7030/1758 2527/7031/1758 2517/7032/1758
f 2513/7033/1759 2525/7034/1759 2524/7035/1759 2509/7036/1759
f 2510/7037/1760 2522/7038/1760 2521/7039/1760 2514/7040/1760
f 2514/7041/1761 2521/7042/1761 2528/7043/1761 2512/7044/1761
f 2511/7045/1762 2526/7046/1762 2525/7047/1762 2513/7048/1762
f 2517/7049/1763 2527/7050/1763 2526/7051/1763 2511/7052/1763
f 2509/7053/1764 2524/7054/1764 2523/7055/1764 2520/7056/1764
f 2515/7057/1765 2521/7058/1765 2522/7059/1765 2506/7060/1765
f 2506/7061/1766 2522/7062/1766 2523/7063/1766 2519/7064/1766
f 2519/7065/1767 2523/7066/1767 2524/7067/1767 2505/7068/1767
f 2505/7069/1768 2524/7070/1768 2525/7071/1768 2516/7072/1768
f 2516/7073/1769 2525/7074/1769 2526/7075/1769 2507/7076/1769
f 2507/7077/1770 2526/7078/1770 2527/7079/1770 2518/7080/1770
f 2518/7081/1771 2527/7082/1771 2528/7083/1771 2508/7084/1771
f 2508/7085/1772 2528/7086/1772 2521/7087/1772 2515/7088/1772
f 2534/7089/1773 2535/7090/1773 2537/7091/1773 2530/7092/1773
f 2532/7093/1774 2536/7094/1774 2535/7095/1774 2534/7096/1774
f 2533/7097/1775 2535/7098/1775 2536/7099/1775 2531/7100/1775
f 2529/7101/1776 2537/7102/1776 2535/7103/1776 2533/7104/1776
f 2543/7105/1777 2544/7106/1777 2546/7107/1777 2539/7108/1777
f 2541/7109/1778 2545/7110/1778 2544/7111/1778 2543/7112/1778
f 2542/7113/1779 2544/7114/1779 2545/7115/1779 2540/7116/1779
f 2538/7117/1780 2546/7118/1780 2544/7119/1780 2542/7120/1780
o smoll_whell2
v -0.6562 1.2438 0.75
v -0.6562 1.2438 0.4375
v -0.6562 0.9313 0.75
v -0.6562 0.9313 0.4375
v -0.9062 1.2438 0.75
v -0.9062 1.2438 0.4375
v -0.9062 0.9313 0.75
v -0.9062 0.9313 0.4375
v -0.9062 1.0563 0.75
v -0.9062 1.0563 0.4375
v -0.6562 1.0563 0.4375
v -0.6562 1.0563 0.75
v -0.9062 0.9313 0.625
v -0.6562 0.9313 0.625
v -0.6562 1.2438 0.625
v -0.9062 1.2438 0.625
v -0.7187 1.0563 0.4375
v -0.7187 1.2438 0.4375
v -0.7187 1.2438 0.625
v -0.7187 1.2438 0.75
v -0.7187 1.0563 0.75
v -0.7187 0.9313 0.75
v -0.7187 0.9313 0.625
v -0.7187 0.9313 0.4375
v -0.9062 1.2438 0.75
v -0.9062 1.2438 0.4375
v -0.9062 0.9313 0.75
v -0.9062 0.9313 0.4375
v -0.9062 1.0563 0.75
v -0.9062 1.0563 0.4375
v -0.9062 1.0563 0.625
v -0.9062 0.9313 0.625
v -0.9062 1.2438 0.625
v -0.6562 1.2438 0.4375
v -0.6562 1.2438 0.75
v -0.6562 0.9313 0.4375
v -0.6562 0.9313 0.75
v -0.6562 1.0563 0.4375
v -0.6562 1.0563 0.75
v -0.6562 1.0563 0.5625
v -0.6562 0.9313 0.5625
v -0.6562 1.2438 0.5625
vt 0.75 0.5313
vt 0.8438 0.5313
vt 0.8438 0.625
vt 0.75 0.625
vt 0.75 0.5
vt 0.8438 0.5
vt 0.8438 0.5938
vt 0.75 0.5938
vt 0.75 0.5313
vt 0.8438 0.5313
vt 0.8438 0.625
vt 0.75 0.625
vt 1 0.625
vt 0.9063 0.625
vt 0.9063 0.5313
vt 1 0.5313
vt 0.75 0.5625
vt 0.8438 0.5625
vt 0.8438 0.5
vt 0.75 0.5
vt 1 0.5
vt 0.9063 0.5
vt 0.9063 0.5625
vt 1 0.5625
vt 0.75 0.5625
vt 0.8438 0.5625
vt 0.8438 0.5
vt 0.75 0.5
vt 0.7813 0.5
vt 0.875 0.5
vt 0.875 0.5625
vt 0.7813 0.5625
vt 0.9688 0.5313
vt 1 0.5313
vt 1 0.625
vt 0.9688 0.625
vt 1 0.5
vt 0.9688 0.5
vt 0.9688 0.5938
vt 1 0.5938
vt 1 0.5625
vt 0.9688 0.5625
vt 0.9688 0.625
vt 1 0.625
vt 1 0.625
vt 0.9688 0.625
vt 0.9688 0.5313
vt 1 0.5313
vt 1 0.5625
vt 0.9688 0.5625
vt 0.9688 0.5
vt 1 0.5
vt 1 0.625
vt 0.9688 0.625
vt 0.9688 0.5625
vt 1 0.5625
vt 1 0.5938
vt 0.9688 0.5938
vt 0.9688 0.5
vt 1 0.5
vt 0.9688 0.5
vt 1 0.5
vt 1 0.5625
vt 0.9688 0.5625
vt 0.75 0.5313
vt 0.8438 0.5313
vt 0.8438 0.625
vt 0.75 0.625
vt 1 0.5
vt 0.9063 0.5
vt 0.9063 0.5625
vt 1 0.5625
vt 1 0.5625
vt 0.9375 0.5625
vt 0.9375 0.5
vt 1 0.5
vt 0.75 0.625
vt 0.8125 0.625
vt 0.8125 0.5313
vt 0.75 0.5313
vt 0.75 0.5313
vt 0.8438 0.5313
vt 0.8438 0.625
vt 0.75 0.625
vt 1 0.5
vt 0.9063 0.5
vt 0.9063 0.5625
vt 1 0.5625
vt 1 0.5625
vt 0.9375 0.5625
vt 0.9375 0.5
vt 1 0.5
vt 0.75 0.625
vt 0.8125 0.625
vt 0.8125 0.5313
vt 0.75 0.5313
vn 0 1 0
vn 0 -1 0
vn 0 0 1
vn 0 0 -1
vn 0 0 -1
vn 0 0 1
vn 0 -1 0
vn 0 1 0
vn 0 0 -1
vn 0 1 0
vn 0 1 0
vn 0 0 1
vn 0 0 1
vn 0 -1 0
vn 0 -1 0
vn 0 0 -1
vn -1 0 0
vn -1 0 0
vn -1 0 0
vn -1 0 0
vn 1 0 0
vn 1 0 0
vn 1 0 0
vn 1 0 0
usemtl tracks14_12
f 2562/7121/1781 2565/7122/1781 2564/7123/1781 2552/7124/1781
f 2554/7125/1782 2570/7126/1782 2569/7127/1782 2559/7128/1782
f 2555/7129/1783 2567/7130/1783 2566/7131/1783 2551/7132/1783
f 2552/7133/1784 2564/7134/1784 2563/7135/1784 2556/7136/1784
f 2556/7137/1785 2563/7138/1785 2570/7139/1785 2554/7140/1785
f 2553/7141/1786 2568/7142/1786 2567/7143/1786 2555/7144/1786
f 2559/7145/1787 2569/7146/1787 2568/7147/1787 2553/7148/1787
f 2551/7149/1788 2566/7150/1788 2565/7151/1788 2562/7152/1788
f 2557/7153/1789 2563/7154/1789 2564/7155/1789 2548/7156/1789
f 2548/7157/1790 2564/7158/1790 2565/7159/1790 2561/7160/1790
f 2561/7161/1791 2565/7162/1791 2566/7163/1791 2547/7164/1791
f 2547/7165/1792 2566/7166/1792 2567/7167/1792 2558/7168/1792
f 2558/7169/1793 2567/7170/1793 2568/7171/1793 2549/7172/1793
f 2549/7173/1794 2568/7174/1794 2569/7175/1794 2560/7176/1794
f 2560/7177/1795 2569/7178/1795 2570/7179/1795 2550/7180/1795
f 2550/7181/1796 2570/7182/1796 2563/7183/1796 2557/7184/1796
f 2576/7185/1797 2577/7186/1797 2579/7187/1797 2572/7188/1797
f 2574/7189/1798 2578/7190/1798 2577/7191/1798 2576/7192/1798
f 2575/7193/1799 2577/7194/1799 2578/7195/1799 2573/7196/1799
f 2571/7197/1800 2579/7198/1800 2577/7199/1800 2575/7200/1800
f 2585/7201/1801 2586/7202/1801 2588/7203/1801 2581/7204/1801
f 2583/7205/1802 2587/7206/1802 2586/7207/1802 2585/7208/1802
f 2584/7209/1803 2586/7210/1803 2587/7211/1803 2582/7212/1803
f 2580/7213/1804 2588/7214/1804 2586/7215/1804 2584/7216/1804
o smoll_whell3
v 0.9063 1.2438 0.75
v 0.9063 1.2438 0.4375
v 0.9063 0.9313 0.75
v 0.9063 0.9313 0.4375
v 0.6563 1.2438 0.75
v 0.6563 1.2438 0.4375
v 0.6563 0.9313 0.75
v 0.6563 0.9313 0.4375
v 0.6563 1.0563 0.75
v 0.6563 1.0563 0.4375
v 0.9063 1.0563 0.4375
v 0.9063 1.0563 0.75
v 0.6563 0.9313 0.625
v 0.9063 0.9313 0.625
v 0.9063 1.2438 0.625
v 0.6563 1.2438 0.625
v 0.8438 1.0563 0.4375
v 0.8438 1.2438 0.4375
v 0.8438 1.2438 0.625
v 0.8438 1.2438 0.75
v 0.8438 1.0563 0.75
v 0.8438 0.9313 0.75
v 0.8438 0.9313 0.625
v 0.8438 0.9313 0.4375
v 0.6563 1.2438 0.75
v 0.6563 1.2438 0.4375
v 0.6563 0.9313 0.75
v 0.6563 0.9313 0.4375
v 0.6563 1.0563 0.75
v 0.6563 1.0563 0.4375
v 0.6563 1.0563 0.625
v 0.6563 0.9313 0.625
v 0.6563 1.2438 0.625
v 0.9063 1.2438 0.4375
v 0.9063 1.2438 0.75
v 0.9063 0.9313 0.4375
v 0.9063 0.9313 0.75
v 0.9063 1.0563 0.4375
v 0.9063 1.0563 0.75
v 0.9063 1.0563 0.5625
v 0.9063 0.9313 0.5625
v 0.9063 1.2438 0.5625
vt 0.75 0.5313
vt 0.8438 0.5313
vt 0.8438 0.625
vt 0.75 0.625
vt 0.75 0.5
vt 0.8438 0.5
vt 0.8438 0.5938
vt 0.75 0.5938
vt 0.75 0.5313
vt 0.8438 0.5313
vt 0.8438 0.625
vt 0.75 0.625
vt 1 0.625
vt 0.9063 0.625
vt 0.9063 0.5313
vt 1 0.5313
vt 0.75 0.5625
vt 0.8438 0.5625
vt 0.8438 0.5
vt 0.75 0.5
vt 1 0.5
vt 0.9063 0.5
vt 0.9063 0.5625
vt 1 0.5625
vt 0.75 0.5625
vt 0.8438 0.5625
vt 0.8438 0.5
vt 0.75 0.5
vt 0.7813 0.5
vt 0.875 0.5
vt 0.875 0.5625
vt 0.7813 0.5625
vt 0.9688 0.5313
vt 1 0.5313
vt 1 0.625
vt 0.9688 0.625
vt 1 0.5
vt 0.9688 0.5
vt 0.9688 0.5938
vt 1 0.5938
vt 1 0.5625
vt 0.9688 0.5625
vt 0.9688 0.625
vt 1 0.625
vt 1 0.625
vt 0.9688 0.625
vt 0.9688 0.5313
vt 1 0.5313
vt 1 0.5625
vt 0.9688 0.5625
vt 0.9688 0.5
vt 1 0.5
vt 1 0.625
vt 0.9688 0.625
vt 0.9688 0.5625
vt 1 0.5625
vt 1 0.5938
vt 0.9688 0.5938
vt 0.9688 0.5
vt 1 0.5
vt 0.9688 0.5
vt 1 0.5
vt 1 0.5625
vt 0.9688 0.5625
vt 0.75 0.5313
vt 0.8438 0.5313
vt 0.8438 0.625
vt 0.75 0.625
vt 1 0.5
vt 0.9063 0.5
vt 0.9063 0.5625
vt 1 0.5625
vt 1 0.5625
vt 0.9375 0.5625
vt 0.9375 0.5
vt 1 0.5
vt 0.75 0.625
vt 0.8125 0.625
vt 0.8125 0.5313
vt 0.75 0.5313
vt 0.75 0.5313
vt 0.8438 0.5313
vt 0.8438 0.625
vt 0.75 0.625
vt 1 0.5
vt 0.9063 0.5
vt 0.9063 0.5625
vt 1 0.5625
vt 1 0.5625
vt 0.9375 0.5625
vt 0.9375 0.5
vt 1 0.5
vt 0.75 0.625
vt 0.8125 0.625
vt 0.8125 0.5313
vt 0.75 0.5313
vn 0 1 0
vn 0 -1 0
vn 0 0 1
vn 0 0 -1
vn 0 0 -1
vn 0 0 1
vn 0 -1 0
vn 0 1 0
vn 0 0 -1
vn 0 1 0
vn 0 1 0
vn 0 0 1
vn 0 0 1
vn 0 -1 0
vn 0 -1 0
vn 0 0 -1
vn -1 0 0
vn -1 0 0
vn -1 0 0
vn -1 0 0
vn 1 0 0
vn 1 0 0
vn 1 0 0
vn 1 0 0
usemtl tracks14_12
f 2604/7217/1805 2607/7218/1805 2606/7219/1805 2594/7220/1805
f 2596/7221/1806 2612/7222/1806 2611/7223/1806 2601/7224/1806
f 2597/7225/1807 2609/7226/1807 2608/7227/1807 2593/7228/1807
f 2594/7229/1808 2606/7230/1808 2605/7231/1808 2598/7232/1808
f 2598/7233/1809 2605/7234/1809 2612/7235/1809 2596/7236/1809
f 2595/7237/1810 2610/7238/1810 2609/7239/1810 2597/7240/1810
f 2601/7241/1811 2611/7242/1811 2610/7243/1811 2595/7244/1811
f 2593/7245/1812 2608/7246/1812 2607/7247/1812 2604/7248/1812
f 2599/7249/1813 2605/7250/1813 2606/7251/1813 2590/7252/1813
f 2590/7253/1814 2606/7254/1814 2607/7255/1814 2603/7256/1814
f 2603/7257/1815 2607/7258/1815 2608/7259/1815 2589/7260/1815
f 2589/7261/1816 2608/7262/1816 2609/7263/1816 2600/7264/1816
f 2600/7265/1817 2609/7266/1817 2610/7267/1817 2591/7268/1817
f 2591/7269/1818 2610/7270/1818 2611/7271/1818 2602/7272/1818
f 2602/7273/1819 2611/7274/1819 2612/7275/1819 2592/7276/1819
f 2592/7277/1820 2612/7278/1820 2605/7279/1820 2599/7280/1820
f 2618/7281/1821 2619/7282/1821 2621/7283/1821 2614/7284/1821
f 2616/7285/1822 2620/7286/1822 2619/7287/1822 2618/7288/1822
f 2617/7289/1823 2619/7290/1823 2620/7291/1823 2615/7292/1823
f 2613/7293/1824 2621/7294/1824 2619/7295/1824 2617/7296/1824
f 2627/7297/1825 2628/7298/1825 2630/7299/1825 2623/7300/1825
f 2625/7301/1826 2629/7302/1826 2628/7303/1826 2627/7304/1826
f 2626/7305/1827 2628/7306/1827 2629/7307/1827 2624/7308/1827
f 2622/7309/1828 2630/7310/1828 2628/7311/1828 2626/7312/1828
o smoll_whell4
v 0.9063 1.2438 1.3125
v 0.9063 1.2438 1
v 0.9063 0.9313 1.3125
v 0.9063 0.9313 1
v 0.6563 1.2438 1.3125
v 0.6563 1.2438 1
v 0.6563 0.9313 1.3125
v 0.6563 0.9313 1
v 0.6563 1.0563 1.3125
v 0.6563 1.0563 1
v 0.9063 1.0563 1
v 0.9063 1.0563 1.3125
v 0.6563 0.9313 1.1875
v 0.9063 0.9313 1.1875
v 0.9063 1.2438 1.1875
v 0.6563 1.2438 1.1875
v 0.8438 1.0563 1
v 0.8438 1.2438 1
v 0.8438 1.2438 1.1875
v 0.8438 1.2438 1.3125
v 0.8438 1.0563 1.3125
v 0.8438 0.9313 1.3125
v 0.8438 0.9313 1.1875
v 0.8438 0.9313 1
v 0.6563 1.2438 1.3125
v 0.6563 1.2438 1
v 0.6563 0.9313 1.3125
v 0.6563 0.9313 1
v 0.6563 1.0563 1.3125
v 0.6563 1.0563 1
v 0.6563 1.0563 1.1875
v 0.6563 0.9313 1.1875
v 0.6563 1.2438 1.1875
v 0.9063 1.2438 1
v 0.9063 1.2438 1.3125
v 0.9063 0.9313 1
v 0.9063 0.9313 1.3125
v 0.9063 1.0563 1
v 0.9063 1.0563 1.3125
v 0.9063 1.0563 1.125
v 0.9063 0.9313 1.125
v 0.9063 1.2438 1.125
vt 0.75 0.5313
vt 0.8438 0.5313
vt 0.8438 0.625
vt 0.75 0.625
vt 0.75 0.5
vt 0.8438 0.5
vt 0.8438 0.5938
vt 0.75 0.5938
vt 0.75 0.5313
vt 0.8438 0.5313
vt 0.8438 0.625
vt 0.75 0.625
vt 1 0.625
vt 0.9063 0.625
vt 0.9063 0.5313
vt 1 0.5313
vt 0.75 0.5625
vt 0.8438 0.5625
vt 0.8438 0.5
vt 0.75 0.5
vt 1 0.5
vt 0.9063 0.5
vt 0.9063 0.5625
vt 1 0.5625
vt 0.75 0.5625
vt 0.8438 0.5625
vt 0.8438 0.5
vt 0.75 0.5
vt 0.7813 0.5
vt 0.875 0.5
vt 0.875 0.5625
vt 0.7813 0.5625
vt 0.9688 0.5313
vt 1 0.5313
vt 1 0.625
vt 0.9688 0.625
vt 1 0.5
vt 0.9688 0.5
vt 0.9688 0.5938
vt 1 0.5938
vt 1 0.5625
vt 0.9688 0.5625
vt 0.9688 0.625
vt 1 0.625
vt 1 0.625
vt 0.9688 0.625
vt 0.9688 0.5313
vt 1 0.5313
vt 1 0.5625
vt 0.9688 0.5625
vt 0.9688 0.5
vt 1 0.5
vt 1 0.625
vt 0.9688 0.625
vt 0.9688 0.5625
vt 1 0.5625
vt 1 0.5938
vt 0.9688 0.5938
vt 0.9688 0.5
vt 1 0.5
vt 0.9688 0.5
vt 1 0.5
vt 1 0.5625
vt 0.9688 0.5625
vt 0.75 0.5313
vt 0.8438 0.5313
vt 0.8438 0.625
vt 0.75 0.625
vt 1 0.5
vt 0.9063 0.5
vt 0.9063 0.5625
vt 1 0.5625
vt 1 0.5625
vt 0.9375 0.5625
vt 0.9375 0.5
vt 1 0.5
vt 0.75 0.625
vt 0.8125 0.625
vt 0.8125 0.5313
vt 0.75 0.5313
vt 0.75 0.5313
vt 0.8438 0.5313
vt 0.8438 0.625
vt 0.75 0.625
vt 1 0.5
vt 0.9063 0.5
vt 0.9063 0.5625
vt 1 0.5625
vt 1 0.5625
vt 0.9375 0.5625
vt 0.9375 0.5
vt 1 0.5
vt 0.75 0.625
vt 0.8125 0.625
vt 0.8125 0.5313
vt 0.75 0.5313
vn 0 1 0
vn 0 -1 0
vn 0 0 1
vn 0 0 -1
vn 0 0 -1
vn 0 0 1
vn 0 -1 0
vn 0 1 0
vn 0 0 -1
vn 0 1 0
vn 0 1 0
vn 0 0 1
vn 0 0 1
vn 0 -1 0
vn 0 -1 0
vn 0 0 -1
vn -1 0 0
vn -1 0 0
vn -1 0 0
vn -1 0 0
vn 1 0 0
vn 1 0 0
vn 1 0 0
vn 1 0 0
usemtl tracks14_12
f 2646/7313/1829 2649/7314/1829 2648/7315/1829 2636/7316/1829
f 2638/7317/1830 2654/7318/1830 2653/7319/1830 2643/7320/1830
f 2639/7321/1831 2651/7322/1831 2650/7323/1831 2635/7324/1831
f 2636/7325/1832 2648/7326/1832 2647/7327/1832 2640/7328/1832
f 2640/7329/1833 2647/7330/1833 2654/7331/1833 2638/7332/1833
f 2637/7333/1834 2652/7334/1834 2651/7335/1834 2639/7336/1834
f 2643/7337/1835 2653/7338/1835 2652/7339/1835 2637/7340/1835
f 2635/7341/1836 2650/7342/1836 2649/7343/1836 2646/7344/1836
f 2641/7345/1837 2647/7346/1837 2648/7347/1837 2632/7348/1837
f 2632/7349/1838 2648/7350/1838 2649/7351/1838 2645/7352/1838
f 2645/7353/1839 2649/7354/1839 2650/7355/1839 2631/7356/1839
f 2631/7357/1840 2650/7358/1840 2651/7359/1840 2642/7360/1840
f 2642/7361/1841 2651/7362/1841 2652/7363/1841 2633/7364/1841
f 2633/7365/1842 2652/7366/1842 2653/7367/1842 2644/7368/1842
f 2644/7369/1843 2653/7370/1843 2654/7371/1843 2634/7372/1843
f 2634/7373/1844 2654/7374/1844 2647/7375/1844 2641/7376/1844
f 2660/7377/1845 2661/7378/1845 2663/7379/1845 2656/7380/1845
f 2658/7381/1846 2662/7382/1846 2661/7383/1846 2660/7384/1846
f 2659/7385/1847 2661/7386/1847 2662/7387/1847 2657/7388/1847
f 2655/7389/1848 2663/7390/1848 2661/7391/1848 2659/7392/1848
f 2669/7393/1849 2670/7394/1849 2672/7395/1849 2665/7396/1849
f 2667/7397/1850 2671/7398/1850 2670/7399/1850 2669/7400/1850
f 2668/7401/1851 2670/7402/1851 2671/7403/1851 2666/7404/1851
f 2664/7405/1852 2672/7406/1852 2670/7407/1852 2668/7408/1852