# Made by Pabilo8 with Blockbench
# Exported with IIToolkit Plugin
mtllib data_input_machine.mtl


o main
v 0.5 0.8125 -1.375
v 0.5 0.8125 -0.5
v 0.5 0.5625 -1.375
v 0.5 0.5625 -0.5
v -0.25 0.8125 -1.375
v -0.24999999999999994 0.8125 -0.5
v -0.25 0.5625 -1.375
v -0.24999999999999994 0.5625 -0.5
v 1.5 1 -0.5
v -0.5 1 -0.5
v 1.5 2 -0.5
v 1.5 2 0.5
v 1.5 1 0.5
v -0.5 2 -0.5
v -0.5 2 0.5
v -0.5 1 0.5
v 1.5 0 -0.5
v 1.5 0 0.5
v -0.5 0 -0.5
v -0.5 0 0.5
v 0.5 2 0.5
v 0.5 1 0.5
v 0.5 2 -0.5
v 0.5 1 -0.5
v 0.5 0 -0.5
v 0.5 0 0.5
v 0.5625 3 -0.5
v 0.5625 3 0.5
v 0.5625 2 -0.5
v 0.5625 2 0.5
v -0.5 3 -0.5
v -0.5 3 0.5
v 1.5 0.875 -0.375
v 1.5 0.875 0.375
v 1.5 0.125 -0.375
v 1.5 0.125 0.375
v 1.4375 0.125 0.375
v 1.4375 0.125 -0.375
v 1.4375 0.875 -0.375
v 1.4375 0.875 0.375
v -0.4375 0.875 0.375
v -0.4375 0.875 -0.375
v -0.4375 0.125 0.375
v -0.4375 0.125 -0.375
v -0.5 0.875 -0.375
v -0.5 0.875 0.375
v -0.5 0.125 0.375
v -0.5 0.125 -0.375
v -0.3749999999999991 2.937500000000001 0.375
v -0.3749999999999991 2.937500000000001 -0.375
v 0.37499999999999956 2.9375 0.375
v 0.37499999999999956 2.9375 -0.375
v -0.375 2.999999999999999 -0.375
v -0.375 2.999999999999999 0.375
v 0.3749999999999991 3.000000000000001 0.375
v 0.4999999999999991 3 0.5
v 0.3749999999999991 3.000000000000001 -0.375
v 0.4999999999999991 3 -0.5
v 1.4375 3 -0.5
v 1.4375 2.9375 -0.5
v 1.4375 2.9375 0.5
v 0.5625 2.9375 -0.5
v 0.5625 2.9375 0.5
v 1.4375 2.9375 0.4375
v 1.4375 2 0.4375
v 0.5625 2.9375 0.4375
v 0.5625 2 0.4375
v 1.5 3 -0.5
v 1.5 3 0.5
v 1.4375 3 0.5
v 1.4375 2 -0.5
v 1.4375 2 0.5
v -0.5 2.5 -0.28125
v -0.5 2.5 0.28125
v -0.5 2.125 -0.28125
v -0.5 2.125 0.28125
v -0.5625 2.5 -0.28125
v -0.5625 2.5 0.28125
v -0.5625 2.125 -0.28125
v -0.5625 2.125 0.28125
v 1.50625 0.25 -0.25
v 1.50625 0.25 0.25
v 1.44375 0.25 -0.25
v 1.44375 0.25 0.25
v 1.50625 0.75 -0.25
v 1.44375 0.75 -0.25
v 1.50625 0.75 0.25
v 1.44375 0.75 0.25
v -0.4437500000000001 0.75 -0.25
v -0.4437500000000001 0.75 0.25
v -0.4437500000000001 0.25 -0.25
v -0.4437500000000001 0.25 0.25
v -0.5062500000000001 0.75 -0.25
v -0.5062500000000001 0.75 0.25
v -0.5062500000000001 0.25 -0.25
v -0.5062500000000001 0.25 0.25
v 1.5046874999999993 0.9375 -0.125
v 1.4406249999999994 0.9375 -0.125
v 1.5046874999999993 0.75 -0.125
v 1.4406249999999994 0.75 -0.125
v 1.5046874999999993 0.9375 0.125
v 1.5046874999999993 0.75 0.125
v 1.4406249999999994 0.9375 0.125
v 1.4406249999999994 0.75 0.125
v -0.5046874999999995 0.9375 -0.125
v -0.44062499999999954 0.9375 -0.125
v -0.5046874999999995 0.75 -0.125
v -0.44062499999999954 0.75 -0.125
v -0.5046874999999995 0.9375 0.125
v -0.5046874999999995 0.75 0.125
v -0.44062499999999954 0.9375 0.125
v -0.44062499999999954 0.75 0.125
v 0.9375 1.625 -0.5625
v 0.9375 1.5625 -0.5625
v 0.9375 1.5625 -0.5
v 0.4375 1.625 -0.5625
v 0.4375 1.5625 -0.5625
v 0.4375 1.5625 -0.5
v 0.875 1.75 -0.5625
v 0.875 1.75 -0.5
v 0.9375 1.6875 -0.5625
v 0.9375 1.6875 -0.5
v 0.5 1.75 -0.5625
v 0.5 1.75 -0.5
v 0.4375 1.6875 -0.5625
v 0.4375 1.6875 -0.5
v 0.5 1.6875 -0.5625
v 0.5 1.6875 -0.5
v 0.5 1.625 -0.5625
v 0.5 1.625 -0.5
v 0.875 1.6875 -0.5625
v 0.875 1.6875 -0.5
v 0.875 1.625 -0.5625
v 0.875 1.625 -0.5
v 0.9375 1.625 -0.5078125
v 0.4375 1.625 -0.5078125
v 0.9375 1.6875 -0.5078125
v 0.4375 1.6875 -0.5078125
v 0.9375 1.375 -0.5625
v 0.9375 1.3125 -0.5625
v 0.9375 1.3125 -0.5
v 0.4375 1.375 -0.5625
v 0.4375 1.3125 -0.5625
v 0.4375 1.3125 -0.5
v 0.875 1.5 -0.5625
v 0.875 1.5 -0.5
v 0.9375 1.4375 -0.5625
v 0.9375 1.4375 -0.5
v 0.5 1.5 -0.5625
v 0.5 1.5 -0.5
v 0.4375 1.4375 -0.5625
v 0.4375 1.4375 -0.5
v 0.5 1.4375 -0.5625
v 0.5 1.4375 -0.5
v 0.5 1.375 -0.5625
v 0.5 1.375 -0.5
v 0.875 1.4375 -0.5625
v 0.875 1.4375 -0.5
v 0.875 1.375 -0.5625
v 0.875 1.375 -0.5
v 0.9375 1.375 -0.5078125
v 0.4375 1.375 -0.5078125
v 0.9375 1.4375 -0.5078125
v 0.4375 1.4375 -0.5078125
v 1.4375 1.9076131058551669 -0.5312202569244331
v 1.4375 1.9048868941448331 -0.4687797430755669
v 1.4375 1.1583269396687736 -0.563934797448435
v 1.4375 1.15560072795844 -0.5014942835995689
v 0.9375 1.9076131058551669 -0.5312202569244331
v 0.9375 1.9048868941448331 -0.4687797430755669
v 0.9375 1.1583269396687736 -0.563934797448435
v 0.9375 1.15560072795844 -0.5014942835995689
v 1.0937499999999996 2.8437499999999982 0.4375
v 1.125 2.8125 0.3125
v 1.0937499999999996 2.0312499999999996 0.4375
v 1.125 2.0625 0.3125
v 1.2187499999999996 2.8437499999999982 0.4375
v 1.1875 2.8125 0.3125
v 1.2187499999999996 2.0312499999999996 0.4375
v 1.1875 2.0625 0.3125
v 1.2812499999999996 2.8437499999999982 0.4375
v 1.3125 2.8125 0.3125
v 1.2812499999999996 2.0312499999999996 0.4375
v 1.3125 2.0625 0.3125
v 1.4062499999999996 2.8437499999999982 0.4375
v 1.375 2.8125 0.3125
v 1.4062499999999996 2.0312499999999996 0.4375
v 1.375 2.0625 0.3125
v 0.9062499999999996 2.8437499999999982 0.4375
v 0.9375 2.8125 0.3125
v 0.9062499999999996 2.0312499999999996 0.4375
v 0.9375 2.0625 0.3125
v 1.0312499999999996 2.8437499999999982 0.4375
v 1 2.8125 0.3125
v 1.0312499999999996 2.0312499999999996 0.4375
v 1 2.0625 0.3125
v 0.8754772399386714 2.7539392513184664 0.19639407958569333
v 0.9199591707879811 2.0650387811285293 -0.3661059204143071
v 0.9395918820188858 2.8147817748601973 -0.3661059204143067
v 0.9199591707879811 2.065038781128529 0.3838940795856929
v 0.9395918820188858 2.8147817748601964 0.3838940795856933
v 0.982437753598953 2.063402721859287 -0.3661059204143071
v 1.0020704648298582 2.813145715590954 -0.3661059204143067
v 0.982437753598953 2.063402721859287 0.3838940795856929
v 1.0020704648298582 2.813145715590954 0.3838940795856933
v 0.865660884323219 2.379067754452633 -0.3036059204143067
v 0.8754772399386714 2.7539392513184664 -0.3036059204143067
v 0.865660884323219 2.379067754452633 -0.0848559204143069
v 0.8754772399386714 2.7539392513184664 -0.08485592041430667
v 0.9281394671341914 2.377431695183391 -0.3036059204143067
v 0.9379558227496436 2.752303192049224 -0.3036059204143067
v 0.9281394671341914 2.3774316951833905 -0.0848559204143069
v 0.9379558227496436 2.752303192049224 -0.08485592041430667
v 0.865660884323219 2.379067754452633 -0.053605920414306896
v 0.8754772399386714 2.7539392513184664 -0.053605920414306674
v 0.865660884323219 2.379067754452633 0.1651440795856931
v 0.8754772399386714 2.7539392513184664 0.16514407958569333
v 0.9281394671341914 2.3774316951833905 -0.053605920414306896
v 0.9379558227496436 2.752303192049224 -0.053605920414306674
v 0.9281394671341914 2.3774316951833905 0.1651440795856931
v 0.9379558227496436 2.752303192049224 0.16514407958569333
v 0.8623887657847349 2.2541105888306876 0.1963940795856931
v 0.865660884323219 2.379067754452633 0.1963940795856931
v 0.8623887657847349 2.2541105888306876 0.3213940795856929
v 0.865660884323219 2.379067754452633 0.3213940795856931
v 0.9248673485957069 2.2524745295614457 0.1963940795856931
v 0.9281394671341914 2.3774316951833905 0.1963940795856931
v 0.9248673485957069 2.2524745295614457 0.3213940795856929
v 0.9281394671341914 2.3774316951833905 0.3213940795856931
v 0.8672969435924611 2.4415463372636044 0.1963940795856931
v 0.8705690621309452 2.566503502885549 0.19639407958569333
v 0.8672969435924611 2.4415463372636044 0.3213940795856931
v 0.8705690621309452 2.566503502885549 0.3213940795856933
v 0.9297755264034335 2.4399102779943624 0.1963940795856931
v 0.9330476449419174 2.5648674436163077 0.19639407958569333
v 0.9297755264034335 2.4399102779943624 0.3213940795856931
v 0.9330476449419174 2.5648674436163077 0.3213940795856933
v 0.8722051214001871 2.6289820856965216 0.19639407958569333
v 0.8722051214001871 2.6289820856965216 0.3213940795856933
v 0.8754772399386714 2.7539392513184655 0.3213940795856933
v 0.9346837042111593 2.627346026427279 0.19639407958569333
v 0.9379558227496436 2.752303192049224 0.19639407958569333
v 0.9346837042111593 2.627346026427279 0.3213940795856933
v 0.9379558227496436 2.752303192049224 0.3213940795856933
v 1.0627987814852697 2.745760616187466 0.19639407958569333
v 1.1072807123345794 2.056860145997529 -0.3661059204143071
v 1.126913423565484 2.806603139729196 -0.3661059204143067
v 1.1072807123345794 2.0568601459975286 0.3838940795856929
v 1.126913423565484 2.806603139729196 0.3838940795856933
v 1.1697592951455513 2.0552240867282867 -0.3661059204143071
v 1.1893920063764565 2.804967080459954 -0.3661059204143067
v 1.1697592951455513 2.0552240867282863 0.3838940795856929
v 1.1893920063764565 2.804967080459953 0.3838940795856933
v 1.0420775790284833 2.1211270639261683 -0.3036059204143071
v 1.0518939346439358 2.4959985607920014 -0.3036059204143067
v 1.0420775790284833 2.121127063926168 -0.08485592041430712
v 1.0518939346439358 2.4959985607920014 -0.0848559204143069
v 1.1045561618394557 2.119491004656926 -0.3036059204143071
v 1.114372517454908 2.4943625015227595 -0.3036059204143067
v 1.1045561618394557 2.119491004656926 -0.08485592041430712
v 1.114372517454908 2.4943625015227595 -0.0848559204143069
v 1.0420775790284833 2.121127063926168 -0.05360592041430712
v 1.0518939346439358 2.4959985607920014 -0.053605920414306896
v 1.0420775790284833 2.121127063926168 0.16514407958569288
v 1.0518939346439358 2.4959985607920014 0.16514407958569333
v 1.1045561618394557 2.119491004656926 -0.05360592041430712
v 1.114372517454908 2.4943625015227595 -0.053605920414306896
v 1.1045561618394557 2.1194910046569255 0.16514407958569288
v 1.114372517454908 2.494362501522759 0.16514407958569333
v 1.0497103073313332 2.2459319536996873 0.1963940795856931
v 1.0529824258698173 2.370889119321632 0.1963940795856931
v 1.0497103073313332 2.245931953699687 0.3213940795856929
v 1.0529824258698173 2.370889119321632 0.3213940795856931
v 1.1121888901423054 2.2442958944304454 0.1963940795856931
v 1.1154610086807897 2.3692530600523902 0.1963940795856931
v 1.1121888901423054 2.2442958944304454 0.3213940795856929
v 1.1154610086807897 2.36925306005239 0.3213940795856931
v 1.0546184851390594 2.433367702132604 0.1963940795856931
v 1.0578906036775435 2.55832486775455 0.19639407958569333
v 1.0546184851390594 2.433367702132604 0.3213940795856931
v 1.0578906036775435 2.558324867754549 0.3213940795856931
v 1.1170970679500316 2.431731642863362 0.1963940795856931
v 1.120369186488516 2.5566888084853074 0.19639407958569333
v 1.1170970679500316 2.431731642863362 0.3213940795856931
v 1.120369186488516 2.5566888084853066 0.3213940795856933
v 1.0595266629467854 2.6208034505655213 0.19639407958569333
v 1.0595266629467854 2.6208034505655213 0.3213940795856933
v 1.0627987814852697 2.745760616187466 0.3213940795856933
v 1.1220052457577576 2.619167391296279 0.19639407958569333
v 1.125277364296242 2.744124556918223 0.19639407958569333
v 1.1220052457577576 2.619167391296279 0.3213940795856933
v 1.125277364296242 2.744124556918223 0.3213940795856933
v 1.250120323031868 2.753206981056465 0.19639407958569333
v 1.2946022538811777 2.0643065108665284 -0.3661059204143071
v 1.3142349651120824 2.814049504598196 -0.3661059204143067
v 1.2946022538811777 2.064306510866528 0.3838940795856929
v 1.3142349651120824 2.814049504598195 0.3838940795856933
v 1.3570808366921496 2.062670451597286 -0.3661059204143071
v 1.3767135479230546 2.8124134453289535 -0.3661059204143067
v 1.3570808366921496 2.0626704515972856 0.3838940795856929
v 1.3767135479230546 2.8124134453289535 0.3838940795856933
v 1.2403039674164156 2.378335484190632 -0.3036059204143067
v 1.250120323031868 2.753206981056465 -0.3036059204143067
v 1.2403039674164156 2.378335484190632 -0.0848559204143069
v 1.250120323031868 2.753206981056465 -0.08485592041430667
v 1.302782550227388 2.37669942492139 -0.3036059204143067
v 1.3125989058428402 2.7515709217872235 -0.3036059204143067
v 1.302782550227388 2.37669942492139 -0.0848559204143069
v 1.3125989058428402 2.7515709217872235 -0.08485592041430667
v 1.232125332285415 2.191013942644034 -0.05360592041430712
v 1.2419416879008676 2.5658854395098665 -0.053605920414306674
v 1.232125332285415 2.1910139426440334 0.1651440795856931
v 1.2419416879008676 2.5658854395098665 0.16514407958569333
v 1.2946039150963875 2.1893778833747914 -0.05360592041430712
v 1.3044202707118397 2.564249380240625 -0.053605920414306674
v 1.2946039150963875 2.1893778833747914 0.1651440795856931
v 1.3044202707118397 2.564249380240625 0.16514407958569333
v 1.2370318488779315 2.2533783185686866 0.1963940795856931
v 1.2403039674164156 2.378335484190632 0.1963940795856931
v 1.2370318488779315 2.2533783185686866 0.3213940795856929
v 1.2403039674164156 2.3783354841906315 0.3213940795856931
v 1.2995104316889035 2.2517422592994447 0.1963940795856931
v 1.302782550227388 2.3766994249213895 0.1963940795856931
v 1.2995104316889035 2.2517422592994447 0.3213940795856929
v 1.302782550227388 2.3766994249213895 0.3213940795856931
v 1.2419400266856577 2.4408140670016034 0.1963940795856931
v 1.2452121452241418 2.5657712326235487 0.19639407958569333
v 1.2419400266856577 2.4408140670016034 0.3213940795856931
v 1.2452121452241418 2.5657712326235487 0.3213940795856931
v 1.3044186094966301 2.4391780077323615 0.1963940795856931
v 1.3076907280351142 2.564135173354307 0.19639407958569333
v 1.3044186094966301 2.4391780077323615 0.3213940795856931
v 1.3076907280351142 2.564135173354307 0.3213940795856931
v 1.2468482044933837 2.62824981543452 0.19639407958569333
v 1.2468482044933837 2.62824981543452 0.3213940795856933
v 1.250120323031868 2.753206981056465 0.3213940795856933
v 1.309326787304356 2.6266137561652787 0.19639407958569333
v 1.3125989058428402 2.7515709217872235 0.19639407958569333
v 1.309326787304356 2.6266137561652787 0.3213940795856933
v 1.3125989058428402 2.7515709217872235 0.3213940795856933
v 0.625 2.8125 -0.125
v 0.625 2.8125 0.375
v 0.625 2.6875 -0.125
v 0.625 2.6875 0.375
v 0.5625 2.8125 -0.125
v 0.5625 2.8125 0.375
v 0.5625 2.6875 -0.125
v 0.5625 2.6875 0.375
v 0.9375 2.8125 0.375
v 0.9375 2.8125 0.4375
v 0.9375 2.6875 0.375
v 0.9375 2.6875 0.4375
v 0.5625 2.8125 0.4375
v 0.5625 2.6875 0.4375
v 0.625 2.625 -0.125
v 0.625 2.625 0.375
v 0.625 2.5 -0.125
v 0.625 2.5 0.375
v 0.5625 2.625 -0.125
v 0.5625 2.625 0.375
v 0.5625 2.5 -0.125
v 0.5625 2.5 0.375
v 0.9375 2.625 0.375
v 0.9375 2.625 0.4375
v 0.9375 2.5 0.375
v 0.9375 2.5 0.4375
v 0.5625 2.625 0.4375
v 0.5625 2.5 0.4375
v 0.625 2.4375 -0.125
v 0.625 2.4375 0.375
v 0.625 2.3125 -0.125
v 0.625 2.3125 0.375
v 0.5625 2.4375 -0.125
v 0.5625 2.4375 0.375
v 0.5625 2.3125 -0.125
v 0.5625 2.3125 0.375
v 0.9375 2.4375 0.375
v 0.9375 2.4375 0.4375
v 0.9375 2.3125 0.375
v 0.9375 2.3125 0.4375
v 0.5625 2.4375 0.4375
v 0.5625 2.3125 0.4375
v 0.53125 2.875 -0.559375
v 0.53125 2.875 -0.49687499999999996
v 0.53125 2.75 -0.559375
v 0.53125 2.75 -0.49687499999999996
v 0.46875 2.875 -0.559375
v 0.46875 2.875 -0.49687499999999996
v 0.46875 2.75 -0.559375
v 0.46875 2.75 -0.49687499999999996
v 1.4375 0.8125 -0.75
v 1.4375 0.8125 -0.5625
v 1.4375 0 -0.75
v 1.4375 0 -0.5625
v 1.25 0.8125 -0.75
v 1.25 0.8125 -0.5625
v 1.25 0 -0.75
v 1.25 0 -0.5625
v 1.4375 0.8125 -1.375
v 1.4375 0.8125 -1.1875
v 1.4375 0 -1.375
v 1.4375 0 -1.1875
v 1.25 0.8125 -1.375
v 1.25 0.8125 -1.1875
v 1.25 0 -1.375
v 1.25 0 -1.1875
v -0.25 0.8125 -0.75
v -0.25 0.8125 -0.5625
v -0.25 0 -0.75
v -0.25 0 -0.5625
v -0.4375 0.8125 -0.75
v -0.4375 0.8125 -0.5625
v -0.4375 0 -0.75
v -0.4375 0 -0.5625
v -0.25 0.8125 -1.4375
v -0.25 0.8125 -1.25
v -0.25 0 -1.4375
v -0.25 0 -1.25
v -0.4375 0.8125 -1.4375
v -0.4375 0.8125 -1.25
v -0.4375 0 -1.4375
v -0.4375 0 -1.25
v 1.5 1 -1.5
v 1.5 0.8125 -1.5
v 1.5 0.8125 -0.5
v -0.5 1 -1.5
v -0.5 0.8125 -1.5
v -0.5 0.8125 -0.5
v 0.46875 2.25 -0.559375
v 0.46875 2.25 -0.49687499999999996
v 0.46875 2.125 -0.559375
v 0.46875 2.125 -0.49687499999999996
v 0.53125 2.25 -0.49687499999999996
v 0.53125 2.25 -0.559375
v 0.53125 2.125 -0.49687499999999996
v 0.53125 2.125 -0.559375
v -0.21875 2 -0.621875
v -0.21875 2 -0.49687499999999996
v -0.21875 1.875 -0.621875
v -0.21875 1.875 -0.49687499999999996
v -0.15625 2 -0.49687499999999996
v -0.15625 2 -0.621875
v -0.15625 1.875 -0.49687499999999996
v -0.15625 1.875 -0.621875
v 0.03125 2 -0.621875
v 0.03125 2 -0.49687499999999996
v 0.03125 1.875 -0.621875
v 0.03125 1.875 -0.49687499999999996
v 0.09375 2 -0.49687499999999996
v 0.09375 2 -0.621875
v 0.09375 1.875 -0.49687499999999996
v 0.09375 1.875 -0.621875
v 0.046875 2.203125 -0.5625
v 0.046875 2.203125 -0.5
v 0.046875 2.015625 -0.5625
v 0.046875 2.015625 -0.5
v -0.140625 2.203125 -0.5625
v -0.140625 2.203125 -0.5
v -0.140625 2.015625 -0.5625
v -0.140625 2.015625 -0.5
v -0.11227218454048532 2.0430171570076756 -0.7309743893154561
v -0.11227218454048543 2.1680171570076756 -0.6997243893154567
v 0.012727815459514735 2.0430171570076756 -0.7309743893154561
v 0.012727815459514735 2.168017157007676 -0.6997243893154567
v 0.013108782441711098 2.1673845943266343 -0.6059743893154566
v -0.11189121755828896 2.1673845943266343 -0.6059743893154566
v -0.1118912175582889 2.0423845943266343 -0.6059743893154561
v 0.013108782441711098 2.0423845943266343 -0.6059743893154561
v -0.11151025057609248 2.041752031645593 -0.5434743893154561
v 0.013489749423907571 2.166752031645593 -0.5434743893154566
v -0.11151025057609248 2.166752031645593 -0.5434743893154566
v 0.013489749423907571 2.041752031645593 -0.5434743893154561
v 0.125 1.979212388907416 -0.5534899566346243
v 0.125 1.7961568875724288 -0.5940723842480186
v 0.125 2.0603772441342043 -0.9196009593045995
v 0.125 1.877321742799217 -0.9601833869179937
v -0.25 1.979212388907416 -0.5534899566346243
v -0.25 1.7961568875724288 -0.5940723842480186
v -0.25 2.0603772441342043 -0.9196009593045995
v -0.25 1.877321742799217 -0.9601833869179937
v -0.1875 1.8096843634435595 -0.6550908846930144
v 0.0625 1.8096843634435595 -0.6550908846930144
v -0.1875 1.8637942669280854 -0.8991648864729977
v 0.0625 1.8637942669280854 -0.8991648864729977
v -0.1875 1.870702863888556 -0.6415634088218829
v 0.0625 1.870702863888556 -0.6415634088218829
v -0.1875 1.9248127673730817 -0.8856374106018663
v 0.0625 1.9248127673730817 -0.8856374106018663
v 0.0625 2.0537583652235436 -0.6009809812084886
v 0.0625 2.1078682687080694 -0.8450549829884721
v -0.1875 2.0537583652235436 -0.6009809812084886
v -0.1875 2.1078682687080694 -0.8450549829884721
v -0.1875 1.8401936136660577 -0.6483271467574486
v 0.0625 1.8401936136660577 -0.6483271467574486
v -0.1875 1.8943035171505835 -0.892401148537432
v 0.0625 1.8943035171505835 -0.892401148537432
v -0.5 3 -0.5
v -0.5 3 0.5
v -0.3749999999999991 2.937500000000001 0.375
v -0.3749999999999991 2.937500000000001 -0.375
v 0.37499999999999956 2.9375 0.375
v 0.37499999999999956 2.9375 -0.375
v -0.375 2.999999999999999 -0.375
v -0.375 2.999999999999999 0.375
v 0.3749999999999991 3.000000000000001 0.375
v 0.4999999999999991 3 0.5
v 0.3749999999999991 3.000000000000001 -0.375
v 0.4999999999999991 3 -0.5
v 0.25 3.0062499999999996 -0.25
v 0.25 3.0062499999999996 0.25
v 0.25 2.9437499999999996 -0.25
v 0.25 2.9437499999999996 0.25
v -0.25 3.0062499999999996 -0.25
v -0.25 3.0062499999999996 0.25
v -0.25 2.9437499999999996 -0.25
v -0.25 2.9437499999999996 0.25
v 0.4375 1.9999999999999996 -0.5
v 0.4375 3 -0.5
v 0.625 1.25 -0.5625
v 0.625 1.25 -0.5
v 0.625 1.0625 -0.5625
v 0.625 1.0625 -0.5
v 0.4375 1.25 -0.5625
v 0.4375 1.25 -0.5
v 0.4375 1.0625 -0.5625
v 0.4375 1.0625 -0.5
v 0.625 1.25 -0.8125
v 0.625 1.25 -0.5625
v 0.625 1.0625 -0.8125
v 0.625 1.0625 -0.5625
v 0.4375 1.25 -0.8125
v 0.4375 1.25 -0.5625
v 0.4375 1.0625 -0.8125
v 0.4375 1.0625 -0.5625
v 0.625 1.1875 -0.8125
v 0.4375 1.1875 -0.8125
v 0.5 1.0625 -0.8125
v 0.5 1.1875 -0.8125
vt 0.765625 0.0625
vt 0.984375 0.0625
vt 0.984375 0
vt 0.765625 0
vt 0.78125 0.0625
vt 1 0.0625
vt 1 0
vt 0.78125 0
vt 0.765625 0.0625
vt 0.765625 0.25
vt 0.984375 0.25
vt 0.984375 0.0625
vt 0.796875 0.453125
vt 0.984375 0.453125
vt 0.984375 0.390625
vt 0.796875 0.390625
vt 0.75 0.5
vt 1 0.5
vt 1 0.25
vt 0.75 0.25
vt 0.75 0.5
vt 1 0.5
vt 1 0.25
vt 0.75 0.25
vt 0.25 0.5
vt 0.25 0.25
vt 0 0.25
vt 0 0.5
vt 0.75 0.25
vt 0.5 0.25
vt 0.5 0.5
vt 0.75 0.5
vt 1 0.5
vt 0.75 0.5
vt 0.75 0.25
vt 1 0.25
vt 0.5 0
vt 0.25 0
vt 0.25 0.25
vt 0.5 0.25
vt 0.25 0.25
vt 0.25 0
vt 0 0
vt 0 0.25
vt 0 0.5
vt 0.25 0.5
vt 0.25 0.25
vt 0 0.25
vt 1 0.25
vt 1 0
vt 0.75 0
vt 0.75 0.25
vt 0.5 0.25
vt 0.5 0.5
vt 0.75 0.5
vt 0.75 0.25
vt 1.3877787807814457e-17 0.25
vt 0.25 0.25
vt 0.25 0
vt 0 0
vt 0.75 0.75
vt 1 0.75
vt 1 1
vt 0.75 1
vt 0.25 0
vt 0.25 0.25
vt 0.5 0.25
vt 0.5 0
vt 0.75 0.25
vt 1 0.25
vt 1 0
vt 0.75 0
vt 0.75 1
vt 1 1
vt 1 0.75
vt 0.75 0.75
vt 0.484375 1
vt 0.75 1
vt 0.75 0.75
vt 0.484375 0.75
vt 0.78125 0.21875
vt 0.96875 0.21875
vt 0.96875 0.03125
vt 0.78125 0.03125
vt 1 0
vt 0.96875 0.03125
vt 0.96875 0.21875
vt 1 0.25
vt 1 0.25
vt 0.96875 0.21875
vt 0.78125 0.21875
vt 0.75 0.25
vt 0.75 0.25
vt 0.78125 0.21875
vt 0.78125 0.03125
vt 0.75 0
vt 0.75 0
vt 0.78125 0.03125
vt 0.96875 0.03125
vt 1 0
vt 0.96875 0.21875
vt 0.984375 0.21875
vt 0.984375 0.03125
vt 0.96875 0.03125
vt 0.96875 0.234375
vt 0.96875 0.21875
vt 0.78125 0.21875
vt 0.78125 0.234375
vt 0.765625 0.21875
vt 0.78125 0.21875
vt 0.78125 0.03125
vt 0.765625 0.03125
vt 0.78125 0.03125
vt 0.78125 0.015625
vt 0.96875 0.015625
vt 0.96875 0.03125
vt 0.96875 0.03125
vt 0.96875 0.21875
vt 0.78125 0.21875
vt 0.78125 0.03125
vt 0.96875 0.21875
vt 0.96875 0.03125
vt 1 0
vt 1 0.25
vt 0.78125 0.21875
vt 0.96875 0.21875
vt 1 0.25
vt 0.75 0.25
vt 0.78125 0.03125
vt 0.78125 0.21875
vt 0.75 0.25
vt 0.75 0
vt 0.96875 0.03125
vt 0.78125 0.03125
vt 0.75 0
vt 1 0
vt 0.984375 0.03125
vt 0.984375 0.21875
vt 0.96875 0.21875
vt 0.96875 0.03125
vt 0.78125 0.21875
vt 0.96875 0.21875
vt 0.96875 0.234375
vt 0.78125 0.234375
vt 0.78125 0.03125
vt 0.78125 0.21875
vt 0.765625 0.21875
vt 0.765625 0.03125
vt 0.96875 0.015625
vt 0.78125 0.015625
vt 0.78125 0.03125
vt 0.96875 0.03125
vt 0.71875 0.21875
vt 0.734375 0.21875
vt 0.734375 0.03125
vt 0.71875 0.03125
vt 0.71875 0.234375
vt 0.71875 0.21875
vt 0.53125 0.21875
vt 0.53125 0.234375
vt 0.515625 0.21875
vt 0.53125 0.21875
vt 0.53125 0.03125
vt 0.515625 0.03125
vt 0.53125 0.03125
vt 0.53125 0.015625
vt 0.71875 0.015625
vt 0.71875 0.03125
vt 0.75 0.25
vt 1 0.25
vt 1 0
vt 0.75 0
vt 0.78125 1
vt 1 1
vt 1 0.984375
vt 0.78125 0.984375
vt 0.75 0.25
vt 1 0.25
vt 1 0
vt 0.75 0
vt 0.75 1
vt 1 1
vt 1 0.75
vt 0.75 0.75
vt 0.984375 1
vt 1 1
vt 1 0.75
vt 0.984375 0.75
vt 0.75 0.25
vt 1 0.25
vt 1 0
vt 0.75 0
vt 0.234375 1
vt 0.234375 0.75
vt 0 0.75
vt 0 1
vt 0 0
vt 0 0.25
vt 0.25 0.25
vt 0.25 0
vt 0 0.34375
vt 0 0.375
vt 0.28125 0.375
vt 0.28125 0.34375
vt 0 0.1875
vt 0 0.21875
vt 0.28125 0.21875
vt 0.28125 0.1875
vt 0.25 0.375
vt 0.28125 0.375
vt 0.28125 0.1875
vt 0.25 0.1875
vt 0 0.375
vt 0.03125 0.375
vt 0.03125 0.1875
vt 0 0.1875
vt 0.734375 0.609375
vt 0.75 0.609375
vt 0.75 0.484375
vt 0.734375 0.484375
vt 0.734375 0.609375
vt 0.75 0.609375
vt 0.75 0.484375
vt 0.734375 0.484375
vt 0.640625 0.609375
vt 0.640625 0.484375
vt 0.625 0.484375
vt 0.625 0.609375
vt 0.625 0.484375
vt 0.625 0.609375
vt 0.640625 0.609375
vt 0.640625 0.484375
vt 0.75 0.484375
vt 0.75 0.609375
vt 0.875 0.609375
vt 0.875 0.484375
vt 0.625 0.609375
vt 0.75 0.609375
vt 0.75 0.484375
vt 0.625 0.484375
vt 0.765625 0.609375
vt 0.765625 0.484375
vt 0.75 0.484375
vt 0.75 0.609375
vt 0.75 0.609375
vt 0.765625 0.609375
vt 0.765625 0.484375
vt 0.75 0.484375
vt 0.75 0.609375
vt 0.765625 0.609375
vt 0.765625 0.484375
vt 0.75 0.484375
vt 0.75 0.484375
vt 0.75 0.609375
vt 0.765625 0.609375
vt 0.765625 0.484375
vt 0.0625 0.734375
vt 0.125 0.734375
vt 0.125 0.6875
vt 0.0625 0.6875
vt 0.0625 0.734375
vt 0.07851562499999998 0.734375
vt 0.07851562499999998 0.6875
vt 0.0625 0.6875
vt 0.109375 0.734375
vt 0.12539062499999998 0.734375
vt 0.12539062499999998 0.6875
vt 0.109375 0.6875
vt 0.0625 0.6875
vt 0.0625 0.734375
vt 0 0.734375
vt 0 0.6875
vt 0.016015624999999978 0.6875
vt 0.016015624999999978 0.734375
vt 0 0.734375
vt 0 0.6875
vt 0.06289062499999998 0.6875
vt 0.06289062499999998 0.734375
vt 0.046875 0.734375
vt 0.046875 0.6875
vt 0.625 0.09375
vt 0.75 0.09375
vt 0.75 0.078125
vt 0.625 0.078125
vt 0.625 0.09375
vt 0.75 0.09375
vt 0.75 0.078125
vt 0.625 0.078125
vt 0.734375 0.125
vt 0.75 0.125
vt 0.75 0.109375
vt 0.734375 0.109375
vt 0.625 0.125
vt 0.640625 0.125
vt 0.640625 0.109375
vt 0.625 0.109375
vt 0.640625 0.125
vt 0.734375 0.125
vt 0.734375 0.109375
vt 0.640625 0.109375
vt 0.640625 0.125
vt 0.734375 0.125
vt 0.75 0.109375
vt 0.625 0.109375
vt 0.625 0.125
vt 0.640625 0.125
vt 0.640625 0.109375
vt 0.625 0.109375
vt 0.625 0.109375
vt 0.640625 0.109375
vt 0.640625 0.09375
vt 0.625 0.09375
vt 0.625 0.125
vt 0.640625 0.125
vt 0.640625 0.109375
vt 0.625 0.109375
vt 0.734375 0.109375
vt 0.75 0.109375
vt 0.75 0.09375
vt 0.734375 0.09375
vt 0.625 0.109375
vt 0.640625 0.109375
vt 0.640625 0.078125
vt 0.625 0.078125
vt 0.625 0.125
vt 0.640625 0.125
vt 0.640625 0.09375
vt 0.625 0.09375
vt 0.640625 0.078125
vt 0.640625 0.09375
vt 0.734375 0.09375
vt 0.734375 0.078125
vt 0.734375 0.125
vt 0.734375 0.109375
vt 0.640625 0.109375
vt 0.640625 0.125
vt 0.625 0.09375
vt 0.625 0.109375
vt 0.75 0.109375
vt 0.75 0.09375
vt 0.5 0.09375
vt 0.625 0.09375
vt 0.625 0.078125
vt 0.5 0.078125
vt 0.5 0.09375
vt 0.625 0.09375
vt 0.625 0.078125
vt 0.5 0.078125
vt 0.609375 0.125
vt 0.625 0.125
vt 0.625 0.109375
vt 0.609375 0.109375
vt 0.5 0.125
vt 0.515625 0.125
vt 0.515625 0.109375
vt 0.5 0.109375
vt 0.515625 0.125
vt 0.609375 0.125
vt 0.609375 0.109375
vt 0.515625 0.109375
vt 0.515625 0.125
vt 0.609375 0.125
vt 0.625 0.109375
vt 0.5 0.109375
vt 0.5 0.125
vt 0.515625 0.125
vt 0.515625 0.109375
vt 0.5 0.109375
vt 0.5 0.109375
vt 0.515625 0.109375
vt 0.515625 0.09375
vt 0.5 0.09375
vt 0.5 0.125
vt 0.515625 0.125
vt 0.515625 0.109375
vt 0.5 0.109375
vt 0.609375 0.109375
vt 0.625 0.109375
vt 0.625 0.09375
vt 0.609375 0.09375
vt 0.5 0.109375
vt 0.515625 0.109375
vt 0.515625 0.078125
vt 0.5 0.078125
vt 0.5 0.125
vt 0.515625 0.125
vt 0.515625 0.09375
vt 0.5 0.09375
vt 0.515625 0.078125
vt 0.515625 0.09375
vt 0.609375 0.09375
vt 0.609375 0.078125
vt 0.609375 0.125
vt 0.609375 0.109375
vt 0.515625 0.109375
vt 0.515625 0.125
vt 0.5 0.09375
vt 0.5 0.109375
vt 0.625 0.109375
vt 0.625 0.09375
vt 0 1
vt 0.03125 1
vt 0.03125 0.625
vt 0 0.625
vt 0.28125 1
vt 0.3125 1
vt 0.3125 0.625
vt 0.28125 0.625
vt 0.03125 1
vt 0.28125 1
vt 0.28125 0.96875
vt 0.03125 0.96875
vt 0.03125 0.65625
vt 0.28125 0.65625
vt 0.28125 0.625
vt 0.03125 0.625
vt 0 1
vt 0.3125 1
vt 0.3125 0.625
vt 0 0.625
vt 0.03125 1
vt 0.28125 1
vt 0.28125 0.625
vt 0.03125 0.625
vt 0.75 1
vt 0.7822125 0.9921875
vt 0.7822125 0.8046875
vt 0.75 0.796875
vt 0.75 0.9921875
vt 0.7822109375 1
vt 0.7822109375 0.796875
vt 0.75 0.8046875
vt 0.7734375 0.9677890625000001
vt 0.7578125 0.9677890625000001
vt 0.75 1
vt 0.78125 1
vt 0.78125 0.9677875
vt 0.75 0.9677875
vt 0.7578125 1
vt 0.7734375 1
vt 0.75 1
vt 0.7822125 0.9921875
vt 0.7822125 0.8046875
vt 0.75 0.796875
vt 0.75 0.9921875
vt 0.7822125 1
vt 0.7822125 0.796875
vt 0.75 0.8046875
vt 0.7734375 0.9677890625000001
vt 0.7578125 0.9677890625000001
vt 0.75 1
vt 0.78125 1
vt 0.78125 0.9677875
vt 0.75 0.9677875
vt 0.7578125 1
vt 0.7734375 1
vt 0.75 1
vt 0.7822125 0.9921875
vt 0.7822125 0.8046875
vt 0.75 0.796875
vt 0.75 0.9921875
vt 0.7822109375 1
vt 0.7822109375 0.796875
vt 0.75 0.8046875
vt 0.7734375 0.9677890625000001
vt 0.7578125 0.9677890625000001
vt 0.75 1
vt 0.78125 1
vt 0.78125 0.9677875
vt 0.75 0.9677875
vt 0.7578125 1
vt 0.7734375 1
vt 0.75 0.25
vt 0.75 1
vt 0 1
vt 0 0.25
vt 0 0.25
vt 0 1
vt 0.75 1
vt 0.75 0.25
vt 0 1
vt 0.75 1
vt 0.75 0.9375
vt 0 0.9375
vt 0.75 0.3125
vt 0 0.3125
vt 0 0.25
vt 0.75 0.25
vt 0.046875000000000444 0.25
vt 0.046875000000000444 1
vt 0 1
vt 0 0.25
vt 0.75 0.25
vt 0.75 1
vt 0.7031249999999996 1
vt 0.7031249999999996 0.25
vt 1 0.625
vt 0.75 0.625
vt 0.75 1
vt 1 1
vt 0.7500000000000001 1
vt 0.7500000000000001 0.625
vt 0.8125000000000001 0.625
vt 0.8125000000000001 1
vt 1 0.625
vt 1 1
vt 0.9375 1
vt 0.9375 0.625
vt 1 0.9375
vt 0.75 0.9375
vt 0.75 1
vt 1 1
vt 1 0.625
vt 0.75 0.625
vt 0.75 0.6875
vt 1 0.6875
vt 1 0.25
vt 0.75 0.25
vt 0.75 0.625
vt 1 0.625
vt 0.8125 0.625
vt 0.8125 0.25
vt 0.75 0.25
vt 0.75 0.625
vt 1 0.25
vt 1 0.625
vt 0.9375 0.625
vt 0.9375 0.25
vt 1 0.5625
vt 0.75 0.5625
vt 0.75 0.625
vt 1 0.625
vt 1 0.25
vt 0.75 0.25
vt 0.75 0.3125
vt 1 0.3125
vt 0.75 0.125
vt 0.75 0.25
vt 0.625 0.25
vt 0.625 0.125
vt 0.625 0.25
vt 0.75 0.25
vt 0.75 0.1875
vt 0.625 0.1875
vt 0.75 0.1875
vt 0.625 0.1875
vt 0.625 0.125
vt 0.75 0.125
vt 0.625 0.125
vt 0.625 0.25
vt 0.6875 0.25
vt 0.6875 0.125
vt 0.6875 0.125
vt 0.6875 0.25
vt 0.75 0.25
vt 0.75 0.125
vt 0.875 0.125
vt 0.875 0.25
vt 0.75 0.25
vt 0.75 0.125
vt 0.75 0.25
vt 0.875 0.25
vt 0.875 0.1875
vt 0.75 0.1875
vt 0.875 0.1875
vt 0.75 0.1875
vt 0.75 0.125
vt 0.875 0.125
vt 0.75 0.125
vt 0.75 0.25
vt 0.8125 0.25
vt 0.8125 0.125
vt 0.8125 0.125
vt 0.8125 0.25
vt 0.875 0.25
vt 0.875 0.125
vt 1 0.125
vt 1 0.25
vt 0.875 0.25
vt 0.875 0.125
vt 0.875 0.25
vt 1 0.25
vt 1 0.1875
vt 0.875 0.1875
vt 1 0.1875
vt 0.875 0.1875
vt 0.875 0.125
vt 1 0.125
vt 0.875 0.125
vt 0.875 0.25
vt 0.9375 0.25
vt 0.9375 0.125
vt 0.9375 0.125
vt 0.9375 0.25
vt 1 0.25
vt 1 0.125
vt 0.75 0.25
vt 0.75 1
vt 0 1
vt 0 0.25
vt 0 0.25
vt 0 1
vt 0.75 1
vt 0.75 0.25
vt 0 1
vt 0.75 1
vt 0.75 0.9375
vt 0 0.9375
vt 0.75 0.3125
vt 0 0.3125
vt 0 0.25
vt 0.75 0.25
vt 0.046875000000000444 0.25
vt 0.046875000000000444 1
vt 0 1
vt 0 0.25
vt 0.75 0.25
vt 0.75 1
vt 0.7031249999999996 1
vt 0.7031249999999996 0.25
vt 1 0.625
vt 0.75 0.625
vt 0.75 1
vt 1 1
vt 0.7500000000000001 1
vt 0.7500000000000001 0.625
vt 0.8125000000000001 0.625
vt 0.8125000000000001 1
vt 1 0.625
vt 1 1
vt 0.9375 1
vt 0.9375 0.625
vt 1 0.9375
vt 0.75 0.9375
vt 0.75 1
vt 1 1
vt 1 0.625
vt 0.75 0.625
vt 0.75 0.6875
vt 1 0.6875
vt 1 0.25
vt 0.75 0.25
vt 0.75 0.625
vt 1 0.625
vt 0.8125 0.625
vt 0.8125 0.25
vt 0.75 0.25
vt 0.75 0.625
vt 1 0.25
vt 1 0.625
vt 0.9375 0.625
vt 0.9375 0.25
vt 1 0.5625
vt 0.75 0.5625
vt 0.75 0.625
vt 1 0.625
vt 1 0.25
vt 0.75 0.25
vt 0.75 0.3125
vt 1 0.3125
vt 0.75 0.125
vt 0.75 0.25
vt 0.625 0.25
vt 0.625 0.125
vt 0.625 0.25
vt 0.75 0.25
vt 0.75 0.1875
vt 0.625 0.1875
vt 0.75 0.1875
vt 0.625 0.1875
vt 0.625 0.125
vt 0.75 0.125
vt 0.625 0.125
vt 0.625 0.25
vt 0.6875 0.25
vt 0.6875 0.125
vt 0.6875 0.125
vt 0.6875 0.25
vt 0.75 0.25
vt 0.75 0.125
vt 0.875 0.125
vt 0.875 0.25
vt 0.75 0.25
vt 0.75 0.125
vt 0.75 0.25
vt 0.875 0.25
vt 0.875 0.1875
vt 0.75 0.1875
vt 0.875 0.1875
vt 0.75 0.1875
vt 0.75 0.125
vt 0.875 0.125
vt 0.75 0.125
vt 0.75 0.25
vt 0.8125 0.25
vt 0.8125 0.125
vt 0.8125 0.125
vt 0.8125 0.25
vt 0.875 0.25
vt 0.875 0.125
vt 1 0.125
vt 1 0.25
vt 0.875 0.25
vt 0.875 0.125
vt 0.875 0.25
vt 1 0.25
vt 1 0.1875
vt 0.875 0.1875
vt 1 0.1875
vt 0.875 0.1875
vt 0.875 0.125
vt 1 0.125
vt 0.875 0.125
vt 0.875 0.25
vt 0.9375 0.25
vt 0.9375 0.125
vt 0.9375 0.125
vt 0.9375 0.25
vt 1 0.25
vt 1 0.125
vt 0.75 0.25
vt 0.75 1
vt 0 1
vt 0 0.25
vt 0 0.25
vt 0 1
vt 0.75 1
vt 0.75 0.25
vt 0 1
vt 0.75 1
vt 0.75 0.9375
vt 0 0.9375
vt 0.75 0.3125
vt 0 0.3125
vt 0 0.25
vt 0.75 0.25
vt 0.046875000000000444 0.25
vt 0.046875000000000444 1
vt 0 1
vt 0 0.25
vt 0.75 0.25
vt 0.75 1
vt 0.7031249999999996 1
vt 0.7031249999999996 0.25
vt 1 0.625
vt 0.75 0.625
vt 0.75 1
vt 1 1
vt 0.7500000000000001 1
vt 0.7500000000000001 0.625
vt 0.8125000000000001 0.625
vt 0.8125000000000001 1
vt 1 0.625
vt 1 1
vt 0.9375 1
vt 0.9375 0.625
vt 1 0.9375
vt 0.75 0.9375
vt 0.75 1
vt 1 1
vt 1 0.625
vt 0.75 0.625
vt 0.75 0.6875
vt 1 0.6875
vt 1 0.25
vt 0.75 0.25
vt 0.75 0.625
vt 1 0.625
vt 0.8125 0.625
vt 0.8125 0.25
vt 0.75 0.25
vt 0.75 0.625
vt 1 0.25
vt 1 0.625
vt 0.9375 0.625
vt 0.9375 0.25
vt 1 0.5625
vt 0.75 0.5625
vt 0.75 0.625
vt 1 0.625
vt 1 0.25
vt 0.75 0.25
vt 0.75 0.3125
vt 1 0.3125
vt 0.75 0.125
vt 0.75 0.25
vt 0.625 0.25
vt 0.625 0.125
vt 0.625 0.25
vt 0.75 0.25
vt 0.75 0.1875
vt 0.625 0.1875
vt 0.75 0.1875
vt 0.625 0.1875
vt 0.625 0.125
vt 0.75 0.125
vt 0.625 0.125
vt 0.625 0.25
vt 0.6875 0.25
vt 0.6875 0.125
vt 0.6875 0.125
vt 0.6875 0.25
vt 0.75 0.25
vt 0.75 0.125
vt 0.875 0.125
vt 0.875 0.25
vt 0.75 0.25
vt 0.75 0.125
vt 0.75 0.25
vt 0.875 0.25
vt 0.875 0.1875
vt 0.75 0.1875
vt 0.875 0.1875
vt 0.75 0.1875
vt 0.75 0.125
vt 0.875 0.125
vt 0.75 0.125
vt 0.75 0.25
vt 0.8125 0.25
vt 0.8125 0.125
vt 0.8125 0.125
vt 0.8125 0.25
vt 0.875 0.25
vt 0.875 0.125
vt 1 0.125
vt 1 0.25
vt 0.875 0.25
vt 0.875 0.125
vt 0.875 0.25
vt 1 0.25
vt 1 0.1875
vt 0.875 0.1875
vt 1 0.1875
vt 0.875 0.1875
vt 0.875 0.125
vt 1 0.125
vt 0.875 0.125
vt 0.875 0.25
vt 0.9375 0.25
vt 0.9375 0.125
vt 0.9375 0.125
vt 0.9375 0.25
vt 1 0.25
vt 1 0.125
vt 0.5625 0.0625
vt 0.5625 0.5625
vt 0.6875 0.5625
vt 0.6875 0.0625
vt 0.5625 0.5625
vt 0.625 0.5625
vt 0.625 0.0625
vt 0.5625 0.0625
vt 0.5625 0.0625
vt 0.625 0.0625
vt 0.625 0.5625
vt 0.5625 0.5625
vt 0.5625 0.0625
vt 0.5625 0.125
vt 0.6875 0.125
vt 0.6875 0.0625
vt 0.5625 0.875
vt 0.5625 0.9375
vt 0.6875 0.9375
vt 0.6875 0.875
vt 0.5625 0.5625
vt 0.5625 0.9375
vt 0.625 0.9375
vt 0.625 0.5625
vt 0.5625 0.5625
vt 0.5625 0.9375
vt 0.625 0.9375
vt 0.625 0.5625
vt 0.5625 0.5625
vt 0.5625 0.9375
vt 0.6875 0.9375
vt 0.6875 0.5625
vt 0.5625 0.0625
vt 0.5625 0.5625
vt 0.6875 0.5625
vt 0.6875 0.0625
vt 0.5625 0.5625
vt 0.625 0.5625
vt 0.625 0.0625
vt 0.5625 0.0625
vt 0.5625 0.0625
vt 0.625 0.0625
vt 0.625 0.5625
vt 0.5625 0.5625
vt 0.5625 0.0625
vt 0.5625 0.125
vt 0.6875 0.125
vt 0.6875 0.0625
vt 0.5625 0.875
vt 0.5625 0.9375
vt 0.6875 0.9375
vt 0.6875 0.875
vt 0.5625 0.5625
vt 0.5625 0.9375
vt 0.625 0.9375
vt 0.625 0.5625
vt 0.5625 0.5625
vt 0.5625 0.9375
vt 0.625 0.9375
vt 0.625 0.5625
vt 0.5625 0.5625
vt 0.5625 0.9375
vt 0.6875 0.9375
vt 0.6875 0.5625
vt 0.5625 0.0625
vt 0.5625 0.5625
vt 0.6875 0.5625
vt 0.6875 0.0625
vt 0.5625 0.5625
vt 0.625 0.5625
vt 0.625 0.0625
vt 0.5625 0.0625
vt 0.5625 0.0625
vt 0.625 0.0625
vt 0.625 0.5625
vt 0.5625 0.5625
vt 0.5625 0.0625
vt 0.5625 0.125
vt 0.6875 0.125
vt 0.6875 0.0625
vt 0.5625 0.875
vt 0.5625 0.9375
vt 0.6875 0.9375
vt 0.6875 0.875
vt 0.5625 0.5625
vt 0.5625 0.9375
vt 0.625 0.9375
vt 0.625 0.5625
vt 0.5625 0.5625
vt 0.5625 0.9375
vt 0.625 0.9375
vt 0.625 0.5625
vt 0.5625 0.5625
vt 0.5625 0.9375
vt 0.6875 0.9375
vt 0.6875 0.5625
vt 0.6875 0.21875
vt 0.703125 0.21875
vt 0.703125 0.1875
vt 0.6875 0.1875
vt 0.6875 0.21875
vt 0.703125 0.21875
vt 0.703125 0.1875
vt 0.6875 0.1875
vt 0.6875 0.21875
vt 0.703125 0.21875
vt 0.703125 0.203125
vt 0.6875 0.203125
vt 0.6875 0.203125
vt 0.703125 0.203125
vt 0.703125 0.1875
vt 0.6875 0.1875
vt 0.6875 0.21875
vt 0.703125 0.21875
vt 0.703125 0.1875
vt 0.6875 0.1875
vt 0.796875 0.703125
vt 0.84375 0.703125
vt 0.84375 0.5
vt 0.796875 0.5
vt 0.796875 0.703125
vt 0.84375 0.703125
vt 0.84375 0.5
vt 0.796875 0.5
vt 0.84375 0.75
vt 0.890625 0.75
vt 0.890625 0.703125
vt 0.84375 0.703125
vt 0.84375 0.703125
vt 0.890625 0.703125
vt 0.890625 0.5
vt 0.84375 0.5
vt 0.84375 0.703125
vt 0.890625 0.703125
vt 0.890625 0.5
vt 0.84375 0.5
vt 0.84375 0.703125
vt 0.890625 0.703125
vt 0.890625 0.5
vt 0.84375 0.5
vt 0.84375 0.703125
vt 0.890625 0.703125
vt 0.890625 0.5
vt 0.84375 0.5
vt 0.84375 0.75
vt 0.890625 0.75
vt 0.890625 0.703125
vt 0.84375 0.703125
vt 0.796875 0.703125
vt 0.84375 0.703125
vt 0.84375 0.5
vt 0.796875 0.5
vt 0.796875 0.703125
vt 0.84375 0.703125
vt 0.84375 0.5
vt 0.796875 0.5
vt 0.796875 0.703125
vt 0.84375 0.703125
vt 0.84375 0.5
vt 0.796875 0.5
vt 0.796875 0.703125
vt 0.84375 0.703125
vt 0.84375 0.5
vt 0.796875 0.5
vt 0.84375 0.75
vt 0.890625 0.75
vt 0.890625 0.703125
vt 0.84375 0.703125
vt 0.84375 0.703125
vt 0.890625 0.703125
vt 0.890625 0.5
vt 0.84375 0.5
vt 0.84375 0.703125
vt 0.890625 0.703125
vt 0.890625 0.5
vt 0.84375 0.5
vt 0.796875 0.703125
vt 0.84375 0.703125
vt 0.84375 0.5
vt 0.796875 0.5
vt 0.796875 0.703125
vt 0.84375 0.703125
vt 0.84375 0.5
vt 0.796875 0.5
vt 0.84375 0.75
vt 0.890625 0.75
vt 0.890625 0.703125
vt 0.84375 0.703125
vt 0.84375 0.703125
vt 0.890625 0.703125
vt 0.890625 0.5
vt 0.84375 0.5
vt 0.84375 0.703125
vt 0.890625 0.703125
vt 0.890625 0.5
vt 0.84375 0.5
vt 0.796875 0.5
vt 0.796875 0.75
vt 0.84375 0.75
vt 0.84375 0.5
vt 0.796875 0.5
vt 0.796875 0.75
vt 0.84375 0.75
vt 0.84375 0.5
vt 0.5 0
vt 0 0
vt 0 0.25
vt 0.5 0.25
vt 0.5 0.25
vt 0 0.25
vt 0 0
vt 0.5 0
vt 0.75 0.25
vt 0.75 0.75
vt 0.796875 0.75
vt 0.796875 0.25
vt 0 0.1875
vt 0 0.375
vt 0.28125 0.375
vt 0.28125 0.1875
vt 0.6875 0.21875
vt 0.703125 0.21875
vt 0.703125 0.1875
vt 0.6875 0.1875
vt 0.6875 0.21875
vt 0.703125 0.21875
vt 0.703125 0.1875
vt 0.6875 0.1875
vt 0.6875 0.21875
vt 0.703125 0.21875
vt 0.703125 0.203125
vt 0.6875 0.203125
vt 0.6875 0.203125
vt 0.703125 0.203125
vt 0.703125 0.1875
vt 0.6875 0.1875
vt 0.6875 0.21875
vt 0.703125 0.21875
vt 0.703125 0.1875
vt 0.6875 0.1875
vt 0.6875 0.21875
vt 0.703125 0.21875
vt 0.703125 0.1875
vt 0.6875 0.1875
vt 0.6875 0.21875
vt 0.703125 0.21875
vt 0.703125 0.1875
vt 0.6875 0.1875
vt 0.6875 0.21875
vt 0.703125 0.21875
vt 0.703125 0.203125
vt 0.6875 0.203125
vt 0.6875 0.203125
vt 0.703125 0.203125
vt 0.703125 0.1875
vt 0.6875 0.1875
vt 0.6875 0.21875
vt 0.703125 0.21875
vt 0.703125 0.1875
vt 0.6875 0.1875
vt 0.6875 0.21875
vt 0.703125 0.21875
vt 0.703125 0.1875
vt 0.6875 0.1875
vt 0.6875 0.21875
vt 0.703125 0.21875
vt 0.703125 0.1875
vt 0.6875 0.1875
vt 0.6875 0.21875
vt 0.703125 0.21875
vt 0.703125 0.203125
vt 0.6875 0.203125
vt 0.6875 0.203125
vt 0.703125 0.203125
vt 0.703125 0.1875
vt 0.6875 0.1875
vt 0.6875 0.21875
vt 0.703125 0.21875
vt 0.703125 0.1875
vt 0.6875 0.1875
vt 0.71875 0.265625
vt 0.734375 0.265625
vt 0.734375 0.21875
vt 0.71875 0.21875
vt 0.6875 0.265625
vt 0.703125 0.265625
vt 0.703125 0.21875
vt 0.6875 0.21875
vt 0.6875 0.265625
vt 0.734375 0.265625
vt 0.734375 0.25
vt 0.6875 0.25
vt 0.6875 0.234375
vt 0.734375 0.234375
vt 0.734375 0.21875
vt 0.6875 0.21875
vt 0.6875 0.265625
vt 0.734375 0.265625
vt 0.734375 0.21875
vt 0.6875 0.21875
vt 0.6875 0.875
vt 0.6875 1
vt 0.5625 1
vt 0.5625 0.875
vt 0.6875 1
vt 0.5625 1
vt 0.5625 0.875
vt 0.6875 0.875
vt 1 0.125
vt 1 0.25
vt 0.875 0.25
vt 0.875 0.125
vt 0.875 0.125
vt 0.75 0.125
vt 0.75 0
vt 0.875 0
vt 0.6875 0.6875
vt 0.5625 0.6875
vt 0.5625 0.625
vt 0.6875 0.625
vt 0.6875 0.6875
vt 0.5625 0.6875
vt 0.5625 0.625
vt 0.6875 0.625
vt 0.5625 0.6875
vt 0.6875 0.6875
vt 0.6875 0.625
vt 0.5625 0.625
vt 0.5625 0.6875
vt 0.6875 0.6875
vt 0.6875 0.625
vt 0.5625 0.625
vt 0.6875 0.46875
vt 0.6875 0.375
vt 0.875 0.375
vt 0.875 0.46875
vt 0.375 0.375
vt 0.375 0.46875
vt 0.5625 0.46875
vt 0.5625 0.375
vt 0.53125 0.375
vt 0.71875 0.375
vt 0.71875 0.46875
vt 0.53125 0.46875
vt 0.53125 0.46875
vt 0.71875 0.46875
vt 0.71875 0.375
vt 0.53125 0.375
vt 0.71875 0.375
vt 0.84375 0.375
vt 0.84375 0.25
vt 0.71875 0.25
vt 0.71875 0.1875
vt 0.6875 0.21875
vt 0.6875 0.34375
vt 0.71875 0.375
vt 0.71875 0.375
vt 0.6875 0.34375
vt 0.5625 0.34375
vt 0.53125 0.375
vt 0.53125 0.375
vt 0.5625 0.34375
vt 0.5625 0.21875
vt 0.53125 0.1875
vt 0.53125 0.1875
vt 0.5625 0.21875
vt 0.6875 0.21875
vt 0.71875 0.1875
vt 0.6875 0.21875
vt 0.65625 0.21875
vt 0.65625 0.34375
vt 0.6875 0.34375
vt 0.5625 0.3125
vt 0.5625 0.34375
vt 0.6875 0.34375
vt 0.6875 0.3125
vt 0.5625 0.34375
vt 0.59375 0.34375
vt 0.59375 0.21875
vt 0.5625 0.21875
vt 0.6875 0.25
vt 0.6875 0.21875
vt 0.5625 0.21875
vt 0.5625 0.25
vt 0.717409375 0.498659375
vt 0.686159375 0.454465625
vt 0.873659375 0.454465625
vt 0.842409375 0.498659375
vt 0.3736593749999999 0.4544656250000001
vt 0.4049093749999999 0.498659375
vt 0.5299093749999999 0.4986593749999999
vt 0.5611593749999999 0.454465625
vt 0.53125 0.4558062500000002
vt 0.71875 0.4558062500000002
vt 0.6875 0.5
vt 0.5625 0.5
vt 0.5625 0.5
vt 0.6875 0.5
vt 0.71875 0.45580624999999997
vt 0.53125 0.45580624999999997
vt 0.5625 0.34375
vt 0.6875 0.34375
vt 0.6875 0.21875
vt 0.5625 0.21875
vt 0.71875 0.25
vt 0.84375 0.25
vt 0.84375 0.125
vt 0.71875 0.125
vt 0.53125 0.21875
vt 0.71875 0.21875
vt 0.71875 0.03125
vt 0.53125 0.03125
vt 0.75 0
vt 0.71875 0.03125
vt 0.71875 0.21875
vt 0.75 0.25
vt 0.75 0.25
vt 0.71875 0.21875
vt 0.53125 0.21875
vt 0.5 0.25
vt 0.5 0.25
vt 0.53125 0.21875
vt 0.53125 0.03125
vt 0.5 0
vt 0.5 0
vt 0.53125 0.03125
vt 0.71875 0.03125
vt 0.75 0
vt 0.125 0.484375
vt 0.109375 0.484375
vt 0.109375 0.609375
vt 0.125 0.609375
vt 0 0.609375
vt 0 0.484375
vt 0.015625 0.484375
vt 0.015625 0.609375
vt 0.125 0.609375
vt 0.125 0.484375
vt 0 0.484375
vt 0 0.609375
vt 0 0.5
vt 0.125 0.5
vt 0.125 0.484375
vt 0 0.484375
vt 0.125 0.59375
vt 0.125 0.609375
vt 0 0.609375
vt 0 0.59375
vt 0.71875 1
vt 0.75 1
vt 0.75 0.75
vt 0.71875 0.7499999999999999
vt 0 0.75
vt 0 1
vt 0.234375 1
vt 0.234375 0.7499999999999999
vt 0.828125 0.359375
vt 0.828125 0.34375
vt 0.78125 0.34375
vt 0.78125 0.359375
vt 0.828125 0.359375
vt 0.828125 0.34375
vt 0.78125 0.34375
vt 0.78125 0.359375
vt 0.78125 0.359375
vt 0.828125 0.359375
vt 0.828125 0.34375
vt 0.78125 0.34375
vt 0.78125 0.359375
vt 0.828125 0.359375
vt 0.828125 0.34375
vt 0.78125 0.34375
vt 0.78125 0.28125
vt 0.828125 0.28125
vt 0.828125 0.234375
vt 0.78125 0.234375
vt 0.78125 0.28125
vt 0.828125 0.28125
vt 0.828125 0.234375
vt 0.78125 0.234375
vt 0.875 0.875
vt 0.875 1
vt 0.96875 1
vt 0.96875 0.875
vt 0.875 0.875
vt 0.875 1
vt 0.96875 1
vt 0.96875 0.875
vt 0.875 1
vt 0.96875 1
vt 0.96875 0.875
vt 0.875 0.875
vt 0.875 1
vt 0.96875 1
vt 0.96875 0.875
vt 0.875 0.875
vt 0.875 0.875
vt 0.96875 0.875
vt 0.96875 0.78125
vt 0.875 0.78125
vt 0.59375 0.46875
vt 0.640625 0.46875
vt 0.640625 0.453125
vt 0.59375 0.453125
vt 0.640625 0.4375
vt 0.640625 0.40625
vt 0.609375 0.40625
vt 0.609375 0.4375
vt 0.59375 0.40625
vt 0.578125 0.40625
vt 0.578125 0.4375
vt 0.59375 0.4375
vn 1 0 0
vn -1 0 6.344131569286608e-17
vn 0 -1 0
vn 0 0 1
vn 1 0 0
vn -1 0 0
vn 0 0 -1
vn 0 0 1
vn 0 -1 0
vn 0 0 -1
vn 0 0 1
vn 0 0 1
vn 0 1 0
vn 0 0 -1
vn 0 0 -1
vn 0 -1 0
vn 0 0 1
vn 1 0 0
vn -1 0 0
vn 0 0 1
vn 1 0 0
vn 1 0 0
vn 1 0 0
vn 1 0 0
vn 1 0 0
vn 0 0 -1
vn 0 -1 0
vn 0 0 1
vn 0 1 0
vn -1 0 0
vn -1 0 0
vn -1 0 0
vn -1 0 0
vn -1 0 0
vn 0 0 -1
vn 0 -1 0
vn 0 0 1
vn 0 1 0
vn 0 0 -1
vn 1 1.4210854715202408e-14 0
vn 0 0 1
vn -1 -7.105427357600901e-15 0
vn 0 -1 0
vn 0 0 -1
vn 0 0 -1
vn 1 0 0
vn 0 0 -1
vn -1 0 0
vn 0 0 1
vn 0 1 0
vn 0 1 0
vn 0 -1 0
vn 0 0 -1
vn 0 0 1
vn 0 -1 0
vn 0 0 -1
vn 0 1 0
vn 0 0 1
vn 1 0 0
vn -1 0 0
vn 0 1 0
vn 0 -1 0
vn 0 0 -1
vn 0 0 1
vn 1 0 0
vn 0 0 -1
vn 0 0 1
vn -1 0 0
vn 0 0 -1
vn 0 0 1
vn 0 -1 0
vn 0 0 -1
vn 0.7071067811865476 0.7071067811865476 0
vn -0.7071067811865476 0.7071067811865476 0
vn 0 1 0
vn 0 0 -1
vn 1 0 0
vn 0 0 -1
vn -1 0 0
vn 0 0 -1
vn -1 0 0
vn 1 0 0
vn 0 1 0
vn 0 -1 0
vn 0 0 -1
vn 0 -1 0
vn 0 0 -1
vn 0.7071067811865476 0.7071067811865476 0
vn -0.7071067811865476 0.7071067811865476 0
vn 0 1 0
vn 0 0 -1
vn 1 0 0
vn 0 0 -1
vn -1 0 0
vn 0 0 -1
vn -1 0 0
vn 1 0 0
vn 0 1 0
vn 0 -1 0
vn 0 0 -1
vn 1 0 0
vn -1 0 0
vn 0 0.9990482215818577 0.043619387365339386
vn 0 -0.9990482215818576 -0.043619387365339456
vn 0 0.04361938736533589 -0.9990482215818578
vn 0 -0.043619387365336035 0.9990482215818578
vn -0.9701425001453311 0 -0.24253562503633622
vn 0.9701425001453329 0 -0.24253562503632978
vn 0 0.9701425001453352 -0.24253562503632
vn 0 -0.9701425001453311 -0.24253562503633622
vn -0.9701425001453311 0 -0.24253562503633622
vn 0.9701425001453329 0 -0.24253562503632978
vn 0 0.9701425001453352 -0.24253562503632
vn 0 -0.9701425001453311 -0.24253562503633622
vn -0.9701425001453311 0 -0.24253562503633622
vn 0.9701425001453329 0 -0.24253562503632978
vn 0 0.9701425001453352 -0.24253562503632
vn 0 -0.9701425001453311 -0.24253562503633622
vn -0.9996573249755575 0.02617694830787295 3.099973410754462e-17
vn 0.9996573249755573 -0.02617694830787357 0
vn 1.5499867053783675e-17 5.919160420922965e-16 -1
vn -1.549986705377118e-17 -5.91916042092297e-16 1
vn -0.02617694830787813 -0.9996573249755571 -5.919160420922966e-16
vn 0.026176948307892148 0.9996573249755568 0
vn -0.9996573249755575 0.02617694830787328 0
vn 0 0 -1
vn -1.5499867053775284e-17 -5.919160420922972e-16 1
vn -0.026176948307870842 -0.9996573249755574 0
vn 0.02617694830787804 0.9996573249755573 0
vn -0.9996573249755575 0.02617694830787328 0
vn 1.5499867053775336e-17 5.919160420922972e-16 -1
vn -1.5499867053775284e-17 -5.919160420922972e-16 1
vn -0.026176948307877947 -0.9996573249755573 0
vn 0.02617694830787804 0.9996573249755573 0
vn -0.9996573249755574 0.026176948307872528 0
vn 0 0 -1
vn -4.6499601161313294e-17 -1.7757481262768817e-15 1
vn -0.026176948307871033 -0.9996573249755574 0
vn 0.026176948307877944 0.9996573249755571 0
vn -0.9996573249755574 0.02617694830787262 0
vn 4.6499601161300685e-17 1.7757481262768884e-15 -1
vn -4.6499601161313134e-17 -1.7757481262768882e-15 1
vn -0.026176948307870845 -0.9996573249755574 0
vn 0.026176948307863837 0.9996573249755576 0
vn -0.9996573249755574 0.026176948307874398 1.85998404645278e-16
vn 0 0 -1
vn 0 0 1
vn -0.026176948307878038 -0.9996573249755571 0
vn 0.026176948307878038 0.9996573249755571 0
vn -0.9996573249755575 0.026176948307872983 0
vn 0.9996573249755573 -0.02617694830787357 -1.5499867053772677e-17
vn 1.5499867053775284e-17 5.919160420922972e-16 -1
vn -1.5499867053775385e-17 -5.919160420922969e-16 1
vn -0.02617694830787813 -0.9996573249755571 -5.919160420922966e-16
vn 0.026176948307877944 0.9996573249755571 1.1838320841845931e-15
vn -0.9996573249755575 0.026176948307873312 0
vn 3.09997341075423e-17 1.183832084184596e-15 -1
vn -1.549986705377108e-17 -5.919160420922973e-16 1
vn -0.026176948307877947 -0.9996573249755573 -2.0294264300307314e-15
vn 0.026176948307870936 0.9996573249755574 0
vn -0.9996573249755575 0.02617694830787328 0
vn 1.5499867053771136e-17 5.919160420922973e-16 -1
vn -3.099973410755057e-17 -1.1838320841845945e-15 1
vn -0.026176948307870842 -0.9996573249755574 0
vn 0.02617694830787094 0.9996573249755574 2.0294264300307295e-15
vn -0.9996573249755574 0.02617694830787262 0
vn 0 0 -1
vn -4.649960116130051e-17 -1.7757481262768819e-15 1
vn -0.02617694830787094 -0.9996573249755574 -3.5514962525537866e-15
vn 0.026176948307870845 0.9996573249755574 3.5514962525537803e-15
vn -0.9996573249755574 0.026176948307872434 1.8599840464526437e-16
vn 4.6499601161325417e-17 1.7757481262768752e-15 -1
vn 0 0 1
vn -0.026176948307870936 -0.9996573249755574 0
vn 0.026176948307877944 0.9996573249755571 7.102992505107559e-15
vn -0.9996573249755574 0.026176948307874398 0
vn 0 0 -1
vn 0 0 1
vn -0.026176948307878038 -0.9996573249755571 0
vn 0.026176948307892238 0.9996573249755568 0
vn -0.9996573249755575 0.02617694830787297 3.099973410754464e-17
vn 0.9996573249755575 -0.026176948307873264 -1.5499867053772495e-17
vn 1.549986705377533e-17 5.919160420922969e-16 -1
vn -1.5499867053775392e-17 -5.919160420922972e-16 1
vn -0.02617694830787813 -0.9996573249755571 -5.919160420922966e-16
vn 0.026176948307878038 0.9996573249755571 0
vn -0.9996573249755575 0.026176948307873312 0
vn 0 0 -1
vn -1.54998670537711e-17 -5.91916042092298e-16 1
vn -0.026176948307870842 -0.9996573249755574 0
vn 0.026176948307863837 0.9996573249755576 0
vn -0.9996573249755575 0.02617694830787334 0
vn 3.099973410753394e-17 1.1838320841845978e-15 -1
vn -1.54998670537711e-17 -5.91916042092298e-16 1
vn -0.02617694830787795 -0.9996573249755573 -2.0294264300307295e-15
vn 0.026176948307863837 0.9996573249755576 0
vn -0.9996573249755574 0.026176948307872528 9.299920232263236e-17
vn 0 0 -1
vn -4.649960116131346e-17 -1.775748126276888e-15 1
vn -0.026176948307871033 -0.9996573249755574 0
vn 0.026176948307877944 0.9996573249755571 0
vn -0.9996573249755574 0.026176948307872528 0
vn 4.649960116130036e-17 1.7757481262768823e-15 -1
vn 0 0 1
vn -0.026176948307870845 -0.9996573249755574 0
vn 0.026176948307863747 0.9996573249755576 0
vn -0.9996573249755574 0.026176948307874398 0
vn 0 0 -1
vn 0 0 1
vn -0.026176948307863837 -0.9996573249755576 0
vn 0.026176948307863837 0.9996573249755576 0
vn 1 0 0
vn 0 1 0
vn 0 -1 0
vn 0 0 -1
vn 1 0 0
vn 0 1 0
vn 0 -1 0
vn 0 0 -1
vn 1 0 0
vn 0 1 0
vn 0 -1 0
vn 0 0 -1
vn 1 0 0
vn 0 1 0
vn 0 -1 0
vn 0 0 -1
vn 1 0 0
vn 0 1 0
vn 0 -1 0
vn 0 0 -1
vn 1 0 0
vn 0 1 0
vn 0 -1 0
vn 0 0 -1
vn 1 0 0
vn -1 0 0
vn 0 1 0
vn 0 -1 0
vn 0 0 -1
vn 1 0 0
vn -1 0 0
vn 0 -1 0
vn 0 0 -1
vn 0 0 1
vn 1 0 0
vn -1 0 0
vn 0 -1 0
vn 0 0 -1
vn 0 0 1
vn 1 0 0
vn -1 0 0
vn 0 -1 0
vn 0 0 -1
vn 0 0 1
vn 1 0 0
vn -1 0 0
vn 0 -1 0
vn 0 0 -1
vn 0 0 1
vn 1 0 0
vn -1 0 0
vn 0 1 0
vn 0 -1 0
vn 0 0 -1
vn -1 0 0
vn 1 0 0
vn -1 0 0
vn 0 1 0
vn 0 -1 0
vn 0 0 -1
vn 1 0 0
vn -1 0 0
vn 0 1 0
vn 0 -1 0
vn 0 0 -1
vn 1 0 0
vn -1 0 0
vn 0 1 0
vn 0 -1 0
vn 0 0 -1
vn 1 0 0
vn -1 0 0
vn 0 1 0
vn 0 -1 0
vn 0 0 -1
vn -3.5526328101931603e-15 0.9999772375106347 0.0067471816782978845
vn 0 0.24253562503632892 -0.970142500145333
vn 0.9999950778798974 0.0007609674947848529 -0.0030438699791394764
vn -0.999991256980658 -0.0010141922965251305 0.0040567691860970406
vn 0 0.9999487865846725 0.010120484565535636
vn 0 -0.9999487865846725 -0.010120484565535636
vn 0.9999814231299481 -2.1655063450359143e-17 -0.006095358480357618
vn -0.9999814231299481 -4.224258966121638e-16 0.006095358480356725
vn 1 0 0
vn -1 0 0
vn 0 -0.21643961393810301 0.9762960071199335
vn 0 0.2164396139381024 -0.9762960071199335
vn 0 -0.9762960071199334 -0.21643961393810324
vn -3.275157922644211e-15 -0.9762960071199334 -0.21643961393810324
vn 0 -0.9762960071199355 -0.21643961393809327
vn 1.0214051826551439e-14 -0.9762960071199334 -0.21643961393810324
vn 0 -0.9762960071199327 -0.21643961393810646
vn 1 0 0
vn 0 0.21643961393810157 -0.9762960071199338
vn -1 0 0
vn 0 -0.21643961393810157 0.9762960071199338
vn 0.7071067811865497 0.6903455270798529 0.1530459187330299
vn -0.7071067811865493 0.690345527079853 0.15304591873303075
vn 0 0.5372996083468217 0.843391445812887
vn 0 0.8433914458128826 -0.5372996083468291
vn 0 0.9762960071199334 0.21643961393810315
vn 0 -0.9762960071199334 -0.21643961393810324
vn 1.1842378929335024e-15 1 0
vn -2.3684757858670032e-15 1 9.473903143468005e-15
vn 7.105427357601002e-15 1 0
vn -2.3684757858670032e-15 1 9.473903143468005e-15
vn 7.105427357601002e-15 1 0
vn 1 0 0
vn -1 0 0
vn 0 1 0
vn 0 0 -1
vn 0 0 1
vn 0 0 -1
vn 0 0 -1
vn 1 0 0
vn -1 0 0
vn 0 1 0
vn 0 -1 0
vn 0 0 -1
vn 0 0 1
vn 1 0 0
vn -1 0 0
vn 0 1 0
vn 0 -1 0
vn 0 0 1
vn 0 0 -1
vn 0 0 -1
vn 0 0 -1
usemtl common_table
f 1/1/1 2/2/1 4/3/1 3/4/1
f 6/5/2 5/6/2 7/7/2 8/8/2
f 7/9/3 3/10/3 4/11/3 8/12/3
f 2/13/4 6/14/4 8/15/4 4/16/4
usemtl common_steel
f 11/17/5 12/18/5 13/19/5 9/20/5
f 15/21/6 14/22/6 10/23/6 16/24/6
f 23/25/7 24/26/7 10/27/7 14/28/7
f 16/29/8 22/30/8 21/31/8 15/32/8
usemtl common_bottom
f 25/33/9 26/34/9 20/35/9 19/36/9
usemtl common_steel
f 17/37/10 25/38/10 24/39/10 9/40/10
f 26/41/11 22/42/11 16/43/11 20/44/11
f 12/45/12 21/46/12 22/47/12 13/48/12
usemtl common_wooden_base_light
f 23/49/13 21/50/13 12/51/13 11/52/13
usemtl common_steel
f 24/53/14 23/54/14 11/55/14 9/56/14
f 10/57/15 24/58/15 25/59/15 19/60/15
usemtl common_bottom
f 26/61/16 25/62/16 17/63/16 18/64/16
usemtl common_steel
f 22/65/17 26/66/17 18/67/17 13/68/17
f 27/69/18 28/70/18 30/71/18 29/72/18
f 32/73/19 31/74/19 14/75/19 15/76/19
f 28/77/20 32/78/20 15/79/20 30/80/20
f 39/81/21 40/82/21 37/83/21 38/84/21
f 18/85/22 36/86/22 34/87/22 13/88/22
f 13/89/23 34/90/23 33/91/23 9/92/23
f 9/93/24 33/94/24 35/95/24 17/96/24
f 17/97/25 35/98/25 36/99/25 18/100/25
f 36/101/26 37/102/26 40/103/26 34/104/26
f 34/105/27 40/106/27 39/107/27 33/108/27
f 33/109/28 39/110/28 38/111/28 35/112/28
f 35/113/29 38/114/29 37/115/29 36/116/29
f 43/117/30 41/118/30 42/119/30 44/120/30
f 46/121/31 47/122/31 20/123/31 16/124/31
f 45/125/32 46/126/32 16/127/32 10/128/32
f 48/129/33 45/130/33 10/131/33 19/132/33
f 47/133/34 48/134/34 19/135/34 20/136/34
f 41/137/35 43/138/35 47/139/35 46/140/35
f 42/141/36 41/142/36 46/143/36 45/144/36
f 44/145/37 42/146/37 45/147/37 48/148/37
f 43/149/38 44/150/38 48/151/38 47/152/38
usemtl common_bottom
f 55/153/39 51/154/39 49/155/39 54/156/39
f 54/157/40 49/158/40 50/159/40 53/160/40
f 53/161/41 50/162/41 52/163/41 57/164/41
f 57/165/42 52/166/42 51/167/42 55/168/42
usemtl common_wooden_base_light
f 62/169/43 60/170/43 61/171/43 63/172/43
usemtl common_steel
f 27/173/44 59/174/44 60/175/44 62/176/44
f 66/177/45 64/178/45 65/179/45 67/180/45
f 68/181/46 69/182/46 12/183/46 11/184/46
f 59/185/47 68/186/47 11/187/47 71/188/47
usemtl common_wooden_base_light
f 70/189/48 59/190/48 71/191/48 72/192/48
usemtl common_steel
f 28/193/49 30/194/49 12/195/49 69/196/49
f 69/197/50 68/198/50 58/199/50 56/200/50
usemtl data_input_machine
f 78/201/51 74/202/51 73/203/51 77/204/51
f 79/205/52 75/206/52 76/207/52 80/208/52
f 77/209/53 73/210/53 75/211/53 79/212/53
f 74/213/54 78/214/54 80/215/54 76/216/54
usemtl common_thingies
f 83/217/55 81/218/55 82/219/55 84/220/55
f 86/221/56 85/222/56 81/223/56 83/224/56
f 87/225/57 85/226/57 86/227/57 88/228/57
f 82/229/58 87/230/58 88/231/58 84/232/58
f 81/233/59 85/234/59 87/235/59 82/236/59
f 94/237/60 93/238/60 95/239/60 96/240/60
f 90/241/61 89/242/61 93/243/61 94/244/61
f 95/245/62 91/246/62 92/247/62 96/248/62
f 93/249/63 89/250/63 91/251/63 95/252/63
f 92/253/64 90/254/64 94/255/64 96/256/64
f 97/257/65 101/258/65 102/259/65 99/260/65
f 98/261/66 97/262/66 99/263/66 100/264/66
f 101/265/67 103/266/67 104/267/67 102/268/67
f 110/269/68 109/270/68 105/271/68 107/272/68
f 107/273/69 105/274/69 106/275/69 108/276/69
f 112/277/70 111/278/70 109/279/70 110/280/70
f 117/281/71 114/282/71 115/283/71 118/284/71
f 116/285/72 113/286/72 114/287/72 117/288/72
f 119/289/73 120/290/73 122/291/73 121/292/73
f 124/293/74 123/294/74 125/295/74 126/296/74
f 124/297/75 120/298/75 119/299/75 123/300/75
f 123/301/76 119/302/76 121/303/76 125/304/76
f 127/305/77 128/306/77 130/307/77 129/308/77
f 125/309/78 127/310/78 129/311/78 116/312/78
f 132/313/79 131/314/79 133/315/79 134/316/79
f 131/317/80 121/318/80 113/319/80 133/320/80
f 126/321/81 125/322/81 117/323/81 118/324/81
f 121/325/82 122/326/82 115/327/82 114/328/82
f 129/329/83 130/330/83 134/331/83 133/332/83
f 131/333/84 132/334/84 128/335/84 127/336/84
f 136/337/85 138/338/85 137/339/85 135/340/85
f 143/341/86 140/342/86 141/343/86 144/344/86
f 142/345/87 139/346/87 140/347/87 143/348/87
f 145/349/88 146/350/88 148/351/88 147/352/88
f 150/353/89 149/354/89 151/355/89 152/356/89
f 150/357/90 146/358/90 145/359/90 149/360/90
f 149/361/91 145/362/91 147/363/91 151/364/91
f 153/365/92 154/366/92 156/367/92 155/368/92
f 151/369/93 153/370/93 155/371/93 142/372/93
f 158/373/94 157/374/94 159/375/94 160/376/94
f 157/377/95 147/378/95 139/379/95 159/380/95
f 152/381/96 151/382/96 143/383/96 144/384/96
f 147/385/97 148/386/97 141/387/97 140/388/97
f 155/389/98 156/390/98 160/391/98 159/392/98
f 157/393/99 158/394/99 154/395/99 153/396/99
f 162/397/100 164/398/100 163/399/100 161/400/100
usemtl data_input_machine
f 165/401/101 166/402/101 168/403/101 167/404/101
f 170/405/102 169/406/102 171/407/102 172/408/102
f 170/409/103 166/410/103 165/411/103 169/412/103
f 171/413/104 167/414/104 168/415/104 172/416/104
f 169/417/105 165/418/105 167/419/105 171/420/105
f 166/421/106 170/422/106 172/423/106 168/424/106
usemtl circuit_basic
f 173/425/107 174/426/107 176/427/107 175/428/107
f 178/429/108 177/430/108 179/431/108 180/432/108
f 178/433/109 174/434/109 173/435/109 177/436/109
f 179/437/110 175/438/110 176/439/110 180/440/110
f 181/441/111 182/442/111 184/443/111 183/444/111
f 186/445/112 185/446/112 187/447/112 188/448/112
f 186/449/113 182/450/113 181/451/113 185/452/113
f 187/453/114 183/454/114 184/455/114 188/456/114
f 189/457/115 190/458/115 192/459/115 191/460/115
f 194/461/116 193/462/116 195/463/116 196/464/116
f 194/465/117 190/466/117 189/467/117 193/468/117
f 195/469/118 191/470/118 192/471/118 196/472/118
f 201/473/119 199/474/119 198/475/119 200/476/119
f 204/477/120 202/478/120 203/479/120 205/480/120
f 198/481/121 199/482/121 203/483/121 202/484/121
f 201/485/122 200/486/122 204/487/122 205/488/122
f 200/489/123 198/490/123 202/491/123 204/492/123
f 205/493/124 203/494/124 199/495/124 201/496/124
f 209/497/125 207/498/125 206/499/125 208/500/125
f 206/501/126 207/502/126 211/503/126 210/504/126
f 209/505/127 208/506/127 212/507/127 213/508/127
f 208/509/128 206/510/128 210/511/128 212/512/128
f 213/513/129 211/514/129 207/515/129 209/516/129
f 217/517/130 215/518/130 214/519/130 216/520/130
f 214/521/131 215/522/131 219/523/131 218/524/131
f 217/525/132 216/526/132 220/527/132 221/528/132
f 216/529/133 214/530/133 218/531/133 220/532/133
f 221/533/134 219/534/134 215/535/134 217/536/134
f 225/537/135 223/538/135 222/539/135 224/540/135
f 222/541/136 223/542/136 227/543/136 226/544/136
f 225/545/137 224/546/137 228/547/137 229/548/137
f 224/549/138 222/550/138 226/551/138 228/552/138
f 229/553/139 227/554/139 223/555/139 225/556/139
f 233/557/140 231/558/140 230/559/140 232/560/140
f 230/561/141 231/562/141 235/563/141 234/564/141
f 233/565/142 232/566/142 236/567/142 237/568/142
f 232/569/143 230/570/143 234/571/143 236/572/143
f 237/573/144 235/574/144 231/575/144 233/576/144
f 240/577/145 197/578/145 238/579/145 239/580/145
f 238/581/146 197/582/146 242/583/146 241/584/146
f 240/585/147 239/586/147 243/587/147 244/588/147
f 239/589/148 238/590/148 241/591/148 243/592/148
f 244/593/149 242/594/149 197/595/149 240/596/149
f 249/597/150 247/598/150 246/599/150 248/600/150
f 252/601/151 250/602/151 251/603/151 253/604/151
f 246/605/152 247/606/152 251/607/152 250/608/152
f 249/609/153 248/610/153 252/611/153 253/612/153
f 248/613/154 246/614/154 250/615/154 252/616/154
f 253/617/155 251/618/155 247/619/155 249/620/155
f 257/621/156 255/622/156 254/623/156 256/624/156
f 254/625/157 255/626/157 259/627/157 258/628/157
f 257/629/158 256/630/158 260/631/158 261/632/158
f 256/633/159 254/634/159 258/635/159 260/636/159
f 261/637/160 259/638/160 255/639/160 257/640/160
f 265/641/161 263/642/161 262/643/161 264/644/161
f 262/645/162 263/646/162 267/647/162 266/648/162
f 265/649/163 264/650/163 268/651/163 269/652/163
f 264/653/164 262/654/164 266/655/164 268/656/164
f 269/657/165 267/658/165 263/659/165 265/660/165
f 273/661/166 271/662/166 270/663/166 272/664/166
f 270/665/167 271/666/167 275/667/167 274/668/167
f 273/669/168 272/670/168 276/671/168 277/672/168
f 272/673/169 270/674/169 274/675/169 276/676/169
f 277/677/170 275/678/170 271/679/170 273/680/170
f 281/681/171 279/682/171 278/683/171 280/684/171
f 278/685/172 279/686/172 283/687/172 282/688/172
f 281/689/173 280/690/173 284/691/173 285/692/173
f 280/693/174 278/694/174 282/695/174 284/696/174
f 285/697/175 283/698/175 279/699/175 281/700/175
f 288/701/176 245/702/176 286/703/176 287/704/176
f 286/705/177 245/706/177 290/707/177 289/708/177
f 288/709/178 287/710/178 291/711/178 292/712/178
f 287/713/179 286/714/179 289/715/179 291/716/179
f 292/717/180 290/718/180 245/719/180 288/720/180
f 297/721/181 295/722/181 294/723/181 296/724/181
f 300/725/182 298/726/182 299/727/182 301/728/182
f 294/729/183 295/730/183 299/731/183 298/732/183
f 297/733/184 296/734/184 300/735/184 301/736/184
f 296/737/185 294/738/185 298/739/185 300/740/185
f 301/741/186 299/742/186 295/743/186 297/744/186
f 305/745/187 303/746/187 302/747/187 304/748/187
f 302/749/188 303/750/188 307/751/188 306/752/188
f 305/753/189 304/754/189 308/755/189 309/756/189
f 304/757/190 302/758/190 306/759/190 308/760/190
f 309/761/191 307/762/191 303/763/191 305/764/191
f 313/765/192 311/766/192 310/767/192 312/768/192
f 310/769/193 311/770/193 315/771/193 314/772/193
f 313/773/194 312/774/194 316/775/194 317/776/194
f 312/777/195 310/778/195 314/779/195 316/780/195
f 317/781/196 315/782/196 311/783/196 313/784/196
f 321/785/197 319/786/197 318/787/197 320/788/197
f 318/789/198 319/790/198 323/791/198 322/792/198
f 321/793/199 320/794/199 324/795/199 325/796/199
f 320/797/200 318/798/200 322/799/200 324/800/200
f 325/801/201 323/802/201 319/803/201 321/804/201
f 329/805/202 327/806/202 326/807/202 328/808/202
f 326/809/203 327/810/203 331/811/203 330/812/203
f 329/813/204 328/814/204 332/815/204 333/816/204
f 328/817/205 326/818/205 330/819/205 332/820/205
f 333/821/206 331/822/206 327/823/206 329/824/206
f 336/825/207 293/826/207 334/827/207 335/828/207
f 334/829/208 293/830/208 338/831/208 337/832/208
f 336/833/209 335/834/209 339/835/209 340/836/209
f 335/837/210 334/838/210 337/839/210 339/840/210
f 340/841/211 338/842/211 293/843/211 336/844/211
usemtl common_copper_cable
f 341/845/212 342/846/212 344/847/212 343/848/212
f 346/849/213 342/850/213 341/851/213 345/852/213
f 347/853/214 343/854/214 344/855/214 348/856/214
f 345/857/215 341/858/215 343/859/215 347/860/215
f 349/861/216 350/862/216 352/863/216 351/864/216
f 353/865/217 350/866/217 349/867/217 346/868/217
f 348/869/218 351/870/218 352/871/218 354/872/218
f 346/873/219 349/874/219 351/875/219 348/876/219
f 355/877/220 356/878/220 358/879/220 357/880/220
f 360/881/221 356/882/221 355/883/221 359/884/221
f 361/885/222 357/886/222 358/887/222 362/888/222
f 359/889/223 355/890/223 357/891/223 361/892/223
f 363/893/224 364/894/224 366/895/224 365/896/224
f 367/897/225 364/898/225 363/899/225 360/900/225
f 362/901/226 365/902/226 366/903/226 368/904/226
f 360/905/227 363/906/227 365/907/227 362/908/227
f 369/909/228 370/910/228 372/911/228 371/912/228
f 374/913/229 370/914/229 369/915/229 373/916/229
f 375/917/230 371/918/230 372/919/230 376/920/230
f 373/921/231 369/922/231 371/923/231 375/924/231
f 377/925/232 378/926/232 380/927/232 379/928/232
f 381/929/233 378/930/233 377/931/233 374/932/233
f 376/933/234 379/934/234 380/935/234 382/936/234
f 374/937/235 377/938/235 379/939/235 376/940/235
usemtl common_steel
f 383/941/236 384/942/236 386/943/236 385/944/236
f 388/945/237 387/946/237 389/947/237 390/948/237
f 388/949/238 384/950/238 383/951/238 387/952/238
f 389/953/239 385/954/239 386/955/239 390/956/239
f 387/957/240 383/958/240 385/959/240 389/960/240
usemtl common_table
f 391/961/241 392/962/241 394/963/241 393/964/241
f 396/965/242 395/966/242 397/967/242 398/968/242
f 397/969/243 393/970/243 394/971/243 398/972/243
f 395/973/244 391/974/244 393/975/244 397/976/244
f 392/977/245 396/978/245 398/979/245 394/980/245
f 399/981/246 400/982/246 402/983/246 401/984/246
f 404/985/247 403/986/247 405/987/247 406/988/247
f 405/989/248 401/990/248 402/991/248 406/992/248
f 403/993/249 399/994/249 401/995/249 405/996/249
f 400/997/250 404/998/250 406/999/250 402/1000/250
f 407/1001/251 408/1002/251 410/1003/251 409/1004/251
f 412/1005/252 411/1006/252 413/1007/252 414/1008/252
f 413/1009/253 409/1010/253 410/1011/253 414/1012/253
f 411/1013/254 407/1014/254 409/1015/254 413/1016/254
f 408/1017/255 412/1018/255 414/1019/255 410/1020/255
f 415/1021/256 416/1022/256 418/1023/256 417/1024/256
f 420/1025/257 419/1026/257 421/1027/257 422/1028/257
f 421/1029/258 417/1030/258 418/1031/258 422/1032/258
f 419/1033/259 415/1034/259 417/1035/259 421/1036/259
f 416/1037/260 420/1038/260 422/1039/260 418/1040/260
f 423/1041/261 9/1042/261 425/1043/261 424/1044/261
f 10/1045/262 426/1046/262 427/1047/262 428/1048/262
f 10/1049/263 9/1050/263 423/1051/263 426/1052/263
f 427/1053/264 424/1054/264 425/1055/264 428/1056/264
f 426/1057/265 423/1058/265 424/1059/265 427/1060/265
usemtl data_input_machine
f 80/1061/266 78/1062/266 77/1063/266 79/1064/266
usemtl common_steel
f 434/1065/267 433/1066/267 435/1067/267 436/1068/267
f 430/1069/268 429/1070/268 431/1071/268 432/1072/268
f 430/1073/269 433/1074/269 434/1075/269 429/1076/269
f 431/1077/270 436/1078/270 435/1079/270 432/1080/270
f 429/1081/271 434/1082/271 436/1083/271 431/1084/271
f 442/1085/272 441/1086/272 443/1087/272 444/1088/272
f 438/1089/273 437/1090/273 439/1091/273 440/1092/273
f 438/1093/274 441/1094/274 442/1095/274 437/1096/274
f 439/1097/275 444/1098/275 443/1099/275 440/1100/275
f 437/1101/276 442/1102/276 444/1103/276 439/1104/276
f 450/1105/277 449/1106/277 451/1107/277 452/1108/277
f 446/1109/278 445/1110/278 447/1111/278 448/1112/278
f 446/1113/279 449/1114/279 450/1115/279 445/1116/279
f 447/1117/280 452/1118/280 451/1119/280 448/1120/280
f 445/1121/281 450/1122/281 452/1123/281 447/1124/281
usemtl common_thingies
f 453/1125/282 454/1126/282 456/1127/282 455/1128/282
f 458/1129/283 457/1130/283 459/1131/283 460/1132/283
f 458/1133/284 454/1134/284 453/1135/284 457/1136/284
f 459/1137/285 455/1138/285 456/1139/285 460/1140/285
f 457/1141/286 453/1142/286 455/1143/286 459/1144/286
usemtl common_copper_cable
f 465/1145/287 464/1146/287 462/1147/287 466/1148/287
f 463/1149/288 461/1150/288 462/1151/288 464/1152/288
f 468/1153/289 463/1154/289 464/1155/289 465/1156/289
f 466/1157/290 462/1158/290 461/1159/290 467/1160/290
f 465/1161/291 466/1162/291 471/1163/291 470/1164/291
f 467/1165/292 468/1166/292 472/1167/292 469/1168/292
f 468/1169/293 465/1170/293 470/1171/293 472/1172/293
f 466/1173/294 467/1174/294 469/1175/294 471/1176/294
usemtl data_input_machine
f 473/1177/295 474/1178/295 476/1179/295 475/1180/295
f 478/1181/296 477/1182/296 479/1183/296 480/1184/296
f 478/1185/297 474/1186/297 473/1187/297 477/1188/297
f 479/1189/298 475/1190/298 476/1191/298 480/1192/298
f 486/1193/299 485/1194/299 487/1195/299 488/1196/299
f 480/1197/300 483/1198/300 481/1199/300 478/1200/300
f 478/1201/301 481/1202/301 482/1203/301 474/1204/301
f 474/1205/302 482/1206/302 484/1207/302 476/1208/302
f 476/1209/303 484/1210/303 483/1211/303 480/1212/303
f 483/1213/304 487/1214/304 485/1215/304 481/1216/304
f 481/1217/305 485/1218/305 486/1219/305 482/1220/305
f 482/1221/306 486/1222/306 488/1223/306 484/1224/306
f 484/1225/307 488/1226/307 487/1227/307 483/1228/307
f 489/1229/308 473/1230/308 475/1231/308 490/1232/308
f 477/1233/309 491/1234/309 492/1235/309 479/1236/309
f 477/1237/310 473/1238/310 489/1239/310 491/1240/310
f 492/1241/311 490/1242/311 475/1243/311 479/1244/311
f 491/1245/312 489/1246/312 490/1247/312 492/1248/312
f 494/1249/313 493/1250/313 495/1251/313 496/1252/313
usemtl common_bottom
f 500/1253/314 499/1254/314 501/1255/314 502/1256/314
f 506/1257/315 505/1258/315 504/1259/315 498/1260/315
f 498/1261/316 504/1262/316 503/1263/316 497/1264/316
f 497/1265/317 503/1266/317 507/1267/317 508/1268/317
f 508/1269/318 507/1270/318 505/1271/318 506/1272/318
usemtl common_thingies
f 511/1273/319 509/1274/319 510/1275/319 512/1276/319
f 514/1277/320 513/1278/320 515/1279/320 516/1280/320
f 510/1281/321 509/1282/321 513/1283/321 514/1284/321
f 513/1285/322 509/1286/322 511/1287/322 515/1288/322
f 512/1289/323 510/1290/323 514/1291/323 516/1292/323
usemtl common_steel
f 518/1293/324 27/1294/324 29/1295/324 517/1296/324
f 14/1297/325 31/1298/325 518/1299/325 517/1300/325
usemtl common_thingies
f 519/1301/326 520/1302/326 522/1303/326 521/1304/326
f 524/1305/327 523/1306/327 525/1307/327 526/1308/327
f 524/1309/328 520/1310/328 519/1311/328 523/1312/328
f 525/1313/329 521/1314/329 522/1315/329 526/1316/329
f 523/1317/330 519/1318/330 521/1319/330 525/1320/330
f 520/1321/331 524/1322/331 526/1323/331 522/1324/331
usemtl data_input_machine
f 527/1325/332 528/1326/332 530/1327/332 529/1328/332
f 532/1329/333 531/1330/333 533/1331/333 534/1332/333
f 532/1333/334 528/1334/334 527/1335/334 531/1336/334
f 533/1337/335 529/1338/335 530/1339/335 534/1340/335
f 528/1341/336 532/1342/336 534/1343/336 530/1344/336
usemtl common_thingies
f 531/1345/337 527/1346/337 535/1347/337 536/1348/337
f 535/1349/338 529/1350/338 537/1351/338 538/1352/338
f 537/1353/339 533/1354/339 536/1355/339 538/1356/339
o mess_basic
v 0.34375 1.1875000000000004 -0.5
v 0.34375 1.1875000000000004 -0.5625
v 0.34375 1.0000000000000004 -0.5
v 0.34375 1.0000000000000004 -0.5625
v 0.15625 1.1875000000000004 -0.5
v 0.15625 1.1875000000000004 -0.5625
v 0.15625 1.0000000000000004 -0.5
v 0.15625 1.0000000000000004 -0.5625
v 0.09375 1.1875000000000004 -0.5
v 0.09375 1.1875000000000004 -0.5625
v 0.09375 1.0000000000000004 -0.5
v 0.09375 1.0000000000000004 -0.5625
v -0.09375 1.1875000000000004 -0.5
v -0.09375 1.1875000000000004 -0.5625
v -0.09375 1.0000000000000004 -0.5
v -0.09375 1.0000000000000004 -0.5625
v -0.4687499999999999 1.2476213580621727 -0.9540698134723562
v -0.4687499999999999 1.1057493268935643 -1.2325093522812212
v -0.4687499999999999 1.1919334503003995 -0.9256954072386345
v 0.4062500000000001 1.2476213580621727 -0.9540698134723562
v 0.4062500000000001 1.1057493268935643 -1.2325093522812212
v 0.4062500000000001 1.1919334503003995 -0.9256954072386345
v 0.4062500000000001 1.0500614191317912 -1.2041349460474995
v 0.21875000000000017 1.105749326893564 -1.232509352281221
v 0.21875000000000017 1.050061419131791 -1.2041349460474995
v 0.40625000000000017 1.105749326893564 -1.232509352281221
v 0.40625000000000017 1.050061419131791 -1.2041349460474995
v -0.4687499999999998 1.105749326893564 -1.232509352281221
v -0.4687499999999998 1.0773749206598426 -1.288197260042994
v -0.4687499999999998 1.0216870128980697 -1.2598228538092726
v 0.21875000000000017 1.105749326893564 -1.232509352281221
v 0.21875000000000017 1.0773749206598426 -1.288197260042994
v 0.21875000000000017 1.050061419131791 -1.2041349460474995
v 0.21875000000000017 1.0216870128980697 -1.2598228538092726
v 0.21875000000000017 1.0773749206598426 -1.288197260042994
v 0.21875000000000017 1.049000514426121 -1.343885167804767
v 0.21875000000000017 1.0216870128980697 -1.2598228538092726
v 0.21875000000000017 0.9933126066643481 -1.3155107615710455
v 0.40625000000000017 1.0773749206598426 -1.288197260042994
v 0.40625000000000017 1.049000514426121 -1.343885167804767
v 0.40625000000000017 1.0216870128980697 -1.2598228538092726
v 0.40625000000000017 0.9933126066643481 -1.3155107615710455
v 0.28125000000000017 1.105749326893564 -1.232509352281221
v 0.28125000000000017 1.0773749206598426 -1.288197260042994
v 0.28125000000000017 1.050061419131791 -1.2041349460474995
v 0.28125000000000017 1.0216870128980697 -1.2598228538092726
v 0.34375000000000017 1.105749326893564 -1.232509352281221
v 0.34375000000000017 1.0773749206598426 -1.288197260042994
v 0.34375000000000017 1.050061419131791 -1.2041349460474995
v 0.34375000000000017 1.0216870128980697 -1.2598228538092726
v 0.40625 1.1875000000000004 -0.5625
v 0.40625 1.1875000000000004 -0.9375
v 0.40625 1.0000000000000004 -0.5625
v 0.40625 1.0000000000000004 -1.3125
v -0.46875 1.1875000000000004 -0.5625
v -0.46875 1.1875000000000004 -0.9375
v -0.46875 1.0000000000000004 -0.5625
v -0.46875 1.0000000000000004 -1.3125
v 0.34375 1.25 -0.875
v 0.34375 1.25 -0.6875
v 0.34375 1.1875 -0.875
v 0.34375 1.1875 -0.6875
v -0.40625 1.25 -0.875
v -0.40625 1.25 -0.6875
v -0.40625 1.1875 -0.875
v -0.40625 1.1875 -0.6875
vt 0.015625 0.953125
vt 0.015625 1
vt 0 1
vt 0 0.953125
vt 0.015625 0.953125
vt 0.015625 1
vt 0 1
vt 0 0.953125
vt 0.046875 0.984375
vt 0.046875 1
vt 0 1
vt 0 0.984375
vt 0.515625 0.71875
vt 0.515625 0.734375
vt 0.46875 0.734375
vt 0.46875 0.71875
vt 0.515625 0.71875
vt 0.515625 0.765625
vt 0.46875 0.765625
vt 0.46875 0.71875
vt 0.015625 0.953125
vt 0.015625 1
vt 0 1
vt 0 0.953125
vt 0.015625 0.953125
vt 0.015625 1
vt 0 1
vt 0 0.953125
vt 0.046875 0.984375
vt 0.046875 1
vt 0 1
vt 0 0.984375
vt 0.515625 0.71875
vt 0.515625 0.734375
vt 0.46875 0.734375
vt 0.46875 0.71875
vt 0.515625 0.71875
vt 0.515625 0.765625
vt 0.46875 0.765625
vt 0.46875 0.71875
vt 1 0.640625
vt 0.78125 0.640625
vt 0.78125 0.71875
vt 1 0.71875
vt 1 0.71875
vt 0.78125 0.71875
vt 0.78125 0.703125
vt 1 0.703125
vt 0.984375 0.640625
vt 0.984375 0.71875
vt 1 0.71875
vt 1 0.640625
vt 0.953125 0.65625
vt 1 0.65625
vt 1 0.640625
vt 0.953125 0.640625
vt 0.9375 0.640625
vt 0.953125 0.640625
vt 0.953125 0.625
vt 0.9375 0.625
vt 0.953125 0.640625
vt 0.78125 0.640625
vt 0.78125 0.625
vt 0.953125 0.625
vt 0.78125 0.640625
vt 0.953125 0.640625
vt 0.953125 0.625
vt 0.78125 0.625
vt 0.953125 0.625
vt 0.96875 0.625
vt 0.96875 0.609375
vt 0.953125 0.609375
vt 0.953125 0.625
vt 1 0.625
vt 1 0.609375
vt 0.953125 0.609375
vt 0.953125 0.625
vt 1 0.625
vt 1 0.609375
vt 0.953125 0.609375
vt 0.953125 0.625
vt 1 0.625
vt 1 0.609375
vt 0.953125 0.609375
vt 0.984375 0.609375
vt 0.984375 0.625
vt 1 0.625
vt 1 0.609375
vt 0.96875 0.640625
vt 0.9843749999999999 0.640625
vt 0.9843749999999999 0.625
vt 0.96875 0.625
vt 0.96875 0.640625
vt 0.9843749999999999 0.640625
vt 0.9843749999999999 0.625
vt 0.96875 0.625
vt 0.96875 0.640625
vt 0.9843749999999999 0.640625
vt 0.9843749999999999 0.625
vt 0.96875 0.625
vt 0.796875 0.71875
vt 0.78125 0.71875
vt 0.78125 0.625
vt 0.796875 0.625
vt 0.4375 0.625
vt 0.53125 0.8125
vt 0.53125 1
vt 0.4375 1
vt 0.4375 1
vt 0.53125 1
vt 0.53125 0.8125
vt 0.4375 0.625
vt 0.4375 1
vt 0.4375 0.8125
vt 0 0.8125
vt 0 1
vt 0 0.5
vt 0 0.59375
vt 0.4375 0.59375
vt 0.4375 0.5
vt 0 0.59375
vt 0 0.8125
vt 0.4375 0.8125
vt 0.4375 0.59375
vt 0.609375 0.21875
vt 0.609375 0.265625
vt 0.625 0.265625
vt 0.625 0.21875
vt 0.4375 0.21875
vt 0.4375 0.265625
vt 0.453125 0.265625
vt 0.453125 0.21875
vt 0.4375 0.265625
vt 0.625 0.265625
vt 0.625 0.21875
vt 0.4375 0.21875
vt 0.4375 0.234375
vt 0.625 0.234375
vt 0.625 0.21875
vt 0.4375 0.21875
vt 0.625 0.265625
vt 0.4375 0.265625
vt 0.4375 0.25
vt 0.625 0.25
vn 1 0 0
vn -1 0 0
vn 0 1 0
vn 0 -1 0
vn 0 0 1
vn 1 0 0
vn -1 0 0
vn 0 1 0
vn 0 -1 0
vn 0 0 1
vn 0 0.8910065241883679 -0.45399049973954675
vn 0 0.45399049973954586 0.8910065241883683
vn 1 0 0
vn 0 -0.4539904997395431 -0.8910065241883698
vn 1 0 0
vn 0 0.8910065241883699 -0.45399049973954314
vn 0 -0.45399049973954453 -0.891006524188369
vn -1 0 0
vn 0 0.8910065241883677 -0.45399049973954736
vn 0 0.45399049973954453 0.8910065241883691
vn 0 -0.45399049973954453 -0.8910065241883691
vn 1 0 0
vn -1 0 0
vn 1 0 0
vn 0 0.8910065241883698 -0.4539904997395431
vn -1 -1.3440818820584669e-16 -2.6379092219870885e-16
vn 1 0 0
vn -1 0 0
vn 0 1 0
vn 0 0 1
vn 0 0.8944271909999161 -0.44721359549995804
vn 1 0 0
vn -1 0 0
vn 0 1 0
vn 0 0 -1
vn 0 0 1
usemtl common_thingies
f 542/1357/340 540/1358/340 539/1359/340 541/1360/340
f 545/1361/341 543/1362/341 544/1363/341 546/1364/341
f 539/1365/342 540/1366/342 544/1367/342 543/1368/342
usemtl common_copper_cable
f 542/1369/343 541/1370/343 545/1371/343 546/1372/343
f 541/1373/344 539/1374/344 543/1375/344 545/1376/344
usemtl common_thingies
f 550/1377/345 548/1378/345 547/1379/345 549/1380/345
f 553/1381/346 551/1382/346 552/1383/346 554/1384/346
f 547/1385/347 548/1386/347 552/1387/347 551/1388/347
usemtl common_copper_cable
f 550/1389/348 549/1390/348 553/1391/348 554/1392/348
f 549/1393/349 547/1394/349 551/1395/349 553/1396/349
usemtl common_thingies
f 559/1397/350 556/1398/350 555/1399/350 558/1400/350
f 558/1401/351 555/1402/351 557/1403/351 560/1404/351
f 559/1405/352 558/1406/352 560/1407/352 561/1408/352
f 562/1409/353 564/1410/353 565/1411/353 563/1412/353
f 570/1413/354 569/1414/354 571/1415/354 572/1416/354
f 570/1417/355 567/1418/355 566/1419/355 569/1420/355
f 567/1421/356 570/1422/356 572/1423/356 568/1424/356
f 573/1425/357 574/1426/357 576/1427/357 575/1428/357
f 578/1429/358 574/1430/358 573/1431/358 577/1432/358
f 577/1433/359 573/1434/359 575/1435/359 579/1436/359
f 574/1437/360 578/1438/360 580/1439/360 576/1440/360
f 580/1441/361 578/1442/361 577/1443/361 579/1444/361
f 581/1445/362 582/1446/362 584/1447/362 583/1448/362
f 586/1449/363 585/1450/363 587/1451/363 588/1452/363
f 586/1453/364 582/1454/364 581/1455/364 585/1456/364
f 557/1457/365 555/1458/365 567/1459/365 568/1460/365
usemtl typewriter_red
f 592/1461/366 590/1462/366 589/1463/366 591/1464/366
f 595/1465/367 593/1466/367 594/1467/367 596/1468/367
f 589/1469/368 590/1470/368 594/1471/368 593/1472/368
f 591/1473/369 589/1474/369 593/1475/369 595/1476/369
f 596/1477/370 594/1478/370 590/1479/370 592/1480/370
usemtl common_thingies
f 597/1481/371 598/1482/371 600/1483/371 599/1484/371
f 602/1485/372 601/1486/372 603/1487/372 604/1488/372
f 602/1489/373 598/1490/373 597/1491/373 601/1492/373
f 601/1493/374 597/1494/374 599/1495/374 603/1496/374
f 598/1497/375 602/1498/375 604/1499/375 600/1500/375
o mb_book_holder
v 0.03125 1.3125 -0.75
v 0.03125 1.3125 -0.3125
v 0.03125 1.25 -0.75
v 0.03125 1.25 -0.3125
v -0.09375 1.3125 -0.75
v -0.09375 1.3125 -0.3125
v -0.09375 1.25 -0.75
v -0.09375 1.25 -0.3125
v 0.03125 1.4375 -0.8125
v 0.03125 1.4375 -0.75
v 0.03125 1.25 -0.8125
v 0.03125 1.25 -0.75
v -0.09375 1.4375 -0.8125
v -0.09375 1.4375 -0.75
v -0.09375 1.25 -0.8125
v -0.09375 1.25 -0.75
vt 0.90625 0.78125
vt 0.90625 1
vt 0.9375 1
vt 0.9375 0.78125
vt 0.875 0.78125
vt 0.875 1
vt 0.90625 1
vt 0.90625 0.78125
vt 0.875 1
vt 0.9375 1
vt 0.9375 0.78125
vt 0.875 0.78125
vt 0.875 1
vt 0.9375 1
vt 0.9375 0.78125
vt 0.875 0.78125
vt 0.875 1
vt 0.9375 1
vt 0.9375 0.96875
vt 0.875 0.96875
vt 0.90625 1
vt 0.9375 1
vt 0.9375 0.90625
vt 0.90625 0.90625
vt 0.875 1
vt 0.90625 1
vt 0.90625 0.90625
vt 0.875 0.90625
vt 0.875 1
vt 0.9375 1
vt 0.9375 0.96875
vt 0.875 0.96875
vt 0.875 1
vt 0.9375 1
vt 0.9375 0.90625
vt 0.875 0.90625
vt 0.9375 1
vt 0.875 1
vt 0.875 0.90625
vt 0.9375 0.90625
vn 1 0 0
vn -1 0 0
vn 0 1 0
vn 0 -1 0
vn 0 0 1
vn 1 0 0
vn -1 0 0
vn 0 1 0
vn 0 0 -1
vn 0 0 1
usemtl typewriter_red
f 605/1501/376 606/1502/376 608/1503/376 607/1504/376
f 610/1505/377 609/1506/377 611/1507/377 612/1508/377
f 610/1509/378 606/1510/378 605/1511/378 609/1512/378
f 611/1513/379 607/1514/379 608/1515/379 612/1516/379
f 606/1517/380 610/1518/380 612/1519/380 608/1520/380
f 613/1521/381 614/1522/381 616/1523/381 615/1524/381
f 618/1525/382 617/1526/382 619/1527/382 620/1528/382
f 618/1529/383 614/1530/383 613/1531/383 617/1532/383
f 617/1533/384 613/1534/384 615/1535/384 619/1536/384
f 614/1537/385 618/1538/385 620/1539/385 616/1540/385
o mb_book_left
v -0.03125 1.375 -0.75
v -0.03125 1.375 -0.25
v -0.03125 1.3125 -0.75
v -0.03125 1.3125 -0.25
v -0.40625 1.375 -0.75
v -0.40625 1.375 -0.25
v -0.40625 1.3125 -0.75
v -0.40625 1.3125 -0.25
vt 0.96875 0.03125
vt 0.71875 0.03125
vt 0.71875 0.0625
vt 0.96875 0.0625
vt 0.625 0.75
vt 0.625 1
vt 0.65625 1
vt 0.65625 0.75
vt 0.625 1
vt 0.8125 1
vt 0.8125 0.75
vt 0.625 0.75
vt 0.03125 0.1875
vt 0.03125 0
vt 0.28125 0
vt 0.28125 0.1875
vt 0.625 0.78125
vt 0.8125 0.78125
vt 0.8125 0.75
vt 0.625 0.75
vt 0.625 1
vt 0.8125 1
vt 0.8125 0.96875
vt 0.625 0.96875
vn 1 0 0
vn -1 0 0
vn 0 1 0
vn 0 -1 0
vn 0 0 -1
vn 0 0 1
usemtl data_input_machine
f 621/1541/386 622/1542/386 624/1543/386 623/1544/386
f 626/1545/387 625/1546/387 627/1547/387 628/1548/387
f 626/1549/388 622/1550/388 621/1551/388 625/1552/388
f 627/1553/389 623/1554/389 624/1555/389 628/1556/389
f 625/1557/390 621/1558/390 623/1559/390 627/1560/390
f 622/1561/391 626/1562/391 628/1563/391 624/1564/391
o mb_book_right
v -0.03125 1.375 -0.75
v -0.03125 1.375 -0.25
v -0.03125 1.3125 -0.75
v -0.03125 1.3125 -0.25
v 0.34375 1.375 -0.75
v 0.34375 1.375 -0.25
v 0.34375 1.3125 -0.75
v 0.34375 1.3125 -0.25
v 0.21875 1.2860314233456207 -0.8608763541472777
v 0.21875 1.34375 -0.75
v 0.21875 1.2860314233456207 -0.8608763541472777
v 0.21875 1.34375 -0.75
v 0.09375 1.2860314233456207 -0.8608763541472777
v 0.09375 1.34375 -0.75
v 0.09375 1.2860314233456207 -0.8608763541472777
v 0.09375 1.34375 -0.75
vt 0.71875 0.0625
vt 0.71875 0.03125
vt 0.96875 0.03125
vt 0.96875 0.0625
vt 0.78125 0.75
vt 0.8125 0.75
vt 0.8125 1
vt 0.78125 1
vt 0.625 1
vt 0.625 0.75
vt 0.8125 0.75
vt 0.8125 1
vt 0.71875 0
vt 0.46875 0
vt 0.46875 0.1875
vt 0.71875 0.1875
vt 0.625 1
vt 0.625 0.96875
vt 0.8125 0.96875
vt 0.8125 1
vt 0.625 0.78125
vt 0.625 0.75
vt 0.8125 0.75
vt 0.8125 0.78125
vt 0.84375 0.1875
vt 0.90625 0.1875
vt 0.90625 0.1875
vt 0.84375 0.1875
vt 0.84375 0.1875
vt 0.90625 0.1875
vt 0.90625 0.1875
vt 0.84375 0.1875
vt 0.84375 0.1875
vt 0.90625 0.1875
vt 0.90625 0.125
vt 0.84375 0.125
vt 0.84375 0.1875
vt 0.90625 0.1875
vt 0.90625 0.125
vt 0.84375 0.125
vt 0.84375 0.1875
vt 0.90625 0.1875
vt 0.90625 0.1875
vt 0.84375 0.1875
vt 0.84375 0.1875
vt 0.90625 0.1875
vt 0.90625 0.1875
vt 0.84375 0.1875
vn -1 0 0
vn 1 0 0
vn 0 1 0
vn 0 -1 0
vn 0 0 -1
vn 0 0 1
vn 0 0 0
vn 0 0 0
vn 0 0.8870108331782216 -0.46174861323503436
vn 0 -0.8870108331782216 0.46174861323503436
vn 0 0 0
vn 0 0 0
usemtl data_input_machine
f 632/1565/392 630/1566/392 629/1567/392 631/1568/392
f 635/1569/393 633/1570/393 634/1571/393 636/1572/393
f 629/1573/394 630/1574/394 634/1575/394 633/1576/394
f 632/1577/395 631/1578/395 635/1579/395 636/1580/395
f 631/1581/396 629/1582/396 633/1583/396 635/1584/396
f 636/1585/397 634/1586/397 630/1587/397 632/1588/397
f 637/1589/398 638/1590/398 640/1591/398 639/1592/398
f 642/1593/399 641/1594/399 643/1595/399 644/1596/399
f 642/1597/400 638/1598/400 637/1599/400 641/1600/400
f 643/1601/401 639/1602/401 640/1603/401 644/1604/401
f 641/1605/402 637/1606/402 639/1607/402 643/1608/402
f 638/1609/403 642/1610/403 644/1611/403 640/1612/403
o mb_cup
v 0.7020451148199891 1.3125 -1.381568139732547
v 0.8454392239077504 1.3125 -1.1767801286602992
v 0.7020451148199891 1.0624999999999991 -1.3815681397325474
v 0.8454392239077504 1.0624999999999991 -1.1767801286602992
v 0.6508481120519272 1.3124999999999991 -1.3457196124606072
v 0.7942422211396887 1.3124999999999991 -1.1409316013883588
v 0.758393693867748 1.3124999999999982 -1.192128604156421
v 0.758393693867748 1.0624999999999982 -1.192128604156421
v 0.6559996883316246 1.3124999999999982 -1.1204315496125403
v 0.6918482156035652 1.3124999999999982 -1.0692345468444788
v 0.6559996883316246 1.0624999999999982 -1.1204315496125403
v 0.5484541065158033 1.3124999999999982 -1.2740225579167261
v 0.49725710374774135 1.3124999999999982 -1.238174030644786
v 0.6406512128355031 1.3124999999999982 -1.0333860195725375
v 0.49725710374774135 1.0624999999999982 -1.238174030644786
v 0.6406512128355031 1.0624999999999982 -1.0333860195725375
v 0.6866966393238678 1.3124999999999982 -1.294522609692545
v 0.5843026337877439 1.3124999999999982 -1.2228255551486644
v 0.6866966393238678 1.0624999999999982 -1.294522609692545
v 0.5843026337877439 1.0624999999999982 -1.2228255551486644
v 0.7020451148199893 0.9999999999999982 -1.3815681397325474
v 0.8454392239077504 0.9999999999999982 -1.1767801286602992
v 0.49725710374774135 0.9999999999999982 -1.238174030644786
v 0.6406512128355031 0.9999999999999982 -1.0333860195725375
v 0.551029894655652 1.2812499999999982 -1.1613785264926928
v 0.5868784219275924 1.2812499999999982 -1.1101815237246306
v 0.551029894655652 1.2187499999999982 -1.1613785264926928
v 0.5868784219275924 1.2187499999999982 -1.1101815237246306
v 0.49983289188759006 1.2812499999999973 -1.1255299992207526
v 0.5356814191595305 1.2812499999999973 -1.0743329964526902
v 0.49983289188759006 1.2187499999999973 -1.1255299992207526
v 0.5356814191595305 1.2187499999999973 -1.0743329964526902
v 0.4486358891195277 1.2187499999999964 -1.089681471948812
v 0.4844844163914681 1.2187499999999964 -1.03848446918075
v 0.49983289188759006 1.0937499999999964 -1.1255299992207526
v 0.5356814191595305 1.0937499999999964 -1.0743329964526902
v 0.4486358891195277 1.0937499999999964 -1.089681471948812
v 0.4844844163914681 1.0937499999999964 -1.03848446918075
v 0.49983289188759006 1.0312499999999964 -1.1255299992207526
v 0.5356814191595305 1.0312499999999964 -1.0743329964526902
v 0.5510298946556527 1.0937499999999964 -1.1613785264926935
v 0.5868784219275924 1.0937499999999964 -1.1101815237246306
v 0.5510298946556527 1.0312499999999964 -1.1613785264926935
v 0.5868784219275924 1.0312499999999964 -1.1101815237246306
vt 0 0.625
vt 0.125 0.625
vt 0.125 0.5
vt 0 0.5
vt 0 0.53125
vt 0 0.5625
vt 0.125 0.5625
vt 0.125 0.53125
vt 0.03125 0.625
vt 0.09375089505609102 0.624998602457514
vt 0.09375089505609102 0.5937495524719545
vt 0.03125 0.5937509500144404
vt 0.03125 0.625
vt 0.09375 0.625
vt 0.09375 0.5
vt 0.03125 0.5
vt 0 0.625
vt 0.125 0.625
vt 0.125 0.5
vt 0 0.5
vt 0.03125 0.625
vt 0.0625 0.625
vt 0.0625 0.5
vt 0.03125 0.5
vt 0.0625 0.59375
vt 0 0.59375
vt 0 0.625
vt 0.0625 0.625
vt 0 0.625
vt 0.125 0.625
vt 0.125 0.5
vt 0 0.5
vt 0 0.625
vt 0.125 0.625
vt 0.125 0.5
vt 0 0.5
vt 0 0.625
vt 0.0625 0.625
vt 0.0625 0.5
vt 0 0.5
vt 0.0625 0.5
vt 0 0.5
vt 0 0.625
vt 0.0625 0.625
vt 0.03125 0.5
vt 0.03125 0.625
vt 0.09375 0.625
vt 0.09375 0.5
vt 0 0.59375
vt 0.125 0.59375
vt 0.125 0.5625
vt 0 0.5625
vt 0 0.59375
vt 0.125 0.59375
vt 0.125 0.5625
vt 0 0.5625
vt 0 0.5
vt 0 0.625
vt 0.125 0.625
vt 0.125 0.5
vt 0 0.59375
vt 0.125 0.59375
vt 0.125 0.5625
vt 0 0.5625
vt 0 0.625
vt 0.125 0.625
vt 0.125 0.59375
vt 0 0.59375
vt 0.125 0.59375
vt 0.125 0.625
vt 0.15625 0.625
vt 0.15625 0.59375
vt 0.03125 0.59375
vt 0.03125 0.625
vt 0.0625 0.625
vt 0.0625 0.59375
vt 0.125 0.625
vt 0.15625 0.625
vt 0.15625 0.59375
vt 0.125 0.59375
vt 0.125 0.625
vt 0.15625 0.625
vt 0.15625 0.59375
vt 0.125 0.59375
vt 0.15625 0.59375
vt 0.15625 0.625
vt 0.1875 0.625
vt 0.1875 0.59375
vt 0.15625 0.59375
vt 0.1875 0.59375
vt 0.1875 0.53125
vt 0.15625 0.53125
vt 0.15625 0.59375
vt 0.1875 0.59375
vt 0.1875 0.53125
vt 0.15625 0.53125
vt 0.15625 0.59375
vt 0.1875 0.59375
vt 0.1875 0.53125
vt 0.15625 0.53125
vt 0.15625 0.59375
vt 0.1875 0.59375
vt 0.1875 0.53125
vt 0.15625 0.53125
vt 0.1875 0.53125
vt 0.1875 0.50268125
vt 0.15625 0.50268125
vt 0.15625 0.53125
vt 0.125 0.53125
vt 0.15625 0.53125
vt 0.15625 0.5
vt 0.125 0.5
vt 0.125 0.53125
vt 0.15625 0.53125
vt 0.15625 0.5
vt 0.125 0.5
vt 0.125 0.53125
vt 0.15625 0.53125
vt 0.15625 0.5
vt 0.125 0.5
vt 0.125 0.53125
vt 0.15625 0.53125
vt 0.15625 0.5
vt 0.125 0.5
vt 0.1875 0.625
vt 0.1875 0.59375
vt 0.15625 0.59375
vt 0.15625 0.53125
vt 0.1875 0.53125
vt 0.1875 0.5
vt 0.1875 0.59375
vt 0.15625 0.59375
vt 0.15625 0.625
vt 0.03125 0.5625
vt 0.0625 0.5625
vt 0.03125 0.53125
vn 0.8191520442889918 0 -0.5735764363510463
vn -1.1640850691051589e-14 1 8.151011405048034e-15
vn -1.3971436750573793e-14 1 -7.565344988527501e-15
vn -0.5735764363510468 0 -0.8191520442889914
vn -0.8191520442889917 0 0.5735764363510462
vn 0 1 0
vn 8.151011405048025e-15 1 1.1640850691051554e-14
vn 0.5735764363510478 0 0.8191520442889907
vn -0.5735764363510458 6.106226635438347e-16 -0.8191520442889921
vn 0.5735764363510468 0 0.8191520442889914
vn -0.8191520442889929 0 0.5735764363510446
vn 0.8191520442889929 0 -0.5735764363510446
vn 0.8191520442889921 0 -0.5735764363510458
vn -0.8191520442889917 0 0.5735764363510462
vn -2.9102126727628985e-15 1 2.0377528512620066e-15
vn -0.5735764363510463 0 -0.8191520442889917
vn 0.5735764363510478 0 0.8191520442889907
vn -1.1640850691051575e-14 1 8.15101140504799e-15
vn 1.1640850691051607e-14 -1 -8.151011405048015e-15
vn -0.5735764363510426 0 -0.8191520442889944
vn 0.5735764363510488 0 0.8191520442889899
vn -0.5792279653395748 0.7071067811865431 0.40557978767263897
vn 0.8191520442889945 0 -0.5735764363510424
vn -0.8191520442889899 0 0.5735764363510488
vn -0.5735764363510466 0 -0.8191520442889916
vn 0.5735764363510405 0 0.8191520442889957
vn -0.5792279653395684 -0.7071067811865509 0.40557978767263436
vn 0 1 0
vn 0 -1 0
vn -0.5735764363510444 0 -0.8191520442889931
vn 0.5735764363510488 0 0.8191520442889899
vn -0.5735764363510465 0 -0.8191520442889915
vn -0.5735764363510465 0 -0.8191520442889915
vn 0.5735764363510405 0 0.8191520442889957
vn 0.5735764363510405 0 0.8191520442889957
usemtl data_input_machine
f 645/1613/404 646/1614/404 648/1615/404 647/1616/404
f 650/1617/405 646/1618/405 645/1619/405 649/1620/405
f 654/1621/406 650/1622/406 651/1623/406 653/1624/406
f 653/1625/407 651/1626/407 652/1627/407 655/1628/407
f 658/1629/408 657/1630/408 659/1631/408 660/1632/408
f 658/1633/409 654/1634/409 656/1635/409 657/1636/409
f 662/1637/410 661/1638/410 649/1639/410 656/1640/410
f 660/1641/411 648/1642/411 646/1643/411 658/1644/411
f 657/1645/412 645/1646/412 647/1647/412 659/1648/412
f 661/1649/413 662/1650/413 664/1651/413 663/1652/413
f 663/1653/414 652/1654/414 651/1655/414 661/1656/414
f 664/1657/415 662/1658/415 653/1659/415 655/1660/415
f 647/1661/416 648/1662/416 666/1663/416 665/1664/416
f 660/1665/417 659/1666/417 667/1667/417 668/1668/417
f 660/1669/418 648/1670/418 647/1671/418 659/1672/418
f 659/1673/419 647/1674/419 665/1675/419 667/1676/419
f 648/1677/420 660/1678/420 668/1679/420 666/1680/420
f 674/1681/421 670/1682/421 669/1683/421 673/1684/421
f 675/1685/422 671/1686/422 672/1687/422 676/1688/422
f 673/1689/423 669/1690/423 671/1691/423 675/1692/423
f 670/1693/424 674/1694/424 676/1695/424 672/1696/424
f 678/1697/425 674/1698/425 673/1699/425 677/1700/425
f 675/1701/426 676/1702/426 680/1703/426 679/1704/426
f 678/1705/427 677/1706/427 681/1707/427 682/1708/427
f 677/1709/428 675/1710/428 679/1711/428 681/1712/428
f 676/1713/429 678/1714/429 682/1715/429 680/1716/429
f 681/1717/430 683/1718/430 684/1719/430 682/1720/430
f 680/1721/431 686/1722/431 685/1723/431 679/1724/431
f 683/1725/432 687/1726/432 688/1727/432 684/1728/432
f 679/1729/433 685/1730/433 687/1731/433 683/1732/433
f 686/1733/434 680/1734/434 684/1735/434 688/1736/434
f 673/1737/435 675/1738/435 677/1739/435
f 681/1740/436 679/1741/436 683/1742/436
f 678/1743/437 676/1744/437 674/1745/437
f 680/1746/438 682/1747/438 684/1748/438
o mb_pen
v 0.8027732629544257 1.0625 -0.9325642019647608
v 0.8163007388255574 1.0625 -0.8715457015197652
v 0.8027732629544257 1 -0.9325642019647608
v 0.8163007388255574 1 -0.8715457015197652
v 0.5586992611744424 1.0625 -0.8784542984802353
v 0.5722267370455738 1.0625 -0.8174357980352394
v 0.5586992611744424 1 -0.8784542984802353
v 0.5722267370455738 1 -0.8174357980352394
vt 0.25 0.5625
vt 0.28125 0.5625
vt 0.28125 0.53125
vt 0.25 0.53125
vt 0.25 0.5625
vt 0.28125 0.5625
vt 0.28125 0.53125
vt 0.25 0.53125
vt 0.1875 0.5625
vt 0.3125 0.5625
vt 0.3125 0.53125
vt 0.1875 0.53125
vt 0.1875 0.5625
vt 0.3125 0.5625
vt 0.3125 0.53125
vt 0.1875 0.53125
vt 0.1875 0.5625
vt 0.3125 0.5625
vt 0.3125 0.53125
vt 0.1875 0.53125
vt 0.1875 0.5625
vt 0.3125 0.5625
vt 0.3125 0.53125
vt 0.1875 0.53125
vn 0.9762960071199326 0 -0.21643961393810654
vn -0.9762960071199329 0 0.21643961393810504
vn 0 1 0
vn 0 -1 0
vn -0.21643961393810232 0 -0.9762960071199336
vn 0.2164396139381031 0 0.9762960071199334
usemtl data_input_machine
f 689/1749/439 690/1750/439 692/1751/439 691/1752/439
f 694/1753/440 693/1754/440 695/1755/440 696/1756/440
f 694/1757/441 690/1758/441 689/1759/441 693/1760/441
f 695/1761/442 691/1762/442 692/1763/442 696/1764/442
f 693/1765/443 689/1766/443 691/1767/443 695/1768/443
f 690/1769/444 694/1770/444 696/1771/444 692/1772/444
o mb_penholder
v 0.9531319932421383 1.1875 -0.8741397813225029
v 1.0248851368105925 1.1875 -0.7009123689766367
v 0.9531319932421383 1 -0.8741397813225029
v 1.0248851368105925 1 -0.7009123689766367
v 0.7799045808962721 1.1875 -0.8023866377540487
v 0.8516577244647261 1.1875 -0.6291592254081826
v 0.7799045808962721 1 -0.8023866377540487
v 0.8516577244647261 1 -0.6291592254081826
vt 0.28125 0.5
vt 0.375 0.5
vt 0.375 0.40625
vt 0.28125 0.40625
vt 0.28125 0.5
vt 0.375 0.5
vt 0.375 0.40625
vt 0.28125 0.40625
vt 0.1875 0.5
vt 0.28125 0.5
vt 0.28125 0.40625
vt 0.1875 0.40625
vt 0.28125 0.5
vt 0.375 0.5
vt 0.375 0.40625
vt 0.28125 0.40625
vt 0.28125 0.5
vt 0.375 0.5
vt 0.375 0.40625
vt 0.28125 0.40625
vt 0.09375000000000006 0.4062498895834633
vt 0.09375 0.5
vt 0.18750011041653658 0.5
vt 0.18750011041653658 0.4062498895834633
vn 0.9238795325112872 0 -0.38268343236508895
vn -0.9238795325112872 0 0.38268343236508895
vn 0 1 0
vn -0.38268343236508895 0 -0.9238795325112872
vn 0.38268343236508895 0 0.9238795325112872
vn 0 -1 0
usemtl data_input_machine
f 697/1773/445 698/1774/445 700/1775/445 699/1776/445
f 702/1777/446 701/1778/446 703/1779/446 704/1780/446
f 702/1781/447 698/1782/447 697/1783/447 701/1784/447
f 701/1785/448 697/1786/448 699/1787/448 703/1788/448
f 698/1789/449 702/1790/449 704/1791/449 700/1792/449
f 704/1793/450 703/1794/450 699/1795/450 700/1796/450
o mb_holder_pens
v 0.9172171121198476 1.0936506749698838 -0.7807810855156012
v 0.9349029726661147 1.1119022289140004 -0.7236816887117559
v 0.8586390439477747 1.0862696370219238 -0.7602779099557337
v 0.8763249044940418 1.1045211909660404 -0.7031785131518884
v 0.8662943838400761 1.3309235493549938 -0.8408515343700274
v 0.8839802443863432 1.3491751032991108 -0.7837521375661821
v 0.807716315668003 1.3235425114070338 -0.8203483588101599
v 0.8254021762142703 1.3417940653511509 -0.7632489620063148
v 0.9543055182848739 1.100352280919239 -0.7631210471875194
v 0.981637073839795 1.0976243789745812 -0.7069802008995573
v 0.8983661667835485 1.092946302542221 -0.7362474460538739
v 0.9256977223384693 1.0902184005975633 -0.6801065997659116
v 0.932387480212316 1.34835099173071 -0.7404001527751438
v 0.9597190357672376 1.3456230897860522 -0.6842593064871814
v 0.8764481287109909 1.340945013353692 -0.7135265516414983
v 0.9037796842659116 1.3382171114090342 -0.6573857053535364
vt 0.28125 0.59375
vt 0.3125 0.59375
vt 0.3125 0.5625
vt 0.28125 0.5625
vt 0.1875 0.59375
vt 0.21875 0.59375
vt 0.21875 0.5625
vt 0.1875 0.5625
vt 0.1875 0.59375
vt 0.3125 0.59375
vt 0.3125 0.5625
vt 0.1875 0.5625
vt 0.1875 0.59375
vt 0.3125 0.59375
vt 0.3125 0.5625
vt 0.1875 0.5625
vt 0.1875 0.59375
vt 0.3125 0.59375
vt 0.3125 0.5625
vt 0.1875 0.5625
vt 0.3125 0.59375
vt 0.1875 0.59375
vt 0.1875 0.5625
vt 0.3125 0.5625
vt 0.28125 0.625
vt 0.3125 0.625
vt 0.3125 0.59375
vt 0.28125 0.59375
vt 0.1875 0.625
vt 0.21875 0.625
vt 0.21875 0.59375
vt 0.1875 0.59375
vt 0.1875 0.625
vt 0.3125 0.625
vt 0.3125 0.59375
vt 0.1875 0.59375
vt 0.1875 0.625
vt 0.3125 0.625
vt 0.3125 0.59375
vt 0.1875 0.59375
vt 0.1875 0.625
vt 0.3125 0.625
vt 0.3125 0.59375
vt 0.1875 0.59375
vt 0.3125 0.625
vt 0.1875 0.625
vt 0.1875 0.59375
vt 0.3125 0.59375
vn 0.20369091311908333 -0.9490914975404422 0.24028179541770295
vn -0.20369091311908583 0.9490914975404399 -0.2402817954177099
vn 0.9372490907531665 0.11809660716736095 -0.32805080895788213
vn -0.9372490907531672 -0.11809660716736224 0.32805080895787936
vn -0.2829737687402753 -0.29202486310586817 -0.9135903488615258
vn 0.282973768740274 0.2920248631058679 0.9135903488615263
vn 0.0876721522902284 -0.991994843245884 -0.09088357764950335
vn -0.08767215229022932 0.9919948432458839 0.09088357764950339
vn 0.8950296240212112 0.11849565403228826 -0.42997761813832813
vn -0.895029624021215 -0.118495654032288 0.42997761813832003
vn -0.4373048888787426 0.04364643111452206 -0.8982535406073923
vn 0.4373048888787341 -0.04364643111452474 0.8982535406073962
usemtl data_input_machine
f 705/1797/451 706/1798/451 708/1799/451 707/1800/451
f 710/1801/452 709/1802/452 711/1803/452 712/1804/452
f 710/1805/453 706/1806/453 705/1807/453 709/1808/453
f 711/1809/454 707/1810/454 708/1811/454 712/1812/454
f 709/1813/455 705/1814/455 707/1815/455 711/1816/455
f 706/1817/456 710/1818/456 712/1819/456 708/1820/456
f 713/1821/457 714/1822/457 716/1823/457 715/1824/457
f 718/1825/458 717/1826/458 719/1827/458 720/1828/458
f 718/1829/459 714/1830/459 713/1831/459 717/1832/459
f 719/1833/460 715/1834/460 716/1835/460 720/1836/460
f 717/1837/461 713/1838/461 715/1839/461 719/1840/461
f 714/1841/462 718/1842/462 720/1843/462 716/1844/462
o mb_book1
v 1.295134158022536 1.125 -1.4495392628202386
v 1.4076096851944682 1.125 -0.9623542304276212
v 1.295134158022536 1 -1.4495392628202386
v 1.4076096851944682 1 -0.9623542304276212
v 0.9297453837280727 1.125 -1.3651826174412893
v 1.0422209109000051 1.125 -0.8779975850486719
v 0.9297453837280727 1 -1.3651826174412893
v 1.0422209109000051 1 -0.8779975850486719
vt 0.8125 0.75
vt 0.8125 1
vt 0.875 1
vt 0.875 0.75
vt 0.625 0.5
vt 0.625 0.75
vt 0.6875 0.75
vt 0.6875 0.5
vt 0.4375 0.75
vt 0.625 0.75
vt 0.625 0.5
vt 0.4375 0.5
vt 0.6875 0.75
vt 0.875 0.75
vt 0.875 0.5
vt 0.6875 0.5
vt 0.3125 0.5
vt 0.3125 0.6875
vt 0.375 0.6875
vt 0.375 0.5
vt 0.3125 0.6875
vt 0.3125 0.5
vt 0.375 0.5
vt 0.375 0.6875
vn 0.9743700647852354 0 -0.2249510543438647
vn -0.9743700647852354 0 0.2249510543438647
vn 0 1 0
vn 0 -1 0
vn -0.22495105434386525 0 -0.9743700647852352
vn 0.22495105434386525 0 0.9743700647852352
usemtl data_input_machine
f 721/1845/463 722/1846/463 724/1847/463 723/1848/463
f 726/1849/464 725/1850/464 727/1851/464 728/1852/464
f 726/1853/465 722/1854/465 721/1855/465 725/1856/465
f 727/1857/466 723/1858/466 724/1859/466 728/1860/466
f 725/1861/467 721/1862/467 723/1863/467 727/1864/467
f 722/1865/468 726/1866/468 728/1867/468 724/1868/468
o mb_book2
v 1.404058132303299 1.25 -1.369321882089577
v 1.3001022868944192 1.25 -0.8802480817226741
v 1.404058132303299 1.125 -1.369321882089577
v 1.3001022868944192 1.125 -0.8802480817226741
v 1.0372527820281219 1.25 -1.4472887661462366
v 0.9332969366192421 1.25 -0.9582149657793337
v 1.0372527820281219 1.125 -1.4472887661462366
v 0.9332969366192421 1.125 -0.9582149657793337
vt 0.8125 0.75
vt 0.8125 1
vt 0.875 1
vt 0.875 0.75
vt 0.375 0.75
vt 0.375 1
vt 0.4375 1
vt 0.4375 0.75
vt 0.4375 1
vt 0.625 1
vt 0.625 0.75
vt 0.4375 0.75
vt 0.28125 0.375
vt 0.46875 0.375
vt 0.46875 0.125
vt 0.28125 0.125
vt 0.3125 0.75
vt 0.3125 0.9375
vt 0.375 0.9375
vt 0.375 0.75
vt 0.3125 0.9375
vt 0.3125 0.75
vt 0.375 0.75
vt 0.375 0.9375
vn 0.9781476007338057 0 0.2079116908177593
vn -0.9781476007338057 0 -0.2079116908177593
vn 0 1 0
vn 0 -1 0
vn 0.2079116908177593 0 -0.9781476007338057
vn -0.2079116908177593 0 0.9781476007338057
usemtl data_input_machine
f 729/1869/469 730/1870/469 732/1871/469 731/1872/469
f 734/1873/470 733/1874/470 735/1875/470 736/1876/470
f 734/1877/471 730/1878/471 729/1879/471 733/1880/471
f 735/1881/472 731/1882/472 732/1883/472 736/1884/472
f 733/1885/473 729/1886/473 731/1887/473 735/1888/473
f 730/1889/474 734/1890/474 736/1891/474 732/1892/474
o mess_upgraded
v -0.46875 1.2476213580621727 -1.0321948134723562
v -0.46875 1.1057493268935643 -1.3106343522812212
v -0.46875 1.1919334503003995 -1.0038204072386345
v 0.40625 1.2476213580621727 -1.0321948134723562
v 0.40625 1.1057493268935643 -1.3106343522812212
v 0.40625 1.1919334503003995 -1.0038204072386345
v 0.40625 1.0500614191317912 -1.2822599460474995
v 0.21875000000000006 1.105749326893564 -1.310634352281221
v 0.21875000000000006 1.050061419131791 -1.2822599460474995
v 0.40625000000000006 1.105749326893564 -1.310634352281221
v 0.40625000000000006 1.050061419131791 -1.2822599460474995
v -0.4687499999999999 1.105749326893564 -1.310634352281221
v -0.4687499999999999 1.0773749206598426 -1.366322260042994
v -0.4687499999999999 1.0216870128980697 -1.3379478538092726
v 0.21875000000000006 1.105749326893564 -1.310634352281221
v 0.21875000000000006 1.0773749206598426 -1.366322260042994
v 0.21875000000000006 1.050061419131791 -1.2822599460474995
v 0.21875000000000006 1.0216870128980697 -1.3379478538092726
v 0.21875000000000006 1.0773749206598426 -1.366322260042994
v 0.21875000000000006 1.049000514426121 -1.422010167804767
v 0.21875000000000006 1.0216870128980697 -1.3379478538092726
v 0.21875000000000006 0.9933126066643481 -1.3936357615710455
v 0.40625000000000006 1.0773749206598426 -1.366322260042994
v 0.40625000000000006 1.049000514426121 -1.422010167804767
v 0.40625000000000006 1.0216870128980697 -1.3379478538092726
v 0.40625000000000006 0.9933126066643481 -1.3936357615710455
v 0.28125000000000006 1.105749326893564 -1.310634352281221
v 0.28125000000000006 1.0773749206598426 -1.366322260042994
v 0.28125000000000006 1.050061419131791 -1.2822599460474995
v 0.28125000000000006 1.0216870128980697 -1.3379478538092726
v 0.34375000000000006 1.105749326893564 -1.310634352281221
v 0.34375000000000006 1.0773749206598426 -1.366322260042994
v 0.34375000000000006 1.050061419131791 -1.2822599460474995
v 0.34375000000000006 1.0216870128980697 -1.3379478538092726
v 0.4062499999999999 1.1875000000000004 -0.5
v 0.4062499999999999 1.1875000000000004 -1.015625
v 0.4062499999999999 1.0000000000000004 -0.5
v 0.4062499999999999 1.0000000000000004 -1.390625
v -0.4687500000000001 1.1875000000000004 -0.5
v -0.4687500000000001 1.1875000000000004 -1.015625
v -0.4687500000000001 1.0000000000000004 -0.5
v -0.4687500000000001 1.0000000000000004 -1.390625
v 0.3125 1.5901341367772055 -0.6327573594137286
v 0.125 1.5901341367772055 -0.6327573594137286
v 0.3125 1.530526827355441 -0.6515514718827458
v 0.125 1.530526827355441 -0.6515514718827458
v 0.3125 1.5713400243081885 -0.5731500499919644
v 0.3125 1.5117327148864241 -0.5919441624609816
v 0.125 1.5713400243081885 -0.5731500499919644
v 0.125 1.5117327148864241 -0.5919441624609816
v 0.25 1.530526827355441 -0.6515514718827458
v 0.1875 1.530526827355441 -0.6515514718827458
v 0.25 1.4113122085119123 -0.6891396968207797
v 0.1875 1.4113122085119123 -0.6891396968207797
v 0.25 1.5117327148864241 -0.5919441624609816
v 0.25 1.3925180960428953 -0.6295323873990157
v 0.1875 1.5117327148864241 -0.5919441624609816
v 0.1875 1.3925180960428953 -0.6295323873990157
v 0.0625 1.579888737339309 -0.7142153899633674
v -0.125 1.579888737339309 -0.7142153899633674
v 0.0625 1.518338252776046 -0.7033623788591841
v -0.125 1.518338252776046 -0.7033623788591841
v 0.0625 1.5907417484434923 -0.6526649054001041
v 0.0625 1.5291912638802285 -0.6418118942959212
v -0.125 1.5907417484434923 -0.6526649054001041
v -0.125 1.5291912638802285 -0.6418118942959212
v 0 1.518338252776046 -0.7033623788591841
v -0.0625 1.518338252776046 -0.7033623788591841
v 0 1.3952372836495195 -0.6816563566508178
v -0.0625 1.3952372836495195 -0.6816563566508178
v 0 1.5291912638802285 -0.6418118942959212
v 0 1.4060902947537028 -0.620105872087555
v -0.0625 1.5291912638802285 -0.6418118942959212
v -0.0625 1.4060902947537028 -0.620105872087555
v 0.3125 1.546875 -0.9375
v 0.125 1.546875 -0.9375
v 0.3125 1.484375 -0.9375
v 0.125 1.484375 -0.9375
v 0.3125 1.546875 -0.875
v 0.3125 1.484375 -0.875
v 0.125 1.546875 -0.875
v 0.125 1.484375 -0.875
v 0.25 1.484375 -0.9375
v 0.1875 1.484375 -0.9375
v 0.25 1.359375 -0.9375
v 0.1875 1.359375 -0.9375
v 0.25 1.484375 -0.875
v 0.25 1.359375 -0.875
v 0.1875 1.484375 -0.875
v 0.1875 1.359375 -0.875
v -0.21875 1.5278038548370532 -0.7367372795396654
v -0.21875000000000044 1.5441196288645598 -0.6128066718679401
v -0.34375 1.5278038548370538 -0.7367372795396654
v -0.34375 1.5441196288645602 -0.61280667186794
v -0.21875000000000022 1.4658385510011904 -0.7285793925259124
v -0.3437499999999998 1.4658385510011909 -0.7285793925259124
v -0.34374999999999956 1.4821543250286973 -0.6046487848541869
v -0.21874999999999978 1.4821543250286968 -0.604648784854187
v -0.18750000000000022 1.4332070029461779 -0.9764406078693635
v -0.18750000000000022 1.49031221204245 -0.5426834810183239
v -0.37499999999999956 1.433207002946178 -0.9764406078693633
v -0.37499999999999956 1.4903122120424503 -0.5426834810183236
v -0.18750000000000044 1.3712416991103151 -0.9682827208556104
v -0.37499999999999956 1.3712416991103158 -0.9682827208556102
v -0.37499999999999933 1.4283469082065878 -0.5345255940045712
v -0.18750000000000044 1.4283469082065874 -0.5345255940045712
v -0.21875000000000022 1.5033301937957937 -0.9226331910472543
v -0.21875000000000044 1.5196459678233 -0.7987025833755281
v -0.34375 1.5033301937957941 -0.9226331910472538
v -0.34375 1.5196459678233005 -0.7987025833755284
v -0.21875000000000044 1.441364889959931 -0.9144753040335004
v -0.3437499999999998 1.4413648899599314 -0.9144753040335004
v -0.3437499999999998 1.4576806639874378 -0.7905446963617753
v -0.21875000000000044 1.4576806639874373 -0.7905446963617748
v 0.375 1.4375 -0.5
v -0.4375 1.4375 -0.5
v 0.375 1.1875 -0.5
v -0.4375 1.1875 -0.5
v 0.375 1.365533008588991 -1.0037689398770626
v 0.375 1.1875 -1.0037689398770626
v -0.4375 1.365533008588991 -1.0037689398770626
v -0.4375 1.1875 -1.0037689398770626
v 0 1.518338252776046 -0.8908623788591841
v -0.0625 1.518338252776046 -0.8908623788591841
v 0 1.3952372836495195 -0.8691563566508178
v -0.0625 1.3952372836495195 -0.8691563566508178
v 0 1.5291912638802285 -0.8293118942959212
v 0 1.4060902947537028 -0.807605872087555
v -0.0625 1.5291912638802285 -0.8293118942959212
v -0.0625 1.4060902947537028 -0.807605872087555
v 0.0625 1.579888737339309 -0.9017153899633674
v -0.125 1.579888737339309 -0.9017153899633674
v 0.0625 1.518338252776046 -0.8908623788591841
v -0.125 1.518338252776046 -0.8908623788591841
v 0.0625 1.5907417484434923 -0.8401649054001041
v 0.0625 1.5291912638802285 -0.8293118942959212
v -0.125 1.5907417484434923 -0.8401649054001041
v -0.125 1.5291912638802285 -0.8293118942959212
v 0 1.4374999999999996 -0.5000000000000027
v -2.220446049250313e-16 1.3655330085889907 -1.0037689398770653
v 0 1.1875000000000013 -1.0037689398770626
v 0 1.3655330085889923 -1.0037689398770626
v -1.1102230246251565e-16 1.401516504294495 -0.751884469938534
v -0.4375 1.401516504294495 -0.751884469938534
v -1.1102230246251565e-16 1.401516504294495 -0.751884469938534
v 0.375 1.401516504294495 -0.751884469938534
v 1.1875 0.8125 -1.4375
v 1.1875 0.8125 -0.5
v 1.1875 0 -1.4375
v 1.1875 0 -0.5
v 0.5625 0.8125 -1.4375
v 0.5625 0.8125 -0.5
v 0.5625 0 -1.4375
v 0.5625 0 -0.5
v 0.875 0 -1.4375
v 0.875 0 -0.5
v 0.875 0.8125 -0.5
v 0.875 0.8125 -1.4375
v 0.875 0.375 -1.4375
v 0.5625 0.375 -1.4375
v 1.1875 0.375 -1.4375
v 0.875 0.375 -1.4375
v 1.1875 0.375 -0.5
v 1.1875 0.375 -1.4375
v 0.5625 0.375 -0.5
v 0.5625 0.375 -1.4375
v 0.875 0.375 -0.5
v 1.1875 0.375 -0.5
v 0.5625 0.375 -0.5
v 0.875 0.375 -0.5
v 1.1875 0.375 -0.9375
v 1.1875 0.8125 -0.9375
v 1.1875 0 -0.9375
v 1.1875 0.375 -0.9375
v 0.5625 0 -0.9375
v 0.5625 0.375 -0.9375
v 0.5625 0.8125 -0.9375
v 0.5625 0.375 -0.9375
v 0.5625 0 -0.9375
v 0.875 0 -0.9375
v 1.1875 0 -0.9375
v 0.875 0 -0.9375
v -0.5959467073530472 1.6160885710133364 -0.9078124999999999
v -0.5959467073530472 1.6160885710133364 -0.5328124999999999
v -0.46653718480178685 1.1331256578688023 -0.9078124999999999
v -0.46653718480178685 1.1331256578688023 -0.5328124999999999
v -0.7166874356391807 1.5837361903755212 -0.9078124999999999
v -0.7166874356391807 1.5837361903755212 -0.5328124999999999
v -0.5872779130879203 1.100773277230987 -0.9078124999999999
v -0.5872779130879203 1.100773277230987 -0.5328124999999999
v -0.6438945792040968 1.318319551731721 -0.8703125
v -0.6438945792040968 1.318319551731721 -0.7515625
v -0.5791898179284666 1.0768380951594538 -0.8703125
v -0.5791898179284666 1.0768380951594538 -0.7515625
v -0.7042649433471636 1.3021433614128135 -0.8703125
v -0.7042649433471636 1.3021433614128135 -0.7515625
v -0.6395601820715334 1.0606619048405463 -0.8703125
v -0.6395601820715334 1.0606619048405463 -0.7515625
v -0.4687499999999999 1.1250000000000002 -0.8749999999999999
v -0.4687499999999999 1.1250000000000002 -0.7499999999999999
v -0.4687499999999999 1.0625 -0.8749999999999999
v -0.4687499999999999 1.0625 -0.7499999999999999
v -0.6374999999999998 1.1250000000000002 -0.8749999999999999
v -0.6374999999999998 1.1250000000000002 -0.7499999999999999
v -0.6374999999999998 1.0625 -0.8749999999999999
v -0.6374999999999998 1.0625 -0.7499999999999999
v -0.6438945792040968 1.318319551731721 -0.6828125
v -0.6438945792040968 1.318319551731721 -0.5640625
v -0.5791898179284666 1.0768380951594538 -0.6828125
v -0.5791898179284666 1.0768380951594538 -0.5640625
v -0.7042649433471636 1.3021433614128135 -0.6828125
v -0.7042649433471636 1.3021433614128135 -0.5640625
v -0.6395601820715334 1.0606619048405463 -0.6828125
v -0.6395601820715334 1.0606619048405463 -0.5640625
v -0.4687499999999999 1.1250000000000002 -0.6874999999999999
v -0.4687499999999999 1.1250000000000002 -0.5624999999999999
v -0.4687499999999999 1.0625 -0.6874999999999999
v -0.4687499999999999 1.0625 -0.5624999999999999
v -0.6374999999999998 1.1250000000000002 -0.6874999999999999
v -0.6374999999999998 1.1250000000000002 -0.5624999999999999
v -0.6374999999999998 1.0625 -0.6874999999999999
v -0.6374999999999998 1.0625 -0.5624999999999999
vt 1 0.640625
vt 0.78125 0.640625
vt 0.78125 0.71875
vt 1 0.71875
vt 1 0.71875
vt 0.78125 0.71875
vt 0.78125 0.703125
vt 1 0.703125
vt 0.984375 0.640625
vt 0.984375 0.71875
vt 1 0.71875
vt 1 0.640625
vt 0.953125 0.65625
vt 1 0.65625
vt 1 0.640625
vt 0.953125 0.640625
vt 0.9375 0.640625
vt 0.953125 0.640625
vt 0.953125 0.625
vt 0.9375 0.625
vt 0.953125 0.640625
vt 0.78125 0.640625
vt 0.78125 0.625
vt 0.953125 0.625
vt 0.78125 0.640625
vt 0.953125 0.640625
vt 0.953125 0.625
vt 0.78125 0.625
vt 0.953125 0.625
vt 0.96875 0.625
vt 0.96875 0.609375
vt 0.953125 0.609375
vt 0.953125 0.625
vt 1 0.625
vt 1 0.609375
vt 0.953125 0.609375
vt 0.953125 0.625
vt 1 0.625
vt 1 0.609375
vt 0.953125 0.609375
vt 0.953125 0.625
vt 1 0.625
vt 1 0.609375
vt 0.953125 0.609375
vt 0.984375 0.609375
vt 0.984375 0.625
vt 1 0.625
vt 1 0.609375
vt 0.96875 0.640625
vt 0.9843749999999999 0.640625
vt 0.9843749999999999 0.625
vt 0.96875 0.625
vt 0.96875 0.640625
vt 0.9843749999999999 0.640625
vt 0.9843749999999999 0.625
vt 0.96875 0.625
vt 0.96875 0.640625
vt 0.9843749999999999 0.640625
vt 0.9843749999999999 0.625
vt 0.96875 0.625
vt 0.796875 0.71875
vt 0.78125 0.71875
vt 0.78125 0.625
vt 0.796875 0.625
vt 0.4375 0.625
vt 0.53125 0.8125
vt 0.53125 1
vt 0.4375 1
vt 0.4375 1
vt 0.53125 1
vt 0.53125 0.8125
vt 0.4375 0.625
vt 0.4375 1
vt 0.4375 0.8125
vt 0 0.8125
vt 0 1
vt 0 0.5
vt 0 0.59375
vt 0.4375 0.59375
vt 0.4375 0.5
vt 0 0.59375
vt 0 0.8125
vt 0.4375 0.8125
vt 0.4375 0.59375
vt 0 0.8828125
vt 0.09375 0.8828125
vt 0.09375 0.8671875
vt 0 0.8671875
vt 0.203125 0.20312499999999933
vt 0.25 0.20312499999999933
vt 0.25 0.18749999999999933
vt 0.203125 0.18749999999999933
vt 0.203125 0.32812499999999933
vt 0.25 0.32812499999999933
vt 0.25 0.31249999999999933
vt 0.203125 0.31249999999999933
vt 0.25 0.31249999999999956
vt 0.25 0.20312499999999956
vt 0.203125 0.20312499999999956
vt 0.203125 0.31249999999999956
vt 0.21875000000000083 0.31249999999999956
vt 0.21874751375122975 0.20312518339895325
vt 0.20312500000000083 0.20312518339895325
vt 0.20312748624877192 0.31249999999999956
vt 0.24999953410985615 0.31249964479851167
vt 0.24999953410985615 0.20312482816920108
vt 0.23437528249119088 0.20312518337068952
vt 0.23437528249119088 0.3125
vt 0.78125 0.9218749999999993
vt 0.8125 0.9218749999999993
vt 0.8125 0.9062499999999993
vt 0.78125 0.9062499999999993
vt 0.8125 0.9374999999999993
vt 0.78125 0.9374999999999993
vt 0.78125 0.9218749999999993
vt 0.8125 0.9218749999999993
vt 0.8125 0.9374999999999996
vt 0.8125 0.9062499999999996
vt 0.78125 0.9062499999999996
vt 0.78125 0.9374999999999996
vt 0.796874455614184 0.9374997959506203
vt 0.7968773498030792 0.9062497437018727
vt 0.7812513450697579 0.9062497437018727
vt 0.7812499999999998 0.9374999999999993
vt 0.8125000522082865 0.9218749999999992
vt 0.7812500000000009 0.921871697697445
vt 0.7812500000000009 0.9062472420819283
vt 0.8125002562778965 0.9062489952680104
vt 0.75 0.9218749999999993
vt 0.78125 0.9218749999999993
vt 0.78125 0.9062499999999993
vt 0.75 0.9062499999999993
vt 0.78125 0.9374999999999993
vt 0.75 0.9374999999999993
vt 0.75 0.9218749999999993
vt 0.78125 0.9218749999999993
vt 0.78125 0.9374999999999996
vt 0.78125 0.9062499999999996
vt 0.75 0.9062499999999996
vt 0.75 0.9374999999999996
vt 0.7656260046565322 0.9374997961041989
vt 0.7656258007607316 0.9062497437220954
vt 0.7500000000000007 0.9062497437220954
vt 0.7500017530351599 0.9374999999999994
vt 0.7812500523821027 0.9218750000000001
vt 0.7499999999999993 0.9218747960839833
vt 0.7499999999999993 0.9062505444612805
vt 0.7812502562981194 0.9062491992405997
vt 0.7812500000000002 0.39062500000000067
vt 0.7968750000000002 0.39062500000000067
vt 0.7968750000000002 0.37500000000000067
vt 0.7812500000000002 0.37500000000000067
vt 0.7812499999999998 0.39062500000000067
vt 0.7968749999999998 0.39062500000000067
vt 0.7968749999999998 0.37500000000000067
vt 0.7812499999999998 0.37500000000000067
vt 0.78125 0.3906250000000002
vt 0.828125 0.3906250000000002
vt 0.828125 0.3750000000000002
vt 0.78125 0.3750000000000002
vt 0.78125 0.3906249999999998
vt 0.828125 0.3906249999999998
vt 0.828125 0.3749999999999998
vt 0.78125 0.3749999999999998
vt 0.78125 0.39062500000000067
vt 0.828125 0.39062500000000067
vt 0.828125 0.37500000000000067
vt 0.78125 0.37500000000000067
vt 0.78125 0.39062500000000067
vt 0.828125 0.39062500000000067
vt 0.828125 0.37500000000000067
vt 0.78125 0.37500000000000067
vt 0.8281250000000002 0.39062500000000067
vt 0.8437500000000002 0.39062500000000067
vt 0.8437500000000002 0.35937500000000067
vt 0.8281250000000002 0.35937500000000067
vt 0.8281249999999998 0.39062500000000067
vt 0.8437499999999998 0.39062500000000067
vt 0.8437499999999998 0.35937500000000067
vt 0.8281249999999998 0.35937500000000067
vt 0.828125 0.39062500000000067
vt 0.84375 0.39062500000000067
vt 0.84375 0.35937500000000067
vt 0.828125 0.35937500000000067
vt 0.828125 0.39062500000000067
vt 0.84375 0.39062500000000067
vt 0.84375 0.35937500000000067
vt 0.828125 0.35937500000000067
vt 0.7812499999999994 0.37499846122537983
vt 0.7968750212523394 0.37500000000000044
vt 0.7968750212523394 0.35937525000200043
vt 0.7812499999999994 0.3593737112273798
vt 0.7968762887726196 0.3749999999999991
vt 0.7968747499979991 0.3593749787476591
vt 0.7812499999999991 0.3593749787476591
vt 0.7812515387746197 0.3749999999999991
vt 0.78125 0.3749999999999991
vt 0.828125 0.3749999999999991
vt 0.828125 0.3593749999999991
vt 0.78125 0.3593749999999991
vt 0.828125 0.3593749999999991
vt 0.78125 0.3593749999999991
vt 0.78125 0.3749999999999991
vt 0.828125 0.3749999999999991
vt 0.78125 0.375
vt 0.828125 0.375
vt 0.828125 0.359375
vt 0.78125 0.359375
vt 0.78125 0.375
vt 0.828125 0.375
vt 0.828125 0.359375
vt 0.78125 0.359375
vt 0.8281249999999994 0.39062423061936946
vt 0.8437500213091675 0.39062500000000033
vt 0.8437500213091675 0.35937522871177485
vt 0.8281249999999994 0.35937445933114387
vt 0.8281255406688558 0.3124999786908317
vt 0.8281247712882249 0.3281249999999999
vt 0.7968749999999993 0.3281249999999999
vt 0.7968757693806302 0.3124999786908318
vt 0.828125 0.390625
vt 0.84375 0.390625
vt 0.84375 0.359375
vt 0.828125 0.359375
vt 0.828125 0.390625
vt 0.84375 0.390625
vt 0.84375 0.359375
vt 0.828125 0.359375
vt 0.7968766801511056 0.3593750000000002
vt 0.7968762103437479 0.3437502798533194
vt 0.7812500000000007 0.3437502798533194
vt 0.7812504698073585 0.3593750000000002
vt 0.7812500000000002 0.35937453019264165
vt 0.796874720146681 0.35937499999999933
vt 0.796874720146681 0.3437487896562522
vt 0.7812500000000002 0.3437483198488944
vt 0.828125 0.34374999999999933
vt 0.78125 0.34374999999999933
vt 0.78125 0.35937499999999933
vt 0.828125 0.35937499999999933
vt 0.78125 0.37499999999999933
vt 0.828125 0.37499999999999933
vt 0.828125 0.35937499999999933
vt 0.78125 0.35937499999999933
vt 0.78125 0.359375
vt 0.828125 0.359375
vt 0.828125 0.34375
vt 0.78125 0.34375
vt 0.78125 0.359375
vt 0.828125 0.359375
vt 0.828125 0.34375
vt 0.78125 0.34375
vt 0.8281244403074876 0.3125002798462557
vt 0.8281244403074876 0.3281249999999998
vt 0.7968749999999997 0.3281249999999998
vt 0.7968749999999996 0.3125002798462557
vt 0.8281249999999993 0.3906250000000002
vt 0.8437497201537433 0.3906250000000002
vt 0.8437497201537433 0.35937555969251234
vt 0.8281249999999993 0.35937555969251234
vt 0.828125 0.390625
vt 0.84375 0.390625
vt 0.84375 0.359375
vt 0.828125 0.359375
vt 0.828125 0.390625
vt 0.84375 0.390625
vt 0.84375 0.359375
vt 0.828125 0.359375
vt 0.796875 0.37500000000000067
vt 0.796875 0.4195078125000006
vt 0.921875 0.43750000000000067
vt 0.921875 0.37500000000000067
vt 0.9843749999999998 0.4195078125000006
vt 0.9843749999999998 0.37500000000000067
vt 0.8593749999999998 0.37500000000000067
vt 0.8593749999999998 0.43750000000000067
vt 0.7812500000000008 0.34374846122537983
vt 0.7968750212523408 0.34375000000000044
vt 0.7968750212523408 0.32812525000200043
vt 0.7812500000000008 0.3281237112273798
vt 0.7968762887726197 0.34375000000000044
vt 0.7968747499979991 0.32812497874766045
vt 0.7812499999999991 0.32812497874766045
vt 0.7812515387746197 0.34375000000000044
vt 0.78125 0.34375000000000033
vt 0.828125 0.34375000000000033
vt 0.828125 0.32812500000000033
vt 0.78125 0.32812500000000033
vt 0.828125 0.32812500000000033
vt 0.78125 0.32812500000000033
vt 0.78125 0.34375000000000033
vt 0.828125 0.34375000000000033
vt 0.78125 0.34375000000000067
vt 0.828125 0.34375000000000067
vt 0.828125 0.32812500000000067
vt 0.78125 0.32812500000000067
vt 0.78125 0.34375000000000067
vt 0.828125 0.34375000000000067
vt 0.828125 0.32812500000000067
vt 0.78125 0.32812500000000067
vt 0.8281250000000001 0.39062423061936946
vt 0.8437500213091682 0.39062500000000044
vt 0.8437500213091682 0.35937522871177485
vt 0.8281250000000001 0.35937445933114387
vt 0.84375 0.39062477125034145
vt 0.8281265385942789 0.39062477125034145
vt 0.828125 0.359375
vt 0.8437484614057211 0.359375
vt 0.828125 0.39062500000000067
vt 0.84375 0.39062500000000067
vt 0.84375 0.35937500000000067
vt 0.828125 0.35937500000000067
vt 0.828125 0.39062500000000067
vt 0.84375 0.39062500000000067
vt 0.84375 0.35937500000000067
vt 0.828125 0.35937500000000067
vt 0.203125 1
vt 0.203125 0.8740578125
vt 0 0.8740578125
vt 0 1
vt 1 0.24999999999999967
vt 1 0.20312499999999967
vt 0.90625 0.203125
vt 0.90625 0.2499999999999999
vt 0.875 0.203125
vt 0.765625 0.20312499999999967
vt 0.765625 0.24999999999999967
vt 0.875 0.2499999999999999
vt 0.765625 0.25000000000000067
vt 0.875 0.25
vt 0.875 0.1875
vt 0.765625 0.1875
vt 0.875 0.125
vt 0.875 0.0625
vt 0.765625 0.06250000000000067
vt 0.765625 0.125
vt 0.90625 0.25
vt 1 0.25000000000000067
vt 1 0.1875
vt 0.90625 0.1875
vt 1 0.06250000000000067
vt 0.90625 0.0625
vt 0.90625 0.125
vt 1 0.125
vt 0.65625 0.1875
vt 0.65625 0
vt 0.5 0
vt 0.5 0.1874999999999999
vt 0.5 0.5
vt 0.65625 0.5
vt 0.65625 0.28125
vt 0.5 0.2812499999999999
vt 0.84375 0.5
vt 1 0.5
vt 1 0.28125
vt 0.84375 0.28125
vt 1 0.1875
vt 1 0
vt 0.84375 0
vt 0.84375 0.1875
vt 0.65625 0.1875
vt 0.65625 0
vt 0.5 0
vt 0.5 0.1875
vt 0.5 0.5
vt 0.65625 0.5
vt 0.65625 0.28125
vt 0.5 0.28125
vt 0.84375 0.5
vt 1 0.5
vt 0.9999999999999998 0.2812500000000001
vt 0.84375 0.28125
vt 0.9999999999999998 0.1875000000000001
vt 1 0
vt 0.84375 0
vt 0.84375 0.1875
vt 1 0.5
vt 1 0.28125
vt 0.78125 0.28125
vt 0.78125 0.5
vt 0.75 0.28125
vt 0.5 0.28125
vt 0.5 0.5
vt 0.75 0.5
vt 1 0.1875
vt 1 0
vt 0.78125 0
vt 0.78125 0.1875
vt 0.75 0
vt 0.5 0
vt 0.5 0.1875
vt 0.75 0.1875
vt 0.71875 0
vt 0.5 0
vt 0.5 0.1875
vt 0.71875 0.1875
vt 1 0.1875
vt 1 0
vt 0.75 0
vt 0.75 0.1875
vt 0.5 0.28125
vt 0.5 0.5
vt 0.71875 0.5
vt 0.71875 0.28125
vt 0.75 0.5
vt 1 0.5
vt 1 0.28125
vt 0.75 0.28125
vt 0.5 0.34375
vt 0.5 0.5
vt 0.71875 0.5
vt 0.71875 0.34375
vt 0.75 0.5
vt 1 0.5
vt 1 0.34375
vt 0.75 0.34375
vt 1 0.15625
vt 1 0
vt 0.75 0
vt 0.75 0.15625
vt 0.71875 0
vt 0.5 0
vt 0.5 0.15625
vt 0.71875 0.15625
vt 0.40625 0.75
vt 0.625 0.75
vt 0.625 0.5
vt 0.40625 0.5
vt 0.625 0.75
vt 0.40625 0.75
vt 0.40625 0.5
vt 0.625 0.5
vt 0.375 0.71875
vt 0.3125 0.71875
vt 0.3125 0.5
vt 0.375 0.5
vt 0.375 0.5
vt 0.3125 0.5
vt 0.3125 0.71875
vt 0.375 0.71875
vt 0.40625 0.75
vt 0.46875 0.75
vt 0.46875 0.5
vt 0.40625 0.5
vt 0.3125 0.75
vt 0.375 0.75
vt 0.375 0.53125
vt 0.3125 0.53125
vt 0.03125 0.296875
vt 0 0.296875
vt 0 0.234375
vt 0.03125 0.234375
vt 0 0.296875
vt 0.03125 0.296875
vt 0.03125 0.234375
vt 0 0.234375
vt 0 0.296875
vt 0 0.28125
vt 0.03125 0.28125
vt 0.03125 0.296875
vt 0.03125 0.25
vt 0.03125 0.234375
vt 0 0.234375
vt 0 0.25
vt 0.015625 0.296875
vt 0.03125 0.296875
vt 0.03125 0.234375
vt 0.015625 0.234375
vt 0 0.296875
vt 0.015625 0.296875
vt 0.015625 0.234375
vt 0 0.234375
vt 0 0.28125
vt 0.03125 0.28125
vt 0.03125 0.265625
vt 0 0.265625
vt 0 0.28125
vt 0.03125 0.28125
vt 0.03125 0.265625
vt 0 0.265625
vt 0.03125 0.32343750000000004
vt 0.03125 0.28125
vt 0 0.28125
vt 0 0.32343750000000004
vt 0.03125 0.32343750000000004
vt 0.03125 0.28125
vt 0 0.28125
vt 0 0.32343750000000004
vt 0.015625 0.26093750000000004
vt 0.015625 0.21875
vt 0 0.21875
vt 0 0.26093750000000004
vt 0.015625 0.26093750000000004
vt 0.015625 0.21875
vt 0 0.21875
vt 0 0.26093750000000004
vt 0.03125 0.296875
vt 0 0.296875
vt 0 0.234375
vt 0.03125 0.234375
vt 0 0.296875
vt 0.03125 0.296875
vt 0.03125 0.234375
vt 0 0.234375
vt 0 0.296875
vt 0 0.28125
vt 0.03125 0.28125
vt 0.03125 0.296875
vt 0.03125 0.25
vt 0.03125 0.234375
vt 0 0.234375
vt 0 0.25
vt 0.015625 0.296875
vt 0.03125 0.296875
vt 0.03125 0.234375
vt 0.015625 0.234375
vt 0 0.296875
vt 0.015625 0.296875
vt 0.015625 0.234375
vt 0 0.234375
vt 0 0.28125
vt 0.03125 0.28125
vt 0.03125 0.265625
vt 0 0.265625
vt 0 0.28125
vt 0.03125 0.28125
vt 0.03125 0.265625
vt 0 0.265625
vt 0.03125 0.32343750000000004
vt 0.03125 0.28125
vt 0 0.28125
vt 0 0.32343750000000004
vt 0.03125 0.32343750000000004
vt 0.03125 0.28125
vt 0 0.28125
vt 0 0.32343750000000004
vt 0.015625 0.26093750000000004
vt 0.015625 0.21875
vt 0 0.21875
vt 0 0.26093750000000004
vt 0.015625 0.26093750000000004
vt 0.015625 0.21875
vt 0 0.21875
vt 0 0.26093750000000004
vn 0 0.8910065241883679 -0.45399049973954675
vn 0 0.45399049973954586 0.8910065241883683
vn 1 0 0
vn 0 -0.4539904997395431 -0.8910065241883698
vn 1 0 0
vn 0 0.8910065241883699 -0.45399049973954314
vn 0 -0.45399049973954453 -0.891006524188369
vn -1 0 0
vn 0 0.8910065241883677 -0.45399049973954736
vn 0 0.45399049973954453 0.8910065241883691
vn 0 -0.45399049973954453 -0.8910065241883691
vn 1 0 0
vn -1 0 0
vn 1 0 0
vn 0 0.8910065241883698 -0.4539904997395431
vn -1 -1.3440818820584669e-16 -2.6379092219870885e-16
vn 1 0 0
vn -1 0 0
vn 0 1 0
vn 0 0 1
vn 0 0.8944271909999161 -0.44721359549995804
vn 0 0 1
vn -1.3286806364403778e-15 -0.13052619222005024 -0.9914448613738106
vn 1.4832546992876617e-15 0.13052619222004025 0.9914448613738119
vn 1.0150610510858668e-15 0.9914448613738105 -0.13052619222005113
vn -1 0 0
vn 1 -3.5223197207792428e-15 4.637221885419244e-16
vn -6.955832828128648e-16 -0.1305261922200485 -0.9914448613738108
vn 1.3443021187367205e-15 0.1305261922200498 0.9914448613738108
vn 5.273559366969537e-15 0.9914448613738103 -0.130526192220054
vn -1 -3.5223197207792144e-15 4.637221885419242e-16
vn 1 1.1030681350879556e-14 2.1311531551534395e-15
vn -3.986041909321165e-15 -0.1305261922200625 -0.9914448613738092
vn -1.2974376718476904e-15 0.13052619222005024 0.9914448613738106
vn 3.05311331771919e-15 0.9914448613738105 -0.1305261922200513
vn -1 -3.522319720779224e-15 4.637221885419251e-16
vn 1 2.3186109427096457e-16 1.7611598603896032e-15
vn 1 0 0
vn -1 0 0
vn 0 1 0
vn 0 -1 0
vn 0 0 -1
vn 0 0 1
vn 1 0 0
vn -1 0 0
vn 0 0 -1
vn 0 0 1
vn 1 0 0
vn -1 0 0
vn 0 0.9848077530122078 -0.1736481776669328
vn 0 -0.98480775301221 0.17364817766692023
vn 0 -0.173648177666934 -0.9848077530122076
vn 0 0.17364817766692467 0.9848077530122092
vn 1 0 0
vn -1 0 0
vn 0 -0.1736481776669293 -0.9848077530122082
vn 0 0.17364817766693055 0.9848077530122081
vn 1 0 0
vn -1 0 0
vn 0 0.9537169507482276 0.3007057995042717
vn 0 -0.9537169507482276 -0.3007057995042717
vn 0 0.30070579950427384 -0.9537169507482267
vn 0 -0.30070579950427384 0.9537169507482267
vn 1 0 0
vn -1 0 0
vn 0 0.3007057995042707 -0.9537169507482278
vn 0 -0.3007057995042723 0.9537169507482274
vn 1 0 0
vn -1 0 0
vn 1 0 0
vn -1 0 0
vn 0 0.9848077530122078 -0.1736481776669328
vn 0 -0.98480775301221 0.17364817766692023
vn 0 -0.173648177666934 -0.9848077530122076
vn 0 0.17364817766692467 0.9848077530122092
vn 1 0 0
vn -1 0 0
vn 0 -0.1736481776669293 -0.9848077530122082
vn 0 0.17364817766693055 0.9848077530122081
vn 0 -1 0
vn 0 0 -1
vn 0 0 -1
vn 1.4355131050822972e-16 0.9899494936611666 -0.14142135623730967
vn -3.584195420874844e-16 0.9899494936611667 -0.14142135623730887
vn -1.6747652892626623e-16 0.9899494936611665 -0.14142135623730992
vn 4.1869132231566837e-16 0.9899494936611668 -0.14142135623730887
vn 0 0 -1
vn 0 0 -1
vn 0 0 -1
vn 0 0 -1
vn 0 0 1
vn 0 0 1
vn 0 0 1
vn 0 0 1
vn 1 0 0
vn 1 0 0
vn 1 0 0
vn 1 0 0
vn -1 0 0
vn -1 0 0
vn -1 0 0
vn -1 0 0
vn 0 -1 0
vn 0 -1 0
vn 0 -1 0
vn 0 -1 0
vn 0.9659258262890683 0.2588190451025208 0
vn -0.9659258262890683 -0.2588190451025208 0
vn -0.2588190451025217 0.9659258262890681 0
vn 0.2588190451025217 -0.9659258262890681 0
vn 0 0 -1
vn 0 0 1
vn 0.9659258262890683 0.2588190451025207 0
vn -0.9659258262890683 -0.2588190451025207 0
vn -0.25881904510251963 0.9659258262890686 0
vn 0.25881904510251963 -0.9659258262890686 0
vn 0 0 -1
vn 0 0 1
vn 1 0 0
vn -1 0 0
vn 0 1 0
vn 0 -1 0
vn 0 0 -1
vn 0 0 1
vn 0.9659258262890683 0.2588190451025207 0
vn -0.9659258262890683 -0.2588190451025207 0
vn -0.25881904510251963 0.9659258262890686 0
vn 0.25881904510251963 -0.9659258262890686 0
vn 0 0 -1
vn 0 0 1
vn 1 0 0
vn -1 0 0
vn 0 1 0
vn 0 -1 0
vn 0 0 -1
vn 0 0 1
usemtl common_thingies
f 741/1893/475 738/1894/475 737/1895/475 740/1896/475
f 740/1897/476 737/1898/476 739/1899/476 742/1900/476
f 741/1901/477 740/1902/477 742/1903/477 743/1904/477
f 744/1905/478 746/1906/478 747/1907/478 745/1908/478
f 752/1909/479 751/1910/479 753/1911/479 754/1912/479
f 752/1913/480 749/1914/480 748/1915/480 751/1916/480
f 749/1917/481 752/1918/481 754/1919/481 750/1920/481
f 755/1921/482 756/1922/482 758/1923/482 757/1924/482
f 760/1925/483 756/1926/483 755/1927/483 759/1928/483
f 759/1929/484 755/1930/484 757/1931/484 761/1932/484
f 756/1933/485 760/1934/485 762/1935/485 758/1936/485
f 762/1937/486 760/1938/486 759/1939/486 761/1940/486
f 763/1941/487 764/1942/487 766/1943/487 765/1944/487
f 768/1945/488 767/1946/488 769/1947/488 770/1948/488
f 768/1949/489 764/1950/489 763/1951/489 767/1952/489
f 739/1953/490 737/1954/490 749/1955/490 750/1956/490
usemtl typewriter_red
f 774/1957/491 772/1958/491 771/1959/491 773/1960/491
f 777/1961/492 775/1962/492 776/1963/492 778/1964/492
f 771/1965/493 772/1966/493 776/1967/493 775/1968/493
f 773/1969/494 771/1970/494 775/1971/494 777/1972/494
f 778/1973/495 776/1974/495 772/1975/495 774/1976/495
usemtl common_thingies
f 851/1977/496 852/1978/496 854/1979/496 853/1980/496
f 837/1981/497 835/1982/497 839/1983/497 840/1984/497
f 836/1985/498 838/1986/498 841/1987/498 842/1988/498
f 836/1989/499 835/1990/499 837/1991/499 838/1992/499
f 838/1993/500 837/1994/500 840/1995/500 841/1996/500
f 835/1997/501 836/1998/501 842/1999/501 839/2000/501
f 829/2001/502 827/2002/502 831/2003/502 832/2004/502
f 828/2005/503 830/2006/503 833/2007/503 834/2008/503
f 828/2009/504 827/2010/504 829/2011/504 830/2012/504
f 830/2013/505 829/2014/505 832/2015/505 833/2016/505
f 827/2017/506 828/2018/506 834/2019/506 831/2020/506
f 845/2021/507 843/2022/507 847/2023/507 848/2024/507
f 844/2025/508 846/2026/508 849/2027/508 850/2028/508
f 844/2029/509 843/2030/509 845/2031/509 846/2032/509
f 846/2033/510 845/2034/510 848/2035/510 849/2036/510
f 843/2037/511 844/2038/511 850/2039/511 847/2040/511
f 811/2041/512 815/2042/512 816/2043/512 813/2044/512
f 817/2045/513 812/2046/513 814/2047/513 818/2048/513
f 817/2049/514 815/2050/514 811/2051/514 812/2052/514
f 814/2053/515 813/2054/515 816/2055/515 818/2056/515
f 812/2057/516 811/2058/516 813/2059/516 814/2060/516
f 815/2061/517 817/2062/517 818/2063/517 816/2064/517
f 819/2065/518 823/2066/518 824/2067/518 821/2068/518
f 825/2069/519 820/2070/519 822/2071/519 826/2072/519
f 820/2073/520 819/2074/520 821/2075/520 822/2076/520
f 823/2077/521 825/2078/521 826/2079/521 824/2080/521
f 795/2081/522 799/2082/522 800/2083/522 797/2084/522
f 801/2085/523 796/2086/523 798/2087/523 802/2088/523
f 801/2089/524 799/2090/524 795/2091/524 796/2092/524
f 798/2093/525 797/2094/525 800/2095/525 802/2096/525
f 796/2097/526 795/2098/526 797/2099/526 798/2100/526
f 799/2101/527 801/2102/527 802/2103/527 800/2104/527
f 803/2105/528 807/2106/528 808/2107/528 805/2108/528
f 809/2109/529 804/2110/529 806/2111/529 810/2112/529
f 804/2113/530 803/2114/530 805/2115/530 806/2116/530
f 807/2117/531 809/2118/531 810/2119/531 808/2120/531
f 779/2121/532 783/2122/532 784/2123/532 781/2124/532
f 785/2125/533 780/2126/533 782/2127/533 786/2128/533
f 785/2129/534 783/2130/534 779/2131/534 780/2132/534
f 782/2133/535 781/2134/535 784/2135/535 786/2136/535
f 780/2137/536 779/2138/536 781/2139/536 782/2140/536
f 783/2141/537 785/2142/537 786/2143/537 784/2144/537
f 787/2145/538 791/2146/538 792/2147/538 789/2148/538
f 793/2149/539 788/2150/539 790/2151/539 794/2152/539
f 788/2153/540 787/2154/540 789/2155/540 790/2156/540
f 791/2157/541 793/2158/541 794/2159/541 792/2160/541
usemtl common_table
f 856/2161/542 855/2162/542 851/2163/542 853/2164/542
f 857/2165/543 858/2166/543 854/2167/543 852/2168/543
usemtl common_thingies
f 867/2169/544 871/2170/544 872/2171/544 869/2172/544
f 873/2173/545 868/2174/545 870/2175/545 874/2176/545
f 873/2177/546 871/2178/546 867/2179/546 868/2180/546
f 870/2181/547 869/2182/547 872/2183/547 874/2184/547
f 868/2185/548 867/2186/548 869/2187/548 870/2188/548
f 871/2189/549 873/2190/549 874/2191/549 872/2192/549
f 859/2193/550 863/2194/550 864/2195/550 861/2196/550
f 865/2197/551 860/2198/551 862/2199/551 866/2200/551
f 860/2201/552 859/2202/552 861/2203/552 862/2204/552
f 863/2205/553 865/2206/553 866/2207/553 864/2208/553
f 856/2209/554 853/2210/554 854/2211/554 858/2212/554
usemtl common_table
f 855/2213/555 856/2214/555 877/2215/555 878/2216/555
f 877/2217/556 858/2218/556 857/2219/556 878/2220/556
f 852/2221/557 875/2222/557 879/2223/557 880/2224/557
f 879/2225/558 876/2226/558 857/2227/558 880/2228/558
f 875/2229/559 851/2230/559 882/2231/559 881/2232/559
f 855/2233/560 876/2234/560 881/2235/560 882/2236/560
usemtl typewriter_red
f 895/2237/561 891/2238/561 889/2239/561 896/2240/561
f 887/2241/562 894/2242/562 895/2243/562 896/2244/562
f 894/2245/563 883/2246/563 897/2247/563 898/2248/563
f 897/2249/564 885/2250/564 891/2251/564 898/2252/564
f 903/2253/565 892/2254/565 886/2255/565 904/2256/565
f 884/2257/566 893/2258/566 903/2259/566 904/2260/566
f 893/2261/567 888/2262/567 905/2263/567 906/2264/567
f 905/2265/568 890/2266/568 892/2267/568 906/2268/568
f 884/2269/569 899/2270/569 907/2271/569 908/2272/569
f 907/2273/570 900/2274/570 883/2275/570 908/2276/570
f 899/2277/571 886/2278/571 909/2279/571 910/2280/571
f 909/2281/572 885/2282/572 900/2283/572 910/2284/572
f 911/2285/573 890/2286/573 901/2287/573 912/2288/573
f 902/2289/574 889/2290/574 911/2291/574 912/2292/574
f 901/2293/575 888/2294/575 913/2295/575 914/2296/575
f 913/2297/576 887/2298/576 902/2299/576 914/2300/576
f 892/2301/577 890/2302/577 915/2303/577 916/2304/577
f 915/2305/578 889/2306/578 891/2307/578 916/2308/578
f 891/2309/579 885/2310/579 917/2311/579 918/2312/579
f 917/2313/580 886/2314/580 892/2315/580 918/2316/580
usemtl data_input_machine
f 919/2317/581 920/2318/581 922/2319/581 921/2320/581
f 924/2321/582 923/2322/582 925/2323/582 926/2324/582
f 924/2325/583 920/2326/583 919/2327/583 923/2328/583
f 925/2329/584 921/2330/584 922/2331/584 926/2332/584
f 923/2333/585 919/2334/585 921/2335/585 925/2336/585
f 920/2337/586 924/2338/586 926/2339/586 922/2340/586
usemtl common_thingies
f 927/2341/587 928/2342/587 930/2343/587 929/2344/587
f 932/2345/588 931/2346/588 933/2347/588 934/2348/588
f 932/2349/589 928/2350/589 927/2351/589 931/2352/589
f 933/2353/590 929/2354/590 930/2355/590 934/2356/590
f 931/2357/591 927/2358/591 929/2359/591 933/2360/591
f 928/2361/592 932/2362/592 934/2363/592 930/2364/592
f 935/2365/593 936/2366/593 938/2367/593 937/2368/593
f 940/2369/594 939/2370/594 941/2371/594 942/2372/594
f 940/2373/595 936/2374/595 935/2375/595 939/2376/595
f 941/2377/596 937/2378/596 938/2379/596 942/2380/596
f 939/2381/597 935/2382/597 937/2383/597 941/2384/597
f 936/2385/598 940/2386/598 942/2387/598 938/2388/598
f 943/2389/599 944/2390/599 946/2391/599 945/2392/599
f 948/2393/600 947/2394/600 949/2395/600 950/2396/600
f 948/2397/601 944/2398/601 943/2399/601 947/2400/601
f 949/2401/602 945/2402/602 946/2403/602 950/2404/602
f 947/2405/603 943/2406/603 945/2407/603 949/2408/603
f 944/2409/604 948/2410/604 950/2411/604 946/2412/604
f 951/2413/605 952/2414/605 954/2415/605 953/2416/605
f 956/2417/606 955/2418/606 957/2419/606 958/2420/606
f 956/2421/607 952/2422/607 951/2423/607 955/2424/607
f 957/2425/608 953/2426/608 954/2427/608 958/2428/608
f 955/2429/609 951/2430/609 953/2431/609 957/2432/609
f 952/2433/610 956/2434/610 958/2435/610 954/2436/610
o drawer
v 0.1875 0.75 -1.4375
v 0.1875 0.75 -1.5
v 0.1875 0.625 -1.4375
v 0.1875 0.625 -1.5
v 0.0625 0.75 -1.4375
v 0.0625 0.75 -1.5
v 0.0625 0.625 -1.4375
v 0.0625 0.625 -1.5
v 0.5 0.8125 -1.375
v 0.5 0.8125 -1.4375
v 0.5 0.5625 -1.375
v 0.5 0.5625 -1.4375
v -0.25 0.8125 -1.375
v -0.25 0.8125 -1.4375
v -0.25 0.5625 -1.375
v -0.25 0.5625 -1.4375
v 0.46875 0.65625 -0.875
v 0.46875 0.65625 -1.375
v 0.46875 0.59375 -0.875
v 0.46875 0.59375 -1.375
v -0.21875 0.65625 -0.875
v -0.21875 0.65625 -1.375
v -0.21875 0.59375 -0.875
v -0.21875 0.59375 -1.375
v -0.15625 0.78125 -0.875
v -0.15625 0.78125 -1.375
v -0.15625 0.65625 -0.875
v -0.15625 0.65625 -1.375
v -0.21875 0.78125 -0.875
v -0.21875 0.78125 -1.375
v -0.21875 0.65625 -0.875
v -0.21875 0.65625 -1.375
v 0.46875 0.78125 -0.875
v 0.46875 0.78125 -1.375
v 0.46875 0.65625 -0.875
v 0.46875 0.65625 -1.375
v 0.40625 0.78125 -0.875
v 0.40625 0.78125 -1.375
v 0.40625 0.65625 -0.875
v 0.40625 0.65625 -1.375
vt 0.984375 0.28125
vt 0.984375 0.3125
vt 1 0.3125
vt 1 0.28125
vt 0.96875 0.28125
vt 0.96875 0.3125
vt 0.984375 0.3125
vt 0.984375 0.28125
vt 1 0.3125
vt 1 0.296875
vt 0.96875 0.296875
vt 0.96875 0.3125
vt 1 0.28125
vt 1 0.296875
vt 0.96875 0.296875
vt 0.96875 0.28125
vt 0.96875 0.28125
vt 0.96875 0.3125
vt 1 0.3125
vt 1 0.28125
vt 0.8125 0.390625
vt 0.8125 0.453125
vt 0.796875 0.453125
vt 0.796875 0.390625
vt 0.984375 0.390625
vt 0.984375 0.453125
vt 0.96875 0.453125
vt 0.96875 0.390625
vt 0.78125 0.25
vt 0.765625 0.25
vt 0.765625 0.0625
vt 0.78125 0.0625
vt 1 0.25
vt 0.984375 0.25
vt 0.984375 0.0625
vt 1 0.0625
vt 0.984375 0.390625
vt 0.984375 0.453125
vt 0.796875 0.453125
vt 0.796875 0.390625
vt 0.984375 0.390625
vt 0.984375 0.453125
vt 0.796875 0.453125
vt 0.796875 0.390625
vt 0.96875 0.25
vt 0.953125 0.25
vt 0.953125 0.125
vt 0.96875 0.125
vt 0.8125 0.125
vt 0.796875 0.125
vt 0.796875 0.25
vt 0.8125 0.25
vt 0.96875 0.25
vt 0.96875 0.375
vt 0.796875 0.375
vt 0.796875 0.25
vt 0.96875 0.25
vt 0.96875 0.125
vt 0.796875 0.125
vt 0.796875 0.25
vt 0.9375 0.078125
vt 0.9375 0.09375
vt 0.765625 0.09375
vt 0.765625 0.078125
vt 0.828125 0.375
vt 0.796875 0.375
vt 0.796875 0.25
vt 0.828125 0.25
vt 0.828125 0.375
vt 0.796875 0.375
vt 0.796875 0.25
vt 0.828125 0.25
vt 0.796875 0.375
vt 0.796875 0.25
vt 0.8125 0.25
vt 0.8125 0.375
vt 0.9375 0.375
vt 0.96875 0.375
vt 0.96875 0.25
vt 0.9375 0.25
vt 0.9375 0.375
vt 0.96875 0.375
vt 0.96875 0.25
vt 0.9375 0.25
vt 0.953125 0.375
vt 0.953125 0.25
vt 0.9375 0.25
vt 0.9375 0.375
vt 0.953125 0.390625
vt 0.953125 0.359375
vt 0.8125 0.359375
vt 0.8125 0.390625
vn 1 0 0
vn -1 0 0
vn 0 1 0
vn 0 -1 0
vn 0 0 -1
vn 1 0 0
vn -1 0 0
vn 0 1 0
vn 0 -1 0
vn 0 0 1
vn 0 0 -1
vn 1 0 0
vn -1 0 0
vn 0 1 0
vn 0 -1 0
vn 0 0 -1
vn 1 0 0
vn -1 0 0
vn 0 1 0
vn 1 0 0
vn -1 0 0
vn 0 1 0
vn 0 0 -1
usemtl common_table
f 962/2437/611 960/2438/611 959/2439/611 961/2440/611
f 965/2441/612 963/2442/612 964/2443/612 966/2444/612
f 959/2445/613 960/2446/613 964/2447/613 963/2448/613
f 962/2449/614 961/2450/614 965/2451/614 966/2452/614
f 966/2453/615 964/2454/615 960/2455/615 962/2456/615
f 970/2457/616 968/2458/616 967/2459/616 969/2460/616
f 973/2461/617 971/2462/617 972/2463/617 974/2464/617
f 967/2465/618 968/2466/618 972/2467/618 971/2468/618
f 970/2469/619 969/2470/619 973/2471/619 974/2472/619
f 969/2473/620 967/2474/620 971/2475/620 973/2476/620
f 974/2477/621 972/2478/621 968/2479/621 970/2480/621
f 978/2481/622 976/2482/622 975/2483/622 977/2484/622
f 981/2485/623 979/2486/623 980/2487/623 982/2488/623
f 975/2489/624 976/2490/624 980/2491/624 979/2492/624
f 978/2493/625 977/2494/625 981/2495/625 982/2496/625
f 982/2497/626 980/2498/626 976/2499/626 978/2500/626
f 986/2501/627 984/2502/627 983/2503/627 985/2504/627
f 989/2505/628 987/2506/628 988/2507/628 990/2508/628
f 983/2509/629 984/2510/629 988/2511/629 987/2512/629
f 994/2513/630 992/2514/630 991/2515/630 993/2516/630
f 997/2517/631 995/2518/631 996/2519/631 998/2520/631
f 991/2521/632 992/2522/632 996/2523/632 995/2524/632
f 995/2525/633 997/2526/633 985/2527/633 983/2528/633
o door
v 0.4999999998998405 3 -0.5625
v 1.4999999998998406 3 -0.5625000032051033
v 0.4999999998998405 2 -0.5625
v 1.4999999998998406 2 -0.5625000032051033
v 0.5000000001001594 3 -0.5
v 1.5000000001001594 3 -0.5000000032051033
v 0.5000000001001594 2 -0.5
v 1.5000000001001594 2 -0.5000000032051033
vt 0.5 0.25
vt 0.75 0.25
vt 0.75 0
vt 0.5 0
vt 0.5 0.25
vt 0.75 0.25
vt 0.75 0
vt 0.5 0
vt 0.5 0.234375
vt 0.5 0.25
vt 0.75 0.25
vt 0.75 0.234375
vt 0.5 0
vt 0.5 0.015625
vt 0.75 0.015625
vt 0.75 0
vt 0.5 0.25
vt 0.515625 0.25
vt 0.515625 0
vt 0.5 0
vt 0.734375 0.25
vt 0.75 0.25
vt 0.75 0
vt 0.734375 0
vn -3.2051032938795743e-9 0 -1
vn 3.2051032938795743e-9 0 1
vn 0 1 0
vn 0 -1 0
vn -1 0 3.2051032938795743e-9
vn 1 0 -3.2051032938795743e-9
usemtl common_steel
f 999/2529/634 1000/2530/634 1002/2531/634 1001/2532/634
f 1004/2533/635 1003/2534/635 1005/2535/635 1006/2536/635
f 1004/2537/636 1000/2538/636 999/2539/636 1003/2540/636
f 1005/2541/637 1001/2542/637 1002/2543/637 1006/2544/637
f 1003/2545/638 999/2546/638 1001/2547/638 1005/2548/638
f 1000/2549/639 1004/2550/639 1006/2551/639 1002/2552/639