# Made by Pabilo8 with Blockbench
# Exported with IIToolkit Plugin
mtllib chemical_painter.mtl


o main
v -0.625 0.9375 2.9375
v -1.75 1.0625 2.25
v -1.75 1.0625 2.125
v -1.75 1 2.25
v -1.75 1 2.125
v -1.875 1.0625 2.25
v -1.875 1.0625 2.125
v -1.875 1 2.25
v -1.875 1 2.125
v -1.75 1.0625 2.875
v -1.75 1.0625 2.75
v -1.75 1 2.875
v -1.75 1 2.75
v -1.875 1.0625 2.875
v -1.875 1.0625 2.75
v -1.875 1 2.875
v -1.875 1 2.75
v -1.125 1.0625 2.25
v -1.125 1.0625 2.125
v -1.125 1 2.25
v -1.125 1 2.125
v -1.25 1.0625 2.25
v -1.25 1.0625 2.125
v -1.25 1 2.25
v -1.25 1 2.125
v -1.125 1.0625 2.875
v -1.125 1.0625 2.75
v -1.125 1 2.875
v -1.125 1 2.75
v -1.25 1.0625 2.875
v -1.25 1.0625 2.75
v -1.25 1 2.875
v -1.25 1 2.75
v -1.0625 2.625 2.9375
v -1.0625 2.625 2.0625
v -1.0625 1.0625 2.9375
v -1.0625 1.0625 2.0625
v -1.9375 2.625 2.9375
v -1.9375 2.625 2.0625
v -1.9375 1.0625 2.9375
v -1.9375 1.0625 2.0625
v -0.75 1.0625 2.25
v -0.75 1.0625 2.125
v -0.75 1 2.25
v -0.75 1 2.125
v -0.875 1.0625 2.25
v -0.875 1.0625 2.125
v -0.875 1 2.25
v -0.875 1 2.125
v -0.75 1.0625 2.875
v -0.75 1.0625 2.75
v -0.75 1 2.875
v -0.75 1 2.75
v -0.875 1.0625 2.875
v -0.875 1.0625 2.75
v -0.875 1 2.875
v -0.875 1 2.75
v -0.125 1.0625 2.25
v -0.125 1.0625 2.125
v -0.125 1 2.25
v -0.125 1 2.125
v -0.25 1.0625 2.25
v -0.25 1.0625 2.125
v -0.25 1 2.25
v -0.25 1 2.125
v -0.125 1.0625 2.875
v -0.125 1.0625 2.75
v -0.125 1 2.875
v -0.125 1 2.75
v -0.25 1.0625 2.875
v -0.25 1.0625 2.75
v -0.25 1 2.875
v -0.25 1 2.75
v -0.0625 2.625 2.9375
v -0.0625 2.625 2.0625
v -0.0625 1.0625 2.9375
v -0.0625 1.0625 2.0625
v -0.9375 2.625 2.9375
v -0.9375 2.625 2.0625
v -0.9375 1.0625 2.9375
v -0.9375 1.0625 2.0625
v 1.25 1.0625 2.25
v 1.25 1.0625 2.125
v 1.25 1 2.25
v 1.25 1 2.125
v 1.125 1.0625 2.25
v 1.125 1.0625 2.125
v 1.125 1 2.25
v 1.125 1 2.125
v 1.25 1.0625 2.875
v 1.25 1.0625 2.75
v 1.25 1 2.875
v 1.25 1 2.75
v 1.125 1.0625 2.875
v 1.125 1.0625 2.75
v 1.125 1 2.875
v 1.125 1 2.75
v 1.875 1.0625 2.25
v 1.875 1.0625 2.125
v 1.875 1 2.25
v 1.875 1 2.125
v 1.75 1.0625 2.25
v 1.75 1.0625 2.125
v 1.75 1 2.25
v 1.75 1 2.125
v 1.875 1.0625 2.875
v 1.875 1.0625 2.75
v 1.875 1 2.875
v 1.875 1 2.75
v 1.75 1.0625 2.875
v 1.75 1.0625 2.75
v 1.75 1 2.875
v 1.75 1 2.75
v 1.9375 2.625 2.9375
v 1.9375 2.625 2.0625
v 1.9375 1.0625 2.9375
v 1.9375 1.0625 2.0625
v 1.0625 2.625 2.9375
v 1.0625 2.625 2.0625
v 1.0625 1.0625 2.9375
v 1.0625 1.0625 2.0625
v 2.25 1.0625 2.25
v 2.25 1.0625 2.125
v 2.25 1 2.25
v 2.25 1 2.125
v 2.125 1.0625 2.25
v 2.125 1.0625 2.125
v 2.125 1 2.25
v 2.125 1 2.125
v 2.25 1.0625 2.875
v 2.25 1.0625 2.75
v 2.25 1 2.875
v 2.25 1 2.75
v 2.125 1.0625 2.875
v 2.125 1.0625 2.75
v 2.125 1 2.875
v 2.125 1 2.75
v 2.875 1.0625 2.25
v 2.875 1.0625 2.125
v 2.875 1 2.25
v 2.875 1 2.125
v 2.75 1.0625 2.25
v 2.75 1.0625 2.125
v 2.75 1 2.25
v 2.75 1 2.125
v 2.875 1.0625 2.875
v 2.875 1.0625 2.75
v 2.875 1 2.875
v 2.875 1 2.75
v 2.75 1.0625 2.875
v 2.75 1.0625 2.75
v 2.75 1 2.875
v 2.75 1 2.75
v 2.9375 2.625 2.9375
v 2.9375 2.625 2.0625
v 2.9375 1.0625 2.9375
v 2.9375 1.0625 2.0625
v 2.0625 2.625 2.9375
v 2.0625 2.625 2.0625
v 2.0625 1.0625 2.9375
v 2.0625 1.0625 2.0625
v 1.5 2.875 2.3125
v 1.5 2.875 2.0625
v 1.5 2.625 2.3125
v 1.5 2.625 2.0625
v 1 2.875 2.3125
v 1 2.875 2.0625
v 1 2.625 2.3125
v 1 2.625 2.0625
v 0.75 2.875 2.125
v 0.75 2.625 2.125
v 0.75 2.875 2.3125
v 0.75 2.625 2.3125
v 1 2.875 2.375
v 1 2.625 2.375
v 0.75 2.875 2.375
v 0.75 2.625 2.375
v 0.9375 2.875 2.625
v 0.9375 2.625 2.625
v 0.75 2.875 2.625
v 0.75 2.625 2.625
v 1.75 2.875 2.25
v 1.75 2.625 2.25
v 1.75 2.875 2.0625
v 1.75 2.625 2.0625
v 0.75 3 2.75
v 0.75 3 2.25
v 0.75 2.5 2.75
v 0.75 2.5 2.25
v 0.25 3 2.75
v 0.25 3 2.25
v 0.25 2.5 2.75
v 0.25 2.5 2.25
v 0.875 2.375 2.4375
v 1 2.375 2.4375
v 0.875 1.625 2.4375
v 1 1.625 2.4375
v 0.875 2.375 2.0625
v 1 2.375 2.0625
v 0.875 1.625 2.0625
v 1 1.625 2.0625
v 1 2.5 2.0625
v 0 2.375 2.0625
v 0 2.5 2.0625
v 1 2.5 2.4375
v 0 2.375 2.4375
v 0 2.5 2.4375
v 0.125 2.375 2.4375
v 0 1.625 2.4375
v 0.125 1.625 2.4375
v 0.125 2.375 2.0625
v 0 1.625 2.0625
v 0.125 1.625 2.0625
v 1 1.5 2.0625
v 0 1.5 2.0625
v 1 1.5 2.4375
v 0 1.5 2.4375
v 0.875 2.375 2.375
v 0.875 1.625 2.375
v 0.125 2.375 2.375
v 0.125 1.625 2.375
v 0.125 1.625 2.75
v 1 2.6875 2
v 1 2.6875 1.5
v 1 2.375 2
v 1 2.375 1.5
v 0 2.6875 2
v 0 2.6875 1.5
v 0 2.375 2
v 0 2.375 1.5
v 1 1.9375 1.8125
v 1 0.9375 1.8125
v 0 1.9375 1.8125
v 0 0.9375 1.8125
v 0 1.4375 1.8125
v 1 1.4375 1.8125
v 0 1.8125 1.8125
v 0.125 1.8125 1.8125
v 0 1.0625 1.8125
v 0.125 1.0625 1.8125
v 0 1.8125 1.4375
v 0.125 1.8125 1.4375
v 0 1.0625 1.4375
v 0.125 1.0625 1.4375
v 1 1.8125 1.4375
v 1 1.9375 1.4375
v 0 1.9375 1.4375
v 1 1.8125 1.8125
v 1 0.9375 1.4375
v 1 1.0625 1.4375
v 0 0.9375 1.4375
v 1 1.0625 1.8125
v 0.875 1.8125 1.8125
v 0.875 1.0625 1.8125
v 0.875 1.8125 1.4375
v 0.875 1.0625 1.4375
v 1 2.0625 1.375
v 1 1.9375 1.375
v 1 2.0625 2
v 1 1.9375 2
v 0 2.0625 1.375
v 0 1.9375 1.375
v 0 2.0625 2
v 0 1.9375 2
v 1 2.0625 1.5
v 0 2.0625 1.5
v 0 1.9375 2.0625
v 0 0.9375 2.0625
v 0 1.4375 2.0625
v 1 1.9375 2.0625
v 1 0.9375 2.0625
v 1 1.4375 2.0625
v 0.625 2.5625 1.4375
v 0.625 2.5625 1.375
v 0.625 2.3125 1.4375
v 0.625 2.3125 1.375
v 0.375 2.5625 1.4375
v 0.375 2.5625 1.375
v 0.375 2.3125 1.4375
v 0.375 2.3125 1.375
v 0.6875 2.625 1.5
v 0.6875 2.625 1.4375
v 0.6875 2.25 1.5
v 0.6875 2.25 1.4375
v 0.3125 2.625 1.5
v 0.3125 2.625 1.4375
v 0.3125 2.25 1.5
v 0.3125 2.25 1.4375
v -0.0625 2 1.9375
v -0.0625 2 1.5625
v -0.0625 1.9375 1.9375
v -0.0625 1.9375 1.5625
v -0.4375 2 1.9375
v -0.4375 2 1.5625
v -0.4375 1.9375 1.9375
v -0.4375 1.9375 1.5625
v 0 1.9375 1.5
v 0 0.9375 1.5
v -0.5 1.9375 2
v -0.5 1.9375 1.5
v -0.5 0.9375 2
v -0.5 0.9375 1.5
v -0.375 2.5 1.875
v -0.375 2.5 1.625
v -0.375 2.125 1.875
v -0.375 2.125 1.625
v -0.125 2.5 1.875
v -0.125 2.5 1.625
v -0.125 2.125 1.875
v -0.125 2.125 1.625
v -0.375 1.75 1.875
v -0.375 1.75 1.625
v -0.125 1.75 1.875
v -0.125 1.75 1.625
v -0.375 2.6875 1.875
v -0.375 2.6875 1.625
v -0.125 2.75 1.875
v -0.125 2.75 1.625
v -0.0625 2.75 1.875
v -0.0625 2.5 1.875
v -0.0625 2.75 1.625
v -0.0625 2.5 1.625
v 0 2.8125 1.9375
v -0.0625 2.8125 1.9375
v 0 2.4375 1.9375
v -0.0625 2.4375 1.9375
v 0 2.8125 1.5625
v -0.0625 2.8125 1.5625
v 0 2.4375 1.5625
v -0.0625 2.4375 1.5625
v 1.375 2.5 1.875
v 1.375 2.5 1.625
v 1.375 2.125 1.875
v 1.375 2.125 1.625
v 1.125 2.5 1.875
v 1.125 2.5 1.625
v 1.125 2.125 1.875
v 1.125 2.125 1.625
v 1.375 1.75 1.875
v 1.375 1.75 1.625
v 1.125 1.75 1.875
v 1.125 1.75 1.625
v 1.375 2.6875 1.875
v 1.375 2.6875 1.625
v 1.125 2.75 1.875
v 1.125 2.75 1.625
v 1.0625 2.75 1.875
v 1.0625 2.5 1.875
v 1.0625 2.75 1.625
v 1.0625 2.5 1.625
v 1 2.8125 1.9375
v 1.0625 2.8125 1.9375
v 1 2.4375 1.9375
v 1.0625 2.4375 1.9375
v 1 2.8125 1.5625
v 1.0625 2.8125 1.5625
v 1 2.4375 1.5625
v 1.0625 2.4375 1.5625
v 1.375 1.375 1.875
v 1.375 1.375 1.625
v 1.125 1.375 1.875
v 1.125 1.375 1.625
v 1.375 1 1.875
v 1.375 1 1.625
v 1.125 1 1.875
v 1.125 1 1.625
v 1.375 0.9375 1.875
v 1.125 0.9375 1.875
v 1.375 0.9375 1.625
v 1.125 0.9375 1.625
v 1.4375 2.1875 1.9375
v 1.4375 2.1875 1.5625
v 1.4375 2.0625 1.9375
v 1.4375 2.0625 1.5625
v 1.0625 2.1875 1.9375
v 1.0625 2.1875 1.5625
v 1.0625 2.0625 1.9375
v 1.0625 2.0625 1.5625
v 1.4375 1.4375 1.9375
v 1.4375 1.4375 1.5625
v 1.4375 1.3125 1.9375
v 1.4375 1.3125 1.5625
v 1.0625 1.4375 1.9375
v 1.0625 1.4375 1.5625
v 1.0625 1.3125 1.9375
v 1.0625 1.3125 1.5625
v 1 2.6875 1.375
v 1 2.8125 1.375
v 0 2.6875 1.375
v 0 2.8125 1.375
v 1 2.6875 1.75
v 1 2.8125 1.75
v 0 2.6875 1.75
v 0 2.8125 1.75
v 0.5 2.6875 1.375
v 0.5 2.6875 1.75
v 0.5 2.8125 1.375
v 1 2.9375 1.375
v 0 2.9375 1.375
v 1 2.9375 1.75
v 0 2.9375 1.75
v 2 3 2.0625
v 2 3 2
v 2 1 2.0625
v 2 1 2
v -1 3 2.0625
v -1 3 2
v -1 1 2.0625
v -1 1 2
v 2 2.9375 0
v 2 2.875 0
v 2 2.9375 2
v 2 2.875 2
v -1 2.9375 0
v -1 2.875 0
v -1 2.9375 2
v -1 2.875 2
v 2 3 0
v -1 3 0
v 1.875 1.875 -0.75
v 1.875 1.875 -0.875
v 1.875 1.75 -0.75
v 1.875 1.75 -0.875
v -0.875 1.875 -0.75
v -0.875 1.875 -0.875
v -0.875 1.75 -0.75
v -0.875 1.75 -0.875
v 0.5 1.875 -0.875
v 0.5 1.75 -0.875
v 0.5 1.75 -0.75
v 0.5 1.875 -0.75
v 2 1.875 -0.75
v 2 1.875 -0.875
v 1.875 2.875 0
v 1.875 3 0
v 2 2.7078125 -0.125
v 2 0.8937499999999998 0
v 2 0.8937499999999998 -0.125
v 1.875 2.7078125 -0.125
v 1.875 0.8937499999999998 0
v 1.875 0.8937499999999998 -0.125
v 2 0.875 -0.75
v 2 0.875 -0.875
v 1.875 0.875 -0.75
v 1.875 0.875 -0.875
v 2 1.09375 -0.75
v 2 0.96875 -0.75
v 2 1.09375 -0.125
v 2 0.96875 -0.125
v 1.875 1.09375 -0.75
v 1.875 0.96875 -0.75
v 1.875 1.09375 -0.125
v 1.875 0.96875 -0.125
v 2 1.875 1.125
v 2 1.875 1
v 2 0.875 1.125
v 2 0.875 1
v 1.875 1.875 1.125
v 1.875 1.875 1
v 1.875 0.875 1.125
v 1.875 0.875 1
v 2 1.09375 1.125
v 2 0.96875 1.125
v 2 1.09375 1.875
v 2 0.96875 1.875
v 1.875 1.09375 1.125
v 1.875 0.96875 1.125
v 1.875 1.09375 1.875
v 1.875 0.96875 1.875
v 1.875 2.875 2
v 1.875 1.875 2
v 2 1.875 2
v 1.875 2.875 1
v 2 2.875 1
v 2 1.875 1.875
v 2 0.875 1.875
v 2 0.875 2
v 1.875 1.875 1.875
v 1.875 0.875 1.875
v 1.875 0.875 2
v 1.875 1 -0.75
v 1.875 1 -0.875
v -0.875 1 -0.75
v -0.875 1 -0.875
v -0.875 0.875 -0.75
v -0.875 0.875 -0.875
v 0.5 1 -0.875
v 0.5 0.875 -0.875
v 0.5 0.875 -0.75
v 0.5 1 -0.75
v -1 1.875 -0.75
v -1 1.875 -0.875
v -0.875 2.875 0
v -0.875 3 0
v -1 2.7078125 -0.125
v -1 0.8937499999999998 0
v -1 0.8937499999999998 -0.125
v -0.875 2.7078125 -0.125
v -0.875 0.8937499999999998 0
v -0.875 0.8937499999999998 -0.125
v -1 0.875 -0.75
v -1 0.875 -0.875
v -1 1.09375 -0.75
v -1 0.96875 -0.75
v -1 1.09375 -0.125
v -1 0.96875 -0.125
v -0.875 1.09375 -0.75
v -0.875 0.96875 -0.75
v -0.875 1.09375 -0.125
v -0.875 0.96875 -0.125
v -1 1.875 1.125
v -1 1.875 1
v -1 0.875 1.125
v -1 0.875 1
v -0.875 1.875 1.125
v -0.875 1.875 1
v -0.875 0.875 1.125
v -0.875 0.875 1
v -1 1.09375 1.125
v -1 0.96875 1.125
v -1 1.09375 1.875
v -1 0.96875 1.875
v -0.875 1.09375 1.125
v -0.875 0.96875 1.125
v -0.875 1.09375 1.875
v -0.875 0.96875 1.875
v -0.875 2.875 2
v -0.875 1.875 2
v -1 1.875 2
v -0.875 2.875 1
v -1 2.875 1
v -1 1.875 1.875
v -1 0.875 1.875
v -1 0.875 2
v -0.875 1.875 1.875
v -0.875 0.875 1.875
v -0.875 0.875 2
v 1 0.9375 -0.9375
v 1 0.5 -0.9375
v 1 0.9375 0
v 1 0.5062500000000001 0
v 0 0.9375 -0.9375
v 0 0.5 -0.9375
v 0 0.9375 0
v 0 0.5062500000000001 0
v 0 0.9375 1
v 0 0.5 1
v -1.9375 0.9375 -0.9375
v -1.9375 0.5 -0.9375
v -1.9375 0.9375 1
v -1.9375 0.5 1
v 0 0.5 0
v -1.9375 0.9375 0
v -1.9375 0.5 0
v 2.9375 0.9375 -0.9375
v 2.9375 0.5 -0.9375
v 2.9375 0.9375 1
v 2.9375 0.5 1
v 1 0.9375 1
v 2.9375 0.5 0
v 2.9375 0.9375 0
v 1 0.5 0
v 1 0.5 1
v 2.9375 0.9375 2.9375
v 2.9375 0.5 2.9375
v 1 0.9375 2.9375
v 1 0.5 2.9375
v 0 0.9375 2.9375
v 0 0.5 2.9375
v -1.9375 0.9375 2.9375
v -1.9375 0.5 2.9375
v 1.96875 0.9375 0
v 1.96875 0.9375 -0.9375
v 1.96875 0.5 -0.9375
v 1.96875 0.9375 1
v 1.96875 0.9375 2.9375
v 1.96875 0.5 2.9375
v -0.96875 0.9375 0
v -0.96875 0.9375 -0.9375
v -0.96875 0.5 -0.9375
v -0.96875 0.9375 1
v -0.96875 0.9375 2.9375
v -0.96875 0.5 2.9375
v 1 0.5062500000000001 1
v 1 0.9375 1.9375
v 0 0.5062500000000001 1
v 0 0.9375 1.9375
v -1.875 0.9375 3
v -1.875 0.9375 2.875
v -1.875 0.5 3
v -1.875 0.5 2.875
v -2 0.9375 3
v -2 0.9375 2.875
v -2 0.5 3
v -2 0.5 2.875
v -1.875 0.9375 -0.875
v -1.875 0.9375 -1
v -1.875 0.5 -0.875
v -1.875 0.5 -1
v -2 0.9375 -0.875
v -2 0.9375 -1
v -2 0.5 -0.875
v -2 0.5 -1
v 3 1 -1
v 3 0.9375 3
v 3 0.9375 2.875
v 3 0.5 3
v 3 0.5 2.875
v 2.875 0.9375 3
v 2.875 0.9375 2.875
v 2.875 0.5 3
v 2.875 0.5 2.875
v 3 0 -1
v 3 0.5 1
v 3 0 1
v 0.5 0.5 -1
v 0.5 0 -1
v 0.5 0.5 1
v 0.5 0 1
v -2 0 -1
v -2 0.5 1
v -2 0 1
v -1 1 1
v -1 0.9375 1
v -1 1 3
v -1 0.9375 3
v -2 1 1
v -2 0.9375 1
v -2 1 3
v 2 1 3
v 2 0.9375 3
v 2 0.9375 2
v -1 0.9375 2
v 0.5 1 2
v 0.5 1 3
v 0.5 0.9375 3
v 0.5 0.9375 2
v 3 1 1
v 3 0.9375 1
v 3 1 3
v 2 1 1
v 2 0.9375 1
v 2 1 -1
v 2 0.9375 -1
v -1 1 -1
v -1 0.9375 -1
v -2 1 -1
v -2 1 2
v -2 0.9375 2
v 3 0.9375 2
v 3 1 2
v -1.9375 1 2
v -2 0.5 2
v -1.9375 0.5 2
v -1.9375 1 1
v 0.5 0.5 3
v 0.5 0 3
v -2 0 3
v -2 0 2
v 0.5 0 2
v 0.5 0.5 2
v 2.9375 1 2
v 3 0.5 2
v 2.9375 0.5 2
v 2.9375 1 1
v 3 0 3
v 3 0 2
v 1 0.9375 -0.4375
v 0 0.9375 -0.4375
v 1.96875 0.9375 -0.8125
v 1 0.9375 -0.8125
v -0.96875 0.9375 -0.8125
v 0 0.9375 -0.8125
v 2.25 0.5 3
v 2.25 0 3
v 2.25 0 2
v 2.25 0 1
v 2.25 0.5 2
v 2.25 0.5 1
v 2.75 0.5 3
v 2.75 0 3
v 2.75 0 2
v 2.75 0 1
v 2.75 0.5 2
v 2.75 0.5 1
v 2.75 0.25 3
v 2.25 0.25 3
v 0.5 0.25 3
v 3 0.25 3
v 3 0.25 2
v 3 0.25 1
v 1.8125 0.25 3
v 1.8125 0.5 3
v 1.8125 0.5 2
v 1.8125 0.5 1
v 1.8125 0 3
v 1.8125 0 2
v 1.8125 0 1
v 1.3125 0.25 3
v 1.3125 0.5 3
v 1.3125 0.5 2
v 1.3125 0.5 1
v 1.3125 0 3
v 1.3125 0 2
v 1.3125 0 1
v -2 0.25 3
v -2 0.25 2
v -2 0.25 1
v -1.1875 0.25 3
v -1.1875 0 3
v -1.1875 0 2
v -1.1875 0 1
v -1.1875 0.5 3
v -1.1875 0.5 2
v -1.1875 0.5 1
v -1.6875 0.25 3
v -1.6875 0.5 3
v -1.6875 0.5 2
v -1.6875 0.5 1
v -1.6875 0 3
v -1.6875 0 2
v -1.6875 0 1
v -0.75 0.5 3
v -0.75 0.25 3
v -0.75 0 3
v -0.75 0 2
v -0.75 0 1
v -0.75 0.5 2
v -0.75 0.5 1
v -0.25 0.5 3
v -0.25 0.25 3
v -0.25 0 3
v -0.25 0 2
v -0.25 0 1
v -0.25 0.5 2
v -0.25 0.5 1
v -0.25 0.75 3
v -0.25 0.75 2.9375
v -0.25 0.25 2.9375
v -0.75 0.75 3
v -0.75 0.75 2.9375
v -0.75 0.25 2.9375
v -1.1875 0.75 3
v -1.1875 0.75 2.9375
v -1.1875 0.25 2.9375
v -1.6875 0.75 3
v -1.6875 0.75 2.9375
v -1.6875 0.25 2.9375
v -0.375 0.9375 3
v -0.375 0.9375 2.9375
v -0.375 0.75 3
v -0.375 0.75 2.9375
v -0.625 0.9375 3
v -0.625 0.75 3
v -0.625 0.75 2.9375
v -1.3125 0.9375 3
v -1.3125 0.9375 2.9375
v -1.3125 0.75 3
v -1.3125 0.75 2.9375
v -1.5625 0.9375 3
v -1.5625 0.9375 2.9375
v -1.5625 0.75 3
v -1.5625 0.75 2.9375
v 1.6875 0.9375 3
v 1.6875 0.9375 2.9375
v 1.6875 0.75 3
v 1.6875 0.75 2.9375
v 1.4375 0.9375 3
v 1.4375 0.9375 2.9375
v 1.4375 0.75 3
v 1.4375 0.75 2.9375
v 2.625 0.9375 3
v 2.625 0.9375 2.9375
v 2.625 0.75 3
v 2.625 0.75 2.9375
v 2.375 0.9375 3
v 2.375 0.9375 2.9375
v 2.375 0.75 3
v 2.375 0.75 2.9375
v 2.75 0.75 3
v 2.75 0.75 2.9375
v 2.75 0.25 2.9375
v 2.25 0.75 3
v 2.25 0.75 2.9375
v 2.25 0.25 2.9375
v 1.8125 0.75 3
v 1.8125 0.75 2.9375
v 1.8125 0.25 2.9375
v 1.3125 0.75 3
v 1.3125 0.75 2.9375
v 1.3125 0.25 2.9375
v 2 1.6875 0
v 2.625 1.75 0.39375000000000004
v 2.625 1.75 0.23124999999999996
v 2.625 1.25 0.39375000000000004
v 2.625 1.25 0.23124999999999996
v 2.5625 1.75 0.39375000000000004
v 2.5625 1.75 0.23124999999999996
v 2.5625 1.25 0.39375000000000004
v 2.5625 1.25 0.23124999999999996
v 2.625 1.75 0.20625000000000004
v 2.625 1.75 0.043749999999999956
v 2.625 1.25 0.20625000000000004
v 2.625 1.25 0.043749999999999956
v 2.5625 1.75 0.20625000000000004
v 2.5625 1.75 0.043749999999999956
v 2.5625 1.25 0.20625000000000004
v 2.5625 1.25 0.043749999999999956
v 2.625 1.75 0.76875
v 2.625 1.75 0.60625
v 2.625 1.25 0.76875
v 2.625 1.25 0.60625
v 2.5625 1.75 0.76875
v 2.5625 1.75 0.60625
v 2.5625 1.25 0.76875
v 2.5625 1.25 0.60625
v 2.625 1.75 0.58125
v 2.625 1.75 0.41874999999999996
v 2.625 1.25 0.58125
v 2.625 1.25 0.41874999999999996
v 2.5625 1.75 0.58125
v 2.5625 1.75 0.41874999999999996
v 2.5625 1.25 0.58125
v 2.5625 1.25 0.41874999999999996
v 2.625 1.75 0.9562499999999998
v 2.625 1.75 0.79375
v 2.625 1.25 0.9562499999999998
v 2.625 1.25 0.79375
v 2.5625 1.75 0.9562499999999998
v 2.5625 1.75 0.79375
v 2.5625 1.25 0.9562499999999998
v 2.5625 1.25 0.79375
v 2.75 1.8125 0
v 2.75 1.75 0
v 2.75 1.8125 1
v 2.75 1.75 1
v 2.5 1.8125 0
v 2.5 1.75 0
v 2.5 1.8125 1
v 2.5 1.75 1
v 2.75 1.75 0.0625
v 2.75 1.1875 0.0625
v 2.75 1.1875 0
v 2.5 1.75 0.0625
v 2.5 1.1875 0.0625
v 2.5 1.1875 0
v 2.75 1.75 0.9375
v 2.75 1.1875 1
v 2.75 1.1875 0.9375
v 2.5 1.75 0.9375
v 2.5 1.1875 1
v 2.5 1.1875 0.9375
v 2.5 2 0.625
v 2.5625 2 0.625
v 2.5 1.8125 0.625
v 2.5625 1.8125 0.625
v 2.5 2 0.375
v 2.5625 2 0.375
v 2.5 1.8125 0.375
v 2.5625 1.8125 0.375
v 2 2 1
v 2.5 2 1
v 2.5 1 1
v 2 2 0
v 2.5 2 0
v 2 1 0
v 2.5 1 0
v 1.875 1.6875 0.39375000000000004
v 1.875 1.6875 0.23124999999999996
v 1.875 1.1875 0.39375000000000004
v 1.875 1.1875 0.23124999999999996
v 1.9375 1.6875 0.39375000000000004
v 1.9375 1.6875 0.23124999999999996
v 1.9375 1.1875 0.39375000000000004
v 1.9375 1.1875 0.23124999999999996
v 1.875 1.6875 0.20625000000000004
v 1.875 1.6875 0.043749999999999956
v 1.875 1.1875 0.20625000000000004
v 1.875 1.1875 0.043749999999999956
v 1.9375 1.6875 0.20625000000000004
v 1.9375 1.6875 0.043749999999999956
v 1.9375 1.1875 0.20625000000000004
v 1.9375 1.1875 0.043749999999999956
v 1.875 1.6875 0.76875
v 1.875 1.6875 0.60625
v 1.875 1.1875 0.76875
v 1.875 1.1875 0.60625
v 1.9375 1.6875 0.76875
v 1.9375 1.6875 0.60625
v 1.9375 1.1875 0.76875
v 1.9375 1.1875 0.60625
v 1.875 1.6875 0.58125
v 1.875 1.6875 0.41874999999999996
v 1.875 1.1875 0.58125
v 1.875 1.1875 0.41874999999999996
v 1.9375 1.6875 0.58125
v 1.9375 1.6875 0.41874999999999996
v 1.9375 1.1875 0.58125
v 1.9375 1.1875 0.41874999999999996
v 1.875 1.6875 0.9562499999999998
v 1.875 1.6875 0.79375
v 1.875 1.1875 0.9562499999999998
v 1.875 1.1875 0.79375
v 1.9375 1.6875 0.9562499999999998
v 1.9375 1.6875 0.79375
v 1.9375 1.1875 0.9562499999999998
v 1.9375 1.1875 0.79375
v 1.75 1.75 0
v 1.75 1.6875 0
v 1.75 1.75 1
v 1.75 1.6875 1
v 2 1.75 0
v 2 1.75 1
v 2 1.6875 1
v 1.75 1.6875 0.0625
v 1.75 1.125 0.0625
v 1.75 1.125 0
v 2 1.6875 0.0625
v 2 1.125 0.0625
v 2 1.125 0
v 1.75 1.6875 0.9375
v 1.75 1.125 1
v 1.75 1.125 0.9375
v 2 1.6875 0.9375
v 2 1.125 1
v 2 1.125 0.9375
v 3 1.1875 1
v 3 1.1875 0.9375
v 3 1 0.9375
v 2.5 1 0.9375
v 3 1.1875 0.0625
v 3 1.1875 0
v 3 1 0.0625
v 3 1 0
v 2.5 1 0.0625
v 3 1.125 0.9375
v 3 1.125 0.0625
v 2.5 1.125 0.9375
v 2.5 1.125 0.0625
v 2.7479368749999997 1.6401012499999998 -0.38340562499999997
v 2.7672499999999998 1.67587375 -0.4308775
v 2.90232125 1.025134375 -0.78400625
v 2.921635 1.0609068750000001 -0.8314781249999998
v 2.6899043750000002 1.6406456249999999 -0.4066056250000001
v 2.7092181249999996 1.676418125 -0.4540774999999999
v 2.844289375 1.0256781250000002 -0.8072062500000001
v 2.863603125 1.061450625 -0.854678125
v 2.7931862499999998 1.6875 -0.6905587500000001
v 2.8125 1.6875 -0.75
v 2.7931862499999998 1 -0.6905587500000001
v 2.8125 1 -0.75
v 2.19877625 1.6875 -0.8836943750000001
v 2.218089375 1.6875 -0.943135625
v 2.19877625 1 -0.8836943750000001
v 2.218089375 1 -0.943135625
v 2.733745625 1.6875 -0.7098724999999999
v 2.733745625 1 -0.7098724999999999
v 2.638678125 1.6875 -0.21503062500000003
v 2.5792368750000003 1.6875 -0.23434437500000005
v 2.638678125 1 -0.21503062500000003
v 2.5792368750000003 1 -0.23434437500000005
v 2.258216875 1.6875 -0.8643812500000001
v 2.258216875 1 -0.8643812500000001
v 2.10370875 1.6875 -0.38885250000000005
v 2.0442675 1.6875 -0.40816624999999984
v 2.10370875 1 -0.38885250000000005
v 2.0442675 1 -0.40816624999999984
v 2.619364375 1.6875 -0.15558937499999992
v 2.619364375 1 -0.15558937499999992
v 2.02495375 1.6875 -0.34872499999999995
v 2.02495375 1 -0.34872499999999995
v 2.8422206250000004 1.140625 -0.8028431249999999
v 2.8808475 1.140625 -0.9217249999999999
v 2.8422206250000004 1.015625 -0.8028431249999999
v 2.8808475 1.015625 -0.9217249999999999
v 2.24781 1.140625 -0.9959787499999999
v 2.2864375 1.140625 -1.114860625
v 2.24781 1.015625 -0.9959787499999999
v 2.2864375 1.015625 -1.114860625
v 2.109584375 1.646086875 -0.6386050000000001
v 2.1288975 1.6818593750000002 -0.6860768749999999
v 2.26396875 1.03112 -1.0392056250000001
v 2.2832825 1.0668924999999998 -1.0866768750000002
v 2.051551875 1.64663125 -0.661805
v 2.070865625 1.6824037500000002 -0.70927625
v 2.205936875 1.0316637499999999 -1.0624056249999998
v 2.225250625 1.06743625 -1.1098768749999999
v 2.733745625 1.0625 -0.7098724999999999
v 2.258216875 1.0625 -0.8643812500000001
v 2.5792368750000003 1.0625 -0.23434437500000005
v 2.10370875 1.0625 -0.38885250000000005
v -1.3567624999999999 1.625 -0.03670749999999989
v -1.125 1.625 -0.75
v -1.3567624999999999 1 -0.03670749999999989
v -1.125 1 -0.75
v -1.83229125 1.625 -0.1912162500000001
v -1.6005281249999999 1.625 -0.9045087500000002
v -1.83229125 1 -0.1912162500000001
v -1.6005281249999999 1 -0.9045087500000002
v -1 1.6875 0
v -1.625 1.75 0.39375000000000004
v -1.625 1.75 0.23124999999999996
v -1.625 1.25 0.39375000000000004
v -1.625 1.25 0.23124999999999996
v -1.5625 1.75 0.39375000000000004
v -1.5625 1.75 0.23124999999999996
v -1.5625 1.25 0.39375000000000004
v -1.5625 1.25 0.23124999999999996
v -1.625 1.75 0.20625000000000004
v -1.625 1.75 0.043749999999999956
v -1.625 1.25 0.20625000000000004
v -1.625 1.25 0.043749999999999956
v -1.5625 1.75 0.20625000000000004
v -1.5625 1.75 0.043749999999999956
v -1.5625 1.25 0.20625000000000004
v -1.5625 1.25 0.043749999999999956
v -1.625 1.75 0.76875
v -1.625 1.75 0.60625
v -1.625 1.25 0.76875
v -1.625 1.25 0.60625
v -1.5625 1.75 0.76875
v -1.5625 1.75 0.60625
v -1.5625 1.25 0.76875
v -1.5625 1.25 0.60625
v -1.625 1.75 0.58125
v -1.625 1.75 0.41874999999999996
v -1.625 1.25 0.58125
v -1.625 1.25 0.41874999999999996
v -1.5625 1.75 0.58125
v -1.5625 1.75 0.41874999999999996
v -1.5625 1.25 0.58125
v -1.5625 1.25 0.41874999999999996
v -1.625 1.75 0.9562499999999998
v -1.625 1.75 0.79375
v -1.625 1.25 0.9562499999999998
v -1.625 1.25 0.79375
v -1.5625 1.75 0.9562499999999998
v -1.5625 1.75 0.79375
v -1.5625 1.25 0.9562499999999998
v -1.5625 1.25 0.79375
v -1.75 1.8125 0
v -1.75 1.75 0
v -1.75 1.8125 1
v -1.75 1.75 1
v -1.5 1.8125 0
v -1.5 1.75 0
v -1.5 1.8125 1
v -1.5 1.75 1
v -1.75 1.75 0.0625
v -1.75 1.1875 0.0625
v -1.75 1.1875 0
v -1.5 1.75 0.0625
v -1.5 1.1875 0.0625
v -1.5 1.1875 0
v -1.75 1.75 0.9375
v -1.75 1.1875 1
v -1.75 1.1875 0.9375
v -1.5 1.75 0.9375
v -1.5 1.1875 1
v -1.5 1.1875 0.9375
v -1.5 2 0.625
v -1.5625 2 0.625
v -1.5 1.8125 0.625
v -1.5625 1.8125 0.625
v -1.5 2 0.375
v -1.5625 2 0.375
v -1.5 1.8125 0.375
v -1.5625 1.8125 0.375
v -1 2 1
v -1.5 2 1
v -1.5 1 1
v -1 2 0
v -1.5 2 0
v -1 1 0
v -1.5 1 0
v -0.875 1.6875 0.39375000000000004
v -0.875 1.6875 0.23124999999999996
v -0.875 1.1875 0.39375000000000004
v -0.875 1.1875 0.23124999999999996
v -0.9375 1.6875 0.39375000000000004
v -0.9375 1.6875 0.23124999999999996
v -0.9375 1.1875 0.39375000000000004
v -0.9375 1.1875 0.23124999999999996
v -0.875 1.6875 0.20625000000000004
v -0.875 1.6875 0.043749999999999956
v -0.875 1.1875 0.20625000000000004
v -0.875 1.1875 0.043749999999999956
v -0.9375 1.6875 0.20625000000000004
v -0.9375 1.6875 0.043749999999999956
v -0.9375 1.1875 0.20625000000000004
v -0.9375 1.1875 0.043749999999999956
v -0.875 1.6875 0.76875
v -0.875 1.6875 0.60625
v -0.875 1.1875 0.76875
v -0.875 1.1875 0.60625
v -0.9375 1.6875 0.76875
v -0.9375 1.6875 0.60625
v -0.9375 1.1875 0.76875
v -0.9375 1.1875 0.60625
v -0.875 1.6875 0.58125
v -0.875 1.6875 0.41874999999999996
v -0.875 1.1875 0.58125
v -0.875 1.1875 0.41874999999999996
v -0.9375 1.6875 0.58125
v -0.9375 1.6875 0.41874999999999996
v -0.9375 1.1875 0.58125
v -0.9375 1.1875 0.41874999999999996
v -0.875 1.6875 0.9562499999999998
v -0.875 1.6875 0.79375
v -0.875 1.1875 0.9562499999999998
v -0.875 1.1875 0.79375
v -0.9375 1.6875 0.9562499999999998
v -0.9375 1.6875 0.79375
v -0.9375 1.1875 0.9562499999999998
v -0.9375 1.1875 0.79375
v -0.75 1.75 0
v -0.75 1.6875 0
v -0.75 1.75 1
v -0.75 1.6875 1
v -1 1.75 0
v -1 1.75 1
v -1 1.6875 1
v -0.75 1.6875 0.0625
v -0.75 1.125 0.0625
v -0.75 1.125 0
v -1 1.6875 0.0625
v -1 1.125 0.0625
v -1 1.125 0
v -0.75 1.6875 0.9375
v -0.75 1.125 1
v -0.75 1.125 0.9375
v -1 1.6875 0.9375
v -1 1.125 1
v -1 1.125 0.9375
v -1.18756125 2.404083125 2.092998125
v -1.18756125 2.406264375 2.03053625
v -1.23551875 1.718675625 2.069063125
v -1.23551875 1.720856875 2.00660125
v -1.7486912499999998 2.4432975 2.0943675
v -1.7486912499999998 2.44547875 2.031905625
v -1.7966487500000001 1.7578900000000002 2.0704325
v -1.7966487500000001 1.7600712500000002 2.007970625
v -1.03125 1.868119375 1.998335
v -1.03125 1.9116974999999998 1.500238125
v -1.03125 1.2454975 1.943863125
v -1.03125 1.2890756250000002 1.445765625
v -1.09375 1.868119375 1.998335
v -1.09375 1.9116974999999998 1.500238125
v -1.09375 1.2454975 1.943863125
v -1.09375 1.2890756250000002 1.445765625
v -1.03125 1.9193375000000001 1.437271875
v -1.03125 1.90625 1.0625
v -1.03125 1.419641875 1.45472125
v -1.03125 1.4065543749999998 1.0799500000000002
v -1.09375 1.9193375000000001 1.437271875
v -1.09375 1.90625 1.0625
v -1.09375 1.419641875 1.45472125
v -1.09375 1.4065543749999998 1.0799500000000002
v -1.0509187500000001 2.7632593749999996 1.1058024999999998
v -1.1134187500000001 2.7632593749999996 1.1058024999999998
v -1.0509187500000001 2.0142875 1.145054375
v -1.1134187500000001 2.0142875 1.145054375
v -1.0509187500000001 2.7959693750000003 1.729945625
v -1.1134187500000001 2.7959693750000003 1.729945625
v -1.0509187500000001 2.0469975 1.7691975000000002
v -1.1134187500000001 2.0469975 1.7691975000000002
v 0 1.0625 0.9375
v 0 1.0625 0.0625
v 0 0.9375 0.9375
v 0 0.9375 0.0625
v -1 1.0625 0.9375
v -1 1.0625 0.0625
v 0 1.125 1
v 0 1.125 0.9375
v -1 0.9375 0.9375
v 0 1.125 0.0625
v 0 1.125 0
v -1 0.9375 0.0625
v -1 0.9375 0
v 2 0.9375 0.9375
v 1 1.125 1
v 1 1.125 0.9375
v 1 0.9375 0.9375
v 2 1.0625 0.9375
v 2 1.0625 0.0625
v 1 1.0625 0.9375
v 1 1.0625 0.0625
v 1 0.9375 0.0625
v 2 0.9375 0.0625
v 2 0.9375 0
v 1 1.125 0.0625
v 1 1.125 0
v 0.5625 2.8125 0.3125
v 0.5625 2.8125 0.25
v -0.4375 2.8125 0.3125
v -0.4375 2.8125 0.25
v 0.5625 2.875 0.3125
v 0.5625 2.875 0.25
v -0.4375 2.875 0.3125
v -0.4375 2.875 0.25
v 1.5625 2.8125 0.3125
v 1.5625 2.8125 0.25
v 1.5625 2.875 0.3125
v 1.5625 2.875 0.25
v 0.5625 2.8125 0.875
v 0.5625 2.8125 0.8125
v -0.4375 2.8125 0.875
v -0.4375 2.8125 0.8125
v 0.5625 2.875 0.875
v 0.5625 2.875 0.8125
v -0.4375 2.875 0.875
v -0.4375 2.875 0.8125
v 1.5625 2.8125 0.875
v 1.5625 2.8125 0.8125
v 1.5625 2.875 0.875
v 1.5625 2.875 0.8125
v 0.65625 2.8125 0.125
v 0.71875 2.6875 0.125
v 0.65625 2.8125 1
v 0.71875 2.6875 1
v 0.40625 2.8125 0.125
v 0.34375 2.6875 0.125
v 0.40625 2.8125 1
v 0.34375 2.6875 1
v 1.625 2.8125 0.125
v 1.6875 2.6875 0.125
v 1.625 2.8125 1
v 1.6875 2.6875 1
v 1.375 2.8125 0.125
v 1.3125 2.6875 0.125
v 1.375 2.8125 1
v 1.3125 2.6875 1
v -0.3125 2.8125 0.125
v -0.25 2.6875 0.125
v -0.3125 2.8125 1
v -0.25 2.6875 1
v -0.5625 2.8125 0.125
v -0.625 2.6875 0.125
v -0.5625 2.8125 1
v -0.625 2.6875 1
v 1.63125 2.71875 0.15625
v 1.63125 2.59375 0.15625
v 1.63125 2.71875 0.96875
v 1.63125 2.59375 0.96875
v 1.36875 2.71875 0.15625
v 1.36875 2.59375 0.15625
v 1.36875 2.71875 0.96875
v 1.36875 2.59375 0.96875
v -0.3062499999999999 2.71875 0.15625
v -0.3062499999999999 2.59375 0.15625
v -0.3062499999999999 2.71875 0.96875
v -0.3062499999999999 2.59375 0.96875
v -0.5687500000000001 2.71875 0.15625
v -0.5687500000000001 2.59375 0.15625
v -0.5687500000000001 2.71875 0.96875
v -0.5687500000000001 2.59375 0.96875
v 0.6625000000000001 2.71875 0.15625
v 0.6625000000000001 2.59375 0.15625
v 0.6625000000000001 2.71875 0.96875
v 0.6625000000000001 2.59375 0.96875
v 0.3999999999999999 2.71875 0.15625
v 0.3999999999999999 2.59375 0.15625
v 0.3999999999999999 2.71875 0.96875
v 0.3999999999999999 2.59375 0.96875
v 0.6875 0.75 0.6875
v 0.6875 0.75 0.3125
v 0.6875 0.5 0.6875
v 0.6875 0.5 0.3125
v 0.3125 0.75 0.6875
v 0.3125 0.75 0.3125
v 0.3125 0.5 0.6875
v 0.3125 0.5 0.3125
v 0.9375 0.5 0
v 0.25 0.6875 0.25
v 0.25 0.5 0.25
v 0.25 0.6875 1
v 0.25 0.5 1
v 0.0625 0.6875 0.25
v 0.0625 0.5 0.25
v 0.0625 0.6875 1
v 0.0625 0.5 1
v 0.25 0.6875 0.0625
v 0.25 0.5 0.0625
v 0.0625 0.6875 0.125
v 0.0625 0.5 0.125
v 0.75 0.6875 0.25
v 0.75 0.6875 0.0625
v 0.75 0.5 0.25
v 0.75 0.5 0.0625
v 0.9375 0.6875 0.0625
v 0.9375 0.6875 0
v 0.9375 0.5 0.0625
v 0.75 0.6875 0
v 0.75 0.5 0
v 0.9375 0.6875 0.1875
v 0.9375 0.5 0.1875
v -2 1.1875 1
v -2 1.1875 0.9375
v -2 1 0.9375
v -1.5 1 0.9375
v -2 1.1875 0.0625
v -2 1.1875 0
v -2 1 0.0625
v -2 1 0
v -1.5 1 0.0625
v -2 1.125 0.9375
v -2 1.125 0.0625
v -1.5 1.125 0.9375
v -1.5 1.125 0.0625
v 0.4375 2.6875 2.0625
v 0.4375 2.8125 2.0625
v 0.3125 2.6875 2.0625
v 0.3125 2.8125 2.0625
v 0.4375 2.8125 2.25
v 0.4375 2.6875 2.25
v 0.3125 2.6875 2.25
v 0.3125 2.8125 2.25
v 0.5625 2.8125 2.0625
v 0.5625 2.8125 2.25
v 0.6875 2.8125 2.25
v 0.6875 2.8125 2.0625
v 0.6875 2.6875 2.25
v 0.6875 2.6875 2.0625
v 0.5625 2.6875 2.25
v 0.5625 2.6875 2.0625
v -0.125 0.9406250000000003 -0.25
v -0.125 0.9406250000000003 -0.625
v -0.875 0.9406250000000003 -0.625
v -0.875 0.9406250000000003 -0.25
v 1.875 0.9406250000000003 -0.25
v 1.875 0.9406250000000003 -0.625
v 1.125 0.9406250000000003 -0.625
v 1.125 0.9406250000000003 -0.25
v 0.875 0.9406250000000003 -0.25
v 0.875 0.9406250000000003 -0.625
v 0.125 0.9406250000000003 -0.625
v 0.125 0.9406250000000003 -0.25
v 2.875 0.9375 -1
v 3 0.9375 -1
v 2.875 0.5 -1
v 3 0.5 -1
v 3 0.9375 -0.875
v 3 0.5 -0.875
v 2.875 0.9375 -0.875
v 2.875 0.5 -0.875
vt 0.000000 0.000000
vt 0.000000 0.007812
vt 0.015625 0.007812
vt 0.015625 0.000000
vt 0.000000 0.000000
vt 0.000000 0.007812
vt 0.015625 0.007812
vt 0.015625 0.000000
vt 0.015625 0.000000
vt 0.015625 0.007812
vt 0.000000 0.007812
vt 0.000000 0.000000
vt 0.015625 0.000000
vt 0.015625 0.007812
vt 0.000000 0.007812
vt 0.000000 0.000000
vt 0.000000 0.000000
vt 0.000000 0.007812
vt 0.015625 0.007812
vt 0.015625 0.000000
vt 0.000000 0.000000
vt 0.000000 0.007812
vt 0.015625 0.007812
vt 0.015625 0.000000
vt 0.015625 0.000000
vt 0.015625 0.007812
vt 0.000000 0.007812
vt 0.000000 0.000000
vt 0.015625 0.000000
vt 0.015625 0.007812
vt 0.000000 0.007812
vt 0.000000 0.000000
vt 0.000000 0.000000
vt 0.000000 0.007812
vt 0.015625 0.007812
vt 0.015625 0.000000
vt 0.000000 0.000000
vt 0.000000 0.007812
vt 0.015625 0.007812
vt 0.015625 0.000000
vt 0.015625 0.000000
vt 0.015625 0.007812
vt 0.000000 0.007812
vt 0.000000 0.000000
vt 0.015625 0.000000
vt 0.015625 0.007812
vt 0.000000 0.007812
vt 0.000000 0.000000
vt 0.000000 0.000000
vt 0.000000 0.007812
vt 0.015625 0.007812
vt 0.015625 0.000000
vt 0.000000 0.000000
vt 0.000000 0.007812
vt 0.015625 0.007812
vt 0.015625 0.000000
vt 0.015625 0.000000
vt 0.015625 0.007812
vt 0.000000 0.007812
vt 0.000000 0.000000
vt 0.015625 0.000000
vt 0.015625 0.007812
vt 0.000000 0.007812
vt 0.000000 0.000000
vt 0.195312 0.539062
vt 0.195312 0.601562
vt 0.187500 0.601562
vt 0.187500 0.539062
vt 0.117188 0.601562
vt 0.117188 0.539062
vt 0.125000 0.539062
vt 0.125000 0.601562
vt 0.187500 0.609375
vt 0.187500 0.601562
vt 0.125000 0.601562
vt 0.125000 0.609375
vt 0.250000 0.601562
vt 0.250000 0.609375
vt 0.187500 0.609375
vt 0.187500 0.601562
vt 0.195312 0.000000
vt 0.195312 0.195312
vt 0.085938 0.195312
vt 0.085938 0.000000
vt 0.195312 0.000000
vt 0.195312 0.195312
vt 0.085938 0.195312
vt 0.085938 0.000000
vt 0.085938 0.187500
vt 0.085938 0.304688
vt 0.195312 0.304688
vt 0.195312 0.187500
vt 0.195312 0.195312
vt 0.195312 0.304688
vt 0.085938 0.304688
vt 0.085938 0.195312
vt 0.085938 0.000000
vt 0.085938 0.195312
vt 0.195312 0.195312
vt 0.195312 0.000000
vt 0.085938 0.000000
vt 0.085938 0.195312
vt 0.195312 0.195312
vt 0.195312 0.000000
vt 0.000000 0.000000
vt 0.000000 0.007812
vt 0.015625 0.007812
vt 0.015625 0.000000
vt 0.000000 0.000000
vt 0.000000 0.007812
vt 0.015625 0.007812
vt 0.015625 0.000000
vt 0.015625 0.000000
vt 0.015625 0.007812
vt 0.000000 0.007812
vt 0.000000 0.000000
vt 0.015625 0.000000
vt 0.015625 0.007812
vt 0.000000 0.007812
vt 0.000000 0.000000
vt 0.000000 0.000000
vt 0.000000 0.007812
vt 0.015625 0.007812
vt 0.015625 0.000000
vt 0.000000 0.000000
vt 0.000000 0.007812
vt 0.015625 0.007812
vt 0.015625 0.000000
vt 0.015625 0.000000
vt 0.015625 0.007812
vt 0.000000 0.007812
vt 0.000000 0.000000
vt 0.015625 0.000000
vt 0.015625 0.007812
vt 0.000000 0.007812
vt 0.000000 0.000000
vt 0.000000 0.000000
vt 0.000000 0.007812
vt 0.015625 0.007812
vt 0.015625 0.000000
vt 0.000000 0.000000
vt 0.000000 0.007812
vt 0.015625 0.007812
vt 0.015625 0.000000
vt 0.015625 0.000000
vt 0.015625 0.007812
vt 0.000000 0.007812
vt 0.000000 0.000000
vt 0.015625 0.000000
vt 0.015625 0.007812
vt 0.000000 0.007812
vt 0.000000 0.000000
vt 0.000000 0.000000
vt 0.000000 0.007812
vt 0.015625 0.007812
vt 0.015625 0.000000
vt 0.000000 0.000000
vt 0.000000 0.007812
vt 0.015625 0.007812
vt 0.015625 0.000000
vt 0.015625 0.000000
vt 0.015625 0.007812
vt 0.000000 0.007812
vt 0.000000 0.000000
vt 0.015625 0.000000
vt 0.015625 0.007812
vt 0.000000 0.007812
vt 0.000000 0.000000
vt 0.195312 0.539062
vt 0.195312 0.601562
vt 0.187500 0.601562
vt 0.187500 0.539062
vt 0.117188 0.601562
vt 0.117188 0.539062
vt 0.125000 0.539062
vt 0.125000 0.601562
vt 0.187500 0.609375
vt 0.187500 0.601562
vt 0.125000 0.601562
vt 0.125000 0.609375
vt 0.250000 0.601562
vt 0.250000 0.609375
vt 0.187500 0.609375
vt 0.187500 0.601562
vt 0.195312 0.000000
vt 0.195312 0.195312
vt 0.085938 0.195312
vt 0.085938 0.000000
vt 0.195312 0.000000
vt 0.195312 0.195312
vt 0.085938 0.195312
vt 0.085938 0.000000
vt 0.085938 0.187500
vt 0.085938 0.304688
vt 0.195312 0.304688
vt 0.195312 0.187500
vt 0.195312 0.195312
vt 0.195312 0.304688
vt 0.085938 0.304688
vt 0.085938 0.195312
vt 0.085938 0.000000
vt 0.085938 0.195312
vt 0.195312 0.195312
vt 0.195312 0.000000
vt 0.085938 0.000000
vt 0.085938 0.195312
vt 0.195312 0.195312
vt 0.195312 0.000000
vt 0.000000 0.000000
vt 0.000000 0.007812
vt 0.015625 0.007812
vt 0.015625 0.000000
vt 0.000000 0.000000
vt 0.000000 0.007812
vt 0.015625 0.007812
vt 0.015625 0.000000
vt 0.015625 0.000000
vt 0.015625 0.007812
vt 0.000000 0.007812
vt 0.000000 0.000000
vt 0.015625 0.000000
vt 0.015625 0.007812
vt 0.000000 0.007812
vt 0.000000 0.000000
vt 0.000000 0.000000
vt 0.000000 0.007812
vt 0.015625 0.007812
vt 0.015625 0.000000
vt 0.000000 0.000000
vt 0.000000 0.007812
vt 0.015625 0.007812
vt 0.015625 0.000000
vt 0.015625 0.000000
vt 0.015625 0.007812
vt 0.000000 0.007812
vt 0.000000 0.000000
vt 0.015625 0.000000
vt 0.015625 0.007812
vt 0.000000 0.007812
vt 0.000000 0.000000
vt 0.000000 0.000000
vt 0.000000 0.007812
vt 0.015625 0.007812
vt 0.015625 0.000000
vt 0.000000 0.000000
vt 0.000000 0.007812
vt 0.015625 0.007812
vt 0.015625 0.000000
vt 0.015625 0.000000
vt 0.015625 0.007812
vt 0.000000 0.007812
vt 0.000000 0.000000
vt 0.015625 0.000000
vt 0.015625 0.007812
vt 0.000000 0.007812
vt 0.000000 0.000000
vt 0.000000 0.000000
vt 0.000000 0.007812
vt 0.015625 0.007812
vt 0.015625 0.000000
vt 0.000000 0.000000
vt 0.000000 0.007812
vt 0.015625 0.007812
vt 0.015625 0.000000
vt 0.015625 0.000000
vt 0.015625 0.007812
vt 0.000000 0.007812
vt 0.000000 0.000000
vt 0.015625 0.000000
vt 0.015625 0.007812
vt 0.000000 0.007812
vt 0.000000 0.000000
vt 0.195312 0.539062
vt 0.195312 0.601562
vt 0.187500 0.601562
vt 0.187500 0.539062
vt 0.117188 0.601562
vt 0.117188 0.539062
vt 0.125000 0.539062
vt 0.125000 0.601562
vt 0.187500 0.609375
vt 0.187500 0.601562
vt 0.125000 0.601562
vt 0.125000 0.609375
vt 0.250000 0.601562
vt 0.250000 0.609375
vt 0.187500 0.609375
vt 0.187500 0.601562
vt 0.195312 0.000000
vt 0.195312 0.195312
vt 0.085938 0.195312
vt 0.085938 0.000000
vt 0.195312 0.000000
vt 0.195312 0.195312
vt 0.085938 0.195312
vt 0.085938 0.000000
vt 0.085938 0.187500
vt 0.085938 0.304688
vt 0.195312 0.304688
vt 0.195312 0.187500
vt 0.195312 0.195312
vt 0.195312 0.304688
vt 0.085938 0.304688
vt 0.085938 0.195312
vt 0.085938 0.000000
vt 0.085938 0.195312
vt 0.195312 0.195312
vt 0.195312 0.000000
vt 0.085938 0.000000
vt 0.085938 0.195312
vt 0.195312 0.195312
vt 0.195312 0.000000
vt 0.000000 0.000000
vt 0.000000 0.007812
vt 0.015625 0.007812
vt 0.015625 0.000000
vt 0.000000 0.000000
vt 0.000000 0.007812
vt 0.015625 0.007812
vt 0.015625 0.000000
vt 0.015625 0.000000
vt 0.015625 0.007812
vt 0.000000 0.007812
vt 0.000000 0.000000
vt 0.015625 0.000000
vt 0.015625 0.007812
vt 0.000000 0.007812
vt 0.000000 0.000000
vt 0.000000 0.000000
vt 0.000000 0.007812
vt 0.015625 0.007812
vt 0.015625 0.000000
vt 0.000000 0.000000
vt 0.000000 0.007812
vt 0.015625 0.007812
vt 0.015625 0.000000
vt 0.015625 0.000000
vt 0.015625 0.007812
vt 0.000000 0.007812
vt 0.000000 0.000000
vt 0.015625 0.000000
vt 0.015625 0.007812
vt 0.000000 0.007812
vt 0.000000 0.000000
vt 0.000000 0.000000
vt 0.000000 0.007812
vt 0.015625 0.007812
vt 0.015625 0.000000
vt 0.000000 0.000000
vt 0.000000 0.007812
vt 0.015625 0.007812
vt 0.015625 0.000000
vt 0.015625 0.000000
vt 0.015625 0.007812
vt 0.000000 0.007812
vt 0.000000 0.000000
vt 0.015625 0.000000
vt 0.015625 0.007812
vt 0.000000 0.007812
vt 0.000000 0.000000
vt 0.000000 0.000000
vt 0.000000 0.007812
vt 0.015625 0.007812
vt 0.015625 0.000000
vt 0.000000 0.000000
vt 0.000000 0.007812
vt 0.015625 0.007812
vt 0.015625 0.000000
vt 0.015625 0.000000
vt 0.015625 0.007812
vt 0.000000 0.007812
vt 0.000000 0.000000
vt 0.015625 0.000000
vt 0.015625 0.007812
vt 0.000000 0.007812
vt 0.000000 0.000000
vt 0.195312 0.539062
vt 0.195312 0.601562
vt 0.187500 0.601562
vt 0.187500 0.539062
vt 0.117188 0.601562
vt 0.117188 0.539062
vt 0.125000 0.539062
vt 0.125000 0.601562
vt 0.187500 0.609375
vt 0.187500 0.601562
vt 0.125000 0.601562
vt 0.125000 0.609375
vt 0.250000 0.601562
vt 0.250000 0.609375
vt 0.187500 0.609375
vt 0.187500 0.601562
vt 0.195312 0.000000
vt 0.195312 0.195312
vt 0.085938 0.195312
vt 0.085938 0.000000
vt 0.195312 0.000000
vt 0.195312 0.195312
vt 0.085938 0.195312
vt 0.085938 0.000000
vt 0.085938 0.187500
vt 0.085938 0.304688
vt 0.195312 0.304688
vt 0.195312 0.187500
vt 0.195312 0.195312
vt 0.195312 0.304688
vt 0.085938 0.304688
vt 0.085938 0.195312
vt 0.085938 0.000000
vt 0.085938 0.195312
vt 0.195312 0.195312
vt 0.195312 0.000000
vt 0.085938 0.000000
vt 0.085938 0.195312
vt 0.195312 0.195312
vt 0.195312 0.000000
vt 0.250000 0.875000
vt 0.000000 0.875000
vt 0.000000 0.375000
vt 0.250000 0.375000
vt 0.250000 0.875000
vt 0.000000 0.875000
vt 0.000000 0.375000
vt 0.250000 0.375000
vt 0.250000 0.875000
vt 0.000000 0.875000
vt 0.000000 0.375000
vt 0.250000 0.375000
vt 0.250000 0.875000
vt 0.000000 0.875000
vt 0.000000 0.375000
vt 0.250000 0.375000
vt 0.000000 0.750000
vt 0.000000 1.000000
vt 0.250000 1.000000
vt 0.250000 0.750000
vt 1.000000 0.500000
vt 0.750000 0.500000
vt 0.750000 0.750000
vt 1.000000 0.750000
vt 1.000000 0.750000
vt 0.750000 0.750000
vt 0.750000 0.500000
vt 1.000000 0.500000
vt 0.000000 0.812500
vt 0.000000 1.000000
vt 0.250000 1.000000
vt 0.250000 0.812500
vt 0.000000 0.937500
vt 0.250000 0.937500
vt 0.250000 1.000000
vt 0.000000 1.000000
vt 0.250000 0.937500
vt 0.250000 1.000000
vt 0.000000 1.000000
vt 0.000000 0.937500
vt 0.250000 0.937500
vt 0.250000 1.000000
vt 0.000000 1.000000
vt 0.000000 0.937500
vt 0.250000 1.000000
vt 0.000000 1.000000
vt 0.000000 0.750000
vt 0.250000 0.750000
vt 0.750000 0.750000
vt 0.750000 0.500000
vt 1.000000 0.500000
vt 1.000000 0.750000
vt 0.750000 0.500000
vt 0.750000 0.750000
vt 1.000000 0.750000
vt 1.000000 0.500000
vt 0.250000 1.000000
vt 0.000000 1.000000
vt 0.000000 0.812500
vt 0.250000 0.812500
vt 0.000000 0.750000
vt 0.000000 1.000000
vt 0.250000 1.000000
vt 0.250000 0.750000
vt 1.000000 0.500000
vt 0.750000 0.500000
vt 0.750000 0.750000
vt 1.000000 0.750000
vt 1.000000 0.750000
vt 0.750000 0.750000
vt 0.750000 0.500000
vt 1.000000 0.500000
vt 0.000000 0.812500
vt 0.000000 1.000000
vt 0.250000 1.000000
vt 0.250000 0.812500
vt 0.585938 0.546875
vt 0.585938 0.484375
vt 0.648438 0.484375
vt 0.648438 0.546875
vt 0.648438 0.484375
vt 0.648438 0.546875
vt 0.585938 0.546875
vt 0.585938 0.484375
vt 0.710938 0.546875
vt 0.710938 0.484375
vt 0.648438 0.484375
vt 0.648438 0.546875
vt 0.648438 0.484375
vt 0.648438 0.546875
vt 0.585938 0.546875
vt 0.585938 0.484375
vt 0.648438 0.546875
vt 0.648438 0.484375
vt 0.585938 0.484375
vt 0.585938 0.546875
vt 0.585938 0.484375
vt 0.585938 0.546875
vt 0.648438 0.546875
vt 0.648438 0.484375
vt 0.015625 0.109375
vt 0.015625 0.203125
vt 0.000000 0.203125
vt 0.000000 0.109375
vt 0.070312 0.109375
vt 0.070312 0.203125
vt 0.023438 0.203125
vt 0.023438 0.109375
vt 0.070312 0.109375
vt 0.070312 0.203125
vt 0.023438 0.203125
vt 0.023438 0.109375
vt 0.015625 0.093750
vt 0.015625 0.218750
vt 0.000000 0.218750
vt 0.000000 0.093750
vt 0.070312 0.101562
vt 0.070312 0.085938
vt 0.023438 0.085938
vt 0.023438 0.101562
vt 0.070312 0.148438
vt 0.070312 0.164062
vt 0.023438 0.164062
vt 0.023438 0.148438
vt 0.070312 0.070312
vt 0.070312 0.195312
vt 0.023438 0.195312
vt 0.023438 0.070312
vt 0.023438 0.070312
vt 0.023438 0.195312
vt 0.070312 0.195312
vt 0.070312 0.070312
vt 0.015625 0.109375
vt 0.015625 0.203125
vt 0.000000 0.203125
vt 0.000000 0.109375
vt 0.070312 0.109375
vt 0.070312 0.203125
vt 0.023438 0.203125
vt 0.023438 0.109375
vt 0.070312 0.109375
vt 0.070312 0.203125
vt 0.023438 0.203125
vt 0.023438 0.109375
vt 0.000000 0.218750
vt 0.000000 0.093750
vt 0.015625 0.093750
vt 0.015625 0.218750
vt 0.070312 0.093750
vt 0.070312 0.078125
vt 0.023438 0.078125
vt 0.023438 0.093750
vt 0.023438 0.054688
vt 0.023438 0.039062
vt 0.070312 0.039062
vt 0.070312 0.054688
vt 0.070312 0.093750
vt 0.070312 0.218750
vt 0.023438 0.218750
vt 0.023438 0.093750
vt 0.070312 0.093750
vt 0.070312 0.218750
vt 0.023438 0.218750
vt 0.023438 0.093750
vt 0.382812 0.085938
vt 0.382812 0.179688
vt 0.289062 0.179688
vt 0.289062 0.085938
vt 0.437500 0.414062
vt 0.437500 0.453125
vt 0.375000 0.453125
vt 0.375000 0.414062
vt 0.375000 0.414062
vt 0.375000 0.453125
vt 0.437500 0.453125
vt 0.437500 0.414062
vt 0.562500 0.414062
vt 0.562500 0.453125
vt 0.437500 0.453125
vt 0.437500 0.414062
vt 0.414062 0.125000
vt 0.414062 0.062500
vt 0.539062 0.062500
vt 0.539062 0.125000
vt 0.539062 0.000000
vt 0.539062 0.062500
vt 0.414062 0.062500
vt 0.414062 0.000000
vt 0.546875 0.453125
vt 0.453125 0.453125
vt 0.453125 0.437500
vt 0.546875 0.437500
vt 0.703125 0.312500
vt 0.703125 0.406250
vt 0.656250 0.406250
vt 0.656250 0.312500
vt 0.656250 0.312500
vt 0.656250 0.406250
vt 0.703125 0.406250
vt 0.703125 0.312500
vt 0.562500 0.453125
vt 0.437500 0.453125
vt 0.437500 0.437500
vt 0.562500 0.437500
vt 0.437500 0.437500
vt 0.437500 0.453125
vt 0.390625 0.453125
vt 0.390625 0.437500
vt 0.437500 0.453125
vt 0.437500 0.437500
vt 0.390625 0.437500
vt 0.390625 0.453125
vt 0.023438 0.000000
vt 0.023438 0.125000
vt 0.070312 0.125000
vt 0.070312 0.000000
vt 0.562500 0.437500
vt 0.437500 0.437500
vt 0.437500 0.453125
vt 0.562500 0.453125
vt 0.664062 0.312500
vt 0.664062 0.328125
vt 0.710938 0.328125
vt 0.710938 0.312500
vt 0.656250 0.328125
vt 0.656250 0.312500
vt 0.703125 0.312500
vt 0.703125 0.328125
vt 0.062500 0.007812
vt 0.062500 0.132812
vt 0.015625 0.132812
vt 0.015625 0.007812
vt 0.453125 0.437500
vt 0.546875 0.437500
vt 0.546875 0.453125
vt 0.453125 0.453125
vt 0.703125 0.312500
vt 0.703125 0.406250
vt 0.656250 0.406250
vt 0.656250 0.312500
vt 0.656250 0.312500
vt 0.656250 0.406250
vt 0.703125 0.406250
vt 0.703125 0.312500
vt 0.046875 0.984375
vt 0.125000 0.984375
vt 0.125000 1.000000
vt 0.046875 1.000000
vt 0.046875 1.000000
vt 0.125000 1.000000
vt 0.125000 0.984375
vt 0.046875 0.984375
vt 0.000000 1.000000
vt 0.000000 0.984375
vt 0.125000 0.984375
vt 0.125000 1.000000
vt 0.125000 0.921875
vt 0.125000 1.000000
vt 0.000000 1.000000
vt 0.000000 0.921875
vt 0.437500 0.453125
vt 0.437500 0.414062
vt 0.375000 0.414062
vt 0.375000 0.453125
vt 0.375000 0.453125
vt 0.375000 0.414062
vt 0.437500 0.414062
vt 0.437500 0.453125
vt 1.000000 0.906250
vt 1.000000 0.968750
vt 0.875000 0.968750
vt 0.875000 0.906250
vt 0.562500 0.453125
vt 0.562500 0.414062
vt 0.437500 0.414062
vt 0.437500 0.453125
vt 0.382812 0.085938
vt 0.382812 0.179688
vt 0.289062 0.179688
vt 0.289062 0.085938
vt 0.679688 0.406250
vt 0.679688 0.343750
vt 0.710938 0.343750
vt 0.710938 0.406250
vt 0.710938 0.312500
vt 0.710938 0.375000
vt 0.679688 0.375000
vt 0.679688 0.312500
vt 0.710938 0.343750
vt 0.679688 0.343750
vt 0.679688 0.406250
vt 0.710938 0.406250
vt 0.679688 0.375000
vt 0.710938 0.375000
vt 0.710938 0.312500
vt 0.679688 0.312500
vt 0.609375 0.226562
vt 0.609375 0.257812
vt 0.617188 0.257812
vt 0.617188 0.226562
vt 0.632812 0.226562
vt 0.632812 0.257812
vt 0.640625 0.257812
vt 0.640625 0.226562
vt 0.640625 0.257812
vt 0.640625 0.250000
vt 0.609375 0.250000
vt 0.609375 0.257812
vt 0.640625 0.226562
vt 0.640625 0.234375
vt 0.609375 0.234375
vt 0.609375 0.226562
vt 0.609375 0.226562
vt 0.609375 0.257812
vt 0.640625 0.257812
vt 0.640625 0.226562
vt 0.421875 0.156250
vt 0.421875 0.203125
vt 0.414062 0.203125
vt 0.414062 0.156250
vt 0.460938 0.156250
vt 0.460938 0.203125
vt 0.453125 0.203125
vt 0.453125 0.156250
vt 0.414062 0.203125
vt 0.414062 0.195312
vt 0.460938 0.195312
vt 0.460938 0.203125
vt 0.460938 0.156250
vt 0.460938 0.164062
vt 0.414062 0.164062
vt 0.414062 0.156250
vt 0.460938 0.156250
vt 0.460938 0.203125
vt 0.414062 0.203125
vt 0.414062 0.156250
vt 0.585938 0.140625
vt 0.710938 0.140625
vt 0.710938 0.218750
vt 0.585938 0.218750
vt 0.867188 0.296875
vt 0.867188 0.304688
vt 0.914062 0.304688
vt 0.914062 0.296875
vt 0.914062 0.335938
vt 0.914062 0.343750
vt 0.867188 0.343750
vt 0.867188 0.335938
vt 0.867188 0.343750
vt 0.867188 0.296875
vt 0.914062 0.296875
vt 0.914062 0.343750
vt 0.945312 0.507812
vt 0.945312 0.515625
vt 0.992188 0.515625
vt 0.992188 0.507812
vt 0.914062 0.296875
vt 0.914062 0.304688
vt 0.867188 0.304688
vt 0.867188 0.296875
vt 0.937500 0.343750
vt 0.937500 0.468750
vt 1.000000 0.468750
vt 1.000000 0.343750
vt 1.000000 0.460938
vt 1.000000 0.523438
vt 0.937500 0.523438
vt 0.937500 0.460938
vt 1.000000 0.343750
vt 1.000000 0.468750
vt 0.937500 0.468750
vt 0.937500 0.343750
vt 0.664062 0.289062
vt 0.695312 0.289062
vt 0.695312 0.242188
vt 0.664062 0.242188
vt 0.664062 0.289062
vt 0.695312 0.289062
vt 0.695312 0.242188
vt 0.664062 0.242188
vt 0.695312 0.289062
vt 0.664062 0.289062
vt 0.664062 0.242188
vt 0.695312 0.242188
vt 0.695312 0.289062
vt 0.664062 0.289062
vt 0.664062 0.242188
vt 0.695312 0.242188
vt 0.664062 0.289062
vt 0.695312 0.289062
vt 0.695312 0.242188
vt 0.664062 0.242188
vt 0.664062 0.289062
vt 0.695312 0.289062
vt 0.695312 0.242188
vt 0.664062 0.242188
vt 0.695312 0.289062
vt 0.664062 0.289062
vt 0.664062 0.242188
vt 0.695312 0.242188
vt 0.695312 0.289062
vt 0.664062 0.289062
vt 0.664062 0.242188
vt 0.695312 0.242188
vt 0.664062 0.289062
vt 0.695312 0.289062
vt 0.695312 0.265625
vt 0.664062 0.265625
vt 0.695312 0.281250
vt 0.695312 0.250000
vt 0.664062 0.250000
vt 0.664062 0.281250
vt 0.742188 0.312500
vt 0.710938 0.304688
vt 0.710938 0.281250
vt 0.742188 0.281250
vt 0.781250 0.312500
vt 0.750000 0.320312
vt 0.750000 0.289062
vt 0.781250 0.289062
vt 0.664062 0.273438
vt 0.664062 0.265625
vt 0.695312 0.265625
vt 0.695312 0.273438
vt 0.695312 0.281250
vt 0.695312 0.273438
vt 0.664062 0.273438
vt 0.664062 0.281250
vt 0.664062 0.312500
vt 0.695312 0.312500
vt 0.695312 0.304688
vt 0.664062 0.304688
vt 0.664062 0.265625
vt 0.695312 0.265625
vt 0.695312 0.257812
vt 0.664062 0.257812
vt 0.609375 0.218750
vt 0.601562 0.218750
vt 0.601562 0.265625
vt 0.609375 0.265625
vt 0.648438 0.304688
vt 0.656250 0.304688
vt 0.656250 0.257812
vt 0.648438 0.257812
vt 0.656250 0.296875
vt 0.656250 0.250000
vt 0.648438 0.250000
vt 0.648438 0.296875
vt 0.648438 0.250000
vt 0.648438 0.296875
vt 0.656250 0.296875
vt 0.656250 0.250000
vt 0.648438 0.265625
vt 0.601562 0.265625
vt 0.601562 0.218750
vt 0.648438 0.218750
vt 0.695312 0.242188
vt 0.695312 0.289062
vt 0.664062 0.289062
vt 0.664062 0.242188
vt 0.695312 0.242188
vt 0.695312 0.289062
vt 0.664062 0.289062
vt 0.664062 0.242188
vt 0.664062 0.242188
vt 0.664062 0.289062
vt 0.695312 0.289062
vt 0.695312 0.242188
vt 0.664062 0.242188
vt 0.664062 0.289062
vt 0.695312 0.289062
vt 0.695312 0.242188
vt 0.695312 0.242188
vt 0.695312 0.289062
vt 0.664062 0.289062
vt 0.664062 0.242188
vt 0.695312 0.242188
vt 0.695312 0.289062
vt 0.664062 0.289062
vt 0.664062 0.242188
vt 0.664062 0.242188
vt 0.664062 0.289062
vt 0.695312 0.289062
vt 0.695312 0.242188
vt 0.664062 0.242188
vt 0.664062 0.289062
vt 0.695312 0.289062
vt 0.695312 0.242188
vt 0.695312 0.265625
vt 0.695312 0.289062
vt 0.664062 0.289062
vt 0.664062 0.265625
vt 0.664062 0.250000
vt 0.695312 0.250000
vt 0.695312 0.281250
vt 0.664062 0.281250
vt 0.710938 0.281250
vt 0.710938 0.304688
vt 0.742188 0.312500
vt 0.742188 0.281250
vt 0.750000 0.289062
vt 0.750000 0.320312
vt 0.781250 0.312500
vt 0.781250 0.289062
vt 0.695312 0.265625
vt 0.664062 0.265625
vt 0.664062 0.273438
vt 0.695312 0.273438
vt 0.664062 0.273438
vt 0.695312 0.273438
vt 0.695312 0.281250
vt 0.664062 0.281250
vt 0.695312 0.304688
vt 0.695312 0.312500
vt 0.664062 0.312500
vt 0.664062 0.304688
vt 0.695312 0.257812
vt 0.695312 0.265625
vt 0.664062 0.265625
vt 0.664062 0.257812
vt 0.601562 0.265625
vt 0.601562 0.218750
vt 0.609375 0.218750
vt 0.609375 0.265625
vt 0.656250 0.257812
vt 0.656250 0.304688
vt 0.648438 0.304688
vt 0.648438 0.257812
vt 0.648438 0.250000
vt 0.656250 0.250000
vt 0.656250 0.296875
vt 0.648438 0.296875
vt 0.656250 0.296875
vt 0.648438 0.296875
vt 0.648438 0.250000
vt 0.656250 0.250000
vt 0.601562 0.218750
vt 0.601562 0.265625
vt 0.648438 0.265625
vt 0.648438 0.218750
vt 0.695312 0.242188
vt 0.695312 0.289062
vt 0.664062 0.289062
vt 0.664062 0.242188
vt 0.695312 0.242188
vt 0.695312 0.289062
vt 0.664062 0.289062
vt 0.664062 0.242188
vt 0.664062 0.242188
vt 0.664062 0.289062
vt 0.695312 0.289062
vt 0.695312 0.242188
vt 0.664062 0.242188
vt 0.664062 0.289062
vt 0.695312 0.289062
vt 0.695312 0.242188
vt 0.695312 0.242188
vt 0.695312 0.289062
vt 0.664062 0.289062
vt 0.664062 0.242188
vt 0.695312 0.242188
vt 0.695312 0.289062
vt 0.664062 0.289062
vt 0.664062 0.242188
vt 0.664062 0.242188
vt 0.664062 0.289062
vt 0.695312 0.289062
vt 0.695312 0.242188
vt 0.664062 0.242188
vt 0.664062 0.289062
vt 0.695312 0.289062
vt 0.695312 0.242188
vt 0.695312 0.265625
vt 0.664062 0.265625
vt 0.664062 0.273438
vt 0.695312 0.273438
vt 0.664062 0.273438
vt 0.695312 0.273438
vt 0.695312 0.281250
vt 0.664062 0.281250
vt 0.695312 0.304688
vt 0.695312 0.312500
vt 0.664062 0.312500
vt 0.664062 0.304688
vt 0.695312 0.257812
vt 0.695312 0.265625
vt 0.664062 0.265625
vt 0.664062 0.257812
vt 0.062500 0.328125
vt 0.046875 0.328125
vt 0.046875 0.281250
vt 0.062500 0.281250
vt 0.062500 0.328125
vt 0.046875 0.328125
vt 0.046875 0.281250
vt 0.062500 0.281250
vt 0.648438 0.218750
vt 0.648438 0.265625
vt 0.601562 0.265625
vt 0.601562 0.218750
vt 0.648438 0.218750
vt 0.648438 0.265625
vt 0.601562 0.265625
vt 0.601562 0.218750
vt 0.218750 0.640625
vt 0.218750 0.656250
vt 0.265625 0.656250
vt 0.265625 0.640625
vt 0.062500 0.328125
vt 0.046875 0.328125
vt 0.046875 0.281250
vt 0.062500 0.281250
vt 0.062500 0.328125
vt 0.046875 0.328125
vt 0.046875 0.281250
vt 0.062500 0.281250
vt 0.062500 0.328125
vt 0.046875 0.328125
vt 0.046875 0.281250
vt 0.062500 0.281250
vt 0.648438 0.218750
vt 0.648438 0.265625
vt 0.601562 0.265625
vt 0.601562 0.218750
vt 0.218750 0.640625
vt 0.218750 0.656250
vt 0.265625 0.656250
vt 0.265625 0.640625
vt 0.062500 0.328125
vt 0.046875 0.328125
vt 0.046875 0.281250
vt 0.062500 0.281250
vt 0.648438 0.218750
vt 0.648438 0.265625
vt 0.601562 0.265625
vt 0.601562 0.218750
vt 0.437500 0.453125
vt 0.500000 0.453125
vt 0.500000 0.437500
vt 0.437500 0.437500
vt 0.437500 0.453125
vt 0.437500 0.437500
vt 0.484375 0.437500
vt 0.484375 0.453125
vt 0.437500 0.437500
vt 0.437500 0.453125
vt 0.484375 0.453125
vt 0.484375 0.437500
vt 0.289062 0.468750
vt 0.289062 0.531250
vt 0.335938 0.531250
vt 0.335938 0.468750
vt 0.335938 0.640625
vt 0.335938 0.578125
vt 0.289062 0.578125
vt 0.289062 0.640625
vt 0.562500 0.437500
vt 0.500000 0.437500
vt 0.500000 0.453125
vt 0.562500 0.453125
vt 0.562500 0.453125
vt 0.437500 0.453125
vt 0.437500 0.437500
vt 0.562500 0.437500
vt 0.437500 0.437500
vt 0.437500 0.453125
vt 0.484375 0.453125
vt 0.484375 0.437500
vt 0.437500 0.453125
vt 0.437500 0.437500
vt 0.484375 0.437500
vt 0.484375 0.453125
vt 0.007812 0.429688
vt 0.007812 0.679688
vt 0.000000 0.679688
vt 0.000000 0.429688
vt 0.007812 0.429688
vt 0.007812 0.679688
vt 0.000000 0.679688
vt 0.000000 0.429688
vt 0.375000 0.671875
vt 0.375000 0.679688
vt 0.000000 0.679688
vt 0.000000 0.671875
vt 1.000000 0.992188
vt 1.000000 1.000000
vt 0.625000 1.000000
vt 0.625000 0.992188
vt 0.375000 0.429688
vt 0.375000 0.679688
vt 0.000000 0.679688
vt 0.000000 0.429688
vt 0.375000 0.429688
vt 0.375000 0.679688
vt 0.000000 0.679688
vt 0.000000 0.429688
vt 0.015625 0.429688
vt 0.015625 0.679688
vt 0.007812 0.679688
vt 0.007812 0.429688
vt 0.015625 0.429688
vt 0.015625 0.679688
vt 0.007812 0.679688
vt 0.007812 0.429688
vt 0.375000 0.437500
vt 0.375000 0.445312
vt 0.000000 0.445312
vt 0.000000 0.437500
vt 0.375000 0.429688
vt 0.375000 0.679688
vt 0.000000 0.679688
vt 0.000000 0.429688
vt 0.007812 0.429688
vt 0.007812 0.679688
vt 0.000000 0.679688
vt 0.000000 0.429688
vt 0.007812 0.429688
vt 0.007812 0.679688
vt 0.000000 0.679688
vt 0.000000 0.429688
vt 0.375000 0.671875
vt 0.375000 0.679688
vt 0.000000 0.679688
vt 0.000000 0.671875
vt 0.375000 0.429688
vt 0.375000 0.679688
vt 0.000000 0.679688
vt 0.000000 0.429688
vt 0.656250 0.218750
vt 0.828125 0.218750
vt 0.828125 0.234375
vt 0.656250 0.234375
vt 0.656250 0.218750
vt 0.828125 0.218750
vt 0.828125 0.234375
vt 0.656250 0.234375
vt 0.656250 0.234375
vt 0.828125 0.234375
vt 0.828125 0.218750
vt 0.656250 0.218750
vt 0.648438 0.234375
vt 0.820312 0.234375
vt 0.820312 0.218750
vt 0.648438 0.218750
vt 0.648438 0.218750
vt 0.820312 0.218750
vt 0.820312 0.234375
vt 0.648438 0.234375
vt 0.656250 0.234375
vt 0.828125 0.234375
vt 0.828125 0.218750
vt 0.656250 0.218750
vt 0.656250 0.218750
vt 0.828125 0.218750
vt 0.828125 0.234375
vt 0.656250 0.234375
vt 0.656250 0.234375
vt 0.828125 0.234375
vt 0.828125 0.218750
vt 0.656250 0.218750
vt 0.015625 0.007812
vt 0.015625 0.164062
vt 0.000000 0.179688
vt 0.000000 0.000000
vt 0.062500 0.101562
vt 0.062500 0.257812
vt 0.046875 0.257812
vt 0.046875 0.101562
vt 0.000000 0.000000
vt 0.000000 0.179688
vt 0.015625 0.179688
vt 0.015625 0.000000
vt 0.015625 0.000000
vt 0.015625 0.179688
vt 0.000000 0.164062
vt 0.000000 0.007812
vt 0.015625 0.000000
vt 0.015625 0.226562
vt 0.000000 0.250000
vt 0.000000 0.000000
vt 0.015625 0.000000
vt 0.015625 0.250000
vt 0.000000 0.226562
vt 0.000000 0.000000
vt 0.000000 0.000000
vt 0.000000 0.250000
vt 0.015625 0.250000
vt 0.015625 0.000000
vt 0.000000 0.007812
vt 0.000000 0.234375
vt 0.015625 0.234375
vt 0.015625 0.007812
vt 0.000000 0.000000
vt 0.000000 0.125000
vt 0.015625 0.125000
vt 0.015625 0.000000
vt 0.000000 0.000000
vt 0.000000 0.125000
vt 0.015625 0.125000
vt 0.015625 0.000000
vt 0.015625 0.000000
vt 0.015625 0.125000
vt 0.000000 0.125000
vt 0.000000 0.000000
vt 0.015625 0.000000
vt 0.015625 0.125000
vt 0.000000 0.125000
vt 0.000000 0.000000
vt 0.000000 0.078125
vt 0.000000 0.000000
vt 0.015625 0.000000
vt 0.015625 0.078125
vt 0.000000 0.078125
vt 0.000000 0.000000
vt 0.015625 0.000000
vt 0.015625 0.078125
vt 0.015625 0.000000
vt 0.015625 0.078125
vt 0.000000 0.078125
vt 0.000000 0.000000
vt 0.015625 0.000000
vt 0.015625 0.078125
vt 0.000000 0.078125
vt 0.000000 0.000000
vt 0.015625 0.109375
vt 0.015625 0.234375
vt 0.000000 0.234375
vt 0.000000 0.109375
vt 0.015625 0.109375
vt 0.015625 0.234375
vt 0.000000 0.234375
vt 0.000000 0.109375
vt 0.000000 0.109375
vt 0.000000 0.234375
vt 0.015625 0.234375
vt 0.015625 0.109375
vt 0.000000 0.109375
vt 0.000000 0.234375
vt 0.015625 0.234375
vt 0.015625 0.109375
vt 0.000000 0.039062
vt 0.000000 0.132812
vt 0.015625 0.132812
vt 0.015625 0.039062
vt 0.000000 0.039062
vt 0.000000 0.132812
vt 0.015625 0.132812
vt 0.015625 0.039062
vt 0.015625 0.132812
vt 0.015625 0.039062
vt 0.000000 0.039062
vt 0.000000 0.132812
vt 0.015625 0.039062
vt 0.015625 0.132812
vt 0.000000 0.132812
vt 0.000000 0.039062
vt 0.890625 0.460938
vt 0.890625 0.585938
vt 0.906250 0.585938
vt 0.906250 0.460938
vt 0.000000 0.023438
vt 0.000000 0.148438
vt 0.015625 0.148438
vt 0.015625 0.023438
vt 0.000000 0.000000
vt 0.015625 0.000000
vt 0.015625 0.125000
vt 0.000000 0.125000
vt 0.320312 0.179688
vt 0.320312 0.304688
vt 0.195312 0.304688
vt 0.195312 0.179688
vt 0.320312 0.179688
vt 0.320312 0.304688
vt 0.195312 0.304688
vt 0.195312 0.179688
vt 0.023438 0.234375
vt 0.007812 0.234375
vt 0.007812 0.109375
vt 0.023438 0.109375
vt 0.023438 0.234375
vt 0.007812 0.234375
vt 0.007812 0.109375
vt 0.023438 0.109375
vt 0.007812 0.234375
vt 0.023438 0.234375
vt 0.023438 0.109375
vt 0.007812 0.109375
vt 0.656250 0.218750
vt 0.828125 0.218750
vt 0.828125 0.234375
vt 0.656250 0.234375
vt 0.656250 0.218750
vt 0.828125 0.218750
vt 0.828125 0.234375
vt 0.656250 0.234375
vt 0.656250 0.234375
vt 0.828125 0.234375
vt 0.828125 0.218750
vt 0.656250 0.218750
vt 0.648438 0.234375
vt 0.820312 0.234375
vt 0.820312 0.218750
vt 0.648438 0.218750
vt 0.648438 0.218750
vt 0.820312 0.218750
vt 0.820312 0.234375
vt 0.648438 0.234375
vt 0.656250 0.234375
vt 0.828125 0.234375
vt 0.828125 0.218750
vt 0.656250 0.218750
vt 0.656250 0.218750
vt 0.828125 0.218750
vt 0.828125 0.234375
vt 0.656250 0.234375
vt 0.656250 0.234375
vt 0.828125 0.234375
vt 0.828125 0.218750
vt 0.656250 0.218750
vt 0.000000 0.179688
vt 0.015625 0.164062
vt 0.015625 0.007812
vt 0.000000 0.000000
vt 0.046875 0.257812
vt 0.062500 0.257812
vt 0.062500 0.101562
vt 0.046875 0.101562
vt 0.015625 0.179688
vt 0.000000 0.179688
vt 0.000000 0.000000
vt 0.015625 0.000000
vt 0.000000 0.164062
vt 0.015625 0.179688
vt 0.015625 0.000000
vt 0.000000 0.007812
vt 0.000000 0.250000
vt 0.015625 0.226562
vt 0.015625 0.000000
vt 0.000000 0.000000
vt 0.000000 0.226562
vt 0.015625 0.250000
vt 0.015625 0.000000
vt 0.000000 0.000000
vt 0.015625 0.250000
vt 0.000000 0.250000
vt 0.000000 0.000000
vt 0.015625 0.000000
vt 0.015625 0.234375
vt 0.000000 0.234375
vt 0.000000 0.007812
vt 0.015625 0.007812
vt 0.015625 0.125000
vt 0.000000 0.125000
vt 0.000000 0.000000
vt 0.015625 0.000000
vt 0.015625 0.125000
vt 0.000000 0.125000
vt 0.000000 0.000000
vt 0.015625 0.000000
vt 0.000000 0.125000
vt 0.015625 0.125000
vt 0.015625 0.000000
vt 0.000000 0.000000
vt 0.000000 0.125000
vt 0.015625 0.125000
vt 0.015625 0.000000
vt 0.000000 0.000000
vt 0.015625 0.000000
vt 0.000000 0.000000
vt 0.000000 0.078125
vt 0.015625 0.078125
vt 0.015625 0.000000
vt 0.000000 0.000000
vt 0.000000 0.078125
vt 0.015625 0.078125
vt 0.000000 0.078125
vt 0.015625 0.078125
vt 0.015625 0.000000
vt 0.000000 0.000000
vt 0.000000 0.078125
vt 0.015625 0.078125
vt 0.015625 0.000000
vt 0.000000 0.000000
vt 0.000000 0.234375
vt 0.015625 0.234375
vt 0.015625 0.109375
vt 0.000000 0.109375
vt 0.000000 0.234375
vt 0.015625 0.234375
vt 0.015625 0.109375
vt 0.000000 0.109375
vt 0.015625 0.234375
vt 0.000000 0.234375
vt 0.000000 0.109375
vt 0.015625 0.109375
vt 0.015625 0.234375
vt 0.000000 0.234375
vt 0.000000 0.109375
vt 0.015625 0.109375
vt 0.015625 0.132812
vt 0.000000 0.132812
vt 0.000000 0.039062
vt 0.015625 0.039062
vt 0.015625 0.132812
vt 0.000000 0.132812
vt 0.000000 0.039062
vt 0.015625 0.039062
vt 0.000000 0.039062
vt 0.015625 0.039062
vt 0.015625 0.132812
vt 0.000000 0.132812
vt 0.000000 0.132812
vt 0.015625 0.132812
vt 0.015625 0.039062
vt 0.000000 0.039062
vt 0.906250 0.585938
vt 0.890625 0.585938
vt 0.890625 0.460938
vt 0.906250 0.460938
vt 0.015625 0.148438
vt 0.000000 0.148438
vt 0.000000 0.023438
vt 0.015625 0.023438
vt 0.015625 0.125000
vt 0.015625 0.000000
vt 0.000000 0.000000
vt 0.000000 0.125000
vt 0.195312 0.304688
vt 0.320312 0.304688
vt 0.320312 0.179688
vt 0.195312 0.179688
vt 0.195312 0.304688
vt 0.320312 0.304688
vt 0.320312 0.179688
vt 0.195312 0.179688
vt 0.007812 0.109375
vt 0.007812 0.234375
vt 0.023438 0.234375
vt 0.023438 0.109375
vt 0.007812 0.109375
vt 0.007812 0.234375
vt 0.023438 0.234375
vt 0.023438 0.109375
vt 0.023438 0.109375
vt 0.023438 0.234375
vt 0.007812 0.234375
vt 0.007812 0.109375
vt 0.015625 0.031250
vt 0.070312 0.031250
vt 0.070312 0.156250
vt 0.015625 0.156250
vt 0.578125 0.359375
vt 0.632812 0.359375
vt 0.632812 0.484375
vt 0.578125 0.484375
vt 0.710938 0.218750
vt 0.710938 0.156250
vt 0.585938 0.156250
vt 0.585938 0.218750
vt 0.015625 0.242188
vt 0.015625 0.125000
vt 0.070312 0.125000
vt 0.070312 0.242188
vt 0.070312 0.000000
vt 0.070312 0.117188
vt 0.015625 0.117188
vt 0.015625 0.000000
vt 0.750000 0.125000
vt 0.750000 0.226562
vt 0.625000 0.226562
vt 0.625000 0.125000
vt 0.578125 0.359375
vt 0.578125 0.484375
vt 0.632812 0.484375
vt 0.632812 0.359375
vt 0.750000 0.125000
vt 0.625000 0.125000
vt 0.625000 0.000000
vt 0.750000 0.000000
vt 0.070312 0.000000
vt 0.070312 0.125000
vt 0.015625 0.125000
vt 0.015625 0.000000
vt 0.015625 0.242188
vt 0.015625 0.125000
vt 0.070312 0.125000
vt 0.070312 0.242188
vt 0.015625 0.242188
vt 0.015625 0.117188
vt 0.070312 0.117188
vt 0.070312 0.242188
vt 0.070312 0.000000
vt 0.070312 0.125000
vt 0.015625 0.125000
vt 0.015625 0.000000
vt 0.640625 0.359375
vt 0.640625 0.484375
vt 0.585938 0.484375
vt 0.585938 0.359375
vt 0.070312 0.000000
vt 0.070312 0.242188
vt 0.015625 0.242188
vt 0.015625 0.000000
vt 0.015625 0.242188
vt 0.015625 0.125000
vt 0.070312 0.125000
vt 0.070312 0.242188
vt 0.750000 0.242188
vt 0.625000 0.242188
vt 0.625000 0.000000
vt 0.750000 0.000000
vt 0.015625 0.242188
vt 0.015625 0.117188
vt 0.070312 0.117188
vt 0.070312 0.242188
vt 0.718750 0.218750
vt 0.718750 0.203125
vt 0.593750 0.203125
vt 0.593750 0.218750
vt 0.070312 0.000000
vt 0.070312 0.117188
vt 0.015625 0.117188
vt 0.015625 0.000000
vt 0.750000 0.000000
vt 0.625000 0.000000
vt 0.625000 0.125000
vt 0.750000 0.125000
vt 0.070312 0.000000
vt 0.070312 0.125000
vt 0.015625 0.125000
vt 0.015625 0.000000
vt 0.015625 0.242188
vt 0.015625 0.117188
vt 0.070312 0.117188
vt 0.070312 0.242188
vt 0.750000 0.000000
vt 0.625000 0.000000
vt 0.625000 0.242188
vt 0.750000 0.242188
vt 0.070312 0.000000
vt 0.070312 0.117188
vt 0.015625 0.117188
vt 0.015625 0.000000
vt 0.632812 0.359375
vt 0.578125 0.359375
vt 0.578125 0.484375
vt 0.632812 0.484375
vt 0.726562 0.101562
vt 0.726562 0.218750
vt 0.601562 0.218750
vt 0.601562 0.101562
vt 0.750000 0.250000
vt 0.750000 0.000000
vt 1.000000 0.000000
vt 1.000000 0.250000
vt 0.070312 0.000000
vt 0.070312 0.242188
vt 0.015625 0.242188
vt 0.015625 0.000000
vt 0.070312 0.195312
vt 0.015625 0.195312
vt 0.015625 0.070312
vt 0.070312 0.070312
vt 0.632812 0.375000
vt 0.578125 0.375000
vt 0.578125 0.359375
vt 0.632812 0.359375
vt 0.578125 0.359375
vt 0.632812 0.359375
vt 0.632812 0.375000
vt 0.578125 0.375000
vt 0.632812 0.375000
vt 0.578125 0.375000
vt 0.578125 0.359375
vt 0.632812 0.359375
vt 0.632812 0.375000
vt 0.578125 0.375000
vt 0.578125 0.359375
vt 0.632812 0.359375
vt 0.632812 0.375000
vt 0.578125 0.375000
vt 0.578125 0.359375
vt 0.632812 0.359375
vt 0.632812 0.375000
vt 0.578125 0.375000
vt 0.578125 0.359375
vt 0.632812 0.359375
vt 0.632812 0.375000
vt 0.578125 0.375000
vt 0.578125 0.359375
vt 0.632812 0.359375
vt 0.578125 0.359375
vt 0.632812 0.359375
vt 0.632812 0.375000
vt 0.578125 0.375000
vt 0.632812 0.375000
vt 0.578125 0.375000
vt 0.578125 0.359375
vt 0.632812 0.359375
vt 0.632812 0.375000
vt 0.578125 0.375000
vt 0.578125 0.359375
vt 0.632812 0.359375
vt 0.578125 0.359375
vt 0.632812 0.359375
vt 0.632812 0.375000
vt 0.578125 0.375000
vt 0.632812 0.375000
vt 0.578125 0.375000
vt 0.578125 0.359375
vt 0.632812 0.359375
vt 0.500000 1.000000
vt 0.000000 1.000000
vt 0.000000 0.875000
vt 0.500000 0.875000
vt 1.000000 0.875000
vt 1.000000 1.000000
vt 0.375000 1.000000
vt 0.375000 0.875000
vt 0.000000 0.500000
vt 0.000000 1.000000
vt 0.625000 1.000000
vt 0.625000 0.500000
vt 0.625000 0.500000
vt 0.625000 1.000000
vt 0.000000 1.000000
vt 0.000000 0.500000
vt 0.500000 1.000000
vt 0.000000 1.000000
vt 0.000000 0.875000
vt 0.500000 0.875000
vt 0.625000 0.875000
vt 0.625000 1.000000
vt 0.000000 1.000000
vt 0.000000 0.875000
vt 0.125000 0.500000
vt 0.125000 1.000000
vt 0.750000 1.000000
vt 0.750000 0.500000
vt 0.000000 0.500000
vt 0.000000 1.000000
vt 0.625000 1.000000
vt 0.625000 0.500000
vt 0.000000 1.000000
vt 0.000000 0.750000
vt 0.015625 0.750000
vt 0.015625 1.000000
vt 0.125000 0.437500
vt 0.125000 0.429688
vt 0.000000 0.429688
vt 0.000000 0.437500
vt 0.375000 1.000000
vt 0.250000 1.000000
vt 0.250000 0.875000
vt 0.375000 0.875000
vt 0.500000 0.750000
vt 0.500000 0.500000
vt 0.750000 0.500000
vt 0.750000 0.750000
vt 0.140625 1.000000
vt 0.328125 1.000000
vt 0.328125 0.875000
vt 0.140625 0.875000
vt 0.234375 0.750000
vt 0.609375 0.750000
vt 0.609375 1.000000
vt 0.234375 1.000000
vt 0.109375 0.992188
vt 0.296875 0.992188
vt 0.296875 1.000000
vt 0.109375 1.000000
vt 0.375000 1.000000
vt 0.000000 1.000000
vt 0.000000 0.984375
vt 0.375000 0.984375
vt 0.484375 0.875000
vt 0.296875 0.875000
vt 0.296875 1.000000
vt 0.484375 1.000000
vt 0.484375 1.000000
vt 0.296875 1.000000
vt 0.296875 0.992188
vt 0.484375 0.992188
vt 0.609375 1.000000
vt 0.234375 1.000000
vt 0.234375 0.750000
vt 0.609375 0.750000
vt 0.000000 0.984375
vt 0.375000 0.984375
vt 0.375000 1.000000
vt 0.000000 1.000000
vt 0.000000 0.500000
vt 0.000000 0.250000
vt 0.015625 0.250000
vt 0.015625 0.500000
vt 0.125000 0.437500
vt 0.125000 0.429688
vt 0.000000 0.429688
vt 0.000000 0.437500
vt 0.375000 0.875000
vt 0.250000 0.875000
vt 0.250000 1.000000
vt 0.375000 1.000000
vt 0.000000 0.750000
vt 0.000000 0.500000
vt 0.250000 0.500000
vt 0.250000 0.750000
vt 0.273438 0.437500
vt 0.023438 0.437500
vt 0.023438 0.429688
vt 0.273438 0.429688
vt 0.031250 0.500000
vt 0.031250 1.000000
vt 0.015625 1.000000
vt 0.015625 0.500000
vt 0.125000 0.437500
vt 0.125000 0.429688
vt 0.000000 0.429688
vt 0.000000 0.437500
vt 0.375000 1.000000
vt 0.125000 1.000000
vt 0.125000 0.875000
vt 0.375000 0.875000
vt 0.250000 0.500000
vt 0.250000 1.000000
vt 0.000000 1.000000
vt 0.000000 0.500000
vt 0.015625 0.500000
vt 0.015625 1.000000
vt 0.000000 1.000000
vt 0.000000 0.500000
vt 0.273438 0.437500
vt 0.023438 0.437500
vt 0.023438 0.429688
vt 0.273438 0.429688
vt 0.125000 0.437500
vt 0.125000 0.429688
vt 0.000000 0.429688
vt 0.000000 0.437500
vt 0.375000 0.875000
vt 0.125000 0.875000
vt 0.125000 1.000000
vt 0.375000 1.000000
vt 0.750000 0.500000
vt 0.750000 1.000000
vt 0.500000 1.000000
vt 0.500000 0.500000
vt 0.125000 0.875000
vt 0.250000 0.875000
vt 0.250000 1.000000
vt 0.125000 1.000000
vt 0.273438 0.437500
vt 0.148438 0.437500
vt 0.148438 0.429688
vt 0.273438 0.429688
vt 0.750000 0.250000
vt 0.750000 0.500000
vt 0.500000 0.500000
vt 0.500000 0.250000
vt 0.015625 0.500000
vt 0.015625 0.750000
vt 0.000000 0.750000
vt 0.000000 0.500000
vt 0.273438 0.437500
vt 0.148438 0.437500
vt 0.148438 0.429688
vt 0.273438 0.429688
vt 0.125000 1.000000
vt 0.250000 1.000000
vt 0.250000 0.875000
vt 0.125000 0.875000
vt 0.015625 0.000000
vt 0.015625 0.250000
vt 0.000000 0.250000
vt 0.000000 0.000000
vt 0.250000 0.250000
vt 0.250000 0.500000
vt 0.000000 0.500000
vt 0.000000 0.250000
vt 0.640625 0.382812
vt 0.640625 0.445312
vt 0.632812 0.445312
vt 0.632812 0.382812
vt 0.640625 0.382812
vt 0.640625 0.445312
vt 0.632812 0.445312
vt 0.632812 0.382812
vt 1.000000 0.453125
vt 1.000000 0.460938
vt 0.875000 0.460938
vt 0.875000 0.453125
vt 0.210938 0.367188
vt 0.210938 0.429688
vt 0.085938 0.429688
vt 0.085938 0.367188
vt 0.085938 0.367188
vt 0.085938 0.335938
vt 0.210938 0.335938
vt 0.210938 0.367188
vt 0.546875 0.750000
vt 0.671875 0.750000
vt 0.671875 0.500000
vt 0.546875 0.500000
vt 0.203125 0.750000
vt 0.078125 0.750000
vt 0.078125 0.500000
vt 0.203125 0.500000
vt 0.750000 1.000000
vt 0.750000 0.937500
vt 1.000000 0.937500
vt 1.000000 1.000000
vt 0.203125 1.000000
vt 0.078125 1.000000
vt 0.078125 0.750000
vt 0.203125 0.750000
vt 0.546875 0.500000
vt 0.671875 0.500000
vt 0.671875 0.250000
vt 0.546875 0.250000
vt 0.632812 0.445312
vt 0.640625 0.445312
vt 0.640625 0.382812
vt 0.632812 0.382812
vt 0.632812 0.445312
vt 0.640625 0.445312
vt 0.640625 0.382812
vt 0.632812 0.382812
vt 0.875000 0.460938
vt 1.000000 0.460938
vt 1.000000 0.453125
vt 0.875000 0.453125
vt 0.210938 0.429688
vt 0.335938 0.429688
vt 0.335938 0.367188
vt 0.210938 0.367188
vt 0.335938 0.367188
vt 0.335938 0.335938
vt 0.210938 0.335938
vt 0.210938 0.367188
vt 0.187500 1.000000
vt 0.296875 1.000000
vt 0.296875 0.937500
vt 0.187500 0.937500
vt 0.562500 0.750000
vt 0.453125 0.750000
vt 0.453125 0.500000
vt 0.562500 0.500000
vt 0.187500 0.750000
vt 0.296875 0.750000
vt 0.296875 0.500000
vt 0.187500 0.500000
vt 1.000000 1.000000
vt 1.000000 0.937500
vt 0.750000 0.937500
vt 0.750000 1.000000
vt 0.187500 1.000000
vt 0.296875 1.000000
vt 0.296875 0.750000
vt 0.187500 0.750000
vt 0.562500 0.500000
vt 0.453125 0.500000
vt 0.453125 0.250000
vt 0.562500 0.250000
vt 0.585938 0.218750
vt 0.585938 0.164062
vt 0.710938 0.164062
vt 0.710938 0.218750
vt 0.625000 0.125000
vt 0.625000 0.226562
vt 0.750000 0.226562
vt 0.750000 0.125000
vt 0.609375 0.218750
vt 0.609375 0.203125
vt 0.734375 0.203125
vt 0.734375 0.218750
vt 0.187500 0.750000
vt 0.062500 0.750000
vt 0.062500 1.000000
vt 0.187500 1.000000
vt 0.187500 0.500000
vt 0.062500 0.500000
vt 0.062500 0.750000
vt 0.187500 0.750000
vt 0.562500 0.250000
vt 0.687500 0.250000
vt 0.687500 0.500000
vt 0.562500 0.500000
vt 0.562500 0.500000
vt 0.687500 0.500000
vt 0.687500 0.750000
vt 0.562500 0.750000
vt 0.062500 1.000000
vt 0.062500 0.937500
vt 0.000000 0.937500
vt 0.000000 1.000000
vt 0.000000 1.000000
vt 0.062500 1.000000
vt 0.062500 0.750000
vt 0.000000 0.750000
vt 0.000000 0.750000
vt 0.062500 0.750000
vt 0.062500 0.500000
vt 0.000000 0.500000
vt 0.750000 0.500000
vt 0.687500 0.500000
vt 0.687500 0.250000
vt 0.750000 0.250000
vt 0.750000 0.750000
vt 0.687500 0.750000
vt 0.687500 0.500000
vt 0.750000 0.500000
vt 0.062500 0.875000
vt 0.062500 0.937500
vt 0.187500 0.937500
vt 0.187500 0.875000
vt 0.187500 0.937500
vt 0.296875 0.937500
vt 0.296875 0.875000
vt 0.187500 0.875000
vt 0.000000 0.875000
vt 0.000000 0.937500
vt 0.062500 0.937500
vt 0.062500 0.875000
vt 0.750000 0.875000
vt 0.750000 0.937500
vt 1.000000 0.937500
vt 1.000000 0.875000
vt 0.210938 0.304688
vt 0.210938 0.335938
vt 0.335938 0.335938
vt 0.335938 0.304688
vt 0.453125 0.500000
vt 0.328125 0.500000
vt 0.328125 0.250000
vt 0.453125 0.250000
vt 0.453125 0.750000
vt 0.328125 0.750000
vt 0.328125 0.500000
vt 0.453125 0.500000
vt 0.296875 0.937500
vt 0.421875 0.937500
vt 0.421875 0.875000
vt 0.296875 0.875000
vt 0.296875 1.000000
vt 0.421875 1.000000
vt 0.421875 0.750000
vt 0.296875 0.750000
vt 0.296875 0.750000
vt 0.421875 0.750000
vt 0.421875 0.500000
vt 0.296875 0.500000
vt 0.625000 0.937500
vt 0.421875 0.937500
vt 0.421875 1.000000
vt 0.625000 1.000000
vt 0.125000 0.250000
vt 0.328125 0.250000
vt 0.328125 0.500000
vt 0.125000 0.500000
vt 0.125000 0.500000
vt 0.328125 0.500000
vt 0.328125 0.750000
vt 0.125000 0.750000
vt 0.625000 0.875000
vt 0.421875 0.875000
vt 0.421875 0.937500
vt 0.625000 0.937500
vt 0.625000 0.750000
vt 0.421875 0.750000
vt 0.421875 1.000000
vt 0.625000 1.000000
vt 0.625000 0.500000
vt 0.421875 0.500000
vt 0.421875 0.750000
vt 0.625000 0.750000
vt 0.203125 0.937500
vt 0.078125 0.937500
vt 0.078125 0.875000
vt 0.203125 0.875000
vt 1.000000 0.875000
vt 1.000000 0.937500
vt 0.750000 0.937500
vt 0.750000 0.875000
vt 0.210938 0.304688
vt 0.210938 0.335938
vt 0.085938 0.335938
vt 0.085938 0.304688
vt 0.203125 0.875000
vt 0.312500 0.875000
vt 0.312500 0.937500
vt 0.203125 0.937500
vt 0.203125 0.750000
vt 0.312500 0.750000
vt 0.312500 1.000000
vt 0.203125 1.000000
vt 0.203125 0.500000
vt 0.312500 0.500000
vt 0.312500 0.750000
vt 0.203125 0.750000
vt 0.203125 0.937500
vt 0.312500 0.937500
vt 0.312500 1.000000
vt 0.203125 1.000000
vt 0.546875 0.250000
vt 0.437500 0.250000
vt 0.437500 0.500000
vt 0.546875 0.500000
vt 0.546875 0.500000
vt 0.437500 0.500000
vt 0.437500 0.750000
vt 0.546875 0.750000
vt 0.000000 0.937500
vt 0.078125 0.937500
vt 0.078125 1.000000
vt 0.000000 1.000000
vt 0.750000 0.250000
vt 0.671875 0.250000
vt 0.671875 0.500000
vt 0.750000 0.500000
vt 0.750000 0.500000
vt 0.671875 0.500000
vt 0.671875 0.750000
vt 0.750000 0.750000
vt 0.000000 0.875000
vt 0.078125 0.875000
vt 0.078125 0.937500
vt 0.000000 0.937500
vt 0.000000 0.750000
vt 0.078125 0.750000
vt 0.078125 1.000000
vt 0.000000 1.000000
vt 0.000000 0.500000
vt 0.078125 0.500000
vt 0.078125 0.750000
vt 0.000000 0.750000
vt 0.312500 0.875000
vt 0.437500 0.875000
vt 0.437500 0.937500
vt 0.312500 0.937500
vt 0.312500 0.750000
vt 0.437500 0.750000
vt 0.437500 1.000000
vt 0.312500 1.000000
vt 0.312500 0.500000
vt 0.437500 0.500000
vt 0.437500 0.750000
vt 0.312500 0.750000
vt 0.437500 0.250000
vt 0.312500 0.250000
vt 0.312500 0.500000
vt 0.437500 0.500000
vt 0.437500 0.500000
vt 0.312500 0.500000
vt 0.312500 0.750000
vt 0.437500 0.750000
vt 0.625000 1.000000
vt 0.437500 1.000000
vt 0.437500 0.937500
vt 0.625000 0.937500
vt 0.625000 0.937500
vt 0.437500 0.937500
vt 0.437500 0.875000
vt 0.625000 0.875000
vt 0.625000 1.000000
vt 0.437500 1.000000
vt 0.437500 0.750000
vt 0.625000 0.750000
vt 0.625000 0.750000
vt 0.437500 0.750000
vt 0.437500 0.500000
vt 0.625000 0.500000
vt 0.125000 0.500000
vt 0.312500 0.500000
vt 0.312500 0.250000
vt 0.125000 0.250000
vt 0.125000 0.750000
vt 0.312500 0.750000
vt 0.312500 0.500000
vt 0.125000 0.500000
vt 0.625000 0.484375
vt 0.625000 0.609375
vt 0.609375 0.609375
vt 0.609375 0.484375
vt 0.515625 0.484375
vt 0.515625 0.609375
vt 0.500000 0.609375
vt 0.500000 0.484375
vt 0.625000 0.593750
vt 0.625000 0.609375
vt 0.500000 0.609375
vt 0.500000 0.593750
vt 0.625000 0.484375
vt 0.625000 0.500000
vt 0.500000 0.500000
vt 0.500000 0.484375
vt 0.625000 0.484375
vt 0.625000 0.609375
vt 0.500000 0.609375
vt 0.500000 0.484375
vt 0.625000 0.484375
vt 0.625000 0.609375
vt 0.609375 0.609375
vt 0.609375 0.484375
vt 0.515625 0.484375
vt 0.515625 0.609375
vt 0.500000 0.609375
vt 0.500000 0.484375
vt 0.625000 0.593750
vt 0.625000 0.609375
vt 0.500000 0.609375
vt 0.500000 0.593750
vt 0.625000 0.484375
vt 0.625000 0.500000
vt 0.500000 0.500000
vt 0.500000 0.484375
vt 0.625000 0.484375
vt 0.625000 0.609375
vt 0.500000 0.609375
vt 0.500000 0.484375
vt 0.507812 0.492188
vt 0.507812 0.515625
vt 0.500000 0.515625
vt 0.500000 0.492188
vt 0.484375 0.492188
vt 0.484375 0.515625
vt 0.476562 0.515625
vt 0.476562 0.492188
vt 0.507812 0.492188
vt 0.507812 0.515625
vt 0.476562 0.515625
vt 0.476562 0.492188
vt 0.507812 0.492188
vt 0.507812 0.515625
vt 0.476562 0.515625
vt 0.476562 0.492188
vt 0.468750 0.492188
vt 0.468750 0.515625
vt 0.460938 0.515625
vt 0.460938 0.492188
vt 0.445312 0.492188
vt 0.445312 0.515625
vt 0.437500 0.515625
vt 0.437500 0.492188
vt 0.468750 0.492188
vt 0.468750 0.515625
vt 0.437500 0.515625
vt 0.437500 0.492188
vt 0.468750 0.492188
vt 0.468750 0.515625
vt 0.437500 0.515625
vt 0.437500 0.492188
vt 0.546875 0.492188
vt 0.546875 0.515625
vt 0.539062 0.515625
vt 0.539062 0.492188
vt 0.523438 0.492188
vt 0.523438 0.515625
vt 0.515625 0.515625
vt 0.515625 0.492188
vt 0.546875 0.492188
vt 0.546875 0.515625
vt 0.515625 0.515625
vt 0.515625 0.492188
vt 0.546875 0.492188
vt 0.546875 0.515625
vt 0.515625 0.515625
vt 0.515625 0.492188
vt 0.585938 0.492188
vt 0.585938 0.515625
vt 0.578125 0.515625
vt 0.578125 0.492188
vt 0.562500 0.492188
vt 0.562500 0.515625
vt 0.554688 0.515625
vt 0.554688 0.492188
vt 0.585938 0.492188
vt 0.585938 0.515625
vt 0.554688 0.515625
vt 0.554688 0.492188
vt 0.585938 0.492188
vt 0.585938 0.515625
vt 0.554688 0.515625
vt 0.554688 0.492188
vt 0.625000 0.484375
vt 0.625000 0.609375
vt 0.609375 0.609375
vt 0.609375 0.484375
vt 0.515625 0.484375
vt 0.515625 0.609375
vt 0.500000 0.609375
vt 0.500000 0.484375
vt 0.625000 0.593750
vt 0.625000 0.609375
vt 0.500000 0.609375
vt 0.500000 0.593750
vt 0.625000 0.484375
vt 0.625000 0.500000
vt 0.500000 0.500000
vt 0.500000 0.484375
vt 0.625000 0.484375
vt 0.625000 0.609375
vt 0.500000 0.609375
vt 0.500000 0.484375
vt 0.625000 0.484375
vt 0.625000 0.609375
vt 0.609375 0.609375
vt 0.609375 0.484375
vt 0.515625 0.484375
vt 0.515625 0.609375
vt 0.500000 0.609375
vt 0.500000 0.484375
vt 0.625000 0.593750
vt 0.625000 0.609375
vt 0.500000 0.609375
vt 0.500000 0.593750
vt 0.625000 0.484375
vt 0.625000 0.500000
vt 0.500000 0.500000
vt 0.500000 0.484375
vt 0.625000 0.484375
vt 0.625000 0.609375
vt 0.500000 0.609375
vt 0.500000 0.484375
vt 0.320312 0.187500
vt 0.320312 0.250000
vt 0.335938 0.250000
vt 0.335938 0.187500
vt 0.335938 0.179688
vt 0.335938 0.242188
vt 0.320312 0.242188
vt 0.320312 0.179688
vt 0.335938 0.195312
vt 0.335938 0.218750
vt 0.328125 0.218750
vt 0.328125 0.195312
vt 0.328125 0.179688
vt 0.328125 0.242188
vt 0.335938 0.242188
vt 0.335938 0.179688
vt 0.335938 0.179688
vt 0.335938 0.242188
vt 0.328125 0.242188
vt 0.328125 0.179688
vt 0.320312 0.187500
vt 0.320312 0.250000
vt 0.335938 0.250000
vt 0.335938 0.187500
vt 0.335938 0.179688
vt 0.335938 0.242188
vt 0.320312 0.242188
vt 0.320312 0.179688
vt 0.335938 0.195312
vt 0.335938 0.218750
vt 0.328125 0.218750
vt 0.328125 0.195312
vt 0.328125 0.179688
vt 0.328125 0.242188
vt 0.335938 0.242188
vt 0.335938 0.179688
vt 0.335938 0.179688
vt 0.335938 0.242188
vt 0.328125 0.242188
vt 0.328125 0.179688
vt 0.320312 0.187500
vt 0.320312 0.250000
vt 0.335938 0.250000
vt 0.335938 0.187500
vt 0.335938 0.179688
vt 0.335938 0.242188
vt 0.320312 0.242188
vt 0.320312 0.179688
vt 0.335938 0.195312
vt 0.335938 0.218750
vt 0.328125 0.218750
vt 0.328125 0.195312
vt 0.328125 0.179688
vt 0.328125 0.242188
vt 0.335938 0.242188
vt 0.335938 0.179688
vt 0.335938 0.179688
vt 0.335938 0.242188
vt 0.328125 0.242188
vt 0.328125 0.179688
vt 0.320312 0.187500
vt 0.320312 0.250000
vt 0.335938 0.250000
vt 0.335938 0.187500
vt 0.335938 0.179688
vt 0.335938 0.242188
vt 0.320312 0.242188
vt 0.320312 0.179688
vt 0.335938 0.195312
vt 0.335938 0.218750
vt 0.328125 0.218750
vt 0.328125 0.195312
vt 0.328125 0.179688
vt 0.328125 0.242188
vt 0.335938 0.242188
vt 0.335938 0.179688
vt 0.335938 0.179688
vt 0.335938 0.242188
vt 0.328125 0.242188
vt 0.328125 0.179688
vt 0.320312 0.187500
vt 0.320312 0.250000
vt 0.335938 0.250000
vt 0.335938 0.187500
vt 0.335938 0.179688
vt 0.335938 0.242188
vt 0.320312 0.242188
vt 0.320312 0.179688
vt 0.335938 0.195312
vt 0.335938 0.218750
vt 0.328125 0.218750
vt 0.328125 0.195312
vt 0.328125 0.179688
vt 0.328125 0.242188
vt 0.335938 0.242188
vt 0.335938 0.179688
vt 0.335938 0.179688
vt 0.335938 0.242188
vt 0.328125 0.242188
vt 0.328125 0.179688
vt 0.390625 0.125000
vt 0.390625 0.250000
vt 0.382812 0.250000
vt 0.382812 0.125000
vt 0.414062 0.125000
vt 0.414062 0.132812
vt 0.382812 0.132812
vt 0.382812 0.125000
vt 0.414062 0.125000
vt 0.414062 0.132812
vt 0.382812 0.132812
vt 0.382812 0.125000
vt 0.382812 0.125000
vt 0.382812 0.250000
vt 0.414062 0.250000
vt 0.414062 0.125000
vt 0.414062 0.125000
vt 0.414062 0.250000
vt 0.382812 0.250000
vt 0.382812 0.125000
vt 0.359375 0.179688
vt 0.359375 0.250000
vt 0.351562 0.250000
vt 0.351562 0.179688
vt 0.351562 0.179688
vt 0.351562 0.250000
vt 0.382812 0.250000
vt 0.382812 0.179688
vt 0.382812 0.179688
vt 0.382812 0.250000
vt 0.351562 0.250000
vt 0.351562 0.179688
vt 0.359375 0.179688
vt 0.359375 0.250000
vt 0.351562 0.250000
vt 0.351562 0.179688
vt 0.351562 0.179688
vt 0.351562 0.250000
vt 0.382812 0.250000
vt 0.382812 0.179688
vt 0.382812 0.179688
vt 0.382812 0.250000
vt 0.351562 0.250000
vt 0.351562 0.179688
vt 0.390625 0.671875
vt 0.390625 0.718750
vt 0.375000 0.718750
vt 0.375000 0.671875
vt 0.437500 0.687500
vt 0.437500 0.734375
vt 0.421875 0.734375
vt 0.421875 0.687500
vt 0.375000 0.718750
vt 0.375000 0.734375
vt 0.437500 0.734375
vt 0.437500 0.718750
vt 1.000000 0.000000
vt 1.000000 0.000000
vt 1.000000 0.000000
vt 1.000000 0.000000
vt 0.062500 0.687500
vt 0.062500 0.734375
vt 0.000000 0.734375
vt 0.000000 0.687500
vt 0.375000 0.453125
vt 0.375000 0.578125
vt 0.437500 0.578125
vt 0.437500 0.453125
vt 0.375000 0.453125
vt 0.375000 0.578125
vt 0.437500 0.578125
vt 0.437500 0.453125
vt 0.437500 0.578125
vt 0.375000 0.578125
vt 0.375000 0.453125
vt 0.437500 0.453125
vt 0.734375 0.835938
vt 0.734375 0.898438
vt 0.609375 0.898438
vt 0.609375 0.835938
vt 0.539062 0.000000
vt 0.539062 0.125000
vt 0.414062 0.125000
vt 0.414062 0.000000
vt 0.539062 0.000000
vt 0.539062 0.125000
vt 0.414062 0.125000
vt 0.414062 0.000000
vt 0.335938 0.250000
vt 0.320312 0.250000
vt 0.320312 0.187500
vt 0.335938 0.187500
vt 0.320312 0.242188
vt 0.335938 0.242188
vt 0.335938 0.179688
vt 0.320312 0.179688
vt 0.328125 0.218750
vt 0.335938 0.218750
vt 0.335938 0.195312
vt 0.328125 0.195312
vt 0.335938 0.242188
vt 0.328125 0.242188
vt 0.328125 0.179688
vt 0.335938 0.179688
vt 0.328125 0.242188
vt 0.335938 0.242188
vt 0.335938 0.179688
vt 0.328125 0.179688
vt 0.335938 0.250000
vt 0.320312 0.250000
vt 0.320312 0.187500
vt 0.335938 0.187500
vt 0.320312 0.242188
vt 0.335938 0.242188
vt 0.335938 0.179688
vt 0.320312 0.179688
vt 0.328125 0.218750
vt 0.335938 0.218750
vt 0.335938 0.195312
vt 0.328125 0.195312
vt 0.335938 0.242188
vt 0.328125 0.242188
vt 0.328125 0.179688
vt 0.335938 0.179688
vt 0.328125 0.242188
vt 0.335938 0.242188
vt 0.335938 0.179688
vt 0.328125 0.179688
vt 0.335938 0.250000
vt 0.320312 0.250000
vt 0.320312 0.187500
vt 0.335938 0.187500
vt 0.320312 0.242188
vt 0.335938 0.242188
vt 0.335938 0.179688
vt 0.320312 0.179688
vt 0.328125 0.218750
vt 0.335938 0.218750
vt 0.335938 0.195312
vt 0.328125 0.195312
vt 0.335938 0.242188
vt 0.328125 0.242188
vt 0.328125 0.179688
vt 0.335938 0.179688
vt 0.328125 0.242188
vt 0.335938 0.242188
vt 0.335938 0.179688
vt 0.328125 0.179688
vt 0.335938 0.250000
vt 0.320312 0.250000
vt 0.320312 0.187500
vt 0.335938 0.187500
vt 0.320312 0.242188
vt 0.335938 0.242188
vt 0.335938 0.179688
vt 0.320312 0.179688
vt 0.328125 0.218750
vt 0.335938 0.218750
vt 0.335938 0.195312
vt 0.328125 0.195312
vt 0.335938 0.242188
vt 0.328125 0.242188
vt 0.328125 0.179688
vt 0.335938 0.179688
vt 0.328125 0.242188
vt 0.335938 0.242188
vt 0.335938 0.179688
vt 0.328125 0.179688
vt 0.335938 0.250000
vt 0.320312 0.250000
vt 0.320312 0.187500
vt 0.335938 0.187500
vt 0.320312 0.242188
vt 0.335938 0.242188
vt 0.335938 0.179688
vt 0.320312 0.179688
vt 0.328125 0.218750
vt 0.335938 0.218750
vt 0.335938 0.195312
vt 0.328125 0.195312
vt 0.335938 0.242188
vt 0.328125 0.242188
vt 0.328125 0.179688
vt 0.335938 0.179688
vt 0.328125 0.242188
vt 0.335938 0.242188
vt 0.335938 0.179688
vt 0.328125 0.179688
vt 0.382812 0.250000
vt 0.390625 0.250000
vt 0.390625 0.125000
vt 0.382812 0.125000
vt 0.382812 0.132812
vt 0.414062 0.132812
vt 0.414062 0.125000
vt 0.382812 0.125000
vt 0.382812 0.132812
vt 0.414062 0.132812
vt 0.414062 0.125000
vt 0.382812 0.125000
vt 0.414062 0.250000
vt 0.382812 0.250000
vt 0.382812 0.125000
vt 0.414062 0.125000
vt 0.382812 0.250000
vt 0.414062 0.250000
vt 0.414062 0.125000
vt 0.382812 0.125000
vt 0.351562 0.250000
vt 0.359375 0.250000
vt 0.359375 0.179688
vt 0.351562 0.179688
vt 0.382812 0.250000
vt 0.351562 0.250000
vt 0.351562 0.179688
vt 0.382812 0.179688
vt 0.351562 0.250000
vt 0.382812 0.250000
vt 0.382812 0.179688
vt 0.351562 0.179688
vt 0.351562 0.250000
vt 0.359375 0.250000
vt 0.359375 0.179688
vt 0.351562 0.179688
vt 0.382812 0.250000
vt 0.351562 0.250000
vt 0.351562 0.179688
vt 0.382812 0.179688
vt 0.351562 0.250000
vt 0.382812 0.250000
vt 0.382812 0.179688
vt 0.351562 0.179688
vt 0.515625 0.429688
vt 0.515625 0.453125
vt 0.507812 0.453125
vt 0.507812 0.429688
vt 0.539062 0.445312
vt 0.539062 0.453125
vt 0.476562 0.453125
vt 0.476562 0.445312
vt 0.539062 0.429688
vt 0.539062 0.453125
vt 0.476562 0.453125
vt 0.476562 0.429688
vt 0.539062 0.429688
vt 0.539062 0.453125
vt 0.476562 0.453125
vt 0.476562 0.429688
vt 0.515625 0.429688
vt 0.515625 0.453125
vt 0.507812 0.453125
vt 0.507812 0.429688
vt 0.539062 0.445312
vt 0.539062 0.453125
vt 0.476562 0.453125
vt 0.476562 0.445312
vt 0.539062 0.429688
vt 0.539062 0.453125
vt 0.476562 0.453125
vt 0.476562 0.429688
vt 0.539062 0.429688
vt 0.539062 0.453125
vt 0.476562 0.453125
vt 0.476562 0.429688
vt 0.062500 0.125000
vt 0.062500 0.000000
vt 0.937500 0.000000
vt 0.937500 0.125000
vt 0.937500 1.000000
vt 0.062500 1.000000
vt 0.062500 0.500000
vt 0.937500 0.500000
vt 0.046875 0.242188
vt 0.046875 0.335938
vt 0.039062 0.335938
vt 0.039062 0.242188
vt 0.046875 0.242188
vt 0.046875 0.335938
vt 0.039062 0.335938
vt 0.039062 0.242188
vt 0.039062 0.328125
vt 0.039062 0.320312
vt 0.031250 0.320312
vt 0.031250 0.328125
vt 0.046875 0.320312
vt 0.046875 0.328125
vt 0.039062 0.328125
vt 0.039062 0.320312
vt 0.046875 0.242188
vt 0.046875 0.335938
vt 0.039062 0.335938
vt 0.039062 0.242188
vt 0.046875 0.242188
vt 0.046875 0.335938
vt 0.039062 0.335938
vt 0.039062 0.242188
vt 0.632812 0.265625
vt 0.632812 0.351562
vt 0.640625 0.351562
vt 0.640625 0.265625
vt 0.554688 0.265625
vt 0.554688 0.351562
vt 0.562500 0.351562
vt 0.562500 0.265625
vt 0.640625 0.359375
vt 0.640625 0.351562
vt 0.562500 0.351562
vt 0.562500 0.359375
vt 0.554688 0.265625
vt 0.554688 0.351562
vt 0.632812 0.351562
vt 0.632812 0.265625
vt 0.562500 0.265625
vt 0.562500 0.351562
vt 0.640625 0.351562
vt 0.640625 0.265625
vt 0.640625 0.359375
vt 0.640625 0.351562
vt 0.562500 0.351562
vt 0.562500 0.359375
vt 0.640625 0.265625
vt 0.640625 0.351562
vt 0.578125 0.351562
vt 0.578125 0.265625
vt 0.625000 0.265625
vt 0.625000 0.351562
vt 0.562500 0.351562
vt 0.562500 0.265625
vt 0.632812 0.351562
vt 0.632812 0.359375
vt 0.570312 0.359375
vt 0.570312 0.351562
vt 0.625000 0.265625
vt 0.625000 0.351562
vt 0.562500 0.351562
vt 0.562500 0.265625
vt 0.625000 0.265625
vt 0.625000 0.351562
vt 0.562500 0.351562
vt 0.562500 0.265625
vt 0.554688 0.265625
vt 0.554688 0.351562
vt 0.562500 0.351562
vt 0.562500 0.265625
vt 0.632812 0.265625
vt 0.632812 0.351562
vt 0.640625 0.351562
vt 0.640625 0.265625
vt 0.640625 0.351562
vt 0.640625 0.359375
vt 0.562500 0.359375
vt 0.562500 0.351562
vt 0.562500 0.265625
vt 0.562500 0.351562
vt 0.640625 0.351562
vt 0.640625 0.265625
vt 0.562500 0.265625
vt 0.562500 0.351562
vt 0.640625 0.351562
vt 0.640625 0.265625
vt 0.625000 0.359375
vt 0.625000 0.375000
vt 0.609375 0.375000
vt 0.609375 0.359375
vt 0.625000 0.359375
vt 0.625000 0.375000
vt 0.609375 0.375000
vt 0.609375 0.359375
vt 0.585938 0.335938
vt 0.570312 0.335938
vt 0.570312 0.257812
vt 0.585938 0.257812
vt 0.585938 0.335938
vt 0.570312 0.335938
vt 0.570312 0.257812
vt 0.585938 0.257812
vt 0.585938 0.335938
vt 0.570312 0.335938
vt 0.570312 0.257812
vt 0.585938 0.257812
vt 0.585938 0.335938
vt 0.570312 0.335938
vt 0.570312 0.257812
vt 0.585938 0.257812
vt 0.046875 0.242188
vt 0.046875 0.335938
vt 0.039062 0.335938
vt 0.039062 0.242188
vt 0.046875 0.242188
vt 0.046875 0.335938
vt 0.039062 0.335938
vt 0.039062 0.242188
vt 0.039062 0.328125
vt 0.039062 0.320312
vt 0.031250 0.320312
vt 0.031250 0.328125
vt 0.046875 0.320312
vt 0.046875 0.328125
vt 0.039062 0.328125
vt 0.039062 0.320312
vt 0.046875 0.242188
vt 0.046875 0.335938
vt 0.039062 0.335938
vt 0.039062 0.242188
vt 0.046875 0.242188
vt 0.046875 0.335938
vt 0.039062 0.335938
vt 0.039062 0.242188
vt 0.632812 0.265625
vt 0.632812 0.328125
vt 0.570312 0.328125
vt 0.570312 0.265625
vt 0.000000 0.679688
vt 0.000000 0.757812
vt 0.093750 0.757812
vt 0.093750 0.679688
vt 0.000000 0.679688
vt 0.000000 0.757812
vt 0.093750 0.757812
vt 0.093750 0.679688
vt 0.062500 0.757812
vt 0.062500 0.851562
vt 0.000000 0.851562
vt 0.000000 0.757812
vt 0.156250 0.679688
vt 0.156250 0.757812
vt 0.093750 0.757812
vt 0.093750 0.679688
vt 0.156250 0.679688
vt 0.156250 0.757812
vt 0.093750 0.757812
vt 0.093750 0.679688
vt 0.335938 0.250000
vt 0.320312 0.250000
vt 0.320312 0.187500
vt 0.335938 0.187500
vt 0.320312 0.242188
vt 0.335938 0.242188
vt 0.335938 0.179688
vt 0.320312 0.179688
vt 0.328125 0.218750
vt 0.335938 0.218750
vt 0.335938 0.195312
vt 0.328125 0.195312
vt 0.335938 0.242188
vt 0.328125 0.242188
vt 0.328125 0.179688
vt 0.335938 0.179688
vt 0.328125 0.242188
vt 0.335938 0.242188
vt 0.335938 0.179688
vt 0.328125 0.179688
vt 0.335938 0.250000
vt 0.320312 0.250000
vt 0.320312 0.187500
vt 0.335938 0.187500
vt 0.320312 0.242188
vt 0.335938 0.242188
vt 0.335938 0.179688
vt 0.320312 0.179688
vt 0.328125 0.218750
vt 0.335938 0.218750
vt 0.335938 0.195312
vt 0.328125 0.195312
vt 0.335938 0.242188
vt 0.328125 0.242188
vt 0.328125 0.179688
vt 0.335938 0.179688
vt 0.328125 0.242188
vt 0.335938 0.242188
vt 0.335938 0.179688
vt 0.328125 0.179688
vt 0.335938 0.250000
vt 0.320312 0.250000
vt 0.320312 0.187500
vt 0.335938 0.187500
vt 0.320312 0.242188
vt 0.335938 0.242188
vt 0.335938 0.179688
vt 0.320312 0.179688
vt 0.328125 0.218750
vt 0.335938 0.218750
vt 0.335938 0.195312
vt 0.328125 0.195312
vt 0.335938 0.242188
vt 0.328125 0.242188
vt 0.328125 0.179688
vt 0.335938 0.179688
vt 0.328125 0.242188
vt 0.335938 0.242188
vt 0.335938 0.179688
vt 0.328125 0.179688
vt 0.335938 0.250000
vt 0.320312 0.250000
vt 0.320312 0.187500
vt 0.335938 0.187500
vt 0.320312 0.242188
vt 0.335938 0.242188
vt 0.335938 0.179688
vt 0.320312 0.179688
vt 0.328125 0.218750
vt 0.335938 0.218750
vt 0.335938 0.195312
vt 0.328125 0.195312
vt 0.335938 0.242188
vt 0.328125 0.242188
vt 0.328125 0.179688
vt 0.335938 0.179688
vt 0.328125 0.242188
vt 0.335938 0.242188
vt 0.335938 0.179688
vt 0.328125 0.179688
vt 0.335938 0.250000
vt 0.320312 0.250000
vt 0.320312 0.187500
vt 0.335938 0.187500
vt 0.320312 0.242188
vt 0.335938 0.242188
vt 0.335938 0.179688
vt 0.320312 0.179688
vt 0.328125 0.218750
vt 0.335938 0.218750
vt 0.335938 0.195312
vt 0.328125 0.195312
vt 0.335938 0.242188
vt 0.328125 0.242188
vt 0.328125 0.179688
vt 0.335938 0.179688
vt 0.328125 0.242188
vt 0.335938 0.242188
vt 0.335938 0.179688
vt 0.328125 0.179688
vt 0.382812 0.250000
vt 0.390625 0.250000
vt 0.390625 0.125000
vt 0.382812 0.125000
vt 0.382812 0.132812
vt 0.414062 0.132812
vt 0.414062 0.125000
vt 0.382812 0.125000
vt 0.382812 0.132812
vt 0.414062 0.132812
vt 0.414062 0.125000
vt 0.382812 0.125000
vt 0.414062 0.250000
vt 0.382812 0.250000
vt 0.382812 0.125000
vt 0.414062 0.125000
vt 0.382812 0.250000
vt 0.414062 0.250000
vt 0.414062 0.125000
vt 0.382812 0.125000
vt 0.351562 0.250000
vt 0.359375 0.250000
vt 0.359375 0.179688
vt 0.351562 0.179688
vt 0.382812 0.250000
vt 0.351562 0.250000
vt 0.351562 0.179688
vt 0.382812 0.179688
vt 0.351562 0.250000
vt 0.382812 0.250000
vt 0.382812 0.179688
vt 0.351562 0.179688
vt 0.351562 0.250000
vt 0.359375 0.250000
vt 0.359375 0.179688
vt 0.351562 0.179688
vt 0.382812 0.250000
vt 0.351562 0.250000
vt 0.351562 0.179688
vt 0.382812 0.179688
vt 0.351562 0.250000
vt 0.382812 0.250000
vt 0.382812 0.179688
vt 0.351562 0.179688
vt 0.375000 0.718750
vt 0.390625 0.718750
vt 0.390625 0.671875
vt 0.375000 0.671875
vt 0.421875 0.734375
vt 0.437500 0.734375
vt 0.437500 0.687500
vt 0.421875 0.687500
vt 0.437500 0.734375
vt 0.375000 0.734375
vt 0.375000 0.718750
vt 0.437500 0.718750
vt 1.000000 0.000000
vt 1.000000 0.000000
vt 1.000000 0.000000
vt 1.000000 0.000000
vt 0.062500 0.734375
vt 0.125000 0.734375
vt 0.125000 0.687500
vt 0.062500 0.687500
vt 0.437500 0.578125
vt 0.375000 0.578125
vt 0.375000 0.453125
vt 0.437500 0.453125
vt 0.437500 0.578125
vt 0.375000 0.578125
vt 0.375000 0.453125
vt 0.437500 0.453125
vt 0.375000 0.453125
vt 0.375000 0.578125
vt 0.437500 0.578125
vt 0.437500 0.453125
vt 0.617188 0.984375
vt 0.742188 0.984375
vt 0.742188 0.921875
vt 0.617188 0.921875
vt 0.414062 0.125000
vt 0.539062 0.125000
vt 0.539062 0.000000
vt 0.414062 0.000000
vt 0.414062 0.125000
vt 0.539062 0.125000
vt 0.539062 0.000000
vt 0.414062 0.000000
vt 0.320312 0.187500
vt 0.320312 0.250000
vt 0.335938 0.250000
vt 0.335938 0.187500
vt 0.335938 0.179688
vt 0.335938 0.242188
vt 0.320312 0.242188
vt 0.320312 0.179688
vt 0.335938 0.195312
vt 0.335938 0.218750
vt 0.328125 0.218750
vt 0.328125 0.195312
vt 0.328125 0.179688
vt 0.328125 0.242188
vt 0.335938 0.242188
vt 0.335938 0.179688
vt 0.335938 0.179688
vt 0.335938 0.242188
vt 0.328125 0.242188
vt 0.328125 0.179688
vt 0.320312 0.187500
vt 0.320312 0.250000
vt 0.335938 0.250000
vt 0.335938 0.187500
vt 0.335938 0.179688
vt 0.335938 0.242188
vt 0.320312 0.242188
vt 0.320312 0.179688
vt 0.335938 0.195312
vt 0.335938 0.218750
vt 0.328125 0.218750
vt 0.328125 0.195312
vt 0.328125 0.179688
vt 0.328125 0.242188
vt 0.335938 0.242188
vt 0.335938 0.179688
vt 0.335938 0.179688
vt 0.335938 0.242188
vt 0.328125 0.242188
vt 0.328125 0.179688
vt 0.320312 0.187500
vt 0.320312 0.250000
vt 0.335938 0.250000
vt 0.335938 0.187500
vt 0.335938 0.179688
vt 0.335938 0.242188
vt 0.320312 0.242188
vt 0.320312 0.179688
vt 0.335938 0.195312
vt 0.335938 0.218750
vt 0.328125 0.218750
vt 0.328125 0.195312
vt 0.328125 0.179688
vt 0.328125 0.242188
vt 0.335938 0.242188
vt 0.335938 0.179688
vt 0.335938 0.179688
vt 0.335938 0.242188
vt 0.328125 0.242188
vt 0.328125 0.179688
vt 0.320312 0.187500
vt 0.320312 0.250000
vt 0.335938 0.250000
vt 0.335938 0.187500
vt 0.335938 0.179688
vt 0.335938 0.242188
vt 0.320312 0.242188
vt 0.320312 0.179688
vt 0.335938 0.195312
vt 0.335938 0.218750
vt 0.328125 0.218750
vt 0.328125 0.195312
vt 0.328125 0.179688
vt 0.328125 0.242188
vt 0.335938 0.242188
vt 0.335938 0.179688
vt 0.335938 0.179688
vt 0.335938 0.242188
vt 0.328125 0.242188
vt 0.328125 0.179688
vt 0.320312 0.187500
vt 0.320312 0.250000
vt 0.335938 0.250000
vt 0.335938 0.187500
vt 0.335938 0.179688
vt 0.335938 0.242188
vt 0.320312 0.242188
vt 0.320312 0.179688
vt 0.335938 0.195312
vt 0.335938 0.218750
vt 0.328125 0.218750
vt 0.328125 0.195312
vt 0.328125 0.179688
vt 0.328125 0.242188
vt 0.335938 0.242188
vt 0.335938 0.179688
vt 0.335938 0.179688
vt 0.335938 0.242188
vt 0.328125 0.242188
vt 0.328125 0.179688
vt 0.390625 0.125000
vt 0.390625 0.250000
vt 0.382812 0.250000
vt 0.382812 0.125000
vt 0.414062 0.125000
vt 0.414062 0.132812
vt 0.382812 0.132812
vt 0.382812 0.125000
vt 0.414062 0.125000
vt 0.414062 0.132812
vt 0.382812 0.132812
vt 0.382812 0.125000
vt 0.382812 0.125000
vt 0.382812 0.250000
vt 0.414062 0.250000
vt 0.414062 0.125000
vt 0.414062 0.125000
vt 0.414062 0.250000
vt 0.382812 0.250000
vt 0.382812 0.125000
vt 0.359375 0.179688
vt 0.359375 0.250000
vt 0.351562 0.250000
vt 0.351562 0.179688
vt 0.351562 0.179688
vt 0.351562 0.250000
vt 0.382812 0.250000
vt 0.382812 0.179688
vt 0.382812 0.179688
vt 0.382812 0.250000
vt 0.351562 0.250000
vt 0.351562 0.179688
vt 0.359375 0.179688
vt 0.359375 0.250000
vt 0.351562 0.250000
vt 0.351562 0.179688
vt 0.351562 0.179688
vt 0.351562 0.250000
vt 0.382812 0.250000
vt 0.382812 0.179688
vt 0.382812 0.179688
vt 0.382812 0.250000
vt 0.351562 0.250000
vt 0.351562 0.179688
vt 1.000000 0.234375
vt 1.000000 0.320312
vt 0.992188 0.320312
vt 0.992188 0.234375
vt 1.000000 0.234375
vt 1.000000 0.320312
vt 0.992188 0.320312
vt 0.992188 0.234375
vt 1.000000 0.234375
vt 1.000000 0.242188
vt 0.929688 0.242188
vt 0.929688 0.234375
vt 1.000000 0.234375
vt 1.000000 0.242188
vt 0.929688 0.242188
vt 0.929688 0.234375
vt 0.929688 0.125000
vt 0.929688 0.210938
vt 1.000000 0.210938
vt 1.000000 0.125000
vt 0.843750 0.234375
vt 0.843750 0.312500
vt 0.781250 0.312500
vt 0.781250 0.234375
vt 0.843750 0.234375
vt 0.843750 0.312500
vt 0.781250 0.312500
vt 0.781250 0.234375
vt 1.000000 0.234375
vt 1.000000 0.242188
vt 0.921875 0.242188
vt 0.921875 0.234375
vt 1.000000 0.234375
vt 1.000000 0.242188
vt 0.921875 0.242188
vt 0.921875 0.234375
vt 1.000000 0.242188
vt 1.000000 0.320312
vt 0.992188 0.320312
vt 0.992188 0.242188
vt 1.000000 0.242188
vt 1.000000 0.320312
vt 0.992188 0.320312
vt 0.992188 0.242188
vt 0.859375 0.234375
vt 0.859375 0.296875
vt 0.906250 0.296875
vt 0.906250 0.234375
vt 0.906250 0.234375
vt 0.906250 0.296875
vt 0.859375 0.296875
vt 0.859375 0.234375
vt 0.929688 0.242188
vt 0.929688 0.289062
vt 0.921875 0.289062
vt 0.921875 0.242188
vt 0.929688 0.242188
vt 0.929688 0.289062
vt 0.921875 0.289062
vt 0.921875 0.242188
vt 0.921875 0.234375
vt 0.921875 0.296875
vt 0.914062 0.296875
vt 0.914062 0.234375
vt 0.921875 0.234375
vt 0.921875 0.296875
vt 0.914062 0.296875
vt 0.914062 0.234375
vt 1.000000 0.234375
vt 1.000000 0.320312
vt 0.992188 0.320312
vt 0.992188 0.234375
vt 1.000000 0.234375
vt 1.000000 0.320312
vt 0.992188 0.320312
vt 0.992188 0.234375
vt 1.000000 0.328125
vt 1.000000 0.335938
vt 0.921875 0.335938
vt 0.921875 0.328125
vt 1.000000 0.234375
vt 1.000000 0.242188
vt 0.921875 0.242188
vt 0.921875 0.234375
vt 0.921875 0.765625
vt 0.921875 0.859375
vt 1.000000 0.859375
vt 1.000000 0.765625
vt 1.000000 0.242188
vt 1.000000 0.335938
vt 0.921875 0.335938
vt 0.921875 0.242188
vt 0.062500 1.000000
vt 0.062500 0.875000
vt 0.937500 0.875000
vt 0.937500 1.000000
vt 0.937500 1.000000
vt 0.062500 1.000000
vt 0.062500 0.000000
vt 0.937500 0.000000
vt 0.695312 0.195312
vt 0.695312 0.218750
vt 0.687500 0.218750
vt 0.687500 0.195312
vt 0.695312 0.210938
vt 0.695312 0.218750
vt 0.570312 0.218750
vt 0.570312 0.210938
vt 0.695312 0.195312
vt 0.695312 0.218750
vt 0.570312 0.218750
vt 0.570312 0.195312
vt 0.695312 0.195312
vt 0.695312 0.218750
vt 0.570312 0.218750
vt 0.570312 0.195312
vt 0.695312 0.195312
vt 0.695312 0.218750
vt 0.687500 0.218750
vt 0.687500 0.195312
vt 0.695312 0.210938
vt 0.695312 0.218750
vt 0.570312 0.218750
vt 0.570312 0.210938
vt 0.695312 0.195312
vt 0.695312 0.218750
vt 0.570312 0.218750
vt 0.570312 0.195312
vt 0.695312 0.210938
vt 0.695312 0.218750
vt 0.570312 0.218750
vt 0.570312 0.210938
vt 0.695312 0.195312
vt 0.695312 0.218750
vt 0.570312 0.218750
vt 0.570312 0.195312
vt 0.695312 0.195312
vt 0.695312 0.218750
vt 0.570312 0.218750
vt 0.570312 0.195312
vt 0.585938 0.187500
vt 0.585938 0.210938
vt 0.578125 0.210938
vt 0.578125 0.187500
vt 0.937500 1.000000
vt 0.062500 1.000000
vt 0.062500 0.000000
vt 0.937500 0.000000
vt 0.937500 0.250000
vt 0.937500 0.375000
vt 0.062500 0.375000
vt 0.062500 0.250000
vt 0.695312 0.210938
vt 0.695312 0.218750
vt 0.570312 0.218750
vt 0.570312 0.210938
vt 0.695312 0.195312
vt 0.695312 0.218750
vt 0.570312 0.218750
vt 0.570312 0.195312
vt 0.695312 0.195312
vt 0.695312 0.218750
vt 0.570312 0.218750
vt 0.570312 0.195312
vt 0.585938 0.187500
vt 0.585938 0.210938
vt 0.578125 0.210938
vt 0.578125 0.187500
vt 0.695312 0.195312
vt 0.695312 0.218750
vt 0.570312 0.218750
vt 0.570312 0.195312
vt 0.742188 0.453125
vt 0.742188 0.328125
vt 0.734375 0.328125
vt 0.734375 0.453125
vt 0.734375 0.453125
vt 0.734375 0.328125
vt 0.742188 0.328125
vt 0.742188 0.453125
vt 0.734375 0.453125
vt 0.734375 0.328125
vt 0.742188 0.328125
vt 0.742188 0.453125
vt 0.742188 0.328125
vt 0.742188 0.453125
vt 0.734375 0.453125
vt 0.734375 0.328125
vt 0.734375 0.328125
vt 0.734375 0.453125
vt 0.742188 0.453125
vt 0.742188 0.328125
vt 0.734375 0.328125
vt 0.734375 0.453125
vt 0.742188 0.453125
vt 0.742188 0.328125
vt 0.734375 0.453125
vt 0.734375 0.445312
vt 0.742188 0.445312
vt 0.742188 0.453125
vt 0.742188 0.437500
vt 0.742188 0.445312
vt 0.734375 0.445312
vt 0.734375 0.437500
vt 0.742188 0.453125
vt 0.742188 0.328125
vt 0.734375 0.328125
vt 0.734375 0.453125
vt 0.734375 0.453125
vt 0.734375 0.328125
vt 0.742188 0.328125
vt 0.742188 0.453125
vt 0.734375 0.453125
vt 0.734375 0.328125
vt 0.742188 0.328125
vt 0.742188 0.453125
vt 0.742188 0.328125
vt 0.742188 0.453125
vt 0.734375 0.453125
vt 0.734375 0.328125
vt 0.734375 0.328125
vt 0.734375 0.453125
vt 0.742188 0.453125
vt 0.742188 0.328125
vt 0.734375 0.328125
vt 0.734375 0.453125
vt 0.742188 0.453125
vt 0.742188 0.328125
vt 0.734375 0.453125
vt 0.734375 0.445312
vt 0.742188 0.445312
vt 0.742188 0.453125
vt 0.742188 0.437500
vt 0.742188 0.445312
vt 0.734375 0.445312
vt 0.734375 0.437500
vt 0.351562 0.265625
vt 0.351562 0.375000
vt 0.335938 0.375000
vt 0.335938 0.265625
vt 0.335938 0.265625
vt 0.335938 0.375000
vt 0.351562 0.375000
vt 0.351562 0.265625
vt 0.390625 0.390625
vt 0.398438 0.375000
vt 0.351562 0.375000
vt 0.359375 0.390625
vt 0.250000 0.625000
vt 0.250000 0.640625
vt 0.203125 0.640625
vt 0.203125 0.625000
vt 0.398438 0.265625
vt 0.398438 0.375000
vt 0.351562 0.375000
vt 0.351562 0.265625
vt 0.351562 0.265625
vt 0.351562 0.375000
vt 0.335938 0.375000
vt 0.335938 0.265625
vt 0.335938 0.265625
vt 0.335938 0.375000
vt 0.351562 0.375000
vt 0.351562 0.265625
vt 0.390625 0.390625
vt 0.398438 0.375000
vt 0.351562 0.375000
vt 0.359375 0.390625
vt 0.250000 0.625000
vt 0.250000 0.640625
vt 0.203125 0.640625
vt 0.203125 0.625000
vt 0.398438 0.265625
vt 0.398438 0.375000
vt 0.351562 0.375000
vt 0.351562 0.265625
vt 0.351562 0.265625
vt 0.351562 0.375000
vt 0.335938 0.375000
vt 0.335938 0.265625
vt 0.335938 0.265625
vt 0.335938 0.375000
vt 0.351562 0.375000
vt 0.351562 0.265625
vt 0.390625 0.390625
vt 0.398438 0.375000
vt 0.351562 0.375000
vt 0.359375 0.390625
vt 0.250000 0.625000
vt 0.250000 0.640625
vt 0.203125 0.640625
vt 0.203125 0.625000
vt 0.398438 0.265625
vt 0.398438 0.375000
vt 0.351562 0.375000
vt 0.351562 0.265625
vt 0.484375 0.695312
vt 0.484375 0.796875
vt 0.468750 0.796875
vt 0.468750 0.695312
vt 0.484375 0.695312
vt 0.484375 0.796875
vt 0.468750 0.796875
vt 0.468750 0.695312
vt 0.437500 0.796875
vt 0.437500 0.812500
vt 0.406250 0.812500
vt 0.406250 0.796875
vt 0.437500 0.796875
vt 0.437500 0.812500
vt 0.406250 0.812500
vt 0.406250 0.796875
vt 0.421875 0.695312
vt 0.421875 0.796875
vt 0.390625 0.796875
vt 0.390625 0.695312
vt 0.484375 0.695312
vt 0.484375 0.796875
vt 0.468750 0.796875
vt 0.468750 0.695312
vt 0.484375 0.695312
vt 0.484375 0.796875
vt 0.468750 0.796875
vt 0.468750 0.695312
vt 0.437500 0.796875
vt 0.437500 0.812500
vt 0.406250 0.812500
vt 0.406250 0.796875
vt 0.437500 0.796875
vt 0.437500 0.812500
vt 0.406250 0.812500
vt 0.406250 0.796875
vt 0.421875 0.695312
vt 0.421875 0.796875
vt 0.390625 0.796875
vt 0.390625 0.695312
vt 0.484375 0.695312
vt 0.484375 0.796875
vt 0.468750 0.796875
vt 0.468750 0.695312
vt 0.484375 0.695312
vt 0.484375 0.796875
vt 0.468750 0.796875
vt 0.468750 0.695312
vt 0.437500 0.796875
vt 0.437500 0.812500
vt 0.406250 0.812500
vt 0.406250 0.796875
vt 0.437500 0.796875
vt 0.437500 0.812500
vt 0.406250 0.812500
vt 0.406250 0.796875
vt 0.421875 0.695312
vt 0.421875 0.796875
vt 0.390625 0.796875
vt 0.390625 0.695312
vt 0.742188 0.195312
vt 0.742188 0.226562
vt 0.695312 0.226562
vt 0.695312 0.195312
vt 0.742188 0.195312
vt 0.742188 0.226562
vt 0.695312 0.226562
vt 0.695312 0.195312
vt 0.648438 0.218750
vt 0.648438 0.265625
vt 0.601562 0.265625
vt 0.601562 0.218750
vt 0.742188 0.195312
vt 0.742188 0.226562
vt 0.695312 0.226562
vt 0.695312 0.195312
vt 0.742188 0.195312
vt 0.742188 0.226562
vt 0.695312 0.226562
vt 0.695312 0.195312
vt 0.500000 0.000000
vt 0.500000 0.750000
vt 0.312500 0.750000
vt 0.312500 0.000000
vt 0.500000 0.000000
vt 0.500000 0.750000
vt 0.312500 0.750000
vt 0.312500 0.000000
vt 0.500000 0.000000
vt 0.500000 0.750000
vt 0.312500 0.750000
vt 0.312500 0.000000
vt 0.437500 0.375000
vt 0.437500 0.562500
vt 0.312500 0.562500
vt 0.312500 0.375000
vt 0.500000 0.312500
vt 0.500000 0.500000
vt 0.312500 0.437500
vt 0.312500 0.312500
vt 0.312500 0.375000
vt 0.500000 0.375000
vt 0.500000 0.562500
vt 0.312500 0.562500
vt 0.312500 0.375000
vt 0.500000 0.375000
vt 0.500000 0.875000
vt 0.312500 0.875000
vt 0.312500 0.375000
vt 0.500000 0.375000
vt 0.500000 0.875000
vt 0.312500 0.875000
vt 0.500000 0.875000
vt 0.312500 0.875000
vt 0.312500 0.375000
vt 0.500000 0.375000
vt 0.500000 0.062500
vt 0.500000 0.125000
vt 0.312500 0.125000
vt 0.312500 0.062500
vt 0.500000 0.062500
vt 0.500000 0.125000
vt 0.312500 0.125000
vt 0.312500 0.062500
vt 0.500000 0.062500
vt 0.500000 0.125000
vt 0.312500 0.125000
vt 0.312500 0.062500
vt 0.437500 0.375000
vt 0.437500 0.562500
vt 0.312500 0.562500
vt 0.312500 0.375000
vt 0.500000 0.375000
vt 0.500000 0.500000
vt 0.312500 0.500000
vt 0.312500 0.312500
vt 0.312500 0.375000
vt 0.500000 0.375000
vt 0.500000 0.562500
vt 0.312500 0.562500
vt 0.507812 0.453125
vt 0.515625 0.453125
vt 0.515625 0.429688
vt 0.507812 0.429688
vt 0.476562 0.453125
vt 0.539062 0.453125
vt 0.539062 0.445312
vt 0.476562 0.445312
vt 0.476562 0.453125
vt 0.539062 0.453125
vt 0.539062 0.429688
vt 0.476562 0.429688
vt 0.476562 0.453125
vt 0.539062 0.453125
vt 0.539062 0.429688
vt 0.476562 0.429688
vt 0.507812 0.453125
vt 0.515625 0.453125
vt 0.515625 0.429688
vt 0.507812 0.429688
vt 0.476562 0.453125
vt 0.539062 0.453125
vt 0.539062 0.445312
vt 0.476562 0.445312
vt 0.476562 0.453125
vt 0.539062 0.453125
vt 0.539062 0.429688
vt 0.476562 0.429688
vt 0.476562 0.453125
vt 0.539062 0.453125
vt 0.539062 0.429688
vt 0.476562 0.429688
vt 0.937500 1.000000
vt 0.062500 1.000000
vt 0.062500 0.875000
vt 0.937500 0.875000
vt 0.062500 0.500000
vt 0.062500 0.000000
vt 0.937500 0.000000
vt 0.937500 0.500000
vt 0.000000 0.500000
vt 0.000000 0.546875
vt 0.031250 0.546875
vt 0.031250 0.500000
vt 0.031250 0.500000
vt 0.031250 0.546875
vt 0.000000 0.546875
vt 0.000000 0.500000
vt 0.000000 0.500000
vt 0.000000 0.546875
vt 0.031250 0.546875
vt 0.031250 0.500000
vt 0.031250 0.500000
vt 0.031250 0.546875
vt 0.000000 0.546875
vt 0.000000 0.500000
vt 0.000000 0.500000
vt 0.000000 0.546875
vt 0.031250 0.546875
vt 0.031250 0.500000
vt 0.031250 0.500000
vt 0.031250 0.546875
vt 0.000000 0.546875
vt 0.000000 0.500000
vt 0.000000 0.500000
vt 0.000000 0.546875
vt 0.031250 0.546875
vt 0.031250 0.500000
vt 0.031250 0.500000
vt 0.031250 0.546875
vt 0.000000 0.546875
vt 0.000000 0.500000
vt 0.843750 0.000000
vt 0.843750 0.046875
vt 0.750000 0.046875
vt 0.750000 0.000000
vt 0.843750 0.000000
vt 0.843750 0.046875
vt 0.750000 0.046875
vt 0.750000 0.000000
vt 0.937500 0.000000
vt 0.937500 0.046875
vt 0.843750 0.046875
vt 0.843750 0.000000
vt 0.578125 0.359375
vt 0.632812 0.359375
vt 0.632812 0.375000
vt 0.578125 0.375000
vt 0.632812 0.359375
vt 0.578125 0.359375
vt 0.578125 0.375000
vt 0.632812 0.375000
vt 0.632812 0.375000
vt 0.578125 0.375000
vt 0.578125 0.359375
vt 0.632812 0.359375
vt 0.632812 0.375000
vt 0.578125 0.375000
vt 0.578125 0.359375
vt 0.632812 0.359375
vn 1 0 0
vn -1 0 0
vn 0 0 1
vn 0 0 -1
vn 1 0 0
vn -1 0 0
vn 0 0 1
vn 0 0 -1
vn 1 0 0
vn -1 0 0
vn 0 0 1
vn 0 0 -1
vn 1 0 0
vn -1 0 0
vn 0 0 1
vn 0 0 -1
vn 1 0 0
vn -1 0 0
vn 0 0 -1
vn 0 0 1
vn 1 0 0
vn -1 0 0
vn 0 1 0
vn 0 -1 0
vn 0 0 1
vn 0 0 -1
vn 1 0 0
vn -1 0 0
vn 0 0 1
vn 0 0 -1
vn 1 0 0
vn -1 0 0
vn 0 0 1
vn 0 0 -1
vn 1 0 0
vn -1 0 0
vn 0 0 1
vn 0 0 -1
vn 1 0 0
vn -1 0 0
vn 0 0 1
vn 0 0 -1
vn 1 0 0
vn -1 0 0
vn 0 0 -1
vn 0 0 1
vn 1 0 0
vn -1 0 0
vn 0 1 0
vn 0 -1 0
vn 0 0 1
vn 0 0 -1
vn 1 0 0
vn -1 0 0
vn 0 0 1
vn 0 0 -1
vn 1 0 0
vn -1 0 0
vn 0 0 1
vn 0 0 -1
vn 1 0 0
vn -1 0 0
vn 0 0 1
vn 0 0 -1
vn 1 0 0
vn -1 0 0
vn 0 0 1
vn 0 0 -1
vn 1 0 0
vn -1 0 0
vn 0 0 -1
vn 0 0 1
vn 1 0 0
vn -1 0 0
vn 0 1 0
vn 0 -1 0
vn 0 0 1
vn 0 0 -1
vn 1 0 0
vn -1 0 0
vn 0 0 1
vn 0 0 -1
vn 1 0 0
vn -1 0 0
vn 0 0 1
vn 0 0 -1
vn 1 0 0
vn -1 0 0
vn 0 0 1
vn 0 0 -1
vn 1 0 0
vn -1 0 0
vn 0 0 1
vn 0 0 -1
vn 1 0 0
vn -1 0 0
vn 0 0 -1
vn 0 0 1
vn 1 0 0
vn -1 0 0
vn 0 1 0
vn 0 -1 0
vn 0 0 1
vn 0 0 -1
vn 0 1 0
vn 0 -1 0
vn 0 0 1
vn 0 0 -1
vn -0.24253562503633297 0 -0.9701425001453319
vn 0 1 0
vn 0 -1 0
vn -1 0 0
vn 1 0 0
vn 0 1 0
vn 0 -1 0
vn 0.9701425001453319 0 0.24253562503633297
vn 0 1 0
vn 0 -1 0
vn 0 0 1
vn 0.24253562503633297 0 0.9701425001453319
vn 0 1 0
vn 0 -1 0
vn 1 0 0
vn 1 0 0
vn -1 0 0
vn 0 1 0
vn 0 -1 0
vn 0 0 1
vn 0 0 -1
vn 0 0 1
vn -1 0 0
vn 1 0 0
vn 0 0 1
vn 1 0 0
vn -1 0 0
vn 0 -1 0
vn 0 1 0
vn 0 0 1
vn -1 0 0
vn 1 0 0
vn 0 0 1
vn 1 0 0
vn -1 0 0
vn 0 -1 0
vn 0 1 0
vn 0 0 1
vn 1 0 0
vn -1 0 0
vn 0 0 -1
vn 0 0 -1
vn 0 0 -1
vn 0 0 -1
vn -1 0 0
vn 1 0 0
vn 0 0 -1
vn 1 0 0
vn -1 0 0
vn 0 -1 0
vn 0 0 -1
vn 1 0 0
vn -1 0 0
vn 0 1 0
vn 0 0 -1
vn -1 0 0
vn 1 0 0
vn 1 0 0
vn -1 0 0
vn 0 0 -1
vn 0 1 0
vn 1 0 0
vn -1 0 0
vn 0 -1 0
vn 0 0 -1
vn 0 0 -1
vn -1 0 0
vn -1 0 0
vn 1 0 0
vn 1 0 0
vn 1 0 0
vn -1 0 0
vn 0 1 0
vn 0 -1 0
vn 0 0 -1
vn 1 0 0
vn -1 0 0
vn 0 1 0
vn 0 -1 0
vn 0 0 -1
vn 0 -1 0
vn 1 0 0
vn -1 0 0
vn 0 1 0
vn 0 0 1
vn 0 0 -1
vn -1 0 0
vn 0 1 0
vn 0 0 -1
vn -1 0 0
vn 1 0 0
vn 0 0 1
vn 0 0 -1
vn -1 0 0
vn 1 0 0
vn 0 0 1
vn 0 0 -1
vn -1 0 0
vn -0.24253562503633297 0.9701425001453319 0
vn 0 0 1
vn 0 0 -1
vn 0 0 1
vn 0 0 -1
vn 0 1 0
vn 0 -1 0
vn 0 0 1
vn 0 0 -1
vn 0 1 0
vn 0 -1 0
vn -1 0 0
vn 1 0 0
vn -1 0 0
vn 0 0 1
vn 0 0 -1
vn 1 0 0
vn -1 0 0
vn 0 0 1
vn 0 0 -1
vn 1 0 0
vn 0.24253562503633297 0.9701425001453319 0
vn 0 0 1
vn 0 0 -1
vn 0 0 1
vn 0 0 -1
vn 0 1 0
vn 0 -1 0
vn 0 0 1
vn 0 0 -1
vn 0 1 0
vn 0 -1 0
vn 1 0 0
vn 1 0 0
vn -1 0 0
vn 0 0 1
vn 0 0 -1
vn 1 0 0
vn -1 0 0
vn 0 0 1
vn 0 0 -1
vn 0 0 1
vn 0 0 -1
vn 1 0 0
vn -1 0 0
vn 1 0 0
vn -1 0 0
vn 0 1 0
vn 0 -1 0
vn 0 0 1
vn 0 0 -1
vn 1 0 0
vn -1 0 0
vn 0 1 0
vn 0 0 1
vn 0 0 -1
vn 0 -1 0
vn 0 0 -1
vn 1 0 0
vn -1 0 0
vn 0 -1 0
vn 0 -1 0
vn 0 0 -1
vn 0 0 -1
vn 1 0 0
vn -1 0 0
vn 1 0 0
vn -1 0 0
vn 0 1 0
vn 0 -1 0
vn 0 0 1
vn 0 0 -1
vn 1 0 0
vn -1 0 0
vn 0 0 -1
vn 0 -1 0
vn 1 0 0
vn -1 0 0
vn 0 0 -1
vn 0 1 0
vn 0 1 0
vn 0 -1 0
vn 0 0 1
vn 0 0 -1
vn 0 0 -1
vn 0 -1 0
vn 0 0 1
vn 0 1 0
vn -1 0 0
vn 0 -0.6 0.8
vn 0 0.6139406135149205 -0.7893522173763263
vn 1 0 0
vn 1 0 0
vn -1 0 0
vn 0 0 1
vn 0 0 -1
vn 0 0 1
vn 0 0 -1
vn 1 0 0
vn -1 0 0
vn 1 0 0
vn -1 0 0
vn 0 1 0
vn 0 -1 0
vn 1 0 0
vn -1 0 0
vn 0 0 1
vn 0 0 -1
vn 1 0 0
vn -1 0 0
vn 0 1 0
vn 0 -1 0
vn 0 0 1
vn 0 0 -1
vn 0 -1 0
vn -1 0 0
vn 1 0 0
vn 1 0 0
vn -1 0 0
vn 0 0 -1
vn 0 1 0
vn 0 -1 0
vn 0 0 1
vn 0 0 -1
vn 0 0 -1
vn 0 -1 0
vn 0 0 1
vn 0 1 0
vn 1 0 0
vn 0 -0.6 0.8
vn 0 0.6139406135149205 -0.7893522173763263
vn -1 0 0
vn -1 0 0
vn 1 0 0
vn 0 0 1
vn 0 0 -1
vn 0 0 1
vn 0 0 -1
vn -1 0 0
vn 1 0 0
vn -1 0 0
vn 1 0 0
vn 0 1 0
vn 0 -1 0
vn -1 0 0
vn 1 0 0
vn 0 0 1
vn 0 0 -1
vn -1 0 0
vn 1 0 0
vn 0 1 0
vn 0 -1 0
vn 0 0 1
vn 0 0 -1
vn 0 -1 0
vn 1 0 0
vn -1 0 0
vn -1 0 0
vn 1 0 0
vn 0 0 -1
vn 0 0 -1
vn 0 0 1
vn 0 1 0
vn -1 0 0
vn 0 0 -1
vn 0 1 0
vn 1 0 0
vn 0 1 0
vn -1 0 0
vn 1 0 0
vn 0 0 -1
vn 1 0 0
vn -1 0 0
vn 1 0 0
vn 0 0 1
vn 0 1 0
vn 0 0 1
vn 0 1 0
vn 0 0 -1
vn 0 1 0
vn 0 0 1
vn 0 0 -1
vn 0 1 0
vn 0 0 1
vn 0 0 -1
vn 0 1 0
vn 0 1 0
vn -1 0 0
vn 0 0 1
vn 1 0 0
vn -1 0 0
vn 0 0 1
vn 0 0 -1
vn 1 0 0
vn -1 0 0
vn 0 0 1
vn 0 0 -1
vn 1 0 0
vn -1 0 0
vn 0 0 1
vn 0 0 -1
vn 1 0 0
vn 0 0 -1
vn 0 1 0
vn 0 -1 0
vn -1 0 0
vn 0 0 -1
vn 0 1 0
vn 0 -1 0
vn 1 0 0
vn 0 0 1
vn 0 1 0
vn 0 -1 0
vn 0 1 0
vn 0 -1 0
vn 0 0 1
vn 0 0 -1
vn 0 1 0
vn 0 0 1
vn 0 -1 0
vn 0 0 -1
vn -1 0 0
vn 0 0 1
vn 0 1 0
vn 0 -1 0
vn 1 0 0
vn -1 0 0
vn 0 0 -1
vn 0 1 0
vn 0 -1 0
vn 1 0 0
vn -1 0 0
vn 0 0 -1
vn 0 1 0
vn 0 -1 0
vn 0 1 0
vn -1 0 0
vn 0 -1 0
vn 1 0 0
vn 1 0 0
vn 0 1 0
vn -1 0 0
vn 0 -1 0
vn 0 0 1
vn 0 0 -1
vn 0 -1 0
vn -1 0 0
vn -1 0 0
vn 0 1 0
vn 0 -1 0
vn -1 0 0
vn 0 -1 0
vn 0 1 0
vn 0 0 1
vn 0 0 -1
vn 0 -1 0
vn 1 0 0
vn 1 0 0
vn 0 0 1
vn 0 1 0
vn 0 -1 0
vn 1 0 0
vn 0 -1 0
vn 0 1 0
vn 0 1 0
vn 0 1 0
vn 0 1 0
vn 0 -1 0
vn 0 -1 0
vn 0 1 0
vn 0 1 0
vn 0 0 1
vn 0 -1 0
vn 0 -1 0
vn 0 1 0
vn 0 1 0
vn 0 0 1
vn 0 0 1
vn 0 0 1
vn 1 0 0
vn 1 0 0
vn 0 1 0
vn 0 1 0
vn 0 0 1
vn 0 -1 0
vn 0 -1 0
vn 0 0 1
vn 0 1 0
vn 0 1 0
vn 0 0 1
vn 0 -1 0
vn 0 -1 0
vn 0 0 1
vn -1 0 0
vn -1 0 0
vn 0 0 1
vn 0 -1 0
vn 0 -1 0
vn 0 0 1
vn 0 1 0
vn 0 1 0
vn 0 0 1
vn 0 1 0
vn 0 1 0
vn 0 0 1
vn 0 -1 0
vn 0 -1 0
vn 0 0 1
vn 0 -1 0
vn 0 -1 0
vn 0 1 0
vn 0 1 0
vn 0 0 1
vn 0 0 1
vn 0 -1 0
vn 0 -1 0
vn 0 1 0
vn 0 1 0
vn 1 0 0
vn -1 0 0
vn 0 1 0
vn 0 -1 0
vn 0 0 1
vn 1 0 0
vn -1 0 0
vn 0 1 0
vn 0 -1 0
vn 0 0 1
vn 1 0 0
vn -1 0 0
vn 0 0 1
vn 0 0 -1
vn 1 0 0
vn -1 0 0
vn 0 0 1
vn 0 0 -1
vn 1 0 0
vn -1 0 0
vn 0 0 1
vn 0 0 -1
vn 1 0 0
vn -1 0 0
vn 0 0 1
vn 0 0 -1
vn 1 0 0
vn -1 0 0
vn 0 1 0
vn 0 -1 0
vn 0 0 1
vn 1 0 0
vn -1 0 0
vn 0 1 0
vn 0 -1 0
vn 0 0 1
vn 1 0 0
vn -1 0 0
vn 0 -1 0
vn 0 0 1
vn 0 0 -1
vn 1 0 0
vn -1 0 0
vn 0 -1 0
vn 0 0 1
vn 0 0 -1
vn 1 0 0
vn -1 0 0
vn 0 -1 0
vn 0 0 1
vn 0 0 -1
vn 1 0 0
vn -1 0 0
vn 0 -1 0
vn 0 0 1
vn 0 0 -1
vn 1 0 0
vn -1 0 0
vn 0 -1 0
vn 0 0 1
vn 0 0 -1
vn 1 0 0
vn 0 0 -1
vn 0 0 1
vn 0 1 0
vn 0 -1 0
vn 1 0 0
vn 0 0 1
vn 0 0 -1
vn 1 0 0
vn 0 0 1
vn 0 0 -1
vn 0 0 1
vn 0 0 -1
vn 0 1 0
vn -1 0 0
vn 1 0 0
vn 0 0 1
vn 0 0 -1
vn 0 1 0
vn 0 -1 0
vn -1 0 0
vn 1 0 0
vn -1 0 0
vn 1 0 0
vn 0 -1 0
vn 0 0 1
vn 0 0 -1
vn -1 0 0
vn 1 0 0
vn 0 -1 0
vn 0 0 1
vn 0 0 -1
vn -1 0 0
vn 1 0 0
vn 0 -1 0
vn 0 0 1
vn 0 0 -1
vn -1 0 0
vn 1 0 0
vn 0 -1 0
vn 0 0 1
vn 0 0 -1
vn -1 0 0
vn 1 0 0
vn 0 -1 0
vn 0 0 1
vn 0 0 -1
vn -1 0 0
vn 0 0 -1
vn 0 0 1
vn 0 1 0
vn 0 -1 0
vn -1 0 0
vn 0 0 1
vn 0 0 -1
vn -1 0 0
vn 0 0 1
vn 0 0 -1
vn 1 0 0
vn 0 1 0
vn 0 0 1
vn 0 0 -1
vn 1 0 0
vn 0 1 0
vn 0 0 1
vn 0 0 -1
vn 1 0 0
vn 0 1 0
vn 0.9285149124247958 -0.008701967182274327 0.3711931211269039
vn -0.9285120416949145 0.00870727566997658 -0.3712001775025819
vn -0.20584481709331076 0.8199561371305839 0.5341346688408389
vn 0.2058517944058104 -0.8199573866805153 -0.5341300616591133
vn -0.3090177387259655 -0.5723602008802869 0.7595471266491425
vn 0.30902065317098987 0.5723599940313471 -0.7595460967882142
vn 0.9510559656291495 0 0.309018689145505
vn -0.9510589045234314 0 -0.30900964406744763
vn 0 1 0
vn -0.30901715119826645 0 0.9510564653401541
vn 0.3090168573056278 0 -0.9510565608316643
vn 0 1 0
vn 0.951056709632445 0 0.30901639934331554
vn -0.9510563422665871 0 -0.3090175299792885
vn 0 1 0
vn 0.9510568289962082 0 0.3090160319784025
vn -0.9510563422665871 0 -0.3090175299792882
vn 0.9510559656291498 0 0.30901868914550396
vn -0.9510559656291495 0 -0.309018689145505
vn 0 1 0
vn -0.3090168573056278 0 0.9510565608316643
vn 0.30901685730562745 0 -0.9510565608316645
vn 0.9510569576338814 0 0.3090156360707101
vn -0.9510554881650193 0 -0.3090201586162256
vn 0 1 0
vn 0 -1 0
vn -0.3090168573056276 0 0.9510565608316646
vn 0.30901715119826645 0 -0.9510564653401541
vn 0.9285148487506847 -0.008701713547058128 0.3711932863493602
vn -0.9285108946048455 0.008709400281563272 -0.37120299695294107
vn -0.20583985754021444 0.8199560906300735 0.5341366515101458
vn 0.20585344495680308 -0.8199543295155239 -0.5341341186520142
vn -0.3090177387259609 -0.572360200880287 0.7595471266491444
vn 0.30901360065008876 0.5723600601599182 -0.7595489162305495
vn 0 1 0
vn 0.9510566269653371 0 0.3090166537669382
vn -0.9510563820548312 0 -0.30901740752387225
vn 0 1 0
vn -0.30901716261331497 0 0.9510564616311779
vn 0.3090175299792893 0 -0.9510563422665868
vn -1 0 0
vn 1 0 0
vn 0 -1 0
vn 0 0 1
vn 0 0 -1
vn -1 0 0
vn 1 0 0
vn 0 -1 0
vn 0 0 1
vn 0 0 -1
vn -1 0 0
vn 1 0 0
vn 0 -1 0
vn 0 0 1
vn 0 0 -1
vn -1 0 0
vn 1 0 0
vn 0 -1 0
vn 0 0 1
vn 0 0 -1
vn -1 0 0
vn 1 0 0
vn 0 -1 0
vn 0 0 1
vn 0 0 -1
vn -1 0 0
vn 0 0 -1
vn 0 0 1
vn 0 1 0
vn 0 -1 0
vn -1 0 0
vn 0 0 1
vn 0 0 -1
vn -1 0 0
vn 0 0 1
vn 0 0 -1
vn 0 0 1
vn 0 0 -1
vn 0 1 0
vn 1 0 0
vn -1 0 0
vn 0 0 1
vn 0 0 -1
vn 0 1 0
vn 0 -1 0
vn 1 0 0
vn -1 0 0
vn 1 0 0
vn -1 0 0
vn 0 -1 0
vn 0 0 1
vn 0 0 -1
vn 1 0 0
vn -1 0 0
vn 0 -1 0
vn 0 0 1
vn 0 0 -1
vn 1 0 0
vn -1 0 0
vn 0 -1 0
vn 0 0 1
vn 0 0 -1
vn 1 0 0
vn -1 0 0
vn 0 -1 0
vn 0 0 1
vn 0 0 -1
vn 1 0 0
vn -1 0 0
vn 0 -1 0
vn 0 0 1
vn 0 0 -1
vn 1 0 0
vn 0 0 -1
vn 0 0 1
vn 0 1 0
vn 0 -1 0
vn 1 0 0
vn 0 0 1
vn 0 0 -1
vn 1 0 0
vn 0 0 1
vn 0 0 -1
vn 0.9975640579442738 -0.06971386886439794 -0.0024344990677989233
vn -0.9975640579442738 0.0697138688643983 0.002434499067798746
vn 0.0697569074891666 0.9969563123652998 0.03481501245914948
vn -0.06975690748916737 -0.9969563123652998 -0.03481501245914948
vn 4.181412390710848e-8 0.0348995559428314 -0.9993908249503753
vn 1 0 0
vn -1 0 0
vn 0 0.9961946468479829 0.08715632846456238
vn 0 -0.9961946563432557 -0.08715621993376532
vn 0 -0.08715497942924832 0.9961947648731585
vn 0 0.08715597183289428 -0.9961946780493579
vn 1 0 0
vn -1 0 0
vn 0 0.9993908104875381 -0.034899970101160326
vn 0 -0.9993908084575217 0.03490002823238966
vn 0 0.034898736156928255 0.9993908535776428
vn 0 -0.0348999846339495 -0.9993908099800349
vn 0 -0.05233585290778214 -0.9986295401701349
vn 0 0.05233585290778208 0.9986295401701349
vn 0 0.9986295310029196 -0.05233602782872305
vn 0 -0.9986295310029196 0.052336027828721626
vn 1 0 0
vn -1 0 0
vn 1 0 0
vn 0 1 0
vn 1 0 0
vn 0 1 0
vn 0 0 1
vn 0 0 -1
vn 1 0 0
vn 0 1 0
vn 0 0 1
vn 0 1 0
vn 0 0 1
vn 0 0 -1
vn -1 0 0
vn 0 1 0
vn -1 0 0
vn 0 1 0
vn 0 0 1
vn 0 0 -1
vn -1 0 0
vn 0 0 -1
vn 0 -1 0
vn 0 0 1
vn 0 0 -1
vn 0 -1 0
vn 0 0 1
vn 0 0 -1
vn 1 0 0
vn -1 0 0
vn 0 -1 0
vn 0 0 1
vn 0 0 -1
vn 0 -1 0
vn 0 0 1
vn 0 0 -1
vn 1 0 0
vn -1 0 0
vn 0.8944271909999161 0.44721359549995804 0
vn -0.8944271909999161 0.44721359549995804 0
vn 0 0 -1
vn 0 0 1
vn 0 -1 0
vn 0.8944271909999161 0.44721359549995804 0
vn -0.8944271909999161 0.44721359549995804 0
vn 0 0 -1
vn 0 0 1
vn 0 -1 0
vn 0.8944271909999161 0.44721359549995804 0
vn -0.8944271909999161 0.44721359549995804 0
vn 0 0 -1
vn 0 0 1
vn 0 -1 0
vn 1 0 0
vn -1 0 0
vn 0 0 -1
vn 0 0 1
vn 0 -1 0
vn 1 0 0
vn -1 0 0
vn 0 0 -1
vn 0 0 1
vn 0 -1 0
vn 1 0 0
vn -1 0 0
vn 0 0 -1
vn 0 0 1
vn 0 -1 0
vn 1 0 0
vn -1 0 0
vn 0 1 0
vn 0 0 1
vn 0 0 -1
vn 1 0 0
vn -1 0 0
vn 0 1 0
vn -1 0 0
vn 0 1 0
vn -0.316227766016838 0 -0.948683298050514
vn 0 1 0
vn 0 0 1
vn 0 0 -1
vn 1 0 0
vn -1 0 0
vn 0 1 0
vn 1 0 0
vn 0 1 0
vn 0.316227766016838 0 0.948683298050514
vn -1 0 0
vn 0 1 0
vn 0 0 1
vn 0 0 -1
vn -1 0 0
vn 0 1 0
vn 0 0 1
vn 0 0 -1
vn -1 0 0
vn 0 1 0
vn 1 0 0
vn 0 -1 0
vn -1 0 0
vn 0 1 0
vn 1 0 0
vn 0 -1 0
vn -1 0 0
vn 0 1 0
vn 0 1 0
vn 0 1 0
vn 0 1 0
vn 1 0 0
vn -1 0 0
vn 0 0 1
vn 0 0 -1
usemtl chemical_painter
f 5/1/1 3/2/1 2/3/1
f 5/1/1 2/3/1 4/4/1
f 8/5/2 6/6/2 7/7/2
f 8/5/2 7/7/2 9/8/2
f 4/9/3 2/10/3 6/11/3
f 4/9/3 6/11/3 8/12/3
f 9/13/4 7/14/4 3/15/4
f 9/13/4 3/15/4 5/16/4
f 13/17/5 11/18/5 10/19/5
f 13/17/5 10/19/5 12/20/5
f 16/21/6 14/22/6 15/23/6
f 16/21/6 15/23/6 17/24/6
f 12/25/7 10/26/7 14/27/7
f 12/25/7 14/27/7 16/28/7
f 17/29/8 15/30/8 11/31/8
f 17/29/8 11/31/8 13/32/8
f 21/33/9 19/34/9 18/35/9
f 21/33/9 18/35/9 20/36/9
f 24/37/10 22/38/10 23/39/10
f 24/37/10 23/39/10 25/40/10
f 20/41/11 18/42/11 22/43/11
f 20/41/11 22/43/11 24/44/11
f 25/45/12 23/46/12 19/47/12
f 25/45/12 19/47/12 21/48/12
f 29/49/13 27/50/13 26/51/13
f 29/49/13 26/51/13 28/52/13
f 32/53/14 30/54/14 31/55/14
f 32/53/14 31/55/14 33/56/14
f 28/57/15 26/58/15 30/59/15
f 28/57/15 30/59/15 32/60/15
f 33/61/16 31/62/16 27/63/16
f 33/61/16 27/63/16 29/64/16
f 33/65/17 24/66/17 22/67/17
f 33/65/17 22/67/17 31/68/17
f 11/69/18 2/70/18 4/71/18
f 11/69/18 4/71/18 13/72/18
f 22/73/19 24/74/19 4/75/19
f 22/73/19 4/75/19 2/76/19
f 33/77/20 31/78/20 11/79/20
f 33/77/20 11/79/20 13/80/20
f 37/81/21 35/82/21 34/83/21
f 37/81/21 34/83/21 36/84/21
f 40/85/22 38/86/22 39/87/22
f 40/85/22 39/87/22 41/88/22
f 34/89/23 35/90/23 39/91/23
f 34/89/23 39/91/23 38/92/23
f 37/93/24 36/94/24 40/95/24
f 37/93/24 40/95/24 41/96/24
f 36/97/25 34/98/25 38/99/25
f 36/97/25 38/99/25 40/100/25
f 41/101/26 39/102/26 35/103/26
f 41/101/26 35/103/26 37/104/26
f 45/105/27 43/106/27 42/107/27
f 45/105/27 42/107/27 44/108/27
f 48/109/28 46/110/28 47/111/28
f 48/109/28 47/111/28 49/112/28
f 44/113/29 42/114/29 46/115/29
f 44/113/29 46/115/29 48/116/29
f 49/117/30 47/118/30 43/119/30
f 49/117/30 43/119/30 45/120/30
f 53/121/31 51/122/31 50/123/31
f 53/121/31 50/123/31 52/124/31
f 56/125/32 54/126/32 55/127/32
f 56/125/32 55/127/32 57/128/32
f 52/129/33 50/130/33 54/131/33
f 52/129/33 54/131/33 56/132/33
f 57/133/34 55/134/34 51/135/34
f 57/133/34 51/135/34 53/136/34
f 61/137/35 59/138/35 58/139/35
f 61/137/35 58/139/35 60/140/35
f 64/141/36 62/142/36 63/143/36
f 64/141/36 63/143/36 65/144/36
f 60/145/37 58/146/37 62/147/37
f 60/145/37 62/147/37 64/148/37
f 65/149/38 63/150/38 59/151/38
f 65/149/38 59/151/38 61/152/38
f 69/153/39 67/154/39 66/155/39
f 69/153/39 66/155/39 68/156/39
f 72/157/40 70/158/40 71/159/40
f 72/157/40 71/159/40 73/160/40
f 68/161/41 66/162/41 70/163/41
f 68/161/41 70/163/41 72/164/41
f 73/165/42 71/166/42 67/167/42
f 73/165/42 67/167/42 69/168/42
f 73/169/43 64/170/43 62/171/43
f 73/169/43 62/171/43 71/172/43
f 51/173/44 42/174/44 44/175/44
f 51/173/44 44/175/44 53/176/44
f 62/177/45 64/178/45 44/179/45
f 62/177/45 44/179/45 42/180/45
f 73/181/46 71/182/46 51/183/46
f 73/181/46 51/183/46 53/184/46
f 77/185/47 75/186/47 74/187/47
f 77/185/47 74/187/47 76/188/47
f 80/189/48 78/190/48 79/191/48
f 80/189/48 79/191/48 81/192/48
f 74/193/49 75/194/49 79/195/49
f 74/193/49 79/195/49 78/196/49
f 77/197/50 76/198/50 80/199/50
f 77/197/50 80/199/50 81/200/50
f 76/201/51 74/202/51 78/203/51
f 76/201/51 78/203/51 80/204/51
f 81/205/52 79/206/52 75/207/52
f 81/205/52 75/207/52 77/208/52
f 85/209/53 83/210/53 82/211/53
f 85/209/53 82/211/53 84/212/53
f 88/213/54 86/214/54 87/215/54
f 88/213/54 87/215/54 89/216/54
f 84/217/55 82/218/55 86/219/55
f 84/217/55 86/219/55 88/220/55
f 89/221/56 87/222/56 83/223/56
f 89/221/56 83/223/56 85/224/56
f 93/225/57 91/226/57 90/227/57
f 93/225/57 90/227/57 92/228/57
f 96/229/58 94/230/58 95/231/58
f 96/229/58 95/231/58 97/232/58
f 92/233/59 90/234/59 94/235/59
f 92/233/59 94/235/59 96/236/59
f 97/237/60 95/238/60 91/239/60
f 97/237/60 91/239/60 93/240/60
f 101/241/61 99/242/61 98/243/61
f 101/241/61 98/243/61 100/244/61
f 104/245/62 102/246/62 103/247/62
f 104/245/62 103/247/62 105/248/62
f 100/249/63 98/250/63 102/251/63
f 100/249/63 102/251/63 104/252/63
f 105/253/64 103/254/64 99/255/64
f 105/253/64 99/255/64 101/256/64
f 109/257/65 107/258/65 106/259/65
f 109/257/65 106/259/65 108/260/65
f 112/261/66 110/262/66 111/263/66
f 112/261/66 111/263/66 113/264/66
f 108/265/67 106/266/67 110/267/67
f 108/265/67 110/267/67 112/268/67
f 113/269/68 111/270/68 107/271/68
f 113/269/68 107/271/68 109/272/68
f 113/273/69 104/274/69 102/275/69
f 113/273/69 102/275/69 111/276/69
f 91/277/70 82/278/70 84/279/70
f 91/277/70 84/279/70 93/280/70
f 102/281/71 104/282/71 84/283/71
f 102/281/71 84/283/71 82/284/71
f 113/285/72 111/286/72 91/287/72
f 113/285/72 91/287/72 93/288/72
f 117/289/73 115/290/73 114/291/73
f 117/289/73 114/291/73 116/292/73
f 120/293/74 118/294/74 119/295/74
f 120/293/74 119/295/74 121/296/74
f 114/297/75 115/298/75 119/299/75
f 114/297/75 119/299/75 118/300/75
f 117/301/76 116/302/76 120/303/76
f 117/301/76 120/303/76 121/304/76
f 116/305/77 114/306/77 118/307/77
f 116/305/77 118/307/77 120/308/77
f 121/309/78 119/310/78 115/311/78
f 121/309/78 115/311/78 117/312/78
f 125/313/79 123/314/79 122/315/79
f 125/313/79 122/315/79 124/316/79
f 128/317/80 126/318/80 127/319/80
f 128/317/80 127/319/80 129/320/80
f 124/321/81 122/322/81 126/323/81
f 124/321/81 126/323/81 128/324/81
f 129/325/82 127/326/82 123/327/82
f 129/325/82 123/327/82 125/328/82
f 133/329/83 131/330/83 130/331/83
f 133/329/83 130/331/83 132/332/83
f 136/333/84 134/334/84 135/335/84
f 136/333/84 135/335/84 137/336/84
f 132/337/85 130/338/85 134/339/85
f 132/337/85 134/339/85 136/340/85
f 137/341/86 135/342/86 131/343/86
f 137/341/86 131/343/86 133/344/86
f 141/345/87 139/346/87 138/347/87
f 141/345/87 138/347/87 140/348/87
f 144/349/88 142/350/88 143/351/88
f 144/349/88 143/351/88 145/352/88
f 140/353/89 138/354/89 142/355/89
f 140/353/89 142/355/89 144/356/89
f 145/357/90 143/358/90 139/359/90
f 145/357/90 139/359/90 141/360/90
f 149/361/91 147/362/91 146/363/91
f 149/361/91 146/363/91 148/364/91
f 152/365/92 150/366/92 151/367/92
f 152/365/92 151/367/92 153/368/92
f 148/369/93 146/370/93 150/371/93
f 148/369/93 150/371/93 152/372/93
f 153/373/94 151/374/94 147/375/94
f 153/373/94 147/375/94 149/376/94
f 153/377/95 144/378/95 142/379/95
f 153/377/95 142/379/95 151/380/95
f 131/381/96 122/382/96 124/383/96
f 131/381/96 124/383/96 133/384/96
f 142/385/97 144/386/97 124/387/97
f 142/385/97 124/387/97 122/388/97
f 153/389/98 151/390/98 131/391/98
f 153/389/98 131/391/98 133/392/98
f 157/393/99 155/394/99 154/395/99
f 157/393/99 154/395/99 156/396/99
f 160/397/100 158/398/100 159/399/100
f 160/397/100 159/399/100 161/400/100
f 154/401/101 155/402/101 159/403/101
f 154/401/101 159/403/101 158/404/101
f 157/405/102 156/406/102 160/407/102
f 157/405/102 160/407/102 161/408/102
f 156/409/103 154/410/103 158/411/103
f 156/409/103 158/411/103 160/412/103
f 161/413/104 159/414/104 155/415/104
f 161/413/104 155/415/104 157/416/104
usemtl common_copper_cable
f 162/417/105 163/418/105 167/419/105
f 162/417/105 167/419/105 166/420/105
f 165/421/106 164/422/106 168/423/106
f 165/421/106 168/423/106 169/424/106
f 164/425/107 162/426/107 166/427/107
f 164/425/107 166/427/107 168/428/107
f 169/429/108 167/430/108 163/431/108
f 169/429/108 163/431/108 165/432/108
f 170/433/109 167/434/109 169/435/109
f 170/433/109 169/435/109 171/436/109
f 166/437/110 167/438/110 170/439/110
f 166/437/110 170/439/110 172/440/110
f 173/441/111 171/442/111 169/443/111
f 173/441/111 169/443/111 168/444/111
f 172/445/112 170/446/112 171/447/112
f 172/445/112 171/447/112 173/448/112
f 168/449/113 166/450/113 174/451/113
f 168/449/113 174/451/113 175/452/113
f 174/453/114 166/454/114 172/455/114
f 174/453/114 172/455/114 176/456/114
f 168/457/115 175/458/115 177/459/115
f 168/457/115 177/459/115 173/460/115
f 175/461/116 174/462/116 178/463/116
f 175/461/116 178/463/116 179/464/116
f 178/465/117 174/466/117 176/467/117
f 178/465/117 176/467/117 180/468/117
f 175/469/118 179/470/118 181/471/118
f 175/469/118 181/471/118 177/472/118
f 179/473/119 178/474/119 180/475/119
f 179/473/119 180/475/119 181/476/119
f 182/477/120 162/478/120 164/479/120
f 182/477/120 164/479/120 183/480/120
f 163/481/121 162/482/121 182/483/121
f 163/481/121 182/483/121 184/484/121
f 185/485/122 183/486/122 164/487/122
f 185/485/122 164/487/122 165/488/122
f 184/489/123 182/490/123 183/491/123
f 184/489/123 183/491/123 185/492/123
usemtl chemical_painter
f 189/493/124 187/494/124 186/495/124
f 189/493/124 186/495/124 188/496/124
f 192/497/125 190/498/125 191/499/125
f 192/497/125 191/499/125 193/500/125
f 186/501/126 187/502/126 191/503/126
f 186/501/126 191/503/126 190/504/126
f 189/505/127 188/506/127 192/507/127
f 189/505/127 192/507/127 193/508/127
f 188/509/128 186/510/128 190/511/128
f 188/509/128 190/511/128 192/512/128
f 193/513/129 191/514/129 187/515/129
f 193/513/129 187/515/129 189/516/129
f 197/517/130 195/518/130 194/519/130
f 197/517/130 194/519/130 196/520/130
f 196/521/131 194/522/131 198/523/131
f 196/521/131 198/523/131 200/524/131
f 201/525/132 199/526/132 195/527/132
f 201/525/132 195/527/132 197/528/132
f 206/529/133 195/530/133 205/531/133
f 206/529/133 205/531/133 207/532/133
f 199/533/134 202/534/134 205/535/134
f 199/533/134 205/535/134 195/536/134
f 204/537/135 203/538/135 206/539/135
f 204/537/135 206/539/135 207/540/135
f 203/541/136 199/542/136 195/543/136
f 203/541/136 195/543/136 206/544/136
f 207/545/137 205/546/137 202/547/137
f 207/545/137 202/547/137 204/548/137
f 210/549/138 208/550/138 206/551/138
f 210/549/138 206/551/138 209/552/138
f 209/553/139 206/554/139 203/555/139
f 209/553/139 203/555/139 212/556/139
f 213/557/140 211/558/140 208/559/140
f 213/557/140 208/559/140 210/560/140
f 217/561/141 216/562/141 197/563/141
f 217/561/141 197/563/141 209/564/141
f 214/565/142 201/566/142 197/567/142
f 214/565/142 197/567/142 216/568/142
f 212/569/143 215/570/143 217/571/143
f 212/569/143 217/571/143 209/572/143
f 215/573/144 214/574/144 216/575/144
f 215/573/144 216/575/144 217/576/144
f 209/577/145 197/578/145 201/579/145
f 209/577/145 201/579/145 212/580/145
f 219/581/146 218/582/146 220/583/146
f 219/581/146 220/583/146 221/584/146
f 226/585/147 224/586/147 223/587/147
f 226/585/147 223/587/147 225/588/147
f 229/589/148 227/590/148 228/591/148
f 229/589/148 228/591/148 230/592/148
f 230/593/149 228/594/149 224/595/149
f 230/593/149 224/595/149 226/596/149
f 231/597/150 236/598/150 235/599/150
f 231/597/150 235/599/150 233/600/150
f 234/601/151 235/602/151 236/603/151
f 234/601/151 236/603/151 232/604/151
f 243/605/152 241/606/152 242/607/152
f 243/605/152 242/607/152 244/608/152
f 239/609/153 237/610/153 241/611/153
f 239/609/153 241/611/153 243/612/153
f 244/613/154 242/614/154 238/615/154
f 244/613/154 238/615/154 240/616/154
f 247/617/155 246/618/155 245/619/155
f 247/617/155 245/619/155 241/620/155
f 245/621/156 246/622/156 231/623/156
f 245/621/156 231/623/156 248/624/156
f 247/625/157 241/626/157 237/627/157
f 247/625/157 237/627/157 233/628/157
f 241/629/158 245/630/158 248/631/158
f 241/629/158 248/631/158 237/632/158
f 243/633/159 250/634/159 249/635/159
f 243/633/159 249/635/159 251/636/159
f 249/637/160 250/638/160 252/639/160
f 249/637/160 252/639/160 232/640/160
f 243/641/161 251/642/161 234/643/161
f 243/641/161 234/643/161 239/644/161
f 239/645/162 252/646/162 250/647/162
f 239/645/162 250/647/162 243/648/162
f 256/649/163 255/650/163 245/651/163
f 256/649/163 245/651/163 250/652/163
f 254/653/164 253/654/164 255/655/164
f 254/653/164 255/655/164 256/656/164
f 250/657/165 245/658/165 248/659/165
f 250/657/165 248/659/165 252/660/165
f 260/661/166 258/662/166 257/663/166
f 260/661/166 257/663/166 259/664/166
f 263/665/167 261/666/167 262/667/167
f 263/665/167 262/667/167 264/668/167
f 257/669/168 258/670/168 262/671/168
f 257/669/168 262/671/168 261/672/168
f 259/673/169 257/674/169 261/675/169
f 259/673/169 261/675/169 263/676/169
f 265/677/170 226/678/170 225/679/170
f 265/677/170 225/679/170 259/680/170
f 263/681/171 229/682/171 230/683/171
f 263/681/171 230/683/171 266/684/171
f 265/685/172 259/686/172 263/687/172
f 265/685/172 263/687/172 266/688/172
f 266/689/173 230/690/173 226/691/173
f 266/689/173 226/691/173 265/692/173
f 255/693/174 256/694/174 244/695/174
f 255/693/174 244/695/174 242/696/174
f 233/697/175 235/698/175 269/699/175
f 233/697/175 269/699/175 267/700/175
f 268/701/176 269/702/176 235/703/176
f 268/701/176 235/703/176 234/704/176
f 272/705/177 236/706/177 231/707/177
f 272/705/177 231/707/177 270/708/177
f 236/709/178 272/710/178 271/711/178
f 236/709/178 271/711/178 232/712/178
f 276/713/179 274/714/179 273/715/179
f 276/713/179 273/715/179 275/716/179
f 279/717/180 277/718/180 278/719/180
f 279/717/180 278/719/180 280/720/180
f 273/721/181 274/722/181 278/723/181
f 273/721/181 278/723/181 277/724/181
f 276/725/182 275/726/182 279/727/182
f 276/725/182 279/727/182 280/728/182
f 280/729/183 278/730/183 274/731/183
f 280/729/183 274/731/183 276/732/183
f 284/733/184 282/734/184 281/735/184
f 284/733/184 281/735/184 283/736/184
f 287/737/185 285/738/185 286/739/185
f 287/737/185 286/739/185 288/740/185
f 281/741/186 282/742/186 286/743/186
f 281/741/186 286/743/186 285/744/186
f 284/745/187 283/746/187 287/747/187
f 284/745/187 287/747/187 288/748/187
f 288/749/188 286/750/188 282/751/188
f 288/749/188 282/751/188 284/752/188
f 260/753/189 264/754/189 262/755/189
f 260/753/189 262/755/189 258/756/189
f 292/757/190 290/758/190 289/759/190
f 292/757/190 289/759/190 291/760/190
f 295/761/191 293/762/191 294/763/191
f 295/761/191 294/763/191 296/764/191
f 289/765/192 290/766/192 294/767/192
f 289/765/192 294/767/192 293/768/192
f 291/769/193 289/770/193 293/771/193
f 291/769/193 293/771/193 295/772/193
f 296/773/194 294/774/194 290/775/194
f 296/773/194 290/775/194 292/776/194
f 301/777/195 299/778/195 300/779/195
f 301/777/195 300/779/195 302/780/195
f 264/781/196 297/782/196 300/783/196
f 264/781/196 300/783/196 299/784/196
f 302/785/197 300/786/197 297/787/197
f 302/785/197 297/787/197 298/788/197
f 303/789/198 304/790/198 306/791/198
f 303/789/198 306/791/198 305/792/198
f 308/793/199 307/794/199 309/795/199
f 308/793/199 309/795/199 310/796/199
f 307/797/200 303/798/200 305/799/200
f 307/797/200 305/799/200 309/800/200
f 304/801/201 308/802/201 310/803/201
f 304/801/201 310/803/201 306/804/201
f 305/805/202 306/806/202 312/807/202
f 305/805/202 312/807/202 311/808/202
f 310/809/203 309/810/203 313/811/203
f 310/809/203 313/811/203 314/812/203
f 309/813/204 305/814/204 311/815/204
f 309/813/204 311/815/204 313/816/204
f 306/817/205 310/818/205 314/819/205
f 306/817/205 314/819/205 312/820/205
f 315/821/206 316/822/206 304/823/206
f 315/821/206 304/823/206 303/824/206
f 318/825/207 316/826/207 315/827/207
f 318/825/207 315/827/207 317/828/207
f 317/829/208 315/830/208 303/831/208
f 317/829/208 303/831/208 307/832/208
f 316/833/209 318/834/209 308/835/209
f 316/833/209 308/835/209 304/836/209
f 319/837/210 317/838/210 307/839/210
f 319/837/210 307/839/210 320/840/210
f 318/841/211 321/842/211 322/843/211
f 318/841/211 322/843/211 308/844/211
f 318/845/212 317/846/212 319/847/212
f 318/845/212 319/847/212 321/848/212
f 322/849/213 320/850/213 307/851/213
f 322/849/213 307/851/213 308/852/213
f 323/853/214 324/854/214 326/855/214
f 323/853/214 326/855/214 325/856/214
f 328/857/215 327/858/215 329/859/215
f 328/857/215 329/859/215 330/860/215
f 328/861/216 324/862/216 323/863/216
f 328/861/216 323/863/216 327/864/216
f 329/865/217 325/866/217 326/867/217
f 329/865/217 326/867/217 330/868/217
f 324/869/218 328/870/218 330/871/218
f 324/869/218 330/871/218 326/872/218
f 334/873/219 332/874/219 331/875/219
f 334/873/219 331/875/219 333/876/219
f 337/877/220 335/878/220 336/879/220
f 337/877/220 336/879/220 338/880/220
f 333/881/221 331/882/221 335/883/221
f 333/881/221 335/883/221 337/884/221
f 338/885/222 336/886/222 332/887/222
f 338/885/222 332/887/222 334/888/222
f 340/889/223 334/890/223 333/891/223
f 340/889/223 333/891/223 339/892/223
f 341/893/224 337/894/224 338/895/224
f 341/893/224 338/895/224 342/896/224
f 339/897/225 333/898/225 337/899/225
f 339/897/225 337/899/225 341/900/225
f 342/901/226 338/902/226 334/903/226
f 342/901/226 334/903/226 340/904/226
f 332/905/227 344/906/227 343/907/227
f 332/905/227 343/907/227 331/908/227
f 343/909/228 344/910/228 346/911/228
f 343/909/228 346/911/228 345/912/228
f 331/913/229 343/914/229 345/915/229
f 331/913/229 345/915/229 335/916/229
f 336/917/230 346/918/230 344/919/230
f 336/917/230 344/919/230 332/920/230
f 335/921/231 345/922/231 347/923/231
f 335/921/231 347/923/231 348/924/231
f 350/925/232 349/926/232 346/927/232
f 350/925/232 346/927/232 336/928/232
f 347/929/233 345/930/233 346/931/233
f 347/929/233 346/931/233 349/932/233
f 335/933/234 348/934/234 350/935/234
f 335/933/234 350/935/234 336/936/234
f 354/937/235 352/938/235 351/939/235
f 354/937/235 351/939/235 353/940/235
f 357/941/236 355/942/236 356/943/236
f 357/941/236 356/943/236 358/944/236
f 351/945/237 352/946/237 356/947/237
f 351/945/237 356/947/237 355/948/237
f 354/949/238 353/950/238 357/951/238
f 354/949/238 357/951/238 358/952/238
f 358/953/239 356/954/239 352/955/239
f 358/953/239 352/955/239 354/956/239
f 360/957/240 340/958/240 339/959/240
f 360/957/240 339/959/240 359/960/240
f 361/961/241 341/962/241 342/963/241
f 361/961/241 342/963/241 362/964/241
f 359/965/242 339/966/242 341/967/242
f 359/965/242 341/967/242 361/968/242
f 362/969/243 342/970/243 340/971/243
f 362/969/243 340/971/243 360/972/243
f 364/973/244 360/974/244 359/975/244
f 364/973/244 359/975/244 363/976/244
f 365/977/245 361/978/245 362/979/245
f 365/977/245 362/979/245 366/980/245
f 363/981/246 359/982/246 361/983/246
f 363/981/246 361/983/246 365/984/246
f 366/985/247 362/986/247 360/987/247
f 366/985/247 360/987/247 364/988/247
f 368/989/248 367/990/248 363/991/248
f 368/989/248 363/991/248 365/992/248
f 366/993/249 364/994/249 369/995/249
f 366/993/249 369/995/249 370/996/249
f 363/997/250 367/998/250 369/999/250
f 363/997/250 369/999/250 364/1000/250
f 368/1001/251 365/1002/251 366/1003/251
f 368/1001/251 366/1003/251 370/1004/251
f 374/1005/252 372/1006/252 371/1007/252
f 374/1005/252 371/1007/252 373/1008/252
f 377/1009/253 375/1010/253 376/1011/253
f 377/1009/253 376/1011/253 378/1012/253
f 371/1013/254 372/1014/254 376/1015/254
f 371/1013/254 376/1015/254 375/1016/254
f 374/1017/255 373/1018/255 377/1019/255
f 374/1017/255 377/1019/255 378/1020/255
f 373/1021/256 371/1022/256 375/1023/256
f 373/1021/256 375/1023/256 377/1024/256
f 378/1025/257 376/1026/257 372/1027/257
f 378/1025/257 372/1027/257 374/1028/257
f 382/1029/258 380/1030/258 379/1031/258
f 382/1029/258 379/1031/258 381/1032/258
f 385/1033/259 383/1034/259 384/1035/259
f 385/1033/259 384/1035/259 386/1036/259
f 379/1037/260 380/1038/260 384/1039/260
f 379/1037/260 384/1039/260 383/1040/260
f 381/1041/261 379/1042/261 383/1043/261
f 381/1041/261 383/1043/261 385/1044/261
f 386/1045/262 384/1046/262 380/1047/262
f 386/1045/262 380/1047/262 382/1048/262
f 382/1049/263 381/1050/263 385/1051/263
f 382/1049/263 385/1051/263 386/1052/263
f 387/1053/264 395/1054/264 397/1055/264
f 387/1053/264 397/1055/264 388/1056/264
f 387/1057/265 388/1058/265 392/1059/265
f 387/1057/265 392/1059/265 391/1060/265
f 390/1061/266 389/1062/266 393/1063/266
f 390/1061/266 393/1063/266 394/1064/266
f 391/1065/267 396/1066/267 395/1067/267
f 391/1065/267 395/1067/267 387/1068/267
f 389/1069/268 395/1070/268 396/1071/268
f 389/1069/268 396/1071/268 393/1072/268
f 390/1073/269 397/1074/269 395/1075/269
f 390/1073/269 395/1075/269 389/1076/269
f 399/1077/270 398/1078/270 388/1079/270
f 399/1077/270 388/1079/270 390/1080/270
f 388/1081/271 398/1082/271 400/1083/271
f 388/1081/271 400/1083/271 392/1084/271
f 399/1085/272 390/1086/272 394/1087/272
f 399/1085/272 394/1087/272 401/1088/272
f 405/1089/273 403/1090/273 402/1091/273
f 405/1089/273 402/1091/273 404/1092/273
f 408/1093/274 406/1094/274 407/1095/274
f 408/1093/274 407/1095/274 409/1096/274
f 402/1097/275 403/1098/275 407/1099/275
f 402/1097/275 407/1099/275 406/1100/275
f 405/1101/276 404/1102/276 408/1103/276
f 405/1101/276 408/1103/276 409/1104/276
f 404/1105/277 402/1106/277 406/1107/277
f 404/1105/277 406/1107/277 408/1108/277
f 409/1109/278 407/1110/278 403/1111/278
f 409/1109/278 403/1111/278 405/1112/278
f 413/1113/279 411/1114/279 410/1115/279
f 413/1113/279 410/1115/279 412/1116/279
f 416/1117/280 414/1118/280 415/1119/280
f 416/1117/280 415/1119/280 417/1120/280
f 410/1121/281 411/1122/281 415/1123/281
f 410/1121/281 415/1123/281 414/1124/281
f 417/1125/282 415/1126/282 411/1127/282
f 417/1125/282 411/1127/282 413/1128/282
f 412/1129/283 410/1130/283 418/1131/283
f 412/1129/283 418/1131/283 403/1132/283
f 407/1133/284 419/1134/284 414/1135/284
f 407/1133/284 414/1135/284 416/1136/284
f 418/1137/285 410/1138/285 414/1139/285
f 418/1137/285 414/1139/285 419/1140/285
f 403/1141/286 418/1142/286 419/1143/286
f 403/1141/286 419/1143/286 407/1144/286
f 421/1145/287 428/1146/287 431/1147/287
f 421/1145/287 431/1147/287 420/1148/287
f 422/1149/288 430/1150/288 429/1151/288
f 422/1149/288 429/1151/288 423/1152/288
f 420/1153/289 431/1154/289 430/1155/289
f 420/1153/289 430/1155/289 422/1156/289
f 423/1157/290 429/1158/290 428/1159/290
f 423/1157/290 428/1159/290 421/1160/290
f 425/1161/291 428/1162/291 429/1163/291
f 425/1161/291 429/1163/291 427/1164/291
f 427/1165/292 429/1166/292 430/1167/292
f 427/1165/292 430/1167/292 426/1168/292
f 426/1169/293 430/1170/293 431/1171/293
f 426/1169/293 431/1171/293 424/1172/293
f 424/1173/294 431/1174/294 428/1175/294
f 424/1173/294 428/1175/294 425/1176/294
f 420/1177/295 434/1178/295 435/1179/295
f 420/1177/295 435/1179/295 421/1180/295
f 432/1181/296 411/1182/296 434/1183/296
f 432/1181/296 434/1183/296 420/1184/296
f 421/1185/297 435/1186/297 418/1187/297
f 421/1185/297 418/1187/297 433/1188/297
f 433/1189/298 418/1190/298 411/1191/298
f 433/1189/298 411/1191/298 432/1192/298
f 438/1193/299 436/1194/299 411/1195/299
f 438/1193/299 411/1195/299 437/1196/299
f 440/1197/300 434/1198/300 439/1199/300
f 440/1197/300 439/1199/300 441/1200/300
f 437/1201/301 411/1202/301 434/1203/301
f 437/1201/301 434/1203/301 440/1204/301
f 441/1205/302 439/1206/302 436/1207/302
f 441/1205/302 436/1207/302 438/1208/302
f 442/1209/303 432/1210/303 420/1211/303
f 442/1209/303 420/1211/303 444/1212/303
f 445/1213/304 421/1214/304 433/1215/304
f 445/1213/304 433/1215/304 443/1216/304
f 443/1217/305 433/1218/305 432/1219/305
f 443/1217/305 432/1219/305 442/1220/305
f 444/1221/306 420/1222/306 421/1223/306
f 444/1221/306 421/1223/306 445/1224/306
f 449/1225/307 447/1226/307 446/1227/307
f 449/1225/307 446/1227/307 448/1228/307
f 452/1229/308 450/1230/308 451/1231/308
f 452/1229/308 451/1231/308 453/1232/308
f 448/1233/309 446/1234/309 450/1235/309
f 448/1233/309 450/1235/309 452/1236/309
f 453/1237/310 451/1238/310 447/1239/310
f 453/1237/310 447/1239/310 449/1240/310
f 457/1241/311 455/1242/311 454/1243/311
f 457/1241/311 454/1243/311 456/1244/311
f 460/1245/312 458/1246/312 459/1247/312
f 460/1245/312 459/1247/312 461/1248/312
f 456/1249/313 454/1250/313 458/1251/313
f 456/1249/313 458/1251/313 460/1252/313
f 461/1253/314 459/1254/314 455/1255/314
f 461/1253/314 455/1255/314 457/1256/314
f 465/1257/315 463/1258/315 462/1259/315
f 465/1257/315 462/1259/315 464/1260/315
f 468/1261/316 466/1262/316 467/1263/316
f 468/1261/316 467/1263/316 469/1264/316
f 464/1265/317 462/1266/317 466/1267/317
f 464/1265/317 466/1267/317 468/1268/317
f 469/1269/318 467/1270/318 463/1271/318
f 469/1269/318 463/1271/318 465/1272/318
f 472/1273/319 413/1274/319 470/1275/319
f 472/1273/319 470/1275/319 471/1276/319
f 459/1277/320 473/1278/320 474/1279/320
f 459/1277/320 474/1279/320 455/1280/320
f 472/1281/321 471/1282/321 459/1283/321
f 472/1281/321 459/1283/321 455/1284/321
f 471/1285/322 470/1286/322 473/1287/322
f 471/1285/322 473/1287/322 459/1288/322
f 455/1289/323 474/1290/323 413/1291/323
f 455/1289/323 413/1291/323 472/1292/323
f 475/1293/324 472/1294/324 477/1295/324
f 475/1293/324 477/1295/324 476/1296/324
f 471/1297/325 478/1298/325 479/1299/325
f 471/1297/325 479/1299/325 480/1300/325
f 478/1301/326 475/1302/326 476/1303/326
f 478/1301/326 476/1303/326 479/1304/326
f 482/1305/327 487/1306/327 490/1307/327
f 482/1305/327 490/1307/327 481/1308/327
f 444/1309/328 489/1310/328 488/1311/328
f 444/1309/328 488/1311/328 445/1312/328
f 481/1313/329 490/1314/329 489/1315/329
f 481/1313/329 489/1315/329 444/1316/329
f 445/1317/330 488/1318/330 487/1319/330
f 445/1317/330 487/1319/330 482/1320/330
f 484/1321/331 487/1322/331 488/1323/331
f 484/1321/331 488/1323/331 486/1324/331
f 486/1325/332 488/1326/332 489/1327/332
f 486/1325/332 489/1327/332 485/1328/332
f 485/1329/333 489/1330/333 490/1331/333
f 485/1329/333 490/1331/333 483/1332/333
f 483/1333/334 490/1334/334 487/1335/334
f 483/1333/334 487/1335/334 484/1336/334
f 494/1337/335 493/1338/335 424/1339/335
f 494/1337/335 424/1339/335 425/1340/335
f 493/1341/336 415/1342/336 491/1343/336
f 493/1341/336 491/1343/336 424/1344/336
f 419/1345/337 494/1346/337 425/1347/337
f 419/1345/337 425/1347/337 492/1348/337
f 415/1349/338 419/1350/338 492/1351/338
f 415/1349/338 492/1351/338 491/1352/338
f 415/1353/339 495/1354/339 497/1355/339
f 415/1353/339 497/1355/339 496/1356/339
f 498/1357/340 493/1358/340 499/1359/340
f 498/1357/340 499/1359/340 500/1360/340
f 493/1361/341 415/1362/341 496/1363/341
f 493/1361/341 496/1363/341 499/1364/341
f 495/1365/342 498/1366/342 500/1367/342
f 495/1365/342 500/1367/342 497/1368/342
f 424/1369/343 491/1370/343 501/1371/343
f 424/1369/343 501/1371/343 485/1372/343
f 492/1373/344 425/1374/344 486/1375/344
f 492/1373/344 486/1375/344 502/1376/344
f 491/1377/345 492/1378/345 502/1379/345
f 491/1377/345 502/1379/345 501/1380/345
f 425/1381/346 424/1382/346 485/1383/346
f 425/1381/346 485/1383/346 486/1384/346
f 503/1385/347 504/1386/347 506/1387/347
f 503/1385/347 506/1387/347 505/1388/347
f 508/1389/348 507/1390/348 509/1391/348
f 508/1389/348 509/1391/348 510/1392/348
f 507/1393/349 503/1394/349 505/1395/349
f 507/1393/349 505/1395/349 509/1396/349
f 504/1397/350 508/1398/350 510/1399/350
f 504/1397/350 510/1399/350 506/1400/350
f 511/1401/351 512/1402/351 514/1403/351
f 511/1401/351 514/1403/351 513/1404/351
f 516/1405/352 515/1406/352 517/1407/352
f 516/1405/352 517/1407/352 518/1408/352
f 515/1409/353 511/1410/353 513/1411/353
f 515/1409/353 513/1411/353 517/1412/353
f 512/1413/354 516/1414/354 518/1415/354
f 512/1413/354 518/1415/354 514/1416/354
f 519/1417/355 520/1418/355 522/1419/355
f 519/1417/355 522/1419/355 521/1420/355
f 524/1421/356 523/1422/356 525/1423/356
f 524/1421/356 525/1423/356 526/1424/356
f 523/1425/357 519/1426/357 521/1427/357
f 523/1425/357 521/1427/357 525/1428/357
f 520/1429/358 524/1430/358 526/1431/358
f 520/1429/358 526/1431/358 522/1432/358
f 527/1433/359 417/1434/359 529/1435/359
f 527/1433/359 529/1435/359 528/1436/359
f 531/1437/360 530/1438/360 516/1439/360
f 531/1437/360 516/1439/360 512/1440/360
f 516/1441/361 528/1442/361 529/1443/361
f 516/1441/361 529/1443/361 512/1444/361
f 530/1445/362 527/1446/362 528/1447/362
f 530/1445/362 528/1447/362 516/1448/362
f 417/1449/363 531/1450/363 512/1451/363
f 417/1449/363 512/1451/363 529/1452/363
f 534/1453/364 529/1454/364 532/1455/364
f 534/1453/364 532/1455/364 533/1456/364
f 536/1457/365 535/1458/365 528/1459/365
f 536/1457/365 528/1459/365 537/1460/365
f 533/1461/366 532/1462/366 535/1463/366
f 533/1461/366 535/1463/366 536/1464/366
f 538/1465/367 539/1466/367 543/1467/367
f 538/1465/367 543/1467/367 542/1468/367
f 541/1469/368 540/1470/368 544/1471/368
f 541/1469/368 544/1471/368 545/1472/368
f 542/1473/369 669/1474/369 668/1475/369
f 542/1473/369 668/1475/369 538/1476/369
f 549/1477/370 554/1478/370 553/1479/370
f 549/1477/370 553/1479/370 548/1480/370
f 543/1481/371 580/1482/371 579/1483/371
f 543/1481/371 579/1483/371 542/1484/371
f 544/1485/372 673/1486/372 672/1487/372
f 544/1485/372 672/1487/372 578/1488/372
f 547/1489/373 552/1490/373 544/1491/373
f 547/1489/373 544/1491/373 546/1492/373
f 544/1493/374 578/1494/374 581/1495/374
f 544/1493/374 581/1495/374 546/1496/374
f 550/1497/375 553/1498/375 554/1499/375
f 550/1497/375 554/1499/375 551/1500/375
f 555/1501/376 561/1502/376 560/1503/376
f 555/1501/376 560/1503/376 556/1504/376
f 556/1505/377 574/1506/377 573/1507/377
f 556/1505/377 573/1507/377 555/1508/377
f 558/1509/378 560/1510/378 561/1511/378
f 558/1509/378 561/1511/378 557/1512/378
f 559/1513/379 540/1514/379 562/1515/379
f 559/1513/379 562/1515/379 563/1516/379
f 565/1517/380 558/1518/380 557/1519/380
f 565/1517/380 557/1519/380 564/1520/380
f 567/1521/381 577/1522/381 576/1523/381
f 567/1521/381 576/1523/381 566/1524/381
f 566/1525/382 576/1526/382 575/1527/382
f 566/1525/382 575/1527/382 559/1528/382
f 571/1529/383 583/1530/383 582/1531/383
f 571/1529/383 582/1531/383 570/1532/383
f 538/1533/384 671/1534/384 670/1535/384
f 538/1533/384 670/1535/384 573/1536/384
f 538/1537/385 573/1538/385 574/1539/385
f 538/1537/385 574/1539/385 539/1540/385
f 559/1541/386 575/1542/386 572/1543/386
f 559/1541/386 572/1543/386 540/1544/386
f 564/1545/387 576/1546/387 577/1547/387
f 564/1545/387 577/1547/387 565/1548/387
f 548/1549/388 579/1550/388 580/1551/388
f 548/1549/388 580/1551/388 549/1552/388
f 546/1553/389 581/1554/389 582/1555/389
f 546/1553/389 582/1555/389 568/1556/389
f 568/1557/390 582/1558/390 583/1559/390
f 568/1557/390 583/1559/390 569/1560/390
f 559/1561/391 584/1562/391 586/1563/391
f 559/1561/391 586/1563/391 546/1564/391
f 585/1565/392 559/1566/392 546/1567/392
f 585/1565/392 546/1567/392 587/1568/392
usemtl common_bottom
f 545/1569/393 586/1570/393 584/1571/393
f 545/1569/393 584/1571/393 541/1572/393
usemtl chemical_painter
f 570/1573/394 550/1574/394 551/1575/394
f 570/1573/394 551/1575/394 571/1576/394
f 567/1577/395 566/1578/395 568/1579/395
f 567/1577/395 568/1579/395 569/1580/395
f 591/1581/396 589/1582/396 588/1583/396
f 591/1581/396 588/1583/396 590/1584/396
f 594/1585/397 592/1586/397 593/1587/397
f 594/1585/397 593/1587/397 595/1588/397
f 590/1589/398 588/1590/398 592/1591/398
f 590/1589/398 592/1591/398 594/1592/398
f 595/1593/399 593/1594/399 589/1595/399
f 595/1593/399 589/1595/399 591/1596/399
f 599/1597/400 597/1598/400 596/1599/400
f 599/1597/400 596/1599/400 598/1600/400
f 602/1601/401 600/1602/401 601/1603/401
f 602/1601/401 601/1603/401 603/1604/401
f 598/1605/402 596/1606/402 600/1607/402
f 598/1605/402 600/1607/402 602/1608/402
f 603/1609/403 601/1610/403 597/1611/403
f 603/1609/403 597/1611/403 599/1612/403
f 608/1613/404 606/1614/404 605/1615/404
f 608/1613/404 605/1615/404 607/1616/404
f 611/1617/405 609/1618/405 610/1619/405
f 611/1617/405 610/1619/405 612/1620/405
f 607/1621/406 605/1622/406 609/1623/406
f 607/1621/406 609/1623/406 611/1624/406
f 612/1625/407 610/1626/407 606/1627/407
f 612/1625/407 606/1627/407 608/1628/407
usemtl common_machinebase
f 615/1629/408 613/1630/408 1341/1631/408
f 615/1629/408 1341/1631/408 614/1632/408
f 1341/1633/409 613/1634/409 617/1635/409
f 1341/1633/409 617/1635/409 616/1636/409
usemtl common_bottom
f 614/1637/410 1341/1638/410 616/1639/410
f 614/1637/410 616/1639/410 618/1640/410
f 619/1641/411 617/1642/411 613/1643/411
f 619/1641/411 613/1643/411 615/1644/411
usemtl common_machinebase
f 621/1645/412 603/1646/412 620/1647/412
f 621/1645/412 620/1647/412 622/1648/412
f 616/1649/413 617/1650/413 620/1651/413
f 616/1649/413 620/1651/413 603/1652/413
usemtl common_bottom
f 618/1653/414 616/1654/414 603/1655/414
f 618/1653/414 603/1655/414 621/1656/414
f 622/1657/415 620/1658/415 617/1659/415
f 622/1657/415 617/1659/415 619/1660/415
f 623/1661/416 409/1662/416 633/1663/416
f 623/1661/416 633/1663/416 624/1664/416
usemtl chemical_painter
f 626/1665/417 625/1666/417 629/1667/417
f 626/1665/417 629/1667/417 592/1668/417
f 627/1669/418 648/1670/418 409/1671/418
f 627/1669/418 409/1671/418 623/1672/418
usemtl common_bottom
f 624/1673/419 633/1674/419 649/1675/419
f 624/1673/419 649/1675/419 628/1676/419
usemtl chemical_painter
f 625/1677/420 635/1678/420 634/1679/420
f 625/1677/420 634/1679/420 409/1680/420
usemtl common_bottom
f 633/1681/421 637/1682/421 636/1683/421
f 633/1681/421 636/1683/421 626/1684/421
usemtl chemical_painter
f 626/1685/422 636/1686/422 635/1687/422
f 626/1685/422 635/1687/422 625/1688/422
usemtl common_bottom
f 409/1689/423 634/1690/423 637/1691/423
f 409/1689/423 637/1691/423 633/1692/423
usemtl chemical_painter
f 405/1693/424 634/1694/424 635/1695/424
f 405/1693/424 635/1695/424 630/1696/424
f 630/1697/425 635/1698/425 636/1699/425
f 630/1697/425 636/1699/425 631/1700/425
usemtl common_bottom
f 631/1701/426 636/1702/426 637/1703/426
f 631/1701/426 637/1703/426 632/1704/426
f 632/1705/427 637/1706/427 634/1707/427
f 632/1705/427 634/1707/427 405/1708/427
f 642/1709/428 632/1710/428 405/1711/428
f 642/1709/428 405/1711/428 641/1712/428
usemtl chemical_painter
f 605/1713/429 640/1714/429 630/1715/429
f 605/1713/429 630/1715/429 631/1716/429
f 641/1717/430 405/1718/430 651/1719/430
f 641/1717/430 651/1719/430 638/1720/430
usemtl common_bottom
f 639/1721/431 650/1722/431 632/1723/431
f 639/1721/431 632/1723/431 642/1724/431
usemtl chemical_painter
f 639/1725/432 1339/1726/432 604/1727/432
f 639/1725/432 604/1727/432 638/1728/432
usemtl common_bottom
f 641/1729/433 643/1730/433 644/1731/433
f 641/1729/433 644/1731/433 642/1732/433
usemtl chemical_painter
f 604/1733/434 1339/1734/434 644/1735/434
f 604/1733/434 644/1735/434 643/1736/434
f 638/1737/435 604/1738/435 643/1739/435
f 638/1737/435 643/1739/435 641/1740/435
usemtl common_bottom
f 642/1741/436 644/1742/436 1339/1743/436
f 642/1741/436 1339/1743/436 639/1744/436
f 624/1745/437 646/1746/437 645/1747/437
f 624/1745/437 645/1747/437 623/1748/437
usemtl chemical_painter
f 627/1749/438 647/1750/438 601/1751/438
f 627/1749/438 601/1751/438 628/1752/438
f 645/1753/439 646/1754/439 601/1755/439
f 645/1753/439 601/1755/439 647/1756/439
f 623/1757/440 645/1758/440 647/1759/440
f 623/1757/440 647/1759/440 627/1760/440
usemtl common_bottom
f 628/1761/441 601/1762/441 646/1763/441
f 628/1761/441 646/1763/441 624/1764/441
usemtl chemical_painter
f 625/1765/442 409/1766/442 648/1767/442
f 625/1765/442 648/1767/442 629/1768/442
f 629/1769/443 648/1770/443 649/1771/443
f 629/1769/443 649/1771/443 592/1772/443
usemtl common_bottom
f 592/1773/444 649/1774/444 633/1775/444
f 592/1773/444 633/1775/444 626/1776/444
f 626/1777/445 633/1778/445 409/1779/445
f 626/1777/445 409/1779/445 625/1780/445
usemtl chemical_painter
f 605/1781/446 650/1782/446 651/1783/446
f 605/1781/446 651/1783/446 640/1784/446
f 640/1785/447 651/1786/447 405/1787/447
f 640/1785/447 405/1787/447 630/1788/447
usemtl common_bottom
f 630/1789/448 405/1790/448 632/1791/448
f 630/1789/448 632/1791/448 631/1792/448
f 631/1793/449 632/1794/449 650/1795/449
f 631/1793/449 650/1795/449 605/1796/449
usemtl chemical_painter
f 654/1797/450 652/1798/450 648/1799/450
f 654/1797/450 648/1799/450 653/1800/450
f 621/1801/451 627/1802/451 655/1803/451
f 621/1801/451 655/1803/451 551/1804/451
f 654/1805/452 653/1806/452 621/1807/452
f 654/1805/452 621/1807/452 551/1808/452
f 653/1809/453 648/1810/453 627/1811/453
f 653/1809/453 627/1811/453 621/1812/453
f 621/1813/454 708/1814/454 707/1815/454
f 621/1813/454 707/1815/454 653/1816/454
usemtl common_bottom
f 715/1817/455 719/1818/455 718/1819/455
f 715/1817/455 718/1819/455 714/1820/455
f 711/1821/456 721/1822/456 722/1823/456
f 711/1821/456 722/1823/456 712/1824/456
usemtl common_machinebase
f 653/1825/457 707/1826/457 706/1827/457
f 653/1825/457 706/1827/457 594/1828/457
usemtl common_bottom
f 710/1829/458 720/1830/458 721/1831/458
f 710/1829/458 721/1831/458 711/1832/458
f 714/1833/459 718/1834/459 717/1835/459
f 714/1833/459 717/1835/459 713/1836/459
usemtl chemical_painter
f 651/1837/460 662/1838/460 664/1839/460
f 651/1837/460 664/1839/460 663/1840/460
f 665/1841/461 638/1842/461 614/1843/461
f 665/1841/461 614/1843/461 558/1844/461
f 614/1845/462 663/1846/462 664/1847/462
f 614/1845/462 664/1847/462 558/1848/462
f 638/1849/463 651/1850/463 663/1851/463
f 638/1849/463 663/1851/463 614/1852/463
f 663/1853/464 690/1854/464 691/1855/464
f 663/1853/464 691/1855/464 614/1856/464
usemtl common_machinebase
f 674/1857/465 693/1858/465 692/1859/465
f 674/1857/465 692/1859/465 687/1860/465
usemtl common_bottom
f 679/1861/466 695/1862/466 694/1863/466
f 679/1861/466 694/1863/466 678/1864/466
f 676/1865/467 697/1866/467 698/1867/467
f 676/1865/467 698/1867/467 677/1868/467
usemtl common_machinebase
f 607/1869/468 689/1870/468 690/1871/468
f 607/1869/468 690/1871/468 663/1872/468
usemtl common_bottom
f 675/1873/469 696/1874/469 697/1875/469
f 675/1873/469 697/1875/469 676/1876/469
f 678/1877/470 694/1878/470 693/1879/470
f 678/1877/470 693/1879/470 674/1880/470
usemtl chemical_painter
f 540/1881/471 668/1882/471 669/1883/471
f 540/1881/471 669/1883/471 544/1884/471
f 572/1885/472 670/1886/472 671/1887/472
f 572/1885/472 671/1887/472 540/1888/472
f 579/1889/473 672/1890/473 673/1891/473
f 579/1889/473 673/1891/473 542/1892/473
usemtl common_bottom
f 676/1893/474 682/1894/474 681/1895/474
f 676/1893/474 681/1895/474 675/1896/474
f 677/1897/475 683/1898/475 682/1899/475
f 677/1897/475 682/1899/475 676/1900/475
f 674/1901/476 680/1902/476 684/1903/476
f 674/1901/476 684/1903/476 678/1904/476
f 678/1905/477 684/1906/477 685/1907/477
f 678/1905/477 685/1907/477 679/1908/477
usemtl common_machinebase
f 680/1909/478 686/1910/478 689/1911/478
f 680/1909/478 689/1911/478 607/1912/478
usemtl common_bottom
f 666/1913/479 681/1914/479 682/1915/479
f 666/1913/479 682/1915/479 667/1916/479
f 667/1917/480 682/1918/480 683/1919/480
f 667/1917/480 683/1919/480 615/1920/480
f 663/1921/481 684/1922/481 680/1923/481
f 663/1921/481 680/1923/481 607/1924/481
f 614/1925/482 685/1926/482 684/1927/482
f 614/1925/482 684/1927/482 663/1928/482
usemtl common_machinebase
f 681/1929/483 686/1930/483 687/1931/483
f 681/1929/483 687/1931/483 675/1932/483
f 687/1933/484 692/1934/484 696/1935/484
f 687/1933/484 696/1935/484 675/1936/484
f 666/1937/485 689/1938/485 686/1939/485
f 666/1937/485 686/1939/485 681/1940/485
f 667/1941/486 690/1942/486 689/1943/486
f 667/1941/486 689/1943/486 666/1944/486
usemtl chemical_painter
f 615/1945/487 691/1946/487 690/1947/487
f 615/1945/487 690/1947/487 667/1948/487
usemtl common_bottom
f 694/1949/488 701/1950/488 700/1951/488
f 694/1949/488 700/1951/488 693/1952/488
f 695/1953/489 702/1954/489 701/1955/489
f 695/1953/489 701/1955/489 694/1956/489
usemtl common_machinebase
f 692/1957/490 699/1958/490 703/1959/490
f 692/1957/490 703/1959/490 696/1960/490
usemtl common_bottom
f 696/1961/491 703/1962/491 704/1963/491
f 696/1961/491 704/1963/491 697/1964/491
f 697/1965/492 704/1966/492 705/1967/492
f 697/1965/492 705/1967/492 698/1968/492
usemtl common_machinebase
f 688/1969/493 699/1970/493 700/1971/493
f 688/1969/493 700/1971/493 656/1972/493
usemtl common_bottom
f 656/1973/494 700/1974/494 701/1975/494
f 656/1973/494 701/1975/494 661/1976/494
f 661/1977/495 701/1978/495 702/1979/495
f 661/1977/495 702/1979/495 618/1980/495
usemtl common_machinebase
f 657/1981/496 703/1982/496 699/1983/496
f 657/1981/496 699/1983/496 688/1984/496
usemtl common_bottom
f 660/1985/497 704/1986/497 703/1987/497
f 660/1985/497 703/1987/497 657/1988/497
f 619/1989/498 705/1990/498 704/1991/498
f 619/1989/498 704/1991/498 660/1992/498
usemtl common_machinebase
f 709/1993/499 716/1994/499 720/1995/499
f 709/1993/499 720/1995/499 710/1996/499
f 658/1997/500 706/1998/500 707/1999/500
f 658/1997/500 707/1999/500 659/2000/500
usemtl chemical_painter
f 659/2001/501 707/2002/501 708/2003/501
f 659/2001/501 708/2003/501 622/2004/501
usemtl common_machinebase
f 710/2005/502 725/2006/502 724/2007/502
f 710/2005/502 724/2007/502 709/2008/502
usemtl common_bottom
f 711/2009/503 726/2010/503 725/2011/503
f 711/2009/503 725/2011/503 710/2012/503
f 712/2013/504 727/2014/504 726/2015/504
f 712/2013/504 726/2015/504 711/2016/504
usemtl common_machinebase
f 709/2017/505 724/2018/505 723/2019/505
f 709/2017/505 723/2019/505 713/2020/505
usemtl common_bottom
f 713/2021/506 723/2022/506 728/2023/506
f 713/2021/506 728/2023/506 714/2024/506
f 714/2025/507 728/2026/507 729/2027/507
f 714/2025/507 729/2027/507 715/2028/507
usemtl common_machinebase
f 706/2029/508 716/2030/508 717/2031/508
f 706/2029/508 717/2031/508 594/2032/508
usemtl common_bottom
f 594/2033/509 717/2034/509 718/2035/509
f 594/2033/509 718/2035/509 653/2036/509
f 653/2037/510 718/2038/510 719/2039/510
f 653/2037/510 719/2039/510 621/2040/510
usemtl common_machinebase
f 658/2041/511 720/2042/511 716/2043/511
f 658/2041/511 716/2043/511 706/2044/511
usemtl common_bottom
f 659/2045/512 721/2046/512 720/2047/512
f 659/2045/512 720/2047/512 658/2048/512
f 622/2049/513 722/2050/513 721/2051/513
f 622/2049/513 721/2051/513 659/2052/513
usemtl common_machinebase
f 725/2053/514 732/2054/514 731/2055/514
f 725/2053/514 731/2055/514 724/2056/514
usemtl common_bottom
f 726/2057/515 733/2058/515 732/2059/515
f 726/2057/515 732/2059/515 725/2060/515
f 727/2061/516 734/2062/516 733/2063/516
f 727/2061/516 733/2063/516 726/2064/516
f 723/2065/517 730/2066/517 735/2067/517
f 723/2065/517 735/2067/517 728/2068/517
f 728/2069/518 735/2070/518 736/2071/518
f 728/2069/518 736/2071/518 729/2072/518
usemtl common_machinebase
f 656/2073/519 730/2074/519 731/2075/519
f 656/2073/519 731/2075/519 688/2076/519
f 688/2077/520 731/2078/520 732/2079/520
f 688/2077/520 732/2079/520 657/2080/520
usemtl common_bottom
f 657/2081/521 732/2082/521 733/2083/521
f 657/2081/521 733/2083/521 660/2084/521
f 660/2085/522 733/2086/522 734/2087/522
f 660/2085/522 734/2087/522 619/2088/522
f 661/2089/523 735/2090/523 730/2091/523
f 661/2089/523 730/2091/523 656/2092/523
f 618/2093/524 736/2094/524 735/2095/524
f 618/2093/524 735/2095/524 661/2096/524
usemtl common_thingies
f 739/2097/525 738/2098/525 737/2099/525
f 739/2097/525 737/2099/525 731/2100/525
f 724/2101/526 740/2102/526 741/2103/526
f 724/2101/526 741/2103/526 742/2104/526
f 737/2105/527 738/2106/527 741/2107/527
f 737/2105/527 741/2107/527 740/2108/527
f 739/2109/528 731/2110/528 724/2111/528
f 739/2109/528 724/2111/528 742/2112/528
f 731/2113/529 737/2114/529 740/2115/529
f 731/2113/529 740/2115/529 724/2116/529
f 745/2117/530 744/2118/530 743/2119/530
f 745/2117/530 743/2119/530 709/2120/530
f 716/2121/531 746/2122/531 747/2123/531
f 716/2121/531 747/2123/531 748/2124/531
f 743/2125/532 744/2126/532 747/2127/532
f 743/2125/532 747/2127/532 746/2128/532
f 745/2129/533 709/2130/533 716/2131/533
f 745/2129/533 716/2131/533 748/2132/533
f 709/2133/534 743/2134/534 746/2135/534
f 709/2133/534 746/2135/534 716/2136/534
usemtl chemical_painter
f 752/2137/535 750/2138/535 749/2139/535
f 752/2137/535 749/2139/535 751/2140/535
f 754/2141/536 753/2142/536 1/2143/536
f 754/2141/536 1/2143/536 755/2144/536
f 751/2145/537 749/2146/537 753/2147/537
f 751/2145/537 753/2147/537 754/2148/537
f 755/2149/538 1/2150/538 750/2151/538
f 755/2149/538 750/2151/538 752/2152/538
f 759/2153/539 757/2154/539 756/2155/539
f 759/2153/539 756/2155/539 758/2156/539
f 762/2157/540 760/2158/540 761/2159/540
f 762/2157/540 761/2159/540 763/2160/540
f 758/2161/541 756/2162/541 760/2163/541
f 758/2161/541 760/2163/541 762/2164/541
f 763/2165/542 761/2166/542 757/2167/542
f 763/2165/542 757/2167/542 759/2168/542
f 767/2169/543 765/2170/543 764/2171/543
f 767/2169/543 764/2171/543 766/2172/543
f 770/2173/544 768/2174/544 769/2175/544
f 770/2173/544 769/2175/544 771/2176/544
f 766/2177/545 764/2178/545 768/2179/545
f 766/2177/545 768/2179/545 770/2180/545
f 771/2181/546 769/2182/546 765/2183/546
f 771/2181/546 765/2183/546 767/2184/546
f 775/2185/547 773/2186/547 772/2187/547
f 775/2185/547 772/2187/547 774/2188/547
f 778/2189/548 776/2190/548 777/2191/548
f 778/2189/548 777/2191/548 779/2192/548
f 774/2193/549 772/2194/549 776/2195/549
f 774/2193/549 776/2195/549 778/2196/549
f 779/2197/550 777/2198/550 773/2199/550
f 779/2197/550 773/2199/550 775/2200/550
usemtl common_thingies
f 782/2201/551 781/2202/551 780/2203/551
f 782/2201/551 780/2203/551 686/2204/551
f 687/2205/552 783/2206/552 784/2207/552
f 687/2205/552 784/2207/552 785/2208/552
f 780/2209/553 781/2210/553 784/2211/553
f 780/2209/553 784/2211/553 783/2212/553
f 782/2213/554 686/2214/554 687/2215/554
f 782/2213/554 687/2215/554 785/2216/554
f 686/2217/555 780/2218/555 783/2219/555
f 686/2217/555 783/2219/555 687/2220/555
f 788/2221/556 787/2222/556 786/2223/556
f 788/2221/556 786/2223/556 692/2224/556
f 699/2225/557 789/2226/557 790/2227/557
f 699/2225/557 790/2227/557 791/2228/557
f 786/2229/558 787/2230/558 790/2231/558
f 786/2229/558 790/2231/558 789/2232/558
f 788/2233/559 692/2234/559 699/2235/559
f 788/2233/559 699/2235/559 791/2236/559
f 692/2237/560 786/2238/560 789/2239/560
f 692/2237/560 789/2239/560 699/2240/560
usemtl chemical_painter
f 796/2241/561 794/2242/561 793/2243/561
f 796/2241/561 793/2243/561 795/2244/561
f 799/2245/562 797/2246/562 798/2247/562
f 799/2245/562 798/2247/562 800/2248/562
f 796/2249/563 795/2250/563 799/2251/563
f 796/2249/563 799/2251/563 800/2252/563
f 795/2253/564 793/2254/564 797/2255/564
f 795/2253/564 797/2255/564 799/2256/564
f 800/2257/565 798/2258/565 794/2259/565
f 800/2257/565 794/2259/565 796/2260/565
f 804/2261/566 802/2262/566 801/2263/566
f 804/2261/566 801/2263/566 803/2264/566
f 807/2265/567 805/2266/567 806/2267/567
f 807/2265/567 806/2267/567 808/2268/567
f 804/2269/568 803/2270/568 807/2271/568
f 804/2269/568 807/2271/568 808/2272/568
f 803/2273/569 801/2274/569 805/2275/569
f 803/2273/569 805/2275/569 807/2276/569
f 808/2277/570 806/2278/570 802/2279/570
f 808/2277/570 802/2279/570 804/2280/570
f 812/2281/571 810/2282/571 809/2283/571
f 812/2281/571 809/2283/571 811/2284/571
f 815/2285/572 813/2286/572 814/2287/572
f 815/2285/572 814/2287/572 816/2288/572
f 812/2289/573 811/2290/573 815/2291/573
f 812/2289/573 815/2291/573 816/2292/573
f 811/2293/574 809/2294/574 813/2295/574
f 811/2293/574 813/2295/574 815/2296/574
f 816/2297/575 814/2298/575 810/2299/575
f 816/2297/575 810/2299/575 812/2300/575
f 820/2301/576 818/2302/576 817/2303/576
f 820/2301/576 817/2303/576 819/2304/576
f 823/2305/577 821/2306/577 822/2307/577
f 823/2305/577 822/2307/577 824/2308/577
f 820/2309/578 819/2310/578 823/2311/578
f 820/2309/578 823/2311/578 824/2312/578
f 819/2313/579 817/2314/579 821/2315/579
f 819/2313/579 821/2315/579 823/2316/579
f 824/2317/580 822/2318/580 818/2319/580
f 824/2317/580 818/2319/580 820/2320/580
f 828/2321/581 826/2322/581 825/2323/581
f 828/2321/581 825/2323/581 827/2324/581
f 831/2325/582 829/2326/582 830/2327/582
f 831/2325/582 830/2327/582 832/2328/582
f 828/2329/583 827/2330/583 831/2331/583
f 828/2329/583 831/2331/583 832/2332/583
f 827/2333/584 825/2334/584 829/2335/584
f 827/2333/584 829/2335/584 831/2336/584
f 832/2337/585 830/2338/585 826/2339/585
f 832/2337/585 826/2339/585 828/2340/585
f 836/2341/586 834/2342/586 833/2343/586
f 836/2341/586 833/2343/586 835/2344/586
f 833/2345/587 834/2346/587 838/2347/587
f 833/2345/587 838/2347/587 837/2348/587
f 836/2349/588 835/2350/588 839/2351/588
f 836/2349/588 839/2351/588 840/2352/588
f 835/2353/589 833/2354/589 837/2355/589
f 835/2353/589 837/2355/589 839/2356/589
f 840/2357/590 838/2358/590 834/2359/590
f 840/2357/590 834/2359/590 836/2360/590
f 843/2361/591 834/2362/591 841/2363/591
f 843/2361/591 841/2363/591 842/2364/591
f 842/2365/592 841/2366/592 844/2367/592
f 842/2365/592 844/2367/592 845/2368/592
f 846/2369/593 838/2370/593 834/2371/593
f 846/2369/593 834/2371/593 843/2372/593
f 849/2373/594 847/2374/594 836/2375/594
f 849/2373/594 836/2375/594 848/2376/594
f 848/2377/595 836/2378/595 840/2379/595
f 848/2377/595 840/2379/595 851/2380/595
f 852/2381/596 850/2382/596 847/2383/596
f 852/2381/596 847/2383/596 849/2384/596
usemtl common_thingies
f 856/2385/597 854/2386/597 853/2387/597
f 856/2385/597 853/2387/597 855/2388/597
f 859/2389/598 857/2390/598 858/2391/598
f 859/2389/598 858/2391/598 860/2392/598
f 853/2393/599 854/2394/599 858/2395/599
f 853/2393/599 858/2395/599 857/2396/599
f 855/2397/600 853/2398/600 857/2399/600
f 855/2397/600 857/2399/600 859/2400/600
f 860/2401/601 858/2402/601 854/2403/601
f 860/2401/601 854/2403/601 856/2404/601
usemtl chemical_painter
f 863/2405/602 862/2406/602 861/2407/602
f 863/2405/602 861/2407/602 641/2408/602
f 866/2409/603 864/2410/603 865/2411/603
f 866/2409/603 865/2411/603 867/2412/603
f 861/2413/604 862/2414/604 865/2415/604
f 861/2413/604 865/2415/604 864/2416/604
f 863/2417/605 641/2418/605 866/2419/605
f 863/2417/605 866/2419/605 867/2420/605
f 641/2421/606 861/2422/606 864/2423/606
f 641/2421/606 864/2423/606 866/2424/606
f 867/2425/607 865/2426/607 862/2427/607
f 867/2425/607 862/2427/607 863/2428/607
f 868/2429/608 869/2430/608 871/2431/608
f 868/2429/608 871/2431/608 870/2432/608
f 873/2433/609 872/2434/609 874/2435/609
f 873/2433/609 874/2435/609 875/2436/609
f 874/2437/610 870/2438/610 871/2439/610
f 874/2437/610 871/2439/610 875/2440/610
f 872/2441/611 868/2442/611 870/2443/611
f 872/2441/611 870/2443/611 874/2444/611
f 869/2445/612 873/2446/612 875/2447/612
f 869/2445/612 875/2447/612 871/2448/612
f 876/2449/613 877/2450/613 879/2451/613
f 876/2449/613 879/2451/613 878/2452/613
f 881/2453/614 880/2454/614 882/2455/614
f 881/2453/614 882/2455/614 883/2456/614
f 882/2457/615 878/2458/615 879/2459/615
f 882/2457/615 879/2459/615 883/2460/615
f 880/2461/616 876/2462/616 878/2463/616
f 880/2461/616 878/2463/616 882/2464/616
f 877/2465/617 881/2466/617 883/2467/617
f 877/2465/617 883/2467/617 879/2468/617
f 884/2469/618 885/2470/618 887/2471/618
f 884/2469/618 887/2471/618 886/2472/618
f 889/2473/619 888/2474/619 890/2475/619
f 889/2473/619 890/2475/619 891/2476/619
f 890/2477/620 886/2478/620 887/2479/620
f 890/2477/620 887/2479/620 891/2480/620
f 888/2481/621 884/2482/621 886/2483/621
f 888/2481/621 886/2483/621 890/2484/621
f 885/2485/622 889/2486/622 891/2487/622
f 885/2485/622 891/2487/622 887/2488/622
f 892/2489/623 893/2490/623 895/2491/623
f 892/2489/623 895/2491/623 894/2492/623
f 897/2493/624 896/2494/624 898/2495/624
f 897/2493/624 898/2495/624 899/2496/624
f 898/2497/625 894/2498/625 895/2499/625
f 898/2497/625 895/2499/625 899/2500/625
f 896/2501/626 892/2502/626 894/2503/626
f 896/2501/626 894/2503/626 898/2504/626
f 893/2505/627 897/2506/627 899/2507/627
f 893/2505/627 899/2507/627 895/2508/627
f 900/2509/628 901/2510/628 903/2511/628
f 900/2509/628 903/2511/628 902/2512/628
f 905/2513/629 904/2514/629 906/2515/629
f 905/2513/629 906/2515/629 907/2516/629
f 906/2517/630 902/2518/630 903/2519/630
f 906/2517/630 903/2519/630 907/2520/630
f 904/2521/631 900/2522/631 902/2523/631
f 904/2521/631 902/2523/631 906/2524/631
f 901/2525/632 905/2526/632 907/2527/632
f 901/2525/632 907/2527/632 903/2528/632
f 908/2529/633 909/2530/633 911/2531/633
f 908/2529/633 911/2531/633 910/2532/633
f 792/2533/634 909/2534/634 908/2535/634
f 792/2533/634 908/2535/634 912/2536/634
f 913/2537/635 910/2538/635 911/2539/635
f 913/2537/635 911/2539/635 914/2540/635
f 912/2541/636 908/2542/636 910/2543/636
f 912/2541/636 910/2543/636 913/2544/636
f 909/2545/637 792/2546/637 914/2547/637
f 909/2545/637 914/2547/637 911/2548/637
f 915/2549/638 909/2550/638 917/2551/638
f 915/2549/638 917/2551/638 916/2552/638
f 918/2553/639 915/2554/639 916/2555/639
f 918/2553/639 916/2555/639 919/2556/639
f 909/2557/640 792/2558/640 920/2559/640
f 909/2557/640 920/2559/640 917/2560/640
f 911/2561/641 921/2562/641 923/2563/641
f 911/2561/641 923/2563/641 922/2564/641
f 914/2565/642 911/2566/642 922/2567/642
f 914/2565/642 922/2567/642 925/2568/642
f 921/2569/643 924/2570/643 926/2571/643
f 921/2569/643 926/2571/643 923/2572/643
f 929/2573/644 928/2574/644 927/2575/644
f 929/2573/644 927/2575/644 638/2576/644
f 927/2577/645 928/2578/645 852/2579/645
f 927/2577/645 852/2579/645 851/2580/645
f 638/2581/646 927/2582/646 851/2583/646
f 638/2581/646 851/2583/646 863/2584/646
f 930/2585/647 852/2586/647 928/2587/647
f 930/2585/647 928/2587/647 929/2588/647
f 934/2589/648 932/2590/648 931/2591/648
f 934/2589/648 931/2591/648 933/2592/648
f 931/2593/649 932/2594/649 846/2595/649
f 931/2593/649 846/2595/649 845/2596/649
f 933/2597/650 931/2598/650 845/2599/650
f 933/2597/650 845/2599/650 935/2600/650
f 867/2601/651 846/2602/651 932/2603/651
f 867/2601/651 932/2603/651 934/2604/651
usemtl conveyor
f 933/2605/652 937/2606/652 936/2607/652
f 933/2605/652 936/2607/652 929/2608/652
f 936/2609/653 937/2610/653 939/2611/653
f 936/2609/653 939/2611/653 938/2612/653
usemtl chemical_painter
f 943/2613/654 941/2614/654 940/2615/654
f 943/2613/654 940/2615/654 942/2616/654
f 946/2617/655 944/2618/655 945/2619/655
f 946/2617/655 945/2619/655 947/2620/655
f 940/2621/656 941/2622/656 945/2623/656
f 940/2621/656 945/2623/656 944/2624/656
f 943/2625/657 942/2626/657 946/2627/657
f 943/2625/657 946/2627/657 947/2628/657
f 942/2629/658 940/2630/658 944/2631/658
f 942/2629/658 944/2631/658 946/2632/658
f 947/2633/659 945/2634/659 941/2635/659
f 947/2633/659 941/2635/659 943/2636/659
f 951/2637/660 949/2638/660 948/2639/660
f 951/2637/660 948/2639/660 950/2640/660
f 954/2641/661 952/2642/661 953/2643/661
f 954/2641/661 953/2643/661 955/2644/661
f 948/2645/662 949/2646/662 953/2647/662
f 948/2645/662 953/2647/662 952/2648/662
f 950/2649/663 948/2650/663 952/2651/663
f 950/2649/663 952/2651/663 954/2652/663
f 955/2653/664 953/2654/664 949/2655/664
f 955/2653/664 949/2655/664 951/2656/664
f 948/2657/665 956/2658/665 959/2659/665
f 948/2657/665 959/2659/665 958/2660/665
f 950/2661/666 948/2662/666 958/2663/666
f 950/2661/666 958/2663/666 960/2664/666
f 961/2665/667 959/2666/667 956/2667/667
f 961/2665/667 956/2667/667 957/2668/667
f 962/2669/668 952/2670/668 965/2671/668
f 962/2669/668 965/2671/668 964/2672/668
f 963/2673/669 962/2674/669 964/2675/669
f 963/2673/669 964/2675/669 966/2676/669
f 967/2677/670 965/2678/670 952/2679/670
f 967/2677/670 952/2679/670 954/2680/670
f 960/2681/671 958/2682/671 968/2683/671
f 960/2681/671 968/2683/671 969/2684/671
f 971/2685/672 970/2686/672 965/2687/672
f 971/2685/672 965/2687/672 967/2688/672
f 968/2689/673 958/2690/673 965/2691/673
f 968/2689/673 965/2691/673 970/2692/673
f 969/2693/674 968/2694/674 970/2695/674
f 969/2693/674 970/2695/674 971/2696/674
f 967/2697/675 965/2698/675 958/2699/675
f 967/2697/675 958/2699/675 960/2700/675
f 975/2701/676 973/2702/676 972/2703/676
f 975/2701/676 972/2703/676 974/2704/676
f 978/2705/677 976/2706/677 977/2707/677
f 978/2705/677 977/2707/677 979/2708/677
f 972/2709/678 973/2710/678 977/2711/678
f 972/2709/678 977/2711/678 976/2712/678
f 975/2713/679 974/2714/679 978/2715/679
f 975/2713/679 978/2715/679 979/2716/679
f 974/2717/680 972/2718/680 976/2719/680
f 974/2717/680 976/2719/680 978/2720/680
f 979/2721/681 977/2722/681 973/2723/681
f 979/2721/681 973/2723/681 975/2724/681
f 983/2725/682 981/2726/682 980/2727/682
f 983/2725/682 980/2727/682 982/2728/682
f 986/2729/683 984/2730/683 985/2731/683
f 986/2729/683 985/2731/683 987/2732/683
f 980/2733/684 981/2734/684 985/2735/684
f 980/2733/684 985/2735/684 984/2736/684
f 983/2737/685 982/2738/685 986/2739/685
f 983/2737/685 986/2739/685 987/2740/685
f 982/2741/686 980/2742/686 984/2743/686
f 982/2741/686 984/2743/686 986/2744/686
f 987/2745/687 985/2746/687 981/2747/687
f 987/2745/687 981/2747/687 983/2748/687
f 988/2749/688 989/2750/688 991/2751/688
f 988/2749/688 991/2751/688 990/2752/688
f 995/2753/689 993/2754/689 992/2755/689
f 995/2753/689 992/2755/689 994/2756/689
f 998/2757/690 996/2758/690 997/2759/690
f 998/2757/690 997/2759/690 999/2760/690
f 992/2761/691 993/2762/691 997/2763/691
f 992/2761/691 997/2763/691 996/2764/691
f 994/2765/692 992/2766/692 996/2767/692
f 994/2765/692 996/2767/692 998/2768/692
f 999/2769/693 997/2770/693 993/2771/693
f 999/2769/693 993/2771/693 995/2772/693
f 1001/2773/694 1002/2774/694 1004/2775/694
f 1001/2773/694 1004/2775/694 1003/2776/694
f 1006/2777/695 1005/2778/695 1007/2779/695
f 1006/2777/695 1007/2779/695 1008/2780/695
f 1007/2781/696 1003/2782/696 1004/2783/696
f 1007/2781/696 1004/2783/696 1008/2784/696
f 1005/2785/697 1001/2786/697 1003/2787/697
f 1005/2785/697 1003/2787/697 1007/2788/697
f 1002/2789/698 1006/2790/698 1008/2791/698
f 1002/2789/698 1008/2791/698 1004/2792/698
f 1009/2793/699 1010/2794/699 1012/2795/699
f 1009/2793/699 1012/2795/699 1011/2796/699
f 1014/2797/700 1013/2798/700 1015/2799/700
f 1014/2797/700 1015/2799/700 1016/2800/700
f 1015/2801/701 1011/2802/701 1012/2803/701
f 1015/2801/701 1012/2803/701 1016/2804/701
f 1013/2805/702 1009/2806/702 1011/2807/702
f 1013/2805/702 1011/2807/702 1015/2808/702
f 1010/2809/703 1014/2810/703 1016/2811/703
f 1010/2809/703 1016/2811/703 1012/2812/703
f 1017/2813/704 1018/2814/704 1020/2815/704
f 1017/2813/704 1020/2815/704 1019/2816/704
f 1022/2817/705 1021/2818/705 1023/2819/705
f 1022/2817/705 1023/2819/705 1024/2820/705
f 1023/2821/706 1019/2822/706 1020/2823/706
f 1023/2821/706 1020/2823/706 1024/2824/706
f 1021/2825/707 1017/2826/707 1019/2827/707
f 1021/2825/707 1019/2827/707 1023/2828/707
f 1018/2829/708 1022/2830/708 1024/2831/708
f 1018/2829/708 1024/2831/708 1020/2832/708
f 1025/2833/709 1026/2834/709 1028/2835/709
f 1025/2833/709 1028/2835/709 1027/2836/709
f 1030/2837/710 1029/2838/710 1031/2839/710
f 1030/2837/710 1031/2839/710 1032/2840/710
f 1031/2841/711 1027/2842/711 1028/2843/711
f 1031/2841/711 1028/2843/711 1032/2844/711
f 1029/2845/712 1025/2846/712 1027/2847/712
f 1029/2845/712 1027/2847/712 1031/2848/712
f 1026/2849/713 1030/2850/713 1032/2851/713
f 1026/2849/713 1032/2851/713 1028/2852/713
f 1033/2853/714 1034/2854/714 1036/2855/714
f 1033/2853/714 1036/2855/714 1035/2856/714
f 1038/2857/715 1037/2858/715 1039/2859/715
f 1038/2857/715 1039/2859/715 1040/2860/715
f 1039/2861/716 1035/2862/716 1036/2863/716
f 1039/2861/716 1036/2863/716 1040/2864/716
f 1037/2865/717 1033/2866/717 1035/2867/717
f 1037/2865/717 1035/2867/717 1039/2868/717
f 1034/2869/718 1038/2870/718 1040/2871/718
f 1034/2869/718 1040/2871/718 1036/2872/718
f 1041/2873/719 1042/2874/719 1044/2875/719
f 1041/2873/719 1044/2875/719 1043/2876/719
f 1046/2877/720 1042/2878/720 1041/2879/720
f 1046/2877/720 1041/2879/720 1045/2880/720
f 1047/2881/721 1043/2882/721 1044/2883/721
f 1047/2881/721 1044/2883/721 1048/2884/721
f 1045/2885/722 1041/2886/722 1043/2887/722
f 1045/2885/722 1043/2887/722 1047/2888/722
f 1042/2889/723 1046/2890/723 1048/2891/723
f 1042/2889/723 1048/2891/723 1044/2892/723
f 1049/2893/724 1042/2894/724 1051/2895/724
f 1049/2893/724 1051/2895/724 1050/2896/724
f 1052/2897/725 1049/2898/725 1050/2899/725
f 1052/2897/725 1050/2899/725 1053/2900/725
f 1042/2901/726 1046/2902/726 1054/2903/726
f 1042/2901/726 1054/2903/726 1051/2904/726
f 1044/2905/727 1055/2906/727 1057/2907/727
f 1044/2905/727 1057/2907/727 1056/2908/727
f 1048/2909/728 1044/2910/728 1056/2911/728
f 1048/2909/728 1056/2911/728 1059/2912/728
f 1055/2913/729 1058/2914/729 1060/2915/729
f 1055/2913/729 1060/2915/729 1057/2916/729
usemtl common_thingies
f 1061/2917/730 1062/2918/730 1064/2919/730
f 1061/2917/730 1064/2919/730 1063/2920/730
f 1066/2921/731 1065/2922/731 1067/2923/731
f 1066/2921/731 1067/2923/731 1068/2924/731
f 1066/2925/732 1062/2926/732 1061/2927/732
f 1066/2925/732 1061/2927/732 1065/2928/732
f 1065/2929/733 1061/2930/733 1063/2931/733
f 1065/2929/733 1063/2931/733 1067/2932/733
f 1062/2933/734 1066/2934/734 1068/2935/734
f 1062/2933/734 1068/2935/734 1064/2936/734
usemtl chemical_painter
f 1069/2937/735 1070/2938/735 1071/2939/735
f 1069/2937/735 1071/2939/735 623/2940/735
f 1073/2941/736 1072/2942/736 1074/2943/736
f 1073/2941/736 1074/2943/736 1075/2944/736
f 1073/2945/737 1070/2946/737 1069/2947/737
f 1073/2945/737 1069/2947/737 1072/2948/737
f 1074/2949/738 623/2950/738 1071/2951/738
f 1074/2949/738 1071/2951/738 1075/2952/738
f 1072/2953/739 1069/2954/739 623/2955/739
f 1072/2953/739 623/2955/739 1074/2956/739
f 1070/2957/740 1073/2958/740 1075/2959/740
f 1070/2957/740 1075/2959/740 1071/2960/740
f 1079/2961/741 1077/2962/741 1076/2963/741
f 1079/2961/741 1076/2963/741 1078/2964/741
f 1082/2965/742 1080/2966/742 1081/2967/742
f 1082/2965/742 1081/2967/742 1083/2968/742
f 1079/2969/743 1078/2970/743 1082/2971/743
f 1079/2969/743 1082/2971/743 1083/2972/743
f 1078/2973/744 1076/2974/744 1080/2975/744
f 1078/2973/744 1080/2975/744 1082/2976/744
f 1083/2977/745 1081/2978/745 1077/2979/745
f 1083/2977/745 1077/2979/745 1079/2980/745
f 1087/2981/746 1085/2982/746 1084/2983/746
f 1087/2981/746 1084/2983/746 1086/2984/746
f 1090/2985/747 1088/2986/747 1089/2987/747
f 1090/2985/747 1089/2987/747 1091/2988/747
f 1087/2989/748 1086/2990/748 1090/2991/748
f 1087/2989/748 1090/2991/748 1091/2992/748
f 1086/2993/749 1084/2994/749 1088/2995/749
f 1086/2993/749 1088/2995/749 1090/2996/749
f 1091/2997/750 1089/2998/750 1085/2999/750
f 1091/2997/750 1085/2999/750 1087/3000/750
f 1095/3001/751 1093/3002/751 1092/3003/751
f 1095/3001/751 1092/3003/751 1094/3004/751
f 1098/3005/752 1096/3006/752 1097/3007/752
f 1098/3005/752 1097/3007/752 1099/3008/752
f 1095/3009/753 1094/3010/753 1098/3011/753
f 1095/3009/753 1098/3011/753 1099/3012/753
f 1094/3013/754 1092/3014/754 1096/3015/754
f 1094/3013/754 1096/3015/754 1098/3016/754
f 1099/3017/755 1097/3018/755 1093/3019/755
f 1099/3017/755 1093/3019/755 1095/3020/755
f 1103/3021/756 1101/3022/756 1100/3023/756
f 1103/3021/756 1100/3023/756 1102/3024/756
f 1106/3025/757 1104/3026/757 1105/3027/757
f 1106/3025/757 1105/3027/757 1107/3028/757
f 1103/3029/758 1102/3030/758 1106/3031/758
f 1103/3029/758 1106/3031/758 1107/3032/758
f 1102/3033/759 1100/3034/759 1104/3035/759
f 1102/3033/759 1104/3035/759 1106/3036/759
f 1107/3037/760 1105/3038/760 1101/3039/760
f 1107/3037/760 1101/3039/760 1103/3040/760
f 1111/3041/761 1109/3042/761 1108/3043/761
f 1111/3041/761 1108/3043/761 1110/3044/761
f 1114/3045/762 1112/3046/762 1113/3047/762
f 1114/3045/762 1113/3047/762 1115/3048/762
f 1111/3049/763 1110/3050/763 1114/3051/763
f 1111/3049/763 1114/3051/763 1115/3052/763
f 1110/3053/764 1108/3054/764 1112/3055/764
f 1110/3053/764 1112/3055/764 1114/3056/764
f 1115/3057/765 1113/3058/765 1109/3059/765
f 1115/3057/765 1109/3059/765 1111/3060/765
f 1119/3061/766 1117/3062/766 1116/3063/766
f 1119/3061/766 1116/3063/766 1118/3064/766
f 1116/3065/767 1117/3066/767 1000/3067/767
f 1116/3065/767 1000/3067/767 1120/3068/767
f 1119/3069/768 1118/3070/768 1121/3071/768
f 1119/3069/768 1121/3071/768 1122/3072/768
f 1118/3073/769 1116/3074/769 1120/3075/769
f 1118/3073/769 1120/3075/769 1121/3076/769
f 1122/3077/770 1000/3078/770 1117/3079/770
f 1122/3077/770 1117/3079/770 1119/3080/770
f 1125/3081/771 1117/3082/771 1123/3083/771
f 1125/3081/771 1123/3083/771 1124/3084/771
f 1124/3085/772 1123/3086/772 1126/3087/772
f 1124/3085/772 1126/3087/772 1127/3088/772
f 1128/3089/773 1000/3090/773 1117/3091/773
f 1128/3089/773 1117/3091/773 1125/3092/773
f 1131/3093/774 1129/3094/774 1119/3095/774
f 1131/3093/774 1119/3095/774 1130/3096/774
f 1130/3097/775 1119/3098/775 1122/3099/775
f 1130/3097/775 1122/3099/775 1133/3100/775
f 1134/3101/776 1132/3102/776 1129/3103/776
f 1134/3101/776 1129/3103/776 1131/3104/776
f 1138/3105/777 1136/3106/777 1135/3107/777
f 1138/3105/777 1135/3107/777 1137/3108/777
f 1141/3109/778 1139/3110/778 1140/3111/778
f 1141/3109/778 1140/3111/778 1142/3112/778
f 1135/3113/779 1136/3114/779 1140/3115/779
f 1135/3113/779 1140/3115/779 1139/3116/779
f 1138/3117/780 1137/3118/780 1141/3119/780
f 1138/3117/780 1141/3119/780 1142/3120/780
f 1142/3121/781 1140/3122/781 1136/3123/781
f 1142/3121/781 1136/3123/781 1138/3124/781
f 1146/3125/782 1144/3126/782 1143/3127/782
f 1146/3125/782 1143/3127/782 1145/3128/782
f 1149/3129/783 1147/3130/783 1148/3131/783
f 1149/3129/783 1148/3131/783 1150/3132/783
f 1143/3133/784 1144/3134/784 1148/3135/784
f 1143/3133/784 1148/3135/784 1147/3136/784
f 1146/3137/785 1145/3138/785 1149/3139/785
f 1146/3137/785 1149/3139/785 1150/3140/785
f 1145/3141/786 1143/3142/786 1147/3143/786
f 1145/3141/786 1147/3143/786 1149/3144/786
f 1150/3145/787 1148/3146/787 1144/3147/787
f 1150/3145/787 1144/3147/787 1146/3148/787
f 1154/3149/788 1152/3150/788 1151/3151/788
f 1154/3149/788 1151/3151/788 1153/3152/788
f 1157/3153/789 1155/3154/789 1156/3155/789
f 1157/3153/789 1156/3155/789 1158/3156/789
f 1151/3157/790 1152/3158/790 1156/3159/790
f 1151/3157/790 1156/3159/790 1155/3160/790
f 1154/3161/791 1153/3162/791 1157/3163/791
f 1154/3161/791 1157/3163/791 1158/3164/791
f 1153/3165/792 1151/3166/792 1155/3167/792
f 1153/3165/792 1155/3167/792 1157/3168/792
f 1158/3169/793 1156/3170/793 1152/3171/793
f 1158/3169/793 1152/3171/793 1154/3172/793
f 1162/3173/794 1160/3174/794 1159/3175/794
f 1162/3173/794 1159/3175/794 1161/3176/794
f 1165/3177/795 1163/3178/795 1164/3179/795
f 1165/3177/795 1164/3179/795 1166/3180/795
f 1159/3181/796 1160/3182/796 1164/3183/796
f 1159/3181/796 1164/3183/796 1163/3184/796
f 1162/3185/797 1161/3186/797 1165/3187/797
f 1162/3185/797 1165/3187/797 1166/3188/797
f 1161/3189/798 1159/3190/798 1163/3191/798
f 1161/3189/798 1163/3191/798 1165/3192/798
f 1166/3193/799 1164/3194/799 1160/3195/799
f 1166/3193/799 1160/3195/799 1162/3196/799
usemtl conveyor
f 1170/3197/800 1168/3198/800 1167/3199/800
f 1170/3197/800 1167/3199/800 1169/3200/800
f 1167/3201/801 1168/3202/801 1172/3203/801
f 1167/3201/801 1172/3203/801 1171/3204/801
usemtl chemical_painter
f 1169/3205/802 1174/3206/802 1173/3207/802
f 1169/3205/802 1173/3207/802 546/3208/802
f 1173/3209/803 1174/3210/803 1134/3211/803
f 1173/3209/803 1134/3211/803 1133/3212/803
f 546/3213/804 1173/3214/804 1133/3215/804
f 546/3213/804 1133/3215/804 624/3216/804
f 1175/3217/805 1134/3218/805 1174/3219/805
f 1175/3217/805 1174/3219/805 1169/3220/805
f 544/3221/806 1177/3222/806 1176/3223/806
f 544/3221/806 1176/3223/806 1170/3224/806
f 1176/3225/807 1177/3226/807 1128/3227/807
f 1176/3225/807 1128/3227/807 1127/3228/807
f 1170/3229/808 1176/3230/808 1127/3231/808
f 1170/3229/808 1127/3231/808 1178/3232/808
f 925/3233/809 926/3234/809 1182/3235/809
f 925/3233/809 1182/3235/809 1181/3236/809
f 642/3237/810 925/3238/810 1181/3239/810
f 642/3237/810 1181/3239/810 559/3240/810
f 1183/3241/811 1182/3242/811 926/3243/811
f 1183/3241/811 926/3243/811 1180/3244/811
f 559/3245/812 1181/3246/812 1182/3247/812
f 559/3245/812 1182/3247/812 1183/3248/812
usemtl conveyor
f 1184/3249/813 1185/3250/813 1187/3251/813
f 1184/3249/813 1187/3251/813 1186/3252/813
f 1183/3253/814 1186/3254/814 1187/3255/814
f 1183/3253/814 1187/3255/814 1188/3256/814
usemtl chemical_painter
f 919/3257/815 920/3258/815 1192/3259/815
f 919/3257/815 1192/3259/815 1191/3260/815
f 1189/3261/816 919/3262/816 1191/3263/816
f 1189/3261/816 1191/3263/816 1188/3264/816
f 540/3265/817 1192/3266/817 920/3267/817
f 540/3265/817 920/3267/817 1190/3268/817
f 1188/3269/818 1191/3270/818 1192/3271/818
f 1188/3269/818 1192/3271/818 540/3272/818
f 1179/3273/819 1128/3274/819 1177/3275/819
f 1179/3273/819 1177/3275/819 544/3276/819
f 1196/3277/820 1194/3278/820 1193/3279/820
f 1196/3277/820 1193/3279/820 1195/3280/820
f 1195/3281/821 1193/3282/821 1197/3283/821
f 1195/3281/821 1197/3283/821 1199/3284/821
f 1200/3285/822 1198/3286/822 1194/3287/822
f 1200/3285/822 1194/3287/822 1196/3288/822
f 1194/3289/823 1202/3290/823 1201/3291/823
f 1194/3289/823 1201/3291/823 1193/3292/823
f 1193/3293/824 1201/3294/824 1203/3295/824
f 1193/3293/824 1203/3295/824 1197/3296/824
f 1198/3297/825 1204/3298/825 1202/3299/825
f 1198/3297/825 1202/3299/825 1194/3300/825
f 1204/3301/826 1203/3302/826 1201/3303/826
f 1204/3301/826 1201/3303/826 1202/3304/826
f 1196/3305/827 1195/3306/827 1199/3307/827
f 1196/3305/827 1199/3307/827 1200/3308/827
f 1208/3309/828 1206/3310/828 1205/3311/828
f 1208/3309/828 1205/3311/828 1207/3312/828
f 1207/3313/829 1205/3314/829 1209/3315/829
f 1207/3313/829 1209/3315/829 1211/3316/829
f 1212/3317/830 1210/3318/830 1206/3319/830
f 1212/3317/830 1206/3319/830 1208/3320/830
f 1206/3321/831 1214/3322/831 1213/3323/831
f 1206/3321/831 1213/3323/831 1205/3324/831
f 1205/3325/832 1213/3326/832 1215/3327/832
f 1205/3325/832 1215/3327/832 1209/3328/832
f 1210/3329/833 1216/3330/833 1214/3331/833
f 1210/3329/833 1214/3331/833 1206/3332/833
f 1216/3333/834 1215/3334/834 1213/3335/834
f 1216/3333/834 1213/3335/834 1214/3336/834
f 1208/3337/835 1207/3338/835 1211/3339/835
f 1208/3337/835 1211/3339/835 1212/3340/835
f 1220/3341/836 1218/3342/836 1217/3343/836
f 1220/3341/836 1217/3343/836 1219/3344/836
f 1223/3345/837 1221/3346/837 1222/3347/837
f 1223/3345/837 1222/3347/837 1224/3348/837
f 1217/3349/838 1218/3350/838 1222/3351/838
f 1217/3349/838 1222/3351/838 1221/3352/838
f 1220/3353/839 1219/3354/839 1223/3355/839
f 1220/3353/839 1223/3355/839 1224/3356/839
f 1224/3357/840 1222/3358/840 1218/3359/840
f 1224/3357/840 1218/3359/840 1220/3360/840
f 1228/3361/841 1226/3362/841 1225/3363/841
f 1228/3361/841 1225/3363/841 1227/3364/841
f 1231/3365/842 1229/3366/842 1230/3367/842
f 1231/3365/842 1230/3367/842 1232/3368/842
f 1225/3369/843 1226/3370/843 1230/3371/843
f 1225/3369/843 1230/3371/843 1229/3372/843
f 1228/3373/844 1227/3374/844 1231/3375/844
f 1228/3373/844 1231/3375/844 1232/3376/844
f 1232/3377/845 1230/3378/845 1226/3379/845
f 1232/3377/845 1226/3379/845 1228/3380/845
f 1236/3381/846 1234/3382/846 1233/3383/846
f 1236/3381/846 1233/3383/846 1235/3384/846
f 1239/3385/847 1237/3386/847 1238/3387/847
f 1239/3385/847 1238/3387/847 1240/3388/847
f 1233/3389/848 1234/3390/848 1238/3391/848
f 1233/3389/848 1238/3391/848 1237/3392/848
f 1236/3393/849 1235/3394/849 1239/3395/849
f 1236/3393/849 1239/3395/849 1240/3396/849
f 1240/3397/850 1238/3398/850 1234/3399/850
f 1240/3397/850 1234/3399/850 1236/3400/850
f 1244/3401/851 1242/3402/851 1241/3403/851
f 1244/3401/851 1241/3403/851 1243/3404/851
f 1247/3405/852 1245/3406/852 1246/3407/852
f 1247/3405/852 1246/3407/852 1248/3408/852
f 1241/3409/853 1242/3410/853 1246/3411/853
f 1241/3409/853 1246/3411/853 1245/3412/853
f 1244/3413/854 1243/3414/854 1247/3415/854
f 1244/3413/854 1247/3415/854 1248/3416/854
f 1248/3417/855 1246/3418/855 1242/3419/855
f 1248/3417/855 1242/3419/855 1244/3420/855
f 1252/3421/856 1250/3422/856 1249/3423/856
f 1252/3421/856 1249/3423/856 1251/3424/856
f 1255/3425/857 1253/3426/857 1254/3427/857
f 1255/3425/857 1254/3427/857 1256/3428/857
f 1249/3429/858 1250/3430/858 1254/3431/858
f 1249/3429/858 1254/3431/858 1253/3432/858
f 1252/3433/859 1251/3434/859 1255/3435/859
f 1252/3433/859 1255/3435/859 1256/3436/859
f 1256/3437/860 1254/3438/860 1250/3439/860
f 1256/3437/860 1250/3439/860 1252/3440/860
f 1260/3441/861 1258/3442/861 1257/3443/861
f 1260/3441/861 1257/3443/861 1259/3444/861
f 1263/3445/862 1261/3446/862 1262/3447/862
f 1263/3445/862 1262/3447/862 1264/3448/862
f 1257/3449/863 1258/3450/863 1262/3451/863
f 1257/3449/863 1262/3451/863 1261/3452/863
f 1260/3453/864 1259/3454/864 1263/3455/864
f 1260/3453/864 1263/3455/864 1264/3456/864
f 1264/3457/865 1262/3458/865 1258/3459/865
f 1264/3457/865 1258/3459/865 1260/3460/865
f 1268/3461/866 1266/3462/866 1265/3463/866
f 1268/3461/866 1265/3463/866 1267/3464/866
f 1271/3465/867 1269/3466/867 1270/3467/867
f 1271/3465/867 1270/3467/867 1272/3468/867
f 1265/3469/868 1266/3470/868 1270/3471/868
f 1265/3469/868 1270/3471/868 1269/3472/868
f 1267/3473/869 1265/3474/869 1269/3475/869
f 1267/3473/869 1269/3475/869 1271/3476/869
f 1272/3477/870 1270/3478/870 1266/3479/870
f 1272/3477/870 1266/3479/870 1268/3480/870
usemtl common_copper_cable
f 1277/3481/871 1275/3482/871 1274/3483/871
f 1277/3481/871 1274/3483/871 1276/3484/871
f 1280/3485/872 1278/3486/872 1279/3487/872
f 1280/3485/872 1279/3487/872 1281/3488/872
f 1276/3489/873 1274/3490/873 1278/3491/873
f 1276/3489/873 1278/3491/873 1280/3492/873
f 1279/3493/874 1278/3494/874 1284/3495/874
f 1279/3493/874 1284/3495/874 1285/3496/874
f 1274/3497/875 1282/3498/875 1284/3499/875
f 1274/3497/875 1284/3499/875 1278/3500/875
f 1285/3501/876 1284/3502/876 1282/3503/876
f 1285/3501/876 1282/3503/876 1283/3504/876
f 1286/3505/877 1287/3506/877 1282/3507/877
f 1286/3505/877 1282/3507/877 1274/3508/877
f 1288/3509/878 1286/3510/878 1274/3511/878
f 1288/3509/878 1274/3511/878 1275/3512/878
f 1283/3513/879 1282/3514/879 1287/3515/879
f 1283/3513/879 1287/3515/879 1289/3516/879
f 1273/3517/880 1291/3518/880 1290/3519/880
f 1273/3517/880 1290/3519/880 1292/3520/880
f 1289/3521/881 1287/3522/881 1293/3523/881
f 1289/3521/881 1293/3523/881 1294/3524/881
f 1290/3525/882 1291/3526/882 1293/3527/882
f 1290/3525/882 1293/3527/882 1287/3528/882
f 1292/3529/883 1290/3530/883 1295/3531/883
f 1292/3529/883 1295/3531/883 1296/3532/883
f 1295/3533/884 1290/3534/884 1287/3535/884
f 1295/3533/884 1287/3535/884 1286/3536/884
f 1296/3537/885 1295/3538/885 1286/3539/885
f 1296/3537/885 1286/3539/885 1288/3540/885
usemtl chemical_painter
f 1297/3541/886 1298/3542/886 1299/3543/886
f 1297/3541/886 1299/3543/886 627/3544/886
f 1060/3545/887 1298/3546/887 1297/3547/887
f 1060/3545/887 1297/3547/887 1059/3548/887
f 1059/3549/888 1297/3550/888 627/3551/888
f 1059/3549/888 627/3551/888 1071/3552/888
f 1298/3553/889 1060/3554/889 1300/3555/889
f 1298/3553/889 1300/3555/889 1299/3556/889
f 1301/3557/890 1302/3558/890 1304/3559/890
f 1301/3557/890 1304/3559/890 1303/3560/890
f 1054/3561/891 1302/3562/891 1301/3563/891
f 1054/3561/891 1301/3563/891 1053/3564/891
f 1053/3565/892 1301/3566/892 1303/3567/892
f 1053/3565/892 1303/3567/892 1305/3568/892
f 1302/3569/893 1054/3570/893 1075/3571/893
f 1302/3569/893 1075/3571/893 1304/3572/893
usemtl conveyor
f 1306/3573/894 1307/3574/894 1303/3575/894
f 1306/3573/894 1303/3575/894 1299/3576/894
f 1309/3577/895 1307/3578/895 1306/3579/895
f 1309/3577/895 1306/3579/895 1308/3580/895
usemtl common_bottom
f 1311/3581/896 1314/3582/896 1315/3583/896
f 1311/3581/896 1315/3583/896 1310/3584/896
f 1310/3585/897 1315/3586/897 1316/3587/897
f 1310/3585/897 1316/3587/897 1312/3588/897
f 1312/3589/898 1316/3590/898 1317/3591/898
f 1312/3589/898 1317/3591/898 1313/3592/898
f 1313/3593/899 1317/3594/899 1314/3595/899
f 1313/3593/899 1314/3595/899 1311/3596/899
f 1321/3597/900 1320/3598/900 1322/3599/900
f 1321/3597/900 1322/3599/900 1323/3600/900
f 1323/3601/901 1322/3602/901 1324/3603/901
f 1323/3601/901 1324/3603/901 1325/3604/901
f 1325/3605/902 1324/3606/902 1319/3607/902
f 1325/3605/902 1319/3607/902 1318/3608/902
f 1318/3609/903 1319/3610/903 1320/3611/903
f 1318/3609/903 1320/3611/903 1321/3612/903
usemtl chemical_painter
f 1326/3613/904 1327/3614/904 1328/3615/904
f 1326/3613/904 1328/3615/904 1329/3616/904
f 1330/3617/905 1331/3618/905 1332/3619/905
f 1330/3617/905 1332/3619/905 1333/3620/905
f 1334/3621/906 1335/3622/906 1336/3623/906
f 1334/3621/906 1336/3623/906 1337/3624/906
f 1341/3625/907 1339/3626/907 1342/3627/907
f 1341/3625/907 1342/3627/907 1343/3628/907
f 1345/3629/908 1344/3630/908 1338/3631/908
f 1345/3629/908 1338/3631/908 1340/3632/908
f 1343/3633/909 1342/3634/909 1344/3635/909
f 1343/3633/909 1344/3635/909 1345/3636/909
f 1340/3637/910 1338/3638/910 1339/3639/910
f 1340/3637/910 1339/3639/910 1341/3640/910