# Made by Pabilo8 with Blockbench
# Exported with IIToolkit Plugin
mtllib chemical_painter.mtl


o main
v 1.625 0.9375 2.9375
v 2.75 1.0625 2.25
v 2.75 1.0625 2.125
v 2.75 1 2.25
v 2.75 1 2.125
v 2.875 1.0625 2.25
v 2.875 1.0625 2.125
v 2.875 1 2.25
v 2.875 1 2.125
v 2.75 1.0625 2.875
v 2.75 1.0625 2.75
v 2.75 1 2.875
v 2.75 1 2.75
v 2.875 1.0625 2.875
v 2.875 1.0625 2.75
v 2.875 1 2.875
v 2.875 1 2.75
v 2.125 1.0625 2.25
v 2.125 1.0625 2.125
v 2.125 1 2.25
v 2.125 1 2.125
v 2.25 1.0625 2.25
v 2.25 1.0625 2.125
v 2.25 1 2.25
v 2.25 1 2.125
v 2.125 1.0625 2.875
v 2.125 1.0625 2.75
v 2.125 1 2.875
v 2.125 1 2.75
v 2.25 1.0625 2.875
v 2.25 1.0625 2.75
v 2.25 1 2.875
v 2.25 1 2.75
v 2.0625 2.625 2.9375
v 2.0625 2.625 2.0625
v 2.0625 1.0625 2.9375
v 2.0625 1.0625 2.0625
v 2.9375 2.625 2.9375
v 2.9375 2.625 2.0625
v 2.9375 1.0625 2.9375
v 2.9375 1.0625 2.0625
v 1.75 1.0625 2.25
v 1.75 1.0625 2.125
v 1.75 1 2.25
v 1.75 1 2.125
v 1.875 1.0625 2.25
v 1.875 1.0625 2.125
v 1.875 1 2.25
v 1.875 1 2.125
v 1.75 1.0625 2.875
v 1.75 1.0625 2.75
v 1.75 1 2.875
v 1.75 1 2.75
v 1.875 1.0625 2.875
v 1.875 1.0625 2.75
v 1.875 1 2.875
v 1.875 1 2.75
v 1.125 1.0625 2.25
v 1.125 1.0625 2.125
v 1.125 1 2.25
v 1.125 1 2.125
v 1.25 1.0625 2.25
v 1.25 1.0625 2.125
v 1.25 1 2.25
v 1.25 1 2.125
v 1.125 1.0625 2.875
v 1.125 1.0625 2.75
v 1.125 1 2.875
v 1.125 1 2.75
v 1.25 1.0625 2.875
v 1.25 1.0625 2.75
v 1.25 1 2.875
v 1.25 1 2.75
v 1.0625 2.625 2.9375
v 1.0625 2.625 2.0625
v 1.0625 1.0625 2.9375
v 1.0625 1.0625 2.0625
v 1.9375 2.625 2.9375
v 1.9375 2.625 2.0625
v 1.9375 1.0625 2.9375
v 1.9375 1.0625 2.0625
v -0.25 1.0625 2.25
v -0.25 1.0625 2.125
v -0.25 1 2.25
v -0.25 1 2.125
v -0.125 1.0625 2.25
v -0.125 1.0625 2.125
v -0.125 1 2.25
v -0.125 1 2.125
v -0.25 1.0625 2.875
v -0.25 1.0625 2.75
v -0.25 1 2.875
v -0.25 1 2.75
v -0.125 1.0625 2.875
v -0.125 1.0625 2.75
v -0.125 1 2.875
v -0.125 1 2.75
v -0.875 1.0625 2.25
v -0.875 1.0625 2.125
v -0.875 1 2.25
v -0.875 1 2.125
v -0.75 1.0625 2.25
v -0.75 1.0625 2.125
v -0.75 1 2.25
v -0.75 1 2.125
v -0.875 1.0625 2.875
v -0.875 1.0625 2.75
v -0.875 1 2.875
v -0.875 1 2.75
v -0.75 1.0625 2.875
v -0.75 1.0625 2.75
v -0.75 1 2.875
v -0.75 1 2.75
v -0.9375 2.625 2.9375
v -0.9375 2.625 2.0625
v -0.9375 1.0625 2.9375
v -0.9375 1.0625 2.0625
v -0.0625 2.625 2.9375
v -0.0625 2.625 2.0625
v -0.0625 1.0625 2.9375
v -0.0625 1.0625 2.0625
v -1.25 1.0625 2.25
v -1.25 1.0625 2.125
v -1.25 1 2.25
v -1.25 1 2.125
v -1.125 1.0625 2.25
v -1.125 1.0625 2.125
v -1.125 1 2.25
v -1.125 1 2.125
v -1.25 1.0625 2.875
v -1.25 1.0625 2.75
v -1.25 1 2.875
v -1.25 1 2.75
v -1.125 1.0625 2.875
v -1.125 1.0625 2.75
v -1.125 1 2.875
v -1.125 1 2.75
v -1.875 1.0625 2.25
v -1.875 1.0625 2.125
v -1.875 1 2.25
v -1.875 1 2.125
v -1.75 1.0625 2.25
v -1.75 1.0625 2.125
v -1.75 1 2.25
v -1.75 1 2.125
v -1.875 1.0625 2.875
v -1.875 1.0625 2.75
v -1.875 1 2.875
v -1.875 1 2.75
v -1.75 1.0625 2.875
v -1.75 1.0625 2.75
v -1.75 1 2.875
v -1.75 1 2.75
v -1.9375 2.625 2.9375
v -1.9375 2.625 2.0625
v -1.9375 1.0625 2.9375
v -1.9375 1.0625 2.0625
v -1.0625 2.625 2.9375
v -1.0625 2.625 2.0625
v -1.0625 1.0625 2.9375
v -1.0625 1.0625 2.0625
v -0.5 2.875 2.3125
v -0.5 2.875 2.0625
v -0.5 2.625 2.3125
v -0.5 2.625 2.0625
v 0 2.875 2.3125
v 0 2.875 2.0625
v 0 2.625 2.3125
v 0 2.625 2.0625
v 0.25 2.875 2.125
v 0.25 2.625 2.125
v 0.25 2.875 2.3125
v 0.25 2.625 2.3125
v 0 2.875 2.375
v 0 2.625 2.375
v 0.25 2.875 2.375
v 0.25 2.625 2.375
v 0.0625 2.875 2.625
v 0.0625 2.625 2.625
v 0.25 2.875 2.625
v 0.25 2.625 2.625
v -0.75 2.875 2.25
v -0.75 2.625 2.25
v -0.75 2.875 2.0625
v -0.75 2.625 2.0625
v 0.25 3 2.75
v 0.25 3 2.25
v 0.25 2.5 2.75
v 0.25 2.5 2.25
v 0.75 3 2.75
v 0.75 3 2.25
v 0.75 2.5 2.75
v 0.75 2.5 2.25
v 0.125 2.375 2.4375
v 0 2.375 2.4375
v 0.125 1.625 2.4375
v 0 1.625 2.4375
v 0.125 2.375 2.0625
v 0 2.375 2.0625
v 0.125 1.625 2.0625
v 0 1.625 2.0625
v 0 2.5 2.0625
v 1 2.375 2.0625
v 1 2.5 2.0625
v 0 2.5 2.4375
v 1 2.375 2.4375
v 1 2.5 2.4375
v 0.875 2.375 2.4375
v 1 1.625 2.4375
v 0.875 1.625 2.4375
v 0.875 2.375 2.0625
v 1 1.625 2.0625
v 0.875 1.625 2.0625
v 0 1.5 2.0625
v 1 1.5 2.0625
v 0 1.5 2.4375
v 1 1.5 2.4375
v 0.125 2.375 2.375
v 0.125 1.625 2.375
v 0.875 2.375 2.375
v 0.875 1.625 2.375
v 0.875 1.625 2.75
v 0 2.6875 2
v 0 2.6875 1.5
v 0 2.375 2
v 0 2.375 1.5
v 1 2.6875 2
v 1 2.6875 1.5
v 1 2.375 2
v 1 2.375 1.5
v 0 1.9375 1.8125
v 0 0.9375 1.8125
v 1 1.9375 1.8125
v 1 0.9375 1.8125
v 1 1.4375 1.8125
v 0 1.4375 1.8125
v 1 1.8125 1.8125
v 0.875 1.8125 1.8125
v 1 1.0625 1.8125
v 0.875 1.0625 1.8125
v 1 1.8125 1.4375
v 0.875 1.8125 1.4375
v 1 1.0625 1.4375
v 0.875 1.0625 1.4375
v 0 1.8125 1.4375
v 0 1.9375 1.4375
v 1 1.9375 1.4375
v 0 1.8125 1.8125
v 0 0.9375 1.4375
v 0 1.0625 1.4375
v 1 0.9375 1.4375
v 0 1.0625 1.8125
v 0.125 1.8125 1.8125
v 0.125 1.0625 1.8125
v 0.125 1.8125 1.4375
v 0.125 1.0625 1.4375
v 0 2.0625 1.375
v 0 1.9375 1.375
v 0 2.0625 2
v 0 1.9375 2
v 1 2.0625 1.375
v 1 1.9375 1.375
v 1 2.0625 2
v 1 1.9375 2
v 0 2.0625 1.5
v 1 2.0625 1.5
v 1 1.9375 2.0625
v 1 0.9375 2.0625
v 1 1.4375 2.0625
v 0 1.9375 2.0625
v 0 0.9375 2.0625
v 0 1.4375 2.0625
v 0.375 2.5625 1.4375
v 0.375 2.5625 1.375
v 0.375 2.3125 1.4375
v 0.375 2.3125 1.375
v 0.625 2.5625 1.4375
v 0.625 2.5625 1.375
v 0.625 2.3125 1.4375
v 0.625 2.3125 1.375
v 0.3125 2.625 1.5
v 0.3125 2.625 1.4375
v 0.3125 2.25 1.5
v 0.3125 2.25 1.4375
v 0.6875 2.625 1.5
v 0.6875 2.625 1.4375
v 0.6875 2.25 1.5
v 0.6875 2.25 1.4375
v 1.0625 2 1.9375
v 1.0625 2 1.5625
v 1.0625 1.9375 1.9375
v 1.0625 1.9375 1.5625
v 1.4375 2 1.9375
v 1.4375 2 1.5625
v 1.4375 1.9375 1.9375
v 1.4375 1.9375 1.5625
v 1 1.9375 1.5
v 1 0.9375 1.5
v 1.5 1.9375 2
v 1.5 1.9375 1.5
v 1.5 0.9375 2
v 1.5 0.9375 1.5
v 1.375 2.5 1.875
v 1.375 2.5 1.625
v 1.375 2.125 1.875
v 1.375 2.125 1.625
v 1.125 2.5 1.875
v 1.125 2.5 1.625
v 1.125 2.125 1.875
v 1.125 2.125 1.625
v 1.375 1.75 1.875
v 1.375 1.75 1.625
v 1.125 1.75 1.875
v 1.125 1.75 1.625
v 1.375 2.6875 1.875
v 1.375 2.6875 1.625
v 1.125 2.75 1.875
v 1.125 2.75 1.625
v 1.0625 2.75 1.875
v 1.0625 2.5 1.875
v 1.0625 2.75 1.625
v 1.0625 2.5 1.625
v 1 2.8125 1.9375
v 1.0625 2.8125 1.9375
v 1 2.4375 1.9375
v 1.0625 2.4375 1.9375
v 1 2.8125 1.5625
v 1.0625 2.8125 1.5625
v 1 2.4375 1.5625
v 1.0625 2.4375 1.5625
v -0.375 2.5 1.875
v -0.375 2.5 1.625
v -0.375 2.125 1.875
v -0.375 2.125 1.625
v -0.125 2.5 1.875
v -0.125 2.5 1.625
v -0.125 2.125 1.875
v -0.125 2.125 1.625
v -0.375 1.75 1.875
v -0.375 1.75 1.625
v -0.125 1.75 1.875
v -0.125 1.75 1.625
v -0.375 2.6875 1.875
v -0.375 2.6875 1.625
v -0.125 2.75 1.875
v -0.125 2.75 1.625
v -0.0625 2.75 1.875
v -0.0625 2.5 1.875
v -0.0625 2.75 1.625
v -0.0625 2.5 1.625
v 0 2.8125 1.9375
v -0.0625 2.8125 1.9375
v 0 2.4375 1.9375
v -0.0625 2.4375 1.9375
v 0 2.8125 1.5625
v -0.0625 2.8125 1.5625
v 0 2.4375 1.5625
v -0.0625 2.4375 1.5625
v -0.375 1.375 1.875
v -0.375 1.375 1.625
v -0.125 1.375 1.875
v -0.125 1.375 1.625
v -0.375 1 1.875
v -0.375 1 1.625
v -0.125 1 1.875
v -0.125 1 1.625
v -0.375 0.9375 1.875
v -0.125 0.9375 1.875
v -0.375 0.9375 1.625
v -0.125 0.9375 1.625
v -0.4375 2.1875 1.9375
v -0.4375 2.1875 1.5625
v -0.4375 2.0625 1.9375
v -0.4375 2.0625 1.5625
v -0.0625 2.1875 1.9375
v -0.0625 2.1875 1.5625
v -0.0625 2.0625 1.9375
v -0.0625 2.0625 1.5625
v -0.4375 1.4375 1.9375
v -0.4375 1.4375 1.5625
v -0.4375 1.3125 1.9375
v -0.4375 1.3125 1.5625
v -0.0625 1.4375 1.9375
v -0.0625 1.4375 1.5625
v -0.0625 1.3125 1.9375
v -0.0625 1.3125 1.5625
v 0 2.6875 1.375
v 0 2.8125 1.375
v 1 2.6875 1.375
v 1 2.8125 1.375
v 0 2.6875 1.75
v 0 2.8125 1.75
v 1 2.6875 1.75
v 1 2.8125 1.75
v 0.5 2.6875 1.375
v 0.5 2.6875 1.75
v 0.5 2.8125 1.375
v 0 2.9375 1.375
v 1 2.9375 1.375
v 0 2.9375 1.75
v 1 2.9375 1.75
v -1 3 2.0625
v -1 3 2
v -1 1 2.0625
v -1 1 2
v 2 3 2.0625
v 2 3 2
v 2 1 2.0625
v 2 1 2
v -1 2.9375 0
v -1 2.875 0
v -1 2.9375 2
v -1 2.875 2
v 2 2.9375 0
v 2 2.875 0
v 2 2.9375 2
v 2 2.875 2
v -1 3 0
v 2 3 0
v -0.875 1.875 -0.75
v -0.875 1.875 -0.875
v -0.875 1.75 -0.75
v -0.875 1.75 -0.875
v 1.875 1.875 -0.75
v 1.875 1.875 -0.875
v 1.875 1.75 -0.75
v 1.875 1.75 -0.875
v 0.5 1.875 -0.875
v 0.5 1.75 -0.875
v 0.5 1.75 -0.75
v 0.5 1.875 -0.75
v -1 1.875 -0.75
v -1 1.875 -0.875
v -0.875 2.875 0
v -0.875 3 0
v -1 2.7078125 -0.125
v -1 0.8937499999999998 0
v -1 0.8937499999999998 -0.125
v -0.875 2.7078125 -0.125
v -0.875 0.8937499999999998 0
v -0.875 0.8937499999999998 -0.125
v -1 0.875 -0.75
v -1 0.875 -0.875
v -0.875 0.875 -0.75
v -0.875 0.875 -0.875
v -1 1.09375 -0.75
v -1 0.96875 -0.75
v -1 1.09375 -0.125
v -1 0.96875 -0.125
v -0.875 1.09375 -0.75
v -0.875 0.96875 -0.75
v -0.875 1.09375 -0.125
v -0.875 0.96875 -0.125
v -1 1.875 1.125
v -1 1.875 1
v -1 0.875 1.125
v -1 0.875 1
v -0.875 1.875 1.125
v -0.875 1.875 1
v -0.875 0.875 1.125
v -0.875 0.875 1
v -1 1.09375 1.125
v -1 0.96875 1.125
v -1 1.09375 1.875
v -1 0.96875 1.875
v -0.875 1.09375 1.125
v -0.875 0.96875 1.125
v -0.875 1.09375 1.875
v -0.875 0.96875 1.875
v -0.875 2.875 2
v -0.875 1.875 2
v -1 1.875 2
v -0.875 2.875 1
v -1 2.875 1
v -1 1.875 1.875
v -1 0.875 1.875
v -1 0.875 2
v -0.875 1.875 1.875
v -0.875 0.875 1.875
v -0.875 0.875 2
v -0.875 1 -0.75
v -0.875 1 -0.875
v 1.875 1 -0.75
v 1.875 1 -0.875
v 1.875 0.875 -0.75
v 1.875 0.875 -0.875
v 0.5 1 -0.875
v 0.5 0.875 -0.875
v 0.5 0.875 -0.75
v 0.5 1 -0.75
v 2 1.875 -0.75
v 2 1.875 -0.875
v 1.875 2.875 0
v 1.875 3 0
v 2 2.7078125 -0.125
v 2 0.8937499999999998 0
v 2 0.8937499999999998 -0.125
v 1.875 2.7078125 -0.125
v 1.875 0.8937499999999998 0
v 1.875 0.8937499999999998 -0.125
v 2 0.875 -0.75
v 2 0.875 -0.875
v 2 1.09375 -0.75
v 2 0.96875 -0.75
v 2 1.09375 -0.125
v 2 0.96875 -0.125
v 1.875 1.09375 -0.75
v 1.875 0.96875 -0.75
v 1.875 1.09375 -0.125
v 1.875 0.96875 -0.125
v 2 1.875 1.125
v 2 1.875 1
v 2 0.875 1.125
v 2 0.875 1
v 1.875 1.875 1.125
v 1.875 1.875 1
v 1.875 0.875 1.125
v 1.875 0.875 1
v 2 1.09375 1.125
v 2 0.96875 1.125
v 2 1.09375 1.875
v 2 0.96875 1.875
v 1.875 1.09375 1.125
v 1.875 0.96875 1.125
v 1.875 1.09375 1.875
v 1.875 0.96875 1.875
v 1.875 2.875 2
v 1.875 1.875 2
v 2 1.875 2
v 1.875 2.875 1
v 2 2.875 1
v 2 1.875 1.875
v 2 0.875 1.875
v 2 0.875 2
v 1.875 1.875 1.875
v 1.875 0.875 1.875
v 1.875 0.875 2
v 0 0.9375 -0.9375
v 0 0.5 -0.9375
v 0 0.9375 0
v 0 0.5062500000000001 0
v 1 0.9375 -0.9375
v 1 0.5 -0.9375
v 1 0.9375 0
v 1 0.5062500000000001 0
v 1 0.9375 1
v 1 0.5 1
v 2.9375 0.9375 -0.9375
v 2.9375 0.5 -0.9375
v 2.9375 0.9375 1
v 2.9375 0.5 1
v 1 0.5 0
v 2.9375 0.9375 0
v 2.9375 0.5 0
v -1.9375 0.9375 -0.9375
v -1.9375 0.5 -0.9375
v -1.9375 0.9375 1
v -1.9375 0.5 1
v 0 0.9375 1
v -1.9375 0.5 0
v -1.9375 0.9375 0
v 0 0.5 0
v 0 0.5 1
v -1.9375 0.9375 2.9375
v -1.9375 0.5 2.9375
v 0 0.9375 2.9375
v 0 0.5 2.9375
v 1 0.9375 2.9375
v 1 0.5 2.9375
v 2.9375 0.9375 2.9375
v 2.9375 0.5 2.9375
v -0.96875 0.9375 0
v -0.96875 0.9375 -0.9375
v -0.96875 0.5 -0.9375
v -0.96875 0.9375 1
v -0.96875 0.9375 2.9375
v -0.96875 0.5 2.9375
v 1.96875 0.9375 0
v 1.96875 0.9375 -0.9375
v 1.96875 0.5 -0.9375
v 1.96875 0.9375 1
v 1.96875 0.9375 2.9375
v 1.96875 0.5 2.9375
v 0 0.5062500000000001 1
v 0 0.9375 1.9375
v 1 0.5062500000000001 1
v 1 0.9375 1.9375
v 2.875 0.9375 3
v 2.875 0.9375 2.875
v 2.875 0.5 3
v 2.875 0.5 2.875
v 3 0.9375 3
v 3 0.9375 2.875
v 3 0.5 3
v 3 0.5 2.875
v 2.875 0.9375 -0.875
v 2.875 0.9375 -1
v 2.875 0.5 -0.875
v 2.875 0.5 -1
v 3 0.9375 -0.875
v 3 0.9375 -1
v 3 0.5 -0.875
v 3 0.5 -1
v -2 1 -1
v -2 0.9375 3
v -2 0.9375 2.875
v -2 0.5 3
v -2 0.5 2.875
v -1.875 0.9375 3
v -1.875 0.9375 2.875
v -1.875 0.5 3
v -1.875 0.5 2.875
v -2 0 -1
v -2 0.5 1
v -2 0 1
v 0.5 0.5 -1
v 0.5 0 -1
v 0.5 0.5 1
v 0.5 0 1
v 3 0 -1
v 3 0.5 1
v 3 0 1
v 2 1 1
v 2 0.9375 1
v 2 1 3
v 2 0.9375 3
v 3 1 1
v 3 0.9375 1
v 3 1 3
v -1 1 3
v -1 0.9375 3
v -1 0.9375 2
v 2 0.9375 2
v 0.5 1 2
v 0.5 1 3
v 0.5 0.9375 3
v 0.5 0.9375 2
v -2 1 1
v -2 0.9375 1
v -2 1 3
v -1 1 1
v -1 0.9375 1
v -1 1 -1
v -1 0.9375 -1
v 2 1 -1
v 2 0.9375 -1
v 3 1 -1
v 3 1 2
v 3 0.9375 2
v -2 0.9375 2
v -2 1 2
v 2.9375 1 2
v 3 0.5 2
v 2.9375 0.5 2
v 2.9375 1 1
v 0.5 0.5 3
v 0.5 0 3
v 3 0 3
v 3 0 2
v 0.5 0 2
v 0.5 0.5 2
v -1.9375 1 2
v -2 0.5 2
v -1.9375 0.5 2
v -1.9375 1 1
v -2 0 3
v -2 0 2
v 0 0.9375 -0.4375
v 1 0.9375 -0.4375
v -0.96875 0.9375 -0.8125
v 0 0.9375 -0.8125
v 1.96875 0.9375 -0.8125
v 1 0.9375 -0.8125
v -1.25 0.5 3
v -1.25 0 3
v -1.25 0 2
v -1.25 0 1
v -1.25 0.5 2
v -1.25 0.5 1
v -1.75 0.5 3
v -1.75 0 3
v -1.75 0 2
v -1.75 0 1
v -1.75 0.5 2
v -1.75 0.5 1
v -1.75 0.25 3
v -1.25 0.25 3
v 0.5 0.25 3
v -2 0.25 3
v -2 0.25 2
v -2 0.25 1
v -0.8125 0.25 3
v -0.8125 0.5 3
v -0.8125 0.5 2
v -0.8125 0.5 1
v -0.8125 0 3
v -0.8125 0 2
v -0.8125 0 1
v -0.3125 0.25 3
v -0.3125 0.5 3
v -0.3125 0.5 2
v -0.3125 0.5 1
v -0.3125 0 3
v -0.3125 0 2
v -0.3125 0 1
v 3 0.25 3
v 3 0.25 2
v 3 0.25 1
v 2.1875 0.25 3
v 2.1875 0 3
v 2.1875 0 2
v 2.1875 0 1
v 2.1875 0.5 3
v 2.1875 0.5 2
v 2.1875 0.5 1
v 2.6875 0.25 3
v 2.6875 0.5 3
v 2.6875 0.5 2
v 2.6875 0.5 1
v 2.6875 0 3
v 2.6875 0 2
v 2.6875 0 1
v 1.75 0.5 3
v 1.75 0.25 3
v 1.75 0 3
v 1.75 0 2
v 1.75 0 1
v 1.75 0.5 2
v 1.75 0.5 1
v 1.25 0.5 3
v 1.25 0.25 3
v 1.25 0 3
v 1.25 0 2
v 1.25 0 1
v 1.25 0.5 2
v 1.25 0.5 1
v 1.25 0.75 3
v 1.25 0.75 2.9375
v 1.25 0.25 2.9375
v 1.75 0.75 3
v 1.75 0.75 2.9375
v 1.75 0.25 2.9375
v 2.1875 0.75 3
v 2.1875 0.75 2.9375
v 2.1875 0.25 2.9375
v 2.6875 0.75 3
v 2.6875 0.75 2.9375
v 2.6875 0.25 2.9375
v 1.375 0.9375 3
v 1.375 0.9375 2.9375
v 1.375 0.75 3
v 1.375 0.75 2.9375
v 1.625 0.9375 3
v 1.625 0.75 3
v 1.625 0.75 2.9375
v 2.3125 0.9375 3
v 2.3125 0.9375 2.9375
v 2.3125 0.75 3
v 2.3125 0.75 2.9375
v 2.5625 0.9375 3
v 2.5625 0.9375 2.9375
v 2.5625 0.75 3
v 2.5625 0.75 2.9375
v -0.6875 0.9375 3
v -0.6875 0.9375 2.9375
v -0.6875 0.75 3
v -0.6875 0.75 2.9375
v -0.4375 0.9375 3
v -0.4375 0.9375 2.9375
v -0.4375 0.75 3
v -0.4375 0.75 2.9375
v -1.625 0.9375 3
v -1.625 0.9375 2.9375
v -1.625 0.75 3
v -1.625 0.75 2.9375
v -1.375 0.9375 3
v -1.375 0.9375 2.9375
v -1.375 0.75 3
v -1.375 0.75 2.9375
v -1.75 0.75 3
v -1.75 0.75 2.9375
v -1.75 0.25 2.9375
v -1.25 0.75 3
v -1.25 0.75 2.9375
v -1.25 0.25 2.9375
v -0.8125 0.75 3
v -0.8125 0.75 2.9375
v -0.8125 0.25 2.9375
v -0.3125 0.75 3
v -0.3125 0.75 2.9375
v -0.3125 0.25 2.9375
v -1 1.6875 0
v -1.625 1.75 0.39375000000000004
v -1.625 1.75 0.23124999999999996
v -1.625 1.25 0.39375000000000004
v -1.625 1.25 0.23124999999999996
v -1.5625 1.75 0.39375000000000004
v -1.5625 1.75 0.23124999999999996
v -1.5625 1.25 0.39375000000000004
v -1.5625 1.25 0.23124999999999996
v -1.625 1.75 0.20625000000000004
v -1.625 1.75 0.043749999999999956
v -1.625 1.25 0.20625000000000004
v -1.625 1.25 0.043749999999999956
v -1.5625 1.75 0.20625000000000004
v -1.5625 1.75 0.043749999999999956
v -1.5625 1.25 0.20625000000000004
v -1.5625 1.25 0.043749999999999956
v -1.625 1.75 0.76875
v -1.625 1.75 0.60625
v -1.625 1.25 0.76875
v -1.625 1.25 0.60625
v -1.5625 1.75 0.76875
v -1.5625 1.75 0.60625
v -1.5625 1.25 0.76875
v -1.5625 1.25 0.60625
v -1.625 1.75 0.58125
v -1.625 1.75 0.41874999999999996
v -1.625 1.25 0.58125
v -1.625 1.25 0.41874999999999996
v -1.5625 1.75 0.58125
v -1.5625 1.75 0.41874999999999996
v -1.5625 1.25 0.58125
v -1.5625 1.25 0.41874999999999996
v -1.625 1.75 0.9562499999999998
v -1.625 1.75 0.79375
v -1.625 1.25 0.9562499999999998
v -1.625 1.25 0.79375
v -1.5625 1.75 0.9562499999999998
v -1.5625 1.75 0.79375
v -1.5625 1.25 0.9562499999999998
v -1.5625 1.25 0.79375
v -1.75 1.8125 0
v -1.75 1.75 0
v -1.75 1.8125 1
v -1.75 1.75 1
v -1.5 1.8125 0
v -1.5 1.75 0
v -1.5 1.8125 1
v -1.5 1.75 1
v -1.75 1.75 0.0625
v -1.75 1.1875 0.0625
v -1.75 1.1875 0
v -1.5 1.75 0.0625
v -1.5 1.1875 0.0625
v -1.5 1.1875 0
v -1.75 1.75 0.9375
v -1.75 1.1875 1
v -1.75 1.1875 0.9375
v -1.5 1.75 0.9375
v -1.5 1.1875 1
v -1.5 1.1875 0.9375
v -1.5 2 0.625
v -1.5625 2 0.625
v -1.5 1.8125 0.625
v -1.5625 1.8125 0.625
v -1.5 2 0.375
v -1.5625 2 0.375
v -1.5 1.8125 0.375
v -1.5625 1.8125 0.375
v -1 2 1
v -1.5 2 1
v -1.5 1 1
v -1 2 0
v -1.5 2 0
v -1 1 0
v -1.5 1 0
v -0.875 1.6875 0.39375000000000004
v -0.875 1.6875 0.23124999999999996
v -0.875 1.1875 0.39375000000000004
v -0.875 1.1875 0.23124999999999996
v -0.9375 1.6875 0.39375000000000004
v -0.9375 1.6875 0.23124999999999996
v -0.9375 1.1875 0.39375000000000004
v -0.9375 1.1875 0.23124999999999996
v -0.875 1.6875 0.20625000000000004
v -0.875 1.6875 0.043749999999999956
v -0.875 1.1875 0.20625000000000004
v -0.875 1.1875 0.043749999999999956
v -0.9375 1.6875 0.20625000000000004
v -0.9375 1.6875 0.043749999999999956
v -0.9375 1.1875 0.20625000000000004
v -0.9375 1.1875 0.043749999999999956
v -0.875 1.6875 0.76875
v -0.875 1.6875 0.60625
v -0.875 1.1875 0.76875
v -0.875 1.1875 0.60625
v -0.9375 1.6875 0.76875
v -0.9375 1.6875 0.60625
v -0.9375 1.1875 0.76875
v -0.9375 1.1875 0.60625
v -0.875 1.6875 0.58125
v -0.875 1.6875 0.41874999999999996
v -0.875 1.1875 0.58125
v -0.875 1.1875 0.41874999999999996
v -0.9375 1.6875 0.58125
v -0.9375 1.6875 0.41874999999999996
v -0.9375 1.1875 0.58125
v -0.9375 1.1875 0.41874999999999996
v -0.875 1.6875 0.9562499999999998
v -0.875 1.6875 0.79375
v -0.875 1.1875 0.9562499999999998
v -0.875 1.1875 0.79375
v -0.9375 1.6875 0.9562499999999998
v -0.9375 1.6875 0.79375
v -0.9375 1.1875 0.9562499999999998
v -0.9375 1.1875 0.79375
v -0.75 1.75 0
v -0.75 1.6875 0
v -0.75 1.75 1
v -0.75 1.6875 1
v -1 1.75 0
v -1 1.75 1
v -1 1.6875 1
v -0.75 1.6875 0.0625
v -0.75 1.125 0.0625
v -0.75 1.125 0
v -1 1.6875 0.0625
v -1 1.125 0.0625
v -1 1.125 0
v -0.75 1.6875 0.9375
v -0.75 1.125 1
v -0.75 1.125 0.9375
v -1 1.6875 0.9375
v -1 1.125 1
v -1 1.125 0.9375
v -2 1.1875 1
v -2 1.1875 0.9375
v -2 1 0.9375
v -1.5 1 0.9375
v -2 1.1875 0.0625
v -2 1.1875 0
v -2 1 0.0625
v -2 1 0
v -1.5 1 0.0625
v -2 1.125 0.9375
v -2 1.125 0.0625
v -1.5 1.125 0.9375
v -1.5 1.125 0.0625
v -1.7479368749999997 1.6401012499999998 -0.38340562499999997
v -1.7672499999999998 1.67587375 -0.4308775
v -1.90232125 1.025134375 -0.78400625
v -1.9216350000000002 1.0609068750000001 -0.8314781249999998
v -1.6899043750000002 1.6406456249999999 -0.4066056250000001
v -1.7092181249999996 1.676418125 -0.4540774999999999
v -1.8442893749999998 1.0256781250000002 -0.8072062500000001
v -1.863603125 1.061450625 -0.854678125
v -1.7931862499999998 1.6875 -0.6905587500000001
v -1.8125 1.6875 -0.75
v -1.7931862499999998 1 -0.6905587500000001
v -1.8125 1 -0.75
v -1.1987762499999999 1.6875 -0.8836943750000001
v -1.218089375 1.6875 -0.943135625
v -1.1987762499999999 1 -0.8836943750000001
v -1.218089375 1 -0.943135625
v -1.733745625 1.6875 -0.7098724999999999
v -1.733745625 1 -0.7098724999999999
v -1.6386781250000002 1.6875 -0.21503062500000003
v -1.5792368750000003 1.6875 -0.23434437500000005
v -1.6386781250000002 1 -0.21503062500000003
v -1.5792368750000003 1 -0.23434437500000005
v -1.258216875 1.6875 -0.8643812500000001
v -1.258216875 1 -0.8643812500000001
v -1.10370875 1.6875 -0.38885250000000005
v -1.0442675000000001 1.6875 -0.40816624999999984
v -1.10370875 1 -0.38885250000000005
v -1.0442675000000001 1 -0.40816624999999984
v -1.619364375 1.6875 -0.15558937499999992
v -1.619364375 1 -0.15558937499999992
v -1.0249537499999999 1.6875 -0.34872499999999995
v -1.0249537499999999 1 -0.34872499999999995
v -1.8422206250000004 1.140625 -0.8028431249999999
v -1.8808474999999998 1.140625 -0.9217249999999999
v -1.8422206250000004 1.015625 -0.8028431249999999
v -1.8808474999999998 1.015625 -0.9217249999999999
v -1.2478099999999999 1.140625 -0.9959787499999999
v -1.2864375 1.140625 -1.114860625
v -1.2478099999999999 1.015625 -0.9959787499999999
v -1.2864375 1.015625 -1.114860625
v -1.1095843749999998 1.646086875 -0.6386050000000001
v -1.1288974999999999 1.6818593750000002 -0.6860768749999999
v -1.26396875 1.03112 -1.0392056250000001
v -1.2832824999999999 1.0668924999999998 -1.0866768750000002
v -1.051551875 1.64663125 -0.661805
v -1.0708656250000002 1.6824037500000002 -0.70927625
v -1.205936875 1.0316637499999999 -1.0624056249999998
v -1.2252506250000001 1.06743625 -1.1098768749999999
v -1.733745625 1.0625 -0.7098724999999999
v -1.258216875 1.0625 -0.8643812500000001
v -1.5792368750000003 1.0625 -0.23434437500000005
v -1.10370875 1.0625 -0.38885250000000005
v 2.3567625 1.625 -0.03670749999999989
v 2.125 1.625 -0.75
v 2.3567625 1 -0.03670749999999989
v 2.125 1 -0.75
v 2.83229125 1.625 -0.1912162500000001
v 2.600528125 1.625 -0.9045087500000002
v 2.83229125 1 -0.1912162500000001
v 2.600528125 1 -0.9045087500000002
v 2 1.6875 0
v 2.625 1.75 0.39375000000000004
v 2.625 1.75 0.23124999999999996
v 2.625 1.25 0.39375000000000004
v 2.625 1.25 0.23124999999999996
v 2.5625 1.75 0.39375000000000004
v 2.5625 1.75 0.23124999999999996
v 2.5625 1.25 0.39375000000000004
v 2.5625 1.25 0.23124999999999996
v 2.625 1.75 0.20625000000000004
v 2.625 1.75 0.043749999999999956
v 2.625 1.25 0.20625000000000004
v 2.625 1.25 0.043749999999999956
v 2.5625 1.75 0.20625000000000004
v 2.5625 1.75 0.043749999999999956
v 2.5625 1.25 0.20625000000000004
v 2.5625 1.25 0.043749999999999956
v 2.625 1.75 0.76875
v 2.625 1.75 0.60625
v 2.625 1.25 0.76875
v 2.625 1.25 0.60625
v 2.5625 1.75 0.76875
v 2.5625 1.75 0.60625
v 2.5625 1.25 0.76875
v 2.5625 1.25 0.60625
v 2.625 1.75 0.58125
v 2.625 1.75 0.41874999999999996
v 2.625 1.25 0.58125
v 2.625 1.25 0.41874999999999996
v 2.5625 1.75 0.58125
v 2.5625 1.75 0.41874999999999996
v 2.5625 1.25 0.58125
v 2.5625 1.25 0.41874999999999996
v 2.625 1.75 0.9562499999999998
v 2.625 1.75 0.79375
v 2.625 1.25 0.9562499999999998
v 2.625 1.25 0.79375
v 2.5625 1.75 0.9562499999999998
v 2.5625 1.75 0.79375
v 2.5625 1.25 0.9562499999999998
v 2.5625 1.25 0.79375
v 2.75 1.8125 0
v 2.75 1.75 0
v 2.75 1.8125 1
v 2.75 1.75 1
v 2.5 1.8125 0
v 2.5 1.75 0
v 2.5 1.8125 1
v 2.5 1.75 1
v 2.75 1.75 0.0625
v 2.75 1.1875 0.0625
v 2.75 1.1875 0
v 2.5 1.75 0.0625
v 2.5 1.1875 0.0625
v 2.5 1.1875 0
v 2.75 1.75 0.9375
v 2.75 1.1875 1
v 2.75 1.1875 0.9375
v 2.5 1.75 0.9375
v 2.5 1.1875 1
v 2.5 1.1875 0.9375
v 2.5 2 0.625
v 2.5625 2 0.625
v 2.5 1.8125 0.625
v 2.5625 1.8125 0.625
v 2.5 2 0.375
v 2.5625 2 0.375
v 2.5 1.8125 0.375
v 2.5625 1.8125 0.375
v 2 2 1
v 2.5 2 1
v 2.5 1 1
v 2 2 0
v 2.5 2 0
v 2 1 0
v 2.5 1 0
v 1.875 1.6875 0.39375000000000004
v 1.875 1.6875 0.23124999999999996
v 1.875 1.1875 0.39375000000000004
v 1.875 1.1875 0.23124999999999996
v 1.9375 1.6875 0.39375000000000004
v 1.9375 1.6875 0.23124999999999996
v 1.9375 1.1875 0.39375000000000004
v 1.9375 1.1875 0.23124999999999996
v 1.875 1.6875 0.20625000000000004
v 1.875 1.6875 0.043749999999999956
v 1.875 1.1875 0.20625000000000004
v 1.875 1.1875 0.043749999999999956
v 1.9375 1.6875 0.20625000000000004
v 1.9375 1.6875 0.043749999999999956
v 1.9375 1.1875 0.20625000000000004
v 1.9375 1.1875 0.043749999999999956
v 1.875 1.6875 0.76875
v 1.875 1.6875 0.60625
v 1.875 1.1875 0.76875
v 1.875 1.1875 0.60625
v 1.9375 1.6875 0.76875
v 1.9375 1.6875 0.60625
v 1.9375 1.1875 0.76875
v 1.9375 1.1875 0.60625
v 1.875 1.6875 0.58125
v 1.875 1.6875 0.41874999999999996
v 1.875 1.1875 0.58125
v 1.875 1.1875 0.41874999999999996
v 1.9375 1.6875 0.58125
v 1.9375 1.6875 0.41874999999999996
v 1.9375 1.1875 0.58125
v 1.9375 1.1875 0.41874999999999996
v 1.875 1.6875 0.9562499999999998
v 1.875 1.6875 0.79375
v 1.875 1.1875 0.9562499999999998
v 1.875 1.1875 0.79375
v 1.9375 1.6875 0.9562499999999998
v 1.9375 1.6875 0.79375
v 1.9375 1.1875 0.9562499999999998
v 1.9375 1.1875 0.79375
v 1.75 1.75 0
v 1.75 1.6875 0
v 1.75 1.75 1
v 1.75 1.6875 1
v 2 1.75 0
v 2 1.75 1
v 2 1.6875 1
v 1.75 1.6875 0.0625
v 1.75 1.125 0.0625
v 1.75 1.125 0
v 2 1.6875 0.0625
v 2 1.125 0.0625
v 2 1.125 0
v 1.75 1.6875 0.9375
v 1.75 1.125 1
v 1.75 1.125 0.9375
v 2 1.6875 0.9375
v 2 1.125 1
v 2 1.125 0.9375
v 2.18756125 2.404083125 2.092998125
v 2.18756125 2.406264375 2.03053625
v 2.2355187499999998 1.718675625 2.069063125
v 2.2355187499999998 1.720856875 2.00660125
v 2.74869125 2.4432975 2.0943675
v 2.74869125 2.44547875 2.031905625
v 2.79664875 1.7578900000000002 2.0704325
v 2.79664875 1.7600712500000002 2.007970625
v 2.03125 1.868119375 1.998335
v 2.03125 1.9116974999999998 1.500238125
v 2.03125 1.2454975 1.943863125
v 2.03125 1.2890756250000002 1.445765625
v 2.09375 1.868119375 1.998335
v 2.09375 1.9116974999999998 1.500238125
v 2.09375 1.2454975 1.943863125
v 2.09375 1.2890756250000002 1.445765625
v 2.03125 1.9193375000000001 1.437271875
v 2.03125 1.90625 1.0625
v 2.03125 1.419641875 1.45472125
v 2.03125 1.4065543749999998 1.0799500000000002
v 2.09375 1.9193375000000001 1.437271875
v 2.09375 1.90625 1.0625
v 2.09375 1.419641875 1.45472125
v 2.09375 1.4065543749999998 1.0799500000000002
v 2.05091875 2.7632593749999996 1.1058024999999998
v 2.11341875 2.7632593749999996 1.1058024999999998
v 2.05091875 2.0142875 1.145054375
v 2.11341875 2.0142875 1.145054375
v 2.05091875 2.7959693750000003 1.729945625
v 2.11341875 2.7959693750000003 1.729945625
v 2.05091875 2.0469975 1.7691975000000002
v 2.11341875 2.0469975 1.7691975000000002
v 1 1.0625 0.9375
v 1 1.0625 0.0625
v 1 0.9375 0.9375
v 1 0.9375 0.0625
v 2 1.0625 0.9375
v 2 1.0625 0.0625
v 1 1.125 1
v 1 1.125 0.9375
v 2 0.9375 0.9375
v 1 1.125 0.0625
v 1 1.125 0
v 2 0.9375 0.0625
v 2 0.9375 0
v -1 0.9375 0.9375
v 0 1.125 1
v 0 1.125 0.9375
v 0 0.9375 0.9375
v -1 1.0625 0.9375
v -1 1.0625 0.0625
v 0 1.0625 0.9375
v 0 1.0625 0.0625
v 0 0.9375 0.0625
v -1 0.9375 0.0625
v -1 0.9375 0
v 0 1.125 0.0625
v 0 1.125 0
v 0.4375 2.8125 0.3125
v 0.4375 2.8125 0.25
v 1.4375 2.8125 0.3125
v 1.4375 2.8125 0.25
v 0.4375 2.875 0.3125
v 0.4375 2.875 0.25
v 1.4375 2.875 0.3125
v 1.4375 2.875 0.25
v -0.5625 2.8125 0.3125
v -0.5625 2.8125 0.25
v -0.5625 2.875 0.3125
v -0.5625 2.875 0.25
v 0.4375 2.8125 0.875
v 0.4375 2.8125 0.8125
v 1.4375 2.8125 0.875
v 1.4375 2.8125 0.8125
v 0.4375 2.875 0.875
v 0.4375 2.875 0.8125
v 1.4375 2.875 0.875
v 1.4375 2.875 0.8125
v -0.5625 2.8125 0.875
v -0.5625 2.8125 0.8125
v -0.5625 2.875 0.875
v -0.5625 2.875 0.8125
v 0.34375 2.8125 0.125
v 0.28125 2.6875 0.125
v 0.34375 2.8125 1
v 0.28125 2.6875 1
v 0.59375 2.8125 0.125
v 0.65625 2.6875 0.125
v 0.59375 2.8125 1
v 0.65625 2.6875 1
v -0.625 2.8125 0.125
v -0.6875 2.6875 0.125
v -0.625 2.8125 1
v -0.6875 2.6875 1
v -0.375 2.8125 0.125
v -0.3125 2.6875 0.125
v -0.375 2.8125 1
v -0.3125 2.6875 1
v 1.3125 2.8125 0.125
v 1.25 2.6875 0.125
v 1.3125 2.8125 1
v 1.25 2.6875 1
v 1.5625 2.8125 0.125
v 1.625 2.6875 0.125
v 1.5625 2.8125 1
v 1.625 2.6875 1
v -0.6312500000000001 2.71875 0.15625
v -0.6312500000000001 2.59375 0.15625
v -0.6312500000000001 2.71875 0.96875
v -0.6312500000000001 2.59375 0.96875
v -0.3687499999999999 2.71875 0.15625
v -0.3687499999999999 2.59375 0.15625
v -0.3687499999999999 2.71875 0.96875
v -0.3687499999999999 2.59375 0.96875
v 1.30625 2.71875 0.15625
v 1.30625 2.59375 0.15625
v 1.30625 2.71875 0.96875
v 1.30625 2.59375 0.96875
v 1.56875 2.71875 0.15625
v 1.56875 2.59375 0.15625
v 1.56875 2.71875 0.96875
v 1.56875 2.59375 0.96875
v 0.3374999999999999 2.71875 0.15625
v 0.3374999999999999 2.59375 0.15625
v 0.3374999999999999 2.71875 0.96875
v 0.3374999999999999 2.59375 0.96875
v 0.6000000000000001 2.71875 0.15625
v 0.6000000000000001 2.59375 0.15625
v 0.6000000000000001 2.71875 0.96875
v 0.6000000000000001 2.59375 0.96875
v 0.3125 0.75 0.6875
v 0.3125 0.75 0.3125
v 0.3125 0.5 0.6875
v 0.3125 0.5 0.3125
v 0.6875 0.75 0.6875
v 0.6875 0.75 0.3125
v 0.6875 0.5 0.6875
v 0.6875 0.5 0.3125
v 0.0625 0.5 0
v 0.75 0.6875 0.25
v 0.75 0.5 0.25
v 0.75 0.6875 1
v 0.75 0.5 1
v 0.9375 0.6875 0.25
v 0.9375 0.5 0.25
v 0.9375 0.6875 1
v 0.9375 0.5 1
v 0.75 0.6875 0.0625
v 0.75 0.5 0.0625
v 0.9375 0.6875 0.125
v 0.9375 0.5 0.125
v 0.25 0.6875 0.25
v 0.25 0.6875 0.0625
v 0.25 0.5 0.25
v 0.25 0.5 0.0625
v 0.0625 0.6875 0.0625
v 0.0625 0.6875 0
v 0.0625 0.5 0.0625
v 0.25 0.6875 0
v 0.25 0.5 0
v 0.0625 0.6875 0.1875
v 0.0625 0.5 0.1875
v 3 1.1875 1
v 3 1.1875 0.9375
v 3 1 0.9375
v 2.5 1 0.9375
v 3 1.1875 0.0625
v 3 1.1875 0
v 3 1 0.0625
v 3 1 0
v 2.5 1 0.0625
v 3 1.125 0.9375
v 3 1.125 0.0625
v 2.5 1.125 0.9375
v 2.5 1.125 0.0625
v 0.5625 2.6875 2.0625
v 0.5625 2.8125 2.0625
v 0.6875 2.6875 2.0625
v 0.6875 2.8125 2.0625
v 0.5625 2.8125 2.25
v 0.5625 2.6875 2.25
v 0.6875 2.6875 2.25
v 0.6875 2.8125 2.25
v 0.4375 2.8125 2.0625
v 0.4375 2.8125 2.25
v 0.3125 2.8125 2.25
v 0.3125 2.8125 2.0625
v 0.3125 2.6875 2.25
v 0.3125 2.6875 2.0625
v 0.4375 2.6875 2.25
v 0.4375 2.6875 2.0625
v 1.125 0.9406250000000003 -0.25
v 1.125 0.9406250000000003 -0.625
v 1.875 0.9406250000000003 -0.625
v 1.875 0.9406250000000003 -0.25
v -0.875 0.9406250000000003 -0.25
v -0.875 0.9406250000000003 -0.625
v -0.125 0.9406250000000003 -0.625
v -0.125 0.9406250000000003 -0.25
v 0.125 0.9406250000000003 -0.25
v 0.125 0.9406250000000003 -0.625
v 0.875 0.9406250000000003 -0.625
v 0.875 0.9406250000000003 -0.25
v -1.875 0.9375 -1
v -2 0.9375 -1
v -1.875 0.5 -1
v -2 0.5 -1
v -2 0.9375 -0.875
v -2 0.5 -0.875
v -1.875 0.9375 -0.875
v -1.875 0.5 -0.875
vt 0.015625 0.007812
vt 0.000000 0.007812
vt 0.000000 0.000000
vt 0.015625 0.000000
vt 0.015625 0.007812
vt 0.000000 0.007812
vt 0.000000 0.000000
vt 0.015625 0.000000
vt 0.000000 0.007812
vt 0.015625 0.007812
vt 0.015625 0.000000
vt 0.000000 0.000000
vt 0.000000 0.007812
vt 0.015625 0.007812
vt 0.015625 0.000000
vt 0.000000 0.000000
vt 0.015625 0.007812
vt 0.000000 0.007812
vt 0.000000 0.000000
vt 0.015625 0.000000
vt 0.015625 0.007812
vt 0.000000 0.007812
vt 0.000000 0.000000
vt 0.015625 0.000000
vt 0.000000 0.007812
vt 0.015625 0.007812
vt 0.015625 0.000000
vt 0.000000 0.000000
vt 0.000000 0.007812
vt 0.015625 0.007812
vt 0.015625 0.000000
vt 0.000000 0.000000
vt 0.015625 0.007812
vt 0.000000 0.007812
vt 0.000000 0.000000
vt 0.015625 0.000000
vt 0.015625 0.007812
vt 0.000000 0.007812
vt 0.000000 0.000000
vt 0.015625 0.000000
vt 0.000000 0.007812
vt 0.015625 0.007812
vt 0.015625 0.000000
vt 0.000000 0.000000
vt 0.000000 0.007812
vt 0.015625 0.007812
vt 0.015625 0.000000
vt 0.000000 0.000000
vt 0.015625 0.007812
vt 0.000000 0.007812
vt 0.000000 0.000000
vt 0.015625 0.000000
vt 0.015625 0.007812
vt 0.000000 0.007812
vt 0.000000 0.000000
vt 0.015625 0.000000
vt 0.000000 0.007812
vt 0.015625 0.007812
vt 0.015625 0.000000
vt 0.000000 0.000000
vt 0.000000 0.007812
vt 0.015625 0.007812
vt 0.015625 0.000000
vt 0.000000 0.000000
vt 0.187500 0.601562
vt 0.195312 0.601562
vt 0.195312 0.539062
vt 0.187500 0.539062
vt 0.125000 0.539062
vt 0.117188 0.539062
vt 0.117188 0.601562
vt 0.125000 0.601562
vt 0.125000 0.601562
vt 0.187500 0.601562
vt 0.187500 0.609375
vt 0.125000 0.609375
vt 0.187500 0.609375
vt 0.250000 0.609375
vt 0.250000 0.601562
vt 0.187500 0.601562
vt 0.085938 0.195312
vt 0.195312 0.195312
vt 0.195312 0.000000
vt 0.085938 0.000000
vt 0.085938 0.195312
vt 0.195312 0.195312
vt 0.195312 0.000000
vt 0.085938 0.000000
vt 0.195312 0.304688
vt 0.085938 0.304688
vt 0.085938 0.187500
vt 0.195312 0.187500
vt 0.085938 0.304688
vt 0.195312 0.304688
vt 0.195312 0.195312
vt 0.085938 0.195312
vt 0.195312 0.195312
vt 0.085938 0.195312
vt 0.085938 0.000000
vt 0.195312 0.000000
vt 0.195312 0.195312
vt 0.085938 0.195312
vt 0.085938 0.000000
vt 0.195312 0.000000
vt 0.015625 0.007812
vt 0.000000 0.007812
vt 0.000000 0.000000
vt 0.015625 0.000000
vt 0.015625 0.007812
vt 0.000000 0.007812
vt 0.000000 0.000000
vt 0.015625 0.000000
vt 0.000000 0.007812
vt 0.015625 0.007812
vt 0.015625 0.000000
vt 0.000000 0.000000
vt 0.000000 0.007812
vt 0.015625 0.007812
vt 0.015625 0.000000
vt 0.000000 0.000000
vt 0.015625 0.007812
vt 0.000000 0.007812
vt 0.000000 0.000000
vt 0.015625 0.000000
vt 0.015625 0.007812
vt 0.000000 0.007812
vt 0.000000 0.000000
vt 0.015625 0.000000
vt 0.000000 0.007812
vt 0.015625 0.007812
vt 0.015625 0.000000
vt 0.000000 0.000000
vt 0.000000 0.007812
vt 0.015625 0.007812
vt 0.015625 0.000000
vt 0.000000 0.000000
vt 0.015625 0.007812
vt 0.000000 0.007812
vt 0.000000 0.000000
vt 0.015625 0.000000
vt 0.015625 0.007812
vt 0.000000 0.007812
vt 0.000000 0.000000
vt 0.015625 0.000000
vt 0.000000 0.007812
vt 0.015625 0.007812
vt 0.015625 0.000000
vt 0.000000 0.000000
vt 0.000000 0.007812
vt 0.015625 0.007812
vt 0.015625 0.000000
vt 0.000000 0.000000
vt 0.015625 0.007812
vt 0.000000 0.007812
vt 0.000000 0.000000
vt 0.015625 0.000000
vt 0.015625 0.007812
vt 0.000000 0.007812
vt 0.000000 0.000000
vt 0.015625 0.000000
vt 0.000000 0.007812
vt 0.015625 0.007812
vt 0.015625 0.000000
vt 0.000000 0.000000
vt 0.000000 0.007812
vt 0.015625 0.007812
vt 0.015625 0.000000
vt 0.000000 0.000000
vt 0.187500 0.601562
vt 0.195312 0.601562
vt 0.195312 0.539062
vt 0.187500 0.539062
vt 0.125000 0.539062
vt 0.117188 0.539062
vt 0.117188 0.601562
vt 0.125000 0.601562
vt 0.125000 0.601562
vt 0.187500 0.601562
vt 0.187500 0.609375
vt 0.125000 0.609375
vt 0.187500 0.609375
vt 0.250000 0.609375
vt 0.250000 0.601562
vt 0.187500 0.601562
vt 0.085938 0.195312
vt 0.195312 0.195312
vt 0.195312 0.000000
vt 0.085938 0.000000
vt 0.085938 0.195312
vt 0.195312 0.195312
vt 0.195312 0.000000
vt 0.085938 0.000000
vt 0.195312 0.304688
vt 0.085938 0.304688
vt 0.085938 0.187500
vt 0.195312 0.187500
vt 0.085938 0.304688
vt 0.195312 0.304688
vt 0.195312 0.195312
vt 0.085938 0.195312
vt 0.195312 0.195312
vt 0.085938 0.195312
vt 0.085938 0.000000
vt 0.195312 0.000000
vt 0.195312 0.195312
vt 0.085938 0.195312
vt 0.085938 0.000000
vt 0.195312 0.000000
vt 0.015625 0.007812
vt 0.000000 0.007812
vt 0.000000 0.000000
vt 0.015625 0.000000
vt 0.015625 0.007812
vt 0.000000 0.007812
vt 0.000000 0.000000
vt 0.015625 0.000000
vt 0.000000 0.007812
vt 0.015625 0.007812
vt 0.015625 0.000000
vt 0.000000 0.000000
vt 0.000000 0.007812
vt 0.015625 0.007812
vt 0.015625 0.000000
vt 0.000000 0.000000
vt 0.015625 0.007812
vt 0.000000 0.007812
vt 0.000000 0.000000
vt 0.015625 0.000000
vt 0.015625 0.007812
vt 0.000000 0.007812
vt 0.000000 0.000000
vt 0.015625 0.000000
vt 0.000000 0.007812
vt 0.015625 0.007812
vt 0.015625 0.000000
vt 0.000000 0.000000
vt 0.000000 0.007812
vt 0.015625 0.007812
vt 0.015625 0.000000
vt 0.000000 0.000000
vt 0.015625 0.007812
vt 0.000000 0.007812
vt 0.000000 0.000000
vt 0.015625 0.000000
vt 0.015625 0.007812
vt 0.000000 0.007812
vt 0.000000 0.000000
vt 0.015625 0.000000
vt 0.000000 0.007812
vt 0.015625 0.007812
vt 0.015625 0.000000
vt 0.000000 0.000000
vt 0.000000 0.007812
vt 0.015625 0.007812
vt 0.015625 0.000000
vt 0.000000 0.000000
vt 0.015625 0.007812
vt 0.000000 0.007812
vt 0.000000 0.000000
vt 0.015625 0.000000
vt 0.015625 0.007812
vt 0.000000 0.007812
vt 0.000000 0.000000
vt 0.015625 0.000000
vt 0.000000 0.007812
vt 0.015625 0.007812
vt 0.015625 0.000000
vt 0.000000 0.000000
vt 0.000000 0.007812
vt 0.015625 0.007812
vt 0.015625 0.000000
vt 0.000000 0.000000
vt 0.187500 0.601562
vt 0.195312 0.601562
vt 0.195312 0.539062
vt 0.187500 0.539062
vt 0.125000 0.539062
vt 0.117188 0.539062
vt 0.117188 0.601562
vt 0.125000 0.601562
vt 0.125000 0.601562
vt 0.187500 0.601562
vt 0.187500 0.609375
vt 0.125000 0.609375
vt 0.187500 0.609375
vt 0.250000 0.609375
vt 0.250000 0.601562
vt 0.187500 0.601562
vt 0.085938 0.195312
vt 0.195312 0.195312
vt 0.195312 0.000000
vt 0.085938 0.000000
vt 0.085938 0.195312
vt 0.195312 0.195312
vt 0.195312 0.000000
vt 0.085938 0.000000
vt 0.195312 0.304688
vt 0.085938 0.304688
vt 0.085938 0.187500
vt 0.195312 0.187500
vt 0.085938 0.304688
vt 0.195312 0.304688
vt 0.195312 0.195312
vt 0.085938 0.195312
vt 0.195312 0.195312
vt 0.085938 0.195312
vt 0.085938 0.000000
vt 0.195312 0.000000
vt 0.195312 0.195312
vt 0.085938 0.195312
vt 0.085938 0.000000
vt 0.195312 0.000000
vt 0.015625 0.007812
vt 0.000000 0.007812
vt 0.000000 0.000000
vt 0.015625 0.000000
vt 0.015625 0.007812
vt 0.000000 0.007812
vt 0.000000 0.000000
vt 0.015625 0.000000
vt 0.000000 0.007812
vt 0.015625 0.007812
vt 0.015625 0.000000
vt 0.000000 0.000000
vt 0.000000 0.007812
vt 0.015625 0.007812
vt 0.015625 0.000000
vt 0.000000 0.000000
vt 0.015625 0.007812
vt 0.000000 0.007812
vt 0.000000 0.000000
vt 0.015625 0.000000
vt 0.015625 0.007812
vt 0.000000 0.007812
vt 0.000000 0.000000
vt 0.015625 0.000000
vt 0.000000 0.007812
vt 0.015625 0.007812
vt 0.015625 0.000000
vt 0.000000 0.000000
vt 0.000000 0.007812
vt 0.015625 0.007812
vt 0.015625 0.000000
vt 0.000000 0.000000
vt 0.015625 0.007812
vt 0.000000 0.007812
vt 0.000000 0.000000
vt 0.015625 0.000000
vt 0.015625 0.007812
vt 0.000000 0.007812
vt 0.000000 0.000000
vt 0.015625 0.000000
vt 0.000000 0.007812
vt 0.015625 0.007812
vt 0.015625 0.000000
vt 0.000000 0.000000
vt 0.000000 0.007812
vt 0.015625 0.007812
vt 0.015625 0.000000
vt 0.000000 0.000000
vt 0.015625 0.007812
vt 0.000000 0.007812
vt 0.000000 0.000000
vt 0.015625 0.000000
vt 0.015625 0.007812
vt 0.000000 0.007812
vt 0.000000 0.000000
vt 0.015625 0.000000
vt 0.000000 0.007812
vt 0.015625 0.007812
vt 0.015625 0.000000
vt 0.000000 0.000000
vt 0.000000 0.007812
vt 0.015625 0.007812
vt 0.015625 0.000000
vt 0.000000 0.000000
vt 0.187500 0.601562
vt 0.195312 0.601562
vt 0.195312 0.539062
vt 0.187500 0.539062
vt 0.125000 0.539062
vt 0.117188 0.539062
vt 0.117188 0.601562
vt 0.125000 0.601562
vt 0.125000 0.601562
vt 0.187500 0.601562
vt 0.187500 0.609375
vt 0.125000 0.609375
vt 0.187500 0.609375
vt 0.250000 0.609375
vt 0.250000 0.601562
vt 0.187500 0.601562
vt 0.085938 0.195312
vt 0.195312 0.195312
vt 0.195312 0.000000
vt 0.085938 0.000000
vt 0.085938 0.195312
vt 0.195312 0.195312
vt 0.195312 0.000000
vt 0.085938 0.000000
vt 0.195312 0.304688
vt 0.085938 0.304688
vt 0.085938 0.187500
vt 0.195312 0.187500
vt 0.085938 0.304688
vt 0.195312 0.304688
vt 0.195312 0.195312
vt 0.085938 0.195312
vt 0.195312 0.195312
vt 0.085938 0.195312
vt 0.085938 0.000000
vt 0.195312 0.000000
vt 0.195312 0.195312
vt 0.085938 0.195312
vt 0.085938 0.000000
vt 0.195312 0.000000
vt 0.000000 0.375000
vt 0.000000 0.875000
vt 0.250000 0.875000
vt 0.250000 0.375000
vt 0.000000 0.375000
vt 0.000000 0.875000
vt 0.250000 0.875000
vt 0.250000 0.375000
vt 0.000000 0.375000
vt 0.000000 0.875000
vt 0.250000 0.875000
vt 0.250000 0.375000
vt 0.000000 0.375000
vt 0.000000 0.875000
vt 0.250000 0.875000
vt 0.250000 0.375000
vt 0.250000 1.000000
vt 0.000000 1.000000
vt 0.000000 0.750000
vt 0.250000 0.750000
vt 0.750000 0.750000
vt 0.750000 0.500000
vt 1.000000 0.500000
vt 1.000000 0.750000
vt 0.750000 0.500000
vt 0.750000 0.750000
vt 1.000000 0.750000
vt 1.000000 0.500000
vt 0.250000 1.000000
vt 0.000000 1.000000
vt 0.000000 0.812500
vt 0.250000 0.812500
vt 0.250000 1.000000
vt 0.250000 0.937500
vt 0.000000 0.937500
vt 0.000000 1.000000
vt 0.000000 1.000000
vt 0.250000 1.000000
vt 0.250000 0.937500
vt 0.000000 0.937500
vt 0.000000 1.000000
vt 0.250000 1.000000
vt 0.250000 0.937500
vt 0.000000 0.937500
vt 0.000000 0.750000
vt 0.000000 1.000000
vt 0.250000 1.000000
vt 0.250000 0.750000
vt 1.000000 0.500000
vt 0.750000 0.500000
vt 0.750000 0.750000
vt 1.000000 0.750000
vt 1.000000 0.750000
vt 0.750000 0.750000
vt 0.750000 0.500000
vt 1.000000 0.500000
vt 0.000000 0.812500
vt 0.000000 1.000000
vt 0.250000 1.000000
vt 0.250000 0.812500
vt 0.250000 1.000000
vt 0.000000 1.000000
vt 0.000000 0.750000
vt 0.250000 0.750000
vt 0.750000 0.750000
vt 0.750000 0.500000
vt 1.000000 0.500000
vt 1.000000 0.750000
vt 0.750000 0.500000
vt 0.750000 0.750000
vt 1.000000 0.750000
vt 1.000000 0.500000
vt 0.250000 1.000000
vt 0.000000 1.000000
vt 0.000000 0.812500
vt 0.250000 0.812500
vt 0.648438 0.484375
vt 0.585938 0.484375
vt 0.585938 0.546875
vt 0.648438 0.546875
vt 0.585938 0.546875
vt 0.648438 0.546875
vt 0.648438 0.484375
vt 0.585938 0.484375
vt 0.648438 0.484375
vt 0.710938 0.484375
vt 0.710938 0.546875
vt 0.648438 0.546875
vt 0.585938 0.546875
vt 0.648438 0.546875
vt 0.648438 0.484375
vt 0.585938 0.484375
vt 0.585938 0.484375
vt 0.648438 0.484375
vt 0.648438 0.546875
vt 0.585938 0.546875
vt 0.648438 0.546875
vt 0.585938 0.546875
vt 0.585938 0.484375
vt 0.648438 0.484375
vt 0.000000 0.203125
vt 0.015625 0.203125
vt 0.015625 0.109375
vt 0.000000 0.109375
vt 0.023438 0.203125
vt 0.070312 0.203125
vt 0.070312 0.109375
vt 0.023438 0.109375
vt 0.023438 0.203125
vt 0.070312 0.203125
vt 0.070312 0.109375
vt 0.023438 0.109375
vt 0.000000 0.218750
vt 0.015625 0.218750
vt 0.015625 0.093750
vt 0.000000 0.093750
vt 0.023438 0.085938
vt 0.070312 0.085938
vt 0.070312 0.101562
vt 0.023438 0.101562
vt 0.023438 0.164062
vt 0.070312 0.164062
vt 0.070312 0.148438
vt 0.023438 0.148438
vt 0.023438 0.195312
vt 0.070312 0.195312
vt 0.070312 0.070312
vt 0.023438 0.070312
vt 0.070312 0.195312
vt 0.023438 0.195312
vt 0.023438 0.070312
vt 0.070312 0.070312
vt 0.000000 0.203125
vt 0.015625 0.203125
vt 0.015625 0.109375
vt 0.000000 0.109375
vt 0.023438 0.203125
vt 0.070312 0.203125
vt 0.070312 0.109375
vt 0.023438 0.109375
vt 0.023438 0.203125
vt 0.070312 0.203125
vt 0.070312 0.109375
vt 0.023438 0.109375
vt 0.015625 0.093750
vt 0.000000 0.093750
vt 0.000000 0.218750
vt 0.015625 0.218750
vt 0.023438 0.078125
vt 0.070312 0.078125
vt 0.070312 0.093750
vt 0.023438 0.093750
vt 0.070312 0.039062
vt 0.023438 0.039062
vt 0.023438 0.054688
vt 0.070312 0.054688
vt 0.023438 0.218750
vt 0.070312 0.218750
vt 0.070312 0.093750
vt 0.023438 0.093750
vt 0.023438 0.218750
vt 0.070312 0.218750
vt 0.070312 0.093750
vt 0.023438 0.093750
vt 0.289062 0.179688
vt 0.382812 0.179688
vt 0.382812 0.085938
vt 0.289062 0.085938
vt 0.375000 0.453125
vt 0.437500 0.453125
vt 0.437500 0.414062
vt 0.375000 0.414062
vt 0.437500 0.453125
vt 0.375000 0.453125
vt 0.375000 0.414062
vt 0.437500 0.414062
vt 0.437500 0.453125
vt 0.562500 0.453125
vt 0.562500 0.414062
vt 0.437500 0.414062
vt 0.539062 0.062500
vt 0.414062 0.062500
vt 0.414062 0.125000
vt 0.539062 0.125000
vt 0.414062 0.062500
vt 0.539062 0.062500
vt 0.539062 0.000000
vt 0.414062 0.000000
vt 0.453125 0.437500
vt 0.453125 0.453125
vt 0.546875 0.453125
vt 0.546875 0.437500
vt 0.656250 0.406250
vt 0.703125 0.406250
vt 0.703125 0.312500
vt 0.656250 0.312500
vt 0.703125 0.406250
vt 0.656250 0.406250
vt 0.656250 0.312500
vt 0.703125 0.312500
vt 0.437500 0.437500
vt 0.437500 0.453125
vt 0.562500 0.453125
vt 0.562500 0.437500
vt 0.390625 0.453125
vt 0.437500 0.453125
vt 0.437500 0.437500
vt 0.390625 0.437500
vt 0.390625 0.437500
vt 0.437500 0.437500
vt 0.437500 0.453125
vt 0.390625 0.453125
vt 0.070312 0.125000
vt 0.023438 0.125000
vt 0.023438 0.000000
vt 0.070312 0.000000
vt 0.437500 0.453125
vt 0.437500 0.437500
vt 0.562500 0.437500
vt 0.562500 0.453125
vt 0.710938 0.328125
vt 0.664062 0.328125
vt 0.664062 0.312500
vt 0.710938 0.312500
vt 0.703125 0.312500
vt 0.656250 0.312500
vt 0.656250 0.328125
vt 0.703125 0.328125
vt 0.015625 0.132812
vt 0.062500 0.132812
vt 0.062500 0.007812
vt 0.015625 0.007812
vt 0.546875 0.453125
vt 0.546875 0.437500
vt 0.453125 0.437500
vt 0.453125 0.453125
vt 0.656250 0.406250
vt 0.703125 0.406250
vt 0.703125 0.312500
vt 0.656250 0.312500
vt 0.703125 0.406250
vt 0.656250 0.406250
vt 0.656250 0.312500
vt 0.703125 0.312500
vt 0.125000 1.000000
vt 0.125000 0.984375
vt 0.046875 0.984375
vt 0.046875 1.000000
vt 0.125000 0.984375
vt 0.125000 1.000000
vt 0.046875 1.000000
vt 0.046875 0.984375
vt 0.125000 0.984375
vt 0.000000 0.984375
vt 0.000000 1.000000
vt 0.125000 1.000000
vt 0.000000 1.000000
vt 0.125000 1.000000
vt 0.125000 0.921875
vt 0.000000 0.921875
vt 0.375000 0.414062
vt 0.437500 0.414062
vt 0.437500 0.453125
vt 0.375000 0.453125
vt 0.437500 0.414062
vt 0.375000 0.414062
vt 0.375000 0.453125
vt 0.437500 0.453125
vt 0.875000 0.968750
vt 1.000000 0.968750
vt 1.000000 0.906250
vt 0.875000 0.906250
vt 0.437500 0.414062
vt 0.562500 0.414062
vt 0.562500 0.453125
vt 0.437500 0.453125
vt 0.289062 0.179688
vt 0.382812 0.179688
vt 0.382812 0.085938
vt 0.289062 0.085938
vt 0.710938 0.343750
vt 0.679688 0.343750
vt 0.679688 0.406250
vt 0.710938 0.406250
vt 0.679688 0.375000
vt 0.710938 0.375000
vt 0.710938 0.312500
vt 0.679688 0.312500
vt 0.679688 0.406250
vt 0.679688 0.343750
vt 0.710938 0.343750
vt 0.710938 0.406250
vt 0.710938 0.312500
vt 0.710938 0.375000
vt 0.679688 0.375000
vt 0.679688 0.312500
vt 0.617188 0.257812
vt 0.609375 0.257812
vt 0.609375 0.226562
vt 0.617188 0.226562
vt 0.640625 0.257812
vt 0.632812 0.257812
vt 0.632812 0.226562
vt 0.640625 0.226562
vt 0.609375 0.250000
vt 0.640625 0.250000
vt 0.640625 0.257812
vt 0.609375 0.257812
vt 0.609375 0.234375
vt 0.640625 0.234375
vt 0.640625 0.226562
vt 0.609375 0.226562
vt 0.640625 0.257812
vt 0.609375 0.257812
vt 0.609375 0.226562
vt 0.640625 0.226562
vt 0.414062 0.203125
vt 0.421875 0.203125
vt 0.421875 0.156250
vt 0.414062 0.156250
vt 0.453125 0.203125
vt 0.460938 0.203125
vt 0.460938 0.156250
vt 0.453125 0.156250
vt 0.460938 0.195312
vt 0.414062 0.195312
vt 0.414062 0.203125
vt 0.460938 0.203125
vt 0.414062 0.164062
vt 0.460938 0.164062
vt 0.460938 0.156250
vt 0.414062 0.156250
vt 0.414062 0.203125
vt 0.460938 0.203125
vt 0.460938 0.156250
vt 0.414062 0.156250
vt 0.710938 0.218750
vt 0.710938 0.140625
vt 0.585938 0.140625
vt 0.585938 0.218750
vt 0.914062 0.304688
vt 0.867188 0.304688
vt 0.867188 0.296875
vt 0.914062 0.296875
vt 0.867188 0.343750
vt 0.914062 0.343750
vt 0.914062 0.335938
vt 0.867188 0.335938
vt 0.914062 0.296875
vt 0.867188 0.296875
vt 0.867188 0.343750
vt 0.914062 0.343750
vt 0.992188 0.515625
vt 0.945312 0.515625
vt 0.945312 0.507812
vt 0.992188 0.507812
vt 0.867188 0.304688
vt 0.914062 0.304688
vt 0.914062 0.296875
vt 0.867188 0.296875
vt 1.000000 0.468750
vt 0.937500 0.468750
vt 0.937500 0.343750
vt 1.000000 0.343750
vt 0.937500 0.523438
vt 1.000000 0.523438
vt 1.000000 0.460938
vt 0.937500 0.460938
vt 0.937500 0.468750
vt 1.000000 0.468750
vt 1.000000 0.343750
vt 0.937500 0.343750
vt 0.695312 0.242188
vt 0.695312 0.289062
vt 0.664062 0.289062
vt 0.664062 0.242188
vt 0.695312 0.242188
vt 0.695312 0.289062
vt 0.664062 0.289062
vt 0.664062 0.242188
vt 0.664062 0.242188
vt 0.664062 0.289062
vt 0.695312 0.289062
vt 0.695312 0.242188
vt 0.664062 0.242188
vt 0.664062 0.289062
vt 0.695312 0.289062
vt 0.695312 0.242188
vt 0.695312 0.242188
vt 0.695312 0.289062
vt 0.664062 0.289062
vt 0.664062 0.242188
vt 0.695312 0.242188
vt 0.695312 0.289062
vt 0.664062 0.289062
vt 0.664062 0.242188
vt 0.664062 0.242188
vt 0.664062 0.289062
vt 0.695312 0.289062
vt 0.695312 0.242188
vt 0.664062 0.242188
vt 0.664062 0.289062
vt 0.695312 0.289062
vt 0.695312 0.242188
vt 0.695312 0.265625
vt 0.695312 0.289062
vt 0.664062 0.289062
vt 0.664062 0.265625
vt 0.664062 0.250000
vt 0.695312 0.250000
vt 0.695312 0.281250
vt 0.664062 0.281250
vt 0.710938 0.281250
vt 0.710938 0.304688
vt 0.742188 0.312500
vt 0.742188 0.281250
vt 0.750000 0.289062
vt 0.750000 0.320312
vt 0.781250 0.312500
vt 0.781250 0.289062
vt 0.695312 0.265625
vt 0.664062 0.265625
vt 0.664062 0.273438
vt 0.695312 0.273438
vt 0.664062 0.273438
vt 0.695312 0.273438
vt 0.695312 0.281250
vt 0.664062 0.281250
vt 0.695312 0.304688
vt 0.695312 0.312500
vt 0.664062 0.312500
vt 0.664062 0.304688
vt 0.695312 0.257812
vt 0.695312 0.265625
vt 0.664062 0.265625
vt 0.664062 0.257812
vt 0.601562 0.265625
vt 0.601562 0.218750
vt 0.609375 0.218750
vt 0.609375 0.265625
vt 0.656250 0.257812
vt 0.656250 0.304688
vt 0.648438 0.304688
vt 0.648438 0.257812
vt 0.648438 0.250000
vt 0.656250 0.250000
vt 0.656250 0.296875
vt 0.648438 0.296875
vt 0.656250 0.296875
vt 0.648438 0.296875
vt 0.648438 0.250000
vt 0.656250 0.250000
vt 0.601562 0.218750
vt 0.601562 0.265625
vt 0.648438 0.265625
vt 0.648438 0.218750
vt 0.664062 0.289062
vt 0.695312 0.289062
vt 0.695312 0.242188
vt 0.664062 0.242188
vt 0.664062 0.289062
vt 0.695312 0.289062
vt 0.695312 0.242188
vt 0.664062 0.242188
vt 0.695312 0.289062
vt 0.664062 0.289062
vt 0.664062 0.242188
vt 0.695312 0.242188
vt 0.695312 0.289062
vt 0.664062 0.289062
vt 0.664062 0.242188
vt 0.695312 0.242188
vt 0.664062 0.289062
vt 0.695312 0.289062
vt 0.695312 0.242188
vt 0.664062 0.242188
vt 0.664062 0.289062
vt 0.695312 0.289062
vt 0.695312 0.242188
vt 0.664062 0.242188
vt 0.695312 0.289062
vt 0.664062 0.289062
vt 0.664062 0.242188
vt 0.695312 0.242188
vt 0.695312 0.289062
vt 0.664062 0.289062
vt 0.664062 0.242188
vt 0.695312 0.242188
vt 0.664062 0.289062
vt 0.695312 0.289062
vt 0.695312 0.265625
vt 0.664062 0.265625
vt 0.695312 0.281250
vt 0.695312 0.250000
vt 0.664062 0.250000
vt 0.664062 0.281250
vt 0.742188 0.312500
vt 0.710938 0.304688
vt 0.710938 0.281250
vt 0.742188 0.281250
vt 0.781250 0.312500
vt 0.750000 0.320312
vt 0.750000 0.289062
vt 0.781250 0.289062
vt 0.664062 0.273438
vt 0.664062 0.265625
vt 0.695312 0.265625
vt 0.695312 0.273438
vt 0.695312 0.281250
vt 0.695312 0.273438
vt 0.664062 0.273438
vt 0.664062 0.281250
vt 0.664062 0.312500
vt 0.695312 0.312500
vt 0.695312 0.304688
vt 0.664062 0.304688
vt 0.664062 0.265625
vt 0.695312 0.265625
vt 0.695312 0.257812
vt 0.664062 0.257812
vt 0.609375 0.218750
vt 0.601562 0.218750
vt 0.601562 0.265625
vt 0.609375 0.265625
vt 0.648438 0.304688
vt 0.656250 0.304688
vt 0.656250 0.257812
vt 0.648438 0.257812
vt 0.656250 0.296875
vt 0.656250 0.250000
vt 0.648438 0.250000
vt 0.648438 0.296875
vt 0.648438 0.250000
vt 0.648438 0.296875
vt 0.656250 0.296875
vt 0.656250 0.250000
vt 0.648438 0.265625
vt 0.601562 0.265625
vt 0.601562 0.218750
vt 0.648438 0.218750
vt 0.664062 0.289062
vt 0.695312 0.289062
vt 0.695312 0.242188
vt 0.664062 0.242188
vt 0.664062 0.289062
vt 0.695312 0.289062
vt 0.695312 0.242188
vt 0.664062 0.242188
vt 0.695312 0.289062
vt 0.664062 0.289062
vt 0.664062 0.242188
vt 0.695312 0.242188
vt 0.695312 0.289062
vt 0.664062 0.289062
vt 0.664062 0.242188
vt 0.695312 0.242188
vt 0.664062 0.289062
vt 0.695312 0.289062
vt 0.695312 0.242188
vt 0.664062 0.242188
vt 0.664062 0.289062
vt 0.695312 0.289062
vt 0.695312 0.242188
vt 0.664062 0.242188
vt 0.695312 0.289062
vt 0.664062 0.289062
vt 0.664062 0.242188
vt 0.695312 0.242188
vt 0.695312 0.289062
vt 0.664062 0.289062
vt 0.664062 0.242188
vt 0.695312 0.242188
vt 0.664062 0.273438
vt 0.664062 0.265625
vt 0.695312 0.265625
vt 0.695312 0.273438
vt 0.695312 0.281250
vt 0.695312 0.273438
vt 0.664062 0.273438
vt 0.664062 0.281250
vt 0.664062 0.312500
vt 0.695312 0.312500
vt 0.695312 0.304688
vt 0.664062 0.304688
vt 0.664062 0.265625
vt 0.695312 0.265625
vt 0.695312 0.257812
vt 0.664062 0.257812
vt 0.046875 0.281250
vt 0.046875 0.328125
vt 0.062500 0.328125
vt 0.062500 0.281250
vt 0.046875 0.281250
vt 0.046875 0.328125
vt 0.062500 0.328125
vt 0.062500 0.281250
vt 0.601562 0.265625
vt 0.648438 0.265625
vt 0.648438 0.218750
vt 0.601562 0.218750
vt 0.601562 0.265625
vt 0.648438 0.265625
vt 0.648438 0.218750
vt 0.601562 0.218750
vt 0.265625 0.656250
vt 0.218750 0.656250
vt 0.218750 0.640625
vt 0.265625 0.640625
vt 0.046875 0.281250
vt 0.046875 0.328125
vt 0.062500 0.328125
vt 0.062500 0.281250
vt 0.046875 0.281250
vt 0.046875 0.328125
vt 0.062500 0.328125
vt 0.062500 0.281250
vt 0.046875 0.281250
vt 0.046875 0.328125
vt 0.062500 0.328125
vt 0.062500 0.281250
vt 0.601562 0.265625
vt 0.648438 0.265625
vt 0.648438 0.218750
vt 0.601562 0.218750
vt 0.265625 0.656250
vt 0.218750 0.656250
vt 0.218750 0.640625
vt 0.265625 0.640625
vt 0.046875 0.281250
vt 0.046875 0.328125
vt 0.062500 0.328125
vt 0.062500 0.281250
vt 0.601562 0.265625
vt 0.648438 0.265625
vt 0.648438 0.218750
vt 0.601562 0.218750
vt 0.500000 0.437500
vt 0.500000 0.453125
vt 0.437500 0.453125
vt 0.437500 0.437500
vt 0.484375 0.437500
vt 0.437500 0.437500
vt 0.437500 0.453125
vt 0.484375 0.453125
vt 0.484375 0.453125
vt 0.437500 0.453125
vt 0.437500 0.437500
vt 0.484375 0.437500
vt 0.335938 0.531250
vt 0.289062 0.531250
vt 0.289062 0.468750
vt 0.335938 0.468750
vt 0.289062 0.578125
vt 0.335938 0.578125
vt 0.335938 0.640625
vt 0.289062 0.640625
vt 0.500000 0.453125
vt 0.500000 0.437500
vt 0.562500 0.437500
vt 0.562500 0.453125
vt 0.437500 0.437500
vt 0.437500 0.453125
vt 0.562500 0.453125
vt 0.562500 0.437500
vt 0.484375 0.453125
vt 0.437500 0.453125
vt 0.437500 0.437500
vt 0.484375 0.437500
vt 0.484375 0.437500
vt 0.437500 0.437500
vt 0.437500 0.453125
vt 0.484375 0.453125
vt 0.000000 0.679688
vt 0.007812 0.679688
vt 0.007812 0.429688
vt 0.000000 0.429688
vt 0.000000 0.679688
vt 0.007812 0.679688
vt 0.007812 0.429688
vt 0.000000 0.429688
vt 0.000000 0.679688
vt 0.375000 0.679688
vt 0.375000 0.671875
vt 0.000000 0.671875
vt 0.625000 1.000000
vt 1.000000 1.000000
vt 1.000000 0.992188
vt 0.625000 0.992188
vt 0.000000 0.679688
vt 0.375000 0.679688
vt 0.375000 0.429688
vt 0.000000 0.429688
vt 0.000000 0.679688
vt 0.375000 0.679688
vt 0.375000 0.429688
vt 0.000000 0.429688
vt 0.007812 0.679688
vt 0.015625 0.679688
vt 0.015625 0.429688
vt 0.007812 0.429688
vt 0.007812 0.679688
vt 0.015625 0.679688
vt 0.015625 0.429688
vt 0.007812 0.429688
vt 0.000000 0.445312
vt 0.375000 0.445312
vt 0.375000 0.437500
vt 0.000000 0.437500
vt 0.000000 0.679688
vt 0.375000 0.679688
vt 0.375000 0.429688
vt 0.000000 0.429688
vt 0.000000 0.679688
vt 0.007812 0.679688
vt 0.007812 0.429688
vt 0.000000 0.429688
vt 0.000000 0.679688
vt 0.007812 0.679688
vt 0.007812 0.429688
vt 0.000000 0.429688
vt 0.000000 0.679688
vt 0.375000 0.679688
vt 0.375000 0.671875
vt 0.000000 0.671875
vt 0.000000 0.679688
vt 0.375000 0.679688
vt 0.375000 0.429688
vt 0.000000 0.429688
vt 0.828125 0.234375
vt 0.828125 0.218750
vt 0.656250 0.218750
vt 0.656250 0.234375
vt 0.828125 0.234375
vt 0.828125 0.218750
vt 0.656250 0.218750
vt 0.656250 0.234375
vt 0.828125 0.218750
vt 0.828125 0.234375
vt 0.656250 0.234375
vt 0.656250 0.218750
vt 0.820312 0.218750
vt 0.820312 0.234375
vt 0.648438 0.234375
vt 0.648438 0.218750
vt 0.820312 0.234375
vt 0.820312 0.218750
vt 0.648438 0.218750
vt 0.648438 0.234375
vt 0.828125 0.218750
vt 0.828125 0.234375
vt 0.656250 0.234375
vt 0.656250 0.218750
vt 0.828125 0.234375
vt 0.828125 0.218750
vt 0.656250 0.218750
vt 0.656250 0.234375
vt 0.828125 0.218750
vt 0.828125 0.234375
vt 0.656250 0.234375
vt 0.656250 0.218750
vt 0.000000 0.179688
vt 0.015625 0.164062
vt 0.015625 0.007812
vt 0.000000 0.000000
vt 0.046875 0.257812
vt 0.062500 0.257812
vt 0.062500 0.101562
vt 0.046875 0.101562
vt 0.015625 0.179688
vt 0.000000 0.179688
vt 0.000000 0.000000
vt 0.015625 0.000000
vt 0.000000 0.164062
vt 0.015625 0.179688
vt 0.015625 0.000000
vt 0.000000 0.007812
vt 0.000000 0.250000
vt 0.015625 0.226562
vt 0.015625 0.000000
vt 0.000000 0.000000
vt 0.000000 0.226562
vt 0.015625 0.250000
vt 0.015625 0.000000
vt 0.000000 0.000000
vt 0.015625 0.250000
vt 0.000000 0.250000
vt 0.000000 0.000000
vt 0.015625 0.000000
vt 0.015625 0.234375
vt 0.000000 0.234375
vt 0.000000 0.007812
vt 0.015625 0.007812
vt 0.015625 0.125000
vt 0.000000 0.125000
vt 0.000000 0.000000
vt 0.015625 0.000000
vt 0.015625 0.125000
vt 0.000000 0.125000
vt 0.000000 0.000000
vt 0.015625 0.000000
vt 0.000000 0.125000
vt 0.015625 0.125000
vt 0.015625 0.000000
vt 0.000000 0.000000
vt 0.000000 0.125000
vt 0.015625 0.125000
vt 0.015625 0.000000
vt 0.000000 0.000000
vt 0.015625 0.000000
vt 0.000000 0.000000
vt 0.000000 0.078125
vt 0.015625 0.078125
vt 0.015625 0.000000
vt 0.000000 0.000000
vt 0.000000 0.078125
vt 0.015625 0.078125
vt 0.000000 0.078125
vt 0.015625 0.078125
vt 0.015625 0.000000
vt 0.000000 0.000000
vt 0.000000 0.078125
vt 0.015625 0.078125
vt 0.015625 0.000000
vt 0.000000 0.000000
vt 0.000000 0.234375
vt 0.015625 0.234375
vt 0.015625 0.109375
vt 0.000000 0.109375
vt 0.000000 0.234375
vt 0.015625 0.234375
vt 0.015625 0.109375
vt 0.000000 0.109375
vt 0.015625 0.234375
vt 0.000000 0.234375
vt 0.000000 0.109375
vt 0.015625 0.109375
vt 0.015625 0.234375
vt 0.000000 0.234375
vt 0.000000 0.109375
vt 0.015625 0.109375
vt 0.015625 0.132812
vt 0.000000 0.132812
vt 0.000000 0.039062
vt 0.015625 0.039062
vt 0.015625 0.132812
vt 0.000000 0.132812
vt 0.000000 0.039062
vt 0.015625 0.039062
vt 0.000000 0.039062
vt 0.015625 0.039062
vt 0.015625 0.132812
vt 0.000000 0.132812
vt 0.000000 0.132812
vt 0.015625 0.132812
vt 0.015625 0.039062
vt 0.000000 0.039062
vt 0.906250 0.585938
vt 0.890625 0.585938
vt 0.890625 0.460938
vt 0.906250 0.460938
vt 0.015625 0.148438
vt 0.000000 0.148438
vt 0.000000 0.023438
vt 0.015625 0.023438
vt 0.015625 0.125000
vt 0.015625 0.000000
vt 0.000000 0.000000
vt 0.000000 0.125000
vt 0.195312 0.304688
vt 0.320312 0.304688
vt 0.320312 0.179688
vt 0.195312 0.179688
vt 0.195312 0.304688
vt 0.320312 0.304688
vt 0.320312 0.179688
vt 0.195312 0.179688
vt 0.007812 0.109375
vt 0.007812 0.234375
vt 0.023438 0.234375
vt 0.023438 0.109375
vt 0.007812 0.109375
vt 0.007812 0.234375
vt 0.023438 0.234375
vt 0.023438 0.109375
vt 0.023438 0.109375
vt 0.023438 0.234375
vt 0.007812 0.234375
vt 0.007812 0.109375
vt 0.828125 0.234375
vt 0.828125 0.218750
vt 0.656250 0.218750
vt 0.656250 0.234375
vt 0.828125 0.234375
vt 0.828125 0.218750
vt 0.656250 0.218750
vt 0.656250 0.234375
vt 0.828125 0.218750
vt 0.828125 0.234375
vt 0.656250 0.234375
vt 0.656250 0.218750
vt 0.820312 0.218750
vt 0.820312 0.234375
vt 0.648438 0.234375
vt 0.648438 0.218750
vt 0.820312 0.234375
vt 0.820312 0.218750
vt 0.648438 0.218750
vt 0.648438 0.234375
vt 0.828125 0.218750
vt 0.828125 0.234375
vt 0.656250 0.234375
vt 0.656250 0.218750
vt 0.828125 0.234375
vt 0.828125 0.218750
vt 0.656250 0.218750
vt 0.656250 0.234375
vt 0.828125 0.218750
vt 0.828125 0.234375
vt 0.656250 0.234375
vt 0.656250 0.218750
vt 0.015625 0.007812
vt 0.015625 0.164062
vt 0.000000 0.179688
vt 0.000000 0.000000
vt 0.062500 0.101562
vt 0.062500 0.257812
vt 0.046875 0.257812
vt 0.046875 0.101562
vt 0.000000 0.000000
vt 0.000000 0.179688
vt 0.015625 0.179688
vt 0.015625 0.000000
vt 0.015625 0.000000
vt 0.015625 0.179688
vt 0.000000 0.164062
vt 0.000000 0.007812
vt 0.015625 0.000000
vt 0.015625 0.226562
vt 0.000000 0.250000
vt 0.000000 0.000000
vt 0.015625 0.000000
vt 0.015625 0.250000
vt 0.000000 0.226562
vt 0.000000 0.000000
vt 0.000000 0.000000
vt 0.000000 0.250000
vt 0.015625 0.250000
vt 0.015625 0.000000
vt 0.000000 0.007812
vt 0.000000 0.234375
vt 0.015625 0.234375
vt 0.015625 0.007812
vt 0.000000 0.000000
vt 0.000000 0.125000
vt 0.015625 0.125000
vt 0.015625 0.000000
vt 0.000000 0.000000
vt 0.000000 0.125000
vt 0.015625 0.125000
vt 0.015625 0.000000
vt 0.015625 0.000000
vt 0.015625 0.125000
vt 0.000000 0.125000
vt 0.000000 0.000000
vt 0.015625 0.000000
vt 0.015625 0.125000
vt 0.000000 0.125000
vt 0.000000 0.000000
vt 0.000000 0.078125
vt 0.000000 0.000000
vt 0.015625 0.000000
vt 0.015625 0.078125
vt 0.000000 0.078125
vt 0.000000 0.000000
vt 0.015625 0.000000
vt 0.015625 0.078125
vt 0.015625 0.000000
vt 0.015625 0.078125
vt 0.000000 0.078125
vt 0.000000 0.000000
vt 0.015625 0.000000
vt 0.015625 0.078125
vt 0.000000 0.078125
vt 0.000000 0.000000
vt 0.015625 0.109375
vt 0.015625 0.234375
vt 0.000000 0.234375
vt 0.000000 0.109375
vt 0.015625 0.109375
vt 0.015625 0.234375
vt 0.000000 0.234375
vt 0.000000 0.109375
vt 0.000000 0.109375
vt 0.000000 0.234375
vt 0.015625 0.234375
vt 0.015625 0.109375
vt 0.000000 0.109375
vt 0.000000 0.234375
vt 0.015625 0.234375
vt 0.015625 0.109375
vt 0.000000 0.039062
vt 0.000000 0.132812
vt 0.015625 0.132812
vt 0.015625 0.039062
vt 0.000000 0.039062
vt 0.000000 0.132812
vt 0.015625 0.132812
vt 0.015625 0.039062
vt 0.015625 0.132812
vt 0.015625 0.039062
vt 0.000000 0.039062
vt 0.000000 0.132812
vt 0.015625 0.039062
vt 0.015625 0.132812
vt 0.000000 0.132812
vt 0.000000 0.039062
vt 0.890625 0.460938
vt 0.890625 0.585938
vt 0.906250 0.585938
vt 0.906250 0.460938
vt 0.000000 0.023438
vt 0.000000 0.148438
vt 0.015625 0.148438
vt 0.015625 0.023438
vt 0.000000 0.000000
vt 0.015625 0.000000
vt 0.015625 0.125000
vt 0.000000 0.125000
vt 0.320312 0.179688
vt 0.320312 0.304688
vt 0.195312 0.304688
vt 0.195312 0.179688
vt 0.320312 0.179688
vt 0.320312 0.304688
vt 0.195312 0.304688
vt 0.195312 0.179688
vt 0.023438 0.234375
vt 0.007812 0.234375
vt 0.007812 0.109375
vt 0.023438 0.109375
vt 0.023438 0.234375
vt 0.007812 0.234375
vt 0.007812 0.109375
vt 0.023438 0.109375
vt 0.007812 0.234375
vt 0.023438 0.234375
vt 0.023438 0.109375
vt 0.007812 0.109375
vt 0.070312 0.156250
vt 0.070312 0.031250
vt 0.015625 0.031250
vt 0.015625 0.156250
vt 0.632812 0.484375
vt 0.632812 0.359375
vt 0.578125 0.359375
vt 0.578125 0.484375
vt 0.585938 0.156250
vt 0.710938 0.156250
vt 0.710938 0.218750
vt 0.585938 0.218750
vt 0.070312 0.125000
vt 0.015625 0.125000
vt 0.015625 0.242188
vt 0.070312 0.242188
vt 0.015625 0.117188
vt 0.070312 0.117188
vt 0.070312 0.000000
vt 0.015625 0.000000
vt 0.625000 0.226562
vt 0.750000 0.226562
vt 0.750000 0.125000
vt 0.625000 0.125000
vt 0.632812 0.484375
vt 0.578125 0.484375
vt 0.578125 0.359375
vt 0.632812 0.359375
vt 0.625000 0.000000
vt 0.625000 0.125000
vt 0.750000 0.125000
vt 0.750000 0.000000
vt 0.015625 0.125000
vt 0.070312 0.125000
vt 0.070312 0.000000
vt 0.015625 0.000000
vt 0.070312 0.125000
vt 0.015625 0.125000
vt 0.015625 0.242188
vt 0.070312 0.242188
vt 0.070312 0.117188
vt 0.015625 0.117188
vt 0.015625 0.242188
vt 0.070312 0.242188
vt 0.015625 0.125000
vt 0.070312 0.125000
vt 0.070312 0.000000
vt 0.015625 0.000000
vt 0.585938 0.484375
vt 0.640625 0.484375
vt 0.640625 0.359375
vt 0.585938 0.359375
vt 0.015625 0.242188
vt 0.070312 0.242188
vt 0.070312 0.000000
vt 0.015625 0.000000
vt 0.070312 0.125000
vt 0.015625 0.125000
vt 0.015625 0.242188
vt 0.070312 0.242188
vt 0.625000 0.000000
vt 0.625000 0.242188
vt 0.750000 0.242188
vt 0.750000 0.000000
vt 0.070312 0.117188
vt 0.015625 0.117188
vt 0.015625 0.242188
vt 0.070312 0.242188
vt 0.593750 0.203125
vt 0.718750 0.203125
vt 0.718750 0.218750
vt 0.593750 0.218750
vt 0.015625 0.117188
vt 0.070312 0.117188
vt 0.070312 0.000000
vt 0.015625 0.000000
vt 0.625000 0.125000
vt 0.625000 0.000000
vt 0.750000 0.000000
vt 0.750000 0.125000
vt 0.015625 0.125000
vt 0.070312 0.125000
vt 0.070312 0.000000
vt 0.015625 0.000000
vt 0.070312 0.117188
vt 0.015625 0.117188
vt 0.015625 0.242188
vt 0.070312 0.242188
vt 0.625000 0.242188
vt 0.625000 0.000000
vt 0.750000 0.000000
vt 0.750000 0.242188
vt 0.015625 0.117188
vt 0.070312 0.117188
vt 0.070312 0.000000
vt 0.015625 0.000000
vt 0.578125 0.484375
vt 0.578125 0.359375
vt 0.632812 0.359375
vt 0.632812 0.484375
vt 0.601562 0.218750
vt 0.726562 0.218750
vt 0.726562 0.101562
vt 0.601562 0.101562
vt 1.000000 0.000000
vt 0.750000 0.000000
vt 0.750000 0.250000
vt 1.000000 0.250000
vt 0.015625 0.242188
vt 0.070312 0.242188
vt 0.070312 0.000000
vt 0.015625 0.000000
vt 0.015625 0.070312
vt 0.015625 0.195312
vt 0.070312 0.195312
vt 0.070312 0.070312
vt 0.578125 0.359375
vt 0.578125 0.375000
vt 0.632812 0.375000
vt 0.632812 0.359375
vt 0.632812 0.375000
vt 0.632812 0.359375
vt 0.578125 0.359375
vt 0.578125 0.375000
vt 0.578125 0.359375
vt 0.578125 0.375000
vt 0.632812 0.375000
vt 0.632812 0.359375
vt 0.578125 0.359375
vt 0.578125 0.375000
vt 0.632812 0.375000
vt 0.632812 0.359375
vt 0.578125 0.359375
vt 0.578125 0.375000
vt 0.632812 0.375000
vt 0.632812 0.359375
vt 0.578125 0.359375
vt 0.578125 0.375000
vt 0.632812 0.375000
vt 0.632812 0.359375
vt 0.578125 0.359375
vt 0.578125 0.375000
vt 0.632812 0.375000
vt 0.632812 0.359375
vt 0.632812 0.375000
vt 0.632812 0.359375
vt 0.578125 0.359375
vt 0.578125 0.375000
vt 0.578125 0.359375
vt 0.578125 0.375000
vt 0.632812 0.375000
vt 0.632812 0.359375
vt 0.578125 0.359375
vt 0.578125 0.375000
vt 0.632812 0.375000
vt 0.632812 0.359375
vt 0.632812 0.375000
vt 0.632812 0.359375
vt 0.578125 0.359375
vt 0.578125 0.375000
vt 0.578125 0.359375
vt 0.578125 0.375000
vt 0.632812 0.375000
vt 0.632812 0.359375
vt 0.000000 0.875000
vt 0.000000 1.000000
vt 0.500000 1.000000
vt 0.500000 0.875000
vt 0.375000 1.000000
vt 1.000000 1.000000
vt 1.000000 0.875000
vt 0.375000 0.875000
vt 0.625000 1.000000
vt 0.000000 1.000000
vt 0.000000 0.500000
vt 0.625000 0.500000
vt 0.000000 1.000000
vt 0.625000 1.000000
vt 0.625000 0.500000
vt 0.000000 0.500000
vt 0.000000 0.875000
vt 0.000000 1.000000
vt 0.500000 1.000000
vt 0.500000 0.875000
vt 0.000000 1.000000
vt 0.625000 1.000000
vt 0.625000 0.875000
vt 0.000000 0.875000
vt 0.750000 1.000000
vt 0.125000 1.000000
vt 0.125000 0.500000
vt 0.750000 0.500000
vt 0.625000 1.000000
vt 0.000000 1.000000
vt 0.000000 0.500000
vt 0.625000 0.500000
vt 0.015625 0.750000
vt 0.000000 0.750000
vt 0.000000 1.000000
vt 0.015625 1.000000
vt 0.000000 0.429688
vt 0.125000 0.429688
vt 0.125000 0.437500
vt 0.000000 0.437500
vt 0.250000 0.875000
vt 0.250000 1.000000
vt 0.375000 1.000000
vt 0.375000 0.875000
vt 0.750000 0.500000
vt 0.500000 0.500000
vt 0.500000 0.750000
vt 0.750000 0.750000
vt 0.328125 0.875000
vt 0.328125 1.000000
vt 0.140625 1.000000
vt 0.140625 0.875000
vt 0.609375 1.000000
vt 0.609375 0.750000
vt 0.234375 0.750000
vt 0.234375 1.000000
vt 0.296875 1.000000
vt 0.296875 0.992188
vt 0.109375 0.992188
vt 0.109375 1.000000
vt 0.000000 0.984375
vt 0.000000 1.000000
vt 0.375000 1.000000
vt 0.375000 0.984375
vt 0.296875 1.000000
vt 0.296875 0.875000
vt 0.484375 0.875000
vt 0.484375 1.000000
vt 0.296875 0.992188
vt 0.296875 1.000000
vt 0.484375 1.000000
vt 0.484375 0.992188
vt 0.234375 0.750000
vt 0.234375 1.000000
vt 0.609375 1.000000
vt 0.609375 0.750000
vt 0.375000 1.000000
vt 0.375000 0.984375
vt 0.000000 0.984375
vt 0.000000 1.000000
vt 0.015625 0.250000
vt 0.000000 0.250000
vt 0.000000 0.500000
vt 0.015625 0.500000
vt 0.000000 0.429688
vt 0.125000 0.429688
vt 0.125000 0.437500
vt 0.000000 0.437500
vt 0.250000 1.000000
vt 0.250000 0.875000
vt 0.375000 0.875000
vt 0.375000 1.000000
vt 0.250000 0.500000
vt 0.000000 0.500000
vt 0.000000 0.750000
vt 0.250000 0.750000
vt 0.023438 0.429688
vt 0.023438 0.437500
vt 0.273438 0.437500
vt 0.273438 0.429688
vt 0.015625 1.000000
vt 0.031250 1.000000
vt 0.031250 0.500000
vt 0.015625 0.500000
vt 0.000000 0.429688
vt 0.125000 0.429688
vt 0.125000 0.437500
vt 0.000000 0.437500
vt 0.125000 0.875000
vt 0.125000 1.000000
vt 0.375000 1.000000
vt 0.375000 0.875000
vt 0.000000 1.000000
vt 0.250000 1.000000
vt 0.250000 0.500000
vt 0.000000 0.500000
vt 0.000000 1.000000
vt 0.015625 1.000000
vt 0.015625 0.500000
vt 0.000000 0.500000
vt 0.023438 0.429688
vt 0.023438 0.437500
vt 0.273438 0.437500
vt 0.273438 0.429688
vt 0.000000 0.429688
vt 0.125000 0.429688
vt 0.125000 0.437500
vt 0.000000 0.437500
vt 0.125000 1.000000
vt 0.125000 0.875000
vt 0.375000 0.875000
vt 0.375000 1.000000
vt 0.500000 1.000000
vt 0.750000 1.000000
vt 0.750000 0.500000
vt 0.500000 0.500000
vt 0.250000 1.000000
vt 0.250000 0.875000
vt 0.125000 0.875000
vt 0.125000 1.000000
vt 0.148438 0.429688
vt 0.148438 0.437500
vt 0.273438 0.437500
vt 0.273438 0.429688
vt 0.500000 0.500000
vt 0.750000 0.500000
vt 0.750000 0.250000
vt 0.500000 0.250000
vt 0.000000 0.750000
vt 0.015625 0.750000
vt 0.015625 0.500000
vt 0.000000 0.500000
vt 0.148438 0.429688
vt 0.148438 0.437500
vt 0.273438 0.437500
vt 0.273438 0.429688
vt 0.250000 0.875000
vt 0.250000 1.000000
vt 0.125000 1.000000
vt 0.125000 0.875000
vt 0.000000 0.250000
vt 0.015625 0.250000
vt 0.015625 0.000000
vt 0.000000 0.000000
vt 0.000000 0.500000
vt 0.250000 0.500000
vt 0.250000 0.250000
vt 0.000000 0.250000
vt 0.632812 0.445312
vt 0.640625 0.445312
vt 0.640625 0.382812
vt 0.632812 0.382812
vt 0.632812 0.445312
vt 0.640625 0.445312
vt 0.640625 0.382812
vt 0.632812 0.382812
vt 0.875000 0.460938
vt 1.000000 0.460938
vt 1.000000 0.453125
vt 0.875000 0.453125
vt 0.085938 0.429688
vt 0.210938 0.429688
vt 0.210938 0.367188
vt 0.085938 0.367188
vt 0.210938 0.335938
vt 0.085938 0.335938
vt 0.085938 0.367188
vt 0.210938 0.367188
vt 0.671875 0.500000
vt 0.671875 0.750000
vt 0.546875 0.750000
vt 0.546875 0.500000
vt 0.078125 0.500000
vt 0.078125 0.750000
vt 0.203125 0.750000
vt 0.203125 0.500000
vt 1.000000 0.937500
vt 0.750000 0.937500
vt 0.750000 1.000000
vt 1.000000 1.000000
vt 0.078125 0.750000
vt 0.078125 1.000000
vt 0.203125 1.000000
vt 0.203125 0.750000
vt 0.671875 0.250000
vt 0.671875 0.500000
vt 0.546875 0.500000
vt 0.546875 0.250000
vt 0.640625 0.382812
vt 0.640625 0.445312
vt 0.632812 0.445312
vt 0.632812 0.382812
vt 0.640625 0.382812
vt 0.640625 0.445312
vt 0.632812 0.445312
vt 0.632812 0.382812
vt 1.000000 0.453125
vt 1.000000 0.460938
vt 0.875000 0.460938
vt 0.875000 0.453125
vt 0.335938 0.367188
vt 0.335938 0.429688
vt 0.210938 0.429688
vt 0.210938 0.367188
vt 0.210938 0.335938
vt 0.335938 0.335938
vt 0.335938 0.367188
vt 0.210938 0.367188
vt 0.296875 0.937500
vt 0.296875 1.000000
vt 0.187500 1.000000
vt 0.187500 0.937500
vt 0.453125 0.500000
vt 0.453125 0.750000
vt 0.562500 0.750000
vt 0.562500 0.500000
vt 0.296875 0.500000
vt 0.296875 0.750000
vt 0.187500 0.750000
vt 0.187500 0.500000
vt 0.750000 0.937500
vt 1.000000 0.937500
vt 1.000000 1.000000
vt 0.750000 1.000000
vt 0.296875 0.750000
vt 0.296875 1.000000
vt 0.187500 1.000000
vt 0.187500 0.750000
vt 0.453125 0.250000
vt 0.453125 0.500000
vt 0.562500 0.500000
vt 0.562500 0.250000
vt 0.710938 0.164062
vt 0.585938 0.164062
vt 0.585938 0.218750
vt 0.710938 0.218750
vt 0.750000 0.226562
vt 0.625000 0.226562
vt 0.625000 0.125000
vt 0.750000 0.125000
vt 0.734375 0.203125
vt 0.609375 0.203125
vt 0.609375 0.218750
vt 0.734375 0.218750
vt 0.062500 1.000000
vt 0.062500 0.750000
vt 0.187500 0.750000
vt 0.187500 1.000000
vt 0.062500 0.750000
vt 0.062500 0.500000
vt 0.187500 0.500000
vt 0.187500 0.750000
vt 0.687500 0.500000
vt 0.687500 0.250000
vt 0.562500 0.250000
vt 0.562500 0.500000
vt 0.687500 0.750000
vt 0.687500 0.500000
vt 0.562500 0.500000
vt 0.562500 0.750000
vt 0.000000 0.937500
vt 0.062500 0.937500
vt 0.062500 1.000000
vt 0.000000 1.000000
vt 0.062500 0.750000
vt 0.062500 1.000000
vt 0.000000 1.000000
vt 0.000000 0.750000
vt 0.062500 0.500000
vt 0.062500 0.750000
vt 0.000000 0.750000
vt 0.000000 0.500000
vt 0.687500 0.250000
vt 0.687500 0.500000
vt 0.750000 0.500000
vt 0.750000 0.250000
vt 0.687500 0.500000
vt 0.687500 0.750000
vt 0.750000 0.750000
vt 0.750000 0.500000
vt 0.187500 0.937500
vt 0.062500 0.937500
vt 0.062500 0.875000
vt 0.187500 0.875000
vt 0.296875 0.875000
vt 0.296875 0.937500
vt 0.187500 0.937500
vt 0.187500 0.875000
vt 0.062500 0.937500
vt 0.000000 0.937500
vt 0.000000 0.875000
vt 0.062500 0.875000
vt 1.000000 0.937500
vt 0.750000 0.937500
vt 0.750000 0.875000
vt 1.000000 0.875000
vt 0.335938 0.335938
vt 0.210938 0.335938
vt 0.210938 0.304688
vt 0.335938 0.304688
vt 0.328125 0.250000
vt 0.328125 0.500000
vt 0.453125 0.500000
vt 0.453125 0.250000
vt 0.328125 0.500000
vt 0.328125 0.750000
vt 0.453125 0.750000
vt 0.453125 0.500000
vt 0.421875 0.875000
vt 0.421875 0.937500
vt 0.296875 0.937500
vt 0.296875 0.875000
vt 0.421875 0.750000
vt 0.421875 1.000000
vt 0.296875 1.000000
vt 0.296875 0.750000
vt 0.421875 0.500000
vt 0.421875 0.750000
vt 0.296875 0.750000
vt 0.296875 0.500000
vt 0.421875 1.000000
vt 0.421875 0.937500
vt 0.625000 0.937500
vt 0.625000 1.000000
vt 0.328125 0.500000
vt 0.328125 0.250000
vt 0.125000 0.250000
vt 0.125000 0.500000
vt 0.328125 0.750000
vt 0.328125 0.500000
vt 0.125000 0.500000
vt 0.125000 0.750000
vt 0.421875 0.937500
vt 0.421875 0.875000
vt 0.625000 0.875000
vt 0.625000 0.937500
vt 0.421875 1.000000
vt 0.421875 0.750000
vt 0.625000 0.750000
vt 0.625000 1.000000
vt 0.421875 0.750000
vt 0.421875 0.500000
vt 0.625000 0.500000
vt 0.625000 0.750000
vt 0.078125 0.875000
vt 0.078125 0.937500
vt 0.203125 0.937500
vt 0.203125 0.875000
vt 0.750000 0.937500
vt 1.000000 0.937500
vt 1.000000 0.875000
vt 0.750000 0.875000
vt 0.085938 0.335938
vt 0.210938 0.335938
vt 0.210938 0.304688
vt 0.085938 0.304688
vt 0.312500 0.937500
vt 0.312500 0.875000
vt 0.203125 0.875000
vt 0.203125 0.937500
vt 0.312500 1.000000
vt 0.312500 0.750000
vt 0.203125 0.750000
vt 0.203125 1.000000
vt 0.312500 0.750000
vt 0.312500 0.500000
vt 0.203125 0.500000
vt 0.203125 0.750000
vt 0.312500 1.000000
vt 0.312500 0.937500
vt 0.203125 0.937500
vt 0.203125 1.000000
vt 0.437500 0.500000
vt 0.437500 0.250000
vt 0.546875 0.250000
vt 0.546875 0.500000
vt 0.437500 0.750000
vt 0.437500 0.500000
vt 0.546875 0.500000
vt 0.546875 0.750000
vt 0.078125 1.000000
vt 0.078125 0.937500
vt 0.000000 0.937500
vt 0.000000 1.000000
vt 0.671875 0.500000
vt 0.671875 0.250000
vt 0.750000 0.250000
vt 0.750000 0.500000
vt 0.671875 0.750000
vt 0.671875 0.500000
vt 0.750000 0.500000
vt 0.750000 0.750000
vt 0.078125 0.937500
vt 0.078125 0.875000
vt 0.000000 0.875000
vt 0.000000 0.937500
vt 0.078125 1.000000
vt 0.078125 0.750000
vt 0.000000 0.750000
vt 0.000000 1.000000
vt 0.078125 0.750000
vt 0.078125 0.500000
vt 0.000000 0.500000
vt 0.000000 0.750000
vt 0.437500 0.937500
vt 0.437500 0.875000
vt 0.312500 0.875000
vt 0.312500 0.937500
vt 0.437500 1.000000
vt 0.437500 0.750000
vt 0.312500 0.750000
vt 0.312500 1.000000
vt 0.437500 0.750000
vt 0.437500 0.500000
vt 0.312500 0.500000
vt 0.312500 0.750000
vt 0.312500 0.500000
vt 0.312500 0.250000
vt 0.437500 0.250000
vt 0.437500 0.500000
vt 0.312500 0.750000
vt 0.312500 0.500000
vt 0.437500 0.500000
vt 0.437500 0.750000
vt 0.437500 0.937500
vt 0.437500 1.000000
vt 0.625000 1.000000
vt 0.625000 0.937500
vt 0.437500 0.875000
vt 0.437500 0.937500
vt 0.625000 0.937500
vt 0.625000 0.875000
vt 0.437500 0.750000
vt 0.437500 1.000000
vt 0.625000 1.000000
vt 0.625000 0.750000
vt 0.437500 0.500000
vt 0.437500 0.750000
vt 0.625000 0.750000
vt 0.625000 0.500000
vt 0.312500 0.250000
vt 0.312500 0.500000
vt 0.125000 0.500000
vt 0.125000 0.250000
vt 0.312500 0.500000
vt 0.312500 0.750000
vt 0.125000 0.750000
vt 0.125000 0.500000
vt 0.609375 0.609375
vt 0.625000 0.609375
vt 0.625000 0.484375
vt 0.609375 0.484375
vt 0.500000 0.609375
vt 0.515625 0.609375
vt 0.515625 0.484375
vt 0.500000 0.484375
vt 0.500000 0.609375
vt 0.625000 0.609375
vt 0.625000 0.593750
vt 0.500000 0.593750
vt 0.500000 0.500000
vt 0.625000 0.500000
vt 0.625000 0.484375
vt 0.500000 0.484375
vt 0.500000 0.609375
vt 0.625000 0.609375
vt 0.625000 0.484375
vt 0.500000 0.484375
vt 0.609375 0.609375
vt 0.625000 0.609375
vt 0.625000 0.484375
vt 0.609375 0.484375
vt 0.500000 0.609375
vt 0.515625 0.609375
vt 0.515625 0.484375
vt 0.500000 0.484375
vt 0.500000 0.609375
vt 0.625000 0.609375
vt 0.625000 0.593750
vt 0.500000 0.593750
vt 0.500000 0.500000
vt 0.625000 0.500000
vt 0.625000 0.484375
vt 0.500000 0.484375
vt 0.500000 0.609375
vt 0.625000 0.609375
vt 0.625000 0.484375
vt 0.500000 0.484375
vt 0.500000 0.515625
vt 0.507812 0.515625
vt 0.507812 0.492188
vt 0.500000 0.492188
vt 0.476562 0.515625
vt 0.484375 0.515625
vt 0.484375 0.492188
vt 0.476562 0.492188
vt 0.476562 0.515625
vt 0.507812 0.515625
vt 0.507812 0.492188
vt 0.476562 0.492188
vt 0.476562 0.515625
vt 0.507812 0.515625
vt 0.507812 0.492188
vt 0.476562 0.492188
vt 0.460938 0.515625
vt 0.468750 0.515625
vt 0.468750 0.492188
vt 0.460938 0.492188
vt 0.437500 0.515625
vt 0.445312 0.515625
vt 0.445312 0.492188
vt 0.437500 0.492188
vt 0.437500 0.515625
vt 0.468750 0.515625
vt 0.468750 0.492188
vt 0.437500 0.492188
vt 0.437500 0.515625
vt 0.468750 0.515625
vt 0.468750 0.492188
vt 0.437500 0.492188
vt 0.539062 0.515625
vt 0.546875 0.515625
vt 0.546875 0.492188
vt 0.539062 0.492188
vt 0.515625 0.515625
vt 0.523438 0.515625
vt 0.523438 0.492188
vt 0.515625 0.492188
vt 0.515625 0.515625
vt 0.546875 0.515625
vt 0.546875 0.492188
vt 0.515625 0.492188
vt 0.515625 0.515625
vt 0.546875 0.515625
vt 0.546875 0.492188
vt 0.515625 0.492188
vt 0.578125 0.515625
vt 0.585938 0.515625
vt 0.585938 0.492188
vt 0.578125 0.492188
vt 0.554688 0.515625
vt 0.562500 0.515625
vt 0.562500 0.492188
vt 0.554688 0.492188
vt 0.554688 0.515625
vt 0.585938 0.515625
vt 0.585938 0.492188
vt 0.554688 0.492188
vt 0.554688 0.515625
vt 0.585938 0.515625
vt 0.585938 0.492188
vt 0.554688 0.492188
vt 0.609375 0.609375
vt 0.625000 0.609375
vt 0.625000 0.484375
vt 0.609375 0.484375
vt 0.500000 0.609375
vt 0.515625 0.609375
vt 0.515625 0.484375
vt 0.500000 0.484375
vt 0.500000 0.609375
vt 0.625000 0.609375
vt 0.625000 0.593750
vt 0.500000 0.593750
vt 0.500000 0.500000
vt 0.625000 0.500000
vt 0.625000 0.484375
vt 0.500000 0.484375
vt 0.500000 0.609375
vt 0.625000 0.609375
vt 0.625000 0.484375
vt 0.500000 0.484375
vt 0.609375 0.609375
vt 0.625000 0.609375
vt 0.625000 0.484375
vt 0.609375 0.484375
vt 0.500000 0.609375
vt 0.515625 0.609375
vt 0.515625 0.484375
vt 0.500000 0.484375
vt 0.500000 0.609375
vt 0.625000 0.609375
vt 0.625000 0.593750
vt 0.500000 0.593750
vt 0.500000 0.500000
vt 0.625000 0.500000
vt 0.625000 0.484375
vt 0.500000 0.484375
vt 0.500000 0.609375
vt 0.625000 0.609375
vt 0.625000 0.484375
vt 0.500000 0.484375
vt 0.335938 0.250000
vt 0.320312 0.250000
vt 0.320312 0.187500
vt 0.335938 0.187500
vt 0.320312 0.242188
vt 0.335938 0.242188
vt 0.335938 0.179688
vt 0.320312 0.179688
vt 0.328125 0.218750
vt 0.335938 0.218750
vt 0.335938 0.195312
vt 0.328125 0.195312
vt 0.335938 0.242188
vt 0.328125 0.242188
vt 0.328125 0.179688
vt 0.335938 0.179688
vt 0.328125 0.242188
vt 0.335938 0.242188
vt 0.335938 0.179688
vt 0.328125 0.179688
vt 0.335938 0.250000
vt 0.320312 0.250000
vt 0.320312 0.187500
vt 0.335938 0.187500
vt 0.320312 0.242188
vt 0.335938 0.242188
vt 0.335938 0.179688
vt 0.320312 0.179688
vt 0.328125 0.218750
vt 0.335938 0.218750
vt 0.335938 0.195312
vt 0.328125 0.195312
vt 0.335938 0.242188
vt 0.328125 0.242188
vt 0.328125 0.179688
vt 0.335938 0.179688
vt 0.328125 0.242188
vt 0.335938 0.242188
vt 0.335938 0.179688
vt 0.328125 0.179688
vt 0.335938 0.250000
vt 0.320312 0.250000
vt 0.320312 0.187500
vt 0.335938 0.187500
vt 0.320312 0.242188
vt 0.335938 0.242188
vt 0.335938 0.179688
vt 0.320312 0.179688
vt 0.328125 0.218750
vt 0.335938 0.218750
vt 0.335938 0.195312
vt 0.328125 0.195312
vt 0.335938 0.242188
vt 0.328125 0.242188
vt 0.328125 0.179688
vt 0.335938 0.179688
vt 0.328125 0.242188
vt 0.335938 0.242188
vt 0.335938 0.179688
vt 0.328125 0.179688
vt 0.335938 0.250000
vt 0.320312 0.250000
vt 0.320312 0.187500
vt 0.335938 0.187500
vt 0.320312 0.242188
vt 0.335938 0.242188
vt 0.335938 0.179688
vt 0.320312 0.179688
vt 0.328125 0.218750
vt 0.335938 0.218750
vt 0.335938 0.195312
vt 0.328125 0.195312
vt 0.335938 0.242188
vt 0.328125 0.242188
vt 0.328125 0.179688
vt 0.335938 0.179688
vt 0.328125 0.242188
vt 0.335938 0.242188
vt 0.335938 0.179688
vt 0.328125 0.179688
vt 0.335938 0.250000
vt 0.320312 0.250000
vt 0.320312 0.187500
vt 0.335938 0.187500
vt 0.320312 0.242188
vt 0.335938 0.242188
vt 0.335938 0.179688
vt 0.320312 0.179688
vt 0.328125 0.218750
vt 0.335938 0.218750
vt 0.335938 0.195312
vt 0.328125 0.195312
vt 0.335938 0.242188
vt 0.328125 0.242188
vt 0.328125 0.179688
vt 0.335938 0.179688
vt 0.328125 0.242188
vt 0.335938 0.242188
vt 0.335938 0.179688
vt 0.328125 0.179688
vt 0.382812 0.250000
vt 0.390625 0.250000
vt 0.390625 0.125000
vt 0.382812 0.125000
vt 0.382812 0.132812
vt 0.414062 0.132812
vt 0.414062 0.125000
vt 0.382812 0.125000
vt 0.382812 0.132812
vt 0.414062 0.132812
vt 0.414062 0.125000
vt 0.382812 0.125000
vt 0.414062 0.250000
vt 0.382812 0.250000
vt 0.382812 0.125000
vt 0.414062 0.125000
vt 0.382812 0.250000
vt 0.414062 0.250000
vt 0.414062 0.125000
vt 0.382812 0.125000
vt 0.351562 0.250000
vt 0.359375 0.250000
vt 0.359375 0.179688
vt 0.351562 0.179688
vt 0.382812 0.250000
vt 0.351562 0.250000
vt 0.351562 0.179688
vt 0.382812 0.179688
vt 0.351562 0.250000
vt 0.382812 0.250000
vt 0.382812 0.179688
vt 0.351562 0.179688
vt 0.351562 0.250000
vt 0.359375 0.250000
vt 0.359375 0.179688
vt 0.351562 0.179688
vt 0.382812 0.250000
vt 0.351562 0.250000
vt 0.351562 0.179688
vt 0.382812 0.179688
vt 0.351562 0.250000
vt 0.382812 0.250000
vt 0.382812 0.179688
vt 0.351562 0.179688
vt 0.375000 0.718750
vt 0.390625 0.718750
vt 0.390625 0.671875
vt 0.375000 0.671875
vt 0.421875 0.734375
vt 0.437500 0.734375
vt 0.437500 0.687500
vt 0.421875 0.687500
vt 0.437500 0.734375
vt 0.375000 0.734375
vt 0.375000 0.718750
vt 0.437500 0.718750
vt 1.000000 0.000000
vt 1.000000 0.000000
vt 1.000000 0.000000
vt 1.000000 0.000000
vt 0.000000 0.734375
vt 0.062500 0.734375
vt 0.062500 0.687500
vt 0.000000 0.687500
vt 0.437500 0.578125
vt 0.375000 0.578125
vt 0.375000 0.453125
vt 0.437500 0.453125
vt 0.437500 0.578125
vt 0.375000 0.578125
vt 0.375000 0.453125
vt 0.437500 0.453125
vt 0.375000 0.453125
vt 0.375000 0.578125
vt 0.437500 0.578125
vt 0.437500 0.453125
vt 0.609375 0.898438
vt 0.734375 0.898438
vt 0.734375 0.835938
vt 0.609375 0.835938
vt 0.414062 0.125000
vt 0.539062 0.125000
vt 0.539062 0.000000
vt 0.414062 0.000000
vt 0.414062 0.125000
vt 0.539062 0.125000
vt 0.539062 0.000000
vt 0.414062 0.000000
vt 0.320312 0.187500
vt 0.320312 0.250000
vt 0.335938 0.250000
vt 0.335938 0.187500
vt 0.335938 0.179688
vt 0.335938 0.242188
vt 0.320312 0.242188
vt 0.320312 0.179688
vt 0.335938 0.195312
vt 0.335938 0.218750
vt 0.328125 0.218750
vt 0.328125 0.195312
vt 0.328125 0.179688
vt 0.328125 0.242188
vt 0.335938 0.242188
vt 0.335938 0.179688
vt 0.335938 0.179688
vt 0.335938 0.242188
vt 0.328125 0.242188
vt 0.328125 0.179688
vt 0.320312 0.187500
vt 0.320312 0.250000
vt 0.335938 0.250000
vt 0.335938 0.187500
vt 0.335938 0.179688
vt 0.335938 0.242188
vt 0.320312 0.242188
vt 0.320312 0.179688
vt 0.335938 0.195312
vt 0.335938 0.218750
vt 0.328125 0.218750
vt 0.328125 0.195312
vt 0.328125 0.179688
vt 0.328125 0.242188
vt 0.335938 0.242188
vt 0.335938 0.179688
vt 0.335938 0.179688
vt 0.335938 0.242188
vt 0.328125 0.242188
vt 0.328125 0.179688
vt 0.320312 0.187500
vt 0.320312 0.250000
vt 0.335938 0.250000
vt 0.335938 0.187500
vt 0.335938 0.179688
vt 0.335938 0.242188
vt 0.320312 0.242188
vt 0.320312 0.179688
vt 0.335938 0.195312
vt 0.335938 0.218750
vt 0.328125 0.218750
vt 0.328125 0.195312
vt 0.328125 0.179688
vt 0.328125 0.242188
vt 0.335938 0.242188
vt 0.335938 0.179688
vt 0.335938 0.179688
vt 0.335938 0.242188
vt 0.328125 0.242188
vt 0.328125 0.179688
vt 0.320312 0.187500
vt 0.320312 0.250000
vt 0.335938 0.250000
vt 0.335938 0.187500
vt 0.335938 0.179688
vt 0.335938 0.242188
vt 0.320312 0.242188
vt 0.320312 0.179688
vt 0.335938 0.195312
vt 0.335938 0.218750
vt 0.328125 0.218750
vt 0.328125 0.195312
vt 0.328125 0.179688
vt 0.328125 0.242188
vt 0.335938 0.242188
vt 0.335938 0.179688
vt 0.335938 0.179688
vt 0.335938 0.242188
vt 0.328125 0.242188
vt 0.328125 0.179688
vt 0.320312 0.187500
vt 0.320312 0.250000
vt 0.335938 0.250000
vt 0.335938 0.187500
vt 0.335938 0.179688
vt 0.335938 0.242188
vt 0.320312 0.242188
vt 0.320312 0.179688
vt 0.335938 0.195312
vt 0.335938 0.218750
vt 0.328125 0.218750
vt 0.328125 0.195312
vt 0.328125 0.179688
vt 0.328125 0.242188
vt 0.335938 0.242188
vt 0.335938 0.179688
vt 0.335938 0.179688
vt 0.335938 0.242188
vt 0.328125 0.242188
vt 0.328125 0.179688
vt 0.390625 0.125000
vt 0.390625 0.250000
vt 0.382812 0.250000
vt 0.382812 0.125000
vt 0.414062 0.125000
vt 0.414062 0.132812
vt 0.382812 0.132812
vt 0.382812 0.125000
vt 0.414062 0.125000
vt 0.414062 0.132812
vt 0.382812 0.132812
vt 0.382812 0.125000
vt 0.382812 0.125000
vt 0.382812 0.250000
vt 0.414062 0.250000
vt 0.414062 0.125000
vt 0.414062 0.125000
vt 0.414062 0.250000
vt 0.382812 0.250000
vt 0.382812 0.125000
vt 0.359375 0.179688
vt 0.359375 0.250000
vt 0.351562 0.250000
vt 0.351562 0.179688
vt 0.351562 0.179688
vt 0.351562 0.250000
vt 0.382812 0.250000
vt 0.382812 0.179688
vt 0.382812 0.179688
vt 0.382812 0.250000
vt 0.351562 0.250000
vt 0.351562 0.179688
vt 0.359375 0.179688
vt 0.359375 0.250000
vt 0.351562 0.250000
vt 0.351562 0.179688
vt 0.351562 0.179688
vt 0.351562 0.250000
vt 0.382812 0.250000
vt 0.382812 0.179688
vt 0.382812 0.179688
vt 0.382812 0.250000
vt 0.351562 0.250000
vt 0.351562 0.179688
vt 0.507812 0.453125
vt 0.515625 0.453125
vt 0.515625 0.429688
vt 0.507812 0.429688
vt 0.476562 0.453125
vt 0.539062 0.453125
vt 0.539062 0.445312
vt 0.476562 0.445312
vt 0.476562 0.453125
vt 0.539062 0.453125
vt 0.539062 0.429688
vt 0.476562 0.429688
vt 0.476562 0.453125
vt 0.539062 0.453125
vt 0.539062 0.429688
vt 0.476562 0.429688
vt 0.507812 0.453125
vt 0.515625 0.453125
vt 0.515625 0.429688
vt 0.507812 0.429688
vt 0.476562 0.453125
vt 0.539062 0.453125
vt 0.539062 0.445312
vt 0.476562 0.445312
vt 0.476562 0.453125
vt 0.539062 0.453125
vt 0.539062 0.429688
vt 0.476562 0.429688
vt 0.476562 0.453125
vt 0.539062 0.453125
vt 0.539062 0.429688
vt 0.476562 0.429688
vt 0.937500 0.000000
vt 0.062500 0.000000
vt 0.062500 0.125000
vt 0.937500 0.125000
vt 0.062500 0.500000
vt 0.062500 1.000000
vt 0.937500 1.000000
vt 0.937500 0.500000
vt 0.039062 0.335938
vt 0.046875 0.335938
vt 0.046875 0.242188
vt 0.039062 0.242188
vt 0.039062 0.335938
vt 0.046875 0.335938
vt 0.046875 0.242188
vt 0.039062 0.242188
vt 0.031250 0.320312
vt 0.039062 0.320312
vt 0.039062 0.328125
vt 0.031250 0.328125
vt 0.039062 0.328125
vt 0.046875 0.328125
vt 0.046875 0.320312
vt 0.039062 0.320312
vt 0.039062 0.335938
vt 0.046875 0.335938
vt 0.046875 0.242188
vt 0.039062 0.242188
vt 0.039062 0.335938
vt 0.046875 0.335938
vt 0.046875 0.242188
vt 0.039062 0.242188
vt 0.640625 0.351562
vt 0.632812 0.351562
vt 0.632812 0.265625
vt 0.640625 0.265625
vt 0.562500 0.351562
vt 0.554688 0.351562
vt 0.554688 0.265625
vt 0.562500 0.265625
vt 0.562500 0.351562
vt 0.640625 0.351562
vt 0.640625 0.359375
vt 0.562500 0.359375
vt 0.632812 0.351562
vt 0.554688 0.351562
vt 0.554688 0.265625
vt 0.632812 0.265625
vt 0.640625 0.351562
vt 0.562500 0.351562
vt 0.562500 0.265625
vt 0.640625 0.265625
vt 0.562500 0.351562
vt 0.640625 0.351562
vt 0.640625 0.359375
vt 0.562500 0.359375
vt 0.578125 0.351562
vt 0.640625 0.351562
vt 0.640625 0.265625
vt 0.578125 0.265625
vt 0.562500 0.351562
vt 0.625000 0.351562
vt 0.625000 0.265625
vt 0.562500 0.265625
vt 0.570312 0.359375
vt 0.632812 0.359375
vt 0.632812 0.351562
vt 0.570312 0.351562
vt 0.562500 0.351562
vt 0.625000 0.351562
vt 0.625000 0.265625
vt 0.562500 0.265625
vt 0.562500 0.351562
vt 0.625000 0.351562
vt 0.625000 0.265625
vt 0.562500 0.265625
vt 0.562500 0.351562
vt 0.554688 0.351562
vt 0.554688 0.265625
vt 0.562500 0.265625
vt 0.640625 0.351562
vt 0.632812 0.351562
vt 0.632812 0.265625
vt 0.640625 0.265625
vt 0.562500 0.359375
vt 0.640625 0.359375
vt 0.640625 0.351562
vt 0.562500 0.351562
vt 0.640625 0.351562
vt 0.562500 0.351562
vt 0.562500 0.265625
vt 0.640625 0.265625
vt 0.640625 0.351562
vt 0.562500 0.351562
vt 0.562500 0.265625
vt 0.640625 0.265625
vt 0.609375 0.375000
vt 0.625000 0.375000
vt 0.625000 0.359375
vt 0.609375 0.359375
vt 0.609375 0.375000
vt 0.625000 0.375000
vt 0.625000 0.359375
vt 0.609375 0.359375
vt 0.570312 0.257812
vt 0.570312 0.335938
vt 0.585938 0.335938
vt 0.585938 0.257812
vt 0.570312 0.257812
vt 0.570312 0.335938
vt 0.585938 0.335938
vt 0.585938 0.257812
vt 0.570312 0.257812
vt 0.570312 0.335938
vt 0.585938 0.335938
vt 0.585938 0.257812
vt 0.570312 0.257812
vt 0.570312 0.335938
vt 0.585938 0.335938
vt 0.585938 0.257812
vt 0.039062 0.335938
vt 0.046875 0.335938
vt 0.046875 0.242188
vt 0.039062 0.242188
vt 0.039062 0.335938
vt 0.046875 0.335938
vt 0.046875 0.242188
vt 0.039062 0.242188
vt 0.031250 0.320312
vt 0.039062 0.320312
vt 0.039062 0.328125
vt 0.031250 0.328125
vt 0.039062 0.328125
vt 0.046875 0.328125
vt 0.046875 0.320312
vt 0.039062 0.320312
vt 0.039062 0.335938
vt 0.046875 0.335938
vt 0.046875 0.242188
vt 0.039062 0.242188
vt 0.039062 0.335938
vt 0.046875 0.335938
vt 0.046875 0.242188
vt 0.039062 0.242188
vt 0.570312 0.328125
vt 0.632812 0.328125
vt 0.632812 0.265625
vt 0.570312 0.265625
vt 0.093750 0.757812
vt 0.000000 0.757812
vt 0.000000 0.679688
vt 0.093750 0.679688
vt 0.093750 0.757812
vt 0.000000 0.757812
vt 0.000000 0.679688
vt 0.093750 0.679688
vt 0.000000 0.851562
vt 0.062500 0.851562
vt 0.062500 0.757812
vt 0.000000 0.757812
vt 0.093750 0.757812
vt 0.156250 0.757812
vt 0.156250 0.679688
vt 0.093750 0.679688
vt 0.093750 0.757812
vt 0.156250 0.757812
vt 0.156250 0.679688
vt 0.093750 0.679688
vt 0.320312 0.187500
vt 0.320312 0.250000
vt 0.335938 0.250000
vt 0.335938 0.187500
vt 0.335938 0.179688
vt 0.335938 0.242188
vt 0.320312 0.242188
vt 0.320312 0.179688
vt 0.335938 0.195312
vt 0.335938 0.218750
vt 0.328125 0.218750
vt 0.328125 0.195312
vt 0.328125 0.179688
vt 0.328125 0.242188
vt 0.335938 0.242188
vt 0.335938 0.179688
vt 0.335938 0.179688
vt 0.335938 0.242188
vt 0.328125 0.242188
vt 0.328125 0.179688
vt 0.320312 0.187500
vt 0.320312 0.250000
vt 0.335938 0.250000
vt 0.335938 0.187500
vt 0.335938 0.179688
vt 0.335938 0.242188
vt 0.320312 0.242188
vt 0.320312 0.179688
vt 0.335938 0.195312
vt 0.335938 0.218750
vt 0.328125 0.218750
vt 0.328125 0.195312
vt 0.328125 0.179688
vt 0.328125 0.242188
vt 0.335938 0.242188
vt 0.335938 0.179688
vt 0.335938 0.179688
vt 0.335938 0.242188
vt 0.328125 0.242188
vt 0.328125 0.179688
vt 0.320312 0.187500
vt 0.320312 0.250000
vt 0.335938 0.250000
vt 0.335938 0.187500
vt 0.335938 0.179688
vt 0.335938 0.242188
vt 0.320312 0.242188
vt 0.320312 0.179688
vt 0.335938 0.195312
vt 0.335938 0.218750
vt 0.328125 0.218750
vt 0.328125 0.195312
vt 0.328125 0.179688
vt 0.328125 0.242188
vt 0.335938 0.242188
vt 0.335938 0.179688
vt 0.335938 0.179688
vt 0.335938 0.242188
vt 0.328125 0.242188
vt 0.328125 0.179688
vt 0.320312 0.187500
vt 0.320312 0.250000
vt 0.335938 0.250000
vt 0.335938 0.187500
vt 0.335938 0.179688
vt 0.335938 0.242188
vt 0.320312 0.242188
vt 0.320312 0.179688
vt 0.335938 0.195312
vt 0.335938 0.218750
vt 0.328125 0.218750
vt 0.328125 0.195312
vt 0.328125 0.179688
vt 0.328125 0.242188
vt 0.335938 0.242188
vt 0.335938 0.179688
vt 0.335938 0.179688
vt 0.335938 0.242188
vt 0.328125 0.242188
vt 0.328125 0.179688
vt 0.320312 0.187500
vt 0.320312 0.250000
vt 0.335938 0.250000
vt 0.335938 0.187500
vt 0.335938 0.179688
vt 0.335938 0.242188
vt 0.320312 0.242188
vt 0.320312 0.179688
vt 0.335938 0.195312
vt 0.335938 0.218750
vt 0.328125 0.218750
vt 0.328125 0.195312
vt 0.328125 0.179688
vt 0.328125 0.242188
vt 0.335938 0.242188
vt 0.335938 0.179688
vt 0.335938 0.179688
vt 0.335938 0.242188
vt 0.328125 0.242188
vt 0.328125 0.179688
vt 0.390625 0.125000
vt 0.390625 0.250000
vt 0.382812 0.250000
vt 0.382812 0.125000
vt 0.414062 0.125000
vt 0.414062 0.132812
vt 0.382812 0.132812
vt 0.382812 0.125000
vt 0.414062 0.125000
vt 0.414062 0.132812
vt 0.382812 0.132812
vt 0.382812 0.125000
vt 0.382812 0.125000
vt 0.382812 0.250000
vt 0.414062 0.250000
vt 0.414062 0.125000
vt 0.414062 0.125000
vt 0.414062 0.250000
vt 0.382812 0.250000
vt 0.382812 0.125000
vt 0.359375 0.179688
vt 0.359375 0.250000
vt 0.351562 0.250000
vt 0.351562 0.179688
vt 0.351562 0.179688
vt 0.351562 0.250000
vt 0.382812 0.250000
vt 0.382812 0.179688
vt 0.382812 0.179688
vt 0.382812 0.250000
vt 0.351562 0.250000
vt 0.351562 0.179688
vt 0.359375 0.179688
vt 0.359375 0.250000
vt 0.351562 0.250000
vt 0.351562 0.179688
vt 0.351562 0.179688
vt 0.351562 0.250000
vt 0.382812 0.250000
vt 0.382812 0.179688
vt 0.382812 0.179688
vt 0.382812 0.250000
vt 0.351562 0.250000
vt 0.351562 0.179688
vt 0.390625 0.671875
vt 0.390625 0.718750
vt 0.375000 0.718750
vt 0.375000 0.671875
vt 0.437500 0.687500
vt 0.437500 0.734375
vt 0.421875 0.734375
vt 0.421875 0.687500
vt 0.375000 0.718750
vt 0.375000 0.734375
vt 0.437500 0.734375
vt 0.437500 0.718750
vt 1.000000 0.000000
vt 1.000000 0.000000
vt 1.000000 0.000000
vt 1.000000 0.000000
vt 0.125000 0.687500
vt 0.125000 0.734375
vt 0.062500 0.734375
vt 0.062500 0.687500
vt 0.375000 0.453125
vt 0.375000 0.578125
vt 0.437500 0.578125
vt 0.437500 0.453125
vt 0.375000 0.453125
vt 0.375000 0.578125
vt 0.437500 0.578125
vt 0.437500 0.453125
vt 0.437500 0.578125
vt 0.375000 0.578125
vt 0.375000 0.453125
vt 0.437500 0.453125
vt 0.742188 0.921875
vt 0.742188 0.984375
vt 0.617188 0.984375
vt 0.617188 0.921875
vt 0.539062 0.000000
vt 0.539062 0.125000
vt 0.414062 0.125000
vt 0.414062 0.000000
vt 0.539062 0.000000
vt 0.539062 0.125000
vt 0.414062 0.125000
vt 0.414062 0.000000
vt 0.335938 0.250000
vt 0.320312 0.250000
vt 0.320312 0.187500
vt 0.335938 0.187500
vt 0.320312 0.242188
vt 0.335938 0.242188
vt 0.335938 0.179688
vt 0.320312 0.179688
vt 0.328125 0.218750
vt 0.335938 0.218750
vt 0.335938 0.195312
vt 0.328125 0.195312
vt 0.335938 0.242188
vt 0.328125 0.242188
vt 0.328125 0.179688
vt 0.335938 0.179688
vt 0.328125 0.242188
vt 0.335938 0.242188
vt 0.335938 0.179688
vt 0.328125 0.179688
vt 0.335938 0.250000
vt 0.320312 0.250000
vt 0.320312 0.187500
vt 0.335938 0.187500
vt 0.320312 0.242188
vt 0.335938 0.242188
vt 0.335938 0.179688
vt 0.320312 0.179688
vt 0.328125 0.218750
vt 0.335938 0.218750
vt 0.335938 0.195312
vt 0.328125 0.195312
vt 0.335938 0.242188
vt 0.328125 0.242188
vt 0.328125 0.179688
vt 0.335938 0.179688
vt 0.328125 0.242188
vt 0.335938 0.242188
vt 0.335938 0.179688
vt 0.328125 0.179688
vt 0.335938 0.250000
vt 0.320312 0.250000
vt 0.320312 0.187500
vt 0.335938 0.187500
vt 0.320312 0.242188
vt 0.335938 0.242188
vt 0.335938 0.179688
vt 0.320312 0.179688
vt 0.328125 0.218750
vt 0.335938 0.218750
vt 0.335938 0.195312
vt 0.328125 0.195312
vt 0.335938 0.242188
vt 0.328125 0.242188
vt 0.328125 0.179688
vt 0.335938 0.179688
vt 0.328125 0.242188
vt 0.335938 0.242188
vt 0.335938 0.179688
vt 0.328125 0.179688
vt 0.335938 0.250000
vt 0.320312 0.250000
vt 0.320312 0.187500
vt 0.335938 0.187500
vt 0.320312 0.242188
vt 0.335938 0.242188
vt 0.335938 0.179688
vt 0.320312 0.179688
vt 0.328125 0.218750
vt 0.335938 0.218750
vt 0.335938 0.195312
vt 0.328125 0.195312
vt 0.335938 0.242188
vt 0.328125 0.242188
vt 0.328125 0.179688
vt 0.335938 0.179688
vt 0.328125 0.242188
vt 0.335938 0.242188
vt 0.335938 0.179688
vt 0.328125 0.179688
vt 0.335938 0.250000
vt 0.320312 0.250000
vt 0.320312 0.187500
vt 0.335938 0.187500
vt 0.320312 0.242188
vt 0.335938 0.242188
vt 0.335938 0.179688
vt 0.320312 0.179688
vt 0.328125 0.218750
vt 0.335938 0.218750
vt 0.335938 0.195312
vt 0.328125 0.195312
vt 0.335938 0.242188
vt 0.328125 0.242188
vt 0.328125 0.179688
vt 0.335938 0.179688
vt 0.328125 0.242188
vt 0.335938 0.242188
vt 0.335938 0.179688
vt 0.328125 0.179688
vt 0.382812 0.250000
vt 0.390625 0.250000
vt 0.390625 0.125000
vt 0.382812 0.125000
vt 0.382812 0.132812
vt 0.414062 0.132812
vt 0.414062 0.125000
vt 0.382812 0.125000
vt 0.382812 0.132812
vt 0.414062 0.132812
vt 0.414062 0.125000
vt 0.382812 0.125000
vt 0.414062 0.250000
vt 0.382812 0.250000
vt 0.382812 0.125000
vt 0.414062 0.125000
vt 0.382812 0.250000
vt 0.414062 0.250000
vt 0.414062 0.125000
vt 0.382812 0.125000
vt 0.351562 0.250000
vt 0.359375 0.250000
vt 0.359375 0.179688
vt 0.351562 0.179688
vt 0.382812 0.250000
vt 0.351562 0.250000
vt 0.351562 0.179688
vt 0.382812 0.179688
vt 0.351562 0.250000
vt 0.382812 0.250000
vt 0.382812 0.179688
vt 0.351562 0.179688
vt 0.351562 0.250000
vt 0.359375 0.250000
vt 0.359375 0.179688
vt 0.351562 0.179688
vt 0.382812 0.250000
vt 0.351562 0.250000
vt 0.351562 0.179688
vt 0.382812 0.179688
vt 0.351562 0.250000
vt 0.382812 0.250000
vt 0.382812 0.179688
vt 0.351562 0.179688
vt 0.992188 0.320312
vt 1.000000 0.320312
vt 1.000000 0.234375
vt 0.992188 0.234375
vt 0.992188 0.320312
vt 1.000000 0.320312
vt 1.000000 0.234375
vt 0.992188 0.234375
vt 0.929688 0.242188
vt 1.000000 0.242188
vt 1.000000 0.234375
vt 0.929688 0.234375
vt 0.929688 0.242188
vt 1.000000 0.242188
vt 1.000000 0.234375
vt 0.929688 0.234375
vt 1.000000 0.210938
vt 0.929688 0.210938
vt 0.929688 0.125000
vt 1.000000 0.125000
vt 0.781250 0.312500
vt 0.843750 0.312500
vt 0.843750 0.234375
vt 0.781250 0.234375
vt 0.781250 0.312500
vt 0.843750 0.312500
vt 0.843750 0.234375
vt 0.781250 0.234375
vt 0.921875 0.242188
vt 1.000000 0.242188
vt 1.000000 0.234375
vt 0.921875 0.234375
vt 0.921875 0.242188
vt 1.000000 0.242188
vt 1.000000 0.234375
vt 0.921875 0.234375
vt 0.992188 0.320312
vt 1.000000 0.320312
vt 1.000000 0.242188
vt 0.992188 0.242188
vt 0.992188 0.320312
vt 1.000000 0.320312
vt 1.000000 0.242188
vt 0.992188 0.242188
vt 0.906250 0.296875
vt 0.859375 0.296875
vt 0.859375 0.234375
vt 0.906250 0.234375
vt 0.859375 0.296875
vt 0.906250 0.296875
vt 0.906250 0.234375
vt 0.859375 0.234375
vt 0.921875 0.289062
vt 0.929688 0.289062
vt 0.929688 0.242188
vt 0.921875 0.242188
vt 0.921875 0.289062
vt 0.929688 0.289062
vt 0.929688 0.242188
vt 0.921875 0.242188
vt 0.914062 0.296875
vt 0.921875 0.296875
vt 0.921875 0.234375
vt 0.914062 0.234375
vt 0.914062 0.296875
vt 0.921875 0.296875
vt 0.921875 0.234375
vt 0.914062 0.234375
vt 0.992188 0.320312
vt 1.000000 0.320312
vt 1.000000 0.234375
vt 0.992188 0.234375
vt 0.992188 0.320312
vt 1.000000 0.320312
vt 1.000000 0.234375
vt 0.992188 0.234375
vt 0.921875 0.335938
vt 1.000000 0.335938
vt 1.000000 0.328125
vt 0.921875 0.328125
vt 0.921875 0.242188
vt 1.000000 0.242188
vt 1.000000 0.234375
vt 0.921875 0.234375
vt 1.000000 0.859375
vt 0.921875 0.859375
vt 0.921875 0.765625
vt 1.000000 0.765625
vt 0.921875 0.335938
vt 1.000000 0.335938
vt 1.000000 0.242188
vt 0.921875 0.242188
vt 0.937500 0.875000
vt 0.062500 0.875000
vt 0.062500 1.000000
vt 0.937500 1.000000
vt 0.062500 0.000000
vt 0.062500 1.000000
vt 0.937500 1.000000
vt 0.937500 0.000000
vt 0.687500 0.218750
vt 0.695312 0.218750
vt 0.695312 0.195312
vt 0.687500 0.195312
vt 0.570312 0.218750
vt 0.695312 0.218750
vt 0.695312 0.210938
vt 0.570312 0.210938
vt 0.570312 0.218750
vt 0.695312 0.218750
vt 0.695312 0.195312
vt 0.570312 0.195312
vt 0.570312 0.218750
vt 0.695312 0.218750
vt 0.695312 0.195312
vt 0.570312 0.195312
vt 0.687500 0.218750
vt 0.695312 0.218750
vt 0.695312 0.195312
vt 0.687500 0.195312
vt 0.570312 0.218750
vt 0.695312 0.218750
vt 0.695312 0.210938
vt 0.570312 0.210938
vt 0.570312 0.218750
vt 0.695312 0.218750
vt 0.695312 0.195312
vt 0.570312 0.195312
vt 0.570312 0.218750
vt 0.695312 0.218750
vt 0.695312 0.210938
vt 0.570312 0.210938
vt 0.570312 0.218750
vt 0.695312 0.218750
vt 0.695312 0.195312
vt 0.570312 0.195312
vt 0.570312 0.218750
vt 0.695312 0.218750
vt 0.695312 0.195312
vt 0.570312 0.195312
vt 0.578125 0.210938
vt 0.585938 0.210938
vt 0.585938 0.187500
vt 0.578125 0.187500
vt 0.062500 0.000000
vt 0.062500 1.000000
vt 0.937500 1.000000
vt 0.937500 0.000000
vt 0.062500 0.375000
vt 0.937500 0.375000
vt 0.937500 0.250000
vt 0.062500 0.250000
vt 0.570312 0.218750
vt 0.695312 0.218750
vt 0.695312 0.210938
vt 0.570312 0.210938
vt 0.570312 0.218750
vt 0.695312 0.218750
vt 0.695312 0.195312
vt 0.570312 0.195312
vt 0.570312 0.218750
vt 0.695312 0.218750
vt 0.695312 0.195312
vt 0.570312 0.195312
vt 0.578125 0.210938
vt 0.585938 0.210938
vt 0.585938 0.187500
vt 0.578125 0.187500
vt 0.570312 0.218750
vt 0.695312 0.218750
vt 0.695312 0.195312
vt 0.570312 0.195312
vt 0.734375 0.328125
vt 0.742188 0.328125
vt 0.742188 0.453125
vt 0.734375 0.453125
vt 0.742188 0.328125
vt 0.734375 0.328125
vt 0.734375 0.453125
vt 0.742188 0.453125
vt 0.742188 0.328125
vt 0.734375 0.328125
vt 0.734375 0.453125
vt 0.742188 0.453125
vt 0.734375 0.453125
vt 0.742188 0.453125
vt 0.742188 0.328125
vt 0.734375 0.328125
vt 0.742188 0.453125
vt 0.734375 0.453125
vt 0.734375 0.328125
vt 0.742188 0.328125
vt 0.742188 0.453125
vt 0.734375 0.453125
vt 0.734375 0.328125
vt 0.742188 0.328125
vt 0.742188 0.445312
vt 0.734375 0.445312
vt 0.734375 0.453125
vt 0.742188 0.453125
vt 0.734375 0.445312
vt 0.742188 0.445312
vt 0.742188 0.437500
vt 0.734375 0.437500
vt 0.734375 0.328125
vt 0.742188 0.328125
vt 0.742188 0.453125
vt 0.734375 0.453125
vt 0.742188 0.328125
vt 0.734375 0.328125
vt 0.734375 0.453125
vt 0.742188 0.453125
vt 0.742188 0.328125
vt 0.734375 0.328125
vt 0.734375 0.453125
vt 0.742188 0.453125
vt 0.734375 0.453125
vt 0.742188 0.453125
vt 0.742188 0.328125
vt 0.734375 0.328125
vt 0.742188 0.453125
vt 0.734375 0.453125
vt 0.734375 0.328125
vt 0.742188 0.328125
vt 0.742188 0.453125
vt 0.734375 0.453125
vt 0.734375 0.328125
vt 0.742188 0.328125
vt 0.742188 0.445312
vt 0.734375 0.445312
vt 0.734375 0.453125
vt 0.742188 0.453125
vt 0.734375 0.445312
vt 0.742188 0.445312
vt 0.742188 0.437500
vt 0.734375 0.437500
vt 0.335938 0.375000
vt 0.351562 0.375000
vt 0.351562 0.265625
vt 0.335938 0.265625
vt 0.351562 0.375000
vt 0.335938 0.375000
vt 0.335938 0.265625
vt 0.351562 0.265625
vt 0.351562 0.375000
vt 0.398438 0.375000
vt 0.390625 0.390625
vt 0.359375 0.390625
vt 0.203125 0.640625
vt 0.250000 0.640625
vt 0.250000 0.625000
vt 0.203125 0.625000
vt 0.351562 0.375000
vt 0.398438 0.375000
vt 0.398438 0.265625
vt 0.351562 0.265625
vt 0.335938 0.375000
vt 0.351562 0.375000
vt 0.351562 0.265625
vt 0.335938 0.265625
vt 0.351562 0.375000
vt 0.335938 0.375000
vt 0.335938 0.265625
vt 0.351562 0.265625
vt 0.351562 0.375000
vt 0.398438 0.375000
vt 0.390625 0.390625
vt 0.359375 0.390625
vt 0.203125 0.640625
vt 0.250000 0.640625
vt 0.250000 0.625000
vt 0.203125 0.625000
vt 0.351562 0.375000
vt 0.398438 0.375000
vt 0.398438 0.265625
vt 0.351562 0.265625
vt 0.335938 0.375000
vt 0.351562 0.375000
vt 0.351562 0.265625
vt 0.335938 0.265625
vt 0.351562 0.375000
vt 0.335938 0.375000
vt 0.335938 0.265625
vt 0.351562 0.265625
vt 0.351562 0.375000
vt 0.398438 0.375000
vt 0.390625 0.390625
vt 0.359375 0.390625
vt 0.203125 0.640625
vt 0.250000 0.640625
vt 0.250000 0.625000
vt 0.203125 0.625000
vt 0.351562 0.375000
vt 0.398438 0.375000
vt 0.398438 0.265625
vt 0.351562 0.265625
vt 0.468750 0.796875
vt 0.484375 0.796875
vt 0.484375 0.695312
vt 0.468750 0.695312
vt 0.468750 0.796875
vt 0.484375 0.796875
vt 0.484375 0.695312
vt 0.468750 0.695312
vt 0.406250 0.812500
vt 0.437500 0.812500
vt 0.437500 0.796875
vt 0.406250 0.796875
vt 0.406250 0.812500
vt 0.437500 0.812500
vt 0.437500 0.796875
vt 0.406250 0.796875
vt 0.390625 0.796875
vt 0.421875 0.796875
vt 0.421875 0.695312
vt 0.390625 0.695312
vt 0.468750 0.796875
vt 0.484375 0.796875
vt 0.484375 0.695312
vt 0.468750 0.695312
vt 0.468750 0.796875
vt 0.484375 0.796875
vt 0.484375 0.695312
vt 0.468750 0.695312
vt 0.406250 0.812500
vt 0.437500 0.812500
vt 0.437500 0.796875
vt 0.406250 0.796875
vt 0.406250 0.812500
vt 0.437500 0.812500
vt 0.437500 0.796875
vt 0.406250 0.796875
vt 0.390625 0.796875
vt 0.421875 0.796875
vt 0.421875 0.695312
vt 0.390625 0.695312
vt 0.468750 0.796875
vt 0.484375 0.796875
vt 0.484375 0.695312
vt 0.468750 0.695312
vt 0.468750 0.796875
vt 0.484375 0.796875
vt 0.484375 0.695312
vt 0.468750 0.695312
vt 0.406250 0.812500
vt 0.437500 0.812500
vt 0.437500 0.796875
vt 0.406250 0.796875
vt 0.406250 0.812500
vt 0.437500 0.812500
vt 0.437500 0.796875
vt 0.406250 0.796875
vt 0.390625 0.796875
vt 0.421875 0.796875
vt 0.421875 0.695312
vt 0.390625 0.695312
vt 0.695312 0.226562
vt 0.742188 0.226562
vt 0.742188 0.195312
vt 0.695312 0.195312
vt 0.695312 0.226562
vt 0.742188 0.226562
vt 0.742188 0.195312
vt 0.695312 0.195312
vt 0.601562 0.265625
vt 0.648438 0.265625
vt 0.648438 0.218750
vt 0.601562 0.218750
vt 0.695312 0.226562
vt 0.742188 0.226562
vt 0.742188 0.195312
vt 0.695312 0.195312
vt 0.695312 0.226562
vt 0.742188 0.226562
vt 0.742188 0.195312
vt 0.695312 0.195312
vt 0.312500 0.750000
vt 0.500000 0.750000
vt 0.500000 0.000000
vt 0.312500 0.000000
vt 0.312500 0.750000
vt 0.500000 0.750000
vt 0.500000 0.000000
vt 0.312500 0.000000
vt 0.312500 0.750000
vt 0.500000 0.750000
vt 0.500000 0.000000
vt 0.312500 0.000000
vt 0.312500 0.562500
vt 0.437500 0.562500
vt 0.437500 0.375000
vt 0.312500 0.375000
vt 0.312500 0.437500
vt 0.500000 0.500000
vt 0.500000 0.312500
vt 0.312500 0.312500
vt 0.500000 0.562500
vt 0.500000 0.375000
vt 0.312500 0.375000
vt 0.312500 0.562500
vt 0.500000 0.875000
vt 0.500000 0.375000
vt 0.312500 0.375000
vt 0.312500 0.875000
vt 0.500000 0.875000
vt 0.500000 0.375000
vt 0.312500 0.375000
vt 0.312500 0.875000
vt 0.312500 0.375000
vt 0.312500 0.875000
vt 0.500000 0.875000
vt 0.500000 0.375000
vt 0.312500 0.125000
vt 0.500000 0.125000
vt 0.500000 0.062500
vt 0.312500 0.062500
vt 0.312500 0.125000
vt 0.500000 0.125000
vt 0.500000 0.062500
vt 0.312500 0.062500
vt 0.312500 0.125000
vt 0.500000 0.125000
vt 0.500000 0.062500
vt 0.312500 0.062500
vt 0.312500 0.562500
vt 0.437500 0.562500
vt 0.437500 0.375000
vt 0.312500 0.375000
vt 0.312500 0.500000
vt 0.500000 0.500000
vt 0.500000 0.375000
vt 0.312500 0.312500
vt 0.500000 0.562500
vt 0.500000 0.375000
vt 0.312500 0.375000
vt 0.312500 0.562500
vt 0.515625 0.429688
vt 0.515625 0.453125
vt 0.507812 0.453125
vt 0.507812 0.429688
vt 0.539062 0.445312
vt 0.539062 0.453125
vt 0.476562 0.453125
vt 0.476562 0.445312
vt 0.539062 0.429688
vt 0.539062 0.453125
vt 0.476562 0.453125
vt 0.476562 0.429688
vt 0.539062 0.429688
vt 0.539062 0.453125
vt 0.476562 0.453125
vt 0.476562 0.429688
vt 0.515625 0.429688
vt 0.515625 0.453125
vt 0.507812 0.453125
vt 0.507812 0.429688
vt 0.539062 0.445312
vt 0.539062 0.453125
vt 0.476562 0.453125
vt 0.476562 0.445312
vt 0.539062 0.429688
vt 0.539062 0.453125
vt 0.476562 0.453125
vt 0.476562 0.429688
vt 0.539062 0.429688
vt 0.539062 0.453125
vt 0.476562 0.453125
vt 0.476562 0.429688
vt 0.062500 0.875000
vt 0.062500 1.000000
vt 0.937500 1.000000
vt 0.937500 0.875000
vt 0.937500 0.000000
vt 0.062500 0.000000
vt 0.062500 0.500000
vt 0.937500 0.500000
vt 0.031250 0.546875
vt 0.000000 0.546875
vt 0.000000 0.500000
vt 0.031250 0.500000
vt 0.000000 0.546875
vt 0.031250 0.546875
vt 0.031250 0.500000
vt 0.000000 0.500000
vt 0.031250 0.546875
vt 0.000000 0.546875
vt 0.000000 0.500000
vt 0.031250 0.500000
vt 0.000000 0.546875
vt 0.031250 0.546875
vt 0.031250 0.500000
vt 0.000000 0.500000
vt 0.031250 0.546875
vt 0.000000 0.546875
vt 0.000000 0.500000
vt 0.031250 0.500000
vt 0.000000 0.546875
vt 0.031250 0.546875
vt 0.031250 0.500000
vt 0.000000 0.500000
vt 0.031250 0.546875
vt 0.000000 0.546875
vt 0.000000 0.500000
vt 0.031250 0.500000
vt 0.000000 0.546875
vt 0.031250 0.546875
vt 0.031250 0.500000
vt 0.000000 0.500000
vt 0.750000 0.046875
vt 0.843750 0.046875
vt 0.843750 0.000000
vt 0.750000 0.000000
vt 0.750000 0.046875
vt 0.843750 0.046875
vt 0.843750 0.000000
vt 0.750000 0.000000
vt 0.843750 0.046875
vt 0.937500 0.046875
vt 0.937500 0.000000
vt 0.843750 0.000000
vt 0.632812 0.375000
vt 0.632812 0.359375
vt 0.578125 0.359375
vt 0.578125 0.375000
vt 0.578125 0.375000
vt 0.578125 0.359375
vt 0.632812 0.359375
vt 0.632812 0.375000
vt 0.578125 0.359375
vt 0.578125 0.375000
vt 0.632812 0.375000
vt 0.632812 0.359375
vt 0.578125 0.359375
vt 0.578125 0.375000
vt 0.632812 0.375000
vt 0.632812 0.359375
vn -1 0 0
vn 1 0 0
vn 0 0 1
vn 0 0 -1
vn -1 0 0
vn 1 0 0
vn 0 0 1
vn 0 0 -1
vn -1 0 0
vn 1 0 0
vn 0 0 1
vn 0 0 -1
vn -1 0 0
vn 1 0 0
vn 0 0 1
vn 0 0 -1
vn -1 0 0
vn 1 0 0
vn 0 0 -1
vn 0 0 1
vn -1 0 0
vn 1 0 0
vn 0 1 0
vn 0 -1 0
vn 0 0 1
vn 0 0 -1
vn -1 0 0
vn 1 0 0
vn 0 0 1
vn 0 0 -1
vn -1 0 0
vn 1 0 0
vn 0 0 1
vn 0 0 -1
vn -1 0 0
vn 1 0 0
vn 0 0 1
vn 0 0 -1
vn -1 0 0
vn 1 0 0
vn 0 0 1
vn 0 0 -1
vn -1 0 0
vn 1 0 0
vn 0 0 -1
vn 0 0 1
vn -1 0 0
vn 1 0 0
vn 0 1 0
vn 0 -1 0
vn 0 0 1
vn 0 0 -1
vn -1 0 0
vn 1 0 0
vn 0 0 1
vn 0 0 -1
vn -1 0 0
vn 1 0 0
vn 0 0 1
vn 0 0 -1
vn -1 0 0
vn 1 0 0
vn 0 0 1
vn 0 0 -1
vn -1 0 0
vn 1 0 0
vn 0 0 1
vn 0 0 -1
vn -1 0 0
vn 1 0 0
vn 0 0 -1
vn 0 0 1
vn -1 0 0
vn 1 0 0
vn 0 1 0
vn 0 -1 0
vn 0 0 1
vn 0 0 -1
vn -1 0 0
vn 1 0 0
vn 0 0 1
vn 0 0 -1
vn -1 0 0
vn 1 0 0
vn 0 0 1
vn 0 0 -1
vn -1 0 0
vn 1 0 0
vn 0 0 1
vn 0 0 -1
vn -1 0 0
vn 1 0 0
vn 0 0 1
vn 0 0 -1
vn -1 0 0
vn 1 0 0
vn 0 0 -1
vn 0 0 1
vn -1 0 0
vn 1 0 0
vn 0 1 0
vn 0 -1 0
vn 0 0 1
vn 0 0 -1
vn 0 1 0
vn 0 -1 0
vn 0 0 1
vn 0 0 -1
vn 0.24253562503633297 0 -0.9701425001453319
vn 0 1 0
vn 0 -1 0
vn 1 0 0
vn -1 0 0
vn 0 1 0
vn 0 -1 0
vn -0.9701425001453319 0 0.24253562503633297
vn 0 1 0
vn 0 -1 0
vn 0 0 1
vn -0.24253562503633297 0 0.9701425001453319
vn 0 1 0
vn 0 -1 0
vn -1 0 0
vn -1 0 0
vn 1 0 0
vn 0 1 0
vn 0 -1 0
vn 0 0 1
vn 0 0 -1
vn 0 0 1
vn 1 0 0
vn -1 0 0
vn 0 0 1
vn -1 0 0
vn 1 0 0
vn 0 -1 0
vn 0 1 0
vn 0 0 1
vn 1 0 0
vn -1 0 0
vn 0 0 1
vn -1 0 0
vn 1 0 0
vn 0 -1 0
vn 0 1 0
vn 0 0 1
vn -1 0 0
vn 1 0 0
vn 0 0 -1
vn 0 0 -1
vn 0 0 -1
vn 0 0 -1
vn 1 0 0
vn -1 0 0
vn 0 0 -1
vn -1 0 0
vn 1 0 0
vn 0 -1 0
vn 0 0 -1
vn -1 0 0
vn 1 0 0
vn 0 1 0
vn 0 0 -1
vn 1 0 0
vn -1 0 0
vn -1 0 0
vn 1 0 0
vn 0 0 -1
vn 0 1 0
vn -1 0 0
vn 1 0 0
vn 0 -1 0
vn 0 0 -1
vn 0 0 -1
vn 1 0 0
vn 1 0 0
vn -1 0 0
vn -1 0 0
vn -1 0 0
vn 1 0 0
vn 0 1 0
vn 0 -1 0
vn 0 0 -1
vn -1 0 0
vn 1 0 0
vn 0 1 0
vn 0 -1 0
vn 0 0 -1
vn 0 -1 0
vn -1 0 0
vn 1 0 0
vn 0 1 0
vn 0 0 1
vn 0 0 -1
vn 1 0 0
vn 0 1 0
vn 0 0 -1
vn 1 0 0
vn -1 0 0
vn 0 0 1
vn 0 0 -1
vn 1 0 0
vn -1 0 0
vn 0 0 1
vn 0 0 -1
vn 1 0 0
vn 0.24253562503633297 0.9701425001453319 0
vn 0 0 1
vn 0 0 -1
vn 0 0 1
vn 0 0 -1
vn 0 1 0
vn 0 -1 0
vn 0 0 1
vn 0 0 -1
vn 0 1 0
vn 0 -1 0
vn 1 0 0
vn -1 0 0
vn 1 0 0
vn 0 0 1
vn 0 0 -1
vn -1 0 0
vn 1 0 0
vn 0 0 1
vn 0 0 -1
vn -1 0 0
vn -0.24253562503633297 0.9701425001453319 0
vn 0 0 1
vn 0 0 -1
vn 0 0 1
vn 0 0 -1
vn 0 1 0
vn 0 -1 0
vn 0 0 1
vn 0 0 -1
vn 0 1 0
vn 0 -1 0
vn -1 0 0
vn -1 0 0
vn 1 0 0
vn 0 0 1
vn 0 0 -1
vn -1 0 0
vn 1 0 0
vn 0 0 1
vn 0 0 -1
vn 0 0 1
vn 0 0 -1
vn -1 0 0
vn 1 0 0
vn -1 0 0
vn 1 0 0
vn 0 1 0
vn 0 -1 0
vn 0 0 1
vn 0 0 -1
vn -1 0 0
vn 1 0 0
vn 0 1 0
vn 0 0 1
vn 0 0 -1
vn 0 -1 0
vn 0 0 -1
vn -1 0 0
vn 1 0 0
vn 0 -1 0
vn 0 -1 0
vn 0 0 -1
vn 0 0 -1
vn -1 0 0
vn 1 0 0
vn -1 0 0
vn 1 0 0
vn 0 1 0
vn 0 -1 0
vn 0 0 1
vn 0 0 -1
vn -1 0 0
vn 1 0 0
vn 0 0 -1
vn 0 -1 0
vn -1 0 0
vn 1 0 0
vn 0 0 -1
vn 0 1 0
vn 0 1 0
vn 0 -1 0
vn 0 0 1
vn 0 0 -1
vn 0 0 -1
vn 0 -1 0
vn 0 0 1
vn 0 1 0
vn 1 0 0
vn 0 -0.6 0.8
vn 0 0.6139406135149205 -0.7893522173763263
vn -1 0 0
vn -1 0 0
vn 1 0 0
vn 0 0 1
vn 0 0 -1
vn 0 0 1
vn 0 0 -1
vn -1 0 0
vn 1 0 0
vn -1 0 0
vn 1 0 0
vn 0 1 0
vn 0 -1 0
vn -1 0 0
vn 1 0 0
vn 0 0 1
vn 0 0 -1
vn -1 0 0
vn 1 0 0
vn 0 1 0
vn 0 -1 0
vn 0 0 1
vn 0 0 -1
vn 0 -1 0
vn 1 0 0
vn -1 0 0
vn -1 0 0
vn 1 0 0
vn 0 0 -1
vn 0 1 0
vn 0 -1 0
vn 0 0 1
vn 0 0 -1
vn 0 0 -1
vn 0 -1 0
vn 0 0 1
vn 0 1 0
vn -1 0 0
vn 0 -0.6 0.8
vn 0 0.6139406135149205 -0.7893522173763263
vn 1 0 0
vn 1 0 0
vn -1 0 0
vn 0 0 1
vn 0 0 -1
vn 0 0 1
vn 0 0 -1
vn 1 0 0
vn -1 0 0
vn 1 0 0
vn -1 0 0
vn 0 1 0
vn 0 -1 0
vn 1 0 0
vn -1 0 0
vn 0 0 1
vn 0 0 -1
vn 1 0 0
vn -1 0 0
vn 0 1 0
vn 0 -1 0
vn 0 0 1
vn 0 0 -1
vn 0 -1 0
vn -1 0 0
vn 1 0 0
vn 1 0 0
vn -1 0 0
vn 0 0 -1
vn 0 0 -1
vn 0 0 1
vn 0 1 0
vn 1 0 0
vn 0 0 -1
vn 0 1 0
vn -1 0 0
vn 0 1 0
vn 1 0 0
vn -1 0 0
vn 0 0 -1
vn -1 0 0
vn 1 0 0
vn -1 0 0
vn 0 0 1
vn 0 1 0
vn 0 0 1
vn 0 1 0
vn 0 0 -1
vn 0 1 0
vn 0 0 1
vn 0 0 -1
vn 0 1 0
vn 0 0 1
vn 0 0 -1
vn 0 1 0
vn 0 1 0
vn 1 0 0
vn 0 0 1
vn -1 0 0
vn 1 0 0
vn 0 0 1
vn 0 0 -1
vn -1 0 0
vn 1 0 0
vn 0 0 1
vn 0 0 -1
vn -1 0 0
vn 1 0 0
vn 0 0 1
vn 0 0 -1
vn -1 0 0
vn 0 0 -1
vn 0 1 0
vn 0 -1 0
vn 1 0 0
vn 0 0 -1
vn 0 1 0
vn 0 -1 0
vn -1 0 0
vn 0 0 1
vn 0 1 0
vn 0 -1 0
vn 0 1 0
vn 0 -1 0
vn 0 0 1
vn 0 0 -1
vn 0 1 0
vn 0 0 1
vn 0 -1 0
vn 0 0 -1
vn 1 0 0
vn 0 0 1
vn 0 1 0
vn 0 -1 0
vn -1 0 0
vn 1 0 0
vn 0 0 -1
vn 0 1 0
vn 0 -1 0
vn -1 0 0
vn 1 0 0
vn 0 0 -1
vn 0 1 0
vn 0 -1 0
vn 0 1 0
vn 1 0 0
vn 0 -1 0
vn -1 0 0
vn -1 0 0
vn 0 1 0
vn 1 0 0
vn 0 -1 0
vn 0 0 1
vn 0 0 -1
vn 0 -1 0
vn 1 0 0
vn 1 0 0
vn 0 1 0
vn 0 -1 0
vn 1 0 0
vn 0 -1 0
vn 0 1 0
vn 0 0 1
vn 0 0 -1
vn 0 -1 0
vn -1 0 0
vn -1 0 0
vn 0 0 1
vn 0 1 0
vn 0 -1 0
vn -1 0 0
vn 0 -1 0
vn 0 1 0
vn 0 1 0
vn 0 1 0
vn 0 1 0
vn 0 -1 0
vn 0 -1 0
vn 0 1 0
vn 0 1 0
vn 0 0 1
vn 0 -1 0
vn 0 -1 0
vn 0 1 0
vn 0 1 0
vn 0 0 1
vn 0 0 1
vn 0 0 1
vn -1 0 0
vn -1 0 0
vn 0 1 0
vn 0 1 0
vn 0 0 1
vn 0 -1 0
vn 0 -1 0
vn 0 0 1
vn 0 1 0
vn 0 1 0
vn 0 0 1
vn 0 -1 0
vn 0 -1 0
vn 0 0 1
vn 1 0 0
vn 1 0 0
vn 0 0 1
vn 0 -1 0
vn 0 -1 0
vn 0 0 1
vn 0 1 0
vn 0 1 0
vn 0 0 1
vn 0 1 0
vn 0 1 0
vn 0 0 1
vn 0 -1 0
vn 0 -1 0
vn 0 0 1
vn 0 -1 0
vn 0 -1 0
vn 0 1 0
vn 0 1 0
vn 0 0 1
vn 0 0 1
vn 0 -1 0
vn 0 -1 0
vn 0 1 0
vn 0 1 0
vn -1 0 0
vn 1 0 0
vn 0 1 0
vn 0 -1 0
vn 0 0 1
vn -1 0 0
vn 1 0 0
vn 0 1 0
vn 0 -1 0
vn 0 0 1
vn -1 0 0
vn 1 0 0
vn 0 0 1
vn 0 0 -1
vn -1 0 0
vn 1 0 0
vn 0 0 1
vn 0 0 -1
vn -1 0 0
vn 1 0 0
vn 0 0 1
vn 0 0 -1
vn -1 0 0
vn 1 0 0
vn 0 0 1
vn 0 0 -1
vn -1 0 0
vn 1 0 0
vn 0 1 0
vn 0 -1 0
vn 0 0 1
vn -1 0 0
vn 1 0 0
vn 0 1 0
vn 0 -1 0
vn 0 0 1
vn -1 0 0
vn 1 0 0
vn 0 -1 0
vn 0 0 1
vn 0 0 -1
vn -1 0 0
vn 1 0 0
vn 0 -1 0
vn 0 0 1
vn 0 0 -1
vn -1 0 0
vn 1 0 0
vn 0 -1 0
vn 0 0 1
vn 0 0 -1
vn -1 0 0
vn 1 0 0
vn 0 -1 0
vn 0 0 1
vn 0 0 -1
vn -1 0 0
vn 1 0 0
vn 0 -1 0
vn 0 0 1
vn 0 0 -1
vn -1 0 0
vn 0 0 -1
vn 0 0 1
vn 0 1 0
vn 0 -1 0
vn -1 0 0
vn 0 0 1
vn 0 0 -1
vn -1 0 0
vn 0 0 1
vn 0 0 -1
vn 0 0 1
vn 0 0 -1
vn 0 1 0
vn 1 0 0
vn -1 0 0
vn 0 0 1
vn 0 0 -1
vn 0 1 0
vn 0 -1 0
vn 1 0 0
vn -1 0 0
vn 1 0 0
vn -1 0 0
vn 0 -1 0
vn 0 0 1
vn 0 0 -1
vn 1 0 0
vn -1 0 0
vn 0 -1 0
vn 0 0 1
vn 0 0 -1
vn 1 0 0
vn -1 0 0
vn 0 -1 0
vn 0 0 1
vn 0 0 -1
vn 1 0 0
vn -1 0 0
vn 0 -1 0
vn 0 0 1
vn 0 0 -1
vn 1 0 0
vn -1 0 0
vn 0 -1 0
vn 0 0 1
vn 0 0 -1
vn 1 0 0
vn 0 0 -1
vn 0 0 1
vn 0 1 0
vn 0 -1 0
vn 1 0 0
vn 0 0 1
vn 0 0 -1
vn 1 0 0
vn 0 0 1
vn 0 0 -1
vn -1 0 0
vn 0 1 0
vn 0 0 1
vn 0 0 -1
vn -1 0 0
vn 0 1 0
vn 0 0 1
vn 0 0 -1
vn -1 0 0
vn 0 1 0
vn -0.9285149124247958 -0.008701967182274402 0.3711931211269039
vn 0.9285120416949145 0.008707275669976545 -0.3712001775025819
vn 0.2058448170933107 0.8199561371305839 0.5341346688408389
vn -0.2058517944058104 -0.8199573866805151 -0.5341300616591133
vn 0.30901773872596533 -0.572360200880287 0.7595471266491427
vn -0.3090206531709903 0.5723599940313471 -0.7595460967882139
vn -0.9510559656291495 0 0.309018689145505
vn 0.9510589045234314 0 -0.30900964406744763
vn 0 1 0
vn 0.30901715119826645 0 0.9510564653401541
vn -0.3090168573056278 0 -0.9510565608316643
vn 0 1 0
vn -0.951056709632445 0 0.30901639934331554
vn 0.9510563422665871 0 -0.3090175299792885
vn 0 1 0
vn -0.9510568289962082 0 0.3090160319784025
vn 0.9510563422665871 0 -0.3090175299792882
vn -0.9510559656291498 0 0.30901868914550396
vn 0.9510559656291495 0 -0.309018689145505
vn 0 1 0
vn 0.3090168573056278 0 0.9510565608316643
vn -0.30901685730562745 0 -0.9510565608316645
vn -0.9510569576338814 0 0.3090156360707101
vn 0.9510554881650193 0 -0.3090201586162256
vn 0 1 0
vn 0 -1 0
vn 0.3090168573056276 0 0.9510565608316646
vn -0.30901715119826645 0 -0.9510564653401541
vn -0.9285148487506848 -0.008701713547057949 0.37119328634936033
vn 0.9285108946048455 0.008709400281563182 -0.3712029969529411
vn 0.20583985754021444 0.8199560906300735 0.5341366515101458
vn -0.20585344495680308 -0.8199543295155239 -0.5341341186520143
vn 0.3090177387259608 -0.572360200880287 0.7595471266491446
vn -0.30901360065008876 0.5723600601599182 -0.7595489162305497
vn 0 1 0
vn -0.9510566269653371 0 0.3090166537669382
vn 0.9510563820548312 0 -0.30901740752387225
vn 0 1 0
vn 0.30901716261331497 0 0.9510564616311779
vn -0.3090175299792893 0 -0.9510563422665868
vn 1 0 0
vn -1 0 0
vn 0 -1 0
vn 0 0 1
vn 0 0 -1
vn 1 0 0
vn -1 0 0
vn 0 -1 0
vn 0 0 1
vn 0 0 -1
vn 1 0 0
vn -1 0 0
vn 0 -1 0
vn 0 0 1
vn 0 0 -1
vn 1 0 0
vn -1 0 0
vn 0 -1 0
vn 0 0 1
vn 0 0 -1
vn 1 0 0
vn -1 0 0
vn 0 -1 0
vn 0 0 1
vn 0 0 -1
vn 1 0 0
vn 0 0 -1
vn 0 0 1
vn 0 1 0
vn 0 -1 0
vn 1 0 0
vn 0 0 1
vn 0 0 -1
vn 1 0 0
vn 0 0 1
vn 0 0 -1
vn 0 0 1
vn 0 0 -1
vn 0 1 0
vn -1 0 0
vn 1 0 0
vn 0 0 1
vn 0 0 -1
vn 0 1 0
vn 0 -1 0
vn -1 0 0
vn 1 0 0
vn -1 0 0
vn 1 0 0
vn 0 -1 0
vn 0 0 1
vn 0 0 -1
vn -1 0 0
vn 1 0 0
vn 0 -1 0
vn 0 0 1
vn 0 0 -1
vn -1 0 0
vn 1 0 0
vn 0 -1 0
vn 0 0 1
vn 0 0 -1
vn -1 0 0
vn 1 0 0
vn 0 -1 0
vn 0 0 1
vn 0 0 -1
vn -1 0 0
vn 1 0 0
vn 0 -1 0
vn 0 0 1
vn 0 0 -1
vn -1 0 0
vn 0 0 -1
vn 0 0 1
vn 0 1 0
vn 0 -1 0
vn -1 0 0
vn 0 0 1
vn 0 0 -1
vn -1 0 0
vn 0 0 1
vn 0 0 -1
vn -0.9975640579442738 -0.06971386886439795 -0.002434499067798876
vn 0.9975640579442738 0.06971386886439832 0.0024344990677988717
vn -0.0697569074891666 0.9969563123652998 0.034815012459149475
vn 0.06975690748916737 -0.9969563123652998 -0.03481501245914946
vn -4.1814123905145955e-8 0.0348995559428314 -0.9993908249503753
vn -1 0 0
vn 1 0 0
vn 0 0.9961946468479829 0.08715632846456238
vn 0 -0.9961946563432557 -0.08715621993376532
vn 0 -0.08715497942924832 0.9961947648731585
vn 0 0.08715597183289428 -0.9961946780493579
vn -1 0 0
vn 1 0 0
vn 0 0.9993908104875381 -0.034899970101160326
vn 0 -0.9993908084575217 0.03490002823238966
vn 0 0.034898736156928255 0.9993908535776428
vn 0 -0.0348999846339495 -0.9993908099800349
vn 0 -0.05233585290778214 -0.9986295401701349
vn 0 0.05233585290778208 0.9986295401701349
vn 0 0.9986295310029196 -0.05233602782872305
vn 0 -0.9986295310029196 0.052336027828721626
vn -1 0 0
vn 1 0 0
vn -1 0 0
vn 0 1 0
vn -1 0 0
vn 0 1 0
vn 0 0 1
vn 0 0 -1
vn -1 0 0
vn 0 1 0
vn 0 0 1
vn 0 1 0
vn 0 0 1
vn 0 0 -1
vn 1 0 0
vn 0 1 0
vn 1 0 0
vn 0 1 0
vn 0 0 1
vn 0 0 -1
vn 1 0 0
vn 0 0 -1
vn 0 -1 0
vn 0 0 1
vn 0 0 -1
vn 0 -1 0
vn 0 0 1
vn 0 0 -1
vn -1 0 0
vn 1 0 0
vn 0 -1 0
vn 0 0 1
vn 0 0 -1
vn 0 -1 0
vn 0 0 1
vn 0 0 -1
vn -1 0 0
vn 1 0 0
vn -0.8944271909999161 0.44721359549995804 0
vn 0.8944271909999161 0.44721359549995804 0
vn 0 0 -1
vn 0 0 1
vn 0 -1 0
vn -0.8944271909999161 0.44721359549995804 0
vn 0.8944271909999161 0.44721359549995804 0
vn 0 0 -1
vn 0 0 1
vn 0 -1 0
vn -0.8944271909999161 0.44721359549995804 0
vn 0.8944271909999161 0.44721359549995804 0
vn 0 0 -1
vn 0 0 1
vn 0 -1 0
vn -1 0 0
vn 1 0 0
vn 0 0 -1
vn 0 0 1
vn 0 -1 0
vn -1 0 0
vn 1 0 0
vn 0 0 -1
vn 0 0 1
vn 0 -1 0
vn -1 0 0
vn 1 0 0
vn 0 0 -1
vn 0 0 1
vn 0 -1 0
vn -1 0 0
vn 1 0 0
vn 0 1 0
vn 0 0 1
vn 0 0 -1
vn -1 0 0
vn 1 0 0
vn 0 1 0
vn 1 0 0
vn 0 1 0
vn 0.316227766016838 0 -0.948683298050514
vn 0 1 0
vn 0 0 1
vn 0 0 -1
vn -1 0 0
vn 1 0 0
vn 0 1 0
vn -1 0 0
vn 0 1 0
vn -0.316227766016838 0 0.948683298050514
vn 1 0 0
vn 0 1 0
vn 0 0 1
vn 0 0 -1
vn 1 0 0
vn 0 1 0
vn 0 0 1
vn 0 0 -1
vn 1 0 0
vn 0 1 0
vn -1 0 0
vn 0 -1 0
vn 1 0 0
vn 0 1 0
vn -1 0 0
vn 0 -1 0
vn 1 0 0
vn 0 1 0
vn 0 1 0
vn 0 1 0
vn 0 1 0
vn -1 0 0
vn 1 0 0
vn 0 0 1
vn 0 0 -1
usemtl chemical_painter
f 2/1/1 3/2/1 5/3/1
f 2/1/1 5/3/1 4/4/1
f 7/5/2 6/6/2 8/7/2
f 7/5/2 8/7/2 9/8/2
f 6/9/3 2/10/3 4/11/3
f 6/9/3 4/11/3 8/12/3
f 3/13/4 7/14/4 9/15/4
f 3/13/4 9/15/4 5/16/4
f 10/17/5 11/18/5 13/19/5
f 10/17/5 13/19/5 12/20/5
f 15/21/6 14/22/6 16/23/6
f 15/21/6 16/23/6 17/24/6
f 14/25/7 10/26/7 12/27/7
f 14/25/7 12/27/7 16/28/7
f 11/29/8 15/30/8 17/31/8
f 11/29/8 17/31/8 13/32/8
f 18/33/9 19/34/9 21/35/9
f 18/33/9 21/35/9 20/36/9
f 23/37/10 22/38/10 24/39/10
f 23/37/10 24/39/10 25/40/10
f 22/41/11 18/42/11 20/43/11
f 22/41/11 20/43/11 24/44/11
f 19/45/12 23/46/12 25/47/12
f 19/45/12 25/47/12 21/48/12
f 26/49/13 27/50/13 29/51/13
f 26/49/13 29/51/13 28/52/13
f 31/53/14 30/54/14 32/55/14
f 31/53/14 32/55/14 33/56/14
f 30/57/15 26/58/15 28/59/15
f 30/57/15 28/59/15 32/60/15
f 27/61/16 31/62/16 33/63/16
f 27/61/16 33/63/16 29/64/16
f 22/65/17 24/66/17 33/67/17
f 22/65/17 33/67/17 31/68/17
f 4/69/18 2/70/18 11/71/18
f 4/69/18 11/71/18 13/72/18
f 4/73/19 24/74/19 22/75/19
f 4/73/19 22/75/19 2/76/19
f 11/77/20 31/78/20 33/79/20
f 11/77/20 33/79/20 13/80/20
f 34/81/21 35/82/21 37/83/21
f 34/81/21 37/83/21 36/84/21
f 39/85/22 38/86/22 40/87/22
f 39/85/22 40/87/22 41/88/22
f 39/89/23 35/90/23 34/91/23
f 39/89/23 34/91/23 38/92/23
f 40/93/24 36/94/24 37/95/24
f 40/93/24 37/95/24 41/96/24
f 38/97/25 34/98/25 36/99/25
f 38/97/25 36/99/25 40/100/25
f 35/101/26 39/102/26 41/103/26
f 35/101/26 41/103/26 37/104/26
f 42/105/27 43/106/27 45/107/27
f 42/105/27 45/107/27 44/108/27
f 47/109/28 46/110/28 48/111/28
f 47/109/28 48/111/28 49/112/28
f 46/113/29 42/114/29 44/115/29
f 46/113/29 44/115/29 48/116/29
f 43/117/30 47/118/30 49/119/30
f 43/117/30 49/119/30 45/120/30
f 50/121/31 51/122/31 53/123/31
f 50/121/31 53/123/31 52/124/31
f 55/125/32 54/126/32 56/127/32
f 55/125/32 56/127/32 57/128/32
f 54/129/33 50/130/33 52/131/33
f 54/129/33 52/131/33 56/132/33
f 51/133/34 55/134/34 57/135/34
f 51/133/34 57/135/34 53/136/34
f 58/137/35 59/138/35 61/139/35
f 58/137/35 61/139/35 60/140/35
f 63/141/36 62/142/36 64/143/36
f 63/141/36 64/143/36 65/144/36
f 62/145/37 58/146/37 60/147/37
f 62/145/37 60/147/37 64/148/37
f 59/149/38 63/150/38 65/151/38
f 59/149/38 65/151/38 61/152/38
f 66/153/39 67/154/39 69/155/39
f 66/153/39 69/155/39 68/156/39
f 71/157/40 70/158/40 72/159/40
f 71/157/40 72/159/40 73/160/40
f 70/161/41 66/162/41 68/163/41
f 70/161/41 68/163/41 72/164/41
f 67/165/42 71/166/42 73/167/42
f 67/165/42 73/167/42 69/168/42
f 62/169/43 64/170/43 73/171/43
f 62/169/43 73/171/43 71/172/43
f 44/173/44 42/174/44 51/175/44
f 44/173/44 51/175/44 53/176/44
f 44/177/45 64/178/45 62/179/45
f 44/177/45 62/179/45 42/180/45
f 51/181/46 71/182/46 73/183/46
f 51/181/46 73/183/46 53/184/46
f 74/185/47 75/186/47 77/187/47
f 74/185/47 77/187/47 76/188/47
f 79/189/48 78/190/48 80/191/48
f 79/189/48 80/191/48 81/192/48
f 79/193/49 75/194/49 74/195/49
f 79/193/49 74/195/49 78/196/49
f 80/197/50 76/198/50 77/199/50
f 80/197/50 77/199/50 81/200/50
f 78/201/51 74/202/51 76/203/51
f 78/201/51 76/203/51 80/204/51
f 75/205/52 79/206/52 81/207/52
f 75/205/52 81/207/52 77/208/52
f 82/209/53 83/210/53 85/211/53
f 82/209/53 85/211/53 84/212/53
f 87/213/54 86/214/54 88/215/54
f 87/213/54 88/215/54 89/216/54
f 86/217/55 82/218/55 84/219/55
f 86/217/55 84/219/55 88/220/55
f 83/221/56 87/222/56 89/223/56
f 83/221/56 89/223/56 85/224/56
f 90/225/57 91/226/57 93/227/57
f 90/225/57 93/227/57 92/228/57
f 95/229/58 94/230/58 96/231/58
f 95/229/58 96/231/58 97/232/58
f 94/233/59 90/234/59 92/235/59
f 94/233/59 92/235/59 96/236/59
f 91/237/60 95/238/60 97/239/60
f 91/237/60 97/239/60 93/240/60
f 98/241/61 99/242/61 101/243/61
f 98/241/61 101/243/61 100/244/61
f 103/245/62 102/246/62 104/247/62
f 103/245/62 104/247/62 105/248/62
f 102/249/63 98/250/63 100/251/63
f 102/249/63 100/251/63 104/252/63
f 99/253/64 103/254/64 105/255/64
f 99/253/64 105/255/64 101/256/64
f 106/257/65 107/258/65 109/259/65
f 106/257/65 109/259/65 108/260/65
f 111/261/66 110/262/66 112/263/66
f 111/261/66 112/263/66 113/264/66
f 110/265/67 106/266/67 108/267/67
f 110/265/67 108/267/67 112/268/67
f 107/269/68 111/270/68 113/271/68
f 107/269/68 113/271/68 109/272/68
f 102/273/69 104/274/69 113/275/69
f 102/273/69 113/275/69 111/276/69
f 84/277/70 82/278/70 91/279/70
f 84/277/70 91/279/70 93/280/70
f 84/281/71 104/282/71 102/283/71
f 84/281/71 102/283/71 82/284/71
f 91/285/72 111/286/72 113/287/72
f 91/285/72 113/287/72 93/288/72
f 114/289/73 115/290/73 117/291/73
f 114/289/73 117/291/73 116/292/73
f 119/293/74 118/294/74 120/295/74
f 119/293/74 120/295/74 121/296/74
f 119/297/75 115/298/75 114/299/75
f 119/297/75 114/299/75 118/300/75
f 120/301/76 116/302/76 117/303/76
f 120/301/76 117/303/76 121/304/76
f 118/305/77 114/306/77 116/307/77
f 118/305/77 116/307/77 120/308/77
f 115/309/78 119/310/78 121/311/78
f 115/309/78 121/311/78 117/312/78
f 122/313/79 123/314/79 125/315/79
f 122/313/79 125/315/79 124/316/79
f 127/317/80 126/318/80 128/319/80
f 127/317/80 128/319/80 129/320/80
f 126/321/81 122/322/81 124/323/81
f 126/321/81 124/323/81 128/324/81
f 123/325/82 127/326/82 129/327/82
f 123/325/82 129/327/82 125/328/82
f 130/329/83 131/330/83 133/331/83
f 130/329/83 133/331/83 132/332/83
f 135/333/84 134/334/84 136/335/84
f 135/333/84 136/335/84 137/336/84
f 134/337/85 130/338/85 132/339/85
f 134/337/85 132/339/85 136/340/85
f 131/341/86 135/342/86 137/343/86
f 131/341/86 137/343/86 133/344/86
f 138/345/87 139/346/87 141/347/87
f 138/345/87 141/347/87 140/348/87
f 143/349/88 142/350/88 144/351/88
f 143/349/88 144/351/88 145/352/88
f 142/353/89 138/354/89 140/355/89
f 142/353/89 140/355/89 144/356/89
f 139/357/90 143/358/90 145/359/90
f 139/357/90 145/359/90 141/360/90
f 146/361/91 147/362/91 149/363/91
f 146/361/91 149/363/91 148/364/91
f 151/365/92 150/366/92 152/367/92
f 151/365/92 152/367/92 153/368/92
f 150/369/93 146/370/93 148/371/93
f 150/369/93 148/371/93 152/372/93
f 147/373/94 151/374/94 153/375/94
f 147/373/94 153/375/94 149/376/94
f 142/377/95 144/378/95 153/379/95
f 142/377/95 153/379/95 151/380/95
f 124/381/96 122/382/96 131/383/96
f 124/381/96 131/383/96 133/384/96
f 124/385/97 144/386/97 142/387/97
f 124/385/97 142/387/97 122/388/97
f 131/389/98 151/390/98 153/391/98
f 131/389/98 153/391/98 133/392/98
f 154/393/99 155/394/99 157/395/99
f 154/393/99 157/395/99 156/396/99
f 159/397/100 158/398/100 160/399/100
f 159/397/100 160/399/100 161/400/100
f 159/401/101 155/402/101 154/403/101
f 159/401/101 154/403/101 158/404/101
f 160/405/102 156/406/102 157/407/102
f 160/405/102 157/407/102 161/408/102
f 158/409/103 154/410/103 156/411/103
f 158/409/103 156/411/103 160/412/103
f 155/413/104 159/414/104 161/415/104
f 155/413/104 161/415/104 157/416/104
usemtl common_copper_cable
f 167/417/105 163/418/105 162/419/105
f 167/417/105 162/419/105 166/420/105
f 168/421/106 164/422/106 165/423/106
f 168/421/106 165/423/106 169/424/106
f 166/425/107 162/426/107 164/427/107
f 166/425/107 164/427/107 168/428/107
f 163/429/108 167/430/108 169/431/108
f 163/429/108 169/431/108 165/432/108
f 169/433/109 167/434/109 170/435/109
f 169/433/109 170/435/109 171/436/109
f 170/437/110 167/438/110 166/439/110
f 170/437/110 166/439/110 172/440/110
f 169/441/111 171/442/111 173/443/111
f 169/441/111 173/443/111 168/444/111
f 171/445/112 170/446/112 172/447/112
f 171/445/112 172/447/112 173/448/112
f 174/449/113 166/450/113 168/451/113
f 174/449/113 168/451/113 175/452/113
f 172/453/114 166/454/114 174/455/114
f 172/453/114 174/455/114 176/456/114
f 177/457/115 175/458/115 168/459/115
f 177/457/115 168/459/115 173/460/115
f 178/461/116 174/462/116 175/463/116
f 178/461/116 175/463/116 179/464/116
f 176/465/117 174/466/117 178/467/117
f 176/465/117 178/467/117 180/468/117
f 181/469/118 179/470/118 175/471/118
f 181/469/118 175/471/118 177/472/118
f 180/473/119 178/474/119 179/475/119
f 180/473/119 179/475/119 181/476/119
f 164/477/120 162/478/120 182/479/120
f 164/477/120 182/479/120 183/480/120
f 182/481/121 162/482/121 163/483/121
f 182/481/121 163/483/121 184/484/121
f 164/485/122 183/486/122 185/487/122
f 164/485/122 185/487/122 165/488/122
f 183/489/123 182/490/123 184/491/123
f 183/489/123 184/491/123 185/492/123
usemtl chemical_painter
f 186/493/124 187/494/124 189/495/124
f 186/493/124 189/495/124 188/496/124
f 191/497/125 190/498/125 192/499/125
f 191/497/125 192/499/125 193/500/125
f 191/501/126 187/502/126 186/503/126
f 191/501/126 186/503/126 190/504/126
f 192/505/127 188/506/127 189/507/127
f 192/505/127 189/507/127 193/508/127
f 190/509/128 186/510/128 188/511/128
f 190/509/128 188/511/128 192/512/128
f 187/513/129 191/514/129 193/515/129
f 187/513/129 193/515/129 189/516/129
f 194/517/130 195/518/130 197/519/130
f 194/517/130 197/519/130 196/520/130
f 198/521/131 194/522/131 196/523/131
f 198/521/131 196/523/131 200/524/131
f 195/525/132 199/526/132 201/527/132
f 195/525/132 201/527/132 197/528/132
f 205/529/133 195/530/133 206/531/133
f 205/529/133 206/531/133 207/532/133
f 205/533/134 202/534/134 199/535/134
f 205/533/134 199/535/134 195/536/134
f 206/537/135 203/538/135 204/539/135
f 206/537/135 204/539/135 207/540/135
f 195/541/136 199/542/136 203/543/136
f 195/541/136 203/543/136 206/544/136
f 202/545/137 205/546/137 207/547/137
f 202/545/137 207/547/137 204/548/137
f 206/549/138 208/550/138 210/551/138
f 206/549/138 210/551/138 209/552/138
f 203/553/139 206/554/139 209/555/139
f 203/553/139 209/555/139 212/556/139
f 208/557/140 211/558/140 213/559/140
f 208/557/140 213/559/140 210/560/140
f 197/561/141 216/562/141 217/563/141
f 197/561/141 217/563/141 209/564/141
f 197/565/142 201/566/142 214/567/142
f 197/565/142 214/567/142 216/568/142
f 217/569/143 215/570/143 212/571/143
f 217/569/143 212/571/143 209/572/143
f 216/573/144 214/574/144 215/575/144
f 216/573/144 215/575/144 217/576/144
f 201/577/145 197/578/145 209/579/145
f 201/577/145 209/579/145 212/580/145
f 220/581/146 218/582/146 219/583/146
f 220/581/146 219/583/146 221/584/146
f 223/585/147 224/586/147 226/587/147
f 223/585/147 226/587/147 225/588/147
f 228/589/148 227/590/148 229/591/148
f 228/589/148 229/591/148 230/592/148
f 224/593/149 228/594/149 230/595/149
f 224/593/149 230/595/149 226/596/149
f 235/597/150 236/598/150 231/599/150
f 235/597/150 231/599/150 233/600/150
f 236/601/151 235/602/151 234/603/151
f 236/601/151 234/603/151 232/604/151
f 242/605/152 241/606/152 243/607/152
f 242/605/152 243/607/152 244/608/152
f 241/609/153 237/610/153 239/611/153
f 241/609/153 239/611/153 243/612/153
f 238/613/154 242/614/154 244/615/154
f 238/613/154 244/615/154 240/616/154
f 245/617/155 246/618/155 247/619/155
f 245/617/155 247/619/155 241/620/155
f 231/621/156 246/622/156 245/623/156
f 231/621/156 245/623/156 248/624/156
f 237/625/157 241/626/157 247/627/157
f 237/625/157 247/627/157 233/628/157
f 248/629/158 245/630/158 241/631/158
f 248/629/158 241/631/158 237/632/158
f 249/633/159 250/634/159 243/635/159
f 249/633/159 243/635/159 251/636/159
f 252/637/160 250/638/160 249/639/160
f 252/637/160 249/639/160 232/640/160
f 234/641/161 251/642/161 243/643/161
f 234/641/161 243/643/161 239/644/161
f 250/645/162 252/646/162 239/647/162
f 250/645/162 239/647/162 243/648/162
f 245/649/163 255/650/163 256/651/163
f 245/649/163 256/651/163 250/652/163
f 255/653/164 253/654/164 254/655/164
f 255/653/164 254/655/164 256/656/164
f 248/657/165 245/658/165 250/659/165
f 248/657/165 250/659/165 252/660/165
f 257/661/166 258/662/166 260/663/166
f 257/661/166 260/663/166 259/664/166
f 262/665/167 261/666/167 263/667/167
f 262/665/167 263/667/167 264/668/167
f 262/669/168 258/670/168 257/671/168
f 262/669/168 257/671/168 261/672/168
f 261/673/169 257/674/169 259/675/169
f 261/673/169 259/675/169 263/676/169
f 225/677/170 226/678/170 265/679/170
f 225/677/170 265/679/170 259/680/170
f 230/681/171 229/682/171 263/683/171
f 230/681/171 263/683/171 266/684/171
f 263/685/172 259/686/172 265/687/172
f 263/685/172 265/687/172 266/688/172
f 226/689/173 230/690/173 266/691/173
f 226/689/173 266/691/173 265/692/173
f 244/693/174 256/694/174 255/695/174
f 244/693/174 255/695/174 242/696/174
f 269/697/175 235/698/175 233/699/175
f 269/697/175 233/699/175 267/700/175
f 235/701/176 269/702/176 268/703/176
f 235/701/176 268/703/176 234/704/176
f 231/705/177 236/706/177 272/707/177
f 231/705/177 272/707/177 270/708/177
f 271/709/178 272/710/178 236/711/178
f 271/709/178 236/711/178 232/712/178
f 273/713/179 274/714/179 276/715/179
f 273/713/179 276/715/179 275/716/179
f 278/717/180 277/718/180 279/719/180
f 278/717/180 279/719/180 280/720/180
f 278/721/181 274/722/181 273/723/181
f 278/721/181 273/723/181 277/724/181
f 279/725/182 275/726/182 276/727/182
f 279/725/182 276/727/182 280/728/182
f 274/729/183 278/730/183 280/731/183
f 274/729/183 280/731/183 276/732/183
f 281/733/184 282/734/184 284/735/184
f 281/733/184 284/735/184 283/736/184
f 286/737/185 285/738/185 287/739/185
f 286/737/185 287/739/185 288/740/185
f 286/741/186 282/742/186 281/743/186
f 286/741/186 281/743/186 285/744/186
f 287/745/187 283/746/187 284/747/187
f 287/745/187 284/747/187 288/748/187
f 282/749/188 286/750/188 288/751/188
f 282/749/188 288/751/188 284/752/188
f 262/753/189 264/754/189 260/755/189
f 262/753/189 260/755/189 258/756/189
f 289/757/190 290/758/190 292/759/190
f 289/757/190 292/759/190 291/760/190
f 294/761/191 293/762/191 295/763/191
f 294/761/191 295/763/191 296/764/191
f 294/765/192 290/766/192 289/767/192
f 294/765/192 289/767/192 293/768/192
f 293/769/193 289/770/193 291/771/193
f 293/769/193 291/771/193 295/772/193
f 290/773/194 294/774/194 296/775/194
f 290/773/194 296/775/194 292/776/194
f 300/777/195 299/778/195 301/779/195
f 300/777/195 301/779/195 302/780/195
f 300/781/196 297/782/196 264/783/196
f 300/781/196 264/783/196 299/784/196
f 297/785/197 300/786/197 302/787/197
f 297/785/197 302/787/197 298/788/197
f 306/789/198 304/790/198 303/791/198
f 306/789/198 303/791/198 305/792/198
f 309/793/199 307/794/199 308/795/199
f 309/793/199 308/795/199 310/796/199
f 305/797/200 303/798/200 307/799/200
f 305/797/200 307/799/200 309/800/200
f 310/801/201 308/802/201 304/803/201
f 310/801/201 304/803/201 306/804/201
f 312/805/202 306/806/202 305/807/202
f 312/805/202 305/807/202 311/808/202
f 313/809/203 309/810/203 310/811/203
f 313/809/203 310/811/203 314/812/203
f 311/813/204 305/814/204 309/815/204
f 311/813/204 309/815/204 313/816/204
f 314/817/205 310/818/205 306/819/205
f 314/817/205 306/819/205 312/820/205
f 304/821/206 316/822/206 315/823/206
f 304/821/206 315/823/206 303/824/206
f 315/825/207 316/826/207 318/827/207
f 315/825/207 318/827/207 317/828/207
f 303/829/208 315/830/208 317/831/208
f 303/829/208 317/831/208 307/832/208
f 308/833/209 318/834/209 316/835/209
f 308/833/209 316/835/209 304/836/209
f 307/837/210 317/838/210 319/839/210
f 307/837/210 319/839/210 320/840/210
f 322/841/211 321/842/211 318/843/211
f 322/841/211 318/843/211 308/844/211
f 319/845/212 317/846/212 318/847/212
f 319/845/212 318/847/212 321/848/212
f 307/849/213 320/850/213 322/851/213
f 307/849/213 322/851/213 308/852/213
f 326/853/214 324/854/214 323/855/214
f 326/853/214 323/855/214 325/856/214
f 329/857/215 327/858/215 328/859/215
f 329/857/215 328/859/215 330/860/215
f 323/861/216 324/862/216 328/863/216
f 323/861/216 328/863/216 327/864/216
f 326/865/217 325/866/217 329/867/217
f 326/865/217 329/867/217 330/868/217
f 330/869/218 328/870/218 324/871/218
f 330/869/218 324/871/218 326/872/218
f 331/873/219 332/874/219 334/875/219
f 331/873/219 334/875/219 333/876/219
f 336/877/220 335/878/220 337/879/220
f 336/877/220 337/879/220 338/880/220
f 335/881/221 331/882/221 333/883/221
f 335/881/221 333/883/221 337/884/221
f 332/885/222 336/886/222 338/887/222
f 332/885/222 338/887/222 334/888/222
f 333/889/223 334/890/223 340/891/223
f 333/889/223 340/891/223 339/892/223
f 338/893/224 337/894/224 341/895/224
f 338/893/224 341/895/224 342/896/224
f 337/897/225 333/898/225 339/899/225
f 337/897/225 339/899/225 341/900/225
f 334/901/226 338/902/226 342/903/226
f 334/901/226 342/903/226 340/904/226
f 343/905/227 344/906/227 332/907/227
f 343/905/227 332/907/227 331/908/227
f 346/909/228 344/910/228 343/911/228
f 346/909/228 343/911/228 345/912/228
f 345/913/229 343/914/229 331/915/229
f 345/913/229 331/915/229 335/916/229
f 344/917/230 346/918/230 336/919/230
f 344/917/230 336/919/230 332/920/230
f 347/921/231 345/922/231 335/923/231
f 347/921/231 335/923/231 348/924/231
f 346/925/232 349/926/232 350/927/232
f 346/925/232 350/927/232 336/928/232
f 346/929/233 345/930/233 347/931/233
f 346/929/233 347/931/233 349/932/233
f 350/933/234 348/934/234 335/935/234
f 350/933/234 335/935/234 336/936/234
f 351/937/235 352/938/235 354/939/235
f 351/937/235 354/939/235 353/940/235
f 356/941/236 355/942/236 357/943/236
f 356/941/236 357/943/236 358/944/236
f 356/945/237 352/946/237 351/947/237
f 356/945/237 351/947/237 355/948/237
f 357/949/238 353/950/238 354/951/238
f 357/949/238 354/951/238 358/952/238
f 352/953/239 356/954/239 358/955/239
f 352/953/239 358/955/239 354/956/239
f 339/957/240 340/958/240 360/959/240
f 339/957/240 360/959/240 359/960/240
f 342/961/241 341/962/241 361/963/241
f 342/961/241 361/963/241 362/964/241
f 341/965/242 339/966/242 359/967/242
f 341/965/242 359/967/242 361/968/242
f 340/969/243 342/970/243 362/971/243
f 340/969/243 362/971/243 360/972/243
f 359/973/244 360/974/244 364/975/244
f 359/973/244 364/975/244 363/976/244
f 362/977/245 361/978/245 365/979/245
f 362/977/245 365/979/245 366/980/245
f 361/981/246 359/982/246 363/983/246
f 361/981/246 363/983/246 365/984/246
f 360/985/247 362/986/247 366/987/247
f 360/985/247 366/987/247 364/988/247
f 363/989/248 367/990/248 368/991/248
f 363/989/248 368/991/248 365/992/248
f 369/993/249 364/994/249 366/995/249
f 369/993/249 366/995/249 370/996/249
f 369/997/250 367/998/250 363/999/250
f 369/997/250 363/999/250 364/1000/250
f 366/1001/251 365/1002/251 368/1003/251
f 366/1001/251 368/1003/251 370/1004/251
f 371/1005/252 372/1006/252 374/1007/252
f 371/1005/252 374/1007/252 373/1008/252
f 376/1009/253 375/1010/253 377/1011/253
f 376/1009/253 377/1011/253 378/1012/253
f 376/1013/254 372/1014/254 371/1015/254
f 376/1013/254 371/1015/254 375/1016/254
f 377/1017/255 373/1018/255 374/1019/255
f 377/1017/255 374/1019/255 378/1020/255
f 375/1021/256 371/1022/256 373/1023/256
f 375/1021/256 373/1023/256 377/1024/256
f 372/1025/257 376/1026/257 378/1027/257
f 372/1025/257 378/1027/257 374/1028/257
f 379/1029/258 380/1030/258 382/1031/258
f 379/1029/258 382/1031/258 381/1032/258
f 384/1033/259 383/1034/259 385/1035/259
f 384/1033/259 385/1035/259 386/1036/259
f 384/1037/260 380/1038/260 379/1039/260
f 384/1037/260 379/1039/260 383/1040/260
f 383/1041/261 379/1042/261 381/1043/261
f 383/1041/261 381/1043/261 385/1044/261
f 380/1045/262 384/1046/262 386/1047/262
f 380/1045/262 386/1047/262 382/1048/262
f 385/1049/263 381/1050/263 382/1051/263
f 385/1049/263 382/1051/263 386/1052/263
f 397/1053/264 395/1054/264 387/1055/264
f 397/1053/264 387/1055/264 388/1056/264
f 392/1057/265 388/1058/265 387/1059/265
f 392/1057/265 387/1059/265 391/1060/265
f 393/1061/266 389/1062/266 390/1063/266
f 393/1061/266 390/1063/266 394/1064/266
f 395/1065/267 396/1066/267 391/1067/267
f 395/1065/267 391/1067/267 387/1068/267
f 396/1069/268 395/1070/268 389/1071/268
f 396/1069/268 389/1071/268 393/1072/268
f 395/1073/269 397/1074/269 390/1075/269
f 395/1073/269 390/1075/269 389/1076/269
f 388/1077/270 398/1078/270 399/1079/270
f 388/1077/270 399/1079/270 390/1080/270
f 400/1081/271 398/1082/271 388/1083/271
f 400/1081/271 388/1083/271 392/1084/271
f 394/1085/272 390/1086/272 399/1087/272
f 394/1085/272 399/1087/272 401/1088/272
f 402/1089/273 403/1090/273 405/1091/273
f 402/1089/273 405/1091/273 404/1092/273
f 407/1093/274 406/1094/274 408/1095/274
f 407/1093/274 408/1095/274 409/1096/274
f 407/1097/275 403/1098/275 402/1099/275
f 407/1097/275 402/1099/275 406/1100/275
f 408/1101/276 404/1102/276 405/1103/276
f 408/1101/276 405/1103/276 409/1104/276
f 406/1105/277 402/1106/277 404/1107/277
f 406/1105/277 404/1107/277 408/1108/277
f 403/1109/278 407/1110/278 409/1111/278
f 403/1109/278 409/1111/278 405/1112/278
f 410/1113/279 411/1114/279 413/1115/279
f 410/1113/279 413/1115/279 412/1116/279
f 415/1117/280 414/1118/280 416/1119/280
f 415/1117/280 416/1119/280 417/1120/280
f 415/1121/281 411/1122/281 410/1123/281
f 415/1121/281 410/1123/281 414/1124/281
f 411/1125/282 415/1126/282 417/1127/282
f 411/1125/282 417/1127/282 413/1128/282
f 418/1129/283 410/1130/283 412/1131/283
f 418/1129/283 412/1131/283 403/1132/283
f 414/1133/284 419/1134/284 407/1135/284
f 414/1133/284 407/1135/284 416/1136/284
f 414/1137/285 410/1138/285 418/1139/285
f 414/1137/285 418/1139/285 419/1140/285
f 419/1141/286 418/1142/286 403/1143/286
f 419/1141/286 403/1143/286 407/1144/286
f 431/1145/287 428/1146/287 421/1147/287
f 431/1145/287 421/1147/287 420/1148/287
f 429/1149/288 430/1150/288 422/1151/288
f 429/1149/288 422/1151/288 423/1152/288
f 430/1153/289 431/1154/289 420/1155/289
f 430/1153/289 420/1155/289 422/1156/289
f 428/1157/290 429/1158/290 423/1159/290
f 428/1157/290 423/1159/290 421/1160/290
f 429/1161/291 428/1162/291 425/1163/291
f 429/1161/291 425/1163/291 427/1164/291
f 430/1165/292 429/1166/292 427/1167/292
f 430/1165/292 427/1167/292 426/1168/292
f 431/1169/293 430/1170/293 426/1171/293
f 431/1169/293 426/1171/293 424/1172/293
f 428/1173/294 431/1174/294 424/1175/294
f 428/1173/294 424/1175/294 425/1176/294
f 435/1177/295 434/1178/295 420/1179/295
f 435/1177/295 420/1179/295 421/1180/295
f 434/1181/296 411/1182/296 432/1183/296
f 434/1181/296 432/1183/296 420/1184/296
f 418/1185/297 435/1186/297 421/1187/297
f 418/1185/297 421/1187/297 433/1188/297
f 411/1189/298 418/1190/298 433/1191/298
f 411/1189/298 433/1191/298 432/1192/298
f 411/1193/299 436/1194/299 438/1195/299
f 411/1193/299 438/1195/299 437/1196/299
f 439/1197/300 434/1198/300 440/1199/300
f 439/1197/300 440/1199/300 441/1200/300
f 434/1201/301 411/1202/301 437/1203/301
f 434/1201/301 437/1203/301 440/1204/301
f 436/1205/302 439/1206/302 441/1207/302
f 436/1205/302 441/1207/302 438/1208/302
f 420/1209/303 432/1210/303 442/1211/303
f 420/1209/303 442/1211/303 444/1212/303
f 433/1213/304 421/1214/304 445/1215/304
f 433/1213/304 445/1215/304 443/1216/304
f 432/1217/305 433/1218/305 443/1219/305
f 432/1217/305 443/1219/305 442/1220/305
f 421/1221/306 420/1222/306 444/1223/306
f 421/1221/306 444/1223/306 445/1224/306
f 446/1225/307 447/1226/307 449/1227/307
f 446/1225/307 449/1227/307 448/1228/307
f 451/1229/308 450/1230/308 452/1231/308
f 451/1229/308 452/1231/308 453/1232/308
f 450/1233/309 446/1234/309 448/1235/309
f 450/1233/309 448/1235/309 452/1236/309
f 447/1237/310 451/1238/310 453/1239/310
f 447/1237/310 453/1239/310 449/1240/310
f 454/1241/311 455/1242/311 457/1243/311
f 454/1241/311 457/1243/311 456/1244/311
f 459/1245/312 458/1246/312 460/1247/312
f 459/1245/312 460/1247/312 461/1248/312
f 458/1249/313 454/1250/313 456/1251/313
f 458/1249/313 456/1251/313 460/1252/313
f 455/1253/314 459/1254/314 461/1255/314
f 455/1253/314 461/1255/314 457/1256/314
f 462/1257/315 463/1258/315 465/1259/315
f 462/1257/315 465/1259/315 464/1260/315
f 467/1261/316 466/1262/316 468/1263/316
f 467/1261/316 468/1263/316 469/1264/316
f 466/1265/317 462/1266/317 464/1267/317
f 466/1265/317 464/1267/317 468/1268/317
f 463/1269/318 467/1270/318 469/1271/318
f 463/1269/318 469/1271/318 465/1272/318
f 470/1273/319 413/1274/319 472/1275/319
f 470/1273/319 472/1275/319 471/1276/319
f 474/1277/320 473/1278/320 459/1279/320
f 474/1277/320 459/1279/320 455/1280/320
f 459/1281/321 471/1282/321 472/1283/321
f 459/1281/321 472/1283/321 455/1284/321
f 473/1285/322 470/1286/322 471/1287/322
f 473/1285/322 471/1287/322 459/1288/322
f 413/1289/323 474/1290/323 455/1291/323
f 413/1289/323 455/1291/323 472/1292/323
f 477/1293/324 472/1294/324 475/1295/324
f 477/1293/324 475/1295/324 476/1296/324
f 479/1297/325 478/1298/325 471/1299/325
f 479/1297/325 471/1299/325 480/1300/325
f 476/1301/326 475/1302/326 478/1303/326
f 476/1301/326 478/1303/326 479/1304/326
f 490/1305/327 487/1306/327 482/1307/327
f 490/1305/327 482/1307/327 481/1308/327
f 488/1309/328 489/1310/328 444/1311/328
f 488/1309/328 444/1311/328 445/1312/328
f 489/1313/329 490/1314/329 481/1315/329
f 489/1313/329 481/1315/329 444/1316/329
f 487/1317/330 488/1318/330 445/1319/330
f 487/1317/330 445/1319/330 482/1320/330
f 488/1321/331 487/1322/331 484/1323/331
f 488/1321/331 484/1323/331 486/1324/331
f 489/1325/332 488/1326/332 486/1327/332
f 489/1325/332 486/1327/332 485/1328/332
f 490/1329/333 489/1330/333 485/1331/333
f 490/1329/333 485/1331/333 483/1332/333
f 487/1333/334 490/1334/334 483/1335/334
f 487/1333/334 483/1335/334 484/1336/334
f 424/1337/335 493/1338/335 494/1339/335
f 424/1337/335 494/1339/335 425/1340/335
f 491/1341/336 415/1342/336 493/1343/336
f 491/1341/336 493/1343/336 424/1344/336
f 425/1345/337 494/1346/337 419/1347/337
f 425/1345/337 419/1347/337 492/1348/337
f 492/1349/338 419/1350/338 415/1351/338
f 492/1349/338 415/1351/338 491/1352/338
f 497/1353/339 495/1354/339 415/1355/339
f 497/1353/339 415/1355/339 496/1356/339
f 499/1357/340 493/1358/340 498/1359/340
f 499/1357/340 498/1359/340 500/1360/340
f 496/1361/341 415/1362/341 493/1363/341
f 496/1361/341 493/1363/341 499/1364/341
f 500/1365/342 498/1366/342 495/1367/342
f 500/1365/342 495/1367/342 497/1368/342
f 501/1369/343 491/1370/343 424/1371/343
f 501/1369/343 424/1371/343 485/1372/343
f 486/1373/344 425/1374/344 492/1375/344
f 486/1373/344 492/1375/344 502/1376/344
f 502/1377/345 492/1378/345 491/1379/345
f 502/1377/345 491/1379/345 501/1380/345
f 485/1381/346 424/1382/346 425/1383/346
f 485/1381/346 425/1383/346 486/1384/346
f 506/1385/347 504/1386/347 503/1387/347
f 506/1385/347 503/1387/347 505/1388/347
f 509/1389/348 507/1390/348 508/1391/348
f 509/1389/348 508/1391/348 510/1392/348
f 505/1393/349 503/1394/349 507/1395/349
f 505/1393/349 507/1395/349 509/1396/349
f 510/1397/350 508/1398/350 504/1399/350
f 510/1397/350 504/1399/350 506/1400/350
f 514/1401/351 512/1402/351 511/1403/351
f 514/1401/351 511/1403/351 513/1404/351
f 517/1405/352 515/1406/352 516/1407/352
f 517/1405/352 516/1407/352 518/1408/352
f 513/1409/353 511/1410/353 515/1411/353
f 513/1409/353 515/1411/353 517/1412/353
f 518/1413/354 516/1414/354 512/1415/354
f 518/1413/354 512/1415/354 514/1416/354
f 522/1417/355 520/1418/355 519/1419/355
f 522/1417/355 519/1419/355 521/1420/355
f 525/1421/356 523/1422/356 524/1423/356
f 525/1421/356 524/1423/356 526/1424/356
f 521/1425/357 519/1426/357 523/1427/357
f 521/1425/357 523/1427/357 525/1428/357
f 526/1429/358 524/1430/358 520/1431/358
f 526/1429/358 520/1431/358 522/1432/358
f 529/1433/359 417/1434/359 527/1435/359
f 529/1433/359 527/1435/359 528/1436/359
f 516/1437/360 530/1438/360 531/1439/360
f 516/1437/360 531/1439/360 512/1440/360
f 529/1441/361 528/1442/361 516/1443/361
f 529/1441/361 516/1443/361 512/1444/361
f 528/1445/362 527/1446/362 530/1447/362
f 528/1445/362 530/1447/362 516/1448/362
f 512/1449/363 531/1450/363 417/1451/363
f 512/1449/363 417/1451/363 529/1452/363
f 532/1453/364 529/1454/364 534/1455/364
f 532/1453/364 534/1455/364 533/1456/364
f 528/1457/365 535/1458/365 536/1459/365
f 528/1457/365 536/1459/365 537/1460/365
f 535/1461/366 532/1462/366 533/1463/366
f 535/1461/366 533/1463/366 536/1464/366
f 543/1465/367 539/1466/367 538/1467/367
f 543/1465/367 538/1467/367 542/1468/367
f 544/1469/368 540/1470/368 541/1471/368
f 544/1469/368 541/1471/368 545/1472/368
f 668/1473/369 669/1474/369 542/1475/369
f 668/1473/369 542/1475/369 538/1476/369
f 553/1477/370 554/1478/370 549/1479/370
f 553/1477/370 549/1479/370 548/1480/370
f 579/1481/371 580/1482/371 543/1483/371
f 579/1481/371 543/1483/371 542/1484/371
f 672/1485/372 673/1486/372 544/1487/372
f 672/1485/372 544/1487/372 578/1488/372
f 544/1489/373 552/1490/373 547/1491/373
f 544/1489/373 547/1491/373 546/1492/373
f 581/1493/374 578/1494/374 544/1495/374
f 581/1493/374 544/1495/374 546/1496/374
f 554/1497/375 553/1498/375 550/1499/375
f 554/1497/375 550/1499/375 551/1500/375
f 560/1501/376 561/1502/376 555/1503/376
f 560/1501/376 555/1503/376 556/1504/376
f 573/1505/377 574/1506/377 556/1507/377
f 573/1505/377 556/1507/377 555/1508/377
f 561/1509/378 560/1510/378 558/1511/378
f 561/1509/378 558/1511/378 557/1512/378
f 562/1513/379 540/1514/379 559/1515/379
f 562/1513/379 559/1515/379 563/1516/379
f 557/1517/380 558/1518/380 565/1519/380
f 557/1517/380 565/1519/380 564/1520/380
f 576/1521/381 577/1522/381 567/1523/381
f 576/1521/381 567/1523/381 566/1524/381
f 575/1525/382 576/1526/382 566/1527/382
f 575/1525/382 566/1527/382 559/1528/382
f 582/1529/383 583/1530/383 571/1531/383
f 582/1529/383 571/1531/383 570/1532/383
f 670/1533/384 671/1534/384 538/1535/384
f 670/1533/384 538/1535/384 573/1536/384
f 574/1537/385 573/1538/385 538/1539/385
f 574/1537/385 538/1539/385 539/1540/385
f 572/1541/386 575/1542/386 559/1543/386
f 572/1541/386 559/1543/386 540/1544/386
f 577/1545/387 576/1546/387 564/1547/387
f 577/1545/387 564/1547/387 565/1548/387
f 580/1549/388 579/1550/388 548/1551/388
f 580/1549/388 548/1551/388 549/1552/388
f 582/1553/389 581/1554/389 546/1555/389
f 582/1553/389 546/1555/389 568/1556/389
f 583/1557/390 582/1558/390 568/1559/390
f 583/1557/390 568/1559/390 569/1560/390
f 586/1561/391 584/1562/391 559/1563/391
f 586/1561/391 559/1563/391 546/1564/391
f 546/1565/392 559/1566/392 585/1567/392
f 546/1565/392 585/1567/392 587/1568/392
usemtl common_bottom
f 584/1569/393 586/1570/393 545/1571/393
f 584/1569/393 545/1571/393 541/1572/393
usemtl chemical_painter
f 551/1573/394 550/1574/394 570/1575/394
f 551/1573/394 570/1575/394 571/1576/394
f 568/1577/395 566/1578/395 567/1579/395
f 568/1577/395 567/1579/395 569/1580/395
f 588/1581/396 589/1582/396 591/1583/396
f 588/1581/396 591/1583/396 590/1584/396
f 593/1585/397 592/1586/397 594/1587/397
f 593/1585/397 594/1587/397 595/1588/397
f 592/1589/398 588/1590/398 590/1591/398
f 592/1589/398 590/1591/398 594/1592/398
f 589/1593/399 593/1594/399 595/1595/399
f 589/1593/399 595/1595/399 591/1596/399
f 596/1597/400 597/1598/400 599/1599/400
f 596/1597/400 599/1599/400 598/1600/400
f 601/1601/401 600/1602/401 602/1603/401
f 601/1601/401 602/1603/401 603/1604/401
f 600/1605/402 596/1606/402 598/1607/402
f 600/1605/402 598/1607/402 602/1608/402
f 597/1609/403 601/1610/403 603/1611/403
f 597/1609/403 603/1611/403 599/1612/403
f 605/1613/404 606/1614/404 608/1615/404
f 605/1613/404 608/1615/404 607/1616/404
f 610/1617/405 609/1618/405 611/1619/405
f 610/1617/405 611/1619/405 612/1620/405
f 609/1621/406 605/1622/406 607/1623/406
f 609/1621/406 607/1623/406 611/1624/406
f 606/1625/407 610/1626/407 612/1627/407
f 606/1625/407 612/1627/407 608/1628/407
usemtl common_machinebase
f 1341/1629/408 613/1630/408 615/1631/408
f 1341/1629/408 615/1631/408 614/1632/408
f 617/1633/409 613/1634/409 1341/1635/409
f 617/1633/409 1341/1635/409 616/1636/409
usemtl common_bottom
f 616/1637/410 1341/1638/410 614/1639/410
f 616/1637/410 614/1639/410 618/1640/410
f 613/1641/411 617/1642/411 619/1643/411
f 613/1641/411 619/1643/411 615/1644/411
usemtl common_machinebase
f 620/1645/412 603/1646/412 621/1647/412
f 620/1645/412 621/1647/412 622/1648/412
f 620/1649/413 617/1650/413 616/1651/413
f 620/1649/413 616/1651/413 603/1652/413
usemtl common_bottom
f 603/1653/414 616/1654/414 618/1655/414
f 603/1653/414 618/1655/414 621/1656/414
f 617/1657/415 620/1658/415 622/1659/415
f 617/1657/415 622/1659/415 619/1660/415
f 633/1661/416 409/1662/416 623/1663/416
f 633/1661/416 623/1663/416 624/1664/416
usemtl chemical_painter
f 629/1665/417 625/1666/417 626/1667/417
f 629/1665/417 626/1667/417 592/1668/417
f 409/1669/418 648/1670/418 627/1671/418
f 409/1669/418 627/1671/418 623/1672/418
usemtl common_bottom
f 649/1673/419 633/1674/419 624/1675/419
f 649/1673/419 624/1675/419 628/1676/419
usemtl chemical_painter
f 634/1677/420 635/1678/420 625/1679/420
f 634/1677/420 625/1679/420 409/1680/420
usemtl common_bottom
f 636/1681/421 637/1682/421 633/1683/421
f 636/1681/421 633/1683/421 626/1684/421
usemtl chemical_painter
f 635/1685/422 636/1686/422 626/1687/422
f 635/1685/422 626/1687/422 625/1688/422
usemtl common_bottom
f 637/1689/423 634/1690/423 409/1691/423
f 637/1689/423 409/1691/423 633/1692/423
usemtl chemical_painter
f 635/1693/424 634/1694/424 405/1695/424
f 635/1693/424 405/1695/424 630/1696/424
f 636/1697/425 635/1698/425 630/1699/425
f 636/1697/425 630/1699/425 631/1700/425
usemtl common_bottom
f 637/1701/426 636/1702/426 631/1703/426
f 637/1701/426 631/1703/426 632/1704/426
f 634/1705/427 637/1706/427 632/1707/427
f 634/1705/427 632/1707/427 405/1708/427
f 405/1709/428 632/1710/428 642/1711/428
f 405/1709/428 642/1711/428 641/1712/428
usemtl chemical_painter
f 630/1713/429 640/1714/429 605/1715/429
f 630/1713/429 605/1715/429 631/1716/429
f 651/1717/430 405/1718/430 641/1719/430
f 651/1717/430 641/1719/430 638/1720/430
usemtl common_bottom
f 632/1721/431 650/1722/431 639/1723/431
f 632/1721/431 639/1723/431 642/1724/431
usemtl chemical_painter
f 604/1725/432 1339/1726/432 639/1727/432
f 604/1725/432 639/1727/432 638/1728/432
usemtl common_bottom
f 644/1729/433 643/1730/433 641/1731/433
f 644/1729/433 641/1731/433 642/1732/433
usemtl chemical_painter
f 644/1733/434 1339/1734/434 604/1735/434
f 644/1733/434 604/1735/434 643/1736/434
f 643/1737/435 604/1738/435 638/1739/435
f 643/1737/435 638/1739/435 641/1740/435
usemtl common_bottom
f 1339/1741/436 644/1742/436 642/1743/436
f 1339/1741/436 642/1743/436 639/1744/436
f 645/1745/437 646/1746/437 624/1747/437
f 645/1745/437 624/1747/437 623/1748/437
usemtl chemical_painter
f 601/1749/438 647/1750/438 627/1751/438
f 601/1749/438 627/1751/438 628/1752/438
f 601/1753/439 646/1754/439 645/1755/439
f 601/1753/439 645/1755/439 647/1756/439
f 647/1757/440 645/1758/440 623/1759/440
f 647/1757/440 623/1759/440 627/1760/440
usemtl common_bottom
f 646/1761/441 601/1762/441 628/1763/441
f 646/1761/441 628/1763/441 624/1764/441
usemtl chemical_painter
f 648/1765/442 409/1766/442 625/1767/442
f 648/1765/442 625/1767/442 629/1768/442
f 649/1769/443 648/1770/443 629/1771/443
f 649/1769/443 629/1771/443 592/1772/443
usemtl common_bottom
f 633/1773/444 649/1774/444 592/1775/444
f 633/1773/444 592/1775/444 626/1776/444
f 409/1777/445 633/1778/445 626/1779/445
f 409/1777/445 626/1779/445 625/1780/445
usemtl chemical_painter
f 651/1781/446 650/1782/446 605/1783/446
f 651/1781/446 605/1783/446 640/1784/446
f 405/1785/447 651/1786/447 640/1787/447
f 405/1785/447 640/1787/447 630/1788/447
usemtl common_bottom
f 632/1789/448 405/1790/448 630/1791/448
f 632/1789/448 630/1791/448 631/1792/448
f 650/1793/449 632/1794/449 631/1795/449
f 650/1793/449 631/1795/449 605/1796/449
usemtl chemical_painter
f 648/1797/450 652/1798/450 654/1799/450
f 648/1797/450 654/1799/450 653/1800/450
f 655/1801/451 627/1802/451 621/1803/451
f 655/1801/451 621/1803/451 551/1804/451
f 621/1805/452 653/1806/452 654/1807/452
f 621/1805/452 654/1807/452 551/1808/452
f 627/1809/453 648/1810/453 653/1811/453
f 627/1809/453 653/1811/453 621/1812/453
f 707/1813/454 708/1814/454 621/1815/454
f 707/1813/454 621/1815/454 653/1816/454
usemtl common_bottom
f 718/1817/455 719/1818/455 715/1819/455
f 718/1817/455 715/1819/455 714/1820/455
f 722/1821/456 721/1822/456 711/1823/456
f 722/1821/456 711/1823/456 712/1824/456
usemtl common_machinebase
f 706/1825/457 707/1826/457 653/1827/457
f 706/1825/457 653/1827/457 594/1828/457
usemtl common_bottom
f 721/1829/458 720/1830/458 710/1831/458
f 721/1829/458 710/1831/458 711/1832/458
f 717/1833/459 718/1834/459 714/1835/459
f 717/1833/459 714/1835/459 713/1836/459
usemtl chemical_painter
f 664/1837/460 662/1838/460 651/1839/460
f 664/1837/460 651/1839/460 663/1840/460
f 614/1841/461 638/1842/461 665/1843/461
f 614/1841/461 665/1843/461 558/1844/461
f 664/1845/462 663/1846/462 614/1847/462
f 664/1845/462 614/1847/462 558/1848/462
f 663/1849/463 651/1850/463 638/1851/463
f 663/1849/463 638/1851/463 614/1852/463
f 691/1853/464 690/1854/464 663/1855/464
f 691/1853/464 663/1855/464 614/1856/464
usemtl common_machinebase
f 692/1857/465 693/1858/465 674/1859/465
f 692/1857/465 674/1859/465 687/1860/465
usemtl common_bottom
f 694/1861/466 695/1862/466 679/1863/466
f 694/1861/466 679/1863/466 678/1864/466
f 698/1865/467 697/1866/467 676/1867/467
f 698/1865/467 676/1867/467 677/1868/467
usemtl common_machinebase
f 690/1869/468 689/1870/468 607/1871/468
f 690/1869/468 607/1871/468 663/1872/468
usemtl common_bottom
f 697/1873/469 696/1874/469 675/1875/469
f 697/1873/469 675/1875/469 676/1876/469
f 693/1877/470 694/1878/470 678/1879/470
f 693/1877/470 678/1879/470 674/1880/470
usemtl chemical_painter
f 669/1881/471 668/1882/471 540/1883/471
f 669/1881/471 540/1883/471 544/1884/471
f 671/1885/472 670/1886/472 572/1887/472
f 671/1885/472 572/1887/472 540/1888/472
f 673/1889/473 672/1890/473 579/1891/473
f 673/1889/473 579/1891/473 542/1892/473
usemtl common_bottom
f 681/1893/474 682/1894/474 676/1895/474
f 681/1893/474 676/1895/474 675/1896/474
f 682/1897/475 683/1898/475 677/1899/475
f 682/1897/475 677/1899/475 676/1900/475
f 684/1901/476 680/1902/476 674/1903/476
f 684/1901/476 674/1903/476 678/1904/476
f 685/1905/477 684/1906/477 678/1907/477
f 685/1905/477 678/1907/477 679/1908/477
usemtl common_machinebase
f 689/1909/478 686/1910/478 680/1911/478
f 689/1909/478 680/1911/478 607/1912/478
usemtl common_bottom
f 682/1913/479 681/1914/479 666/1915/479
f 682/1913/479 666/1915/479 667/1916/479
f 683/1917/480 682/1918/480 667/1919/480
f 683/1917/480 667/1919/480 615/1920/480
f 680/1921/481 684/1922/481 663/1923/481
f 680/1921/481 663/1923/481 607/1924/481
f 684/1925/482 685/1926/482 614/1927/482
f 684/1925/482 614/1927/482 663/1928/482
usemtl common_machinebase
f 687/1929/483 686/1930/483 681/1931/483
f 687/1929/483 681/1931/483 675/1932/483
f 696/1933/484 692/1934/484 687/1935/484
f 696/1933/484 687/1935/484 675/1936/484
f 686/1937/485 689/1938/485 666/1939/485
f 686/1937/485 666/1939/485 681/1940/485
f 689/1941/486 690/1942/486 667/1943/486
f 689/1941/486 667/1943/486 666/1944/486
usemtl chemical_painter
f 690/1945/487 691/1946/487 615/1947/487
f 690/1945/487 615/1947/487 667/1948/487
usemtl common_bottom
f 700/1949/488 701/1950/488 694/1951/488
f 700/1949/488 694/1951/488 693/1952/488
f 701/1953/489 702/1954/489 695/1955/489
f 701/1953/489 695/1955/489 694/1956/489
usemtl common_machinebase
f 703/1957/490 699/1958/490 692/1959/490
f 703/1957/490 692/1959/490 696/1960/490
usemtl common_bottom
f 704/1961/491 703/1962/491 696/1963/491
f 704/1961/491 696/1963/491 697/1964/491
f 705/1965/492 704/1966/492 697/1967/492
f 705/1965/492 697/1967/492 698/1968/492
usemtl common_machinebase
f 700/1969/493 699/1970/493 688/1971/493
f 700/1969/493 688/1971/493 656/1972/493
usemtl common_bottom
f 701/1973/494 700/1974/494 656/1975/494
f 701/1973/494 656/1975/494 661/1976/494
f 702/1977/495 701/1978/495 661/1979/495
f 702/1977/495 661/1979/495 618/1980/495
usemtl common_machinebase
f 699/1981/496 703/1982/496 657/1983/496
f 699/1981/496 657/1983/496 688/1984/496
usemtl common_bottom
f 703/1985/497 704/1986/497 660/1987/497
f 703/1985/497 660/1987/497 657/1988/497
f 704/1989/498 705/1990/498 619/1991/498
f 704/1989/498 619/1991/498 660/1992/498
usemtl common_machinebase
f 720/1993/499 716/1994/499 709/1995/499
f 720/1993/499 709/1995/499 710/1996/499
f 707/1997/500 706/1998/500 658/1999/500
f 707/1997/500 658/1999/500 659/2000/500
usemtl chemical_painter
f 708/2001/501 707/2002/501 659/2003/501
f 708/2001/501 659/2003/501 622/2004/501
usemtl common_machinebase
f 724/2005/502 725/2006/502 710/2007/502
f 724/2005/502 710/2007/502 709/2008/502
usemtl common_bottom
f 725/2009/503 726/2010/503 711/2011/503
f 725/2009/503 711/2011/503 710/2012/503
f 726/2013/504 727/2014/504 712/2015/504
f 726/2013/504 712/2015/504 711/2016/504
usemtl common_machinebase
f 723/2017/505 724/2018/505 709/2019/505
f 723/2017/505 709/2019/505 713/2020/505
usemtl common_bottom
f 728/2021/506 723/2022/506 713/2023/506
f 728/2021/506 713/2023/506 714/2024/506
f 729/2025/507 728/2026/507 714/2027/507
f 729/2025/507 714/2027/507 715/2028/507
usemtl common_machinebase
f 717/2029/508 716/2030/508 706/2031/508
f 717/2029/508 706/2031/508 594/2032/508
usemtl common_bottom
f 718/2033/509 717/2034/509 594/2035/509
f 718/2033/509 594/2035/509 653/2036/509
f 719/2037/510 718/2038/510 653/2039/510
f 719/2037/510 653/2039/510 621/2040/510
usemtl common_machinebase
f 716/2041/511 720/2042/511 658/2043/511
f 716/2041/511 658/2043/511 706/2044/511
usemtl common_bottom
f 720/2045/512 721/2046/512 659/2047/512
f 720/2045/512 659/2047/512 658/2048/512
f 721/2049/513 722/2050/513 622/2051/513
f 721/2049/513 622/2051/513 659/2052/513
usemtl common_machinebase
f 731/2053/514 732/2054/514 725/2055/514
f 731/2053/514 725/2055/514 724/2056/514
usemtl common_bottom
f 732/2057/515 733/2058/515 726/2059/515
f 732/2057/515 726/2059/515 725/2060/515
f 733/2061/516 734/2062/516 727/2063/516
f 733/2061/516 727/2063/516 726/2064/516
f 735/2065/517 730/2066/517 723/2067/517
f 735/2065/517 723/2067/517 728/2068/517
f 736/2069/518 735/2070/518 728/2071/518
f 736/2069/518 728/2071/518 729/2072/518
usemtl common_machinebase
f 731/2073/519 730/2074/519 656/2075/519
f 731/2073/519 656/2075/519 688/2076/519
f 732/2077/520 731/2078/520 688/2079/520
f 732/2077/520 688/2079/520 657/2080/520
usemtl common_bottom
f 733/2081/521 732/2082/521 657/2083/521
f 733/2081/521 657/2083/521 660/2084/521
f 734/2085/522 733/2086/522 660/2087/522
f 734/2085/522 660/2087/522 619/2088/522
f 730/2089/523 735/2090/523 661/2091/523
f 730/2089/523 661/2091/523 656/2092/523
f 735/2093/524 736/2094/524 618/2095/524
f 735/2093/524 618/2095/524 661/2096/524
usemtl common_thingies
f 737/2097/525 738/2098/525 739/2099/525
f 737/2097/525 739/2099/525 731/2100/525
f 741/2101/526 740/2102/526 724/2103/526
f 741/2101/526 724/2103/526 742/2104/526
f 741/2105/527 738/2106/527 737/2107/527
f 741/2105/527 737/2107/527 740/2108/527
f 724/2109/528 731/2110/528 739/2111/528
f 724/2109/528 739/2111/528 742/2112/528
f 740/2113/529 737/2114/529 731/2115/529
f 740/2113/529 731/2115/529 724/2116/529
f 743/2117/530 744/2118/530 745/2119/530
f 743/2117/530 745/2119/530 709/2120/530
f 747/2121/531 746/2122/531 716/2123/531
f 747/2121/531 716/2123/531 748/2124/531
f 747/2125/532 744/2126/532 743/2127/532
f 747/2125/532 743/2127/532 746/2128/532
f 716/2129/533 709/2130/533 745/2131/533
f 716/2129/533 745/2131/533 748/2132/533
f 746/2133/534 743/2134/534 709/2135/534
f 746/2133/534 709/2135/534 716/2136/534
usemtl chemical_painter
f 749/2137/535 750/2138/535 752/2139/535
f 749/2137/535 752/2139/535 751/2140/535
f 1/2141/536 753/2142/536 754/2143/536
f 1/2141/536 754/2143/536 755/2144/536
f 753/2145/537 749/2146/537 751/2147/537
f 753/2145/537 751/2147/537 754/2148/537
f 750/2149/538 1/2150/538 755/2151/538
f 750/2149/538 755/2151/538 752/2152/538
f 756/2153/539 757/2154/539 759/2155/539
f 756/2153/539 759/2155/539 758/2156/539
f 761/2157/540 760/2158/540 762/2159/540
f 761/2157/540 762/2159/540 763/2160/540
f 760/2161/541 756/2162/541 758/2163/541
f 760/2161/541 758/2163/541 762/2164/541
f 757/2165/542 761/2166/542 763/2167/542
f 757/2165/542 763/2167/542 759/2168/542
f 764/2169/543 765/2170/543 767/2171/543
f 764/2169/543 767/2171/543 766/2172/543
f 769/2173/544 768/2174/544 770/2175/544
f 769/2173/544 770/2175/544 771/2176/544
f 768/2177/545 764/2178/545 766/2179/545
f 768/2177/545 766/2179/545 770/2180/545
f 765/2181/546 769/2182/546 771/2183/546
f 765/2181/546 771/2183/546 767/2184/546
f 772/2185/547 773/2186/547 775/2187/547
f 772/2185/547 775/2187/547 774/2188/547
f 777/2189/548 776/2190/548 778/2191/548
f 777/2189/548 778/2191/548 779/2192/548
f 776/2193/549 772/2194/549 774/2195/549
f 776/2193/549 774/2195/549 778/2196/549
f 773/2197/550 777/2198/550 779/2199/550
f 773/2197/550 779/2199/550 775/2200/550
usemtl common_thingies
f 780/2201/551 781/2202/551 782/2203/551
f 780/2201/551 782/2203/551 686/2204/551
f 784/2205/552 783/2206/552 687/2207/552
f 784/2205/552 687/2207/552 785/2208/552
f 784/2209/553 781/2210/553 780/2211/553
f 784/2209/553 780/2211/553 783/2212/553
f 687/2213/554 686/2214/554 782/2215/554
f 687/2213/554 782/2215/554 785/2216/554
f 783/2217/555 780/2218/555 686/2219/555
f 783/2217/555 686/2219/555 687/2220/555
f 786/2221/556 787/2222/556 788/2223/556
f 786/2221/556 788/2223/556 692/2224/556
f 790/2225/557 789/2226/557 699/2227/557
f 790/2225/557 699/2227/557 791/2228/557
f 790/2229/558 787/2230/558 786/2231/558
f 790/2229/558 786/2231/558 789/2232/558
f 699/2233/559 692/2234/559 788/2235/559
f 699/2233/559 788/2235/559 791/2236/559
f 789/2237/560 786/2238/560 692/2239/560
f 789/2237/560 692/2239/560 699/2240/560
usemtl chemical_painter
f 793/2241/561 794/2242/561 796/2243/561
f 793/2241/561 796/2243/561 795/2244/561
f 798/2245/562 797/2246/562 799/2247/562
f 798/2245/562 799/2247/562 800/2248/562
f 799/2249/563 795/2250/563 796/2251/563
f 799/2249/563 796/2251/563 800/2252/563
f 797/2253/564 793/2254/564 795/2255/564
f 797/2253/564 795/2255/564 799/2256/564
f 794/2257/565 798/2258/565 800/2259/565
f 794/2257/565 800/2259/565 796/2260/565
f 801/2261/566 802/2262/566 804/2263/566
f 801/2261/566 804/2263/566 803/2264/566
f 806/2265/567 805/2266/567 807/2267/567
f 806/2265/567 807/2267/567 808/2268/567
f 807/2269/568 803/2270/568 804/2271/568
f 807/2269/568 804/2271/568 808/2272/568
f 805/2273/569 801/2274/569 803/2275/569
f 805/2273/569 803/2275/569 807/2276/569
f 802/2277/570 806/2278/570 808/2279/570
f 802/2277/570 808/2279/570 804/2280/570
f 809/2281/571 810/2282/571 812/2283/571
f 809/2281/571 812/2283/571 811/2284/571
f 814/2285/572 813/2286/572 815/2287/572
f 814/2285/572 815/2287/572 816/2288/572
f 815/2289/573 811/2290/573 812/2291/573
f 815/2289/573 812/2291/573 816/2292/573
f 813/2293/574 809/2294/574 811/2295/574
f 813/2293/574 811/2295/574 815/2296/574
f 810/2297/575 814/2298/575 816/2299/575
f 810/2297/575 816/2299/575 812/2300/575
f 817/2301/576 818/2302/576 820/2303/576
f 817/2301/576 820/2303/576 819/2304/576
f 822/2305/577 821/2306/577 823/2307/577
f 822/2305/577 823/2307/577 824/2308/577
f 823/2309/578 819/2310/578 820/2311/578
f 823/2309/578 820/2311/578 824/2312/578
f 821/2313/579 817/2314/579 819/2315/579
f 821/2313/579 819/2315/579 823/2316/579
f 818/2317/580 822/2318/580 824/2319/580
f 818/2317/580 824/2319/580 820/2320/580
f 825/2321/581 826/2322/581 828/2323/581
f 825/2321/581 828/2323/581 827/2324/581
f 830/2325/582 829/2326/582 831/2327/582
f 830/2325/582 831/2327/582 832/2328/582
f 831/2329/583 827/2330/583 828/2331/583
f 831/2329/583 828/2331/583 832/2332/583
f 829/2333/584 825/2334/584 827/2335/584
f 829/2333/584 827/2335/584 831/2336/584
f 826/2337/585 830/2338/585 832/2339/585
f 826/2337/585 832/2339/585 828/2340/585
f 833/2341/586 834/2342/586 836/2343/586
f 833/2341/586 836/2343/586 835/2344/586
f 838/2345/587 834/2346/587 833/2347/587
f 838/2345/587 833/2347/587 837/2348/587
f 839/2349/588 835/2350/588 836/2351/588
f 839/2349/588 836/2351/588 840/2352/588
f 837/2353/589 833/2354/589 835/2355/589
f 837/2353/589 835/2355/589 839/2356/589
f 834/2357/590 838/2358/590 840/2359/590
f 834/2357/590 840/2359/590 836/2360/590
f 841/2361/591 834/2362/591 843/2363/591
f 841/2361/591 843/2363/591 842/2364/591
f 844/2365/592 841/2366/592 842/2367/592
f 844/2365/592 842/2367/592 845/2368/592
f 834/2369/593 838/2370/593 846/2371/593
f 834/2369/593 846/2371/593 843/2372/593
f 836/2373/594 847/2374/594 849/2375/594
f 836/2373/594 849/2375/594 848/2376/594
f 840/2377/595 836/2378/595 848/2379/595
f 840/2377/595 848/2379/595 851/2380/595
f 847/2381/596 850/2382/596 852/2383/596
f 847/2381/596 852/2383/596 849/2384/596
usemtl common_thingies
f 853/2385/597 854/2386/597 856/2387/597
f 853/2385/597 856/2387/597 855/2388/597
f 858/2389/598 857/2390/598 859/2391/598
f 858/2389/598 859/2391/598 860/2392/598
f 858/2393/599 854/2394/599 853/2395/599
f 858/2393/599 853/2395/599 857/2396/599
f 857/2397/600 853/2398/600 855/2399/600
f 857/2397/600 855/2399/600 859/2400/600
f 854/2401/601 858/2402/601 860/2403/601
f 854/2401/601 860/2403/601 856/2404/601
usemtl chemical_painter
f 861/2405/602 862/2406/602 863/2407/602
f 861/2405/602 863/2407/602 641/2408/602
f 865/2409/603 864/2410/603 866/2411/603
f 865/2409/603 866/2411/603 867/2412/603
f 865/2413/604 862/2414/604 861/2415/604
f 865/2413/604 861/2415/604 864/2416/604
f 866/2417/605 641/2418/605 863/2419/605
f 866/2417/605 863/2419/605 867/2420/605
f 864/2421/606 861/2422/606 641/2423/606
f 864/2421/606 641/2423/606 866/2424/606
f 862/2425/607 865/2426/607 867/2427/607
f 862/2425/607 867/2427/607 863/2428/607
f 871/2429/608 869/2430/608 868/2431/608
f 871/2429/608 868/2431/608 870/2432/608
f 874/2433/609 872/2434/609 873/2435/609
f 874/2433/609 873/2435/609 875/2436/609
f 871/2437/610 870/2438/610 874/2439/610
f 871/2437/610 874/2439/610 875/2440/610
f 870/2441/611 868/2442/611 872/2443/611
f 870/2441/611 872/2443/611 874/2444/611
f 875/2445/612 873/2446/612 869/2447/612
f 875/2445/612 869/2447/612 871/2448/612
f 879/2449/613 877/2450/613 876/2451/613
f 879/2449/613 876/2451/613 878/2452/613
f 882/2453/614 880/2454/614 881/2455/614
f 882/2453/614 881/2455/614 883/2456/614
f 879/2457/615 878/2458/615 882/2459/615
f 879/2457/615 882/2459/615 883/2460/615
f 878/2461/616 876/2462/616 880/2463/616
f 878/2461/616 880/2463/616 882/2464/616
f 883/2465/617 881/2466/617 877/2467/617
f 883/2465/617 877/2467/617 879/2468/617
f 887/2469/618 885/2470/618 884/2471/618
f 887/2469/618 884/2471/618 886/2472/618
f 890/2473/619 888/2474/619 889/2475/619
f 890/2473/619 889/2475/619 891/2476/619
f 887/2477/620 886/2478/620 890/2479/620
f 887/2477/620 890/2479/620 891/2480/620
f 886/2481/621 884/2482/621 888/2483/621
f 886/2481/621 888/2483/621 890/2484/621
f 891/2485/622 889/2486/622 885/2487/622
f 891/2485/622 885/2487/622 887/2488/622
f 895/2489/623 893/2490/623 892/2491/623
f 895/2489/623 892/2491/623 894/2492/623
f 898/2493/624 896/2494/624 897/2495/624
f 898/2493/624 897/2495/624 899/2496/624
f 895/2497/625 894/2498/625 898/2499/625
f 895/2497/625 898/2499/625 899/2500/625
f 894/2501/626 892/2502/626 896/2503/626
f 894/2501/626 896/2503/626 898/2504/626
f 899/2505/627 897/2506/627 893/2507/627
f 899/2505/627 893/2507/627 895/2508/627
f 903/2509/628 901/2510/628 900/2511/628
f 903/2509/628 900/2511/628 902/2512/628
f 906/2513/629 904/2514/629 905/2515/629
f 906/2513/629 905/2515/629 907/2516/629
f 903/2517/630 902/2518/630 906/2519/630
f 903/2517/630 906/2519/630 907/2520/630
f 902/2521/631 900/2522/631 904/2523/631
f 902/2521/631 904/2523/631 906/2524/631
f 907/2525/632 905/2526/632 901/2527/632
f 907/2525/632 901/2527/632 903/2528/632
f 911/2529/633 909/2530/633 908/2531/633
f 911/2529/633 908/2531/633 910/2532/633
f 908/2533/634 909/2534/634 792/2535/634
f 908/2533/634 792/2535/634 912/2536/634
f 911/2537/635 910/2538/635 913/2539/635
f 911/2537/635 913/2539/635 914/2540/635
f 910/2541/636 908/2542/636 912/2543/636
f 910/2541/636 912/2543/636 913/2544/636
f 914/2545/637 792/2546/637 909/2547/637
f 914/2545/637 909/2547/637 911/2548/637
f 917/2549/638 909/2550/638 915/2551/638
f 917/2549/638 915/2551/638 916/2552/638
f 916/2553/639 915/2554/639 918/2555/639
f 916/2553/639 918/2555/639 919/2556/639
f 920/2557/640 792/2558/640 909/2559/640
f 920/2557/640 909/2559/640 917/2560/640
f 923/2561/641 921/2562/641 911/2563/641
f 923/2561/641 911/2563/641 922/2564/641
f 922/2565/642 911/2566/642 914/2567/642
f 922/2565/642 914/2567/642 925/2568/642
f 926/2569/643 924/2570/643 921/2571/643
f 926/2569/643 921/2571/643 923/2572/643
f 927/2573/644 928/2574/644 929/2575/644
f 927/2573/644 929/2575/644 638/2576/644
f 852/2577/645 928/2578/645 927/2579/645
f 852/2577/645 927/2579/645 851/2580/645
f 851/2581/646 927/2582/646 638/2583/646
f 851/2581/646 638/2583/646 863/2584/646
f 928/2585/647 852/2586/647 930/2587/647
f 928/2585/647 930/2587/647 929/2588/647
f 931/2589/648 932/2590/648 934/2591/648
f 931/2589/648 934/2591/648 933/2592/648
f 846/2593/649 932/2594/649 931/2595/649
f 846/2593/649 931/2595/649 845/2596/649
f 845/2597/650 931/2598/650 933/2599/650
f 845/2597/650 933/2599/650 935/2600/650
f 932/2601/651 846/2602/651 867/2603/651
f 932/2601/651 867/2603/651 934/2604/651
usemtl conveyor
f 936/2605/652 937/2606/652 933/2607/652
f 936/2605/652 933/2607/652 929/2608/652
f 939/2609/653 937/2610/653 936/2611/653
f 939/2609/653 936/2611/653 938/2612/653
usemtl chemical_painter
f 940/2613/654 941/2614/654 943/2615/654
f 940/2613/654 943/2615/654 942/2616/654
f 945/2617/655 944/2618/655 946/2619/655
f 945/2617/655 946/2619/655 947/2620/655
f 945/2621/656 941/2622/656 940/2623/656
f 945/2621/656 940/2623/656 944/2624/656
f 946/2625/657 942/2626/657 943/2627/657
f 946/2625/657 943/2627/657 947/2628/657
f 944/2629/658 940/2630/658 942/2631/658
f 944/2629/658 942/2631/658 946/2632/658
f 941/2633/659 945/2634/659 947/2635/659
f 941/2633/659 947/2635/659 943/2636/659
f 948/2637/660 949/2638/660 951/2639/660
f 948/2637/660 951/2639/660 950/2640/660
f 953/2641/661 952/2642/661 954/2643/661
f 953/2641/661 954/2643/661 955/2644/661
f 953/2645/662 949/2646/662 948/2647/662
f 953/2645/662 948/2647/662 952/2648/662
f 952/2649/663 948/2650/663 950/2651/663
f 952/2649/663 950/2651/663 954/2652/663
f 949/2653/664 953/2654/664 955/2655/664
f 949/2653/664 955/2655/664 951/2656/664
f 959/2657/665 956/2658/665 948/2659/665
f 959/2657/665 948/2659/665 958/2660/665
f 958/2661/666 948/2662/666 950/2663/666
f 958/2661/666 950/2663/666 960/2664/666
f 956/2665/667 959/2666/667 961/2667/667
f 956/2665/667 961/2667/667 957/2668/667
f 965/2669/668 952/2670/668 962/2671/668
f 965/2669/668 962/2671/668 964/2672/668
f 964/2673/669 962/2674/669 963/2675/669
f 964/2673/669 963/2675/669 966/2676/669
f 952/2677/670 965/2678/670 967/2679/670
f 952/2677/670 967/2679/670 954/2680/670
f 968/2681/671 958/2682/671 960/2683/671
f 968/2681/671 960/2683/671 969/2684/671
f 965/2685/672 970/2686/672 971/2687/672
f 965/2685/672 971/2687/672 967/2688/672
f 965/2689/673 958/2690/673 968/2691/673
f 965/2689/673 968/2691/673 970/2692/673
f 970/2693/674 968/2694/674 969/2695/674
f 970/2693/674 969/2695/674 971/2696/674
f 958/2697/675 965/2698/675 967/2699/675
f 958/2697/675 967/2699/675 960/2700/675
f 972/2701/676 973/2702/676 975/2703/676
f 972/2701/676 975/2703/676 974/2704/676
f 977/2705/677 976/2706/677 978/2707/677
f 977/2705/677 978/2707/677 979/2708/677
f 977/2709/678 973/2710/678 972/2711/678
f 977/2709/678 972/2711/678 976/2712/678
f 978/2713/679 974/2714/679 975/2715/679
f 978/2713/679 975/2715/679 979/2716/679
f 976/2717/680 972/2718/680 974/2719/680
f 976/2717/680 974/2719/680 978/2720/680
f 973/2721/681 977/2722/681 979/2723/681
f 973/2721/681 979/2723/681 975/2724/681
f 980/2725/682 981/2726/682 983/2727/682
f 980/2725/682 983/2727/682 982/2728/682
f 985/2729/683 984/2730/683 986/2731/683
f 985/2729/683 986/2731/683 987/2732/683
f 985/2733/684 981/2734/684 980/2735/684
f 985/2733/684 980/2735/684 984/2736/684
f 986/2737/685 982/2738/685 983/2739/685
f 986/2737/685 983/2739/685 987/2740/685
f 984/2741/686 980/2742/686 982/2743/686
f 984/2741/686 982/2743/686 986/2744/686
f 981/2745/687 985/2746/687 987/2747/687
f 981/2745/687 987/2747/687 983/2748/687
f 991/2749/688 989/2750/688 988/2751/688
f 991/2749/688 988/2751/688 990/2752/688
f 992/2753/689 993/2754/689 995/2755/689
f 992/2753/689 995/2755/689 994/2756/689
f 997/2757/690 996/2758/690 998/2759/690
f 997/2757/690 998/2759/690 999/2760/690
f 997/2761/691 993/2762/691 992/2763/691
f 997/2761/691 992/2763/691 996/2764/691
f 996/2765/692 992/2766/692 994/2767/692
f 996/2765/692 994/2767/692 998/2768/692
f 993/2769/693 997/2770/693 999/2771/693
f 993/2769/693 999/2771/693 995/2772/693
f 1004/2773/694 1002/2774/694 1001/2775/694
f 1004/2773/694 1001/2775/694 1003/2776/694
f 1007/2777/695 1005/2778/695 1006/2779/695
f 1007/2777/695 1006/2779/695 1008/2780/695
f 1004/2781/696 1003/2782/696 1007/2783/696
f 1004/2781/696 1007/2783/696 1008/2784/696
f 1003/2785/697 1001/2786/697 1005/2787/697
f 1003/2785/697 1005/2787/697 1007/2788/697
f 1008/2789/698 1006/2790/698 1002/2791/698
f 1008/2789/698 1002/2791/698 1004/2792/698
f 1012/2793/699 1010/2794/699 1009/2795/699
f 1012/2793/699 1009/2795/699 1011/2796/699
f 1015/2797/700 1013/2798/700 1014/2799/700
f 1015/2797/700 1014/2799/700 1016/2800/700
f 1012/2801/701 1011/2802/701 1015/2803/701
f 1012/2801/701 1015/2803/701 1016/2804/701
f 1011/2805/702 1009/2806/702 1013/2807/702
f 1011/2805/702 1013/2807/702 1015/2808/702
f 1016/2809/703 1014/2810/703 1010/2811/703
f 1016/2809/703 1010/2811/703 1012/2812/703
f 1020/2813/704 1018/2814/704 1017/2815/704
f 1020/2813/704 1017/2815/704 1019/2816/704
f 1023/2817/705 1021/2818/705 1022/2819/705
f 1023/2817/705 1022/2819/705 1024/2820/705
f 1020/2821/706 1019/2822/706 1023/2823/706
f 1020/2821/706 1023/2823/706 1024/2824/706
f 1019/2825/707 1017/2826/707 1021/2827/707
f 1019/2825/707 1021/2827/707 1023/2828/707
f 1024/2829/708 1022/2830/708 1018/2831/708
f 1024/2829/708 1018/2831/708 1020/2832/708
f 1028/2833/709 1026/2834/709 1025/2835/709
f 1028/2833/709 1025/2835/709 1027/2836/709
f 1031/2837/710 1029/2838/710 1030/2839/710
f 1031/2837/710 1030/2839/710 1032/2840/710
f 1028/2841/711 1027/2842/711 1031/2843/711
f 1028/2841/711 1031/2843/711 1032/2844/711
f 1027/2845/712 1025/2846/712 1029/2847/712
f 1027/2845/712 1029/2847/712 1031/2848/712
f 1032/2849/713 1030/2850/713 1026/2851/713
f 1032/2849/713 1026/2851/713 1028/2852/713
f 1036/2853/714 1034/2854/714 1033/2855/714
f 1036/2853/714 1033/2855/714 1035/2856/714
f 1039/2857/715 1037/2858/715 1038/2859/715
f 1039/2857/715 1038/2859/715 1040/2860/715
f 1036/2861/716 1035/2862/716 1039/2863/716
f 1036/2861/716 1039/2863/716 1040/2864/716
f 1035/2865/717 1033/2866/717 1037/2867/717
f 1035/2865/717 1037/2867/717 1039/2868/717
f 1040/2869/718 1038/2870/718 1034/2871/718
f 1040/2869/718 1034/2871/718 1036/2872/718
f 1044/2873/719 1042/2874/719 1041/2875/719
f 1044/2873/719 1041/2875/719 1043/2876/719
f 1041/2877/720 1042/2878/720 1046/2879/720
f 1041/2877/720 1046/2879/720 1045/2880/720
f 1044/2881/721 1043/2882/721 1047/2883/721
f 1044/2881/721 1047/2883/721 1048/2884/721
f 1043/2885/722 1041/2886/722 1045/2887/722
f 1043/2885/722 1045/2887/722 1047/2888/722
f 1048/2889/723 1046/2890/723 1042/2891/723
f 1048/2889/723 1042/2891/723 1044/2892/723
f 1051/2893/724 1042/2894/724 1049/2895/724
f 1051/2893/724 1049/2895/724 1050/2896/724
f 1050/2897/725 1049/2898/725 1052/2899/725
f 1050/2897/725 1052/2899/725 1053/2900/725
f 1054/2901/726 1046/2902/726 1042/2903/726
f 1054/2901/726 1042/2903/726 1051/2904/726
f 1057/2905/727 1055/2906/727 1044/2907/727
f 1057/2905/727 1044/2907/727 1056/2908/727
f 1056/2909/728 1044/2910/728 1048/2911/728
f 1056/2909/728 1048/2911/728 1059/2912/728
f 1060/2913/729 1058/2914/729 1055/2915/729
f 1060/2913/729 1055/2915/729 1057/2916/729
usemtl common_thingies
f 1064/2917/730 1062/2918/730 1061/2919/730
f 1064/2917/730 1061/2919/730 1063/2920/730
f 1067/2921/731 1065/2922/731 1066/2923/731
f 1067/2921/731 1066/2923/731 1068/2924/731
f 1061/2925/732 1062/2926/732 1066/2927/732
f 1061/2925/732 1066/2927/732 1065/2928/732
f 1063/2929/733 1061/2930/733 1065/2931/733
f 1063/2929/733 1065/2931/733 1067/2932/733
f 1068/2933/734 1066/2934/734 1062/2935/734
f 1068/2933/734 1062/2935/734 1064/2936/734
usemtl chemical_painter
f 1071/2937/735 1070/2938/735 1069/2939/735
f 1071/2937/735 1069/2939/735 623/2940/735
f 1074/2941/736 1072/2942/736 1073/2943/736
f 1074/2941/736 1073/2943/736 1075/2944/736
f 1069/2945/737 1070/2946/737 1073/2947/737
f 1069/2945/737 1073/2947/737 1072/2948/737
f 1071/2949/738 623/2950/738 1074/2951/738
f 1071/2949/738 1074/2951/738 1075/2952/738
f 623/2953/739 1069/2954/739 1072/2955/739
f 623/2953/739 1072/2955/739 1074/2956/739
f 1075/2957/740 1073/2958/740 1070/2959/740
f 1075/2957/740 1070/2959/740 1071/2960/740
f 1076/2961/741 1077/2962/741 1079/2963/741
f 1076/2961/741 1079/2963/741 1078/2964/741
f 1081/2965/742 1080/2966/742 1082/2967/742
f 1081/2965/742 1082/2967/742 1083/2968/742
f 1082/2969/743 1078/2970/743 1079/2971/743
f 1082/2969/743 1079/2971/743 1083/2972/743
f 1080/2973/744 1076/2974/744 1078/2975/744
f 1080/2973/744 1078/2975/744 1082/2976/744
f 1077/2977/745 1081/2978/745 1083/2979/745
f 1077/2977/745 1083/2979/745 1079/2980/745
f 1084/2981/746 1085/2982/746 1087/2983/746
f 1084/2981/746 1087/2983/746 1086/2984/746
f 1089/2985/747 1088/2986/747 1090/2987/747
f 1089/2985/747 1090/2987/747 1091/2988/747
f 1090/2989/748 1086/2990/748 1087/2991/748
f 1090/2989/748 1087/2991/748 1091/2992/748
f 1088/2993/749 1084/2994/749 1086/2995/749
f 1088/2993/749 1086/2995/749 1090/2996/749
f 1085/2997/750 1089/2998/750 1091/2999/750
f 1085/2997/750 1091/2999/750 1087/3000/750
f 1092/3001/751 1093/3002/751 1095/3003/751
f 1092/3001/751 1095/3003/751 1094/3004/751
f 1097/3005/752 1096/3006/752 1098/3007/752
f 1097/3005/752 1098/3007/752 1099/3008/752
f 1098/3009/753 1094/3010/753 1095/3011/753
f 1098/3009/753 1095/3011/753 1099/3012/753
f 1096/3013/754 1092/3014/754 1094/3015/754
f 1096/3013/754 1094/3015/754 1098/3016/754
f 1093/3017/755 1097/3018/755 1099/3019/755
f 1093/3017/755 1099/3019/755 1095/3020/755
f 1100/3021/756 1101/3022/756 1103/3023/756
f 1100/3021/756 1103/3023/756 1102/3024/756
f 1105/3025/757 1104/3026/757 1106/3027/757
f 1105/3025/757 1106/3027/757 1107/3028/757
f 1106/3029/758 1102/3030/758 1103/3031/758
f 1106/3029/758 1103/3031/758 1107/3032/758
f 1104/3033/759 1100/3034/759 1102/3035/759
f 1104/3033/759 1102/3035/759 1106/3036/759
f 1101/3037/760 1105/3038/760 1107/3039/760
f 1101/3037/760 1107/3039/760 1103/3040/760
f 1108/3041/761 1109/3042/761 1111/3043/761
f 1108/3041/761 1111/3043/761 1110/3044/761
f 1113/3045/762 1112/3046/762 1114/3047/762
f 1113/3045/762 1114/3047/762 1115/3048/762
f 1114/3049/763 1110/3050/763 1111/3051/763
f 1114/3049/763 1111/3051/763 1115/3052/763
f 1112/3053/764 1108/3054/764 1110/3055/764
f 1112/3053/764 1110/3055/764 1114/3056/764
f 1109/3057/765 1113/3058/765 1115/3059/765
f 1109/3057/765 1115/3059/765 1111/3060/765
f 1116/3061/766 1117/3062/766 1119/3063/766
f 1116/3061/766 1119/3063/766 1118/3064/766
f 1000/3065/767 1117/3066/767 1116/3067/767
f 1000/3065/767 1116/3067/767 1120/3068/767
f 1121/3069/768 1118/3070/768 1119/3071/768
f 1121/3069/768 1119/3071/768 1122/3072/768
f 1120/3073/769 1116/3074/769 1118/3075/769
f 1120/3073/769 1118/3075/769 1121/3076/769
f 1117/3077/770 1000/3078/770 1122/3079/770
f 1117/3077/770 1122/3079/770 1119/3080/770
f 1123/3081/771 1117/3082/771 1125/3083/771
f 1123/3081/771 1125/3083/771 1124/3084/771
f 1126/3085/772 1123/3086/772 1124/3087/772
f 1126/3085/772 1124/3087/772 1127/3088/772
f 1117/3089/773 1000/3090/773 1128/3091/773
f 1117/3089/773 1128/3091/773 1125/3092/773
f 1119/3093/774 1129/3094/774 1131/3095/774
f 1119/3093/774 1131/3095/774 1130/3096/774
f 1122/3097/775 1119/3098/775 1130/3099/775
f 1122/3097/775 1130/3099/775 1133/3100/775
f 1129/3101/776 1132/3102/776 1134/3103/776
f 1129/3101/776 1134/3103/776 1131/3104/776
f 1135/3105/777 1136/3106/777 1138/3107/777
f 1135/3105/777 1138/3107/777 1137/3108/777
f 1140/3109/778 1139/3110/778 1141/3111/778
f 1140/3109/778 1141/3111/778 1142/3112/778
f 1140/3113/779 1136/3114/779 1135/3115/779
f 1140/3113/779 1135/3115/779 1139/3116/779
f 1141/3117/780 1137/3118/780 1138/3119/780
f 1141/3117/780 1138/3119/780 1142/3120/780
f 1136/3121/781 1140/3122/781 1142/3123/781
f 1136/3121/781 1142/3123/781 1138/3124/781
f 1143/3125/782 1144/3126/782 1146/3127/782
f 1143/3125/782 1146/3127/782 1145/3128/782
f 1148/3129/783 1147/3130/783 1149/3131/783
f 1148/3129/783 1149/3131/783 1150/3132/783
f 1148/3133/784 1144/3134/784 1143/3135/784
f 1148/3133/784 1143/3135/784 1147/3136/784
f 1149/3137/785 1145/3138/785 1146/3139/785
f 1149/3137/785 1146/3139/785 1150/3140/785
f 1147/3141/786 1143/3142/786 1145/3143/786
f 1147/3141/786 1145/3143/786 1149/3144/786
f 1144/3145/787 1148/3146/787 1150/3147/787
f 1144/3145/787 1150/3147/787 1146/3148/787
f 1151/3149/788 1152/3150/788 1154/3151/788
f 1151/3149/788 1154/3151/788 1153/3152/788
f 1156/3153/789 1155/3154/789 1157/3155/789
f 1156/3153/789 1157/3155/789 1158/3156/789
f 1156/3157/790 1152/3158/790 1151/3159/790
f 1156/3157/790 1151/3159/790 1155/3160/790
f 1157/3161/791 1153/3162/791 1154/3163/791
f 1157/3161/791 1154/3163/791 1158/3164/791
f 1155/3165/792 1151/3166/792 1153/3167/792
f 1155/3165/792 1153/3167/792 1157/3168/792
f 1152/3169/793 1156/3170/793 1158/3171/793
f 1152/3169/793 1158/3171/793 1154/3172/793
f 1159/3173/794 1160/3174/794 1162/3175/794
f 1159/3173/794 1162/3175/794 1161/3176/794
f 1164/3177/795 1163/3178/795 1165/3179/795
f 1164/3177/795 1165/3179/795 1166/3180/795
f 1164/3181/796 1160/3182/796 1159/3183/796
f 1164/3181/796 1159/3183/796 1163/3184/796
f 1165/3185/797 1161/3186/797 1162/3187/797
f 1165/3185/797 1162/3187/797 1166/3188/797
f 1163/3189/798 1159/3190/798 1161/3191/798
f 1163/3189/798 1161/3191/798 1165/3192/798
f 1160/3193/799 1164/3194/799 1166/3195/799
f 1160/3193/799 1166/3195/799 1162/3196/799
usemtl conveyor
f 1167/3197/800 1168/3198/800 1170/3199/800
f 1167/3197/800 1170/3199/800 1169/3200/800
f 1172/3201/801 1168/3202/801 1167/3203/801
f 1172/3201/801 1167/3203/801 1171/3204/801
usemtl chemical_painter
f 1173/3205/802 1174/3206/802 1169/3207/802
f 1173/3205/802 1169/3207/802 546/3208/802
f 1134/3209/803 1174/3210/803 1173/3211/803
f 1134/3209/803 1173/3211/803 1133/3212/803
f 1133/3213/804 1173/3214/804 546/3215/804
f 1133/3213/804 546/3215/804 624/3216/804
f 1174/3217/805 1134/3218/805 1175/3219/805
f 1174/3217/805 1175/3219/805 1169/3220/805
f 1176/3221/806 1177/3222/806 544/3223/806
f 1176/3221/806 544/3223/806 1170/3224/806
f 1128/3225/807 1177/3226/807 1176/3227/807
f 1128/3225/807 1176/3227/807 1127/3228/807
f 1127/3229/808 1176/3230/808 1170/3231/808
f 1127/3229/808 1170/3231/808 1178/3232/808
f 1182/3233/809 926/3234/809 925/3235/809
f 1182/3233/809 925/3235/809 1181/3236/809
f 1181/3237/810 925/3238/810 642/3239/810
f 1181/3237/810 642/3239/810 559/3240/810
f 926/3241/811 1182/3242/811 1183/3243/811
f 926/3241/811 1183/3243/811 1180/3244/811
f 1182/3245/812 1181/3246/812 559/3247/812
f 1182/3245/812 559/3247/812 1183/3248/812
usemtl conveyor
f 1187/3249/813 1185/3250/813 1184/3251/813
f 1187/3249/813 1184/3251/813 1186/3252/813
f 1187/3253/814 1186/3254/814 1183/3255/814
f 1187/3253/814 1183/3255/814 1188/3256/814
usemtl chemical_painter
f 1192/3257/815 920/3258/815 919/3259/815
f 1192/3257/815 919/3259/815 1191/3260/815
f 1191/3261/816 919/3262/816 1189/3263/816
f 1191/3261/816 1189/3263/816 1188/3264/816
f 920/3265/817 1192/3266/817 540/3267/817
f 920/3265/817 540/3267/817 1190/3268/817
f 1192/3269/818 1191/3270/818 1188/3271/818
f 1192/3269/818 1188/3271/818 540/3272/818
f 1177/3273/819 1128/3274/819 1179/3275/819
f 1177/3273/819 1179/3275/819 544/3276/819
f 1193/3277/820 1194/3278/820 1196/3279/820
f 1193/3277/820 1196/3279/820 1195/3280/820
f 1197/3281/821 1193/3282/821 1195/3283/821
f 1197/3281/821 1195/3283/821 1199/3284/821
f 1194/3285/822 1198/3286/822 1200/3287/822
f 1194/3285/822 1200/3287/822 1196/3288/822
f 1201/3289/823 1202/3290/823 1194/3291/823
f 1201/3289/823 1194/3291/823 1193/3292/823
f 1203/3293/824 1201/3294/824 1193/3295/824
f 1203/3293/824 1193/3295/824 1197/3296/824
f 1202/3297/825 1204/3298/825 1198/3299/825
f 1202/3297/825 1198/3299/825 1194/3300/825
f 1201/3301/826 1203/3302/826 1204/3303/826
f 1201/3301/826 1204/3303/826 1202/3304/826
f 1199/3305/827 1195/3306/827 1196/3307/827
f 1199/3305/827 1196/3307/827 1200/3308/827
f 1205/3309/828 1206/3310/828 1208/3311/828
f 1205/3309/828 1208/3311/828 1207/3312/828
f 1209/3313/829 1205/3314/829 1207/3315/829
f 1209/3313/829 1207/3315/829 1211/3316/829
f 1206/3317/830 1210/3318/830 1212/3319/830
f 1206/3317/830 1212/3319/830 1208/3320/830
f 1213/3321/831 1214/3322/831 1206/3323/831
f 1213/3321/831 1206/3323/831 1205/3324/831
f 1215/3325/832 1213/3326/832 1205/3327/832
f 1215/3325/832 1205/3327/832 1209/3328/832
f 1214/3329/833 1216/3330/833 1210/3331/833
f 1214/3329/833 1210/3331/833 1206/3332/833
f 1213/3333/834 1215/3334/834 1216/3335/834
f 1213/3333/834 1216/3335/834 1214/3336/834
f 1211/3337/835 1207/3338/835 1208/3339/835
f 1211/3337/835 1208/3339/835 1212/3340/835
f 1217/3341/836 1218/3342/836 1220/3343/836
f 1217/3341/836 1220/3343/836 1219/3344/836
f 1222/3345/837 1221/3346/837 1223/3347/837
f 1222/3345/837 1223/3347/837 1224/3348/837
f 1222/3349/838 1218/3350/838 1217/3351/838
f 1222/3349/838 1217/3351/838 1221/3352/838
f 1223/3353/839 1219/3354/839 1220/3355/839
f 1223/3353/839 1220/3355/839 1224/3356/839
f 1218/3357/840 1222/3358/840 1224/3359/840
f 1218/3357/840 1224/3359/840 1220/3360/840
f 1225/3361/841 1226/3362/841 1228/3363/841
f 1225/3361/841 1228/3363/841 1227/3364/841
f 1230/3365/842 1229/3366/842 1231/3367/842
f 1230/3365/842 1231/3367/842 1232/3368/842
f 1230/3369/843 1226/3370/843 1225/3371/843
f 1230/3369/843 1225/3371/843 1229/3372/843
f 1231/3373/844 1227/3374/844 1228/3375/844
f 1231/3373/844 1228/3375/844 1232/3376/844
f 1226/3377/845 1230/3378/845 1232/3379/845
f 1226/3377/845 1232/3379/845 1228/3380/845
f 1233/3381/846 1234/3382/846 1236/3383/846
f 1233/3381/846 1236/3383/846 1235/3384/846
f 1238/3385/847 1237/3386/847 1239/3387/847
f 1238/3385/847 1239/3387/847 1240/3388/847
f 1238/3389/848 1234/3390/848 1233/3391/848
f 1238/3389/848 1233/3391/848 1237/3392/848
f 1239/3393/849 1235/3394/849 1236/3395/849
f 1239/3393/849 1236/3395/849 1240/3396/849
f 1234/3397/850 1238/3398/850 1240/3399/850
f 1234/3397/850 1240/3399/850 1236/3400/850
f 1241/3401/851 1242/3402/851 1244/3403/851
f 1241/3401/851 1244/3403/851 1243/3404/851
f 1246/3405/852 1245/3406/852 1247/3407/852
f 1246/3405/852 1247/3407/852 1248/3408/852
f 1246/3409/853 1242/3410/853 1241/3411/853
f 1246/3409/853 1241/3411/853 1245/3412/853
f 1247/3413/854 1243/3414/854 1244/3415/854
f 1247/3413/854 1244/3415/854 1248/3416/854
f 1242/3417/855 1246/3418/855 1248/3419/855
f 1242/3417/855 1248/3419/855 1244/3420/855
f 1249/3421/856 1250/3422/856 1252/3423/856
f 1249/3421/856 1252/3423/856 1251/3424/856
f 1254/3425/857 1253/3426/857 1255/3427/857
f 1254/3425/857 1255/3427/857 1256/3428/857
f 1254/3429/858 1250/3430/858 1249/3431/858
f 1254/3429/858 1249/3431/858 1253/3432/858
f 1255/3433/859 1251/3434/859 1252/3435/859
f 1255/3433/859 1252/3435/859 1256/3436/859
f 1250/3437/860 1254/3438/860 1256/3439/860
f 1250/3437/860 1256/3439/860 1252/3440/860
f 1257/3441/861 1258/3442/861 1260/3443/861
f 1257/3441/861 1260/3443/861 1259/3444/861
f 1262/3445/862 1261/3446/862 1263/3447/862
f 1262/3445/862 1263/3447/862 1264/3448/862
f 1262/3449/863 1258/3450/863 1257/3451/863
f 1262/3449/863 1257/3451/863 1261/3452/863
f 1263/3453/864 1259/3454/864 1260/3455/864
f 1263/3453/864 1260/3455/864 1264/3456/864
f 1258/3457/865 1262/3458/865 1264/3459/865
f 1258/3457/865 1264/3459/865 1260/3460/865
f 1265/3461/866 1266/3462/866 1268/3463/866
f 1265/3461/866 1268/3463/866 1267/3464/866
f 1270/3465/867 1269/3466/867 1271/3467/867
f 1270/3465/867 1271/3467/867 1272/3468/867
f 1270/3469/868 1266/3470/868 1265/3471/868
f 1270/3469/868 1265/3471/868 1269/3472/868
f 1269/3473/869 1265/3474/869 1267/3475/869
f 1269/3473/869 1267/3475/869 1271/3476/869
f 1266/3477/870 1270/3478/870 1272/3479/870
f 1266/3477/870 1272/3479/870 1268/3480/870
usemtl common_copper_cable
f 1274/3481/871 1275/3482/871 1277/3483/871
f 1274/3481/871 1277/3483/871 1276/3484/871
f 1279/3485/872 1278/3486/872 1280/3487/872
f 1279/3485/872 1280/3487/872 1281/3488/872
f 1278/3489/873 1274/3490/873 1276/3491/873
f 1278/3489/873 1276/3491/873 1280/3492/873
f 1284/3493/874 1278/3494/874 1279/3495/874
f 1284/3493/874 1279/3495/874 1285/3496/874
f 1284/3497/875 1282/3498/875 1274/3499/875
f 1284/3497/875 1274/3499/875 1278/3500/875
f 1282/3501/876 1284/3502/876 1285/3503/876
f 1282/3501/876 1285/3503/876 1283/3504/876
f 1282/3505/877 1287/3506/877 1286/3507/877
f 1282/3505/877 1286/3507/877 1274/3508/877
f 1274/3509/878 1286/3510/878 1288/3511/878
f 1274/3509/878 1288/3511/878 1275/3512/878
f 1287/3513/879 1282/3514/879 1283/3515/879
f 1287/3513/879 1283/3515/879 1289/3516/879
f 1290/3517/880 1291/3518/880 1273/3519/880
f 1290/3517/880 1273/3519/880 1292/3520/880
f 1293/3521/881 1287/3522/881 1289/3523/881
f 1293/3521/881 1289/3523/881 1294/3524/881
f 1293/3525/882 1291/3526/882 1290/3527/882
f 1293/3525/882 1290/3527/882 1287/3528/882
f 1295/3529/883 1290/3530/883 1292/3531/883
f 1295/3529/883 1292/3531/883 1296/3532/883
f 1287/3533/884 1290/3534/884 1295/3535/884
f 1287/3533/884 1295/3535/884 1286/3536/884
f 1286/3537/885 1295/3538/885 1296/3539/885
f 1286/3537/885 1296/3539/885 1288/3540/885
usemtl chemical_painter
f 1299/3541/886 1298/3542/886 1297/3543/886
f 1299/3541/886 1297/3543/886 627/3544/886
f 1297/3545/887 1298/3546/887 1060/3547/887
f 1297/3545/887 1060/3547/887 1059/3548/887
f 627/3549/888 1297/3550/888 1059/3551/888
f 627/3549/888 1059/3551/888 1071/3552/888
f 1300/3553/889 1060/3554/889 1298/3555/889
f 1300/3553/889 1298/3555/889 1299/3556/889
f 1304/3557/890 1302/3558/890 1301/3559/890
f 1304/3557/890 1301/3559/890 1303/3560/890
f 1301/3561/891 1302/3562/891 1054/3563/891
f 1301/3561/891 1054/3563/891 1053/3564/891
f 1303/3565/892 1301/3566/892 1053/3567/892
f 1303/3565/892 1053/3567/892 1305/3568/892
f 1075/3569/893 1054/3570/893 1302/3571/893
f 1075/3569/893 1302/3571/893 1304/3572/893
usemtl conveyor
f 1303/3573/894 1307/3574/894 1306/3575/894
f 1303/3573/894 1306/3575/894 1299/3576/894
f 1306/3577/895 1307/3578/895 1309/3579/895
f 1306/3577/895 1309/3579/895 1308/3580/895
usemtl common_bottom
f 1315/3581/896 1314/3582/896 1311/3583/896
f 1315/3581/896 1311/3583/896 1310/3584/896
f 1316/3585/897 1315/3586/897 1310/3587/897
f 1316/3585/897 1310/3587/897 1312/3588/897
f 1317/3589/898 1316/3590/898 1312/3591/898
f 1317/3589/898 1312/3591/898 1313/3592/898
f 1314/3593/899 1317/3594/899 1313/3595/899
f 1314/3593/899 1313/3595/899 1311/3596/899
f 1322/3597/900 1320/3598/900 1321/3599/900
f 1322/3597/900 1321/3599/900 1323/3600/900
f 1324/3601/901 1322/3602/901 1323/3603/901
f 1324/3601/901 1323/3603/901 1325/3604/901
f 1319/3605/902 1324/3606/902 1325/3607/902
f 1319/3605/902 1325/3607/902 1318/3608/902
f 1320/3609/903 1319/3610/903 1318/3611/903
f 1320/3609/903 1318/3611/903 1321/3612/903
usemtl chemical_painter
f 1328/3613/904 1327/3614/904 1326/3615/904
f 1328/3613/904 1326/3615/904 1329/3616/904
f 1332/3617/905 1331/3618/905 1330/3619/905
f 1332/3617/905 1330/3619/905 1333/3620/905
f 1336/3621/906 1335/3622/906 1334/3623/906
f 1336/3621/906 1334/3623/906 1337/3624/906
f 1342/3625/907 1339/3626/907 1341/3627/907
f 1342/3625/907 1341/3627/907 1343/3628/907
f 1338/3629/908 1344/3630/908 1345/3631/908
f 1338/3629/908 1345/3631/908 1340/3632/908
f 1344/3633/909 1342/3634/909 1343/3635/909
f 1344/3633/909 1343/3635/909 1345/3636/909
f 1339/3637/910 1338/3638/910 1340/3639/910
f 1339/3637/910 1340/3639/910 1341/3640/910