# Made by Pabilo8 with Blockbench
# Exported with IIToolkit Plugin
mtllib projectile_workshop.mtl


o main
v -0.0625 0 -1
v -0.9375 0 -1
v -1 0.1875 -0.25
v -1 0.1875 -1
v -0.9999999936899524 0 -0.24999999699521558
v -1 0.0015625000000003553 -1
v -0.9375 0.1875 -0.25
v -0.9375 0.1875 -1
v -0.9374999936899524 0 -0.24999999699521558
v -0.0625 0.18750000000000022 -0.25
v -0.0625 0.1875 -1
v -0.062499993689952404 2.220446049250313e-16 -0.24999999699521558
v 0 0.18750000000000022 -0.25
v 0 0.1875 -1
v 1.7027113052847653e-9 0 -1.0000000001001594
v 3.4054226105695307e-9 0 0.06249999979968113
v 0.3125 0.1875000008012755 -0.7500000048076552
v 1.0249999984976066 0.25 -0.5312499907853283
v 1.0874999984976066 0.25 -0.5312499907853283
v 1.0249999984976066 0.0625 -0.5312499907853283
v 1.0874999984976066 0.0625 -0.5312499907853283
v 1.0249999984976066 0.25 -0.3437499907853283
v 1.0874999984976066 0.25 -0.3437499907853283
v 1.0249999984976066 0.0625 -0.3437499907853283
v 1.0874999984976066 0.0625 -0.3437499907853283
v 0.0625 0.9406249999999998 0.0031250000000000444
v 0.0625 0.0031249999999998224 0.0031250000000000444
v 1 0.9406249999999998 0.0031250000000000444
v 1 0.0031249999999998224 0.0031250000000000444
v 1.9375 0.9406249999999998 0.0031250000000000444
v 1.9375 0.0031249999999998224 0.0031250000000000444
v -0.0625 0.125 -1
v -0.0625 0.125 -0.0625
v -0.9375 0.125 -1
v -0.9375 0.125 -0.0625
v 0.25 0.8125 2
v 0.25 0.8125 1.9375
v 0.25 0.3125 2
v 0.25 0.3125 1.9375
v 0.75 0.8125 2
v 0.75 0.8125 1.9375
v 0.75 0.3125 2
v 0.75 0.3125 1.9375
v 0.375 1 2
v 0.375 1 1.9375
v 0.375 0.8125 2
v 0.375 0.8125 1.9375
v 0.625 1 2
v 0.625 1 1.9375
v 0.625 0.8125 2
v 0.625 0.8125 1.9375
v 0.9984374999999996 0.6888689317464678 -0.9983185623016886
v 2.374999999999999 0.75 0.8125
v 0 0.1875 -0.9375
v 6.310047595547985e-9 2.220446049250313e-16 -0.24999999699521558
v 0 0 -0.9375
v 2 0.1875 0
v 2 0.1875 -0.9375
v 2 0 0
v 2 0 -0.9375
v 2.0625 0.1875 0
v 2.0625 0.1875 -0.9375
v 2.0625 0 0
v 2.0625 0 -0.9375
v 2 0.1875 0.6875
v 2.0000000063100476 0 0.6875000030047844
v 2.0625 0.1875 0.6875
v 2.0625000063100476 0 0.6875000030047844
v 2.9375 0.1875 -0.9375
v 2.937500000000001 1.5357786153913366e-9 -0.9374999998664539
v 2.9375 0.1875 0.6875
v 2.9375 0.18749999999999978 0
v 2.9375000063100476 0 0.6875000030047844
v 2.9375 -2.220446049250313e-16 0
v 3 0.1875 0.6875
v 3 0.18749999999999978 0
v 3.0000000063100476 0 0.6875000030047844
v 3 -2.220446049250313e-16 0
v 1 0.934375001001595 0.06874999219757605
v 2.374999999999999 0.9375 0.875
v 2.374999999999999 0.9375 0.8125
v 2.374999999999999 0.75 0.875
v 2.624999999999999 0.9375 0.875
v 2.624999999999999 0.9375 0.8125
v 2.624999999999999 0.75 0.875
v 2.624999999999999 0.75 0.8125
v 3.000000014122487 0.6875000035055825 0.8749999994992033
v 2.9375000126200943 0.6875 0.8750000060095693
v 3.000000012720254 4.00637967246098e-9 0.8750000030047846
v 2.937500012620095 0 0.8750000060095693
v 3.000000014122487 0.6875000035055825 0.6874999994992028
v 2.9375000126200943 0.6875 0.6875000060095688
v 3.000000012620095 0.3125 0.8750000060095693
v 3.000000012620095 0.3125 0.6875000060095688
v 2.937500012620095 0.3125 0.6875000060095688
v 2.937500012620095 0.3125 0.8750000060095693
v 2.00000001562488 0.750000007011165 0.8749999929888368
v 2.000000014122487 0.6875000035055825 0.8749999994992028
v 3.000000015624879 0.750000007011165 0.8749999929888372
v 2.00000001562488 0.750000007011165 0.6874999929888368
v 2.000000014122487 0.6875000035055825 0.6874999994992028
v 3.000000015624879 0.750000007011165 0.6874999929888368
v 2.0625000126200943 0.6875 0.8750000060095688
v 2.062500012620095 0 0.8750000060095688
v 2.000000012720254 4.00637922837177e-9 0.8750000030047844
v 2.0625000126200943 0.6875 0.6875000060095688
v 2.062500012620095 0.3125 0.8750000060095688
v 2.062500012620095 0.3125 0.6875000060095688
v 2.000000012620095 0.3125 0.6875000060095688
v 2.000000012620095 0.3125 0.8750000060095688
v 0.5593749999999993 0.5625 -1
v 3.000000012820414 1.000000008012759 1.875
v 3.000000012820414 1.0000000080127585 0.8749999999999998
v 1.9406250021367348 0.9999999962273256 1.875000001702711
v 1.9406250064102066 0.9999999988982453 0.875000001702711
v 3.0000000054753837 5.7424767163638535e-9 1.8750000022702817
v 1.9375000042734714 2.6709188194473654e-9 1.875
v 1.937500006410207 4.00637922837177e-9 0.875
v 2.000000012820414 1.000000008012759 0.8749999999999998
v 2.000000012820414 8.01275845674354e-9 1.875
v 2.000000012820414 1.000000008012759 1.875
v -0.625 0.9375 -0.0625
v -0.625 0.9375 -0.125
v -0.625 0.75 -0.0625
v -0.625 0.75 -0.125
v -0.375 0.9375 -0.0625
v -0.375 0.9375 -0.125
v -0.375 0.75 -0.0625
v -0.375 0.75 -0.125
v -0.9999999843751199 0.750000007011165 -0.0625000070111632
v -0.9999999858775128 0.6875000035055825 -0.06250000050079718
v 7.812440028232004e-9 0.7500000035055825 -0.0625000035055816
v 1.4122487179690779e-8 0.6875000035055825 -0.06250000050079696
v -0.9999999843751199 0.750000007011165 -0.2500000070111632
v -0.9999999858775128 0.6875000035055825 -0.2500000005007972
v 1.5624880056464008e-8 0.750000007011165 -0.2500000070111632
v 1.4122487179690779e-8 0.6875000035055825 -0.2500000005007972
v -0.9374999873799053 0.6875 -0.06249999399043116
v -0.9374999873799048 0 -0.06249999399043116
v -0.9999999936899524 0 -0.06249999699521558
v -0.9374999873799053 0.6875 -0.24999999399043116
v -0.9374999873799048 0.3125 -0.06249999399043116
v -0.9374999873799048 0.3125 -0.24999999399043116
v -0.9999999873799048 0.3125 -0.24999999399043116
v -0.9999999873799048 0.3125 -0.06249999399043116
v -0.06249998737990481 0.6875 -0.06249999399043071
v 1.262009519109597e-8 0 -0.06249999399043071
v -0.0624999968449762 0 -0.06249999849760768
v -0.06249998737990481 0.6875 -0.24999999399043116
v 1.262009519109597e-8 0.3125 -0.06249999399043071
v 1.262009519109597e-8 0.3125000000000002 -0.24999999399043116
v -0.06249998737990481 0.3125000000000002 -0.24999999399043116
v -0.06249998737990481 0.3125 -0.06249999399043071
v -0.9375000000000009 -0.0624999967949007 0.5000000002003155
v -0.0625 1.875 -0.0625
v -0.0625 0.9375 -0.0625
v 0.9375 1.9999999999999996 1
v 0.9375 2 0.0625
v 0.9375 -0.0625 0.0625
v 1.9375 2 1
v 1.9375 2 0.0625
v 1.9375000008513563 -0.06250000000000089 0.06093749994992037
v 1.93750000170271 1 0.062499999899840564
v 0.9375 1.0000000000000004 0.0625
v 1.9374999999999991 1 1
v 1.9375 -0.06250000000000089 0.9999999999999998
v 0.9375000061097278 2.00000000560893 1.937499994391069
v 1.9375 2 1.9374999999999996
v 1.9374999999999982 1 1.9375
v 1.9375 -8.881784197001252e-16 1.9375
v 0.9375 0 1.9375
v 0.9375 1 1.9375
v -0.0625 2 1
v -0.0625 2 0.0625
v -0.0625 -0.06249999999999978 0.9999999999999998
v -0.0625 -0.0625 0.0625
v -0.0625 1 0.0625
v -0.0625 1 1
v -0.0625 2 1.9374999999999996
v -0.0625 1 1.9375
v 1.6250000028044642 1.6250000035389682 2.125
v 1.6250000042066972 1.6250000053084528 1.9375
v 1.6249999999999991 0.4999999999999989 2.125
v 1.6249999999999991 0.4999999999999989 1.9375
v 1.8124999999999991 1.625 2.125
v 1.8124999999999991 1.625 1.9375
v 1.8124999999999991 0.4999999999999991 2.125
v 1.8124999999999991 0.4999999999999991 1.9375
v 1.6249999999999991 1.0625 2.125
v 1.8124999999999991 1.0625 2.125
v 1.8124999999999991 1.0625 1.9375
v 1.6249999999999991 1.0625 1.9375
v 1.6249999999999991 0.4374999999999989 2.125
v 1.625 0.3124999999999989 1.9375
v 1.8124999999999991 0.4374999999999991 2.125
v 1.8125 0.3124999999999991 1.9375
v 1.6250000042066972 1.8125000053084528 2.125
v 1.6250000042066972 1.8125000053084528 1.9375
v 0.687500002804466 1.812500003538967 2.125
v 0.6875000042066981 1.8125000053084515 1.9375
v 0.6875000042066981 1.6250000053084515 2.125
v 0.6875000042066981 1.6250000053084515 1.9375
v 0.6875000066186807 2.1874999969711117 2.1249999999999996
v 0.6875000066186807 2.1874999969711117 1.9374999999999996
v 0.6875000132373614 2.312499993942224 2.1249999999999996
v 0.6875000132373614 2.374999993942224 1.9374999999999996
v 0.5000000066186807 2.187499996971112 2.1249999999999996
v 0.5000000066186807 2.187499996971112 1.9374999999999996
v 0.5000000132373614 2.312499993942225 2.1249999999999996
v 0.5000000132373614 2.374999993942225 1.9374999999999996
v 0.5 1.8124999999999991 2.125
v 0.5 1.8124999999999991 1.9375
v 0.06250000661868071 2.187499996971112 2.1249999999999996
v 0.06250000661868071 2.187499996971112 1.9374999999999996
v 0.0625 1.3749999999999991 2.125
v 0.0625 1.3749999999999991 1.9375
v 0.2500000066186807 2.1874999969711117 2.1249999999999996
v 0.2500000066186807 2.1874999969711117 1.9374999999999996
v 0.25000000240382736 1.3750000030715568 2.125
v 0.2500000036057415 1.3750000046073354 1.9375
v 1.2500000036057406 1.3750000046073358 2.125
v 1.2500000036057406 1.3750000046073358 1.9375
v 1.2500000024038274 1.1875000030715572 2.125
v 1.2500000036057415 1.1875000046073358 1.9375
v 0.2500000036057415 1.1875000046073354 2.125
v 0.2500000036057415 1.1875000046073354 1.9375
v 1.25 0.5 2.125
v 1.25 0.5 1.9375
v 1.4375 1.1874999999999996 2.125
v 1.4375 1.1874999999999996 1.9375
v 1.4375 0.5 2.125
v 1.4375 0.5 1.9375
v 1.4374999999999991 1.3124999999999996 2.125
v 1.4374999999999991 1.3124999999999996 1.9375
v 1.25 0.4375 2.125
v 1.25 0.3124999999999998 1.9375
v 1.4375 0.4375 2.125
v 1.4375 0.3124999999999998 1.9375
v 1.8124999999999991 1.75 2.125
v 1.8124999999999991 1.75 1.9375
v 0.5 1.6874999999999991 2.125
v 0.5 1.6874999999999991 1.9375
v 0.0625 1.2499999999999991 2.125
v 0.0625 1.2499999999999991 1.9375
v 0.25000001323736143 2.312499993942224 2.1249999999999996
v 0.25000001323736143 2.374999993942224 1.9374999999999996
v 0.06250001323736143 2.312499993942225 2.1249999999999996
v 0.06250001323736143 2.374999993942225 1.9374999999999996
v 1.8750000036057415 -0.06249999539266504 1.9375
v 1.8750000036057415 -0.06249999539266504 1.875
v 3.0000000036057415 -0.062499995392664376 1.9375
v 3.00000000180287 -0.062499995392664376 1.8750000034054226
v 1.8750000036057415 4.60733495799559e-9 1.9375
v 1.8750000036057415 4.60733495799559e-9 1.875
v -1.0000000000000004 -0.4992187495993621 -1
v -1 -0.9999999983974481 -1.0000000000000009
v -1.0000000000000004 -0.4999999983974486 0.49999999999999667
v -1 -0.9999999983974486 0.499999999999996
v 1 -0.499999998397449 -1.0000000000000004
v 1 -0.999999998397449 -1.0000000000000009
v 1 -0.9999999983974488 0.499999999999996
v 2.999999999999999 -0.4992187495993621 -1
v 2.999999999999999 -0.9999999983974481 -1.0000000000000009
v 2.999999999999999 -0.49999999839744813 0.4999999999999971
v 2.999999999999999 -0.9999999983974481 0.4999999999999962
v 1 -0.4999999994658175 1.999999999999998
v 1 -0.9999999991987267 1.9999999999999964
v -1.0000000000000009 -0.49921874959936297 1.9999999999999984
v -1.0000000000000004 -0.9999999983974528 1.999999999999992
v 2.9999999999999982 -0.4999999994658163 1.9374999999999976
v 2.999999999999999 -0.9999999991987261 1.9374999999999964
v 0.9999999999999991 -0.49999999879808854 1.9375000012019108
v 1 -0.9999999991987258 1.937499999999996
v 1 -0.7499999983974517 1.9374999999999938
v 2.999999999999999 -0.7499999983974517 1.9374999999999938
v 2 -0.7499999983974517 1.9374999999999938
v 2 -0.9999999994658175 1.9374999999999976
v 2 -0.9999999983974481 0.49999999999999334
v 1.9999999999999982 -0.49999999759617664 1.9375000024038234
v -1 -0.5 -0.9375000000000004
v 2.999999999999999 -0.5 -0.9375000000000004
v -1.0000000000000004 -0.5 1.9374999999999996
v -0.9375000000000004 -0.5 1.9374999999999991
v -0.9375 -0.5 -0.9375000000000009
v 2.9375 -0.4999999989316324 1.937500001602551
v 2.937499999999999 -0.5 -0.9375000000000009
v 2.125000008413397 -0.0624999953926646 -1
v -1 0.0015625023036687224 -0.8749999997996811
v -1.0000000000000009 -0.4968750000000002 -0.875
v -0.875 0.0031249999999998224 -0.875
v -0.8749999997996811 0.0015625023036678343 -1
v -0.875 -0.4968750000000002 -0.875
v -0.875 -0.4968750000000002 -1
v -1 0.0031250000000007105 2
v -1 0.0015625023036687224 1.8750000034054226
v -1.0000000000000009 -0.4968749999999993 1.875
v -0.8749999997996811 0.0015625023036678343 2
v -0.875 0.0031249999999998224 1.875
v -0.875 -0.4968749999999993 2
v -0.875 -0.4968749999999993 1.875
v -1 4.60733673435243e-9 1.1250000052082934
v -1 -0.062499995392663266 1.1250000052082934
v -1 -0.062499995392663266 1.8750000068108452
v -0.9375 4.60733673435243e-9 1.1250000052082934
v -0.9375 -0.062499995392663266 1.1250000052082934
v -0.9375 4.60733673435243e-9 1.8750000068108452
v -0.9375 -0.062499995392663266 1.8750000068108452
v -1 -0.062499995392663266 -0.8749999995993623
v -1 4.60733629026322e-9 0.12500000200318961
v -1 -0.06249999539266371 0.12500000200319006
v -0.9375 4.60733673435243e-9 -0.8749999995993623
v -0.9375 -0.062499995392663266 -0.8749999995993623
v -0.9375 4.60733629026322e-9 0.12500000200318961
v -0.9375 -0.06249999539266371 0.12500000200319006
v -0.8749999995993623 -0.062499995392664154 -0.9375
v -0.8749999995993623 -0.062499995392664154 -1
v 0.12500000200318961 -0.062499995392664154 -0.9375
v 0.12500000200318961 -0.062499995392664154 -1
v -0.8749999995993623 4.60733584617401e-9 -0.9375
v 0.12500000200318961 4.60733584617401e-9 -0.9375
v 0.12500000200318961 4.60733584617401e-9 -1
v 2.125000008413397 -0.0624999953926646 -0.9375
v 2.87500001001595 -0.062499995392664154 -0.9375
v 2.87500001001595 -0.062499995392664154 -1
v 2.125000008413397 4.6073354020848e-9 -0.9375
v 2.125000008413397 4.6073354020848e-9 -1
v 2.87500001001595 4.60733584617401e-9 -0.9375
v 2.8750000050079754 0.0015625023036678343 -1
v 1.1250000052082934 -0.0624999953926646 -0.9375
v 1.1250000052082934 -0.0624999953926646 -1
v 1.1250000052082934 4.60733584617401e-9 -0.9375
v 1.1250000052082934 4.60733584617401e-9 -1
v 2.937500000000001 -0.062499995392664154 -0.8749999995993623
v 2.937500000000001 4.607335624129405e-9 0.12500000200318961
v 2.937500000000001 -0.06249999539266371 0.12500000200319006
v 2.999999999999999 0.0015625023036678343 -0.8749999997996811
v 2.999999999999999 -0.062499995392664154 -0.8749999995993623
v 2.999999999999999 4.607335624129405e-9 0.12500000200318961
v 2.999999999999999 -0.06249999539266393 0.12500000200319006
v 2.937500000000001 4.60733584617401e-9 1.1250000052082934
v 2.937500000000001 -0.062499995392664154 1.1250000052082934
v 2.999999999999999 4.60733584617401e-9 1.1250000052082934
v 2.999999999999999 -0.062499995392664154 1.1250000052082934
v 2.937500000000001 4.607335624129405e-9 1.8750000068108452
v 2.937500000000001 -0.062499995392664376 1.8750000068108452
v -0.8749999995993623 -0.062499995392664154 2
v -0.8749999995993623 -0.062499995392664154 1.9375
v 0.12500000200318961 -0.062499995392664154 2
v 0.12500000200318961 -0.062499995392664154 1.9375
v -0.8749999995993623 4.60733673435243e-9 1.9375
v 0.12500000200318961 4.60733584617401e-9 2
v 0.12500000200318961 4.60733584617401e-9 1.9375
v 1.0000000036057415 -0.062499995392664154 2
v 1.0000000012019097 -0.062499996327484375 1.9375000016693245
v 1.0000000018028707 2.303667923087005e-9 2
v 1.0000000008582024 1.1518341835881074e-9 1.9375
v 2.937500000000001 -0.4999999967949007 0.5000000048076547
v 2.937499999999999 -0.06249999679489626 0.5000000025039901
v 2.9374999999999956 -0.06249999679489893 1.9375000048076538
v 1.9999999999999956 -0.06249999679490159 1.9375000048076512
v 2.937500000000001 -0.2499999967949007 0.5000000048076547
v 2.9374999999999956 -0.24999999679489915 1.9375000048076547
v 1.9999999999999956 -0.2499999967949016 1.937500004807652
v 0.9999999999999964 -0.24999999679490337 1.9375000048076494
v 2.937500000000006 -0.5624999967948972 -0.9374999997996722
v 2.937500000000006 -0.06249999679489715 -0.9374999997996745
v 2.937500000000001 -0.5624999967948909 0.5000000002003278
v 1.0000000000000053 -0.562499996794902 -0.9374999997996807
v 1.0000000000000044 -0.06249999679490248 -0.937499999799682
v 2.937500000000006 -0.31249999679489715 -0.9374999997996731
v 1.0000000000000044 -0.3124999967949025 -0.9374999997996811
v 2.937500000000001 -0.3124999967948918 0.5000000002003269
v -0.9374999999999956 -0.5624999967949043 -0.9374999997996865
v -0.9374999999999964 -0.062499996794904256 -0.9374999997996869
v -0.9374999999999991 -0.5624999967949007 0.5000000002003162
v -0.9374999999999969 -0.31249999679490426 -0.9374999997996869
v -0.9375000000000009 -0.3124999967949007 0.500000000200316
v 0.9999999999999947 -0.5624999967948856 1.9375000002003278
v -0.9375000000000053 -0.5624999967948918 1.9375000002003189
v -0.9375000000000071 -0.06249999679489271 1.937500000200317
v 0.9999999999999938 -0.3124999967948856 1.9375000002003269
v -0.9375000000000067 -0.3124999967948927 1.937500000200318
v 2.875 0.0031249999999998224 -0.875
v 2.875000000000001 -0.4968750000000002 -0.875
v 2.875000000000001 -0.4968750000000002 -1
v 2.9999999999999996 0.0015624999999999112 -1
v 2.999999999999999 -0.4968750000000002 -0.875
v 2.999999999999999 -1.0000000000000002 2
v 2.999999999999999 -0.875 2
v 2 -1.0000000000000004 2
v 2 -0.8750000000000002 2
v 2 -0.8750000000000004 1.9375
v 1.875 -0.125 2
v 1.875 -0.125 1.9375
v 1.875 -0.875 2
v 1.875 -0.875 1.9375
v 2 -0.125 2
v 2.125 -0.125 2
v 2.125 -0.125 1.9375
v 2.125 -0.8750000000000009 2
v 2.125 -0.8750000000000009 1.9375
v 1 -0.875 2
v 1 -0.875 1.9375
v 1 -0.125 2
v 1 -0.125 1.9375
v 1.125 -0.125 2
v 1.125 -0.125 1.9375
v 1.125 -0.875 2
v 1.125 -0.875 1.9375
v 2 0 2
v 2.999999999999999 6.661338147750939e-16 2
v 2.999999999999999 -0.12499999999999911 2
v 2.875000000000001 -0.12499999999999911 2
v 2.874999999999999 -0.8749999999999991 2
v 2.25 -0.25 2.0125
v 2.25 -0.25 1.9500000000000002
v 2.25 -0.75 2.0125
v 2.25 -0.75 1.9500000000000002
v 2.750000000000001 -0.2499999999999991 2.0125
v 2.750000000000001 -0.2499999999999991 1.9500000000000002
v 2.749999999999999 -0.7499999999999991 2.0125
v 2.749999999999999 -0.7499999999999991 1.9500000000000002
v 1.25 -0.25 2.0125
v 1.25 -0.2500000000000002 1.9500000000000002
v 1.25 -0.75 2.0125
v 1.25 -0.75 1.9500000000000002
v 1.75 -0.25 2.0125
v 1.75 -0.25 1.9500000000000002
v 1.75 -0.75 2.0125
v 1.75 -0.75 1.9500000000000002
v 0.0625 0.9968750010015945 -0.681250007802424
v 0.0625 0.9343750010015945 -0.681250007802424
v 0.0625 0.9968750010015945 0.06874999219757605
v 0.0625 0.9343750010015945 0.06874999219757605
v 1 0.9968750010015945 -0.681250007802424
v 1 0.9343750010015945 -0.681250007802424
v 1 0.996875001001595 0.06874999219757605
v 0.5 0.9968750010015945 -0.681250007802424
v 0.5 0.9968750010015945 0.06874999219757605
v 0.5 0.9343750010015945 0.06874999219757605
v 0.5 0.9343750010015945 -0.681250007802424
v 0.0625 0.9554029064378895 -0.6430837340101032
v 0.06250000170271175 0.9997985401310245 -0.6873889540172904
v 0.0625 0.646043689668776 -0.9524429507792176
v 0.06171875170271157 0.6881844658732339 -0.9991592812510035
v 1 0.9554029064378895 -0.6430837340101032
v 1 0.9995970802620491 -0.6872779078342623
v 1 0.646043689668776 -0.9524429507792176
v 0.5625 0.9995970802620491 -0.6872779078342623
v 0.5609374999999996 0.6888689317464678 -0.9983185623016886
v 0.5625 0.646043689668776 -0.9524429507792176
v 0.5625 0.9554029064378895 -0.6430837340101032
v 1.9374999999999991 0.9968750010015945 -0.681250007802424
v 1.9374999999999991 0.9343750010015945 -0.681250007802424
v 1.9374999999999991 0.9968750010015945 0.06874999219757605
v 1.9374999999999991 0.9343750010015945 0.06874999219757605
v 1.4375 0.9968750010015945 -0.681250007802424
v 1.4375 0.996875001001595 0.06874999219757605
v 1.4375 0.934375001001595 0.06874999219757605
v 1.4375 0.9343750010015945 -0.681250007802424
v 1.9374999999999991 0.9554029064378895 -0.6430837340101032
v 1.93750000170271 0.9997985401310245 -0.6873889540172904
v 1.9374999999999991 0.646043689668776 -0.9524429507792176
v 1.9367187517027107 0.6881844658732339 -0.9991592812510035
v 1.5 0.9995970802620491 -0.6872779078342623
v 1.4984374999999996 0.6888689317464678 -0.9983185623016886
v 1.5 0.646043689668776 -0.9524429507792176
v 1.5 0.9554029064378895 -0.6430837340101032
v 1.125 0.8750000000000004 0
v 0.9968750000000002 0.5625 -0.9375
v 0.9968750000000002 0.5625 -1
v 1.9343750000000002 0.5625 -0.9375
v 1.9343750000000002 0.5625 -1
v 0.9968750000000002 0.6875 -0.9375
v 1.9343750000000002 0.6875 -0.9375
v 1.4968749999999993 0.5625 -1
v 1.4968749999999993 0.5625 -0.9375
v 1.4968749999999993 0.6875 -0.9375
v 0.05937500000000018 0.5625 -0.9375
v 0.05937500000000018 0.5625 -1
v 0.05937500000000018 0.6875 -0.9375
v 0.5593749999999993 0.5625 -0.9375
v 0.5593749999999993 0.6875 -0.9375
v 0.024999999999999467 0.1875 0
v 0.024999999999999467 0.18750000000000022 -0.125
v 0.9624999999999995 0.18749999999999978 0
v 0.9624999999999995 0.1875 -0.125
v 0.024999999999999467 0.3125 0
v 0.024999999999999467 0.3125000000000002 -0.125
v 0.9624999999999995 0.3125 0
v 0.9624999999999995 0.3125 -0.125
v 0.8999999984976066 0.34375 -0.1562499907853283
v 0.9624999984976066 0.34375 -0.1562499907853283
v 0.8999999984976066 0.15625 -0.1562499907853283
v 0.9624999984976066 0.15625 -0.1562499907853283
v 0.8999999984976066 0.34375 0.03125000921467169
v 0.9624999984976066 0.34375 0.03125000921467169
v 0.8999999984976066 0.15625 0.03125000921467169
v 0.9624999984976066 0.15625 0.03125000921467169
v 0.04999999849760517 0.3437500000000002 -0.1562499907853283
v 0.11249999849760517 0.3437500000000002 -0.1562499907853283
v 0.04999999849760517 0.15625000000000022 -0.1562499907853283
v 0.11249999849760517 0.15625000000000022 -0.1562499907853283
v 0.04999999849760517 0.34375 0.03125000921467169
v 0.11249999849760517 0.34375 0.03125000921467169
v 0.04999999849760517 0.15625 0.03125000921467169
v 0.11249999849760517 0.15625 0.03125000921467169
v 0.0625 0.1875000008012757 -0.7500000048076552
v 0.0625 8.012757124475911e-10 -0.7500000048076552
v 0.0625 0.1875000008012757 -0.18750000480765516
v 0.0625 8.012757124475911e-10 -0.18750000480765516
v 0.5625 0.1875000008012755 -0.7500000048076552
v 0.5625 8.012754904029862e-10 -0.7500000048076552
v 0.5625 0.1875000008012755 -0.18750000480765516
v 0.5625 8.012757124475911e-10 -0.18750000480765516
v 0.0625 0.1875000008012757 -0.43750000480765516
v 0.5625 0.1875000008012755 -0.43750000480765516
v 0.5625 8.012754904029862e-10 -0.43750000480765516
v 0.0625 8.012757124475911e-10 -0.43750000480765516
v 0.3125 0.1875000008012755 -0.43750000480765516
v 0.3125 8.012754904029862e-10 -0.7500000048076552
v 0.3125 8.012757124475911e-10 -0.18750000480765516
v 0.3125 0.1875000008012757 -0.18750000480765516
v 0.625 0.8125 -0.0625
v 0.625 0.8125 -0.125
v 0.625 0.5625 -0.0625
v 0.625 0.5625 -0.125
v 0.875 0.8125 -0.0625
v 0.875 0.8125 -0.125
v 0.875 0.5625 -0.0625
v 0.875 0.5625 -0.125
v 0.1875 0.8125 -0.0625
v 0.1875 0.8125 -0.125
v 0.1875 0.4375 -0.0625
v 0.1875 0.4375000000000002 -0.125
v 0.5625 0.8125 -0.0625
v 0.5625 0.8125 -0.125
v 0.5625 0.4375 -0.0625
v 0.5625 0.4375000000000002 -0.125
v 0.125 0.875 0.0625
v 0.125 0.875 -0.0625
v 0.125 0.375 0.0625
v 0.125 0.375 -0.0625
v 0.875 0.8750000000000004 0.0625
v 0.875 0.875 -0.0625
v 0.875 0.375 0.0625
v 0.875 0.375 -0.0625
v 0.875 0.625 -0.0625
v 0.125 0.625 -0.0625
v 0.125 0.625 0.0625
v 0.875 0.6250000000000004 0.0625
v 0.5 0.625 -0.0625
v 0.5 0.375 -0.0625
v 0.5 0.375 0.0625
v 0.5 0.875 0.0625
v 0.5 0.875 -0.0625
v 0.6875 0.15625000070111605 -0.5625000024539073
v 0.6875 0.031250000701116054 -0.5625000024539073
v 0.6875 0.1562500014022321 0.0624999950921854
v 0.6875 0.03125000140223211 0.0624999950921854
v 0.8124999983640615 0.15625000240382736 -0.562500001635938
v 0.8124999983640615 0.03125000240382736 -0.562500001635938
v 0.8125 0.1562500014022321 0.0624999950921854
v 0.8125 0.03125000140223211 0.0624999950921854
v 0.8999999984976066 0.1875 -0.7187499907853283
v 0.9624999984976066 0.1875 -0.7187499907853283
v 0.8999999984976066 0 -0.7187499907853283
v 0.9624999984976066 0 -0.7187499907853283
v 0.8999999984976066 0.1875 -0.5312499907853283
v 0.9624999984976066 0.1875 -0.5312499907853283
v 0.8999999984976066 0 -0.5312499907853283
v 0.9624999984976066 0 -0.5312499907853283
v 0.8124999975460927 0.031250002904624985 -0.6875
v 0.9999999950921854 0.03125000580924997 -0.5625
v 0.9999999950921854 0.03125000580924997 -0.6875
v 0.8124999975460927 0.15625000290462498 -0.6875
v 0.9999999950921854 0.15625000580924997 -0.5625
v 0.9999999950921854 0.15625000580924997 -0.6875
v 0.75 0.15625 -0.6875
v 0.75 0.03125 -0.6875
v 0.8374999984976066 0.1875 -0.031249990785328308
v 0.8374999984976066 0.1875 0.03125000921467169
v 0.8374999984976066 0 -0.031249990785328308
v 0.8374999984976066 0 0.03125000921467169
v 0.6499999984976066 0.1875 -0.031249990785328308
v 0.6499999984976066 0.1875 0.03125000921467169
v 0.6499999984976066 0 -0.031249990785328308
v 0.6499999984976066 0 0.03125000921467169
v 0.9641801768540965 0.8282280817962882 -0.2962051299342914
v 0.9329301768540965 0.8282280817962882 -0.2962051299342914
v 0.9641801768540965 0.2705403472735197 -0.2227841468105125
v 0.9329301768540965 0.2705403472735197 -0.2227841468105125
v 0.9641801768540965 0.7711228727000154 -0.7299622567853334
v 0.9329301768540965 0.7711228727000154 -0.7299622567853334
v 0.9641801768540965 0.2134351381772479 -0.6565412736615546
v 0.9329301768540965 0.2134351381772479 -0.6565412736615546
v 0.9625000034054212 1.0000000000000004 0.06249999979968113
v 1.0250000034054212 1.0000000000000004 0.06249999979968113
v 0.9625000034054212 0.6875000000000004 0.06249999979968113
v 1.0250000034054212 0.6875000000000004 0.06249999979968113
v 0.9625000034054212 1 -0.6875000002003189
v 1.0250000034054212 1 -0.6875000002003189
v 0.9625000034054212 0.6875 -1.0000000002003189
v 1.0250000034054212 0.6875 -1.0000000002003189
v 0.9625000034054212 0 0.06249999979968113
v 1.025000003405422 0 0.06249999979968113
v 0.9625000034054212 0 -1.0000000002003189
v 1.025000003405422 0 -1.0000000002003189
v 2.000000003405421 0.9999999999999991 0.06249999979968113
v 1.9375000034054208 0.6875 0.06249999979968113
v 2.000000003405421 0.6874999999999991 0.06249999979968113
v 2.000000003405421 0.9999999999999991 -0.6875000002003189
v 2.000000003405421 0.6874999999999991 -1.0000000002003189
v 2.0000000034054226 -8.881784197001252e-16 0.06249999979968113
v 1.9375000034054226 -8.881784197001252e-16 -1.0000000002003189
v 2.0000000017027113 -4.440892098500626e-16 -1.0000000001001594
v 1.5624999999999991 0.8750000000000004 0
v 1.5624999999999991 0.875 -0.1875
v 1.5624999999999991 0.3749999999999989 0
v 1.5624999999999991 0.3749999999999991 -0.1875
v 1.9374999999999991 0.875 0
v 1.9374999999999991 0.875 -0.1875
v 1.9374999999999991 0.3749999999999991 0
v 1.9374999999999991 0.37499999999999933 -0.1875
v 1.125 0.875 -0.1875
v 1.125 0.3749999999999998 0
v 1.125 0.375 -0.1875
v 1.5 0.8750000000000004 0
v 1.5 0.875 -0.1875
v 1.5 0.3749999999999998 0
v 1.5 0.375 -0.1875
v 1 0.24999999999999978 0
v 1 0.25 -0.125
v 1.9375 0.2499999999999991 0
v 1.9375 0.24999999999999933 -0.125
v 1 0.375 0
v 1 0.375 -0.125
v 1.9374999999999991 0.37499999999999933 -0.125
v 1.0249999984976066 0.40625 -0.1562499907853283
v 1.0874999984976066 0.40625 -0.1562499907853283
v 1.0249999984976066 0.21875 -0.1562499907853283
v 1.0874999984976066 0.21875 -0.1562499907853283
v 1.0249999984976066 0.40625 0.03125000921467169
v 1.0874999984976066 0.4062499999999998 0.03125000921467169
v 1.0249999984976066 0.21874999999999978 0.03125000921467169
v 1.0874999984976066 0.21874999999999978 0.03125000921467169
v 1.874999998497608 0.40624999999999933 -0.1562499907853283
v 1.937499998497608 0.40624999999999933 -0.1562499907853283
v 1.874999998497608 0.21874999999999978 -0.1562499907853283
v 1.937499998497608 0.21874999999999978 -0.1562499907853283
v 1.874999998497608 0.4062499999999991 0.03125000921467169
v 1.937499998497608 0.4062499999999991 0.03125000921467169
v 1.874999998497608 0.2187499999999991 0.03125000921467169
v 1.937499998497608 0.2187499999999991 0.03125000921467169
v 1.874999998497608 0.21875000000000022 -0.3437499907853283
v 1.937499998497608 0.21875000000000022 -0.3437499907853283
v 1.874999998497608 0.03125000000000022 -0.3437499907853283
v 1.937499998497608 0.03125000000000022 -0.3437499907853283
v 1.874999998497608 0.03125000000000022 -0.1562499907853283
v 1.937499998497608 0.03125000000000022 -0.1562499907853283
v 1.874999998497608 0.18749999999999933 -0.7187499907853283
v 1.937499998497608 0.1874999999999991 -0.7187499907853283
v 1.874999998497608 -6.661338147750939e-16 -0.7187499907853283
v 1.937499998497608 -8.881784197001252e-16 -0.7187499907853283
v 1.874999998497608 0.18749999999999933 -0.5312499907853283
v 1.937499998497608 0.18749999999999933 -0.5312499907853283
v 1.874999998497608 -6.661338147750939e-16 -0.5312499907853283
v 1.937499998497608 -6.661338147750939e-16 -0.5312499907853283
v 1.8750000049078146 0.156249993189155 -0.5625
v 1.8750000049078146 0.156249993189155 -0.6875
v 1.087500004907814 0.15624999318915478 -0.5625
v 1.087500004907814 0.15624999318915478 -0.6875
v 1.8750000049078146 0.031249993189155 -0.5625
v 1.8750000049078146 0.031249993189155 -0.6875
v 1.087500004907814 0.03124999318915478 -0.5625
v 1.087500004907814 0.03124999318915478 -0.6875
v 1.0249999984976066 0.1875 -0.7187499907853283
v 1.0874999984976066 0.1875 -0.7187499907853283
v 1.0249999984976066 0 -0.7187499907853283
v 1.0874999984976066 0 -0.7187499907853283
v 1.0249999984976066 0.1875 -0.5312499907853283
v 1.0874999984976066 0.1875 -0.5312499907853283
v 1.0249999984976066 0 -0.5312499907853283
v 1.0874999984976066 0 -0.5312499907853283
v 1.6874999974960128 0.06250000430685665 -0.1875
v 1.6874999983306758 0.06250000287123747 -0.3125
v 1.8749999949920246 0.06250000861371441 -0.1875
v 1.8749999949920246 0.06250000861371441 -0.3125
v 1.6874999974960128 0.18750000430685665 -0.1875
v 1.6874999983306758 0.18750000287123747 -0.3125
v 1.8749999949920246 0.1875000086137144 -0.1875
v 1.8749999949920246 0.1875000086137144 -0.3125
v 1.5625 0.1874999999999991 -0.5
v 1.5625 0.06249999999999911 -0.5
v 1.5625 0.1874999999999991 -0.375
v 1.5625 0.06249999999999911 -0.375
v 1.625 0.1874999999999991 -0.5
v 1.625 0.06249999999999911 -0.5
v 1.6875 0.1874999999999991 -0.375
v 1.6875 0.06249999999999911 -0.375
v 1 0.0625 -0.375
v 1 0.0625 -0.5
v 1 0.1875 -0.375
v 1 0.1875 -0.5
v 1.625 0.1874999999999991 -0.1875
v 1.625 0.06249999999999911 -0.1875
v 1.5625 0.1874999999999991 -0.3125
v 1.5625 0.06249999999999911 -0.3125
v 1 0.0031249999999998224 -0.9406249999999998
v 1 -0.0031250000000007105 -0.9406249999999998
v 1 0.0031249999999998224 0.05937500000000018
v 1 -0.0031250000000007105 0.05937500000000018
v 1.9375 -8.881784197001252e-16 -0.9406249999999998
v 0.0625 0.0031249999999998224 -0.9406249999999998
v 0.0625 -0.0031250000000007105 -0.9406249999999998
v 0.06250000085135543 -0.0007812500000003997 0.060156249949920415
v 3.4054226105695307e-9 1 0.06249999979968113
v 0.06250000340542261 1 0.06249999979968113
v 3.4054226105695307e-9 0.6875 0.06249999979968113
v 0.06250000340542261 0.6875 0.06249999979968113
v 3.4054226105695307e-9 1 -0.6875000002003189
v 3.4054226105695307e-9 0.6875 -1.0000000002003189
v 0.06250000340542261 0 -1.0000000002003189
v 2.0625 0.125 0.875
v 2.0625 0.125 0
v 2.9375 0.125 0.875
v 2.9375 0.12499999999999978 0
v -0.0625 0 1.9375
v -1 0 0.9375
v -1 0 1.9375
v -1 0.9375 1.9375
v -1 0.9375 0.9375
v -0.0625 0.9375 1.9375
v -1 0.9375 -0.0625
v -1 1.8749999999999991 0.9375
v -1 1.8749999999999996 -0.0625
v -0.0625 1.875 0.9375
v -1 1.8749999999999991 1.9375
v -0.0625 1.875 1.9375
v 2.875000000000001 -0.12499999999999911 1.9375
v 2.999999999999999 -0.12499999999999911 1.9375
v 2.874999999999999 -0.8749999999999991 1.9375
v 2.999999999999999 -0.875 1.9375
v 2 0 1.9375
v 2.999999999999999 6.661338147750939e-16 1.9375
v 2 -0.125 1.9375
v 3.000000000000001 1.5357786153913366e-9 -0.9374999998664539
v 3 0.12499999999999978 0
v 2.0625 0.125 -0.9375
v 3 0.125 -0.9375
v 2 0.1875 -1
v 3 0.1875 -0.9375
v 3 0.1875 -1
v 1.9437499999999992 -0.06250001021626828 1.8750000034054222
v 1.9437499999999992 -0.06250001021626828 0.8750000034054222
v 1.625 1 0.062499999931140415
v 1.624999998829387 2 0.0625
v 1.624999998829387 1.9999999999999998 1
v 1.624999998829387 1.9999999999999998 1.9374999999999996
v 1.6249999988293857 1 1.9375
v 1.624999998829387 -6.106226635438361e-16 1.9375
v 1.6249999994146944 -0.06250000000000067 0.06142578121739933
v 1.624999999531089 1.75 0.06249999999061007
v 0.9375 1.7500000000000002 0.0625
v -0.0625 1.75 0.0625
v -0.0625 1.75 1
v -0.0625 1.75 1.9374999999999996
v 0.9375 1.7499999999999998 1.9374999999999996
v 1.6249999988293866 1.75 1.9374999999999996
v 1.9374999999999996 1.75 1.9374999999999996
v 1.9375000004256775 1.75 0.06249999997496014
v 0.9375 1.1875000000000002 0.0625
v 1.6249999998603242 1.1875 0.062499999971243225
v 1.937500001383452 1.1874999999999998 0.06249999991862043
v 1.9374999999999987 1.1874999999999998 1.9375
v 1.624999998829386 1.1874999999999998 1.9375
v 0.9375 1.1874999999999998 1.9375
v -0.0625 1.1874999999999998 1.9375
v -0.0625 1.1874999999999998 1
v -0.0625 1.1874999999999998 0.0625
v 0.9999999999700695 1.1875000000000002 0.06249999999667433
v 0.999999999940139 1.7500000000000002 0.06249999999843503
v 0.9999999999135343 2 0.0625
v 0.9999999999135343 1.9999999999999996 1
v 0.9999999999135343 1.9999999999999996 1.9374999999999996
v 0.9999999999135343 1.7499999999999998 1.9374999999999996
v 0.9999999999135342 1.1874999999999998 1.9375
v 0.9999999999135342 1 1.9375
v 1.0000000000199536 1.0000000000000004 0.06249999999374006
v 0.999999999966744 -0.0625 0.06240234374700515
v 2 -0.125 0.03125
v -0.125 -0.125 0.03125
v 2 -0.125 0.96875
v -0.125 -0.125 0.96875
v 0.9375000000000001 -0.125 0.96875
v 0.9375 -0.125 0.03125
v 1.75 0.0625 0.875
v 1.75 0.0625 0.8125
v 1.75 -0.125 0.875
v 1.75 -0.125 0.8125
v 0.125 0.0625 0.875
v 0.125 0.0625 0.8125
v 0.125 -0.125 0.875
v 0.1250000000000001 -0.1250000000000001 0.8124999999999993
v 0.9375 0 1.75
v 0.9375 0 0.875
v 0.9375 -0.125 0.875
v -0.0625 0 1.75
v -0.0625 0 0.875
v -0.0625 -0.125 0.875
v 1.9375 0 1.75
v 1.9375 -0.125 0.875
v 0.1250000005170563 0.9375000102162683 1.7500000034054217
v 0.12499999586044319 0.4375000102162683 1.7500000034054217
v -0.062499999482943824 0.9375000102162683 1.7500000034054217
v -0.06250000646786336 0.4375000103024441 1.7500000020084376
v 0.12500000051705606 0.9375000170271139 1.8125000056757035
v 0.12499999058294853 0.4375000102162683 1.8125000034054217
v -0.062499999482944046 0.9375000170271139 1.8125000056757035
v -0.06250000693352464 0.4375000103024441 1.8125000020084379
v 0.12500000051705573 0.9375000102162683 0.8750000034054217
v 0.12500000051705595 0.9375000153244026 0.8125000051081326
v 0.12499999989617416 0.4375000102162683 0.8750000034054217
v 0.12500000051705584 0.4375000102162683 0.8125000034054217
v -0.06249999948294427 0.9375000102162683 0.8750000034054217
v -0.062499999948605556 0.4375000103024441 0.8750000020084379
v 0.12500000051705595 1.000000020432537 0.8125000068108434
v -0.062499999482944046 1.000000020432537 0.8125000068108434
v -0.062499999482944046 0.9375000170271142 0.8125000056757028
v 0.06250000051705595 0.9375000102162683 1.7687500034054215
v 0.06250000051705595 0.9375000102162683 1.6062500034054215
v 0.06249999339243817 0.4375000102449935 1.7687500029397603
v 0.06249999460315747 0.4375000102449935 1.6062500029397604
v 5.170559536082919e-10 0.9375000102162683 1.7687500034054215
v 5.170559536082919e-10 0.9375000102162683 1.606250003405422
v -6.607561831017961e-9 0.4375000102737189 1.768750002474099
v -5.39684252842676e-9 0.4375000102737189 1.6062500024740993
v 0.06250000051705595 0.9375000102162683 1.5812500034054215
v 0.06250000051705618 0.9375000102162683 1.4187500034054215
v 0.06249999478942203 0.4375000102449935 1.5812500029397603
v 0.06249999600014167 0.4375000102449935 1.4187500029397604
v 5.170559536082919e-10 0.9375000102162683 1.5812500034054215
v 5.170561756528969e-10 0.9375000102162683 1.4187500034054215
v -5.210577969094743e-9 0.4375000102737189 1.581250002474099
v -3.999858222414332e-9 0.4375000102737189 1.418750002474099
v 0.06250000051705618 0.9375000102162683 1.3937500034054215
v 0.06250000051705618 0.9375000102162683 1.231250003405422
v 0.062499996186406226 0.4375000102449935 1.3937500029397603
v 0.06249999739712553 0.4375000102449935 1.2312500029397606
v 5.170561756528969e-10 0.9375000102162683 1.3937500034054215
v 5.170561756528969e-10 0.9375000102162683 1.231250003405422
v -3.81359388512692e-9 0.4375000102737189 1.393750002474099
v -2.602874360491114e-9 0.4375000102737189 1.2312500024740993
v 0.06250000051705618 0.9375000102162683 1.2062500034054215
v 0.06250000051705573 0.9375000102162683 1.043750003405422
v 0.06249999758339009 0.4375000102449935 1.2062500029397605
v 0.062499998794108946 0.4375000102449935 1.0437500029397606
v 5.170561756528969e-10 0.9375000102162683 1.2062500034054215
v 5.17055731563687e-10 0.9375000102162683 1.043750003405422
v -2.4166100232037024e-9 0.4375000102737189 1.2062500024740992
v -1.2058909426571063e-9 0.4375000102737189 1.0437500024740993
v 0.06250000051705573 0.9375000102162683 1.0187500034054215
v 0.06250000051705573 0.9375000102162683 0.8562500034054219
v 0.062499998980373506 0.4375000102449935 1.0187500029397605
v 0.06250000019109281 0.4375000102449935 0.8562500029397606
v 5.17055731563687e-10 0.9375000102162683 1.0187500034054215
v 5.17055731563687e-10 0.9375000102162683 0.8562500034054219
v -1.0196266053696945e-9 0.4375000102737189 1.018750002474099
v 1.910929192661115e-10 0.4375000102737189 0.8562500024740993
v 0.12500000051705595 1.0000000204325368 1.8125000068108443
v -0.062499999482944046 1.0000000204325368 1.8125000068108443
v -0.06249999948294427 0.4375000103024441 0.8125000020084379
v 0.12499999912612847 -0.062499989783731724 0.8750000034054217
v -0.06250000087387164 -0.062499989611379814 0.875000000611454
v 0.12500000005745093 -0.06249999659457739 0.81250000113514
v -0.06249999994254907 -0.06249999642222548 0.8124999983411723
v 0.12499998608761209 -0.062499989783731724 1.7500000034054215
v 0.12499998515628985 -0.062499994891866084 1.8125000017027106
v -0.06250001391238769 -0.062499989611379814 1.7500000006114536
v 0.12499998509883925 -0.12500000000000044 1.8124999999999998
v -0.06250001490116075 -0.12499999982764853 1.8124999972060318
v -0.06250001484371004 -0.06249999642222559 1.8124999983411725
v 0.062499999405525086 -0.06249998972628101 0.8562500024740993
v 0.06249999698408626 -0.06249998972628101 1.0187500024740994
v -5.94474913739873e-10 -0.062499989668830525 0.8562500015427768
v -3.01591374096688e-9 -0.062499989668830525 1.0187500015427764
v 0.06249999661155736 -0.06249998972628101 1.0437500024740993
v 0.06249999419011898 -0.06249998972628101 1.2062500024740994
v -3.3884426375863086e-9 -0.062499989668830525 1.0437500015427768
v -5.809881020724106e-9 -0.062499989668830525 1.2062500015427768
v 0.06249999381759008 -0.06249998972628101 1.2312500024740993
v 0.062499991396151255 -0.06249998972628101 1.393750002474099
v -6.182409917343534e-9 -0.062499989668830525 1.2312500015427768
v -8.603848744570541e-9 -0.062499989668830525 1.3937500015427764
v 0.06249999102362236 -0.06249998972628101 1.4187500024740993
v 0.06249998860218309 -0.06249998972628101 1.581250002474099
v -8.97637764118997e-9 -0.062499989668830525 1.4187500015427768
v -1.1397816912506187e-8 -0.062499989668830525 1.5812500015427764
v 0.06249998822965419 -0.06249998972628101 1.6062500024740993
v 0.062499985808215364 -0.06249998972628101 1.7687500024740987
v -1.1770345809125615e-8 -0.062499989668830525 1.6062500015427768
v -1.4191784636352622e-8 -0.062499989668830525 1.7687500015427762
v -0.06249999999999978 -0.12499999982764831 0.8124999972060314
v 1.749999984581783 0.9375000102162687 0.8749999965945778
v 1.749999989238396 0.4375000102162687 0.8749999965945781
v 1.937499984581783 0.9375000102162687 0.8749999965945778
v 1.9374999915667026 0.43750001030244456 0.8749999979915619
v 1.749999984581783 0.9375000170271144 0.8124999943242961
v 1.7499999945158904 0.4375000102162687 0.8124999965945781
v 1.937499984581783 0.9375000170271144 0.8124999943242961
v 1.9374999920323637 0.43750001030244456 0.8124999979915619
v 1.7499999845817835 0.9375000102162687 1.7499999965945778
v 1.7499999845817835 0.9375000153244031 1.812499994891867
v 1.749999985202665 0.4375000102162687 1.7499999965945778
v 1.7499999845817835 0.4375000102162687 1.812499996594578
v 1.9374999845817835 0.9375000102162687 1.7499999965945776
v 1.9374999850474448 0.43750001030244456 1.7499999979915617
v 1.7499999845817835 1.0000000204325374 1.8124999931891561
v 1.9374999845817835 1.0000000204325374 1.812499993189156
v 1.9374999845817835 0.9375000170271146 1.8124999943242965
v 1.812499984581783 0.9375000102162687 0.856249996594578
v 1.812499984581783 0.9375000102162687 1.018749996594578
v 1.8124999917064009 0.43750001024499396 0.8562499970602395
v 1.8124999904956816 0.43750001024499396 1.0187499970602392
v 1.874999984581783 0.9375000102162687 0.856249996594578
v 1.874999984581783 0.9375000102162687 1.018749996594578
v 1.8749999917064009 0.4375000102737193 0.8562499975259008
v 1.8749999904956816 0.4375000102737193 1.0187499975259005
v 1.812499984581783 0.9375000102162687 1.043749996594578
v 1.812499984581783 0.9375000102162687 1.206249996594578
v 1.812499990309417 0.43750001024499396 1.0437499970602393
v 1.8124999890986975 0.43750001024499396 1.2062499970602392
v 1.874999984581783 0.9375000102162687 1.0437499965945776
v 1.874999984581783 0.9375000102162687 1.206249996594578
v 1.874999990309417 0.4375000102737193 1.0437499975259004
v 1.8749999890986975 0.4375000102737193 1.2062499975259005
v 1.812499984581783 0.9375000102162687 1.231249996594578
v 1.812499984581783 0.9375000102162687 1.3937499965945777
v 1.812499988912433 0.43750001024499396 1.2312499970602393
v 1.8124999877017138 0.43750001024499396 1.393749997060239
v 1.874999984581783 0.9375000102162687 1.231249996594578
v 1.874999984581783 0.9375000102162687 1.3937499965945777
v 1.874999988912433 0.4375000102737193 1.2312499975259006
v 1.8749999877017138 0.4375000102737193 1.3937499975259002
v 1.812499984581783 0.9375000102162687 1.418749996594578
v 1.8124999845817835 0.9375000102162687 1.5812499965945777
v 1.8124999875154493 0.43750001024499396 1.418749997060239
v 1.8124999863047304 0.43750001024499396 1.581249997060239
v 1.874999984581783 0.9375000102162687 1.418749996594578
v 1.8749999845817835 0.9375000102162687 1.5812499965945777
v 1.8749999875154493 0.4375000102737193 1.4187499975259004
v 1.8749999863047304 0.4375000102737193 1.5812499975259005
v 1.8124999845817835 0.9375000102162687 1.606249996594578
v 1.8124999845817835 0.9375000102162687 1.7687499965945777
v 1.8124999861184659 0.43750001024499396 1.606249997060239
v 1.8124999849077466 0.43750001024499396 1.768749997060239
v 1.8749999845817835 0.9375000102162687 1.606249996594578
v 1.8749999845817835 0.9375000102162687 1.7687499965945777
v 1.8749999861184659 0.4375000102737193 1.6062499975259004
v 1.8749999849077466 0.4375000102737193 1.7687499975259002
v 1.7499999845817833 1.0000000204325372 0.8124999931891552
v 1.9374999845817833 1.0000000204325372 0.8124999931891552
v 1.9374999845817835 0.43750001030244456 1.8124999979915617
v 1.749999985972711 -0.06249998978373128 1.7499999965945778
v 1.937499985972711 -0.06249998961137937 1.7499999993885456
v 1.7499999850413888 -0.062499996594576945 1.8124999988648598
v 1.9374999850413883 -0.062499996422225035 1.8125000016588275
v 1.749999999011227 -0.06249998978373128 0.8749999965945783
v 1.7499999999425493 -0.06249999489186564 0.8124999982972891
v 1.937499999011227 -0.06249998961137937 0.874999999388546
v 1.9375 -0.12499999982764809 0.8125000027939677
v 1.937499999942549 -0.062499996422225146 0.8125000016588271
v 1.8124999856933144 -0.06249998972628057 1.7687499975259002
v 1.812499988114753 -0.06249998972628057 1.6062499975259001
v 1.8749999856933144 -0.06249998966883008 1.7687499984572228
v 1.874999988114753 -0.06249998966883008 1.6062499984572227
v 1.812499988487282 -0.06249998972628057 1.5812499975259002
v 1.8124999909087203 -0.06249998972628057 1.4187499975259001
v 1.874999988487282 -0.06249998966883008 1.5812499984572232
v 1.8749999909087203 -0.06249998966883008 1.4187499984572227
v 1.8124999912812494 -0.06249998972628057 1.3937499975259002
v 1.812499993702688 -0.06249998972628057 1.2312499975259006
v 1.8749999912812494 -0.06249998966883008 1.3937499984572228
v 1.874999993702688 -0.06249998966883008 1.2312499984572232
v 1.8124999940752167 -0.06249998972628057 1.2062499975259002
v 1.8124999964966562 -0.06249998972628057 1.0437499975259006
v 1.8749999940752167 -0.06249998966883008 1.2062499984572228
v 1.8749999964966562 -0.06249998966883008 1.0437499984572232
v 1.8124999968691848 -0.06249998972628057 1.0187499975259002
v 1.8124999992906239 -0.06249998972628057 0.856249997525901
v 1.8749999968691848 -0.06249998966883008 1.0187499984572228
v 1.8749999992906239 -0.06249998966883008 0.8562499984572236
v 1.7499999900658927 -0.12499999999999989 1.8125000000000002
v 1.937499985098839 -0.12499999982764787 1.8125000027939682
v 1.75 0.125 1.8125
v 1.75 0.125 1.75
v 1.75 -0.125 1.75
v 1.125 0.125 1.8125
v 1.125 0.125 1.75
v 1.125 -0.125 1.8125
v 1.125 -0.125 1.75
v -0.0625 0.9375 0.0625
v -0.0625 0 0.0625
v -0.0625 1.875 0.0625
v 0 0.75 0.0625
v -0.0625 0.75 0.0625
v -0.0625 0.75 -0.0625
v 0.8124999949518541 2.9375 1.1875000030288874
v 0.8124999949518541 2.9375 1.8125000030288874
v 0.8124999899037082 2.4999999999999987 1.1875000060577752
v 0.8124999899037082 2.499999999999999 1.8125000060577752
v 0.1874999949518541 2.9375 1.1875000030288874
v 0.1874999949518541 2.9375 1.8125000030288874
v 0.1874999899037082 2.4999999999999987 1.1875000060577752
v 0.1874999899037082 2.499999999999999 1.8125000060577752
v 0.25 3 1.7499999999999996
v 0.25 3 1.25
v 0.75 3 1.7499999999999996
v 0.75 3 1.25
v 0.06250001221945567 2.500000011217862 1.9374999887821382
v 0.06250001221945567 2.0000000112178613 1.9374999887821382
v 0.9375000122194557 2.500000011217862 1.9374999887821382
v 0.06250001221945567 2.500000011217862 1.1249999887821387
v 0.06250001221945567 2.0000000112178613 1.1249999887821387
v 0.9375000122194557 2.500000011217862 1.1249999887821387
v 0.9375000122194557 2.0000000112178618 1.1249999887821387
v 0.5000000122194557 2.500000011217862 1.1249999887821387
v 0.5000000122194557 2.0000000112178613 1.1249999887821387
v 0.5000000122194557 2.000000011217861 1.9374999887821382
v 0.5000000122194557 2.500000011217862 1.9374999887821382
v 0.5000000122194557 2.2500000112178613 1.1249999887821387
v 0.9375000122194557 2.2500000112178618 1.1249999887821387
v 0.9375000122194557 2.2500000112178618 1.9374999887821382
v 0.5000000122194557 2.2500000112178613 1.9374999887821382
v 0.06250001221945567 2.2500000112178613 1.9374999887821382
v 0.06250001221945567 2.2500000112178613 1.1249999887821387
v 0.9375000122194557 2.250000011217862 1.5624999887821382
v 0.9375000122194557 2.0000000112178618 1.5624999887821382
v 0.06250001221945567 2.0000000112178613 1.5624999887821382
v 0.06250001221945567 2.2500000112178618 1.5624999887821382
v 0.06250001221945567 2.500000011217862 1.5624999887821382
v 0.5000000122194557 2.500000011217862 1.5624999887821382
v 0.9375000122194557 2.500000011217862 1.5624999887821382
v 0.18750000778720788 2.1874999969711117 1.1249999999999993
v 0.1875000077872081 2.1874999969711117 0.9375000000000001
v 0.3750000077872073 2.187499996971112 0.9375000000000002
v 0.37500000778720755 2.187499996971112 1.1249999999999996
v 0.18750000116852727 2.312499993942224 0.9374999999999999
v 0.37500000116852683 2.312499993942225 0.9375000000000001
v 0.37500000116852683 2.374999993942225 1.1249999999999996
v 0.18750000116852739 2.374999993942224 1.1249999999999996
v 0.3750000110965479 1.9999999984855557 1.1249999999999993
v 0.37500001109654757 1.9999999984855557 0.9375
v 0.18750000969431546 2.0000000002550395 0.9375
v 0.1875000089931993 2.0000000011397816 1.1249999999999991
v 0.6250000077872073 2.187499996971112 0.9375000000000002
v 0.6250000110965476 1.9999999984855557 0.9375
v 0.43750000969431546 2.0000000002550395 0.9375
v 0.4375000077872081 2.1874999969711117 0.9375000000000001
v 0.6250000077872075 2.187499996971112 1.1249999999999996
v 0.6250000110965479 1.9999999984855557 1.1249999999999993
v 0.6250000011685268 2.312499993942225 0.9375000000000001
v 0.6250000011685268 2.374999993942225 1.1249999999999996
v 0.4375000011685273 2.312499993942224 0.9374999999999999
v 0.4375000011685274 2.374999993942224 1.1249999999999996
v 0.4375000077872079 2.1874999969711117 1.1249999999999993
v 0.4375000089931993 2.0000000011397816 1.1249999999999991
v 1.91875 1.9812500000000002 1.915625
v 1.91875 1.9812500000000002 0.08437500000000009
v 1.91875 -0.10625000000000018 1.915625
v 1.91875 -0.10625000000000018 0.08437500000000009
v -0.043749999999999956 1.9812500000000002 1.915625
v -0.043749999999999956 1.9812500000000002 0.08437500000000009
v -0.043749999999999956 -0.10625000000000018 1.915625
v -0.043749999999999956 -0.10625000000000018 0.08437500000000009
v 1.91875 1.9812500000000002 1
v 1.91875 -0.10625000000000018 1
v -0.043749999999999956 1.9812500000000002 1
v -0.043749999999999956 -0.10625000000000018 1
v 0.9375 1.9812500000000002 1.915625
v 0.9375 -0.10625000000000018 1.915625
v 0.9375 1.9812500000000002 1
v 0.9375 1.9812500000000002 0.08437500000000009
v 0.9375 -0.10625000000000018 0.08437500000000009
v -0.043749999999999956 -0.08124999999999982 1
v 0.9375 -0.08124999999999982 1
v 0.9375 -0.08124999999999982 1.915625
v -0.043749999999999956 -0.08124999999999982 1.915625
v 1.91875 -0.08124999999999982 1.915625
v 1.91875 -0.08124999999999982 1
vt 0.109375 1
vt 0.28125 1
vt 0.28125 0.953125
vt 0.109375 0.953125
vt 0.109375 1
vt 0.28125 1
vt 0.28125 0.953125
vt 0.109375 0.953125
vt 0 1
vt 0.015625 1
vt 0.015625 0.828125
vt 0 0.828125
vt 0.109375 1
vt 0.125 1
vt 0.125 0.953125
vt 0.109375 0.953125
vt 0.109375 1
vt 0.28125 1
vt 0.28125 0.953125
vt 0.109375 0.953125
vt 0 1
vt 0.015625 1
vt 0.015625 0.828125
vt 0 0.828125
vt 0.109375 1
vt 0.125 1
vt 0.125 0.953125
vt 0.109375 0.953125
vt 0.71875 0.265625
vt 0.734375 0.265625
vt 0.734375 0.21875
vt 0.71875 0.21875
vt 0.71875 0.265625
vt 0.734375 0.265625
vt 0.734375 0.21875
vt 0.71875 0.21875
vt 0.703125 0.21875
vt 0.703125 0.265625
vt 0.6875 0.265625
vt 0.6875 0.21875
vt 0.71875 0.265625
vt 0.71875 0.21875
vt 0.734375 0.21875
vt 0.734375 0.265625
vt 0.6875 0.265625
vt 0.734375 0.265625
vt 0.734375 0.21875
vt 0.6875 0.21875
vt 0 0.234375
vt 0.234375 0.234375
vt 0.234375 0
vt 0 0
vt 0.234375 0.234375
vt 0.46875 0.234375
vt 0.46875 0
vt 0.234375 0
vt 0.9375 0.0625
vt 0.0625 0.0625
vt 0.0625 0.9375
vt 0.9375 0.9375
vt 0.0625 0.875
vt 0.9375 0.875
vt 0.9375 1
vt 0.0625 1
vt 0.859375 0.609375
vt 0.875 0.609375
vt 0.875 0.484375
vt 0.859375 0.484375
vt 0.84375 0.609375
vt 0.859375 0.609375
vt 0.859375 0.484375
vt 0.84375 0.484375
vt 0.75 0.609375
vt 0.875 0.609375
vt 0.875 0.59375
vt 0.75 0.59375
vt 0.75 0.5
vt 0.875 0.5
vt 0.875 0.484375
vt 0.75 0.484375
vt 0.375 0.609375
vt 0.5 0.609375
vt 0.5 0.484375
vt 0.375 0.484375
vt 0.078125 0.734375
vt 0.0625 0.734375
vt 0.0625 0.6875
vt 0.078125 0.6875
vt 0.015625 0.734375
vt 0 0.734375
vt 0 0.6875
vt 0.015625 0.6875
vt 0 0.734375
vt 0.0625 0.734375
vt 0.0625 0.75
vt 0 0.75
vt 0.0625 0.734375
vt 0 0.734375
vt 0 0.6875
vt 0.0625 0.6875
vt 0.109375 1
vt 0.28125 1
vt 0.28125 0.953125
vt 0.109375 0.953125
vt 0.1875 1
vt 0.40625 1
vt 0.40625 0.953125
vt 0.1875 0.953125
vt 0.1875 1
vt 0.40625 1
vt 0.40625 0.953125
vt 0.1875 0.953125
vt 0 1
vt 0.015625 1
vt 0.015625 0.78125
vt 0 0.78125
vt 0.109375 1
vt 0.28125 1
vt 0.28125 0.953125
vt 0.109375 0.953125
vt 0.109375 1
vt 0.28125 1
vt 0.28125 0.953125
vt 0.109375 0.953125
vt 0 1
vt 0.015625 1
vt 0.015625 0.828125
vt 0 0.828125
vt 0.140625 1
vt 0.375 1
vt 0.375 0.953125
vt 0.140625 0.953125
vt 0.109375 1
vt 0.28125 1
vt 0.28125 0.953125
vt 0.109375 0.953125
vt 0.109375 1
vt 0.28125 1
vt 0.28125 0.953125
vt 0.109375 0.953125
vt 0 1
vt 0.015625 1
vt 0.015625 0.828125
vt 0 0.828125
vt 0.109375 1
vt 0.125 1
vt 0.125 0.953125
vt 0.109375 0.953125
vt 0.078125 0.734375
vt 0.0625 0.734375
vt 0.0625 0.6875
vt 0.078125 0.6875
vt 0.015625 0.734375
vt 0 0.734375
vt 0 0.6875
vt 0.015625 0.6875
vt 0.015625 0.734375
vt 0.078125 0.734375
vt 0.078125 0.75
vt 0.015625 0.75
vt 0.125 0.734375
vt 0.0625 0.734375
vt 0.0625 0.6875
vt 0.125 0.6875
vt 0.578125 0.90625
vt 0.5625 0.90625
vt 0.5625 1
vt 0.578125 1
vt 0.609375 0.90625
vt 0.5625 0.90625
vt 0.5625 1
vt 0.609375 1
vt 0.546875 0.90625
vt 0.5 0.90625
vt 0.5 1
vt 0.546875 1
vt 0.5625 0.828125
vt 0.609375 0.828125
vt 0.609375 0.75
vt 0.5625 0.75
vt 0.5625 0.90625
vt 0.578125 0.90625
vt 0.578125 0.828125
vt 0.5625 0.828125
vt 0.5 0.828125
vt 0.546875 0.828125
vt 0.546875 0.75
vt 0.5 0.75
vt 0.5625 1
vt 0.578125 1
vt 0.578125 0.75
vt 0.5625 0.75
vt 0.5625 1
vt 0.609375 1
vt 0.609375 0.984375
vt 0.5625 0.984375
vt 0.5625 1
vt 0.609375 1
vt 0.609375 0.984375
vt 0.5625 0.984375
vt 0.5625 1
vt 0.609375 1
vt 0.609375 0.75
vt 0.5625 0.75
vt 0.5 1
vt 0.546875 1
vt 0.546875 0.75
vt 0.5 0.75
vt 0.578125 0.90625
vt 0.5625 0.90625
vt 0.5625 1
vt 0.578125 1
vt 0.609375 0.90625
vt 0.5625 0.90625
vt 0.5625 1
vt 0.609375 1
vt 0.5625 0.828125
vt 0.609375 0.828125
vt 0.609375 0.75
vt 0.5625 0.75
vt 0.5625 0.90625
vt 0.578125 0.90625
vt 0.578125 0.828125
vt 0.5625 0.828125
vt 0.5 0.828125
vt 0.546875 0.828125
vt 0.546875 0.75
vt 0.5 0.75
vt 0.546875 0.90625
vt 0.5 0.90625
vt 0.5 1
vt 0.546875 1
vt 0.5 0.015625
vt 0.75 0.015625
vt 0.75 0
vt 0.5 0
vt 0.5 0.25
vt 0.75 0.25
vt 0.75 0
vt 0.5 0
vt 0.5 0.015625
vt 0.75 0.015625
vt 0.75 0
vt 0.5 0
vt 5.224578939412501e-17 0.2656249999999999
vt 0.2500000000000001 0.2656249999999999
vt 0.2500000000000001 0.2499999999999999
vt 5.551115123125783e-17 0.2499999999999999
vt 0.2500000000000001 0.2499999999999999
vt 5.224578939412501e-17 0.2499999999999999
vt 0 0.5
vt 0.2500000000000001 0.5
vt 0.75 0.015625
vt 0.5 0.015625
vt 0.5 0.265625
vt 0.75 0.265625
vt 0.75 0.015625
vt 0.5 0.015625
vt 0.5 0.265625
vt 0.75 0.265625
vt 0.078125 0.734375
vt 0.0625 0.734375
vt 0.0625 0.6875
vt 0.078125 0.6875
vt 0.015625 0.734375
vt 0 0.734375
vt 0 0.6875
vt 0.015625 0.6875
vt 0.015625 0.734375
vt 0.078125 0.734375
vt 0.078125 0.75
vt 0.015625 0.75
vt 0.0625 0.734375
vt 0 0.734375
vt 0 0.6875
vt 0.0625 0.6875
vt 0.5625 1
vt 0.578125 1
vt 0.578125 0.75
vt 0.5625 0.75
vt 0.5625 1
vt 0.609375 1
vt 0.609375 0.984375
vt 0.5625 0.984375
vt 0.5625 1
vt 0.609375 1
vt 0.609375 0.984375
vt 0.5625 0.984375
vt 0.5625 1
vt 0.609375 1
vt 0.609375 0.75
vt 0.5625 0.75
vt 0.5 1
vt 0.546875 1
vt 0.546875 0.75
vt 0.5 0.75
vt 0.578125 0.90625
vt 0.5625 0.90625
vt 0.5625 1
vt 0.578125 1
vt 0.5625 1
vt 0.609375 1
vt 0.609375 0.984375
vt 0.5625 0.984375
vt 0.609375 0.90625
vt 0.5625 0.90625
vt 0.5625 1
vt 0.609375 1
vt 0.546875 0.90625
vt 0.5 0.90625
vt 0.5 1
vt 0.546875 1
vt 0.5625 0.828125
vt 0.609375 0.828125
vt 0.609375 0.75
vt 0.5625 0.75
vt 0.5625 0.90625
vt 0.578125 0.90625
vt 0.578125 0.828125
vt 0.5625 0.828125
vt 0.5 0.828125
vt 0.546875 0.828125
vt 0.546875 0.75
vt 0.5 0.75
vt 0.578125 0.90625
vt 0.5625 0.90625
vt 0.5625 1
vt 0.578125 1
vt 0.5625 1
vt 0.609375 1
vt 0.609375 0.984375
vt 0.5625 0.984375
vt 0.5625 1
vt 0.609375 1
vt 0.609375 0.984375
vt 0.5625 0.984375
vt 0.609375 0.90625
vt 0.5625 0.90625
vt 0.5625 1
vt 0.609375 1
vt 0.546875 0.90625
vt 0.5 0.90625
vt 0.5 1
vt 0.546875 1
vt 0.5625 0.828125
vt 0.609375 0.828125
vt 0.609375 0.75
vt 0.5625 0.75
vt 0.5625 0.90625
vt 0.578125 0.90625
vt 0.578125 0.828125
vt 0.5625 0.828125
vt 0.5 0.828125
vt 0.546875 0.828125
vt 0.546875 0.75
vt 0.5 0.75
vt 0.25 0.484375
vt 0.23437500002161643 0.484375
vt 0.23437500002161643 0.25
vt 0.25 0.25
vt 0.25 0.9375
vt 0.23437500002161643 0.9375
vt 0.23437500002161643 0.796875
vt 0.25 0.796875
vt 0.75 0.25
vt 0.7343750000216165 0.25
vt 0.7343750000216165 0
vt 0.75 0
vt 0.75 0.5
vt 0.515625 0.5
vt 0.515625 0.25
vt 0.75 0.25
vt 0.25 1
vt 0.23437500002161643 1
vt 0.23437500002161643 0.765625
vt 0.25 0.765625
vt 0 1
vt 0.015625 1
vt 0.015625 0.75
vt 0 0.75
vt 0.5 0.796875
vt 0.5156249999783835 0.796875
vt 0.5156249999783835 0.9375
vt 0.5 0.9375
vt 0 0.9375
vt 0 0.796875
vt 0.234375 0.796875
vt 0.234375 0.9375
vt 0.5 0.25
vt 0.75 0.25
vt 0.75 0.484375
vt 0.5 0.484375
vt 0.5 0.9375
vt 0.5 0.796875
vt 0.75 0.796875
vt 0.75 0.9375
vt 0.765625 0.25
vt 0.515625 0.25
vt 0.515625 0
vt 0.765625 0
vt 0.234375 0.75
vt 0 0.75
vt 0 0.5
vt 0.234375 0.5
vt 0.5 0.765625
vt 0.75 0.765625
vt 0.75 1
vt 0.5 1
vt 0.515625 0.9375
vt 0.515625 0.796875
vt 0.75 0.796875
vt 0.75 0.9375
vt 0 0.9375
vt 0 0.796875
vt 0.25 0.796875
vt 0.25 0.9375
vt 0.25 0.5
vt 0 0.5
vt 0 0.25
vt 0.25 0.25
vt 0.75 0.75
vt 0.515625 0.75
vt 0.515625 0.5
vt 0.75 0.5
vt 0.5 0.4375
vt 0.3125 0.4375
vt 0.3125 1
vt 0.5 1
vt 0.5 0.4375
vt 0.3125 0.4375
vt 0.3125 1
vt 0.5 1
vt 0.5 0.4375
vt 0.3125 0.4375
vt 0.3125 1
vt 0.5 1
vt 0.3125 0.5625
vt 0.5 0.5625
vt 0.5 0
vt 0.3125 0
vt 0.3125 0.5625
vt 0.5 0.5625
vt 0.5 0
vt 0.3125 0
vt 0.3125 0.5625
vt 0.5 0.5625
vt 0.5 0
vt 0.3125 0
vt 0.8133144179776258 0.12419259630170376
vt 1 0.12581441797762583
vt 0.9991855820223742 0.31330740369829624
vt 0.8116925963017038 0.3116855820223742
vt 1 0.12581441797762583
vt 0.9991855820223742 0.31330740369829624
vt 0.8116925963017038 0.3116855820223742
vt 0.8133144179776258 0.12419259630170376
vt 0.3125 0.5
vt 0.5 0.5
vt 0.5 0.3125
vt 0.3125 0.3125
vt 0.3125 0.5
vt 0.5 0.5
vt 0.5 0.4375
vt 0.3125 0.4375
vt 0.3125 0.9375
vt 0.5 0.9375
vt 0.5 0
vt 0.3125 0
vt 0.3125 0.9375
vt 0.5 0.9375
vt 0.5 0
vt 0.3125 0
vt 0.3125 0.9375
vt 0.5 0.9375
vt 0.5 0
vt 0.3125 0
vt 0.9991855820223742 0.31330740369829624
vt 1 0.12581441797762583
vt 0.8133144179776258 0.12419259630170376
vt 0.8116925963017038 0.3116855820223742
vt 0.9991855820223742 0.12419259630170387
vt 0.8116925963017039 0.12581441797762583
vt 0.8133144179776258 0.3133074036982961
vt 1 0.3116855820223742
vt 0.3125 0.5625
vt 0.5 0.5625
vt 0.5 0.375
vt 0.3125 0.375
vt 0.3125 0.5
vt 0.5 0.5
vt 0.5 0.375
vt 0.3125 0.375
vt 0.3125 0.8125
vt 0.5 0.8125
vt 0.5 0.4375
vt 0.3125 0.4375
vt 0.3125 0.8125
vt 0.5 0.8125
vt 0.5 0.4375
vt 0.3125 0.4375
vt 0.3125 0.625
vt 0.5 0.625
vt 0.5 0.4375
vt 0.3125 0.4375
vt 0.3125 0.8125
vt 0.5 0.8125
vt 0.5 0.4375
vt 0.3125 0.4375
vt 0.3125 0.8125
vt 0.5 0.8125
vt 0.5 0
vt 0.3125 0
vt 0.3125 0.8125
vt 0.5 0.8125
vt 0.5 0
vt 0.3125 0
vt 0.3125 0.1875
vt 0.5 0.1875
vt 0.5 0
vt 0.3125 0
vt 0.3125 0.8125
vt 0.5 0.8125
vt 0.5 0
vt 0.3125 0
vt 0.3125 1
vt 0.5 1
vt 0.5 0
vt 0.3125 0
vt 0.3125 1
vt 0.5 1
vt 0.5 0
vt 0.3125 0
vt 0.3125 1
vt 0.5 1
vt 0.5 0
vt 0.3125 0
vt 0.3125 1
vt 0.5 1
vt 0.5 0.3125
vt 0.3125 0.3125
vt 0.3125 1
vt 0.5 1
vt 0.5 0.3125
vt 0.3125 0.3125
vt 0.3125 1
vt 0.5 1
vt 0.5 0.3125
vt 0.3125 0.3125
vt 0.3125 0.4375
vt 0.5 0.4375
vt 0.5 0.3125
vt 0.3125 0.3125
vt 0.3125 0.3125
vt 0.3125 0.5
vt 0.5 0.5
vt 0.5 0.3125
vt 0.8125 0.3125
vt 1 0.3125
vt 1 0.125
vt 0.8125 0.125
vt 0.8133144179776258 0.12419259630170376
vt 1 0.12581441797762583
vt 0.9991855820223742 0.31330740369829624
vt 0.8116925963017038 0.3116855820223742
vt 1 0.12581441797762583
vt 0.9991855820223742 0.31330740369829624
vt 0.8116925963017038 0.3116855820223742
vt 0.8133144179776258 0.12419259630170376
vt 0.3125 0.5
vt 0.5 0.5
vt 0.5 0.3125
vt 0.3125 0.3125
vt 0.3125 0.5
vt 0.5 0.5
vt 0.5 0.4375
vt 0.3125 0.4375
vt 0.3125 0.4375
vt 0.5 0.4375
vt 0.5 0.3125
vt 0.3125 0.3125
vt 0.3125 0.3125
vt 0.3125 0.5
vt 0.5 0.5
vt 0.5 0.3125
vt 0.8125 0.3125
vt 1 0.3125
vt 1 0.125
vt 0.8125 0.125
vt 0.3125 0.4375
vt 0.5 0.4375
vt 0.5 0.3125
vt 0.3125 0.3125
vt 0.3125 0.3125
vt 0.3125 0.5
vt 0.5 0.5
vt 0.5 0.3125
vt 0.8125 0.3125
vt 1 0.3125
vt 1 0.125
vt 0.8125 0.125
vt 0.3125 0.4375
vt 0.5 0.4375
vt 0.5 0.3125
vt 0.3125 0.3125
vt 0.3125 0.3125
vt 0.3125 0.5
vt 0.5 0.5
vt 0.5 0.3125
vt 0.8125 0.3125
vt 1 0.3125
vt 1 0.125
vt 0.8125 0.125
vt 0.9991855820223742 0.31330740369829624
vt 1 0.12581441797762583
vt 0.8133144179776258 0.12419259630170376
vt 0.8116925963017038 0.3116855820223742
vt 0.9991855820223742 0.12419259630170387
vt 0.8116925963017039 0.12581441797762583
vt 0.8133144179776258 0.3133074036982961
vt 1 0.3116855820223742
vt 0.3125 0.5625
vt 0.5 0.5625
vt 0.5 0.375
vt 0.3125 0.375
vt 0.3125 0.5
vt 0.5 0.5
vt 0.5 0.375
vt 0.3125 0.375
vt 0.984375 0.5
vt 1 0.5
vt 1 0.21875
vt 0.984375 0.21875
vt 0.984375 0.5
vt 1 0.5
vt 1 0.21875
vt 0.984375 0.21875
vt 0.984375 0.484375
vt 1 0.484375
vt 1 0.46875
vt 0.984375 0.46875
vt 0.984375 0.484375
vt 1 0.484375
vt 1 0.46875
vt 0.984375 0.46875
vt 0.984375 0.5
vt 1 0.5
vt 1 0.21875
vt 0.984375 0.21875
vt 0.984375 0.5
vt 1 0.5
vt 1 0.21875
vt 0.984375 0.21875
vt 0 1
vt 0.5 1
vt 0.5 0.625
vt 0 0.625
vt 0.375 0.875
vt 0 0.875
vt 0 1
vt 0.375 1
vt 1 0.875
vt 0.5 0.875
vt 0.5 1
vt 1 1
vt 0.25 1
vt 0.75 1
vt 0.75 0.625
vt 0.25 0.625
vt 1 0.875
vt 0.625 0.875
vt 0.625 1
vt 1 1
vt 0.5 0.875
vt 0 0.875
vt 0 1
vt 0.5 1
vt 0.25 1
vt 0.75 1
vt 0.75 0.625
vt 0.25 0.625
vt 1 0.875
vt 0.625 0.875
vt 0.625 1
vt 1 1
vt 0.5 0.875
vt 0 0.875
vt 0 1
vt 0.5 1
vt 1 0.0625
vt 1 0
vt 0.75 0
vt 0.75 0.0625
vt 0.25 1
vt 0.25 0.625
vt 0 0.625
vt 0 1
vt 0.359375 0.875
vt 0 0.875
vt 0 1
vt 0.359375 1
vt 1 0.15625
vt 1 0.09375
vt 0.75 0.09375
vt 0.75 0.15625
vt 0.75 0
vt 0.75 0.0625
vt 1 0.0625
vt 1 0
vt 0.25 0.625
vt 0.25 1
vt 0.5 1
vt 0.5 0.625
vt 0.75 0.09375
vt 0.75 0.15625
vt 1 0.15625
vt 1 0.09375
vt 1 0.25
vt 1 0.265625
vt 0 0.265625
vt 0 0.25
vt 0.75 0.25
vt 0.75 0.265625
vt 0.25 0.265625
vt 0.25 0.25
vt 0.71875 0.25
vt 0.71875 0.265625
vt 0 0.265625
vt 0 0.25
vt 0.71875 0.25
vt 0.71875 0.265625
vt 0 0.265625
vt 0 0.25
vt 0.765625 0.546875
vt 0.734375 0.546875
vt 0.734375 0.421875
vt 0.765625 0.421875
vt 0.765625 0.5625
vt 0.734375 0.5625
vt 0.734375 0.4375
vt 0.765625 0.4375
vt 0.734375 0.5625
vt 0.765625 0.5625
vt 0.765625 0.59375
vt 0.734375 0.59375
vt 0.703125 0.578125
vt 0.734375 0.578125
vt 0.734375 0.546875
vt 0.703125 0.546875
vt 0.765625 0.546875
vt 0.734375 0.546875
vt 0.734375 0.421875
vt 0.765625 0.421875
vt 0.765625 0.5625
vt 0.734375 0.5625
vt 0.734375 0.4375
vt 0.765625 0.4375
vt 0.765625 0.546875
vt 0.734375 0.546875
vt 0.734375 0.421875
vt 0.765625 0.421875
vt 0.765625 0.5625
vt 0.734375 0.5625
vt 0.734375 0.4375
vt 0.765625 0.4375
vt 0.671875 0.546875
vt 0.703125 0.546875
vt 0.703125 0.578125
vt 0.671875 0.578125
vt 0.703125 0.578125
vt 0.734375 0.578125
vt 0.734375 0.546875
vt 0.703125 0.546875
vt 0.765625 0.546875
vt 0.734375 0.546875
vt 0.734375 0.421875
vt 0.765625 0.421875
vt 0.765625 0.5625
vt 0.734375 0.5625
vt 0.734375 0.4375
vt 0.765625 0.4375
vt 0.984375 0.46875
vt 1 0.46875
vt 1 0.28125
vt 0.984375 0.28125
vt 0.984375 0.46875
vt 1 0.46875
vt 1 0.28125
vt 0.984375 0.28125
vt 0.984375 0.484375
vt 1 0.484375
vt 1 0.46875
vt 0.984375 0.46875
vt 0.984375 0.46875
vt 1 0.46875
vt 1 0.28125
vt 0.984375 0.28125
vt 0.984375 0.46875
vt 1 0.46875
vt 1 0.28125
vt 0.984375 0.28125
vt 0.984375 0.46875
vt 1 0.46875
vt 1 0.21875
vt 0.984375 0.21875
vt 0.984375 0.46875
vt 1 0.46875
vt 1 0.21875
vt 0.984375 0.21875
vt 0.984375 0.484375
vt 1 0.484375
vt 1 0.46875
vt 0.984375 0.46875
vt 0.984375 0.46875
vt 1 0.46875
vt 1 0.21875
vt 0.984375 0.21875
vt 0.984375 0.46875
vt 1 0.46875
vt 1 0.21875
vt 0.984375 0.21875
vt 0.984375 0.46875
vt 1 0.46875
vt 1 0.21875
vt 0.984375 0.21875
vt 0.984375 0.46875
vt 1 0.46875
vt 1 0.21875
vt 0.984375 0.21875
vt 0.984375 0.46875
vt 1 0.46875
vt 1 0.21875
vt 0.984375 0.21875
vt 0.984375 0.46875
vt 1 0.46875
vt 1 0.21875
vt 0.984375 0.21875
vt 0.984375 0.71875
vt 1 0.71875
vt 1 0.46875
vt 0.984375 0.46875
vt 0.984375 0.71875
vt 1 0.71875
vt 1 0.46875
vt 0.984375 0.46875
vt 0.984375 0.734375
vt 1 0.734375
vt 1 0.71875
vt 0.984375 0.71875
vt 0.984375 0.71875
vt 1 0.71875
vt 1 0.46875
vt 0.984375 0.46875
vt 0.984375 0.71875
vt 1 0.71875
vt 1 0.46875
vt 0.984375 0.46875
vt 0.984375 0.46875
vt 1 0.46875
vt 1 0.28125
vt 0.984375 0.28125
vt 0.984375 0.46875
vt 1 0.46875
vt 1 0.28125
vt 0.984375 0.28125
vt 0.984375 0.484375
vt 1 0.484375
vt 1 0.46875
vt 0.984375 0.46875
vt 0.984375 0.46875
vt 1 0.46875
vt 1 0.28125
vt 0.984375 0.28125
vt 0.984375 0.46875
vt 1 0.46875
vt 1 0.28125
vt 0.984375 0.28125
vt 0.984375 0.46875
vt 1 0.46875
vt 1 0.21875
vt 0.984375 0.21875
vt 0.984375 0.46875
vt 1 0.46875
vt 1 0.21875
vt 0.984375 0.21875
vt 0.984375 0.46875
vt 1 0.46875
vt 1 0.21875
vt 0.984375 0.21875
vt 0.984375 0.46875
vt 1 0.46875
vt 1 0.21875
vt 0.984375 0.21875
vt 0.984375 0.46875
vt 1 0.46875
vt 1 0.21875
vt 0.984375 0.21875
vt 0.984375 0.46875
vt 1 0.46875
vt 1 0.21875
vt 0.984375 0.21875
vt 0.984375 0.484375
vt 1 0.484375
vt 1 0.46875
vt 0.984375 0.46875
vt 0.984375 0.46875
vt 1 0.46875
vt 1 0.21875
vt 0.984375 0.21875
vt 0.984375 0.46875
vt 1 0.46875
vt 1 0.21875
vt 0.984375 0.21875
vt 0.984375 0.46875
vt 1 0.46875
vt 1 0.21875
vt 0.984375 0.21875
vt 0.984375 0.46875
vt 1 0.46875
vt 1 0.21875
vt 0.984375 0.21875
vt 0.984375 0.46875
vt 1 0.46875
vt 1 0.21875
vt 0.984375 0.21875
vt 0.984375 0.46875
vt 1 0.46875
vt 1 0.21875
vt 0.984375 0.21875
vt 0.984375 0.46875
vt 1 0.46875
vt 1 0.28125
vt 0.984375 0.28125
vt 0.984375 0.46875
vt 1 0.46875
vt 1 0.28125
vt 0.984375 0.28125
vt 0.984375 0.484375
vt 1 0.484375
vt 1 0.46875
vt 0.984375 0.46875
vt 0.984375 0.46875
vt 1 0.46875
vt 1 0.28125
vt 0.984375 0.28125
vt 0.984375 0.46875
vt 1 0.46875
vt 1 0.28125
vt 0.984375 0.28125
vt 0.984375 0.46875
vt 1 0.46875
vt 1 0.21875
vt 0.984375 0.21875
vt 0.984375 0.46875
vt 1 0.46875
vt 1 0.21875
vt 0.984375 0.21875
vt 0.984375 0.46875
vt 1 0.46875
vt 1 0.21875
vt 0.984375 0.21875
vt 0.984375 0.46875
vt 1 0.46875
vt 1 0.21875
vt 0.984375 0.21875
vt 0.984375 0.46875
vt 1 0.46875
vt 1 0.21875
vt 0.984375 0.21875
vt 0.984375 0.46875
vt 1 0.46875
vt 1 0.21875
vt 0.984375 0.21875
vt 0.984375 0.484375
vt 1 0.484375
vt 1 0.46875
vt 0.984375 0.46875
vt 0.984375 0.46875
vt 1 0.46875
vt 1 0.21875
vt 0.984375 0.21875
vt 0.984375 0.46875
vt 1 0.46875
vt 1 0.21875
vt 0.984375 0.21875
vt 0.984375 0.46875
vt 1 0.46875
vt 1 0.25
vt 0.984375 0.25
vt 0.984375 0.46875
vt 1 0.46875
vt 1 0.25
vt 0.984375 0.25
vt 0.984375 0.46875
vt 1 0.46875
vt 1 0.25
vt 0.984375 0.25
vt 0.984375 0.46875
vt 1 0.46875
vt 1 0.25
vt 0.984375 0.25
vt 1 0.0535714285714286
vt 0.75 0.0535714285714286
vt 0.75 0.125
vt 1 0.125
vt 1 0.0535714285714286
vt 0.765625 0.0535714285714286
vt 0.765625 0.125
vt 1 0.125
vt 0.21875 0.296875
vt 0.578125 0.296875
vt 0.578125 0.25
vt 0.21875 0.25
vt 0.75 0.0535714285714286
vt 1 0.0535714285714286
vt 1 0
vt 0.75 0
vt 0.6875 0.9375
vt 0.328125 0.9375
vt 0.328125 1
vt 0.6875 1
vt 0.765625 0.0535714285714286
vt 1 0.0535714285714286
vt 1 0
vt 0.765625 0
vt 0.109375 0.3125
vt 0.46875 0.3125
vt 0.46875 0.25
vt 0.109375 0.25
vt 0.09375 0.3125
vt 0.578125 0.3125
vt 0.578125 0.25
vt 0.09375 0.25
vt 0.65625 0.9375
vt 0.171875 0.9375
vt 0.171875 1
vt 0.65625 1
vt 0.515625 0.9375
vt 0.15625 0.9375
vt 0.15625 1
vt 0.515625 1
vt 0.1875 0.3125
vt 0.546875 0.3125
vt 0.546875 0.25
vt 0.1875 0.25
vt 0.109375 0.3125
vt 0.59375 0.3125
vt 0.59375 0.25
vt 0.109375 0.25
vt 0.546875 0.9375
vt 0.1875 0.9375
vt 0.1875 1
vt 0.546875 1
vt 0.625 0.9375
vt 0.140625 0.9375
vt 0.140625 1
vt 0.625 1
vt 0.515625 0.9375
vt 0.15625 0.9375
vt 0.15625 1
vt 0.515625 1
vt 0.640625 0.9375
vt 0.15625 0.9375
vt 0.15625 1
vt 0.640625 1
vt 0.09375 0.3125
vt 0.578125 0.3125
vt 0.578125 0.25
vt 0.09375 0.25
vt 0.140625 0.3125
vt 0.5 0.3125
vt 0.5 0.25
vt 0.140625 0.25
vt 0.765625 0.546875
vt 0.734375 0.546875
vt 0.734375 0.421875
vt 0.765625 0.421875
vt 0.765625 0.5625
vt 0.734375 0.5625
vt 0.734375 0.4375
vt 0.765625 0.4375
vt 0.734375 0.5625
vt 0.765625 0.5625
vt 0.765625 0.59375
vt 0.734375 0.59375
vt 0.703125 0.578125
vt 0.734375 0.578125
vt 0.734375 0.546875
vt 0.703125 0.546875
vt 0.765625 0.546875
vt 0.734375 0.546875
vt 0.734375 0.421875
vt 0.765625 0.421875
vt 0.765625 0.5625
vt 0.734375 0.5625
vt 0.734375 0.4375
vt 0.765625 0.4375
vt 0 1
vt 0.015625 1
vt 0.015625 0.96875
vt 0 0.96875
vt 0 1
vt 0.25 1
vt 0.25 0.984375
vt 0 0.984375
vt 0.15625 0.90625
vt 0.40625 0.90625
vt 0.40625 0.890625
vt 0.15625 0.890625
vt 0.5 0.265625
vt 0.75 0.265625
vt 0.75 0.234375
vt 0.5 0.234375
vt 0.125 0.875
vt 0.140625 0.875
vt 0.140625 0.6875
vt 0.125 0.6875
vt 0 0.921875
vt 0.03125 0.921875
vt 0.03125 0.734375
vt 0 0.734375
vt 0.90625 0.734375
vt 0.921875 0.734375
vt 0.921875 0.546875
vt 0.90625 0.546875
vt 0.96875 0.8125
vt 1 0.8125
vt 1 0.625
vt 0.96875 0.625
vt 0 1
vt 0.015625 1
vt 0.015625 0.96875
vt 0 0.96875
vt 0 1
vt 0.25 1
vt 0.25 0.984375
vt 0 0.984375
vt 0.15625 0.90625
vt 0.40625 0.90625
vt 0.40625 0.890625
vt 0.15625 0.890625
vt 0.5 0.265625
vt 0.75 0.265625
vt 0.75 0.234375
vt 0.5 0.234375
vt 0 1
vt 0.015625 1
vt 0.015625 0.8125
vt 0 0.8125
vt 0.90625 0.734375
vt 0.921875 0.734375
vt 0.921875 0.546875
vt 0.90625 0.546875
vt 0 1
vt 0.03125 1
vt 0.03125 0.984375
vt 0 0.984375
vt 0.96875 0.8125
vt 1 0.8125
vt 1 0.625
vt 0.96875 0.625
vt 0 1
vt 0.015625 1
vt 0.015625 0.96875
vt 0 0.96875
vt 0 1
vt 0.25 1
vt 0.25 0.984375
vt 0 0.984375
vt 0.15625 0.90625
vt 0.40625 0.90625
vt 0.40625 0.890625
vt 0.15625 0.890625
vt 0.5 0.265625
vt 0.75 0.265625
vt 0.75 0.234375
vt 0.5 0.234375
vt 0 1
vt 0.015625 1
vt 0.015625 0.96875
vt 0 0.96875
vt 0 1
vt 0.25 1
vt 0.25 0.984375
vt 0 0.984375
vt 0.15625 0.90625
vt 0.40625 0.90625
vt 0.40625 0.890625
vt 0.15625 0.890625
vt 0.5 0.265625
vt 0.75 0.265625
vt 0.75 0.234375
vt 0.5 0.234375
vt 0.125 0.875
vt 0.140625 0.875
vt 0.140625 0.6875
vt 0.125 0.6875
vt 0 1
vt 0.015625 1
vt 0.015625 0.8125
vt 0 0.8125
vt 0 1
vt 0.03125 1
vt 0.03125 0.984375
vt 0 0.984375
vt 0 1
vt 0.03125 1
vt 0.03125 0.984375
vt 0 0.984375
vt 0 0.921875
vt 0.03125 0.921875
vt 0.03125 0.734375
vt 0 0.734375
vt 0.859375 0.609375
vt 0.875 0.609375
vt 0.875 0.484375
vt 0.859375 0.484375
vt 0.84375 0.609375
vt 0.859375 0.609375
vt 0.859375 0.484375
vt 0.84375 0.484375
vt 0.75 0.609375
vt 0.875 0.609375
vt 0.875 0.59375
vt 0.75 0.59375
vt 0.75 0.5
vt 0.875 0.5
vt 0.875 0.484375
vt 0.75 0.484375
vt 0.75 0.609375
vt 0.875 0.609375
vt 0.875 0.484375
vt 0.75 0.484375
vt 0.859375 0.609375
vt 0.875 0.609375
vt 0.875 0.484375
vt 0.859375 0.484375
vt 0.84375 0.609375
vt 0.859375 0.609375
vt 0.859375 0.484375
vt 0.84375 0.484375
vt 0.75 0.609375
vt 0.875 0.609375
vt 0.875 0.59375
vt 0.75 0.59375
vt 0.75 0.5
vt 0.875 0.5
vt 0.875 0.484375
vt 0.75 0.484375
vt 0.625 0.609375
vt 0.75 0.609375
vt 0.75 0.484375
vt 0.625 0.484375
vt 0.875 0.4375
vt 0.875 0.25
vt 0.75 0.25
vt 0.75 0.4375
vt 0.875 1
vt 0.875 0.8125
vt 0.75 0.8125
vt 0.75 1
vt 0.890625 0.25
vt 0.890625 0.4375
vt 1 0.4375
vt 1 0.25
vt 0.890625 0.8125
vt 0.890625 1
vt 1 1
vt 1 0.8125
vt 0.125 0
vt 0.125 0.015625
vt 0.25 0.015625
vt 0.25 0
vt 0.359375 0
vt 0.359375 0.015625
vt 0.484375 0.015625
vt 0.484375 0
vt 0.875 0.625
vt 0.875 0.734375
vt 1 0.734375
vt 1 0.625
vt 0.125 0.171875
vt 0.125 0.0625
vt 0 0.0625
vt 0 0.171875
vt 0.890625 0.53125
vt 0.890625 0.640625
vt 1 0.640625
vt 1 0.53125
vt 0.359375 0.015625
vt 0.359375 0
vt 0.25 0
vt 0.25 0.015625
vt 0.109375 0.6875
vt 0.109375 0.578125
vt 0 0.578125
vt 0 0.6875
vt 0.125 0.015625
vt 0.125 0
vt 0.015625 0
vt 0.015625 0.015625
vt 0.875 0.4375
vt 0.875 0.25
vt 0.75 0.25
vt 0.75 0.4375
vt 0.875 1
vt 0.875 0.8125
vt 0.75 0.8125
vt 0.75 1
vt 0.890625 0.25
vt 0.890625 0.4375
vt 1 0.4375
vt 1 0.25
vt 0.890625 0.8125
vt 0.890625 1
vt 1 1
vt 1 0.8125
vt 0.125 0
vt 0.125 0.015625
vt 0.25 0.015625
vt 0.25 0
vt 0.359375 0
vt 0.359375 0.015625
vt 0.484375 0.015625
vt 0.484375 0
vt 0.875 0.625
vt 0.875 0.734375
vt 1 0.734375
vt 1 0.625
vt 0.125 0.171875
vt 0.125 0.0625
vt 0 0.0625
vt 0 0.171875
vt 0.890625 0.53125
vt 0.890625 0.640625
vt 1 0.640625
vt 1 0.53125
vt 0.359375 0.015625
vt 0.359375 0
vt 0.25 0
vt 0.25 0.015625
vt 0.109375 0.6875
vt 0.109375 0.578125
vt 0 0.578125
vt 0 0.6875
vt 0.125 0.015625
vt 0.125 0
vt 0.015625 0
vt 0.015625 0.015625
vt 0.23437500000000006 0
vt 0.23437500000000006 0.015625
vt 0.359375 0.015625
vt 0.359375 0
vt 0.18750000000000006 0
vt 0.18750000000000006 0.015625
vt 0.3125 0.015625
vt 0.3125 0
vt 0.37500000000000006 0
vt 0.37500000000000006 0.03125
vt 0.5 0.03125
vt 0.5 0
vt 0.12499999999999994 0.03125
vt 0.12499999999999994 0
vt 0 0
vt 0 0.03125
vt 0.39062499999999994 0
vt 0.39062499999999994 0.03125
vt 0.5 0.03125
vt 0.5 0
vt 0.23437500000000006 0.015625
vt 0.23437500000000006 0
vt 0.125 0
vt 0.125 0.015625
vt 0.10937500000000006 0.03125
vt 0.10937500000000006 0
vt 0 0
vt 0 0.03125
vt 0.18750000000000006 0.015625
vt 0.18750000000000006 0
vt 0.078125 0
vt 0.078125 0.015625
vt 0.23437500000000006 0
vt 0.23437500000000006 0.015625
vt 0.359375 0.015625
vt 0.359375 0
vt 0.18750000000000006 0
vt 0.18750000000000006 0.015625
vt 0.3125 0.015625
vt 0.3125 0
vt 0.37500000000000006 0
vt 0.37500000000000006 0.03125
vt 0.5 0.03125
vt 0.5 0
vt 0.12499999999999994 0.03125
vt 0.12499999999999994 0
vt 0 0
vt 0 0.03125
vt 0.39062499999999994 0
vt 0.39062499999999994 0.03125
vt 0.5 0.03125
vt 0.5 0
vt 0.23437500000000006 0.015625
vt 0.23437500000000006 0
vt 0.125 0
vt 0.125 0.015625
vt 0.10937500000000006 0.03125
vt 0.10937500000000006 0
vt 0 0
vt 0 0.03125
vt 0.18750000000000006 0.015625
vt 0.18750000000000006 0
vt 0.078125 0
vt 0.078125 0.015625
vt 0.6875 0
vt 0.5625 0
vt 0.5625 0.9375000000000001
vt 0.6875 0.9375000000000001
vt 0.5624999999999999 2.220446049250313e-16
vt 0.6874999999999999 2.220446049250313e-16
vt 0.6874999999999999 0.9375000000000001
vt 0.5624999999999999 0.9375000000000001
vt 0.6875000000000001 0
vt 0.5625000000000001 0
vt 0.5625000000000001 0.9375
vt 0.6875000000000001 0.9375
vt 0.6875 0.265625
vt 0.703125 0.265625
vt 0.703125 0.21875
vt 0.6875 0.21875
vt 0.703125 0.265625
vt 0.703125 0.21875
vt 0.6875 0.21875
vt 0.6875 0.265625
vt 0.734375 0.265625
vt 0.734375 0.21875
vt 0.71875 0.21875
vt 0.71875 0.265625
vt 0.6875 0.265625
vt 0.734375 0.265625
vt 0.734375 0.21875
vt 0.6875 0.21875
vt 0.71875 0.265625
vt 0.734375 0.265625
vt 0.734375 0.21875
vt 0.71875 0.21875
vt 0.71875 0.265625
vt 0.734375 0.265625
vt 0.734375 0.21875
vt 0.71875 0.21875
vt 0.71875 0.265625
vt 0.734375 0.265625
vt 0.734375 0.21875
vt 0.71875 0.21875
vt 0.703125 0.21875
vt 0.703125 0.265625
vt 0.6875 0.265625
vt 0.6875 0.21875
vt 0.71875 0.265625
vt 0.71875 0.21875
vt 0.734375 0.21875
vt 0.734375 0.265625
vt 0.6875 0.265625
vt 0.734375 0.265625
vt 0.734375 0.21875
vt 0.6875 0.21875
vt 0.65625 0
vt 0.65625 0.046875
vt 0.734375 0.046875
vt 0.734375 0
vt 0.34375 0.296875
vt 0.34375 0.25
vt 0.265625 0.25
vt 0.265625 0.296875
vt 0.328125 0.296875
vt 0.328125 0.25
vt 0.265625 0.25
vt 0.265625 0.296875
vt 0.28125 0.25
vt 0.28125 0.296875
vt 0.34375 0.296875
vt 0.34375 0.25
vt 0.9375 0.90625
vt 0.9375 0.984375
vt 1 0.984375
vt 1 0.90625
vt 0.9375 0.859375
vt 0.9375 0.921875
vt 1 0.921875
vt 1 0.859375
vt 0.28125 0.25
vt 0.28125 0.296875
vt 0.34375 0.296875
vt 0.34375 0.25
vt 0.65625 0.046875
vt 0.65625 0
vt 0.59375 0
vt 0.59375 0.046875
vt 0.96875 0.984375
vt 0.96875 0.90625
vt 0.90625 0.90625
vt 0.90625 0.984375
vt 0.28125 0.25
vt 0.28125 0.296875
vt 0.34375 0.296875
vt 0.34375 0.25
vt 0.3125 0.296875
vt 0.3125 0.25
vt 0.25 0.25
vt 0.25 0.296875
vt 0.96875 0.921875
vt 0.96875 0.859375
vt 0.90625 0.859375
vt 0.90625 0.921875
vt 0.4375 0.671875
vt 0.453125 0.671875
vt 0.453125 0.609375
vt 0.4375 0.609375
vt 0.359375 0.671875
vt 0.375 0.671875
vt 0.375 0.609375
vt 0.359375 0.609375
vt 0.375 0.625
vt 0.4375 0.625
vt 0.4375 0.609375
vt 0.375 0.609375
vt 0.4375 0.625
vt 0.5 0.625
vt 0.5 0.609375
vt 0.4375 0.609375
vt 0.4375 0.671875
vt 0.5 0.671875
vt 0.5 0.609375
vt 0.4375 0.609375
vt 0.015625 0.90625
vt 0 0.90625
vt 0 0.8125
vt 0.015625 0.8125
vt 0.015625 0.90625
vt 0 0.90625
vt 0 0.8125
vt 0.015625 0.8125
vt 0 0.890625
vt 0.09375 0.890625
vt 0.09375 0.90625
vt 0 0.90625
vt 0 0.828125
vt 0.09375 0.828125
vt 0.09375 0.8125
vt 0 0.8125
vt 0.09375 0.90625
vt 0 0.90625
vt 0 0.8125
vt 0.09375 0.8125
vt 0.25 0.0625
vt 0.21875 0.0625
vt 0.21875 0.125
vt 0.25 0.125
vt 0.03125 0.0625
vt 0 0.0625
vt 0 0.125
vt 0.03125 0.125
vt 0.125 0
vt 0.125 0.03125
vt 0.21875 0.03125
vt 0.21875 0
vt 0.3125 0
vt 0.3125 0.03125
vt 0.40625 0.03125
vt 0.40625 0
vt 0.84375 1
vt 0.84375 0.9375
vt 0.75 0.9375
vt 0.75 1
vt 0.84375 0.3125
vt 0.84375 0.25
vt 0.75 0.25
vt 0.75 0.3125
vt 0.21875 0.0625
vt 0.25 0.0625
vt 0.25 0
vt 0.21875 0
vt 0 0.0625
vt 0.03125 0.0625
vt 0.03125 0
vt 0 0
vt 0.90625 0.25
vt 0.90625 0.3125
vt 1 0.3125
vt 1 0.25
vt 0.3125 0.03125
vt 0.3125 0
vt 0.21875 0
vt 0.21875 0.03125
vt 0.125 0.03125
vt 0.125 0
vt 0.03125 0
vt 0.03125 0.03125
vt 0.90625 0.9375
vt 0.90625 1
vt 1 1
vt 1 0.9375
vt 0.5625 0.9375
vt 0.6875 0.9375
vt 0.6875 0.3125
vt 0.5625 0.3125
vt 0.6875 0.3125
vt 0.5625 0.3125
vt 0.5625 0.9375
vt 0.6875 0.9375
vt 0.5625 0.625
vt 0.6875 0.625
vt 0.6875 0
vt 0.5625 0
vt 0.6875 0.3125
vt 0.5625 0.3125
vt 0.5625 0.9375
vt 0.6875 0.9375
vt 0.71875 0.265625
vt 0.734375 0.265625
vt 0.734375 0.21875
vt 0.71875 0.21875
vt 0.6875 0.265625
vt 0.703125 0.265625
vt 0.703125 0.21875
vt 0.6875 0.21875
vt 0.703125 0.265625
vt 0.703125 0.21875
vt 0.6875 0.21875
vt 0.6875 0.265625
vt 0.6875 0.265625
vt 0.734375 0.265625
vt 0.734375 0.21875
vt 0.6875 0.21875
vt 0.6875 0.265625
vt 0.734375 0.265625
vt 0.734375 0.21875
vt 0.6875 0.21875
vt 0.5624999999999999 0.8750000000000001
vt 0.6874999999999999 0.8750000000000001
vt 0.6874999999999999 0.6875000000000001
vt 0.5624999999999999 0.6875000000000001
vt 0.5624999999999999 0.8750000000000001
vt 0.6874999999999999 0.8750000000000001
vt 0.6874999999999999 0.6875000000000001
vt 0.5624999999999999 0.6875000000000001
vt 0.5624999999999999 0.8750000000000001
vt 0.6874999999999999 0.8750000000000001
vt 0.6874999999999999 0.7500000000000001
vt 0.5624999999999999 0.7500000000000001
vt 0.5624999999999999 0.8750000000000001
vt 0.6874999999999999 0.8750000000000001
vt 0.6874999999999999 0.6875000000000001
vt 0.5624999999999999 0.6875000000000001
vt 0.6874999999999999 0.6875000000000001
vt 0.5624999999999999 0.6875000000000001
vt 0.5624999999999999 0.8750000000000001
vt 0.6874999999999999 0.8750000000000001
vt 0.5625 0.375
vt 0.6875 0.375
vt 0.6875 0.25
vt 0.5625 0.25
vt 0.75 0
vt 0.75 0.125
vt 0.875 0.125
vt 0.875 0
vt 0.8744570546815829 0
vt 0.7494617308678025 0.0005429453184171429
vt 0.7505429453184171 0.12553826913219746
vt 0.8755382691321975 0.12445705468158286
vt 0.5624999999999999 0.2500000000000001
vt 0.5624999999999999 0.3125000000000001
vt 0.6874999999999999 0.3125000000000001
vt 0.6874999999999999 0.2500000000000001
vt 0.71875 0.265625
vt 0.734375 0.265625
vt 0.734375 0.21875
vt 0.71875 0.21875
vt 0.6875 0.265625
vt 0.703125 0.265625
vt 0.703125 0.21875
vt 0.6875 0.21875
vt 0.703125 0.265625
vt 0.703125 0.21875
vt 0.6875 0.21875
vt 0.6875 0.265625
vt 0.6875 0.265625
vt 0.734375 0.265625
vt 0.734375 0.21875
vt 0.6875 0.21875
vt 0.828125 0.859375
vt 0.84375 0.859375
vt 0.84375 0.71875
vt 0.828125 0.71875
vt 0.828125 0.859375
vt 0.84375 0.859375
vt 0.84375 0.71875
vt 0.828125 0.71875
vt 0.84375 0.84375
vt 0.84375 0.734375
vt 0.828125 0.734375
vt 0.828125 0.84375
vt 0.828125 0.75
vt 0.828125 0.859375
vt 0.84375 0.859375
vt 0.84375 0.75
vt 0.734375 0.859375
vt 0.84375 0.859375
vt 0.84375 0.71875
vt 0.734375 0.71875
vt 0.984375 0.3582640625
vt 0.984375 0.46875
vt 1 0.46875
vt 1 0.3582640625
vt 1 0.328125
vt 0.984375 0.328125
vt 0.984375 0.515625
vt 1 0.515625
vt 0.734375 0.328125
vt 0.734375 0.25
vt 0.546875 0.25
vt 0.46875 0.328125
vt 1 0.34375
vt 0.921875 0.265625
vt 0.734375 0.265625
vt 0.734375 0.34375
vt 0.984375 0.328125
vt 0.984375 0.5
vt 1 0.5
vt 1 0.328125
vt 1 0.515625
vt 1 0.34375
vt 0.734375 0.34375
vt 0.734375 0.515625
vt 1 0.515625
vt 1 0.34375
vt 0.734375 0.34375
vt 0.734375 0.515625
vt 0.984375 0.359375
vt 0.984375 0.4375
vt 1 0.4375
vt 1 0.359375
vt 0.984375 0.3582640625
vt 0.984375 0.46875
vt 1 0.46875
vt 1 0.3582640625
vt 1 0.328125
vt 0.984375 0.328125
vt 0.984375 0.515625
vt 1 0.515625
vt 0.734375 0.328125
vt 0.734375 0.25
vt 0.546875 0.25
vt 0.46875 0.328125
vt 1 0.34375
vt 0.921875 0.265625
vt 0.734375 0.265625
vt 0.734375 0.34375
vt 0.984375 0.328125
vt 0.984375 0.5
vt 1 0.5
vt 1 0.328125
vt 0.984375 0.328125
vt 0.984375 0.5
vt 1 0.5
vt 1 0.328125
vt 0.578125 0.40625
vt 0.59375 0.40625
vt 0.59375 0.140625
vt 0.578125 0.140625
vt 1 0.515625
vt 1 0.34375
vt 0.734375 0.34375
vt 0.734375 0.515625
vt 1 0.515625
vt 1 0.34375
vt 0.734375 0.34375
vt 0.734375 0.515625
vt 0.859375 0.984375
vt 0.90625 0.984375
vt 0.90625 0.859375
vt 0.859375 0.859375
vt 0.546875 0.125
vt 0.59375 0.125
vt 0.59375 0
vt 0.546875 0
vt 0.25 0.296875
vt 0.34375 0.296875
vt 0.34375 0.25
vt 0.25 0.25
vt 0.25 0.296875
vt 0.34375 0.296875
vt 0.34375 0.25
vt 0.25 0.25
vt 0.90625 0.984375
vt 1 0.984375
vt 1 0.859375
vt 0.90625 0.859375
vt 0.859375 0.984375
vt 0.90625 0.984375
vt 0.90625 0.859375
vt 0.859375 0.859375
vt 0.859375 0.984375
vt 0.90625 0.984375
vt 0.90625 0.859375
vt 0.859375 0.859375
vt 0.25 0.296875
vt 0.34375 0.296875
vt 0.34375 0.25
vt 0.25 0.25
vt 0.25 0.296875
vt 0.34375 0.296875
vt 0.34375 0.25
vt 0.25 0.25
vt 0.90625 0.984375
vt 1 0.984375
vt 1 0.859375
vt 0.90625 0.859375
vt 0.6875 0
vt 0.5625 0
vt 0.5625 0.9375000000000001
vt 0.6875 0.9375000000000001
vt 0.5624999999999999 2.220446049250313e-16
vt 0.6874999999999999 2.220446049250313e-16
vt 0.6874999999999999 0.9375000000000001
vt 0.5624999999999999 0.9375000000000001
vt 0.6875000000000001 0
vt 0.5625000000000001 0
vt 0.5625000000000001 0.9375
vt 0.6875000000000001 0.9375
vt 0.71875 0.265625
vt 0.734375 0.265625
vt 0.734375 0.21875
vt 0.71875 0.21875
vt 0.71875 0.265625
vt 0.734375 0.265625
vt 0.734375 0.21875
vt 0.71875 0.21875
vt 0.703125 0.21875
vt 0.703125 0.265625
vt 0.6875 0.265625
vt 0.6875 0.21875
vt 0.71875 0.265625
vt 0.71875 0.21875
vt 0.734375 0.21875
vt 0.734375 0.265625
vt 0.6875 0.265625
vt 0.734375 0.265625
vt 0.734375 0.21875
vt 0.6875 0.21875
vt 0.6875 0.265625
vt 0.703125 0.265625
vt 0.703125 0.21875
vt 0.6875 0.21875
vt 0.703125 0.265625
vt 0.703125 0.21875
vt 0.6875 0.21875
vt 0.6875 0.265625
vt 0.734375 0.265625
vt 0.734375 0.21875
vt 0.71875 0.21875
vt 0.71875 0.265625
vt 0.6875 0.265625
vt 0.734375 0.265625
vt 0.734375 0.21875
vt 0.6875 0.21875
vt 0.71875 0.265625
vt 0.734375 0.265625
vt 0.734375 0.21875
vt 0.71875 0.21875
vt 0.71875 0.265625
vt 0.734375 0.265625
vt 0.734375 0.21875
vt 0.71875 0.21875
vt 0.6875 0.265625
vt 0.703125 0.265625
vt 0.703125 0.21875
vt 0.6875 0.21875
vt 0.703125 0.265625
vt 0.703125 0.21875
vt 0.6875 0.21875
vt 0.6875 0.265625
vt 0.734375 0.265625
vt 0.734375 0.21875
vt 0.71875 0.21875
vt 0.71875 0.265625
vt 0.6875 0.265625
vt 0.734375 0.265625
vt 0.734375 0.21875
vt 0.6875 0.21875
vt 0.6875 0.265625
vt 0.703125 0.265625
vt 0.703125 0.21875
vt 0.6875 0.21875
vt 0.703125 0.265625
vt 0.703125 0.21875
vt 0.6875 0.21875
vt 0.6875 0.265625
vt 0.734375 0.265625
vt 0.734375 0.21875
vt 0.71875 0.21875
vt 0.71875 0.265625
vt 0.6875 0.265625
vt 0.734375 0.265625
vt 0.734375 0.21875
vt 0.6875 0.21875
vt 0.71875 0.265625
vt 0.734375 0.265625
vt 0.734375 0.21875
vt 0.71875 0.21875
vt 0.6875 0.21875
vt 0.5625 0.21875
vt 0.5625 1
vt 0.6875 1
vt 0.6875 0.21875
vt 0.5625 0.21875
vt 0.5625 1
vt 0.6875 1
vt 0.5625 0.78125
vt 0.6875 0.78125
vt 0.6875 0
vt 0.5625 0
vt 0.6875 0.21875
vt 0.5625 0.21875
vt 0.5625 1
vt 0.6875 1
vt 0.71875 0.265625
vt 0.734375 0.265625
vt 0.734375 0.21875
vt 0.71875 0.21875
vt 0.71875 0.265625
vt 0.734375 0.265625
vt 0.734375 0.21875
vt 0.71875 0.21875
vt 0.703125 0.21875
vt 0.703125 0.265625
vt 0.6875 0.265625
vt 0.6875 0.21875
vt 0.71875 0.265625
vt 0.71875 0.21875
vt 0.734375 0.21875
vt 0.734375 0.265625
vt 0.6875 0.265625
vt 0.734375 0.265625
vt 0.734375 0.21875
vt 0.6875 0.21875
vt 0.5625000000000001 0.8749999999999999
vt 0.6875000000000001 0.8749999999999999
vt 0.6875000000000001 0.6874999999999999
vt 0.5625000000000001 0.6874999999999999
vt 0.5625000000000001 0.8749999999999999
vt 0.6875000000000001 0.8749999999999999
vt 0.6875000000000001 0.6874999999999999
vt 0.5625000000000001 0.6874999999999999
vt 0.5625000000000001 0.8749999999999999
vt 0.6875000000000001 0.8749999999999999
vt 0.6875000000000001 0.6874999999999999
vt 0.5625000000000001 0.6874999999999999
vt 0.6875000000000001 0.6874999999999999
vt 0.5625000000000001 0.6874999999999999
vt 0.5625000000000001 0.8749999999999999
vt 0.6875000000000001 0.8749999999999999
vt 0.5625 0.25
vt 0.5625 0.375
vt 0.6875 0.375
vt 0.6875 0.25
vt 0.6874999999999999 0.3750000000000001
vt 0.6874999999999999 0.3125000000000001
vt 0.5624999999999999 0.3125000000000001
vt 0.5624999999999999 0.3750000000000001
vt 0.8125 0.125
vt 0.875 0.125
vt 0.875 0
vt 0.75 0
vt 0.875 0
vt 0.8125 0
vt 0.75 0.125
vt 0.875 0.125
vt 0.5625000000000001 0.875
vt 0.6875000000000001 0.875
vt 0.6875000000000001 0.3124999999999999
vt 0.5625000000000001 0.3124999999999999
vt 0.5624999999999999 0.875
vt 0.6874999999999999 0.875
vt 0.6874999999999999 0.3125000000000001
vt 0.5624999999999999 0.3125000000000001
vt 0.53125 0.65625
vt 0.65625 0.65625
vt 0.65625 0.09375
vt 0.53125 0.09375
vt 0.6874999999999999 0.3750000000000001
vt 0.5624999999999999 0.3750000000000001
vt 0.5624999999999999 0.9375
vt 0.6874999999999999 0.9375
vt 0.5625 0.25
vt 0.5625 0.375
vt 0.6875 0.375
vt 0.6875 0.25
vt 0.6874999999999999 0.3750000000000001
vt 0.6874999999999999 0.3125000000000001
vt 0.5624999999999999 0.3125000000000001
vt 0.5624999999999999 0.3750000000000001
vt 0.8125 0.125
vt 0.875 0.125
vt 0.875 0
vt 0.75 0
vt 0.875 0
vt 0.8125 0
vt 0.75 0.125
vt 0.875 0.125
vt 0.625 0.375
vt 0.6875 0.375
vt 0.6875 0.25
vt 0.625 0.25
vt 0.625 0.375
vt 0.6875 0.375
vt 0.6875 0.25
vt 0.625 0.25
vt 0.5625 0.3125
vt 0.6875 0.3125
vt 0.6875 0.25
vt 0.5625 0.25
vt 0.5625 0.3125
vt 0.6875 0.3125
vt 0.6875 0.25
vt 0.5625 0.25
vt 0.734375 0
vt 0.734375 0
vt 0.5 0
vt 0.5 0
vt 0.734375 0
vt 0.734375 0
vt 0 0.25
vt 0.234375 0.25
vt 0.234375 0
vt 0 0
vt 0.734375 0.25
vt 0.734375 0.25
vt 0.734375 0
vt 0.5 0
vt 0.734375 0
vt 0.734375 0
vt 0.5 0
vt 0.5 0
vt 0.734375 0
vt 0.5 0
vt 0.234375 0.25
vt 0.46875 0.25
vt 0.46875 0
vt 0.234375 0
vt 0.984375 0.3582640625
vt 0.984375 0.46875
vt 1 0.46875
vt 1 0.3582640625
vt 1 0.328125
vt 0.984375 0.328125
vt 0.984375 0.515625
vt 1 0.515625
vt 0.734375 0.328125
vt 0.734375 0.25
vt 0.546875 0.25
vt 0.46875 0.328125
vt 1 0.34375
vt 0.921875 0.265625
vt 0.734375 0.265625
vt 0.734375 0.34375
vt 0.453125 0.140625
vt 0.453125 0.3125
vt 0.46875 0.3125
vt 0.46875 0.140625
vt 0.984375 0.328125
vt 0.984375 0.5
vt 1 0.5
vt 1 0.328125
vt 0.578125 0.40625
vt 0.59375 0.40625
vt 0.59375 0.140625
vt 0.578125 0.140625
vt 1 0.515625
vt 1 0.34375
vt 0.734375 0.34375
vt 0.734375 0.515625
vt 1 0.515625
vt 1 0.34375
vt 0.734375 0.34375
vt 0.734375 0.515625
vt 0.9375 0.0625
vt 0.0625 0.0625
vt 0.0625 0.9375
vt 0.9375 0.9375
vt 0 0.765625
vt 0.25 0.765625
vt 0.25 0.53125
vt 0 0.53125
vt 0.25 0.765625
vt 0.484375 0.765625
vt 0.484375 0.53125
vt 0.25 0.53125
vt 0.234375 0.765625
vt 0.484375 0.765625
vt 0.484375 0.53125
vt 0.234375 0.53125
vt 0 0.25
vt 0 0.484375
vt 0.234375 0.484375
vt 0.234375 0.25
vt 0.234375 1
vt 0.484375 1
vt 0.484375 0.765625
vt 0.234375 0.765625
vt 0.484375 1
vt 0.484375 0.765625
vt 0.234375 0.765625
vt 0.234375 1
vt 0.25 1
vt 0.484375 1
vt 0.484375 0.765625
vt 0.25 0.765625
vt 0 1
vt 0.25 1
vt 0.25 0.765625
vt 0 0.765625
vt 0.25 1
vt 0.25 0.765625
vt 0 0.765625
vt 0 1
vt 0.25 1
vt 0.484375 1
vt 0.484375 0.765625
vt 0.25 0.765625
vt 0.984375 0.484375
vt 1 0.484375
vt 1 0.46875
vt 0.984375 0.46875
vt 0.984375 0.484375
vt 1 0.484375
vt 1 0.46875
vt 0.984375 0.46875
vt 0.984375 0.484375
vt 1 0.484375
vt 1 0.46875
vt 0.984375 0.46875
vt 0.984375 0.484375
vt 1 0.484375
vt 1 0.46875
vt 0.984375 0.46875
vt 0.984375 0.484375
vt 1 0.484375
vt 1 0.46875
vt 0.984375 0.46875
vt 0.984375 0.484375
vt 1 0.484375
vt 1 0.46875
vt 0.984375 0.46875
vt 0.984375 0.484375
vt 1 0.484375
vt 1 0.46875
vt 0.984375 0.46875
vt 0.984375 0.484375
vt 1 0.484375
vt 1 0.46875
vt 0.984375 0.46875
vt 0.734375 0.25
vt 0.734375 0.25
vt 0.734375 0
vt 0.734375 0
vt 0.75 0.234375
vt 0.75 0.265625
vt 0.5 0.265625
vt 0.5 0.234375
vt 0.03125 0.734375
vt 0.03125 0.921875
vt 0 0.921875
vt 0 0.734375
vt 0.9375 0.0625
vt 0.0625 0.0625
vt 0.0625 0.9375
vt 0.9375 0.9375
vt 0.0625 1
vt 0.9375 1
vt 0.9375 0.875
vt 0.0625 0.875
vt 0.140625 1
vt 0.15625 1
vt 0.15625 0.953125
vt 0.140625 0.953125
vt 0.140625 1
vt 0.375 1
vt 0.375 0.984375
vt 0.140625 0.984375
vt 0.140625 1
vt 0.375 1
vt 0.375 0.953125
vt 0.140625 0.953125
vt 0.75 0.40625
vt 0.75 0.65625
vt 0.5 0.65625
vt 0.5 0.40625
vt 0 0.9375
vt 0 0.796875
vt 0.07812500029265326 0.796875
vt 0.07812500029265326 0.9375
vt 0 0.25
vt 0.07812500029265326 0.25
vt 0.07812500029265326 0.484375
vt 0 0.484375
vt 0 0.765625
vt 0.07812500029265326 0.765625
vt 0.07812500029265326 1
vt 0 1
vt 0.6718749997073468 0.9375
vt 0.6718749997073468 0.796875
vt 0.75 0.796875
vt 0.75 0.9375
vt 0.734375 0.5
vt 0.6562499997073468 0.5
vt 0.6562499997073468 0.25
vt 0.734375 0.25
vt 0.5 0
vt 0.5781250002926532 0
vt 0.5781250002926532 0.25
vt 0.5 0.25
vt 0.25 1
vt 0.23437500002161643 1
vt 0.23437500002161643 0.9375
vt 0.25 0.9375
vt 0.5 1
vt 0.5 0.9375
vt 0.75 0.9375
vt 0.75 1
vt 0 1
vt 0 0.9375
vt 0.234375 0.9375
vt 0.234375 1
vt 0.515625 1
vt 0.515625 0.9375
vt 0.75 0.9375
vt 0.75 1
vt 0 1
vt 0 0.9375
vt 0.25 0.9375
vt 0.25 1
vt 0.5 0.9375
vt 0.5156249999783835 0.9375
vt 0.5156249999783835 1
vt 0.5 1
vt 0.6718749997073468 1
vt 0.6718749997073468 0.9375
vt 0.75 0.9375
vt 0.75 1
vt 0 1
vt 0 0.9375
vt 0.07812500029265326 0.9375
vt 0.07812500029265326 1
vt 0.25 0.796875
vt 0.23437500002161643 0.796875
vt 0.23437500002161643 0.75
vt 0.25 0.75
vt 0.07812500029265326 0.75
vt 0.07812500029265326 0.796875
vt 0 0.796875
vt 0 0.75
vt 0 1
vt 0 0.75
vt 0.234375 0.75
vt 0.234375 1
vt 0.75 0.75
vt 0.75 0.796875
vt 0.6718749997073468 0.796875
vt 0.6718749997073468 0.75
vt 0.5 0.75
vt 0.5156249999783835 0.75
vt 0.5156249999783835 0.796875
vt 0.5 0.796875
vt 0.25 0.75
vt 0.25 0.796875
vt 0 0.796875
vt 0 0.75
vt 0.75 0.75
vt 0.75 0.796875
vt 0.515625 0.796875
vt 0.515625 0.75
vt 0.234375 0.75
vt 0.234375 0.796875
vt 0 0.796875
vt 0 0.75
vt 0.75 0.75
vt 0.75 0.796875
vt 0.5 0.796875
vt 0.5 0.75
vt 0.07812500029265326 0.9375
vt 0.23437500002161643 0.9375
vt 0.23437500002161643 1
vt 0.07812500029265326 1
vt 0.07812500029265326 0.25
vt 0.23437500002161643 0.25
vt 0.23437500002161643 0.484375
vt 0.07812500029265326 0.484375
vt 0.07812500029265326 0.765625
vt 0.23437500002161643 0.765625
vt 0.23437500002161643 1
vt 0.07812500029265326 1
vt 0.6718749997073468 1
vt 0.5156249999783835 1
vt 0.5156249999783835 0.9375
vt 0.6718749997073468 0.9375
vt 0.6718749997073468 0.9375
vt 0.5156249999783835 0.9375
vt 0.5156249999783835 0.796875
vt 0.6718749997073468 0.796875
vt 0.6718749997073468 0.796875
vt 0.5156249999783835 0.796875
vt 0.5156249999783835 0.75
vt 0.6718749997073468 0.75
vt 0.484375 0.25
vt 0.6562499997073468 0.25
vt 0.6562499997073468 0.5
vt 0.484375 0.5
vt 0.07812500029265326 0.75
vt 0.23437500002161643 0.75
vt 0.23437500002161643 0.796875
vt 0.07812500029265326 0.796875
vt 0.5781250002926532 0
vt 0.7343750000216165 0
vt 0.7343750000216165 0.25
vt 0.5781250002926532 0.25
vt 0.84375 0.859375
vt 1 0.859375
vt 1 0.71875
vt 0.84375 0.71875
vt 0 0.765625
vt 0.25 0.765625
vt 0.25 1
vt 0 1
vt 0.75 1
vt 0.5 1
vt 0.5 0.765625
vt 0.75 0.765625
vt 0.5 0.984375
vt 0.5 1
vt 0.09375 1
vt 0.09375 0.984375
vt 0.5 0.953125
vt 0.5 1
vt 0.09375 1
vt 0.09375 0.953125
vt 0.5 0.953125
vt 0.5 1
vt 0.09375 1
vt 0.09375 0.953125
vt 0.9375 0
vt 0.06250000000000006 0
vt 0.062499999999999944 1
vt 0.9375 1
vt 0.875 1
vt 1 1
vt 1 0
vt 0.875 0
vt 0.9375 0
vt 0.06250000000000006 0
vt 0.062499999999999944 1
vt 0.9375 1
vt 0.875 1
vt 1 1
vt 1 0
vt 0.875 0
vt 0.609375 0.765625
vt 0.609375 0.890625
vt 0.5625 0.890625
vt 0.5625 0.765625
vt 0.578125 1
vt 0.578125 0.859375
vt 0.5625 0.859375
vt 0.5625 1
vt 0.5625 0.765625
vt 0.5625 0.890625
vt 0.609375 0.890625
vt 0.609375 0.765625
vt 0.578125 1
vt 0.578125 0.859375
vt 0.5625 0.859375
vt 0.5625 1
vt 0.5625 0.765625
vt 0.5625 0.890625
vt 0.609375 0.890625
vt 0.609375 0.765625
vt 0.546875 0.75
vt 0.546875 0.765625
vt 0.5 0.765625
vt 0.5 0.75
vt 0.0625 0.265625
vt 0.203125 0.265625
vt 0.203125 0.484375
vt 0.0625 0.484375
vt 0.7656249999999993 0.875
vt 0.7656249999999993 1
vt 0.7343749999999993 1
vt 0.7343749999999993 0.875
vt 0.7656249999999993 0.875
vt 0.7656249999999993 1
vt 0.7343749999999993 1
vt 0.7343749999999993 0.875
vt 0.765625 0.875
vt 0.765625 1
vt 0.734375 1
vt 0.734375 0.875
vt 0.7656249999999993 0.875
vt 0.7656249999999993 1
vt 0.7343749999999993 1
vt 0.7343749999999993 0.875
vt 0.7656249999999993 0.875
vt 0.7656249999999993 1
vt 0.7343749999999993 1
vt 0.7343749999999993 0.875
vt 0.765625 0.875
vt 0.765625 1
vt 0.734375 1
vt 0.734375 0.875
vt 0.765625 0.875
vt 0.765625 1
vt 0.734375 1
vt 0.734375 0.875
vt 0.7656249999999993 0.875
vt 0.7656249999999993 1
vt 0.7343749999999993 1
vt 0.7343749999999993 0.875
vt 0.7656249999999993 0.875
vt 0.7656249999999993 1
vt 0.7343749999999993 1
vt 0.7343749999999993 0.875
vt 0.765625 0.875
vt 0.765625 1
vt 0.734375 1
vt 0.734375 0.875
vt 0.765625 0.875
vt 0.765625 1
vt 0.734375 1
vt 0.734375 0.875
vt 0.7656249999999993 0.875
vt 0.7656249999999993 1
vt 0.7343749999999993 1
vt 0.7343749999999993 0.875
vt 0.7656249999999993 0.875
vt 0.7656249999999993 1
vt 0.7343749999999993 1
vt 0.7343749999999993 0.875
vt 0.765625 0.875
vt 0.765625 1
vt 0.734375 1
vt 0.734375 0.875
vt 0.765625 0.875
vt 0.765625 1
vt 0.734375 1
vt 0.734375 0.875
vt 0.7656249999999993 0.875
vt 0.7656249999999993 1
vt 0.7343749999999993 1
vt 0.7343749999999993 0.875
vt 0.7656249999999993 0.875
vt 0.7656249999999993 1
vt 0.7343749999999993 1
vt 0.7343749999999993 0.875
vt 0.765625 0.875
vt 0.765625 1
vt 0.734375 1
vt 0.734375 0.875
vt 0.546875 0.75
vt 0.546875 1
vt 0.53125 1
vt 0.53125 0.75
vt 0.546875 0.75
vt 0.546875 1
vt 0.5 1
vt 0.5 0.75
vt 0.609375 0.75
vt 0.609375 1
vt 0.5625 1
vt 0.5625 0.75
vt 0.5 0.765625
vt 0.546875 0.765625
vt 0.546875 0.75
vt 0.5 0.75
vt 0.609375 0.765625
vt 0.609375 0.890625
vt 0.5625 0.890625
vt 0.5625 0.765625
vt 0.609375 0.765625
vt 0.609375 0.890625
vt 0.5625 0.890625
vt 0.5625 0.765625
vt 0.578125 1
vt 0.578125 0.859375
vt 0.5625 0.859375
vt 0.5625 1
vt 0.5625 0.765625
vt 0.5625 0.890625
vt 0.609375 0.890625
vt 0.609375 0.765625
vt 0.578125 1
vt 0.578125 0.859375
vt 0.5625 0.859375
vt 0.5625 1
vt 0.5625 0.765625
vt 0.5625 0.890625
vt 0.609375 0.890625
vt 0.609375 0.765625
vt 0.546875 0.75
vt 0.546875 0.765625
vt 0.5 0.765625
vt 0.5 0.75
vt 0.0625 0.265625
vt 0.203125 0.265625
vt 0.203125 0.484375
vt 0.0625 0.484375
vt 0.7656249999999993 0.875
vt 0.7656249999999993 1
vt 0.7343749999999993 1
vt 0.7343749999999993 0.875
vt 0.7656249999999993 0.875
vt 0.7656249999999993 1
vt 0.7343749999999993 1
vt 0.7343749999999993 0.875
vt 0.765625 0.875
vt 0.765625 1
vt 0.734375 1
vt 0.734375 0.875
vt 0.7656249999999993 0.875
vt 0.7656249999999993 1
vt 0.7343749999999993 1
vt 0.7343749999999993 0.875
vt 0.7656249999999993 0.875
vt 0.7656249999999993 1
vt 0.7343749999999993 1
vt 0.7343749999999993 0.875
vt 0.765625 0.875
vt 0.765625 1
vt 0.734375 1
vt 0.734375 0.875
vt 0.765625 0.875
vt 0.765625 1
vt 0.734375 1
vt 0.734375 0.875
vt 0.7656249999999993 0.875
vt 0.7656249999999993 1
vt 0.7343749999999993 1
vt 0.7343749999999993 0.875
vt 0.7656249999999993 0.875
vt 0.7656249999999993 1
vt 0.7343749999999993 1
vt 0.7343749999999993 0.875
vt 0.765625 0.875
vt 0.765625 1
vt 0.734375 1
vt 0.734375 0.875
vt 0.765625 0.875
vt 0.765625 1
vt 0.734375 1
vt 0.734375 0.875
vt 0.7656249999999993 0.875
vt 0.7656249999999993 1
vt 0.7343749999999993 1
vt 0.7343749999999993 0.875
vt 0.7656249999999993 0.875
vt 0.7656249999999993 1
vt 0.7343749999999993 1
vt 0.7343749999999993 0.875
vt 0.765625 0.875
vt 0.765625 1
vt 0.734375 1
vt 0.734375 0.875
vt 0.765625 0.875
vt 0.765625 1
vt 0.734375 1
vt 0.734375 0.875
vt 0.7656249999999993 0.875
vt 0.7656249999999993 1
vt 0.7343749999999993 1
vt 0.7343749999999993 0.875
vt 0.7656249999999993 0.875
vt 0.7656249999999993 1
vt 0.7343749999999993 1
vt 0.7343749999999993 0.875
vt 0.765625 0.875
vt 0.765625 1
vt 0.734375 1
vt 0.734375 0.875
vt 0.546875 0.75
vt 0.546875 1
vt 0.53125 1
vt 0.53125 0.75
vt 0.609375 0.75
vt 0.609375 1
vt 0.59375 1
vt 0.59375 0.75
vt 0.546875 0.75
vt 0.546875 1
vt 0.5 1
vt 0.5 0.75
vt 0.609375 0.75
vt 0.609375 1
vt 0.5625 1
vt 0.5625 0.75
vt 0.5 0.765625
vt 0.546875 0.765625
vt 0.546875 0.75
vt 0.5 0.75
vt 0.609375 0.765625
vt 0.609375 0.890625
vt 0.5625 0.890625
vt 0.5625 0.765625
vt 0.609375 0.765625
vt 0.609375 0.890625
vt 0.5625 0.890625
vt 0.5625 0.765625
vt 0.578125 1
vt 0.578125 0.859375
vt 0.5625 0.859375
vt 0.5625 1
vt 0.5625 0.765625
vt 0.5625 0.890625
vt 0.609375 0.890625
vt 0.609375 0.765625
vt 0.578125 1
vt 0.578125 0.859375
vt 0.5625 0.859375
vt 0.5625 1
vt 0.5625 0.765625
vt 0.5625 0.890625
vt 0.609375 0.890625
vt 0.609375 0.765625
vt 0.546875 0.75
vt 0.546875 0.765625
vt 0.5 0.765625
vt 0.5 0.75
vt 0.0625 0.265625
vt 0.203125 0.265625
vt 0.203125 0.484375
vt 0.0625 0.484375
vt 0.7656249999999993 0.875
vt 0.7656249999999993 1
vt 0.7343749999999993 1
vt 0.7343749999999993 0.875
vt 0.7656249999999993 0.875
vt 0.7656249999999993 1
vt 0.7343749999999993 1
vt 0.7343749999999993 0.875
vt 0.765625 0.875
vt 0.765625 1
vt 0.734375 1
vt 0.734375 0.875
vt 0.7656249999999993 0.875
vt 0.7656249999999993 1
vt 0.7343749999999993 1
vt 0.7343749999999993 0.875
vt 0.7656249999999993 0.875
vt 0.7656249999999993 1
vt 0.7343749999999993 1
vt 0.7343749999999993 0.875
vt 0.765625 0.875
vt 0.765625 1
vt 0.734375 1
vt 0.734375 0.875
vt 0.765625 0.875
vt 0.765625 1
vt 0.734375 1
vt 0.734375 0.875
vt 0.7656249999999993 0.875
vt 0.7656249999999993 1
vt 0.7343749999999993 1
vt 0.7343749999999993 0.875
vt 0.7656249999999993 0.875
vt 0.7656249999999993 1
vt 0.7343749999999993 1
vt 0.7343749999999993 0.875
vt 0.765625 0.875
vt 0.765625 1
vt 0.734375 1
vt 0.734375 0.875
vt 0.765625 0.875
vt 0.765625 1
vt 0.734375 1
vt 0.734375 0.875
vt 0.7656249999999993 0.875
vt 0.7656249999999993 1
vt 0.7343749999999993 1
vt 0.7343749999999993 0.875
vt 0.7656249999999993 0.875
vt 0.7656249999999993 1
vt 0.7343749999999993 1
vt 0.7343749999999993 0.875
vt 0.765625 0.875
vt 0.765625 1
vt 0.734375 1
vt 0.734375 0.875
vt 0.765625 0.875
vt 0.765625 1
vt 0.734375 1
vt 0.734375 0.875
vt 0.7656249999999993 0.875
vt 0.7656249999999993 1
vt 0.7343749999999993 1
vt 0.7343749999999993 0.875
vt 0.7656249999999993 0.875
vt 0.7656249999999993 1
vt 0.7343749999999993 1
vt 0.7343749999999993 0.875
vt 0.765625 0.875
vt 0.765625 1
vt 0.734375 1
vt 0.734375 0.875
vt 0.546875 0.75
vt 0.546875 1
vt 0.53125 1
vt 0.53125 0.75
vt 0.546875 0.75
vt 0.546875 1
vt 0.5 1
vt 0.5 0.75
vt 0.609375 0.75
vt 0.609375 1
vt 0.5625 1
vt 0.5625 0.75
vt 0.5 0.765625
vt 0.546875 0.765625
vt 0.546875 0.75
vt 0.5 0.75
vt 0.609375 0.765625
vt 0.609375 0.890625
vt 0.5625 0.890625
vt 0.5625 0.765625
vt 0.609375 0.765625
vt 0.609375 0.890625
vt 0.5625 0.890625
vt 0.5625 0.765625
vt 0.578125 1
vt 0.578125 0.859375
vt 0.5625 0.859375
vt 0.5625 1
vt 0.5625 0.765625
vt 0.5625 0.890625
vt 0.609375 0.890625
vt 0.609375 0.765625
vt 0.578125 1
vt 0.578125 0.859375
vt 0.5625 0.859375
vt 0.5625 1
vt 0.5625 0.765625
vt 0.5625 0.890625
vt 0.609375 0.890625
vt 0.609375 0.765625
vt 0.546875 0.75
vt 0.546875 0.765625
vt 0.5 0.765625
vt 0.5 0.75
vt 0.0625 0.265625
vt 0.203125 0.265625
vt 0.203125 0.484375
vt 0.0625 0.484375
vt 0.7656249999999993 0.875
vt 0.7656249999999993 1
vt 0.7343749999999993 1
vt 0.7343749999999993 0.875
vt 0.7656249999999993 0.875
vt 0.7656249999999993 1
vt 0.7343749999999993 1
vt 0.7343749999999993 0.875
vt 0.765625 0.875
vt 0.765625 1
vt 0.734375 1
vt 0.734375 0.875
vt 0.7656249999999993 0.875
vt 0.7656249999999993 1
vt 0.7343749999999993 1
vt 0.7343749999999993 0.875
vt 0.7656249999999993 0.875
vt 0.7656249999999993 1
vt 0.7343749999999993 1
vt 0.7343749999999993 0.875
vt 0.765625 0.875
vt 0.765625 1
vt 0.734375 1
vt 0.734375 0.875
vt 0.765625 0.875
vt 0.765625 1
vt 0.734375 1
vt 0.734375 0.875
vt 0.7656249999999993 0.875
vt 0.7656249999999993 1
vt 0.7343749999999993 1
vt 0.7343749999999993 0.875
vt 0.7656249999999993 0.875
vt 0.7656249999999993 1
vt 0.7343749999999993 1
vt 0.7343749999999993 0.875
vt 0.765625 0.875
vt 0.765625 1
vt 0.734375 1
vt 0.734375 0.875
vt 0.765625 0.875
vt 0.765625 1
vt 0.734375 1
vt 0.734375 0.875
vt 0.7656249999999993 0.875
vt 0.7656249999999993 1
vt 0.7343749999999993 1
vt 0.7343749999999993 0.875
vt 0.7656249999999993 0.875
vt 0.7656249999999993 1
vt 0.7343749999999993 1
vt 0.7343749999999993 0.875
vt 0.765625 0.875
vt 0.765625 1
vt 0.734375 1
vt 0.734375 0.875
vt 0.765625 0.875
vt 0.765625 1
vt 0.734375 1
vt 0.734375 0.875
vt 0.7656249999999993 0.875
vt 0.7656249999999993 1
vt 0.7343749999999993 1
vt 0.7343749999999993 0.875
vt 0.7656249999999993 0.875
vt 0.7656249999999993 1
vt 0.7343749999999993 1
vt 0.7343749999999993 0.875
vt 0.765625 0.875
vt 0.765625 1
vt 0.734375 1
vt 0.734375 0.875
vt 0.546875 0.75
vt 0.546875 1
vt 0.53125 1
vt 0.53125 0.75
vt 0.609375 0.75
vt 0.609375 1
vt 0.59375 1
vt 0.59375 0.75
vt 0.546875 0.75
vt 0.546875 1
vt 0.5 1
vt 0.5 0.75
vt 0.609375 0.75
vt 0.609375 1
vt 0.5625 1
vt 0.5625 0.75
vt 0.5 0.765625
vt 0.546875 0.765625
vt 0.546875 0.75
vt 0.5 0.75
vt 0.609375 0.765625
vt 0.609375 0.890625
vt 0.5625 0.890625
vt 0.5625 0.765625
vt 0.515625 0.984375
vt 0.515625 1
vt 0.359375 1
vt 0.359375 0.984375
vt 0.515625 0.9375
vt 0.515625 1
vt 0.359375 1
vt 0.359375 0.9375
vt 0.515625 0.9375
vt 0.515625 1
vt 0.359375 1
vt 0.359375 0.9375
vt 0 1
vt 0.03125 1
vt 0.03125 0.765625
vt 0 0.765625
vt 0 1
vt 0.03125 1
vt 0.03125 0.765625
vt 0 0.765625
vt 0.5625 0.9375
vt 0.5625 0.96875
vt 0.546875 0.96875
vt 0.546875 0.9375
vt 0.25 0.421875
vt 0.40625 0.421875
vt 0.40625 0.3125
vt 0.25 0.3125
vt 0.25 0.421875
vt 0.40625 0.421875
vt 0.40625 0.3125
vt 0.25 0.3125
vt 0.25 0.421875
vt 0.40625 0.421875
vt 0.40625 0.3125
vt 0.25 0.3125
vt 0.25 0.421875
vt 0.40625 0.421875
vt 0.40625 0.3125
vt 0.25 0.3125
vt 0.265625 0.34375
vt 0.390625 0.34375
vt 0.40625 0.328125
vt 0.25 0.328125
vt 0.265625 0.34375
vt 0.390625 0.34375
vt 0.40625 0.328125
vt 0.25 0.328125
vt 0 0.609375
vt 0.125 0.609375
vt 0.125 0.484375
vt 0 0.484375
vt 0.265625 0.34375
vt 0.390625 0.34375
vt 0.40625 0.328125
vt 0.25 0.328125
vt 0.265625 0.328125
vt 0.390625 0.328125
vt 0.40625 0.3125
vt 0.25 0.3125
vt 0.9375 0.890625
vt 0.9375 1
vt 1 1
vt 1 0.890625
vt 0.8125 1
vt 0.8125 0.890625
vt 0.75 0.890625
vt 0.75 1
vt 0.859375 1
vt 0.859375 0.9375
vt 0.75 0.9375
vt 0.75 1
vt 0.859375 0.3125
vt 0.859375 0.25
vt 0.75 0.25
vt 0.75 0.3125
vt 0.859375 1
vt 0.859375 0.890625
vt 0.75 0.890625
vt 0.75 1
vt 0.8125 0.359375
vt 0.8125 0.25
vt 0.75 0.25
vt 0.75 0.359375
vt 0.9375 0.25
vt 0.9375 0.359375
vt 1 0.359375
vt 1 0.25
vt 0.859375 0.359375
vt 0.859375 0.25
vt 0.75 0.25
vt 0.75 0.359375
vt 0.9375 0.25
vt 0.9375 0.359375
vt 1 0.359375
vt 1 0.25
vt 0.859375 1
vt 0.859375 0.9375
vt 0.75 0.9375
vt 0.75 1
vt 0.8125 0.359375
vt 0.8125 0.25
vt 0.75 0.25
vt 0.75 0.359375
vt 0.8125 1
vt 0.8125 0.890625
vt 0.75 0.890625
vt 0.75 1
vt 0.859375 0.3125
vt 0.859375 0.25
vt 0.75 0.25
vt 0.75 0.3125
vt 0.9375 0.890625
vt 0.9375 1
vt 1 1
vt 1 0.890625
vt 0.90625 0.25
vt 0.90625 0.3125
vt 1 0.3125
vt 1 0.25
vt 0.90625 0.9375
vt 0.90625 1
vt 1 1
vt 1 0.9375
vt 0.90625 0.25
vt 0.90625 0.3125
vt 1 0.3125
vt 1 0.25
vt 0.90625 0.890625
vt 0.90625 1
vt 1 1
vt 1 0.890625
vt 0.90625 0.25
vt 0.90625 0.359375
vt 1 0.359375
vt 1 0.25
vt 0.90625 0.9375
vt 0.90625 1
vt 1 1
vt 1 0.9375
vt 0.9991855820223742 0.31330740369829624
vt 1 0.12581441797762583
vt 0.8133144179776258 0.12419259630170376
vt 0.8116925963017038 0.3116855820223742
vt 0.9991855820223742 0.12419259630170387
vt 0.8116925963017039 0.12581441797762583
vt 0.8133144179776258 0.3133074036982961
vt 1 0.3116855820223742
vt 0.3125 0.5625
vt 0.5 0.5625
vt 0.5 0.375
vt 0.3125 0.375
vt 0.3125 0.5
vt 0.5 0.5
vt 0.5 0.375
vt 0.3125 0.375
vt 0.5 0.8125
vt 0.5 0.625
vt 0.3125 0.625
vt 0.3125 0.8125
vt 0.5 0.8125
vt 0.5 0.625
vt 0.3125 0.625
vt 0.3125 0.8125
vt 0.5 0.8125
vt 0.5 0.625
vt 0.3125 0.625
vt 0.3125 0.8125
vt 0.9991855820223742 0.31330740369829624
vt 1 0.12581441797762583
vt 0.8133144179776258 0.12419259630170376
vt 0.8116925963017038 0.3116855820223742
vt 0.9991855820223742 0.12419259630170387
vt 0.8116925963017039 0.12581441797762583
vt 0.8133144179776258 0.3133074036982961
vt 1 0.3116855820223742
vt 0.3125 0.5625
vt 0.5 0.5625
vt 0.5 0.375
vt 0.3125 0.375
vt 0.3125 0.5
vt 0.5 0.5
vt 0.5 0.375
vt 0.3125 0.375
vt 0.5 0.8125
vt 0.5 0.625
vt 0.3125 0.625
vt 0.3125 0.8125
vt 0.5 0.8125
vt 0.5 0.625
vt 0.3125 0.625
vt 0.3125 0.8125
vt 0.5 0.8125
vt 0.5 0.625
vt 0.3125 0.625
vt 0.3125 0.8125
vt 0.765625 0.8812500000000008
vt 0.765625 0.9218750000000007
vt 0.734375 0.9218750000000007
vt 0.734375 0.8812500000000008
vt 0.765625 0.8812500000000008
vt 0.765625 0.9218750000000007
vt 0.734375 0.9218750000000007
vt 0.734375 0.8812500000000008
vt 0.765625 0.8812500000000008
vt 0.765625 0.9218750000000007
vt 0.734375 0.9218750000000007
vt 0.734375 0.8812500000000008
vt 0.765625 0.8812500000000008
vt 0.765625 0.9218750000000007
vt 0.734375 0.9218750000000007
vt 0.734375 0.8812500000000008
vt 0.765625 0.8812500000000008
vt 0.765625 0.9218750000000007
vt 0.734375 0.9218750000000007
vt 0.734375 0.8812500000000008
vt 0.765625 0.8812500000000008
vt 0.765625 0.9218750000000007
vt 0.734375 0.9218750000000007
vt 0.734375 0.8812500000000008
vt 0.765625 0.8812500000000008
vt 0.765625 0.9218750000000007
vt 0.734375 0.9218750000000007
vt 0.734375 0.8812500000000008
vt 0.765625 0.8812500000000008
vt 0.765625 0.9218750000000007
vt 0.734375 0.9218750000000007
vt 0.734375 0.8812500000000008
vt 0.765625 0.8812500000000008
vt 0.765625 0.9218750000000007
vt 0.734375 0.9218750000000007
vt 0.734375 0.8812500000000008
vt 0.765625 0.8812500000000008
vt 0.765625 0.9218750000000007
vt 0.734375 0.9218750000000007
vt 0.734375 0.8812500000000008
vt 0.75 0.75
vt 0.75 1
vt 0.515625 1
vt 0.515625 0.75
vt 0.75 0.484375
vt 0.53125 0.484375
vt 0.53125 1
vt 0.75 1
vt 0 1
vt 0.234375 1
vt 0.234375 0.484375
vt 0 0.484375
vt 0.765625 0.765625
vt 0.53125 0.765625
vt 0.53125 1
vt 0.765625 1
vt 0.75 0.484375
vt 0.515625 0.484375
vt 0.515625 1
vt 0.75 1
vt 0 1
vt 0.234375 1
vt 0.234375 0.484375
vt 0 0.484375
vt 0.75 0.25
vt 0.515625 0.25
vt 0.515625 0.46875
vt 0.75 0.46875
vt 0.75 0.484375
vt 0.53125 0.484375
vt 0.53125 1
vt 0.75 1
vt 0 1
vt 0.25 1
vt 0.25 0.484375
vt 0 0.484375
vt 0 0.46875
vt 0.25 0.46875
vt 0.25 0.25
vt 0 0.25
vt 0 1
vt 0.25 1
vt 0.25 0.765625
vt 0 0.765625
vt 0.75 0.484375
vt 0.515625 0.484375
vt 0.515625 1
vt 0.75 1
vt 0.515625 0.46875
vt 0.515625 0.25
vt 0.75 0.25
vt 0.75 0.46875
vt 0.25 0.25
vt 0.25 0.46875
vt 0 0.46875
vt 0 0.25
vn -1 0 0
vn 0.9999999999999994 3.36535871762559e-8 0
vn 0 1 0
vn 0 0 -1
vn -1 0 0
vn 0 1 -2.9605947323337506e-16
vn 0 5.341836602686575e-10 -1
vn 0 0 -1
vn 0 0 1
vn 0 1 0
vn 0 -1 0
vn 1 0 0
vn 0 0 -1
vn 0 0 -1
vn 0 1 0
vn 0 0 -1
vn -1 0 0
vn 1 0 0
vn 0 1 0
vn 0 -1 0
vn 0 0 1
vn -1 0 0
vn 1 0 0
vn 0 1 0
vn 0 0 1
vn 0.9999999999999996 3.3653587176255905e-8 -1.0869232681980861e-23
vn -1 0 0
vn 1 0 0
vn 0 1 0
vn -1 0 0
vn 0.9999999999999996 3.3653587176255905e-8 0
vn 0 1 0
vn 0 0 1
vn -1 0 0
vn 0.9999999999999996 3.3653587176255905e-8 -1.0869232681980861e-23
vn 0 1 -3.2297397080004555e-16
vn 0 0 -1
vn -1 0 0
vn 1 0 0
vn 0 1 0
vn 0 0 -1
vn 0 0 -1
vn 1 -4.0063785988003155e-9 0
vn -1 -2.3684757858670005e-15 0
vn 1 3.205087791847785e-10 0
vn 0 9.61531014809225e-9 -1
vn -0.9999999999999998 2.0192152305753548e-8 0
vn 0 -1.0416585054236009e-7 -0.9999999999999947
vn -0.9999999999999999 2.403828468008062e-8 0
vn 0.9999999999999999 -2.4038270469226703e-8 0
vn 0 1 0
vn 0 -1 0
vn 0 -1.73609759018645e-8 -0.9999999999999999
vn 1 2.3684757858670005e-15 0
vn 1 0 0
vn 0 9.61531014809225e-9 -1
vn -0.9999999999999998 2.0192152305753548e-8 0
vn -1 4.0063785988003155e-9 0
vn -1.535075807039955e-7 0.9999999999999882 0
vn 1 -1.0015987998830469e-10 3.877409105807947e-26
vn 2.867723413661961e-8 0 0.9999999999999998
vn 4.8076545886616846e-8 -3.0047846361004618e-9 -0.9999999999999989
vn -1.2407709138585421e-24 -3.0047846312851245e-9 -1
vn -2.2702817570549753e-9 0 1
vn 0 1 0
vn -1 0 0
vn 1 0 0
vn 0 1 0
vn 0 0 -1
vn 0 -1.0416585054236009e-7 -0.9999999999999947
vn -0.9999999999999999 2.403828468008062e-8 0
vn 0.9999999999999941 1.0096075642651426e-7 4.1666347925831653e-8
vn 3.505582518346267e-9 1 0
vn 0 -1 0
vn 0 -1.73609759018645e-8 -0.9999999999999999
vn 0 -1 0
vn 1 1.1842378929335002e-15 0
vn -1 4.0063785988003155e-9 0
vn 1 0 0
vn 0 9.61531014809225e-9 -1
vn -0.9999999999999998 2.0192152305753548e-8 0
vn 0 0 -1
vn -5.608931850705546e-8 0.9999999999999986 0
vn 8.540110173164134e-23 -1 -1.1842378739554763e-15
vn 1 -4.006378598800318e-9 -4.744505350137146e-24
vn -1 0 0
vn 1 0 0
vn 0 9.61531014809225e-9 -1
vn -0.9999999999999998 2.0192152305753548e-8 2.3912311900357843e-23
vn 0 1 4.736951571734001e-16
vn -2.503952603216817e-11 3.130138122673052e-12 -1
vn -1.001589917561267e-10 0.00009191176124463335 -0.9999999957761142
vn 1 8.35932629801479e-16 1.816224918414553e-9
vn 8.974290290201493e-8 0.999999999999996 0
vn 0.9987523371069912 1.7741405932205684e-15 0.049937652360950796
vn 0 7.894919286223335e-16 1
vn -1 0 0
vn 0 1 0
vn 0 0 -1
vn 0 0 -1
vn -1 0 0
vn 4.440892098500626e-16 1 0
vn -1 0 0
vn 0 7.894919286223332e-16 1
vn 0 0 1
vn -1 0 0
vn -1 4.985715710123701e-9 0
vn 1 0 0
vn 0 0 1
vn 0 0 1
vn 1 0 0
vn -1 0 0
vn -1 -4.736951571734001e-15 0
vn 1 0 0
vn 9.853454873813468e-16 -0.8320502943378438 0.5547001962252291
vn 0 0 1
vn -1.4210854715202016e-15 1 0
vn -1.887448777873958e-9 -1 -9.437250994797139e-9
vn 0 0 1
vn 0.9999999999999994 -3.52996310481504e-8 0
vn -0.9999999999999987 5.294944699989987e-8 0
vn 4.493866839778178e-15 0.948683298050514 0.316227766016838
vn 0 0 1
vn -1 1.7649815381517003e-8 0
vn 1 -1.0171239436388048e-8 0
vn 1.887449457362738e-8 -1 0
vn 2.8048387967739252e-30 1.1842379024986275e-15 1
vn -1 8.146068602194587e-9 0
vn 1 -5.187511860761027e-9 0
vn 1.638164072263065e-8 -1 0
vn 1.294540977496247e-30 5.465713372376189e-16 1
vn -4.44089209850063e-16 1 0
vn -1.5357781731480002e-9 -1 -8.190819291931787e-9
vn 0 0 1
vn -1 5.2447148494634394e-9 -6.410208617216949e-9
vn 1 0 0
vn 0 0 1
vn 1 7.105427357601002e-15 0
vn 0.3162277924703032 0.9486832892326916 0
vn 0 0 1
vn -1 0 0
vn 1 0 0
vn 0 -0.8320502943378434 0.5547001962252299
vn 0 0 1
vn 1 0 0
vn 0.31622779657515127 0.9486832878644088 0
vn 0 0 1
vn -1 0 0
vn -0.316227735458527 -0.948683308236617 0
vn 0 0 1
vn -1 0 0
vn -0.31622773956337297 -0.948683306868335 0
vn 0 0 1
vn 0.9999999999999994 -3.52996310481504e-8 0
vn -0.9999999999999987 5.294944699989987e-8 0
vn 4.493866839778178e-15 0.948683298050514 0.316227766016838
vn 0 0 1
vn 5.921189474156519e-16 -1 0
vn 4.0954082725589e-9 1 0
vn -1 0 0
vn 0.999999999999998 5.7691882194472247e-8 -2.8845947647939155e-8
vn 0 0 1
vn 2.0180282103170633e-9 0 -1
vn -4.440892098500626e-16 -1 1.4802973661668785e-16
vn -1 -8.867928080692144e-16 -4.618705436372171e-19
vn -2.2169766076359252e-16 8.881784197001252e-16 -1
vn 4.440892098500628e-16 -1 0
vn 1 0 0
vn 2.2135179910957518e-16 1.7735856161384287e-15 -1
vn -4.0063696804537575e-10 -1 -2.8125649958549335e-15
vn -1 -8.881784197001248e-16 -2.955968810181239e-16
vn 2.1702175589417347e-16 -1.2858495717003511e-14 1
vn 1.110223020592335e-15 1.5099033070376964e-14 1
vn 2.157862467529633e-24 -1 -7.432134907503474e-10
vn 1 1.776356840349144e-15 6.178632498072543e-16
vn 0 -9.615318288515652e-9 1
vn 0 1.5099033070376964e-14 1
vn -2.67091682104591e-10 -1 -7.432134907503474e-10
vn -1.2019125579139e-9 -9.61531828851566e-9 1
vn 0 0.9999218840739726 0.012499029960630773
vn 0.0003905943894035679 0.9999218077979403 -0.012499029007165801
vn 0 1 0
vn 8.54694270436724e-9 1 -1.8580302513950758e-10
vn -1 8.867928066502991e-16 -1.634301226916715e-23
vn 1 0 1.6025509808059724e-9
vn -1.84293398024484e-8 0.9999999999999998 -1.8429346907875744e-8
vn 0 -0.9998242651450613 0.01874670176692834
vn 1.6075746441623402e-9 -4.018936610405879e-10 1
vn 0 0 -1
vn -1 1.7819253480546976e-15 -2.2274034617788337e-17
vn 1 -4.018936610405865e-10 -1.6075746441623431e-9
vn -0.01249802925231087 0.9998437870635676 -0.012498029252317973
vn 0.018743408475519238 -0.9996486229057887 -0.01874340847551937
vn -3.86764526688263e-17 -3.094120780272147e-15 1
vn -2.7243380884556235e-8 0 -0.9999999999999997
vn -1 0 0
vn 1 0 0
vn -5.315781827164857e-8 5.315781827164857e-8 0.9999999999999972
vn 0 0.9999978298745641 -0.0020833257456959477
vn 0 -1 0
vn -1 0 0
vn 1 0 0
vn 0 -3.126928855479454e-9 -1
vn 0.02499212384224005 0.9996864277750709 0.0015620077376372486
vn 0 -1 -4.4408920913838643e-16
vn -1 0 0
vn 1 0 0
vn 0 1 -4.4408920842671063e-16
vn 0 -1 4.4408920842671083e-16
vn 0 -1 0
vn 0 0.9996876473287262 0.024992154336042877
vn -1 -3.126928855479454e-9 0
vn 0 0 1
vn 0 0 -1
vn 5.921189452015477e-16 -1 0
vn -5.921189452015477e-16 1 0
vn 1 0 0
vn 0 0 1
vn 0 0 -1
vn 0 -1 0
vn 4.4408920842671063e-16 1 0
vn 0 0 1
vn 0 0 -1
vn -1 0 0
vn 1 0 0
vn 0 -0.707106800072798 -0.7071067623002966
vn -0.02499220054675283 0.999687646173459 -2.88997420305865e-9
vn 0 -1 2.2204460456919321e-16
vn -1 0 0
vn 1 0 0
vn 0 1 -2.2204460421335531e-16
vn -3.552713678800602e-15 -1 -2.2204460421335541e-16
vn -1 0 0
vn 1 0 -7.300512815492057e-9
vn 7.26490093276516e-8 0 0.9999999999999973
vn 0 1 2.960594726007742e-16
vn 0 -1 -2.96059473945051e-16
vn -4.4408920842671063e-16 -1 0
vn 0 1 0
vn 0 0 1
vn 0 0 -1
vn 0 -1 0
vn 0.001562007737636805 0.9996864277750711 -0.024992123842225846
vn -1 0 0
vn 0 0 1
vn 0 0 -1
vn -1.0683659681009347e-9 -1 0
vn 2.6327633412735967e-9 1 0
vn 0 0 1
vn 0 0 -1
vn -2.6645352334800648e-15 -1.4422954270794259e-8 1
vn -2.8421709179893967e-15 -9.615314735801983e-9 1
vn 1 9.473903189014967e-15 3.7071794909222515e-15
vn -2.6645352591003863e-15 4.736951571734001e-15 1
vn 1 1.77635681946509e-14 3.707179490922243e-15
vn -2.8421709430404127e-15 4.7369515717339955e-15 1
vn 1 1.7560729716224262e-29 3.707179490922262e-15
vn 4.12573201409091e-15 -3.552713678800504e-15 -1
vn 4.12573201409091e-15 -3.552713678800504e-15 -1
vn 1 1.3170547287168244e-29 3.707179490922262e-15
vn -1 -6.585273643584086e-30 -2.780384618191691e-15
vn 2.9796953435100957e-15 -6.514464249567061e-30 -1
vn -1 -5.3290705182007585e-15 -2.7803846181916776e-15
vn 2.9796953435100973e-15 -1.7763568394002428e-15 -1
vn -1 -7.10542735760101e-15 -4.016111115165738e-15
vn -4.584146682323239e-15 3.552713678800493e-15 1
vn -4.5841466607741044e-15 -5.875990349962633e-9 1
vn -1 -1.7763568394002655e-15 -4.016111115165768e-15
vn -0.9999999999999992 1.004734687179068e-8 -4.018939459259008e-8
vn 1 -1.4278131047139578e-24 3.552713673107096e-15
vn 1.8427904503484332e-8 0.9999218843843941 -0.012499005126899713
vn 0 -1 0
vn -1.6025509808059837e-9 -2.843433355651053e-24 1
vn 0 0 -1
vn 1 0 0
vn 2.670914600599732e-10 -1 -1.2820386530164975e-8
vn -2.220446049250315e-16 1 0
vn 0 0 1
vn -1 0 0
vn 0 0 1
vn 1 0 0
vn 0 0 1
vn -1 0 0
vn -2.670916821045788e-10 -1 -8.546926721919256e-9
vn 2.220446049250313e-16 1 -3.552713678800501e-15
vn -3.552713678800501e-15 0 1
vn -1 0 0
vn 1 0 0
vn 0 -1 0
vn 0 0 1
vn -1 6.865619953684791e-9 1.51146917049349e-8
vn 1.1518341845766143e-9 0.9999999999999999 -1.8429339849391975e-8
vn 0 -1 0
vn 0 0 1
vn 1 0 0
vn -6.661338147750945e-16 1 0
vn 8.88178419700126e-16 -1 0
vn 0 0 1
vn -1 2.3684757858670005e-15 0
vn 1 0 0
vn 0 1 0
vn -7.105427357601002e-15 -1 0
vn 0 0 1
vn -1 0 0
vn 1 -3.552713678800501e-15 0
vn -1.7763568394002473e-15 1 0
vn 1.7763568394002536e-15 -1 0
vn 0 0 1
vn -1 0 0
vn 1 0 0
vn -4.440892098500626e-16 1 -3.552713678800501e-15
vn 0 -1 0
vn 0 0 1
vn -8.881784197001252e-16 1 0
vn 0 -1 0
vn 0 1 0
vn 0 -1 0
vn 0.00012786426028116876 0.7071067754062045 0.7071067754062116
vn 0 -0.7309916426049663 -0.6823864143150078
vn 0 -0.7071067811865486 0.7071067811865466
vn 0.00022023690173921375 0.7074615189952053 -0.7067518310105068
vn 0 0.7074620893281489 -0.7067512944193668
vn 0 -0.7309916426049663 -0.6823864143150078
vn 0 -0.7071067811865486 0.7071067811865466
vn 0 0.707106781186544 0.7071067811865511
vn 8.881784197001268e-16 1 -5.921189464667501e-16
vn 0 -1 5.921189464667501e-16
vn 0 1 -5.921189464667501e-16
vn 0 -1 5.921189464667501e-16
vn 0 0.707106781186544 0.7071067811865511
vn 0 -0.7309916426049663 -0.6823864143150078
vn 0 -0.7071067811865486 0.7071067811865466
vn 0 0.7074620893281489 -0.7067512944193668
vn -0.0005051596318500092 0.7074632678834316 -0.7067499341418026
vn -0.0024505310066757755 -0.7310310797310269 -0.6823397653406068
vn 0 -0.7071067811865486 0.7071067811865466
vn 0 0.707106781186544 0.7071067811865511
vn 0 -1 0
vn 0 0.9997467809857727 0.02250275335565457
vn 0 0 1
vn 0 0.01330460620901702 -0.9999114898097846
vn -0.0018972296263049264 0.013328036574076853 -0.9999093778742278
vn 0 -1 0
vn 0 0 1
vn 0 0.9997467809857727 0.022502753355654565
vn 0 -1 0
vn -0.0014085618739093993 0.9997466026734104 0.02246656174009945
vn 0 0 1
vn 0 0.01330460620901702 -0.9999114898097846
vn 0 0.01330460620901702 -0.9999114898097846
vn 0 -1 0
vn 0 0 1
vn 0 0.9997467809857727 0.022502753355654565
vn -2.3684757858670006e-16 -1 -1.7763568394002505e-15
vn 0 1 1.7763568394002505e-15
vn 0 0 -1
vn 0 0 1
vn 0 1 0
vn 0 -1 0
vn -1 0 0
vn 0 0 -1
vn 0 0 -1
vn 0 0 1
vn 0 1 1.1842378929335002e-15
vn 0 -1 -1.1842378929335002e-15
vn 1 0 0
vn -1 0 0
vn 1 0 0
vn 0 0 -1
vn 0 0 1
vn 8.881784197001252e-16 1 0
vn 8.881784197001252e-16 1 -8.881784197001252e-16
vn 1 0 0
vn -1 0 0
vn 0 1 0
vn 0 0 -1
vn 0 0 1
vn 8.881784197001252e-16 1 -8.881784197001252e-16
vn -1 0 0
vn 1 0 0
vn 0 1 0
vn 0 -1 0
vn 0 0 -1
vn -1 0 0
vn 1 0 0
vn 0 1 0
vn 0 -1 -3.552713678800501e-15
vn 0 0 -1
vn -1 0 0
vn 1 0 0
vn 0 1 0
vn 0 -1 0
vn 0 0 -1
vn 0 0 -1
vn -1 0 0
vn 1 0 0
vn 0 0 -1
vn 0 -1 0
vn -1.1842378929335002e-15 1 0
vn 0 0 -1
vn -1 0 0
vn 1 0 -2.6175016069520992e-9
vn -1.362169061321142e-8 1 -1.1217856909685935e-9
vn 1.3621690631038818e-8 -1 -1.602552445935607e-9
vn 0 0 -1
vn 0 0 1
vn 0 1 0
vn -1 0 0
vn 1 0 0
vn 1.5491333455961336e-8 -1 -4.00638115853356e-9
vn -1.8162254274924626e-8 0.9999999999999999 4.0063811760114e-9
vn 1 0 0
vn -8.725003094607141e-9 0 1
vn 0 0 -1
vn -0.8944271874881695 0 -0.44721360252345055
vn -4.647400158434147e-8 0.9999999999999986 -2.8845929791273532e-8
vn 1.3621690539280159e-8 -1 1.2419773946276774e-8
vn 0 0 -1
vn 1 0 0
vn -1 0 0
vn 0 1 0
vn 0 0 -1
vn 0 0.13052619222005132 0.9914448613738105
vn 0 -0.13052619222005155 -0.9914448613738105
vn 0 0.9914448613738105 -0.1305261922200519
vn 0 -0.9914448613738107 0.13052619222004988
vn -1 0 0
vn 0 0.7071067811865476 -0.7071067811865476
vn 0 1 -5.921189464667501e-16
vn -1 0 0
vn 1 0 0
vn 0 0 -1
vn -1 0 0
vn 1 1.2918958832001822e-15 -5.399689618625107e-31
vn 1.6025509371470781e-9 0 1
vn -0.0035358428669654213 0.7072840060057 -0.7069206692859881
vn 1.4210854328050388e-14 1 0
vn -1 -5.448674755826246e-9 1.4638024692386213e-12
vn 1 0 0
vn 0 0 1
vn -0.013271205704748438 0.0012064732458861873 -0.9999112058185214
vn 0.707014649806638 -0.7059749513726213 -0.04158909704744929
vn -0.9999997292414543 -0.0000015296711199418196 0.0007358768091762193
vn 1 -2.4766684057133483e-9 0
vn -1 0 0
vn 1 0 0
vn 0 1 -2.3684757858670005e-15
vn 5.921189464667501e-16 -1 -1.1842378929335002e-15
vn 0 0 -1
vn -1 0 0
vn 1 0 0
vn 0 1 -2.3684757858670005e-15
vn 0 -1 -1.1842378929335002e-15
vn 0 0 -1
vn -7.105427357601002e-16 -1 -1.7763568394002505e-15
vn 9.473903143468012e-16 1 0
vn 0 0 -1
vn 0 0 -1
vn 0 0 1
vn 0 1 1.1842378929335002e-15
vn 0 -1 -1.1842378929335002e-15
vn 1 0 0
vn 0 0 1
vn 0 1 1.1842378929335002e-15
vn 0 -1 -3.552713678800501e-15
vn -1 0 0
vn 0 0 -1
vn 0 0 -1
vn 0 0 1
vn 0 1 2.3684757858670005e-15
vn 0 -1 0
vn -1 0 0
vn 0 0 1
vn 3.552713678800501e-15 1 -1.1842378929335002e-15
vn -3.552713678800501e-15 -1 0
vn -1 0 0
vn 0 0 -1
vn -2.819614030794046e-16 1 0
vn 2.819614030794046e-16 -1 0
vn 0 0 1
vn 0 0 -1
vn 0 0 -1
vn 0 0 1
vn 0 1 0
vn 0 -1 0
vn 1 0 0
vn 3.062654421685228e-8 -0.9999999999999997 1.148495363723045e-8
vn -2.296990835644732e-8 0.9999999999999998 -1.1484953586104769e-8
vn 0 0 1
vn 0 0 -1
vn 0.8944271909999161 0 -0.44721359549995804
vn 0 0 -1
vn 0 1 0
vn 0 -1 0
vn -1.578983857244667e-15 -1 0
vn 1.578983857244667e-15 1 0
vn 0 0 1
vn 0 0 -1
vn -0.8944271909999161 0 0.44721359549995804
vn 0 0 1
vn -6.890972335715116e-8 0.9999999999999976 -1.148495389285885e-8
vn 6.890972335715113e-8 -0.999999999999997 -3.4454861678575556e-8
vn -1 0 0
vn 0.9999999999999998 0 2.6709187750384438e-8
vn 0 1 0
vn 2.2969907172209193e-8 -0.9999999999999999 0
vn 0 0 1
vn -0.0016666642969249189 0 0.9999986111140962
vn 0.003333314814969893 0.9999944444907405 0
vn -1 0 8.506908284306687e-10
vn 0 0 -1
vn 0.000833332991320034 0 0.9999996527780025
vn 0 0.9999923825994798 0.0039031708924651713
vn 0.003535580374697578 0.7071023616391809 -0.7071023616391809
vn 0 0.999999963912802 -0.00026865292611645943
vn -1 0 0
vn 0.9999968555359872 -0.0025077714583215224 6.714495544224962e-7
vn 0 -0.0034052013786035886 0.9999942022849789
vn 0.013620512155803753 -1.7940646573693187e-10 -0.9999072365217755
vn -0.01249902406187515 -0.9999218841477072 2.0030333719695496e-11
vn -1 0 0
vn 0.9999990843815886 0.00113613293579454 -0.0007351448408082318
vn 2.5376526277146434e-16 1 0
vn -1 0 0
vn 0 0 1
vn -1 -6.7307174352511845e-9 0
vn 0 -1.6025518097724974e-9 -1
vn -1 0 0
vn -4.736951571734001e-16 1 4.440892098500626e-16
vn 0 0 -1
vn -1 0 0
vn -9.473903143468002e-16 1 0
vn 0 0 1
vn 0 -7.105427357601002e-15 -1
vn 0 0 1
vn 1 0 0
vn -2.5243548967073364e-29 -7.105427357601078e-15 -1
vn 0 0 -1
vn -1 0 0
vn 1 0 0
vn -1 0 0
vn 1 0 0
vn 0 0 -1
vn 0 0 -1
vn 0 1 2.3684757858670006e-16
vn 1 0 0
vn 1 4.7369516105335156e-15 0
vn 0 1 0
vn 0 0 -1
vn -0.9999956747745133 -0.0029411617204633594 -4.281308921672906e-9
vn -1.6839294321250888e-10 1.0015948535689442e-10 -1
vn 0 1 2.3684757858670006e-16
vn -7.105427330984343e-16 1 0
vn 0 7.894919286223332e-16 1
vn 0 0 1
vn -0.0015624973428291222 0.0010110276276099482 -0.9999982682110954
vn 0 6.259881502046488e-12 -1
vn 0 0 -1
vn -1 0 0
vn -1 0 0
vn 0 0 1
vn 0 0 1
vn 0 0 1
vn -5.007976241574514e-11 1.0015943621510198e-10 -1
vn -5.3210769149716506e-11 1.564940768148633e-11 -1
vn -1.6839294321250877e-10 2.1388165300359845e-10 -1
vn 1 -1.77635683940025e-15 9.473903143468002e-16
vn 0 0 1
vn 0 0 1
vn 0 0 1
vn -1 0 0
vn -1 0 0
vn 0 0 -1
vn -1.2519940647970952e-11 6.2598815007141305e-12 -1
vn 0 1 4.736951571734001e-16
vn -3.5527136849631653e-16 1 0
vn 0 0 1
vn -2.8048387789845276e-31 7.894919286223334e-16 1
vn 0 0 1
vn 0 0 1
vn -1.0015943630357092e-10 1.56494076689957e-11 -1
vn -0.001562498134804316 0.00009191164912610779 -0.9999987750751635
vn -1.2519940647970943e-11 3.4429940372874126e-11 -1
vn 0 1 0
vn 0 1 0
vn 0 1 0
vn 0 0 1
vn 0 3.256654205567124e-15 -1
vn 0 1 0
vn 0 0 -1
vn -4.006379202690051e-9 1 4.578719088788629e-9
vn 0 0 -1
vn 0 2.7939681684171907e-9 -1
vn 1 -9.313226190243995e-9 4.567608657063774e-15
vn 0 -4.540563418909221e-9 1
vn 1 -2.2204461475505244e-16 3.55271375744067e-15
vn 0 0 1
vn -3.027041184927289e-9 2.7243371552524045e-8 -0.9999999999999998
vn 1 -9.31322574775992e-10 -5.075305255122338e-16
vn 1 -1.1827796964749615e-8 0
vn -1 1.424923557088976e-8 0
vn -7.105427358417424e-15 1.862645149445061e-9 -1
vn 1 -9.03382901869806e-9 1.3664283380786939e-15
vn -1 1.1455267846722298e-8 -1.3664283381571964e-15
vn 0 -9.313225746689835e-10 1
vn 0 1.8626447053557673e-9 -1
vn 1 -6.23986129469111e-9 0
vn -1 8.661300122554828e-9 0
vn 0 -9.313225746689835e-10 1
vn 0 1.862645149444977e-9 -1
vn 1 -3.445893570684157e-9 -2.7328566761573952e-15
vn -1 5.867332398387358e-9 2.7328566763144e-15
vn 0 -9.313221305797736e-10 1
vn 0 1.862645149444977e-9 -1
vn 1 -6.519258466772093e-10 0
vn -1 3.0733646742198968e-9 0
vn 0 -9.313221305797736e-10 1
vn 1 3.0246218348863328e-24 -1.1102230239950263e-16
vn 0 1 2.220446049250311e-16
vn -9.081127849697168e-9 -1 -1.6653345369377338e-16
vn 0 -1.816225293343508e-8 0.9999999999999999
vn -3.0270413657220287e-9 7.334529884715898e-9 -1
vn -1.4901161196415887e-8 -2.793967696752903e-9 0.9999999999999999
vn 1 -1.5400913877527955e-9 1.4901159044042744e-8
vn 1.4901161198021385e-8 4.540563405211927e-9 -0.9999999999999999
vn 1 -1.0853317295816502e-8 1.490115538369164e-8
vn 1.4901162378085565e-8 1.5283612362273656e-16 -0.9999999999999999
vn -1.7928203291995764e-8 -2.724337153604426e-8 0.9999999999999996
vn 0.9999999999999998 -1.4889048704848523e-8 1.4901161193847663e-8
vn 1 -3.992574507346135e-9 1.4901162013704653e-8
vn -1 1.571135693948072e-9 -1.4901162013704693e-8
vn -1.4901168300987172e-8 -1.8626450899509559e-9 0.9999999999999999
vn 1 -6.786542231353086e-9 1.4901159280847976e-8
vn -1 4.365103418115532e-9 -1.4901159280847975e-8
vn 1.4901161194703735e-8 9.313225096238778e-10 -0.9999999999999999
vn -1.4901161195559814e-8 -1.862644604228411e-9 0.9999999999999999
vn 1 -9.580509955360044e-9 1.4901162013704693e-8
vn -1 7.159071142283005e-9 -1.490116201370469e-8
vn 1.4901161194703735e-8 9.313224679905144e-10 -0.9999999999999999
vn -1.4901161195559814e-8 -1.8626450066842573e-9 0.9999999999999999
vn 1 -1.2374477901411606e-8 1.490116474656137e-8
vn -1 9.953038866450467e-9 -1.4901164746561375e-8
vn 1.4901161194703735e-8 9.313219822679411e-10 -0.9999999999999999
vn -1.4901161195559814e-8 -1.8626449650508873e-9 0.9999999999999999
vn 0.9999999999999999 -1.516844562541856e-8 1.4901162013704713e-8
vn -1 1.2747006590617936e-8 -1.4901162013704706e-8
vn 1.4901161194703735e-8 9.313219406345744e-10 -0.9999999999999999
vn 1 -9.192099281583501e-10 1.490116107593304e-8
vn -1 9.192115942381996e-10 -1.4901160971803043e-8
vn -9.192101894465496e-10 -1 -3.4676420628535864e-16
vn -8.161917364191145e-9 1 -1.0599742019851064e-17
vn 1.490116121054258e-8 1.8162248478845914e-8 -0.9999999999999999
vn -1.7928203454490085e-8 -7.334530378241184e-9 0.9999999999999999
vn 0 2.7939681684171907e-9 1
vn -1 -9.31322596819939e-9 -2.7912518557190304e-15
vn 0 -4.540563974020726e-9 -1
vn -1 0 0
vn -1.1842378929335002e-15 -1.4705432235541708e-24 -1
vn 3.0270420731057086e-9 2.7243371552524045e-8 0.9999999999999998
vn -1 -9.313223527313872e-10 5.075305255122339e-16
vn -1 -1.1827796964749615e-8 0
vn 1 1.4249235570889762e-8 0
vn 0 1.8626447053557673e-9 1
vn -1 -9.033828796653456e-9 0
vn 1 1.1455267846722294e-8 0
vn -7.105427358009212e-15 -9.31322574669065e-10 -1
vn 0 1.8626447053557673e-9 1
vn -1 -6.239861516735714e-9 0
vn 1 8.661299678465619e-9 0
vn 0 -9.313225746689835e-10 -1
vn 0 1.862645149444977e-9 1
vn -1 -3.4458937927287622e-9 2.7328566761573952e-15
vn 1 5.867332398387358e-9 -2.7328566763144e-15
vn 0 -9.313221305797736e-10 -1
vn 0 1.862645593534187e-9 1
vn -1 -6.519260687218144e-10 0
vn 1 3.073364674219896e-9 0
vn 0 -9.313221305797736e-10 -1
vn -1 9.073865504658998e-24 3.330669071985079e-16
vn -2.6295363507367037e-31 1 -2.220446049250311e-16
vn 9.081127849697168e-9 -1 1.6653345066915024e-16
vn 0 -1.816225293343508e-8 -0.9999999999999999
vn 3.0270422539004455e-9 7.334530217782801e-9 1
vn 1.4901161196415897e-8 -2.7939676967528997e-9 -0.9999999999999999
vn -1 -1.5400913877527955e-9 -1.4901155491329141e-8
vn -1.49011611980214e-8 4.54056340521192e-9 0.9999999999999999
vn -1 -1.0853317517861109e-8 -1.490115716004851e-8
vn -1.4901161193847655e-8 2.6385845584941125e-16 0.9999999999999999
vn 1.792820240381735e-8 -2.724337153604423e-8 -0.9999999999999996
vn -0.9999999999999998 -1.4889048704848523e-8 -1.4901161193847663e-8
vn -1 -3.99257428530153e-9 -1.4901160647276314e-8
vn 1 1.5711356939480692e-9 1.4901160647276316e-8
vn 1.4901161195559814e-8 -1.8626446458617743e-9 -0.9999999999999999
vn -1 -6.786542009308479e-9 -1.4901157914419637e-8
vn 1 4.365103418115537e-9 1.4901157914419597e-8
vn -1.4901168300131093e-8 9.313225096238435e-10 0.9999999999999999
vn 1.4901161195559814e-8 -1.862644604228411e-9 -0.9999999999999999
vn -1 -9.58051017740465e-9 -1.4901160647276354e-8
vn 1 7.159071142283001e-9 1.4901160647276357e-8
vn -1.4901161194703735e-8 9.313224679905111e-10 0.9999999999999999
vn 1.4901161195559814e-8 -1.8626450066842507e-9 -0.9999999999999999
vn -1 -1.2374478345500817e-8 -1.490116611298971e-8
vn 1 9.953038422361262e-9 1.4901166112989707e-8
vn -1.4901161194703735e-8 9.313219822679444e-10 0.9999999999999999
vn 1.4901161195559814e-8 -1.8626454091400907e-9 -0.9999999999999999
vn -0.9999999999999998 -1.5168446069507766e-8 -1.4901163380133072e-8
vn 1 1.2747006590617934e-8 1.4901163380133065e-8
vn -1.4901161194703735e-8 9.313219406345744e-10 0.9999999999999999
vn -1 -9.192117045150433e-10 -1.4901160631843834e-8
vn 1 9.192151469516848e-10 1.4901160971803043e-8
vn 9.192101894465528e-10 -1 1.2015383512909207e-16
vn 8.16191736419115e-9 1 1.0599739301386557e-17
vn -1.4901161210542593e-8 1.816224463007303e-8 0.9999999999999999
vn 1.792820256631168e-8 -7.334530045174295e-9 -0.9999999999999999
vn 0 1 0
vn 0 8.881784197001256e-16 1
vn 0 0 -1
vn 1 0 0
vn 1 0 0
vn -5.608931127123037e-8 0.9999999999999982 2.8044655635615184e-8
vn 1 -1.1538619202968069e-8 0
vn -1 1.1538619202968056e-8 0
vn 0 -6.923172130817464e-9 -1
vn 0 6.923172130817471e-9 1
vn -0.7071067526299225 0.7071068097431714 0
vn 0.7071068097431737 0.7071067526299203 0
vn 0 1 0
vn 0 0.7071067983205238 0.7071067640525709
vn 0 0.7071067640525726 -0.7071067983205221
vn 0 0 1
vn 0 0 -1
vn -1 0 0
vn 1 0 0
vn 0 1 0
vn 0 0 -1
vn 0 0 1
vn 0 1 0
vn 0 0 -1
vn 1 0 0
vn 0 0 1
vn 0 0 1
vn -1 0 0
vn 0 0 -1
vn 1 0 0
vn -1 0 0
vn -1 0 0
vn 0 1 0
vn 0 1 0
vn 1 0 0
vn -0.9999999999999994 -3.5299629863912483e-8 -1.1842378929335046e-15
vn 0.9999999999999987 5.2949445223542986e-8 -1.1842378929335036e-15
vn -4.119377936463338e-15 0.9486832980505138 -0.31622776601683866
vn 5.921189464667568e-16 -1.7763568510909648e-15 -1
vn 1 1.7649815381517003e-8 -1.7763568390425143e-15
vn 1.1175944613457937e-23 1.1842379024986278e-15 -1
vn -1 -1.0171239436388046e-8 -3.7392861660052945e-9
vn -0.9999999999999994 -3.5299629863912483e-8 -1.1842378929335046e-15
vn 0.9999999999999987 5.2949445223542986e-8 -1.1842378929335036e-15
vn -4.119377936463338e-15 0.9486832980505138 -0.31622776601683866
vn 5.921189464667568e-16 -1.7763568510909648e-15 -1
vn 1 1.7649815381517003e-8 -1.7763568390425143e-15
vn 1.1175944613457937e-23 1.1842379024986278e-15 -1
vn -1 -1.0171239436388046e-8 -3.7392861660052945e-9
vn -4.596056868422238e-10 -1 -3.424329087018878e-18
vn -4.596056868422238e-10 -1 -3.4243300290462298e-18
vn -4.59605686842223e-10 -1 -3.4243290870188763e-18
vn -4.596056868422229e-10 -1 -3.4243278309824016e-18
vn -4.59605686842223e-10 -1 -3.4243290870188717e-18
vn 4.5960568684222375e-10 -1 3.4243290870188825e-18
vn 4.596056868422237e-10 -1 3.424329715037112e-18
vn 4.5960568684222375e-10 -1 3.4243284590006476e-18
vn 4.596056868422238e-10 -1 3.424327830982408e-18
vn 4.596056868422238e-10 -1 3.424329087018878e-18
vn 1 1.7027099730171358e-9 0
vn -1 0 0
vn 1 0 0
vn 0 -1 0
vn 0 0 -1
vn -1 0 0
vn 0 -1 0
vn 1 0 0
vn 0 0 -1
vn 0 -1 0
vn 0 -1 0
vn 0 0 1
vn 0 1 0
vn 0 1 0
usemtl common_steel
f 3/1/1 4/2/1 6/3/1
f 3/1/1 6/3/1 5/4/1
f 8/5/2 7/6/2 9/7/2
f 8/5/2 9/7/2 2/8/2
f 8/9/3 4/10/3 3/11/3
f 8/9/3 3/11/3 7/12/3
f 4/13/4 8/14/4 2/15/4
f 4/13/4 2/15/4 6/16/4
f 10/17/5 11/18/5 1/19/5
f 10/17/5 1/19/5 12/20/5
f 14/21/6 11/22/6 10/23/6
f 14/21/6 10/23/6 13/24/6
f 11/25/7 14/26/7 15/27/7
f 11/25/7 15/27/7 1/28/7
usemtl common_thingies
f 18/29/8 19/30/8 21/31/8
f 18/29/8 21/31/8 20/32/8
f 23/33/9 22/34/9 24/35/9
f 23/33/9 24/35/9 25/36/9
f 23/37/10 19/38/10 18/39/10
f 23/37/10 18/39/10 22/40/10
f 24/41/11 20/42/11 21/43/11
f 24/41/11 21/43/11 25/44/11
f 19/45/12 23/46/12 25/47/12
f 19/45/12 25/47/12 21/48/12
usemtl projectile_workshop
f 26/49/13 28/50/13 29/51/13
f 26/49/13 29/51/13 27/52/13
f 28/53/14 30/54/14 31/55/14
f 28/53/14 31/55/14 29/56/14
usemtl conveyor
f 35/57/15 33/58/15 32/59/15
f 35/57/15 32/59/15 34/60/15
f 34/61/16 32/62/16 1/63/16
f 34/61/16 1/63/16 2/64/16
usemtl common_thingies
f 36/65/17 37/66/17 39/67/17
f 36/65/17 39/67/17 38/68/17
f 41/69/18 40/70/18 42/71/18
f 41/69/18 42/71/18 43/72/18
f 41/73/19 37/74/19 36/75/19
f 41/73/19 36/75/19 40/76/19
f 42/77/20 38/78/20 39/79/20
f 42/77/20 39/79/20 43/80/20
f 40/81/21 36/82/21 38/83/21
f 40/81/21 38/83/21 42/84/21
f 44/85/22 45/86/22 47/87/22
f 44/85/22 47/87/22 46/88/22
f 49/89/23 48/90/23 50/91/23
f 49/89/23 50/91/23 51/92/23
f 49/93/24 45/94/24 44/95/24
f 49/93/24 44/95/24 48/96/24
f 48/97/25 44/98/25 46/99/25
f 48/97/25 46/99/25 50/100/25
usemtl common_steel
f 54/101/26 13/102/26 55/103/26
f 54/101/26 55/103/26 56/104/26
f 57/105/27 58/106/27 60/107/27
f 57/105/27 60/107/27 59/108/27
f 62/109/28 61/110/28 63/111/28
f 62/109/28 63/111/28 64/112/28
f 62/113/29 58/114/29 57/115/29
f 62/113/29 57/115/29 61/116/29
f 65/117/30 57/118/30 59/119/30
f 65/117/30 59/119/30 66/120/30
f 61/121/31 67/122/31 68/123/31
f 61/121/31 68/123/31 63/124/31
f 61/125/32 57/126/32 65/127/32
f 61/125/32 65/127/32 67/128/32
f 69/129/33 58/130/33 60/131/33
f 69/129/33 60/131/33 70/132/33
f 71/133/34 72/134/34 74/135/34
f 71/133/34 74/135/34 73/136/34
f 76/137/35 75/138/35 77/139/35
f 76/137/35 77/139/35 78/140/35
f 76/141/36 72/142/36 71/143/36
f 76/141/36 71/143/36 75/144/36
f 72/145/37 76/146/37 78/147/37
f 72/145/37 78/147/37 74/148/37
usemtl common_thingies
f 80/149/38 81/150/38 53/151/38
f 80/149/38 53/151/38 82/152/38
f 84/153/39 83/154/39 85/155/39
f 84/153/39 85/155/39 86/156/39
f 84/157/40 81/158/40 80/159/40
f 84/157/40 80/159/40 83/160/40
f 81/161/41 84/162/41 86/163/41
f 81/161/41 86/163/41 53/164/41
usemtl projectile_workshop
f 94/165/42 95/166/42 92/167/42
f 94/165/42 92/167/42 91/168/42
f 93/169/43 94/170/43 91/171/43
f 93/169/43 91/171/43 87/172/43
f 95/173/44 96/174/44 88/175/44
f 95/173/44 88/175/44 92/176/44
f 94/177/45 93/178/45 89/179/45
f 94/177/45 89/179/45 77/180/45
f 95/181/46 94/182/46 77/183/46
f 95/181/46 77/183/46 73/184/46
f 96/185/47 95/186/47 73/187/47
f 96/185/47 73/187/47 90/188/47
f 101/189/48 100/190/48 102/191/48
f 101/189/48 102/191/48 91/192/48
f 101/193/49 98/194/49 97/195/49
f 101/193/49 97/195/49 100/196/49
f 102/197/50 99/198/50 87/199/50
f 102/197/50 87/199/50 91/200/50
f 100/201/51 97/202/51 99/203/51
f 100/201/51 99/203/51 102/204/51
f 98/205/52 101/206/52 91/207/52
f 98/205/52 91/207/52 87/208/52
f 108/209/53 109/210/53 101/211/53
f 108/209/53 101/211/53 106/212/53
f 107/213/54 108/214/54 106/215/54
f 107/213/54 106/215/54 103/216/54
f 108/217/55 107/218/55 104/219/55
f 108/217/55 104/219/55 68/220/55
f 109/221/56 108/222/56 68/223/56
f 109/221/56 68/223/56 66/224/56
f 110/225/57 109/226/57 66/227/57
f 110/225/57 66/227/57 105/228/57
f 109/229/58 110/230/58 98/231/58
f 109/229/58 98/231/58 101/232/58
usemtl common_rough_steel
f 121/233/59 119/234/59 115/235/59
f 121/233/59 115/235/59 114/236/59
f 89/237/60 113/238/60 112/239/60
f 89/237/60 112/239/60 116/240/60
f 120/241/61 121/242/61 114/243/61
f 120/241/61 114/243/61 117/244/61
usemtl projectile_workshop
f 119/245/62 105/246/62 118/247/62
f 119/245/62 118/247/62 115/248/62
f 105/249/63 119/250/63 113/251/63
f 105/249/63 113/251/63 89/252/63
usemtl common_rough_steel
f 121/253/64 120/254/64 116/255/64
f 121/253/64 116/255/64 112/256/64
f 119/257/65 121/258/65 112/259/65
f 119/257/65 112/259/65 113/260/65
usemtl common_thingies
f 122/261/66 123/262/66 125/263/66
f 122/261/66 125/263/66 124/264/66
f 127/265/67 126/266/67 128/267/67
f 127/265/67 128/267/67 129/268/67
f 127/269/68 123/270/68 122/271/68
f 127/269/68 122/271/68 126/272/68
f 123/273/69 127/274/69 129/275/69
f 123/273/69 129/275/69 125/276/69
usemtl projectile_workshop
f 135/277/70 134/278/70 136/279/70
f 135/277/70 136/279/70 137/280/70
f 135/281/71 131/282/71 130/283/71
f 135/281/71 130/283/71 134/284/71
f 136/285/72 132/286/72 133/287/72
f 136/285/72 133/287/72 137/288/72
f 134/289/73 130/290/73 132/291/73
f 134/289/73 132/291/73 136/292/73
f 131/293/74 135/294/74 137/295/74
f 131/293/74 137/295/74 133/296/74
f 143/297/75 144/298/75 135/299/75
f 143/297/75 135/299/75 141/300/75
f 9/301/76 139/302/76 140/303/76
f 9/301/76 140/303/76 5/304/76
f 142/305/77 143/306/77 141/307/77
f 142/305/77 141/307/77 138/308/77
f 144/309/78 145/310/78 131/311/78
f 144/309/78 131/311/78 135/312/78
f 143/313/79 142/314/79 139/315/79
f 143/313/79 139/315/79 9/316/79
f 144/317/80 143/318/80 9/319/80
f 144/317/80 9/319/80 5/320/80
f 145/321/81 144/322/81 5/323/81
f 145/321/81 5/323/81 140/324/81
f 151/325/82 152/326/82 149/327/82
f 151/325/82 149/327/82 137/328/82
f 149/329/83 146/330/83 133/331/83
f 149/329/83 133/331/83 137/332/83
f 55/333/84 147/334/84 148/335/84
f 55/333/84 148/335/84 12/336/84
f 150/337/85 151/338/85 137/339/85
f 150/337/85 137/339/85 133/340/85
f 152/341/86 153/342/86 146/343/86
f 152/341/86 146/343/86 149/344/86
f 151/345/87 150/346/87 147/347/87
f 151/345/87 147/347/87 55/348/87
f 152/349/88 151/350/88 55/351/88
f 152/349/88 55/351/88 12/352/88
f 153/353/89 152/354/89 12/355/89
f 153/353/89 12/355/89 148/356/89
usemtl common_rough_steel
f 157/357/90 784/358/90 783/359/90
f 157/357/90 783/359/90 158/360/90
f 764/361/91 782/362/91 781/363/91
f 764/361/91 781/363/91 772/364/91
usemtl common_steel
f 164/365/92 789/366/92 790/367/92
f 164/365/92 790/367/92 159/368/92
f 163/369/93 165/370/93 166/371/93
f 163/369/93 166/371/93 162/372/93
usemtl common_rough_steel
f 167/373/94 785/374/94 784/375/94
f 167/373/94 784/375/94 157/376/94
usemtl common_bottom
f 114/377/95 169/378/95 170/379/95
f 114/377/95 170/379/95 117/380/95
usemtl common_steel
f 777/381/96 787/382/96 786/383/96
f 777/381/96 786/383/96 768/384/96
f 765/385/97 780/386/97 779/387/97
f 765/385/97 779/387/97 766/388/97
usemtl common_rough_steel
f 158/389/98 174/390/98 173/391/98
f 158/389/98 173/391/98 157/392/98
usemtl common_steel
f 764/393/99 772/394/99 780/395/99
f 764/393/99 780/395/99 765/396/99
f 177/397/100 164/398/100 159/399/100
f 177/397/100 159/399/100 176/400/100
f 178/401/101 177/402/101 176/403/101
f 178/401/101 176/403/101 175/404/101
usemtl common_rough_steel
f 157/405/102 173/406/102 179/407/102
f 157/405/102 179/407/102 167/408/102
usemtl common_steel
f 766/409/103 779/410/103 778/411/103
f 766/409/103 778/411/103 767/412/103
f 767/413/104 778/414/104 777/415/104
f 767/413/104 777/415/104 768/416/104
f 172/417/105 180/418/105 728/419/105
f 172/417/105 728/419/105 171/420/105
f 180/421/106 178/422/106 175/423/106
f 180/421/106 175/423/106 728/424/106
usemtl common_copper_cable
f 192/425/107 189/426/107 181/427/107
f 192/425/107 181/427/107 182/428/107
f 190/429/108 191/430/108 186/431/108
f 190/429/108 186/431/108 185/432/108
f 189/433/109 190/434/109 185/435/109
f 189/433/109 185/435/109 181/436/109
f 190/437/110 189/438/110 183/439/110
f 190/437/110 183/439/110 187/440/110
f 191/441/111 190/442/111 187/443/111
f 191/441/111 187/443/111 188/444/111
f 189/445/112 192/446/112 184/447/112
f 189/445/112 184/447/112 183/448/112
f 183/449/113 184/450/113 194/451/113
f 183/449/113 194/451/113 193/452/113
f 188/453/114 187/454/114 195/455/114
f 188/453/114 195/455/114 196/456/114
f 195/457/115 193/458/115 194/459/115
f 195/457/115 194/459/115 196/460/115
f 187/461/116 183/462/116 193/463/116
f 187/461/116 193/463/116 195/464/116
f 197/465/117 198/466/117 200/467/117
f 197/465/117 200/467/117 199/468/117
f 182/469/118 181/470/118 201/471/118
f 182/469/118 201/471/118 202/472/118
f 181/473/119 197/474/119 199/475/119
f 181/473/119 199/475/119 201/476/119
f 203/477/120 204/478/120 206/479/120
f 203/477/120 206/479/120 205/480/120
f 208/481/121 207/482/121 209/483/121
f 208/481/121 209/483/121 210/484/121
f 209/485/122 205/486/122 206/487/122
f 209/485/122 206/487/122 210/488/122
f 207/489/123 203/490/123 205/491/123
f 207/489/123 205/491/123 209/492/123
f 207/493/124 208/494/124 212/495/124
f 207/493/124 212/495/124 211/496/124
f 204/497/125 203/498/125 199/499/125
f 204/497/125 199/499/125 200/500/125
f 199/501/126 211/502/126 212/503/126
f 199/501/126 212/503/126 200/504/126
f 203/505/127 207/506/127 211/507/127
f 203/505/127 211/507/127 199/508/127
f 213/509/128 214/510/128 216/511/128
f 213/509/128 216/511/128 215/512/128
f 218/513/129 217/514/129 219/515/129
f 218/513/129 219/515/129 220/516/129
f 219/517/130 215/518/130 216/519/130
f 219/517/130 216/519/130 220/520/130
f 217/521/131 213/522/131 215/523/131
f 217/521/131 215/523/131 219/524/131
f 221/525/132 222/526/132 220/527/132
f 221/525/132 220/527/132 219/528/132
f 224/529/133 223/530/133 225/531/133
f 224/529/133 225/531/133 226/532/133
f 223/533/134 221/534/134 219/535/134
f 223/533/134 219/535/134 225/536/134
f 223/537/135 224/538/135 228/539/135
f 223/537/135 228/539/135 227/540/135
f 230/541/136 229/542/136 231/543/136
f 230/541/136 231/543/136 232/544/136
f 229/545/137 223/546/137 227/547/137
f 229/545/137 227/547/137 231/548/137
f 234/549/138 233/550/138 229/551/138
f 234/549/138 229/551/138 230/552/138
f 234/553/139 222/554/139 221/555/139
f 234/553/139 221/555/139 233/556/139
f 233/557/140 221/558/140 223/559/140
f 233/557/140 223/559/140 229/560/140
f 227/561/141 228/562/141 236/563/141
f 227/561/141 236/563/141 235/564/141
f 232/565/142 231/566/142 237/567/142
f 232/565/142 237/567/142 238/568/142
f 237/569/143 235/570/143 236/571/143
f 237/569/143 236/571/143 238/572/143
f 231/573/144 227/574/144 235/575/144
f 231/573/144 235/575/144 237/576/144
f 240/577/145 239/578/145 185/579/145
f 240/577/145 185/579/145 186/580/145
f 240/581/146 198/582/146 197/583/146
f 240/581/146 197/583/146 239/584/146
f 239/585/147 197/586/147 181/587/147
f 239/585/147 181/587/147 185/588/147
f 242/589/148 241/590/148 211/591/148
f 242/589/148 211/591/148 212/592/148
f 242/593/149 202/594/149 201/595/149
f 242/593/149 201/595/149 241/596/149
f 241/597/150 201/598/150 199/599/150
f 241/597/150 199/599/150 211/600/150
f 244/601/151 243/602/151 215/603/151
f 244/601/151 215/603/151 216/604/151
f 244/605/152 226/606/152 225/607/152
f 244/605/152 225/607/152 243/608/152
f 243/609/153 225/610/153 219/611/153
f 243/609/153 219/611/153 215/612/153
f 217/613/154 218/614/154 246/615/154
f 217/613/154 246/615/154 245/616/154
f 214/617/155 213/618/155 247/619/155
f 214/617/155 247/619/155 248/620/155
f 247/621/156 245/622/156 246/623/156
f 247/621/156 246/623/156 248/624/156
f 213/625/157 217/626/157 245/627/157
f 213/625/157 245/627/157 247/628/157
usemtl common_steel
f 249/629/158 250/630/158 252/631/158
f 249/629/158 252/631/158 251/632/158
f 254/633/159 253/634/159 745/635/159
f 254/633/159 745/635/159 116/636/159
f 254/637/160 250/638/160 249/639/160
f 254/637/160 249/639/160 253/640/160
f 745/641/161 251/642/161 252/643/161
f 745/641/161 252/643/161 116/644/161
f 253/645/162 249/646/162 251/647/162
f 253/645/162 251/647/162 745/648/162
f 250/649/163 254/650/163 116/651/163
f 250/649/163 116/651/163 252/652/163
usemtl common_bottom
f 256/653/164 260/654/164 261/655/164
f 256/653/164 261/655/164 258/656/164
usemtl common_machinebase
f 257/657/165 255/658/165 256/659/165
f 257/657/165 256/659/165 258/660/165
f 255/661/166 259/662/166 260/663/166
f 255/661/166 260/663/166 256/664/166
usemtl common_bottom
f 260/665/167 263/666/167 265/667/167
f 260/665/167 265/667/167 261/668/167
usemtl common_machinebase
f 262/669/168 264/670/168 265/671/168
f 262/669/168 265/671/168 263/672/168
f 259/673/169 262/674/169 263/675/169
f 259/673/169 263/675/169 260/676/169
usemtl common_bottom
f 267/677/170 269/678/170 258/679/170
f 267/677/170 258/679/170 261/680/170
usemtl common_machinebase
f 268/681/171 257/682/171 258/683/171
f 268/681/171 258/683/171 269/684/171
f 266/685/172 268/686/172 269/687/172
f 266/685/172 269/687/172 267/688/172
usemtl common_steel
f 276/689/173 277/690/173 271/691/173
f 276/689/173 271/691/173 275/692/173
usemtl common_bottom
f 277/693/174 278/694/174 265/695/174
f 277/693/174 265/695/174 271/696/174
usemtl common_machinebase
f 264/697/175 270/698/175 271/699/175
f 264/697/175 271/699/175 265/700/175
usemtl common_steel
f 279/701/176 276/702/176 275/703/176
f 279/701/176 275/703/176 270/704/176
f 277/705/177 276/706/177 274/707/177
f 277/705/177 274/707/177 273/708/177
usemtl common_bottom
f 278/709/178 277/710/178 273/711/178
f 278/709/178 273/711/178 261/712/178
usemtl common_steel
f 276/713/179 279/714/179 272/715/179
f 276/713/179 272/715/179 274/716/179
usemtl common_rough_steel
f 255/717/180 280/718/180 281/719/180
f 255/717/180 281/719/180 262/720/180
f 282/721/181 268/722/181 266/723/181
f 282/721/181 266/723/181 272/724/181
f 282/725/182 283/726/182 284/727/182
f 282/725/182 284/727/182 280/728/182
f 285/729/183 270/730/183 281/731/183
f 285/729/183 281/731/183 286/732/183
f 288/733/184 6/734/184 255/735/184
f 288/733/184 255/735/184 289/736/184
f 291/737/185 290/738/185 292/739/185
f 291/737/185 292/739/185 293/740/185
f 291/741/186 6/742/186 288/743/186
f 291/741/186 288/743/186 290/744/186
f 292/745/187 289/746/187 255/747/187
f 292/745/187 255/747/187 293/748/187
f 290/749/188 288/750/188 289/751/188
f 290/749/188 289/751/188 292/752/188
f 6/753/189 291/754/189 293/755/189
f 6/753/189 293/755/189 255/756/189
f 294/757/190 295/758/190 296/759/190
f 294/757/190 296/759/190 268/760/190
f 298/761/191 297/762/191 299/763/191
f 298/761/191 299/763/191 300/764/191
f 298/765/192 295/766/192 294/767/192
f 298/765/192 294/767/192 297/768/192
f 299/769/193 268/770/193 296/771/193
f 299/769/193 296/771/193 300/772/193
f 297/773/194 294/774/194 268/775/194
f 297/773/194 268/775/194 299/776/194
f 295/777/195 298/778/195 300/779/195
f 295/777/195 300/779/195 296/780/195
usemtl common_steel
f 301/781/196 302/782/196 303/783/196
f 301/781/196 303/783/196 295/784/196
f 305/785/197 304/786/197 306/787/197
f 305/785/197 306/787/197 307/788/197
f 306/789/198 295/790/198 303/791/198
f 306/789/198 303/791/198 307/792/198
f 304/793/199 301/794/199 295/795/199
f 304/793/199 295/795/199 306/796/199
f 302/797/200 305/798/200 307/799/200
f 302/797/200 307/799/200 303/800/200
f 288/801/201 308/802/201 310/803/201
f 288/801/201 310/803/201 309/804/201
f 312/805/202 311/806/202 313/807/202
f 312/805/202 313/807/202 314/808/202
f 312/809/203 308/810/203 288/811/203
f 312/809/203 288/811/203 311/812/203
f 311/813/204 288/814/204 309/815/204
f 311/813/204 309/815/204 313/816/204
f 308/817/205 312/818/205 314/819/205
f 308/817/205 314/819/205 310/820/205
f 309/821/206 310/822/206 302/823/206
f 309/821/206 302/823/206 301/824/206
f 314/825/207 313/826/207 304/827/207
f 314/825/207 304/827/207 305/828/207
f 313/829/208 309/830/208 301/831/208
f 313/829/208 301/831/208 304/832/208
f 310/833/209 314/834/209 305/835/209
f 310/833/209 305/835/209 302/836/209
usemtl common_bottom
f 315/837/210 316/838/210 318/839/210
f 315/837/210 318/839/210 317/840/210
f 291/841/211 319/842/211 320/843/211
f 291/841/211 320/843/211 321/844/211
f 291/845/212 316/846/212 315/847/212
f 291/845/212 315/847/212 319/848/212
f 319/849/213 315/850/213 317/851/213
f 319/849/213 317/851/213 320/852/213
f 316/853/214 291/854/214 321/855/214
f 316/853/214 321/855/214 318/856/214
usemtl common_steel
f 322/857/215 287/858/215 324/859/215
f 322/857/215 324/859/215 323/860/215
f 326/861/216 325/862/216 327/863/216
f 326/861/216 327/863/216 328/864/216
f 327/865/217 323/866/217 324/867/217
f 327/865/217 324/867/217 328/868/217
f 325/869/218 322/870/218 323/871/218
f 325/869/218 323/871/218 327/872/218
f 287/873/219 326/874/219 328/875/219
f 287/873/219 328/875/219 324/876/219
f 329/877/220 330/878/220 287/879/220
f 329/877/220 287/879/220 322/880/220
f 332/881/221 331/882/221 325/883/221
f 332/881/221 325/883/221 326/884/221
f 331/885/222 329/886/222 322/887/222
f 331/885/222 322/887/222 325/888/222
f 330/889/223 332/890/223 326/891/223
f 330/889/223 326/891/223 287/892/223
f 70/893/224 333/894/224 335/895/224
f 70/893/224 335/895/224 334/896/224
f 337/897/225 336/898/225 338/899/225
f 337/897/225 338/899/225 339/900/225
f 337/901/226 333/902/226 70/903/226
f 337/901/226 70/903/226 336/904/226
f 336/905/227 70/906/227 334/907/227
f 336/905/227 334/907/227 338/908/227
f 333/909/228 337/910/228 339/911/228
f 333/909/228 339/911/228 335/912/228
f 334/913/229 335/914/229 341/915/229
f 334/913/229 341/915/229 340/916/229
f 339/917/230 338/918/230 342/919/230
f 339/917/230 342/919/230 343/920/230
f 338/921/231 334/922/231 340/923/231
f 338/921/231 340/923/231 342/924/231
f 335/925/232 339/926/232 343/927/232
f 335/925/232 343/927/232 341/928/232
f 340/929/233 341/930/233 345/931/233
f 340/929/233 345/931/233 344/932/233
f 343/933/234 342/934/234 116/935/234
f 343/933/234 116/935/234 252/936/234
f 116/937/235 344/938/235 345/939/235
f 116/937/235 345/939/235 252/940/235
f 342/941/236 340/942/236 344/943/236
f 342/941/236 344/943/236 116/944/236
f 341/945/237 343/946/237 252/947/237
f 341/945/237 252/947/237 345/948/237
f 317/949/238 318/950/238 330/951/238
f 317/949/238 330/951/238 329/952/238
f 321/953/239 320/954/239 331/955/239
f 321/953/239 331/955/239 332/956/239
f 320/957/240 317/958/240 329/959/240
f 320/957/240 329/959/240 331/960/240
f 318/961/241 321/962/241 332/963/241
f 318/961/241 332/963/241 330/964/241
f 346/965/242 347/966/242 349/967/242
f 346/965/242 349/967/242 348/968/242
f 350/969/243 297/970/243 351/971/243
f 350/969/243 351/971/243 352/972/243
f 350/973/244 347/974/244 346/975/244
f 350/973/244 346/975/244 297/976/244
f 297/977/245 346/978/245 348/979/245
f 297/977/245 348/979/245 351/980/245
f 347/981/246 350/982/246 352/983/246
f 347/981/246 352/983/246 349/984/246
f 348/985/247 349/986/247 354/987/247
f 348/985/247 354/987/247 353/988/247
f 352/989/248 351/990/248 355/991/248
f 352/989/248 355/991/248 356/992/248
f 351/993/249 348/994/249 353/995/249
f 351/993/249 353/995/249 355/996/249
f 349/997/250 352/998/250 356/999/250
f 349/997/250 356/999/250 354/1000/250
f 363/1001/251 364/1002/251 272/1003/251
f 363/1001/251 272/1003/251 279/1004/251
f 362/1005/252 363/1006/252 279/1007/252
f 362/1005/252 279/1007/252 285/1008/252
f 362/1009/253 361/1010/253 358/1011/253
f 362/1009/253 358/1011/253 359/1012/253
f 364/1013/254 363/1014/254 360/1015/254
f 364/1013/254 360/1015/254 354/1016/254
f 361/1017/255 362/1018/255 285/1019/255
f 361/1017/255 285/1019/255 357/1020/255
f 363/1021/256 362/1022/256 359/1023/256
f 363/1021/256 359/1023/256 360/1024/256
f 372/1025/257 370/1026/257 366/1027/257
f 372/1025/257 366/1027/257 358/1028/257
f 370/1029/258 371/1030/258 369/1031/258
f 370/1029/258 369/1031/258 366/1032/258
f 371/1033/259 370/1034/259 365/1035/259
f 371/1033/259 365/1035/259 368/1036/259
f 370/1037/260 372/1038/260 367/1039/260
f 370/1037/260 367/1039/260 365/1040/260
f 376/1041/261 377/1042/261 154/1043/261
f 376/1041/261 154/1043/261 374/1044/261
f 371/1045/262 376/1046/262 374/1047/262
f 371/1045/262 374/1047/262 369/1048/262
f 377/1049/263 376/1050/263 373/1051/263
f 377/1049/263 373/1051/263 375/1052/263
f 376/1053/264 371/1054/264 368/1055/264
f 376/1053/264 368/1055/264 373/1056/264
f 382/1057/265 377/1058/265 375/1059/265
f 382/1057/265 375/1059/265 379/1060/265
f 381/1061/266 382/1062/266 379/1063/266
f 381/1061/266 379/1063/266 378/1064/266
f 382/1065/267 381/1066/267 354/1067/267
f 382/1065/267 354/1067/267 380/1068/267
f 377/1069/268 382/1070/268 380/1071/268
f 377/1069/268 380/1071/268 154/1072/268
usemtl common_rough_steel
f 383/1073/269 328/1074/269 385/1075/269
f 383/1073/269 385/1075/269 384/1076/269
f 386/1077/270 336/1078/270 387/1079/270
f 386/1077/270 387/1079/270 262/1080/270
f 386/1081/271 328/1082/271 383/1083/271
f 386/1081/271 383/1083/271 336/1084/271
f 387/1085/272 384/1086/272 385/1087/272
f 387/1085/272 385/1087/272 262/1088/272
f 336/1089/273 383/1090/273 384/1091/273
f 336/1089/273 384/1091/273 387/1092/273
f 328/1093/274 386/1094/274 262/1095/274
f 328/1093/274 262/1095/274 385/1096/274
usemtl common_steel
f 388/1097/275 271/1098/275 743/1099/275
f 388/1097/275 743/1099/275 389/1100/275
f 277/1101/276 271/1102/276 388/1103/276
f 277/1101/276 388/1103/276 390/1104/276
f 391/1105/277 389/1106/277 743/1107/277
f 391/1105/277 743/1107/277 392/1108/277
f 390/1109/278 388/1110/278 389/1111/278
f 390/1109/278 389/1111/278 391/1112/278
f 393/1113/279 394/1114/279 396/1115/279
f 393/1113/279 396/1115/279 395/1116/279
f 397/1117/280 393/1118/280 395/1119/280
f 397/1117/280 395/1119/280 391/1120/280
f 399/1121/281 398/1122/281 400/1123/281
f 399/1121/281 400/1123/281 401/1124/281
f 398/1125/282 397/1126/282 391/1127/282
f 398/1125/282 391/1127/282 400/1128/282
f 273/1129/283 267/1130/283 402/1131/283
f 273/1129/283 402/1131/283 403/1132/283
f 273/1133/284 277/1134/284 390/1135/284
f 273/1133/284 390/1135/284 267/1136/284
f 402/1137/285 391/1138/285 392/1139/285
f 402/1137/285 392/1139/285 403/1140/285
f 267/1141/286 390/1142/286 391/1143/286
f 267/1141/286 391/1143/286 402/1144/286
f 404/1145/287 405/1146/287 403/1147/287
f 404/1145/287 403/1147/287 402/1148/287
f 407/1149/288 406/1150/288 408/1151/288
f 407/1149/288 408/1151/288 409/1152/288
f 408/1153/289 402/1154/289 403/1155/289
f 408/1153/289 403/1155/289 409/1156/289
f 406/1157/290 404/1158/290 402/1159/290
f 406/1157/290 402/1159/290 408/1160/290
f 355/1161/291 356/1162/291 405/1163/291
f 355/1161/291 405/1163/291 404/1164/291
f 744/1165/292 356/1166/292 355/1167/292
f 744/1165/292 355/1167/292 410/1168/292
f 397/1169/293 404/1170/293 405/1171/293
f 397/1169/293 405/1171/293 746/1172/293
f 410/1173/294 355/1174/294 404/1175/294
f 410/1173/294 404/1175/294 397/1176/294
f 745/1177/295 411/1178/295 412/1179/295
f 745/1177/295 412/1179/295 741/1180/295
f 745/1181/296 744/1182/296 410/1183/296
f 745/1181/296 410/1183/296 411/1184/296
f 412/1185/297 397/1186/297 746/1187/297
f 412/1185/297 746/1187/297 741/1188/297
f 411/1189/298 410/1190/298 397/1191/298
f 411/1189/298 397/1191/298 412/1192/298
f 413/1193/299 740/1194/299 742/1195/299
f 413/1193/299 742/1195/299 414/1196/299
f 741/1197/300 412/1198/300 389/1199/300
f 741/1197/300 389/1199/300 743/1200/300
f 741/1201/301 740/1202/301 413/1203/301
f 741/1201/301 413/1203/301 412/1204/301
f 389/1205/302 414/1206/302 742/1207/302
f 389/1205/302 742/1207/302 743/1208/302
f 412/1209/303 413/1210/303 414/1211/303
f 412/1209/303 414/1211/303 389/1212/303
usemtl common_thingies
f 415/1213/304 416/1214/304 418/1215/304
f 415/1213/304 418/1215/304 417/1216/304
f 420/1217/305 419/1218/305 421/1219/305
f 420/1217/305 421/1219/305 422/1220/305
f 420/1221/306 416/1222/306 415/1223/306
f 420/1221/306 415/1223/306 419/1224/306
f 421/1225/307 417/1226/307 418/1227/307
f 421/1225/307 418/1227/307 422/1228/307
f 419/1229/308 415/1230/308 417/1231/308
f 419/1229/308 417/1231/308 421/1232/308
f 423/1233/309 424/1234/309 426/1235/309
f 423/1233/309 426/1235/309 425/1236/309
f 428/1237/310 427/1238/310 429/1239/310
f 428/1237/310 429/1239/310 430/1240/310
f 428/1241/311 424/1242/311 423/1243/311
f 428/1241/311 423/1243/311 427/1244/311
f 429/1245/312 425/1246/312 426/1247/312
f 429/1245/312 426/1247/312 430/1248/312
f 427/1249/313 423/1250/313 425/1251/313
f 427/1249/313 425/1251/313 429/1252/313
usemtl common_steel
f 438/1253/314 439/1254/314 437/1255/314
f 438/1253/314 437/1255/314 435/1256/314
f 440/1257/315 441/1258/315 436/1259/315
f 440/1257/315 436/1259/315 79/1260/315
f 439/1261/316 438/1262/316 431/1263/316
f 439/1261/316 431/1263/316 433/1264/316
f 441/1265/317 440/1266/317 434/1267/317
f 441/1265/317 434/1267/317 432/1268/317
f 452/1269/318 449/1270/318 443/1271/318
f 452/1269/318 443/1271/318 442/1272/318
f 450/1273/319 451/1274/319 444/1275/319
f 450/1273/319 444/1275/319 445/1276/319
f 451/1277/320 452/1278/320 442/1279/320
f 451/1277/320 442/1279/320 444/1280/320
f 449/1281/321 450/1282/321 445/1283/321
f 449/1281/321 445/1283/321 443/1284/321
f 450/1285/322 449/1286/322 447/1287/322
f 450/1285/322 447/1287/322 52/1288/322
f 451/1289/323 450/1290/323 52/1291/323
f 451/1289/323 52/1291/323 448/1292/323
f 452/1293/324 451/1294/324 448/1295/324
f 452/1293/324 448/1295/324 446/1296/324
f 449/1297/325 452/1298/325 446/1299/325
f 449/1297/325 446/1299/325 447/1300/325
f 457/1301/326 458/1302/326 455/1303/326
f 457/1301/326 455/1303/326 453/1304/326
f 459/1305/327 460/1306/327 454/1307/327
f 459/1305/327 454/1307/327 456/1308/327
f 458/1309/328 457/1310/328 435/1311/328
f 458/1309/328 435/1311/328 437/1312/328
f 460/1313/329 459/1314/329 79/1315/329
f 460/1313/329 79/1315/329 436/1316/329
f 468/1317/330 465/1318/330 447/1319/330
f 468/1317/330 447/1319/330 446/1320/330
f 466/1321/331 467/1322/331 448/1323/331
f 466/1321/331 448/1323/331 52/1324/331
f 467/1325/332 468/1326/332 446/1327/332
f 467/1325/332 446/1327/332 448/1328/332
f 465/1329/333 466/1330/333 52/1331/333
f 465/1329/333 52/1331/333 447/1332/333
f 466/1333/334 465/1334/334 462/1335/334
f 466/1333/334 462/1335/334 464/1336/334
f 467/1337/335 466/1338/335 464/1339/335
f 467/1337/335 464/1339/335 463/1340/335
f 468/1341/336 467/1342/336 463/1343/336
f 468/1341/336 463/1343/336 461/1344/336
f 465/1345/337 468/1346/337 461/1347/337
f 465/1345/337 461/1347/337 462/1348/337
f 476/1349/338 477/1350/338 470/1351/338
f 476/1349/338 470/1351/338 471/1352/338
f 478/1353/339 466/1354/339 52/1355/339
f 478/1353/339 52/1355/339 474/1356/339
f 477/1357/340 478/1358/340 474/1359/340
f 477/1357/340 474/1359/340 470/1360/340
f 466/1361/341 476/1362/341 471/1363/341
f 466/1361/341 471/1363/341 52/1364/341
f 476/1365/342 466/1366/342 464/1367/342
f 476/1365/342 464/1367/342 473/1368/342
f 477/1369/343 476/1370/343 473/1371/343
f 477/1369/343 473/1371/343 472/1372/343
f 478/1373/344 477/1374/344 472/1375/344
f 478/1373/344 472/1375/344 475/1376/344
f 466/1377/345 478/1378/345 475/1379/345
f 466/1377/345 475/1379/345 464/1380/345
f 111/1381/346 482/1382/346 479/1383/346
f 111/1381/346 479/1383/346 480/1384/346
f 483/1385/347 450/1386/347 445/1387/347
f 483/1385/347 445/1387/347 481/1388/347
f 482/1389/348 483/1390/348 481/1391/348
f 482/1389/348 481/1391/348 479/1392/348
f 450/1393/349 111/1394/349 480/1395/349
f 450/1393/349 480/1395/349 445/1396/349
f 111/1397/350 450/1398/350 52/1399/350
f 111/1397/350 52/1399/350 471/1400/350
f 482/1401/351 111/1402/351 471/1403/351
f 482/1401/351 471/1403/351 470/1404/351
f 483/1405/352 482/1406/352 470/1407/352
f 483/1405/352 470/1407/352 474/1408/352
f 450/1409/353 483/1410/353 474/1411/353
f 450/1409/353 474/1411/353 52/1412/353
usemtl common_copper_cable
f 484/1413/354 485/1414/354 487/1415/354
f 484/1413/354 487/1415/354 486/1416/354
f 489/1417/355 488/1418/355 490/1419/355
f 489/1417/355 490/1419/355 491/1420/355
f 485/1421/356 489/1422/356 491/1423/356
f 485/1421/356 491/1423/356 487/1424/356
usemtl common_thingies
f 497/1425/357 496/1426/357 498/1427/357
f 497/1425/357 498/1427/357 499/1428/357
f 497/1429/358 493/1430/358 492/1431/358
f 497/1429/358 492/1431/358 496/1432/358
f 498/1433/359 494/1434/359 495/1435/359
f 498/1433/359 495/1435/359 499/1436/359
f 496/1437/360 492/1438/360 494/1439/360
f 496/1437/360 494/1439/360 498/1440/360
f 492/1441/361 493/1442/361 495/1443/361
f 492/1441/361 495/1443/361 494/1444/361
f 500/1445/362 501/1446/362 503/1447/362
f 500/1445/362 503/1447/362 502/1448/362
f 505/1449/363 504/1450/363 506/1451/363
f 505/1449/363 506/1451/363 507/1452/363
f 505/1453/364 501/1454/364 500/1455/364
f 505/1453/364 500/1455/364 504/1456/364
f 506/1457/365 502/1458/365 503/1459/365
f 506/1457/365 503/1459/365 507/1460/365
f 501/1461/366 505/1462/366 507/1463/366
f 501/1461/366 507/1463/366 503/1464/366
usemtl projectile_workshop
f 519/1465/367 516/1466/367 508/1467/367
f 519/1465/367 508/1467/367 509/1468/367
f 517/1469/368 518/1470/368 513/1471/368
f 517/1469/368 513/1471/368 512/1472/368
f 17/1473/369 521/1474/369 509/1475/369
f 17/1473/369 509/1475/369 508/1476/369
f 522/1477/370 523/1478/370 510/1479/370
f 522/1477/370 510/1479/370 511/1480/370
f 520/1481/371 17/1482/371 508/1483/371
f 520/1481/371 508/1483/371 516/1484/371
f 523/1485/372 520/1486/372 516/1487/372
f 523/1485/372 516/1487/372 510/1488/372
f 518/1489/373 517/1490/373 514/1491/373
f 518/1489/373 514/1491/373 515/1492/373
f 516/1493/374 519/1494/374 511/1495/374
f 516/1493/374 511/1495/374 510/1496/374
f 17/1497/375 520/1498/375 517/1499/375
f 17/1497/375 517/1499/375 512/1500/375
f 521/1501/376 17/1502/376 512/1503/376
f 521/1501/376 512/1503/376 513/1504/376
f 523/1505/377 522/1506/377 515/1507/377
f 523/1505/377 515/1507/377 514/1508/377
f 520/1509/378 523/1510/378 514/1511/378
f 520/1509/378 514/1511/378 517/1512/378
usemtl common_thingies
f 524/1513/379 525/1514/379 527/1515/379
f 524/1513/379 527/1515/379 526/1516/379
f 529/1517/380 528/1518/380 530/1519/380
f 529/1517/380 530/1519/380 531/1520/380
f 529/1521/381 525/1522/381 524/1523/381
f 529/1521/381 524/1523/381 528/1524/381
f 530/1525/382 526/1526/382 527/1527/382
f 530/1525/382 527/1527/382 531/1528/382
f 525/1529/383 529/1530/383 531/1531/383
f 525/1529/383 531/1531/383 527/1532/383
f 532/1533/384 533/1534/384 535/1535/384
f 532/1533/384 535/1535/384 534/1536/384
f 537/1537/385 536/1538/385 538/1539/385
f 537/1537/385 538/1539/385 539/1540/385
f 537/1541/386 533/1542/386 532/1543/386
f 537/1541/386 532/1543/386 536/1544/386
f 538/1545/387 534/1546/387 535/1547/387
f 538/1545/387 535/1547/387 539/1548/387
f 533/1549/388 537/1550/388 539/1551/388
f 533/1549/388 539/1551/388 535/1552/388
usemtl common_rough_steel
f 549/1553/389 550/1554/389 540/1555/389
f 549/1553/389 540/1555/389 541/1556/389
f 551/1557/390 548/1558/390 545/1559/390
f 551/1557/390 545/1559/390 544/1560/390
f 555/1561/391 556/1562/391 541/1563/391
f 555/1561/391 541/1563/391 540/1564/391
f 553/1565/392 554/1566/392 542/1567/392
f 553/1565/392 542/1567/392 543/1568/392
f 556/1569/393 552/1570/393 549/1571/393
f 556/1569/393 549/1571/393 541/1572/393
f 552/1573/394 553/1574/394 543/1575/394
f 552/1573/394 543/1575/394 549/1576/394
f 550/1577/395 549/1578/395 543/1579/395
f 550/1577/395 543/1579/395 542/1580/395
f 548/1581/396 551/1582/396 546/1583/396
f 548/1581/396 546/1583/396 547/1584/396
f 553/1585/397 552/1586/397 548/1587/397
f 553/1585/397 548/1587/397 547/1588/397
f 554/1589/398 553/1590/398 547/1591/398
f 554/1589/398 547/1591/398 546/1592/398
f 556/1593/399 555/1594/399 544/1595/399
f 556/1593/399 544/1595/399 545/1596/399
f 552/1597/400 556/1598/400 545/1599/400
f 552/1597/400 545/1599/400 548/1600/400
usemtl common_copper_cable
f 557/1601/401 558/1602/401 560/1603/401
f 557/1601/401 560/1603/401 559/1604/401
f 562/1605/402 561/1606/402 563/1607/402
f 562/1605/402 563/1607/402 564/1608/402
f 561/1609/403 557/1610/403 559/1611/403
f 561/1609/403 559/1611/403 563/1612/403
f 558/1613/404 562/1614/404 564/1615/404
f 558/1613/404 564/1615/404 560/1616/404
usemtl common_thingies
f 565/1617/405 566/1618/405 568/1619/405
f 565/1617/405 568/1619/405 567/1620/405
f 570/1621/406 569/1622/406 571/1623/406
f 570/1621/406 571/1623/406 572/1624/406
f 570/1625/407 566/1626/407 565/1627/407
f 570/1625/407 565/1627/407 569/1628/407
f 569/1629/408 565/1630/408 567/1631/408
f 569/1629/408 567/1631/408 571/1632/408
f 566/1633/409 570/1634/409 572/1635/409
f 566/1633/409 572/1635/409 568/1636/409
usemtl common_copper_cable
f 562/1637/410 573/1638/410 575/1639/410
f 562/1637/410 575/1639/410 574/1640/410
f 576/1641/411 561/1642/411 577/1643/411
f 576/1641/411 577/1643/411 578/1644/411
f 577/1645/412 574/1646/412 575/1647/412
f 577/1645/412 575/1647/412 578/1648/412
f 561/1649/413 562/1650/413 574/1651/413
f 561/1649/413 574/1651/413 577/1652/413
f 573/1653/414 576/1654/414 578/1655/414
f 573/1653/414 578/1655/414 575/1656/414
f 557/1657/415 579/1658/415 580/1659/415
f 557/1657/415 580/1659/415 558/1660/415
f 576/1661/416 579/1662/416 557/1663/416
f 576/1661/416 557/1663/416 561/1664/416
f 562/1665/417 558/1666/417 580/1667/417
f 562/1665/417 580/1667/417 573/1668/417
f 579/1669/418 576/1670/418 573/1671/418
f 579/1669/418 573/1671/418 580/1672/418
usemtl common_thingies
f 581/1673/419 582/1674/419 584/1675/419
f 581/1673/419 584/1675/419 583/1676/419
f 586/1677/420 585/1678/420 587/1679/420
f 586/1677/420 587/1679/420 588/1680/420
f 586/1681/421 582/1682/421 581/1683/421
f 586/1681/421 581/1683/421 585/1684/421
f 585/1685/422 581/1686/422 583/1687/422
f 585/1685/422 583/1687/422 587/1688/422
usemtl projectile_workshop
f 589/1689/423 590/1690/423 592/1691/423
f 589/1689/423 592/1691/423 591/1692/423
f 594/1693/424 593/1694/424 595/1695/424
f 594/1693/424 595/1695/424 596/1696/424
f 594/1697/425 590/1698/425 589/1699/425
f 594/1697/425 589/1699/425 593/1700/425
f 595/1701/426 591/1702/426 592/1703/426
f 595/1701/426 592/1703/426 596/1704/426
f 590/1705/427 594/1706/427 596/1707/427
f 590/1705/427 596/1707/427 592/1708/427
f 603/1709/428 601/1710/428 602/1711/428
f 603/1709/428 602/1711/428 604/1712/428
f 597/1713/429 598/1714/429 602/1715/429
f 597/1713/429 602/1715/429 601/1716/429
f 599/1717/430 597/1718/430 601/1719/430
f 599/1717/430 601/1719/430 603/1720/430
f 604/1721/431 602/1722/431 598/1723/431
f 604/1721/431 598/1723/431 600/1724/431
f 607/1725/432 603/1726/432 604/1727/432
f 607/1725/432 604/1727/432 608/1728/432
f 605/1729/433 599/1730/433 603/1731/433
f 605/1729/433 603/1731/433 607/1732/433
f 608/1733/434 604/1734/434 600/1735/434
f 608/1733/434 600/1735/434 606/1736/434
f 611/1737/435 609/1738/435 163/1739/435
f 611/1737/435 163/1739/435 610/1740/435
f 464/1741/436 462/1742/436 612/1743/436
f 464/1741/436 612/1743/436 613/1744/436
f 163/1745/437 609/1746/437 612/1747/437
f 163/1745/437 612/1747/437 462/1748/437
f 610/1749/438 163/1750/438 462/1751/438
f 610/1749/438 462/1751/438 464/1752/438
f 613/1753/439 612/1754/439 609/1755/439
f 613/1753/439 609/1755/439 611/1756/439
f 614/1757/440 611/1758/440 610/1759/440
f 614/1757/440 610/1759/440 162/1760/440
f 615/1761/441 464/1762/441 613/1763/441
f 615/1761/441 613/1763/441 616/1764/441
f 614/1765/442 162/1766/442 615/1767/442
f 614/1765/442 615/1767/442 616/1768/442
f 162/1769/443 610/1770/443 464/1771/443
f 162/1769/443 464/1771/443 615/1772/443
f 616/1773/444 613/1774/444 611/1775/444
f 616/1773/444 611/1775/444 614/1776/444
f 617/1777/445 618/1778/445 620/1779/445
f 617/1777/445 620/1779/445 619/1780/445
f 622/1781/446 621/1782/446 623/1783/446
f 622/1781/446 623/1783/446 624/1784/446
f 622/1785/447 618/1786/447 617/1787/447
f 622/1785/447 617/1787/447 621/1788/447
f 623/1789/448 619/1790/448 620/1791/448
f 623/1789/448 620/1791/448 624/1792/448
f 618/1793/449 622/1794/449 624/1795/449
f 618/1793/449 624/1795/449 620/1796/449
f 469/1797/450 625/1798/450 627/1799/450
f 469/1797/450 627/1799/450 626/1800/450
f 629/1801/451 628/1802/451 630/1803/451
f 629/1801/451 630/1803/451 631/1804/451
f 629/1805/452 625/1806/452 469/1807/452
f 629/1805/452 469/1807/452 628/1808/452
f 630/1809/453 626/1810/453 627/1811/453
f 630/1809/453 627/1811/453 631/1812/453
f 625/1813/454 629/1814/454 631/1815/454
f 625/1813/454 631/1815/454 627/1816/454
usemtl common_copper_cable
f 632/1817/455 633/1818/455 635/1819/455
f 632/1817/455 635/1819/455 634/1820/455
f 637/1821/456 636/1822/456 623/1823/456
f 637/1821/456 623/1823/456 638/1824/456
f 633/1825/457 637/1826/457 638/1827/457
f 633/1825/457 638/1827/457 635/1828/457
usemtl common_thingies
f 639/1829/458 640/1830/458 642/1831/458
f 639/1829/458 642/1831/458 641/1832/458
f 644/1833/459 643/1834/459 645/1835/459
f 644/1833/459 645/1835/459 646/1836/459
f 644/1837/460 640/1838/460 639/1839/460
f 644/1837/460 639/1839/460 643/1840/460
f 645/1841/461 641/1842/461 642/1843/461
f 645/1841/461 642/1843/461 646/1844/461
f 640/1845/462 644/1846/462 646/1847/462
f 640/1845/462 646/1847/462 642/1848/462
f 652/1849/463 651/1850/463 653/1851/463
f 652/1849/463 653/1851/463 654/1852/463
f 652/1853/464 648/1854/464 647/1855/464
f 652/1853/464 647/1855/464 651/1856/464
f 653/1857/465 649/1858/465 650/1859/465
f 653/1857/465 650/1859/465 654/1860/465
f 651/1861/466 647/1862/466 649/1863/466
f 651/1861/466 649/1863/466 653/1864/466
f 647/1865/467 648/1866/467 650/1867/467
f 647/1865/467 650/1867/467 649/1868/467
f 655/1869/468 656/1870/468 658/1871/468
f 655/1869/468 658/1871/468 657/1872/468
f 650/1873/469 649/1874/469 659/1875/469
f 650/1873/469 659/1875/469 660/1876/469
f 650/1877/470 656/1878/470 655/1879/470
f 650/1877/470 655/1879/470 649/1880/470
f 659/1881/471 657/1882/471 658/1883/471
f 659/1881/471 658/1883/471 660/1884/471
f 649/1885/472 655/1886/472 657/1887/472
f 649/1885/472 657/1887/472 659/1888/472
f 666/1889/473 665/1890/473 667/1891/473
f 666/1889/473 667/1891/473 668/1892/473
f 666/1893/474 662/1894/474 661/1895/474
f 666/1893/474 661/1895/474 665/1896/474
f 667/1897/475 663/1898/475 664/1899/475
f 667/1897/475 664/1899/475 668/1900/475
f 665/1901/476 661/1902/476 663/1903/476
f 665/1901/476 663/1903/476 667/1904/476
f 661/1905/477 662/1906/477 664/1907/477
f 661/1905/477 664/1907/477 663/1908/477
usemtl common_copper_cable
f 669/1909/478 670/1910/478 672/1911/478
f 669/1909/478 672/1911/478 671/1912/478
f 674/1913/479 673/1914/479 675/1915/479
f 674/1913/479 675/1915/479 676/1916/479
f 673/1917/480 669/1918/480 671/1919/480
f 673/1917/480 671/1919/480 675/1920/480
f 670/1921/481 674/1922/481 676/1923/481
f 670/1921/481 676/1923/481 672/1924/481
usemtl common_thingies
f 677/1925/482 678/1926/482 680/1927/482
f 677/1925/482 680/1927/482 679/1928/482
f 682/1929/483 681/1930/483 683/1931/483
f 682/1929/483 683/1931/483 684/1932/483
f 682/1933/484 678/1934/484 677/1935/484
f 682/1933/484 677/1935/484 681/1936/484
f 683/1937/485 679/1938/485 680/1939/485
f 683/1937/485 680/1939/485 684/1940/485
f 678/1941/486 682/1942/486 684/1943/486
f 678/1941/486 684/1943/486 680/1944/486
usemtl common_copper_cable
f 685/1945/487 686/1946/487 688/1947/487
f 685/1945/487 688/1947/487 687/1948/487
f 690/1949/488 689/1950/488 691/1951/488
f 690/1949/488 691/1951/488 692/1952/488
f 689/1953/489 685/1954/489 687/1955/489
f 689/1953/489 687/1955/489 691/1956/489
f 686/1957/490 690/1958/490 692/1959/490
f 686/1957/490 692/1959/490 688/1960/490
f 698/1961/491 697/1962/491 699/1963/491
f 698/1961/491 699/1963/491 700/1964/491
f 698/1965/492 694/1966/492 693/1967/492
f 698/1965/492 693/1967/492 697/1968/492
f 697/1969/493 693/1970/493 695/1971/493
f 697/1969/493 695/1971/493 699/1972/493
f 694/1973/494 698/1974/494 700/1975/494
f 694/1973/494 700/1975/494 696/1976/494
f 701/1977/495 702/1978/495 694/1979/495
f 701/1977/495 694/1979/495 696/1980/495
f 704/1981/496 703/1982/496 695/1983/496
f 704/1981/496 695/1983/496 693/1984/496
f 703/1985/497 701/1986/497 696/1987/497
f 703/1985/497 696/1987/497 695/1988/497
f 702/1989/498 704/1990/498 693/1991/498
f 702/1989/498 693/1991/498 694/1992/498
f 706/1993/499 705/1994/499 707/1995/499
f 706/1993/499 707/1995/499 708/1996/499
f 706/1997/500 685/1998/500 689/1999/500
f 706/1997/500 689/1999/500 705/2000/500
f 705/2001/501 689/2002/501 690/2003/501
f 705/2001/501 690/2003/501 707/2004/501
f 685/2005/502 706/2006/502 708/2007/502
f 685/2005/502 708/2007/502 686/2008/502
f 707/2009/503 695/2010/503 696/2011/503
f 707/2009/503 696/2011/503 708/2012/503
f 699/2013/504 690/2014/504 686/2015/504
f 699/2013/504 686/2015/504 700/2016/504
f 699/2017/505 695/2018/505 707/2019/505
f 699/2017/505 707/2019/505 690/2020/505
f 686/2021/506 708/2022/506 696/2023/506
f 686/2021/506 696/2023/506 700/2024/506
usemtl projectile_workshop
f 709/2025/507 710/2026/507 713/2027/507
f 162/2028/508 711/2029/508 712/2030/508
f 713/2031/509 709/2032/509 711/2033/509
f 713/2031/509 711/2033/509 162/2034/509
f 714/2035/510 715/2036/510 716/2037/510
f 710/2038/511 715/2039/511 714/2040/511
f 710/2038/511 714/2040/511 709/2041/511
f 711/2042/512 716/2043/512 712/2044/512
f 709/2045/513 714/2046/513 716/2047/513
f 709/2045/513 716/2047/513 711/2048/513
f 722/2049/514 721/2050/514 443/2051/514
f 722/2049/514 443/2051/514 445/2052/514
f 717/2053/515 718/2054/515 443/2055/515
f 717/2053/515 443/2055/515 721/2056/515
f 719/2057/516 717/2058/516 721/2059/516
f 719/2057/516 721/2059/516 722/2060/516
f 445/2061/517 443/2062/517 718/2063/517
f 445/2061/517 718/2063/517 720/2064/517
f 716/2065/518 720/2066/518 719/2067/518
f 716/2065/518 719/2067/518 16/2068/518
f 15/2069/519 722/2070/519 445/2071/519
f 15/2069/519 445/2071/519 723/2072/519
f 716/2073/520 16/2074/520 15/2075/520
f 716/2073/520 15/2075/520 723/2076/520
f 16/2077/521 719/2078/521 722/2079/521
f 16/2077/521 722/2079/521 15/2080/521
f 723/2081/522 445/2082/522 720/2083/522
f 723/2081/522 720/2083/522 716/2084/522
usemtl conveyor
f 727/2085/523 725/2086/523 724/2087/523
f 727/2085/523 724/2087/523 726/2088/523
usemtl projectile_workshop
f 731/2089/524 732/2090/524 729/2091/524
f 731/2089/524 729/2091/524 730/2092/524
f 733/2093/525 731/2094/525 730/2095/525
f 733/2093/525 730/2095/525 728/2096/525
f 732/2097/526 734/2098/526 140/2099/526
f 732/2097/526 140/2099/526 729/2100/526
f 734/2101/527 156/2102/527 148/2103/527
f 734/2101/527 148/2103/527 140/2104/527
f 735/2105/528 736/2106/528 734/2107/528
f 735/2105/528 734/2107/528 732/2108/528
f 155/2109/529 736/2110/529 735/2111/529
f 155/2109/529 735/2111/529 737/2112/529
f 736/2113/530 155/2114/530 156/2115/530
f 736/2113/530 156/2115/530 734/2116/530
f 738/2117/531 735/2118/531 732/2119/531
f 738/2117/531 732/2119/531 731/2120/531
f 737/2121/532 735/2122/532 738/2123/532
f 737/2121/532 738/2123/532 739/2124/532
f 739/2125/533 738/2126/533 731/2127/533
f 739/2125/533 731/2127/533 733/2128/533
usemtl common_steel
f 314/2129/534 310/2130/534 309/2131/534
f 314/2129/534 309/2131/534 313/2132/534
f 304/2133/535 301/2134/535 302/2135/535
f 304/2133/535 302/2135/535 305/2136/535
f 325/2137/536 322/2138/536 287/2139/536
f 325/2137/536 287/2139/536 326/2140/536
f 339/2141/537 335/2142/537 334/2143/537
f 339/2141/537 334/2143/537 338/2144/537
f 343/2145/538 341/2146/538 340/2147/538
f 343/2145/538 340/2147/538 342/2148/538
f 321/2149/539 318/2150/539 317/2151/539
f 321/2149/539 317/2151/539 320/2152/539
f 331/2153/540 329/2154/540 330/2155/540
f 331/2153/540 330/2155/540 332/2156/540
f 352/2157/541 349/2158/541 348/2159/541
f 352/2157/541 348/2159/541 351/2160/541
usemtl projectile_workshop
f 710/2161/542 709/2162/542 711/2163/542
f 710/2161/542 711/2163/542 712/2164/542
usemtl common_steel
f 746/2165/543 744/2166/543 745/2167/543
f 746/2165/543 745/2167/543 741/2168/543
f 742/2169/544 740/2170/544 741/2171/544
f 742/2169/544 741/2171/544 743/2172/544
usemtl conveyor
f 748/2173/545 750/2174/545 749/2175/545
f 748/2173/545 749/2175/545 725/2176/545
f 750/2177/546 748/2178/546 78/2179/546
f 750/2177/546 78/2179/546 747/2180/546
usemtl common_steel
f 753/2181/547 752/2182/547 747/2183/547
f 753/2181/547 747/2183/547 386/2184/547
f 753/2185/548 751/2186/548 58/2187/548
f 753/2185/548 58/2187/548 752/2188/548
f 751/2189/549 753/2190/549 386/2191/549
f 751/2189/549 386/2191/549 616/2192/549
usemtl common_rough_steel
f 754/2193/550 114/2194/550 115/2195/550
f 754/2193/550 115/2195/550 755/2196/550
f 771/2197/551 774/2198/551 773/2199/551
f 771/2197/551 773/2199/551 763/2200/551
f 161/2201/552 757/2202/552 758/2203/552
f 161/2201/552 758/2203/552 160/2204/552
f 160/2205/553 758/2206/553 759/2207/553
f 160/2205/553 759/2207/553 168/2208/553
usemtl common_steel
f 769/2209/554 776/2210/554 775/2211/554
f 769/2209/554 775/2211/554 770/2212/554
f 169/2213/555 760/2214/555 761/2215/555
f 169/2213/555 761/2215/555 170/2216/555
f 162/2217/556 762/2218/556 756/2219/556
f 162/2217/556 756/2219/556 163/2220/556
usemtl common_rough_steel
f 158/2221/557 783/2222/557 782/2223/557
f 158/2221/557 782/2223/557 764/2224/557
usemtl common_steel
f 158/2225/558 764/2226/558 765/2227/558
f 158/2225/558 765/2227/558 174/2228/558
f 174/2229/559 765/2230/559 766/2231/559
f 174/2229/559 766/2231/559 173/2232/559
f 173/2233/560 766/2234/560 767/2235/560
f 173/2233/560 767/2235/560 179/2236/560
f 179/2237/561 767/2238/561 768/2239/561
f 179/2237/561 768/2239/561 167/2240/561
f 768/2241/562 786/2242/562 785/2243/562
f 768/2241/562 785/2243/562 167/2244/562
f 759/2245/563 769/2246/563 770/2247/563
f 759/2245/563 770/2247/563 168/2248/563
usemtl common_rough_steel
f 161/2249/564 771/2250/564 763/2251/564
f 161/2249/564 763/2251/564 757/2252/564
f 772/2253/565 781/2254/565 789/2255/565
f 772/2253/565 789/2255/565 164/2256/565
f 756/2257/566 773/2258/566 774/2259/566
f 756/2257/566 774/2259/566 163/2260/566
usemtl common_steel
f 168/2261/567 169/2262/567 165/2263/567
f 168/2261/567 165/2263/567 160/2264/567
f 169/2265/568 775/2266/568 776/2267/568
f 169/2265/568 776/2267/568 760/2268/568
f 172/2269/569 788/2270/569 787/2271/569
f 172/2269/569 787/2271/569 777/2272/569
f 172/2273/570 777/2274/570 778/2275/570
f 172/2273/570 778/2275/570 180/2276/570
f 180/2277/571 778/2278/571 779/2279/571
f 180/2277/571 779/2279/571 178/2280/571
f 178/2281/572 779/2282/572 780/2283/572
f 178/2281/572 780/2283/572 177/2284/572
f 177/2285/573 780/2286/573 772/2287/573
f 177/2285/573 772/2287/573 164/2288/573
usemtl common_rough_steel
f 763/2289/574 782/2290/574 783/2291/574
f 763/2289/574 783/2291/574 757/2292/574
f 757/2293/575 783/2294/575 784/2295/575
f 757/2293/575 784/2295/575 758/2296/575
f 758/2297/576 784/2298/576 785/2299/576
f 758/2297/576 785/2299/576 759/2300/576
usemtl common_steel
f 759/2301/577 785/2302/577 786/2303/577
f 759/2301/577 786/2303/577 769/2304/577
f 769/2305/578 786/2306/578 787/2307/578
f 769/2305/578 787/2307/578 776/2308/578
f 776/2309/579 787/2310/579 788/2311/579
f 776/2309/579 788/2311/579 760/2312/579
f 171/2313/580 761/2314/580 760/2315/580
f 171/2313/580 760/2315/580 172/2316/580
usemtl common_rough_steel
f 756/2317/581 789/2318/581 781/2319/581
f 756/2317/581 781/2319/581 773/2320/581
usemtl common_steel
f 762/2321/582 790/2322/582 789/2323/582
f 762/2321/582 789/2323/582 756/2324/582
usemtl projectile_workshop
f 782/2325/583 763/2326/583 773/2327/583
f 782/2325/583 773/2327/583 781/2328/583
usemtl common_rough_steel
f 794/2329/584 795/2330/584 796/2331/584
f 794/2329/584 796/2331/584 792/2332/584
f 791/2333/585 796/2334/585 795/2335/585
f 791/2333/585 795/2335/585 793/2336/585
usemtl common_steel
f 797/2337/586 798/2338/586 802/2339/586
f 797/2337/586 802/2339/586 801/2340/586
f 799/2341/587 797/2342/587 801/2343/587
f 799/2341/587 801/2343/587 803/2344/587
f 804/2345/588 802/2346/588 798/2347/588
f 804/2345/588 798/2347/588 800/2348/588
usemtl conveyor
f 805/2349/589 806/2350/589 809/2351/589
f 805/2349/589 809/2351/589 808/2352/589
f 810/2353/590 809/2354/590 806/2355/590
f 810/2353/590 806/2355/590 807/2356/590
f 811/2357/591 118/2358/591 806/2359/591
f 811/2357/591 806/2359/591 805/2360/591
f 807/2361/592 806/2362/592 118/2363/592
f 807/2361/592 118/2363/592 812/2364/592
usemtl projectile_workshop
f 816/2365/593 815/2366/593 813/2367/593
f 816/2365/593 813/2367/593 814/2368/593
f 814/2369/594 813/2370/594 817/2371/594
f 814/2369/594 817/2371/594 818/2372/594
f 818/2373/595 817/2374/595 819/2375/595
f 818/2373/595 819/2375/595 820/2376/595
f 824/2377/596 822/2378/596 821/2379/596
f 824/2377/596 821/2379/596 823/2380/596
f 823/2381/597 821/2382/597 825/2383/597
f 823/2381/597 825/2383/597 826/2384/597
f 827/2385/598 822/2386/598 829/2387/598
f 827/2385/598 829/2387/598 828/2388/598
f 826/2389/599 825/2390/599 815/2391/599
f 826/2389/599 815/2391/599 816/2392/599
f 833/2393/600 831/2394/600 830/2395/600
f 833/2393/600 830/2395/600 832/2396/600
f 836/2397/601 834/2398/601 835/2399/601
f 836/2397/601 835/2399/601 837/2400/601
f 837/2401/602 835/2402/602 831/2403/602
f 837/2401/602 831/2403/602 833/2404/602
f 841/2405/603 839/2406/603 838/2407/603
f 841/2405/603 838/2407/603 840/2408/603
f 844/2409/604 842/2410/604 843/2411/604
f 844/2409/604 843/2411/604 845/2412/604
f 840/2413/605 838/2414/605 842/2415/605
f 840/2413/605 842/2415/605 844/2416/605
f 845/2417/606 843/2418/606 839/2419/606
f 845/2417/606 839/2419/606 841/2420/606
f 849/2421/607 847/2422/607 846/2423/607
f 849/2421/607 846/2423/607 848/2424/607
f 852/2425/608 850/2426/608 851/2427/608
f 852/2425/608 851/2427/608 853/2428/608
f 848/2429/609 846/2430/609 850/2431/609
f 848/2429/609 850/2431/609 852/2432/609
f 853/2433/610 851/2434/610 847/2435/610
f 853/2433/610 847/2435/610 849/2436/610
f 857/2437/611 855/2438/611 854/2439/611
f 857/2437/611 854/2439/611 856/2440/611
f 860/2441/612 858/2442/612 859/2443/612
f 860/2441/612 859/2443/612 861/2444/612
f 856/2445/613 854/2446/613 858/2447/613
f 856/2445/613 858/2447/613 860/2448/613
f 861/2449/614 859/2450/614 855/2451/614
f 861/2449/614 855/2451/614 857/2452/614
f 865/2453/615 863/2454/615 862/2455/615
f 865/2453/615 862/2455/615 864/2456/615
f 868/2457/616 866/2458/616 867/2459/616
f 868/2457/616 867/2459/616 869/2460/616
f 864/2461/617 862/2462/617 866/2463/617
f 864/2461/617 866/2463/617 868/2464/617
f 817/2465/618 822/2466/618 827/2467/618
f 817/2465/618 827/2467/618 870/2468/618
f 870/2469/619 827/2470/619 828/2471/619
f 870/2469/619 828/2471/619 871/2472/619
f 819/2473/620 829/2474/620 822/2475/620
f 819/2473/620 822/2475/620 817/2476/620
f 819/2477/621 817/2478/621 870/2479/621
f 819/2477/621 870/2479/621 871/2480/621
f 872/2481/622 829/2482/622 822/2483/622
f 872/2481/622 822/2483/622 824/2484/622
f 826/2485/623 874/2486/623 873/2487/623
f 826/2485/623 873/2487/623 823/2488/623
f 823/2489/624 873/2490/624 875/2491/624
f 823/2489/624 875/2491/624 824/2492/624
f 824/2493/625 875/2494/625 876/2495/625
f 824/2493/625 876/2495/625 872/2496/625
f 818/2497/626 878/2498/626 877/2499/626
f 818/2497/626 877/2499/626 814/2500/626
f 814/2501/627 877/2502/627 879/2503/627
f 814/2501/627 879/2503/627 816/2504/627
f 880/2505/628 878/2506/628 882/2507/628
f 880/2505/628 882/2507/628 881/2508/628
f 816/2509/629 879/2510/629 874/2511/629
f 816/2509/629 874/2511/629 826/2512/629
f 864/2513/630 884/2514/630 883/2515/630
f 864/2513/630 883/2515/630 865/2516/630
f 869/2517/631 885/2518/631 886/2519/631
f 869/2517/631 886/2519/631 868/2520/631
f 868/2521/632 886/2522/632 884/2523/632
f 868/2521/632 884/2523/632 864/2524/632
f 856/2525/633 888/2526/633 887/2527/633
f 856/2525/633 887/2527/633 857/2528/633
f 861/2529/634 889/2530/634 890/2531/634
f 861/2529/634 890/2531/634 860/2532/634
f 857/2533/635 887/2534/635 889/2535/635
f 857/2533/635 889/2535/635 861/2536/635
f 860/2537/636 890/2538/636 888/2539/636
f 860/2537/636 888/2539/636 856/2540/636
f 848/2541/637 892/2542/637 891/2543/637
f 848/2541/637 891/2543/637 849/2544/637
f 853/2545/638 893/2546/638 894/2547/638
f 853/2545/638 894/2547/638 852/2548/638
f 849/2549/639 891/2550/639 893/2551/639
f 849/2549/639 893/2551/639 853/2552/639
f 852/2553/640 894/2554/640 892/2555/640
f 852/2553/640 892/2555/640 848/2556/640
f 840/2557/641 896/2558/641 895/2559/641
f 840/2557/641 895/2559/641 841/2560/641
f 845/2561/642 897/2562/642 898/2563/642
f 845/2561/642 898/2563/642 844/2564/642
f 841/2565/643 895/2566/643 897/2567/643
f 841/2565/643 897/2567/643 845/2568/643
f 844/2569/644 898/2570/644 896/2571/644
f 844/2569/644 896/2571/644 840/2572/644
f 832/2573/645 900/2574/645 899/2575/645
f 832/2573/645 899/2575/645 833/2576/645
f 837/2577/646 901/2578/646 902/2579/646
f 837/2577/646 902/2579/646 836/2580/646
f 833/2581/647 899/2582/647 901/2583/647
f 833/2581/647 901/2583/647 837/2584/647
f 875/2585/648 878/2586/648 880/2587/648
f 875/2585/648 880/2587/648 804/2588/648
f 903/2589/649 881/2590/649 882/2591/649
f 903/2589/649 882/2591/649 876/2592/649
f 804/2593/650 880/2594/650 881/2595/650
f 804/2593/650 881/2595/650 903/2596/650
f 876/2597/651 882/2598/651 878/2599/651
f 876/2597/651 878/2599/651 875/2600/651
f 876/2601/652 875/2602/652 804/2603/652
f 876/2601/652 804/2603/652 903/2604/652
f 820/2605/653 882/2606/653 878/2607/653
f 820/2605/653 878/2607/653 818/2608/653
f 907/2609/654 906/2610/654 904/2611/654
f 907/2609/654 904/2611/654 905/2612/654
f 905/2613/655 904/2614/655 908/2615/655
f 905/2613/655 908/2615/655 909/2616/655
f 909/2617/656 908/2618/656 910/2619/656
f 909/2617/656 910/2619/656 911/2620/656
f 915/2621/657 913/2622/657 912/2623/657
f 915/2621/657 912/2623/657 914/2624/657
f 914/2625/658 912/2626/658 916/2627/658
f 914/2625/658 916/2627/658 917/2628/658
f 918/2629/659 913/2630/659 920/2631/659
f 918/2629/659 920/2631/659 919/2632/659
f 917/2633/660 916/2634/660 906/2635/660
f 917/2633/660 906/2635/660 907/2636/660
f 924/2637/661 922/2638/661 921/2639/661
f 924/2637/661 921/2639/661 923/2640/661
f 927/2641/662 925/2642/662 926/2643/662
f 927/2641/662 926/2643/662 928/2644/662
f 928/2645/663 926/2646/663 922/2647/663
f 928/2645/663 922/2647/663 924/2648/663
f 932/2649/664 930/2650/664 929/2651/664
f 932/2649/664 929/2651/664 931/2652/664
f 935/2653/665 933/2654/665 934/2655/665
f 935/2653/665 934/2655/665 936/2656/665
f 931/2657/666 929/2658/666 933/2659/666
f 931/2657/666 933/2659/666 935/2660/666
f 936/2661/667 934/2662/667 930/2663/667
f 936/2661/667 930/2663/667 932/2664/667
f 940/2665/668 938/2666/668 937/2667/668
f 940/2665/668 937/2667/668 939/2668/668
f 943/2669/669 941/2670/669 942/2671/669
f 943/2669/669 942/2671/669 944/2672/669
f 939/2673/670 937/2674/670 941/2675/670
f 939/2673/670 941/2675/670 943/2676/670
f 944/2677/671 942/2678/671 938/2679/671
f 944/2677/671 938/2679/671 940/2680/671
f 948/2681/672 946/2682/672 945/2683/672
f 948/2681/672 945/2683/672 947/2684/672
f 951/2685/673 949/2686/673 950/2687/673
f 951/2685/673 950/2687/673 952/2688/673
f 947/2689/674 945/2690/674 949/2691/674
f 947/2689/674 949/2691/674 951/2692/674
f 952/2693/675 950/2694/675 946/2695/675
f 952/2693/675 946/2695/675 948/2696/675
f 956/2697/676 954/2698/676 953/2699/676
f 956/2697/676 953/2699/676 955/2700/676
f 959/2701/677 957/2702/677 958/2703/677
f 959/2701/677 958/2703/677 960/2704/677
f 955/2705/678 953/2706/678 957/2707/678
f 955/2705/678 957/2707/678 959/2708/678
f 908/2709/679 913/2710/679 918/2711/679
f 908/2709/679 918/2711/679 961/2712/679
f 961/2713/680 918/2714/680 919/2715/680
f 961/2713/680 919/2715/680 962/2716/680
f 910/2717/681 920/2718/681 913/2719/681
f 910/2717/681 913/2719/681 908/2720/681
f 910/2721/682 908/2722/682 961/2723/682
f 910/2721/682 961/2723/682 962/2724/682
f 963/2725/683 920/2726/683 913/2727/683
f 963/2725/683 913/2727/683 915/2728/683
f 917/2729/684 965/2730/684 964/2731/684
f 917/2729/684 964/2731/684 914/2732/684
f 914/2733/685 964/2734/685 966/2735/685
f 914/2733/685 966/2735/685 915/2736/685
f 915/2737/686 966/2738/686 967/2739/686
f 915/2737/686 967/2739/686 963/2740/686
f 909/2741/687 969/2742/687 968/2743/687
f 909/2741/687 968/2743/687 905/2744/687
f 905/2745/688 968/2746/688 970/2747/688
f 905/2745/688 970/2747/688 907/2748/688
f 800/2749/689 969/2750/689 972/2751/689
f 800/2749/689 972/2751/689 971/2752/689
f 907/2753/690 970/2754/690 965/2755/690
f 907/2753/690 965/2755/690 917/2756/690
f 955/2757/691 974/2758/691 973/2759/691
f 955/2757/691 973/2759/691 956/2760/691
f 960/2761/692 975/2762/692 976/2763/692
f 960/2761/692 976/2763/692 959/2764/692
f 959/2765/693 976/2766/693 974/2767/693
f 959/2765/693 974/2767/693 955/2768/693
f 947/2769/694 978/2770/694 977/2771/694
f 947/2769/694 977/2771/694 948/2772/694
f 952/2773/695 979/2774/695 980/2775/695
f 952/2773/695 980/2775/695 951/2776/695
f 948/2777/696 977/2778/696 979/2779/696
f 948/2777/696 979/2779/696 952/2780/696
f 951/2781/697 980/2782/697 978/2783/697
f 951/2781/697 978/2783/697 947/2784/697
f 939/2785/698 982/2786/698 981/2787/698
f 939/2785/698 981/2787/698 940/2788/698
f 944/2789/699 983/2790/699 984/2791/699
f 944/2789/699 984/2791/699 943/2792/699
f 940/2793/700 981/2794/700 983/2795/700
f 940/2793/700 983/2795/700 944/2796/700
f 943/2797/701 984/2798/701 982/2799/701
f 943/2797/701 982/2799/701 939/2800/701
f 931/2801/702 986/2802/702 985/2803/702
f 931/2801/702 985/2803/702 932/2804/702
f 936/2805/703 987/2806/703 988/2807/703
f 936/2805/703 988/2807/703 935/2808/703
f 932/2809/704 985/2810/704 987/2811/704
f 932/2809/704 987/2811/704 936/2812/704
f 935/2813/705 988/2814/705 986/2815/705
f 935/2813/705 986/2815/705 931/2816/705
f 923/2817/706 990/2818/706 989/2819/706
f 923/2817/706 989/2819/706 924/2820/706
f 928/2821/707 991/2822/707 992/2823/707
f 928/2821/707 992/2823/707 927/2824/707
f 924/2825/708 989/2826/708 991/2827/708
f 924/2825/708 991/2827/708 928/2828/708
f 966/2829/709 969/2830/709 800/2831/709
f 966/2829/709 800/2831/709 993/2832/709
f 994/2833/710 971/2834/710 972/2835/710
f 994/2833/710 972/2835/710 967/2836/710
f 993/2837/711 800/2838/711 971/2839/711
f 993/2837/711 971/2839/711 994/2840/711
f 967/2841/712 972/2842/712 969/2843/712
f 967/2841/712 969/2843/712 966/2844/712
f 967/2845/713 966/2846/713 993/2847/713
f 967/2845/713 993/2847/713 994/2848/713
f 911/2849/714 972/2850/714 969/2851/714
f 911/2849/714 969/2851/714 909/2852/714
usemtl common_steel
f 995/2853/715 996/2854/715 999/2855/715
f 995/2853/715 999/2855/715 998/2856/715
f 993/2857/716 995/2858/716 998/2859/716
f 993/2857/716 998/2859/716 1000/2860/716
f 1001/2861/717 999/2862/717 996/2863/717
f 1001/2861/717 996/2863/717 997/2864/717
usemtl projectile_workshop
f 156/2865/718 1002/2866/718 1003/2867/718
f 156/2865/718 1003/2867/718 148/2868/718
f 155/2869/719 1004/2870/719 1002/2871/719
f 155/2869/719 1002/2871/719 156/2872/719
f 1005/2873/720 132/2874/720 1007/2875/720
f 1005/2873/720 1007/2875/720 1006/2876/720
f 1008/2877/721 1009/2878/721 1011/2879/721
f 1008/2877/721 1011/2879/721 1010/2880/721
f 1013/2881/722 1012/2882/722 1014/2883/722
f 1013/2881/722 1014/2883/722 1015/2884/722
f 1012/2885/723 1008/2886/723 1010/2887/723
f 1012/2885/723 1010/2887/723 1014/2888/723
f 1009/2889/724 1013/2890/724 1015/2891/724
f 1009/2889/724 1015/2891/724 1011/2892/724
f 1016/2893/725 1017/2894/725 1012/2895/725
f 1016/2893/725 1012/2895/725 1013/2896/725
f 1019/2897/726 1018/2898/726 1009/2899/726
f 1019/2897/726 1009/2899/726 1008/2900/726
usemtl common_thingies
f 1019/2901/727 1017/2902/727 1016/2903/727
f 1019/2901/727 1016/2903/727 1018/2904/727
usemtl projectile_workshop
f 1018/2905/728 1016/2906/728 1013/2907/728
f 1018/2905/728 1013/2907/728 1009/2908/728
f 1017/2909/729 1019/2910/729 1008/2911/729
f 1017/2909/729 1008/2911/729 1012/2912/729
usemtl common_rough_steel
f 1034/2913/730 1035/2914/730 1021/2915/730
f 1034/2913/730 1021/2915/730 1029/2916/730
f 1036/2917/731 1031/2918/731 1028/2919/731
f 1036/2917/731 1028/2919/731 1024/2920/731
f 1039/2921/732 1040/2922/732 1036/2923/732
f 1039/2921/732 1036/2923/732 1024/2924/732
f 1037/2925/733 1038/2926/733 1026/2927/733
f 1037/2925/733 1026/2927/733 1032/2928/733
f 1041/2929/734 1042/2930/734 1027/2931/734
f 1041/2929/734 1027/2931/734 1023/2932/734
f 1031/2933/735 1032/2934/735 1026/2935/735
f 1031/2933/735 1026/2935/735 1028/2936/735
f 1033/2937/736 1034/2938/736 1029/2939/736
f 1033/2937/736 1029/2939/736 167/2940/736
f 1042/2941/737 1043/2942/737 1025/2943/737
f 1042/2941/737 1025/2943/737 1027/2944/737
f 1032/2945/738 1031/2946/738 1027/2947/738
f 1032/2945/738 1027/2947/738 1025/2948/738
f 1043/2949/739 1037/2950/739 1032/2951/739
f 1043/2949/739 1032/2951/739 1025/2952/739
f 1034/2953/740 1033/2954/740 1022/2955/740
f 1034/2953/740 1022/2955/740 1030/2956/740
f 1035/2957/741 1034/2958/741 1030/2959/741
f 1035/2957/741 1030/2959/741 1020/2960/741
f 1040/2961/742 1041/2962/742 1023/2963/742
f 1040/2961/742 1023/2963/742 1036/2964/742
f 1031/2965/743 1036/2966/743 1023/2967/743
f 1031/2965/743 1023/2967/743 1027/2968/743
f 1038/2969/744 1037/2970/744 1033/2971/744
f 1038/2969/744 1033/2971/744 167/2972/744
f 1040/2973/745 1039/2974/745 1021/2975/745
f 1040/2973/745 1021/2975/745 1035/2976/745
f 1041/2977/746 1040/2978/746 1035/2979/746
f 1041/2977/746 1035/2979/746 1020/2980/746
f 1042/2981/747 1041/2982/747 1020/2983/747
f 1042/2981/747 1020/2983/747 1030/2984/747
f 1043/2985/748 1042/2986/748 1030/2987/748
f 1043/2985/748 1030/2987/748 1022/2988/748
f 1037/2989/749 1043/2990/749 1022/2991/749
f 1037/2989/749 1022/2991/749 1033/2992/749
usemtl common_copper_cable
f 1045/2993/750 1044/2994/750 1051/2995/750
f 1045/2993/750 1051/2995/750 1048/2996/750
f 1047/2997/751 1046/2998/751 1049/2999/751
f 1047/2997/751 1049/2999/751 1050/3000/751
f 1049/3001/752 1048/3002/752 1051/3003/752
f 1049/3001/752 1051/3003/752 1050/3004/752
f 1046/3005/753 1045/3006/753 1048/3007/753
f 1046/3005/753 1048/3007/753 1049/3008/753
f 1047/3009/754 1052/3010/754 1053/3011/754
f 1047/3009/754 1053/3011/754 1046/3012/754
f 1046/3013/755 1053/3014/755 1054/3015/755
f 1046/3013/755 1054/3015/755 1045/3016/755
f 1045/3017/756 1054/3018/756 1055/3019/756
f 1045/3017/756 1055/3019/756 1044/3020/756
f 1059/3021/757 1066/3022/757 1065/3023/757
f 1059/3021/757 1065/3023/757 1064/3024/757
f 1060/3025/758 1056/3026/758 1062/3027/758
f 1060/3025/758 1062/3027/758 1063/3028/758
f 1062/3029/759 1064/3030/759 1065/3031/759
f 1062/3029/759 1065/3031/759 1063/3032/759
f 1056/3033/760 1059/3034/760 1064/3035/760
f 1056/3033/760 1064/3035/760 1062/3036/760
f 1060/3037/761 1061/3038/761 1057/3039/761
f 1060/3037/761 1057/3039/761 1056/3040/761
f 1056/3041/762 1057/3042/762 1058/3043/762
f 1056/3041/762 1058/3043/762 1059/3044/762
f 1059/3045/763 1058/3046/763 1067/3047/763
f 1059/3045/763 1067/3047/763 1066/3048/763
usemtl projectile_workshop
f 833/3049/764 832/3050/764 836/3051/764
f 833/3049/764 836/3051/764 837/3052/764
f 841/3053/765 840/3054/765 844/3055/765
f 841/3053/765 844/3055/765 845/3056/765
f 849/3057/766 848/3058/766 852/3059/766
f 849/3057/766 852/3059/766 853/3060/766
f 857/3061/767 856/3062/767 860/3063/767
f 857/3061/767 860/3063/767 861/3064/767
f 865/3065/768 864/3066/768 868/3067/768
f 865/3065/768 868/3067/768 869/3068/768
f 924/3069/769 923/3070/769 927/3071/769
f 924/3069/769 927/3071/769 928/3072/769
f 932/3073/770 931/3074/770 935/3075/770
f 932/3073/770 935/3075/770 936/3076/770
f 940/3077/771 939/3078/771 943/3079/771
f 940/3077/771 943/3079/771 944/3080/771
f 948/3081/772 947/3082/772 951/3083/772
f 948/3081/772 951/3083/772 952/3084/772
f 956/3085/773 955/3086/773 959/3087/773
f 956/3085/773 959/3087/773 960/3088/773
usemtl common_steel
f 163/3089/774 161/3090/774 160/3091/774
f 163/3089/774 160/3091/774 165/3092/774
f 1071/3093/775 1077/3094/775 1076/3095/775
f 1071/3093/775 1076/3095/775 1069/3096/775
f 1073/3097/776 1078/3098/776 1079/3099/776
f 1073/3097/776 1079/3099/776 1075/3100/776
f 1076/3101/777 1082/3102/777 1083/3103/777
f 1076/3101/777 1083/3103/777 1069/3104/777
f 1070/3105/778 1081/3106/778 1080/3107/778
f 1070/3105/778 1080/3107/778 1068/3108/778
f 1068/3109/779 1076/3110/779 1077/3111/779
f 1068/3109/779 1077/3111/779 1070/3112/779
f 1068/3113/780 1080/3114/780 1082/3115/780
f 1068/3113/780 1082/3115/780 1076/3116/780
f 1074/3117/781 1079/3118/781 1078/3119/781
f 1074/3117/781 1078/3119/781 1072/3120/781
f 1072/3121/782 1080/3122/782 1081/3123/782
f 1072/3121/782 1081/3123/782 1074/3124/782
f 1078/3125/783 1082/3126/783 1080/3127/783
f 1078/3125/783 1080/3127/783 1072/3128/783
f 1073/3129/784 1083/3130/784 1082/3131/784
f 1073/3129/784 1082/3131/784 1078/3132/784
f 1075/3133/785 1084/3134/785 1083/3135/785
f 1075/3133/785 1083/3135/785 1073/3136/785
usemtl common_rough_steel
f 1086/3137/786 1087/3138/786 1089/3139/786
f 1086/3137/786 1089/3139/786 1090/3140/786
f 1087/3141/787 1086/3142/787 1085/3143/787
f 1087/3141/787 1085/3143/787 1088/3144/787