# Made by Pabilo8 with Blockbench
# Exported with IIToolkit Plugin on 03/06/2026
mtllib projectile_workshop.mtl

o main
v -0.0625 0 -1
v -0.9375 0 -1
v -1 0.1875 -0.25
v -1 0.1875 -1
v -1 0 -0.25
v -1 0.0016 -1
v -0.9375 0.1875 -0.25
v -0.9375 0.1875 -1
v -0.9375 0 -0.25
v -0.0625 0.1875 -0.25
v -0.0625 0.1875 -1
v -0.0625 0 -0.25
v 0 0.1875 -0.25
v 0 0.1875 -1
v 0 0 -1
v 0 0 0.0625
v 0.3125 0.1875 -0.75
v 1.025 0.25 -0.5312
v 1.0875 0.25 -0.5312
v 1.025 0.0625 -0.5312
v 1.0875 0.0625 -0.5312
v 1.025 0.25 -0.3437
v 1.0875 0.25 -0.3437
v 1.025 0.0625 -0.3437
v 1.0875 0.0625 -0.3437
v 0.0625 0.9406 0.0031
v 0.0625 0.0031 0.0031
v 1 0.9406 0.0031
v 1 0.0031 0.0031
v 1.9375 0.9406 0.0031
v 1.9375 0.0031 0.0031
v -0.0625 0.125 -1
v -0.0625 0.125 -0.0625
v -0.9375 0.125 -1
v -0.9375 0.125 -0.0625
v 0.25 0.8125 2
v 0.25 0.8125 1.9375
v 0.25 0.3125 2
v 0.25 0.3125 1.9375
v 0.75 0.8125 2
v 0.75 0.8125 1.9375
v 0.75 0.3125 2
v 0.75 0.3125 1.9375
v 0.375 1 2
v 0.375 1 1.9375
v 0.375 0.8125 2
v 0.375 0.8125 1.9375
v 0.625 1 2
v 0.625 1 1.9375
v 0.625 0.8125 2
v 0.625 0.8125 1.9375
v 0.9984 0.6889 -0.9983
v 2.375 0.75 0.8125
v 0 0.1875 -0.9375
v 0 0 -0.25
v 0 0 -0.9375
v 2 0.1875 0
v 2 0 0
v 2.0625 0.1875 0
v 2.0625 0.1875 -0.9375
v 2.0625 0 0
v 2.0625 0 -0.9375
v 2 0.1875 0.6875
v 2 0 0.6875
v 2.0625 0.1875 0.6875
v 2.0625 0 0.6875
v 2.9375 0.1875 -0.9375
v 2.9375 0 -0.9375
v 2.9375 0.1875 0.6875
v 2.9375 0.1875 0
v 2.9375 0 0.6875
v 2.9375 0 0
v 3 0.1875 0.6875
v 3 0.1875 0
v 3 0 0.6875
v 3 0 0
v 1 0.9344 0.0687
v 2.375 0.9375 0.875
v 2.375 0.9375 0.8125
v 2.375 0.75 0.875
v 2.625 0.9375 0.875
v 2.625 0.9375 0.8125
v 2.625 0.75 0.875
v 2.625 0.75 0.8125
v 3 0.6875 0.875
v 2.9375 0.6875 0.875
v 3 0 0.875
v 2.9375 0 0.875
v 3 0.6875 0.6875
v 2.9375 0.6875 0.6875
v 3 0.3125 0.875
v 3 0.3125 0.6875
v 2.9375 0.3125 0.6875
v 2.9375 0.3125 0.875
v 2 0.75 0.875
v 2 0.6875 0.875
v 3 0.75 0.875
v 2 0.75 0.6875
v 2 0.6875 0.6875
v 3 0.75 0.6875
v 2.0625 0.6875 0.875
v 2.0625 0 0.875
v 2 0 0.875
v 2.0625 0.6875 0.6875
v 2.0625 0.3125 0.875
v 2.0625 0.3125 0.6875
v 2 0.3125 0.6875
v 2 0.3125 0.875
v 0.5594 0.5625 -1
v 3 1 1.875
v 3 1 0.875
v 1.9406 1 1.875
v 1.9406 1 0.875
v 3 0 1.875
v 1.9375 0 1.875
v 1.9375 0 0.875
v 2 1 0.875
v 2 0 1.875
v 2 1 1.875
v -0.625 0.9375 -0.0625
v -0.625 0.9375 -0.125
v -0.625 0.75 -0.0625
v -0.625 0.75 -0.125
v -0.375 0.9375 -0.0625
v -0.375 0.9375 -0.125
v -0.375 0.75 -0.0625
v -0.375 0.75 -0.125
v -1 0.75 -0.0625
v -1 0.6875 -0.0625
v 0 0.75 -0.0625
v 0 0.6875 -0.0625
v -1 0.75 -0.25
v -1 0.6875 -0.25
v 0 0.75 -0.25
v 0 0.6875 -0.25
v -0.9375 0.6875 -0.0625
v -0.9375 0 -0.0625
v -1 0 -0.0625
v -0.9375 0.6875 -0.25
v -0.9375 0.3125 -0.0625
v -0.9375 0.3125 -0.25
v -1 0.3125 -0.25
v -1 0.3125 -0.0625
v -0.0625 0.6875 -0.0625
v 0 0 -0.0625
v -0.0625 0 -0.0625
v -0.0625 0.6875 -0.25
v 0 0.3125 -0.0625
v 0 0.3125 -0.25
v -0.0625 0.3125 -0.25
v -0.0625 0.3125 -0.0625
v -0.9375 -0.0625 0.5
v -0.0625 1.875 -0.0625
v -0.0625 0.9375 -0.0625
v 0.9375 2 1
v 0.9375 2 0.0625
v 0.9375 -0.0625 0.0625
v 1.9375 2 1
v 1.9375 2 0.0625
v 1.9375 -0.0625 0.0609
v 1.9375 1 0.0625
v 0.9375 1 0.0625
v 1.9375 1 1
v 1.9375 -0.0625 1
v 0.9375 2 1.9375
v 1.9375 2 1.9375
v 1.9375 1 1.9375
v 1.9375 0 1.9375
v 0.9375 0 1.9375
v 0.9375 1 1.9375
v -0.0625 2 1
v -0.0625 2 0.0625
v -0.0625 -0.0625 1
v -0.0625 -0.0625 0.0625
v -0.0625 1 0.0625
v -0.0625 1 1
v -0.0625 2 1.9375
v -0.0625 1 1.9375
v 1.625 1.625 2.125
v 1.625 1.625 1.9375
v 1.625 0.5 2.125
v 1.625 0.5 1.9375
v 1.8125 1.625 2.125
v 1.8125 1.625 1.9375
v 1.8125 0.5 2.125
v 1.8125 0.5 1.9375
v 1.625 1.0625 2.125
v 1.8125 1.0625 2.125
v 1.8125 1.0625 1.9375
v 1.625 1.0625 1.9375
v 1.625 0.4375 2.125
v 1.625 0.3125 1.9375
v 1.8125 0.4375 2.125
v 1.8125 0.3125 1.9375
v 1.625 1.8125 2.125
v 1.625 1.8125 1.9375
v 0.6875 1.8125 2.125
v 0.6875 1.8125 1.9375
v 0.6875 1.625 2.125
v 0.6875 1.625 1.9375
v 0.6875 2.1875 2.125
v 0.6875 2.1875 1.9375
v 0.6875 2.3125 2.125
v 0.6875 2.375 1.9375
v 0.5 2.1875 2.125
v 0.5 2.1875 1.9375
v 0.5 2.3125 2.125
v 0.5 2.375 1.9375
v 0.5 1.8125 2.125
v 0.5 1.8125 1.9375
v 0.0625 2.1875 2.125
v 0.0625 2.1875 1.9375
v 0.0625 1.375 2.125
v 0.0625 1.375 1.9375
v 0.25 2.1875 2.125
v 0.25 2.1875 1.9375
v 0.25 1.375 2.125
v 0.25 1.375 1.9375
v 1.25 1.375 2.125
v 1.25 1.375 1.9375
v 1.25 1.1875 2.125
v 1.25 1.1875 1.9375
v 0.25 1.1875 2.125
v 0.25 1.1875 1.9375
v 1.25 0.5 2.125
v 1.25 0.5 1.9375
v 1.4375 1.1875 2.125
v 1.4375 1.1875 1.9375
v 1.4375 0.5 2.125
v 1.4375 0.5 1.9375
v 1.4375 1.3125 2.125
v 1.4375 1.3125 1.9375
v 1.25 0.4375 2.125
v 1.25 0.3125 1.9375
v 1.4375 0.4375 2.125
v 1.4375 0.3125 1.9375
v 1.8125 1.75 2.125
v 1.8125 1.75 1.9375
v 0.5 1.6875 2.125
v 0.5 1.6875 1.9375
v 0.0625 1.25 2.125
v 0.0625 1.25 1.9375
v 0.25 2.3125 2.125
v 0.25 2.375 1.9375
v 0.0625 2.3125 2.125
v 0.0625 2.375 1.9375
v 1.875 -0.0625 1.9375
v 1.875 -0.0625 1.875
v 3 -0.0625 1.9375
v 3 -0.0625 1.875
v 1.875 0 1.9375
v 1.875 0 1.875
v -1 -0.4992 -1
v -1 -1 -1
v -1 -0.5 0.5
v -1 -1 0.5
v 1 -0.5 -1
v 1 -1 -1
v 1 -1 0.5
v 3 -0.4992 -1
v 3 -1 -1
v 3 -0.5 0.5
v 3 -1 0.5
v 1 -0.5 2
v 1 -1 2
v -1 -0.4992 2
v -1 -1 2
v 3 -0.5 1.9375
v 3 -1 1.9375
v 1 -0.5 1.9375
v 1 -1 1.9375
v 1 -0.75 1.9375
v 3 -0.75 1.9375
v 2 -0.75 1.9375
v 2 -1 1.9375
v 2 -1 0.5
v 2 -0.5 1.9375
v -1 -0.5 -0.9375
v 3 -0.5 -0.9375
v -1 -0.5 1.9375
v -0.9375 -0.5 1.9375
v -0.9375 -0.5 -0.9375
v 2.9375 -0.5 1.9375
v 2.9375 -0.5 -0.9375
v 2.125 -0.0625 -1
v -1 0.0016 -0.875
v -1 -0.4969 -0.875
v -0.875 0.0031 -0.875
v -0.875 0.0016 -1
v -0.875 -0.4969 -0.875
v -0.875 -0.4969 -1
v -1 0.0031 2
v -1 0.0016 1.875
v -1 -0.4969 1.875
v -0.875 0.0016 2
v -0.875 0.0031 1.875
v -0.875 -0.4969 2
v -0.875 -0.4969 1.875
v -1 0 1.125
v -1 -0.0625 1.125
v -1 -0.0625 1.875
v -0.9375 0 1.125
v -0.9375 -0.0625 1.125
v -0.9375 0 1.875
v -0.9375 -0.0625 1.875
v -1 -0.0625 -0.875
v -1 0 0.125
v -1 -0.0625 0.125
v -0.9375 0 -0.875
v -0.9375 -0.0625 -0.875
v -0.9375 0 0.125
v -0.9375 -0.0625 0.125
v -0.875 -0.0625 -0.9375
v -0.875 -0.0625 -1
v 0.125 -0.0625 -0.9375
v 0.125 -0.0625 -1
v -0.875 0 -0.9375
v 0.125 0 -0.9375
v 0.125 0 -1
v 2.125 -0.0625 -0.9375
v 2.875 -0.0625 -0.9375
v 2.875 -0.0625 -1
v 2.125 0 -0.9375
v 2.125 0 -1
v 2.875 0 -0.9375
v 2.875 0.0016 -1
v 1.125 -0.0625 -0.9375
v 1.125 -0.0625 -1
v 1.125 0 -0.9375
v 1.125 0 -1
v 2.9375 -0.0625 -0.875
v 2.9375 0 0.125
v 2.9375 -0.0625 0.125
v 3 0.0016 -0.875
v 3 -0.0625 -0.875
v 3 0 0.125
v 3 -0.0625 0.125
v 2.9375 0 1.125
v 2.9375 -0.0625 1.125
v 3 0 1.125
v 3 -0.0625 1.125
v 2.9375 0 1.875
v 2.9375 -0.0625 1.875
v -0.875 -0.0625 2
v -0.875 -0.0625 1.9375
v 0.125 -0.0625 2
v 0.125 -0.0625 1.9375
v -0.875 0 1.9375
v 0.125 0 2
v 0.125 0 1.9375
v 1 -0.0625 2
v 1 -0.0625 1.9375
v 1 0 2
v 1 0 1.9375
v 2.9375 -0.5 0.5
v 2.9375 -0.0625 0.5
v 2.9375 -0.0625 1.9375
v 2 -0.0625 1.9375
v 2.9375 -0.25 0.5
v 2.9375 -0.25 1.9375
v 2 -0.25 1.9375
v 1 -0.25 1.9375
v 2.9375 -0.5625 -0.9375
v 2.9375 -0.0625 -0.9375
v 2.9375 -0.5625 0.5
v 1 -0.5625 -0.9375
v 1 -0.0625 -0.9375
v 2.9375 -0.3125 -0.9375
v 1 -0.3125 -0.9375
v 2.9375 -0.3125 0.5
v -0.9375 -0.5625 -0.9375
v -0.9375 -0.0625 -0.9375
v -0.9375 -0.5625 0.5
v -0.9375 -0.3125 -0.9375
v -0.9375 -0.3125 0.5
v 1 -0.5625 1.9375
v -0.9375 -0.5625 1.9375
v -0.9375 -0.0625 1.9375
v 1 -0.3125 1.9375
v -0.9375 -0.3125 1.9375
v 2.875 0.0031 -0.875
v 2.875 -0.4969 -0.875
v 2.875 -0.4969 -1
v 3 0.0016 -1
v 3 -0.4969 -0.875
v 3 -1 2
v 3 -0.875 2
v 2 -1 2
v 2 -0.875 2
v 2 -0.875 1.9375
v 1.875 -0.125 2
v 1.875 -0.125 1.9375
v 1.875 -0.875 2
v 1.875 -0.875 1.9375
v 2 -0.125 2
v 2.125 -0.125 2
v 2.125 -0.125 1.9375
v 2.125 -0.875 2
v 2.125 -0.875 1.9375
v 1 -0.875 2
v 1 -0.875 1.9375
v 1 -0.125 2
v 1 -0.125 1.9375
v 1.125 -0.125 2
v 1.125 -0.125 1.9375
v 1.125 -0.875 2
v 1.125 -0.875 1.9375
v 2 0 2
v 3 0 2
v 3 -0.125 2
v 2.875 -0.125 2
v 2.875 -0.875 2
v 2.25 -0.25 2.0125
v 2.25 -0.25 1.95
v 2.25 -0.75 2.0125
v 2.25 -0.75 1.95
v 2.75 -0.25 2.0125
v 2.75 -0.25 1.95
v 2.75 -0.75 2.0125
v 2.75 -0.75 1.95
v 1.25 -0.25 2.0125
v 1.25 -0.25 1.95
v 1.25 -0.75 2.0125
v 1.25 -0.75 1.95
v 1.75 -0.25 2.0125
v 1.75 -0.25 1.95
v 1.75 -0.75 2.0125
v 1.75 -0.75 1.95
v 0.0625 0.9969 -0.6812
v 0.0625 0.9344 -0.6812
v 0.0625 0.9969 0.0687
v 0.0625 0.9344 0.0687
v 1 0.9969 -0.6812
v 1 0.9344 -0.6812
v 1 0.9969 0.0687
v 0.5 0.9969 -0.6812
v 0.5 0.9969 0.0687
v 0.5 0.9344 0.0687
v 0.5 0.9344 -0.6812
v 0.0625 0.9554 -0.6431
v 0.0625 0.9998 -0.6874
v 0.0625 0.646 -0.9524
v 0.0617 0.6882 -0.9992
v 1 0.9554 -0.6431
v 1 0.9996 -0.6873
v 1 0.646 -0.9524
v 0.5625 0.9996 -0.6873
v 0.5609 0.6889 -0.9983
v 0.5625 0.646 -0.9524
v 0.5625 0.9554 -0.6431
v 1.9375 0.9969 -0.6812
v 1.9375 0.9344 -0.6812
v 1.9375 0.9969 0.0687
v 1.9375 0.9344 0.0687
v 1.4375 0.9969 -0.6812
v 1.4375 0.9969 0.0687
v 1.4375 0.9344 0.0687
v 1.4375 0.9344 -0.6812
v 1.9375 0.9554 -0.6431
v 1.9375 0.9998 -0.6874
v 1.9375 0.646 -0.9524
v 1.9367 0.6882 -0.9992
v 1.5 0.9996 -0.6873
v 1.4984 0.6889 -0.9983
v 1.5 0.646 -0.9524
v 1.5 0.9554 -0.6431
v 1.125 0.875 0
v 0.9969 0.5625 -0.9375
v 0.9969 0.5625 -1
v 1.9344 0.5625 -0.9375
v 1.9344 0.5625 -1
v 0.9969 0.6875 -0.9375
v 1.9344 0.6875 -0.9375
v 1.4969 0.5625 -1
v 1.4969 0.5625 -0.9375
v 1.4969 0.6875 -0.9375
v 0.0594 0.5625 -0.9375
v 0.0594 0.5625 -1
v 0.0594 0.6875 -0.9375
v 0.5594 0.5625 -0.9375
v 0.5594 0.6875 -0.9375
v 0.025 0.1875 0
v 0.025 0.1875 -0.125
v 0.9625 0.1875 0
v 0.9625 0.1875 -0.125
v 0.025 0.3125 0
v 0.025 0.3125 -0.125
v 0.9625 0.3125 0
v 0.9625 0.3125 -0.125
v 0.9 0.3438 -0.1562
v 0.9625 0.3438 -0.1562
v 0.9 0.1563 -0.1562
v 0.9625 0.1563 -0.1562
v 0.9 0.3438 0.0313
v 0.9625 0.3438 0.0313
v 0.9 0.1563 0.0313
v 0.9625 0.1563 0.0313
v 0.05 0.3438 -0.1562
v 0.1125 0.3438 -0.1562
v 0.05 0.1563 -0.1562
v 0.1125 0.1563 -0.1562
v 0.05 0.3438 0.0313
v 0.1125 0.3438 0.0313
v 0.05 0.1563 0.0313
v 0.1125 0.1563 0.0313
v 0.0625 0.1875 -0.75
v 0.0625 0 -0.75
v 0.0625 0.1875 -0.1875
v 0.0625 0 -0.1875
v 0.5625 0.1875 -0.75
v 0.5625 0 -0.75
v 0.5625 0.1875 -0.1875
v 0.5625 0 -0.1875
v 0.0625 0.1875 -0.4375
v 0.5625 0.1875 -0.4375
v 0.5625 0 -0.4375
v 0.0625 0 -0.4375
v 0.3125 0.1875 -0.4375
v 0.3125 0 -0.75
v 0.3125 0 -0.1875
v 0.3125 0.1875 -0.1875
v 0.625 0.8125 -0.0625
v 0.625 0.8125 -0.125
v 0.625 0.5625 -0.0625
v 0.625 0.5625 -0.125
v 0.875 0.8125 -0.0625
v 0.875 0.8125 -0.125
v 0.875 0.5625 -0.0625
v 0.875 0.5625 -0.125
v 0.1875 0.8125 -0.0625
v 0.1875 0.8125 -0.125
v 0.1875 0.4375 -0.0625
v 0.1875 0.4375 -0.125
v 0.5625 0.8125 -0.0625
v 0.5625 0.8125 -0.125
v 0.5625 0.4375 -0.0625
v 0.5625 0.4375 -0.125
v 0.125 0.875 0.0625
v 0.125 0.875 -0.0625
v 0.125 0.375 0.0625
v 0.125 0.375 -0.0625
v 0.875 0.875 0.0625
v 0.875 0.875 -0.0625
v 0.875 0.375 0.0625
v 0.875 0.375 -0.0625
v 0.875 0.625 -0.0625
v 0.125 0.625 -0.0625
v 0.125 0.625 0.0625
v 0.875 0.625 0.0625
v 0.5 0.625 -0.0625
v 0.5 0.375 -0.0625
v 0.5 0.375 0.0625
v 0.5 0.875 0.0625
v 0.5 0.875 -0.0625
v 0.6875 0.1563 -0.5625
v 0.6875 0.0313 -0.5625
v 0.6875 0.1563 0.0625
v 0.6875 0.0313 0.0625
v 0.8125 0.1563 -0.5625
v 0.8125 0.0313 -0.5625
v 0.8125 0.1563 0.0625
v 0.8125 0.0313 0.0625
v 0.9 0.1875 -0.7187
v 0.9625 0.1875 -0.7187
v 0.9 0 -0.7187
v 0.9625 0 -0.7187
v 0.9 0.1875 -0.5312
v 0.9625 0.1875 -0.5312
v 0.9 0 -0.5312
v 0.9625 0 -0.5312
v 0.8125 0.0313 -0.6875
v 1 0.0313 -0.5625
v 1 0.0313 -0.6875
v 0.8125 0.1563 -0.6875
v 1 0.1563 -0.5625
v 1 0.1563 -0.6875
v 0.75 0.1563 -0.6875
v 0.75 0.0313 -0.6875
v 0.8375 0.1875 -0.0312
v 0.8375 0.1875 0.0313
v 0.8375 0 -0.0312
v 0.8375 0 0.0313
v 0.65 0.1875 -0.0312
v 0.65 0.1875 0.0313
v 0.65 0 -0.0312
v 0.65 0 0.0313
v 0.9642 0.8282 -0.2962
v 0.9329 0.8282 -0.2962
v 0.9642 0.2705 -0.2228
v 0.9329 0.2705 -0.2228
v 0.9642 0.7711 -0.73
v 0.9329 0.7711 -0.73
v 0.9642 0.2134 -0.6565
v 0.9329 0.2134 -0.6565
v 0.9625 1 0.0625
v 1.025 1 0.0625
v 0.9625 0.6875 0.0625
v 1.025 0.6875 0.0625
v 0.9625 1 -0.6875
v 1.025 1 -0.6875
v 0.9625 0.6875 -1
v 1.025 0.6875 -1
v 0.9625 0 0.0625
v 1.025 0 0.0625
v 0.9625 0 -1
v 1.025 0 -1
v 2 1 0.0625
v 1.9375 0.6875 0.0625
v 2 0.6875 0.0625
v 2 1 -0.6875
v 2 0.6875 -1
v 2 0 0.0625
v 1.9375 0 -1
v 2 0 -1
v 1.5625 0.875 0
v 1.5625 0.875 -0.1875
v 1.5625 0.375 0
v 1.5625 0.375 -0.1875
v 1.9375 0.875 0
v 1.9375 0.875 -0.1875
v 1.9375 0.375 0
v 1.9375 0.375 -0.1875
v 1.125 0.875 -0.1875
v 1.125 0.375 0
v 1.125 0.375 -0.1875
v 1.5 0.875 0
v 1.5 0.875 -0.1875
v 1.5 0.375 0
v 1.5 0.375 -0.1875
v 1 0.25 0
v 1 0.25 -0.125
v 1.9375 0.25 0
v 1.9375 0.25 -0.125
v 1 0.375 0
v 1 0.375 -0.125
v 1.9375 0.375 -0.125
v 1.025 0.4063 -0.1562
v 1.0875 0.4063 -0.1562
v 1.025 0.2188 -0.1562
v 1.0875 0.2188 -0.1562
v 1.025 0.4063 0.0313
v 1.0875 0.4063 0.0313
v 1.025 0.2188 0.0313
v 1.0875 0.2188 0.0313
v 1.875 0.4063 -0.1562
v 1.9375 0.4063 -0.1562
v 1.875 0.2188 -0.1562
v 1.9375 0.2188 -0.1562
v 1.875 0.4063 0.0313
v 1.9375 0.4063 0.0313
v 1.875 0.2188 0.0313
v 1.9375 0.2188 0.0313
v 1.875 0.2188 -0.3437
v 1.9375 0.2188 -0.3437
v 1.875 0.0313 -0.3437
v 1.9375 0.0313 -0.3437
v 1.875 0.0313 -0.1562
v 1.9375 0.0313 -0.1562
v 1.875 0.1875 -0.7187
v 1.9375 0.1875 -0.7187
v 1.875 0 -0.7187
v 1.9375 0 -0.7187
v 1.875 0.1875 -0.5312
v 1.9375 0.1875 -0.5312
v 1.875 0 -0.5312
v 1.9375 0 -0.5312
v 1.875 0.1563 -0.5625
v 1.875 0.1563 -0.6875
v 1.0875 0.1563 -0.5625
v 1.0875 0.1563 -0.6875
v 1.875 0.0313 -0.5625
v 1.875 0.0313 -0.6875
v 1.0875 0.0313 -0.5625
v 1.0875 0.0313 -0.6875
v 1.025 0.1875 -0.7187
v 1.0875 0.1875 -0.7187
v 1.025 0 -0.7187
v 1.0875 0 -0.7187
v 1.025 0.1875 -0.5312
v 1.0875 0.1875 -0.5312
v 1.025 0 -0.5312
v 1.0875 0 -0.5312
v 1.6875 0.0625 -0.1875
v 1.6875 0.0625 -0.3125
v 1.875 0.0625 -0.1875
v 1.875 0.0625 -0.3125
v 1.6875 0.1875 -0.1875
v 1.6875 0.1875 -0.3125
v 1.875 0.1875 -0.1875
v 1.875 0.1875 -0.3125
v 1.5625 0.1875 -0.5
v 1.5625 0.0625 -0.5
v 1.5625 0.1875 -0.375
v 1.5625 0.0625 -0.375
v 1.625 0.1875 -0.5
v 1.625 0.0625 -0.5
v 1.6875 0.1875 -0.375
v 1.6875 0.0625 -0.375
v 1 0.0625 -0.375
v 1 0.0625 -0.5
v 1 0.1875 -0.375
v 1 0.1875 -0.5
v 1.625 0.1875 -0.1875
v 1.625 0.0625 -0.1875
v 1.5625 0.1875 -0.3125
v 1.5625 0.0625 -0.3125
v 1 0.0031 -0.9406
v 1 -0.0031 -0.9406
v 1 0.0031 0.0594
v 1 -0.0031 0.0594
v 1.9375 0 -0.9406
v 0.0625 0.0031 -0.9406
v 0.0625 -0.0031 -0.9406
v 0.0625 -0.0008 0.0602
v 0 1 0.0625
v 0.0625 1 0.0625
v 0 0.6875 0.0625
v 0.0625 0.6875 0.0625
v 0 1 -0.6875
v 0 0.6875 -1
v 0.0625 0 -1
v 2.0625 0.125 0.875
v 2.0625 0.125 0
v 2.9375 0.125 0.875
v 2.9375 0.125 0
v -0.0625 0 1.9375
v -1 0 0.9375
v -1 0 1.9375
v -1 0.9375 1.9375
v -1 0.9375 0.9375
v -0.0625 0.9375 1.9375
v -1 0.9375 -0.0625
v -1 1.875 0.9375
v -1 1.875 -0.0625
v -0.0625 1.875 0.9375
v -1 1.875 1.9375
v -0.0625 1.875 1.9375
v 2.875 -0.125 1.9375
v 3 -0.125 1.9375
v 2.875 -0.875 1.9375
v 3 -0.875 1.9375
v 2 0 1.9375
v 3 0 1.9375
v 2 -0.125 1.9375
v 3 0 -0.9375
v 3 0.125 0
v 2.0625 0.125 -0.9375
v 3 0.125 -0.9375
v 2 0.1875 -1
v 3 0.1875 -1
v 1.9438 -0.0625 1.875
v 1.9438 -0.0625 0.875
v 1.625 1 0.0625
v 1.625 2 0.0625
v 1.625 2 1
v 1.625 2 1.9375
v 1.625 1 1.9375
v 1.625 0 1.9375
v 1.625 -0.0625 0.0614
v 1.625 1.75 0.0625
v 0.9375 1.75 0.0625
v -0.0625 1.75 0.0625
v -0.0625 1.75 1
v -0.0625 1.75 1.9375
v 0.9375 1.75 1.9375
v 1.625 1.75 1.9375
v 1.9375 1.75 1.9375
v 1.9375 1.75 0.0625
v 0.9375 1.1875 0.0625
v 1.625 1.1875 0.0625
v 1.9375 1.1875 0.0625
v 1.9375 1.1875 1.9375
v 1.625 1.1875 1.9375
v 0.9375 1.1875 1.9375
v -0.0625 1.1875 1.9375
v -0.0625 1.1875 1
v -0.0625 1.1875 0.0625
v 1 1.1875 0.0625
v 1 1.75 0.0625
v 1 2 0.0625
v 1 2 1
v 1 2 1.9375
v 1 1.75 1.9375
v 1 1.1875 1.9375
v 1 1 1.9375
v 1 1 0.0625
v 1 -0.0625 0.0624
v 2 -0.125 0.0313
v -0.125 -0.125 0.0313
v 2 -0.125 0.9688
v -0.125 -0.125 0.9688
v 0.9375 -0.125 0.9688
v 0.9375 -0.125 0.0313
v 1.75 0.0625 0.875
v 1.75 0.0625 0.8125
v 1.75 -0.125 0.875
v 1.75 -0.125 0.8125
v 0.125 0.0625 0.875
v 0.125 0.0625 0.8125
v 0.125 -0.125 0.875
v 0.125 -0.125 0.8125
v 0.9375 0 1.75
v 0.9375 0 0.875
v 0.9375 -0.125 0.875
v -0.0625 0 1.75
v -0.0625 0 0.875
v -0.0625 -0.125 0.875
v 1.9375 0 1.75
v 1.9375 -0.125 0.875
v 0.125 0.9375 1.75
v 0.125 0.4375 1.75
v -0.0625 0.9375 1.75
v -0.0625 0.4375 1.75
v 0.125 0.9375 1.8125
v 0.125 0.4375 1.8125
v -0.0625 0.9375 1.8125
v -0.0625 0.4375 1.8125
v 0.125 0.9375 0.875
v 0.125 0.9375 0.8125
v 0.125 0.4375 0.875
v 0.125 0.4375 0.8125
v -0.0625 0.9375 0.875
v -0.0625 0.4375 0.875
v 0.125 1 0.8125
v -0.0625 1 0.8125
v -0.0625 0.9375 0.8125
v 0.0625 0.9375 1.7688
v 0.0625 0.9375 1.6063
v 0.0625 0.4375 1.7688
v 0.0625 0.4375 1.6063
v 0 0.9375 1.7688
v 0 0.9375 1.6063
v 0 0.4375 1.7688
v 0 0.4375 1.6063
v 0.0625 0.9375 1.5813
v 0.0625 0.9375 1.4188
v 0.0625 0.4375 1.5813
v 0.0625 0.4375 1.4188
v 0 0.9375 1.5813
v 0 0.9375 1.4188
v 0 0.4375 1.5813
v 0 0.4375 1.4188
v 0.0625 0.9375 1.3938
v 0.0625 0.9375 1.2313
v 0.0625 0.4375 1.3938
v 0.0625 0.4375 1.2313
v 0 0.9375 1.3938
v 0 0.9375 1.2313
v 0 0.4375 1.3938
v 0 0.4375 1.2313
v 0.0625 0.9375 1.2063
v 0.0625 0.9375 1.0438
v 0.0625 0.4375 1.2063
v 0.0625 0.4375 1.0438
v 0 0.9375 1.2063
v 0 0.9375 1.0438
v 0 0.4375 1.2063
v 0 0.4375 1.0438
v 0.0625 0.9375 1.0188
v 0.0625 0.9375 0.8563
v 0.0625 0.4375 1.0188
v 0.0625 0.4375 0.8563
v 0 0.9375 1.0188
v 0 0.9375 0.8563
v 0 0.4375 1.0188
v 0 0.4375 0.8563
v 0.125 1 1.8125
v -0.0625 1 1.8125
v -0.0625 0.4375 0.8125
v 0.125 -0.0625 0.875
v -0.0625 -0.0625 0.875
v 0.125 -0.0625 0.8125
v -0.0625 -0.0625 0.8125
v 0.125 -0.0625 1.75
v 0.125 -0.0625 1.8125
v -0.0625 -0.0625 1.75
v 0.125 -0.125 1.8125
v -0.0625 -0.125 1.8125
v -0.0625 -0.0625 1.8125
v 0.0625 -0.0625 0.8563
v 0.0625 -0.0625 1.0188
v 0 -0.0625 0.8563
v 0 -0.0625 1.0188
v 0.0625 -0.0625 1.0438
v 0.0625 -0.0625 1.2063
v 0 -0.0625 1.0438
v 0 -0.0625 1.2063
v 0.0625 -0.0625 1.2313
v 0.0625 -0.0625 1.3938
v 0 -0.0625 1.2313
v 0 -0.0625 1.3938
v 0.0625 -0.0625 1.4188
v 0.0625 -0.0625 1.5813
v 0 -0.0625 1.4188
v 0 -0.0625 1.5813
v 0.0625 -0.0625 1.6063
v 0.0625 -0.0625 1.7688
v 0 -0.0625 1.6063
v 0 -0.0625 1.7688
v -0.0625 -0.125 0.8125
v 1.75 0.9375 0.875
v 1.75 0.4375 0.875
v 1.9375 0.9375 0.875
v 1.9375 0.4375 0.875
v 1.75 0.9375 0.8125
v 1.75 0.4375 0.8125
v 1.9375 0.9375 0.8125
v 1.9375 0.4375 0.8125
v 1.75 0.9375 1.75
v 1.75 0.9375 1.8125
v 1.75 0.4375 1.75
v 1.75 0.4375 1.8125
v 1.9375 0.9375 1.75
v 1.9375 0.4375 1.75
v 1.75 1 1.8125
v 1.9375 1 1.8125
v 1.9375 0.9375 1.8125
v 1.8125 0.9375 0.8563
v 1.8125 0.9375 1.0188
v 1.8125 0.4375 0.8563
v 1.8125 0.4375 1.0188
v 1.875 0.9375 0.8563
v 1.875 0.9375 1.0188
v 1.875 0.4375 0.8563
v 1.875 0.4375 1.0188
v 1.8125 0.9375 1.0438
v 1.8125 0.9375 1.2063
v 1.8125 0.4375 1.0438
v 1.8125 0.4375 1.2063
v 1.875 0.9375 1.0438
v 1.875 0.9375 1.2063
v 1.875 0.4375 1.0438
v 1.875 0.4375 1.2063
v 1.8125 0.9375 1.2313
v 1.8125 0.9375 1.3938
v 1.8125 0.4375 1.2313
v 1.8125 0.4375 1.3938
v 1.875 0.9375 1.2313
v 1.875 0.9375 1.3938
v 1.875 0.4375 1.2313
v 1.875 0.4375 1.3938
v 1.8125 0.9375 1.4188
v 1.8125 0.9375 1.5813
v 1.8125 0.4375 1.4188
v 1.8125 0.4375 1.5813
v 1.875 0.9375 1.4188
v 1.875 0.9375 1.5813
v 1.875 0.4375 1.4188
v 1.875 0.4375 1.5813
v 1.8125 0.9375 1.6063
v 1.8125 0.9375 1.7688
v 1.8125 0.4375 1.6063
v 1.8125 0.4375 1.7688
v 1.875 0.9375 1.6063
v 1.875 0.9375 1.7688
v 1.875 0.4375 1.6063
v 1.875 0.4375 1.7688
v 1.75 1 0.8125
v 1.9375 1 0.8125
v 1.9375 0.4375 1.8125
v 1.75 -0.0625 1.75
v 1.9375 -0.0625 1.75
v 1.75 -0.0625 1.8125
v 1.9375 -0.0625 1.8125
v 1.75 -0.0625 0.875
v 1.75 -0.0625 0.8125
v 1.9375 -0.0625 0.875
v 1.9375 -0.125 0.8125
v 1.9375 -0.0625 0.8125
v 1.8125 -0.0625 1.7688
v 1.8125 -0.0625 1.6063
v 1.875 -0.0625 1.7688
v 1.875 -0.0625 1.6063
v 1.8125 -0.0625 1.5813
v 1.8125 -0.0625 1.4188
v 1.875 -0.0625 1.5813
v 1.875 -0.0625 1.4188
v 1.8125 -0.0625 1.3938
v 1.8125 -0.0625 1.2313
v 1.875 -0.0625 1.3938
v 1.875 -0.0625 1.2313
v 1.8125 -0.0625 1.2063
v 1.8125 -0.0625 1.0438
v 1.875 -0.0625 1.2063
v 1.875 -0.0625 1.0438
v 1.8125 -0.0625 1.0188
v 1.8125 -0.0625 0.8563
v 1.875 -0.0625 1.0188
v 1.875 -0.0625 0.8563
v 1.75 -0.125 1.8125
v 1.9375 -0.125 1.8125
v 1.75 0.125 1.8125
v 1.75 0.125 1.75
v 1.75 -0.125 1.75
v 1.125 0.125 1.8125
v 1.125 0.125 1.75
v 1.125 -0.125 1.8125
v 1.125 -0.125 1.75
v -0.0625 0.9375 0.0625
v -0.0625 0 0.0625
v -0.0625 1.875 0.0625
v 0 0.75 0.0625
v -0.0625 0.75 0.0625
v -0.0625 0.75 -0.0625
v 0.8125 2.9375 1.1875
v 0.8125 2.9375 1.8125
v 0.8125 2.5 1.1875
v 0.8125 2.5 1.8125
v 0.1875 2.9375 1.1875
v 0.1875 2.9375 1.8125
v 0.1875 2.5 1.1875
v 0.1875 2.5 1.8125
v 0.25 3 1.75
v 0.25 3 1.25
v 0.75 3 1.75
v 0.75 3 1.25
v 0.0625 2.5 1.9375
v 0.0625 2 1.9375
v 0.9375 2.5 1.9375
v 0.0625 2.5 1.125
v 0.0625 2 1.125
v 0.9375 2.5 1.125
v 0.9375 2 1.125
v 0.5 2.5 1.125
v 0.5 2 1.125
v 0.5 2 1.9375
v 0.5 2.5 1.9375
v 0.5 2.25 1.125
v 0.9375 2.25 1.125
v 0.9375 2.25 1.9375
v 0.5 2.25 1.9375
v 0.0625 2.25 1.9375
v 0.0625 2.25 1.125
v 0.9375 2.25 1.5625
v 0.9375 2 1.5625
v 0.0625 2 1.5625
v 0.0625 2.25 1.5625
v 0.0625 2.5 1.5625
v 0.5 2.5 1.5625
v 0.9375 2.5 1.5625
v 0.1875 2.1875 1.125
v 0.1875 2.1875 0.9375
v 0.375 2.1875 0.9375
v 0.375 2.1875 1.125
v 0.1875 2.3125 0.9375
v 0.375 2.3125 0.9375
v 0.375 2.375 1.125
v 0.1875 2.375 1.125
v 0.375 2 1.125
v 0.375 2 0.9375
v 0.1875 2 0.9375
v 0.1875 2 1.125
v 0.625 2.1875 0.9375
v 0.625 2 0.9375
v 0.4375 2 0.9375
v 0.4375 2.1875 0.9375
v 0.625 2.1875 1.125
v 0.625 2 1.125
v 0.625 2.3125 0.9375
v 0.625 2.375 1.125
v 0.4375 2.3125 0.9375
v 0.4375 2.375 1.125
v 0.4375 2.1875 1.125
v 0.4375 2 1.125
v 1.9187 1.9813 1.9156
v 1.9187 1.9813 0.0844
v 1.9187 -0.1062 1.9156
v 1.9187 -0.1062 0.0844
v -0.0438 1.9813 1.9156
v -0.0438 1.9813 0.0844
v -0.0438 -0.1062 1.9156
v -0.0438 -0.1062 0.0844
v 1.9187 1.9813 1
v 1.9187 -0.1062 1
v -0.0438 1.9813 1
v -0.0438 -0.1062 1
v 0.9375 1.9813 1.9156
v 0.9375 -0.1062 1.9156
v 0.9375 1.9813 1
v 0.9375 1.9813 0.0844
v 0.9375 -0.1062 0.0844
v -0.0438 -0.0812 1
v 0.9375 -0.0812 1
v 0.9375 -0.0812 1.9156
v -0.0438 -0.0812 1.9156
v 1.9187 -0.0812 1.9156
v 1.9187 -0.0812 1
v 2 0.1875 -0.9375
v 3 0.1875 -0.9375
v 3 0.0016 -0.9375
v 2 0 -0.9375
vt 0.1094 1
vt 0.2813 1
vt 0.2813 0.9531
vt 0.1094 0.9531
vt 0.1094 1
vt 0.2813 1
vt 0.2813 0.9531
vt 0.1094 0.9531
vt 0 1
vt 0.0156 1
vt 0.0156 0.8281
vt 0 0.8281
vt 0.1094 1
vt 0.125 1
vt 0.125 0.9531
vt 0.1094 0.9531
vt 0.1094 1
vt 0.2813 1
vt 0.2813 0.9531
vt 0.1094 0.9531
vt 0 1
vt 0.0156 1
vt 0.0156 0.8281
vt 0 0.8281
vt 0.1094 1
vt 0.125 1
vt 0.125 0.9531
vt 0.1094 0.9531
vt 0.7188 0.2656
vt 0.7344 0.2656
vt 0.7344 0.2188
vt 0.7188 0.2188
vt 0.7188 0.2656
vt 0.7344 0.2656
vt 0.7344 0.2188
vt 0.7188 0.2188
vt 0.7031 0.2188
vt 0.7031 0.2656
vt 0.6875 0.2656
vt 0.6875 0.2188
vt 0.7188 0.2656
vt 0.7188 0.2188
vt 0.7344 0.2188
vt 0.7344 0.2656
vt 0.6875 0.2656
vt 0.7344 0.2656
vt 0.7344 0.2188
vt 0.6875 0.2188
vt 0 0.2344
vt 0.2344 0.2344
vt 0.2344 0
vt 0 0
vt 0.2344 0.2344
vt 0.4688 0.2344
vt 0.4688 0
vt 0.2344 0
vt 0.9375 0.0625
vt 0.0625 0.0625
vt 0.0625 0.9375
vt 0.9375 0.9375
vt 0.0625 0.875
vt 0.9375 0.875
vt 0.9375 1
vt 0.0625 1
vt 0.8594 0.6094
vt 0.875 0.6094
vt 0.875 0.4844
vt 0.8594 0.4844
vt 0.8438 0.6094
vt 0.8594 0.6094
vt 0.8594 0.4844
vt 0.8438 0.4844
vt 0.75 0.6094
vt 0.875 0.6094
vt 0.875 0.5938
vt 0.75 0.5938
vt 0.75 0.5
vt 0.875 0.5
vt 0.875 0.4844
vt 0.75 0.4844
vt 0.375 0.6094
vt 0.5 0.6094
vt 0.5 0.4844
vt 0.375 0.4844
vt 0.0781 0.7344
vt 0.0625 0.7344
vt 0.0625 0.6875
vt 0.0781 0.6875
vt 0.0156 0.7344
vt 0 0.7344
vt 0 0.6875
vt 0.0156 0.6875
vt 0 0.7344
vt 0.0625 0.7344
vt 0.0625 0.75
vt 0 0.75
vt 0.0625 0.7344
vt 0 0.7344
vt 0 0.6875
vt 0.0625 0.6875
vt 0.1094 1
vt 0.2813 1
vt 0.2813 0.9531
vt 0.1094 0.9531
vt 0.1875 1
vt 0.4063 1
vt 0.4063 0.9531
vt 0.1875 0.9531
vt 0.1875 1
vt 0.4063 1
vt 0.4063 0.9531
vt 0.1875 0.9531
vt 0 1
vt 0.0156 1
vt 0.0156 0.7813
vt 0 0.7813
vt 0.1094 1
vt 0.2813 1
vt 0.2813 0.9531
vt 0.1094 0.9531
vt 0.1094 1
vt 0.2813 1
vt 0.2813 0.9531
vt 0.1094 0.9531
vt 0 1
vt 0.0156 1
vt 0.0156 0.8281
vt 0 0.8281
vt 0.1406 1
vt 0.375 1
vt 0.375 0.9531
vt 0.1406 0.9531
vt 0.1094 1
vt 0.2813 1
vt 0.2813 0.9531
vt 0.1094 0.9531
vt 0.1094 1
vt 0.2813 1
vt 0.2813 0.9531
vt 0.1094 0.9531
vt 0 1
vt 0.0156 1
vt 0.0156 0.8281
vt 0 0.8281
vt 0.1094 1
vt 0.125 1
vt 0.125 0.9531
vt 0.1094 0.9531
vt 0.0781 0.7344
vt 0.0625 0.7344
vt 0.0625 0.6875
vt 0.0781 0.6875
vt 0.0156 0.7344
vt 0 0.7344
vt 0 0.6875
vt 0.0156 0.6875
vt 0.0156 0.7344
vt 0.0781 0.7344
vt 0.0781 0.75
vt 0.0156 0.75
vt 0.125 0.7344
vt 0.0625 0.7344
vt 0.0625 0.6875
vt 0.125 0.6875
vt 0.5781 0.9063
vt 0.5625 0.9063
vt 0.5625 1
vt 0.5781 1
vt 0.6094 0.9063
vt 0.5625 0.9063
vt 0.5625 1
vt 0.6094 1
vt 0.5469 0.9063
vt 0.5 0.9063
vt 0.5 1
vt 0.5469 1
vt 0.5625 0.8281
vt 0.6094 0.8281
vt 0.6094 0.75
vt 0.5625 0.75
vt 0.5625 0.9063
vt 0.5781 0.9063
vt 0.5781 0.8281
vt 0.5625 0.8281
vt 0.5 0.8281
vt 0.5469 0.8281
vt 0.5469 0.75
vt 0.5 0.75
vt 0.5625 1
vt 0.5781 1
vt 0.5781 0.75
vt 0.5625 0.75
vt 0.5625 1
vt 0.6094 1
vt 0.6094 0.9844
vt 0.5625 0.9844
vt 0.5625 1
vt 0.6094 1
vt 0.6094 0.9844
vt 0.5625 0.9844
vt 0.5625 1
vt 0.6094 1
vt 0.6094 0.75
vt 0.5625 0.75
vt 0.5 1
vt 0.5469 1
vt 0.5469 0.75
vt 0.5 0.75
vt 0.5781 0.9063
vt 0.5625 0.9063
vt 0.5625 1
vt 0.5781 1
vt 0.6094 0.9063
vt 0.5625 0.9063
vt 0.5625 1
vt 0.6094 1
vt 0.5625 0.8281
vt 0.6094 0.8281
vt 0.6094 0.75
vt 0.5625 0.75
vt 0.5625 0.9063
vt 0.5781 0.9063
vt 0.5781 0.8281
vt 0.5625 0.8281
vt 0.5 0.8281
vt 0.5469 0.8281
vt 0.5469 0.75
vt 0.5 0.75
vt 0.5469 0.9063
vt 0.5 0.9063
vt 0.5 1
vt 0.5469 1
vt 0.5 0.0156
vt 0.75 0.0156
vt 0.75 0
vt 0.5 0
vt 0.5 0.25
vt 0.75 0.25
vt 0.75 0
vt 0.5 0
vt 0.5 0.0156
vt 0.75 0.0156
vt 0.75 0
vt 0.5 0
vt 0 0.2656
vt 0.25 0.2656
vt 0.25 0.25
vt 0 0.25
vt 0.25 0.25
vt 0 0.25
vt 0 0.5
vt 0.25 0.5
vt 0.75 0.0156
vt 0.5 0.0156
vt 0.5 0.2656
vt 0.75 0.2656
vt 0.75 0.0156
vt 0.5 0.0156
vt 0.5 0.2656
vt 0.75 0.2656
vt 0.0781 0.7344
vt 0.0625 0.7344
vt 0.0625 0.6875
vt 0.0781 0.6875
vt 0.0156 0.7344
vt 0 0.7344
vt 0 0.6875
vt 0.0156 0.6875
vt 0.0156 0.7344
vt 0.0781 0.7344
vt 0.0781 0.75
vt 0.0156 0.75
vt 0.0625 0.7344
vt 0 0.7344
vt 0 0.6875
vt 0.0625 0.6875
vt 0.5625 1
vt 0.5781 1
vt 0.5781 0.75
vt 0.5625 0.75
vt 0.5625 1
vt 0.6094 1
vt 0.6094 0.9844
vt 0.5625 0.9844
vt 0.5625 1
vt 0.6094 1
vt 0.6094 0.9844
vt 0.5625 0.9844
vt 0.5625 1
vt 0.6094 1
vt 0.6094 0.75
vt 0.5625 0.75
vt 0.5 1
vt 0.5469 1
vt 0.5469 0.75
vt 0.5 0.75
vt 0.5781 0.9063
vt 0.5625 0.9063
vt 0.5625 1
vt 0.5781 1
vt 0.5625 1
vt 0.6094 1
vt 0.6094 0.9844
vt 0.5625 0.9844
vt 0.6094 0.9063
vt 0.5625 0.9063
vt 0.5625 1
vt 0.6094 1
vt 0.5469 0.9063
vt 0.5 0.9063
vt 0.5 1
vt 0.5469 1
vt 0.5625 0.8281
vt 0.6094 0.8281
vt 0.6094 0.75
vt 0.5625 0.75
vt 0.5625 0.9063
vt 0.5781 0.9063
vt 0.5781 0.8281
vt 0.5625 0.8281
vt 0.5 0.8281
vt 0.5469 0.8281
vt 0.5469 0.75
vt 0.5 0.75
vt 0.5781 0.9063
vt 0.5625 0.9063
vt 0.5625 1
vt 0.5781 1
vt 0.5625 1
vt 0.6094 1
vt 0.6094 0.9844
vt 0.5625 0.9844
vt 0.5625 1
vt 0.6094 1
vt 0.6094 0.9844
vt 0.5625 0.9844
vt 0.6094 0.9063
vt 0.5625 0.9063
vt 0.5625 1
vt 0.6094 1
vt 0.5469 0.9063
vt 0.5 0.9063
vt 0.5 1
vt 0.5469 1
vt 0.5625 0.8281
vt 0.6094 0.8281
vt 0.6094 0.75
vt 0.5625 0.75
vt 0.5625 0.9063
vt 0.5781 0.9063
vt 0.5781 0.8281
vt 0.5625 0.8281
vt 0.5 0.8281
vt 0.5469 0.8281
vt 0.5469 0.75
vt 0.5 0.75
vt 0.25 0.4844
vt 0.2344 0.4844
vt 0.2344 0.25
vt 0.25 0.25
vt 0.25 0.9375
vt 0.2344 0.9375
vt 0.2344 0.7969
vt 0.25 0.7969
vt 0.75 0.25
vt 0.7344 0.25
vt 0.7344 0
vt 0.75 0
vt 0.75 0.5
vt 0.5156 0.5
vt 0.5156 0.25
vt 0.75 0.25
vt 0.25 1
vt 0.2344 1
vt 0.2344 0.7656
vt 0.25 0.7656
vt 0 1
vt 0.0156 1
vt 0.0156 0.75
vt 0 0.75
vt 0.5 0.7969
vt 0.5156 0.7969
vt 0.5156 0.9375
vt 0.5 0.9375
vt 0 0.9375
vt 0 0.7969
vt 0.2344 0.7969
vt 0.2344 0.9375
vt 0.5 0.25
vt 0.75 0.25
vt 0.75 0.4844
vt 0.5 0.4844
vt 0.5 0.9375
vt 0.5 0.7969
vt 0.75 0.7969
vt 0.75 0.9375
vt 0.7656 0.25
vt 0.5156 0.25
vt 0.5156 0
vt 0.7656 0
vt 0.2344 0.75
vt 0 0.75
vt 0 0.5
vt 0.2344 0.5
vt 0.5 0.7656
vt 0.75 0.7656
vt 0.75 1
vt 0.5 1
vt 0.5156 0.9375
vt 0.5156 0.7969
vt 0.75 0.7969
vt 0.75 0.9375
vt 0 0.9375
vt 0 0.7969
vt 0.25 0.7969
vt 0.25 0.9375
vt 0.25 0.5
vt 0 0.5
vt 0 0.25
vt 0.25 0.25
vt 0.75 0.75
vt 0.5156 0.75
vt 0.5156 0.5
vt 0.75 0.5
vt 0.5 0.4375
vt 0.3125 0.4375
vt 0.3125 1
vt 0.5 1
vt 0.5 0.4375
vt 0.3125 0.4375
vt 0.3125 1
vt 0.5 1
vt 0.5 0.4375
vt 0.3125 0.4375
vt 0.3125 1
vt 0.5 1
vt 0.3125 0.5625
vt 0.5 0.5625
vt 0.5 0
vt 0.3125 0
vt 0.3125 0.5625
vt 0.5 0.5625
vt 0.5 0
vt 0.3125 0
vt 0.3125 0.5625
vt 0.5 0.5625
vt 0.5 0
vt 0.3125 0
vt 0.8133 0.1242
vt 1 0.1258
vt 0.9992 0.3133
vt 0.8117 0.3117
vt 1 0.1258
vt 0.9992 0.3133
vt 0.8117 0.3117
vt 0.8133 0.1242
vt 0.3125 0.5
vt 0.5 0.5
vt 0.5 0.3125
vt 0.3125 0.3125
vt 0.3125 0.5
vt 0.5 0.5
vt 0.5 0.4375
vt 0.3125 0.4375
vt 0.3125 0.9375
vt 0.5 0.9375
vt 0.5 0
vt 0.3125 0
vt 0.3125 0.9375
vt 0.5 0.9375
vt 0.5 0
vt 0.3125 0
vt 0.3125 0.9375
vt 0.5 0.9375
vt 0.5 0
vt 0.3125 0
vt 0.9992 0.3133
vt 1 0.1258
vt 0.8133 0.1242
vt 0.8117 0.3117
vt 0.9992 0.1242
vt 0.8117 0.1258
vt 0.8133 0.3133
vt 1 0.3117
vt 0.3125 0.5625
vt 0.5 0.5625
vt 0.5 0.375
vt 0.3125 0.375
vt 0.3125 0.5
vt 0.5 0.5
vt 0.5 0.375
vt 0.3125 0.375
vt 0.3125 0.8125
vt 0.5 0.8125
vt 0.5 0.4375
vt 0.3125 0.4375
vt 0.3125 0.8125
vt 0.5 0.8125
vt 0.5 0.4375
vt 0.3125 0.4375
vt 0.3125 0.625
vt 0.5 0.625
vt 0.5 0.4375
vt 0.3125 0.4375
vt 0.3125 0.8125
vt 0.5 0.8125
vt 0.5 0.4375
vt 0.3125 0.4375
vt 0.3125 0.8125
vt 0.5 0.8125
vt 0.5 0
vt 0.3125 0
vt 0.3125 0.8125
vt 0.5 0.8125
vt 0.5 0
vt 0.3125 0
vt 0.3125 0.1875
vt 0.5 0.1875
vt 0.5 0
vt 0.3125 0
vt 0.3125 0.8125
vt 0.5 0.8125
vt 0.5 0
vt 0.3125 0
vt 0.3125 1
vt 0.5 1
vt 0.5 0
vt 0.3125 0
vt 0.3125 1
vt 0.5 1
vt 0.5 0
vt 0.3125 0
vt 0.3125 1
vt 0.5 1
vt 0.5 0
vt 0.3125 0
vt 0.3125 1
vt 0.5 1
vt 0.5 0.3125
vt 0.3125 0.3125
vt 0.3125 1
vt 0.5 1
vt 0.5 0.3125
vt 0.3125 0.3125
vt 0.3125 1
vt 0.5 1
vt 0.5 0.3125
vt 0.3125 0.3125
vt 0.3125 0.4375
vt 0.5 0.4375
vt 0.5 0.3125
vt 0.3125 0.3125
vt 0.3125 0.3125
vt 0.3125 0.5
vt 0.5 0.5
vt 0.5 0.3125
vt 0.8125 0.3125
vt 1 0.3125
vt 1 0.125
vt 0.8125 0.125
vt 0.8133 0.1242
vt 1 0.1258
vt 0.9992 0.3133
vt 0.8117 0.3117
vt 1 0.1258
vt 0.9992 0.3133
vt 0.8117 0.3117
vt 0.8133 0.1242
vt 0.3125 0.5
vt 0.5 0.5
vt 0.5 0.3125
vt 0.3125 0.3125
vt 0.3125 0.5
vt 0.5 0.5
vt 0.5 0.4375
vt 0.3125 0.4375
vt 0.3125 0.4375
vt 0.5 0.4375
vt 0.5 0.3125
vt 0.3125 0.3125
vt 0.3125 0.3125
vt 0.3125 0.5
vt 0.5 0.5
vt 0.5 0.3125
vt 0.8125 0.3125
vt 1 0.3125
vt 1 0.125
vt 0.8125 0.125
vt 0.3125 0.4375
vt 0.5 0.4375
vt 0.5 0.3125
vt 0.3125 0.3125
vt 0.3125 0.3125
vt 0.3125 0.5
vt 0.5 0.5
vt 0.5 0.3125
vt 0.8125 0.3125
vt 1 0.3125
vt 1 0.125
vt 0.8125 0.125
vt 0.3125 0.4375
vt 0.5 0.4375
vt 0.5 0.3125
vt 0.3125 0.3125
vt 0.3125 0.3125
vt 0.3125 0.5
vt 0.5 0.5
vt 0.5 0.3125
vt 0.8125 0.3125
vt 1 0.3125
vt 1 0.125
vt 0.8125 0.125
vt 0.9992 0.3133
vt 1 0.1258
vt 0.8133 0.1242
vt 0.8117 0.3117
vt 0.9992 0.1242
vt 0.8117 0.1258
vt 0.8133 0.3133
vt 1 0.3117
vt 0.3125 0.5625
vt 0.5 0.5625
vt 0.5 0.375
vt 0.3125 0.375
vt 0.3125 0.5
vt 0.5 0.5
vt 0.5 0.375
vt 0.3125 0.375
vt 0.9844 0.5
vt 1 0.5
vt 1 0.2188
vt 0.9844 0.2188
vt 0.9844 0.5
vt 1 0.5
vt 1 0.2188
vt 0.9844 0.2188
vt 0.9844 0.4844
vt 1 0.4844
vt 1 0.4688
vt 0.9844 0.4688
vt 0.9844 0.4844
vt 1 0.4844
vt 1 0.4688
vt 0.9844 0.4688
vt 0.9844 0.5
vt 1 0.5
vt 1 0.2188
vt 0.9844 0.2188
vt 0.9844 0.5
vt 1 0.5
vt 1 0.2188
vt 0.9844 0.2188
vt 0 1
vt 0.5 1
vt 0.5 0.625
vt 0 0.625
vt 0.375 0.875
vt 0 0.875
vt 0 1
vt 0.375 1
vt 1 0.875
vt 0.5 0.875
vt 0.5 1
vt 1 1
vt 0.25 1
vt 0.75 1
vt 0.75 0.625
vt 0.25 0.625
vt 1 0.875
vt 0.625 0.875
vt 0.625 1
vt 1 1
vt 0.5 0.875
vt 0 0.875
vt 0 1
vt 0.5 1
vt 0.25 1
vt 0.75 1
vt 0.75 0.625
vt 0.25 0.625
vt 1 0.875
vt 0.625 0.875
vt 0.625 1
vt 1 1
vt 0.5 0.875
vt 0 0.875
vt 0 1
vt 0.5 1
vt 1 0.0625
vt 1 0
vt 0.75 0
vt 0.75 0.0625
vt 0.25 1
vt 0.25 0.625
vt 0 0.625
vt 0 1
vt 0.3594 0.875
vt 0 0.875
vt 0 1
vt 0.3594 1
vt 1 0.1563
vt 1 0.0938
vt 0.75 0.0938
vt 0.75 0.1563
vt 0.75 0
vt 0.75 0.0625
vt 1 0.0625
vt 1 0
vt 0.25 0.625
vt 0.25 1
vt 0.5 1
vt 0.5 0.625
vt 0.75 0.0938
vt 0.75 0.1563
vt 1 0.1563
vt 1 0.0938
vt 1 0.25
vt 1 0.2656
vt 0 0.2656
vt 0 0.25
vt 0.75 0.25
vt 0.75 0.2656
vt 0.25 0.2656
vt 0.25 0.25
vt 0.7188 0.25
vt 0.7188 0.2656
vt 0 0.2656
vt 0 0.25
vt 0.7188 0.25
vt 0.7188 0.2656
vt 0 0.2656
vt 0 0.25
vt 0.7656 0.5469
vt 0.7344 0.5469
vt 0.7344 0.4219
vt 0.7656 0.4219
vt 0.7656 0.5625
vt 0.7344 0.5625
vt 0.7344 0.4375
vt 0.7656 0.4375
vt 0.7344 0.5625
vt 0.7656 0.5625
vt 0.7656 0.5938
vt 0.7344 0.5938
vt 0.7031 0.5781
vt 0.7344 0.5781
vt 0.7344 0.5469
vt 0.7031 0.5469
vt 0.7656 0.5469
vt 0.7344 0.5469
vt 0.7344 0.4219
vt 0.7656 0.4219
vt 0.7656 0.5625
vt 0.7344 0.5625
vt 0.7344 0.4375
vt 0.7656 0.4375
vt 0.7656 0.5469
vt 0.7344 0.5469
vt 0.7344 0.4219
vt 0.7656 0.4219
vt 0.7656 0.5625
vt 0.7344 0.5625
vt 0.7344 0.4375
vt 0.7656 0.4375
vt 0.6719 0.5469
vt 0.7031 0.5469
vt 0.7031 0.5781
vt 0.6719 0.5781
vt 0.7031 0.5781
vt 0.7344 0.5781
vt 0.7344 0.5469
vt 0.7031 0.5469
vt 0.7656 0.5469
vt 0.7344 0.5469
vt 0.7344 0.4219
vt 0.7656 0.4219
vt 0.7656 0.5625
vt 0.7344 0.5625
vt 0.7344 0.4375
vt 0.7656 0.4375
vt 0.9844 0.4688
vt 1 0.4688
vt 1 0.2813
vt 0.9844 0.2813
vt 0.9844 0.4688
vt 1 0.4688
vt 1 0.2813
vt 0.9844 0.2813
vt 0.9844 0.4844
vt 1 0.4844
vt 1 0.4688
vt 0.9844 0.4688
vt 0.9844 0.4688
vt 1 0.4688
vt 1 0.2813
vt 0.9844 0.2813
vt 0.9844 0.4688
vt 1 0.4688
vt 1 0.2813
vt 0.9844 0.2813
vt 0.9844 0.4688
vt 1 0.4688
vt 1 0.2188
vt 0.9844 0.2188
vt 0.9844 0.4688
vt 1 0.4688
vt 1 0.2188
vt 0.9844 0.2188
vt 0.9844 0.4844
vt 1 0.4844
vt 1 0.4688
vt 0.9844 0.4688
vt 0.9844 0.4688
vt 1 0.4688
vt 1 0.2188
vt 0.9844 0.2188
vt 0.9844 0.4688
vt 1 0.4688
vt 1 0.2188
vt 0.9844 0.2188
vt 0.9844 0.4688
vt 1 0.4688
vt 1 0.2188
vt 0.9844 0.2188
vt 0.9844 0.4688
vt 1 0.4688
vt 1 0.2188
vt 0.9844 0.2188
vt 0.9844 0.4688
vt 1 0.4688
vt 1 0.2188
vt 0.9844 0.2188
vt 0.9844 0.4688
vt 1 0.4688
vt 1 0.2188
vt 0.9844 0.2188
vt 0.9844 0.7188
vt 1 0.7188
vt 1 0.4688
vt 0.9844 0.4688
vt 0.9844 0.7188
vt 1 0.7188
vt 1 0.4688
vt 0.9844 0.4688
vt 0.9844 0.7344
vt 1 0.7344
vt 1 0.7188
vt 0.9844 0.7188
vt 0.9844 0.7188
vt 1 0.7188
vt 1 0.4688
vt 0.9844 0.4688
vt 0.9844 0.7188
vt 1 0.7188
vt 1 0.4688
vt 0.9844 0.4688
vt 0.9844 0.4688
vt 1 0.4688
vt 1 0.2813
vt 0.9844 0.2813
vt 0.9844 0.4688
vt 1 0.4688
vt 1 0.2813
vt 0.9844 0.2813
vt 0.9844 0.4844
vt 1 0.4844
vt 1 0.4688
vt 0.9844 0.4688
vt 0.9844 0.4688
vt 1 0.4688
vt 1 0.2813
vt 0.9844 0.2813
vt 0.9844 0.4688
vt 1 0.4688
vt 1 0.2813
vt 0.9844 0.2813
vt 0.9844 0.4688
vt 1 0.4688
vt 1 0.2188
vt 0.9844 0.2188
vt 0.9844 0.4688
vt 1 0.4688
vt 1 0.2188
vt 0.9844 0.2188
vt 0.9844 0.4688
vt 1 0.4688
vt 1 0.2188
vt 0.9844 0.2188
vt 0.9844 0.4688
vt 1 0.4688
vt 1 0.2188
vt 0.9844 0.2188
vt 0.9844 0.4688
vt 1 0.4688
vt 1 0.2188
vt 0.9844 0.2188
vt 0.9844 0.4688
vt 1 0.4688
vt 1 0.2188
vt 0.9844 0.2188
vt 0.9844 0.4844
vt 1 0.4844
vt 1 0.4688
vt 0.9844 0.4688
vt 0.9844 0.4688
vt 1 0.4688
vt 1 0.2188
vt 0.9844 0.2188
vt 0.9844 0.4688
vt 1 0.4688
vt 1 0.2188
vt 0.9844 0.2188
vt 0.9844 0.4688
vt 1 0.4688
vt 1 0.2188
vt 0.9844 0.2188
vt 0.9844 0.4688
vt 1 0.4688
vt 1 0.2188
vt 0.9844 0.2188
vt 0.9844 0.4688
vt 1 0.4688
vt 1 0.2188
vt 0.9844 0.2188
vt 0.9844 0.4688
vt 1 0.4688
vt 1 0.2188
vt 0.9844 0.2188
vt 0.9844 0.4688
vt 1 0.4688
vt 1 0.2813
vt 0.9844 0.2813
vt 0.9844 0.4688
vt 1 0.4688
vt 1 0.2813
vt 0.9844 0.2813
vt 0.9844 0.4844
vt 1 0.4844
vt 1 0.4688
vt 0.9844 0.4688
vt 0.9844 0.4688
vt 1 0.4688
vt 1 0.2813
vt 0.9844 0.2813
vt 0.9844 0.4688
vt 1 0.4688
vt 1 0.2813
vt 0.9844 0.2813
vt 0.9844 0.4688
vt 1 0.4688
vt 1 0.2188
vt 0.9844 0.2188
vt 0.9844 0.4688
vt 1 0.4688
vt 1 0.2188
vt 0.9844 0.2188
vt 0.9844 0.4688
vt 1 0.4688
vt 1 0.2188
vt 0.9844 0.2188
vt 0.9844 0.4688
vt 1 0.4688
vt 1 0.2188
vt 0.9844 0.2188
vt 0.9844 0.4688
vt 1 0.4688
vt 1 0.2188
vt 0.9844 0.2188
vt 0.9844 0.4688
vt 1 0.4688
vt 1 0.2188
vt 0.9844 0.2188
vt 0.9844 0.4844
vt 1 0.4844
vt 1 0.4688
vt 0.9844 0.4688
vt 0.9844 0.4688
vt 1 0.4688
vt 1 0.2188
vt 0.9844 0.2188
vt 0.9844 0.4688
vt 1 0.4688
vt 1 0.2188
vt 0.9844 0.2188
vt 0.9844 0.4688
vt 1 0.4688
vt 1 0.25
vt 0.9844 0.25
vt 0.9844 0.4688
vt 1 0.4688
vt 1 0.25
vt 0.9844 0.25
vt 0.9844 0.4688
vt 1 0.4688
vt 1 0.25
vt 0.9844 0.25
vt 0.9844 0.4688
vt 1 0.4688
vt 1 0.25
vt 0.9844 0.25
vt 1 0.0536
vt 0.75 0.0536
vt 0.75 0.125
vt 1 0.125
vt 1 0.0536
vt 0.7656 0.0536
vt 0.7656 0.125
vt 1 0.125
vt 0.2188 0.2969
vt 0.5781 0.2969
vt 0.5781 0.25
vt 0.2188 0.25
vt 0.75 0.0536
vt 1 0.0536
vt 1 0
vt 0.75 0
vt 0.6875 0.9375
vt 0.3281 0.9375
vt 0.3281 1
vt 0.6875 1
vt 0.7656 0.0536
vt 1 0.0536
vt 1 0
vt 0.7656 0
vt 0.1094 0.3125
vt 0.4688 0.3125
vt 0.4688 0.25
vt 0.1094 0.25
vt 0.0938 0.3125
vt 0.5781 0.3125
vt 0.5781 0.25
vt 0.0938 0.25
vt 0.6563 0.9375
vt 0.1719 0.9375
vt 0.1719 1
vt 0.6563 1
vt 0.5156 0.9375
vt 0.1563 0.9375
vt 0.1563 1
vt 0.5156 1
vt 0.1875 0.3125
vt 0.5469 0.3125
vt 0.5469 0.25
vt 0.1875 0.25
vt 0.1094 0.3125
vt 0.5938 0.3125
vt 0.5938 0.25
vt 0.1094 0.25
vt 0.5469 0.9375
vt 0.1875 0.9375
vt 0.1875 1
vt 0.5469 1
vt 0.625 0.9375
vt 0.1406 0.9375
vt 0.1406 1
vt 0.625 1
vt 0.5156 0.9375
vt 0.1563 0.9375
vt 0.1563 1
vt 0.5156 1
vt 0.6406 0.9375
vt 0.1563 0.9375
vt 0.1563 1
vt 0.6406 1
vt 0.0938 0.3125
vt 0.5781 0.3125
vt 0.5781 0.25
vt 0.0938 0.25
vt 0.1406 0.3125
vt 0.5 0.3125
vt 0.5 0.25
vt 0.1406 0.25
vt 0.7656 0.5469
vt 0.7344 0.5469
vt 0.7344 0.4219
vt 0.7656 0.4219
vt 0.7656 0.5625
vt 0.7344 0.5625
vt 0.7344 0.4375
vt 0.7656 0.4375
vt 0.7344 0.5625
vt 0.7656 0.5625
vt 0.7656 0.5938
vt 0.7344 0.5938
vt 0.7031 0.5781
vt 0.7344 0.5781
vt 0.7344 0.5469
vt 0.7031 0.5469
vt 0.7656 0.5469
vt 0.7344 0.5469
vt 0.7344 0.4219
vt 0.7656 0.4219
vt 0.7656 0.5625
vt 0.7344 0.5625
vt 0.7344 0.4375
vt 0.7656 0.4375
vt 0 1
vt 0.0156 1
vt 0.0156 0.9688
vt 0 0.9688
vt 0 1
vt 0.25 1
vt 0.25 0.9844
vt 0 0.9844
vt 0.1563 0.9063
vt 0.4063 0.9063
vt 0.4063 0.8906
vt 0.1563 0.8906
vt 0.5 0.2656
vt 0.75 0.2656
vt 0.75 0.2344
vt 0.5 0.2344
vt 0.125 0.875
vt 0.1406 0.875
vt 0.1406 0.6875
vt 0.125 0.6875
vt 0 0.9219
vt 0.0313 0.9219
vt 0.0313 0.7344
vt 0 0.7344
vt 0.9063 0.7344
vt 0.9219 0.7344
vt 0.9219 0.5469
vt 0.9063 0.5469
vt 0.9688 0.8125
vt 1 0.8125
vt 1 0.625
vt 0.9688 0.625
vt 0 1
vt 0.0156 1
vt 0.0156 0.9688
vt 0 0.9688
vt 0 1
vt 0.25 1
vt 0.25 0.9844
vt 0 0.9844
vt 0.1563 0.9063
vt 0.4063 0.9063
vt 0.4063 0.8906
vt 0.1563 0.8906
vt 0.5 0.2656
vt 0.75 0.2656
vt 0.75 0.2344
vt 0.5 0.2344
vt 0 1
vt 0.0156 1
vt 0.0156 0.8125
vt 0 0.8125
vt 0.9063 0.7344
vt 0.9219 0.7344
vt 0.9219 0.5469
vt 0.9063 0.5469
vt 0 1
vt 0.0313 1
vt 0.0313 0.9844
vt 0 0.9844
vt 0.9688 0.8125
vt 1 0.8125
vt 1 0.625
vt 0.9688 0.625
vt 0 1
vt 0.0156 1
vt 0.0156 0.9688
vt 0 0.9688
vt 0 1
vt 0.25 1
vt 0.25 0.9844
vt 0 0.9844
vt 0.1563 0.9063
vt 0.4063 0.9063
vt 0.4063 0.8906
vt 0.1563 0.8906
vt 0.5 0.2656
vt 0.75 0.2656
vt 0.75 0.2344
vt 0.5 0.2344
vt 0 1
vt 0.0156 1
vt 0.0156 0.9688
vt 0 0.9688
vt 0 1
vt 0.25 1
vt 0.25 0.9844
vt 0 0.9844
vt 0.1563 0.9063
vt 0.4063 0.9063
vt 0.4063 0.8906
vt 0.1563 0.8906
vt 0.5 0.2656
vt 0.75 0.2656
vt 0.75 0.2344
vt 0.5 0.2344
vt 0.125 0.875
vt 0.1406 0.875
vt 0.1406 0.6875
vt 0.125 0.6875
vt 0 1
vt 0.0156 1
vt 0.0156 0.8125
vt 0 0.8125
vt 0 1
vt 0.0313 1
vt 0.0313 0.9844
vt 0 0.9844
vt 0 1
vt 0.0313 1
vt 0.0313 0.9844
vt 0 0.9844
vt 0 0.9219
vt 0.0313 0.9219
vt 0.0313 0.7344
vt 0 0.7344
vt 0.8594 0.6094
vt 0.875 0.6094
vt 0.875 0.4844
vt 0.8594 0.4844
vt 0.8438 0.6094
vt 0.8594 0.6094
vt 0.8594 0.4844
vt 0.8438 0.4844
vt 0.75 0.6094
vt 0.875 0.6094
vt 0.875 0.5938
vt 0.75 0.5938
vt 0.75 0.5
vt 0.875 0.5
vt 0.875 0.4844
vt 0.75 0.4844
vt 0.75 0.6094
vt 0.875 0.6094
vt 0.875 0.4844
vt 0.75 0.4844
vt 0.8594 0.6094
vt 0.875 0.6094
vt 0.875 0.4844
vt 0.8594 0.4844
vt 0.8438 0.6094
vt 0.8594 0.6094
vt 0.8594 0.4844
vt 0.8438 0.4844
vt 0.75 0.6094
vt 0.875 0.6094
vt 0.875 0.5938
vt 0.75 0.5938
vt 0.75 0.5
vt 0.875 0.5
vt 0.875 0.4844
vt 0.75 0.4844
vt 0.625 0.6094
vt 0.75 0.6094
vt 0.75 0.4844
vt 0.625 0.4844
vt 0.875 0.4375
vt 0.875 0.25
vt 0.75 0.25
vt 0.75 0.4375
vt 0.875 1
vt 0.875 0.8125
vt 0.75 0.8125
vt 0.75 1
vt 0.8906 0.25
vt 0.8906 0.4375
vt 1 0.4375
vt 1 0.25
vt 0.8906 0.8125
vt 0.8906 1
vt 1 1
vt 1 0.8125
vt 0.125 0
vt 0.125 0.0156
vt 0.25 0.0156
vt 0.25 0
vt 0.3594 0
vt 0.3594 0.0156
vt 0.4844 0.0156
vt 0.4844 0
vt 0.875 0.625
vt 0.875 0.7344
vt 1 0.7344
vt 1 0.625
vt 0.125 0.1719
vt 0.125 0.0625
vt 0 0.0625
vt 0 0.1719
vt 0.8906 0.5313
vt 0.8906 0.6406
vt 1 0.6406
vt 1 0.5313
vt 0.3594 0.0156
vt 0.3594 0
vt 0.25 0
vt 0.25 0.0156
vt 0.1094 0.6875
vt 0.1094 0.5781
vt 0 0.5781
vt 0 0.6875
vt 0.125 0.0156
vt 0.125 0
vt 0.0156 0
vt 0.0156 0.0156
vt 0.875 0.4375
vt 0.875 0.25
vt 0.75 0.25
vt 0.75 0.4375
vt 0.875 1
vt 0.875 0.8125
vt 0.75 0.8125
vt 0.75 1
vt 0.8906 0.25
vt 0.8906 0.4375
vt 1 0.4375
vt 1 0.25
vt 0.8906 0.8125
vt 0.8906 1
vt 1 1
vt 1 0.8125
vt 0.125 0
vt 0.125 0.0156
vt 0.25 0.0156
vt 0.25 0
vt 0.3594 0
vt 0.3594 0.0156
vt 0.4844 0.0156
vt 0.4844 0
vt 0.875 0.625
vt 0.875 0.7344
vt 1 0.7344
vt 1 0.625
vt 0.125 0.1719
vt 0.125 0.0625
vt 0 0.0625
vt 0 0.1719
vt 0.8906 0.5313
vt 0.8906 0.6406
vt 1 0.6406
vt 1 0.5313
vt 0.3594 0.0156
vt 0.3594 0
vt 0.25 0
vt 0.25 0.0156
vt 0.1094 0.6875
vt 0.1094 0.5781
vt 0 0.5781
vt 0 0.6875
vt 0.125 0.0156
vt 0.125 0
vt 0.0156 0
vt 0.0156 0.0156
vt 0.2344 0
vt 0.2344 0.0156
vt 0.3594 0.0156
vt 0.3594 0
vt 0.1875 0
vt 0.1875 0.0156
vt 0.3125 0.0156
vt 0.3125 0
vt 0.375 0
vt 0.375 0.0313
vt 0.5 0.0313
vt 0.5 0
vt 0.125 0.0313
vt 0.125 0
vt 0 0
vt 0 0.0313
vt 0.3906 0
vt 0.3906 0.0313
vt 0.5 0.0313
vt 0.5 0
vt 0.2344 0.0156
vt 0.2344 0
vt 0.125 0
vt 0.125 0.0156
vt 0.1094 0.0313
vt 0.1094 0
vt 0 0
vt 0 0.0313
vt 0.1875 0.0156
vt 0.1875 0
vt 0.0781 0
vt 0.0781 0.0156
vt 0.2344 0
vt 0.2344 0.0156
vt 0.3594 0.0156
vt 0.3594 0
vt 0.1875 0
vt 0.1875 0.0156
vt 0.3125 0.0156
vt 0.3125 0
vt 0.375 0
vt 0.375 0.0313
vt 0.5 0.0313
vt 0.5 0
vt 0.125 0.0313
vt 0.125 0
vt 0 0
vt 0 0.0313
vt 0.3906 0
vt 0.3906 0.0313
vt 0.5 0.0313
vt 0.5 0
vt 0.2344 0.0156
vt 0.2344 0
vt 0.125 0
vt 0.125 0.0156
vt 0.1094 0.0313
vt 0.1094 0
vt 0 0
vt 0 0.0313
vt 0.1875 0.0156
vt 0.1875 0
vt 0.0781 0
vt 0.0781 0.0156
vt 0.6875 0
vt 0.5625 0
vt 0.5625 0.9375
vt 0.6875 0.9375
vt 0.5625 0
vt 0.6875 0
vt 0.6875 0.9375
vt 0.5625 0.9375
vt 0.6875 0
vt 0.5625 0
vt 0.5625 0.9375
vt 0.6875 0.9375
vt 0.6875 0.2656
vt 0.7031 0.2656
vt 0.7031 0.2188
vt 0.6875 0.2188
vt 0.7031 0.2656
vt 0.7031 0.2188
vt 0.6875 0.2188
vt 0.6875 0.2656
vt 0.7344 0.2656
vt 0.7344 0.2188
vt 0.7188 0.2188
vt 0.7188 0.2656
vt 0.6875 0.2656
vt 0.7344 0.2656
vt 0.7344 0.2188
vt 0.6875 0.2188
vt 0.7188 0.2656
vt 0.7344 0.2656
vt 0.7344 0.2188
vt 0.7188 0.2188
vt 0.7188 0.2656
vt 0.7344 0.2656
vt 0.7344 0.2188
vt 0.7188 0.2188
vt 0.7188 0.2656
vt 0.7344 0.2656
vt 0.7344 0.2188
vt 0.7188 0.2188
vt 0.7031 0.2188
vt 0.7031 0.2656
vt 0.6875 0.2656
vt 0.6875 0.2188
vt 0.7188 0.2656
vt 0.7188 0.2188
vt 0.7344 0.2188
vt 0.7344 0.2656
vt 0.6875 0.2656
vt 0.7344 0.2656
vt 0.7344 0.2188
vt 0.6875 0.2188
vt 0.6563 0
vt 0.6563 0.0469
vt 0.7344 0.0469
vt 0.7344 0
vt 0.3438 0.2969
vt 0.3438 0.25
vt 0.2656 0.25
vt 0.2656 0.2969
vt 0.3281 0.2969
vt 0.3281 0.25
vt 0.2656 0.25
vt 0.2656 0.2969
vt 0.2813 0.25
vt 0.2813 0.2969
vt 0.3438 0.2969
vt 0.3438 0.25
vt 0.9375 0.9063
vt 0.9375 0.9844
vt 1 0.9844
vt 1 0.9063
vt 0.9375 0.8594
vt 0.9375 0.9219
vt 1 0.9219
vt 1 0.8594
vt 0.2813 0.25
vt 0.2813 0.2969
vt 0.3438 0.2969
vt 0.3438 0.25
vt 0.6563 0.0469
vt 0.6563 0
vt 0.5938 0
vt 0.5938 0.0469
vt 0.9688 0.9844
vt 0.9688 0.9063
vt 0.9063 0.9063
vt 0.9063 0.9844
vt 0.2813 0.25
vt 0.2813 0.2969
vt 0.3438 0.2969
vt 0.3438 0.25
vt 0.3125 0.2969
vt 0.3125 0.25
vt 0.25 0.25
vt 0.25 0.2969
vt 0.9688 0.9219
vt 0.9688 0.8594
vt 0.9063 0.8594
vt 0.9063 0.9219
vt 0.4375 0.6719
vt 0.4531 0.6719
vt 0.4531 0.6094
vt 0.4375 0.6094
vt 0.3594 0.6719
vt 0.375 0.6719
vt 0.375 0.6094
vt 0.3594 0.6094
vt 0.375 0.625
vt 0.4375 0.625
vt 0.4375 0.6094
vt 0.375 0.6094
vt 0.4375 0.625
vt 0.5 0.625
vt 0.5 0.6094
vt 0.4375 0.6094
vt 0.4375 0.6719
vt 0.5 0.6719
vt 0.5 0.6094
vt 0.4375 0.6094
vt 0.0156 0.9063
vt 0 0.9063
vt 0 0.8125
vt 0.0156 0.8125
vt 0.0156 0.9063
vt 0 0.9063
vt 0 0.8125
vt 0.0156 0.8125
vt 0 0.8906
vt 0.0938 0.8906
vt 0.0938 0.9063
vt 0 0.9063
vt 0 0.8281
vt 0.0938 0.8281
vt 0.0938 0.8125
vt 0 0.8125
vt 0.0938 0.9063
vt 0 0.9063
vt 0 0.8125
vt 0.0938 0.8125
vt 0.25 0.0625
vt 0.2188 0.0625
vt 0.2188 0.125
vt 0.25 0.125
vt 0.0313 0.0625
vt 0 0.0625
vt 0 0.125
vt 0.0313 0.125
vt 0.125 0
vt 0.125 0.0313
vt 0.2188 0.0313
vt 0.2188 0
vt 0.3125 0
vt 0.3125 0.0313
vt 0.4063 0.0313
vt 0.4063 0
vt 0.8438 1
vt 0.8438 0.9375
vt 0.75 0.9375
vt 0.75 1
vt 0.8438 0.3125
vt 0.8438 0.25
vt 0.75 0.25
vt 0.75 0.3125
vt 0.2188 0.0625
vt 0.25 0.0625
vt 0.25 0
vt 0.2188 0
vt 0 0.0625
vt 0.0313 0.0625
vt 0.0313 0
vt 0 0
vt 0.9063 0.25
vt 0.9063 0.3125
vt 1 0.3125
vt 1 0.25
vt 0.3125 0.0313
vt 0.3125 0
vt 0.2188 0
vt 0.2188 0.0313
vt 0.125 0.0313
vt 0.125 0
vt 0.0313 0
vt 0.0313 0.0313
vt 0.9063 0.9375
vt 0.9063 1
vt 1 1
vt 1 0.9375
vt 0.5625 0.9375
vt 0.6875 0.9375
vt 0.6875 0.3125
vt 0.5625 0.3125
vt 0.6875 0.3125
vt 0.5625 0.3125
vt 0.5625 0.9375
vt 0.6875 0.9375
vt 0.5625 0.625
vt 0.6875 0.625
vt 0.6875 0
vt 0.5625 0
vt 0.6875 0.3125
vt 0.5625 0.3125
vt 0.5625 0.9375
vt 0.6875 0.9375
vt 0.7188 0.2656
vt 0.7344 0.2656
vt 0.7344 0.2188
vt 0.7188 0.2188
vt 0.6875 0.2656
vt 0.7031 0.2656
vt 0.7031 0.2188
vt 0.6875 0.2188
vt 0.7031 0.2656
vt 0.7031 0.2188
vt 0.6875 0.2188
vt 0.6875 0.2656
vt 0.6875 0.2656
vt 0.7344 0.2656
vt 0.7344 0.2188
vt 0.6875 0.2188
vt 0.6875 0.2656
vt 0.7344 0.2656
vt 0.7344 0.2188
vt 0.6875 0.2188
vt 0.5625 0.875
vt 0.6875 0.875
vt 0.6875 0.6875
vt 0.5625 0.6875
vt 0.5625 0.875
vt 0.6875 0.875
vt 0.6875 0.6875
vt 0.5625 0.6875
vt 0.5625 0.875
vt 0.6875 0.875
vt 0.6875 0.75
vt 0.5625 0.75
vt 0.5625 0.875
vt 0.6875 0.875
vt 0.6875 0.6875
vt 0.5625 0.6875
vt 0.6875 0.6875
vt 0.5625 0.6875
vt 0.5625 0.875
vt 0.6875 0.875
vt 0.5625 0.375
vt 0.6875 0.375
vt 0.6875 0.25
vt 0.5625 0.25
vt 0.75 0
vt 0.75 0.125
vt 0.875 0.125
vt 0.875 0
vt 0.8745 0
vt 0.7495 0.0005
vt 0.7505 0.1255
vt 0.8755 0.1245
vt 0.5625 0.25
vt 0.5625 0.3125
vt 0.6875 0.3125
vt 0.6875 0.25
vt 0.7188 0.2656
vt 0.7344 0.2656
vt 0.7344 0.2188
vt 0.7188 0.2188
vt 0.6875 0.2656
vt 0.7031 0.2656
vt 0.7031 0.2188
vt 0.6875 0.2188
vt 0.7031 0.2656
vt 0.7031 0.2188
vt 0.6875 0.2188
vt 0.6875 0.2656
vt 0.6875 0.2656
vt 0.7344 0.2656
vt 0.7344 0.2188
vt 0.6875 0.2188
vt 0.8281 0.8594
vt 0.8438 0.8594
vt 0.8438 0.7188
vt 0.8281 0.7188
vt 0.8281 0.8594
vt 0.8438 0.8594
vt 0.8438 0.7188
vt 0.8281 0.7188
vt 0.8438 0.8438
vt 0.8438 0.7344
vt 0.8281 0.7344
vt 0.8281 0.8438
vt 0.8281 0.75
vt 0.8281 0.8594
vt 0.8438 0.8594
vt 0.8438 0.75
vt 0.7344 0.8594
vt 0.8438 0.8594
vt 0.8438 0.7188
vt 0.7344 0.7188
vt 0.9844 0.3583
vt 0.9844 0.4688
vt 1 0.4688
vt 1 0.3583
vt 1 0.3281
vt 0.9844 0.3281
vt 0.9844 0.5156
vt 1 0.5156
vt 0.7344 0.3281
vt 0.7344 0.25
vt 0.5469 0.25
vt 0.4688 0.3281
vt 1 0.3438
vt 0.9219 0.2656
vt 0.7344 0.2656
vt 0.7344 0.3438
vt 0.9844 0.3281
vt 0.9844 0.5
vt 1 0.5
vt 1 0.3281
vt 1 0.5156
vt 1 0.3438
vt 0.7344 0.3438
vt 0.7344 0.5156
vt 1 0.5156
vt 1 0.3438
vt 0.7344 0.3438
vt 0.7344 0.5156
vt 0.9844 0.3594
vt 0.9844 0.4375
vt 1 0.4375
vt 1 0.3594
vt 0.9844 0.3583
vt 0.9844 0.4688
vt 1 0.4688
vt 1 0.3583
vt 1 0.3281
vt 0.9844 0.3281
vt 0.9844 0.5156
vt 1 0.5156
vt 0.7344 0.3281
vt 0.7344 0.25
vt 0.5469 0.25
vt 0.4688 0.3281
vt 1 0.3438
vt 0.9219 0.2656
vt 0.7344 0.2656
vt 0.7344 0.3438
vt 0.9844 0.3281
vt 0.9844 0.5
vt 1 0.5
vt 1 0.3281
vt 0.9844 0.3281
vt 0.9844 0.5
vt 1 0.5
vt 1 0.3281
vt 0.5781 0.4063
vt 0.5938 0.4063
vt 0.5938 0.1406
vt 0.5781 0.1406
vt 1 0.5156
vt 1 0.3438
vt 0.7344 0.3438
vt 0.7344 0.5156
vt 1 0.5156
vt 1 0.3438
vt 0.7344 0.3438
vt 0.7344 0.5156
vt 0.8594 0.9844
vt 0.9063 0.9844
vt 0.9063 0.8594
vt 0.8594 0.8594
vt 0.5469 0.125
vt 0.5938 0.125
vt 0.5938 0
vt 0.5469 0
vt 0.25 0.2969
vt 0.3438 0.2969
vt 0.3438 0.25
vt 0.25 0.25
vt 0.25 0.2969
vt 0.3438 0.2969
vt 0.3438 0.25
vt 0.25 0.25
vt 0.9063 0.9844
vt 1 0.9844
vt 1 0.8594
vt 0.9063 0.8594
vt 0.8594 0.9844
vt 0.9063 0.9844
vt 0.9063 0.8594
vt 0.8594 0.8594
vt 0.8594 0.9844
vt 0.9063 0.9844
vt 0.9063 0.8594
vt 0.8594 0.8594
vt 0.25 0.2969
vt 0.3438 0.2969
vt 0.3438 0.25
vt 0.25 0.25
vt 0.25 0.2969
vt 0.3438 0.2969
vt 0.3438 0.25
vt 0.25 0.25
vt 0.9063 0.9844
vt 1 0.9844
vt 1 0.8594
vt 0.9063 0.8594
vt 0.6875 0
vt 0.5625 0
vt 0.5625 0.9375
vt 0.6875 0.9375
vt 0.5625 0
vt 0.6875 0
vt 0.6875 0.9375
vt 0.5625 0.9375
vt 0.6875 0
vt 0.5625 0
vt 0.5625 0.9375
vt 0.6875 0.9375
vt 0.7188 0.2656
vt 0.7344 0.2656
vt 0.7344 0.2188
vt 0.7188 0.2188
vt 0.7188 0.2656
vt 0.7344 0.2656
vt 0.7344 0.2188
vt 0.7188 0.2188
vt 0.7031 0.2188
vt 0.7031 0.2656
vt 0.6875 0.2656
vt 0.6875 0.2188
vt 0.7188 0.2656
vt 0.7188 0.2188
vt 0.7344 0.2188
vt 0.7344 0.2656
vt 0.6875 0.2656
vt 0.7344 0.2656
vt 0.7344 0.2188
vt 0.6875 0.2188
vt 0.6875 0.2656
vt 0.7031 0.2656
vt 0.7031 0.2188
vt 0.6875 0.2188
vt 0.7031 0.2656
vt 0.7031 0.2188
vt 0.6875 0.2188
vt 0.6875 0.2656
vt 0.7344 0.2656
vt 0.7344 0.2188
vt 0.7188 0.2188
vt 0.7188 0.2656
vt 0.6875 0.2656
vt 0.7344 0.2656
vt 0.7344 0.2188
vt 0.6875 0.2188
vt 0.7188 0.2656
vt 0.7344 0.2656
vt 0.7344 0.2188
vt 0.7188 0.2188
vt 0.7188 0.2656
vt 0.7344 0.2656
vt 0.7344 0.2188
vt 0.7188 0.2188
vt 0.6875 0.2656
vt 0.7031 0.2656
vt 0.7031 0.2188
vt 0.6875 0.2188
vt 0.7031 0.2656
vt 0.7031 0.2188
vt 0.6875 0.2188
vt 0.6875 0.2656
vt 0.7344 0.2656
vt 0.7344 0.2188
vt 0.7188 0.2188
vt 0.7188 0.2656
vt 0.6875 0.2656
vt 0.7344 0.2656
vt 0.7344 0.2188
vt 0.6875 0.2188
vt 0.6875 0.2656
vt 0.7031 0.2656
vt 0.7031 0.2188
vt 0.6875 0.2188
vt 0.7031 0.2656
vt 0.7031 0.2188
vt 0.6875 0.2188
vt 0.6875 0.2656
vt 0.7344 0.2656
vt 0.7344 0.2188
vt 0.7188 0.2188
vt 0.7188 0.2656
vt 0.6875 0.2656
vt 0.7344 0.2656
vt 0.7344 0.2188
vt 0.6875 0.2188
vt 0.7188 0.2656
vt 0.7344 0.2656
vt 0.7344 0.2188
vt 0.7188 0.2188
vt 0.6875 0.2188
vt 0.5625 0.2188
vt 0.5625 1
vt 0.6875 1
vt 0.6875 0.2188
vt 0.5625 0.2188
vt 0.5625 1
vt 0.6875 1
vt 0.5625 0.7813
vt 0.6875 0.7813
vt 0.6875 0
vt 0.5625 0
vt 0.6875 0.2188
vt 0.5625 0.2188
vt 0.5625 1
vt 0.6875 1
vt 0.7188 0.2656
vt 0.7344 0.2656
vt 0.7344 0.2188
vt 0.7188 0.2188
vt 0.7188 0.2656
vt 0.7344 0.2656
vt 0.7344 0.2188
vt 0.7188 0.2188
vt 0.7031 0.2188
vt 0.7031 0.2656
vt 0.6875 0.2656
vt 0.6875 0.2188
vt 0.7188 0.2656
vt 0.7188 0.2188
vt 0.7344 0.2188
vt 0.7344 0.2656
vt 0.6875 0.2656
vt 0.7344 0.2656
vt 0.7344 0.2188
vt 0.6875 0.2188
vt 0.5625 0.875
vt 0.6875 0.875
vt 0.6875 0.6875
vt 0.5625 0.6875
vt 0.5625 0.875
vt 0.6875 0.875
vt 0.6875 0.6875
vt 0.5625 0.6875
vt 0.5625 0.875
vt 0.6875 0.875
vt 0.6875 0.6875
vt 0.5625 0.6875
vt 0.6875 0.6875
vt 0.5625 0.6875
vt 0.5625 0.875
vt 0.6875 0.875
vt 0.5625 0.25
vt 0.5625 0.375
vt 0.6875 0.375
vt 0.6875 0.25
vt 0.6875 0.375
vt 0.6875 0.3125
vt 0.5625 0.3125
vt 0.5625 0.375
vt 0.8125 0.125
vt 0.875 0.125
vt 0.875 0
vt 0.75 0
vt 0.875 0
vt 0.8125 0
vt 0.75 0.125
vt 0.875 0.125
vt 0.5625 0.875
vt 0.6875 0.875
vt 0.6875 0.3125
vt 0.5625 0.3125
vt 0.5625 0.875
vt 0.6875 0.875
vt 0.6875 0.3125
vt 0.5625 0.3125
vt 0.5313 0.6563
vt 0.6563 0.6563
vt 0.6563 0.0938
vt 0.5313 0.0938
vt 0.6875 0.375
vt 0.5625 0.375
vt 0.5625 0.9375
vt 0.6875 0.9375
vt 0.5625 0.25
vt 0.5625 0.375
vt 0.6875 0.375
vt 0.6875 0.25
vt 0.6875 0.375
vt 0.6875 0.3125
vt 0.5625 0.3125
vt 0.5625 0.375
vt 0.8125 0.125
vt 0.875 0.125
vt 0.875 0
vt 0.75 0
vt 0.875 0
vt 0.8125 0
vt 0.75 0.125
vt 0.875 0.125
vt 0.625 0.375
vt 0.6875 0.375
vt 0.6875 0.25
vt 0.625 0.25
vt 0.625 0.375
vt 0.6875 0.375
vt 0.6875 0.25
vt 0.625 0.25
vt 0.5625 0.3125
vt 0.6875 0.3125
vt 0.6875 0.25
vt 0.5625 0.25
vt 0.5625 0.3125
vt 0.6875 0.3125
vt 0.6875 0.25
vt 0.5625 0.25
vt 0.7344 0
vt 0.7344 0
vt 0.5 0
vt 0.5 0
vt 0.7344 0
vt 0.7344 0
vt 0 0.25
vt 0.2344 0.25
vt 0.2344 0
vt 0 0
vt 0.7344 0.25
vt 0.7344 0.25
vt 0.7344 0
vt 0.5 0
vt 0.7344 0
vt 0.7344 0
vt 0.5 0
vt 0.5 0
vt 0.7344 0
vt 0.5 0
vt 0.2344 0.25
vt 0.4688 0.25
vt 0.4688 0
vt 0.2344 0
vt 0.9844 0.3583
vt 0.9844 0.4688
vt 1 0.4688
vt 1 0.3583
vt 1 0.3281
vt 0.9844 0.3281
vt 0.9844 0.5156
vt 1 0.5156
vt 0.7344 0.3281
vt 0.7344 0.25
vt 0.5469 0.25
vt 0.4688 0.3281
vt 1 0.3438
vt 0.9219 0.2656
vt 0.7344 0.2656
vt 0.7344 0.3438
vt 0.4531 0.1406
vt 0.4531 0.3125
vt 0.4688 0.3125
vt 0.4688 0.1406
vt 0.9844 0.3281
vt 0.9844 0.5
vt 1 0.5
vt 1 0.3281
vt 0.5781 0.4063
vt 0.5938 0.4063
vt 0.5938 0.1406
vt 0.5781 0.1406
vt 1 0.5156
vt 1 0.3438
vt 0.7344 0.3438
vt 0.7344 0.5156
vt 1 0.5156
vt 1 0.3438
vt 0.7344 0.3438
vt 0.7344 0.5156
vt 0.9375 0.0625
vt 0.0625 0.0625
vt 0.0625 0.9375
vt 0.9375 0.9375
vt 0 0.7656
vt 0.25 0.7656
vt 0.25 0.5313
vt 0 0.5313
vt 0.25 0.7656
vt 0.4844 0.7656
vt 0.4844 0.5313
vt 0.25 0.5313
vt 0.2344 0.7656
vt 0.4844 0.7656
vt 0.4844 0.5313
vt 0.2344 0.5313
vt 0 0.25
vt 0 0.4844
vt 0.2344 0.4844
vt 0.2344 0.25
vt 0.2344 1
vt 0.4844 1
vt 0.4844 0.7656
vt 0.2344 0.7656
vt 0.4844 1
vt 0.4844 0.7656
vt 0.2344 0.7656
vt 0.2344 1
vt 0.25 1
vt 0.4844 1
vt 0.4844 0.7656
vt 0.25 0.7656
vt 0 1
vt 0.25 1
vt 0.25 0.7656
vt 0 0.7656
vt 0.25 1
vt 0.25 0.7656
vt 0 0.7656
vt 0 1
vt 0.25 1
vt 0.4844 1
vt 0.4844 0.7656
vt 0.25 0.7656
vt 0.9844 0.4844
vt 1 0.4844
vt 1 0.4688
vt 0.9844 0.4688
vt 0.9844 0.4844
vt 1 0.4844
vt 1 0.4688
vt 0.9844 0.4688
vt 0.9844 0.4844
vt 1 0.4844
vt 1 0.4688
vt 0.9844 0.4688
vt 0.9844 0.4844
vt 1 0.4844
vt 1 0.4688
vt 0.9844 0.4688
vt 0.9844 0.4844
vt 1 0.4844
vt 1 0.4688
vt 0.9844 0.4688
vt 0.9844 0.4844
vt 1 0.4844
vt 1 0.4688
vt 0.9844 0.4688
vt 0.9844 0.4844
vt 1 0.4844
vt 1 0.4688
vt 0.9844 0.4688
vt 0.9844 0.4844
vt 1 0.4844
vt 1 0.4688
vt 0.9844 0.4688
vt 0.7344 0.25
vt 0.7344 0.25
vt 0.7344 0
vt 0.7344 0
vt 0.75 0.2344
vt 0.75 0.2656
vt 0.5 0.2656
vt 0.5 0.2344
vt 0.0313 0.7344
vt 0.0313 0.9219
vt 0 0.9219
vt 0 0.7344
vt 0.9375 0.0625
vt 0.0625 0.0625
vt 0.0625 0.9375
vt 0.9375 0.9375
vt 0.0625 1
vt 0.9375 1
vt 0.9375 0.875
vt 0.0625 0.875
vt 0.1406 1
vt 0.1563 1
vt 0.1563 0.9531
vt 0.1406 0.9531
vt 0.1406 1
vt 0.375 1
vt 0.375 0.9844
vt 0.1406 0.9844
vt 0.1406 1
vt 0.375 1
vt 0.375 0.9531
vt 0.1406 0.9531
vt 0.75 0.4063
vt 0.75 0.6563
vt 0.5 0.6563
vt 0.5 0.4063
vt 0 0.9375
vt 0 0.7969
vt 0.0781 0.7969
vt 0.0781 0.9375
vt 0 0.25
vt 0.0781 0.25
vt 0.0781 0.4844
vt 0 0.4844
vt 0 0.7656
vt 0.0781 0.7656
vt 0.0781 1
vt 0 1
vt 0.6719 0.9375
vt 0.6719 0.7969
vt 0.75 0.7969
vt 0.75 0.9375
vt 0.7344 0.5
vt 0.6563 0.5
vt 0.6563 0.25
vt 0.7344 0.25
vt 0.5 0
vt 0.5781 0
vt 0.5781 0.25
vt 0.5 0.25
vt 0.25 1
vt 0.2344 1
vt 0.2344 0.9375
vt 0.25 0.9375
vt 0.5 1
vt 0.5 0.9375
vt 0.75 0.9375
vt 0.75 1
vt 0 1
vt 0 0.9375
vt 0.2344 0.9375
vt 0.2344 1
vt 0.5156 1
vt 0.5156 0.9375
vt 0.75 0.9375
vt 0.75 1
vt 0 1
vt 0 0.9375
vt 0.25 0.9375
vt 0.25 1
vt 0.5 0.9375
vt 0.5156 0.9375
vt 0.5156 1
vt 0.5 1
vt 0.6719 1
vt 0.6719 0.9375
vt 0.75 0.9375
vt 0.75 1
vt 0 1
vt 0 0.9375
vt 0.0781 0.9375
vt 0.0781 1
vt 0.25 0.7969
vt 0.2344 0.7969
vt 0.2344 0.75
vt 0.25 0.75
vt 0.0781 0.75
vt 0.0781 0.7969
vt 0 0.7969
vt 0 0.75
vt 0 1
vt 0 0.75
vt 0.2344 0.75
vt 0.2344 1
vt 0.75 0.75
vt 0.75 0.7969
vt 0.6719 0.7969
vt 0.6719 0.75
vt 0.5 0.75
vt 0.5156 0.75
vt 0.5156 0.7969
vt 0.5 0.7969
vt 0.25 0.75
vt 0.25 0.7969
vt 0 0.7969
vt 0 0.75
vt 0.75 0.75
vt 0.75 0.7969
vt 0.5156 0.7969
vt 0.5156 0.75
vt 0.2344 0.75
vt 0.2344 0.7969
vt 0 0.7969
vt 0 0.75
vt 0.75 0.75
vt 0.75 0.7969
vt 0.5 0.7969
vt 0.5 0.75
vt 0.0781 0.9375
vt 0.2344 0.9375
vt 0.2344 1
vt 0.0781 1
vt 0.0781 0.25
vt 0.2344 0.25
vt 0.2344 0.4844
vt 0.0781 0.4844
vt 0.0781 0.7656
vt 0.2344 0.7656
vt 0.2344 1
vt 0.0781 1
vt 0.6719 1
vt 0.5156 1
vt 0.5156 0.9375
vt 0.6719 0.9375
vt 0.6719 0.9375
vt 0.5156 0.9375
vt 0.5156 0.7969
vt 0.6719 0.7969
vt 0.6719 0.7969
vt 0.5156 0.7969
vt 0.5156 0.75
vt 0.6719 0.75
vt 0.4844 0.25
vt 0.6563 0.25
vt 0.6563 0.5
vt 0.4844 0.5
vt 0.0781 0.75
vt 0.2344 0.75
vt 0.2344 0.7969
vt 0.0781 0.7969
vt 0.5781 0
vt 0.7344 0
vt 0.7344 0.25
vt 0.5781 0.25
vt 0.8438 0.8594
vt 1 0.8594
vt 1 0.7188
vt 0.8438 0.7188
vt 0 0.7656
vt 0.25 0.7656
vt 0.25 1
vt 0 1
vt 0.75 1
vt 0.5 1
vt 0.5 0.7656
vt 0.75 0.7656
vt 0.5 0.9844
vt 0.5 1
vt 0.0938 1
vt 0.0938 0.9844
vt 0.5 0.9531
vt 0.5 1
vt 0.0938 1
vt 0.0938 0.9531
vt 0.5 0.9531
vt 0.5 1
vt 0.0938 1
vt 0.0938 0.9531
vt 0.9375 0
vt 0.0625 0
vt 0.0625 1
vt 0.9375 1
vt 0.875 1
vt 1 1
vt 1 0
vt 0.875 0
vt 0.9375 0
vt 0.0625 0
vt 0.0625 1
vt 0.9375 1
vt 0.875 1
vt 1 1
vt 1 0
vt 0.875 0
vt 0.6094 0.7656
vt 0.6094 0.8906
vt 0.5625 0.8906
vt 0.5625 0.7656
vt 0.5781 1
vt 0.5781 0.8594
vt 0.5625 0.8594
vt 0.5625 1
vt 0.5625 0.7656
vt 0.5625 0.8906
vt 0.6094 0.8906
vt 0.6094 0.7656
vt 0.5781 1
vt 0.5781 0.8594
vt 0.5625 0.8594
vt 0.5625 1
vt 0.5625 0.7656
vt 0.5625 0.8906
vt 0.6094 0.8906
vt 0.6094 0.7656
vt 0.5469 0.75
vt 0.5469 0.7656
vt 0.5 0.7656
vt 0.5 0.75
vt 0.0625 0.2656
vt 0.2031 0.2656
vt 0.2031 0.4844
vt 0.0625 0.4844
vt 0.7656 0.875
vt 0.7656 1
vt 0.7344 1
vt 0.7344 0.875
vt 0.7656 0.875
vt 0.7656 1
vt 0.7344 1
vt 0.7344 0.875
vt 0.7656 0.875
vt 0.7656 1
vt 0.7344 1
vt 0.7344 0.875
vt 0.7656 0.875
vt 0.7656 1
vt 0.7344 1
vt 0.7344 0.875
vt 0.7656 0.875
vt 0.7656 1
vt 0.7344 1
vt 0.7344 0.875
vt 0.7656 0.875
vt 0.7656 1
vt 0.7344 1
vt 0.7344 0.875
vt 0.7656 0.875
vt 0.7656 1
vt 0.7344 1
vt 0.7344 0.875
vt 0.7656 0.875
vt 0.7656 1
vt 0.7344 1
vt 0.7344 0.875
vt 0.7656 0.875
vt 0.7656 1
vt 0.7344 1
vt 0.7344 0.875
vt 0.7656 0.875
vt 0.7656 1
vt 0.7344 1
vt 0.7344 0.875
vt 0.7656 0.875
vt 0.7656 1
vt 0.7344 1
vt 0.7344 0.875
vt 0.7656 0.875
vt 0.7656 1
vt 0.7344 1
vt 0.7344 0.875
vt 0.7656 0.875
vt 0.7656 1
vt 0.7344 1
vt 0.7344 0.875
vt 0.7656 0.875
vt 0.7656 1
vt 0.7344 1
vt 0.7344 0.875
vt 0.7656 0.875
vt 0.7656 1
vt 0.7344 1
vt 0.7344 0.875
vt 0.7656 0.875
vt 0.7656 1
vt 0.7344 1
vt 0.7344 0.875
vt 0.7656 0.875
vt 0.7656 1
vt 0.7344 1
vt 0.7344 0.875
vt 0.7656 0.875
vt 0.7656 1
vt 0.7344 1
vt 0.7344 0.875
vt 0.5469 0.75
vt 0.5469 1
vt 0.5313 1
vt 0.5313 0.75
vt 0.5469 0.75
vt 0.5469 1
vt 0.5 1
vt 0.5 0.75
vt 0.6094 0.75
vt 0.6094 1
vt 0.5625 1
vt 0.5625 0.75
vt 0.5 0.7656
vt 0.5469 0.7656
vt 0.5469 0.75
vt 0.5 0.75
vt 0.6094 0.7656
vt 0.6094 0.8906
vt 0.5625 0.8906
vt 0.5625 0.7656
vt 0.6094 0.7656
vt 0.6094 0.8906
vt 0.5625 0.8906
vt 0.5625 0.7656
vt 0.5781 1
vt 0.5781 0.8594
vt 0.5625 0.8594
vt 0.5625 1
vt 0.5625 0.7656
vt 0.5625 0.8906
vt 0.6094 0.8906
vt 0.6094 0.7656
vt 0.5781 1
vt 0.5781 0.8594
vt 0.5625 0.8594
vt 0.5625 1
vt 0.5625 0.7656
vt 0.5625 0.8906
vt 0.6094 0.8906
vt 0.6094 0.7656
vt 0.5469 0.75
vt 0.5469 0.7656
vt 0.5 0.7656
vt 0.5 0.75
vt 0.0625 0.2656
vt 0.2031 0.2656
vt 0.2031 0.4844
vt 0.0625 0.4844
vt 0.7656 0.875
vt 0.7656 1
vt 0.7344 1
vt 0.7344 0.875
vt 0.7656 0.875
vt 0.7656 1
vt 0.7344 1
vt 0.7344 0.875
vt 0.7656 0.875
vt 0.7656 1
vt 0.7344 1
vt 0.7344 0.875
vt 0.7656 0.875
vt 0.7656 1
vt 0.7344 1
vt 0.7344 0.875
vt 0.7656 0.875
vt 0.7656 1
vt 0.7344 1
vt 0.7344 0.875
vt 0.7656 0.875
vt 0.7656 1
vt 0.7344 1
vt 0.7344 0.875
vt 0.7656 0.875
vt 0.7656 1
vt 0.7344 1
vt 0.7344 0.875
vt 0.7656 0.875
vt 0.7656 1
vt 0.7344 1
vt 0.7344 0.875
vt 0.7656 0.875
vt 0.7656 1
vt 0.7344 1
vt 0.7344 0.875
vt 0.7656 0.875
vt 0.7656 1
vt 0.7344 1
vt 0.7344 0.875
vt 0.7656 0.875
vt 0.7656 1
vt 0.7344 1
vt 0.7344 0.875
vt 0.7656 0.875
vt 0.7656 1
vt 0.7344 1
vt 0.7344 0.875
vt 0.7656 0.875
vt 0.7656 1
vt 0.7344 1
vt 0.7344 0.875
vt 0.7656 0.875
vt 0.7656 1
vt 0.7344 1
vt 0.7344 0.875
vt 0.7656 0.875
vt 0.7656 1
vt 0.7344 1
vt 0.7344 0.875
vt 0.7656 0.875
vt 0.7656 1
vt 0.7344 1
vt 0.7344 0.875
vt 0.7656 0.875
vt 0.7656 1
vt 0.7344 1
vt 0.7344 0.875
vt 0.7656 0.875
vt 0.7656 1
vt 0.7344 1
vt 0.7344 0.875
vt 0.5469 0.75
vt 0.5469 1
vt 0.5313 1
vt 0.5313 0.75
vt 0.6094 0.75
vt 0.6094 1
vt 0.5938 1
vt 0.5938 0.75
vt 0.5469 0.75
vt 0.5469 1
vt 0.5 1
vt 0.5 0.75
vt 0.6094 0.75
vt 0.6094 1
vt 0.5625 1
vt 0.5625 0.75
vt 0.5 0.7656
vt 0.5469 0.7656
vt 0.5469 0.75
vt 0.5 0.75
vt 0.6094 0.7656
vt 0.6094 0.8906
vt 0.5625 0.8906
vt 0.5625 0.7656
vt 0.6094 0.7656
vt 0.6094 0.8906
vt 0.5625 0.8906
vt 0.5625 0.7656
vt 0.5781 1
vt 0.5781 0.8594
vt 0.5625 0.8594
vt 0.5625 1
vt 0.5625 0.7656
vt 0.5625 0.8906
vt 0.6094 0.8906
vt 0.6094 0.7656
vt 0.5781 1
vt 0.5781 0.8594
vt 0.5625 0.8594
vt 0.5625 1
vt 0.5625 0.7656
vt 0.5625 0.8906
vt 0.6094 0.8906
vt 0.6094 0.7656
vt 0.5469 0.75
vt 0.5469 0.7656
vt 0.5 0.7656
vt 0.5 0.75
vt 0.0625 0.2656
vt 0.2031 0.2656
vt 0.2031 0.4844
vt 0.0625 0.4844
vt 0.7656 0.875
vt 0.7656 1
vt 0.7344 1
vt 0.7344 0.875
vt 0.7656 0.875
vt 0.7656 1
vt 0.7344 1
vt 0.7344 0.875
vt 0.7656 0.875
vt 0.7656 1
vt 0.7344 1
vt 0.7344 0.875
vt 0.7656 0.875
vt 0.7656 1
vt 0.7344 1
vt 0.7344 0.875
vt 0.7656 0.875
vt 0.7656 1
vt 0.7344 1
vt 0.7344 0.875
vt 0.7656 0.875
vt 0.7656 1
vt 0.7344 1
vt 0.7344 0.875
vt 0.7656 0.875
vt 0.7656 1
vt 0.7344 1
vt 0.7344 0.875
vt 0.7656 0.875
vt 0.7656 1
vt 0.7344 1
vt 0.7344 0.875
vt 0.7656 0.875
vt 0.7656 1
vt 0.7344 1
vt 0.7344 0.875
vt 0.7656 0.875
vt 0.7656 1
vt 0.7344 1
vt 0.7344 0.875
vt 0.7656 0.875
vt 0.7656 1
vt 0.7344 1
vt 0.7344 0.875
vt 0.7656 0.875
vt 0.7656 1
vt 0.7344 1
vt 0.7344 0.875
vt 0.7656 0.875
vt 0.7656 1
vt 0.7344 1
vt 0.7344 0.875
vt 0.7656 0.875
vt 0.7656 1
vt 0.7344 1
vt 0.7344 0.875
vt 0.7656 0.875
vt 0.7656 1
vt 0.7344 1
vt 0.7344 0.875
vt 0.7656 0.875
vt 0.7656 1
vt 0.7344 1
vt 0.7344 0.875
vt 0.7656 0.875
vt 0.7656 1
vt 0.7344 1
vt 0.7344 0.875
vt 0.7656 0.875
vt 0.7656 1
vt 0.7344 1
vt 0.7344 0.875
vt 0.5469 0.75
vt 0.5469 1
vt 0.5313 1
vt 0.5313 0.75
vt 0.5469 0.75
vt 0.5469 1
vt 0.5 1
vt 0.5 0.75
vt 0.6094 0.75
vt 0.6094 1
vt 0.5625 1
vt 0.5625 0.75
vt 0.5 0.7656
vt 0.5469 0.7656
vt 0.5469 0.75
vt 0.5 0.75
vt 0.6094 0.7656
vt 0.6094 0.8906
vt 0.5625 0.8906
vt 0.5625 0.7656
vt 0.6094 0.7656
vt 0.6094 0.8906
vt 0.5625 0.8906
vt 0.5625 0.7656
vt 0.5781 1
vt 0.5781 0.8594
vt 0.5625 0.8594
vt 0.5625 1
vt 0.5625 0.7656
vt 0.5625 0.8906
vt 0.6094 0.8906
vt 0.6094 0.7656
vt 0.5781 1
vt 0.5781 0.8594
vt 0.5625 0.8594
vt 0.5625 1
vt 0.5625 0.7656
vt 0.5625 0.8906
vt 0.6094 0.8906
vt 0.6094 0.7656
vt 0.5469 0.75
vt 0.5469 0.7656
vt 0.5 0.7656
vt 0.5 0.75
vt 0.0625 0.2656
vt 0.2031 0.2656
vt 0.2031 0.4844
vt 0.0625 0.4844
vt 0.7656 0.875
vt 0.7656 1
vt 0.7344 1
vt 0.7344 0.875
vt 0.7656 0.875
vt 0.7656 1
vt 0.7344 1
vt 0.7344 0.875
vt 0.7656 0.875
vt 0.7656 1
vt 0.7344 1
vt 0.7344 0.875
vt 0.7656 0.875
vt 0.7656 1
vt 0.7344 1
vt 0.7344 0.875
vt 0.7656 0.875
vt 0.7656 1
vt 0.7344 1
vt 0.7344 0.875
vt 0.7656 0.875
vt 0.7656 1
vt 0.7344 1
vt 0.7344 0.875
vt 0.7656 0.875
vt 0.7656 1
vt 0.7344 1
vt 0.7344 0.875
vt 0.7656 0.875
vt 0.7656 1
vt 0.7344 1
vt 0.7344 0.875
vt 0.7656 0.875
vt 0.7656 1
vt 0.7344 1
vt 0.7344 0.875
vt 0.7656 0.875
vt 0.7656 1
vt 0.7344 1
vt 0.7344 0.875
vt 0.7656 0.875
vt 0.7656 1
vt 0.7344 1
vt 0.7344 0.875
vt 0.7656 0.875
vt 0.7656 1
vt 0.7344 1
vt 0.7344 0.875
vt 0.7656 0.875
vt 0.7656 1
vt 0.7344 1
vt 0.7344 0.875
vt 0.7656 0.875
vt 0.7656 1
vt 0.7344 1
vt 0.7344 0.875
vt 0.7656 0.875
vt 0.7656 1
vt 0.7344 1
vt 0.7344 0.875
vt 0.7656 0.875
vt 0.7656 1
vt 0.7344 1
vt 0.7344 0.875
vt 0.7656 0.875
vt 0.7656 1
vt 0.7344 1
vt 0.7344 0.875
vt 0.7656 0.875
vt 0.7656 1
vt 0.7344 1
vt 0.7344 0.875
vt 0.5469 0.75
vt 0.5469 1
vt 0.5313 1
vt 0.5313 0.75
vt 0.6094 0.75
vt 0.6094 1
vt 0.5938 1
vt 0.5938 0.75
vt 0.5469 0.75
vt 0.5469 1
vt 0.5 1
vt 0.5 0.75
vt 0.6094 0.75
vt 0.6094 1
vt 0.5625 1
vt 0.5625 0.75
vt 0.5 0.7656
vt 0.5469 0.7656
vt 0.5469 0.75
vt 0.5 0.75
vt 0.6094 0.7656
vt 0.6094 0.8906
vt 0.5625 0.8906
vt 0.5625 0.7656
vt 0.5156 0.9844
vt 0.5156 1
vt 0.3594 1
vt 0.3594 0.9844
vt 0.5156 0.9375
vt 0.5156 1
vt 0.3594 1
vt 0.3594 0.9375
vt 0.5156 0.9375
vt 0.5156 1
vt 0.3594 1
vt 0.3594 0.9375
vt 0 1
vt 0.0313 1
vt 0.0313 0.7656
vt 0 0.7656
vt 0 1
vt 0.0313 1
vt 0.0313 0.7656
vt 0 0.7656
vt 0.5625 0.9375
vt 0.5625 0.9688
vt 0.5469 0.9688
vt 0.5469 0.9375
vt 0.25 0.4219
vt 0.4063 0.4219
vt 0.4063 0.3125
vt 0.25 0.3125
vt 0.25 0.4219
vt 0.4063 0.4219
vt 0.4063 0.3125
vt 0.25 0.3125
vt 0.25 0.4219
vt 0.4063 0.4219
vt 0.4063 0.3125
vt 0.25 0.3125
vt 0.25 0.4219
vt 0.4063 0.4219
vt 0.4063 0.3125
vt 0.25 0.3125
vt 0.2656 0.3438
vt 0.3906 0.3438
vt 0.4063 0.3281
vt 0.25 0.3281
vt 0.2656 0.3438
vt 0.3906 0.3438
vt 0.4063 0.3281
vt 0.25 0.3281
vt 0 0.6094
vt 0.125 0.6094
vt 0.125 0.4844
vt 0 0.4844
vt 0.2656 0.3438
vt 0.3906 0.3438
vt 0.4063 0.3281
vt 0.25 0.3281
vt 0.2656 0.3281
vt 0.3906 0.3281
vt 0.4063 0.3125
vt 0.25 0.3125
vt 0.9375 0.8906
vt 0.9375 1
vt 1 1
vt 1 0.8906
vt 0.8125 1
vt 0.8125 0.8906
vt 0.75 0.8906
vt 0.75 1
vt 0.8594 1
vt 0.8594 0.9375
vt 0.75 0.9375
vt 0.75 1
vt 0.8594 0.3125
vt 0.8594 0.25
vt 0.75 0.25
vt 0.75 0.3125
vt 0.8594 1
vt 0.8594 0.8906
vt 0.75 0.8906
vt 0.75 1
vt 0.8125 0.3594
vt 0.8125 0.25
vt 0.75 0.25
vt 0.75 0.3594
vt 0.9375 0.25
vt 0.9375 0.3594
vt 1 0.3594
vt 1 0.25
vt 0.8594 0.3594
vt 0.8594 0.25
vt 0.75 0.25
vt 0.75 0.3594
vt 0.9375 0.25
vt 0.9375 0.3594
vt 1 0.3594
vt 1 0.25
vt 0.8594 1
vt 0.8594 0.9375
vt 0.75 0.9375
vt 0.75 1
vt 0.8125 0.3594
vt 0.8125 0.25
vt 0.75 0.25
vt 0.75 0.3594
vt 0.8125 1
vt 0.8125 0.8906
vt 0.75 0.8906
vt 0.75 1
vt 0.8594 0.3125
vt 0.8594 0.25
vt 0.75 0.25
vt 0.75 0.3125
vt 0.9375 0.8906
vt 0.9375 1
vt 1 1
vt 1 0.8906
vt 0.9063 0.25
vt 0.9063 0.3125
vt 1 0.3125
vt 1 0.25
vt 0.9063 0.9375
vt 0.9063 1
vt 1 1
vt 1 0.9375
vt 0.9063 0.25
vt 0.9063 0.3125
vt 1 0.3125
vt 1 0.25
vt 0.9063 0.8906
vt 0.9063 1
vt 1 1
vt 1 0.8906
vt 0.9063 0.25
vt 0.9063 0.3594
vt 1 0.3594
vt 1 0.25
vt 0.9063 0.9375
vt 0.9063 1
vt 1 1
vt 1 0.9375
vt 0.9992 0.3133
vt 1 0.1258
vt 0.8133 0.1242
vt 0.8117 0.3117
vt 0.9992 0.1242
vt 0.8117 0.1258
vt 0.8133 0.3133
vt 1 0.3117
vt 0.3125 0.5625
vt 0.5 0.5625
vt 0.5 0.375
vt 0.3125 0.375
vt 0.3125 0.5
vt 0.5 0.5
vt 0.5 0.375
vt 0.3125 0.375
vt 0.5 0.8125
vt 0.5 0.625
vt 0.3125 0.625
vt 0.3125 0.8125
vt 0.5 0.8125
vt 0.5 0.625
vt 0.3125 0.625
vt 0.3125 0.8125
vt 0.5 0.8125
vt 0.5 0.625
vt 0.3125 0.625
vt 0.3125 0.8125
vt 0.9992 0.3133
vt 1 0.1258
vt 0.8133 0.1242
vt 0.8117 0.3117
vt 0.9992 0.1242
vt 0.8117 0.1258
vt 0.8133 0.3133
vt 1 0.3117
vt 0.3125 0.5625
vt 0.5 0.5625
vt 0.5 0.375
vt 0.3125 0.375
vt 0.3125 0.5
vt 0.5 0.5
vt 0.5 0.375
vt 0.3125 0.375
vt 0.5 0.8125
vt 0.5 0.625
vt 0.3125 0.625
vt 0.3125 0.8125
vt 0.5 0.8125
vt 0.5 0.625
vt 0.3125 0.625
vt 0.3125 0.8125
vt 0.5 0.8125
vt 0.5 0.625
vt 0.3125 0.625
vt 0.3125 0.8125
vt 0.7656 0.8813
vt 0.7656 0.9219
vt 0.7344 0.9219
vt 0.7344 0.8813
vt 0.7656 0.8813
vt 0.7656 0.9219
vt 0.7344 0.9219
vt 0.7344 0.8813
vt 0.7656 0.8813
vt 0.7656 0.9219
vt 0.7344 0.9219
vt 0.7344 0.8813
vt 0.7656 0.8813
vt 0.7656 0.9219
vt 0.7344 0.9219
vt 0.7344 0.8813
vt 0.7656 0.8813
vt 0.7656 0.9219
vt 0.7344 0.9219
vt 0.7344 0.8813
vt 0.7656 0.8813
vt 0.7656 0.9219
vt 0.7344 0.9219
vt 0.7344 0.8813
vt 0.7656 0.8813
vt 0.7656 0.9219
vt 0.7344 0.9219
vt 0.7344 0.8813
vt 0.7656 0.8813
vt 0.7656 0.9219
vt 0.7344 0.9219
vt 0.7344 0.8813
vt 0.7656 0.8813
vt 0.7656 0.9219
vt 0.7344 0.9219
vt 0.7344 0.8813
vt 0.7656 0.8813
vt 0.7656 0.9219
vt 0.7344 0.9219
vt 0.7344 0.8813
vt 0.75 0.75
vt 0.75 1
vt 0.5156 1
vt 0.5156 0.75
vt 0.75 0.4844
vt 0.5313 0.4844
vt 0.5313 1
vt 0.75 1
vt 0 1
vt 0.2344 1
vt 0.2344 0.4844
vt 0 0.4844
vt 0.7656 0.7656
vt 0.5313 0.7656
vt 0.5313 1
vt 0.7656 1
vt 0.75 0.4844
vt 0.5156 0.4844
vt 0.5156 1
vt 0.75 1
vt 0 1
vt 0.2344 1
vt 0.2344 0.4844
vt 0 0.4844
vt 0.75 0.25
vt 0.5156 0.25
vt 0.5156 0.4688
vt 0.75 0.4688
vt 0.75 0.4844
vt 0.5313 0.4844
vt 0.5313 1
vt 0.75 1
vt 0 1
vt 0.25 1
vt 0.25 0.4844
vt 0 0.4844
vt 0 0.4688
vt 0.25 0.4688
vt 0.25 0.25
vt 0 0.25
vt 0 1
vt 0.25 1
vt 0.25 0.7656
vt 0 0.7656
vt 0.75 0.4844
vt 0.5156 0.4844
vt 0.5156 1
vt 0.75 1
vt 0.5156 0.4688
vt 0.5156 0.25
vt 0.75 0.25
vt 0.75 0.4688
vt 0.25 0.25
vt 0.25 0.4688
vt 0 0.4688
vt 0 0.25
vt 0.375 0.9531
vt 0.375 1
vt 0.1406 1
vt 0.1406 0.9531
vn -1 0 0
vn 1 0 0
vn 0 1 0
vn 0 0 -1
vn -1 0 0
vn 0 1 0
vn 0 0 -1
vn 0 0 -1
vn 0 0 1
vn 0 1 0
vn 0 -1 0
vn 1 0 0
vn 0 0 -1
vn 0 0 -1
vn 0 1 0
vn 0 0 -1
vn -1 0 0
vn 1 0 0
vn 0 1 0
vn 0 -1 0
vn 0 0 1
vn -1 0 0
vn 1 0 0
vn 0 1 0
vn 0 0 1
vn 1 0 0
vn -1 0 0
vn 1 0 0
vn 0 1 0
vn -1 0 0
vn 1 0 0
vn 0 1 0
vn 0 0 1
vn -1 0 0
vn 1 0 0
vn 0 1 0
vn 0 0 -1
vn -1 0 0
vn 1 0 0
vn 0 1 0
vn 0 0 -1
vn 0 0 -1
vn 1 0 0
vn -1 0 0
vn 1 0 0
vn 0 0 -1
vn -1 0 0
vn 0 0 -1
vn -1 0 0
vn 1 0 0
vn 0 1 0
vn 0 -1 0
vn 0 0 -1
vn 1 0 0
vn 1 0 0
vn 0 0 -1
vn -1 0 0
vn -1 0 0
vn 0 1 0
vn 1 0 0
vn 0 0 1
vn 0 0 -1
vn 0 0 -1
vn 0 0 1
vn 0 1 0
vn -1 0 0
vn 1 0 0
vn 0 1 0
vn 0 0 -1
vn 0 0 -1
vn -1 0 0
vn 1 0 0
vn 0 1 0
vn 0 -1 0
vn 0 0 -1
vn 0 -1 0
vn 1 0 0
vn -1 0 0
vn 1 0 0
vn 0 0 -1
vn -1 0 0
vn 0 0 -1
vn 0 1 0
vn 0 -1 0
vn 1 0 0
vn -1 0 0
vn 1 0 0
vn 0 0 -1
vn -1 0 0
vn 0 1 0
vn 0 0 -1
vn 0 0 -1
vn 1 0 0
vn 0 1 0
vn 1 0 0.05
vn 0 0 1
vn -1 0 0
vn 0 1 0
vn 0 0 -1
vn 0 0 -1
vn -1 0 0
vn 0 1 0
vn -1 0 0
vn 0 0 1
vn 0 0 1
vn -1 0 0
vn -1 0 0
vn 1 0 0
vn 0 0 1
vn 0 0 1
vn 1 0 0
vn -1 0 0
vn -1 0 0
vn 1 0 0
vn 0 -0.83 0.55
vn 0 0 1
vn 0 1 0
vn 0 -1 0
vn 0 0 1
vn 1 0 0
vn -1 0 0
vn 0 0.95 0.32
vn 0 0 1
vn -1 0 0
vn 1 0 0
vn 0 -1 0
vn 0 0 1
vn -1 0 0
vn 1 0 0
vn 0 -1 0
vn 0 0 1
vn 0 1 0
vn 0 -1 0
vn 0 0 1
vn -1 0 0
vn 1 0 0
vn 0 0 1
vn 1 0 0
vn 0.32 0.95 0
vn 0 0 1
vn -1 0 0
vn 1 0 0
vn 0 -0.83 0.55
vn 0 0 1
vn 1 0 0
vn 0.32 0.95 0
vn 0 0 1
vn -1 0 0
vn -0.32 -0.95 0
vn 0 0 1
vn -1 0 0
vn -0.32 -0.95 0
vn 0 0 1
vn 1 0 0
vn -1 0 0
vn 0 0.95 0.32
vn 0 0 1
vn 0 -1 0
vn 0 1 0
vn -1 0 0
vn 1 0 0
vn 0 0 1
vn 0 0 -1
vn 0 -1 0
vn -1 0 0
vn 0 0 -1
vn 0 -1 0
vn 1 0 0
vn 0 0 -1
vn 0 -1 0
vn -1 0 0
vn 0 0 1
vn 0 0 1
vn 0 -1 0
vn 1 0 0
vn 0 0 1
vn 0 0 1
vn 0 -1 0
vn 0 0 1
vn 0 1 0.01
vn 0 1 -0.01
vn 0 1 0
vn 0 1 0
vn -1 0 0
vn 1 0 0
vn 0 1 0
vn 0 -1 0.02
vn 0 0 1
vn 0 0 -1
vn -1 0 0
vn 1 0 0
vn -0.01 1 -0.01
vn 0.02 -1 -0.02
vn 0 0 1
vn 0 0 -1
vn -1 0 0
vn 1 0 0
vn 0 0 1
vn 0 1 0
vn 0 -1 0
vn -1 0 0
vn 1 0 0
vn 0 0 -1
vn 0.02 1 0
vn 0 -1 0
vn -1 0 0
vn 1 0 0
vn 0 1 0
vn 0 -1 0
vn 0 -1 0
vn 0 1 0.02
vn -1 0 0
vn 0 0 1
vn 0 0 -1
vn 0 -1 0
vn 0 1 0
vn 1 0 0
vn 0 0 1
vn 0 0 -1
vn 0 -1 0
vn 0 1 0
vn 0 0 1
vn 0 0 -1
vn -1 0 0
vn 1 0 0
vn 0 -0.71 -0.71
vn -0.02 1 0
vn 0 -1 0
vn -1 0 0
vn 1 0 0
vn 0 1 0
vn 0 -1 0
vn -1 0 0
vn 1 0 0
vn 0 0 1
vn 0 1 0
vn 0 -1 0
vn 0 -1 0
vn 0 1 0
vn 0 0 1
vn 0 0 -1
vn 0 -1 0
vn 0 1 -0.02
vn -1 0 0
vn 0 0 1
vn 0 0 -1
vn 0 -1 0
vn 0 1 0
vn 0 0 1
vn 0 0 -1
vn 0 0 1
vn 0 0 1
vn 1 0 0
vn 0 0 1
vn 1 0 0
vn 0 0 1
vn 1 0 0
vn 0 0 -1
vn 0 0 -1
vn 1 0 0
vn -1 0 0
vn 0 0 -1
vn -1 0 0
vn 0 0 -1
vn -1 0 0
vn 0 0 1
vn 0 0 1
vn -1 0 0
vn -1 0 0
vn 1 0 0
vn 0 1 -0.01
vn 0 -1 0
vn 0 0 1
vn 0 0 -1
vn 1 0 0
vn 0 -1 0
vn 0 1 0
vn 0 0 1
vn -1 0 0
vn 0 0 1
vn 1 0 0
vn 0 0 1
vn -1 0 0
vn 0 -1 0
vn 0 1 0
vn 0 0 1
vn -1 0 0
vn 1 0 0
vn 0 -1 0
vn 0 0 1
vn -1 0 0
vn 0 1 0
vn 0 -1 0
vn 0 0 1
vn 1 0 0
vn 0 1 0
vn 0 -1 0
vn 0 0 1
vn -1 0 0
vn 1 0 0
vn 0 1 0
vn 0 -1 0
vn 0 0 1
vn -1 0 0
vn 1 0 0
vn 0 1 0
vn 0 -1 0
vn 0 0 1
vn -1 0 0
vn 1 0 0
vn 0 1 0
vn 0 -1 0
vn 0 0 1
vn 0 1 0
vn 0 -1 0
vn 0 1 0
vn 0 -1 0
vn 0 0.71 0.71
vn 0 -0.73 -0.68
vn 0 -0.71 0.71
vn 0 0.71 -0.71
vn 0 0.71 -0.71
vn 0 -0.73 -0.68
vn 0 -0.71 0.71
vn 0 0.71 0.71
vn 0 1 0
vn 0 -1 0
vn 0 1 0
vn 0 -1 0
vn 0 0.71 0.71
vn 0 -0.73 -0.68
vn 0 -0.71 0.71
vn 0 0.71 -0.71
vn 0 0.71 -0.71
vn 0 -0.73 -0.68
vn 0 -0.71 0.71
vn 0 0.71 0.71
vn 0 -1 0
vn 0 1 0.02
vn 0 0 1
vn 0 0.01 -1
vn 0 0.01 -1
vn 0 -1 0
vn 0 0 1
vn 0 1 0.02
vn 0 -1 0
vn 0 1 0.02
vn 0 0 1
vn 0 0.01 -1
vn 0 0.01 -1
vn 0 -1 0
vn 0 0 1
vn 0 1 0.02
vn 0 -1 0
vn 0 1 0
vn 0 0 -1
vn 0 0 1
vn 0 1 0
vn 0 -1 0
vn -1 0 0
vn 0 0 -1
vn 0 0 -1
vn 0 0 1
vn 0 1 0
vn 0 -1 0
vn 1 0 0
vn -1 0 0
vn 1 0 0
vn 0 0 -1
vn 0 0 1
vn 0 1 0
vn 0 1 0
vn 1 0 0
vn -1 0 0
vn 0 1 0
vn 0 0 -1
vn 0 0 1
vn 0 1 0
vn -1 0 0
vn 1 0 0
vn 0 1 0
vn 0 -1 0
vn 0 0 -1
vn -1 0 0
vn 1 0 0
vn 0 1 0
vn 0 -1 0
vn 0 0 -1
vn -1 0 0
vn 1 0 0
vn 0 1 0
vn 0 -1 0
vn 0 0 -1
vn 0 0 -1
vn -1 0 0
vn 1 0 0
vn 0 0 -1
vn 0 -1 0
vn 0 1 0
vn 0 0 -1
vn -1 0 0
vn 1 0 0
vn 0 1 0
vn 0 -1 0
vn 0 0 -1
vn 0 0 1
vn 0 1 0
vn -1 0 0
vn 1 0 0
vn 0 -1 0
vn 0 1 0
vn 1 0 0
vn 0 0 1
vn 0 0 -1
vn -0.89 0 -0.45
vn 0 1 0
vn 0 -1 0
vn 0 0 -1
vn 1 0 0
vn -1 0 0
vn 0 1 0
vn 0 0 -1
vn 0 0.13 0.99
vn 0 -0.13 -0.99
vn 0 0.99 -0.13
vn 0 -0.99 0.13
vn -1 0 0
vn 0 0.71 -0.71
vn 0 1 0
vn -1 0 0
vn 1 0 0
vn 0 0 -1
vn -1 0 0
vn 1 0 0
vn 0 0 1
vn 0 0.71 -0.71
vn 0 1 0
vn -1 0 0
vn 1 0 0
vn 0 0 1
vn -0.01 0 -1
vn 0.71 -0.71 -0.04
vn -1 0 0
vn 1 0 0
vn -1 0 0
vn 1 0 0
vn 0 1 0
vn 0 -1 0
vn 0 0 -1
vn -1 0 0
vn 1 0 0
vn 0 1 0
vn 0 -1 0
vn 0 0 -1
vn 0 -1 0
vn 0 1 0
vn 0 0 -1
vn 0 0 -1
vn 0 0 1
vn 0 1 0
vn 0 -1 0
vn 1 0 0
vn 0 0 1
vn 0 1 0
vn 0 -1 0
vn -1 0 0
vn 0 0 -1
vn 0 0 -1
vn 0 0 1
vn 0 1 0
vn 0 -1 0
vn -1 0 0
vn 0 0 1
vn 0 1 0
vn 0 -1 0
vn -1 0 0
vn 0 0 -1
vn 0 1 0
vn 0 -1 0
vn 0 0 1
vn 0 0 -1
vn 0 0 -1
vn 0 0 1
vn 0 1 0
vn 0 -1 0
vn 1 0 0
vn 0 -1 0
vn 0 1 0
vn 0 0 1
vn 0 0 -1
vn 0.89 0 -0.45
vn 0 0 -1
vn 0 1 0
vn 0 -1 0
vn 0 -1 0
vn 0 1 0
vn 0 0 1
vn 0 0 -1
vn -0.89 0 0.45
vn 0 0 1
vn 0 1 0
vn 0 -1 0
vn -1 0 0
vn 1 0 0
vn 0 1 0
vn 0 -1 0
vn 0 0 1
vn 0 0 1
vn 0 1 0
vn -1 0 0
vn 0 0 -1
vn 0 0 1
vn 0 1 0
vn 0 0.71 -0.71
vn 0 1 0
vn -1 0 0
vn 1 0 0
vn 0 0 1
vn 0.01 0 -1
vn -0.01 -1 0
vn -1 0 0
vn 1 0 0
vn 0 1 0
vn -1 0 0
vn 0 0 1
vn -1 0 0
vn 0 0 -1
vn -1 0 0
vn 0 1 0
vn 0 0 -1
vn -1 0 0
vn 0 1 0
vn 0 0 1
vn 0 0 -1
vn 0 0 1
vn 1 0 0
vn 0 0 -1
vn 0 0 -1
vn -1 0 0
vn 1 0 0
vn -1 0 0
vn 1 0 0
vn 0 0 -1
vn 0 0 -1
vn 0 1 0
vn 1 0 0
vn 1 0 0
vn 0 1 0
vn 0 0 -1
vn -1 0 0
vn 0 0 -1
vn 0 1 0
vn 0 1 0
vn 0 0 1
vn 0 0 1
vn 0 0 -1
vn 0 0 -1
vn 0 0 -1
vn -1 0 0
vn -1 0 0
vn 0 0 1
vn 0 0 1
vn 0 0 1
vn 0 0 -1
vn 0 0 -1
vn 0 0 -1
vn 1 0 0
vn 0 0 1
vn 0 0 1
vn 0 0 1
vn -1 0 0
vn -1 0 0
vn 0 0 -1
vn 0 0 -1
vn 0 1 0
vn 0 1 0
vn 0 0 1
vn 0 0 1
vn 0 0 1
vn 0 0 1
vn 0 0 -1
vn 0 0 -1
vn 0 0 -1
vn 0 1 0
vn 0 1 0
vn 0 1 0
vn 0 0 1
vn 0 0 -1
vn 0 1 0
vn 0 0 -1
vn 0 1 0
vn 0 0 -1
vn 0 0 -1
vn 1 0 0
vn 0 0 1
vn 1 0 0
vn 0 0 1
vn 0 0 -1
vn 1 0 0
vn 1 0 0
vn -1 0 0
vn 0 0 -1
vn 1 0 0
vn -1 0 0
vn 0 0 1
vn 0 0 -1
vn 1 0 0
vn -1 0 0
vn 0 0 1
vn 0 0 -1
vn 1 0 0
vn -1 0 0
vn 0 0 1
vn 0 0 -1
vn 1 0 0
vn -1 0 0
vn 0 0 1
vn 1 0 0
vn 0 1 0
vn 0 -1 0
vn 0 0 1
vn 0 0 -1
vn 0 0 1
vn 1 0 0
vn 0 0 -1
vn 1 0 0
vn 0 0 -1
vn 0 0 1
vn 1 0 0
vn 1 0 0
vn -1 0 0
vn 0 0 1
vn 1 0 0
vn -1 0 0
vn 0 0 -1
vn 0 0 1
vn 1 0 0
vn -1 0 0
vn 0 0 -1
vn 0 0 1
vn 1 0 0
vn -1 0 0
vn 0 0 -1
vn 0 0 1
vn 1 0 0
vn -1 0 0
vn 0 0 -1
vn 1 0 0
vn -1 0 0
vn 0 -1 0
vn 0 1 0
vn 0 0 -1
vn 0 0 1
vn 0 0 1
vn -1 0 0
vn 0 0 -1
vn -1 0 0
vn 0 0 -1
vn 0 0 1
vn -1 0 0
vn -1 0 0
vn 1 0 0
vn 0 0 1
vn -1 0 0
vn 1 0 0
vn 0 0 -1
vn 0 0 1
vn -1 0 0
vn 1 0 0
vn 0 0 -1
vn 0 0 1
vn -1 0 0
vn 1 0 0
vn 0 0 -1
vn 0 0 1
vn -1 0 0
vn 1 0 0
vn 0 0 -1
vn -1 0 0
vn 0 1 0
vn 0 -1 0
vn 0 0 -1
vn 0 0 1
vn 0 0 -1
vn -1 0 0
vn 0 0 1
vn -1 0 0
vn 0 0 1
vn 0 0 -1
vn -1 0 0
vn -1 0 0
vn 1 0 0
vn 0 0 -1
vn -1 0 0
vn 1 0 0
vn 0 0 1
vn 0 0 -1
vn -1 0 0
vn 1 0 0
vn 0 0 1
vn 0 0 -1
vn -1 0 0
vn 1 0 0
vn 0 0 1
vn 0 0 -1
vn -1 0 0
vn 1 0 0
vn 0 0 1
vn -1 0 0
vn 1 0 0
vn 0 -1 0
vn 0 1 0
vn 0 0 1
vn 0 0 -1
vn 0 1 0
vn 0 0 1
vn 0 0 -1
vn 1 0 0
vn 1 0 0
vn 0 1 0
vn 1 0 0
vn -1 0 0
vn 0 0 -1
vn 0 0 1
vn -0.71 0.71 0
vn 0.71 0.71 0
vn 0 1 0
vn 0 0.71 0.71
vn 0 0.71 -0.71
vn 0 0 1
vn 0 0 -1
vn -1 0 0
vn 1 0 0
vn 0 1 0
vn 0 0 -1
vn 0 0 1
vn 0 1 0
vn 0 0 -1
vn 1 0 0
vn 0 0 1
vn 0 0 1
vn -1 0 0
vn 0 0 -1
vn 1 0 0
vn -1 0 0
vn -1 0 0
vn 0 1 0
vn 0 1 0
vn 1 0 0
vn -1 0 0
vn 1 0 0
vn 0 0.95 -0.32
vn 0 0 -1
vn 1 0 0
vn 0 0 -1
vn -1 0 0
vn -1 0 0
vn 1 0 0
vn 0 0.95 -0.32
vn 0 0 -1
vn 1 0 0
vn 0 0 -1
vn -1 0 0
vn 0 -1 0
vn 0 -1 0
vn 0 -1 0
vn 0 -1 0
vn 0 -1 0
vn 0 -1 0
vn 0 -1 0
vn 0 -1 0
vn 0 -1 0
vn 0 -1 0
vn 1 0 0
vn -1 0 0
vn 1 0 0
vn 0 -1 0
vn 0 0 -1
vn -1 0 0
vn 0 -1 0
vn 1 0 0
vn 0 0 -1
vn 0 -1 0
vn 0 -1 0
vn 0 0 1
vn 0 1 0
vn 0 1 0
vn 0 0 1
usemtl common_steel
f 3/1/1 4/2/1 6/3/1 5/4/1
f 8/5/2 7/6/2 9/7/2 2/8/2
f 8/9/3 4/10/3 3/11/3 7/12/3
f 4/13/4 8/14/4 2/15/4 6/16/4
f 10/17/5 11/18/5 1/19/5 12/20/5
f 14/21/6 11/22/6 10/23/6 13/24/6
f 11/25/7 14/26/7 15/27/7 1/28/7
usemtl common_thingies
f 18/29/8 19/30/8 21/31/8 20/32/8
f 23/33/9 22/34/9 24/35/9 25/36/9
f 23/37/10 19/38/10 18/39/10 22/40/10
f 24/41/11 20/42/11 21/43/11 25/44/11
f 19/45/12 23/46/12 25/47/12 21/48/12
usemtl projectile_workshop
f 26/49/13 28/50/13 29/51/13 27/52/13
f 28/53/14 30/54/14 31/55/14 29/56/14
usemtl conveyor
f 35/57/15 33/58/15 32/59/15 34/60/15
f 34/61/16 32/62/16 1/63/16 2/64/16
usemtl common_thingies
f 36/65/17 37/66/17 39/67/17 38/68/17
f 41/69/18 40/70/18 42/71/18 43/72/18
f 41/73/19 37/74/19 36/75/19 40/76/19
f 42/77/20 38/78/20 39/79/20 43/80/20
f 40/81/21 36/82/21 38/83/21 42/84/21
f 44/85/22 45/86/22 47/87/22 46/88/22
f 49/89/23 48/90/23 50/91/23 51/92/23
f 49/93/24 45/94/24 44/95/24 48/96/24
f 48/97/25 44/98/25 46/99/25 50/100/25
usemtl common_steel
f 54/101/26 13/102/26 55/103/26 56/104/26
f 57/105/27 1088/106/27 1091/107/27 58/108/27
f 60/109/28 59/110/28 61/111/28 62/112/28
f 60/113/29 1088/114/29 57/115/29 59/116/29
f 63/117/30 57/118/30 58/119/30 64/120/30
f 59/121/31 65/122/31 66/123/31 61/124/31
f 59/125/32 57/126/32 63/127/32 65/128/32
f 67/129/33 1088/130/33 1091/131/33 68/132/33
f 69/133/34 70/134/34 72/135/34 71/136/34
f 74/137/35 73/138/35 75/139/35 76/140/35
f 74/141/36 70/142/36 69/143/36 73/144/36
f 70/145/37 74/146/37 76/147/37 72/148/37
usemtl common_thingies
f 78/149/38 79/150/38 53/151/38 80/152/38
f 82/153/39 81/154/39 83/155/39 84/156/39
f 82/157/40 79/158/40 78/159/40 81/160/40
f 79/161/41 82/162/41 84/163/41 53/164/41
usemtl projectile_workshop
f 92/165/42 93/166/42 90/167/42 89/168/42
f 91/169/43 92/170/43 89/171/43 85/172/43
f 93/173/44 94/174/44 86/175/44 90/176/44
f 92/177/45 91/178/45 87/179/45 75/180/45
f 93/181/46 92/182/46 75/183/46 71/184/46
f 94/185/47 93/186/47 71/187/47 88/188/47
f 99/189/48 98/190/48 100/191/48 89/192/48
f 99/193/49 96/194/49 95/195/49 98/196/49
f 100/197/50 97/198/50 85/199/50 89/200/50
f 98/201/51 95/202/51 97/203/51 100/204/51
f 96/205/52 99/206/52 89/207/52 85/208/52
f 106/209/53 107/210/53 99/211/53 104/212/53
f 105/213/54 106/214/54 104/215/54 101/216/54
f 106/217/55 105/218/55 102/219/55 66/220/55
f 107/221/56 106/222/56 66/223/56 64/224/56
f 108/225/57 107/226/57 64/227/57 103/228/57
f 107/229/58 108/230/58 96/231/58 99/232/58
usemtl common_rough_steel
f 119/233/59 117/234/59 113/235/59 112/236/59
f 87/237/60 111/238/60 110/239/60 114/240/60
f 118/241/61 119/242/61 112/243/61 115/244/61
usemtl projectile_workshop
f 117/245/62 103/246/62 116/247/62 113/248/62
f 103/249/63 117/250/63 111/251/63 87/252/63
usemtl common_rough_steel
f 119/253/64 118/254/64 114/255/64 110/256/64
f 117/257/65 119/258/65 110/259/65 111/260/65
usemtl common_thingies
f 120/261/66 121/262/66 123/263/66 122/264/66
f 125/265/67 124/266/67 126/267/67 127/268/67
f 125/269/68 121/270/68 120/271/68 124/272/68
f 121/273/69 125/274/69 127/275/69 123/276/69
usemtl projectile_workshop
f 133/277/70 132/278/70 134/279/70 135/280/70
f 133/281/71 129/282/71 128/283/71 132/284/71
f 134/285/72 130/286/72 131/287/72 135/288/72
f 132/289/73 128/290/73 130/291/73 134/292/73
f 129/293/74 133/294/74 135/295/74 131/296/74
f 141/297/75 142/298/75 133/299/75 139/300/75
f 9/301/76 137/302/76 138/303/76 5/304/76
f 140/305/77 141/306/77 139/307/77 136/308/77
f 142/309/78 143/310/78 129/311/78 133/312/78
f 141/313/79 140/314/79 137/315/79 9/316/79
f 142/317/80 141/318/80 9/319/80 5/320/80
f 143/321/81 142/322/81 5/323/81 138/324/81
f 149/325/82 150/326/82 147/327/82 135/328/82
f 147/329/83 144/330/83 131/331/83 135/332/83
f 55/333/84 145/334/84 146/335/84 12/336/84
f 148/337/85 149/338/85 135/339/85 131/340/85
f 150/341/86 151/342/86 144/343/86 147/344/86
f 149/345/87 148/346/87 145/347/87 55/348/87
f 150/349/88 149/350/88 55/351/88 12/352/88
f 151/353/89 150/354/89 12/355/89 146/356/89
usemtl common_rough_steel
f 155/357/90 781/358/90 780/359/90 156/360/90
f 761/361/91 779/362/91 778/363/91 769/364/91
usemtl common_steel
f 162/365/92 786/366/92 787/367/92 157/368/92
f 161/369/93 163/370/93 164/371/93 160/372/93
usemtl common_rough_steel
f 165/373/94 782/374/94 781/375/94 155/376/94
usemtl common_bottom
f 112/377/95 167/378/95 168/379/95 115/380/95
usemtl common_steel
f 774/381/96 784/382/96 783/383/96 765/384/96
f 762/385/97 777/386/97 776/387/97 763/388/97
usemtl common_rough_steel
f 156/389/98 172/390/98 171/391/98 155/392/98
usemtl common_steel
f 761/393/99 769/394/99 777/395/99 762/396/99
f 175/397/100 162/398/100 157/399/100 174/400/100
f 176/401/101 175/402/101 174/403/101 173/404/101
usemtl common_rough_steel
f 155/405/102 171/406/102 177/407/102 165/408/102
usemtl common_steel
f 763/409/103 776/410/103 775/411/103 764/412/103
f 764/413/104 775/414/104 774/415/104 765/416/104
f 170/417/105 178/418/105 726/419/105 169/420/105
f 178/421/106 176/422/106 173/423/106 726/424/106
usemtl common_copper_cable
f 190/425/107 187/426/107 179/427/107 180/428/107
f 188/429/108 189/430/108 184/431/108 183/432/108
f 187/433/109 188/434/109 183/435/109 179/436/109
f 188/437/110 187/438/110 181/439/110 185/440/110
f 189/441/111 188/442/111 185/443/111 186/444/111
f 187/445/112 190/446/112 182/447/112 181/448/112
f 181/449/113 182/450/113 192/451/113 191/452/113
f 186/453/114 185/454/114 193/455/114 194/456/114
f 193/457/115 191/458/115 192/459/115 194/460/115
f 185/461/116 181/462/116 191/463/116 193/464/116
f 195/465/117 196/466/117 198/467/117 197/468/117
f 180/469/118 179/470/118 199/471/118 200/472/118
f 179/473/119 195/474/119 197/475/119 199/476/119
f 201/477/120 202/478/120 204/479/120 203/480/120
f 206/481/121 205/482/121 207/483/121 208/484/121
f 207/485/122 203/486/122 204/487/122 208/488/122
f 205/489/123 201/490/123 203/491/123 207/492/123
f 205/493/124 206/494/124 210/495/124 209/496/124
f 202/497/125 201/498/125 197/499/125 198/500/125
f 197/501/126 209/502/126 210/503/126 198/504/126
f 201/505/127 205/506/127 209/507/127 197/508/127
f 211/509/128 212/510/128 214/511/128 213/512/128
f 216/513/129 215/514/129 217/515/129 218/516/129
f 217/517/130 213/518/130 214/519/130 218/520/130
f 215/521/131 211/522/131 213/523/131 217/524/131
f 219/525/132 220/526/132 218/527/132 217/528/132
f 222/529/133 221/530/133 223/531/133 224/532/133
f 221/533/134 219/534/134 217/535/134 223/536/134
f 221/537/135 222/538/135 226/539/135 225/540/135
f 228/541/136 227/542/136 229/543/136 230/544/136
f 227/545/137 221/546/137 225/547/137 229/548/137
f 232/549/138 231/550/138 227/551/138 228/552/138
f 232/553/139 220/554/139 219/555/139 231/556/139
f 231/557/140 219/558/140 221/559/140 227/560/140
f 225/561/141 226/562/141 234/563/141 233/564/141
f 230/565/142 229/566/142 235/567/142 236/568/142
f 235/569/143 233/570/143 234/571/143 236/572/143
f 229/573/144 225/574/144 233/575/144 235/576/144
f 238/577/145 237/578/145 183/579/145 184/580/145
f 238/581/146 196/582/146 195/583/146 237/584/146
f 237/585/147 195/586/147 179/587/147 183/588/147
f 240/589/148 239/590/148 209/591/148 210/592/148
f 240/593/149 200/594/149 199/595/149 239/596/149
f 239/597/150 199/598/150 197/599/150 209/600/150
f 242/601/151 241/602/151 213/603/151 214/604/151
f 242/605/152 224/606/152 223/607/152 241/608/152
f 241/609/153 223/610/153 217/611/153 213/612/153
f 215/613/154 216/614/154 244/615/154 243/616/154
f 212/617/155 211/618/155 245/619/155 246/620/155
f 245/621/156 243/622/156 244/623/156 246/624/156
f 211/625/157 215/626/157 243/627/157 245/628/157
usemtl common_steel
f 247/629/158 248/630/158 250/631/158 249/632/158
f 252/633/159 251/634/159 743/635/159 114/636/159
f 252/637/160 248/638/160 247/639/160 251/640/160
f 743/641/161 249/642/161 250/643/161 114/644/161
f 251/645/162 247/646/162 249/647/162 743/648/162
f 248/649/163 252/650/163 114/651/163 250/652/163
usemtl common_bottom
f 254/653/164 258/654/164 259/655/164 256/656/164
usemtl common_machinebase
f 255/657/165 253/658/165 254/659/165 256/660/165
f 253/661/166 257/662/166 258/663/166 254/664/166
usemtl common_bottom
f 258/665/167 261/666/167 263/667/167 259/668/167
usemtl common_machinebase
f 260/669/168 262/670/168 263/671/168 261/672/168
f 257/673/169 260/674/169 261/675/169 258/676/169
usemtl common_bottom
f 265/677/170 267/678/170 256/679/170 259/680/170
usemtl common_machinebase
f 266/681/171 255/682/171 256/683/171 267/684/171
f 264/685/172 266/686/172 267/687/172 265/688/172
usemtl common_steel
f 274/689/173 275/690/173 269/691/173 273/692/173
usemtl common_bottom
f 275/693/174 276/694/174 263/695/174 269/696/174
usemtl common_machinebase
f 262/697/175 268/698/175 269/699/175 263/700/175
usemtl common_steel
f 277/701/176 274/702/176 273/703/176 268/704/176
f 275/705/177 274/706/177 272/707/177 271/708/177
usemtl common_bottom
f 276/709/178 275/710/178 271/711/178 259/712/178
usemtl common_steel
f 274/713/179 277/714/179 270/715/179 272/716/179
usemtl common_rough_steel
f 253/717/180 278/718/180 279/719/180 260/720/180
f 280/721/181 266/722/181 264/723/181 270/724/181
f 280/725/182 281/726/182 282/727/182 278/728/182
f 283/729/183 268/730/183 279/731/183 284/732/183
f 286/733/184 6/734/184 253/735/184 287/736/184
f 289/737/185 288/738/185 290/739/185 291/740/185
f 289/741/186 6/742/186 286/743/186 288/744/186
f 290/745/187 287/746/187 253/747/187 291/748/187
f 288/749/188 286/750/188 287/751/188 290/752/188
f 6/753/189 289/754/189 291/755/189 253/756/189
f 292/757/190 293/758/190 294/759/190 266/760/190
f 296/761/191 295/762/191 297/763/191 298/764/191
f 296/765/192 293/766/192 292/767/192 295/768/192
f 297/769/193 266/770/193 294/771/193 298/772/193
f 295/773/194 292/774/194 266/775/194 297/776/194
f 293/777/195 296/778/195 298/779/195 294/780/195
usemtl common_steel
f 299/781/196 300/782/196 301/783/196 293/784/196
f 303/785/197 302/786/197 304/787/197 305/788/197
f 304/789/198 293/790/198 301/791/198 305/792/198
f 302/793/199 299/794/199 293/795/199 304/796/199
f 300/797/200 303/798/200 305/799/200 301/800/200
f 286/801/201 306/802/201 308/803/201 307/804/201
f 310/805/202 309/806/202 311/807/202 312/808/202
f 310/809/203 306/810/203 286/811/203 309/812/203
f 309/813/204 286/814/204 307/815/204 311/816/204
f 306/817/205 310/818/205 312/819/205 308/820/205
f 307/821/206 308/822/206 300/823/206 299/824/206
f 312/825/207 311/826/207 302/827/207 303/828/207
f 311/829/208 307/830/208 299/831/208 302/832/208
f 308/833/209 312/834/209 303/835/209 300/836/209
usemtl common_bottom
f 313/837/210 314/838/210 316/839/210 315/840/210
f 289/841/211 317/842/211 318/843/211 319/844/211
f 289/845/212 314/846/212 313/847/212 317/848/212
f 317/849/213 313/850/213 315/851/213 318/852/213
f 314/853/214 289/854/214 319/855/214 316/856/214
usemtl common_steel
f 320/857/215 285/858/215 322/859/215 321/860/215
f 324/861/216 323/862/216 325/863/216 326/864/216
f 325/865/217 321/866/217 322/867/217 326/868/217
f 323/869/218 320/870/218 321/871/218 325/872/218
f 285/873/219 324/874/219 326/875/219 322/876/219
f 327/877/220 328/878/220 285/879/220 320/880/220
f 330/881/221 329/882/221 323/883/221 324/884/221
f 329/885/222 327/886/222 320/887/222 323/888/222
f 328/889/223 330/890/223 324/891/223 285/892/223
f 68/893/224 331/894/224 333/895/224 332/896/224
f 335/897/225 334/898/225 336/899/225 337/900/225
f 335/901/226 331/902/226 68/903/226 334/904/226
f 334/905/227 68/906/227 332/907/227 336/908/227
f 331/909/228 335/910/228 337/911/228 333/912/228
f 332/913/229 333/914/229 339/915/229 338/916/229
f 337/917/230 336/918/230 340/919/230 341/920/230
f 336/921/231 332/922/231 338/923/231 340/924/231
f 333/925/232 337/926/232 341/927/232 339/928/232
f 338/929/233 339/930/233 343/931/233 342/932/233
f 341/933/234 340/934/234 114/935/234 250/936/234
f 114/937/235 342/938/235 343/939/235 250/940/235
f 340/941/236 338/942/236 342/943/236 114/944/236
f 339/945/237 341/946/237 250/947/237 343/948/237
f 315/949/238 316/950/238 328/951/238 327/952/238
f 319/953/239 318/954/239 329/955/239 330/956/239
f 318/957/240 315/958/240 327/959/240 329/960/240
f 316/961/241 319/962/241 330/963/241 328/964/241
f 344/965/242 345/966/242 347/967/242 346/968/242
f 348/969/243 295/970/243 349/971/243 350/972/243
f 348/973/244 345/974/244 344/975/244 295/976/244
f 295/977/245 344/978/245 346/979/245 349/980/245
f 345/981/246 348/982/246 350/983/246 347/984/246
f 346/985/247 347/986/247 352/987/247 351/988/247
f 350/989/248 349/990/248 353/991/248 354/992/248
f 349/993/249 346/994/249 351/995/249 353/996/249
f 347/997/250 350/998/250 354/999/250 352/1000/250
f 361/1001/251 362/1002/251 270/1003/251 277/1004/251
f 360/1005/252 361/1006/252 277/1007/252 283/1008/252
f 360/1009/253 359/1010/253 356/1011/253 357/1012/253
f 362/1013/254 361/1014/254 358/1015/254 352/1016/254
f 359/1017/255 360/1018/255 283/1019/255 355/1020/255
f 361/1021/256 360/1022/256 357/1023/256 358/1024/256
f 370/1025/257 368/1026/257 364/1027/257 356/1028/257
f 368/1029/258 369/1030/258 367/1031/258 364/1032/258
f 369/1033/259 368/1034/259 363/1035/259 366/1036/259
f 368/1037/260 370/1038/260 365/1039/260 363/1040/260
f 374/1041/261 375/1042/261 152/1043/261 372/1044/261
f 369/1045/262 374/1046/262 372/1047/262 367/1048/262
f 375/1049/263 374/1050/263 371/1051/263 373/1052/263
f 374/1053/264 369/1054/264 366/1055/264 371/1056/264
f 380/1057/265 375/1058/265 373/1059/265 377/1060/265
f 379/1061/266 380/1062/266 377/1063/266 376/1064/266
f 380/1065/267 379/1066/267 352/1067/267 378/1068/267
f 375/1069/268 380/1070/268 378/1071/268 152/1072/268
usemtl common_rough_steel
f 381/1073/269 326/1074/269 383/1075/269 382/1076/269
f 384/1077/270 334/1078/270 385/1079/270 260/1080/270
f 384/1081/271 326/1082/271 381/1083/271 334/1084/271
f 385/1085/272 382/1086/272 383/1087/272 260/1088/272
f 334/1089/273 381/1090/273 382/1091/273 385/1092/273
f 326/1093/274 384/1094/274 260/1095/274 383/1096/274
usemtl common_steel
f 386/1097/275 269/1098/275 741/1099/275 387/1100/275
f 275/1101/276 269/1102/276 386/1103/276 388/1104/276
f 389/1105/277 387/1106/277 741/1107/277 390/1108/277
f 388/1109/278 386/1110/278 387/1111/278 389/1112/278
f 391/1113/279 392/1114/279 394/1115/279 393/1116/279
f 395/1117/280 391/1118/280 393/1119/280 389/1120/280
f 397/1121/281 396/1122/281 398/1123/281 399/1124/281
f 396/1125/282 395/1126/282 389/1127/282 398/1128/282
f 271/1129/283 265/1130/283 400/1131/283 401/1132/283
f 271/1133/284 275/1134/284 388/1135/284 265/1136/284
f 400/1137/285 389/1138/285 390/1139/285 401/1140/285
f 265/1141/286 388/1142/286 389/1143/286 400/1144/286
f 402/1145/287 403/1146/287 401/1147/287 400/1148/287
f 405/1149/288 404/1150/288 406/1151/288 407/1152/288
f 406/1153/289 400/1154/289 401/1155/289 407/1156/289
f 404/1157/290 402/1158/290 400/1159/290 406/1160/290
f 353/1161/291 354/1162/291 403/1163/291 402/1164/291
f 742/1165/292 354/1166/292 353/1167/292 408/1168/292
f 395/1169/293 402/1170/293 403/1171/293 744/1172/293
f 408/1173/294 353/1174/294 402/1175/294 395/1176/294
f 743/1177/295 409/1178/295 410/1179/295 739/1180/295
f 743/1181/296 742/1182/296 408/1183/296 409/1184/296
f 410/1185/297 395/1186/297 744/1187/297 739/1188/297
f 409/1189/298 408/1190/298 395/1191/298 410/1192/298
f 411/1193/299 738/1194/299 740/1195/299 412/1196/299
f 739/1197/300 410/1198/300 387/1199/300 741/1200/300
f 739/1201/301 738/1202/301 411/1203/301 410/1204/301
f 387/1205/302 412/1206/302 740/1207/302 741/1208/302
f 410/1209/303 411/1210/303 412/1211/303 387/1212/303
usemtl common_thingies
f 413/1213/304 414/1214/304 416/1215/304 415/1216/304
f 418/1217/305 417/1218/305 419/1219/305 420/1220/305
f 418/1221/306 414/1222/306 413/1223/306 417/1224/306
f 419/1225/307 415/1226/307 416/1227/307 420/1228/307
f 417/1229/308 413/1230/308 415/1231/308 419/1232/308
f 421/1233/309 422/1234/309 424/1235/309 423/1236/309
f 426/1237/310 425/1238/310 427/1239/310 428/1240/310
f 426/1241/311 422/1242/311 421/1243/311 425/1244/311
f 427/1245/312 423/1246/312 424/1247/312 428/1248/312
f 425/1249/313 421/1250/313 423/1251/313 427/1252/313
usemtl common_steel
f 436/1253/314 437/1254/314 435/1255/314 433/1256/314
f 438/1257/315 439/1258/315 434/1259/315 77/1260/315
f 437/1261/316 436/1262/316 429/1263/316 431/1264/316
f 439/1265/317 438/1266/317 432/1267/317 430/1268/317
f 450/1269/318 447/1270/318 441/1271/318 440/1272/318
f 448/1273/319 449/1274/319 442/1275/319 443/1276/319
f 449/1277/320 450/1278/320 440/1279/320 442/1280/320
f 447/1281/321 448/1282/321 443/1283/321 441/1284/321
f 448/1285/322 447/1286/322 445/1287/322 52/1288/322
f 449/1289/323 448/1290/323 52/1291/323 446/1292/323
f 450/1293/324 449/1294/324 446/1295/324 444/1296/324
f 447/1297/325 450/1298/325 444/1299/325 445/1300/325
f 455/1301/326 456/1302/326 453/1303/326 451/1304/326
f 457/1305/327 458/1306/327 452/1307/327 454/1308/327
f 456/1309/328 455/1310/328 433/1311/328 435/1312/328
f 458/1313/329 457/1314/329 77/1315/329 434/1316/329
f 466/1317/330 463/1318/330 445/1319/330 444/1320/330
f 464/1321/331 465/1322/331 446/1323/331 52/1324/331
f 465/1325/332 466/1326/332 444/1327/332 446/1328/332
f 463/1329/333 464/1330/333 52/1331/333 445/1332/333
f 464/1333/334 463/1334/334 460/1335/334 462/1336/334
f 465/1337/335 464/1338/335 462/1339/335 461/1340/335
f 466/1341/336 465/1342/336 461/1343/336 459/1344/336
f 463/1345/337 466/1346/337 459/1347/337 460/1348/337
f 474/1349/338 475/1350/338 468/1351/338 469/1352/338
f 476/1353/339 464/1354/339 52/1355/339 472/1356/339
f 475/1357/340 476/1358/340 472/1359/340 468/1360/340
f 464/1361/341 474/1362/341 469/1363/341 52/1364/341
f 474/1365/342 464/1366/342 462/1367/342 471/1368/342
f 475/1369/343 474/1370/343 471/1371/343 470/1372/343
f 476/1373/344 475/1374/344 470/1375/344 473/1376/344
f 464/1377/345 476/1378/345 473/1379/345 462/1380/345
f 109/1381/346 480/1382/346 477/1383/346 478/1384/346
f 481/1385/347 448/1386/347 443/1387/347 479/1388/347
f 480/1389/348 481/1390/348 479/1391/348 477/1392/348
f 448/1393/349 109/1394/349 478/1395/349 443/1396/349
f 109/1397/350 448/1398/350 52/1399/350 469/1400/350
f 480/1401/351 109/1402/351 469/1403/351 468/1404/351
f 481/1405/352 480/1406/352 468/1407/352 472/1408/352
f 448/1409/353 481/1410/353 472/1411/353 52/1412/353
usemtl common_copper_cable
f 482/1413/354 483/1414/354 485/1415/354 484/1416/354
f 487/1417/355 486/1418/355 488/1419/355 489/1420/355
f 483/1421/356 487/1422/356 489/1423/356 485/1424/356
usemtl common_thingies
f 495/1425/357 494/1426/357 496/1427/357 497/1428/357
f 495/1429/358 491/1430/358 490/1431/358 494/1432/358
f 496/1433/359 492/1434/359 493/1435/359 497/1436/359
f 494/1437/360 490/1438/360 492/1439/360 496/1440/360
f 490/1441/361 491/1442/361 493/1443/361 492/1444/361
f 498/1445/362 499/1446/362 501/1447/362 500/1448/362
f 503/1449/363 502/1450/363 504/1451/363 505/1452/363
f 503/1453/364 499/1454/364 498/1455/364 502/1456/364
f 504/1457/365 500/1458/365 501/1459/365 505/1460/365
f 499/1461/366 503/1462/366 505/1463/366 501/1464/366
usemtl projectile_workshop
f 517/1465/367 514/1466/367 506/1467/367 507/1468/367
f 515/1469/368 516/1470/368 511/1471/368 510/1472/368
f 17/1473/369 519/1474/369 507/1475/369 506/1476/369
f 520/1477/370 521/1478/370 508/1479/370 509/1480/370
f 518/1481/371 17/1482/371 506/1483/371 514/1484/371
f 521/1485/372 518/1486/372 514/1487/372 508/1488/372
f 516/1489/373 515/1490/373 512/1491/373 513/1492/373
f 514/1493/374 517/1494/374 509/1495/374 508/1496/374
f 17/1497/375 518/1498/375 515/1499/375 510/1500/375
f 519/1501/376 17/1502/376 510/1503/376 511/1504/376
f 521/1505/377 520/1506/377 513/1507/377 512/1508/377
f 518/1509/378 521/1510/378 512/1511/378 515/1512/378
usemtl common_thingies
f 522/1513/379 523/1514/379 525/1515/379 524/1516/379
f 527/1517/380 526/1518/380 528/1519/380 529/1520/380
f 527/1521/381 523/1522/381 522/1523/381 526/1524/381
f 528/1525/382 524/1526/382 525/1527/382 529/1528/382
f 523/1529/383 527/1530/383 529/1531/383 525/1532/383
f 530/1533/384 531/1534/384 533/1535/384 532/1536/384
f 535/1537/385 534/1538/385 536/1539/385 537/1540/385
f 535/1541/386 531/1542/386 530/1543/386 534/1544/386
f 536/1545/387 532/1546/387 533/1547/387 537/1548/387
f 531/1549/388 535/1550/388 537/1551/388 533/1552/388
usemtl common_rough_steel
f 547/1553/389 548/1554/389 538/1555/389 539/1556/389
f 549/1557/390 546/1558/390 543/1559/390 542/1560/390
f 553/1561/391 554/1562/391 539/1563/391 538/1564/391
f 551/1565/392 552/1566/392 540/1567/392 541/1568/392
f 554/1569/393 550/1570/393 547/1571/393 539/1572/393
f 550/1573/394 551/1574/394 541/1575/394 547/1576/394
f 548/1577/395 547/1578/395 541/1579/395 540/1580/395
f 546/1581/396 549/1582/396 544/1583/396 545/1584/396
f 551/1585/397 550/1586/397 546/1587/397 545/1588/397
f 552/1589/398 551/1590/398 545/1591/398 544/1592/398
f 554/1593/399 553/1594/399 542/1595/399 543/1596/399
f 550/1597/400 554/1598/400 543/1599/400 546/1600/400
usemtl common_copper_cable
f 555/1601/401 556/1602/401 558/1603/401 557/1604/401
f 560/1605/402 559/1606/402 561/1607/402 562/1608/402
f 559/1609/403 555/1610/403 557/1611/403 561/1612/403
f 556/1613/404 560/1614/404 562/1615/404 558/1616/404
usemtl common_thingies
f 563/1617/405 564/1618/405 566/1619/405 565/1620/405
f 568/1621/406 567/1622/406 569/1623/406 570/1624/406
f 568/1625/407 564/1626/407 563/1627/407 567/1628/407
f 567/1629/408 563/1630/408 565/1631/408 569/1632/408
f 564/1633/409 568/1634/409 570/1635/409 566/1636/409
usemtl common_copper_cable
f 560/1637/410 571/1638/410 573/1639/410 572/1640/410
f 574/1641/411 559/1642/411 575/1643/411 576/1644/411
f 575/1645/412 572/1646/412 573/1647/412 576/1648/412
f 559/1649/413 560/1650/413 572/1651/413 575/1652/413
f 571/1653/414 574/1654/414 576/1655/414 573/1656/414
f 555/1657/415 577/1658/415 578/1659/415 556/1660/415
f 574/1661/416 577/1662/416 555/1663/416 559/1664/416
f 560/1665/417 556/1666/417 578/1667/417 571/1668/417
f 577/1669/418 574/1670/418 571/1671/418 578/1672/418
usemtl common_thingies
f 579/1673/419 580/1674/419 582/1675/419 581/1676/419
f 584/1677/420 583/1678/420 585/1679/420 586/1680/420
f 584/1681/421 580/1682/421 579/1683/421 583/1684/421
f 583/1685/422 579/1686/422 581/1687/422 585/1688/422
usemtl projectile_workshop
f 587/1689/423 588/1690/423 590/1691/423 589/1692/423
f 592/1693/424 591/1694/424 593/1695/424 594/1696/424
f 592/1697/425 588/1698/425 587/1699/425 591/1700/425
f 593/1701/426 589/1702/426 590/1703/426 594/1704/426
f 588/1705/427 592/1706/427 594/1707/427 590/1708/427
f 601/1709/428 599/1710/428 600/1711/428 602/1712/428
f 595/1713/429 596/1714/429 600/1715/429 599/1716/429
f 597/1717/430 595/1718/430 599/1719/430 601/1720/430
f 602/1721/431 600/1722/431 596/1723/431 598/1724/431
f 605/1725/432 601/1726/432 602/1727/432 606/1728/432
f 603/1729/433 597/1730/433 601/1731/433 605/1732/433
f 606/1733/434 602/1734/434 598/1735/434 604/1736/434
f 609/1737/435 607/1738/435 161/1739/435 608/1740/435
f 462/1741/436 460/1742/436 610/1743/436 611/1744/436
f 161/1745/437 607/1746/437 610/1747/437 460/1748/437
f 608/1749/438 161/1750/438 460/1751/438 462/1752/438
f 611/1753/439 610/1754/439 607/1755/439 609/1756/439
f 612/1757/440 609/1758/440 608/1759/440 160/1760/440
f 613/1761/441 462/1762/441 611/1763/441 614/1764/441
f 612/1765/442 160/1766/442 613/1767/442 614/1768/442
f 160/1769/443 608/1770/443 462/1771/443 613/1772/443
f 614/1773/444 611/1774/444 609/1775/444 612/1776/444
f 615/1777/445 616/1778/445 618/1779/445 617/1780/445
f 620/1781/446 619/1782/446 621/1783/446 622/1784/446
f 620/1785/447 616/1786/447 615/1787/447 619/1788/447
f 621/1789/448 617/1790/448 618/1791/448 622/1792/448
f 616/1793/449 620/1794/449 622/1795/449 618/1796/449
f 467/1797/450 623/1798/450 625/1799/450 624/1800/450
f 627/1801/451 626/1802/451 628/1803/451 629/1804/451
f 627/1805/452 623/1806/452 467/1807/452 626/1808/452
f 628/1809/453 624/1810/453 625/1811/453 629/1812/453
f 623/1813/454 627/1814/454 629/1815/454 625/1816/454
usemtl common_copper_cable
f 630/1817/455 631/1818/455 633/1819/455 632/1820/455
f 635/1821/456 634/1822/456 621/1823/456 636/1824/456
f 631/1825/457 635/1826/457 636/1827/457 633/1828/457
usemtl common_thingies
f 637/1829/458 638/1830/458 640/1831/458 639/1832/458
f 642/1833/459 641/1834/459 643/1835/459 644/1836/459
f 642/1837/460 638/1838/460 637/1839/460 641/1840/460
f 643/1841/461 639/1842/461 640/1843/461 644/1844/461
f 638/1845/462 642/1846/462 644/1847/462 640/1848/462
f 650/1849/463 649/1850/463 651/1851/463 652/1852/463
f 650/1853/464 646/1854/464 645/1855/464 649/1856/464
f 651/1857/465 647/1858/465 648/1859/465 652/1860/465
f 649/1861/466 645/1862/466 647/1863/466 651/1864/466
f 645/1865/467 646/1866/467 648/1867/467 647/1868/467
f 653/1869/468 654/1870/468 656/1871/468 655/1872/468
f 648/1873/469 647/1874/469 657/1875/469 658/1876/469
f 648/1877/470 654/1878/470 653/1879/470 647/1880/470
f 657/1881/471 655/1882/471 656/1883/471 658/1884/471
f 647/1885/472 653/1886/472 655/1887/472 657/1888/472
f 664/1889/473 663/1890/473 665/1891/473 666/1892/473
f 664/1893/474 660/1894/474 659/1895/474 663/1896/474
f 665/1897/475 661/1898/475 662/1899/475 666/1900/475
f 663/1901/476 659/1902/476 661/1903/476 665/1904/476
f 659/1905/477 660/1906/477 662/1907/477 661/1908/477
usemtl common_copper_cable
f 667/1909/478 668/1910/478 670/1911/478 669/1912/478
f 672/1913/479 671/1914/479 673/1915/479 674/1916/479
f 671/1917/480 667/1918/480 669/1919/480 673/1920/480
f 668/1921/481 672/1922/481 674/1923/481 670/1924/481
usemtl common_thingies
f 675/1925/482 676/1926/482 678/1927/482 677/1928/482
f 680/1929/483 679/1930/483 681/1931/483 682/1932/483
f 680/1933/484 676/1934/484 675/1935/484 679/1936/484
f 681/1937/485 677/1938/485 678/1939/485 682/1940/485
f 676/1941/486 680/1942/486 682/1943/486 678/1944/486
usemtl common_copper_cable
f 683/1945/487 684/1946/487 686/1947/487 685/1948/487
f 688/1949/488 687/1950/488 689/1951/488 690/1952/488
f 687/1953/489 683/1954/489 685/1955/489 689/1956/489
f 684/1957/490 688/1958/490 690/1959/490 686/1960/490
f 696/1961/491 695/1962/491 697/1963/491 698/1964/491
f 696/1965/492 692/1966/492 691/1967/492 695/1968/492
f 695/1969/493 691/1970/493 693/1971/493 697/1972/493
f 692/1973/494 696/1974/494 698/1975/494 694/1976/494
f 699/1977/495 700/1978/495 692/1979/495 694/1980/495
f 702/1981/496 701/1982/496 693/1983/496 691/1984/496
f 701/1985/497 699/1986/497 694/1987/497 693/1988/497
f 700/1989/498 702/1990/498 691/1991/498 692/1992/498
f 704/1993/499 703/1994/499 705/1995/499 706/1996/499
f 704/1997/500 683/1998/500 687/1999/500 703/2000/500
f 703/2001/501 687/2002/501 688/2003/501 705/2004/501
f 683/2005/502 704/2006/502 706/2007/502 684/2008/502
f 705/2009/503 693/2010/503 694/2011/503 706/2012/503
f 697/2013/504 688/2014/504 684/2015/504 698/2016/504
f 697/2017/505 693/2018/505 705/2019/505 688/2020/505
f 684/2021/506 706/2022/506 694/2023/506 698/2024/506
usemtl projectile_workshop
f 707/2024/507 708/2025/507 711/2026/507 707/2027/507
f 160/2027/508 709/2028/508 710/2029/508 160/2030/508
f 711/2031/509 707/2032/509 709/2033/509 160/2034/509
f 712/2034/510 713/2035/510 714/2036/510 712/2037/510
f 708/2038/511 713/2039/511 712/2040/511 707/2041/511
f 709/2041/512 714/2042/512 710/2043/512 709/2044/512
f 707/2045/513 712/2046/513 714/2047/513 709/2048/513
f 720/2049/514 719/2050/514 441/2051/514 443/2052/514
f 715/2053/515 716/2054/515 441/2055/515 719/2056/515
f 717/2057/516 715/2058/516 719/2059/516 720/2060/516
f 443/2061/517 441/2062/517 716/2063/517 718/2064/517
f 714/2065/518 718/2066/518 717/2067/518 16/2068/518
f 15/2069/519 720/2070/519 443/2071/519 721/2072/519
f 714/2073/520 16/2074/520 15/2075/520 721/2076/520
f 16/2077/521 717/2078/521 720/2079/521 15/2080/521
f 721/2081/522 443/2082/522 718/2083/522 714/2084/522
usemtl conveyor
f 725/2085/523 723/2086/523 722/2087/523 724/2088/523
usemtl projectile_workshop
f 729/2089/524 730/2090/524 727/2091/524 728/2092/524
f 731/2093/525 729/2094/525 728/2095/525 726/2096/525
f 730/2097/526 732/2098/526 138/2099/526 727/2100/526
f 732/2101/527 154/2102/527 146/2103/527 138/2104/527
f 733/2105/528 734/2106/528 732/2107/528 730/2108/528
f 153/2109/529 734/2110/529 733/2111/529 735/2112/529
f 734/2113/530 153/2114/530 154/2115/530 732/2116/530
f 736/2117/531 733/2118/531 730/2119/531 729/2120/531
f 735/2121/532 733/2122/532 736/2123/532 737/2124/532
f 737/2125/533 736/2126/533 729/2127/533 731/2128/533
usemtl common_steel
f 312/2129/534 308/2130/534 307/2131/534 311/2132/534
f 302/2133/535 299/2134/535 300/2135/535 303/2136/535
f 323/2137/536 320/2138/536 285/2139/536 324/2140/536
f 337/2141/537 333/2142/537 332/2143/537 336/2144/537
f 341/2145/538 339/2146/538 338/2147/538 340/2148/538
f 319/2149/539 316/2150/539 315/2151/539 318/2152/539
f 329/2153/540 327/2154/540 328/2155/540 330/2156/540
f 350/2157/541 347/2158/541 346/2159/541 349/2160/541
usemtl projectile_workshop
f 708/2161/542 707/2162/542 709/2163/542 710/2164/542
usemtl common_steel
f 744/2165/543 742/2166/543 743/2167/543 739/2168/543
f 740/2169/544 738/2170/544 739/2171/544 741/2172/544
usemtl conveyor
f 746/2173/545 748/2174/545 747/2175/545 723/2176/545
f 748/2177/546 746/2178/546 76/2179/546 745/2180/546
usemtl common_steel
f 750/2181/547 1089/2182/547 745/2183/547 384/2184/547
f 750/2185/548 749/2186/548 1088/2187/548 1089/2188/548
f 749/2189/549 750/2190/549 384/2191/549 614/2192/549
usemtl common_rough_steel
f 751/2193/550 112/2194/550 113/2195/550 752/2196/550
f 768/2197/551 771/2198/551 770/2199/551 760/2200/551
f 159/2201/552 754/2202/552 755/2203/552 158/2204/552
f 158/2205/553 755/2206/553 756/2207/553 166/2208/553
usemtl common_steel
f 766/2209/554 773/2210/554 772/2211/554 767/2212/554
f 167/2213/555 757/2214/555 758/2215/555 168/2216/555
f 160/2217/556 759/2218/556 753/2219/556 161/2220/556
usemtl common_rough_steel
f 156/2221/557 780/2222/557 779/2223/557 761/2224/557
usemtl common_steel
f 156/2225/558 761/2226/558 762/2227/558 172/2228/558
f 172/2229/559 762/2230/559 763/2231/559 171/2232/559
f 171/2233/560 763/2234/560 764/2235/560 177/2236/560
f 177/2237/561 764/2238/561 765/2239/561 165/2240/561
f 765/2241/562 783/2242/562 782/2243/562 165/2244/562
f 756/2245/563 766/2246/563 767/2247/563 166/2248/563
usemtl common_rough_steel
f 159/2249/564 768/2250/564 760/2251/564 754/2252/564
f 769/2253/565 778/2254/565 786/2255/565 162/2256/565
f 753/2257/566 770/2258/566 771/2259/566 161/2260/566
usemtl common_steel
f 166/2261/567 167/2262/567 163/2263/567 158/2264/567
f 167/2265/568 772/2266/568 773/2267/568 757/2268/568
f 170/2269/569 785/2270/569 784/2271/569 774/2272/569
f 170/2273/570 774/2274/570 775/2275/570 178/2276/570
f 178/2277/571 775/2278/571 776/2279/571 176/2280/571
f 176/2281/572 776/2282/572 777/2283/572 175/2284/572
f 175/2285/573 777/2286/573 769/2287/573 162/2288/573
usemtl common_rough_steel
f 760/2289/574 779/2290/574 780/2291/574 754/2292/574
f 754/2293/575 780/2294/575 781/2295/575 755/2296/575
f 755/2297/576 781/2298/576 782/2299/576 756/2300/576
usemtl common_steel
f 756/2301/577 782/2302/577 783/2303/577 766/2304/577
f 766/2305/578 783/2306/578 784/2307/578 773/2308/578
f 773/2309/579 784/2310/579 785/2311/579 757/2312/579
f 169/2313/580 758/2314/580 757/2315/580 170/2316/580
usemtl common_rough_steel
f 753/2317/581 786/2318/581 778/2319/581 770/2320/581
usemtl common_steel
f 759/2321/582 787/2322/582 786/2323/582 753/2324/582
usemtl projectile_workshop
f 779/2325/583 760/2326/583 770/2327/583 778/2328/583
usemtl common_rough_steel
f 791/2329/584 792/2330/584 793/2331/584 789/2332/584
f 788/2333/585 793/2334/585 792/2335/585 790/2336/585
usemtl common_steel
f 794/2337/586 795/2338/586 799/2339/586 798/2340/586
f 796/2341/587 794/2342/587 798/2343/587 800/2344/587
f 801/2345/588 799/2346/588 795/2347/588 797/2348/588
usemtl conveyor
f 802/2349/589 803/2350/589 806/2351/589 805/2352/589
f 807/2353/590 806/2354/590 803/2355/590 804/2356/590
f 808/2357/591 116/2358/591 803/2359/591 802/2360/591
f 804/2361/592 803/2362/592 116/2363/592 809/2364/592
usemtl projectile_workshop
f 813/2365/593 812/2366/593 810/2367/593 811/2368/593
f 811/2369/594 810/2370/594 814/2371/594 815/2372/594
f 815/2373/595 814/2374/595 816/2375/595 817/2376/595
f 821/2377/596 819/2378/596 818/2379/596 820/2380/596
f 820/2381/597 818/2382/597 822/2383/597 823/2384/597
f 824/2385/598 819/2386/598 826/2387/598 825/2388/598
f 823/2389/599 822/2390/599 812/2391/599 813/2392/599
f 830/2393/600 828/2394/600 827/2395/600 829/2396/600
f 833/2397/601 831/2398/601 832/2399/601 834/2400/601
f 834/2401/602 832/2402/602 828/2403/602 830/2404/602
f 838/2405/603 836/2406/603 835/2407/603 837/2408/603
f 841/2409/604 839/2410/604 840/2411/604 842/2412/604
f 837/2413/605 835/2414/605 839/2415/605 841/2416/605
f 842/2417/606 840/2418/606 836/2419/606 838/2420/606
f 846/2421/607 844/2422/607 843/2423/607 845/2424/607
f 849/2425/608 847/2426/608 848/2427/608 850/2428/608
f 845/2429/609 843/2430/609 847/2431/609 849/2432/609
f 850/2433/610 848/2434/610 844/2435/610 846/2436/610
f 854/2437/611 852/2438/611 851/2439/611 853/2440/611
f 857/2441/612 855/2442/612 856/2443/612 858/2444/612
f 853/2445/613 851/2446/613 855/2447/613 857/2448/613
f 858/2449/614 856/2450/614 852/2451/614 854/2452/614
f 862/2453/615 860/2454/615 859/2455/615 861/2456/615
f 865/2457/616 863/2458/616 864/2459/616 866/2460/616
f 861/2461/617 859/2462/617 863/2463/617 865/2464/617
f 814/2465/618 819/2466/618 824/2467/618 867/2468/618
f 867/2469/619 824/2470/619 825/2471/619 868/2472/619
f 816/2473/620 826/2474/620 819/2475/620 814/2476/620
f 816/2477/621 814/2478/621 867/2479/621 868/2480/621
f 869/2481/622 826/2482/622 819/2483/622 821/2484/622
f 823/2485/623 871/2486/623 870/2487/623 820/2488/623
f 820/2489/624 870/2490/624 872/2491/624 821/2492/624
f 821/2493/625 872/2494/625 873/2495/625 869/2496/625
f 815/2497/626 875/2498/626 874/2499/626 811/2500/626
f 811/2501/627 874/2502/627 876/2503/627 813/2504/627
f 877/2505/628 875/2506/628 879/2507/628 878/2508/628
f 813/2509/629 876/2510/629 871/2511/629 823/2512/629
f 861/2513/630 881/2514/630 880/2515/630 862/2516/630
f 866/2517/631 882/2518/631 883/2519/631 865/2520/631
f 865/2521/632 883/2522/632 881/2523/632 861/2524/632
f 853/2525/633 885/2526/633 884/2527/633 854/2528/633
f 858/2529/634 886/2530/634 887/2531/634 857/2532/634
f 854/2533/635 884/2534/635 886/2535/635 858/2536/635
f 857/2537/636 887/2538/636 885/2539/636 853/2540/636
f 845/2541/637 889/2542/637 888/2543/637 846/2544/637
f 850/2545/638 890/2546/638 891/2547/638 849/2548/638
f 846/2549/639 888/2550/639 890/2551/639 850/2552/639
f 849/2553/640 891/2554/640 889/2555/640 845/2556/640
f 837/2557/641 893/2558/641 892/2559/641 838/2560/641
f 842/2561/642 894/2562/642 895/2563/642 841/2564/642
f 838/2565/643 892/2566/643 894/2567/643 842/2568/643
f 841/2569/644 895/2570/644 893/2571/644 837/2572/644
f 829/2573/645 897/2574/645 896/2575/645 830/2576/645
f 834/2577/646 898/2578/646 899/2579/646 833/2580/646
f 830/2581/647 896/2582/647 898/2583/647 834/2584/647
f 872/2585/648 875/2586/648 877/2587/648 801/2588/648
f 900/2589/649 878/2590/649 879/2591/649 873/2592/649
f 801/2593/650 877/2594/650 878/2595/650 900/2596/650
f 873/2597/651 879/2598/651 875/2599/651 872/2600/651
f 873/2601/652 872/2602/652 801/2603/652 900/2604/652
f 817/2605/653 879/2606/653 875/2607/653 815/2608/653
f 904/2609/654 903/2610/654 901/2611/654 902/2612/654
f 902/2613/655 901/2614/655 905/2615/655 906/2616/655
f 906/2617/656 905/2618/656 907/2619/656 908/2620/656
f 912/2621/657 910/2622/657 909/2623/657 911/2624/657
f 911/2625/658 909/2626/658 913/2627/658 914/2628/658
f 915/2629/659 910/2630/659 917/2631/659 916/2632/659
f 914/2633/660 913/2634/660 903/2635/660 904/2636/660
f 921/2637/661 919/2638/661 918/2639/661 920/2640/661
f 924/2641/662 922/2642/662 923/2643/662 925/2644/662
f 925/2645/663 923/2646/663 919/2647/663 921/2648/663
f 929/2649/664 927/2650/664 926/2651/664 928/2652/664
f 932/2653/665 930/2654/665 931/2655/665 933/2656/665
f 928/2657/666 926/2658/666 930/2659/666 932/2660/666
f 933/2661/667 931/2662/667 927/2663/667 929/2664/667
f 937/2665/668 935/2666/668 934/2667/668 936/2668/668
f 940/2669/669 938/2670/669 939/2671/669 941/2672/669
f 936/2673/670 934/2674/670 938/2675/670 940/2676/670
f 941/2677/671 939/2678/671 935/2679/671 937/2680/671
f 945/2681/672 943/2682/672 942/2683/672 944/2684/672
f 948/2685/673 946/2686/673 947/2687/673 949/2688/673
f 944/2689/674 942/2690/674 946/2691/674 948/2692/674
f 949/2693/675 947/2694/675 943/2695/675 945/2696/675
f 953/2697/676 951/2698/676 950/2699/676 952/2700/676
f 956/2701/677 954/2702/677 955/2703/677 957/2704/677
f 952/2705/678 950/2706/678 954/2707/678 956/2708/678
f 905/2709/679 910/2710/679 915/2711/679 958/2712/679
f 958/2713/680 915/2714/680 916/2715/680 959/2716/680
f 907/2717/681 917/2718/681 910/2719/681 905/2720/681
f 907/2721/682 905/2722/682 958/2723/682 959/2724/682
f 960/2725/683 917/2726/683 910/2727/683 912/2728/683
f 914/2729/684 962/2730/684 961/2731/684 911/2732/684
f 911/2733/685 961/2734/685 963/2735/685 912/2736/685
f 912/2737/686 963/2738/686 964/2739/686 960/2740/686
f 906/2741/687 966/2742/687 965/2743/687 902/2744/687
f 902/2745/688 965/2746/688 967/2747/688 904/2748/688
f 797/2749/689 966/2750/689 969/2751/689 968/2752/689
f 904/2753/690 967/2754/690 962/2755/690 914/2756/690
f 952/2757/691 971/2758/691 970/2759/691 953/2760/691
f 957/2761/692 972/2762/692 973/2763/692 956/2764/692
f 956/2765/693 973/2766/693 971/2767/693 952/2768/693
f 944/2769/694 975/2770/694 974/2771/694 945/2772/694
f 949/2773/695 976/2774/695 977/2775/695 948/2776/695
f 945/2777/696 974/2778/696 976/2779/696 949/2780/696
f 948/2781/697 977/2782/697 975/2783/697 944/2784/697
f 936/2785/698 979/2786/698 978/2787/698 937/2788/698
f 941/2789/699 980/2790/699 981/2791/699 940/2792/699
f 937/2793/700 978/2794/700 980/2795/700 941/2796/700
f 940/2797/701 981/2798/701 979/2799/701 936/2800/701
f 928/2801/702 983/2802/702 982/2803/702 929/2804/702
f 933/2805/703 984/2806/703 985/2807/703 932/2808/703
f 929/2809/704 982/2810/704 984/2811/704 933/2812/704
f 932/2813/705 985/2814/705 983/2815/705 928/2816/705
f 920/2817/706 987/2818/706 986/2819/706 921/2820/706
f 925/2821/707 988/2822/707 989/2823/707 924/2824/707
f 921/2825/708 986/2826/708 988/2827/708 925/2828/708
f 963/2829/709 966/2830/709 797/2831/709 990/2832/709
f 991/2833/710 968/2834/710 969/2835/710 964/2836/710
f 990/2837/711 797/2838/711 968/2839/711 991/2840/711
f 964/2841/712 969/2842/712 966/2843/712 963/2844/712
f 964/2845/713 963/2846/713 990/2847/713 991/2848/713
f 908/2849/714 969/2850/714 966/2851/714 906/2852/714
usemtl common_steel
f 992/2853/715 993/2854/715 996/2855/715 995/2856/715
f 990/2857/716 992/2858/716 995/2859/716 997/2860/716
f 998/2861/717 996/2862/717 993/2863/717 994/2864/717
usemtl projectile_workshop
f 154/2865/718 999/2866/718 1000/2867/718 146/2868/718
f 153/2869/719 1001/2870/719 999/2871/719 154/2872/719
f 1002/2873/720 130/2874/720 1004/2875/720 1003/2876/720
f 1005/2877/721 1006/2878/721 1008/2879/721 1007/2880/721
f 1010/2881/722 1009/2882/722 1011/2883/722 1012/2884/722
f 1009/2885/723 1005/2886/723 1007/2887/723 1011/2888/723
f 1006/2889/724 1010/2890/724 1012/2891/724 1008/2892/724
f 1013/2893/725 1014/2894/725 1009/2895/725 1010/2896/725
f 1016/2897/726 1015/2898/726 1006/2899/726 1005/2900/726
usemtl common_thingies
f 1016/2901/727 1014/2902/727 1013/2903/727 1015/2904/727
usemtl projectile_workshop
f 1015/2905/728 1013/2906/728 1010/2907/728 1006/2908/728
f 1014/2909/729 1016/2910/729 1005/2911/729 1009/2912/729
usemtl common_rough_steel
f 1031/2913/730 1032/2914/730 1018/2915/730 1026/2916/730
f 1033/2917/731 1028/2918/731 1025/2919/731 1021/2920/731
f 1036/2921/732 1037/2922/732 1033/2923/732 1021/2924/732
f 1034/2925/733 1035/2926/733 1023/2927/733 1029/2928/733
f 1038/2929/734 1039/2930/734 1024/2931/734 1020/2932/734
f 1028/2933/735 1029/2934/735 1023/2935/735 1025/2936/735
f 1030/2937/736 1031/2938/736 1026/2939/736 165/2940/736
f 1039/2941/737 1040/2942/737 1022/2943/737 1024/2944/737
f 1029/2945/738 1028/2946/738 1024/2947/738 1022/2948/738
f 1040/2949/739 1034/2950/739 1029/2951/739 1022/2952/739
f 1031/2953/740 1030/2954/740 1019/2955/740 1027/2956/740
f 1032/2957/741 1031/2958/741 1027/2959/741 1017/2960/741
f 1037/2961/742 1038/2962/742 1020/2963/742 1033/2964/742
f 1028/2965/743 1033/2966/743 1020/2967/743 1024/2968/743
f 1035/2969/744 1034/2970/744 1030/2971/744 165/2972/744
f 1037/2973/745 1036/2974/745 1018/2975/745 1032/2976/745
f 1038/2977/746 1037/2978/746 1032/2979/746 1017/2980/746
f 1039/2981/747 1038/2982/747 1017/2983/747 1027/2984/747
f 1040/2985/748 1039/2986/748 1027/2987/748 1019/2988/748
f 1034/2989/749 1040/2990/749 1019/2991/749 1030/2992/749
usemtl common_copper_cable
f 1042/2993/750 1041/2994/750 1048/2995/750 1045/2996/750
f 1044/2997/751 1043/2998/751 1046/2999/751 1047/3000/751
f 1046/3001/752 1045/3002/752 1048/3003/752 1047/3004/752
f 1043/3005/753 1042/3006/753 1045/3007/753 1046/3008/753
f 1044/3009/754 1049/3010/754 1050/3011/754 1043/3012/754
f 1043/3013/755 1050/3014/755 1051/3015/755 1042/3016/755
f 1042/3017/756 1051/3018/756 1052/3019/756 1041/3020/756
f 1056/3021/757 1063/3022/757 1062/3023/757 1061/3024/757
f 1057/3025/758 1053/3026/758 1059/3027/758 1060/3028/758
f 1059/3029/759 1061/3030/759 1062/3031/759 1060/3032/759
f 1053/3033/760 1056/3034/760 1061/3035/760 1059/3036/760
f 1057/3037/761 1058/3038/761 1054/3039/761 1053/3040/761
f 1053/3041/762 1054/3042/762 1055/3043/762 1056/3044/762
f 1056/3045/763 1055/3046/763 1064/3047/763 1063/3048/763
usemtl projectile_workshop
f 830/3049/764 829/3050/764 833/3051/764 834/3052/764
f 838/3053/765 837/3054/765 841/3055/765 842/3056/765
f 846/3057/766 845/3058/766 849/3059/766 850/3060/766
f 854/3061/767 853/3062/767 857/3063/767 858/3064/767
f 862/3065/768 861/3066/768 865/3067/768 866/3068/768
f 921/3069/769 920/3070/769 924/3071/769 925/3072/769
f 929/3073/770 928/3074/770 932/3075/770 933/3076/770
f 937/3077/771 936/3078/771 940/3079/771 941/3080/771
f 945/3081/772 944/3082/772 948/3083/772 949/3084/772
f 953/3085/773 952/3086/773 956/3087/773 957/3088/773
usemtl common_steel
f 161/3089/774 159/3090/774 158/3091/774 163/3092/774
f 1068/3093/775 1074/3094/775 1073/3095/775 1066/3096/775
f 1070/3097/776 1075/3098/776 1076/3099/776 1072/3100/776
f 1073/3101/777 1079/3102/777 1080/3103/777 1066/3104/777
f 1067/3105/778 1078/3106/778 1077/3107/778 1065/3108/778
f 1065/3109/779 1073/3110/779 1074/3111/779 1067/3112/779
f 1065/3113/780 1077/3114/780 1079/3115/780 1073/3116/780
f 1071/3117/781 1076/3118/781 1075/3119/781 1069/3120/781
f 1069/3121/782 1077/3122/782 1078/3123/782 1071/3124/782
f 1075/3125/783 1079/3126/783 1077/3127/783 1069/3128/783
f 1070/3129/784 1080/3130/784 1079/3131/784 1075/3132/784
f 1072/3133/785 1081/3134/785 1080/3135/785 1070/3136/785
usemtl common_rough_steel
f 1083/3137/786 1084/3138/786 1086/3139/786 1087/3140/786
f 1084/3141/787 1083/3142/787 1082/3143/787 1085/3144/787
usemtl common_steel
f 1090/3145/788 1089/3146/788 1088/3147/788 1091/3148/788
o lid1
v 2 0.6906 -1
v 2 0.6906 -1.0625
v 2 -0.0594 -1
v 2 -0.0594 -1.0625
v 1 0.6906 -1
v 1 0.6906 -1.0625
v 1 -0.0594 -1
v 1 -0.0594 -1.0625
v 1.5625 0.4375 -1.0625
v 1.5625 0.4375 -1.125
v 1.5625 0.3125 -1.0625
v 1.5625 0.3125 -1.125
v 1.4375 0.4375 -1.0625
v 1.4375 0.4375 -1.125
v 1.4375 0.3125 -1.0625
v 1.4375 0.3125 -1.125
vt 0.75 0.5156
vt 0.75 0.7031
vt 0.7344 0.7031
vt 0.7344 0.5156
vt 1 0.5156
vt 1 0.7031
vt 0.9844 0.7031
vt 0.9844 0.5156
vt 1 0.6875
vt 1 0.7031
vt 0.75 0.7031
vt 0.75 0.6875
vt 1 0.5156
vt 1 0.5313
vt 0.75 0.5313
vt 0.75 0.5156
vt 1 0.5156
vt 1 0.7031
vt 0.75 0.7031
vt 0.75 0.5156
vt 1 0.5156
vt 1 0.7031
vt 0.75 0.7031
vt 0.75 0.5156
vt 0.1875 0.9375
vt 0.1875 0.9688
vt 0.1719 0.9688
vt 0.1719 0.9375
vt 0.2031 0.9375
vt 0.2031 0.9688
vt 0.1875 0.9688
vt 0.1875 0.9375
vt 0.1719 0.9688
vt 0.1719 0.9531
vt 0.2031 0.9531
vt 0.2031 0.9688
vt 0.1719 0.9531
vt 0.1719 0.9375
vt 0.2031 0.9375
vt 0.2031 0.9531
vt 0.2031 0.9375
vt 0.2031 0.9688
vt 0.1719 0.9688
vt 0.1719 0.9375
vn 1 0 0
vn -1 0 0
vn 0 1 0
vn 0 -1 0
vn 0 0 1
vn 0 0 -1
vn 1 0 0
vn -1 0 0
vn 0 1 0
vn 0 -1 0
vn 0 0 -1
usemtl projectile_workshop
f 1095/3149/789 1093/3150/789 1092/3151/789 1094/3152/789
f 1098/3153/790 1096/3154/790 1097/3155/790 1099/3156/790
f 1092/3157/791 1093/3158/791 1097/3159/791 1096/3160/791
f 1095/3161/792 1094/3162/792 1098/3163/792 1099/3164/792
f 1094/3165/793 1092/3166/793 1096/3167/793 1098/3168/793
f 1099/3169/794 1097/3170/794 1093/3171/794 1095/3172/794
usemtl common_bottom
f 1103/3173/795 1101/3174/795 1100/3175/795 1102/3176/795
f 1106/3177/796 1104/3178/796 1105/3179/796 1107/3180/796
f 1100/3181/797 1101/3182/797 1105/3183/797 1104/3184/797
f 1103/3185/798 1102/3186/798 1106/3187/798 1107/3188/798
f 1107/3189/799 1105/3190/799 1101/3191/799 1103/3192/799
o lid2
v 1 0.6906 -1
v 1 0.6906 -1.0625
v 1 -0.0594 -1
v 1 -0.0594 -1.0625
v 0 0.6906 -1
v 0 0.6906 -1.0625
v 0 -0.0594 -1
v 0 -0.0594 -1.0625
v 0.5625 0.4375 -1.0625
v 0.5625 0.4375 -1.125
v 0.5625 0.3125 -1.0625
v 0.5625 0.3125 -1.125
v 0.4375 0.4375 -1.0625
v 0.4375 0.4375 -1.125
v 0.4375 0.3125 -1.0625
v 0.4375 0.3125 -1.125
vt 0.75 0.5156
vt 0.75 0.7031
vt 0.7344 0.7031
vt 0.7344 0.5156
vt 1 0.5156
vt 1 0.7031
vt 0.9844 0.7031
vt 0.9844 0.5156
vt 1 0.6875
vt 1 0.7031
vt 0.75 0.7031
vt 0.75 0.6875
vt 1 0.5156
vt 1 0.5313
vt 0.75 0.5313
vt 0.75 0.5156
vt 1 0.5156
vt 1 0.7031
vt 0.75 0.7031
vt 0.75 0.5156
vt 1 0.5156
vt 1 0.7031
vt 0.75 0.7031
vt 0.75 0.5156
vt 0.1875 0.9375
vt 0.1875 0.9688
vt 0.1719 0.9688
vt 0.1719 0.9375
vt 0.2031 0.9375
vt 0.2031 0.9688
vt 0.1875 0.9688
vt 0.1875 0.9375
vt 0.1719 0.9688
vt 0.1719 0.9531
vt 0.2031 0.9531
vt 0.2031 0.9688
vt 0.1719 0.9531
vt 0.1719 0.9375
vt 0.2031 0.9375
vt 0.2031 0.9531
vt 0.2031 0.9375
vt 0.2031 0.9688
vt 0.1719 0.9688
vt 0.1719 0.9375
vn 1 0 0
vn -1 0 0
vn 0 1 0
vn 0 -1 0
vn 0 0 1
vn 0 0 -1
vn 1 0 0
vn -1 0 0
vn 0 1 0
vn 0 -1 0
vn 0 0 -1
usemtl projectile_workshop
f 1111/3193/800 1109/3194/800 1108/3195/800 1110/3196/800
f 1114/3197/801 1112/3198/801 1113/3199/801 1115/3200/801
f 1108/3201/802 1109/3202/802 1113/3203/802 1112/3204/802
f 1111/3205/803 1110/3206/803 1114/3207/803 1115/3208/803
f 1110/3209/804 1108/3210/804 1112/3211/804 1114/3212/804
f 1115/3213/805 1113/3214/805 1109/3215/805 1111/3216/805
usemtl common_bottom
f 1119/3217/806 1117/3218/806 1116/3219/806 1118/3220/806
f 1122/3221/807 1120/3222/807 1121/3223/807 1123/3224/807
f 1116/3225/808 1117/3226/808 1121/3227/808 1120/3228/808
f 1119/3229/809 1118/3230/809 1122/3231/809 1123/3232/809
f 1123/3233/810 1121/3234/810 1117/3235/810 1119/3236/810